ano_eleicao,sg_uf,sg_partido_norm,limiar,C,k,proporcao,lista_sem_recursos,massa_financeira,empate_corte
2018,AC,AVANTE,50,9,3,0.3333333333333333,False,0.5429324067462903,True
2018,AC,AVANTE,60,9,4,0.4444444444444444,False,0.7239098756617206,True
2018,AC,AVANTE,70,9,4,0.4444444444444444,False,0.7239098756617206,True
2018,AC,AVANTE,80,9,5,0.5555555555555556,False,0.9048873445771506,False
2018,AC,AVANTE,90,9,5,0.5555555555555556,False,0.9048873445771506,False
2018,AC,AVANTE,95,9,6,0.6666666666666666,False,1.0,False
2018,AC,DC,50,3,1,0.3333333333333333,False,0.5098039215686274,False
2018,AC,DC,60,3,2,0.6666666666666666,False,0.7549019607843137,True
2018,AC,DC,70,3,2,0.6666666666666666,False,0.7549019607843137,True
2018,AC,DC,80,3,3,1.0,False,1.0,False
2018,AC,DC,90,3,3,1.0,False,1.0,False
2018,AC,DC,95,3,3,1.0,False,1.0,False
2018,AC,DEM,50,1,1,1.0,False,1.0,False
2018,AC,DEM,60,1,1,1.0,False,1.0,False
2018,AC,DEM,70,1,1,1.0,False,1.0,False
2018,AC,DEM,80,1,1,1.0,False,1.0,False
2018,AC,DEM,90,1,1,1.0,False,1.0,False
2018,AC,DEM,95,1,1,1.0,False,1.0,False
2018,AC,MDB,50,3,1,0.3333333333333333,False,0.546761803220427,False
2018,AC,MDB,60,3,2,0.6666666666666666,False,0.9850460646819214,False
2018,AC,MDB,70,3,2,0.6666666666666666,False,0.9850460646819214,False
2018,AC,MDB,80,3,2,0.6666666666666666,False,0.9850460646819214,False
2018,AC,MDB,90,3,2,0.6666666666666666,False,0.9850460646819214,False
2018,AC,MDB,95,3,2,0.6666666666666666,False,0.9850460646819214,False
2018,AC,PATRI,50,1,0,0.0,True,,False
2018,AC,PATRI,60,1,0,0.0,True,,False
2018,AC,PATRI,70,1,0,0.0,True,,False
2018,AC,PATRI,80,1,0,0.0,True,,False
2018,AC,PATRI,90,1,0,0.0,True,,False
2018,AC,PATRI,95,1,0,0.0,True,,False
2018,AC,PC DO B,50,1,1,1.0,False,1.0,False
2018,AC,PC DO B,60,1,1,1.0,False,1.0,False
2018,AC,PC DO B,70,1,1,1.0,False,1.0,False
2018,AC,PC DO B,80,1,1,1.0,False,1.0,False
2018,AC,PC DO B,90,1,1,1.0,False,1.0,False
2018,AC,PC DO B,95,1,1,1.0,False,1.0,False
2018,AC,PDT,50,16,3,0.1875,False,0.6203759409693157,False
2018,AC,PDT,60,16,3,0.1875,False,0.6203759409693157,False
2018,AC,PDT,70,16,5,0.3125,False,0.7703141555633196,False
2018,AC,PDT,80,16,6,0.375,False,0.8347700820735208,False
2018,AC,PDT,90,16,9,0.5625,False,0.9271011659317934,False
2018,AC,PDT,95,16,11,0.6875,False,0.963544075246484,False
2018,AC,PHS,50,2,1,0.5,False,0.7322007231335639,False
2018,AC,PHS,60,2,1,0.5,False,0.7322007231335639,False
2018,AC,PHS,70,2,1,0.5,False,0.7322007231335639,False
2018,AC,PHS,80,2,2,1.0,False,1.0,False
2018,AC,PHS,90,2,2,1.0,False,1.0,False
2018,AC,PHS,95,2,2,1.0,False,1.0,False
2018,AC,PMB,50,1,1,1.0,False,1.0,False
2018,AC,PMB,60,1,1,1.0,False,1.0,False
2018,AC,PMB,70,1,1,1.0,False,1.0,False
2018,AC,PMB,80,1,1,1.0,False,1.0,False
2018,AC,PMB,90,1,1,1.0,False,1.0,False
2018,AC,PMB,95,1,1,1.0,False,1.0,False
2018,AC,PMN,50,1,1,1.0,False,1.0,False
2018,AC,PMN,60,1,1,1.0,False,1.0,False
2018,AC,PMN,70,1,1,1.0,False,1.0,False
2018,AC,PMN,80,1,1,1.0,False,1.0,False
2018,AC,PMN,90,1,1,1.0,False,1.0,False
2018,AC,PMN,95,1,1,1.0,False,1.0,False
2018,AC,PODE,50,2,1,0.5,False,1.0,False
2018,AC,PODE,60,2,1,0.5,False,1.0,False
2018,AC,PODE,70,2,1,0.5,False,1.0,False
2018,AC,PODE,80,2,1,0.5,False,1.0,False
2018,AC,PODE,90,2,1,0.5,False,1.0,False
2018,AC,PODE,95,2,1,0.5,False,1.0,False
2018,AC,PP,50,3,1,0.3333333333333333,False,0.6217966173489455,False
2018,AC,PP,60,3,1,0.3333333333333333,False,0.6217966173489455,False
2018,AC,PP,70,3,2,0.6666666666666666,False,0.9243593234697891,False
2018,AC,PP,80,3,2,0.6666666666666666,False,0.9243593234697891,False
2018,AC,PP,90,3,2,0.6666666666666666,False,0.9243593234697891,False
2018,AC,PP,95,3,3,1.0,False,1.0,False
2018,AC,PPL,50,1,1,1.0,False,1.0,False
2018,AC,PPL,60,1,1,1.0,False,1.0,False
2018,AC,PPL,70,1,1,1.0,False,1.0,False
2018,AC,PPL,80,1,1,1.0,False,1.0,False
2018,AC,PPL,90,1,1,1.0,False,1.0,False
2018,AC,PPL,95,1,1,1.0,False,1.0,False
2018,AC,PPS,50,1,1,1.0,False,1.0,False
2018,AC,PPS,60,1,1,1.0,False,1.0,False
2018,AC,PPS,70,1,1,1.0,False,1.0,False
2018,AC,PPS,80,1,1,1.0,False,1.0,False
2018,AC,PPS,90,1,1,1.0,False,1.0,False
2018,AC,PPS,95,1,1,1.0,False,1.0,False
2018,AC,PR,50,1,1,1.0,False,1.0,False
2018,AC,PR,60,1,1,1.0,False,1.0,False
2018,AC,PR,70,1,1,1.0,False,1.0,False
2018,AC,PR,80,1,1,1.0,False,1.0,False
2018,AC,PR,90,1,1,1.0,False,1.0,False
2018,AC,PR,95,1,1,1.0,False,1.0,False
2018,AC,PROS,50,2,1,0.5,False,1.0,False
2018,AC,PROS,60,2,1,0.5,False,1.0,False
2018,AC,PROS,70,2,1,0.5,False,1.0,False
2018,AC,PROS,80,2,1,0.5,False,1.0,False
2018,AC,PROS,90,2,1,0.5,False,1.0,False
2018,AC,PROS,95,2,1,0.5,False,1.0,False
2018,AC,PRP,50,3,1,0.3333333333333333,False,0.5671990257750751,False
2018,AC,PRP,60,3,2,0.6666666666666666,False,0.9047958859163998,False
2018,AC,PRP,70,3,2,0.6666666666666666,False,0.9047958859163998,False
2018,AC,PRP,80,3,2,0.6666666666666666,False,0.9047958859163998,False
2018,AC,PRP,90,3,2,0.6666666666666666,False,0.9047958859163998,False
2018,AC,PRP,95,3,3,1.0,False,1.0,False
2018,AC,PRTB,50,2,1,0.5,False,1.0,False
2018,AC,PRTB,60,2,1,0.5,False,1.0,False
2018,AC,PRTB,70,2,1,0.5,False,1.0,False
2018,AC,PRTB,80,2,1,0.5,False,1.0,False
2018,AC,PRTB,90,2,1,0.5,False,1.0,False
2018,AC,PRTB,95,2,1,0.5,False,1.0,False
2018,AC,PSB,50,1,1,1.0,False,1.0,False
2018,AC,PSB,60,1,1,1.0,False,1.0,False
2018,AC,PSB,70,1,1,1.0,False,1.0,False
2018,AC,PSB,80,1,1,1.0,False,1.0,False
2018,AC,PSB,90,1,1,1.0,False,1.0,False
2018,AC,PSB,95,1,1,1.0,False,1.0,False
2018,AC,PSC,50,1,1,1.0,False,1.0,False
2018,AC,PSC,60,1,1,1.0,False,1.0,False
2018,AC,PSC,70,1,1,1.0,False,1.0,False
2018,AC,PSC,80,1,1,1.0,False,1.0,False
2018,AC,PSC,90,1,1,1.0,False,1.0,False
2018,AC,PSC,95,1,1,1.0,False,1.0,False
2018,AC,PSD,50,1,1,1.0,False,1.0,False
2018,AC,PSD,60,1,1,1.0,False,1.0,False
2018,AC,PSD,70,1,1,1.0,False,1.0,False
2018,AC,PSD,80,1,1,1.0,False,1.0,False
2018,AC,PSD,90,1,1,1.0,False,1.0,False
2018,AC,PSD,95,1,1,1.0,False,1.0,False
2018,AC,PSDB,50,1,1,1.0,False,1.0,False
2018,AC,PSDB,60,1,1,1.0,False,1.0,False
2018,AC,PSDB,70,1,1,1.0,False,1.0,False
2018,AC,PSDB,80,1,1,1.0,False,1.0,False
2018,AC,PSDB,90,1,1,1.0,False,1.0,False
2018,AC,PSDB,95,1,1,1.0,False,1.0,False
2018,AC,PSL,50,8,3,0.375,False,0.6759883542752069,False
2018,AC,PSL,60,8,3,0.375,False,0.6759883542752069,False
2018,AC,PSL,70,8,4,0.5,False,0.8988660741648788,False
2018,AC,PSL,80,8,4,0.5,False,0.8988660741648788,False
2018,AC,PSL,90,8,5,0.625,False,1.0,False
2018,AC,PSL,95,8,5,0.625,False,1.0,False
2018,AC,PSOL,50,4,2,0.5,False,0.648300390873174,False
2018,AC,PSOL,60,4,2,0.5,False,0.648300390873174,False
2018,AC,PSOL,70,4,3,0.75,False,0.8424794572299007,False
2018,AC,PSOL,80,4,3,0.75,False,0.8424794572299007,False
2018,AC,PSOL,90,4,4,1.0,False,1.0,False
2018,AC,PSOL,95,4,4,1.0,False,1.0,False
2018,AC,PT,50,5,2,0.4,False,0.6479481641468683,True
2018,AC,PT,60,5,2,0.4,False,0.6479481641468683,True
2018,AC,PT,70,5,3,0.6,False,0.9719222462203023,False
2018,AC,PT,80,5,3,0.6,False,0.9719222462203023,False
2018,AC,PT,90,5,3,0.6,False,0.9719222462203023,False
2018,AC,PT,95,5,3,0.6,False,0.9719222462203023,False
2018,AC,PTB,50,1,1,1.0,False,1.0,False
2018,AC,PTB,60,1,1,1.0,False,1.0,False
2018,AC,PTB,70,1,1,1.0,False,1.0,False
2018,AC,PTB,80,1,1,1.0,False,1.0,False
2018,AC,PTB,90,1,1,1.0,False,1.0,False
2018,AC,PTB,95,1,1,1.0,False,1.0,False
2018,AC,PTC,50,1,1,1.0,False,1.0,False
2018,AC,PTC,60,1,1,1.0,False,1.0,False
2018,AC,PTC,70,1,1,1.0,False,1.0,False
2018,AC,PTC,80,1,1,1.0,False,1.0,False
2018,AC,PTC,90,1,1,1.0,False,1.0,False
2018,AC,PTC,95,1,1,1.0,False,1.0,False
2018,AC,PV,50,2,1,0.5,False,0.8452121951336232,False
2018,AC,PV,60,2,1,0.5,False,0.8452121951336232,False
2018,AC,PV,70,2,1,0.5,False,0.8452121951336232,False
2018,AC,PV,80,2,1,0.5,False,0.8452121951336232,False
2018,AC,PV,90,2,2,1.0,False,1.0,False
2018,AC,PV,95,2,2,1.0,False,1.0,False
2018,AC,REDE,50,2,1,0.5,False,0.9958071278825996,False
2018,AC,REDE,60,2,1,0.5,False,0.9958071278825996,False
2018,AC,REDE,70,2,1,0.5,False,0.9958071278825996,False
2018,AC,REDE,80,2,1,0.5,False,0.9958071278825996,False
2018,AC,REDE,90,2,1,0.5,False,0.9958071278825996,False
2018,AC,REDE,95,2,1,0.5,False,0.9958071278825996,False
2018,AC,SOLIDARIEDADE,50,1,1,1.0,False,1.0,False
2018,AC,SOLIDARIEDADE,60,1,1,1.0,False,1.0,False
2018,AC,SOLIDARIEDADE,70,1,1,1.0,False,1.0,False
2018,AC,SOLIDARIEDADE,80,1,1,1.0,False,1.0,False
2018,AC,SOLIDARIEDADE,90,1,1,1.0,False,1.0,False
2018,AC,SOLIDARIEDADE,95,1,1,1.0,False,1.0,False
2018,AL,AVANTE,50,1,1,1.0,False,1.0,False
2018,AL,AVANTE,60,1,1,1.0,False,1.0,False
2018,AL,AVANTE,70,1,1,1.0,False,1.0,False
2018,AL,AVANTE,80,1,1,1.0,False,1.0,False
2018,AL,AVANTE,90,1,1,1.0,False,1.0,False
2018,AL,AVANTE,95,1,1,1.0,False,1.0,False
2018,AL,DC,50,2,1,0.5,False,0.6217020175892395,False
2018,AL,DC,60,2,1,0.5,False,0.6217020175892395,False
2018,AL,DC,70,2,2,1.0,False,1.0,False
2018,AL,DC,80,2,2,1.0,False,1.0,False
2018,AL,DC,90,2,2,1.0,False,1.0,False
2018,AL,DC,95,2,2,1.0,False,1.0,False
2018,AL,DEM,50,2,0,0.0,True,,False
2018,AL,DEM,60,2,0,0.0,True,,False
2018,AL,DEM,70,2,0,0.0,True,,False
2018,AL,DEM,80,2,0,0.0,True,,False
2018,AL,DEM,90,2,0,0.0,True,,False
2018,AL,DEM,95,2,0,0.0,True,,False
2018,AL,MDB,50,3,1,0.3333333333333333,False,0.5,True
2018,AL,MDB,60,3,2,0.6666666666666666,False,1.0,False
2018,AL,MDB,70,3,2,0.6666666666666666,False,1.0,False
2018,AL,MDB,80,3,2,0.6666666666666666,False,1.0,False
2018,AL,MDB,90,3,2,0.6666666666666666,False,1.0,False
2018,AL,MDB,95,3,2,0.6666666666666666,False,1.0,False
2018,AL,NOVO,50,3,1,0.3333333333333333,False,0.6208145608091792,False
2018,AL,NOVO,60,3,1,0.3333333333333333,False,0.6208145608091792,False
2018,AL,NOVO,70,3,2,0.6666666666666666,False,0.8104072804045895,True
2018,AL,NOVO,80,3,2,0.6666666666666666,False,0.8104072804045895,True
2018,AL,NOVO,90,3,3,1.0,False,1.0,False
2018,AL,NOVO,95,3,3,1.0,False,1.0,False
2018,AL,PATRI,50,3,0,0.0,True,,False
2018,AL,PATRI,60,3,0,0.0,True,,False
2018,AL,PATRI,70,3,0,0.0,True,,False
2018,AL,PATRI,80,3,0,0.0,True,,False
2018,AL,PATRI,90,3,0,0.0,True,,False
2018,AL,PATRI,95,3,0,0.0,True,,False
2018,AL,PC DO B,50,4,1,0.25,False,0.5715142776696566,False
2018,AL,PC DO B,60,4,2,0.5,False,0.8649266546409775,False
2018,AL,PC DO B,70,4,2,0.5,False,0.8649266546409775,False
2018,AL,PC DO B,80,4,2,0.5,False,0.8649266546409775,False
2018,AL,PC DO B,90,4,3,0.75,False,0.9800663372494175,False
2018,AL,PC DO B,95,4,3,0.75,False,0.9800663372494175,False
2018,AL,PDT,50,2,1,0.5,False,0.9230769230769231,False
2018,AL,PDT,60,2,1,0.5,False,0.9230769230769231,False
2018,AL,PDT,70,2,1,0.5,False,0.9230769230769231,False
2018,AL,PDT,80,2,1,0.5,False,0.9230769230769231,False
2018,AL,PDT,90,2,1,0.5,False,0.9230769230769231,False
2018,AL,PDT,95,2,2,1.0,False,1.0,False
2018,AL,PHS,50,6,2,0.3333333333333333,False,0.6331646457050928,False
2018,AL,PHS,60,6,2,0.3333333333333333,False,0.6331646457050928,False
2018,AL,PHS,70,6,3,0.5,False,0.7870015140939495,False
2018,AL,PHS,80,6,4,0.6666666666666666,False,0.9110331933796437,False
2018,AL,PHS,90,6,4,0.6666666666666666,False,0.9110331933796437,False
2018,AL,PHS,95,6,5,0.8333333333333334,False,1.0,False
2018,AL,PMN,50,1,1,1.0,False,1.0,False
2018,AL,PMN,60,1,1,1.0,False,1.0,False
2018,AL,PMN,70,1,1,1.0,False,1.0,False
2018,AL,PMN,80,1,1,1.0,False,1.0,False
2018,AL,PMN,90,1,1,1.0,False,1.0,False
2018,AL,PMN,95,1,1,1.0,False,1.0,False
2018,AL,PODE,50,1,0,0.0,True,,False
2018,AL,PODE,60,1,0,0.0,True,,False
2018,AL,PODE,70,1,0,0.0,True,,False
2018,AL,PODE,80,1,0,0.0,True,,False
2018,AL,PODE,90,1,0,0.0,True,,False
2018,AL,PODE,95,1,0,0.0,True,,False
2018,AL,PP,50,5,1,0.2,False,0.6039971804599249,False
2018,AL,PP,60,5,1,0.2,False,0.6039971804599249,False
2018,AL,PP,70,5,2,0.4,False,0.8739991028736125,False
2018,AL,PP,80,5,2,0.4,False,0.8739991028736125,False
2018,AL,PP,90,5,3,0.6,False,0.963999743678175,False
2018,AL,PP,95,5,3,0.6,False,0.963999743678175,False
2018,AL,PPL,50,2,1,0.5,False,0.5,True
2018,AL,PPL,60,2,2,1.0,False,1.0,False
2018,AL,PPL,70,2,2,1.0,False,1.0,False
2018,AL,PPL,80,2,2,1.0,False,1.0,False
2018,AL,PPL,90,2,2,1.0,False,1.0,False
2018,AL,PPL,95,2,2,1.0,False,1.0,False
2018,AL,PPS,50,1,1,1.0,False,1.0,False
2018,AL,PPS,60,1,1,1.0,False,1.0,False
2018,AL,PPS,70,1,1,1.0,False,1.0,False
2018,AL,PPS,80,1,1,1.0,False,1.0,False
2018,AL,PPS,90,1,1,1.0,False,1.0,False
2018,AL,PPS,95,1,1,1.0,False,1.0,False
2018,AL,PR,50,1,1,1.0,False,1.0,False
2018,AL,PR,60,1,1,1.0,False,1.0,False
2018,AL,PR,70,1,1,1.0,False,1.0,False
2018,AL,PR,80,1,1,1.0,False,1.0,False
2018,AL,PR,90,1,1,1.0,False,1.0,False
2018,AL,PR,95,1,1,1.0,False,1.0,False
2018,AL,PRB,50,1,1,1.0,False,1.0,False
2018,AL,PRB,60,1,1,1.0,False,1.0,False
2018,AL,PRB,70,1,1,1.0,False,1.0,False
2018,AL,PRB,80,1,1,1.0,False,1.0,False
2018,AL,PRB,90,1,1,1.0,False,1.0,False
2018,AL,PRB,95,1,1,1.0,False,1.0,False
2018,AL,PROS,50,1,0,0.0,True,,False
2018,AL,PROS,60,1,0,0.0,True,,False
2018,AL,PROS,70,1,0,0.0,True,,False
2018,AL,PROS,80,1,0,0.0,True,,False
2018,AL,PROS,90,1,0,0.0,True,,False
2018,AL,PROS,95,1,0,0.0,True,,False
2018,AL,PRTB,50,2,1,0.5,False,0.975,False
2018,AL,PRTB,60,2,1,0.5,False,0.975,False
2018,AL,PRTB,70,2,1,0.5,False,0.975,False
2018,AL,PRTB,80,2,1,0.5,False,0.975,False
2018,AL,PRTB,90,2,1,0.5,False,0.975,False
2018,AL,PRTB,95,2,1,0.5,False,0.975,False
2018,AL,PSB,50,2,1,0.5,False,0.9961919268849961,False
2018,AL,PSB,60,2,1,0.5,False,0.9961919268849961,False
2018,AL,PSB,70,2,1,0.5,False,0.9961919268849961,False
2018,AL,PSB,80,2,1,0.5,False,0.9961919268849961,False
2018,AL,PSB,90,2,1,0.5,False,0.9961919268849961,False
2018,AL,PSB,95,2,1,0.5,False,0.9961919268849961,False
2018,AL,PSC,50,2,1,0.5,False,0.6,False
2018,AL,PSC,60,2,1,0.5,False,0.6,False
2018,AL,PSC,70,2,2,1.0,False,1.0,False
2018,AL,PSC,80,2,2,1.0,False,1.0,False
2018,AL,PSC,90,2,2,1.0,False,1.0,False
2018,AL,PSC,95,2,2,1.0,False,1.0,False
2018,AL,PSD,50,2,1,0.5,False,0.6999599946659555,False
2018,AL,PSD,60,2,1,0.5,False,0.6999599946659555,False
2018,AL,PSD,70,2,2,1.0,False,1.0,False
2018,AL,PSD,80,2,2,1.0,False,1.0,False
2018,AL,PSD,90,2,2,1.0,False,1.0,False
2018,AL,PSD,95,2,2,1.0,False,1.0,False
2018,AL,PSDB,50,3,1,0.3333333333333333,False,0.632525711853924,False
2018,AL,PSDB,60,3,1,0.3333333333333333,False,0.632525711853924,False
2018,AL,PSDB,70,3,2,0.6666666666666666,False,0.9569953456130708,False
2018,AL,PSDB,80,3,2,0.6666666666666666,False,0.9569953456130708,False
2018,AL,PSDB,90,3,2,0.6666666666666666,False,0.9569953456130708,False
2018,AL,PSDB,95,3,2,0.6666666666666666,False,0.9569953456130708,False
2018,AL,PSL,50,10,0,0.0,True,,False
2018,AL,PSL,60,10,0,0.0,True,,False
2018,AL,PSL,70,10,0,0.0,True,,False
2018,AL,PSL,80,10,0,0.0,True,,False
2018,AL,PSL,90,10,0,0.0,True,,False
2018,AL,PSL,95,10,0,0.0,True,,False
2018,AL,PSOL,50,2,1,0.5,False,0.9424369835739785,False
2018,AL,PSOL,60,2,1,0.5,False,0.9424369835739785,False
2018,AL,PSOL,70,2,1,0.5,False,0.9424369835739785,False
2018,AL,PSOL,80,2,1,0.5,False,0.9424369835739785,False
2018,AL,PSOL,90,2,1,0.5,False,0.9424369835739785,False
2018,AL,PSOL,95,2,2,1.0,False,1.0,False
2018,AL,PSTU,50,1,0,0.0,True,,False
2018,AL,PSTU,60,1,0,0.0,True,,False
2018,AL,PSTU,70,1,0,0.0,True,,False
2018,AL,PSTU,80,1,0,0.0,True,,False
2018,AL,PSTU,90,1,0,0.0,True,,False
2018,AL,PSTU,95,1,0,0.0,True,,False
2018,AL,PT,50,1,1,1.0,False,1.0,False
2018,AL,PT,60,1,1,1.0,False,1.0,False
2018,AL,PT,70,1,1,1.0,False,1.0,False
2018,AL,PT,80,1,1,1.0,False,1.0,False
2018,AL,PT,90,1,1,1.0,False,1.0,False
2018,AL,PT,95,1,1,1.0,False,1.0,False
2018,AL,PTB,50,2,1,0.5,False,0.7313973273384186,False
2018,AL,PTB,60,2,1,0.5,False,0.7313973273384186,False
2018,AL,PTB,70,2,1,0.5,False,0.7313973273384186,False
2018,AL,PTB,80,2,2,1.0,False,1.0,False
2018,AL,PTB,90,2,2,1.0,False,1.0,False
2018,AL,PTB,95,2,2,1.0,False,1.0,False
2018,AL,PTC,50,2,1,0.5,False,1.0,False
2018,AL,PTC,60,2,1,0.5,False,1.0,False
2018,AL,PTC,70,2,1,0.5,False,1.0,False
2018,AL,PTC,80,2,1,0.5,False,1.0,False
2018,AL,PTC,90,2,1,0.5,False,1.0,False
2018,AL,PTC,95,2,1,0.5,False,1.0,False
2018,AL,PV,50,2,1,0.5,False,0.9193433764912422,False
2018,AL,PV,60,2,1,0.5,False,0.9193433764912422,False
2018,AL,PV,70,2,1,0.5,False,0.9193433764912422,False
2018,AL,PV,80,2,1,0.5,False,0.9193433764912422,False
2018,AL,PV,90,2,1,0.5,False,0.9193433764912422,False
2018,AL,PV,95,2,2,1.0,False,1.0,False
2018,AL,REDE,50,1,1,1.0,False,1.0,False
2018,AL,REDE,60,1,1,1.0,False,1.0,False
2018,AL,REDE,70,1,1,1.0,False,1.0,False
2018,AL,REDE,80,1,1,1.0,False,1.0,False
2018,AL,REDE,90,1,1,1.0,False,1.0,False
2018,AL,REDE,95,1,1,1.0,False,1.0,False
2018,AL,SOLIDARIEDADE,50,1,0,0.0,True,,False
2018,AL,SOLIDARIEDADE,60,1,0,0.0,True,,False
2018,AL,SOLIDARIEDADE,70,1,0,0.0,True,,False
2018,AL,SOLIDARIEDADE,80,1,0,0.0,True,,False
2018,AL,SOLIDARIEDADE,90,1,0,0.0,True,,False
2018,AL,SOLIDARIEDADE,95,1,0,0.0,True,,False
2018,AM,AVANTE,50,4,1,0.25,False,0.5327853648357254,False
2018,AM,AVANTE,60,4,2,0.5,False,0.9756544320526792,False
2018,AM,AVANTE,70,4,2,0.5,False,0.9756544320526792,False
2018,AM,AVANTE,80,4,2,0.5,False,0.9756544320526792,False
2018,AM,AVANTE,90,4,2,0.5,False,0.9756544320526792,False
2018,AM,AVANTE,95,4,2,0.5,False,0.9756544320526792,False
2018,AM,DC,50,6,1,0.16666666666666666,False,0.5113029453757073,False
2018,AM,DC,60,6,2,0.3333333333333333,False,0.7655597271429326,False
2018,AM,DC,70,6,2,0.3333333333333333,False,0.7655597271429326,False
2018,AM,DC,80,6,3,0.5,False,0.8333509597588705,False
2018,AM,DC,90,6,5,0.8333333333333334,False,0.9459309396647454,False
2018,AM,DC,95,6,6,1.0,False,1.0,False
2018,AM,DEM,50,2,1,0.5,False,0.9211502782931354,False
2018,AM,DEM,60,2,1,0.5,False,0.9211502782931354,False
2018,AM,DEM,70,2,1,0.5,False,0.9211502782931354,False
2018,AM,DEM,80,2,1,0.5,False,0.9211502782931354,False
2018,AM,DEM,90,2,1,0.5,False,0.9211502782931354,False
2018,AM,DEM,95,2,2,1.0,False,1.0,False
2018,AM,MDB,50,7,1,0.14285714285714285,False,0.9363435911881074,False
2018,AM,MDB,60,7,1,0.14285714285714285,False,0.9363435911881074,False
2018,AM,MDB,70,7,1,0.14285714285714285,False,0.9363435911881074,False
2018,AM,MDB,80,7,1,0.14285714285714285,False,0.9363435911881074,False
2018,AM,MDB,90,7,1,0.14285714285714285,False,0.9363435911881074,False
2018,AM,MDB,95,7,2,0.2857142857142857,False,0.9504766449317127,False
2018,AM,PATRI,50,5,2,0.4,False,0.50017850767583,True
2018,AM,PATRI,60,5,3,0.6,False,0.7500892538379148,True
2018,AM,PATRI,70,5,3,0.6,False,0.7500892538379148,True
2018,AM,PATRI,80,5,4,0.8,False,1.0,False
2018,AM,PATRI,90,5,4,0.8,False,1.0,False
2018,AM,PATRI,95,5,4,0.8,False,1.0,False
2018,AM,PC DO B,50,8,2,0.25,False,0.660130721019878,False
2018,AM,PC DO B,60,8,2,0.25,False,0.660130721019878,False
2018,AM,PC DO B,70,8,3,0.375,False,0.7185023980690295,False
2018,AM,PC DO B,80,8,5,0.625,False,0.8352457521673324,False
2018,AM,PC DO B,90,8,7,0.875,False,0.9462935672207818,False
2018,AM,PC DO B,95,8,8,1.0,False,0.9999999999999999,False
2018,AM,PDT,50,3,1,0.3333333333333333,False,0.7142857142857143,False
2018,AM,PDT,60,3,1,0.3333333333333333,False,0.7142857142857143,False
2018,AM,PDT,70,3,1,0.3333333333333333,False,0.7142857142857143,False
2018,AM,PDT,80,3,2,0.6666666666666666,False,1.0,False
2018,AM,PDT,90,3,2,0.6666666666666666,False,1.0,False
2018,AM,PDT,95,3,2,0.6666666666666666,False,1.0,False
2018,AM,PHS,50,2,1,0.5,False,0.5608125615380629,False
2018,AM,PHS,60,2,2,1.0,False,1.0,False
2018,AM,PHS,70,2,2,1.0,False,1.0,False
2018,AM,PHS,80,2,2,1.0,False,1.0,False
2018,AM,PHS,90,2,2,1.0,False,1.0,False
2018,AM,PHS,95,2,2,1.0,False,1.0,False
2018,AM,PMB,50,9,1,0.1111111111111111,False,0.6774193548387096,False
2018,AM,PMB,60,9,1,0.1111111111111111,False,0.6774193548387096,False
2018,AM,PMB,70,9,2,0.2222222222222222,False,1.0,False
2018,AM,PMB,80,9,2,0.2222222222222222,False,1.0,False
2018,AM,PMB,90,9,2,0.2222222222222222,False,1.0,False
2018,AM,PMB,95,9,2,0.2222222222222222,False,1.0,False
2018,AM,PMN,50,7,2,0.2857142857142857,False,0.8333333333333334,False
2018,AM,PMN,60,7,2,0.2857142857142857,False,0.8333333333333334,False
2018,AM,PMN,70,7,2,0.2857142857142857,False,0.8333333333333334,False
2018,AM,PMN,80,7,2,0.2857142857142857,False,0.8333333333333334,False
2018,AM,PMN,90,7,3,0.42857142857142855,False,1.0,False
2018,AM,PMN,95,7,3,0.42857142857142855,False,1.0,False
2018,AM,PODE,50,5,1,0.2,False,0.5663265306122449,False
2018,AM,PODE,60,5,2,0.4,False,0.8112244897959183,False
2018,AM,PODE,70,5,2,0.4,False,0.8112244897959183,False
2018,AM,PODE,80,5,2,0.4,False,0.8112244897959183,False
2018,AM,PODE,90,5,3,0.6,False,0.9132653061224489,False
2018,AM,PODE,95,5,4,0.8,False,1.0,False
2018,AM,PP,50,2,1,0.5,False,1.0,False
2018,AM,PP,60,2,1,0.5,False,1.0,False
2018,AM,PP,70,2,1,0.5,False,1.0,False
2018,AM,PP,80,2,1,0.5,False,1.0,False
2018,AM,PP,90,2,1,0.5,False,1.0,False
2018,AM,PP,95,2,1,0.5,False,1.0,False
2018,AM,PPL,50,5,0,0.0,True,,False
2018,AM,PPL,60,5,0,0.0,True,,False
2018,AM,PPL,70,5,0,0.0,True,,False
2018,AM,PPL,80,5,0,0.0,True,,False
2018,AM,PPL,90,5,0,0.0,True,,False
2018,AM,PPL,95,5,0,0.0,True,,False
2018,AM,PPS,50,2,1,0.5,False,1.0,False
2018,AM,PPS,60,2,1,0.5,False,1.0,False
2018,AM,PPS,70,2,1,0.5,False,1.0,False
2018,AM,PPS,80,2,1,0.5,False,1.0,False
2018,AM,PPS,90,2,1,0.5,False,1.0,False
2018,AM,PPS,95,2,1,0.5,False,1.0,False
2018,AM,PR,50,3,1,0.3333333333333333,False,0.7154348919054802,False
2018,AM,PR,60,3,1,0.3333333333333333,False,0.7154348919054802,False
2018,AM,PR,70,3,1,0.3333333333333333,False,0.7154348919054802,False
2018,AM,PR,80,3,2,0.6666666666666666,False,0.8843640020110608,False
2018,AM,PR,90,3,3,1.0,False,1.0,False
2018,AM,PR,95,3,3,1.0,False,1.0,False
2018,AM,PRB,50,2,1,0.5,False,0.6534366092237847,False
2018,AM,PRB,60,2,1,0.5,False,0.6534366092237847,False
2018,AM,PRB,70,2,2,1.0,False,1.0,False
2018,AM,PRB,80,2,2,1.0,False,1.0,False
2018,AM,PRB,90,2,2,1.0,False,1.0,False
2018,AM,PRB,95,2,2,1.0,False,1.0,False
2018,AM,PROS,50,2,1,0.5,False,0.7017776228651098,False
2018,AM,PROS,60,2,1,0.5,False,0.7017776228651098,False
2018,AM,PROS,70,2,1,0.5,False,0.7017776228651098,False
2018,AM,PROS,80,2,2,1.0,False,1.0,False
2018,AM,PROS,90,2,2,1.0,False,1.0,False
2018,AM,PROS,95,2,2,1.0,False,1.0,False
2018,AM,PRP,50,4,1,0.25,False,1.0,False
2018,AM,PRP,60,4,1,0.25,False,1.0,False
2018,AM,PRP,70,4,1,0.25,False,1.0,False
2018,AM,PRP,80,4,1,0.25,False,1.0,False
2018,AM,PRP,90,4,1,0.25,False,1.0,False
2018,AM,PRP,95,4,1,0.25,False,1.0,False
2018,AM,PRTB,50,3,0,0.0,True,,False
2018,AM,PRTB,60,3,0,0.0,True,,False
2018,AM,PRTB,70,3,0,0.0,True,,False
2018,AM,PRTB,80,3,0,0.0,True,,False
2018,AM,PRTB,90,3,0,0.0,True,,False
2018,AM,PRTB,95,3,0,0.0,True,,False
2018,AM,PSB,50,2,1,0.5,False,0.6774193548387096,False
2018,AM,PSB,60,2,1,0.5,False,0.6774193548387096,False
2018,AM,PSB,70,2,2,1.0,False,1.0,False
2018,AM,PSB,80,2,2,1.0,False,1.0,False
2018,AM,PSB,90,2,2,1.0,False,1.0,False
2018,AM,PSB,95,2,2,1.0,False,1.0,False
2018,AM,PSC,50,4,1,0.25,False,1.0,False
2018,AM,PSC,60,4,1,0.25,False,1.0,False
2018,AM,PSC,70,4,1,0.25,False,1.0,False
2018,AM,PSC,80,4,1,0.25,False,1.0,False
2018,AM,PSC,90,4,1,0.25,False,1.0,False
2018,AM,PSC,95,4,1,0.25,False,1.0,False
2018,AM,PSD,50,4,2,0.5,False,0.6666666666666666,True
2018,AM,PSD,60,4,2,0.5,False,0.6666666666666666,True
2018,AM,PSD,70,4,3,0.75,False,1.0,False
2018,AM,PSD,80,4,3,0.75,False,1.0,False
2018,AM,PSD,90,4,3,0.75,False,1.0,False
2018,AM,PSD,95,4,3,0.75,False,1.0,False
2018,AM,PSDB,50,1,1,1.0,False,1.0,False
2018,AM,PSDB,60,1,1,1.0,False,1.0,False
2018,AM,PSDB,70,1,1,1.0,False,1.0,False
2018,AM,PSDB,80,1,1,1.0,False,1.0,False
2018,AM,PSDB,90,1,1,1.0,False,1.0,False
2018,AM,PSDB,95,1,1,1.0,False,1.0,False
2018,AM,PSL,50,1,1,1.0,False,1.0,False
2018,AM,PSL,60,1,1,1.0,False,1.0,False
2018,AM,PSL,70,1,1,1.0,False,1.0,False
2018,AM,PSL,80,1,1,1.0,False,1.0,False
2018,AM,PSL,90,1,1,1.0,False,1.0,False
2018,AM,PSL,95,1,1,1.0,False,1.0,False
2018,AM,PSOL,50,13,3,0.23076923076923078,False,0.6693078280646152,False
2018,AM,PSOL,60,13,3,0.23076923076923078,False,0.6693078280646152,False
2018,AM,PSOL,70,13,4,0.3076923076923077,False,0.7060514027241024,True
2018,AM,PSOL,80,13,7,0.5384615384615384,False,0.8162821267025641,True
2018,AM,PSOL,90,13,10,0.7692307692307693,False,0.9265128506810257,True
2018,AM,PSOL,95,13,11,0.8461538461538461,False,0.9632564253405129,True
2018,AM,PSTU,50,1,0,0.0,True,,False
2018,AM,PSTU,60,1,0,0.0,True,,False
2018,AM,PSTU,70,1,0,0.0,True,,False
2018,AM,PSTU,80,1,0,0.0,True,,False
2018,AM,PSTU,90,1,0,0.0,True,,False
2018,AM,PSTU,95,1,0,0.0,True,,False
2018,AM,PT,50,4,2,0.5,False,0.8926410883809778,False
2018,AM,PT,60,4,2,0.5,False,0.8926410883809778,False
2018,AM,PT,70,4,2,0.5,False,0.8926410883809778,False
2018,AM,PT,80,4,2,0.5,False,0.8926410883809778,False
2018,AM,PT,90,4,3,0.75,False,0.9803051777729728,False
2018,AM,PT,95,4,3,0.75,False,0.9803051777729728,False
2018,AM,PTB,50,1,1,1.0,False,1.0,False
2018,AM,PTB,60,1,1,1.0,False,1.0,False
2018,AM,PTB,70,1,1,1.0,False,1.0,False
2018,AM,PTB,80,1,1,1.0,False,1.0,False
2018,AM,PTB,90,1,1,1.0,False,1.0,False
2018,AM,PTB,95,1,1,1.0,False,1.0,False
2018,AM,PTC,50,4,2,0.5,False,0.6666666666666665,True
2018,AM,PTC,60,4,2,0.5,False,0.6666666666666665,True
2018,AM,PTC,70,4,3,0.75,False,1.0,False
2018,AM,PTC,80,4,3,0.75,False,1.0,False
2018,AM,PTC,90,4,3,0.75,False,1.0,False
2018,AM,PTC,95,4,3,0.75,False,1.0,False
2018,AM,PV,50,2,1,0.5,False,1.0,False
2018,AM,PV,60,2,1,0.5,False,1.0,False
2018,AM,PV,70,2,1,0.5,False,1.0,False
2018,AM,PV,80,2,1,0.5,False,1.0,False
2018,AM,PV,90,2,1,0.5,False,1.0,False
2018,AM,PV,95,2,1,0.5,False,1.0,False
2018,AM,REDE,50,7,1,0.14285714285714285,False,0.5,True
2018,AM,REDE,60,7,2,0.2857142857142857,False,1.0,False
2018,AM,REDE,70,7,2,0.2857142857142857,False,1.0,False
2018,AM,REDE,80,7,2,0.2857142857142857,False,1.0,False
2018,AM,REDE,90,7,2,0.2857142857142857,False,1.0,False
2018,AM,REDE,95,7,2,0.2857142857142857,False,1.0,False
2018,AM,SOLIDARIEDADE,50,1,1,1.0,False,1.0,False
2018,AM,SOLIDARIEDADE,60,1,1,1.0,False,1.0,False
2018,AM,SOLIDARIEDADE,70,1,1,1.0,False,1.0,False
2018,AM,SOLIDARIEDADE,80,1,1,1.0,False,1.0,False
2018,AM,SOLIDARIEDADE,90,1,1,1.0,False,1.0,False
2018,AM,SOLIDARIEDADE,95,1,1,1.0,False,1.0,False
2018,AP,AVANTE,50,2,1,0.5,False,0.5017450813392093,False
2018,AP,AVANTE,60,2,2,1.0,False,1.0,False
2018,AP,AVANTE,70,2,2,1.0,False,1.0,False
2018,AP,AVANTE,80,2,2,1.0,False,1.0,False
2018,AP,AVANTE,90,2,2,1.0,False,1.0,False
2018,AP,AVANTE,95,2,2,1.0,False,1.0,False
2018,AP,DC,50,1,1,1.0,False,1.0,False
2018,AP,DC,60,1,1,1.0,False,1.0,False
2018,AP,DC,70,1,1,1.0,False,1.0,False
2018,AP,DC,80,1,1,1.0,False,1.0,False
2018,AP,DC,90,1,1,1.0,False,1.0,False
2018,AP,DC,95,1,1,1.0,False,1.0,False
2018,AP,DEM,50,4,2,0.5,False,0.6666666666666666,False
2018,AP,DEM,60,4,2,0.5,False,0.6666666666666666,False
2018,AP,DEM,70,4,3,0.75,False,0.8666666666666667,False
2018,AP,DEM,80,4,3,0.75,False,0.8666666666666667,False
2018,AP,DEM,90,4,4,1.0,False,1.0,False
2018,AP,DEM,95,4,4,1.0,False,1.0,False
2018,AP,MDB,50,4,1,0.25,False,0.8892340434361189,False
2018,AP,MDB,60,4,1,0.25,False,0.8892340434361189,False
2018,AP,MDB,70,4,1,0.25,False,0.8892340434361189,False
2018,AP,MDB,80,4,1,0.25,False,0.8892340434361189,False
2018,AP,MDB,90,4,2,0.5,False,0.9940717730437592,False
2018,AP,MDB,95,4,2,0.5,False,0.9940717730437592,False
2018,AP,PC DO B,50,1,1,1.0,False,1.0,False
2018,AP,PC DO B,60,1,1,1.0,False,1.0,False
2018,AP,PC DO B,70,1,1,1.0,False,1.0,False
2018,AP,PC DO B,80,1,1,1.0,False,1.0,False
2018,AP,PC DO B,90,1,1,1.0,False,1.0,False
2018,AP,PC DO B,95,1,1,1.0,False,1.0,False
2018,AP,PDT,50,7,1,0.14285714285714285,False,0.8629763446724384,False
2018,AP,PDT,60,7,1,0.14285714285714285,False,0.8629763446724384,False
2018,AP,PDT,70,7,1,0.14285714285714285,False,0.8629763446724384,False
2018,AP,PDT,80,7,1,0.14285714285714285,False,0.8629763446724384,False
2018,AP,PDT,90,7,2,0.2857142857142857,False,0.9285909059922285,False
2018,AP,PDT,95,7,4,0.5714285714285714,False,0.9661303883473084,False
2018,AP,PHS,50,6,2,0.3333333333333333,False,0.6057692307692307,False
2018,AP,PHS,60,6,2,0.3333333333333333,False,0.6057692307692307,False
2018,AP,PHS,70,6,3,0.5,False,0.7596153846153846,False
2018,AP,PHS,80,6,4,0.6666666666666666,False,0.8942307692307693,False
2018,AP,PHS,90,6,5,0.8333333333333334,False,0.9519230769230769,False
2018,AP,PHS,95,6,5,0.8333333333333334,False,0.9519230769230769,False
2018,AP,PMN,50,3,2,0.6666666666666666,False,0.7177914110429447,True
2018,AP,PMN,60,3,2,0.6666666666666666,False,0.7177914110429447,True
2018,AP,PMN,70,3,2,0.6666666666666666,False,0.7177914110429447,True
2018,AP,PMN,80,3,3,1.0,False,1.0,False
2018,AP,PMN,90,3,3,1.0,False,1.0,False
2018,AP,PMN,95,3,3,1.0,False,1.0,False
2018,AP,PODE,50,1,1,1.0,False,1.0,False
2018,AP,PODE,60,1,1,1.0,False,1.0,False
2018,AP,PODE,70,1,1,1.0,False,1.0,False
2018,AP,PODE,80,1,1,1.0,False,1.0,False
2018,AP,PODE,90,1,1,1.0,False,1.0,False
2018,AP,PODE,95,1,1,1.0,False,1.0,False
2018,AP,PP,50,1,1,1.0,False,1.0,False
2018,AP,PP,60,1,1,1.0,False,1.0,False
2018,AP,PP,70,1,1,1.0,False,1.0,False
2018,AP,PP,80,1,1,1.0,False,1.0,False
2018,AP,PP,90,1,1,1.0,False,1.0,False
2018,AP,PP,95,1,1,1.0,False,1.0,False
2018,AP,PPL,50,3,2,0.6666666666666666,False,0.6780238500851788,False
2018,AP,PPL,60,3,2,0.6666666666666666,False,0.6780238500851788,False
2018,AP,PPL,70,3,3,1.0,False,1.0,False
2018,AP,PPL,80,3,3,1.0,False,1.0,False
2018,AP,PPL,90,3,3,1.0,False,1.0,False
2018,AP,PPL,95,3,3,1.0,False,1.0,False
2018,AP,PR,50,7,1,0.14285714285714285,False,0.5383360522022839,False
2018,AP,PR,60,7,2,0.2857142857142857,False,0.7226753670473083,False
2018,AP,PR,70,7,2,0.2857142857142857,False,0.7226753670473083,False
2018,AP,PR,80,7,3,0.42857142857142855,False,0.8858075040783034,False
2018,AP,PR,90,7,4,0.5714285714285714,False,0.9461663947797716,False
2018,AP,PR,95,7,5,0.7142857142857143,False,0.9853181076672104,False
2018,AP,PRB,50,1,1,1.0,False,1.0,False
2018,AP,PRB,60,1,1,1.0,False,1.0,False
2018,AP,PRB,70,1,1,1.0,False,1.0,False
2018,AP,PRB,80,1,1,1.0,False,1.0,False
2018,AP,PRB,90,1,1,1.0,False,1.0,False
2018,AP,PRB,95,1,1,1.0,False,1.0,False
2018,AP,PROS,50,2,1,0.5,False,0.9276852066857249,False
2018,AP,PROS,60,2,1,0.5,False,0.9276852066857249,False
2018,AP,PROS,70,2,1,0.5,False,0.9276852066857249,False
2018,AP,PROS,80,2,1,0.5,False,0.9276852066857249,False
2018,AP,PROS,90,2,1,0.5,False,0.9276852066857249,False
2018,AP,PROS,95,2,2,1.0,False,1.0,False
2018,AP,PRP,50,2,1,0.5,False,0.9970331248377051,False
2018,AP,PRP,60,2,1,0.5,False,0.9970331248377051,False
2018,AP,PRP,70,2,1,0.5,False,0.9970331248377051,False
2018,AP,PRP,80,2,1,0.5,False,0.9970331248377051,False
2018,AP,PRP,90,2,1,0.5,False,0.9970331248377051,False
2018,AP,PRP,95,2,1,0.5,False,0.9970331248377051,False
2018,AP,PSB,50,8,1,0.125,False,0.6644518272425249,False
2018,AP,PSB,60,8,1,0.125,False,0.6644518272425249,False
2018,AP,PSB,70,8,2,0.25,False,0.9308970099667774,False
2018,AP,PSB,80,8,2,0.25,False,0.9308970099667774,False
2018,AP,PSB,90,8,2,0.25,False,0.9308970099667774,False
2018,AP,PSB,95,8,3,0.375,False,0.9980066445182725,False
2018,AP,PSC,50,2,1,0.5,False,0.9375,False
2018,AP,PSC,60,2,1,0.5,False,0.9375,False
2018,AP,PSC,70,2,1,0.5,False,0.9375,False
2018,AP,PSC,80,2,1,0.5,False,0.9375,False
2018,AP,PSC,90,2,1,0.5,False,0.9375,False
2018,AP,PSC,95,2,2,1.0,False,1.0,False
2018,AP,PSD,50,3,1,0.3333333333333333,False,0.5128552097428958,False
2018,AP,PSD,60,3,2,0.6666666666666666,False,1.0,False
2018,AP,PSD,70,3,2,0.6666666666666666,False,1.0,False
2018,AP,PSD,80,3,2,0.6666666666666666,False,1.0,False
2018,AP,PSD,90,3,2,0.6666666666666666,False,1.0,False
2018,AP,PSD,95,3,2,0.6666666666666666,False,1.0,False
2018,AP,PSDB,50,2,1,0.5,False,0.9912865813352563,False
2018,AP,PSDB,60,2,1,0.5,False,0.9912865813352563,False
2018,AP,PSDB,70,2,1,0.5,False,0.9912865813352563,False
2018,AP,PSDB,80,2,1,0.5,False,0.9912865813352563,False
2018,AP,PSDB,90,2,1,0.5,False,0.9912865813352563,False
2018,AP,PSDB,95,2,1,0.5,False,0.9912865813352563,False
2018,AP,PSL,50,1,1,1.0,False,1.0,False
2018,AP,PSL,60,1,1,1.0,False,1.0,False
2018,AP,PSL,70,1,1,1.0,False,1.0,False
2018,AP,PSL,80,1,1,1.0,False,1.0,False
2018,AP,PSL,90,1,1,1.0,False,1.0,False
2018,AP,PSL,95,1,1,1.0,False,1.0,False
2018,AP,PSOL,50,6,3,0.5,False,0.5795401191703436,False
2018,AP,PSOL,60,6,4,0.6666666666666666,False,0.721758985800342,True
2018,AP,PSOL,70,6,4,0.6666666666666666,False,0.721758985800342,True
2018,AP,PSOL,80,6,5,0.8333333333333334,False,0.8639778524303409,False
2018,AP,PSOL,90,6,6,1.0,False,1.0,False
2018,AP,PSOL,95,6,6,1.0,False,1.0,False
2018,AP,PSTU,50,2,0,0.0,True,,False
2018,AP,PSTU,60,2,0,0.0,True,,False
2018,AP,PSTU,70,2,0,0.0,True,,False
2018,AP,PSTU,80,2,0,0.0,True,,False
2018,AP,PSTU,90,2,0,0.0,True,,False
2018,AP,PSTU,95,2,0,0.0,True,,False
2018,AP,PTB,50,7,3,0.42857142857142855,False,0.5359831172097366,True
2018,AP,PTB,60,7,4,0.5714285714285714,False,0.6519873379073025,True
2018,AP,PTB,70,7,5,0.7142857142857143,False,0.7679915586048682,True
2018,AP,PTB,80,7,6,0.8571428571428571,False,0.8839957793024341,True
2018,AP,PTB,90,7,7,1.0,False,1.0,False
2018,AP,PTB,95,7,7,1.0,False,1.0,False
2018,AP,PTC,50,5,1,0.2,False,1.0,False
2018,AP,PTC,60,5,1,0.2,False,1.0,False
2018,AP,PTC,70,5,1,0.2,False,1.0,False
2018,AP,PTC,80,5,1,0.2,False,1.0,False
2018,AP,PTC,90,5,1,0.2,False,1.0,False
2018,AP,PTC,95,5,1,0.2,False,1.0,False
2018,AP,PV,50,6,3,0.5,False,0.6099331763511443,False
2018,AP,PV,60,6,3,0.5,False,0.6099331763511443,False
2018,AP,PV,70,6,4,0.6666666666666666,False,0.7523937525825957,False
2018,AP,PV,80,6,5,0.8333333333333334,False,0.8761968762912979,True
2018,AP,PV,90,6,6,1.0,False,1.0,False
2018,AP,PV,95,6,6,1.0,False,1.0,False
2018,AP,REDE,50,7,1,0.14285714285714285,False,0.8846711098232396,False
2018,AP,REDE,60,7,1,0.14285714285714285,False,0.8846711098232396,False
2018,AP,REDE,70,7,1,0.14285714285714285,False,0.8846711098232396,False
2018,AP,REDE,80,7,1,0.14285714285714285,False,0.8846711098232396,False
2018,AP,REDE,90,7,2,0.2857142857142857,False,0.9116198203419299,False
2018,AP,REDE,95,7,4,0.5714285714285714,False,0.9500627837341833,False
2018,AP,SOLIDARIEDADE,50,3,1,0.3333333333333333,False,1.0,False
2018,AP,SOLIDARIEDADE,60,3,1,0.3333333333333333,False,1.0,False
2018,AP,SOLIDARIEDADE,70,3,1,0.3333333333333333,False,1.0,False
2018,AP,SOLIDARIEDADE,80,3,1,0.3333333333333333,False,1.0,False
2018,AP,SOLIDARIEDADE,90,3,1,0.3333333333333333,False,1.0,False
2018,AP,SOLIDARIEDADE,95,3,1,0.3333333333333333,False,1.0,False
2018,BA,AVANTE,50,14,1,0.07142857142857142,False,0.5177111716621253,False
2018,BA,AVANTE,60,14,2,0.14285714285714285,False,0.7814324639937719,False
2018,BA,AVANTE,70,14,2,0.14285714285714285,False,0.7814324639937719,False
2018,BA,AVANTE,80,14,3,0.21428571428571427,False,0.8311210587777346,False
2018,BA,AVANTE,90,14,5,0.35714285714285715,False,0.9243382639159206,True
2018,BA,AVANTE,95,14,6,0.42857142857142855,False,0.9687135072012456,False
2018,BA,DC,50,15,2,0.13333333333333333,False,0.5714285714285714,False
2018,BA,DC,60,15,3,0.2,False,0.8285714285714286,False
2018,BA,DC,70,15,3,0.2,False,0.8285714285714286,False
2018,BA,DC,80,15,3,0.2,False,0.8285714285714286,False
2018,BA,DC,90,15,7,0.4666666666666667,False,0.92,False
2018,BA,DC,95,15,9,0.6,False,0.96,False
2018,BA,DEM,50,38,4,0.10526315789473684,False,0.6229953330504879,False
2018,BA,DEM,60,38,4,0.10526315789473684,False,0.6229953330504879,False
2018,BA,DEM,70,38,5,0.13157894736842105,False,0.7078913873568095,False
2018,BA,DEM,80,38,7,0.18421052631578946,False,0.8436996181586763,False
2018,BA,DEM,90,38,9,0.23684210526315788,False,0.9167161646160373,False
2018,BA,DEM,95,38,12,0.3157894736842105,False,0.9524395417904116,True
2018,BA,MDB,50,36,1,0.027777777777777776,False,0.5033524785126378,False
2018,BA,MDB,60,36,2,0.05555555555555555,False,0.6040229742151653,False
2018,BA,MDB,70,36,5,0.1388888888888889,False,0.7295319348792093,False
2018,BA,MDB,80,36,8,0.2222222222222222,False,0.8234910642015684,True
2018,BA,MDB,90,36,11,0.3055555555555556,False,0.9026851874875567,False
2018,BA,MDB,95,36,17,0.4722222222222222,False,0.9513425937437784,True
2018,BA,NOVO,50,8,4,0.5,False,0.6098908509506095,True
2018,BA,NOVO,60,8,4,0.5,False,0.6098908509506095,True
2018,BA,NOVO,70,8,5,0.625,False,0.7278789870301207,True
2018,BA,NOVO,80,8,6,0.75,False,0.8458671231096322,False
2018,BA,NOVO,90,8,7,0.875,False,0.9279912994646767,False
2018,BA,NOVO,95,8,8,1.0,False,1.0,False
2018,BA,PATRI,50,39,1,0.02564102564102564,False,0.6441959932500314,False
2018,BA,PATRI,60,39,1,0.02564102564102564,False,0.6441959932500314,False
2018,BA,PATRI,70,39,3,0.07692307692307693,False,0.7061534457407719,False
2018,BA,PATRI,80,39,9,0.23076923076923078,False,0.8099615085587903,False
2018,BA,PATRI,90,39,19,0.48717948717948717,False,0.9000035947743011,False
2018,BA,PATRI,95,39,27,0.6923076923076923,False,0.9569381516303159,True
2018,BA,PC DO B,50,2,1,0.5,False,0.5153968411611954,False
2018,BA,PC DO B,60,2,2,1.0,False,1.0,False
2018,BA,PC DO B,70,2,2,1.0,False,1.0,False
2018,BA,PC DO B,80,2,2,1.0,False,1.0,False
2018,BA,PC DO B,90,2,2,1.0,False,1.0,False
2018,BA,PC DO B,95,2,2,1.0,False,1.0,False
2018,BA,PCO,50,2,1,0.5,False,0.6351351351351351,False
2018,BA,PCO,60,2,1,0.5,False,0.6351351351351351,False
2018,BA,PCO,70,2,2,1.0,False,1.0,False
2018,BA,PCO,80,2,2,1.0,False,1.0,False
2018,BA,PCO,90,2,2,1.0,False,1.0,False
2018,BA,PCO,95,2,2,1.0,False,1.0,False
2018,BA,PDT,50,36,1,0.027777777777777776,False,0.6358059593965413,False
2018,BA,PDT,60,36,1,0.027777777777777776,False,0.6358059593965413,False
2018,BA,PDT,70,36,3,0.08333333333333333,False,0.7623631356144228,False
2018,BA,PDT,80,36,4,0.1111111111111111,False,0.8116249839697423,False
2018,BA,PDT,90,36,8,0.2222222222222222,False,0.9028273750579299,False
2018,BA,PDT,95,36,13,0.3611111111111111,False,0.9519664333873408,True
2018,BA,PHS,50,25,2,0.08,False,0.5632814738462569,False
2018,BA,PHS,60,25,3,0.12,False,0.8300393762994381,False
2018,BA,PHS,70,25,3,0.12,False,0.8300393762994381,False
2018,BA,PHS,80,25,3,0.12,False,0.8300393762994381,False
2018,BA,PHS,90,25,4,0.16,False,0.9185041221750964,False
2018,BA,PHS,95,25,7,0.28,False,0.9535997792330214,False
2018,BA,PMB,50,1,1,1.0,False,1.0,False
2018,BA,PMB,60,1,1,1.0,False,1.0,False
2018,BA,PMB,70,1,1,1.0,False,1.0,False
2018,BA,PMB,80,1,1,1.0,False,1.0,False
2018,BA,PMB,90,1,1,1.0,False,1.0,False
2018,BA,PMB,95,1,1,1.0,False,1.0,False
2018,BA,PMN,50,8,2,0.25,False,0.9282296650717703,False
2018,BA,PMN,60,8,2,0.25,False,0.9282296650717703,False
2018,BA,PMN,70,8,2,0.25,False,0.9282296650717703,False
2018,BA,PMN,80,8,2,0.25,False,0.9282296650717703,False
2018,BA,PMN,90,8,2,0.25,False,0.9282296650717703,False
2018,BA,PMN,95,8,4,0.5,False,0.9569377990430622,True
2018,BA,PODE,50,4,1,0.25,False,0.9710982658959537,False
2018,BA,PODE,60,4,1,0.25,False,0.9710982658959537,False
2018,BA,PODE,70,4,1,0.25,False,0.9710982658959537,False
2018,BA,PODE,80,4,1,0.25,False,0.9710982658959537,False
2018,BA,PODE,90,4,1,0.25,False,0.9710982658959537,False
2018,BA,PODE,95,4,1,0.25,False,0.9710982658959537,False
2018,BA,PP,50,8,3,0.375,False,0.6668986787822953,False
2018,BA,PP,60,8,3,0.375,False,0.6668986787822953,False
2018,BA,PP,70,8,4,0.5,False,0.8221671993579844,False
2018,BA,PP,80,8,4,0.5,False,0.8221671993579844,False
2018,BA,PP,90,8,5,0.625,False,0.9676123521424486,False
2018,BA,PP,95,8,5,0.625,False,0.9676123521424486,False
2018,BA,PPL,50,9,1,0.1111111111111111,False,0.8596491228070176,False
2018,BA,PPL,60,9,1,0.1111111111111111,False,0.8596491228070176,False
2018,BA,PPL,70,9,1,0.1111111111111111,False,0.8596491228070176,False
2018,BA,PPL,80,9,1,0.1111111111111111,False,0.8596491228070176,False
2018,BA,PPL,90,9,2,0.2222222222222222,False,1.0,False
2018,BA,PPL,95,9,2,0.2222222222222222,False,1.0,False
2018,BA,PPS,50,1,1,1.0,False,1.0,False
2018,BA,PPS,60,1,1,1.0,False,1.0,False
2018,BA,PPS,70,1,1,1.0,False,1.0,False
2018,BA,PPS,80,1,1,1.0,False,1.0,False
2018,BA,PPS,90,1,1,1.0,False,1.0,False
2018,BA,PPS,95,1,1,1.0,False,1.0,False
2018,BA,PR,50,3,2,0.6666666666666666,False,0.7112970711297071,False
2018,BA,PR,60,3,2,0.6666666666666666,False,0.7112970711297071,False
2018,BA,PR,70,3,2,0.6666666666666666,False,0.7112970711297071,False
2018,BA,PR,80,3,3,1.0,False,1.0,False
2018,BA,PR,90,3,3,1.0,False,1.0,False
2018,BA,PR,95,3,3,1.0,False,1.0,False
2018,BA,PRB,50,4,2,0.5,False,0.7158275186597056,False
2018,BA,PRB,60,4,2,0.5,False,0.7158275186597056,False
2018,BA,PRB,70,4,2,0.5,False,0.7158275186597056,False
2018,BA,PRB,80,4,3,0.75,False,0.9331329344157603,False
2018,BA,PRB,90,4,3,0.75,False,0.9331329344157603,False
2018,BA,PRB,95,4,4,1.0,False,1.0,False
2018,BA,PROS,50,12,1,0.08333333333333333,False,1.0,False
2018,BA,PROS,60,12,1,0.08333333333333333,False,1.0,False
2018,BA,PROS,70,12,1,0.08333333333333333,False,1.0,False
2018,BA,PROS,80,12,1,0.08333333333333333,False,1.0,False
2018,BA,PROS,90,12,1,0.08333333333333333,False,1.0,False
2018,BA,PROS,95,12,1,0.08333333333333333,False,1.0,False
2018,BA,PRP,50,11,1,0.09090909090909091,False,0.9302325581395349,False
2018,BA,PRP,60,11,1,0.09090909090909091,False,0.9302325581395349,False
2018,BA,PRP,70,11,1,0.09090909090909091,False,0.9302325581395349,False
2018,BA,PRP,80,11,1,0.09090909090909091,False,0.9302325581395349,False
2018,BA,PRP,90,11,1,0.09090909090909091,False,0.9302325581395349,False
2018,BA,PRP,95,11,3,0.2727272727272727,False,0.958139534883721,True
2018,BA,PRTB,50,9,1,0.1111111111111111,False,0.6546888280290868,False
2018,BA,PRTB,60,9,1,0.1111111111111111,False,0.6546888280290868,False
2018,BA,PRTB,70,9,2,0.2222222222222222,False,0.8990461799981112,False
2018,BA,PRTB,80,9,2,0.2222222222222222,False,0.8990461799981112,False
2018,BA,PRTB,90,9,3,0.3333333333333333,False,1.0,False
2018,BA,PRTB,95,9,3,0.3333333333333333,False,1.0,False
2018,BA,PSB,50,6,1,0.16666666666666666,False,0.7229123638714086,False
2018,BA,PSB,60,6,1,0.16666666666666666,False,0.7229123638714086,False
2018,BA,PSB,70,6,1,0.16666666666666666,False,0.7229123638714086,False
2018,BA,PSB,80,6,2,0.3333333333333333,False,0.9119090603083781,False
2018,BA,PSB,90,6,2,0.3333333333333333,False,0.9119090603083781,False
2018,BA,PSB,95,6,3,0.5,False,0.9830308796363152,False
2018,BA,PSC,50,9,1,0.1111111111111111,False,0.8005476444573866,False
2018,BA,PSC,60,9,1,0.1111111111111111,False,0.8005476444573866,False
2018,BA,PSC,70,9,1,0.1111111111111111,False,0.8005476444573866,False
2018,BA,PSC,80,9,1,0.1111111111111111,False,0.8005476444573866,False
2018,BA,PSC,90,9,4,0.4444444444444444,False,0.9166516594177803,False
2018,BA,PSC,95,9,6,0.6666666666666666,False,0.9543925223137846,True
2018,BA,PSD,50,10,4,0.4,False,0.5089252683442103,True
2018,BA,PSD,60,10,5,0.5,False,0.6281543382454642,True
2018,BA,PSD,70,10,6,0.6,False,0.7473834081467181,True
2018,BA,PSD,80,10,7,0.7,False,0.8666124780479721,False
2018,BA,PSD,90,10,8,0.8,False,0.940385465049373,False
2018,BA,PSD,95,10,9,0.9,False,0.9701927325246865,True
2018,BA,PSDB,50,8,2,0.25,False,0.773291584752694,False
2018,BA,PSDB,60,8,2,0.25,False,0.773291584752694,False
2018,BA,PSDB,70,8,2,0.25,False,0.773291584752694,False
2018,BA,PSDB,80,8,3,0.375,False,0.862842305630664,False
2018,BA,PSDB,90,8,4,0.5,False,0.9497804890361756,False
2018,BA,PSDB,95,8,5,0.625,False,0.9800751497798396,False
2018,BA,PSL,50,4,1,0.25,False,0.9983477901693515,False
2018,BA,PSL,60,4,1,0.25,False,0.9983477901693515,False
2018,BA,PSL,70,4,1,0.25,False,0.9983477901693515,False
2018,BA,PSL,80,4,1,0.25,False,0.9983477901693515,False
2018,BA,PSL,90,4,1,0.25,False,0.9983477901693515,False
2018,BA,PSL,95,4,1,0.25,False,0.9983477901693515,False
2018,BA,PSOL,50,50,5,0.1,False,0.5329561481183823,True
2018,BA,PSOL,60,50,6,0.12,False,0.6261465919229605,False
2018,BA,PSOL,70,50,8,0.16,False,0.7381149101541611,True
2018,BA,PSOL,80,50,10,0.2,False,0.8331691628348308,True
2018,BA,PSOL,90,50,13,0.26,False,0.9081874700975162,False
2018,BA,PSOL,95,50,20,0.4,False,0.9529854211005904,True
2018,BA,PT,50,12,4,0.3333333333333333,False,0.519691309403464,True
2018,BA,PT,60,12,5,0.4166666666666667,False,0.6491466591026386,False
2018,BA,PT,70,12,6,0.5,False,0.768332459749455,False
2018,BA,PT,80,12,7,0.5833333333333334,False,0.8366848843906192,False
2018,BA,PT,90,12,8,0.6666666666666666,False,0.9044331840665205,True
2018,BA,PT,95,12,9,0.75,False,0.9721814837424219,False
2018,BA,PTB,50,3,1,0.3333333333333333,False,0.8836737247027574,False
2018,BA,PTB,60,3,1,0.3333333333333333,False,0.8836737247027574,False
2018,BA,PTB,70,3,1,0.3333333333333333,False,0.8836737247027574,False
2018,BA,PTB,80,3,1,0.3333333333333333,False,0.8836737247027574,False
2018,BA,PTB,90,3,2,0.6666666666666666,False,0.963882339874232,False
2018,BA,PTB,95,3,2,0.6666666666666666,False,0.963882339874232,False
2018,BA,PTC,50,22,1,0.045454545454545456,False,0.6760564599087702,False
2018,BA,PTC,60,22,1,0.045454545454545456,False,0.6760564599087702,False
2018,BA,PTC,70,22,2,0.09090909090909091,False,0.8788733978814012,False
2018,BA,PTC,80,22,2,0.09090909090909091,False,0.8788733978814012,False
2018,BA,PTC,90,22,3,0.13636363636363635,False,0.9802818668677168,False
2018,BA,PTC,95,22,3,0.13636363636363635,False,0.9802818668677168,False
2018,BA,PV,50,12,2,0.16666666666666666,False,0.6118258969341651,False
2018,BA,PV,60,12,2,0.16666666666666666,False,0.6118258969341651,False
2018,BA,PV,70,12,3,0.25,False,0.7708468005010513,False
2018,BA,PV,80,12,4,0.3333333333333333,False,0.8523959818174032,False
2018,BA,PV,90,12,5,0.4166666666666667,False,0.9176353268704845,False
2018,BA,PV,95,12,7,0.5833333333333334,False,0.9641183602208052,False
2018,BA,REDE,50,20,1,0.05,False,0.6491799234616871,False
2018,BA,REDE,60,20,1,0.05,False,0.6491799234616871,False
2018,BA,REDE,70,20,3,0.15,False,0.7248001517638399,False
2018,BA,REDE,80,20,7,0.35,False,0.8106720851550947,True
2018,BA,REDE,90,20,12,0.6,False,0.9052923671949188,True
2018,BA,REDE,95,20,16,0.8,False,0.9633125343298966,False
2018,BA,SOLIDARIEDADE,50,6,1,0.16666666666666666,False,0.9674447174447175,False
2018,BA,SOLIDARIEDADE,60,6,1,0.16666666666666666,False,0.9674447174447175,False
2018,BA,SOLIDARIEDADE,70,6,1,0.16666666666666666,False,0.9674447174447175,False
2018,BA,SOLIDARIEDADE,80,6,1,0.16666666666666666,False,0.9674447174447175,False
2018,BA,SOLIDARIEDADE,90,6,1,0.16666666666666666,False,0.9674447174447175,False
2018,BA,SOLIDARIEDADE,95,6,1,0.16666666666666666,False,0.9674447174447175,False
2018,CE,AVANTE,50,6,1,0.16666666666666666,False,0.9720430107526882,False
2018,CE,AVANTE,60,6,1,0.16666666666666666,False,0.9720430107526882,False
2018,CE,AVANTE,70,6,1,0.16666666666666666,False,0.9720430107526882,False
2018,CE,AVANTE,80,6,1,0.16666666666666666,False,0.9720430107526882,False
2018,CE,AVANTE,90,6,1,0.16666666666666666,False,0.9720430107526882,False
2018,CE,AVANTE,95,6,1,0.16666666666666666,False,0.9720430107526882,False
2018,CE,DC,50,7,3,0.42857142857142855,False,0.6287644088814972,True
2018,CE,DC,60,7,3,0.42857142857142855,False,0.6287644088814972,True
2018,CE,DC,70,7,4,0.5714285714285714,False,0.7705089866062278,False
2018,CE,DC,80,7,5,0.7142857142857143,False,0.8582554222752694,False
2018,CE,DC,90,7,6,0.8571428571428571,False,0.9454828547212575,False
2018,CE,DC,95,7,7,1.0,False,1.0,False
2018,CE,DEM,50,6,1,0.16666666666666666,False,0.9306930693069307,False
2018,CE,DEM,60,6,1,0.16666666666666666,False,0.9306930693069307,False
2018,CE,DEM,70,6,1,0.16666666666666666,False,0.9306930693069307,False
2018,CE,DEM,80,6,1,0.16666666666666666,False,0.9306930693069307,False
2018,CE,DEM,90,6,1,0.16666666666666666,False,0.9306930693069307,False
2018,CE,DEM,95,6,2,0.3333333333333333,False,0.9653465346534653,True
2018,CE,MDB,50,6,2,0.3333333333333333,False,0.6660273155454428,False
2018,CE,MDB,60,6,2,0.3333333333333333,False,0.6660273155454428,False
2018,CE,MDB,70,6,3,0.5,False,0.8691984574020479,False
2018,CE,MDB,80,6,3,0.5,False,0.8691984574020479,False
2018,CE,MDB,90,6,4,0.6666666666666666,False,0.9891170109519885,False
2018,CE,MDB,95,6,4,0.6666666666666666,False,0.9891170109519885,False
2018,CE,NOVO,50,6,2,0.3333333333333333,False,0.5989607204926748,False
2018,CE,NOVO,60,6,3,0.5,False,0.7327071753792892,False
2018,CE,NOVO,70,6,3,0.5,False,0.7327071753792892,False
2018,CE,NOVO,80,6,4,0.6666666666666666,False,0.8663535876896445,True
2018,CE,NOVO,90,6,5,0.8333333333333334,False,1.0,False
2018,CE,NOVO,95,6,5,0.8333333333333334,False,1.0,False
2018,CE,PATRI,50,19,4,0.21052631578947367,False,0.5624194344463525,False
2018,CE,PATRI,60,19,5,0.2631578947368421,False,0.6545028300937377,False
2018,CE,PATRI,70,19,6,0.3157894736842105,False,0.7093525606765121,False
2018,CE,PATRI,80,19,9,0.47368421052631576,False,0.8378564981895178,False
2018,CE,PATRI,90,19,12,0.631578947368421,False,0.9133951622377247,True
2018,CE,PATRI,95,19,15,0.7894736842105263,False,0.9566975811188625,True
2018,CE,PC DO B,50,3,1,0.3333333333333333,False,0.58964721735336,False
2018,CE,PC DO B,60,3,2,0.6666666666666666,False,0.9840597675076375,False
2018,CE,PC DO B,70,3,2,0.6666666666666666,False,0.9840597675076375,False
2018,CE,PC DO B,80,3,2,0.6666666666666666,False,0.9840597675076375,False
2018,CE,PC DO B,90,3,2,0.6666666666666666,False,0.9840597675076375,False
2018,CE,PC DO B,95,3,2,0.6666666666666666,False,0.9840597675076375,False
2018,CE,PDT,50,14,2,0.14285714285714285,False,0.6815642458100558,True
2018,CE,PDT,60,14,2,0.14285714285714285,False,0.6815642458100558,True
2018,CE,PDT,70,14,3,0.21428571428571427,False,0.9608938547486033,False
2018,CE,PDT,80,14,3,0.21428571428571427,False,0.9608938547486033,False
2018,CE,PDT,90,14,3,0.21428571428571427,False,0.9608938547486033,False
2018,CE,PDT,95,14,3,0.21428571428571427,False,0.9608938547486033,False
2018,CE,PHS,50,5,1,0.2,False,0.568674215641786,False
2018,CE,PHS,60,5,2,0.4,False,0.832501398284068,False
2018,CE,PHS,70,5,2,0.4,False,0.832501398284068,False
2018,CE,PHS,80,5,2,0.4,False,0.832501398284068,False
2018,CE,PHS,90,5,3,0.6,False,0.9169577559915153,False
2018,CE,PHS,95,5,4,0.8,False,1.0,False
2018,CE,PMN,50,3,1,0.3333333333333333,False,0.9193548387096774,False
2018,CE,PMN,60,3,1,0.3333333333333333,False,0.9193548387096774,False
2018,CE,PMN,70,3,1,0.3333333333333333,False,0.9193548387096774,False
2018,CE,PMN,80,3,1,0.3333333333333333,False,0.9193548387096774,False
2018,CE,PMN,90,3,1,0.3333333333333333,False,0.9193548387096774,False
2018,CE,PMN,95,3,2,0.6666666666666666,False,1.0,False
2018,CE,PODE,50,3,1,0.3333333333333333,False,1.0,False
2018,CE,PODE,60,3,1,0.3333333333333333,False,1.0,False
2018,CE,PODE,70,3,1,0.3333333333333333,False,1.0,False
2018,CE,PODE,80,3,1,0.3333333333333333,False,1.0,False
2018,CE,PODE,90,3,1,0.3333333333333333,False,1.0,False
2018,CE,PODE,95,3,1,0.3333333333333333,False,1.0,False
2018,CE,PP,50,3,1,0.3333333333333333,False,0.673294716466081,False
2018,CE,PP,60,3,1,0.3333333333333333,False,0.673294716466081,False
2018,CE,PP,70,3,2,0.6666666666666666,False,0.9566866581529038,False
2018,CE,PP,80,3,2,0.6666666666666666,False,0.9566866581529038,False
2018,CE,PP,90,3,2,0.6666666666666666,False,0.9566866581529038,False
2018,CE,PP,95,3,2,0.6666666666666666,False,0.9566866581529038,False
2018,CE,PPL,50,2,0,0.0,True,,False
2018,CE,PPL,60,2,0,0.0,True,,False
2018,CE,PPL,70,2,0,0.0,True,,False
2018,CE,PPL,80,2,0,0.0,True,,False
2018,CE,PPL,90,2,0,0.0,True,,False
2018,CE,PPL,95,2,0,0.0,True,,False
2018,CE,PPS,50,5,1,0.2,False,0.8929768422526815,False
2018,CE,PPS,60,5,1,0.2,False,0.8929768422526815,False
2018,CE,PPS,70,5,1,0.2,False,0.8929768422526815,False
2018,CE,PPS,80,5,1,0.2,False,0.8929768422526815,False
2018,CE,PPS,90,5,2,0.4,False,0.9541329323940063,False
2018,CE,PPS,95,5,2,0.4,False,0.9541329323940063,False
2018,CE,PR,50,4,1,0.25,False,0.5815831982378165,False
2018,CE,PR,60,4,2,0.5,False,0.9935379636562698,False
2018,CE,PR,70,4,2,0.5,False,0.9935379636562698,False
2018,CE,PR,80,4,2,0.5,False,0.9935379636562698,False
2018,CE,PR,90,4,2,0.5,False,0.9935379636562698,False
2018,CE,PR,95,4,2,0.5,False,0.9935379636562698,False
2018,CE,PRB,50,1,1,1.0,False,1.0,False
2018,CE,PRB,60,1,1,1.0,False,1.0,False
2018,CE,PRB,70,1,1,1.0,False,1.0,False
2018,CE,PRB,80,1,1,1.0,False,1.0,False
2018,CE,PRB,90,1,1,1.0,False,1.0,False
2018,CE,PRB,95,1,1,1.0,False,1.0,False
2018,CE,PROS,50,30,3,0.1,False,0.6065747386187357,False
2018,CE,PROS,60,30,3,0.1,False,0.6065747386187357,False
2018,CE,PROS,70,30,4,0.13333333333333333,False,0.7186698259869578,False
2018,CE,PROS,80,30,6,0.2,False,0.8317013984449088,False
2018,CE,PROS,90,30,8,0.26666666666666666,False,0.9018435392843214,False
2018,CE,PROS,95,30,12,0.4,False,0.9553663017435454,False
2018,CE,PRP,50,1,1,1.0,False,1.0,False
2018,CE,PRP,60,1,1,1.0,False,1.0,False
2018,CE,PRP,70,1,1,1.0,False,1.0,False
2018,CE,PRP,80,1,1,1.0,False,1.0,False
2018,CE,PRP,90,1,1,1.0,False,1.0,False
2018,CE,PRP,95,1,1,1.0,False,1.0,False
2018,CE,PRTB,50,5,2,0.4,False,0.700332658012556,False
2018,CE,PRTB,60,5,2,0.4,False,0.700332658012556,False
2018,CE,PRTB,70,5,2,0.4,False,0.700332658012556,False
2018,CE,PRTB,80,5,3,0.6,False,0.8003801805857782,True
2018,CE,PRTB,90,5,4,0.8,False,0.9004277031590006,False
2018,CE,PRTB,95,5,5,1.0,False,1.0,False
2018,CE,PSB,50,3,1,0.3333333333333333,False,0.7182320441988951,False
2018,CE,PSB,60,3,1,0.3333333333333333,False,0.7182320441988951,False
2018,CE,PSB,70,3,1,0.3333333333333333,False,0.7182320441988951,False
2018,CE,PSB,80,3,2,0.6666666666666666,False,0.9392265193370166,False
2018,CE,PSB,90,3,2,0.6666666666666666,False,0.9392265193370166,False
2018,CE,PSB,95,3,3,1.0,False,1.0,False
2018,CE,PSC,50,1,1,1.0,False,1.0,False
2018,CE,PSC,60,1,1,1.0,False,1.0,False
2018,CE,PSC,70,1,1,1.0,False,1.0,False
2018,CE,PSC,80,1,1,1.0,False,1.0,False
2018,CE,PSC,90,1,1,1.0,False,1.0,False
2018,CE,PSC,95,1,1,1.0,False,1.0,False
2018,CE,PSD,50,5,1,0.2,False,0.6041203877456262,False
2018,CE,PSD,60,5,1,0.2,False,0.6041203877456262,False
2018,CE,PSD,70,5,2,0.4,False,0.9795624366270886,False
2018,CE,PSD,80,5,2,0.4,False,0.9795624366270886,False
2018,CE,PSD,90,5,2,0.4,False,0.9795624366270886,False
2018,CE,PSD,95,5,2,0.4,False,0.9795624366270886,False
2018,CE,PSDB,50,13,2,0.15384615384615385,False,0.6655583197918098,False
2018,CE,PSDB,60,13,2,0.15384615384615385,False,0.6655583197918098,False
2018,CE,PSDB,70,13,3,0.23076923076923078,False,0.8134601686344342,False
2018,CE,PSDB,80,13,3,0.23076923076923078,False,0.8134601686344342,False
2018,CE,PSDB,90,13,5,0.38461538461538464,False,0.9288592107066976,False
2018,CE,PSDB,95,13,7,0.5384615384615384,False,0.9591051387950144,True
2018,CE,PSL,50,21,1,0.047619047619047616,False,1.0,False
2018,CE,PSL,60,21,1,0.047619047619047616,False,1.0,False
2018,CE,PSL,70,21,1,0.047619047619047616,False,1.0,False
2018,CE,PSL,80,21,1,0.047619047619047616,False,1.0,False
2018,CE,PSL,90,21,1,0.047619047619047616,False,1.0,False
2018,CE,PSL,95,21,1,0.047619047619047616,False,1.0,False
2018,CE,PSOL,50,23,3,0.13043478260869565,False,0.530882178414509,True
2018,CE,PSOL,60,23,4,0.17391304347826086,False,0.6100040315721169,False
2018,CE,PSOL,70,23,6,0.2608695652173913,False,0.7177300112692373,True
2018,CE,PSOL,80,23,8,0.34782608695652173,False,0.8164196113687262,False
2018,CE,PSOL,90,23,14,0.6086956521739131,False,0.9027115153588208,True
2018,CE,PSOL,95,23,19,0.8260869565217391,False,0.956760673492809,True
2018,CE,PSTU,50,1,0,0.0,True,,False
2018,CE,PSTU,60,1,0,0.0,True,,False
2018,CE,PSTU,70,1,0,0.0,True,,False
2018,CE,PSTU,80,1,0,0.0,True,,False
2018,CE,PSTU,90,1,0,0.0,True,,False
2018,CE,PSTU,95,1,0,0.0,True,,False
2018,CE,PT,50,12,2,0.16666666666666666,False,0.5397602179842038,False
2018,CE,PT,60,12,3,0.25,False,0.7679299172205402,False
2018,CE,PT,70,12,3,0.25,False,0.7679299172205402,False
2018,CE,PT,80,12,4,0.3333333333333333,False,0.9054837950583818,False
2018,CE,PT,90,12,4,0.3333333333333333,False,0.9054837950583818,False
2018,CE,PT,95,12,6,0.5,False,0.9513123890112865,False
2018,CE,PTB,50,2,1,0.5,False,0.7288135593220338,False
2018,CE,PTB,60,2,1,0.5,False,0.7288135593220338,False
2018,CE,PTB,70,2,1,0.5,False,0.7288135593220338,False
2018,CE,PTB,80,2,2,1.0,False,1.0,False
2018,CE,PTB,90,2,2,1.0,False,1.0,False
2018,CE,PTB,95,2,2,1.0,False,1.0,False
2018,CE,PV,50,2,1,0.5,False,0.9844046094030701,False
2018,CE,PV,60,2,1,0.5,False,0.9844046094030701,False
2018,CE,PV,70,2,1,0.5,False,0.9844046094030701,False
2018,CE,PV,80,2,1,0.5,False,0.9844046094030701,False
2018,CE,PV,90,2,1,0.5,False,0.9844046094030701,False
2018,CE,PV,95,2,1,0.5,False,0.9844046094030701,False
2018,CE,REDE,50,15,7,0.4666666666666667,False,0.5614334470989762,True
2018,CE,REDE,60,15,8,0.5333333333333333,False,0.6245733788395903,True
2018,CE,REDE,70,15,10,0.6666666666666666,False,0.7508532423208191,True
2018,CE,REDE,80,15,11,0.7333333333333333,False,0.8139931740614335,True
2018,CE,REDE,90,15,13,0.8666666666666667,False,0.9402730375426621,False
2018,CE,REDE,95,15,14,0.9333333333333333,False,1.0,False
2018,CE,SOLIDARIEDADE,50,2,1,0.5,False,0.7752808988764045,False
2018,CE,SOLIDARIEDADE,60,2,1,0.5,False,0.7752808988764045,False
2018,CE,SOLIDARIEDADE,70,2,1,0.5,False,0.7752808988764045,False
2018,CE,SOLIDARIEDADE,80,2,2,1.0,False,1.0,False
2018,CE,SOLIDARIEDADE,90,2,2,1.0,False,1.0,False
2018,CE,SOLIDARIEDADE,95,2,2,1.0,False,1.0,False
2018,DF,AVANTE,50,8,3,0.375,False,0.5688663844326252,False
2018,DF,AVANTE,60,8,4,0.5,False,0.6829161888372055,False
2018,DF,AVANTE,70,8,5,0.625,False,0.7877821392170686,False
2018,DF,AVANTE,80,8,6,0.75,False,0.8631865221262568,False
2018,DF,AVANTE,90,8,7,0.875,False,0.9365218309561358,False
2018,DF,AVANTE,95,8,8,1.0,False,1.0,False
2018,DF,DC,50,10,5,0.5,False,0.5196967258551938,True
2018,DF,DC,60,10,6,0.6,False,0.6180462421543909,False
2018,DF,DC,70,10,7,0.7,False,0.7146075854299662,True
2018,DF,DC,80,10,8,0.8,False,0.8111689287055416,True
2018,DF,DC,90,10,9,0.9,False,0.9077302719811169,False
2018,DF,DC,95,10,10,1.0,False,1.0,False
2018,DF,DEM,50,3,1,0.3333333333333333,False,1.0,False
2018,DF,DEM,60,3,1,0.3333333333333333,False,1.0,False
2018,DF,DEM,70,3,1,0.3333333333333333,False,1.0,False
2018,DF,DEM,80,3,1,0.3333333333333333,False,1.0,False
2018,DF,DEM,90,3,1,0.3333333333333333,False,1.0,False
2018,DF,DEM,95,3,1,0.3333333333333333,False,1.0,False
2018,DF,MDB,50,3,1,0.3333333333333333,False,0.8470370381917135,False
2018,DF,MDB,60,3,1,0.3333333333333333,False,0.8470370381917135,False
2018,DF,MDB,70,3,1,0.3333333333333333,False,0.8470370381917135,False
2018,DF,MDB,80,3,1,0.3333333333333333,False,0.8470370381917135,False
2018,DF,MDB,90,3,2,0.6666666666666666,False,0.9687849603596915,False
2018,DF,MDB,95,3,2,0.6666666666666666,False,0.9687849603596915,False
2018,DF,NOVO,50,6,2,0.3333333333333333,False,0.5325190112451302,False
2018,DF,NOVO,60,6,3,0.5,False,0.6493892584338476,True
2018,DF,NOVO,70,6,4,0.6666666666666666,False,0.7662595056225652,True
2018,DF,NOVO,80,6,5,0.8333333333333334,False,0.8831297528112826,True
2018,DF,NOVO,90,6,6,1.0,False,1.0,False
2018,DF,NOVO,95,6,6,1.0,False,1.0,False
2018,DF,PATRI,50,1,1,1.0,False,1.0,False
2018,DF,PATRI,60,1,1,1.0,False,1.0,False
2018,DF,PATRI,70,1,1,1.0,False,1.0,False
2018,DF,PATRI,80,1,1,1.0,False,1.0,False
2018,DF,PATRI,90,1,1,1.0,False,1.0,False
2018,DF,PATRI,95,1,1,1.0,False,1.0,False
2018,DF,PC DO B,50,2,1,0.5,False,0.9197431781701445,False
2018,DF,PC DO B,60,2,1,0.5,False,0.9197431781701445,False
2018,DF,PC DO B,70,2,1,0.5,False,0.9197431781701445,False
2018,DF,PC DO B,80,2,1,0.5,False,0.9197431781701445,False
2018,DF,PC DO B,90,2,1,0.5,False,0.9197431781701445,False
2018,DF,PC DO B,95,2,2,1.0,False,1.0,False
2018,DF,PCB,50,1,1,1.0,False,1.0,False
2018,DF,PCB,60,1,1,1.0,False,1.0,False
2018,DF,PCB,70,1,1,1.0,False,1.0,False
2018,DF,PCB,80,1,1,1.0,False,1.0,False
2018,DF,PCB,90,1,1,1.0,False,1.0,False
2018,DF,PCB,95,1,1,1.0,False,1.0,False
2018,DF,PDT,50,4,1,0.25,False,0.5836575875486382,False
2018,DF,PDT,60,4,2,0.5,False,0.8054474708171206,False
2018,DF,PDT,70,4,2,0.5,False,0.8054474708171206,False
2018,DF,PDT,80,4,2,0.5,False,0.8054474708171206,False
2018,DF,PDT,90,4,3,0.75,False,1.0,False
2018,DF,PDT,95,4,3,0.75,False,1.0,False
2018,DF,PHS,50,3,1,0.3333333333333333,False,0.5178421863987186,False
2018,DF,PHS,60,3,2,0.6666666666666666,False,0.9209036261288072,False
2018,DF,PHS,70,3,2,0.6666666666666666,False,0.9209036261288072,False
2018,DF,PHS,80,3,2,0.6666666666666666,False,0.9209036261288072,False
2018,DF,PHS,90,3,2,0.6666666666666666,False,0.9209036261288072,False
2018,DF,PHS,95,3,3,1.0,False,1.0,False
2018,DF,PMB,50,1,1,1.0,False,1.0,False
2018,DF,PMB,60,1,1,1.0,False,1.0,False
2018,DF,PMB,70,1,1,1.0,False,1.0,False
2018,DF,PMB,80,1,1,1.0,False,1.0,False
2018,DF,PMB,90,1,1,1.0,False,1.0,False
2018,DF,PMB,95,1,1,1.0,False,1.0,False
2018,DF,PMN,50,5,1,0.2,False,1.0,False
2018,DF,PMN,60,5,1,0.2,False,1.0,False
2018,DF,PMN,70,5,1,0.2,False,1.0,False
2018,DF,PMN,80,5,1,0.2,False,1.0,False
2018,DF,PMN,90,5,1,0.2,False,1.0,False
2018,DF,PMN,95,5,1,0.2,False,1.0,False
2018,DF,PODE,50,1,1,1.0,False,1.0,False
2018,DF,PODE,60,1,1,1.0,False,1.0,False
2018,DF,PODE,70,1,1,1.0,False,1.0,False
2018,DF,PODE,80,1,1,1.0,False,1.0,False
2018,DF,PODE,90,1,1,1.0,False,1.0,False
2018,DF,PODE,95,1,1,1.0,False,1.0,False
2018,DF,PP,50,2,1,0.5,False,0.6532372404316421,False
2018,DF,PP,60,2,1,0.5,False,0.6532372404316421,False
2018,DF,PP,70,2,2,1.0,False,1.0,False
2018,DF,PP,80,2,2,1.0,False,1.0,False
2018,DF,PP,90,2,2,1.0,False,1.0,False
2018,DF,PP,95,2,2,1.0,False,1.0,False
2018,DF,PPL,50,13,3,0.23076923076923078,False,0.6465940904062895,False
2018,DF,PPL,60,13,3,0.23076923076923078,False,0.6465940904062895,False
2018,DF,PPL,70,13,4,0.3076923076923077,False,0.769139210530474,False
2018,DF,PPL,80,13,5,0.38461538461538464,False,0.8317391924153343,False
2018,DF,PPL,90,13,7,0.5384615384615384,False,0.9275953067455237,False
2018,DF,PPL,95,13,8,0.6153846153846154,False,0.9642918478504419,False
2018,DF,PPS,50,4,1,0.25,False,0.751653638003608,False
2018,DF,PPS,60,4,1,0.25,False,0.751653638003608,False
2018,DF,PPS,70,4,1,0.25,False,0.751653638003608,False
2018,DF,PPS,80,4,2,0.5,False,0.8804870715574263,False
2018,DF,PPS,90,4,3,0.75,False,0.961665664461816,False
2018,DF,PPS,95,4,3,0.75,False,0.961665664461816,False
2018,DF,PR,50,5,2,0.4,False,0.9508203432852624,False
2018,DF,PR,60,5,2,0.4,False,0.9508203432852624,False
2018,DF,PR,70,5,2,0.4,False,0.9508203432852624,False
2018,DF,PR,80,5,2,0.4,False,0.9508203432852624,False
2018,DF,PR,90,5,2,0.4,False,0.9508203432852624,False
2018,DF,PR,95,5,2,0.4,False,0.9508203432852624,False
2018,DF,PRB,50,3,1,0.3333333333333333,False,0.9171465841429458,False
2018,DF,PRB,60,3,1,0.3333333333333333,False,0.9171465841429458,False
2018,DF,PRB,70,3,1,0.3333333333333333,False,0.9171465841429458,False
2018,DF,PRB,80,3,1,0.3333333333333333,False,0.9171465841429458,False
2018,DF,PRB,90,3,1,0.3333333333333333,False,0.9171465841429458,False
2018,DF,PRB,95,3,2,0.6666666666666666,False,0.9828080987916323,False
2018,DF,PROS,50,7,2,0.2857142857142857,False,0.6825513997422568,False
2018,DF,PROS,60,7,2,0.2857142857142857,False,0.6825513997422568,False
2018,DF,PROS,70,7,3,0.42857142857142855,False,0.8403098762353228,False
2018,DF,PROS,80,7,3,0.42857142857142855,False,0.8403098762353228,False
2018,DF,PROS,90,7,4,0.5714285714285714,False,0.9187602366353668,False
2018,DF,PROS,95,7,5,0.7142857142857143,False,0.9605354626310204,False
2018,DF,PRP,50,9,1,0.1111111111111111,False,0.7157283315346483,False
2018,DF,PRP,60,9,1,0.1111111111111111,False,0.7157283315346483,False
2018,DF,PRP,70,9,1,0.1111111111111111,False,0.7157283315346483,False
2018,DF,PRP,80,9,2,0.2222222222222222,False,0.9132991899278693,False
2018,DF,PRP,90,9,2,0.2222222222222222,False,0.9132991899278693,False
2018,DF,PRP,95,9,3,0.3333333333333333,False,0.9691408544291593,False
2018,DF,PRTB,50,5,2,0.4,False,0.5882352941176471,False
2018,DF,PRTB,60,5,3,0.6,False,0.7815126050420168,True
2018,DF,PRTB,70,5,3,0.6,False,0.7815126050420168,True
2018,DF,PRTB,80,5,4,0.8,False,0.9747899159663865,False
2018,DF,PRTB,90,5,4,0.8,False,0.9747899159663865,False
2018,DF,PRTB,95,5,4,0.8,False,0.9747899159663865,False
2018,DF,PSB,50,2,1,0.5,False,0.6295543440961824,False
2018,DF,PSB,60,2,1,0.5,False,0.6295543440961824,False
2018,DF,PSB,70,2,2,1.0,False,1.0,False
2018,DF,PSB,80,2,2,1.0,False,1.0,False
2018,DF,PSB,90,2,2,1.0,False,1.0,False
2018,DF,PSB,95,2,2,1.0,False,1.0,False
2018,DF,PSC,50,4,2,0.5,False,0.616068612494623,False
2018,DF,PSC,60,4,2,0.5,False,0.616068612494623,False
2018,DF,PSC,70,4,3,0.75,False,0.8168815731570076,False
2018,DF,PSC,80,4,3,0.75,False,0.8168815731570076,False
2018,DF,PSC,90,4,4,1.0,False,1.0,False
2018,DF,PSC,95,4,4,1.0,False,1.0,False
2018,DF,PSD,50,1,1,1.0,False,1.0,False
2018,DF,PSD,60,1,1,1.0,False,1.0,False
2018,DF,PSD,70,1,1,1.0,False,1.0,False
2018,DF,PSD,80,1,1,1.0,False,1.0,False
2018,DF,PSD,90,1,1,1.0,False,1.0,False
2018,DF,PSD,95,1,1,1.0,False,1.0,False
2018,DF,PSDB,50,8,2,0.25,False,0.5471397372029164,False
2018,DF,PSDB,60,8,3,0.375,False,0.6384986126127529,True
2018,DF,PSDB,70,8,4,0.5,False,0.7298574880225891,True
2018,DF,PSDB,80,8,5,0.625,False,0.8212163634324255,False
2018,DF,PSDB,90,8,6,0.75,False,0.9086411245901637,True
2018,DF,PSDB,95,8,7,0.875,False,0.9960658857479018,False
2018,DF,PSL,50,3,1,0.3333333333333333,False,0.5454281716099526,False
2018,DF,PSL,60,3,2,0.6666666666666666,False,0.8929485647974333,False
2018,DF,PSL,70,3,2,0.6666666666666666,False,0.8929485647974333,False
2018,DF,PSL,80,3,2,0.6666666666666666,False,0.8929485647974333,False
2018,DF,PSL,90,3,3,1.0,False,1.0,False
2018,DF,PSL,95,3,3,1.0,False,1.0,False
2018,DF,PSOL,50,15,3,0.2,False,0.5274757006381301,True
2018,DF,PSOL,60,15,4,0.26666666666666666,False,0.6415130636640884,True
2018,DF,PSOL,70,15,5,0.3333333333333333,False,0.755550426690047,True
2018,DF,PSOL,80,15,6,0.4,False,0.8695877897160054,False
2018,DF,PSOL,90,15,8,0.5333333333333333,False,0.9211257564828172,False
2018,DF,PSOL,95,15,11,0.7333333333333333,False,0.9587119250607159,True
2018,DF,PSTU,50,1,1,1.0,False,1.0,False
2018,DF,PSTU,60,1,1,1.0,False,1.0,False
2018,DF,PSTU,70,1,1,1.0,False,1.0,False
2018,DF,PSTU,80,1,1,1.0,False,1.0,False
2018,DF,PSTU,90,1,1,1.0,False,1.0,False
2018,DF,PSTU,95,1,1,1.0,False,1.0,False
2018,DF,PT,50,16,2,0.125,False,0.6651290753120975,True
2018,DF,PT,60,16,2,0.125,False,0.6651290753120975,True
2018,DF,PT,70,16,3,0.1875,False,0.8536138061711365,False
2018,DF,PT,80,16,3,0.1875,False,0.8536138061711365,False
2018,DF,PT,90,16,5,0.3125,False,0.9240003347375445,False
2018,DF,PT,95,16,9,0.5625,False,0.9527607190829476,True
2018,DF,PTB,50,1,1,1.0,False,1.0,False
2018,DF,PTB,60,1,1,1.0,False,1.0,False
2018,DF,PTB,70,1,1,1.0,False,1.0,False
2018,DF,PTB,80,1,1,1.0,False,1.0,False
2018,DF,PTB,90,1,1,1.0,False,1.0,False
2018,DF,PTB,95,1,1,1.0,False,1.0,False
2018,DF,PTC,50,6,1,0.16666666666666666,False,0.8,False
2018,DF,PTC,60,6,1,0.16666666666666666,False,0.8,False
2018,DF,PTC,70,6,1,0.16666666666666666,False,0.8,False
2018,DF,PTC,80,6,1,0.16666666666666666,False,0.8,False
2018,DF,PTC,90,6,4,0.6666666666666666,False,0.92,True
2018,DF,PTC,95,6,5,0.8333333333333334,False,0.96,True
2018,DF,PV,50,2,1,0.5,False,0.770152319014205,False
2018,DF,PV,60,2,1,0.5,False,0.770152319014205,False
2018,DF,PV,70,2,1,0.5,False,0.770152319014205,False
2018,DF,PV,80,2,2,1.0,False,1.0,False
2018,DF,PV,90,2,2,1.0,False,1.0,False
2018,DF,PV,95,2,2,1.0,False,1.0,False
2018,DF,REDE,50,6,1,0.16666666666666666,False,0.982532751091703,False
2018,DF,REDE,60,6,1,0.16666666666666666,False,0.982532751091703,False
2018,DF,REDE,70,6,1,0.16666666666666666,False,0.982532751091703,False
2018,DF,REDE,80,6,1,0.16666666666666666,False,0.982532751091703,False
2018,DF,REDE,90,6,1,0.16666666666666666,False,0.982532751091703,False
2018,DF,REDE,95,6,1,0.16666666666666666,False,0.982532751091703,False
2018,DF,SOLIDARIEDADE,50,1,1,1.0,False,1.0,False
2018,DF,SOLIDARIEDADE,60,1,1,1.0,False,1.0,False
2018,DF,SOLIDARIEDADE,70,1,1,1.0,False,1.0,False
2018,DF,SOLIDARIEDADE,80,1,1,1.0,False,1.0,False
2018,DF,SOLIDARIEDADE,90,1,1,1.0,False,1.0,False
2018,DF,SOLIDARIEDADE,95,1,1,1.0,False,1.0,False
2018,ES,AVANTE,50,2,1,0.5,False,0.5018308082565972,False
2018,ES,AVANTE,60,2,2,1.0,False,1.0,False
2018,ES,AVANTE,70,2,2,1.0,False,1.0,False
2018,ES,AVANTE,80,2,2,1.0,False,1.0,False
2018,ES,AVANTE,90,2,2,1.0,False,1.0,False
2018,ES,AVANTE,95,2,2,1.0,False,1.0,False
2018,ES,DC,50,11,5,0.45454545454545453,False,0.5646793640638912,True
2018,ES,DC,60,11,6,0.5454545454545454,False,0.6775833037580883,True
2018,ES,DC,70,11,7,0.6363636363636364,False,0.790487243452285,True
2018,ES,DC,80,11,8,0.7272727272727273,False,0.9033911831464821,False
2018,ES,DC,90,11,8,0.7272727272727273,False,0.9033911831464821,False
2018,ES,DC,95,11,9,0.8181818181818182,False,1.0,False
2018,ES,DEM,50,2,1,0.5,False,1.0,False
2018,ES,DEM,60,2,1,0.5,False,1.0,False
2018,ES,DEM,70,2,1,0.5,False,1.0,False
2018,ES,DEM,80,2,1,0.5,False,1.0,False
2018,ES,DEM,90,2,1,0.5,False,1.0,False
2018,ES,DEM,95,2,1,0.5,False,1.0,False
2018,ES,MDB,50,4,1,0.25,False,0.9495328024437383,False
2018,ES,MDB,60,4,1,0.25,False,0.9495328024437383,False
2018,ES,MDB,70,4,1,0.25,False,0.9495328024437383,False
2018,ES,MDB,80,4,1,0.25,False,0.9495328024437383,False
2018,ES,MDB,90,4,1,0.25,False,0.9495328024437383,False
2018,ES,MDB,95,4,2,0.5,False,0.9761415806322123,False
2018,ES,NOVO,50,6,3,0.5,False,0.5,True
2018,ES,NOVO,60,6,4,0.6666666666666666,False,0.6666666666666666,True
2018,ES,NOVO,70,6,5,0.8333333333333334,False,0.8333333333333333,True
2018,ES,NOVO,80,6,5,0.8333333333333334,False,0.8333333333333333,True
2018,ES,NOVO,90,6,6,1.0,False,1.0,False
2018,ES,NOVO,95,6,6,1.0,False,1.0,False
2018,ES,PATRI,50,1,0,0.0,True,,False
2018,ES,PATRI,60,1,0,0.0,True,,False
2018,ES,PATRI,70,1,0,0.0,True,,False
2018,ES,PATRI,80,1,0,0.0,True,,False
2018,ES,PATRI,90,1,0,0.0,True,,False
2018,ES,PATRI,95,1,0,0.0,True,,False
2018,ES,PC DO B,50,1,1,1.0,False,1.0,False
2018,ES,PC DO B,60,1,1,1.0,False,1.0,False
2018,ES,PC DO B,70,1,1,1.0,False,1.0,False
2018,ES,PC DO B,80,1,1,1.0,False,1.0,False
2018,ES,PC DO B,90,1,1,1.0,False,1.0,False
2018,ES,PC DO B,95,1,1,1.0,False,1.0,False
2018,ES,PDT,50,5,1,0.2,False,0.921041899510815,False
2018,ES,PDT,60,5,1,0.2,False,0.921041899510815,False
2018,ES,PDT,70,5,1,0.2,False,0.921041899510815,False
2018,ES,PDT,80,5,1,0.2,False,0.921041899510815,False
2018,ES,PDT,90,5,1,0.2,False,0.921041899510815,False
2018,ES,PDT,95,5,3,0.6,False,0.9736806331702716,False
2018,ES,PHS,50,3,1,0.3333333333333333,False,0.5,True
2018,ES,PHS,60,3,2,0.6666666666666666,False,1.0,False
2018,ES,PHS,70,3,2,0.6666666666666666,False,1.0,False
2018,ES,PHS,80,3,2,0.6666666666666666,False,1.0,False
2018,ES,PHS,90,3,2,0.6666666666666666,False,1.0,False
2018,ES,PHS,95,3,2,0.6666666666666666,False,1.0,False
2018,ES,PMB,50,5,2,0.4,False,0.6669156485087766,False
2018,ES,PMB,60,5,2,0.4,False,0.6669156485087766,False
2018,ES,PMB,70,5,3,0.6,False,0.8132636184175426,False
2018,ES,PMB,80,5,3,0.6,False,0.8132636184175426,False
2018,ES,PMB,90,5,4,0.8,False,0.9466467481192978,False
2018,ES,PMB,95,5,5,1.0,False,1.0,False
2018,ES,PMN,50,1,1,1.0,False,1.0,False
2018,ES,PMN,60,1,1,1.0,False,1.0,False
2018,ES,PMN,70,1,1,1.0,False,1.0,False
2018,ES,PMN,80,1,1,1.0,False,1.0,False
2018,ES,PMN,90,1,1,1.0,False,1.0,False
2018,ES,PMN,95,1,1,1.0,False,1.0,False
2018,ES,PODE,50,6,3,0.5,False,0.5,True
2018,ES,PODE,60,6,4,0.6666666666666666,False,0.6666666666666665,True
2018,ES,PODE,70,6,5,0.8333333333333334,False,0.8333333333333335,True
2018,ES,PODE,80,6,5,0.8333333333333334,False,0.8333333333333335,True
2018,ES,PODE,90,6,6,1.0,False,1.0,False
2018,ES,PODE,95,6,6,1.0,False,1.0,False
2018,ES,PP,50,7,2,0.2857142857142857,False,0.7405288931759278,False
2018,ES,PP,60,7,2,0.2857142857142857,False,0.7405288931759278,False
2018,ES,PP,70,7,2,0.2857142857142857,False,0.7405288931759278,False
2018,ES,PP,80,7,3,0.42857142857142855,False,0.8205157622566838,False
2018,ES,PP,90,7,5,0.7142857142857143,False,0.9590830044268635,False
2018,ES,PP,95,7,5,0.7142857142857143,False,0.9590830044268635,False
2018,ES,PPL,50,1,1,1.0,False,1.0,False
2018,ES,PPL,60,1,1,1.0,False,1.0,False
2018,ES,PPL,70,1,1,1.0,False,1.0,False
2018,ES,PPL,80,1,1,1.0,False,1.0,False
2018,ES,PPL,90,1,1,1.0,False,1.0,False
2018,ES,PPL,95,1,1,1.0,False,1.0,False
2018,ES,PPS,50,5,2,0.4,False,0.7004485058756157,False
2018,ES,PPS,60,5,2,0.4,False,0.7004485058756157,False
2018,ES,PPS,70,5,2,0.4,False,0.7004485058756157,False
2018,ES,PPS,80,5,3,0.6,False,0.8983496193281343,False
2018,ES,PPS,90,5,4,0.8,False,1.0,False
2018,ES,PPS,95,5,4,0.8,False,1.0,False
2018,ES,PR,50,3,1,0.3333333333333333,False,0.5961675689243777,False
2018,ES,PR,60,3,2,0.6666666666666666,False,0.9974079670916332,False
2018,ES,PR,70,3,2,0.6666666666666666,False,0.9974079670916332,False
2018,ES,PR,80,3,2,0.6666666666666666,False,0.9974079670916332,False
2018,ES,PR,90,3,2,0.6666666666666666,False,0.9974079670916332,False
2018,ES,PR,95,3,2,0.6666666666666666,False,0.9974079670916332,False
2018,ES,PRB,50,10,2,0.2,False,0.7115769053142149,False
2018,ES,PRB,60,10,2,0.2,False,0.7115769053142149,False
2018,ES,PRB,70,10,2,0.2,False,0.7115769053142149,False
2018,ES,PRB,80,10,3,0.3,False,0.8216280534354943,False
2018,ES,PRB,90,10,4,0.4,False,0.916012473407945,False
2018,ES,PRB,95,10,5,0.5,False,0.9589946537503388,False
2018,ES,PROS,50,3,1,0.3333333333333333,False,0.9878833713423897,False
2018,ES,PROS,60,3,1,0.3333333333333333,False,0.9878833713423897,False
2018,ES,PROS,70,3,1,0.3333333333333333,False,0.9878833713423897,False
2018,ES,PROS,80,3,1,0.3333333333333333,False,0.9878833713423897,False
2018,ES,PROS,90,3,1,0.3333333333333333,False,0.9878833713423897,False
2018,ES,PROS,95,3,1,0.3333333333333333,False,0.9878833713423897,False
2018,ES,PRP,50,3,1,0.3333333333333333,False,0.5083543207079873,False
2018,ES,PRP,60,3,2,0.6666666666666666,False,0.8413370153013835,False
2018,ES,PRP,70,3,2,0.6666666666666666,False,0.8413370153013835,False
2018,ES,PRP,80,3,2,0.6666666666666666,False,0.8413370153013835,False
2018,ES,PRP,90,3,3,1.0,False,1.0,False
2018,ES,PRP,95,3,3,1.0,False,1.0,False
2018,ES,PRTB,50,6,1,0.16666666666666666,False,0.5,True
2018,ES,PRTB,60,6,2,0.3333333333333333,False,1.0,False
2018,ES,PRTB,70,6,2,0.3333333333333333,False,1.0,False
2018,ES,PRTB,80,6,2,0.3333333333333333,False,1.0,False
2018,ES,PRTB,90,6,2,0.3333333333333333,False,1.0,False
2018,ES,PRTB,95,6,2,0.3333333333333333,False,1.0,False
2018,ES,PSB,50,10,1,0.1,False,0.5529432531352946,False
2018,ES,PSB,60,10,2,0.2,False,0.6806965383625649,False
2018,ES,PSB,70,10,3,0.3,False,0.7870317793501216,False
2018,ES,PSB,80,10,4,0.4,False,0.8508329239426555,False
2018,ES,PSB,90,10,6,0.6,False,0.9146340685351895,False
2018,ES,PSB,95,10,8,0.8,False,0.9574659036049773,True
2018,ES,PSC,50,1,1,1.0,False,1.0,False
2018,ES,PSC,60,1,1,1.0,False,1.0,False
2018,ES,PSC,70,1,1,1.0,False,1.0,False
2018,ES,PSC,80,1,1,1.0,False,1.0,False
2018,ES,PSC,90,1,1,1.0,False,1.0,False
2018,ES,PSC,95,1,1,1.0,False,1.0,False
2018,ES,PSD,50,2,1,0.5,False,0.7540580423020167,False
2018,ES,PSD,60,2,1,0.5,False,0.7540580423020167,False
2018,ES,PSD,70,2,1,0.5,False,0.7540580423020167,False
2018,ES,PSD,80,2,2,1.0,False,1.0,False
2018,ES,PSD,90,2,2,1.0,False,1.0,False
2018,ES,PSD,95,2,2,1.0,False,1.0,False
2018,ES,PSDB,50,3,1,0.3333333333333333,False,0.9670824514792633,False
2018,ES,PSDB,60,3,1,0.3333333333333333,False,0.9670824514792633,False
2018,ES,PSDB,70,3,1,0.3333333333333333,False,0.9670824514792633,False
2018,ES,PSDB,80,3,1,0.3333333333333333,False,0.9670824514792633,False
2018,ES,PSDB,90,3,1,0.3333333333333333,False,0.9670824514792633,False
2018,ES,PSDB,95,3,1,0.3333333333333333,False,0.9670824514792633,False
2018,ES,PSL,50,7,1,0.14285714285714285,False,0.9228009488406713,False
2018,ES,PSL,60,7,1,0.14285714285714285,False,0.9228009488406713,False
2018,ES,PSL,70,7,1,0.14285714285714285,False,0.9228009488406713,False
2018,ES,PSL,80,7,1,0.14285714285714285,False,0.9228009488406713,False
2018,ES,PSL,90,7,1,0.14285714285714285,False,0.9228009488406713,False
2018,ES,PSL,95,7,2,0.2857142857142857,False,0.9549672201570583,False
2018,ES,PSOL,50,7,4,0.5714285714285714,False,0.6158870953320013,True
2018,ES,PSOL,60,7,4,0.5714285714285714,False,0.6158870953320013,True
2018,ES,PSOL,70,7,5,0.7142857142857143,False,0.7446427671463156,True
2018,ES,PSOL,80,7,6,0.8571428571428571,False,0.8733984389606294,False
2018,ES,PSOL,90,7,7,1.0,False,1.0,False
2018,ES,PSOL,95,7,7,1.0,False,1.0,False
2018,ES,PT,50,15,1,0.06666666666666667,False,0.5644402634054563,False
2018,ES,PT,60,15,2,0.13333333333333333,False,0.8143618689244277,False
2018,ES,PT,70,15,2,0.13333333333333333,False,0.8143618689244277,False
2018,ES,PT,80,15,2,0.13333333333333333,False,0.8143618689244277,False
2018,ES,PT,90,15,4,0.26666666666666666,False,0.9078080903104422,False
2018,ES,PT,95,15,9,0.6,False,0.9548447789275635,True
2018,ES,PTB,50,13,1,0.07692307692307693,False,0.5076697324633808,False
2018,ES,PTB,60,13,2,0.15384615384615385,False,0.6255116212037838,False
2018,ES,PTB,70,13,4,0.3076923076923077,False,0.7590755443754422,True
2018,ES,PTB,80,13,5,0.38461538461538464,False,0.8245106516783272,False
2018,ES,PTB,90,13,7,0.5384615384615384,False,0.9371118622749783,True
2018,ES,PTB,95,13,8,0.6153846153846154,False,0.9895186437124964,False
2018,ES,PTC,50,1,1,1.0,False,1.0,False
2018,ES,PTC,60,1,1,1.0,False,1.0,False
2018,ES,PTC,70,1,1,1.0,False,1.0,False
2018,ES,PTC,80,1,1,1.0,False,1.0,False
2018,ES,PTC,90,1,1,1.0,False,1.0,False
2018,ES,PTC,95,1,1,1.0,False,1.0,False
2018,ES,PV,50,5,2,0.4,False,0.5630679632517405,False
2018,ES,PV,60,5,3,0.6,False,0.7213634728346722,False
2018,ES,PV,70,5,3,0.6,False,0.7213634728346722,False
2018,ES,PV,80,5,4,0.8,False,0.8761894476909039,False
2018,ES,PV,90,5,5,1.0,False,1.0,False
2018,ES,PV,95,5,5,1.0,False,1.0,False
2018,ES,REDE,50,6,1,0.16666666666666666,False,0.9958071278825996,False
2018,ES,REDE,60,6,1,0.16666666666666666,False,0.9958071278825996,False
2018,ES,REDE,70,6,1,0.16666666666666666,False,0.9958071278825996,False
2018,ES,REDE,80,6,1,0.16666666666666666,False,0.9958071278825996,False
2018,ES,REDE,90,6,1,0.16666666666666666,False,0.9958071278825996,False
2018,ES,REDE,95,6,1,0.16666666666666666,False,0.9958071278825996,False
2018,ES,SOLIDARIEDADE,50,2,1,0.5,False,0.9765258215962441,False
2018,ES,SOLIDARIEDADE,60,2,1,0.5,False,0.9765258215962441,False
2018,ES,SOLIDARIEDADE,70,2,1,0.5,False,0.9765258215962441,False
2018,ES,SOLIDARIEDADE,80,2,1,0.5,False,0.9765258215962441,False
2018,ES,SOLIDARIEDADE,90,2,1,0.5,False,0.9765258215962441,False
2018,ES,SOLIDARIEDADE,95,2,1,0.5,False,0.9765258215962441,False
2018,GO,AVANTE,50,6,0,0.0,True,,False
2018,GO,AVANTE,60,6,0,0.0,True,,False
2018,GO,AVANTE,70,6,0,0.0,True,,False
2018,GO,AVANTE,80,6,0,0.0,True,,False
2018,GO,AVANTE,90,6,0,0.0,True,,False
2018,GO,AVANTE,95,6,0,0.0,True,,False
2018,GO,DC,50,12,1,0.08333333333333333,False,0.7452479125841684,False
2018,GO,DC,60,12,1,0.08333333333333333,False,0.7452479125841684,False
2018,GO,DC,70,12,1,0.08333333333333333,False,0.7452479125841684,False
2018,GO,DC,80,12,2,0.16666666666666666,False,0.806655866886579,False
2018,GO,DC,90,12,5,0.4166666666666667,False,0.932828930168525,False
2018,GO,DC,95,12,6,0.5,False,0.9608052191445662,False
2018,GO,DEM,50,6,2,0.3333333333333333,False,0.6632499911612761,False
2018,GO,DEM,60,6,2,0.3333333333333333,False,0.6632499911612761,False
2018,GO,DEM,70,6,3,0.5,False,0.9290357931438464,False
2018,GO,DEM,80,6,3,0.5,False,0.9290357931438464,False
2018,GO,DEM,90,6,3,0.5,False,0.9290357931438464,False
2018,GO,DEM,95,6,4,0.6666666666666666,False,0.9673304336383944,False
2018,GO,MDB,50,14,1,0.07142857142857142,False,0.7078080070780801,False
2018,GO,MDB,60,14,1,0.07142857142857142,False,0.7078080070780801,False
2018,GO,MDB,70,14,1,0.07142857142857142,False,0.7078080070780801,False
2018,GO,MDB,80,14,2,0.14285714285714285,False,0.9289980092899801,False
2018,GO,MDB,90,14,2,0.14285714285714285,False,0.9289980092899801,False
2018,GO,MDB,95,14,3,0.21428571428571427,False,0.9732360097323601,False
2018,GO,NOVO,50,6,2,0.3333333333333333,False,0.5644717760149619,False
2018,GO,NOVO,60,6,3,0.5,False,0.6733538320112215,True
2018,GO,NOVO,70,6,4,0.6666666666666666,False,0.782235888007481,True
2018,GO,NOVO,80,6,5,0.8333333333333334,False,0.8911179440037404,True
2018,GO,NOVO,90,6,6,1.0,False,1.0,False
2018,GO,NOVO,95,6,6,1.0,False,1.0,False
2018,GO,PATRI,50,8,0,0.0,True,,False
2018,GO,PATRI,60,8,0,0.0,True,,False
2018,GO,PATRI,70,8,0,0.0,True,,False
2018,GO,PATRI,80,8,0,0.0,True,,False
2018,GO,PATRI,90,8,0,0.0,True,,False
2018,GO,PATRI,95,8,0,0.0,True,,False
2018,GO,PC DO B,50,3,1,0.3333333333333333,False,0.9977190906128319,False
2018,GO,PC DO B,60,3,1,0.3333333333333333,False,0.9977190906128319,False
2018,GO,PC DO B,70,3,1,0.3333333333333333,False,0.9977190906128319,False
2018,GO,PC DO B,80,3,1,0.3333333333333333,False,0.9977190906128319,False
2018,GO,PC DO B,90,3,1,0.3333333333333333,False,0.9977190906128319,False
2018,GO,PC DO B,95,3,1,0.3333333333333333,False,0.9977190906128319,False
2018,GO,PCB,50,1,1,1.0,False,1.0,False
2018,GO,PCB,60,1,1,1.0,False,1.0,False
2018,GO,PCB,70,1,1,1.0,False,1.0,False
2018,GO,PCB,80,1,1,1.0,False,1.0,False
2018,GO,PCB,90,1,1,1.0,False,1.0,False
2018,GO,PCB,95,1,1,1.0,False,1.0,False
2018,GO,PCO,50,1,1,1.0,False,1.0,False
2018,GO,PCO,60,1,1,1.0,False,1.0,False
2018,GO,PCO,70,1,1,1.0,False,1.0,False
2018,GO,PCO,80,1,1,1.0,False,1.0,False
2018,GO,PCO,90,1,1,1.0,False,1.0,False
2018,GO,PCO,95,1,1,1.0,False,1.0,False
2018,GO,PDT,50,2,1,0.5,False,1.0,False
2018,GO,PDT,60,2,1,0.5,False,1.0,False
2018,GO,PDT,70,2,1,0.5,False,1.0,False
2018,GO,PDT,80,2,1,0.5,False,1.0,False
2018,GO,PDT,90,2,1,0.5,False,1.0,False
2018,GO,PDT,95,2,1,0.5,False,1.0,False
2018,GO,PHS,50,20,3,0.15,False,0.5461000007403957,False
2018,GO,PHS,60,20,4,0.2,False,0.6676070255555,False
2018,GO,PHS,70,20,5,0.25,False,0.7226837684140363,False
2018,GO,PHS,80,20,7,0.35,False,0.8086807879650842,True
2018,GO,PHS,90,20,11,0.55,False,0.9202836616521185,False
2018,GO,PHS,95,20,14,0.7,False,0.9586924428560978,True
2018,GO,PMN,50,4,1,0.25,False,0.6149999163473108,False
2018,GO,PMN,60,4,1,0.25,False,0.6149999163473108,False
2018,GO,PMN,70,4,2,0.5,False,1.0,False
2018,GO,PMN,80,4,2,0.5,False,1.0,False
2018,GO,PMN,90,4,2,0.5,False,1.0,False
2018,GO,PMN,95,4,2,0.5,False,1.0,False
2018,GO,PODE,50,4,1,0.25,False,0.7174784717940773,False
2018,GO,PODE,60,4,1,0.25,False,0.7174784717940773,False
2018,GO,PODE,70,4,1,0.25,False,0.7174784717940773,False
2018,GO,PODE,80,4,2,0.5,False,0.9970525594959287,False
2018,GO,PODE,90,4,2,0.5,False,0.9970525594959287,False
2018,GO,PODE,95,4,2,0.5,False,0.9970525594959287,False
2018,GO,PP,50,6,2,0.3333333333333333,False,0.6377047132451643,False
2018,GO,PP,60,6,2,0.3333333333333333,False,0.6377047132451643,False
2018,GO,PP,70,6,3,0.5,False,0.8344955511414223,False
2018,GO,PP,80,6,3,0.5,False,0.8344955511414223,False
2018,GO,PP,90,6,4,0.6666666666666666,False,0.9985798666584823,False
2018,GO,PP,95,6,4,0.6666666666666666,False,0.9985798666584823,False
2018,GO,PPS,50,1,1,1.0,False,1.0,False
2018,GO,PPS,60,1,1,1.0,False,1.0,False
2018,GO,PPS,70,1,1,1.0,False,1.0,False
2018,GO,PPS,80,1,1,1.0,False,1.0,False
2018,GO,PPS,90,1,1,1.0,False,1.0,False
2018,GO,PPS,95,1,1,1.0,False,1.0,False
2018,GO,PR,50,1,1,1.0,False,1.0,False
2018,GO,PR,60,1,1,1.0,False,1.0,False
2018,GO,PR,70,1,1,1.0,False,1.0,False
2018,GO,PR,80,1,1,1.0,False,1.0,False
2018,GO,PR,90,1,1,1.0,False,1.0,False
2018,GO,PR,95,1,1,1.0,False,1.0,False
2018,GO,PRB,50,1,1,1.0,False,1.0,False
2018,GO,PRB,60,1,1,1.0,False,1.0,False
2018,GO,PRB,70,1,1,1.0,False,1.0,False
2018,GO,PRB,80,1,1,1.0,False,1.0,False
2018,GO,PRB,90,1,1,1.0,False,1.0,False
2018,GO,PRB,95,1,1,1.0,False,1.0,False
2018,GO,PROS,50,1,1,1.0,False,1.0,False
2018,GO,PROS,60,1,1,1.0,False,1.0,False
2018,GO,PROS,70,1,1,1.0,False,1.0,False
2018,GO,PROS,80,1,1,1.0,False,1.0,False
2018,GO,PROS,90,1,1,1.0,False,1.0,False
2018,GO,PROS,95,1,1,1.0,False,1.0,False
2018,GO,PRP,50,4,1,0.25,False,0.9486938625723056,False
2018,GO,PRP,60,4,1,0.25,False,0.9486938625723056,False
2018,GO,PRP,70,4,1,0.25,False,0.9486938625723056,False
2018,GO,PRP,80,4,1,0.25,False,0.9486938625723056,False
2018,GO,PRP,90,4,1,0.25,False,0.9486938625723056,False
2018,GO,PRP,95,4,2,0.5,False,0.9834112304060635,False
2018,GO,PRTB,50,10,3,0.3,False,0.5180930644598213,False
2018,GO,PRTB,60,10,4,0.4,False,0.6381931958292721,False
2018,GO,PRTB,70,10,5,0.5,False,0.7181358452948144,True
2018,GO,PRTB,80,10,7,0.7,False,0.8485588710702675,True
2018,GO,PRTB,90,10,9,0.9,False,0.949519623690089,True
2018,GO,PRTB,95,10,10,1.0,False,0.9999999999999998,False
2018,GO,PSB,50,2,1,0.5,False,1.0,False
2018,GO,PSB,60,2,1,0.5,False,1.0,False
2018,GO,PSB,70,2,1,0.5,False,1.0,False
2018,GO,PSB,80,2,1,0.5,False,1.0,False
2018,GO,PSB,90,2,1,0.5,False,1.0,False
2018,GO,PSB,95,2,1,0.5,False,1.0,False
2018,GO,PSC,50,6,1,0.16666666666666666,False,0.8304894433560277,False
2018,GO,PSC,60,6,1,0.16666666666666666,False,0.8304894433560277,False
2018,GO,PSC,70,6,1,0.16666666666666666,False,0.8304894433560277,False
2018,GO,PSC,80,6,1,0.16666666666666666,False,0.8304894433560277,False
2018,GO,PSC,90,6,2,0.3333333333333333,False,0.9949120519908674,False
2018,GO,PSC,95,6,2,0.3333333333333333,False,0.9949120519908674,False
2018,GO,PSD,50,5,1,0.2,False,0.5555555555555556,False
2018,GO,PSD,60,5,2,0.4,False,0.7037037037037037,True
2018,GO,PSD,70,5,2,0.4,False,0.7037037037037037,True
2018,GO,PSD,80,5,3,0.6,False,0.8518518518518519,False
2018,GO,PSD,90,5,4,0.8,False,0.9382716049382716,False
2018,GO,PSD,95,5,5,1.0,False,1.0,False
2018,GO,PSDB,50,6,2,0.3333333333333333,False,0.6865345607739117,False
2018,GO,PSDB,60,6,2,0.3333333333333333,False,0.6865345607739117,False
2018,GO,PSDB,70,6,3,0.5,False,0.8432672803869559,False
2018,GO,PSDB,80,6,3,0.5,False,0.8432672803869559,False
2018,GO,PSDB,90,6,4,0.6666666666666666,False,0.9219847090029646,False
2018,GO,PSDB,95,6,5,0.8333333333333334,False,1.0,False
2018,GO,PSL,50,9,1,0.1111111111111111,False,0.9189012468184331,False
2018,GO,PSL,60,9,1,0.1111111111111111,False,0.9189012468184331,False
2018,GO,PSL,70,9,1,0.1111111111111111,False,0.9189012468184331,False
2018,GO,PSL,80,9,1,0.1111111111111111,False,0.9189012468184331,False
2018,GO,PSL,90,9,1,0.1111111111111111,False,0.9189012468184331,False
2018,GO,PSL,95,9,2,0.2222222222222222,False,0.9764571758412137,False
2018,GO,PSOL,50,16,6,0.375,False,0.5624464383328477,False
2018,GO,PSOL,60,16,7,0.4375,False,0.6349788191448226,False
2018,GO,PSOL,70,16,9,0.5625,False,0.7585072618284555,False
2018,GO,PSOL,80,16,10,0.625,False,0.811206131841054,False
2018,GO,PSOL,90,16,13,0.8125,False,0.9380406153806892,False
2018,GO,PSOL,95,16,14,0.875,False,0.9705739805538536,False
2018,GO,PT,50,15,1,0.06666666666666667,False,0.7402194934665963,False
2018,GO,PT,60,15,1,0.06666666666666667,False,0.7402194934665963,False
2018,GO,PT,70,15,1,0.06666666666666667,False,0.7402194934665963,False
2018,GO,PT,80,15,2,0.13333333333333333,False,0.8068279893142967,False
2018,GO,PT,90,15,6,0.4,False,0.9098888876737542,True
2018,GO,PT,95,15,10,0.6666666666666666,False,0.9590404034880705,True
2018,GO,PTB,50,3,1,0.3333333333333333,False,0.7182041931690213,False
2018,GO,PTB,60,3,1,0.3333333333333333,False,0.7182041931690213,False
2018,GO,PTB,70,3,1,0.3333333333333333,False,0.7182041931690213,False
2018,GO,PTB,80,3,2,0.6666666666666666,False,0.9372958707797697,False
2018,GO,PTB,90,3,2,0.6666666666666666,False,0.9372958707797697,False
2018,GO,PTB,95,3,3,1.0,False,1.0,False
2018,GO,PTC,50,11,1,0.09090909090909091,False,0.8171567770351765,False
2018,GO,PTC,60,11,1,0.09090909090909091,False,0.8171567770351765,False
2018,GO,PTC,70,11,1,0.09090909090909091,False,0.8171567770351765,False
2018,GO,PTC,80,11,1,0.09090909090909091,False,0.8171567770351765,False
2018,GO,PTC,90,11,2,0.18181818181818182,False,0.9230398449984826,False
2018,GO,PTC,95,11,3,0.2727272727272727,False,0.9947520822081786,False
2018,GO,PV,50,5,2,0.4,False,0.5270631079955476,False
2018,GO,PV,60,5,3,0.6,False,0.7284362675724536,False
2018,GO,PV,70,5,3,0.6,False,0.7284362675724536,False
2018,GO,PV,80,5,4,0.8,False,0.927953923836803,False
2018,GO,PV,90,5,4,0.8,False,0.927953923836803,False
2018,GO,PV,95,5,5,1.0,False,1.0,False
2018,GO,REDE,50,7,3,0.42857142857142855,False,0.6710508656556168,False
2018,GO,REDE,60,7,3,0.42857142857142855,False,0.6710508656556168,False
2018,GO,REDE,70,7,4,0.5714285714285714,False,0.8355254328278083,True
2018,GO,REDE,80,7,4,0.5714285714285714,False,0.8355254328278083,True
2018,GO,REDE,90,7,5,0.7142857142857143,False,1.0,False
2018,GO,REDE,95,7,5,0.7142857142857143,False,1.0,False
2018,GO,SOLIDARIEDADE,50,1,1,1.0,False,1.0,False
2018,GO,SOLIDARIEDADE,60,1,1,1.0,False,1.0,False
2018,GO,SOLIDARIEDADE,70,1,1,1.0,False,1.0,False
2018,GO,SOLIDARIEDADE,80,1,1,1.0,False,1.0,False
2018,GO,SOLIDARIEDADE,90,1,1,1.0,False,1.0,False
2018,GO,SOLIDARIEDADE,95,1,1,1.0,False,1.0,False
2018,MA,AVANTE,50,1,0,0.0,True,,False
2018,MA,AVANTE,60,1,0,0.0,True,,False
2018,MA,AVANTE,70,1,0,0.0,True,,False
2018,MA,AVANTE,80,1,0,0.0,True,,False
2018,MA,AVANTE,90,1,0,0.0,True,,False
2018,MA,AVANTE,95,1,0,0.0,True,,False
2018,MA,DC,50,2,0,0.0,True,,False
2018,MA,DC,60,2,0,0.0,True,,False
2018,MA,DC,70,2,0,0.0,True,,False
2018,MA,DC,80,2,0,0.0,True,,False
2018,MA,DC,90,2,0,0.0,True,,False
2018,MA,DC,95,2,0,0.0,True,,False
2018,MA,DEM,50,2,1,0.5,False,0.8267898383371824,False
2018,MA,DEM,60,2,1,0.5,False,0.8267898383371824,False
2018,MA,DEM,70,2,1,0.5,False,0.8267898383371824,False
2018,MA,DEM,80,2,1,0.5,False,0.8267898383371824,False
2018,MA,DEM,90,2,2,1.0,False,1.0,False
2018,MA,DEM,95,2,2,1.0,False,1.0,False
2018,MA,MDB,50,8,2,0.25,False,0.6167265264238071,True
2018,MA,MDB,60,8,2,0.25,False,0.6167265264238071,True
2018,MA,MDB,70,8,3,0.375,False,0.9250897896357106,False
2018,MA,MDB,80,8,3,0.375,False,0.9250897896357106,False
2018,MA,MDB,90,8,3,0.375,False,0.9250897896357106,False
2018,MA,MDB,95,8,4,0.5,False,0.9579271421241662,False
2018,MA,PATRI,50,6,1,0.16666666666666666,False,1.0,False
2018,MA,PATRI,60,6,1,0.16666666666666666,False,1.0,False
2018,MA,PATRI,70,6,1,0.16666666666666666,False,1.0,False
2018,MA,PATRI,80,6,1,0.16666666666666666,False,1.0,False
2018,MA,PATRI,90,6,1,0.16666666666666666,False,1.0,False
2018,MA,PATRI,95,6,1,0.16666666666666666,False,1.0,False
2018,MA,PC DO B,50,4,2,0.5,False,0.9973197032973883,False
2018,MA,PC DO B,60,4,2,0.5,False,0.9973197032973883,False
2018,MA,PC DO B,70,4,2,0.5,False,0.9973197032973883,False
2018,MA,PC DO B,80,4,2,0.5,False,0.9973197032973883,False
2018,MA,PC DO B,90,4,2,0.5,False,0.9973197032973883,False
2018,MA,PC DO B,95,4,2,0.5,False,0.9973197032973883,False
2018,MA,PCB,50,2,1,0.5,False,0.5,True
2018,MA,PCB,60,2,2,1.0,False,1.0,False
2018,MA,PCB,70,2,2,1.0,False,1.0,False
2018,MA,PCB,80,2,2,1.0,False,1.0,False
2018,MA,PCB,90,2,2,1.0,False,1.0,False
2018,MA,PCB,95,2,2,1.0,False,1.0,False
2018,MA,PDT,50,8,2,0.25,False,0.8102166181700614,False
2018,MA,PDT,60,8,2,0.25,False,0.8102166181700614,False
2018,MA,PDT,70,8,2,0.25,False,0.8102166181700614,False
2018,MA,PDT,80,8,2,0.25,False,0.8102166181700614,False
2018,MA,PDT,90,8,3,0.375,False,0.9333979954736502,False
2018,MA,PDT,95,8,4,0.5,False,0.9818946007112835,False
2018,MA,PHS,50,12,3,0.25,False,0.5038614556517669,True
2018,MA,PHS,60,12,4,0.3333333333333333,False,0.6676807863327873,True
2018,MA,PHS,70,12,5,0.4166666666666667,False,0.8315001170138077,True
2018,MA,PHS,80,12,5,0.4166666666666667,False,0.8315001170138077,True
2018,MA,PHS,90,12,6,0.5,False,0.9953194476948279,False
2018,MA,PHS,95,12,6,0.5,False,0.9953194476948279,False
2018,MA,PMB,50,3,1,0.3333333333333333,False,0.9545454545454546,False
2018,MA,PMB,60,3,1,0.3333333333333333,False,0.9545454545454546,False
2018,MA,PMB,70,3,1,0.3333333333333333,False,0.9545454545454546,False
2018,MA,PMB,80,3,1,0.3333333333333333,False,0.9545454545454546,False
2018,MA,PMB,90,3,1,0.3333333333333333,False,0.9545454545454546,False
2018,MA,PMB,95,3,1,0.3333333333333333,False,0.9545454545454546,False
2018,MA,PMN,50,12,1,0.08333333333333333,False,0.5689900426742532,False
2018,MA,PMN,60,12,2,0.16666666666666666,False,0.7112375533428165,False
2018,MA,PMN,70,12,2,0.16666666666666666,False,0.7112375533428165,False
2018,MA,PMN,80,12,4,0.3333333333333333,False,0.8250355618776671,True
2018,MA,PMN,90,12,6,0.5,False,0.9103840682788051,True
2018,MA,PMN,95,12,7,0.5833333333333334,False,0.9530583214793741,True
2018,MA,PODE,50,5,1,0.2,False,0.6836158192090396,False
2018,MA,PODE,60,5,1,0.2,False,0.6836158192090396,False
2018,MA,PODE,70,5,2,0.4,False,0.8418079096045198,False
2018,MA,PODE,80,5,2,0.4,False,0.8418079096045198,False
2018,MA,PODE,90,5,3,0.6,False,0.9774011299435028,False
2018,MA,PODE,95,5,3,0.6,False,0.9774011299435028,False
2018,MA,PP,50,4,1,0.25,False,0.6465396714435512,False
2018,MA,PP,60,4,1,0.25,False,0.6465396714435512,False
2018,MA,PP,70,4,2,0.5,False,0.9803950564174262,False
2018,MA,PP,80,4,2,0.5,False,0.9803950564174262,False
2018,MA,PP,90,4,2,0.5,False,0.9803950564174262,False
2018,MA,PP,95,4,2,0.5,False,0.9803950564174262,False
2018,MA,PPL,50,1,0,0.0,True,,False
2018,MA,PPL,60,1,0,0.0,True,,False
2018,MA,PPL,70,1,0,0.0,True,,False
2018,MA,PPL,80,1,0,0.0,True,,False
2018,MA,PPL,90,1,0,0.0,True,,False
2018,MA,PPL,95,1,0,0.0,True,,False
2018,MA,PPS,50,1,0,0.0,True,,False
2018,MA,PPS,60,1,0,0.0,True,,False
2018,MA,PPS,70,1,0,0.0,True,,False
2018,MA,PPS,80,1,0,0.0,True,,False
2018,MA,PPS,90,1,0,0.0,True,,False
2018,MA,PPS,95,1,0,0.0,True,,False
2018,MA,PR,50,4,2,0.5,False,0.7038539553752535,False
2018,MA,PR,60,4,2,0.5,False,0.7038539553752535,False
2018,MA,PR,70,4,2,0.5,False,0.7038539553752535,False
2018,MA,PR,80,4,3,0.75,False,0.9979716024340771,False
2018,MA,PR,90,4,3,0.75,False,0.9979716024340771,False
2018,MA,PR,95,4,3,0.75,False,0.9979716024340771,False
2018,MA,PRB,50,2,1,0.5,False,0.9692307692307692,False
2018,MA,PRB,60,2,1,0.5,False,0.9692307692307692,False
2018,MA,PRB,70,2,1,0.5,False,0.9692307692307692,False
2018,MA,PRB,80,2,1,0.5,False,0.9692307692307692,False
2018,MA,PRB,90,2,1,0.5,False,0.9692307692307692,False
2018,MA,PRB,95,2,1,0.5,False,0.9692307692307692,False
2018,MA,PROS,50,3,1,0.3333333333333333,False,0.6450536592500503,False
2018,MA,PROS,60,3,1,0.3333333333333333,False,0.6450536592500503,False
2018,MA,PROS,70,3,2,0.6666666666666666,False,0.9868000073130153,False
2018,MA,PROS,80,3,2,0.6666666666666666,False,0.9868000073130153,False
2018,MA,PROS,90,3,2,0.6666666666666666,False,0.9868000073130153,False
2018,MA,PROS,95,3,2,0.6666666666666666,False,0.9868000073130153,False
2018,MA,PRP,50,1,0,0.0,True,,False
2018,MA,PRP,60,1,0,0.0,True,,False
2018,MA,PRP,70,1,0,0.0,True,,False
2018,MA,PRP,80,1,0,0.0,True,,False
2018,MA,PRP,90,1,0,0.0,True,,False
2018,MA,PRP,95,1,0,0.0,True,,False
2018,MA,PRTB,50,4,1,0.25,False,1.0,False
2018,MA,PRTB,60,4,1,0.25,False,1.0,False
2018,MA,PRTB,70,4,1,0.25,False,1.0,False
2018,MA,PRTB,80,4,1,0.25,False,1.0,False
2018,MA,PRTB,90,4,1,0.25,False,1.0,False
2018,MA,PRTB,95,4,1,0.25,False,1.0,False
2018,MA,PSB,50,4,1,0.25,False,0.8333333333333334,False
2018,MA,PSB,60,4,1,0.25,False,0.8333333333333334,False
2018,MA,PSB,70,4,1,0.25,False,0.8333333333333334,False
2018,MA,PSB,80,4,1,0.25,False,0.8333333333333334,False
2018,MA,PSB,90,4,2,0.5,False,0.9166666666666666,True
2018,MA,PSB,95,4,3,0.75,False,1.0,False
2018,MA,PSC,50,3,1,0.3333333333333333,False,1.0,False
2018,MA,PSC,60,3,1,0.3333333333333333,False,1.0,False
2018,MA,PSC,70,3,1,0.3333333333333333,False,1.0,False
2018,MA,PSC,80,3,1,0.3333333333333333,False,1.0,False
2018,MA,PSC,90,3,1,0.3333333333333333,False,1.0,False
2018,MA,PSC,95,3,1,0.3333333333333333,False,1.0,False
2018,MA,PSD,50,2,1,0.5,False,0.5143591941705958,False
2018,MA,PSD,60,2,2,1.0,False,1.0,False
2018,MA,PSD,70,2,2,1.0,False,1.0,False
2018,MA,PSD,80,2,2,1.0,False,1.0,False
2018,MA,PSD,90,2,2,1.0,False,1.0,False
2018,MA,PSD,95,2,2,1.0,False,1.0,False
2018,MA,PSDB,50,11,2,0.18181818181818182,False,0.8709853021230267,False
2018,MA,PSDB,60,11,2,0.18181818181818182,False,0.8709853021230267,False
2018,MA,PSDB,70,11,2,0.18181818181818182,False,0.8709853021230267,False
2018,MA,PSDB,80,11,2,0.18181818181818182,False,0.8709853021230267,False
2018,MA,PSDB,90,11,4,0.36363636363636365,False,0.9164942841589548,True
2018,MA,PSDB,95,11,6,0.5454545454545454,False,0.9610234077299945,True
2018,MA,PSL,50,23,1,0.043478260869565216,False,0.5,True
2018,MA,PSL,60,23,2,0.08695652173913043,False,1.0,False
2018,MA,PSL,70,23,2,0.08695652173913043,False,1.0,False
2018,MA,PSL,80,23,2,0.08695652173913043,False,1.0,False
2018,MA,PSL,90,23,2,0.08695652173913043,False,1.0,False
2018,MA,PSL,95,23,2,0.08695652173913043,False,1.0,False
2018,MA,PSOL,50,15,8,0.5333333333333333,False,0.5385468346198906,True
2018,MA,PSOL,60,15,9,0.6,False,0.6052695604401764,True
2018,MA,PSOL,70,15,11,0.7333333333333333,False,0.7387150120807474,True
2018,MA,PSOL,80,15,12,0.8,False,0.8054377379010329,True
2018,MA,PSOL,90,15,14,0.9333333333333333,False,0.9388831895416042,False
2018,MA,PSOL,95,15,15,1.0,False,1.0,False
2018,MA,PSTU,50,3,0,0.0,True,,False
2018,MA,PSTU,60,3,0,0.0,True,,False
2018,MA,PSTU,70,3,0,0.0,True,,False
2018,MA,PSTU,80,3,0,0.0,True,,False
2018,MA,PSTU,90,3,0,0.0,True,,False
2018,MA,PSTU,95,3,0,0.0,True,,False
2018,MA,PT,50,22,1,0.045454545454545456,False,0.6508972339514916,False
2018,MA,PT,60,22,1,0.045454545454545456,False,0.6508972339514916,False
2018,MA,PT,70,22,2,0.09090909090909091,False,0.7108304910997275,True
2018,MA,PT,80,22,4,0.18181818181818182,False,0.8225902050673385,False
2018,MA,PT,90,22,11,0.5,False,0.9063313051624964,True
2018,MA,PT,95,22,15,0.6818181818181818,False,0.9504539484618111,False
2018,MA,PTB,50,3,1,0.3333333333333333,False,0.9022556390977443,False
2018,MA,PTB,60,3,1,0.3333333333333333,False,0.9022556390977443,False
2018,MA,PTB,70,3,1,0.3333333333333333,False,0.9022556390977443,False
2018,MA,PTB,80,3,1,0.3333333333333333,False,0.9022556390977443,False
2018,MA,PTB,90,3,1,0.3333333333333333,False,0.9022556390977443,False
2018,MA,PTB,95,3,2,0.6666666666666666,False,0.9774436090225563,False
2018,MA,PTC,50,3,2,0.6666666666666666,False,0.6666666666666666,True
2018,MA,PTC,60,3,2,0.6666666666666666,False,0.6666666666666666,True
2018,MA,PTC,70,3,3,1.0,False,1.0,False
2018,MA,PTC,80,3,3,1.0,False,1.0,False
2018,MA,PTC,90,3,3,1.0,False,1.0,False
2018,MA,PTC,95,3,3,1.0,False,1.0,False
2018,MA,PV,50,6,1,0.16666666666666666,False,0.546742209631728,False
2018,MA,PV,60,6,2,0.3333333333333333,False,0.8441926345609065,False
2018,MA,PV,70,6,2,0.3333333333333333,False,0.8441926345609065,False
2018,MA,PV,80,6,2,0.3333333333333333,False,0.8441926345609065,False
2018,MA,PV,90,6,3,0.5,False,0.9929178470254958,False
2018,MA,PV,95,6,3,0.5,False,0.9929178470254958,False
2018,MA,REDE,50,5,1,0.2,False,0.7115394785551854,False
2018,MA,REDE,60,5,1,0.2,False,0.7115394785551854,False
2018,MA,REDE,70,5,1,0.2,False,0.7115394785551854,False
2018,MA,REDE,80,5,2,0.4,False,1.0,False
2018,MA,REDE,90,5,2,0.4,False,1.0,False
2018,MA,REDE,95,5,2,0.4,False,1.0,False
2018,MA,SOLIDARIEDADE,50,2,1,0.5,False,0.9196321471411435,False
2018,MA,SOLIDARIEDADE,60,2,1,0.5,False,0.9196321471411435,False
2018,MA,SOLIDARIEDADE,70,2,1,0.5,False,0.9196321471411435,False
2018,MA,SOLIDARIEDADE,80,2,1,0.5,False,0.9196321471411435,False
2018,MA,SOLIDARIEDADE,90,2,1,0.5,False,0.9196321471411435,False
2018,MA,SOLIDARIEDADE,95,2,2,1.0,False,1.0,False
2018,MG,AVANTE,50,77,3,0.03896103896103896,False,0.5517039508842798,False
2018,MG,AVANTE,60,77,4,0.05194805194805195,False,0.6127887509587406,False
2018,MG,AVANTE,70,77,7,0.09090909090909091,False,0.7157097563001485,False
2018,MG,AVANTE,80,77,11,0.14285714285714285,False,0.8185219223542792,False
2018,MG,AVANTE,90,77,19,0.24675324675324675,False,0.9007539813125003,False
2018,MG,AVANTE,95,77,31,0.4025974025974026,False,0.9508184261888103,False
2018,MG,DC,50,11,2,0.18181818181818182,False,0.5221525809988716,False
2018,MG,DC,60,11,3,0.2727272727272727,False,0.7096214829995889,True
2018,MG,DC,70,11,3,0.2727272727272727,False,0.7096214829995889,True
2018,MG,DC,80,11,4,0.36363636363636365,False,0.8970903850003061,False
2018,MG,DC,90,11,5,0.45454545454545453,False,0.9228177887502296,True
2018,MG,DC,95,11,7,0.6363636363636364,False,0.9742725962500766,True
2018,MG,DEM,50,13,2,0.15384615384615385,False,0.6622119779844761,False
2018,MG,DEM,60,13,2,0.15384615384615385,False,0.6622119779844761,False
2018,MG,DEM,70,13,3,0.23076923076923078,False,0.8311732741517142,False
2018,MG,DEM,80,13,3,0.23076923076923078,False,0.8311732741517142,False
2018,MG,DEM,90,13,4,0.3076923076923077,False,0.9302469579999352,False
2018,MG,DEM,95,13,5,0.38461538461538464,False,0.9740662680180053,False
2018,MG,MDB,50,20,4,0.2,False,0.5299214176083494,True
2018,MG,MDB,60,20,5,0.25,False,0.6619816964662232,True
2018,MG,MDB,70,20,6,0.3,False,0.7940419753240967,True
2018,MG,MDB,80,20,7,0.35,False,0.9261022541819703,False
2018,MG,MDB,90,20,7,0.35,False,0.9261022541819703,False
2018,MG,MDB,95,20,10,0.5,False,0.958052571252716,False
2018,MG,NOVO,50,36,6,0.16666666666666666,False,0.5317985408867703,True
2018,MG,NOVO,60,36,8,0.2222222222222222,False,0.6264416766956964,False
2018,MG,NOVO,70,36,11,0.3055555555555556,False,0.7303662503719971,False
2018,MG,NOVO,80,36,16,0.4444444444444444,False,0.8055247007834143,True
2018,MG,NOVO,90,36,26,0.7222222222222222,False,0.9027623503917073,True
2018,MG,NOVO,95,36,31,0.8611111111111112,False,0.9513811751958534,True
2018,MG,PATRI,50,33,1,0.030303030303030304,False,0.630769346204184,False
2018,MG,PATRI,60,33,1,0.030303030303030304,False,0.630769346204184,False
2018,MG,PATRI,70,33,2,0.06060606060606061,False,0.9523381445980551,False
2018,MG,PATRI,80,33,2,0.06060606060606061,False,0.9523381445980551,False
2018,MG,PATRI,90,33,2,0.06060606060606061,False,0.9523381445980551,False
2018,MG,PATRI,95,33,2,0.06060606060606061,False,0.9523381445980551,False
2018,MG,PC DO B,50,8,1,0.125,False,1.0,False
2018,MG,PC DO B,60,8,1,0.125,False,1.0,False
2018,MG,PC DO B,70,8,1,0.125,False,1.0,False
2018,MG,PC DO B,80,8,1,0.125,False,1.0,False
2018,MG,PC DO B,90,8,1,0.125,False,1.0,False
2018,MG,PC DO B,95,8,1,0.125,False,1.0,False
2018,MG,PCB,50,12,2,0.16666666666666666,False,0.7455375371730291,False
2018,MG,PCB,60,12,2,0.16666666666666666,False,0.7455375371730291,False
2018,MG,PCB,70,12,2,0.16666666666666666,False,0.7455375371730291,False
2018,MG,PCB,80,12,3,0.25,False,0.8242162408205377,True
2018,MG,PCB,90,12,4,0.3333333333333333,False,0.9028949444680464,False
2018,MG,PCB,95,12,8,0.6666666666666666,False,0.9514474722340232,True
2018,MG,PDT,50,24,2,0.08333333333333333,False,0.7325853184558517,False
2018,MG,PDT,60,24,2,0.08333333333333333,False,0.7325853184558517,False
2018,MG,PDT,70,24,2,0.08333333333333333,False,0.7325853184558517,False
2018,MG,PDT,80,24,4,0.16666666666666666,False,0.8490495550800133,False
2018,MG,PDT,90,24,7,0.2916666666666667,False,0.9012125055620458,False
2018,MG,PDT,95,24,13,0.5416666666666666,False,0.9532802478245828,False
2018,MG,PHS,50,71,1,0.014084507042253521,False,0.671263563950446,False
2018,MG,PHS,60,71,1,0.014084507042253521,False,0.671263563950446,False
2018,MG,PHS,70,71,2,0.028169014084507043,False,0.7306340818811412,False
2018,MG,PHS,80,71,4,0.056338028169014086,False,0.8117018614377317,False
2018,MG,PHS,90,71,9,0.1267605633802817,False,0.9010943951079038,False
2018,MG,PHS,95,71,17,0.23943661971830985,False,0.9538766818066524,False
2018,MG,PMB,50,5,0,0.0,True,,False
2018,MG,PMB,60,5,0,0.0,True,,False
2018,MG,PMB,70,5,0,0.0,True,,False
2018,MG,PMB,80,5,0,0.0,True,,False
2018,MG,PMB,90,5,0,0.0,True,,False
2018,MG,PMB,95,5,0,0.0,True,,False
2018,MG,PMN,50,12,1,0.08333333333333333,False,0.8110846889693564,False
2018,MG,PMN,60,12,1,0.08333333333333333,False,0.8110846889693564,False
2018,MG,PMN,70,12,1,0.08333333333333333,False,0.8110846889693564,False
2018,MG,PMN,80,12,1,0.08333333333333333,False,0.8110846889693564,False
2018,MG,PMN,90,12,2,0.16666666666666666,False,0.9732205588282982,False
2018,MG,PMN,95,12,2,0.16666666666666666,False,0.9732205588282982,False
2018,MG,PODE,50,26,2,0.07692307692307693,False,0.6202617239765102,False
2018,MG,PODE,60,26,2,0.07692307692307693,False,0.6202617239765102,False
2018,MG,PODE,70,26,3,0.11538461538461539,False,0.8746712787351119,False
2018,MG,PODE,80,26,3,0.11538461538461539,False,0.8746712787351119,False
2018,MG,PODE,90,26,4,0.15384615384615385,False,0.9731809193587955,False
2018,MG,PODE,95,26,4,0.15384615384615385,False,0.9731809193587955,False
2018,MG,PP,50,8,3,0.375,False,0.6426069559136742,False
2018,MG,PP,60,8,3,0.375,False,0.6426069559136742,False
2018,MG,PP,70,8,4,0.5,False,0.8216203293012226,False
2018,MG,PP,80,8,4,0.5,False,0.8216203293012226,False
2018,MG,PP,90,8,5,0.625,False,0.9999845196015403,False
2018,MG,PP,95,8,5,0.625,False,0.9999845196015403,False
2018,MG,PPL,50,28,1,0.03571428571428571,False,1.0,False
2018,MG,PPL,60,28,1,0.03571428571428571,False,1.0,False
2018,MG,PPL,70,28,1,0.03571428571428571,False,1.0,False
2018,MG,PPL,80,28,1,0.03571428571428571,False,1.0,False
2018,MG,PPL,90,28,1,0.03571428571428571,False,1.0,False
2018,MG,PPL,95,28,1,0.03571428571428571,False,1.0,False
2018,MG,PPS,50,14,2,0.14285714285714285,False,0.8303274720962709,False
2018,MG,PPS,60,14,2,0.14285714285714285,False,0.8303274720962709,False
2018,MG,PPS,70,14,2,0.14285714285714285,False,0.8303274720962709,False
2018,MG,PPS,80,14,2,0.14285714285714285,False,0.8303274720962709,False
2018,MG,PPS,90,14,4,0.2857142857142857,False,0.9427399048615387,False
2018,MG,PPS,95,14,5,0.35714285714285715,False,0.9902616137965026,False
2018,MG,PR,50,6,3,0.5,False,0.5598130306929274,False
2018,MG,PR,60,6,4,0.6666666666666666,False,0.711117032677375,False
2018,MG,PR,70,6,4,0.6666666666666666,False,0.711117032677375,False
2018,MG,PR,80,6,5,0.8333333333333334,False,0.8597811047130878,False
2018,MG,PR,90,6,6,1.0,False,1.0,False
2018,MG,PR,95,6,6,1.0,False,1.0,False
2018,MG,PRB,50,8,3,0.375,False,0.7142102828781158,False
2018,MG,PRB,60,8,3,0.375,False,0.7142102828781158,False
2018,MG,PRB,70,8,3,0.375,False,0.7142102828781158,False
2018,MG,PRB,80,8,4,0.5,False,0.9186832061716218,False
2018,MG,PRB,90,8,4,0.5,False,0.9186832061716218,False
2018,MG,PRB,95,8,5,0.625,False,0.9905414984176724,False
2018,MG,PROS,50,33,2,0.06060606060606061,False,0.661354222968571,False
2018,MG,PROS,60,33,2,0.06060606060606061,False,0.661354222968571,False
2018,MG,PROS,70,33,3,0.09090909090909091,False,0.7816186781216147,False
2018,MG,PROS,80,33,4,0.12121212121212122,False,0.8539585033292414,False
2018,MG,PROS,90,33,5,0.15151515151515152,False,0.9122382669894218,False
2018,MG,PROS,95,33,6,0.18181818181818182,False,0.9620699136484415,False
2018,MG,PRP,50,5,1,0.2,False,0.6233629004401289,False
2018,MG,PRP,60,5,1,0.2,False,0.6233629004401289,False
2018,MG,PRP,70,5,2,0.4,False,0.9286208659053742,False
2018,MG,PRP,80,5,2,0.4,False,0.9286208659053742,False
2018,MG,PRP,90,5,2,0.4,False,0.9286208659053742,False
2018,MG,PRP,95,5,3,0.6,False,0.9668596877417809,False
2018,MG,PRTB,50,52,1,0.019230769230769232,False,0.9898730518617105,False
2018,MG,PRTB,60,52,1,0.019230769230769232,False,0.9898730518617105,False
2018,MG,PRTB,70,52,1,0.019230769230769232,False,0.9898730518617105,False
2018,MG,PRTB,80,52,1,0.019230769230769232,False,0.9898730518617105,False
2018,MG,PRTB,90,52,1,0.019230769230769232,False,0.9898730518617105,False
2018,MG,PRTB,95,52,1,0.019230769230769232,False,0.9898730518617105,False
2018,MG,PSB,50,26,3,0.11538461538461539,False,0.5506540112349241,True
2018,MG,PSB,60,26,4,0.15384615384615385,False,0.6526043206541132,False
2018,MG,PSB,70,26,5,0.19230769230769232,False,0.7341645681894644,True
2018,MG,PSB,80,26,6,0.23076923076923078,False,0.8157248157248157,False
2018,MG,PSB,90,26,8,0.3076923076923077,False,0.9278701560859237,True
2018,MG,PSB,95,26,9,0.34615384615384615,False,0.9686502798535993,False
2018,MG,PSC,50,34,2,0.058823529411764705,False,0.6225608648742298,False
2018,MG,PSC,60,34,2,0.058823529411764705,False,0.6225608648742298,False
2018,MG,PSC,70,34,3,0.08823529411764706,False,0.7991061629256522,False
2018,MG,PSC,80,34,4,0.11764705882352941,False,0.8731963396745658,False
2018,MG,PSC,90,34,5,0.14705882352941177,False,0.9467568805293252,False
2018,MG,PSC,95,34,6,0.17647058823529413,False,0.9619177079994911,False
2018,MG,PSD,50,11,3,0.2727272727272727,False,0.6856832856870588,False
2018,MG,PSD,60,11,3,0.2727272727272727,False,0.6856832856870588,False
2018,MG,PSD,70,11,4,0.36363636363636365,False,0.84368718888118,False
2018,MG,PSD,80,11,4,0.36363636363636365,False,0.84368718888118,False
2018,MG,PSD,90,11,5,0.45454545454545453,False,0.9131306449782925,False
2018,MG,PSD,95,11,6,0.5454545454545454,False,0.9637123851316068,False
2018,MG,PSDB,50,20,4,0.2,False,0.6149262511098468,False
2018,MG,PSDB,60,20,4,0.2,False,0.6149262511098468,False
2018,MG,PSDB,70,20,5,0.25,False,0.7164887656644798,False
2018,MG,PSDB,80,20,6,0.3,False,0.8028073782559851,False
2018,MG,PSDB,90,20,8,0.4,False,0.9117632850565215,False
2018,MG,PSDB,95,20,10,0.5,False,0.9515547565772864,False
2018,MG,PSL,50,76,2,0.02631578947368421,False,0.6068606963138644,False
2018,MG,PSL,60,76,2,0.02631578947368421,False,0.6068606963138644,False
2018,MG,PSL,70,76,3,0.039473684210526314,False,0.7934172272604957,False
2018,MG,PSL,80,76,4,0.05263157894736842,False,0.8588465943483778,False
2018,MG,PSL,90,76,6,0.07894736842105263,False,0.9022074796538813,False
2018,MG,PSL,95,76,13,0.17105263157894737,False,0.952048950081532,False
2018,MG,PSOL,50,33,6,0.18181818181818182,False,0.5060161772154353,False
2018,MG,PSOL,60,33,9,0.2727272727272727,False,0.6215257614515848,False
2018,MG,PSOL,70,33,12,0.36363636363636365,False,0.7127027913721156,False
2018,MG,PSOL,80,33,16,0.48484848484848486,False,0.8115070523518428,False
2018,MG,PSOL,90,33,21,0.6363636363636364,False,0.9020082125911846,False
2018,MG,PSOL,95,33,25,0.7575757575757576,False,0.9557590266219964,False
2018,MG,PSTU,50,5,0,0.0,True,,False
2018,MG,PSTU,60,5,0,0.0,True,,False
2018,MG,PSTU,70,5,0,0.0,True,,False
2018,MG,PSTU,80,5,0,0.0,True,,False
2018,MG,PSTU,90,5,0,0.0,True,,False
2018,MG,PSTU,95,5,0,0.0,True,,False
2018,MG,PT,50,26,6,0.23076923076923078,False,0.5456751120331426,False
2018,MG,PT,60,26,7,0.2692307692307692,False,0.6183059129319015,False
2018,MG,PT,70,26,9,0.34615384615384615,False,0.7188458379324936,False
2018,MG,PT,80,26,11,0.4230769230769231,False,0.8128222241474551,False
2018,MG,PT,90,26,13,0.5,False,0.9065995078492493,False
2018,MG,PT,95,26,15,0.5769230769230769,False,0.9547041782544412,True
2018,MG,PTB,50,20,2,0.1,False,0.7312893744274952,False
2018,MG,PTB,60,20,2,0.1,False,0.7312893744274952,False
2018,MG,PTB,70,20,2,0.1,False,0.7312893744274952,False
2018,MG,PTB,80,20,3,0.15,False,0.8135680987827125,False
2018,MG,PTB,90,20,5,0.25,False,0.9076069759439217,False
2018,MG,PTB,95,20,7,0.35,False,0.9504675024354357,False
2018,MG,PTC,50,25,1,0.04,False,0.8688151612133683,False
2018,MG,PTC,60,25,1,0.04,False,0.8688151612133683,False
2018,MG,PTC,70,25,1,0.04,False,0.8688151612133683,False
2018,MG,PTC,80,25,1,0.04,False,0.8688151612133683,False
2018,MG,PTC,90,25,2,0.08,False,0.9260232573794153,False
2018,MG,PTC,95,25,4,0.16,False,0.9525182336504504,False
2018,MG,PV,50,14,4,0.2857142857142857,False,0.5626743202728984,False
2018,MG,PV,60,14,5,0.35714285714285715,False,0.643150625503047,False
2018,MG,PV,70,14,6,0.42857142857142855,False,0.7236269307331957,False
2018,MG,PV,80,14,8,0.5714285714285714,False,0.8222126249520468,False
2018,MG,PV,90,14,10,0.7142857142857143,False,0.9141789400107281,False
2018,MG,PV,95,14,11,0.7857142857142857,False,0.9550826804905888,False
2018,MG,REDE,50,25,1,0.04,False,0.9467362778619487,False
2018,MG,REDE,60,25,1,0.04,False,0.9467362778619487,False
2018,MG,REDE,70,25,1,0.04,False,0.9467362778619487,False
2018,MG,REDE,80,25,1,0.04,False,0.9467362778619487,False
2018,MG,REDE,90,25,1,0.04,False,0.9467362778619487,False
2018,MG,REDE,95,25,2,0.08,False,0.9580318760360766,False
2018,MG,SOLIDARIEDADE,50,8,1,0.125,False,0.9987274975531079,False
2018,MG,SOLIDARIEDADE,60,8,1,0.125,False,0.9987274975531079,False
2018,MG,SOLIDARIEDADE,70,8,1,0.125,False,0.9987274975531079,False
2018,MG,SOLIDARIEDADE,80,8,1,0.125,False,0.9987274975531079,False
2018,MG,SOLIDARIEDADE,90,8,1,0.125,False,0.9987274975531079,False
2018,MG,SOLIDARIEDADE,95,8,1,0.125,False,0.9987274975531079,False
2018,MS,AVANTE,50,1,0,0.0,True,,False
2018,MS,AVANTE,60,1,0,0.0,True,,False
2018,MS,AVANTE,70,1,0,0.0,True,,False
2018,MS,AVANTE,80,1,0,0.0,True,,False
2018,MS,AVANTE,90,1,0,0.0,True,,False
2018,MS,AVANTE,95,1,0,0.0,True,,False
2018,MS,DC,50,1,1,1.0,False,1.0,False
2018,MS,DC,60,1,1,1.0,False,1.0,False
2018,MS,DC,70,1,1,1.0,False,1.0,False
2018,MS,DC,80,1,1,1.0,False,1.0,False
2018,MS,DC,90,1,1,1.0,False,1.0,False
2018,MS,DC,95,1,1,1.0,False,1.0,False
2018,MS,DEM,50,5,1,0.2,False,0.8709677419354839,False
2018,MS,DEM,60,5,1,0.2,False,0.8709677419354839,False
2018,MS,DEM,70,5,1,0.2,False,0.8709677419354839,False
2018,MS,DEM,80,5,1,0.2,False,0.8709677419354839,False
2018,MS,DEM,90,5,2,0.4,False,1.0,False
2018,MS,DEM,95,5,2,0.4,False,1.0,False
2018,MS,MDB,50,11,1,0.09090909090909091,False,0.5905207620477273,False
2018,MS,MDB,60,11,2,0.18181818181818182,False,0.7406344510916356,False
2018,MS,MDB,70,11,2,0.18181818181818182,False,0.7406344510916356,False
2018,MS,MDB,80,11,3,0.2727272727272727,False,0.8024459701097154,False
2018,MS,MDB,90,11,5,0.45454545454545453,False,0.9128016070994944,True
2018,MS,MDB,95,11,6,0.5454545454545454,False,0.9613678006137001,False
2018,MS,NOVO,50,5,2,0.4,False,0.5652590293317934,False
2018,MS,NOVO,60,5,3,0.6,False,0.73551817897447,False
2018,MS,NOVO,70,5,3,0.6,False,0.73551817897447,False
2018,MS,NOVO,80,5,4,0.8,False,0.867759089487235,True
2018,MS,NOVO,90,5,5,1.0,False,1.0,False
2018,MS,NOVO,95,5,5,1.0,False,1.0,False
2018,MS,PATRI,50,2,0,0.0,True,,False
2018,MS,PATRI,60,2,0,0.0,True,,False
2018,MS,PATRI,70,2,0,0.0,True,,False
2018,MS,PATRI,80,2,0,0.0,True,,False
2018,MS,PATRI,90,2,0,0.0,True,,False
2018,MS,PATRI,95,2,0,0.0,True,,False
2018,MS,PC DO B,50,4,1,0.25,False,1.0,False
2018,MS,PC DO B,60,4,1,0.25,False,1.0,False
2018,MS,PC DO B,70,4,1,0.25,False,1.0,False
2018,MS,PC DO B,80,4,1,0.25,False,1.0,False
2018,MS,PC DO B,90,4,1,0.25,False,1.0,False
2018,MS,PC DO B,95,4,1,0.25,False,1.0,False
2018,MS,PDT,50,8,1,0.125,False,0.7945205479452054,False
2018,MS,PDT,60,8,1,0.125,False,0.7945205479452054,False
2018,MS,PDT,70,8,1,0.125,False,0.7945205479452054,False
2018,MS,PDT,80,8,2,0.25,False,0.9315068493150684,False
2018,MS,PDT,90,8,2,0.25,False,0.9315068493150684,False
2018,MS,PDT,95,8,3,0.375,False,0.9726027397260274,False
2018,MS,PHS,50,4,2,0.5,False,0.7222222222222222,True
2018,MS,PHS,60,4,2,0.5,False,0.7222222222222222,True
2018,MS,PHS,70,4,2,0.5,False,0.7222222222222222,True
2018,MS,PHS,80,4,3,0.75,False,1.0,False
2018,MS,PHS,90,4,3,0.75,False,1.0,False
2018,MS,PHS,95,4,3,0.75,False,1.0,False
2018,MS,PMB,50,1,0,0.0,True,,False
2018,MS,PMB,60,1,0,0.0,True,,False
2018,MS,PMB,70,1,0,0.0,True,,False
2018,MS,PMB,80,1,0,0.0,True,,False
2018,MS,PMB,90,1,0,0.0,True,,False
2018,MS,PMB,95,1,0,0.0,True,,False
2018,MS,PMN,50,1,1,1.0,False,1.0,False
2018,MS,PMN,60,1,1,1.0,False,1.0,False
2018,MS,PMN,70,1,1,1.0,False,1.0,False
2018,MS,PMN,80,1,1,1.0,False,1.0,False
2018,MS,PMN,90,1,1,1.0,False,1.0,False
2018,MS,PMN,95,1,1,1.0,False,1.0,False
2018,MS,PODE,50,5,2,0.4,False,0.5,True
2018,MS,PODE,60,5,3,0.6,False,0.75,True
2018,MS,PODE,70,5,3,0.6,False,0.75,True
2018,MS,PODE,80,5,4,0.8,False,1.0,False
2018,MS,PODE,90,5,4,0.8,False,1.0,False
2018,MS,PODE,95,5,4,0.8,False,1.0,False
2018,MS,PPL,50,3,0,0.0,True,,False
2018,MS,PPL,60,3,0,0.0,True,,False
2018,MS,PPL,70,3,0,0.0,True,,False
2018,MS,PPL,80,3,0,0.0,True,,False
2018,MS,PPL,90,3,0,0.0,True,,False
2018,MS,PPL,95,3,0,0.0,True,,False
2018,MS,PPS,50,2,1,0.5,False,0.7087605128960359,False
2018,MS,PPS,60,2,1,0.5,False,0.7087605128960359,False
2018,MS,PPS,70,2,1,0.5,False,0.7087605128960359,False
2018,MS,PPS,80,2,2,1.0,False,1.0,False
2018,MS,PPS,90,2,2,1.0,False,1.0,False
2018,MS,PPS,95,2,2,1.0,False,1.0,False
2018,MS,PR,50,1,1,1.0,False,1.0,False
2018,MS,PR,60,1,1,1.0,False,1.0,False
2018,MS,PR,70,1,1,1.0,False,1.0,False
2018,MS,PR,80,1,1,1.0,False,1.0,False
2018,MS,PR,90,1,1,1.0,False,1.0,False
2018,MS,PR,95,1,1,1.0,False,1.0,False
2018,MS,PRB,50,3,1,0.3333333333333333,False,0.9312715068263739,False
2018,MS,PRB,60,3,1,0.3333333333333333,False,0.9312715068263739,False
2018,MS,PRB,70,3,1,0.3333333333333333,False,0.9312715068263739,False
2018,MS,PRB,80,3,1,0.3333333333333333,False,0.9312715068263739,False
2018,MS,PRB,90,3,1,0.3333333333333333,False,0.9312715068263739,False
2018,MS,PRB,95,3,2,0.6666666666666666,False,0.9850590232231248,False
2018,MS,PROS,50,4,2,0.5,False,0.6431689853891379,True
2018,MS,PROS,60,4,2,0.5,False,0.6431689853891379,True
2018,MS,PROS,70,4,3,0.75,False,0.8847430001746318,False
2018,MS,PROS,80,4,3,0.75,False,0.8847430001746318,False
2018,MS,PROS,90,4,4,1.0,False,1.0,False
2018,MS,PROS,95,4,4,1.0,False,1.0,False
2018,MS,PRP,50,2,1,0.5,False,1.0,False
2018,MS,PRP,60,2,1,0.5,False,1.0,False
2018,MS,PRP,70,2,1,0.5,False,1.0,False
2018,MS,PRP,80,2,1,0.5,False,1.0,False
2018,MS,PRP,90,2,1,0.5,False,1.0,False
2018,MS,PRP,95,2,1,0.5,False,1.0,False
2018,MS,PRTB,50,3,0,0.0,True,,False
2018,MS,PRTB,60,3,0,0.0,True,,False
2018,MS,PRTB,70,3,0,0.0,True,,False
2018,MS,PRTB,80,3,0,0.0,True,,False
2018,MS,PRTB,90,3,0,0.0,True,,False
2018,MS,PRTB,95,3,0,0.0,True,,False
2018,MS,PSB,50,1,1,1.0,False,1.0,False
2018,MS,PSB,60,1,1,1.0,False,1.0,False
2018,MS,PSB,70,1,1,1.0,False,1.0,False
2018,MS,PSB,80,1,1,1.0,False,1.0,False
2018,MS,PSB,90,1,1,1.0,False,1.0,False
2018,MS,PSB,95,1,1,1.0,False,1.0,False
2018,MS,PSC,50,2,0,0.0,True,,False
2018,MS,PSC,60,2,0,0.0,True,,False
2018,MS,PSC,70,2,0,0.0,True,,False
2018,MS,PSC,80,2,0,0.0,True,,False
2018,MS,PSC,90,2,0,0.0,True,,False
2018,MS,PSC,95,2,0,0.0,True,,False
2018,MS,PSD,50,2,1,0.5,False,0.873015873015873,False
2018,MS,PSD,60,2,1,0.5,False,0.873015873015873,False
2018,MS,PSD,70,2,1,0.5,False,0.873015873015873,False
2018,MS,PSD,80,2,1,0.5,False,0.873015873015873,False
2018,MS,PSD,90,2,2,1.0,False,1.0,False
2018,MS,PSD,95,2,2,1.0,False,1.0,False
2018,MS,PSDB,50,5,2,0.4,False,0.63379424572364,False
2018,MS,PSDB,60,5,2,0.4,False,0.63379424572364,False
2018,MS,PSDB,70,5,3,0.6,False,0.8531589694902735,False
2018,MS,PSDB,80,5,3,0.6,False,0.8531589694902735,False
2018,MS,PSDB,90,5,4,0.8,False,0.9268269070275115,False
2018,MS,PSDB,95,5,5,1.0,False,1.0,False
2018,MS,PSL,50,4,0,0.0,True,,False
2018,MS,PSL,60,4,0,0.0,True,,False
2018,MS,PSL,70,4,0,0.0,True,,False
2018,MS,PSL,80,4,0,0.0,True,,False
2018,MS,PSL,90,4,0,0.0,True,,False
2018,MS,PSL,95,4,0,0.0,True,,False
2018,MS,PSOL,50,6,3,0.5,False,0.6253986488912167,False
2018,MS,PSOL,60,6,3,0.5,False,0.6253986488912167,False
2018,MS,PSOL,70,6,4,0.6666666666666666,False,0.8302536021472452,False
2018,MS,PSOL,80,6,4,0.6666666666666666,False,0.8302536021472452,False
2018,MS,PSOL,90,6,5,0.8333333333333334,False,0.9190863649514188,False
2018,MS,PSOL,95,6,6,1.0,False,1.0,False
2018,MS,PT,50,16,2,0.125,False,0.5761177346583596,False
2018,MS,PT,60,16,3,0.1875,False,0.7677207391078064,False
2018,MS,PT,70,16,3,0.1875,False,0.7677207391078064,False
2018,MS,PT,80,16,4,0.25,False,0.831691233645362,False
2018,MS,PT,90,16,6,0.375,False,0.909492738657642,False
2018,MS,PT,95,16,10,0.625,False,0.9511183251870993,False
2018,MS,PTB,50,1,1,1.0,False,1.0,False
2018,MS,PTB,60,1,1,1.0,False,1.0,False
2018,MS,PTB,70,1,1,1.0,False,1.0,False
2018,MS,PTB,80,1,1,1.0,False,1.0,False
2018,MS,PTB,90,1,1,1.0,False,1.0,False
2018,MS,PTB,95,1,1,1.0,False,1.0,False
2018,MS,PTC,50,1,1,1.0,False,1.0,False
2018,MS,PTC,60,1,1,1.0,False,1.0,False
2018,MS,PTC,70,1,1,1.0,False,1.0,False
2018,MS,PTC,80,1,1,1.0,False,1.0,False
2018,MS,PTC,90,1,1,1.0,False,1.0,False
2018,MS,PTC,95,1,1,1.0,False,1.0,False
2018,MS,PV,50,8,3,0.375,False,0.6664701888038719,False
2018,MS,PV,60,8,3,0.375,False,0.6664701888038719,False
2018,MS,PV,70,8,4,0.5,False,0.8452154308184414,False
2018,MS,PV,80,8,4,0.5,False,0.8452154308184414,False
2018,MS,PV,90,8,6,0.75,False,0.9458283874474339,False
2018,MS,PV,95,8,7,0.875,False,0.9930001058907075,False
2018,MS,REDE,50,3,2,0.6666666666666666,False,0.6666666666666666,True
2018,MS,REDE,60,3,2,0.6666666666666666,False,0.6666666666666666,True
2018,MS,REDE,70,3,3,1.0,False,1.0,False
2018,MS,REDE,80,3,3,1.0,False,1.0,False
2018,MS,REDE,90,3,3,1.0,False,1.0,False
2018,MS,REDE,95,3,3,1.0,False,1.0,False
2018,MS,SOLIDARIEDADE,50,2,1,0.5,False,0.7,False
2018,MS,SOLIDARIEDADE,60,2,1,0.5,False,0.7,False
2018,MS,SOLIDARIEDADE,70,2,1,0.5,False,0.7,False
2018,MS,SOLIDARIEDADE,80,2,2,1.0,False,1.0,False
2018,MS,SOLIDARIEDADE,90,2,2,1.0,False,1.0,False
2018,MS,SOLIDARIEDADE,95,2,2,1.0,False,1.0,False
2018,MT,DEM,50,2,1,0.5,False,0.8888888888888888,False
2018,MT,DEM,60,2,1,0.5,False,0.8888888888888888,False
2018,MT,DEM,70,2,1,0.5,False,0.8888888888888888,False
2018,MT,DEM,80,2,1,0.5,False,0.8888888888888888,False
2018,MT,DEM,90,2,2,1.0,False,1.0,False
2018,MT,DEM,95,2,2,1.0,False,1.0,False
2018,MT,MDB,50,7,2,0.2857142857142857,False,0.6666733198938145,True
2018,MT,MDB,60,7,2,0.2857142857142857,False,0.6666733198938145,True
2018,MT,MDB,70,7,3,0.42857142857142855,False,0.9660685415460769,False
2018,MT,MDB,80,7,3,0.42857142857142855,False,0.9660685415460769,False
2018,MT,MDB,90,7,3,0.42857142857142855,False,0.9660685415460769,False
2018,MT,MDB,95,7,3,0.42857142857142855,False,0.9660685415460769,False
2018,MT,NOVO,50,13,7,0.5384615384615384,False,0.5564278674051387,True
2018,MT,NOVO,60,13,8,0.6153846153846154,False,0.6303565561709492,True
2018,MT,NOVO,70,13,9,0.6923076923076923,False,0.7042852449367591,True
2018,MT,NOVO,80,13,11,0.8461538461538461,False,0.8521426224683795,True
2018,MT,NOVO,90,13,12,0.9230769230769231,False,0.9260713112341901,True
2018,MT,NOVO,95,13,13,1.0,False,1.0,False
2018,MT,PATRI,50,3,2,0.6666666666666666,False,0.6666666666666665,True
2018,MT,PATRI,60,3,2,0.6666666666666666,False,0.6666666666666665,True
2018,MT,PATRI,70,3,3,1.0,False,1.0,False
2018,MT,PATRI,80,3,3,1.0,False,1.0,False
2018,MT,PATRI,90,3,3,1.0,False,1.0,False
2018,MT,PATRI,95,3,3,1.0,False,1.0,False
2018,MT,PC DO B,50,2,1,0.5,False,0.6470671278322863,False
2018,MT,PC DO B,60,2,1,0.5,False,0.6470671278322863,False
2018,MT,PC DO B,70,2,2,1.0,False,1.0,False
2018,MT,PC DO B,80,2,2,1.0,False,1.0,False
2018,MT,PC DO B,90,2,2,1.0,False,1.0,False
2018,MT,PC DO B,95,2,2,1.0,False,1.0,False
2018,MT,PDT,50,4,1,0.25,False,0.6579679144028718,False
2018,MT,PDT,60,4,1,0.25,False,0.6579679144028718,False
2018,MT,PDT,70,4,2,0.5,False,0.9422487402725378,False
2018,MT,PDT,80,4,2,0.5,False,0.9422487402725378,False
2018,MT,PDT,90,4,2,0.5,False,0.9422487402725378,False
2018,MT,PDT,95,4,3,0.75,False,0.9791782305568711,False
2018,MT,PHS,50,3,2,0.6666666666666666,False,0.9317647058823529,False
2018,MT,PHS,60,3,2,0.6666666666666666,False,0.9317647058823529,False
2018,MT,PHS,70,3,2,0.6666666666666666,False,0.9317647058823529,False
2018,MT,PHS,80,3,2,0.6666666666666666,False,0.9317647058823529,False
2018,MT,PHS,90,3,2,0.6666666666666666,False,0.9317647058823529,False
2018,MT,PHS,95,3,3,1.0,False,1.0,False
2018,MT,PMB,50,1,0,0.0,True,,False
2018,MT,PMB,60,1,0,0.0,True,,False
2018,MT,PMB,70,1,0,0.0,True,,False
2018,MT,PMB,80,1,0,0.0,True,,False
2018,MT,PMB,90,1,0,0.0,True,,False
2018,MT,PMB,95,1,0,0.0,True,,False
2018,MT,PMN,50,1,1,1.0,False,1.0,False
2018,MT,PMN,60,1,1,1.0,False,1.0,False
2018,MT,PMN,70,1,1,1.0,False,1.0,False
2018,MT,PMN,80,1,1,1.0,False,1.0,False
2018,MT,PMN,90,1,1,1.0,False,1.0,False
2018,MT,PMN,95,1,1,1.0,False,1.0,False
2018,MT,PODE,50,2,1,0.5,False,0.9703409784079462,False
2018,MT,PODE,60,2,1,0.5,False,0.9703409784079462,False
2018,MT,PODE,70,2,1,0.5,False,0.9703409784079462,False
2018,MT,PODE,80,2,1,0.5,False,0.9703409784079462,False
2018,MT,PODE,90,2,1,0.5,False,0.9703409784079462,False
2018,MT,PODE,95,2,1,0.5,False,0.9703409784079462,False
2018,MT,PP,50,1,1,1.0,False,1.0,False
2018,MT,PP,60,1,1,1.0,False,1.0,False
2018,MT,PP,70,1,1,1.0,False,1.0,False
2018,MT,PP,80,1,1,1.0,False,1.0,False
2018,MT,PP,90,1,1,1.0,False,1.0,False
2018,MT,PP,95,1,1,1.0,False,1.0,False
2018,MT,PPL,50,3,1,0.3333333333333333,False,0.5555555555555556,False
2018,MT,PPL,60,3,2,0.6666666666666666,False,1.0,False
2018,MT,PPL,70,3,2,0.6666666666666666,False,1.0,False
2018,MT,PPL,80,3,2,0.6666666666666666,False,1.0,False
2018,MT,PPL,90,3,2,0.6666666666666666,False,1.0,False
2018,MT,PPL,95,3,2,0.6666666666666666,False,1.0,False
2018,MT,PPS,50,6,1,0.16666666666666666,False,0.8947058321130003,False
2018,MT,PPS,60,6,1,0.16666666666666666,False,0.8947058321130003,False
2018,MT,PPS,70,6,1,0.16666666666666666,False,0.8947058321130003,False
2018,MT,PPS,80,6,1,0.16666666666666666,False,0.8947058321130003,False
2018,MT,PPS,90,6,2,0.3333333333333333,False,0.968844352306138,False
2018,MT,PPS,95,6,2,0.3333333333333333,False,0.968844352306138,False
2018,MT,PR,50,2,1,0.5,False,0.5067365981039222,False
2018,MT,PR,60,2,2,1.0,False,1.0,False
2018,MT,PR,70,2,2,1.0,False,1.0,False
2018,MT,PR,80,2,2,1.0,False,1.0,False
2018,MT,PR,90,2,2,1.0,False,1.0,False
2018,MT,PR,95,2,2,1.0,False,1.0,False
2018,MT,PRB,50,1,1,1.0,False,1.0,False
2018,MT,PRB,60,1,1,1.0,False,1.0,False
2018,MT,PRB,70,1,1,1.0,False,1.0,False
2018,MT,PRB,80,1,1,1.0,False,1.0,False
2018,MT,PRB,90,1,1,1.0,False,1.0,False
2018,MT,PRB,95,1,1,1.0,False,1.0,False
2018,MT,PROS,50,4,2,0.5,False,0.5739988209483268,False
2018,MT,PROS,60,4,3,0.75,False,0.8169788316556084,False
2018,MT,PROS,70,4,3,0.75,False,0.8169788316556084,False
2018,MT,PROS,80,4,3,0.75,False,0.8169788316556084,False
2018,MT,PROS,90,4,4,1.0,False,1.0,False
2018,MT,PROS,95,4,4,1.0,False,1.0,False
2018,MT,PRP,50,2,1,0.5,False,1.0,False
2018,MT,PRP,60,2,1,0.5,False,1.0,False
2018,MT,PRP,70,2,1,0.5,False,1.0,False
2018,MT,PRP,80,2,1,0.5,False,1.0,False
2018,MT,PRP,90,2,1,0.5,False,1.0,False
2018,MT,PRP,95,2,1,0.5,False,1.0,False
2018,MT,PSB,50,4,1,0.25,False,0.8418781071466936,False
2018,MT,PSB,60,4,1,0.25,False,0.8418781071466936,False
2018,MT,PSB,70,4,1,0.25,False,0.8418781071466936,False
2018,MT,PSB,80,4,1,0.25,False,0.8418781071466936,False
2018,MT,PSB,90,4,2,0.5,False,0.995997669095745,False
2018,MT,PSB,95,4,2,0.5,False,0.995997669095745,False
2018,MT,PSC,50,6,1,0.16666666666666666,False,0.6024000582159417,False
2018,MT,PSC,60,6,1,0.16666666666666666,False,0.6024000582159417,False
2018,MT,PSC,70,6,2,0.3333333333333333,False,0.7228959732206668,False
2018,MT,PSC,80,6,3,0.5,False,0.8192799825352175,True
2018,MT,PSC,90,6,4,0.6666666666666666,False,0.9156639918497682,False
2018,MT,PSC,95,6,5,0.8333333333333334,False,0.9759039976713624,False
2018,MT,PSD,50,2,1,0.5,False,0.5179459080974559,False
2018,MT,PSD,60,2,2,1.0,False,1.0,False
2018,MT,PSD,70,2,2,1.0,False,1.0,False
2018,MT,PSD,80,2,2,1.0,False,1.0,False
2018,MT,PSD,90,2,2,1.0,False,1.0,False
2018,MT,PSD,95,2,2,1.0,False,1.0,False
2018,MT,PSDB,50,4,2,0.5,False,0.8428616642350647,False
2018,MT,PSDB,60,4,2,0.5,False,0.8428616642350647,False
2018,MT,PSDB,70,4,2,0.5,False,0.8428616642350647,False
2018,MT,PSDB,80,4,2,0.5,False,0.8428616642350647,False
2018,MT,PSDB,90,4,3,0.75,False,0.9980159328466042,False
2018,MT,PSDB,95,4,3,0.75,False,0.9980159328466042,False
2018,MT,PSL,50,5,2,0.4,False,0.7750343291227937,False
2018,MT,PSL,60,5,2,0.4,False,0.7750343291227937,False
2018,MT,PSL,70,5,2,0.4,False,0.7750343291227937,False
2018,MT,PSL,80,5,3,0.6,False,0.9135649447074952,False
2018,MT,PSL,90,5,3,0.6,False,0.9135649447074952,False
2018,MT,PSL,95,5,4,0.8,False,1.0,False
2018,MT,PSOL,50,9,1,0.1111111111111111,False,0.718629902837078,False
2018,MT,PSOL,60,9,1,0.1111111111111111,False,0.718629902837078,False
2018,MT,PSOL,70,9,1,0.1111111111111111,False,0.718629902837078,False
2018,MT,PSOL,80,9,3,0.3333333333333333,False,0.8258960035230452,False
2018,MT,PSOL,90,9,5,0.5555555555555556,False,0.9031156255881873,False
2018,MT,PSOL,95,9,7,0.7777777777777778,False,0.9530536210727096,True
2018,MT,PT,50,2,1,0.5,False,0.7828076333265154,False
2018,MT,PT,60,2,1,0.5,False,0.7828076333265154,False
2018,MT,PT,70,2,1,0.5,False,0.7828076333265154,False
2018,MT,PT,80,2,2,1.0,False,1.0,False
2018,MT,PT,90,2,2,1.0,False,1.0,False
2018,MT,PT,95,2,2,1.0,False,1.0,False
2018,MT,PTB,50,2,1,0.5,False,0.8096867681537604,False
2018,MT,PTB,60,2,1,0.5,False,0.8096867681537604,False
2018,MT,PTB,70,2,1,0.5,False,0.8096867681537604,False
2018,MT,PTB,80,2,1,0.5,False,0.8096867681537604,False
2018,MT,PTB,90,2,2,1.0,False,1.0,False
2018,MT,PTB,95,2,2,1.0,False,1.0,False
2018,MT,PTC,50,2,1,0.5,False,1.0,False
2018,MT,PTC,60,2,1,0.5,False,1.0,False
2018,MT,PTC,70,2,1,0.5,False,1.0,False
2018,MT,PTC,80,2,1,0.5,False,1.0,False
2018,MT,PTC,90,2,1,0.5,False,1.0,False
2018,MT,PTC,95,2,1,0.5,False,1.0,False
2018,MT,PV,50,9,3,0.3333333333333333,False,0.539588299759352,False
2018,MT,PV,60,9,4,0.4444444444444444,False,0.6678209488086226,False
2018,MT,PV,70,9,5,0.5555555555555556,False,0.7638542102111602,False
2018,MT,PV,80,9,6,0.6666666666666666,False,0.8474765848312639,False
2018,MT,PV,90,9,7,0.7777777777777778,False,0.9039667385974625,False
2018,MT,PV,95,9,8,0.8888888888888888,False,0.9548078769870412,False
2018,MT,REDE,50,6,2,0.3333333333333333,False,0.5,True
2018,MT,REDE,60,6,3,0.5,False,0.75,True
2018,MT,REDE,70,6,3,0.5,False,0.75,True
2018,MT,REDE,80,6,4,0.6666666666666666,False,1.0,False
2018,MT,REDE,90,6,4,0.6666666666666666,False,1.0,False
2018,MT,REDE,95,6,4,0.6666666666666666,False,1.0,False
2018,MT,SOLIDARIEDADE,50,2,1,0.5,False,0.9565065602399772,False
2018,MT,SOLIDARIEDADE,60,2,1,0.5,False,0.9565065602399772,False
2018,MT,SOLIDARIEDADE,70,2,1,0.5,False,0.9565065602399772,False
2018,MT,SOLIDARIEDADE,80,2,1,0.5,False,0.9565065602399772,False
2018,MT,SOLIDARIEDADE,90,2,1,0.5,False,0.9565065602399772,False
2018,MT,SOLIDARIEDADE,95,2,1,0.5,False,0.9565065602399772,False
2018,PA,AVANTE,50,2,1,0.5,False,0.9677710455072838,False
2018,PA,AVANTE,60,2,1,0.5,False,0.9677710455072838,False
2018,PA,AVANTE,70,2,1,0.5,False,0.9677710455072838,False
2018,PA,AVANTE,80,2,1,0.5,False,0.9677710455072838,False
2018,PA,AVANTE,90,2,1,0.5,False,0.9677710455072838,False
2018,PA,AVANTE,95,2,1,0.5,False,0.9677710455072838,False
2018,PA,DC,50,1,1,1.0,False,1.0,False
2018,PA,DC,60,1,1,1.0,False,1.0,False
2018,PA,DC,70,1,1,1.0,False,1.0,False
2018,PA,DC,80,1,1,1.0,False,1.0,False
2018,PA,DC,90,1,1,1.0,False,1.0,False
2018,PA,DC,95,1,1,1.0,False,1.0,False
2018,PA,DEM,50,5,1,0.2,False,0.7039784221173297,False
2018,PA,DEM,60,5,1,0.2,False,0.7039784221173297,False
2018,PA,DEM,70,5,1,0.2,False,0.7039784221173297,False
2018,PA,DEM,80,5,2,0.4,False,0.9399865138233311,False
2018,PA,DEM,90,5,2,0.4,False,0.9399865138233311,False
2018,PA,DEM,95,5,3,0.6,False,0.9939312204989885,False
2018,PA,MDB,50,6,2,0.3333333333333333,False,0.7183391997701315,False
2018,PA,MDB,60,6,2,0.3333333333333333,False,0.7183391997701315,False
2018,PA,MDB,70,6,2,0.3333333333333333,False,0.7183391997701315,False
2018,PA,MDB,80,6,3,0.5,False,0.9877163996839308,False
2018,PA,MDB,90,6,3,0.5,False,0.9877163996839308,False
2018,PA,MDB,95,6,3,0.5,False,0.9877163996839308,False
2018,PA,PATRI,50,16,0,0.0,True,,False
2018,PA,PATRI,60,16,0,0.0,True,,False
2018,PA,PATRI,70,16,0,0.0,True,,False
2018,PA,PATRI,80,16,0,0.0,True,,False
2018,PA,PATRI,90,16,0,0.0,True,,False
2018,PA,PATRI,95,16,0,0.0,True,,False
2018,PA,PC DO B,50,1,1,1.0,False,1.0,False
2018,PA,PC DO B,60,1,1,1.0,False,1.0,False
2018,PA,PC DO B,70,1,1,1.0,False,1.0,False
2018,PA,PC DO B,80,1,1,1.0,False,1.0,False
2018,PA,PC DO B,90,1,1,1.0,False,1.0,False
2018,PA,PC DO B,95,1,1,1.0,False,1.0,False
2018,PA,PCB,50,1,1,1.0,False,1.0,False
2018,PA,PCB,60,1,1,1.0,False,1.0,False
2018,PA,PCB,70,1,1,1.0,False,1.0,False
2018,PA,PCB,80,1,1,1.0,False,1.0,False
2018,PA,PCB,90,1,1,1.0,False,1.0,False
2018,PA,PCB,95,1,1,1.0,False,1.0,False
2018,PA,PDT,50,4,1,0.25,False,0.8948545861297539,False
2018,PA,PDT,60,4,1,0.25,False,0.8948545861297539,False
2018,PA,PDT,70,4,1,0.25,False,0.8948545861297539,False
2018,PA,PDT,80,4,1,0.25,False,0.8948545861297539,False
2018,PA,PDT,90,4,2,0.5,False,0.9731543624161074,False
2018,PA,PDT,95,4,2,0.5,False,0.9731543624161074,False
2018,PA,PHS,50,5,1,0.2,False,1.0,False
2018,PA,PHS,60,5,1,0.2,False,1.0,False
2018,PA,PHS,70,5,1,0.2,False,1.0,False
2018,PA,PHS,80,5,1,0.2,False,1.0,False
2018,PA,PHS,90,5,1,0.2,False,1.0,False
2018,PA,PHS,95,5,1,0.2,False,1.0,False
2018,PA,PMB,50,1,1,1.0,False,1.0,False
2018,PA,PMB,60,1,1,1.0,False,1.0,False
2018,PA,PMB,70,1,1,1.0,False,1.0,False
2018,PA,PMB,80,1,1,1.0,False,1.0,False
2018,PA,PMB,90,1,1,1.0,False,1.0,False
2018,PA,PMB,95,1,1,1.0,False,1.0,False
2018,PA,PMN,50,3,1,0.3333333333333333,False,1.0,False
2018,PA,PMN,60,3,1,0.3333333333333333,False,1.0,False
2018,PA,PMN,70,3,1,0.3333333333333333,False,1.0,False
2018,PA,PMN,80,3,1,0.3333333333333333,False,1.0,False
2018,PA,PMN,90,3,1,0.3333333333333333,False,1.0,False
2018,PA,PMN,95,3,1,0.3333333333333333,False,1.0,False
2018,PA,PODE,50,1,1,1.0,False,1.0,False
2018,PA,PODE,60,1,1,1.0,False,1.0,False
2018,PA,PODE,70,1,1,1.0,False,1.0,False
2018,PA,PODE,80,1,1,1.0,False,1.0,False
2018,PA,PODE,90,1,1,1.0,False,1.0,False
2018,PA,PODE,95,1,1,1.0,False,1.0,False
2018,PA,PP,50,1,1,1.0,False,1.0,False
2018,PA,PP,60,1,1,1.0,False,1.0,False
2018,PA,PP,70,1,1,1.0,False,1.0,False
2018,PA,PP,80,1,1,1.0,False,1.0,False
2018,PA,PP,90,1,1,1.0,False,1.0,False
2018,PA,PP,95,1,1,1.0,False,1.0,False
2018,PA,PPL,50,7,2,0.2857142857142857,False,0.7083333333333334,False
2018,PA,PPL,60,7,2,0.2857142857142857,False,0.7083333333333334,False
2018,PA,PPL,70,7,2,0.2857142857142857,False,0.7083333333333334,False
2018,PA,PPL,80,7,3,0.42857142857142855,False,0.8125,True
2018,PA,PPL,90,7,4,0.5714285714285714,False,0.9166666666666666,False
2018,PA,PPL,95,7,5,0.7142857142857143,False,1.0,False
2018,PA,PPS,50,1,1,1.0,False,1.0,False
2018,PA,PPS,60,1,1,1.0,False,1.0,False
2018,PA,PPS,70,1,1,1.0,False,1.0,False
2018,PA,PPS,80,1,1,1.0,False,1.0,False
2018,PA,PPS,90,1,1,1.0,False,1.0,False
2018,PA,PPS,95,1,1,1.0,False,1.0,False
2018,PA,PR,50,1,1,1.0,False,1.0,False
2018,PA,PR,60,1,1,1.0,False,1.0,False
2018,PA,PR,70,1,1,1.0,False,1.0,False
2018,PA,PR,80,1,1,1.0,False,1.0,False
2018,PA,PR,90,1,1,1.0,False,1.0,False
2018,PA,PR,95,1,1,1.0,False,1.0,False
2018,PA,PRB,50,1,1,1.0,False,1.0,False
2018,PA,PRB,60,1,1,1.0,False,1.0,False
2018,PA,PRB,70,1,1,1.0,False,1.0,False
2018,PA,PRB,80,1,1,1.0,False,1.0,False
2018,PA,PRB,90,1,1,1.0,False,1.0,False
2018,PA,PRB,95,1,1,1.0,False,1.0,False
2018,PA,PROS,50,1,1,1.0,False,1.0,False
2018,PA,PROS,60,1,1,1.0,False,1.0,False
2018,PA,PROS,70,1,1,1.0,False,1.0,False
2018,PA,PROS,80,1,1,1.0,False,1.0,False
2018,PA,PROS,90,1,1,1.0,False,1.0,False
2018,PA,PROS,95,1,1,1.0,False,1.0,False
2018,PA,PRP,50,10,0,0.0,True,,False
2018,PA,PRP,60,10,0,0.0,True,,False
2018,PA,PRP,70,10,0,0.0,True,,False
2018,PA,PRP,80,10,0,0.0,True,,False
2018,PA,PRP,90,10,0,0.0,True,,False
2018,PA,PRP,95,10,0,0.0,True,,False
2018,PA,PRTB,50,4,2,0.5,False,0.6666666666666665,True
2018,PA,PRTB,60,4,2,0.5,False,0.6666666666666665,True
2018,PA,PRTB,70,4,3,0.75,False,1.0,False
2018,PA,PRTB,80,4,3,0.75,False,1.0,False
2018,PA,PRTB,90,4,3,0.75,False,1.0,False
2018,PA,PRTB,95,4,3,0.75,False,1.0,False
2018,PA,PSB,50,1,1,1.0,False,1.0,False
2018,PA,PSB,60,1,1,1.0,False,1.0,False
2018,PA,PSB,70,1,1,1.0,False,1.0,False
2018,PA,PSB,80,1,1,1.0,False,1.0,False
2018,PA,PSB,90,1,1,1.0,False,1.0,False
2018,PA,PSB,95,1,1,1.0,False,1.0,False
2018,PA,PSC,50,2,1,0.5,False,1.0,False
2018,PA,PSC,60,2,1,0.5,False,1.0,False
2018,PA,PSC,70,2,1,0.5,False,1.0,False
2018,PA,PSC,80,2,1,0.5,False,1.0,False
2018,PA,PSC,90,2,1,0.5,False,1.0,False
2018,PA,PSC,95,2,1,0.5,False,1.0,False
2018,PA,PSD,50,4,1,0.25,False,0.6510351686834148,False
2018,PA,PSD,60,4,1,0.25,False,0.6510351686834148,False
2018,PA,PSD,70,4,2,0.5,False,0.8682027587167799,False
2018,PA,PSD,80,4,2,0.5,False,0.8682027587167799,False
2018,PA,PSD,90,4,3,0.75,False,0.9961894876416348,False
2018,PA,PSD,95,4,3,0.75,False,0.9961894876416348,False
2018,PA,PSDB,50,6,1,0.16666666666666666,False,0.5423100151513088,False
2018,PA,PSDB,60,6,2,0.3333333333333333,False,0.8060412880485568,False
2018,PA,PSDB,70,6,2,0.3333333333333333,False,0.8060412880485568,False
2018,PA,PSDB,80,6,2,0.3333333333333333,False,0.8060412880485568,False
2018,PA,PSDB,90,6,4,0.6666666666666666,False,0.9469372678930738,False
2018,PA,PSDB,95,6,5,0.8333333333333334,False,0.9736268727102751,False
2018,PA,PSL,50,2,1,0.5,False,1.0,False
2018,PA,PSL,60,2,1,0.5,False,1.0,False
2018,PA,PSL,70,2,1,0.5,False,1.0,False
2018,PA,PSL,80,2,1,0.5,False,1.0,False
2018,PA,PSL,90,2,1,0.5,False,1.0,False
2018,PA,PSL,95,2,1,0.5,False,1.0,False
2018,PA,PSOL,50,18,1,0.05555555555555555,False,0.5511073500328264,False
2018,PA,PSOL,60,18,2,0.1111111111111111,False,0.6095295444476926,False
2018,PA,PSOL,70,18,4,0.2222222222222222,False,0.7155481795573504,False
2018,PA,PSOL,80,18,6,0.3333333333333333,False,0.811076512799403,False
2018,PA,PSOL,90,18,10,0.5555555555555556,False,0.9165356013348459,False
2018,PA,PSOL,95,18,12,0.6666666666666666,False,0.9554405310587821,False
2018,PA,PT,50,7,2,0.2857142857142857,False,0.5539560696002513,False
2018,PA,PT,60,7,3,0.42857142857142855,False,0.7343235024416506,False
2018,PA,PT,70,7,3,0.42857142857142855,False,0.7343235024416506,False
2018,PA,PT,80,7,4,0.5714285714285714,False,0.9063112260619712,False
2018,PA,PT,90,7,4,0.5714285714285714,False,0.9063112260619712,False
2018,PA,PT,95,7,5,0.7142857142857143,False,0.9599874545535747,False
2018,PA,PTB,50,2,1,0.5,False,0.8312022932798993,False
2018,PA,PTB,60,2,1,0.5,False,0.8312022932798993,False
2018,PA,PTB,70,2,1,0.5,False,0.8312022932798993,False
2018,PA,PTB,80,2,1,0.5,False,0.8312022932798993,False
2018,PA,PTB,90,2,2,1.0,False,1.0,False
2018,PA,PTB,95,2,2,1.0,False,1.0,False
2018,PA,PTC,50,5,1,0.2,False,0.9411764705882353,False
2018,PA,PTC,60,5,1,0.2,False,0.9411764705882353,False
2018,PA,PTC,70,5,1,0.2,False,0.9411764705882353,False
2018,PA,PTC,80,5,1,0.2,False,0.9411764705882353,False
2018,PA,PTC,90,5,1,0.2,False,0.9411764705882353,False
2018,PA,PTC,95,5,2,0.4,False,1.0,False
2018,PA,PV,50,2,1,0.5,False,0.9419242561436103,False
2018,PA,PV,60,2,1,0.5,False,0.9419242561436103,False
2018,PA,PV,70,2,1,0.5,False,0.9419242561436103,False
2018,PA,PV,80,2,1,0.5,False,0.9419242561436103,False
2018,PA,PV,90,2,1,0.5,False,0.9419242561436103,False
2018,PA,PV,95,2,2,1.0,False,1.0,False
2018,PA,REDE,50,5,0,0.0,True,,False
2018,PA,REDE,60,5,0,0.0,True,,False
2018,PA,REDE,70,5,0,0.0,True,,False
2018,PA,REDE,80,5,0,0.0,True,,False
2018,PA,REDE,90,5,0,0.0,True,,False
2018,PA,REDE,95,5,0,0.0,True,,False
2018,PA,SOLIDARIEDADE,50,3,1,0.3333333333333333,False,0.9259259259259259,False
2018,PA,SOLIDARIEDADE,60,3,1,0.3333333333333333,False,0.9259259259259259,False
2018,PA,SOLIDARIEDADE,70,3,1,0.3333333333333333,False,0.9259259259259259,False
2018,PA,SOLIDARIEDADE,80,3,1,0.3333333333333333,False,0.9259259259259259,False
2018,PA,SOLIDARIEDADE,90,3,1,0.3333333333333333,False,0.9259259259259259,False
2018,PA,SOLIDARIEDADE,95,3,2,0.6666666666666666,False,0.9629629629629629,True
2018,PB,AVANTE,50,11,1,0.09090909090909091,False,0.7640878701050621,False
2018,PB,AVANTE,60,11,1,0.09090909090909091,False,0.7640878701050621,False
2018,PB,AVANTE,70,11,1,0.09090909090909091,False,0.7640878701050621,False
2018,PB,AVANTE,80,11,2,0.18181818181818182,False,0.9551098376313276,False
2018,PB,AVANTE,90,11,2,0.18181818181818182,False,0.9551098376313276,False
2018,PB,AVANTE,95,11,2,0.18181818181818182,False,0.9551098376313276,False
2018,PB,DC,50,1,1,1.0,False,1.0,False
2018,PB,DC,60,1,1,1.0,False,1.0,False
2018,PB,DC,70,1,1,1.0,False,1.0,False
2018,PB,DC,80,1,1,1.0,False,1.0,False
2018,PB,DC,90,1,1,1.0,False,1.0,False
2018,PB,DC,95,1,1,1.0,False,1.0,False
2018,PB,DEM,50,2,1,0.5,False,0.9819897111542294,False
2018,PB,DEM,60,2,1,0.5,False,0.9819897111542294,False
2018,PB,DEM,70,2,1,0.5,False,0.9819897111542294,False
2018,PB,DEM,80,2,1,0.5,False,0.9819897111542294,False
2018,PB,DEM,90,2,1,0.5,False,0.9819897111542294,False
2018,PB,DEM,95,2,1,0.5,False,0.9819897111542294,False
2018,PB,MDB,50,10,1,0.1,False,0.6608511763150938,False
2018,PB,MDB,60,10,1,0.1,False,0.6608511763150938,False
2018,PB,MDB,70,10,2,0.2,False,0.8150497841219491,False
2018,PB,MDB,80,10,2,0.2,False,0.8150497841219491,False
2018,PB,MDB,90,10,3,0.3,False,0.9031632742972949,False
2018,PB,MDB,95,10,5,0.5,False,0.962551766675478,False
2018,PB,NOVO,50,2,1,0.5,False,0.5566969055663502,False
2018,PB,NOVO,60,2,2,1.0,False,1.0,False
2018,PB,NOVO,70,2,2,1.0,False,1.0,False
2018,PB,NOVO,80,2,2,1.0,False,1.0,False
2018,PB,NOVO,90,2,2,1.0,False,1.0,False
2018,PB,NOVO,95,2,2,1.0,False,1.0,False
2018,PB,PATRI,50,10,1,0.1,False,1.0,False
2018,PB,PATRI,60,10,1,0.1,False,1.0,False
2018,PB,PATRI,70,10,1,0.1,False,1.0,False
2018,PB,PATRI,80,10,1,0.1,False,1.0,False
2018,PB,PATRI,90,10,1,0.1,False,1.0,False
2018,PB,PATRI,95,10,1,0.1,False,1.0,False
2018,PB,PC DO B,50,4,1,0.25,False,0.7289898713386258,False
2018,PB,PC DO B,60,4,1,0.25,False,0.7289898713386258,False
2018,PB,PC DO B,70,4,1,0.25,False,0.7289898713386258,False
2018,PB,PC DO B,80,4,2,0.5,False,0.849739939775527,False
2018,PB,PC DO B,90,4,3,0.75,False,0.924874532347842,False
2018,PB,PC DO B,95,4,4,1.0,False,1.0,False
2018,PB,PDT,50,1,1,1.0,False,1.0,False
2018,PB,PDT,60,1,1,1.0,False,1.0,False
2018,PB,PDT,70,1,1,1.0,False,1.0,False
2018,PB,PDT,80,1,1,1.0,False,1.0,False
2018,PB,PDT,90,1,1,1.0,False,1.0,False
2018,PB,PDT,95,1,1,1.0,False,1.0,False
2018,PB,PHS,50,5,2,0.4,False,0.6491228070175439,False
2018,PB,PHS,60,5,2,0.4,False,0.6491228070175439,False
2018,PB,PHS,70,5,3,0.6,False,0.7660818713450294,True
2018,PB,PHS,80,5,4,0.8,False,0.8830409356725146,True
2018,PB,PHS,90,5,5,1.0,False,1.0,False
2018,PB,PHS,95,5,5,1.0,False,1.0,False
2018,PB,PMN,50,2,1,0.5,False,1.0,False
2018,PB,PMN,60,2,1,0.5,False,1.0,False
2018,PB,PMN,70,2,1,0.5,False,1.0,False
2018,PB,PMN,80,2,1,0.5,False,1.0,False
2018,PB,PMN,90,2,1,0.5,False,1.0,False
2018,PB,PMN,95,2,1,0.5,False,1.0,False
2018,PB,PODE,50,2,1,0.5,False,1.0,False
2018,PB,PODE,60,2,1,0.5,False,1.0,False
2018,PB,PODE,70,2,1,0.5,False,1.0,False
2018,PB,PODE,80,2,1,0.5,False,1.0,False
2018,PB,PODE,90,2,1,0.5,False,1.0,False
2018,PB,PODE,95,2,1,0.5,False,1.0,False
2018,PB,PP,50,7,2,0.2857142857142857,False,0.6579257004124771,False
2018,PB,PP,60,7,2,0.2857142857142857,False,0.6579257004124771,False
2018,PB,PP,70,7,3,0.42857142857142855,False,0.789376932184067,False
2018,PB,PP,80,7,4,0.5714285714285714,False,0.8689419397878854,False
2018,PB,PP,90,7,5,0.7142857142857143,False,0.9213651638727312,False
2018,PB,PP,95,7,6,0.8571428571428571,False,0.9606825819363656,True
2018,PB,PPL,50,1,0,0.0,True,,False
2018,PB,PPL,60,1,0,0.0,True,,False
2018,PB,PPL,70,1,0,0.0,True,,False
2018,PB,PPL,80,1,0,0.0,True,,False
2018,PB,PPL,90,1,0,0.0,True,,False
2018,PB,PPL,95,1,0,0.0,True,,False
2018,PB,PPS,50,3,1,0.3333333333333333,False,1.0,False
2018,PB,PPS,60,3,1,0.3333333333333333,False,1.0,False
2018,PB,PPS,70,3,1,0.3333333333333333,False,1.0,False
2018,PB,PPS,80,3,1,0.3333333333333333,False,1.0,False
2018,PB,PPS,90,3,1,0.3333333333333333,False,1.0,False
2018,PB,PPS,95,3,1,0.3333333333333333,False,1.0,False
2018,PB,PR,50,2,1,0.5,False,0.9431818181818182,False
2018,PB,PR,60,2,1,0.5,False,0.9431818181818182,False
2018,PB,PR,70,2,1,0.5,False,0.9431818181818182,False
2018,PB,PR,80,2,1,0.5,False,0.9431818181818182,False
2018,PB,PR,90,2,1,0.5,False,0.9431818181818182,False
2018,PB,PR,95,2,2,1.0,False,1.0,False
2018,PB,PRB,50,3,1,0.3333333333333333,False,0.6103516713363231,False
2018,PB,PRB,60,3,1,0.3333333333333333,False,0.6103516713363231,False
2018,PB,PRB,70,3,2,0.6666666666666666,False,0.9970319547124596,False
2018,PB,PRB,80,3,2,0.6666666666666666,False,0.9970319547124596,False
2018,PB,PRB,90,3,2,0.6666666666666666,False,0.9970319547124596,False
2018,PB,PRB,95,3,2,0.6666666666666666,False,0.9970319547124596,False
2018,PB,PROS,50,1,1,1.0,False,1.0,False
2018,PB,PROS,60,1,1,1.0,False,1.0,False
2018,PB,PROS,70,1,1,1.0,False,1.0,False
2018,PB,PROS,80,1,1,1.0,False,1.0,False
2018,PB,PROS,90,1,1,1.0,False,1.0,False
2018,PB,PROS,95,1,1,1.0,False,1.0,False
2018,PB,PRP,50,5,1,0.2,False,0.6,False
2018,PB,PRP,60,5,1,0.2,False,0.6,False
2018,PB,PRP,70,5,2,0.4,False,1.0,False
2018,PB,PRP,80,5,2,0.4,False,1.0,False
2018,PB,PRP,90,5,2,0.4,False,1.0,False
2018,PB,PRP,95,5,2,0.4,False,1.0,False
2018,PB,PRTB,50,7,2,0.2857142857142857,False,0.6451259583789705,False
2018,PB,PRTB,60,7,2,0.2857142857142857,False,0.6451259583789705,False
2018,PB,PRTB,70,7,3,0.42857142857142855,False,0.8156261409273458,False
2018,PB,PRTB,80,7,3,0.42857142857142855,False,0.8156261409273458,False
2018,PB,PRTB,90,7,4,0.5714285714285714,False,0.9379335523913838,False
2018,PB,PRTB,95,7,5,0.7142857142857143,False,1.0,False
2018,PB,PSB,50,4,1,0.25,False,0.6299212598425197,False
2018,PB,PSB,60,4,1,0.25,False,0.6299212598425197,False
2018,PB,PSB,70,4,2,0.5,False,1.0,False
2018,PB,PSB,80,4,2,0.5,False,1.0,False
2018,PB,PSB,90,4,2,0.5,False,1.0,False
2018,PB,PSB,95,4,2,0.5,False,1.0,False
2018,PB,PSC,50,3,1,0.3333333333333333,False,0.7692253018861771,False
2018,PB,PSC,60,3,1,0.3333333333333333,False,0.7692253018861771,False
2018,PB,PSC,70,3,1,0.3333333333333333,False,0.7692253018861771,False
2018,PB,PSC,80,3,2,0.6666666666666666,False,1.0,False
2018,PB,PSC,90,3,2,0.6666666666666666,False,1.0,False
2018,PB,PSC,95,3,2,0.6666666666666666,False,1.0,False
2018,PB,PSD,50,2,0,0.0,True,,False
2018,PB,PSD,60,2,0,0.0,True,,False
2018,PB,PSD,70,2,0,0.0,True,,False
2018,PB,PSD,80,2,0,0.0,True,,False
2018,PB,PSD,90,2,0,0.0,True,,False
2018,PB,PSD,95,2,0,0.0,True,,False
2018,PB,PSDB,50,8,2,0.25,False,0.6439865599367527,False
2018,PB,PSDB,60,8,2,0.25,False,0.6439865599367527,False
2018,PB,PSDB,70,8,3,0.375,False,0.8989524656586619,False
2018,PB,PSDB,80,8,3,0.375,False,0.8989524656586619,False
2018,PB,PSDB,90,8,4,0.5,False,0.949105642850084,False
2018,PB,PSDB,95,8,5,0.625,False,0.9663174885528873,True
2018,PB,PSL,50,14,1,0.07142857142857142,False,0.6677971592467014,False
2018,PB,PSL,60,14,1,0.07142857142857142,False,0.6677971592467014,False
2018,PB,PSL,70,14,2,0.14285714285714285,False,0.7305291466546128,False
2018,PB,PSL,80,14,4,0.2857142857142857,False,0.832007365920492,False
2018,PB,PSL,90,14,7,0.5,False,0.9206624582949661,False
2018,PB,PSL,95,14,9,0.6428571428571429,False,0.9667889283069458,False
2018,PB,PSOL,50,5,3,0.6,False,0.6185446569328141,True
2018,PB,PSOL,60,5,3,0.6,False,0.6185446569328141,True
2018,PB,PSOL,70,5,4,0.8,False,0.8135766975804065,False
2018,PB,PSOL,80,5,4,0.8,False,0.8135766975804065,False
2018,PB,PSOL,90,5,5,1.0,False,1.0,False
2018,PB,PSOL,95,5,5,1.0,False,1.0,False
2018,PB,PT,50,4,2,0.5,False,0.8920120597510465,False
2018,PB,PT,60,4,2,0.5,False,0.8920120597510465,False
2018,PB,PT,70,4,2,0.5,False,0.8920120597510465,False
2018,PB,PT,80,4,2,0.5,False,0.8920120597510465,False
2018,PB,PT,90,4,3,0.75,False,0.9814236761933521,False
2018,PB,PT,95,4,3,0.75,False,0.9814236761933521,False
2018,PB,PTB,50,2,1,0.5,False,0.7811519198274002,False
2018,PB,PTB,60,2,1,0.5,False,0.7811519198274002,False
2018,PB,PTB,70,2,1,0.5,False,0.7811519198274002,False
2018,PB,PTB,80,2,2,1.0,False,1.0,False
2018,PB,PTB,90,2,2,1.0,False,1.0,False
2018,PB,PTB,95,2,2,1.0,False,1.0,False
2018,PB,PTC,50,6,1,0.16666666666666666,False,0.7692307692307693,False
2018,PB,PTC,60,6,1,0.16666666666666666,False,0.7692307692307693,False
2018,PB,PTC,70,6,1,0.16666666666666666,False,0.7692307692307693,False
2018,PB,PTC,80,6,2,0.3333333333333333,False,1.0,False
2018,PB,PTC,90,6,2,0.3333333333333333,False,1.0,False
2018,PB,PTC,95,6,2,0.3333333333333333,False,1.0,False
2018,PB,PV,50,5,1,0.2,False,0.6487119437939111,False
2018,PB,PV,60,5,1,0.2,False,0.6487119437939111,False
2018,PB,PV,70,5,2,0.4,False,1.0,False
2018,PB,PV,80,5,2,0.4,False,1.0,False
2018,PB,PV,90,5,2,0.4,False,1.0,False
2018,PB,PV,95,5,2,0.4,False,1.0,False
2018,PB,REDE,50,4,1,0.25,False,0.9943181818181818,False
2018,PB,REDE,60,4,1,0.25,False,0.9943181818181818,False
2018,PB,REDE,70,4,1,0.25,False,0.9943181818181818,False
2018,PB,REDE,80,4,1,0.25,False,0.9943181818181818,False
2018,PB,REDE,90,4,1,0.25,False,0.9943181818181818,False
2018,PB,REDE,95,4,1,0.25,False,0.9943181818181818,False
2018,PB,SOLIDARIEDADE,50,1,0,0.0,True,,False
2018,PB,SOLIDARIEDADE,60,1,0,0.0,True,,False
2018,PB,SOLIDARIEDADE,70,1,0,0.0,True,,False
2018,PB,SOLIDARIEDADE,80,1,0,0.0,True,,False
2018,PB,SOLIDARIEDADE,90,1,0,0.0,True,,False
2018,PB,SOLIDARIEDADE,95,1,0,0.0,True,,False
2018,PE,AVANTE,50,6,1,0.16666666666666666,False,0.9918116683725691,False
2018,PE,AVANTE,60,6,1,0.16666666666666666,False,0.9918116683725691,False
2018,PE,AVANTE,70,6,1,0.16666666666666666,False,0.9918116683725691,False
2018,PE,AVANTE,80,6,1,0.16666666666666666,False,0.9918116683725691,False
2018,PE,AVANTE,90,6,1,0.16666666666666666,False,0.9918116683725691,False
2018,PE,AVANTE,95,6,1,0.16666666666666666,False,0.9918116683725691,False
2018,PE,DC,50,15,4,0.26666666666666666,False,0.5070175438596491,True
2018,PE,DC,60,15,6,0.4,False,0.6157894736842106,True
2018,PE,DC,70,15,8,0.5333333333333333,False,0.7157894736842106,True
2018,PE,DC,80,15,10,0.6666666666666666,False,0.8070175438596494,True
2018,PE,DC,90,15,13,0.8666666666666667,False,0.9438596491228068,True
2018,PE,DC,95,15,14,0.9333333333333333,False,0.9894736842105263,False
2018,PE,DEM,50,4,1,0.25,False,0.5562130177514792,False
2018,PE,DEM,60,4,2,0.5,False,0.7928994082840237,False
2018,PE,DEM,70,4,2,0.5,False,0.7928994082840237,False
2018,PE,DEM,80,4,3,0.75,False,1.0,False
2018,PE,DEM,90,4,3,0.75,False,1.0,False
2018,PE,DEM,95,4,3,0.75,False,1.0,False
2018,PE,MDB,50,2,1,0.5,False,1.0,False
2018,PE,MDB,60,2,1,0.5,False,1.0,False
2018,PE,MDB,70,2,1,0.5,False,1.0,False
2018,PE,MDB,80,2,1,0.5,False,1.0,False
2018,PE,MDB,90,2,1,0.5,False,1.0,False
2018,PE,MDB,95,2,1,0.5,False,1.0,False
2018,PE,NOVO,50,9,1,0.1111111111111111,False,0.5433794937194636,False
2018,PE,NOVO,60,9,2,0.2222222222222222,False,0.7156595052584723,False
2018,PE,NOVO,70,9,2,0.2222222222222222,False,0.7156595052584723,False
2018,PE,NOVO,80,9,3,0.3333333333333333,False,0.822673630101671,False
2018,PE,NOVO,90,9,6,0.6666666666666666,False,0.9139148175753198,True
2018,PE,NOVO,95,9,8,0.8888888888888888,False,0.9713049391917733,True
2018,PE,PATRI,50,35,1,0.02857142857142857,False,0.7964454040766398,False
2018,PE,PATRI,60,35,1,0.02857142857142857,False,0.7964454040766398,False
2018,PE,PATRI,70,35,1,0.02857142857142857,False,0.7964454040766398,False
2018,PE,PATRI,80,35,2,0.05714285714285714,False,0.8133432653356458,True
2018,PE,PATRI,90,35,11,0.3142857142857143,False,0.9035625041276456,True
2018,PE,PATRI,95,35,17,0.4857142857142857,False,0.9501422620240948,True
2018,PE,PC DO B,50,1,1,1.0,False,1.0,False
2018,PE,PC DO B,60,1,1,1.0,False,1.0,False
2018,PE,PC DO B,70,1,1,1.0,False,1.0,False
2018,PE,PC DO B,80,1,1,1.0,False,1.0,False
2018,PE,PC DO B,90,1,1,1.0,False,1.0,False
2018,PE,PC DO B,95,1,1,1.0,False,1.0,False
2018,PE,PCB,50,4,1,0.25,False,0.634109103444589,False
2018,PE,PCB,60,4,1,0.25,False,0.634109103444589,False
2018,PE,PCB,70,4,2,0.5,False,0.853566846113141,False
2018,PE,PCB,80,4,2,0.5,False,0.853566846113141,False
2018,PE,PCB,90,4,3,0.75,False,0.9423680310051114,False
2018,PE,PCB,95,4,4,1.0,False,1.0,False
2018,PE,PDT,50,9,1,0.1111111111111111,False,0.8374281681821725,False
2018,PE,PDT,60,9,1,0.1111111111111111,False,0.8374281681821725,False
2018,PE,PDT,70,9,1,0.1111111111111111,False,0.8374281681821725,False
2018,PE,PDT,80,9,1,0.1111111111111111,False,0.8374281681821725,False
2018,PE,PDT,90,9,2,0.2222222222222222,False,0.9748141904306113,False
2018,PE,PDT,95,9,2,0.2222222222222222,False,0.9748141904306113,False
2018,PE,PHS,50,10,3,0.3,False,0.5701576214921963,False
2018,PE,PHS,60,10,4,0.4,False,0.6755554076498206,False
2018,PE,PHS,70,10,5,0.5,False,0.7748398306845112,False
2018,PE,PHS,80,10,6,0.6,False,0.8362970555424131,False
2018,PE,PHS,90,10,8,0.8,False,0.9461798538769577,False
2018,PE,PHS,95,10,9,0.9,False,0.9730899269384787,True
2018,PE,PMN,50,11,1,0.09090909090909091,False,1.0,False
2018,PE,PMN,60,11,1,0.09090909090909091,False,1.0,False
2018,PE,PMN,70,11,1,0.09090909090909091,False,1.0,False
2018,PE,PMN,80,11,1,0.09090909090909091,False,1.0,False
2018,PE,PMN,90,11,1,0.09090909090909091,False,1.0,False
2018,PE,PMN,95,11,1,0.09090909090909091,False,1.0,False
2018,PE,PODE,50,2,1,0.5,False,1.0,False
2018,PE,PODE,60,2,1,0.5,False,1.0,False
2018,PE,PODE,70,2,1,0.5,False,1.0,False
2018,PE,PODE,80,2,1,0.5,False,1.0,False
2018,PE,PODE,90,2,1,0.5,False,1.0,False
2018,PE,PODE,95,2,1,0.5,False,1.0,False
2018,PE,PP,50,8,2,0.25,False,0.5567409688148941,False
2018,PE,PP,60,8,3,0.375,False,0.7981565272313791,False
2018,PE,PP,70,8,3,0.375,False,0.7981565272313791,False
2018,PE,PP,80,8,4,0.5,False,1.0,False
2018,PE,PP,90,8,4,0.5,False,1.0,False
2018,PE,PP,95,8,4,0.5,False,1.0,False
2018,PE,PPL,50,17,3,0.17647058823529413,False,0.5559968228752978,False
2018,PE,PPL,60,17,4,0.23529411764705882,False,0.6127879269261318,True
2018,PE,PPL,70,17,6,0.35294117647058826,False,0.7263701350277998,True
2018,PE,PPL,80,17,8,0.47058823529411764,False,0.839952343129468,True
2018,PE,PPL,90,17,10,0.5882352941176471,False,0.9483717235901509,True
2018,PE,PPL,95,17,11,0.6470588235294118,False,1.0,False
2018,PE,PPS,50,4,1,0.25,False,0.9252839619602469,False
2018,PE,PPS,60,4,1,0.25,False,0.9252839619602469,False
2018,PE,PPS,70,4,1,0.25,False,0.9252839619602469,False
2018,PE,PPS,80,4,1,0.25,False,0.9252839619602469,False
2018,PE,PPS,90,4,1,0.25,False,0.9252839619602469,False
2018,PE,PPS,95,4,2,0.5,False,0.9643465293764676,False
2018,PE,PR,50,11,1,0.09090909090909091,False,0.5415162454873647,False
2018,PE,PR,60,11,2,0.18181818181818182,False,0.9626955475330926,False
2018,PE,PR,70,11,2,0.18181818181818182,False,0.9626955475330926,False
2018,PE,PR,80,11,2,0.18181818181818182,False,0.9626955475330926,False
2018,PE,PR,90,11,2,0.18181818181818182,False,0.9626955475330926,False
2018,PE,PR,95,11,2,0.18181818181818182,False,0.9626955475330926,False
2018,PE,PRB,50,3,1,0.3333333333333333,False,0.6086849218684584,False
2018,PE,PRB,60,3,1,0.3333333333333333,False,0.6086849218684584,False
2018,PE,PRB,70,3,2,0.6666666666666666,False,1.0,False
2018,PE,PRB,80,3,2,0.6666666666666666,False,1.0,False
2018,PE,PRB,90,3,2,0.6666666666666666,False,1.0,False
2018,PE,PRB,95,3,2,0.6666666666666666,False,1.0,False
2018,PE,PROS,50,19,1,0.05263157894736842,False,1.0,False
2018,PE,PROS,60,19,1,0.05263157894736842,False,1.0,False
2018,PE,PROS,70,19,1,0.05263157894736842,False,1.0,False
2018,PE,PROS,80,19,1,0.05263157894736842,False,1.0,False
2018,PE,PROS,90,19,1,0.05263157894736842,False,1.0,False
2018,PE,PROS,95,19,1,0.05263157894736842,False,1.0,False
2018,PE,PRP,50,14,1,0.07142857142857142,False,0.9812286689419796,False
2018,PE,PRP,60,14,1,0.07142857142857142,False,0.9812286689419796,False
2018,PE,PRP,70,14,1,0.07142857142857142,False,0.9812286689419796,False
2018,PE,PRP,80,14,1,0.07142857142857142,False,0.9812286689419796,False
2018,PE,PRP,90,14,1,0.07142857142857142,False,0.9812286689419796,False
2018,PE,PRP,95,14,1,0.07142857142857142,False,0.9812286689419796,False
2018,PE,PRTB,50,3,1,0.3333333333333333,False,0.7142857142857143,False
2018,PE,PRTB,60,3,1,0.3333333333333333,False,0.7142857142857143,False
2018,PE,PRTB,70,3,1,0.3333333333333333,False,0.7142857142857143,False
2018,PE,PRTB,80,3,2,0.6666666666666666,False,1.0,False
2018,PE,PRTB,90,3,2,0.6666666666666666,False,1.0,False
2018,PE,PRTB,95,3,2,0.6666666666666666,False,1.0,False
2018,PE,PSB,50,16,4,0.25,False,0.5730776042977729,False
2018,PE,PSB,60,16,5,0.3125,False,0.7097980098126432,False
2018,PE,PSB,70,16,5,0.3125,False,0.7097980098126432,False
2018,PE,PSB,80,16,6,0.375,False,0.8453858762486521,False
2018,PE,PSB,90,16,8,0.5,False,0.9312670150091008,False
2018,PE,PSB,95,16,9,0.5625,False,0.953814978232438,False
2018,PE,PSC,50,6,1,0.16666666666666666,False,1.0,False
2018,PE,PSC,60,6,1,0.16666666666666666,False,1.0,False
2018,PE,PSC,70,6,1,0.16666666666666666,False,1.0,False
2018,PE,PSC,80,6,1,0.16666666666666666,False,1.0,False
2018,PE,PSC,90,6,1,0.16666666666666666,False,1.0,False
2018,PE,PSC,95,6,1,0.16666666666666666,False,1.0,False
2018,PE,PSD,50,1,1,1.0,False,1.0,False
2018,PE,PSD,60,1,1,1.0,False,1.0,False
2018,PE,PSD,70,1,1,1.0,False,1.0,False
2018,PE,PSD,80,1,1,1.0,False,1.0,False
2018,PE,PSD,90,1,1,1.0,False,1.0,False
2018,PE,PSD,95,1,1,1.0,False,1.0,False
2018,PE,PSDB,50,4,1,0.25,False,0.6040742566124527,False
2018,PE,PSDB,60,4,1,0.25,False,0.6040742566124527,False
2018,PE,PSDB,70,4,2,0.5,False,0.8026942664695252,False
2018,PE,PSDB,80,4,2,0.5,False,0.8026942664695252,False
2018,PE,PSDB,90,4,3,0.75,False,0.9998357154591753,False
2018,PE,PSDB,95,4,3,0.75,False,0.9998357154591753,False
2018,PE,PSL,50,11,1,0.09090909090909091,False,0.7685738684884714,False
2018,PE,PSL,60,11,1,0.09090909090909091,False,0.7685738684884714,False
2018,PE,PSL,70,11,1,0.09090909090909091,False,0.7685738684884714,False
2018,PE,PSL,80,11,2,0.18181818181818182,False,0.9393680614859095,False
2018,PE,PSL,90,11,2,0.18181818181818182,False,0.9393680614859095,False
2018,PE,PSL,95,11,3,0.2727272727272727,False,0.9521776259607173,False
2018,PE,PSOL,50,31,5,0.16129032258064516,False,0.5466471449487554,False
2018,PE,PSOL,60,31,6,0.1935483870967742,False,0.6087262079062957,False
2018,PE,PSOL,70,31,9,0.2903225806451613,False,0.7101024890190337,True
2018,PE,PSOL,80,31,12,0.3870967741935484,False,0.8007027818448024,False
2018,PE,PSOL,90,31,20,0.6451612903225806,False,0.9054172767203514,True
2018,PE,PSOL,95,31,25,0.8064516129032258,False,0.9563689604685213,True
2018,PE,PSTU,50,2,0,0.0,True,,False
2018,PE,PSTU,60,2,0,0.0,True,,False
2018,PE,PSTU,70,2,0,0.0,True,,False
2018,PE,PSTU,80,2,0,0.0,True,,False
2018,PE,PSTU,90,2,0,0.0,True,,False
2018,PE,PSTU,95,2,0,0.0,True,,False
2018,PE,PT,50,16,2,0.125,False,0.5844725796827556,True
2018,PE,PT,60,16,3,0.1875,False,0.761647194429793,False
2018,PE,PT,70,16,3,0.1875,False,0.761647194429793,False
2018,PE,PT,80,16,4,0.25,False,0.9057105211173813,False
2018,PE,PT,90,16,4,0.25,False,0.9057105211173813,False
2018,PE,PT,95,16,7,0.4375,False,0.9511242442077138,True
2018,PE,PTB,50,7,1,0.14285714285714285,False,0.8052308186089234,False
2018,PE,PTB,60,7,1,0.14285714285714285,False,0.8052308186089234,False
2018,PE,PTB,70,7,1,0.14285714285714285,False,0.8052308186089234,False
2018,PE,PTB,80,7,1,0.14285714285714285,False,0.8052308186089234,False
2018,PE,PTB,90,7,2,0.2857142857142857,False,0.9824949822041539,False
2018,PE,PTB,95,7,2,0.2857142857142857,False,0.9824949822041539,False
2018,PE,PTC,50,5,3,0.6,False,0.6,True
2018,PE,PTC,60,5,3,0.6,False,0.6,True
2018,PE,PTC,70,5,4,0.8,False,0.8,True
2018,PE,PTC,80,5,4,0.8,False,0.8,True
2018,PE,PTC,90,5,5,1.0,False,1.0,False
2018,PE,PTC,95,5,5,1.0,False,1.0,False
2018,PE,PV,50,8,2,0.25,False,0.5135049915553014,False
2018,PE,PV,60,8,3,0.375,False,0.6353476042365056,False
2018,PE,PV,70,8,4,0.5,False,0.7296043265102322,True
2018,PE,PV,80,8,5,0.625,False,0.8238610487839588,False
2018,PE,PV,90,8,6,0.75,False,0.9133786059196793,False
2018,PE,PV,95,8,7,0.875,False,0.9851242937878768,False
2018,PE,REDE,50,26,2,0.07692307692307693,False,0.8602150537634409,False
2018,PE,REDE,60,26,2,0.07692307692307693,False,0.8602150537634409,False
2018,PE,REDE,70,26,2,0.07692307692307693,False,0.8602150537634409,False
2018,PE,REDE,80,26,2,0.07692307692307693,False,0.8602150537634409,False
2018,PE,REDE,90,26,3,0.11538461538461539,False,0.9053763440860215,False
2018,PE,REDE,95,26,6,0.23076923076923078,False,0.9526881720430107,True
2018,PE,SOLIDARIEDADE,50,6,2,0.3333333333333333,False,0.9831191461555217,False
2018,PE,SOLIDARIEDADE,60,6,2,0.3333333333333333,False,0.9831191461555217,False
2018,PE,SOLIDARIEDADE,70,6,2,0.3333333333333333,False,0.9831191461555217,False
2018,PE,SOLIDARIEDADE,80,6,2,0.3333333333333333,False,0.9831191461555217,False
2018,PE,SOLIDARIEDADE,90,6,2,0.3333333333333333,False,0.9831191461555217,False
2018,PE,SOLIDARIEDADE,95,6,2,0.3333333333333333,False,0.9831191461555217,False
2018,PI,AVANTE,50,2,1,0.5,False,0.9721142095322742,False
2018,PI,AVANTE,60,2,1,0.5,False,0.9721142095322742,False
2018,PI,AVANTE,70,2,1,0.5,False,0.9721142095322742,False
2018,PI,AVANTE,80,2,1,0.5,False,0.9721142095322742,False
2018,PI,AVANTE,90,2,1,0.5,False,0.9721142095322742,False
2018,PI,AVANTE,95,2,1,0.5,False,0.9721142095322742,False
2018,PI,DC,50,8,1,0.125,False,0.6810631229235881,False
2018,PI,DC,60,8,1,0.125,False,0.6810631229235881,False
2018,PI,DC,70,8,2,0.25,False,0.9003322259136213,False
2018,PI,DC,80,8,2,0.25,False,0.9003322259136213,False
2018,PI,DC,90,8,2,0.25,False,0.9003322259136213,False
2018,PI,DC,95,8,3,0.375,False,1.0,False
2018,PI,DEM,50,1,1,1.0,False,1.0,False
2018,PI,DEM,60,1,1,1.0,False,1.0,False
2018,PI,DEM,70,1,1,1.0,False,1.0,False
2018,PI,DEM,80,1,1,1.0,False,1.0,False
2018,PI,DEM,90,1,1,1.0,False,1.0,False
2018,PI,DEM,95,1,1,1.0,False,1.0,False
2018,PI,MDB,50,3,2,0.6666666666666666,False,0.9691119691119691,False
2018,PI,MDB,60,3,2,0.6666666666666666,False,0.9691119691119691,False
2018,PI,MDB,70,3,2,0.6666666666666666,False,0.9691119691119691,False
2018,PI,MDB,80,3,2,0.6666666666666666,False,0.9691119691119691,False
2018,PI,MDB,90,3,2,0.6666666666666666,False,0.9691119691119691,False
2018,PI,MDB,95,3,2,0.6666666666666666,False,0.9691119691119691,False
2018,PI,PATRI,50,1,1,1.0,False,1.0,False
2018,PI,PATRI,60,1,1,1.0,False,1.0,False
2018,PI,PATRI,70,1,1,1.0,False,1.0,False
2018,PI,PATRI,80,1,1,1.0,False,1.0,False
2018,PI,PATRI,90,1,1,1.0,False,1.0,False
2018,PI,PATRI,95,1,1,1.0,False,1.0,False
2018,PI,PC DO B,50,1,1,1.0,False,1.0,False
2018,PI,PC DO B,60,1,1,1.0,False,1.0,False
2018,PI,PC DO B,70,1,1,1.0,False,1.0,False
2018,PI,PC DO B,80,1,1,1.0,False,1.0,False
2018,PI,PC DO B,90,1,1,1.0,False,1.0,False
2018,PI,PC DO B,95,1,1,1.0,False,1.0,False
2018,PI,PCB,50,1,1,1.0,False,1.0,False
2018,PI,PCB,60,1,1,1.0,False,1.0,False
2018,PI,PCB,70,1,1,1.0,False,1.0,False
2018,PI,PCB,80,1,1,1.0,False,1.0,False
2018,PI,PCB,90,1,1,1.0,False,1.0,False
2018,PI,PCB,95,1,1,1.0,False,1.0,False
2018,PI,PDT,50,1,1,1.0,False,1.0,False
2018,PI,PDT,60,1,1,1.0,False,1.0,False
2018,PI,PDT,70,1,1,1.0,False,1.0,False
2018,PI,PDT,80,1,1,1.0,False,1.0,False
2018,PI,PDT,90,1,1,1.0,False,1.0,False
2018,PI,PDT,95,1,1,1.0,False,1.0,False
2018,PI,PHS,50,4,1,0.25,False,0.7266187050359713,False
2018,PI,PHS,60,4,1,0.25,False,0.7266187050359713,False
2018,PI,PHS,70,4,1,0.25,False,0.7266187050359713,False
2018,PI,PHS,80,4,2,0.5,False,0.9496402877697842,False
2018,PI,PHS,90,4,2,0.5,False,0.9496402877697842,False
2018,PI,PHS,95,4,3,0.75,False,0.9784172661870504,False
2018,PI,PMN,50,4,1,0.25,False,1.0,False
2018,PI,PMN,60,4,1,0.25,False,1.0,False
2018,PI,PMN,70,4,1,0.25,False,1.0,False
2018,PI,PMN,80,4,1,0.25,False,1.0,False
2018,PI,PMN,90,4,1,0.25,False,1.0,False
2018,PI,PMN,95,4,1,0.25,False,1.0,False
2018,PI,PODE,50,2,0,0.0,True,,False
2018,PI,PODE,60,2,0,0.0,True,,False
2018,PI,PODE,70,2,0,0.0,True,,False
2018,PI,PODE,80,2,0,0.0,True,,False
2018,PI,PODE,90,2,0,0.0,True,,False
2018,PI,PODE,95,2,0,0.0,True,,False
2018,PI,PP,50,5,2,0.4,False,0.6380283708097917,False
2018,PI,PP,60,5,2,0.4,False,0.6380283708097917,False
2018,PI,PP,70,5,3,0.6,False,0.9407682788597841,False
2018,PI,PP,80,5,3,0.6,False,0.9407682788597841,False
2018,PI,PP,90,5,3,0.6,False,0.9407682788597841,False
2018,PI,PP,95,5,4,0.8,False,0.9736747906043485,False
2018,PI,PPS,50,4,1,0.25,False,0.5371041529976918,False
2018,PI,PPS,60,4,2,0.5,False,0.9004610792119284,False
2018,PI,PPS,70,4,2,0.5,False,0.9004610792119284,False
2018,PI,PPS,80,4,2,0.5,False,0.9004610792119284,False
2018,PI,PPS,90,4,2,0.5,False,0.9004610792119284,False
2018,PI,PPS,95,4,3,0.75,False,0.9502305396059643,True
2018,PI,PR,50,1,1,1.0,False,1.0,False
2018,PI,PR,60,1,1,1.0,False,1.0,False
2018,PI,PR,70,1,1,1.0,False,1.0,False
2018,PI,PR,80,1,1,1.0,False,1.0,False
2018,PI,PR,90,1,1,1.0,False,1.0,False
2018,PI,PR,95,1,1,1.0,False,1.0,False
2018,PI,PRB,50,5,1,0.2,False,0.5513219832211358,False
2018,PI,PRB,60,5,2,0.4,False,0.8113128185501476,False
2018,PI,PRB,70,5,2,0.4,False,0.8113128185501476,False
2018,PI,PRB,80,5,2,0.4,False,0.8113128185501476,False
2018,PI,PRB,90,5,3,0.6,False,1.0,False
2018,PI,PRB,95,5,3,0.6,False,1.0,False
2018,PI,PROS,50,6,1,0.16666666666666666,False,1.0,False
2018,PI,PROS,60,6,1,0.16666666666666666,False,1.0,False
2018,PI,PROS,70,6,1,0.16666666666666666,False,1.0,False
2018,PI,PROS,80,6,1,0.16666666666666666,False,1.0,False
2018,PI,PROS,90,6,1,0.16666666666666666,False,1.0,False
2018,PI,PROS,95,6,1,0.16666666666666666,False,1.0,False
2018,PI,PRP,50,10,2,0.2,False,0.5161384547977216,False
2018,PI,PRP,60,10,3,0.3,False,0.6621878194829852,True
2018,PI,PRP,70,10,4,0.4,False,0.8082371841682489,False
2018,PI,PRP,80,10,4,0.4,False,0.8082371841682489,False
2018,PI,PRP,90,10,5,0.5,False,0.9315028479626114,False
2018,PI,PRP,95,10,6,0.6,False,0.9750255586388199,False
2018,PI,PRTB,50,8,0,0.0,True,,False
2018,PI,PRTB,60,8,0,0.0,True,,False
2018,PI,PRTB,70,8,0,0.0,True,,False
2018,PI,PRTB,80,8,0,0.0,True,,False
2018,PI,PRTB,90,8,0,0.0,True,,False
2018,PI,PRTB,95,8,0,0.0,True,,False
2018,PI,PSB,50,4,1,0.25,False,0.7027027027027027,False
2018,PI,PSB,60,4,1,0.25,False,0.7027027027027027,False
2018,PI,PSB,70,4,1,0.25,False,0.7027027027027027,False
2018,PI,PSB,80,4,2,0.5,False,0.9891891891891892,False
2018,PI,PSB,90,4,2,0.5,False,0.9891891891891892,False
2018,PI,PSB,95,4,2,0.5,False,0.9891891891891892,False
2018,PI,PSC,50,6,1,0.16666666666666666,False,1.0,False
2018,PI,PSC,60,6,1,0.16666666666666666,False,1.0,False
2018,PI,PSC,70,6,1,0.16666666666666666,False,1.0,False
2018,PI,PSC,80,6,1,0.16666666666666666,False,1.0,False
2018,PI,PSC,90,6,1,0.16666666666666666,False,1.0,False
2018,PI,PSC,95,6,1,0.16666666666666666,False,1.0,False
2018,PI,PSD,50,1,1,1.0,False,1.0,False
2018,PI,PSD,60,1,1,1.0,False,1.0,False
2018,PI,PSD,70,1,1,1.0,False,1.0,False
2018,PI,PSD,80,1,1,1.0,False,1.0,False
2018,PI,PSD,90,1,1,1.0,False,1.0,False
2018,PI,PSD,95,1,1,1.0,False,1.0,False
2018,PI,PSDB,50,5,1,0.2,False,0.5723972591924336,False
2018,PI,PSDB,60,5,2,0.4,False,0.8404867518617541,False
2018,PI,PSDB,70,5,2,0.4,False,0.8404867518617541,False
2018,PI,PSDB,80,5,2,0.4,False,0.8404867518617541,False
2018,PI,PSDB,90,5,3,0.6,False,0.9805635117814743,False
2018,PI,PSDB,95,5,3,0.6,False,0.9805635117814743,False
2018,PI,PSL,50,6,0,0.0,True,,False
2018,PI,PSL,60,6,0,0.0,True,,False
2018,PI,PSL,70,6,0,0.0,True,,False
2018,PI,PSL,80,6,0,0.0,True,,False
2018,PI,PSL,90,6,0,0.0,True,,False
2018,PI,PSL,95,6,0,0.0,True,,False
2018,PI,PSOL,50,7,3,0.42857142857142855,False,0.5416824622609042,False
2018,PI,PSOL,60,7,4,0.5714285714285714,False,0.6938442603905893,False
2018,PI,PSOL,70,7,5,0.7142857142857143,False,0.8260009748138158,False
2018,PI,PSOL,80,7,5,0.7142857142857143,False,0.8260009748138158,False
2018,PI,PSOL,90,7,6,0.8571428571428571,False,0.9273257083559713,False
2018,PI,PSOL,95,7,7,1.0,False,1.0,False
2018,PI,PSTU,50,1,0,0.0,True,,False
2018,PI,PSTU,60,1,0,0.0,True,,False
2018,PI,PSTU,70,1,0,0.0,True,,False
2018,PI,PSTU,80,1,0,0.0,True,,False
2018,PI,PSTU,90,1,0,0.0,True,,False
2018,PI,PSTU,95,1,0,0.0,True,,False
2018,PI,PT,50,7,2,0.2857142857142857,False,0.6438563964267655,False
2018,PI,PT,60,7,2,0.2857142857142857,False,0.6438563964267655,False
2018,PI,PT,70,7,3,0.42857142857142855,False,0.7798752738917917,True
2018,PI,PT,80,7,4,0.5714285714285714,False,0.9158941513568178,False
2018,PI,PT,90,7,4,0.5714285714285714,False,0.9158941513568178,False
2018,PI,PT,95,7,6,0.8571428571428571,False,0.972526546435193,True
2018,PI,PTB,50,1,1,1.0,False,1.0,False
2018,PI,PTB,60,1,1,1.0,False,1.0,False
2018,PI,PTB,70,1,1,1.0,False,1.0,False
2018,PI,PTB,80,1,1,1.0,False,1.0,False
2018,PI,PTB,90,1,1,1.0,False,1.0,False
2018,PI,PTB,95,1,1,1.0,False,1.0,False
2018,PI,PTC,50,1,1,1.0,False,1.0,False
2018,PI,PTC,60,1,1,1.0,False,1.0,False
2018,PI,PTC,70,1,1,1.0,False,1.0,False
2018,PI,PTC,80,1,1,1.0,False,1.0,False
2018,PI,PTC,90,1,1,1.0,False,1.0,False
2018,PI,PTC,95,1,1,1.0,False,1.0,False
2018,PI,PV,50,9,4,0.4444444444444444,False,0.5849689641668061,False
2018,PI,PV,60,9,5,0.5555555555555556,False,0.6794595073744162,False
2018,PI,PV,70,9,6,0.6666666666666666,False,0.7732727576129158,False
2018,PI,PV,80,9,7,0.7777777777777778,False,0.856912323922598,False
2018,PI,PV,90,9,8,0.8888888888888888,False,0.9345109891480543,False
2018,PI,PV,95,9,9,1.0,False,1.0,False
2018,PI,REDE,50,5,1,0.2,False,1.0,False
2018,PI,REDE,60,5,1,0.2,False,1.0,False
2018,PI,REDE,70,5,1,0.2,False,1.0,False
2018,PI,REDE,80,5,1,0.2,False,1.0,False
2018,PI,REDE,90,5,1,0.2,False,1.0,False
2018,PI,REDE,95,5,1,0.2,False,1.0,False
2018,PI,SOLIDARIEDADE,50,3,1,0.3333333333333333,False,1.0,False
2018,PI,SOLIDARIEDADE,60,3,1,0.3333333333333333,False,1.0,False
2018,PI,SOLIDARIEDADE,70,3,1,0.3333333333333333,False,1.0,False
2018,PI,SOLIDARIEDADE,80,3,1,0.3333333333333333,False,1.0,False
2018,PI,SOLIDARIEDADE,90,3,1,0.3333333333333333,False,1.0,False
2018,PI,SOLIDARIEDADE,95,3,1,0.3333333333333333,False,1.0,False
2018,PR,AVANTE,50,6,1,0.16666666666666666,False,0.7705298811211587,False
2018,PR,AVANTE,60,6,1,0.16666666666666666,False,0.7705298811211587,False
2018,PR,AVANTE,70,6,1,0.16666666666666666,False,0.7705298811211587,False
2018,PR,AVANTE,80,6,2,0.3333333333333333,False,0.9466198901833739,False
2018,PR,AVANTE,90,6,2,0.3333333333333333,False,0.9466198901833739,False
2018,PR,AVANTE,95,6,3,0.5,False,0.9745103532756827,False
2018,PR,DC,50,7,2,0.2857142857142857,False,0.6412884333821376,False
2018,PR,DC,60,7,2,0.2857142857142857,False,0.6412884333821376,False
2018,PR,DC,70,7,3,0.42857142857142855,False,0.7569546120058566,True
2018,PR,DC,80,7,4,0.5714285714285714,False,0.8726207906295754,False
2018,PR,DC,90,7,5,0.7142857142857143,False,0.9150805270863837,True
2018,PR,DC,95,7,6,0.8571428571428571,False,0.9575402635431918,True
2018,PR,DEM,50,4,1,0.25,False,0.573170731707317,False
2018,PR,DEM,60,4,2,0.5,False,1.0,False
2018,PR,DEM,70,4,2,0.5,False,1.0,False
2018,PR,DEM,80,4,2,0.5,False,1.0,False
2018,PR,DEM,90,4,2,0.5,False,1.0,False
2018,PR,DEM,95,4,2,0.5,False,1.0,False
2018,PR,MDB,50,18,2,0.1111111111111111,False,0.7573844988639232,False
2018,PR,MDB,60,18,2,0.1111111111111111,False,0.7573844988639232,False
2018,PR,MDB,70,18,2,0.1111111111111111,False,0.7573844988639232,False
2018,PR,MDB,80,18,3,0.16666666666666666,False,0.8078767987881847,False
2018,PR,MDB,90,18,7,0.3888888888888889,False,0.9189598586215603,True
2018,PR,MDB,95,18,9,0.5,False,0.9694521585458218,False
2018,PR,NOVO,50,16,5,0.3125,False,0.5770507314388266,False
2018,PR,NOVO,60,16,6,0.375,False,0.6308315875436223,True
2018,PR,NOVO,70,16,8,0.5,False,0.7327906370093076,False
2018,PR,NOVO,80,16,10,0.625,False,0.809257570990219,False
2018,PR,NOVO,90,16,13,0.8125,False,0.9058893846124886,True
2018,PR,NOVO,95,16,15,0.9375,False,0.9686297948708295,True
2018,PR,PATRI,50,4,1,0.25,False,1.0,False
2018,PR,PATRI,60,4,1,0.25,False,1.0,False
2018,PR,PATRI,70,4,1,0.25,False,1.0,False
2018,PR,PATRI,80,4,1,0.25,False,1.0,False
2018,PR,PATRI,90,4,1,0.25,False,1.0,False
2018,PR,PATRI,95,4,1,0.25,False,1.0,False
2018,PR,PC DO B,50,15,1,0.06666666666666667,False,1.0,False
2018,PR,PC DO B,60,15,1,0.06666666666666667,False,1.0,False
2018,PR,PC DO B,70,15,1,0.06666666666666667,False,1.0,False
2018,PR,PC DO B,80,15,1,0.06666666666666667,False,1.0,False
2018,PR,PC DO B,90,15,1,0.06666666666666667,False,1.0,False
2018,PR,PC DO B,95,15,1,0.06666666666666667,False,1.0,False
2018,PR,PCO,50,1,1,1.0,False,1.0,False
2018,PR,PCO,60,1,1,1.0,False,1.0,False
2018,PR,PCO,70,1,1,1.0,False,1.0,False
2018,PR,PCO,80,1,1,1.0,False,1.0,False
2018,PR,PCO,90,1,1,1.0,False,1.0,False
2018,PR,PCO,95,1,1,1.0,False,1.0,False
2018,PR,PDT,50,9,2,0.2222222222222222,False,0.8203799654576857,False
2018,PR,PDT,60,9,2,0.2222222222222222,False,0.8203799654576857,False
2018,PR,PDT,70,9,2,0.2222222222222222,False,0.8203799654576857,False
2018,PR,PDT,80,9,2,0.2222222222222222,False,0.8203799654576857,False
2018,PR,PDT,90,9,3,0.3333333333333333,False,0.9326424870466321,False
2018,PR,PDT,95,9,4,0.4444444444444444,False,0.9516407599309153,False
2018,PR,PHS,50,11,1,0.09090909090909091,False,0.5473773341457295,False
2018,PR,PHS,60,11,2,0.18181818181818182,False,0.8752956883265832,False
2018,PR,PHS,70,11,2,0.18181818181818182,False,0.8752956883265832,False
2018,PR,PHS,80,11,2,0.18181818181818182,False,0.8752956883265832,False
2018,PR,PHS,90,11,3,0.2727272727272727,False,0.9120775241030787,False
2018,PR,PHS,95,11,5,0.45454545454545453,False,0.9649430127952403,False
2018,PR,PMB,50,2,0,0.0,True,,False
2018,PR,PMB,60,2,0,0.0,True,,False
2018,PR,PMB,70,2,0,0.0,True,,False
2018,PR,PMB,80,2,0,0.0,True,,False
2018,PR,PMB,90,2,0,0.0,True,,False
2018,PR,PMB,95,2,0,0.0,True,,False
2018,PR,PMN,50,3,1,0.3333333333333333,False,1.0,False
2018,PR,PMN,60,3,1,0.3333333333333333,False,1.0,False
2018,PR,PMN,70,3,1,0.3333333333333333,False,1.0,False
2018,PR,PMN,80,3,1,0.3333333333333333,False,1.0,False
2018,PR,PMN,90,3,1,0.3333333333333333,False,1.0,False
2018,PR,PMN,95,3,1,0.3333333333333333,False,1.0,False
2018,PR,PODE,50,9,1,0.1111111111111111,False,0.7997155524775544,False
2018,PR,PODE,60,9,1,0.1111111111111111,False,0.7997155524775544,False
2018,PR,PODE,70,9,1,0.1111111111111111,False,0.7997155524775544,False
2018,PR,PODE,80,9,2,0.2222222222222222,False,0.9369341520526132,False
2018,PR,PODE,90,9,2,0.2222222222222222,False,0.9369341520526132,False
2018,PR,PODE,95,9,3,0.3333333333333333,False,0.998415651889061,False
2018,PR,PP,50,10,3,0.3,False,0.6122648504931363,False
2018,PR,PP,60,10,3,0.3,False,0.6122648504931363,False
2018,PR,PP,70,10,4,0.4,False,0.7423736003638243,False
2018,PR,PP,80,10,5,0.5,False,0.8405493467189605,False
2018,PR,PP,90,10,6,0.6,False,0.9037596161100712,False
2018,PR,PP,95,10,7,0.7,False,0.9634046624983679,False
2018,PR,PPL,50,25,9,0.36,False,0.5281501340482573,True
2018,PR,PPL,60,25,11,0.44,False,0.6139410187667561,True
2018,PR,PPL,70,25,14,0.56,False,0.7211796246648794,True
2018,PR,PPL,80,25,17,0.68,False,0.8176943699731903,True
2018,PR,PPL,90,25,20,0.8,False,0.9142091152815014,True
2018,PR,PPL,95,25,22,0.88,False,0.9785522788203753,False
2018,PR,PPS,50,4,1,0.25,False,0.841100958459037,False
2018,PR,PPS,60,4,1,0.25,False,0.841100958459037,False
2018,PR,PPS,70,4,1,0.25,False,0.841100958459037,False
2018,PR,PPS,80,4,1,0.25,False,0.841100958459037,False
2018,PR,PPS,90,4,2,0.5,False,0.9639979146440095,False
2018,PR,PPS,95,4,2,0.5,False,0.9639979146440095,False
2018,PR,PR,50,3,2,0.6666666666666666,False,0.6913147797021854,True
2018,PR,PR,60,3,2,0.6666666666666666,False,0.6913147797021854,True
2018,PR,PR,70,3,3,1.0,False,1.0,False
2018,PR,PR,80,3,3,1.0,False,1.0,False
2018,PR,PR,90,3,3,1.0,False,1.0,False
2018,PR,PR,95,3,3,1.0,False,1.0,False
2018,PR,PRB,50,22,2,0.09090909090909091,False,0.6378723877754546,False
2018,PR,PRB,60,22,2,0.09090909090909091,False,0.6378723877754546,False
2018,PR,PRB,70,22,3,0.13636363636363635,False,0.7598761575845784,False
2018,PR,PRB,80,22,4,0.18181818181818182,False,0.8155738309936728,False
2018,PR,PRB,90,22,10,0.45454545454545453,False,0.9092279996250678,False
2018,PR,PRB,95,22,14,0.6363636363636364,False,0.9534612227927384,False
2018,PR,PROS,50,5,1,0.2,False,0.5009074410163339,False
2018,PR,PROS,60,5,2,0.4,False,0.8298548094373865,False
2018,PR,PROS,70,5,2,0.4,False,0.8298548094373865,False
2018,PR,PROS,80,5,2,0.4,False,0.8298548094373865,False
2018,PR,PROS,90,5,3,0.6,False,1.0,False
2018,PR,PROS,95,5,3,0.6,False,1.0,False
2018,PR,PRP,50,5,1,0.2,False,0.6,False
2018,PR,PRP,60,5,1,0.2,False,0.6,False
2018,PR,PRP,70,5,2,0.4,False,1.0,False
2018,PR,PRP,80,5,2,0.4,False,1.0,False
2018,PR,PRP,90,5,2,0.4,False,1.0,False
2018,PR,PRP,95,5,2,0.4,False,1.0,False
2018,PR,PRTB,50,37,6,0.16216216216216217,False,0.5454545454545454,True
2018,PR,PRTB,60,37,7,0.1891891891891892,False,0.614065180102916,True
2018,PR,PRTB,70,37,9,0.24324324324324326,False,0.7512864493996569,True
2018,PR,PRTB,80,37,10,0.2702702702702703,False,0.8198970840480274,True
2018,PR,PRTB,90,37,12,0.32432432432432434,False,0.9571183533447685,False
2018,PR,PRTB,95,37,12,0.32432432432432434,False,0.9571183533447685,False
2018,PR,PSB,50,9,2,0.2222222222222222,False,0.6704545454545454,False
2018,PR,PSB,60,9,2,0.2222222222222222,False,0.6704545454545454,False
2018,PR,PSB,70,9,3,0.3333333333333333,False,0.9659090909090909,False
2018,PR,PSB,80,9,3,0.3333333333333333,False,0.9659090909090909,False
2018,PR,PSB,90,9,3,0.3333333333333333,False,0.9659090909090909,False
2018,PR,PSB,95,9,3,0.3333333333333333,False,0.9659090909090909,False
2018,PR,PSC,50,7,2,0.2857142857142857,False,0.8333019999064193,False
2018,PR,PSC,60,7,2,0.2857142857142857,False,0.8333019999064193,False
2018,PR,PSC,70,7,2,0.2857142857142857,False,0.8333019999064193,False
2018,PR,PSC,80,7,2,0.2857142857142857,False,0.8333019999064193,False
2018,PR,PSC,90,7,4,0.5714285714285714,False,0.9095279843331001,False
2018,PR,PSC,95,7,6,0.8571428571428571,False,0.9758096620780811,False
2018,PR,PSD,50,22,3,0.13636363636363635,False,0.5376476121365622,False
2018,PR,PSD,60,22,4,0.18181818181818182,False,0.6996613754607919,False
2018,PR,PSD,70,22,5,0.22727272727272727,False,0.8600115124709962,False
2018,PR,PSD,80,22,5,0.22727272727272727,False,0.8600115124709962,False
2018,PR,PSD,90,22,7,0.3181818181818182,False,0.9088706767826882,False
2018,PR,PSD,95,22,11,0.5,False,0.963404437282188,False
2018,PR,PSDB,50,10,2,0.2,False,0.6060269762677138,True
2018,PR,PSDB,60,10,2,0.2,False,0.6060269762677138,True
2018,PR,PSDB,70,10,3,0.3,False,0.8905867622787548,False
2018,PR,PSDB,80,10,3,0.3,False,0.8905867622787548,False
2018,PR,PSDB,90,10,4,0.4,False,0.9544704342382334,False
2018,PR,PSDB,95,10,4,0.4,False,0.9544704342382334,False
2018,PR,PSL,50,29,1,0.034482758620689655,False,0.656392694063927,False
2018,PR,PSL,60,29,1,0.034482758620689655,False,0.656392694063927,False
2018,PR,PSL,70,29,2,0.06896551724137931,False,0.7248858447488584,False
2018,PR,PSL,80,29,4,0.13793103448275862,False,0.839041095890411,True
2018,PR,PSL,90,29,6,0.20689655172413793,False,0.9246575342465754,True
2018,PR,PSL,95,29,7,0.2413793103448276,False,0.9531963470319634,False
2018,PR,PSOL,50,29,15,0.5172413793103449,False,0.5174548805289658,True
2018,PR,PSOL,60,29,18,0.6206896551724138,False,0.6208574061299015,True
2018,PR,PSOL,70,29,21,0.7241379310344828,False,0.7242599317308377,True
2018,PR,PSOL,80,29,24,0.8275862068965517,False,0.8276624573317728,True
2018,PR,PSOL,90,29,27,0.9310344827586207,False,0.9310649829327096,True
2018,PR,PSOL,95,29,28,0.9655172413793104,False,0.9655324914663547,True
2018,PR,PT,50,33,2,0.06060606060606061,False,0.543938539676554,False
2018,PR,PT,60,33,3,0.09090909090909091,False,0.765351502463683,False
2018,PR,PT,70,33,3,0.09090909090909091,False,0.765351502463683,False
2018,PR,PT,80,33,4,0.12121212121212122,False,0.8733593737503461,False
2018,PR,PT,90,33,6,0.18181818181818182,False,0.9139861877205588,False
2018,PR,PT,95,33,16,0.48484848484848486,False,0.953357863522854,True
2018,PR,PTB,50,1,1,1.0,False,1.0,False
2018,PR,PTB,60,1,1,1.0,False,1.0,False
2018,PR,PTB,70,1,1,1.0,False,1.0,False
2018,PR,PTB,80,1,1,1.0,False,1.0,False
2018,PR,PTB,90,1,1,1.0,False,1.0,False
2018,PR,PTB,95,1,1,1.0,False,1.0,False
2018,PR,PTC,50,7,1,0.14285714285714285,False,0.5652173913043478,False
2018,PR,PTC,60,7,2,0.2857142857142857,False,1.0,False
2018,PR,PTC,70,7,2,0.2857142857142857,False,1.0,False
2018,PR,PTC,80,7,2,0.2857142857142857,False,1.0,False
2018,PR,PTC,90,7,2,0.2857142857142857,False,1.0,False
2018,PR,PTC,95,7,2,0.2857142857142857,False,1.0,False
2018,PR,PV,50,40,1,0.025,False,0.5698798836193374,False
2018,PR,PV,60,40,2,0.05,False,0.6279211136207239,False
2018,PR,PV,70,40,4,0.1,False,0.7263549117004277,False
2018,PR,PV,80,40,7,0.175,False,0.8248923243044258,False
2018,PR,PV,90,40,11,0.275,False,0.902325686021922,False
2018,PR,PV,95,40,15,0.375,False,0.9521212773606844,True
2018,PR,REDE,50,11,4,0.36363636363636365,False,0.5370376053307993,False
2018,PR,REDE,60,11,5,0.45454545454545453,False,0.603175241455282,True
2018,PR,REDE,70,11,7,0.6363636363636364,False,0.7354505137042473,True
2018,PR,REDE,80,11,8,0.7272727272727273,False,0.80158814982873,True
2018,PR,REDE,90,11,10,0.9090909090909091,False,0.9338634220776953,False
2018,PR,REDE,95,11,11,1.0,False,1.0,False
2018,PR,SOLIDARIEDADE,50,1,1,1.0,False,1.0,False
2018,PR,SOLIDARIEDADE,60,1,1,1.0,False,1.0,False
2018,PR,SOLIDARIEDADE,70,1,1,1.0,False,1.0,False
2018,PR,SOLIDARIEDADE,80,1,1,1.0,False,1.0,False
2018,PR,SOLIDARIEDADE,90,1,1,1.0,False,1.0,False
2018,PR,SOLIDARIEDADE,95,1,1,1.0,False,1.0,False
2018,RJ,AVANTE,50,48,1,0.020833333333333332,False,0.6143145119937024,False
2018,RJ,AVANTE,60,48,1,0.020833333333333332,False,0.6143145119937024,False
2018,RJ,AVANTE,70,48,2,0.041666666666666664,False,0.7901721750522247,False
2018,RJ,AVANTE,80,48,3,0.0625,False,0.8273028742596272,False
2018,RJ,AVANTE,90,48,6,0.125,False,0.9286700802156138,False
2018,RJ,AVANTE,95,48,7,0.14583333333333334,False,0.95001526826265,False
2018,RJ,DC,50,44,3,0.06818181818181818,False,0.502127659574468,False
2018,RJ,DC,60,44,7,0.1590909090909091,False,0.6212765957446809,True
2018,RJ,DC,70,44,10,0.22727272727272727,False,0.7106382978723405,True
2018,RJ,DC,80,44,13,0.29545454545454547,False,0.7999999999999998,True
2018,RJ,DC,90,44,19,0.4318181818181818,False,0.9148936170212766,True
2018,RJ,DC,95,44,22,0.5,False,0.9659574468085106,True
2018,RJ,DEM,50,22,4,0.18181818181818182,False,0.5730776661514683,True
2018,RJ,DEM,60,22,5,0.22727272727272727,False,0.6865823029366306,False
2018,RJ,DEM,70,22,6,0.2727272727272727,False,0.7952569551777434,False
2018,RJ,DEM,80,22,7,0.3181818181818182,False,0.8819068778979907,False
2018,RJ,DEM,90,22,8,0.36363636363636365,False,0.9664316074188563,False
2018,RJ,DEM,95,22,8,0.36363636363636365,False,0.9664316074188563,False
2018,RJ,MDB,50,18,4,0.2222222222222222,False,0.5837198555123778,False
2018,RJ,MDB,60,18,5,0.2777777777777778,False,0.712474360602777,False
2018,RJ,MDB,70,18,5,0.2777777777777778,False,0.712474360602777,False
2018,RJ,MDB,80,18,7,0.3888888888888889,False,0.8501124569875391,False
2018,RJ,MDB,90,18,9,0.5,False,0.925594200572624,False
2018,RJ,MDB,95,18,11,0.6111111111111112,False,0.9600747417410711,False
2018,RJ,NOVO,50,19,4,0.21052631578947367,False,0.5170341874457937,False
2018,RJ,NOVO,60,19,5,0.2631578947368421,False,0.600509185498916,False
2018,RJ,NOVO,70,19,8,0.42105263157894735,False,0.7411699687856314,True
2018,RJ,NOVO,80,19,10,0.5263157894736842,False,0.8254546489728218,True
2018,RJ,NOVO,90,19,12,0.631578947368421,False,0.9097393291600122,False
2018,RJ,NOVO,95,19,15,0.7894736842105263,False,0.954869664580006,True
2018,RJ,PATRI,50,31,1,0.03225806451612903,False,0.5416327039950722,False
2018,RJ,PATRI,60,31,2,0.06451612903225806,False,0.9491847631286192,False
2018,RJ,PATRI,70,31,2,0.06451612903225806,False,0.9491847631286192,False
2018,RJ,PATRI,80,31,2,0.06451612903225806,False,0.9491847631286192,False
2018,RJ,PATRI,90,31,2,0.06451612903225806,False,0.9491847631286192,False
2018,RJ,PATRI,95,31,3,0.0967741935483871,False,0.9704544670095238,False
2018,RJ,PC DO B,50,9,1,0.1111111111111111,False,0.9525067963478431,False
2018,RJ,PC DO B,60,9,1,0.1111111111111111,False,0.9525067963478431,False
2018,RJ,PC DO B,70,9,1,0.1111111111111111,False,0.9525067963478431,False
2018,RJ,PC DO B,80,9,1,0.1111111111111111,False,0.9525067963478431,False
2018,RJ,PC DO B,90,9,1,0.1111111111111111,False,0.9525067963478431,False
2018,RJ,PC DO B,95,9,1,0.1111111111111111,False,0.9525067963478431,False
2018,RJ,PCB,50,1,1,1.0,False,1.0,False
2018,RJ,PCB,60,1,1,1.0,False,1.0,False
2018,RJ,PCB,70,1,1,1.0,False,1.0,False
2018,RJ,PCB,80,1,1,1.0,False,1.0,False
2018,RJ,PCB,90,1,1,1.0,False,1.0,False
2018,RJ,PCB,95,1,1,1.0,False,1.0,False
2018,RJ,PDT,50,49,2,0.04081632653061224,False,0.5555772515595074,False
2018,RJ,PDT,60,49,3,0.061224489795918366,False,0.6410506748763548,False
2018,RJ,PDT,70,49,4,0.08163265306122448,False,0.7051557423639903,False
2018,RJ,PDT,80,49,8,0.16326530612244897,False,0.8046815007673248,True
2018,RJ,PDT,90,49,16,0.32653061224489793,False,0.9015989607320647,True
2018,RJ,PDT,95,49,22,0.4489795918367347,False,0.9561682199367256,True
2018,RJ,PHS,50,63,1,0.015873015873015872,False,0.6577680525164114,False
2018,RJ,PHS,60,63,1,0.015873015873015872,False,0.6577680525164114,False
2018,RJ,PHS,70,63,2,0.031746031746031744,False,0.7155361050328227,True
2018,RJ,PHS,80,63,5,0.07936507936507936,False,0.8188183807439825,False
2018,RJ,PHS,90,63,11,0.1746031746031746,False,0.9028446389496718,True
2018,RJ,PHS,95,63,18,0.2857142857142857,False,0.950109409190372,True
2018,RJ,PMB,50,37,1,0.02702702702702703,False,0.8618303558635593,False
2018,RJ,PMB,60,37,1,0.02702702702702703,False,0.8618303558635593,False
2018,RJ,PMB,70,37,1,0.02702702702702703,False,0.8618303558635593,False
2018,RJ,PMB,80,37,1,0.02702702702702703,False,0.8618303558635593,False
2018,RJ,PMB,90,37,4,0.10810810810810811,False,0.906605781639702,False
2018,RJ,PMB,95,37,9,0.24324324324324326,False,0.9512254668044495,True
2018,RJ,PMN,50,19,1,0.05263157894736842,False,0.9564311756540297,False
2018,RJ,PMN,60,19,1,0.05263157894736842,False,0.9564311756540297,False
2018,RJ,PMN,70,19,1,0.05263157894736842,False,0.9564311756540297,False
2018,RJ,PMN,80,19,1,0.05263157894736842,False,0.9564311756540297,False
2018,RJ,PMN,90,19,1,0.05263157894736842,False,0.9564311756540297,False
2018,RJ,PMN,95,19,1,0.05263157894736842,False,0.9564311756540297,False
2018,RJ,PODE,50,38,1,0.02631578947368421,False,0.5379359130050043,False
2018,RJ,PODE,60,38,2,0.05263157894736842,False,0.9862158405091745,False
2018,RJ,PODE,70,38,2,0.05263157894736842,False,0.9862158405091745,False
2018,RJ,PODE,80,38,2,0.05263157894736842,False,0.9862158405091745,False
2018,RJ,PODE,90,38,2,0.05263157894736842,False,0.9862158405091745,False
2018,RJ,PODE,95,38,2,0.05263157894736842,False,0.9862158405091745,False
2018,RJ,PP,50,13,2,0.15384615384615385,False,0.6209641230582024,False
2018,RJ,PP,60,13,2,0.15384615384615385,False,0.6209641230582024,False
2018,RJ,PP,70,13,3,0.23076923076923078,False,0.7706710591604401,False
2018,RJ,PP,80,13,4,0.3076923076923077,False,0.9131106791331196,False
2018,RJ,PP,90,13,4,0.3076923076923077,False,0.9131106791331196,False
2018,RJ,PP,95,13,5,0.38461538461538464,False,0.9754615684316148,False
2018,RJ,PPL,50,40,4,0.1,False,0.531634918765685,False
2018,RJ,PPL,60,40,5,0.125,False,0.6224814677640687,False
2018,RJ,PPL,70,40,7,0.175,False,0.747734304878696,True
2018,RJ,PPL,80,40,8,0.2,False,0.8050217798390505,False
2018,RJ,PPL,90,40,12,0.3,False,0.9126548827537477,False
2018,RJ,PPL,95,40,14,0.35,False,0.9510952766518538,False
2018,RJ,PPS,50,14,3,0.21428571428571427,False,0.6153311801949163,False
2018,RJ,PPS,60,14,3,0.21428571428571427,False,0.6153311801949163,False
2018,RJ,PPS,70,14,5,0.35714285714285715,False,0.763465246495003,False
2018,RJ,PPS,80,14,6,0.42857142857142855,False,0.830141999766898,False
2018,RJ,PPS,90,14,9,0.6428571428571429,False,0.917557318861455,False
2018,RJ,PPS,95,14,11,0.7857142857142857,False,0.9561510047862858,False
2018,RJ,PR,50,26,3,0.11538461538461539,False,0.5384720757220064,False
2018,RJ,PR,60,26,4,0.15384615384615385,False,0.6644489973546315,False
2018,RJ,PR,70,26,5,0.19230769230769232,False,0.7779046899467911,False
2018,RJ,PR,80,26,6,0.23076923076923078,False,0.854282658250035,False
2018,RJ,PR,90,26,7,0.2692307692307692,False,0.925489072249035,False
2018,RJ,PR,95,26,8,0.3076923076923077,False,0.9758010112131755,False
2018,RJ,PRB,50,59,4,0.06779661016949153,False,0.6177219510513796,False
2018,RJ,PRB,60,59,4,0.06779661016949153,False,0.6177219510513796,False
2018,RJ,PRB,70,59,5,0.0847457627118644,False,0.7352402100892617,False
2018,RJ,PRB,80,59,6,0.1016949152542373,False,0.8034032101356742,False
2018,RJ,PRB,90,59,9,0.15254237288135594,False,0.9158100492462212,False
2018,RJ,PRB,95,59,13,0.22033898305084745,False,0.9517689031573006,False
2018,RJ,PROS,50,11,1,0.09090909090909091,False,0.5743019846467541,False
2018,RJ,PROS,60,11,2,0.18181818181818182,False,0.9435335754881309,False
2018,RJ,PROS,70,11,2,0.18181818181818182,False,0.9435335754881309,False
2018,RJ,PROS,80,11,2,0.18181818181818182,False,0.9435335754881309,False
2018,RJ,PROS,90,11,2,0.18181818181818182,False,0.9435335754881309,False
2018,RJ,PROS,95,11,3,0.2727272727272727,False,1.0,False
2018,RJ,PRP,50,57,1,0.017543859649122806,False,0.7798693760393187,False
2018,RJ,PRP,60,57,1,0.017543859649122806,False,0.7798693760393187,False
2018,RJ,PRP,70,57,1,0.017543859649122806,False,0.7798693760393187,False
2018,RJ,PRP,80,57,2,0.03508771929824561,False,0.891607213163203,False
2018,RJ,PRP,90,57,3,0.05263157894736842,False,0.907193831747513,False
2018,RJ,PRP,95,57,8,0.14035087719298245,False,0.9506339401656028,False
2018,RJ,PRTB,50,52,3,0.057692307692307696,False,0.5190600780506875,False
2018,RJ,PRTB,60,52,7,0.1346153846153846,False,0.6086532203656508,False
2018,RJ,PRTB,70,52,12,0.23076923076923078,False,0.7049122585351548,False
2018,RJ,PRTB,80,52,18,0.34615384615384615,False,0.8027896445761447,True
2018,RJ,PRTB,90,52,26,0.5,False,0.9085592925375054,True
2018,RJ,PRTB,95,52,31,0.5961538461538461,False,0.9545008474960129,True
2018,RJ,PSB,50,15,1,0.06666666666666667,False,0.6296538808116351,False
2018,RJ,PSB,60,15,1,0.06666666666666667,False,0.6296538808116351,False
2018,RJ,PSB,70,15,2,0.13333333333333333,False,0.8185500450551256,False
2018,RJ,PSB,80,15,2,0.13333333333333333,False,0.8185500450551256,False
2018,RJ,PSB,90,15,3,0.2,False,0.9154198728723003,False
2018,RJ,PSB,95,15,4,0.26666666666666666,False,0.9638547867808877,False
2018,RJ,PSC,50,54,2,0.037037037037037035,False,0.6766952689800424,False
2018,RJ,PSC,60,54,2,0.037037037037037035,False,0.6766952689800424,False
2018,RJ,PSC,70,54,3,0.05555555555555555,False,0.7502303920818273,False
2018,RJ,PSC,80,54,4,0.07407407407407407,False,0.8029959060400327,False
2018,RJ,PSC,90,54,6,0.1111111111111111,False,0.9076131957717809,False
2018,RJ,PSC,95,54,9,0.16666666666666666,False,0.961220200829243,False
2018,RJ,PSD,50,56,4,0.07142857142857142,False,0.5830488271001094,False
2018,RJ,PSD,60,56,5,0.08928571428571429,False,0.7003034931835905,False
2018,RJ,PSD,70,56,5,0.08928571428571429,False,0.7003034931835905,False
2018,RJ,PSD,80,56,7,0.125,False,0.8468982080878106,False
2018,RJ,PSD,90,56,9,0.16071428571428573,False,0.9295231742268616,False
2018,RJ,PSD,95,56,10,0.17857142857142858,False,0.9588368407477318,False
2018,RJ,PSDB,50,21,1,0.047619047619047616,False,0.5629584711909372,False
2018,RJ,PSDB,60,21,2,0.09523809523809523,False,0.6778241893957156,False
2018,RJ,PSDB,70,21,3,0.14285714285714285,False,0.7364646401185188,False
2018,RJ,PSDB,80,21,6,0.2857142857142857,False,0.8280476131449851,True
2018,RJ,PSDB,90,21,9,0.42857142857142855,False,0.9172156334562493,False
2018,RJ,PSDB,95,21,11,0.5238095238095238,False,0.9557794781522826,True
2018,RJ,PSL,50,63,3,0.047619047619047616,False,0.6192419751583867,False
2018,RJ,PSL,60,63,3,0.047619047619047616,False,0.6192419751583867,False
2018,RJ,PSL,70,63,6,0.09523809523809523,False,0.7225606529479816,False
2018,RJ,PSL,80,63,11,0.1746031746031746,False,0.8109466806392136,False
2018,RJ,PSL,90,63,21,0.3333333333333333,False,0.9067192875258895,False
2018,RJ,PSL,95,63,27,0.42857142857142855,False,0.9505262760952898,True
2018,RJ,PSOL,50,44,3,0.06818181818181818,False,0.5661793319714528,False
2018,RJ,PSOL,60,44,4,0.09090909090909091,False,0.6731814700701214,False
2018,RJ,PSOL,70,44,5,0.11363636363636363,False,0.7204089219762967,False
2018,RJ,PSOL,80,44,8,0.18181818181818182,False,0.8337699970338219,False
2018,RJ,PSOL,90,44,11,0.25,False,0.9168927311302527,False
2018,RJ,PSOL,95,44,13,0.29545454545454547,False,0.9507840419273734,False
2018,RJ,PT,50,24,4,0.16666666666666666,False,0.621669865746192,False
2018,RJ,PT,60,24,4,0.16666666666666666,False,0.621669865746192,False
2018,RJ,PT,70,24,5,0.20833333333333334,False,0.7224811953266556,False
2018,RJ,PT,80,24,6,0.25,False,0.8016180890473195,True
2018,RJ,PT,90,24,8,0.3333333333333333,False,0.9598918764886473,False
2018,RJ,PT,95,24,8,0.3333333333333333,False,0.9598918764886473,False
2018,RJ,PTB,50,14,2,0.14285714285714285,False,0.6456464848431049,False
2018,RJ,PTB,60,14,2,0.14285714285714285,False,0.6456464848431049,False
2018,RJ,PTB,70,14,3,0.21428571428571427,False,0.759248126868752,False
2018,RJ,PTB,80,14,4,0.2857142857142857,False,0.8195567123224714,False
2018,RJ,PTB,90,14,6,0.42857142857142855,False,0.921908997349641,False
2018,RJ,PTB,95,14,8,0.5714285714285714,False,0.9631256077511544,False
2018,RJ,PTC,50,29,1,0.034482758620689655,False,0.8407300345746188,False
2018,RJ,PTC,60,29,1,0.034482758620689655,False,0.8407300345746188,False
2018,RJ,PTC,70,29,1,0.034482758620689655,False,0.8407300345746188,False
2018,RJ,PTC,80,29,1,0.034482758620689655,False,0.8407300345746188,False
2018,RJ,PTC,90,29,2,0.06896551724137931,False,0.9025109108428272,False
2018,RJ,PTC,95,29,4,0.13793103448275862,False,0.9535226435413479,False
2018,RJ,PV,50,14,2,0.14285714285714285,False,0.6568781399544756,False
2018,RJ,PV,60,14,2,0.14285714285714285,False,0.6568781399544756,False
2018,RJ,PV,70,14,3,0.21428571428571427,False,0.7375995150846847,False
2018,RJ,PV,80,14,4,0.2857142857142857,False,0.8089613201516144,False
2018,RJ,PV,90,14,7,0.5,False,0.9073700205460364,True
2018,RJ,PV,95,14,10,0.7142857142857143,False,0.9563435320713973,True
2018,RJ,REDE,50,13,1,0.07692307692307693,False,0.7796257796257796,False
2018,RJ,REDE,60,13,1,0.07692307692307693,False,0.7796257796257796,False
2018,RJ,REDE,70,13,1,0.07692307692307693,False,0.7796257796257796,False
2018,RJ,REDE,80,13,2,0.15384615384615385,False,0.9875259875259875,False
2018,RJ,REDE,90,13,2,0.15384615384615385,False,0.9875259875259875,False
2018,RJ,REDE,95,13,2,0.15384615384615385,False,0.9875259875259875,False
2018,RJ,SOLIDARIEDADE,50,29,1,0.034482758620689655,False,0.7875266985284429,False
2018,RJ,SOLIDARIEDADE,60,29,1,0.034482758620689655,False,0.7875266985284429,False
2018,RJ,SOLIDARIEDADE,70,29,1,0.034482758620689655,False,0.7875266985284429,False
2018,RJ,SOLIDARIEDADE,80,29,2,0.06896551724137931,False,0.8457704826685117,True
2018,RJ,SOLIDARIEDADE,90,29,3,0.10344827586206896,False,0.9040142668085804,False
2018,RJ,SOLIDARIEDADE,95,29,4,0.13793103448275862,False,0.9616928013105301,False
2018,RN,AVANTE,50,2,1,0.5,False,1.0,False
2018,RN,AVANTE,60,2,1,0.5,False,1.0,False
2018,RN,AVANTE,70,2,1,0.5,False,1.0,False
2018,RN,AVANTE,80,2,1,0.5,False,1.0,False
2018,RN,AVANTE,90,2,1,0.5,False,1.0,False
2018,RN,AVANTE,95,2,1,0.5,False,1.0,False
2018,RN,DC,50,1,1,1.0,False,1.0,False
2018,RN,DC,60,1,1,1.0,False,1.0,False
2018,RN,DC,70,1,1,1.0,False,1.0,False
2018,RN,DC,80,1,1,1.0,False,1.0,False
2018,RN,DC,90,1,1,1.0,False,1.0,False
2018,RN,DC,95,1,1,1.0,False,1.0,False
2018,RN,DEM,50,1,1,1.0,False,1.0,False
2018,RN,DEM,60,1,1,1.0,False,1.0,False
2018,RN,DEM,70,1,1,1.0,False,1.0,False
2018,RN,DEM,80,1,1,1.0,False,1.0,False
2018,RN,DEM,90,1,1,1.0,False,1.0,False
2018,RN,DEM,95,1,1,1.0,False,1.0,False
2018,RN,MDB,50,4,1,0.25,False,0.687314899388303,False
2018,RN,MDB,60,4,1,0.25,False,0.687314899388303,False
2018,RN,MDB,70,4,2,0.5,False,0.9170195687674721,False
2018,RN,MDB,80,4,2,0.5,False,0.9170195687674721,False
2018,RN,MDB,90,4,2,0.5,False,0.9170195687674721,False
2018,RN,MDB,95,4,3,0.75,False,0.9695812228403775,False
2018,RN,NOVO,50,5,2,0.4,False,0.546371451712058,False
2018,RN,NOVO,60,5,3,0.6,False,0.6975809678080387,True
2018,RN,NOVO,70,5,4,0.8,False,0.8487904839040193,True
2018,RN,NOVO,80,5,4,0.8,False,0.8487904839040193,True
2018,RN,NOVO,90,5,5,1.0,False,1.0,False
2018,RN,NOVO,95,5,5,1.0,False,1.0,False
2018,RN,PATRI,50,11,0,0.0,True,,False
2018,RN,PATRI,60,11,0,0.0,True,,False
2018,RN,PATRI,70,11,0,0.0,True,,False
2018,RN,PATRI,80,11,0,0.0,True,,False
2018,RN,PATRI,90,11,0,0.0,True,,False
2018,RN,PATRI,95,11,0,0.0,True,,False
2018,RN,PC DO B,50,6,1,0.16666666666666666,False,0.6908350305498981,False
2018,RN,PC DO B,60,6,1,0.16666666666666666,False,0.6908350305498981,False
2018,RN,PC DO B,70,6,2,0.3333333333333333,False,0.8296673455532926,False
2018,RN,PC DO B,80,6,2,0.3333333333333333,False,0.8296673455532926,False
2018,RN,PC DO B,90,6,3,0.5,False,0.9002715546503733,False
2018,RN,PC DO B,95,6,5,0.8333333333333334,False,0.9731160896130346,False
2018,RN,PCO,50,1,1,1.0,False,1.0,False
2018,RN,PCO,60,1,1,1.0,False,1.0,False
2018,RN,PCO,70,1,1,1.0,False,1.0,False
2018,RN,PCO,80,1,1,1.0,False,1.0,False
2018,RN,PCO,90,1,1,1.0,False,1.0,False
2018,RN,PCO,95,1,1,1.0,False,1.0,False
2018,RN,PDT,50,4,2,0.5,False,0.6904761904761905,False
2018,RN,PDT,60,4,2,0.5,False,0.6904761904761905,False
2018,RN,PDT,70,4,3,0.75,False,1.0,False
2018,RN,PDT,80,4,3,0.75,False,1.0,False
2018,RN,PDT,90,4,3,0.75,False,1.0,False
2018,RN,PDT,95,4,3,0.75,False,1.0,False
2018,RN,PHS,50,4,2,0.5,False,0.5191313340227508,False
2018,RN,PHS,60,4,3,0.75,False,0.7611168562564633,False
2018,RN,PHS,70,4,3,0.75,False,0.7611168562564633,False
2018,RN,PHS,80,4,4,1.0,False,1.0,False
2018,RN,PHS,90,4,4,1.0,False,1.0,False
2018,RN,PHS,95,4,4,1.0,False,1.0,False
2018,RN,PMB,50,2,0,0.0,True,,False
2018,RN,PMB,60,2,0,0.0,True,,False
2018,RN,PMB,70,2,0,0.0,True,,False
2018,RN,PMB,80,2,0,0.0,True,,False
2018,RN,PMB,90,2,0,0.0,True,,False
2018,RN,PMB,95,2,0,0.0,True,,False
2018,RN,PMN,50,1,1,1.0,False,1.0,False
2018,RN,PMN,60,1,1,1.0,False,1.0,False
2018,RN,PMN,70,1,1,1.0,False,1.0,False
2018,RN,PMN,80,1,1,1.0,False,1.0,False
2018,RN,PMN,90,1,1,1.0,False,1.0,False
2018,RN,PMN,95,1,1,1.0,False,1.0,False
2018,RN,PODE,50,3,1,0.3333333333333333,False,0.8,False
2018,RN,PODE,60,3,1,0.3333333333333333,False,0.8,False
2018,RN,PODE,70,3,1,0.3333333333333333,False,0.8,False
2018,RN,PODE,80,3,1,0.3333333333333333,False,0.8,False
2018,RN,PODE,90,3,2,0.6666666666666666,False,1.0,False
2018,RN,PODE,95,3,2,0.6666666666666666,False,1.0,False
2018,RN,PP,50,3,1,0.3333333333333333,False,0.6896357793251205,False
2018,RN,PP,60,3,1,0.3333333333333333,False,0.6896357793251205,False
2018,RN,PP,70,3,2,0.6666666666666666,False,0.9196572040707016,False
2018,RN,PP,80,3,2,0.6666666666666666,False,0.9196572040707016,False
2018,RN,PP,90,3,2,0.6666666666666666,False,0.9196572040707016,False
2018,RN,PP,95,3,3,1.0,False,1.0,False
2018,RN,PPL,50,4,0,0.0,True,,False
2018,RN,PPL,60,4,0,0.0,True,,False
2018,RN,PPL,70,4,0,0.0,True,,False
2018,RN,PPL,80,4,0,0.0,True,,False
2018,RN,PPL,90,4,0,0.0,True,,False
2018,RN,PPL,95,4,0,0.0,True,,False
2018,RN,PPS,50,1,1,1.0,False,1.0,False
2018,RN,PPS,60,1,1,1.0,False,1.0,False
2018,RN,PPS,70,1,1,1.0,False,1.0,False
2018,RN,PPS,80,1,1,1.0,False,1.0,False
2018,RN,PPS,90,1,1,1.0,False,1.0,False
2018,RN,PPS,95,1,1,1.0,False,1.0,False
2018,RN,PR,50,1,1,1.0,False,1.0,False
2018,RN,PR,60,1,1,1.0,False,1.0,False
2018,RN,PR,70,1,1,1.0,False,1.0,False
2018,RN,PR,80,1,1,1.0,False,1.0,False
2018,RN,PR,90,1,1,1.0,False,1.0,False
2018,RN,PR,95,1,1,1.0,False,1.0,False
2018,RN,PRB,50,2,1,0.5,False,0.5635853791537365,False
2018,RN,PRB,60,2,2,1.0,False,1.0,False
2018,RN,PRB,70,2,2,1.0,False,1.0,False
2018,RN,PRB,80,2,2,1.0,False,1.0,False
2018,RN,PRB,90,2,2,1.0,False,1.0,False
2018,RN,PRB,95,2,2,1.0,False,1.0,False
2018,RN,PROS,50,1,1,1.0,False,1.0,False
2018,RN,PROS,60,1,1,1.0,False,1.0,False
2018,RN,PROS,70,1,1,1.0,False,1.0,False
2018,RN,PROS,80,1,1,1.0,False,1.0,False
2018,RN,PROS,90,1,1,1.0,False,1.0,False
2018,RN,PROS,95,1,1,1.0,False,1.0,False
2018,RN,PRP,50,2,0,0.0,True,,False
2018,RN,PRP,60,2,0,0.0,True,,False
2018,RN,PRP,70,2,0,0.0,True,,False
2018,RN,PRP,80,2,0,0.0,True,,False
2018,RN,PRP,90,2,0,0.0,True,,False
2018,RN,PRP,95,2,0,0.0,True,,False
2018,RN,PRTB,50,11,2,0.18181818181818182,False,0.5007047344633356,True
2018,RN,PRTB,60,11,3,0.2727272727272727,False,0.7503523672316679,True
2018,RN,PRTB,70,11,3,0.2727272727272727,False,0.7503523672316679,True
2018,RN,PRTB,80,11,4,0.36363636363636365,False,1.0,False
2018,RN,PRTB,90,11,4,0.36363636363636365,False,1.0,False
2018,RN,PRTB,95,11,4,0.36363636363636365,False,1.0,False
2018,RN,PSB,50,1,1,1.0,False,1.0,False
2018,RN,PSB,60,1,1,1.0,False,1.0,False
2018,RN,PSB,70,1,1,1.0,False,1.0,False
2018,RN,PSB,80,1,1,1.0,False,1.0,False
2018,RN,PSB,90,1,1,1.0,False,1.0,False
2018,RN,PSB,95,1,1,1.0,False,1.0,False
2018,RN,PSC,50,2,1,0.5,False,0.84,False
2018,RN,PSC,60,2,1,0.5,False,0.84,False
2018,RN,PSC,70,2,1,0.5,False,0.84,False
2018,RN,PSC,80,2,1,0.5,False,0.84,False
2018,RN,PSC,90,2,2,1.0,False,1.0,False
2018,RN,PSC,95,2,2,1.0,False,1.0,False
2018,RN,PSD,50,2,1,0.5,False,0.8117647058823529,False
2018,RN,PSD,60,2,1,0.5,False,0.8117647058823529,False
2018,RN,PSD,70,2,1,0.5,False,0.8117647058823529,False
2018,RN,PSD,80,2,1,0.5,False,0.8117647058823529,False
2018,RN,PSD,90,2,2,1.0,False,1.0,False
2018,RN,PSD,95,2,2,1.0,False,1.0,False
2018,RN,PSDB,50,1,1,1.0,False,1.0,False
2018,RN,PSDB,60,1,1,1.0,False,1.0,False
2018,RN,PSDB,70,1,1,1.0,False,1.0,False
2018,RN,PSDB,80,1,1,1.0,False,1.0,False
2018,RN,PSDB,90,1,1,1.0,False,1.0,False
2018,RN,PSDB,95,1,1,1.0,False,1.0,False
2018,RN,PSL,50,1,1,1.0,False,1.0,False
2018,RN,PSL,60,1,1,1.0,False,1.0,False
2018,RN,PSL,70,1,1,1.0,False,1.0,False
2018,RN,PSL,80,1,1,1.0,False,1.0,False
2018,RN,PSL,90,1,1,1.0,False,1.0,False
2018,RN,PSL,95,1,1,1.0,False,1.0,False
2018,RN,PSOL,50,11,6,0.5454545454545454,False,0.5524295534332246,True
2018,RN,PSOL,60,11,7,0.6363636363636364,False,0.6429027063436481,True
2018,RN,PSOL,70,11,8,0.7272727272727273,False,0.7333758592540714,True
2018,RN,PSOL,80,11,9,0.8181818181818182,False,0.8238490121644948,True
2018,RN,PSOL,90,11,10,0.9090909090909091,False,0.9143221650749186,False
2018,RN,PSOL,95,11,11,1.0,False,1.0000000000000002,False
2018,RN,PSTU,50,1,0,0.0,True,,False
2018,RN,PSTU,60,1,0,0.0,True,,False
2018,RN,PSTU,70,1,0,0.0,True,,False
2018,RN,PSTU,80,1,0,0.0,True,,False
2018,RN,PSTU,90,1,0,0.0,True,,False
2018,RN,PSTU,95,1,0,0.0,True,,False
2018,RN,PT,50,6,2,0.3333333333333333,False,0.8490430602323359,False
2018,RN,PT,60,6,2,0.3333333333333333,False,0.8490430602323359,False
2018,RN,PT,70,6,2,0.3333333333333333,False,0.8490430602323359,False
2018,RN,PT,80,6,2,0.3333333333333333,False,0.8490430602323359,False
2018,RN,PT,90,6,3,0.5,False,0.9372287517214619,False
2018,RN,PT,95,6,4,0.6666666666666666,False,0.9607020336407471,True
2018,RN,PTB,50,1,0,0.0,True,,False
2018,RN,PTB,60,1,0,0.0,True,,False
2018,RN,PTB,70,1,0,0.0,True,,False
2018,RN,PTB,80,1,0,0.0,True,,False
2018,RN,PTB,90,1,0,0.0,True,,False
2018,RN,PTB,95,1,0,0.0,True,,False
2018,RN,PTC,50,2,1,0.5,False,0.9473684210526315,False
2018,RN,PTC,60,2,1,0.5,False,0.9473684210526315,False
2018,RN,PTC,70,2,1,0.5,False,0.9473684210526315,False
2018,RN,PTC,80,2,1,0.5,False,0.9473684210526315,False
2018,RN,PTC,90,2,1,0.5,False,0.9473684210526315,False
2018,RN,PTC,95,2,2,1.0,False,1.0,False
2018,RN,PV,50,1,1,1.0,False,1.0,False
2018,RN,PV,60,1,1,1.0,False,1.0,False
2018,RN,PV,70,1,1,1.0,False,1.0,False
2018,RN,PV,80,1,1,1.0,False,1.0,False
2018,RN,PV,90,1,1,1.0,False,1.0,False
2018,RN,PV,95,1,1,1.0,False,1.0,False
2018,RN,REDE,50,3,1,0.3333333333333333,False,1.0,False
2018,RN,REDE,60,3,1,0.3333333333333333,False,1.0,False
2018,RN,REDE,70,3,1,0.3333333333333333,False,1.0,False
2018,RN,REDE,80,3,1,0.3333333333333333,False,1.0,False
2018,RN,REDE,90,3,1,0.3333333333333333,False,1.0,False
2018,RN,REDE,95,3,1,0.3333333333333333,False,1.0,False
2018,RN,SOLIDARIEDADE,50,11,3,0.2727272727272727,False,0.5239798238481888,False
2018,RN,SOLIDARIEDADE,60,11,4,0.36363636363636365,False,0.6463599251459897,False
2018,RN,SOLIDARIEDADE,70,11,5,0.45454545454545453,False,0.7323322716003497,False
2018,RN,SOLIDARIEDADE,80,11,7,0.6363636363636364,False,0.835037338592287,True
2018,RN,SOLIDARIEDADE,90,11,9,0.8181818181818182,False,0.9210608977877096,True
2018,RN,SOLIDARIEDADE,95,11,10,0.9090909090909091,False,0.9640726773854211,False
2018,RO,DEM,50,7,2,0.2857142857142857,False,0.7955122683804854,False
2018,RO,DEM,60,7,2,0.2857142857142857,False,0.7955122683804854,False
2018,RO,DEM,70,7,2,0.2857142857142857,False,0.7955122683804854,False
2018,RO,DEM,80,7,3,0.42857142857142855,False,0.9291503787627818,False
2018,RO,DEM,90,7,3,0.42857142857142855,False,0.9291503787627818,False
2018,RO,DEM,95,7,4,0.5714285714285714,False,0.9760816272444179,False
2018,RO,MDB,50,7,1,0.14285714285714285,False,0.5771144278606966,False
2018,RO,MDB,60,7,2,0.2857142857142857,False,0.9502487562189055,False
2018,RO,MDB,70,7,2,0.2857142857142857,False,0.9502487562189055,False
2018,RO,MDB,80,7,2,0.2857142857142857,False,0.9502487562189055,False
2018,RO,MDB,90,7,2,0.2857142857142857,False,0.9502487562189055,False
2018,RO,MDB,95,7,2,0.2857142857142857,False,0.9502487562189055,False
2018,RO,NOVO,50,3,2,0.6666666666666666,False,0.6666666666666666,True
2018,RO,NOVO,60,3,2,0.6666666666666666,False,0.6666666666666666,True
2018,RO,NOVO,70,3,3,1.0,False,1.0,False
2018,RO,NOVO,80,3,3,1.0,False,1.0,False
2018,RO,NOVO,90,3,3,1.0,False,1.0,False
2018,RO,NOVO,95,3,3,1.0,False,1.0,False
2018,RO,PATRI,50,3,0,0.0,True,,False
2018,RO,PATRI,60,3,0,0.0,True,,False
2018,RO,PATRI,70,3,0,0.0,True,,False
2018,RO,PATRI,80,3,0,0.0,True,,False
2018,RO,PATRI,90,3,0,0.0,True,,False
2018,RO,PATRI,95,3,0,0.0,True,,False
2018,RO,PC DO B,50,2,1,0.5,False,1.0,False
2018,RO,PC DO B,60,2,1,0.5,False,1.0,False
2018,RO,PC DO B,70,2,1,0.5,False,1.0,False
2018,RO,PC DO B,80,2,1,0.5,False,1.0,False
2018,RO,PC DO B,90,2,1,0.5,False,1.0,False
2018,RO,PC DO B,95,2,1,0.5,False,1.0,False
2018,RO,PDT,50,3,1,0.3333333333333333,False,0.9354838709677419,False
2018,RO,PDT,60,3,1,0.3333333333333333,False,0.9354838709677419,False
2018,RO,PDT,70,3,1,0.3333333333333333,False,0.9354838709677419,False
2018,RO,PDT,80,3,1,0.3333333333333333,False,0.9354838709677419,False
2018,RO,PDT,90,3,1,0.3333333333333333,False,0.9354838709677419,False
2018,RO,PDT,95,3,2,0.6666666666666666,False,0.967741935483871,True
2018,RO,PHS,50,4,1,0.25,False,0.5572636433512682,False
2018,RO,PHS,60,4,2,0.5,False,0.7903710432534414,False
2018,RO,PHS,70,4,2,0.5,False,0.7903710432534414,False
2018,RO,PHS,80,4,3,0.75,False,0.8951855216267207,True
2018,RO,PHS,90,4,4,1.0,False,1.0,False
2018,RO,PHS,95,4,4,1.0,False,1.0,False
2018,RO,PMB,50,1,0,0.0,True,,False
2018,RO,PMB,60,1,0,0.0,True,,False
2018,RO,PMB,70,1,0,0.0,True,,False
2018,RO,PMB,80,1,0,0.0,True,,False
2018,RO,PMB,90,1,0,0.0,True,,False
2018,RO,PMB,95,1,0,0.0,True,,False
2018,RO,PMN,50,4,2,0.5,False,0.9523809523809523,False
2018,RO,PMN,60,4,2,0.5,False,0.9523809523809523,False
2018,RO,PMN,70,4,2,0.5,False,0.9523809523809523,False
2018,RO,PMN,80,4,2,0.5,False,0.9523809523809523,False
2018,RO,PMN,90,4,2,0.5,False,0.9523809523809523,False
2018,RO,PMN,95,4,2,0.5,False,0.9523809523809523,False
2018,RO,PODE,50,1,1,1.0,False,1.0,False
2018,RO,PODE,60,1,1,1.0,False,1.0,False
2018,RO,PODE,70,1,1,1.0,False,1.0,False
2018,RO,PODE,80,1,1,1.0,False,1.0,False
2018,RO,PODE,90,1,1,1.0,False,1.0,False
2018,RO,PODE,95,1,1,1.0,False,1.0,False
2018,RO,PP,50,4,1,0.25,False,0.8755186721991701,False
2018,RO,PP,60,4,1,0.25,False,0.8755186721991701,False
2018,RO,PP,70,4,1,0.25,False,0.8755186721991701,False
2018,RO,PP,80,4,1,0.25,False,0.8755186721991701,False
2018,RO,PP,90,4,2,0.5,False,1.0,False
2018,RO,PP,95,4,2,0.5,False,1.0,False
2018,RO,PPS,50,2,1,0.5,False,0.9586831527497891,False
2018,RO,PPS,60,2,1,0.5,False,0.9586831527497891,False
2018,RO,PPS,70,2,1,0.5,False,0.9586831527497891,False
2018,RO,PPS,80,2,1,0.5,False,0.9586831527497891,False
2018,RO,PPS,90,2,1,0.5,False,0.9586831527497891,False
2018,RO,PPS,95,2,1,0.5,False,0.9586831527497891,False
2018,RO,PR,50,2,1,0.5,False,0.9166666666666666,False
2018,RO,PR,60,2,1,0.5,False,0.9166666666666666,False
2018,RO,PR,70,2,1,0.5,False,0.9166666666666666,False
2018,RO,PR,80,2,1,0.5,False,0.9166666666666666,False
2018,RO,PR,90,2,1,0.5,False,0.9166666666666666,False
2018,RO,PR,95,2,2,1.0,False,1.0,False
2018,RO,PRB,50,1,1,1.0,False,1.0,False
2018,RO,PRB,60,1,1,1.0,False,1.0,False
2018,RO,PRB,70,1,1,1.0,False,1.0,False
2018,RO,PRB,80,1,1,1.0,False,1.0,False
2018,RO,PRB,90,1,1,1.0,False,1.0,False
2018,RO,PRB,95,1,1,1.0,False,1.0,False
2018,RO,PROS,50,4,1,0.25,False,1.0,False
2018,RO,PROS,60,4,1,0.25,False,1.0,False
2018,RO,PROS,70,4,1,0.25,False,1.0,False
2018,RO,PROS,80,4,1,0.25,False,1.0,False
2018,RO,PROS,90,4,1,0.25,False,1.0,False
2018,RO,PROS,95,4,1,0.25,False,1.0,False
2018,RO,PRP,50,3,1,0.3333333333333333,False,0.7275204359673024,False
2018,RO,PRP,60,3,1,0.3333333333333333,False,0.7275204359673024,False
2018,RO,PRP,70,3,1,0.3333333333333333,False,0.7275204359673024,False
2018,RO,PRP,80,3,2,0.6666666666666666,False,0.8910081743869209,False
2018,RO,PRP,90,3,3,1.0,False,1.0,False
2018,RO,PRP,95,3,3,1.0,False,1.0,False
2018,RO,PRTB,50,2,0,0.0,True,,False
2018,RO,PRTB,60,2,0,0.0,True,,False
2018,RO,PRTB,70,2,0,0.0,True,,False
2018,RO,PRTB,80,2,0,0.0,True,,False
2018,RO,PRTB,90,2,0,0.0,True,,False
2018,RO,PRTB,95,2,0,0.0,True,,False
2018,RO,PSB,50,1,1,1.0,False,1.0,False
2018,RO,PSB,60,1,1,1.0,False,1.0,False
2018,RO,PSB,70,1,1,1.0,False,1.0,False
2018,RO,PSB,80,1,1,1.0,False,1.0,False
2018,RO,PSB,90,1,1,1.0,False,1.0,False
2018,RO,PSB,95,1,1,1.0,False,1.0,False
2018,RO,PSC,50,1,1,1.0,False,1.0,False
2018,RO,PSC,60,1,1,1.0,False,1.0,False
2018,RO,PSC,70,1,1,1.0,False,1.0,False
2018,RO,PSC,80,1,1,1.0,False,1.0,False
2018,RO,PSC,90,1,1,1.0,False,1.0,False
2018,RO,PSC,95,1,1,1.0,False,1.0,False
2018,RO,PSD,50,2,1,0.5,False,0.8609127282309121,False
2018,RO,PSD,60,2,1,0.5,False,0.8609127282309121,False
2018,RO,PSD,70,2,1,0.5,False,0.8609127282309121,False
2018,RO,PSD,80,2,1,0.5,False,0.8609127282309121,False
2018,RO,PSD,90,2,2,1.0,False,1.0,False
2018,RO,PSD,95,2,2,1.0,False,1.0,False
2018,RO,PSDB,50,2,1,0.5,False,1.0,False
2018,RO,PSDB,60,2,1,0.5,False,1.0,False
2018,RO,PSDB,70,2,1,0.5,False,1.0,False
2018,RO,PSDB,80,2,1,0.5,False,1.0,False
2018,RO,PSDB,90,2,1,0.5,False,1.0,False
2018,RO,PSDB,95,2,1,0.5,False,1.0,False
2018,RO,PSL,50,11,0,0.0,True,,False
2018,RO,PSL,60,11,0,0.0,True,,False
2018,RO,PSL,70,11,0,0.0,True,,False
2018,RO,PSL,80,11,0,0.0,True,,False
2018,RO,PSL,90,11,0,0.0,True,,False
2018,RO,PSL,95,11,0,0.0,True,,False
2018,RO,PSOL,50,3,1,0.3333333333333333,False,0.816304449657316,False
2018,RO,PSOL,60,3,1,0.3333333333333333,False,0.816304449657316,False
2018,RO,PSOL,70,3,1,0.3333333333333333,False,0.816304449657316,False
2018,RO,PSOL,80,3,1,0.3333333333333333,False,0.816304449657316,False
2018,RO,PSOL,90,3,2,0.6666666666666666,False,0.908152224828658,True
2018,RO,PSOL,95,3,3,1.0,False,1.0,False
2018,RO,PSTU,50,1,0,0.0,True,,False
2018,RO,PSTU,60,1,0,0.0,True,,False
2018,RO,PSTU,70,1,0,0.0,True,,False
2018,RO,PSTU,80,1,0,0.0,True,,False
2018,RO,PSTU,90,1,0,0.0,True,,False
2018,RO,PSTU,95,1,0,0.0,True,,False
2018,RO,PT,50,4,1,0.25,False,0.6938775510204082,False
2018,RO,PT,60,4,1,0.25,False,0.6938775510204082,False
2018,RO,PT,70,4,2,0.5,False,0.8469387755102041,True
2018,RO,PT,80,4,2,0.5,False,0.8469387755102041,True
2018,RO,PT,90,4,3,0.75,False,1.0,False
2018,RO,PT,95,4,3,0.75,False,1.0,False
2018,RO,PTB,50,1,1,1.0,False,1.0,False
2018,RO,PTB,60,1,1,1.0,False,1.0,False
2018,RO,PTB,70,1,1,1.0,False,1.0,False
2018,RO,PTB,80,1,1,1.0,False,1.0,False
2018,RO,PTB,90,1,1,1.0,False,1.0,False
2018,RO,PTB,95,1,1,1.0,False,1.0,False
2018,RO,PTC,50,1,1,1.0,False,1.0,False
2018,RO,PTC,60,1,1,1.0,False,1.0,False
2018,RO,PTC,70,1,1,1.0,False,1.0,False
2018,RO,PTC,80,1,1,1.0,False,1.0,False
2018,RO,PTC,90,1,1,1.0,False,1.0,False
2018,RO,PTC,95,1,1,1.0,False,1.0,False
2018,RO,PV,50,5,1,0.2,False,0.576379500191544,False
2018,RO,PV,60,5,2,0.4,False,0.7519048578778558,False
2018,RO,PV,70,5,2,0.4,False,0.7519048578778558,False
2018,RO,PV,80,5,3,0.6,False,0.8904902827103834,False
2018,RO,PV,90,5,4,0.8,False,0.9600014309976618,False
2018,RO,PV,95,5,4,0.8,False,0.9600014309976618,False
2018,RO,REDE,50,6,0,0.0,True,,False
2018,RO,REDE,60,6,0,0.0,True,,False
2018,RO,REDE,70,6,0,0.0,True,,False
2018,RO,REDE,80,6,0,0.0,True,,False
2018,RO,REDE,90,6,0,0.0,True,,False
2018,RO,REDE,95,6,0,0.0,True,,False
2018,RO,SOLIDARIEDADE,50,1,1,1.0,False,1.0,False
2018,RO,SOLIDARIEDADE,60,1,1,1.0,False,1.0,False
2018,RO,SOLIDARIEDADE,70,1,1,1.0,False,1.0,False
2018,RO,SOLIDARIEDADE,80,1,1,1.0,False,1.0,False
2018,RO,SOLIDARIEDADE,90,1,1,1.0,False,1.0,False
2018,RO,SOLIDARIEDADE,95,1,1,1.0,False,1.0,False
2018,RR,AVANTE,50,6,1,0.16666666666666666,False,1.0,False
2018,RR,AVANTE,60,6,1,0.16666666666666666,False,1.0,False
2018,RR,AVANTE,70,6,1,0.16666666666666666,False,1.0,False
2018,RR,AVANTE,80,6,1,0.16666666666666666,False,1.0,False
2018,RR,AVANTE,90,6,1,0.16666666666666666,False,1.0,False
2018,RR,AVANTE,95,6,1,0.16666666666666666,False,1.0,False
2018,RR,DC,50,3,1,0.3333333333333333,False,0.7148782493393727,False
2018,RR,DC,60,3,1,0.3333333333333333,False,0.7148782493393727,False
2018,RR,DC,70,3,1,0.3333333333333333,False,0.7148782493393727,False
2018,RR,DC,80,3,2,0.6666666666666666,False,0.9027994196785298,False
2018,RR,DC,90,3,2,0.6666666666666666,False,0.9027994196785298,False
2018,RR,DC,95,3,3,1.0,False,1.0,False
2018,RR,DEM,50,5,1,0.2,False,0.8928571428571429,False
2018,RR,DEM,60,5,1,0.2,False,0.8928571428571429,False
2018,RR,DEM,70,5,1,0.2,False,0.8928571428571429,False
2018,RR,DEM,80,5,1,0.2,False,0.8928571428571429,False
2018,RR,DEM,90,5,2,0.4,False,1.0,False
2018,RR,DEM,95,5,2,0.4,False,1.0,False
2018,RR,MDB,50,3,1,0.3333333333333333,False,0.8454755233228943,False
2018,RR,MDB,60,3,1,0.3333333333333333,False,0.8454755233228943,False
2018,RR,MDB,70,3,1,0.3333333333333333,False,0.8454755233228943,False
2018,RR,MDB,80,3,1,0.3333333333333333,False,0.8454755233228943,False
2018,RR,MDB,90,3,2,0.6666666666666666,False,0.9313224548101753,False
2018,RR,MDB,95,3,3,1.0,False,1.0,False
2018,RR,PATRI,50,9,1,0.1111111111111111,False,0.5274527700443519,False
2018,RR,PATRI,60,9,2,0.2222222222222222,False,0.6560962073852561,False
2018,RR,PATRI,70,9,3,0.3333333333333333,False,0.779932944700017,False
2018,RR,PATRI,80,9,4,0.4444444444444444,False,0.8417641689866945,False
2018,RR,PATRI,90,9,6,0.6666666666666666,False,0.9465667411215939,False
2018,RR,PATRI,95,9,7,0.7777777777777778,False,0.9770672708676369,False
2018,RR,PC DO B,50,4,1,0.25,False,1.0,False
2018,RR,PC DO B,60,4,1,0.25,False,1.0,False
2018,RR,PC DO B,70,4,1,0.25,False,1.0,False
2018,RR,PC DO B,80,4,1,0.25,False,1.0,False
2018,RR,PC DO B,90,4,1,0.25,False,1.0,False
2018,RR,PC DO B,95,4,1,0.25,False,1.0,False
2018,RR,PCB,50,1,1,1.0,False,1.0,False
2018,RR,PCB,60,1,1,1.0,False,1.0,False
2018,RR,PCB,70,1,1,1.0,False,1.0,False
2018,RR,PCB,80,1,1,1.0,False,1.0,False
2018,RR,PCB,90,1,1,1.0,False,1.0,False
2018,RR,PCB,95,1,1,1.0,False,1.0,False
2018,RR,PDT,50,3,1,0.3333333333333333,False,0.5,True
2018,RR,PDT,60,3,2,0.6666666666666666,False,1.0,False
2018,RR,PDT,70,3,2,0.6666666666666666,False,1.0,False
2018,RR,PDT,80,3,2,0.6666666666666666,False,1.0,False
2018,RR,PDT,90,3,2,0.6666666666666666,False,1.0,False
2018,RR,PDT,95,3,2,0.6666666666666666,False,1.0,False
2018,RR,PHS,50,7,1,0.14285714285714285,False,0.8477433233349648,False
2018,RR,PHS,60,7,1,0.14285714285714285,False,0.8477433233349648,False
2018,RR,PHS,70,7,1,0.14285714285714285,False,0.8477433233349648,False
2018,RR,PHS,80,7,1,0.14285714285714285,False,0.8477433233349648,False
2018,RR,PHS,90,7,3,0.42857142857142855,False,0.9261601132205473,True
2018,RR,PHS,95,7,4,0.5714285714285714,False,0.9536250066145538,False
2018,RR,PMB,50,2,1,0.5,False,0.9734848484848485,False
2018,RR,PMB,60,2,1,0.5,False,0.9734848484848485,False
2018,RR,PMB,70,2,1,0.5,False,0.9734848484848485,False
2018,RR,PMB,80,2,1,0.5,False,0.9734848484848485,False
2018,RR,PMB,90,2,1,0.5,False,0.9734848484848485,False
2018,RR,PMB,95,2,1,0.5,False,0.9734848484848485,False
2018,RR,PODE,50,6,2,0.3333333333333333,False,0.5117680326005951,False
2018,RR,PODE,60,6,3,0.5,False,0.675538907257891,False
2018,RR,PODE,70,6,4,0.6666666666666666,False,0.8327860385852236,False
2018,RR,PODE,80,6,4,0.6666666666666666,False,0.8327860385852236,False
2018,RR,PODE,90,6,5,0.8333333333333334,False,0.947617512324514,False
2018,RR,PODE,95,6,6,1.0,False,1.0,False
2018,RR,PP,50,3,1,0.3333333333333333,False,0.9937827313290241,False
2018,RR,PP,60,3,1,0.3333333333333333,False,0.9937827313290241,False
2018,RR,PP,70,3,1,0.3333333333333333,False,0.9937827313290241,False
2018,RR,PP,80,3,1,0.3333333333333333,False,0.9937827313290241,False
2018,RR,PP,90,3,1,0.3333333333333333,False,0.9937827313290241,False
2018,RR,PP,95,3,1,0.3333333333333333,False,0.9937827313290241,False
2018,RR,PPL,50,1,1,1.0,False,1.0,False
2018,RR,PPL,60,1,1,1.0,False,1.0,False
2018,RR,PPL,70,1,1,1.0,False,1.0,False
2018,RR,PPL,80,1,1,1.0,False,1.0,False
2018,RR,PPL,90,1,1,1.0,False,1.0,False
2018,RR,PPL,95,1,1,1.0,False,1.0,False
2018,RR,PPS,50,4,2,0.5,False,0.8634366689580462,False
2018,RR,PPS,60,4,2,0.5,False,0.8634366689580462,False
2018,RR,PPS,70,4,2,0.5,False,0.8634366689580462,False
2018,RR,PPS,80,4,2,0.5,False,0.8634366689580462,False
2018,RR,PPS,90,4,3,0.75,False,0.9323943905732902,False
2018,RR,PPS,95,4,4,1.0,False,1.0,False
2018,RR,PR,50,6,2,0.3333333333333333,False,0.7465940054495913,False
2018,RR,PR,60,6,2,0.3333333333333333,False,0.7465940054495913,False
2018,RR,PR,70,6,2,0.3333333333333333,False,0.7465940054495913,False
2018,RR,PR,80,6,3,0.5,False,0.8419618528610354,True
2018,RR,PR,90,6,4,0.6666666666666666,False,0.9373297002724795,False
2018,RR,PR,95,6,5,0.8333333333333334,False,0.9863760217983651,False
2018,RR,PRB,50,2,1,0.5,False,0.9541256030679147,False
2018,RR,PRB,60,2,1,0.5,False,0.9541256030679147,False
2018,RR,PRB,70,2,1,0.5,False,0.9541256030679147,False
2018,RR,PRB,80,2,1,0.5,False,0.9541256030679147,False
2018,RR,PRB,90,2,1,0.5,False,0.9541256030679147,False
2018,RR,PRB,95,2,1,0.5,False,0.9541256030679147,False
2018,RR,PROS,50,6,1,0.16666666666666666,False,1.0,False
2018,RR,PROS,60,6,1,0.16666666666666666,False,1.0,False
2018,RR,PROS,70,6,1,0.16666666666666666,False,1.0,False
2018,RR,PROS,80,6,1,0.16666666666666666,False,1.0,False
2018,RR,PROS,90,6,1,0.16666666666666666,False,1.0,False
2018,RR,PROS,95,6,1,0.16666666666666666,False,1.0,False
2018,RR,PRP,50,4,2,0.5,False,0.6584672796139612,False
2018,RR,PRP,60,4,2,0.5,False,0.6584672796139612,False
2018,RR,PRP,70,4,3,0.75,False,0.849507871059421,False
2018,RR,PRP,80,4,3,0.75,False,0.849507871059421,False
2018,RR,PRP,90,4,4,1.0,False,1.0,False
2018,RR,PRP,95,4,4,1.0,False,1.0,False
2018,RR,PRTB,50,4,2,0.5,False,0.6404199475065617,True
2018,RR,PRTB,60,4,2,0.5,False,0.6404199475065617,True
2018,RR,PRTB,70,4,3,0.75,False,0.9606299212598425,False
2018,RR,PRTB,80,4,3,0.75,False,0.9606299212598425,False
2018,RR,PRTB,90,4,3,0.75,False,0.9606299212598425,False
2018,RR,PRTB,95,4,3,0.75,False,0.9606299212598425,False
2018,RR,PSB,50,5,1,0.2,False,0.6623477332159013,False
2018,RR,PSB,60,5,1,0.2,False,0.6623477332159013,False
2018,RR,PSB,70,5,2,0.4,False,0.8245517558654301,False
2018,RR,PSB,80,5,2,0.4,False,0.8245517558654301,False
2018,RR,PSB,90,5,3,0.6,False,0.9140797762553848,False
2018,RR,PSB,95,5,4,0.8,False,0.9914724806564703,False
2018,RR,PSC,50,2,1,0.5,False,0.9278132846382104,False
2018,RR,PSC,60,2,1,0.5,False,0.9278132846382104,False
2018,RR,PSC,70,2,1,0.5,False,0.9278132846382104,False
2018,RR,PSC,80,2,1,0.5,False,0.9278132846382104,False
2018,RR,PSC,90,2,1,0.5,False,0.9278132846382104,False
2018,RR,PSC,95,2,2,1.0,False,1.0,False
2018,RR,PSD,50,4,1,0.25,False,0.8681053453538724,False
2018,RR,PSD,60,4,1,0.25,False,0.8681053453538724,False
2018,RR,PSD,70,4,1,0.25,False,0.8681053453538724,False
2018,RR,PSD,80,4,1,0.25,False,0.8681053453538724,False
2018,RR,PSD,90,4,2,0.5,False,0.9695463902889189,False
2018,RR,PSD,95,4,2,0.5,False,0.9695463902889189,False
2018,RR,PSDB,50,5,1,0.2,False,0.9058823529411765,False
2018,RR,PSDB,60,5,1,0.2,False,0.9058823529411765,False
2018,RR,PSDB,70,5,1,0.2,False,0.9058823529411765,False
2018,RR,PSDB,80,5,1,0.2,False,0.9058823529411765,False
2018,RR,PSDB,90,5,1,0.2,False,0.9058823529411765,False
2018,RR,PSDB,95,5,2,0.4,False,0.9764705882352941,False
2018,RR,PSL,50,9,2,0.2222222222222222,False,0.5454545454545454,False
2018,RR,PSL,60,9,3,0.3333333333333333,False,0.7272727272727273,True
2018,RR,PSL,70,9,3,0.3333333333333333,False,0.7272727272727273,True
2018,RR,PSL,80,9,4,0.4444444444444444,False,0.9090909090909091,False
2018,RR,PSL,90,9,4,0.4444444444444444,False,0.9090909090909091,False
2018,RR,PSL,95,9,5,0.5555555555555556,False,1.0,False
2018,RR,PSOL,50,4,2,0.5,False,0.6143285755746667,False
2018,RR,PSOL,60,4,2,0.5,False,0.6143285755746667,False
2018,RR,PSOL,70,4,3,0.75,False,0.8258985974940561,False
2018,RR,PSOL,80,4,3,0.75,False,0.8258985974940561,False
2018,RR,PSOL,90,4,4,1.0,False,1.0,False
2018,RR,PSOL,95,4,4,1.0,False,1.0,False
2018,RR,PSTU,50,1,1,1.0,False,1.0,False
2018,RR,PSTU,60,1,1,1.0,False,1.0,False
2018,RR,PSTU,70,1,1,1.0,False,1.0,False
2018,RR,PSTU,80,1,1,1.0,False,1.0,False
2018,RR,PSTU,90,1,1,1.0,False,1.0,False
2018,RR,PSTU,95,1,1,1.0,False,1.0,False
2018,RR,PT,50,2,1,0.5,False,0.9470110585418466,False
2018,RR,PT,60,2,1,0.5,False,0.9470110585418466,False
2018,RR,PT,70,2,1,0.5,False,0.9470110585418466,False
2018,RR,PT,80,2,1,0.5,False,0.9470110585418466,False
2018,RR,PT,90,2,1,0.5,False,0.9470110585418466,False
2018,RR,PT,95,2,2,1.0,False,1.0,False
2018,RR,PTB,50,4,1,0.25,False,0.9846082089552238,False
2018,RR,PTB,60,4,1,0.25,False,0.9846082089552238,False
2018,RR,PTB,70,4,1,0.25,False,0.9846082089552238,False
2018,RR,PTB,80,4,1,0.25,False,0.9846082089552238,False
2018,RR,PTB,90,4,1,0.25,False,0.9846082089552238,False
2018,RR,PTB,95,4,1,0.25,False,0.9846082089552238,False
2018,RR,PTC,50,2,1,0.5,False,0.9936808846761453,False
2018,RR,PTC,60,2,1,0.5,False,0.9936808846761453,False
2018,RR,PTC,70,2,1,0.5,False,0.9936808846761453,False
2018,RR,PTC,80,2,1,0.5,False,0.9936808846761453,False
2018,RR,PTC,90,2,1,0.5,False,0.9936808846761453,False
2018,RR,PTC,95,2,1,0.5,False,0.9936808846761453,False
2018,RR,PV,50,6,1,0.16666666666666666,False,0.7566787770232528,False
2018,RR,PV,60,6,1,0.16666666666666666,False,0.7566787770232528,False
2018,RR,PV,70,6,1,0.16666666666666666,False,0.7566787770232528,False
2018,RR,PV,80,6,2,0.3333333333333333,False,0.8494776543147184,False
2018,RR,PV,90,6,3,0.5,False,0.9353796296723741,False
2018,RR,PV,95,6,4,0.6666666666666666,False,0.9592187204261861,True
2018,RR,REDE,50,4,1,0.25,False,0.8766803039158387,False
2018,RR,REDE,60,4,1,0.25,False,0.8766803039158387,False
2018,RR,REDE,70,4,1,0.25,False,0.8766803039158387,False
2018,RR,REDE,80,4,1,0.25,False,0.8766803039158387,False
2018,RR,REDE,90,4,2,0.5,False,0.9441846873173583,False
2018,RR,REDE,95,4,3,0.75,False,1.0,False
2018,RR,SOLIDARIEDADE,50,6,2,0.3333333333333333,False,0.5783466873206985,False
2018,RR,SOLIDARIEDADE,60,6,3,0.5,False,0.8106707542185403,False
2018,RR,SOLIDARIEDADE,70,6,3,0.5,False,0.8106707542185403,False
2018,RR,SOLIDARIEDADE,80,6,3,0.5,False,0.8106707542185403,False
2018,RR,SOLIDARIEDADE,90,6,4,0.6666666666666666,False,0.9452379226545026,False
2018,RR,SOLIDARIEDADE,95,6,5,0.8333333333333334,False,0.9742029890561003,False
2018,RS,AVANTE,50,5,1,0.2,False,0.7776555415421169,False
2018,RS,AVANTE,60,5,1,0.2,False,0.7776555415421169,False
2018,RS,AVANTE,70,5,1,0.2,False,0.7776555415421169,False
2018,RS,AVANTE,80,5,2,0.4,False,0.8841872886924974,False
2018,RS,AVANTE,90,5,3,0.6,False,0.9688629528410163,False
2018,RS,AVANTE,95,5,3,0.6,False,0.9688629528410163,False
2018,RS,DC,50,2,1,0.5,False,0.6272482564541784,False
2018,RS,DC,60,2,1,0.5,False,0.6272482564541784,False
2018,RS,DC,70,2,2,1.0,False,1.0,False
2018,RS,DC,80,2,2,1.0,False,1.0,False
2018,RS,DC,90,2,2,1.0,False,1.0,False
2018,RS,DC,95,2,2,1.0,False,1.0,False
2018,RS,DEM,50,8,1,0.125,False,0.9090909090909091,False
2018,RS,DEM,60,8,1,0.125,False,0.9090909090909091,False
2018,RS,DEM,70,8,1,0.125,False,0.9090909090909091,False
2018,RS,DEM,80,8,1,0.125,False,0.9090909090909091,False
2018,RS,DEM,90,8,1,0.125,False,0.9090909090909091,False
2018,RS,DEM,95,8,2,0.25,False,1.0,False
2018,RS,MDB,50,25,5,0.2,False,0.5861916690439994,True
2018,RS,MDB,60,25,6,0.24,False,0.7034300028527994,True
2018,RS,MDB,70,25,6,0.24,False,0.7034300028527994,True
2018,RS,MDB,80,25,7,0.28,False,0.8206683366615993,False
2018,RS,MDB,90,25,11,0.44,False,0.9042983481118766,False
2018,RS,MDB,95,25,15,0.6,False,0.9582279816639246,False
2018,RS,NOVO,50,18,4,0.2222222222222222,False,0.5344833679677952,False
2018,RS,NOVO,60,18,5,0.2777777777777778,False,0.611864924854102,False
2018,RS,NOVO,70,18,7,0.3888888888888889,False,0.7480051352862882,False
2018,RS,NOVO,80,18,9,0.5,False,0.8239726758140712,False
2018,RS,NOVO,90,18,12,0.6666666666666666,False,0.9102379369729771,True
2018,RS,NOVO,95,18,14,0.7777777777777778,False,0.9516082615172103,True
2018,RS,PATRI,50,5,1,0.2,False,0.577828667790582,False
2018,RS,PATRI,60,5,2,0.4,False,0.9574328643984041,False
2018,RS,PATRI,70,5,2,0.4,False,0.9574328643984041,False
2018,RS,PATRI,80,5,2,0.4,False,0.9574328643984041,False
2018,RS,PATRI,90,5,2,0.4,False,0.9574328643984041,False
2018,RS,PATRI,95,5,2,0.4,False,0.9574328643984041,False
2018,RS,PC DO B,50,26,2,0.07692307692307693,False,0.5909851921510727,False
2018,RS,PC DO B,60,26,3,0.11538461538461539,False,0.7196418743314574,False
2018,RS,PC DO B,70,26,3,0.11538461538461539,False,0.7196418743314574,False
2018,RS,PC DO B,80,26,4,0.15384615384615385,False,0.8119870495614746,False
2018,RS,PC DO B,90,26,6,0.23076923076923078,False,0.9148198685977721,False
2018,RS,PC DO B,95,26,9,0.34615384615384615,False,0.9586248286784386,False
2018,RS,PCB,50,1,1,1.0,False,1.0,False
2018,RS,PCB,60,1,1,1.0,False,1.0,False
2018,RS,PCB,70,1,1,1.0,False,1.0,False
2018,RS,PCB,80,1,1,1.0,False,1.0,False
2018,RS,PCB,90,1,1,1.0,False,1.0,False
2018,RS,PCB,95,1,1,1.0,False,1.0,False
2018,RS,PDT,50,23,2,0.08695652173913043,False,0.6768865795954152,False
2018,RS,PDT,60,23,2,0.08695652173913043,False,0.6768865795954152,False
2018,RS,PDT,70,23,3,0.13043478260869565,False,0.7735846623947602,False
2018,RS,PDT,80,23,4,0.17391304347826086,False,0.857389667487526,False
2018,RS,PDT,90,23,5,0.21739130434782608,False,0.9025154394605537,True
2018,RS,PDT,95,23,7,0.30434782608695654,False,0.9605342891401608,True
2018,RS,PHS,50,3,2,0.6666666666666666,False,0.7583529590932083,False
2018,RS,PHS,60,3,2,0.6666666666666666,False,0.7583529590932083,False
2018,RS,PHS,70,3,2,0.6666666666666666,False,0.7583529590932083,False
2018,RS,PHS,80,3,3,1.0,False,1.0,False
2018,RS,PHS,90,3,3,1.0,False,1.0,False
2018,RS,PHS,95,3,3,1.0,False,1.0,False
2018,RS,PMB,50,12,1,0.08333333333333333,False,0.9848484848484849,False
2018,RS,PMB,60,12,1,0.08333333333333333,False,0.9848484848484849,False
2018,RS,PMB,70,12,1,0.08333333333333333,False,0.9848484848484849,False
2018,RS,PMB,80,12,1,0.08333333333333333,False,0.9848484848484849,False
2018,RS,PMB,90,12,1,0.08333333333333333,False,0.9848484848484849,False
2018,RS,PMB,95,12,1,0.08333333333333333,False,0.9848484848484849,False
2018,RS,PMN,50,3,1,0.3333333333333333,False,0.9987900303938892,False
2018,RS,PMN,60,3,1,0.3333333333333333,False,0.9987900303938892,False
2018,RS,PMN,70,3,1,0.3333333333333333,False,0.9987900303938892,False
2018,RS,PMN,80,3,1,0.3333333333333333,False,0.9987900303938892,False
2018,RS,PMN,90,3,1,0.3333333333333333,False,0.9987900303938892,False
2018,RS,PMN,95,3,1,0.3333333333333333,False,0.9987900303938892,False
2018,RS,PODE,50,1,1,1.0,False,1.0,False
2018,RS,PODE,60,1,1,1.0,False,1.0,False
2018,RS,PODE,70,1,1,1.0,False,1.0,False
2018,RS,PODE,80,1,1,1.0,False,1.0,False
2018,RS,PODE,90,1,1,1.0,False,1.0,False
2018,RS,PODE,95,1,1,1.0,False,1.0,False
2018,RS,PP,50,18,3,0.16666666666666666,False,0.5300050902233988,False
2018,RS,PP,60,18,4,0.2222222222222222,False,0.678155302357148,True
2018,RS,PP,70,18,5,0.2777777777777778,False,0.8263055144908973,False
2018,RS,PP,80,18,5,0.2777777777777778,False,0.8263055144908973,False
2018,RS,PP,90,18,6,0.3333333333333333,False,0.9426817340488444,False
2018,RS,PP,95,18,7,0.3888888888888889,False,0.9670327192460174,False
2018,RS,PPL,50,22,4,0.18181818181818182,False,0.5486324962837081,False
2018,RS,PPL,60,22,5,0.22727272727272727,False,0.6214896696841051,False
2018,RS,PPL,70,22,7,0.3181818181818182,False,0.7401452778132156,False
2018,RS,PPL,80,22,9,0.4090909090909091,False,0.8204566498420325,False
2018,RS,PPL,90,22,14,0.6363636363636364,False,0.9116003043987687,True
2018,RS,PPL,95,22,17,0.7727272727272727,False,0.9513053599416763,False
2018,RS,PPS,50,30,4,0.13333333333333333,False,0.5164071655611264,False
2018,RS,PPS,60,30,6,0.2,False,0.6405533856939952,False
2018,RS,PPS,70,30,8,0.26666666666666666,False,0.719696328977481,False
2018,RS,PPS,80,30,11,0.36666666666666664,False,0.8123802113037104,False
2018,RS,PPS,90,30,16,0.5333333333333333,False,0.9116255468251023,False
2018,RS,PPS,95,30,19,0.6333333333333333,False,0.9582275456894405,True
2018,RS,PR,50,7,1,0.14285714285714285,False,0.88,False
2018,RS,PR,60,7,1,0.14285714285714285,False,0.88,False
2018,RS,PR,70,7,1,0.14285714285714285,False,0.88,False
2018,RS,PR,80,7,1,0.14285714285714285,False,0.88,False
2018,RS,PR,90,7,2,0.2857142857142857,False,0.92,False
2018,RS,PR,95,7,4,0.5714285714285714,False,0.96,False
2018,RS,PRB,50,7,1,0.14285714285714285,False,0.7765794956320483,False
2018,RS,PRB,60,7,1,0.14285714285714285,False,0.7765794956320483,False
2018,RS,PRB,70,7,1,0.14285714285714285,False,0.7765794956320483,False
2018,RS,PRB,80,7,2,0.2857142857142857,False,0.8637773872009818,False
2018,RS,PRB,90,7,3,0.42857142857142855,False,0.9253909813941326,False
2018,RS,PRB,95,7,4,0.5714285714285714,False,0.9615436632280703,False
2018,RS,PROS,50,9,1,0.1111111111111111,False,1.0,False
2018,RS,PROS,60,9,1,0.1111111111111111,False,1.0,False
2018,RS,PROS,70,9,1,0.1111111111111111,False,1.0,False
2018,RS,PROS,80,9,1,0.1111111111111111,False,1.0,False
2018,RS,PROS,90,9,1,0.1111111111111111,False,1.0,False
2018,RS,PROS,95,9,1,0.1111111111111111,False,1.0,False
2018,RS,PRP,50,8,1,0.125,False,0.5206787440432281,False
2018,RS,PRP,60,8,2,0.25,False,0.6537521639397238,False
2018,RS,PRP,70,8,3,0.375,False,0.7496945138038416,False
2018,RS,PRP,80,8,4,0.5,False,0.8067668897499974,False
2018,RS,PRP,90,8,6,0.75,False,0.912527206473708,True
2018,RS,PRP,95,8,7,0.875,False,0.9619994780248299,False
2018,RS,PSB,50,29,3,0.10344827586206896,False,0.5563465598614272,False
2018,RS,PSB,60,29,4,0.13793103448275862,False,0.6425501155053507,False
2018,RS,PSB,70,29,5,0.1724137931034483,False,0.7270215121343805,False
2018,RS,PSB,80,29,6,0.20689655172413793,False,0.811391809988222,False
2018,RS,PSB,90,29,8,0.27586206896551724,False,0.910244507387793,False
2018,RS,PSB,95,29,12,0.41379310344827586,False,0.9518264336227567,False
2018,RS,PSC,50,9,1,0.1111111111111111,False,0.9940918800023738,False
2018,RS,PSC,60,9,1,0.1111111111111111,False,0.9940918800023738,False
2018,RS,PSC,70,9,1,0.1111111111111111,False,0.9940918800023738,False
2018,RS,PSC,80,9,1,0.1111111111111111,False,0.9940918800023738,False
2018,RS,PSC,90,9,1,0.1111111111111111,False,0.9940918800023738,False
2018,RS,PSC,95,9,1,0.1111111111111111,False,0.9940918800023738,False
2018,RS,PSD,50,17,1,0.058823529411764705,False,0.6196545756223346,False
2018,RS,PSD,60,17,1,0.058823529411764705,False,0.6196545756223346,False
2018,RS,PSD,70,17,2,0.11764705882352941,False,0.7022751857053126,False
2018,RS,PSD,80,17,5,0.29411764705882354,False,0.8173538926066034,True
2018,RS,PSD,90,17,8,0.47058823529411764,False,0.9029252387639732,False
2018,RS,PSD,95,17,11,0.6470588235294118,False,0.955738958884119,False
2018,RS,PSDB,50,7,1,0.14285714285714285,False,0.6053950005712839,False
2018,RS,PSDB,60,7,1,0.14285714285714285,False,0.6053950005712839,False
2018,RS,PSDB,70,7,2,0.2857142857142857,False,0.8897195803604778,False
2018,RS,PSDB,80,7,2,0.2857142857142857,False,0.8897195803604778,False
2018,RS,PSDB,90,7,3,0.42857142857142855,False,0.9481884166408532,False
2018,RS,PSDB,95,7,4,0.5714285714285714,False,0.9629118649005017,True
2018,RS,PSL,50,21,3,0.14285714285714285,False,0.6,True
2018,RS,PSL,60,21,3,0.14285714285714285,False,0.6,True
2018,RS,PSL,70,21,4,0.19047619047619047,False,0.8,True
2018,RS,PSL,80,21,4,0.19047619047619047,False,0.8,True
2018,RS,PSL,90,21,5,0.23809523809523808,False,1.0,False
2018,RS,PSL,95,21,5,0.23809523809523808,False,1.0,False
2018,RS,PSOL,50,39,2,0.05128205128205128,False,0.5702701238227327,False
2018,RS,PSOL,60,39,3,0.07692307692307693,False,0.6316479670832308,False
2018,RS,PSOL,70,39,5,0.1282051282051282,False,0.7193376174668903,True
2018,RS,PSOL,80,39,8,0.20512820512820512,False,0.807957479377625,True
2018,RS,PSOL,90,39,13,0.3333333333333333,False,0.9175089645791809,False
2018,RS,PSOL,95,39,15,0.38461538461538464,False,0.9569074356859711,False
2018,RS,PSTU,50,4,0,0.0,True,,False
2018,RS,PSTU,60,4,0,0.0,True,,False
2018,RS,PSTU,70,4,0,0.0,True,,False
2018,RS,PSTU,80,4,0,0.0,True,,False
2018,RS,PSTU,90,4,0,0.0,True,,False
2018,RS,PSTU,95,4,0,0.0,True,,False
2018,RS,PT,50,20,4,0.2,False,0.5442283960848925,True
2018,RS,PT,60,20,5,0.25,False,0.6777741912817942,False
2018,RS,PT,70,20,6,0.3,False,0.7845749184588293,False
2018,RS,PT,80,20,7,0.35,False,0.8491220528039984,True
2018,RS,PT,90,20,8,0.4,False,0.9136691871491677,False
2018,RS,PT,95,20,11,0.55,False,0.9517857389837372,False
2018,RS,PTB,50,9,2,0.2222222222222222,False,0.5360016222435318,False
2018,RS,PTB,60,9,3,0.3333333333333333,False,0.7250127206136193,False
2018,RS,PTB,70,9,3,0.3333333333333333,False,0.7250127206136193,False
2018,RS,PTB,80,9,4,0.4444444444444444,False,0.8942763907957872,False
2018,RS,PTB,90,9,5,0.5555555555555556,False,0.9338332925651526,False
2018,RS,PTB,95,9,6,0.6666666666666666,False,0.9720458484093086,False
2018,RS,PTC,50,7,3,0.42857142857142855,False,0.5,True
2018,RS,PTC,60,7,4,0.5714285714285714,False,0.6666666666666666,True
2018,RS,PTC,70,7,5,0.7142857142857143,False,0.8333333333333335,True
2018,RS,PTC,80,7,5,0.7142857142857143,False,0.8333333333333335,True
2018,RS,PTC,90,7,6,0.8571428571428571,False,1.0,False
2018,RS,PTC,95,7,6,0.8571428571428571,False,1.0,False
2018,RS,PV,50,1,1,1.0,False,1.0,False
2018,RS,PV,60,1,1,1.0,False,1.0,False
2018,RS,PV,70,1,1,1.0,False,1.0,False
2018,RS,PV,80,1,1,1.0,False,1.0,False
2018,RS,PV,90,1,1,1.0,False,1.0,False
2018,RS,PV,95,1,1,1.0,False,1.0,False
2018,RS,REDE,50,6,1,0.16666666666666666,False,0.9890293589477296,False
2018,RS,REDE,60,6,1,0.16666666666666666,False,0.9890293589477296,False
2018,RS,REDE,70,6,1,0.16666666666666666,False,0.9890293589477296,False
2018,RS,REDE,80,6,1,0.16666666666666666,False,0.9890293589477296,False
2018,RS,REDE,90,6,1,0.16666666666666666,False,0.9890293589477296,False
2018,RS,REDE,95,6,1,0.16666666666666666,False,0.9890293589477296,False
2018,RS,SOLIDARIEDADE,50,2,1,0.5,False,0.6955841446453408,False
2018,RS,SOLIDARIEDADE,60,2,1,0.5,False,0.6955841446453408,False
2018,RS,SOLIDARIEDADE,70,2,2,1.0,False,1.0,False
2018,RS,SOLIDARIEDADE,80,2,2,1.0,False,1.0,False
2018,RS,SOLIDARIEDADE,90,2,2,1.0,False,1.0,False
2018,RS,SOLIDARIEDADE,95,2,2,1.0,False,1.0,False
2018,SC,AVANTE,50,9,1,0.1111111111111111,False,0.6363476878940797,False
2018,SC,AVANTE,60,9,1,0.1111111111111111,False,0.6363476878940797,False
2018,SC,AVANTE,70,9,2,0.2222222222222222,False,0.8783422597855587,False
2018,SC,AVANTE,80,9,2,0.2222222222222222,False,0.8783422597855587,False
2018,SC,AVANTE,90,9,3,0.3333333333333333,False,0.9462658534823483,False
2018,SC,AVANTE,95,9,4,0.4444444444444444,False,0.9999999999999999,False
2018,SC,DC,50,1,1,1.0,False,1.0,False
2018,SC,DC,60,1,1,1.0,False,1.0,False
2018,SC,DC,70,1,1,1.0,False,1.0,False
2018,SC,DC,80,1,1,1.0,False,1.0,False
2018,SC,DC,90,1,1,1.0,False,1.0,False
2018,SC,DC,95,1,1,1.0,False,1.0,False
2018,SC,DEM,50,2,1,0.5,False,0.6286145335680161,False
2018,SC,DEM,60,2,1,0.5,False,0.6286145335680161,False
2018,SC,DEM,70,2,2,1.0,False,1.0,False
2018,SC,DEM,80,2,2,1.0,False,1.0,False
2018,SC,DEM,90,2,2,1.0,False,1.0,False
2018,SC,DEM,95,2,2,1.0,False,1.0,False
2018,SC,MDB,50,15,3,0.2,False,0.5470612989199046,True
2018,SC,MDB,60,15,4,0.26666666666666666,False,0.7294150652265395,True
2018,SC,MDB,70,15,4,0.26666666666666666,False,0.7294150652265395,True
2018,SC,MDB,80,15,5,0.3333333333333333,False,0.9117688315331743,False
2018,SC,MDB,90,15,5,0.3333333333333333,False,0.9117688315331743,False
2018,SC,MDB,95,15,6,0.4,False,0.9656333286575958,False
2018,SC,NOVO,50,16,4,0.25,False,0.5245532682264222,False
2018,SC,NOVO,60,16,5,0.3125,False,0.6138287781915268,False
2018,SC,NOVO,70,16,7,0.4375,False,0.7461380828590835,False
2018,SC,NOVO,80,16,9,0.5625,False,0.8515023771048503,False
2018,SC,NOVO,90,16,11,0.6875,False,0.917784959835125,False
2018,SC,NOVO,95,16,13,0.8125,False,0.9517336471580131,True
2018,SC,PATRI,50,16,4,0.25,False,0.5439737144878465,False
2018,SC,PATRI,60,16,5,0.3125,False,0.6001633727725418,True
2018,SC,PATRI,70,16,8,0.5,False,0.7399233096114609,True
2018,SC,PATRI,80,16,10,0.625,False,0.8234935881656849,False
2018,SC,PATRI,90,16,13,0.8125,False,0.9256923741747033,True
2018,SC,PATRI,95,16,14,0.875,False,0.9582148607228881,False
2018,SC,PC DO B,50,1,1,1.0,False,1.0,False
2018,SC,PC DO B,60,1,1,1.0,False,1.0,False
2018,SC,PC DO B,70,1,1,1.0,False,1.0,False
2018,SC,PC DO B,80,1,1,1.0,False,1.0,False
2018,SC,PC DO B,90,1,1,1.0,False,1.0,False
2018,SC,PC DO B,95,1,1,1.0,False,1.0,False
2018,SC,PCB,50,3,1,0.3333333333333333,False,0.5,True
2018,SC,PCB,60,3,2,0.6666666666666666,False,1.0,False
2018,SC,PCB,70,3,2,0.6666666666666666,False,1.0,False
2018,SC,PCB,80,3,2,0.6666666666666666,False,1.0,False
2018,SC,PCB,90,3,2,0.6666666666666666,False,1.0,False
2018,SC,PCB,95,3,2,0.6666666666666666,False,1.0,False
2018,SC,PDT,50,1,1,1.0,False,1.0,False
2018,SC,PDT,60,1,1,1.0,False,1.0,False
2018,SC,PDT,70,1,1,1.0,False,1.0,False
2018,SC,PDT,80,1,1,1.0,False,1.0,False
2018,SC,PDT,90,1,1,1.0,False,1.0,False
2018,SC,PDT,95,1,1,1.0,False,1.0,False
2018,SC,PHS,50,2,0,0.0,True,,False
2018,SC,PHS,60,2,0,0.0,True,,False
2018,SC,PHS,70,2,0,0.0,True,,False
2018,SC,PHS,80,2,0,0.0,True,,False
2018,SC,PHS,90,2,0,0.0,True,,False
2018,SC,PHS,95,2,0,0.0,True,,False
2018,SC,PMN,50,5,2,0.4,False,0.94021103397662,False
2018,SC,PMN,60,5,2,0.4,False,0.94021103397662,False
2018,SC,PMN,70,5,2,0.4,False,0.94021103397662,False
2018,SC,PMN,80,5,2,0.4,False,0.94021103397662,False
2018,SC,PMN,90,5,2,0.4,False,0.94021103397662,False
2018,SC,PMN,95,5,3,0.6,False,0.9621127361775741,True
2018,SC,PODE,50,5,1,0.2,False,1.0,False
2018,SC,PODE,60,5,1,0.2,False,1.0,False
2018,SC,PODE,70,5,1,0.2,False,1.0,False
2018,SC,PODE,80,5,1,0.2,False,1.0,False
2018,SC,PODE,90,5,1,0.2,False,1.0,False
2018,SC,PODE,95,5,1,0.2,False,1.0,False
2018,SC,PP,50,9,2,0.2222222222222222,False,0.704387262900861,False
2018,SC,PP,60,9,2,0.2222222222222222,False,0.704387262900861,False
2018,SC,PP,70,9,2,0.2222222222222222,False,0.704387262900861,False
2018,SC,PP,80,9,3,0.3333333333333333,False,0.8396756987875488,False
2018,SC,PP,90,9,4,0.4444444444444444,False,0.9259795961392336,False
2018,SC,PP,95,9,5,0.5555555555555556,False,0.9556565177299047,False
2018,SC,PPL,50,2,1,0.5,False,1.0,False
2018,SC,PPL,60,2,1,0.5,False,1.0,False
2018,SC,PPL,70,2,1,0.5,False,1.0,False
2018,SC,PPL,80,2,1,0.5,False,1.0,False
2018,SC,PPL,90,2,1,0.5,False,1.0,False
2018,SC,PPL,95,2,1,0.5,False,1.0,False
2018,SC,PPS,50,2,1,0.5,False,0.9753720485113836,False
2018,SC,PPS,60,2,1,0.5,False,0.9753720485113836,False
2018,SC,PPS,70,2,1,0.5,False,0.9753720485113836,False
2018,SC,PPS,80,2,1,0.5,False,0.9753720485113836,False
2018,SC,PPS,90,2,1,0.5,False,0.9753720485113836,False
2018,SC,PPS,95,2,1,0.5,False,0.9753720485113836,False
2018,SC,PR,50,1,1,1.0,False,1.0,False
2018,SC,PR,60,1,1,1.0,False,1.0,False
2018,SC,PR,70,1,1,1.0,False,1.0,False
2018,SC,PR,80,1,1,1.0,False,1.0,False
2018,SC,PR,90,1,1,1.0,False,1.0,False
2018,SC,PR,95,1,1,1.0,False,1.0,False
2018,SC,PRB,50,5,2,0.4,False,0.9340967751934536,False
2018,SC,PRB,60,5,2,0.4,False,0.9340967751934536,False
2018,SC,PRB,70,5,2,0.4,False,0.9340967751934536,False
2018,SC,PRB,80,5,2,0.4,False,0.9340967751934536,False
2018,SC,PRB,90,5,2,0.4,False,0.9340967751934536,False
2018,SC,PRB,95,5,3,0.6,False,0.9635655469073832,False
2018,SC,PROS,50,2,1,0.5,False,1.0,False
2018,SC,PROS,60,2,1,0.5,False,1.0,False
2018,SC,PROS,70,2,1,0.5,False,1.0,False
2018,SC,PROS,80,2,1,0.5,False,1.0,False
2018,SC,PROS,90,2,1,0.5,False,1.0,False
2018,SC,PROS,95,2,1,0.5,False,1.0,False
2018,SC,PRP,50,9,1,0.1111111111111111,False,0.5346822200471736,False
2018,SC,PRP,60,9,2,0.2222222222222222,False,0.7432729489915441,False
2018,SC,PRP,70,9,2,0.2222222222222222,False,0.7432729489915441,False
2018,SC,PRP,80,9,3,0.3333333333333333,False,0.8235001524316865,False
2018,SC,PRP,90,9,5,0.5555555555555556,False,0.9117500762158433,False
2018,SC,PRP,95,9,7,0.7777777777777778,False,0.9598863982799287,True
2018,SC,PRTB,50,5,1,0.2,False,0.6666670555554907,False
2018,SC,PRTB,60,5,1,0.2,False,0.6666670555554907,False
2018,SC,PRTB,70,5,2,0.4,False,0.750000291666618,True
2018,SC,PRTB,80,5,3,0.6,False,0.8333335277777453,True
2018,SC,PRTB,90,5,4,0.8,False,0.9166667638888726,True
2018,SC,PRTB,95,5,5,1.0,False,1.0,False
2018,SC,PSB,50,13,2,0.15384615384615385,False,0.6088261611224,False
2018,SC,PSB,60,13,2,0.15384615384615385,False,0.6088261611224,False
2018,SC,PSB,70,13,3,0.23076923076923078,False,0.7741183315628706,False
2018,SC,PSB,80,13,4,0.3076923076923077,False,0.8417042339038484,False
2018,SC,PSB,90,13,6,0.46153846153846156,False,0.9120450057521675,True
2018,SC,PSB,95,13,8,0.6153846153846154,False,0.9671423958989911,False
2018,SC,PSC,50,1,1,1.0,False,1.0,False
2018,SC,PSC,60,1,1,1.0,False,1.0,False
2018,SC,PSC,70,1,1,1.0,False,1.0,False
2018,SC,PSC,80,1,1,1.0,False,1.0,False
2018,SC,PSC,90,1,1,1.0,False,1.0,False
2018,SC,PSC,95,1,1,1.0,False,1.0,False
2018,SC,PSD,50,9,1,0.1111111111111111,False,0.5420121348773969,False
2018,SC,PSD,60,9,2,0.2222222222222222,False,0.6970508345438271,False
2018,SC,PSD,70,9,3,0.3333333333333333,False,0.8519114445087976,False
2018,SC,PSD,80,9,3,0.3333333333333333,False,0.8519114445087976,False
2018,SC,PSD,90,9,4,0.4444444444444444,False,0.9365876774315439,False
2018,SC,PSD,95,9,5,0.5555555555555556,False,0.96105178229076,False
2018,SC,PSDB,50,17,2,0.11764705882352941,False,0.6419461355925092,False
2018,SC,PSDB,60,17,2,0.11764705882352941,False,0.6419461355925092,False
2018,SC,PSDB,70,17,3,0.17647058823529413,False,0.7078754115721434,False
2018,SC,PSDB,80,17,5,0.29411764705882354,False,0.8164215213832103,False
2018,SC,PSDB,90,17,9,0.5294117647058824,False,0.9155156649931752,False
2018,SC,PSDB,95,17,12,0.7058823529411765,False,0.9612819972461929,False
2018,SC,PSL,50,19,5,0.2631578947368421,False,0.5076369723483529,True
2018,SC,PSL,60,19,6,0.3157894736842105,False,0.6091639981048141,False
2018,SC,PSL,70,19,8,0.42105263157894735,False,0.7068729985786106,True
2018,SC,PSL,80,19,10,0.5263157894736842,False,0.804581999052407,True
2018,SC,PSL,90,19,12,0.631578947368421,False,0.9022909995262035,True
2018,SC,PSL,95,19,13,0.6842105263157895,False,0.9511454997631018,True
2018,SC,PSOL,50,16,3,0.1875,False,0.5423818096000658,False
2018,SC,PSOL,60,16,5,0.3125,False,0.6575874477965087,True
2018,SC,PSOL,70,16,6,0.375,False,0.7151902668947301,True
2018,SC,PSOL,80,16,8,0.5,False,0.8120800732527675,False
2018,SC,PSOL,90,16,11,0.6875,False,0.9249213791753591,True
2018,SC,PSOL,95,16,12,0.75,False,0.962535147816223,False
2018,SC,PSTU,50,2,0,0.0,True,,False
2018,SC,PSTU,60,2,0,0.0,True,,False
2018,SC,PSTU,70,2,0,0.0,True,,False
2018,SC,PSTU,80,2,0,0.0,True,,False
2018,SC,PSTU,90,2,0,0.0,True,,False
2018,SC,PSTU,95,2,0,0.0,True,,False
2018,SC,PT,50,11,2,0.18181818181818182,False,0.504116955133591,False
2018,SC,PT,60,11,3,0.2727272727272727,False,0.6506469500924215,False
2018,SC,PT,70,11,4,0.36363636363636365,False,0.7968408670811629,True
2018,SC,PT,80,11,5,0.45454545454545453,False,0.9430347840699043,False
2018,SC,PT,90,11,5,0.45454545454545453,False,0.9430347840699043,False
2018,SC,PT,95,11,6,0.5454545454545454,False,0.9704251386321626,False
2018,SC,PTB,50,1,1,1.0,False,1.0,False
2018,SC,PTB,60,1,1,1.0,False,1.0,False
2018,SC,PTB,70,1,1,1.0,False,1.0,False
2018,SC,PTB,80,1,1,1.0,False,1.0,False
2018,SC,PTB,90,1,1,1.0,False,1.0,False
2018,SC,PTB,95,1,1,1.0,False,1.0,False
2018,SC,PTC,50,21,1,0.047619047619047616,False,1.0,False
2018,SC,PTC,60,21,1,0.047619047619047616,False,1.0,False
2018,SC,PTC,70,21,1,0.047619047619047616,False,1.0,False
2018,SC,PTC,80,21,1,0.047619047619047616,False,1.0,False
2018,SC,PTC,90,21,1,0.047619047619047616,False,1.0,False
2018,SC,PTC,95,21,1,0.047619047619047616,False,1.0,False
2018,SC,PV,50,4,1,0.25,False,0.8207232174417148,False
2018,SC,PV,60,4,1,0.25,False,0.8207232174417148,False
2018,SC,PV,70,4,1,0.25,False,0.8207232174417148,False
2018,SC,PV,80,4,1,0.25,False,0.8207232174417148,False
2018,SC,PV,90,4,2,0.5,False,0.9132435213828161,False
2018,SC,PV,95,4,3,0.75,False,0.99817600464433,False
2018,SC,REDE,50,6,1,0.16666666666666666,False,0.5,True
2018,SC,REDE,60,6,2,0.3333333333333333,False,1.0,False
2018,SC,REDE,70,6,2,0.3333333333333333,False,1.0,False
2018,SC,REDE,80,6,2,0.3333333333333333,False,1.0,False
2018,SC,REDE,90,6,2,0.3333333333333333,False,1.0,False
2018,SC,REDE,95,6,2,0.3333333333333333,False,1.0,False
2018,SC,SOLIDARIEDADE,50,1,1,1.0,False,1.0,False
2018,SC,SOLIDARIEDADE,60,1,1,1.0,False,1.0,False
2018,SC,SOLIDARIEDADE,70,1,1,1.0,False,1.0,False
2018,SC,SOLIDARIEDADE,80,1,1,1.0,False,1.0,False
2018,SC,SOLIDARIEDADE,90,1,1,1.0,False,1.0,False
2018,SC,SOLIDARIEDADE,95,1,1,1.0,False,1.0,False
2018,SE,AVANTE,50,6,2,0.3333333333333333,False,0.61198738170347,False
2018,SE,AVANTE,60,6,2,0.3333333333333333,False,0.61198738170347,False
2018,SE,AVANTE,70,6,3,0.5,False,0.7413249211356467,True
2018,SE,AVANTE,80,6,4,0.6666666666666666,False,0.8706624605678233,True
2018,SE,AVANTE,90,6,5,0.8333333333333334,False,1.0,False
2018,SE,AVANTE,95,6,5,0.8333333333333334,False,1.0,False
2018,SE,DC,50,3,1,0.3333333333333333,False,1.0,False
2018,SE,DC,60,3,1,0.3333333333333333,False,1.0,False
2018,SE,DC,70,3,1,0.3333333333333333,False,1.0,False
2018,SE,DC,80,3,1,0.3333333333333333,False,1.0,False
2018,SE,DC,90,3,1,0.3333333333333333,False,1.0,False
2018,SE,DC,95,3,1,0.3333333333333333,False,1.0,False
2018,SE,DEM,50,5,0,0.0,True,,False
2018,SE,DEM,60,5,0,0.0,True,,False
2018,SE,DEM,70,5,0,0.0,True,,False
2018,SE,DEM,80,5,0,0.0,True,,False
2018,SE,DEM,90,5,0,0.0,True,,False
2018,SE,DEM,95,5,0,0.0,True,,False
2018,SE,MDB,50,3,1,0.3333333333333333,False,0.8771929824561403,False
2018,SE,MDB,60,3,1,0.3333333333333333,False,0.8771929824561403,False
2018,SE,MDB,70,3,1,0.3333333333333333,False,0.8771929824561403,False
2018,SE,MDB,80,3,1,0.3333333333333333,False,0.8771929824561403,False
2018,SE,MDB,90,3,2,0.6666666666666666,False,0.9649122807017544,False
2018,SE,MDB,95,3,2,0.6666666666666666,False,0.9649122807017544,False
2018,SE,NOVO,50,2,1,0.5,False,0.5,True
2018,SE,NOVO,60,2,2,1.0,False,1.0,False
2018,SE,NOVO,70,2,2,1.0,False,1.0,False
2018,SE,NOVO,80,2,2,1.0,False,1.0,False
2018,SE,NOVO,90,2,2,1.0,False,1.0,False
2018,SE,NOVO,95,2,2,1.0,False,1.0,False
2018,SE,PATRI,50,2,1,0.5,False,1.0,False
2018,SE,PATRI,60,2,1,0.5,False,1.0,False
2018,SE,PATRI,70,2,1,0.5,False,1.0,False
2018,SE,PATRI,80,2,1,0.5,False,1.0,False
2018,SE,PATRI,90,2,1,0.5,False,1.0,False
2018,SE,PATRI,95,2,1,0.5,False,1.0,False
2018,SE,PC DO B,50,2,1,0.5,False,0.9729241877256317,False
2018,SE,PC DO B,60,2,1,0.5,False,0.9729241877256317,False
2018,SE,PC DO B,70,2,1,0.5,False,0.9729241877256317,False
2018,SE,PC DO B,80,2,1,0.5,False,0.9729241877256317,False
2018,SE,PC DO B,90,2,1,0.5,False,0.9729241877256317,False
2018,SE,PC DO B,95,2,1,0.5,False,0.9729241877256317,False
2018,SE,PCB,50,1,0,0.0,True,,False
2018,SE,PCB,60,1,0,0.0,True,,False
2018,SE,PCB,70,1,0,0.0,True,,False
2018,SE,PCB,80,1,0,0.0,True,,False
2018,SE,PCB,90,1,0,0.0,True,,False
2018,SE,PCB,95,1,0,0.0,True,,False
2018,SE,PDT,50,3,1,0.3333333333333333,False,0.6015520470966016,False
2018,SE,PDT,60,3,1,0.3333333333333333,False,0.6015520470966016,False
2018,SE,PDT,70,3,2,0.6666666666666666,False,0.8021139951833021,False
2018,SE,PDT,80,3,2,0.6666666666666666,False,0.8021139951833021,False
2018,SE,PDT,90,3,3,1.0,False,1.0,False
2018,SE,PDT,95,3,3,1.0,False,1.0,False
2018,SE,PHS,50,3,1,0.3333333333333333,False,0.5311420126056052,False
2018,SE,PHS,60,3,2,0.6666666666666666,False,0.7681511706642418,False
2018,SE,PHS,70,3,2,0.6666666666666666,False,0.7681511706642418,False
2018,SE,PHS,80,3,3,1.0,False,1.0,False
2018,SE,PHS,90,3,3,1.0,False,1.0,False
2018,SE,PHS,95,3,3,1.0,False,1.0,False
2018,SE,PMN,50,4,1,0.25,False,1.0,False
2018,SE,PMN,60,4,1,0.25,False,1.0,False
2018,SE,PMN,70,4,1,0.25,False,1.0,False
2018,SE,PMN,80,4,1,0.25,False,1.0,False
2018,SE,PMN,90,4,1,0.25,False,1.0,False
2018,SE,PMN,95,4,1,0.25,False,1.0,False
2018,SE,PODE,50,4,0,0.0,True,,False
2018,SE,PODE,60,4,0,0.0,True,,False
2018,SE,PODE,70,4,0,0.0,True,,False
2018,SE,PODE,80,4,0,0.0,True,,False
2018,SE,PODE,90,4,0,0.0,True,,False
2018,SE,PODE,95,4,0,0.0,True,,False
2018,SE,PP,50,1,1,1.0,False,1.0,False
2018,SE,PP,60,1,1,1.0,False,1.0,False
2018,SE,PP,70,1,1,1.0,False,1.0,False
2018,SE,PP,80,1,1,1.0,False,1.0,False
2018,SE,PP,90,1,1,1.0,False,1.0,False
2018,SE,PP,95,1,1,1.0,False,1.0,False
2018,SE,PPL,50,3,1,0.3333333333333333,False,0.5073241055497271,False
2018,SE,PPL,60,3,2,0.6666666666666666,False,0.8837540070132325,False
2018,SE,PPL,70,3,2,0.6666666666666666,False,0.8837540070132325,False
2018,SE,PPL,80,3,2,0.6666666666666666,False,0.8837540070132325,False
2018,SE,PPL,90,3,3,1.0,False,1.0,False
2018,SE,PPL,95,3,3,1.0,False,1.0,False
2018,SE,PPS,50,2,1,0.5,False,1.0,False
2018,SE,PPS,60,2,1,0.5,False,1.0,False
2018,SE,PPS,70,2,1,0.5,False,1.0,False
2018,SE,PPS,80,2,1,0.5,False,1.0,False
2018,SE,PPS,90,2,1,0.5,False,1.0,False
2018,SE,PPS,95,2,1,0.5,False,1.0,False
2018,SE,PR,50,4,1,0.25,False,0.6,False
2018,SE,PR,60,4,1,0.25,False,0.6,False
2018,SE,PR,70,4,2,0.5,False,1.0,False
2018,SE,PR,80,4,2,0.5,False,1.0,False
2018,SE,PR,90,4,2,0.5,False,1.0,False
2018,SE,PR,95,4,2,0.5,False,1.0,False
2018,SE,PRB,50,2,1,0.5,False,0.9762760603882099,False
2018,SE,PRB,60,2,1,0.5,False,0.9762760603882099,False
2018,SE,PRB,70,2,1,0.5,False,0.9762760603882099,False
2018,SE,PRB,80,2,1,0.5,False,0.9762760603882099,False
2018,SE,PRB,90,2,1,0.5,False,0.9762760603882099,False
2018,SE,PRB,95,2,1,0.5,False,0.9762760603882099,False
2018,SE,PROS,50,1,1,1.0,False,1.0,False
2018,SE,PROS,60,1,1,1.0,False,1.0,False
2018,SE,PROS,70,1,1,1.0,False,1.0,False
2018,SE,PROS,80,1,1,1.0,False,1.0,False
2018,SE,PROS,90,1,1,1.0,False,1.0,False
2018,SE,PROS,95,1,1,1.0,False,1.0,False
2018,SE,PRTB,50,3,1,0.3333333333333333,False,0.5783132530120482,False
2018,SE,PRTB,60,3,2,0.6666666666666666,False,0.9397590361445783,False
2018,SE,PRTB,70,3,2,0.6666666666666666,False,0.9397590361445783,False
2018,SE,PRTB,80,3,2,0.6666666666666666,False,0.9397590361445783,False
2018,SE,PRTB,90,3,2,0.6666666666666666,False,0.9397590361445783,False
2018,SE,PRTB,95,3,3,1.0,False,1.0,False
2018,SE,PSB,50,6,1,0.16666666666666666,False,0.747565626512782,False
2018,SE,PSB,60,6,1,0.16666666666666666,False,0.747565626512782,False
2018,SE,PSB,70,6,1,0.16666666666666666,False,0.747565626512782,False
2018,SE,PSB,80,6,2,0.3333333333333333,False,0.9442840475499145,False
2018,SE,PSB,90,6,2,0.3333333333333333,False,0.9442840475499145,False
2018,SE,PSB,95,6,3,0.5,False,0.9694577253895369,False
2018,SE,PSC,50,1,1,1.0,False,1.0,False
2018,SE,PSC,60,1,1,1.0,False,1.0,False
2018,SE,PSC,70,1,1,1.0,False,1.0,False
2018,SE,PSC,80,1,1,1.0,False,1.0,False
2018,SE,PSC,90,1,1,1.0,False,1.0,False
2018,SE,PSC,95,1,1,1.0,False,1.0,False
2018,SE,PSD,50,1,1,1.0,False,1.0,False
2018,SE,PSD,60,1,1,1.0,False,1.0,False
2018,SE,PSD,70,1,1,1.0,False,1.0,False
2018,SE,PSD,80,1,1,1.0,False,1.0,False
2018,SE,PSD,90,1,1,1.0,False,1.0,False
2018,SE,PSD,95,1,1,1.0,False,1.0,False
2018,SE,PSDB,50,3,1,0.3333333333333333,False,0.6673256870877833,False
2018,SE,PSDB,60,3,1,0.3333333333333333,False,0.6673256870877833,False
2018,SE,PSDB,70,3,2,0.6666666666666666,False,0.8891085623625944,False
2018,SE,PSDB,80,3,2,0.6666666666666666,False,0.8891085623625944,False
2018,SE,PSDB,90,3,3,1.0,False,1.0,False
2018,SE,PSDB,95,3,3,1.0,False,1.0,False
2018,SE,PSL,50,8,0,0.0,True,,False
2018,SE,PSL,60,8,0,0.0,True,,False
2018,SE,PSL,70,8,0,0.0,True,,False
2018,SE,PSL,80,8,0,0.0,True,,False
2018,SE,PSL,90,8,0,0.0,True,,False
2018,SE,PSL,95,8,0,0.0,True,,False
2018,SE,PSOL,50,9,3,0.3333333333333333,False,0.5375511659345497,False
2018,SE,PSOL,60,9,4,0.4444444444444444,False,0.6717190312324294,False
2018,SE,PSOL,70,9,5,0.5555555555555556,False,0.7861333247571592,False
2018,SE,PSOL,80,9,6,0.6666666666666666,False,0.8943866353636315,False
2018,SE,PSOL,90,9,7,0.7777777777777778,False,0.9471933176818158,True
2018,SE,PSOL,95,9,8,0.8888888888888888,False,1.0,False
2018,SE,PSTU,50,2,0,0.0,True,,False
2018,SE,PSTU,60,2,0,0.0,True,,False
2018,SE,PSTU,70,2,0,0.0,True,,False
2018,SE,PSTU,80,2,0,0.0,True,,False
2018,SE,PSTU,90,2,0,0.0,True,,False
2018,SE,PSTU,95,2,0,0.0,True,,False
2018,SE,PT,50,3,2,0.6666666666666666,False,0.9644908616187989,False
2018,SE,PT,60,3,2,0.6666666666666666,False,0.9644908616187989,False
2018,SE,PT,70,3,2,0.6666666666666666,False,0.9644908616187989,False
2018,SE,PT,80,3,2,0.6666666666666666,False,0.9644908616187989,False
2018,SE,PT,90,3,2,0.6666666666666666,False,0.9644908616187989,False
2018,SE,PT,95,3,2,0.6666666666666666,False,0.9644908616187989,False
2018,SE,PTB,50,2,1,0.5,False,0.6095995850275254,False
2018,SE,PTB,60,2,1,0.5,False,0.6095995850275254,False
2018,SE,PTB,70,2,2,1.0,False,1.0,False
2018,SE,PTB,80,2,2,1.0,False,1.0,False
2018,SE,PTB,90,2,2,1.0,False,1.0,False
2018,SE,PTB,95,2,2,1.0,False,1.0,False
2018,SE,PV,50,7,3,0.42857142857142855,False,0.576161975817053,False
2018,SE,PV,60,7,4,0.5714285714285714,False,0.7144408500131457,False
2018,SE,PV,70,7,4,0.5714285714285714,False,0.7144408500131457,False
2018,SE,PV,80,7,5,0.7142857142857143,False,0.852532586799493,False
2018,SE,PV,90,7,6,0.8571428571428571,False,0.9539070419346357,False
2018,SE,PV,95,7,6,0.8571428571428571,False,0.9539070419346357,False
2018,SE,REDE,50,12,4,0.3333333333333333,False,0.5093666369313113,False
2018,SE,REDE,60,12,6,0.5,False,0.6458519179304193,True
2018,SE,REDE,70,12,7,0.5833333333333334,False,0.7096342551293487,True
2018,SE,REDE,80,12,9,0.75,False,0.8371989295272079,True
2018,SE,REDE,90,12,10,0.8333333333333334,False,0.9009812667261374,False
2018,SE,REDE,95,12,11,0.9166666666666666,False,0.9643175735950045,False
2018,SE,SOLIDARIEDADE,50,2,1,0.5,False,0.9815950920245399,False
2018,SE,SOLIDARIEDADE,60,2,1,0.5,False,0.9815950920245399,False
2018,SE,SOLIDARIEDADE,70,2,1,0.5,False,0.9815950920245399,False
2018,SE,SOLIDARIEDADE,80,2,1,0.5,False,0.9815950920245399,False
2018,SE,SOLIDARIEDADE,90,2,1,0.5,False,0.9815950920245399,False
2018,SE,SOLIDARIEDADE,95,2,1,0.5,False,0.9815950920245399,False
2018,SP,AVANTE,50,96,9,0.09375,False,0.5086453021977045,True
2018,SP,AVANTE,60,96,17,0.17708333333333334,False,0.6060850132675215,True
2018,SP,AVANTE,70,96,29,0.3020833333333333,False,0.7047176026538526,True
2018,SP,AVANTE,80,96,43,0.4479166666666667,False,0.8008981392165911,True
2018,SP,AVANTE,90,96,63,0.65625,False,0.9018133735615181,True
2018,SP,AVANTE,95,96,76,0.7916666666666666,False,0.9505468083460531,True
2018,SP,DC,50,26,8,0.3076923076923077,False,0.5361116423334401,False
2018,SP,DC,60,26,10,0.38461538461538464,False,0.6428727319442399,False
2018,SP,DC,70,26,12,0.46153846153846156,False,0.7463479478678683,False
2018,SP,DC,80,26,14,0.5384615384615384,False,0.8049024359504021,False
2018,SP,DC,90,26,18,0.6923076923076923,False,0.9035930012958582,False
2018,SP,DC,95,26,21,0.8076923076923077,False,0.9652201036589134,False
2018,SP,DEM,50,14,3,0.21428571428571427,False,0.5345119502303421,False
2018,SP,DEM,60,14,4,0.2857142857142857,False,0.6653148009607434,False
2018,SP,DEM,70,14,5,0.35714285714285715,False,0.7952514076465724,False
2018,SP,DEM,80,14,6,0.42857142857142855,False,0.8838445485687286,False
2018,SP,DEM,90,14,7,0.5,False,0.9527503248415167,False
2018,SP,DEM,95,14,7,0.5,False,0.9527503248415167,False
2018,SP,MDB,50,63,4,0.06349206349206349,False,0.640418182476009,False
2018,SP,MDB,60,63,4,0.06349206349206349,False,0.640418182476009,False
2018,SP,MDB,70,63,6,0.09523809523809523,False,0.7136421872886828,False
2018,SP,MDB,80,63,10,0.15873015873015872,False,0.8002133748220847,False
2018,SP,MDB,90,63,24,0.38095238095238093,False,0.904551556742703,True
2018,SP,MDB,95,63,35,0.5555555555555556,False,0.9529728620896866,True
2018,SP,NOVO,50,45,5,0.1111111111111111,False,0.5700853659664888,True
2018,SP,NOVO,60,45,6,0.13333333333333333,False,0.6664613216304651,True
2018,SP,NOVO,70,45,7,0.15555555555555556,False,0.7628372772944416,True
2018,SP,NOVO,80,45,8,0.17777777777777778,False,0.8592132329584179,False
2018,SP,NOVO,90,45,10,0.2222222222222222,False,0.9222662381920178,False
2018,SP,NOVO,95,45,13,0.28888888888888886,False,0.9555807075382959,True
2018,SP,PATRI,50,91,2,0.02197802197802198,False,0.504969964216545,False
2018,SP,PATRI,60,91,4,0.04395604395604396,False,0.6418197706837552,False
2018,SP,PATRI,70,91,6,0.06593406593406594,False,0.7184345440830612,False
2018,SP,PATRI,80,91,10,0.10989010989010989,False,0.8224788669525038,False
2018,SP,PATRI,90,91,17,0.18681318681318682,False,0.9005543233863768,False
2018,SP,PATRI,95,91,26,0.2857142857142857,False,0.9507758412951456,False
2018,SP,PC DO B,50,2,1,0.5,False,0.9994213065887076,False
2018,SP,PC DO B,60,2,1,0.5,False,0.9994213065887076,False
2018,SP,PC DO B,70,2,1,0.5,False,0.9994213065887076,False
2018,SP,PC DO B,80,2,1,0.5,False,0.9994213065887076,False
2018,SP,PC DO B,90,2,1,0.5,False,0.9994213065887076,False
2018,SP,PC DO B,95,2,1,0.5,False,0.9994213065887076,False
2018,SP,PCB,50,2,1,0.5,False,0.6853591682098887,False
2018,SP,PCB,60,2,1,0.5,False,0.6853591682098887,False
2018,SP,PCB,70,2,2,1.0,False,1.0,False
2018,SP,PCB,80,2,2,1.0,False,1.0,False
2018,SP,PCB,90,2,2,1.0,False,1.0,False
2018,SP,PCB,95,2,2,1.0,False,1.0,False
2018,SP,PDT,50,25,2,0.08,False,0.5542359461599367,False
2018,SP,PDT,60,25,3,0.12,False,0.7125890736342043,False
2018,SP,PDT,70,25,3,0.12,False,0.7125890736342043,False
2018,SP,PDT,80,25,5,0.2,False,0.8281868566904196,False
2018,SP,PDT,90,25,8,0.32,False,0.9010292953285828,True
2018,SP,PDT,95,25,11,0.44,False,0.9619952494061758,False
2018,SP,PHS,50,11,2,0.18181818181818182,False,0.7700688508778231,False
2018,SP,PHS,60,11,2,0.18181818181818182,False,0.7700688508778231,False
2018,SP,PHS,70,11,2,0.18181818181818182,False,0.7700688508778231,False
2018,SP,PHS,80,11,3,0.2727272727272727,False,0.8932288086027684,False
2018,SP,PHS,90,11,4,0.36363636363636365,False,0.9753737545789425,False
2018,SP,PHS,95,11,4,0.36363636363636365,False,0.9753737545789425,False
2018,SP,PMB,50,10,0,0.0,True,,False
2018,SP,PMB,60,10,0,0.0,True,,False
2018,SP,PMB,70,10,0,0.0,True,,False
2018,SP,PMB,80,10,0,0.0,True,,False
2018,SP,PMB,90,10,0,0.0,True,,False
2018,SP,PMB,95,10,0,0.0,True,,False
2018,SP,PMN,50,44,2,0.045454545454545456,False,0.5414012738853503,False
2018,SP,PMN,60,44,3,0.06818181818181818,False,0.6475583864118896,True
2018,SP,PMN,70,44,4,0.09090909090909091,False,0.7537154989384287,True
2018,SP,PMN,80,44,5,0.11363636363636363,False,0.8598726114649682,False
2018,SP,PMN,90,44,6,0.13636363636363635,False,0.9447983014861996,False
2018,SP,PMN,95,44,7,0.1590909090909091,False,0.9872611464968153,False
2018,SP,PODE,50,73,2,0.0273972602739726,False,0.5227365330970146,False
2018,SP,PODE,60,73,3,0.0410958904109589,False,0.6771988906157635,False
2018,SP,PODE,70,73,4,0.0547945205479452,False,0.7874166788554419,False
2018,SP,PODE,80,73,5,0.0684931506849315,False,0.897319559128721,False
2018,SP,PODE,90,73,6,0.0821917808219178,False,0.9342860573644475,False
2018,SP,PODE,95,73,7,0.0958904109589041,False,0.9516059955163969,False
2018,SP,PP,50,6,3,0.5,False,0.6938087597589758,False
2018,SP,PP,60,6,3,0.5,False,0.6938087597589758,False
2018,SP,PP,70,6,4,0.6666666666666666,False,0.876519458928026,False
2018,SP,PP,80,6,4,0.6666666666666666,False,0.876519458928026,False
2018,SP,PP,90,6,5,0.8333333333333334,False,0.9691298647320065,False
2018,SP,PP,95,6,5,0.8333333333333334,False,0.9691298647320065,False
2018,SP,PPL,50,51,10,0.19607843137254902,False,0.5265054981719531,False
2018,SP,PPL,60,51,13,0.2549019607843137,False,0.6116228791489006,False
2018,SP,PPL,70,51,17,0.3333333333333333,False,0.7046473392329963,False
2018,SP,PPL,80,51,22,0.43137254901960786,False,0.8044935930565923,False
2018,SP,PPL,90,51,30,0.5882352941176471,False,0.9049600099474155,False
2018,SP,PPL,95,51,36,0.7058823529411765,False,0.9505419953886225,True
2018,SP,PPS,50,11,3,0.2727272727272727,False,0.73356919444534,False
2018,SP,PPS,60,11,3,0.2727272727272727,False,0.73356919444534,False
2018,SP,PPS,70,11,3,0.2727272727272727,False,0.73356919444534,False
2018,SP,PPS,80,11,4,0.36363636363636365,False,0.957689963980298,False
2018,SP,PPS,90,11,4,0.36363636363636365,False,0.957689963980298,False
2018,SP,PPS,95,11,4,0.36363636363636365,False,0.957689963980298,False
2018,SP,PR,50,44,6,0.13636363636363635,False,0.5594592616484474,False
2018,SP,PR,60,44,7,0.1590909090909091,False,0.6203400940217527,False
2018,SP,PR,70,44,9,0.20454545454545456,False,0.7245162959299487,False
2018,SP,PR,80,44,11,0.25,False,0.816330417634804,False
2018,SP,PR,90,44,17,0.38636363636363635,False,0.9016557345371576,False
2018,SP,PR,95,44,25,0.5681818181818182,False,0.9501454134785107,False
2018,SP,PRB,50,97,7,0.07216494845360824,False,0.5553771028652358,False
2018,SP,PRB,60,97,8,0.08247422680412371,False,0.611249235606435,False
2018,SP,PRB,70,97,11,0.1134020618556701,False,0.7133876023067083,False
2018,SP,PRB,80,97,17,0.17525773195876287,False,0.8090574639476934,False
2018,SP,PRB,90,97,27,0.27835051546391754,False,0.9071167011732677,False
2018,SP,PRB,95,97,36,0.3711340206185567,False,0.9526978543740805,False
2018,SP,PROS,50,97,4,0.041237113402061855,False,0.5852049270697237,False
2018,SP,PROS,60,97,5,0.05154639175257732,False,0.690130505992241,False
2018,SP,PROS,70,97,6,0.061855670103092786,False,0.755329772594698,False
2018,SP,PROS,80,97,7,0.07216494845360824,False,0.8156324412155828,False
2018,SP,PROS,90,97,9,0.09278350515463918,False,0.9069114144590226,False
2018,SP,PROS,95,97,11,0.1134020618556701,False,0.970247844872838,True
2018,SP,PRP,50,78,3,0.038461538461538464,False,0.5192543481685791,False
2018,SP,PRP,60,78,4,0.05128205128205128,False,0.6183134587016406,False
2018,SP,PRP,70,78,6,0.07692307692307693,False,0.7476860029792027,False
2018,SP,PRP,80,78,7,0.08974358974358974,False,0.8063740935196605,False
2018,SP,PRP,90,78,12,0.15384615384615385,False,0.9096484673349351,True
2018,SP,PRP,95,78,16,0.20512820512820512,False,0.9505775652001311,False
2018,SP,PRTB,50,39,4,0.10256410256410256,False,0.5220617528310939,False
2018,SP,PRTB,60,39,7,0.1794871794871795,False,0.6094524563337461,False
2018,SP,PRTB,70,39,12,0.3076923076923077,False,0.7180507423388736,False
2018,SP,PRTB,80,39,17,0.4358974358974359,False,0.8099987059585537,False
2018,SP,PRTB,90,39,24,0.6153846153846154,False,0.9059172268432814,False
2018,SP,PRTB,95,39,29,0.7435897435897436,False,0.9500055964874217,False
2018,SP,PSB,50,48,4,0.08333333333333333,False,0.6165962864701922,False
2018,SP,PSB,60,48,4,0.08333333333333333,False,0.6165962864701922,False
2018,SP,PSB,70,48,6,0.125,False,0.7149370020156773,False
2018,SP,PSB,80,48,9,0.1875,False,0.8181926021352842,False
2018,SP,PSB,90,48,13,0.2708333333333333,False,0.9128455408478138,False
2018,SP,PSB,95,48,17,0.3541666666666667,False,0.9606637137818059,False
2018,SP,PSC,50,3,1,0.3333333333333333,False,0.7986577181208053,False
2018,SP,PSC,60,3,1,0.3333333333333333,False,0.7986577181208053,False
2018,SP,PSC,70,3,1,0.3333333333333333,False,0.7986577181208053,False
2018,SP,PSC,80,3,2,0.6666666666666666,False,1.0,False
2018,SP,PSC,90,3,2,0.6666666666666666,False,1.0,False
2018,SP,PSC,95,3,2,0.6666666666666666,False,1.0,False
2018,SP,PSD,50,22,4,0.18181818181818182,False,0.5008219178082192,True
2018,SP,PSD,60,22,5,0.22727272727272727,False,0.6158904109589041,True
2018,SP,PSD,70,22,6,0.2727272727272727,False,0.7309589041095891,False
2018,SP,PSD,80,22,8,0.36363636363636365,False,0.846027397260274,True
2018,SP,PSD,90,22,9,0.4090909090909091,False,0.9008219178082192,False
2018,SP,PSD,95,22,13,0.5909090909090909,False,0.955068493150685,True
2018,SP,PSDB,50,57,7,0.12280701754385964,False,0.5128515395948731,False
2018,SP,PSDB,60,57,9,0.15789473684210525,False,0.6021504675925279,True
2018,SP,PSDB,70,57,12,0.21052631578947367,False,0.7163607172281492,False
2018,SP,PSDB,80,57,15,0.2631578947368421,False,0.8087389186050334,False
2018,SP,PSDB,90,57,20,0.3508771929824561,False,0.9118637840754286,False
2018,SP,PSDB,95,57,25,0.43859649122807015,False,0.9539802593474155,False
2018,SP,PSL,50,58,8,0.13793103448275862,False,0.5017402973608699,False
2018,SP,PSL,60,58,13,0.22413793103448276,False,0.6205349292477051,False
2018,SP,PSL,70,58,18,0.3103448275862069,False,0.7038123085099122,True
2018,SP,PSL,80,58,24,0.41379310344827586,False,0.8012044873716017,True
2018,SP,PSL,90,58,31,0.5344827586206896,False,0.9000080845679789,True
2018,SP,PSL,95,58,35,0.603448275862069,False,0.9523457688778909,False
2018,SP,PSOL,50,82,2,0.024390243902439025,False,0.5615113630001393,False
2018,SP,PSOL,60,82,3,0.036585365853658534,False,0.664111368765749,False
2018,SP,PSOL,70,82,5,0.06097560975609756,False,0.7122973458277,True
2018,SP,PSOL,80,82,10,0.12195121951219512,False,0.8064789087961703,True
2018,SP,PSOL,90,82,26,0.3170731707317073,False,0.9011907289180163,True
2018,SP,PSOL,95,82,42,0.5121951219512195,False,0.9509291891678227,False
2018,SP,PSTU,50,7,2,0.2857142857142857,False,0.8220830516314984,False
2018,SP,PSTU,60,7,2,0.2857142857142857,False,0.8220830516314984,False
2018,SP,PSTU,70,7,2,0.2857142857142857,False,0.8220830516314984,False
2018,SP,PSTU,80,7,2,0.2857142857142857,False,0.8220830516314984,False
2018,SP,PSTU,90,7,3,0.42857142857142855,False,1.0,False
2018,SP,PSTU,95,7,3,0.42857142857142855,False,1.0,False
2018,SP,PT,50,72,9,0.125,False,0.5067965490149907,False
2018,SP,PT,60,72,12,0.16666666666666666,False,0.617234767664914,False
2018,SP,PT,70,72,15,0.20833333333333334,False,0.709374142142907,False
2018,SP,PT,80,72,18,0.25,False,0.8013708683080653,False
2018,SP,PT,90,72,23,0.3194444444444444,False,0.9051218686257199,False
2018,SP,PT,95,72,31,0.4305555555555556,False,0.9521834589205707,True
2018,SP,PTB,50,25,2,0.08,False,0.7369875633348687,False
2018,SP,PTB,60,25,2,0.08,False,0.7369875633348687,False
2018,SP,PTB,70,25,2,0.08,False,0.7369875633348687,False
2018,SP,PTB,80,25,4,0.16,False,0.8440810686319669,False
2018,SP,PTB,90,25,7,0.28,False,0.9016582220175036,True
2018,SP,PTB,95,25,12,0.48,False,0.95923537540304,False
2018,SP,PTC,50,29,2,0.06896551724137931,False,0.5714285714285714,False
2018,SP,PTC,60,29,3,0.10344827586206896,False,0.6857142857142857,False
2018,SP,PTC,70,29,4,0.13793103448275862,False,0.7714285714285715,True
2018,SP,PTC,80,29,5,0.1724137931034483,False,0.8571428571428571,True
2018,SP,PTC,90,29,6,0.20689655172413793,False,0.9428571428571428,False
2018,SP,PTC,95,29,7,0.2413793103448276,False,1.0,False
2018,SP,PV,50,80,2,0.025,False,0.5142837839961357,False
2018,SP,PV,60,80,3,0.0375,False,0.6668684606281061,False
2018,SP,PV,70,80,4,0.05,False,0.7050146297860987,False
2018,SP,PV,80,80,9,0.1125,False,0.806374450691622,False
2018,SP,PV,90,80,22,0.275,False,0.9025484982601958,False
2018,SP,PV,95,80,35,0.4375,False,0.9518115510013748,False
2018,SP,REDE,50,30,2,0.06666666666666667,False,0.91324200913242,False
2018,SP,REDE,60,30,2,0.06666666666666667,False,0.91324200913242,False
2018,SP,REDE,70,30,2,0.06666666666666667,False,0.91324200913242,False
2018,SP,REDE,80,30,2,0.06666666666666667,False,0.91324200913242,False
2018,SP,REDE,90,30,2,0.06666666666666667,False,0.91324200913242,False
2018,SP,REDE,95,30,9,0.3,False,0.9528158295281579,True
2018,SP,SOLIDARIEDADE,50,45,4,0.08888888888888889,False,0.5488902120613158,False
2018,SP,SOLIDARIEDADE,60,45,5,0.1111111111111111,False,0.6069746630833822,False
2018,SP,SOLIDARIEDADE,70,45,7,0.15555555555555556,False,0.7017876206389572,False
2018,SP,SOLIDARIEDADE,80,45,14,0.3111111111111111,False,0.8104676809482577,False
2018,SP,SOLIDARIEDADE,90,45,24,0.5333333333333333,False,0.9068778606079878,False
2018,SP,SOLIDARIEDADE,95,45,30,0.6666666666666666,False,0.9514475669970245,False
2018,TO,AVANTE,50,1,1,1.0,False,1.0,False
2018,TO,AVANTE,60,1,1,1.0,False,1.0,False
2018,TO,AVANTE,70,1,1,1.0,False,1.0,False
2018,TO,AVANTE,80,1,1,1.0,False,1.0,False
2018,TO,AVANTE,90,1,1,1.0,False,1.0,False
2018,TO,AVANTE,95,1,1,1.0,False,1.0,False
2018,TO,DC,50,3,1,0.3333333333333333,False,1.0,False
2018,TO,DC,60,3,1,0.3333333333333333,False,1.0,False
2018,TO,DC,70,3,1,0.3333333333333333,False,1.0,False
2018,TO,DC,80,3,1,0.3333333333333333,False,1.0,False
2018,TO,DC,90,3,1,0.3333333333333333,False,1.0,False
2018,TO,DC,95,3,1,0.3333333333333333,False,1.0,False
2018,TO,DEM,50,2,1,0.5,False,0.7167570465519802,False
2018,TO,DEM,60,2,1,0.5,False,0.7167570465519802,False
2018,TO,DEM,70,2,1,0.5,False,0.7167570465519802,False
2018,TO,DEM,80,2,2,1.0,False,1.0,False
2018,TO,DEM,90,2,2,1.0,False,1.0,False
2018,TO,DEM,95,2,2,1.0,False,1.0,False
2018,TO,MDB,50,1,1,1.0,False,1.0,False
2018,TO,MDB,60,1,1,1.0,False,1.0,False
2018,TO,MDB,70,1,1,1.0,False,1.0,False
2018,TO,MDB,80,1,1,1.0,False,1.0,False
2018,TO,MDB,90,1,1,1.0,False,1.0,False
2018,TO,MDB,95,1,1,1.0,False,1.0,False
2018,TO,PATRI,50,1,1,1.0,False,1.0,False
2018,TO,PATRI,60,1,1,1.0,False,1.0,False
2018,TO,PATRI,70,1,1,1.0,False,1.0,False
2018,TO,PATRI,80,1,1,1.0,False,1.0,False
2018,TO,PATRI,90,1,1,1.0,False,1.0,False
2018,TO,PATRI,95,1,1,1.0,False,1.0,False
2018,TO,PC DO B,50,2,1,0.5,False,1.0,False
2018,TO,PC DO B,60,2,1,0.5,False,1.0,False
2018,TO,PC DO B,70,2,1,0.5,False,1.0,False
2018,TO,PC DO B,80,2,1,0.5,False,1.0,False
2018,TO,PC DO B,90,2,1,0.5,False,1.0,False
2018,TO,PC DO B,95,2,1,0.5,False,1.0,False
2018,TO,PDT,50,1,1,1.0,False,1.0,False
2018,TO,PDT,60,1,1,1.0,False,1.0,False
2018,TO,PDT,70,1,1,1.0,False,1.0,False
2018,TO,PDT,80,1,1,1.0,False,1.0,False
2018,TO,PDT,90,1,1,1.0,False,1.0,False
2018,TO,PDT,95,1,1,1.0,False,1.0,False
2018,TO,PHS,50,2,1,0.5,False,0.6145427564459284,False
2018,TO,PHS,60,2,1,0.5,False,0.6145427564459284,False
2018,TO,PHS,70,2,2,1.0,False,1.0,False
2018,TO,PHS,80,2,2,1.0,False,1.0,False
2018,TO,PHS,90,2,2,1.0,False,1.0,False
2018,TO,PHS,95,2,2,1.0,False,1.0,False
2018,TO,PMB,50,2,0,0.0,True,,False
2018,TO,PMB,60,2,0,0.0,True,,False
2018,TO,PMB,70,2,0,0.0,True,,False
2018,TO,PMB,80,2,0,0.0,True,,False
2018,TO,PMB,90,2,0,0.0,True,,False
2018,TO,PMB,95,2,0,0.0,True,,False
2018,TO,PMN,50,2,1,0.5,False,1.0,False
2018,TO,PMN,60,2,1,0.5,False,1.0,False
2018,TO,PMN,70,2,1,0.5,False,1.0,False
2018,TO,PMN,80,2,1,0.5,False,1.0,False
2018,TO,PMN,90,2,1,0.5,False,1.0,False
2018,TO,PMN,95,2,1,0.5,False,1.0,False
2018,TO,PODE,50,1,0,0.0,True,,False
2018,TO,PODE,60,1,0,0.0,True,,False
2018,TO,PODE,70,1,0,0.0,True,,False
2018,TO,PODE,80,1,0,0.0,True,,False
2018,TO,PODE,90,1,0,0.0,True,,False
2018,TO,PODE,95,1,0,0.0,True,,False
2018,TO,PP,50,1,1,1.0,False,1.0,False
2018,TO,PP,60,1,1,1.0,False,1.0,False
2018,TO,PP,70,1,1,1.0,False,1.0,False
2018,TO,PP,80,1,1,1.0,False,1.0,False
2018,TO,PP,90,1,1,1.0,False,1.0,False
2018,TO,PP,95,1,1,1.0,False,1.0,False
2018,TO,PPL,50,2,0,0.0,True,,False
2018,TO,PPL,60,2,0,0.0,True,,False
2018,TO,PPL,70,2,0,0.0,True,,False
2018,TO,PPL,80,2,0,0.0,True,,False
2018,TO,PPL,90,2,0,0.0,True,,False
2018,TO,PPL,95,2,0,0.0,True,,False
2018,TO,PPS,50,1,1,1.0,False,1.0,False
2018,TO,PPS,60,1,1,1.0,False,1.0,False
2018,TO,PPS,70,1,1,1.0,False,1.0,False
2018,TO,PPS,80,1,1,1.0,False,1.0,False
2018,TO,PPS,90,1,1,1.0,False,1.0,False
2018,TO,PPS,95,1,1,1.0,False,1.0,False
2018,TO,PR,50,2,1,0.5,False,0.9770114942528736,False
2018,TO,PR,60,2,1,0.5,False,0.9770114942528736,False
2018,TO,PR,70,2,1,0.5,False,0.9770114942528736,False
2018,TO,PR,80,2,1,0.5,False,0.9770114942528736,False
2018,TO,PR,90,2,1,0.5,False,0.9770114942528736,False
2018,TO,PR,95,2,1,0.5,False,0.9770114942528736,False
2018,TO,PRB,50,2,1,0.5,False,0.932881556100928,False
2018,TO,PRB,60,2,1,0.5,False,0.932881556100928,False
2018,TO,PRB,70,2,1,0.5,False,0.932881556100928,False
2018,TO,PRB,80,2,1,0.5,False,0.932881556100928,False
2018,TO,PRB,90,2,1,0.5,False,0.932881556100928,False
2018,TO,PRB,95,2,2,1.0,False,1.0,False
2018,TO,PROS,50,1,1,1.0,False,1.0,False
2018,TO,PROS,60,1,1,1.0,False,1.0,False
2018,TO,PROS,70,1,1,1.0,False,1.0,False
2018,TO,PROS,80,1,1,1.0,False,1.0,False
2018,TO,PROS,90,1,1,1.0,False,1.0,False
2018,TO,PROS,95,1,1,1.0,False,1.0,False
2018,TO,PRP,50,2,0,0.0,True,,False
2018,TO,PRP,60,2,0,0.0,True,,False
2018,TO,PRP,70,2,0,0.0,True,,False
2018,TO,PRP,80,2,0,0.0,True,,False
2018,TO,PRP,90,2,0,0.0,True,,False
2018,TO,PRP,95,2,0,0.0,True,,False
2018,TO,PRTB,50,10,3,0.3,False,0.5172413793103449,True
2018,TO,PRTB,60,10,4,0.4,False,0.6896551724137931,False
2018,TO,PRTB,70,10,5,0.5,False,0.7931034482758621,True
2018,TO,PRTB,80,10,6,0.6,False,0.896551724137931,True
2018,TO,PRTB,90,10,7,0.7,False,1.0,False
2018,TO,PRTB,95,10,7,0.7,False,1.0,False
2018,TO,PSB,50,3,1,0.3333333333333333,False,0.6756756756756757,False
2018,TO,PSB,60,3,1,0.3333333333333333,False,0.6756756756756757,False
2018,TO,PSB,70,3,2,0.6666666666666666,False,0.9459459459459459,False
2018,TO,PSB,80,3,2,0.6666666666666666,False,0.9459459459459459,False
2018,TO,PSB,90,3,2,0.6666666666666666,False,0.9459459459459459,False
2018,TO,PSB,95,3,3,1.0,False,1.0,False
2018,TO,PSC,50,1,1,1.0,False,1.0,False
2018,TO,PSC,60,1,1,1.0,False,1.0,False
2018,TO,PSC,70,1,1,1.0,False,1.0,False
2018,TO,PSC,80,1,1,1.0,False,1.0,False
2018,TO,PSC,90,1,1,1.0,False,1.0,False
2018,TO,PSC,95,1,1,1.0,False,1.0,False
2018,TO,PSD,50,2,0,0.0,True,,False
2018,TO,PSD,60,2,0,0.0,True,,False
2018,TO,PSD,70,2,0,0.0,True,,False
2018,TO,PSD,80,2,0,0.0,True,,False
2018,TO,PSD,90,2,0,0.0,True,,False
2018,TO,PSD,95,2,0,0.0,True,,False
2018,TO,PSDB,50,6,1,0.16666666666666666,False,0.5165342254950783,False
2018,TO,PSDB,60,6,2,0.3333333333333333,False,0.6387160234050283,True
2018,TO,PSDB,70,6,3,0.5,False,0.7608978213149783,False
2018,TO,PSDB,80,6,4,0.6666666666666666,False,0.87781820209005,True
2018,TO,PSDB,90,6,5,0.8333333333333334,False,0.9947385828651217,False
2018,TO,PSDB,95,6,5,0.8333333333333334,False,0.9947385828651217,False
2018,TO,PSL,50,10,4,0.4,False,0.6,False
2018,TO,PSL,60,10,4,0.4,False,0.6,False
2018,TO,PSL,70,10,5,0.5,False,0.7,True
2018,TO,PSL,80,10,6,0.6,False,0.8,True
2018,TO,PSL,90,10,7,0.7,False,0.9,True
2018,TO,PSL,95,10,8,0.8,False,1.0,False
2018,TO,PSOL,50,4,2,0.5,False,0.5348531975464897,False
2018,TO,PSOL,60,4,3,0.75,False,0.780294299762874,False
2018,TO,PSOL,70,4,3,0.75,False,0.780294299762874,False
2018,TO,PSOL,80,4,4,1.0,False,1.0,False
2018,TO,PSOL,90,4,4,1.0,False,1.0,False
2018,TO,PSOL,95,4,4,1.0,False,1.0,False
2018,TO,PT,50,8,1,0.125,False,0.6607436817252754,False
2018,TO,PT,60,8,1,0.125,False,0.6607436817252754,False
2018,TO,PT,70,8,2,0.25,False,0.7852561076939654,False
2018,TO,PT,80,8,3,0.375,False,0.8299614824112544,False
2018,TO,PT,90,8,5,0.625,False,0.9018062692850116,True
2018,TO,PT,95,8,7,0.875,False,0.9736510561587688,False
2018,TO,PTC,50,1,0,0.0,True,,False
2018,TO,PTC,60,1,0,0.0,True,,False
2018,TO,PTC,70,1,0,0.0,True,,False
2018,TO,PTC,80,1,0,0.0,True,,False
2018,TO,PTC,90,1,0,0.0,True,,False
2018,TO,PTC,95,1,0,0.0,True,,False
2018,TO,PV,50,3,1,0.3333333333333333,False,0.6190476190476191,False
2018,TO,PV,60,3,1,0.3333333333333333,False,0.6190476190476191,False
2018,TO,PV,70,3,2,0.6666666666666666,False,1.0,False
2018,TO,PV,80,3,2,0.6666666666666666,False,1.0,False
2018,TO,PV,90,3,2,0.6666666666666666,False,1.0,False
2018,TO,PV,95,3,2,0.6666666666666666,False,1.0,False
2018,TO,REDE,50,1,0,0.0,True,,False
2018,TO,REDE,60,1,0,0.0,True,,False
2018,TO,REDE,70,1,0,0.0,True,,False
2018,TO,REDE,80,1,0,0.0,True,,False
2018,TO,REDE,90,1,0,0.0,True,,False
2018,TO,REDE,95,1,0,0.0,True,,False
2018,TO,SOLIDARIEDADE,50,2,1,0.5,False,0.5531151424474784,False
2018,TO,SOLIDARIEDADE,60,2,2,1.0,False,1.0,False
2018,TO,SOLIDARIEDADE,70,2,2,1.0,False,1.0,False
2018,TO,SOLIDARIEDADE,80,2,2,1.0,False,1.0,False
2018,TO,SOLIDARIEDADE,90,2,2,1.0,False,1.0,False
2018,TO,SOLIDARIEDADE,95,2,2,1.0,False,1.0,False
2022,AC,AGIR,50,7,0,0.0,True,,False
2022,AC,AGIR,60,7,0,0.0,True,,False
2022,AC,AGIR,70,7,0,0.0,True,,False
2022,AC,AGIR,80,7,0,0.0,True,,False
2022,AC,AGIR,90,7,0,0.0,True,,False
2022,AC,AGIR,95,7,0,0.0,True,,False
2022,AC,CIDADANIA,50,2,1,0.5,False,0.5529661016949152,False
2022,AC,CIDADANIA,60,2,2,1.0,False,1.0,False
2022,AC,CIDADANIA,70,2,2,1.0,False,1.0,False
2022,AC,CIDADANIA,80,2,2,1.0,False,1.0,False
2022,AC,CIDADANIA,90,2,2,1.0,False,1.0,False
2022,AC,CIDADANIA,95,2,2,1.0,False,1.0,False
2022,AC,MDB,50,9,2,0.2222222222222222,False,0.7641146752442428,False
2022,AC,MDB,60,9,2,0.2222222222222222,False,0.7641146752442428,False
2022,AC,MDB,70,9,2,0.2222222222222222,False,0.7641146752442428,False
2022,AC,MDB,80,9,3,0.3333333333333333,False,0.9164981271477831,False
2022,AC,MDB,90,9,3,0.3333333333333333,False,0.9164981271477831,False
2022,AC,MDB,95,9,5,0.5555555555555556,False,0.9539038553118673,False
2022,AC,PATRIOTA,50,6,2,0.3333333333333333,False,0.63,True
2022,AC,PATRIOTA,60,6,2,0.3333333333333333,False,0.63,True
2022,AC,PATRIOTA,70,6,3,0.5,False,0.78,False
2022,AC,PATRIOTA,80,6,4,0.6666666666666666,False,0.88,False
2022,AC,PATRIOTA,90,6,5,0.8333333333333334,False,0.94,True
2022,AC,PATRIOTA,95,6,6,1.0,False,1.0,False
2022,AC,PC DO B,50,2,1,0.5,False,0.9832401705930363,False
2022,AC,PC DO B,60,2,1,0.5,False,0.9832401705930363,False
2022,AC,PC DO B,70,2,1,0.5,False,0.9832401705930363,False
2022,AC,PC DO B,80,2,1,0.5,False,0.9832401705930363,False
2022,AC,PC DO B,90,2,1,0.5,False,0.9832401705930363,False
2022,AC,PC DO B,95,2,1,0.5,False,0.9832401705930363,False
2022,AC,PDT,50,9,1,0.1111111111111111,False,0.625498329492781,False
2022,AC,PDT,60,9,1,0.1111111111111111,False,0.625498329492781,False
2022,AC,PDT,70,9,2,0.2222222222222222,False,0.8042121379192898,False
2022,AC,PDT,80,9,2,0.2222222222222222,False,0.8042121379192898,False
2022,AC,PDT,90,9,4,0.4444444444444444,False,0.9149635914623606,False
2022,AC,PDT,95,9,5,0.5555555555555556,False,0.951862631488182,False
2022,AC,PMN,50,3,0,0.0,True,,False
2022,AC,PMN,60,3,0,0.0,True,,False
2022,AC,PMN,70,3,0,0.0,True,,False
2022,AC,PMN,80,3,0,0.0,True,,False
2022,AC,PMN,90,3,0,0.0,True,,False
2022,AC,PMN,95,3,0,0.0,True,,False
2022,AC,PODE,50,9,3,0.3333333333333333,False,0.5067635054317668,False
2022,AC,PODE,60,9,4,0.4444444444444444,False,0.6300726290738252,False
2022,AC,PODE,70,9,5,0.5555555555555556,False,0.7328302321088738,False
2022,AC,PODE,80,9,6,0.6666666666666666,False,0.8150363145369126,True
2022,AC,PODE,90,9,8,0.8888888888888888,False,0.9588969587859806,False
2022,AC,PODE,95,9,8,0.8888888888888888,False,0.9588969587859806,False
2022,AC,PP,50,9,4,0.4444444444444444,False,0.5845824411134903,True
2022,AC,PP,60,9,5,0.5555555555555556,False,0.6873661670235546,True
2022,AC,PP,70,9,6,0.6666666666666666,False,0.7901498929336188,True
2022,AC,PP,80,9,7,0.7777777777777778,False,0.892933618843683,False
2022,AC,PP,90,9,8,0.8888888888888888,False,0.9464668094218416,True
2022,AC,PP,95,9,9,1.0,False,1.0,False
2022,AC,PROS,50,7,2,0.2857142857142857,False,0.6691791147046732,False
2022,AC,PROS,60,7,2,0.2857142857142857,False,0.6691791147046732,False
2022,AC,PROS,70,7,3,0.42857142857142855,False,0.8064135946279293,False
2022,AC,PROS,80,7,3,0.42857142857142855,False,0.8064135946279293,False
2022,AC,PROS,90,7,5,0.7142857142857143,False,0.9543191265817003,False
2022,AC,PROS,95,7,5,0.7142857142857143,False,0.9543191265817003,False
2022,AC,PSB,50,7,2,0.2857142857142857,False,0.5032467049552546,False
2022,AC,PSB,60,7,3,0.42857142857142855,False,0.6082493059670953,False
2022,AC,PSB,70,7,4,0.5714285714285714,False,0.7121526585228912,False
2022,AC,PSB,80,7,5,0.7142857142857143,False,0.8130432560510099,False
2022,AC,PSB,90,7,6,0.8571428571428571,False,0.9126581825313731,False
2022,AC,PSB,95,7,7,1.0,False,1.0,False
2022,AC,PSC,50,3,0,0.0,True,,False
2022,AC,PSC,60,3,0,0.0,True,,False
2022,AC,PSC,70,3,0,0.0,True,,False
2022,AC,PSC,80,3,0,0.0,True,,False
2022,AC,PSC,90,3,0,0.0,True,,False
2022,AC,PSC,95,3,0,0.0,True,,False
2022,AC,PSD,50,9,3,0.3333333333333333,False,0.6121377035050971,False
2022,AC,PSD,60,9,3,0.3333333333333333,False,0.6121377035050971,False
2022,AC,PSD,70,9,4,0.4444444444444444,False,0.7257861260775956,False
2022,AC,PSD,80,9,6,0.6666666666666666,False,0.8395086640793917,True
2022,AC,PSD,90,9,8,0.8888888888888888,False,0.9522485619443284,False
2022,AC,PSD,95,9,8,0.8888888888888888,False,0.9522485619443284,False
2022,AC,PSDB,50,7,2,0.2857142857142857,False,0.7259782408966764,False
2022,AC,PSDB,60,7,2,0.2857142857142857,False,0.7259782408966764,False
2022,AC,PSDB,70,7,2,0.2857142857142857,False,0.7259782408966764,False
2022,AC,PSDB,80,7,3,0.42857142857142855,False,0.8628839669539268,False
2022,AC,PSDB,90,7,4,0.5714285714285714,False,0.9783466274841379,False
2022,AC,PSDB,95,7,4,0.5714285714285714,False,0.9783466274841379,False
2022,AC,PSOL,50,5,2,0.4,False,0.5729793655985402,True
2022,AC,PSOL,60,5,3,0.6,False,0.7486181138321388,False
2022,AC,PSOL,70,5,3,0.6,False,0.7486181138321388,False
2022,AC,PSOL,80,5,4,0.8,False,0.8806026481940282,False
2022,AC,PSOL,90,5,5,1.0,False,1.0,False
2022,AC,PSOL,95,5,5,1.0,False,1.0,False
2022,AC,PT,50,5,1,0.2,False,0.7232313978857535,False
2022,AC,PT,60,5,1,0.2,False,0.7232313978857535,False
2022,AC,PT,70,5,1,0.2,False,0.7232313978857535,False
2022,AC,PT,80,5,2,0.4,False,0.8351996721350996,False
2022,AC,PT,90,5,4,0.8,False,0.9558025256847595,False
2022,AC,PT,95,5,4,0.8,False,0.9558025256847595,False
2022,AC,PV,50,2,1,0.5,False,0.6323529411764706,False
2022,AC,PV,60,2,1,0.5,False,0.6323529411764706,False
2022,AC,PV,70,2,2,1.0,False,1.0,False
2022,AC,PV,80,2,2,1.0,False,1.0,False
2022,AC,PV,90,2,2,1.0,False,1.0,False
2022,AC,PV,95,2,2,1.0,False,1.0,False
2022,AC,REDE,50,2,1,0.5,False,0.7174887892376681,False
2022,AC,REDE,60,2,1,0.5,False,0.7174887892376681,False
2022,AC,REDE,70,2,1,0.5,False,0.7174887892376681,False
2022,AC,REDE,80,2,2,1.0,False,1.0,False
2022,AC,REDE,90,2,2,1.0,False,1.0,False
2022,AC,REDE,95,2,2,1.0,False,1.0,False
2022,AC,REPUBLICANOS,50,7,2,0.2857142857142857,False,0.7066451891936072,False
2022,AC,REPUBLICANOS,60,7,2,0.2857142857142857,False,0.7066451891936072,False
2022,AC,REPUBLICANOS,70,7,2,0.2857142857142857,False,0.7066451891936072,False
2022,AC,REPUBLICANOS,80,7,3,0.42857142857142855,False,0.8386090498261483,False
2022,AC,REPUBLICANOS,90,7,4,0.5714285714285714,False,0.9148620253983606,False
2022,AC,REPUBLICANOS,95,7,5,0.7142857142857143,False,0.9574310126991803,False
2022,AC,SOLIDARIEDADE,50,9,4,0.4444444444444444,False,0.5937245313773432,False
2022,AC,SOLIDARIEDADE,60,9,5,0.5555555555555556,False,0.6996912198537599,False
2022,AC,SOLIDARIEDADE,70,9,6,0.6666666666666666,False,0.8050380522745274,False
2022,AC,SOLIDARIEDADE,80,9,6,0.6666666666666666,False,0.8050380522745274,False
2022,AC,SOLIDARIEDADE,90,9,7,0.7777777777777778,False,0.9087147169897953,False
2022,AC,SOLIDARIEDADE,95,9,8,0.8888888888888888,False,0.9884637900754158,False
2022,AC,UNIAO,50,9,4,0.4444444444444444,False,0.5777383666920024,False
2022,AC,UNIAO,60,9,5,0.5555555555555556,False,0.6775456618375291,True
2022,AC,UNIAO,70,9,6,0.6666666666666666,False,0.7773529569830558,True
2022,AC,UNIAO,80,9,7,0.7777777777777778,False,0.8771602521285825,False
2022,AC,UNIAO,90,9,8,0.8888888888888888,False,0.9385801260642912,True
2022,AC,UNIAO,95,9,9,1.0,False,1.0,False
2022,AL,AGIR,50,7,1,0.14285714285714285,False,0.6,False
2022,AL,AGIR,60,7,1,0.14285714285714285,False,0.6,False
2022,AL,AGIR,70,7,2,0.2857142857142857,False,0.7,True
2022,AL,AGIR,80,7,3,0.42857142857142855,False,0.8,True
2022,AL,AGIR,90,7,4,0.5714285714285714,False,0.9,True
2022,AL,AGIR,95,7,5,0.7142857142857143,False,1.0,False
2022,AL,AVANTE,50,9,3,0.3333333333333333,False,0.6319811171702566,False
2022,AL,AVANTE,60,9,3,0.3333333333333333,False,0.6319811171702566,False
2022,AL,AVANTE,70,9,4,0.4444444444444444,False,0.7085848889484696,False
2022,AL,AVANTE,80,9,6,0.6666666666666666,False,0.8444704046115471,False
2022,AL,AVANTE,90,9,7,0.7777777777777778,False,0.9019232334452068,True
2022,AL,AVANTE,95,9,8,0.8888888888888888,False,0.9593760622788664,False
2022,AL,CIDADANIA,50,2,1,0.5,False,0.9187478392003487,False
2022,AL,CIDADANIA,60,2,1,0.5,False,0.9187478392003487,False
2022,AL,CIDADANIA,70,2,1,0.5,False,0.9187478392003487,False
2022,AL,CIDADANIA,80,2,1,0.5,False,0.9187478392003487,False
2022,AL,CIDADANIA,90,2,1,0.5,False,0.9187478392003487,False
2022,AL,CIDADANIA,95,2,2,1.0,False,1.0,False
2022,AL,DC,50,2,1,0.5,False,0.6403887688984882,False
2022,AL,DC,60,2,1,0.5,False,0.6403887688984882,False
2022,AL,DC,70,2,2,1.0,False,1.0,False
2022,AL,DC,80,2,2,1.0,False,1.0,False
2022,AL,DC,90,2,2,1.0,False,1.0,False
2022,AL,DC,95,2,2,1.0,False,1.0,False
2022,AL,MDB,50,10,2,0.2,False,0.5698608772306545,False
2022,AL,MDB,60,10,3,0.3,False,0.6489721189381011,False
2022,AL,MDB,70,10,4,0.4,False,0.7111309517082377,False
2022,AL,MDB,80,10,6,0.6,False,0.8304759106269001,False
2022,AL,MDB,90,10,8,0.8,False,0.9208887582925533,True
2022,AL,MDB,95,10,9,0.9,False,0.96609518212538,False
2022,AL,PATRIOTA,50,9,3,0.3333333333333333,False,0.56,False
2022,AL,PATRIOTA,60,9,4,0.4444444444444444,False,0.66,True
2022,AL,PATRIOTA,70,9,5,0.5555555555555556,False,0.76,False
2022,AL,PATRIOTA,80,9,6,0.6666666666666666,False,0.84,True
2022,AL,PATRIOTA,90,9,7,0.7777777777777778,False,0.92,False
2022,AL,PATRIOTA,95,9,8,0.8888888888888888,False,0.98,False
2022,AL,PCO,50,2,1,0.5,False,0.5,True
2022,AL,PCO,60,2,2,1.0,False,1.0,False
2022,AL,PCO,70,2,2,1.0,False,1.0,False
2022,AL,PCO,80,2,2,1.0,False,1.0,False
2022,AL,PCO,90,2,2,1.0,False,1.0,False
2022,AL,PCO,95,2,2,1.0,False,1.0,False
2022,AL,PDT,50,10,4,0.4,False,0.5475206611570248,True
2022,AL,PDT,60,10,5,0.5,False,0.6714876033057852,False
2022,AL,PDT,70,10,6,0.6,False,0.7727272727272727,False
2022,AL,PDT,80,10,7,0.7,False,0.8553719008264463,False
2022,AL,PDT,90,10,8,0.8,False,0.9276859504132231,False
2022,AL,PDT,95,10,9,0.9,False,0.96900826446281,False
2022,AL,PMB,50,3,0,0.0,True,,False
2022,AL,PMB,60,3,0,0.0,True,,False
2022,AL,PMB,70,3,0,0.0,True,,False
2022,AL,PMB,80,3,0,0.0,True,,False
2022,AL,PMB,90,3,0,0.0,True,,False
2022,AL,PMB,95,3,0,0.0,True,,False
2022,AL,PMN,50,3,2,0.6666666666666666,False,0.6666666666666665,True
2022,AL,PMN,60,3,2,0.6666666666666666,False,0.6666666666666665,True
2022,AL,PMN,70,3,3,1.0,False,1.0,False
2022,AL,PMN,80,3,3,1.0,False,1.0,False
2022,AL,PMN,90,3,3,1.0,False,1.0,False
2022,AL,PMN,95,3,3,1.0,False,1.0,False
2022,AL,PP,50,10,4,0.4,False,0.5466666666666666,False
2022,AL,PP,60,10,5,0.5,False,0.6533333333333333,False
2022,AL,PP,70,10,6,0.6,False,0.752,False
2022,AL,PP,80,10,7,0.7,False,0.8373333333333334,False
2022,AL,PP,90,10,8,0.8,False,0.9173333333333333,True
2022,AL,PP,95,10,9,0.9,False,0.9973333333333333,False
2022,AL,PROS,50,7,0,0.0,True,,False
2022,AL,PROS,60,7,0,0.0,True,,False
2022,AL,PROS,70,7,0,0.0,True,,False
2022,AL,PROS,80,7,0,0.0,True,,False
2022,AL,PROS,90,7,0,0.0,True,,False
2022,AL,PROS,95,7,0,0.0,True,,False
2022,AL,PSB,50,10,3,0.3,False,0.569177744953225,False
2022,AL,PSB,60,10,4,0.4,False,0.6430329886755293,True
2022,AL,PSB,70,10,5,0.5,False,0.7168882323978336,True
2022,AL,PSB,80,10,7,0.7,False,0.8522895125553914,False
2022,AL,PSB,90,10,8,0.8,False,0.9015263417035941,True
2022,AL,PSB,95,10,9,0.9,False,0.9507631708517973,True
2022,AL,PSD,50,10,2,0.2,False,0.5790342348634524,False
2022,AL,PSD,60,10,3,0.3,False,0.6840073187570004,True
2022,AL,PSD,70,10,4,0.4,False,0.7889804026505487,True
2022,AL,PSD,80,10,5,0.5,False,0.8939534865440967,False
2022,AL,PSD,90,10,6,0.6,False,0.9824694949897774,False
2022,AL,PSD,95,10,6,0.6,False,0.9824694949897774,False
2022,AL,PSDB,50,8,2,0.25,False,0.559801910859887,False
2022,AL,PSDB,60,8,3,0.375,False,0.6498424290930919,False
2022,AL,PSDB,70,8,4,0.5,False,0.7298784453003851,True
2022,AL,PSDB,80,8,5,0.625,False,0.8099144615076783,True
2022,AL,PSDB,90,8,7,0.875,False,0.9499774898704417,False
2022,AL,PSDB,95,8,8,1.0,False,1.0,False
2022,AL,PSOL,50,5,2,0.4,False,0.6300000049161476,False
2022,AL,PSOL,60,5,2,0.4,False,0.6300000049161476,False
2022,AL,PSOL,70,5,3,0.6,False,0.755230756600051,True
2022,AL,PSOL,80,5,4,0.8,False,0.8804615082839546,False
2022,AL,PSOL,90,5,5,1.0,False,1.0,False
2022,AL,PSOL,95,5,5,1.0,False,1.0,False
2022,AL,PSTU,50,1,0,0.0,True,,False
2022,AL,PSTU,60,1,0,0.0,True,,False
2022,AL,PSTU,70,1,0,0.0,True,,False
2022,AL,PSTU,80,1,0,0.0,True,,False
2022,AL,PSTU,90,1,0,0.0,True,,False
2022,AL,PSTU,95,1,0,0.0,True,,False
2022,AL,PT,50,2,1,0.5,False,0.8955223880597015,False
2022,AL,PT,60,2,1,0.5,False,0.8955223880597015,False
2022,AL,PT,70,2,1,0.5,False,0.8955223880597015,False
2022,AL,PT,80,2,1,0.5,False,0.8955223880597015,False
2022,AL,PT,90,2,2,1.0,False,1.0,False
2022,AL,PT,95,2,2,1.0,False,1.0,False
2022,AL,PTB,50,9,1,0.1111111111111111,False,0.9636346180980323,False
2022,AL,PTB,60,9,1,0.1111111111111111,False,0.9636346180980323,False
2022,AL,PTB,70,9,1,0.1111111111111111,False,0.9636346180980323,False
2022,AL,PTB,80,9,1,0.1111111111111111,False,0.9636346180980323,False
2022,AL,PTB,90,9,1,0.1111111111111111,False,0.9636346180980323,False
2022,AL,PTB,95,9,1,0.1111111111111111,False,0.9636346180980323,False
2022,AL,PV,50,8,3,0.375,False,0.6498271454031408,False
2022,AL,PV,60,8,3,0.375,False,0.6498271454031408,False
2022,AL,PV,70,8,4,0.5,False,0.8497739038323712,False
2022,AL,PV,80,8,4,0.5,False,0.8497739038323712,False
2022,AL,PV,90,8,5,0.625,False,0.9830661146338895,False
2022,AL,PV,95,8,5,0.625,False,0.9830661146338895,False
2022,AL,REPUBLICANOS,50,10,2,0.2,False,0.5422535211267606,True
2022,AL,REPUBLICANOS,60,10,3,0.3,False,0.6596244131455399,False
2022,AL,REPUBLICANOS,70,10,4,0.4,False,0.7535211267605634,True
2022,AL,REPUBLICANOS,80,10,5,0.5,False,0.8474178403755869,False
2022,AL,REPUBLICANOS,90,10,6,0.6,False,0.9061032863849765,False
2022,AL,REPUBLICANOS,95,10,7,0.7,False,0.9530516431924883,False
2022,AL,SOLIDARIEDADE,50,7,0,0.0,True,,False
2022,AL,SOLIDARIEDADE,60,7,0,0.0,True,,False
2022,AL,SOLIDARIEDADE,70,7,0,0.0,True,,False
2022,AL,SOLIDARIEDADE,80,7,0,0.0,True,,False
2022,AL,SOLIDARIEDADE,90,7,0,0.0,True,,False
2022,AL,SOLIDARIEDADE,95,7,0,0.0,True,,False
2022,AL,UNIAO,50,9,2,0.2222222222222222,False,0.5687257129521528,False
2022,AL,UNIAO,60,9,3,0.3333333333333333,False,0.7370587812102164,False
2022,AL,UNIAO,70,9,3,0.3333333333333333,False,0.7370587812102164,False
2022,AL,UNIAO,80,9,4,0.4444444444444444,False,0.8544639971268425,False
2022,AL,UNIAO,90,9,5,0.5555555555555556,False,0.9391946884556307,False
2022,AL,UNIAO,95,9,6,0.6666666666666666,False,0.961223526025442,False
2022,AL,UP,50,1,1,1.0,False,1.0,False
2022,AL,UP,60,1,1,1.0,False,1.0,False
2022,AL,UP,70,1,1,1.0,False,1.0,False
2022,AL,UP,80,1,1,1.0,False,1.0,False
2022,AL,UP,90,1,1,1.0,False,1.0,False
2022,AL,UP,95,1,1,1.0,False,1.0,False
2022,AM,AGIR,50,7,0,0.0,True,,False
2022,AM,AGIR,60,7,0,0.0,True,,False
2022,AM,AGIR,70,7,0,0.0,True,,False
2022,AM,AGIR,80,7,0,0.0,True,,False
2022,AM,AGIR,90,7,0,0.0,True,,False
2022,AM,AGIR,95,7,0,0.0,True,,False
2022,AM,AVANTE,50,9,3,0.3333333333333333,False,0.5504587155963303,False
2022,AM,AVANTE,60,9,4,0.4444444444444444,False,0.6487549148099607,True
2022,AM,AVANTE,70,9,5,0.5555555555555556,False,0.747051114023591,False
2022,AM,AVANTE,80,9,6,0.6666666666666666,False,0.8191349934469201,True
2022,AM,AVANTE,90,9,8,0.8888888888888888,False,0.963302752293578,False
2022,AM,AVANTE,95,9,8,0.8888888888888888,False,0.963302752293578,False
2022,AM,CIDADANIA,50,5,2,0.4,False,0.6941176470588235,False
2022,AM,CIDADANIA,60,5,2,0.4,False,0.6941176470588235,False
2022,AM,CIDADANIA,70,5,3,0.6,False,0.8823529411764706,False
2022,AM,CIDADANIA,80,5,3,0.6,False,0.8823529411764706,False
2022,AM,CIDADANIA,90,5,4,0.8,False,0.9647058823529412,False
2022,AM,CIDADANIA,95,5,4,0.8,False,0.9647058823529412,False
2022,AM,DC,50,5,1,0.2,False,0.7146459573112015,False
2022,AM,DC,60,5,1,0.2,False,0.7146459573112015,False
2022,AM,DC,70,5,1,0.2,False,0.7146459573112015,False
2022,AM,DC,80,5,2,0.4,False,0.8384794973224244,False
2022,AM,DC,90,5,3,0.6,False,0.939208989449036,False
2022,AM,DC,95,5,4,0.8,False,0.9810352830332463,False
2022,AM,MDB,50,9,2,0.2222222222222222,False,0.6828681807935871,False
2022,AM,MDB,60,9,2,0.2222222222222222,False,0.6828681807935871,False
2022,AM,MDB,70,9,3,0.3333333333333333,False,0.8193286858819328,False
2022,AM,MDB,80,9,3,0.3333333333333333,False,0.8193286858819328,False
2022,AM,MDB,90,9,5,0.5555555555555556,False,0.9101929662989313,False
2022,AM,MDB,95,9,7,0.7777777777777778,False,0.9736281363388136,False
2022,AM,NOVO,50,1,1,1.0,False,1.0,False
2022,AM,NOVO,60,1,1,1.0,False,1.0,False
2022,AM,NOVO,70,1,1,1.0,False,1.0,False
2022,AM,NOVO,80,1,1,1.0,False,1.0,False
2022,AM,NOVO,90,1,1,1.0,False,1.0,False
2022,AM,NOVO,95,1,1,1.0,False,1.0,False
2022,AM,PATRIOTA,50,9,3,0.3333333333333333,False,0.6246025009902111,False
2022,AM,PATRIOTA,60,9,3,0.3333333333333333,False,0.6246025009902111,False
2022,AM,PATRIOTA,70,9,4,0.4444444444444444,False,0.7444802806541051,True
2022,AM,PATRIOTA,80,9,5,0.5555555555555556,False,0.8643580603179992,False
2022,AM,PATRIOTA,90,9,6,0.6666666666666666,False,0.9050189554687942,False
2022,AM,PATRIOTA,95,9,8,0.8888888888888888,False,0.9783511571323488,False
2022,AM,PC DO B,50,2,1,0.5,False,0.9408548091065837,False
2022,AM,PC DO B,60,2,1,0.5,False,0.9408548091065837,False
2022,AM,PC DO B,70,2,1,0.5,False,0.9408548091065837,False
2022,AM,PC DO B,80,2,1,0.5,False,0.9408548091065837,False
2022,AM,PC DO B,90,2,1,0.5,False,0.9408548091065837,False
2022,AM,PC DO B,95,2,2,1.0,False,1.0,False
2022,AM,PDT,50,9,3,0.3333333333333333,False,0.5914634146341463,False
2022,AM,PDT,60,9,4,0.4444444444444444,False,0.774390243902439,False
2022,AM,PDT,70,9,4,0.4444444444444444,False,0.774390243902439,False
2022,AM,PDT,80,9,5,0.5555555555555556,False,0.8597560975609756,False
2022,AM,PDT,90,9,6,0.6666666666666666,False,0.9207317073170732,False
2022,AM,PDT,95,9,7,0.7777777777777778,False,0.9512195121951219,False
2022,AM,PL,50,9,2,0.2222222222222222,False,0.7233437689192301,False
2022,AM,PL,60,9,2,0.2222222222222222,False,0.7233437689192301,False
2022,AM,PL,70,9,2,0.2222222222222222,False,0.7233437689192301,False
2022,AM,PL,80,9,3,0.3333333333333333,False,0.8541307094675963,False
2022,AM,PL,90,9,4,0.4444444444444444,False,0.9074473136515432,False
2022,AM,PL,95,9,5,0.5555555555555556,False,0.9597620898708896,False
2022,AM,PMN,50,9,2,0.2222222222222222,False,0.584983965289568,False
2022,AM,PMN,60,9,3,0.3333333333333333,False,0.8113563478588945,False
2022,AM,PMN,70,9,3,0.3333333333333333,False,0.8113563478588945,False
2022,AM,PMN,80,9,3,0.3333333333333333,False,0.8113563478588945,False
2022,AM,PMN,90,9,6,0.6666666666666666,False,0.9245425391435578,True
2022,AM,PMN,95,9,7,0.7777777777777778,False,0.9622712695717789,True
2022,AM,PODE,50,1,0,0.0,True,,False
2022,AM,PODE,60,1,0,0.0,True,,False
2022,AM,PODE,70,1,0,0.0,True,,False
2022,AM,PODE,80,1,0,0.0,True,,False
2022,AM,PODE,90,1,0,0.0,True,,False
2022,AM,PODE,95,1,0,0.0,True,,False
2022,AM,PROS,50,5,1,0.2,False,1.0,False
2022,AM,PROS,60,5,1,0.2,False,1.0,False
2022,AM,PROS,70,5,1,0.2,False,1.0,False
2022,AM,PROS,80,5,1,0.2,False,1.0,False
2022,AM,PROS,90,5,1,0.2,False,1.0,False
2022,AM,PROS,95,5,1,0.2,False,1.0,False
2022,AM,PSB,50,2,0,0.0,True,,False
2022,AM,PSB,60,2,0,0.0,True,,False
2022,AM,PSB,70,2,0,0.0,True,,False
2022,AM,PSB,80,2,0,0.0,True,,False
2022,AM,PSB,90,2,0,0.0,True,,False
2022,AM,PSB,95,2,0,0.0,True,,False
2022,AM,PSC,50,9,3,0.3333333333333333,False,0.5374206153389419,False
2022,AM,PSC,60,9,4,0.4444444444444444,False,0.6938831184982809,False
2022,AM,PSC,70,9,5,0.5555555555555556,False,0.7907213723767457,True
2022,AM,PSC,80,9,6,0.6666666666666666,False,0.8875596262552105,False
2022,AM,PSC,90,9,7,0.7777777777777778,False,0.9838442435840344,False
2022,AM,PSC,95,9,7,0.7777777777777778,False,0.9838442435840344,False
2022,AM,PSD,50,9,3,0.3333333333333333,False,0.6044461269845646,False
2022,AM,PSD,60,9,3,0.3333333333333333,False,0.6044461269845646,False
2022,AM,PSD,70,9,4,0.4444444444444444,False,0.707869939378567,False
2022,AM,PSD,80,9,6,0.6666666666666666,False,0.8766158750170345,False
2022,AM,PSD,90,9,7,0.7777777777777778,False,0.9219776856725365,True
2022,AM,PSD,95,9,8,0.8888888888888888,False,0.9673394963280385,False
2022,AM,PSDB,50,4,2,0.5,False,0.6666666666666666,True
2022,AM,PSDB,60,4,2,0.5,False,0.6666666666666666,True
2022,AM,PSDB,70,4,3,0.75,False,0.8571428571428571,False
2022,AM,PSDB,80,4,3,0.75,False,0.8571428571428571,False
2022,AM,PSDB,90,4,4,1.0,False,1.0,False
2022,AM,PSDB,95,4,4,1.0,False,1.0,False
2022,AM,PSOL,50,3,2,0.6666666666666666,False,0.6999999889386685,True
2022,AM,PSOL,60,3,2,0.6666666666666666,False,0.6999999889386685,True
2022,AM,PSOL,70,3,3,1.0,False,1.0,False
2022,AM,PSOL,80,3,3,1.0,False,1.0,False
2022,AM,PSOL,90,3,3,1.0,False,1.0,False
2022,AM,PSOL,95,3,3,1.0,False,1.0,False
2022,AM,PT,50,5,2,0.4,False,0.6570294511423914,False
2022,AM,PT,60,5,2,0.4,False,0.6570294511423914,False
2022,AM,PT,70,5,3,0.6,False,0.8133027918740792,False
2022,AM,PT,80,5,3,0.6,False,0.8133027918740792,False
2022,AM,PT,90,5,4,0.8,False,0.9076696318769218,False
2022,AM,PT,95,5,5,1.0,False,1.0,False
2022,AM,PTB,50,6,2,0.3333333333333333,False,0.7384768541562967,False
2022,AM,PTB,60,6,2,0.3333333333333333,False,0.7384768541562967,False
2022,AM,PTB,70,6,2,0.3333333333333333,False,0.7384768541562967,False
2022,AM,PTB,80,6,3,0.5,False,0.8090592334494775,True
2022,AM,PTB,90,6,5,0.8333333333333334,False,0.9502239920358387,False
2022,AM,PTB,95,6,5,0.8333333333333334,False,0.9502239920358387,False
2022,AM,PV,50,2,1,0.5,False,0.6363645545448118,False
2022,AM,PV,60,2,1,0.5,False,0.6363645545448118,False
2022,AM,PV,70,2,2,1.0,False,1.0,False
2022,AM,PV,80,2,2,1.0,False,1.0,False
2022,AM,PV,90,2,2,1.0,False,1.0,False
2022,AM,PV,95,2,2,1.0,False,1.0,False
2022,AM,REDE,50,6,1,0.16666666666666666,False,0.6489824976797279,False
2022,AM,REDE,60,6,1,0.16666666666666666,False,0.6489824976797279,False
2022,AM,REDE,70,6,2,0.3333333333333333,False,0.8422740738472786,False
2022,AM,REDE,80,6,2,0.3333333333333333,False,0.8422740738472786,False
2022,AM,REDE,90,6,3,0.5,False,0.9242297021423201,False
2022,AM,REDE,95,6,4,0.6666666666666666,False,0.9675270152038515,False
2022,AM,REPUBLICANOS,50,9,2,0.2222222222222222,False,0.7045721756667834,False
2022,AM,REPUBLICANOS,60,9,2,0.2222222222222222,False,0.7045721756667834,False
2022,AM,REPUBLICANOS,70,9,2,0.2222222222222222,False,0.7045721756667834,False
2022,AM,REPUBLICANOS,80,9,3,0.3333333333333333,False,0.8064794816867469,False
2022,AM,REPUBLICANOS,90,9,5,0.5555555555555556,False,0.9452815999419093,False
2022,AM,REPUBLICANOS,95,9,6,0.6666666666666666,False,0.9748245279570967,False
2022,AM,SOLIDARIEDADE,50,5,3,0.6,False,0.68,False
2022,AM,SOLIDARIEDADE,60,5,3,0.6,False,0.68,False
2022,AM,SOLIDARIEDADE,70,5,4,0.8,False,0.84,True
2022,AM,SOLIDARIEDADE,80,5,4,0.8,False,0.84,True
2022,AM,SOLIDARIEDADE,90,5,5,1.0,False,1.0,False
2022,AM,SOLIDARIEDADE,95,5,5,1.0,False,1.0,False
2022,AM,UNIAO,50,9,4,0.4444444444444444,False,0.5420432520089359,True
2022,AM,UNIAO,60,9,5,0.5555555555555556,False,0.6739465670201987,False
2022,AM,UNIAO,70,9,6,0.6666666666666666,False,0.8058264500763194,False
2022,AM,UNIAO,80,9,6,0.6666666666666666,False,0.8058264500763194,False
2022,AM,UNIAO,90,9,7,0.7777777777777778,False,0.9376600564221899,False
2022,AM,UNIAO,95,9,8,0.8888888888888888,False,0.9892989884331743,False
2022,AP,AGIR,50,3,0,0.0,True,,False
2022,AP,AGIR,60,3,0,0.0,True,,False
2022,AP,AGIR,70,3,0,0.0,True,,False
2022,AP,AGIR,80,3,0,0.0,True,,False
2022,AP,AGIR,90,3,0,0.0,True,,False
2022,AP,AGIR,95,3,0,0.0,True,,False
2022,AP,AVANTE,50,5,0,0.0,True,,False
2022,AP,AVANTE,60,5,0,0.0,True,,False
2022,AP,AVANTE,70,5,0,0.0,True,,False
2022,AP,AVANTE,80,5,0,0.0,True,,False
2022,AP,AVANTE,90,5,0,0.0,True,,False
2022,AP,AVANTE,95,5,0,0.0,True,,False
2022,AP,MDB,50,9,3,0.3333333333333333,False,0.5171400587659157,True
2022,AP,MDB,60,9,4,0.4444444444444444,False,0.6052889324191969,True
2022,AP,MDB,70,9,6,0.6666666666666666,False,0.7786483839373164,False
2022,AP,MDB,80,9,7,0.7777777777777778,False,0.8570029382957884,True
2022,AP,MDB,90,9,8,0.8888888888888888,False,0.9353574926542605,False
2022,AP,MDB,95,9,9,1.0,False,1.0,False
2022,AP,PATRIOTA,50,9,5,0.5555555555555556,False,0.609,True
2022,AP,PATRIOTA,60,9,5,0.5555555555555556,False,0.609,True
2022,AP,PATRIOTA,70,9,6,0.6666666666666666,False,0.72,True
2022,AP,PATRIOTA,80,9,7,0.7777777777777778,False,0.831,True
2022,AP,PATRIOTA,90,9,8,0.8888888888888888,False,0.942,False
2022,AP,PATRIOTA,95,9,9,1.0,False,1.0,False
2022,AP,PC DO B,50,2,1,0.5,False,0.7525773195876289,False
2022,AP,PC DO B,60,2,1,0.5,False,0.7525773195876289,False
2022,AP,PC DO B,70,2,1,0.5,False,0.7525773195876289,False
2022,AP,PC DO B,80,2,2,1.0,False,1.0,False
2022,AP,PC DO B,90,2,2,1.0,False,1.0,False
2022,AP,PC DO B,95,2,2,1.0,False,1.0,False
2022,AP,PCO,50,1,1,1.0,False,1.0,False
2022,AP,PCO,60,1,1,1.0,False,1.0,False
2022,AP,PCO,70,1,1,1.0,False,1.0,False
2022,AP,PCO,80,1,1,1.0,False,1.0,False
2022,AP,PCO,90,1,1,1.0,False,1.0,False
2022,AP,PCO,95,1,1,1.0,False,1.0,False
2022,AP,PDT,50,9,4,0.4444444444444444,False,0.5513703860077794,False
2022,AP,PDT,60,9,5,0.5555555555555556,False,0.6446428731842723,True
2022,AP,PDT,70,9,6,0.6666666666666666,False,0.737915360360765,False
2022,AP,PDT,80,9,7,0.7777777777777778,False,0.8269298143174121,False
2022,AP,PDT,90,9,8,0.8888888888888888,False,0.9134649071587061,True
2022,AP,PDT,95,9,9,1.0,False,1.0,False
2022,AP,PL,50,9,3,0.3333333333333333,False,0.502411575562701,True
2022,AP,PL,60,9,4,0.4444444444444444,False,0.6028938906752411,True
2022,AP,PL,70,9,5,0.5555555555555556,False,0.7033762057877814,True
2022,AP,PL,80,9,6,0.6666666666666666,False,0.8038585209003215,True
2022,AP,PL,90,9,7,0.7777777777777778,False,0.9043408360128617,False
2022,AP,PL,95,9,8,0.8888888888888888,False,0.9746784565916399,False
2022,AP,PODE,50,9,2,0.2222222222222222,False,0.5001249687578105,False
2022,AP,PODE,60,9,3,0.3333333333333333,False,0.6563359160209947,False
2022,AP,PODE,70,9,4,0.4444444444444444,False,0.7604765475297842,False
2022,AP,PODE,80,9,5,0.5555555555555556,False,0.8437890527368158,False
2022,AP,PODE,90,9,6,0.6666666666666666,False,0.9135632758477047,False
2022,AP,PODE,95,9,7,0.7777777777777778,False,0.9687578105473632,False
2022,AP,PP,50,9,2,0.2222222222222222,False,0.6811594202898551,False
2022,AP,PP,60,9,2,0.2222222222222222,False,0.6811594202898551,False
2022,AP,PP,70,9,3,0.3333333333333333,False,0.7608695652173914,False
2022,AP,PP,80,9,4,0.4444444444444444,False,0.8333333333333334,False
2022,AP,PP,90,9,6,0.6666666666666666,False,0.9420289855072463,False
2022,AP,PP,95,9,7,0.7777777777777778,False,0.9637681159420289,True
2022,AP,PRTB,50,6,2,0.3333333333333333,False,0.6666666666666665,True
2022,AP,PRTB,60,6,2,0.3333333333333333,False,0.6666666666666665,True
2022,AP,PRTB,70,6,3,0.5,False,1.0,False
2022,AP,PRTB,80,6,3,0.5,False,1.0,False
2022,AP,PRTB,90,6,3,0.5,False,1.0,False
2022,AP,PRTB,95,6,3,0.5,False,1.0,False
2022,AP,PSB,50,5,1,0.2,False,0.6118453255017132,False
2022,AP,PSB,60,5,1,0.2,False,0.6118453255017132,False
2022,AP,PSB,70,5,2,0.4,False,0.8609887420460107,False
2022,AP,PSB,80,5,2,0.4,False,0.8609887420460107,False
2022,AP,PSB,90,5,3,0.6,False,0.922173274596182,True
2022,AP,PSB,95,5,4,0.8,False,0.9833578071463533,False
2022,AP,PSC,50,9,1,0.1111111111111111,False,0.5600000089600001,False
2022,AP,PSC,60,9,2,0.2222222222222222,False,0.9600000153600002,False
2022,AP,PSC,70,9,2,0.2222222222222222,False,0.9600000153600002,False
2022,AP,PSC,80,9,2,0.2222222222222222,False,0.9600000153600002,False
2022,AP,PSC,90,9,2,0.2222222222222222,False,0.9600000153600002,False
2022,AP,PSC,95,9,2,0.2222222222222222,False,0.9600000153600002,False
2022,AP,PSD,50,9,3,0.3333333333333333,False,0.5507093560996884,False
2022,AP,PSD,60,9,4,0.4444444444444444,False,0.6522470101695299,False
2022,AP,PSD,70,9,5,0.5555555555555556,False,0.7536902659294789,False
2022,AP,PSD,80,9,6,0.6666666666666666,False,0.841445766754992,True
2022,AP,PSD,90,9,7,0.7777777777777778,False,0.9292012675805053,False
2022,AP,PSD,95,9,8,0.8888888888888888,False,1.0,False
2022,AP,PSDB,50,7,1,0.14285714285714285,False,0.5456782284308278,False
2022,AP,PSDB,60,7,2,0.2857142857142857,False,0.7467259306294151,False
2022,AP,PSDB,70,7,2,0.2857142857142857,False,0.7467259306294151,False
2022,AP,PSDB,80,7,3,0.42857142857142855,False,0.8317666935017518,False
2022,AP,PSDB,90,7,5,0.7142857142857143,False,0.9433061580851088,False
2022,AP,PSDB,95,7,6,0.8571428571428571,False,0.9858265395212772,False
2022,AP,PSOL,50,3,1,0.3333333333333333,False,0.7981705899950072,False
2022,AP,PSOL,60,3,1,0.3333333333333333,False,0.7981705899950072,False
2022,AP,PSOL,70,3,1,0.3333333333333333,False,0.7981705899950072,False
2022,AP,PSOL,80,3,2,0.6666666666666666,False,0.9247566990283222,False
2022,AP,PSOL,90,3,2,0.6666666666666666,False,0.9247566990283222,False
2022,AP,PSOL,95,3,3,1.0,False,1.0,False
2022,AP,PT,50,4,2,0.5,False,0.7560466640049714,False
2022,AP,PT,60,4,2,0.5,False,0.7560466640049714,False
2022,AP,PT,70,4,2,0.5,False,0.7560466640049714,False
2022,AP,PT,80,4,3,0.75,False,0.9243485388812851,False
2022,AP,PT,90,4,3,0.75,False,0.9243485388812851,False
2022,AP,PT,95,4,4,1.0,False,1.0,False
2022,AP,PTB,50,9,2,0.2222222222222222,False,0.5756718528995757,False
2022,AP,PTB,60,9,3,0.3333333333333333,False,0.6605374823196606,True
2022,AP,PTB,70,9,4,0.4444444444444444,False,0.7454031117397454,False
2022,AP,PTB,80,9,5,0.5555555555555556,False,0.8161244695898161,False
2022,AP,PTB,90,9,7,0.7777777777777778,False,0.9292786421499293,False
2022,AP,PTB,95,9,8,0.8888888888888888,False,0.9717114568599717,False
2022,AP,PV,50,3,1,0.3333333333333333,False,1.0,False
2022,AP,PV,60,3,1,0.3333333333333333,False,1.0,False
2022,AP,PV,70,3,1,0.3333333333333333,False,1.0,False
2022,AP,PV,80,3,1,0.3333333333333333,False,1.0,False
2022,AP,PV,90,3,1,0.3333333333333333,False,1.0,False
2022,AP,PV,95,3,1,0.3333333333333333,False,1.0,False
2022,AP,REDE,50,6,2,0.3333333333333333,False,0.5889243467567444,False
2022,AP,REDE,60,6,3,0.5,False,0.7484941003751242,False
2022,AP,REDE,70,6,3,0.5,False,0.7484941003751242,False
2022,AP,REDE,80,6,4,0.6666666666666666,False,0.8683522578473548,False
2022,AP,REDE,90,6,5,0.8333333333333334,False,0.9589714872714337,False
2022,AP,REDE,95,6,5,0.8333333333333334,False,0.9589714872714337,False
2022,AP,REPUBLICANOS,50,8,2,0.25,False,0.7030035779289191,False
2022,AP,REPUBLICANOS,60,8,2,0.25,False,0.7030035779289191,False
2022,AP,REPUBLICANOS,70,8,2,0.25,False,0.7030035779289191,False
2022,AP,REPUBLICANOS,80,8,3,0.375,False,0.8875482369296278,False
2022,AP,REPUBLICANOS,90,8,4,0.5,False,0.962105372126585,False
2022,AP,REPUBLICANOS,95,8,4,0.5,False,0.962105372126585,False
2022,BA,AGIR,50,13,2,0.15384615384615385,False,0.6428571428571429,True
2022,BA,AGIR,60,13,2,0.15384615384615385,False,0.6428571428571429,True
2022,BA,AGIR,70,13,3,0.23076923076923078,False,0.8214285714285713,True
2022,BA,AGIR,80,13,3,0.23076923076923078,False,0.8214285714285713,True
2022,BA,AGIR,90,13,4,0.3076923076923077,False,1.0,False
2022,BA,AGIR,95,13,4,0.3076923076923077,False,1.0,False
2022,BA,AVANTE,50,26,2,0.07692307692307693,False,0.512227764934907,False
2022,BA,AVANTE,60,26,4,0.15384615384615385,False,0.6785091454759298,False
2022,BA,AVANTE,70,26,5,0.19230769230769232,False,0.7548054994524881,False
2022,BA,AVANTE,80,26,6,0.23076923076923078,False,0.8159751794622216,False
2022,BA,AVANTE,90,26,10,0.38461538461538464,False,0.9112828000162225,False
2022,BA,AVANTE,95,26,15,0.5769230769230769,False,0.9538670560084357,True
2022,BA,CIDADANIA,50,12,1,0.08333333333333333,False,0.6487562485877185,False
2022,BA,CIDADANIA,60,12,1,0.08333333333333333,False,0.6487562485877185,False
2022,BA,CIDADANIA,70,12,2,0.16666666666666666,False,0.9403384522011086,False
2022,BA,CIDADANIA,80,12,2,0.16666666666666666,False,0.9403384522011086,False
2022,BA,CIDADANIA,90,12,2,0.16666666666666666,False,0.9403384522011086,False
2022,BA,CIDADANIA,95,12,4,0.3333333333333333,False,0.9590508863551023,True
2022,BA,DC,50,15,6,0.4,False,0.514854374265593,True
2022,BA,DC,60,15,7,0.4666666666666667,False,0.6004683082187237,False
2022,BA,DC,70,15,9,0.6,False,0.7146202201562312,True
2022,BA,DC,80,15,11,0.7333333333333333,False,0.8287721320937386,True
2022,BA,DC,90,15,13,0.8666666666666667,False,0.9429240440312461,True
2022,BA,DC,95,15,14,0.9333333333333333,False,1.0,False
2022,BA,MDB,50,39,2,0.05128205128205128,False,0.5237820333108948,False
2022,BA,MDB,60,39,4,0.10256410256410256,False,0.6387881881932874,False
2022,BA,MDB,70,39,6,0.15384615384615385,False,0.7297377085166317,False
2022,BA,MDB,80,39,8,0.20512820512820512,False,0.8042645288841427,False
2022,BA,MDB,90,39,15,0.38461538461538464,False,0.9052156507631043,False
2022,BA,MDB,95,39,23,0.5897435897435898,False,0.9520962117075432,False
2022,BA,NOVO,50,6,3,0.5,False,0.5,True
2022,BA,NOVO,60,6,4,0.6666666666666666,False,0.6666666666666665,True
2022,BA,NOVO,70,6,5,0.8333333333333334,False,0.8333333333333333,True
2022,BA,NOVO,80,6,5,0.8333333333333334,False,0.8333333333333333,True
2022,BA,NOVO,90,6,6,1.0,False,1.0,False
2022,BA,NOVO,95,6,6,1.0,False,1.0,False
2022,BA,PATRIOTA,50,24,2,0.08333333333333333,False,0.8434466019417476,False
2022,BA,PATRIOTA,60,24,2,0.08333333333333333,False,0.8434466019417476,False
2022,BA,PATRIOTA,70,24,2,0.08333333333333333,False,0.8434466019417476,False
2022,BA,PATRIOTA,80,24,2,0.08333333333333333,False,0.8434466019417476,False
2022,BA,PATRIOTA,90,24,5,0.20833333333333334,False,0.9223300970873787,False
2022,BA,PATRIOTA,95,24,7,0.2916666666666667,False,0.9635922330097088,False
2022,BA,PC DO B,50,3,1,0.3333333333333333,False,0.5076167524887517,False
2022,BA,PC DO B,60,3,2,0.6666666666666666,False,0.9807754845897938,False
2022,BA,PC DO B,70,3,2,0.6666666666666666,False,0.9807754845897938,False
2022,BA,PC DO B,80,3,2,0.6666666666666666,False,0.9807754845897938,False
2022,BA,PC DO B,90,3,2,0.6666666666666666,False,0.9807754845897938,False
2022,BA,PC DO B,95,3,2,0.6666666666666666,False,0.9807754845897938,False
2022,BA,PCB,50,2,0,0.0,True,,False
2022,BA,PCB,60,2,0,0.0,True,,False
2022,BA,PCB,70,2,0,0.0,True,,False
2022,BA,PCB,80,2,0,0.0,True,,False
2022,BA,PCB,90,2,0,0.0,True,,False
2022,BA,PCB,95,2,0,0.0,True,,False
2022,BA,PDT,50,39,4,0.10256410256410256,False,0.5734547942520029,False
2022,BA,PDT,60,39,5,0.1282051282051282,False,0.6457643779458598,False
2022,BA,PDT,70,39,7,0.1794871794871795,False,0.7148065029338881,True
2022,BA,PDT,80,39,11,0.28205128205128205,False,0.8064756477980538,False
2022,BA,PDT,90,39,20,0.5128205128205128,False,0.902083315132839,False
2022,BA,PDT,95,39,28,0.717948717948718,False,0.9553546693398663,True
2022,BA,PL,50,37,4,0.10810810810810811,False,0.5285695647286223,False
2022,BA,PL,60,37,5,0.13513513513513514,False,0.6204534534841366,False
2022,BA,PL,70,37,7,0.1891891891891892,False,0.7758395718818442,False
2022,BA,PL,80,37,8,0.21621621621621623,False,0.8535280368862602,False
2022,BA,PL,90,37,9,0.24324324324324326,False,0.9005893751155594,False
2022,BA,PL,95,37,12,0.32432432432432434,False,0.9640916047577525,False
2022,BA,PMB,50,31,15,0.4838709677419355,False,0.5286972924150408,True
2022,BA,PMB,60,31,18,0.5806451612903226,False,0.6288624664323195,True
2022,BA,PMB,70,31,21,0.6774193548387096,False,0.7290276404495981,True
2022,BA,PMB,80,31,24,0.7741935483870968,False,0.8174303143153903,True
2022,BA,PMB,90,31,28,0.9032258064516129,False,0.9249638035790794,True
2022,BA,PMB,95,31,30,0.967741935483871,False,0.9749879345263599,True
2022,BA,PODE,50,39,5,0.1282051282051282,False,0.5282169735838035,False
2022,BA,PODE,60,39,8,0.20512820512820512,False,0.6223467076940797,False
2022,BA,PODE,70,39,12,0.3076923076923077,False,0.7204883386571612,True
2022,BA,PODE,80,39,17,0.4358974358974359,False,0.8149327716746301,False
2022,BA,PODE,90,39,24,0.6153846153846154,False,0.9014229327058553,False
2022,BA,PODE,95,39,30,0.7692307692307693,False,0.9527593746336226,False
2022,BA,PP,50,38,5,0.13157894736842105,False,0.5438683948155534,False
2022,BA,PP,60,38,6,0.15789473684210525,False,0.6136590229312063,True
2022,BA,PP,70,38,8,0.21052631578947367,False,0.7183449651046859,True
2022,BA,PP,80,38,11,0.2894736842105263,False,0.8045862412761715,False
2022,BA,PP,90,38,17,0.4473684210526316,False,0.9067796610169492,False
2022,BA,PP,95,38,23,0.6052631578947368,False,0.9541375872382851,True
2022,BA,PROS,50,23,3,0.13043478260869565,False,0.5383001952914763,False
2022,BA,PROS,60,23,4,0.17391304347826086,False,0.6408154059858632,True
2022,BA,PROS,70,23,5,0.21739130434782608,False,0.7433306166802498,True
2022,BA,PROS,80,23,6,0.2608695652173913,False,0.8458458273746368,False
2022,BA,PROS,90,23,7,0.30434782608695654,False,0.9227322353954268,True
2022,BA,PROS,95,23,8,0.34782608695652173,False,0.9996186434162169,False
2022,BA,PRTB,50,11,1,0.09090909090909091,False,0.5,True
2022,BA,PRTB,60,11,2,0.18181818181818182,False,1.0,False
2022,BA,PRTB,70,11,2,0.18181818181818182,False,1.0,False
2022,BA,PRTB,80,11,2,0.18181818181818182,False,1.0,False
2022,BA,PRTB,90,11,2,0.18181818181818182,False,1.0,False
2022,BA,PRTB,95,11,2,0.18181818181818182,False,1.0,False
2022,BA,PSB,50,30,1,0.03333333333333333,False,0.5371069449793415,False
2022,BA,PSB,60,30,2,0.06666666666666667,False,0.6887468419414717,False
2022,BA,PSB,70,30,3,0.1,False,0.7253766208590174,False
2022,BA,PSB,80,30,6,0.2,False,0.8084365072387917,False
2022,BA,PSB,90,30,13,0.43333333333333335,False,0.9028172025227689,False
2022,BA,PSB,95,30,19,0.6333333333333333,False,0.954551349763221,False
2022,BA,PSC,50,38,2,0.05263157894736842,False,0.5456503615604527,False
2022,BA,PSC,60,38,3,0.07894736842105263,False,0.6852474032409842,False
2022,BA,PSC,70,38,4,0.10526315789473684,False,0.7925884579741881,False
2022,BA,PSC,80,38,5,0.13157894736842105,False,0.8695162138663175,False
2022,BA,PSC,90,38,9,0.23684210526315788,False,0.9073897160113495,False
2022,BA,PSC,95,38,16,0.42105263157894735,False,0.9550956587699431,False
2022,BA,PSD,50,13,5,0.38461538461538464,False,0.5502179121862222,False
2022,BA,PSD,60,13,6,0.46153846153846156,False,0.6443162073852505,False
2022,BA,PSD,70,13,7,0.5384615384615384,False,0.7356860140082666,False
2022,BA,PSD,80,13,8,0.6153846153846154,False,0.8243273320552703,False
2022,BA,PSD,90,13,10,0.7692307692307693,False,0.9055699304126874,False
2022,BA,PSD,95,13,12,0.9230769230769231,False,0.9724768260556725,False
2022,BA,PSDB,50,17,2,0.11764705882352941,False,0.7144714471447144,False
2022,BA,PSDB,60,17,2,0.11764705882352941,False,0.7144714471447144,False
2022,BA,PSDB,70,17,2,0.11764705882352941,False,0.7144714471447144,False
2022,BA,PSDB,80,17,5,0.29411764705882354,False,0.8313498016468314,False
2022,BA,PSDB,90,17,9,0.5294117647058824,False,0.9117911791179117,False
2022,BA,PSDB,95,17,13,0.7647058823529411,False,0.9621962196219622,False
2022,BA,PSOL,50,27,7,0.25925925925925924,False,0.5401323170797845,False
2022,BA,PSOL,60,27,9,0.3333333333333333,False,0.6250480061375665,False
2022,BA,PSOL,70,27,12,0.4444444444444444,False,0.7269466366030801,False
2022,BA,PSOL,80,27,16,0.5925925925925926,False,0.820240788965842,True
2022,BA,PSOL,90,27,20,0.7407407407407407,False,0.9107431405831505,False
2022,BA,PSOL,95,27,23,0.8518518518518519,False,0.9540175826719879,False
2022,BA,PT,50,26,7,0.2692307692307692,False,0.531548476030976,False
2022,BA,PT,60,26,8,0.3076923076923077,False,0.6024911564805475,False
2022,BA,PT,70,26,10,0.38461538461538464,False,0.742180193476628,False
2022,BA,PT,80,26,11,0.4230769230769231,False,0.8101616783608621,False
2022,BA,PT,90,26,14,0.5384615384615384,False,0.9123268086885056,False
2022,BA,PT,95,26,17,0.6538461538461539,False,0.95768732209236,False
2022,BA,PTB,50,36,2,0.05555555555555555,False,0.5241935483870968,False
2022,BA,PTB,60,36,3,0.08333333333333333,False,0.625,False
2022,BA,PTB,70,36,5,0.1388888888888889,False,0.7056451612903226,True
2022,BA,PTB,80,36,9,0.25,False,0.811491935483871,True
2022,BA,PTB,90,36,14,0.3888888888888889,False,0.9042338709677419,True
2022,BA,PTB,95,36,18,0.5,False,0.9536290322580645,True
2022,BA,PV,50,3,1,0.3333333333333333,False,0.8905652693543965,False
2022,BA,PV,60,3,1,0.3333333333333333,False,0.8905652693543965,False
2022,BA,PV,70,3,1,0.3333333333333333,False,0.8905652693543965,False
2022,BA,PV,80,3,1,0.3333333333333333,False,0.8905652693543965,False
2022,BA,PV,90,3,2,0.6666666666666666,False,0.9473877359507561,False
2022,BA,PV,95,3,3,1.0,False,1.0,False
2022,BA,REDE,50,13,3,0.23076923076923078,False,0.5128122759126776,False
2022,BA,REDE,60,13,4,0.3076923076923077,False,0.6650584396899659,False
2022,BA,REDE,70,13,5,0.38461538461538464,False,0.7564061379563388,False
2022,BA,REDE,80,13,6,0.46153846153846156,False,0.8020799870895253,True
2022,BA,REDE,90,13,9,0.6923076923076923,False,0.9391015344890847,False
2022,BA,REDE,95,13,10,0.7692307692307693,False,0.9665058439689966,False
2022,BA,REPUBLICANOS,50,40,5,0.125,False,0.5224952517852682,False
2022,BA,REPUBLICANOS,60,40,7,0.175,False,0.6332488279872437,False
2022,BA,REPUBLICANOS,70,40,9,0.225,False,0.7151387260355735,False
2022,BA,REPUBLICANOS,80,40,12,0.3,False,0.8122634113333317,False
2022,BA,REPUBLICANOS,90,40,18,0.45,False,0.9052312510395745,False
2022,BA,REPUBLICANOS,95,40,24,0.6,False,0.9516521769199465,True
2022,BA,SOLIDARIEDADE,50,33,5,0.15151515151515152,False,0.5134140535849016,False
2022,BA,SOLIDARIEDADE,60,33,7,0.21212121212121213,False,0.6108051308403563,False
2022,BA,SOLIDARIEDADE,70,33,11,0.3333333333333333,False,0.7182858628817211,False
2022,BA,SOLIDARIEDADE,80,33,16,0.48484848484848486,False,0.8160543133331127,False
2022,BA,SOLIDARIEDADE,90,33,22,0.6666666666666666,False,0.9089797284142892,False
2022,BA,SOLIDARIEDADE,95,33,26,0.7878787878787878,False,0.9527218875829977,True
2022,BA,UNIAO,50,34,8,0.23529411764705882,False,0.5034638945358497,False
2022,BA,UNIAO,60,34,10,0.29411764705882354,False,0.6234668562792463,False
2022,BA,UNIAO,70,34,12,0.35294117647058826,False,0.7340377860516567,False
2022,BA,UNIAO,80,34,15,0.4411764705882353,False,0.823669707277784,False
2022,BA,UNIAO,90,34,19,0.5588235294117647,False,0.9141501827539419,False
2022,BA,UNIAO,95,34,22,0.6470588235294118,False,0.9514942007386161,False
2022,BA,UP,50,1,1,1.0,False,1.0,False
2022,BA,UP,60,1,1,1.0,False,1.0,False
2022,BA,UP,70,1,1,1.0,False,1.0,False
2022,BA,UP,80,1,1,1.0,False,1.0,False
2022,BA,UP,90,1,1,1.0,False,1.0,False
2022,BA,UP,95,1,1,1.0,False,1.0,False
2022,CE,AGIR,50,14,6,0.42857142857142855,False,0.5809183977917023,False
2022,CE,AGIR,60,14,7,0.5,False,0.6417829530512533,True
2022,CE,AGIR,70,14,8,0.5714285714285714,False,0.7026475083108046,True
2022,CE,AGIR,80,14,10,0.7142857142857143,False,0.8243766188299066,True
2022,CE,AGIR,90,14,12,0.8571428571428571,False,0.9461057293490089,False
2022,CE,AGIR,95,14,13,0.9285714285714286,False,0.9730528646745045,True
2022,CE,AVANTE,50,23,7,0.30434782608695654,False,0.5077881619937694,True
2022,CE,AVANTE,60,23,9,0.391304347826087,False,0.6012461059190031,False
2022,CE,AVANTE,70,23,12,0.5217391304347826,False,0.7165109034267912,False
2022,CE,AVANTE,80,23,15,0.6521739130434783,False,0.8130841121495327,True
2022,CE,AVANTE,90,23,18,0.782608695652174,False,0.9065420560747663,False
2022,CE,AVANTE,95,23,20,0.8695652173913043,False,0.9595015576323987,False
2022,CE,CIDADANIA,50,3,1,0.3333333333333333,False,0.9282700421940928,False
2022,CE,CIDADANIA,60,3,1,0.3333333333333333,False,0.9282700421940928,False
2022,CE,CIDADANIA,70,3,1,0.3333333333333333,False,0.9282700421940928,False
2022,CE,CIDADANIA,80,3,1,0.3333333333333333,False,0.9282700421940928,False
2022,CE,CIDADANIA,90,3,1,0.3333333333333333,False,0.9282700421940928,False
2022,CE,CIDADANIA,95,3,2,0.6666666666666666,False,0.9704641350210971,False
2022,CE,MDB,50,22,2,0.09090909090909091,False,0.6717475921514579,False
2022,CE,MDB,60,22,2,0.09090909090909091,False,0.6717475921514579,False
2022,CE,MDB,70,22,3,0.13636363636363635,False,0.7179089275395951,False
2022,CE,MDB,80,22,5,0.22727272727272727,False,0.8029684515359623,False
2022,CE,MDB,90,22,9,0.4090909090909091,False,0.9100256269528981,False
2022,CE,MDB,95,22,12,0.5454545454545454,False,0.9551836916578281,True
2022,CE,NOVO,50,1,1,1.0,False,1.0,False
2022,CE,NOVO,60,1,1,1.0,False,1.0,False
2022,CE,NOVO,70,1,1,1.0,False,1.0,False
2022,CE,NOVO,80,1,1,1.0,False,1.0,False
2022,CE,NOVO,90,1,1,1.0,False,1.0,False
2022,CE,NOVO,95,1,1,1.0,False,1.0,False
2022,CE,PATRIOTA,50,17,7,0.4117647058823529,False,0.5166666666666667,True
2022,CE,PATRIOTA,60,17,9,0.5294117647058824,False,0.65,True
2022,CE,PATRIOTA,70,17,10,0.5882352941176471,False,0.7166666666666667,False
2022,CE,PATRIOTA,80,17,12,0.7058823529411765,False,0.8166666666666667,True
2022,CE,PATRIOTA,90,17,14,0.8235294117647058,False,0.9,True
2022,CE,PATRIOTA,95,17,16,0.9411764705882353,False,0.9666666666666667,True
2022,CE,PC DO B,50,2,1,0.5,False,0.9735973597359736,False
2022,CE,PC DO B,60,2,1,0.5,False,0.9735973597359736,False
2022,CE,PC DO B,70,2,1,0.5,False,0.9735973597359736,False
2022,CE,PC DO B,80,2,1,0.5,False,0.9735973597359736,False
2022,CE,PC DO B,90,2,1,0.5,False,0.9735973597359736,False
2022,CE,PC DO B,95,2,1,0.5,False,0.9735973597359736,False
2022,CE,PCB,50,2,0,0.0,True,,False
2022,CE,PCB,60,2,0,0.0,True,,False
2022,CE,PCB,70,2,0,0.0,True,,False
2022,CE,PCB,80,2,0,0.0,True,,False
2022,CE,PCB,90,2,0,0.0,True,,False
2022,CE,PCB,95,2,0,0.0,True,,False
2022,CE,PCO,50,1,1,1.0,False,1.0,False
2022,CE,PCO,60,1,1,1.0,False,1.0,False
2022,CE,PCO,70,1,1,1.0,False,1.0,False
2022,CE,PCO,80,1,1,1.0,False,1.0,False
2022,CE,PCO,90,1,1,1.0,False,1.0,False
2022,CE,PCO,95,1,1,1.0,False,1.0,False
2022,CE,PDT,50,19,4,0.21052631578947367,False,0.5178028465878394,True
2022,CE,PDT,60,19,5,0.2631578947368421,False,0.6321466039427633,True
2022,CE,PDT,70,19,6,0.3157894736842105,False,0.7464903612976873,True
2022,CE,PDT,80,19,7,0.3684210526315789,False,0.8608341186526113,False
2022,CE,PDT,90,19,9,0.47368421052631576,False,0.910097220779691,False
2022,CE,PDT,95,19,12,0.631578947368421,False,0.9653633701679043,False
2022,CE,PL,50,18,3,0.16666666666666666,False,0.5977102214920287,False
2022,CE,PL,60,18,4,0.2222222222222222,False,0.6879306322832783,False
2022,CE,PL,70,18,5,0.2777777777777778,False,0.7718303725132735,False
2022,CE,PL,80,18,6,0.3333333333333333,False,0.8192863085894708,False
2022,CE,PL,90,18,8,0.4444444444444444,False,0.9097795892087503,True
2022,CE,PL,95,18,9,0.5,False,0.9548897946043752,True
2022,CE,PMB,50,8,4,0.5,False,0.5238095238095238,False
2022,CE,PMB,60,8,5,0.625,False,0.6428571428571429,True
2022,CE,PMB,70,8,6,0.75,False,0.7619047619047619,True
2022,CE,PMB,80,8,7,0.875,False,0.8809523809523809,True
2022,CE,PMB,90,8,8,1.0,False,1.0,False
2022,CE,PMB,95,8,8,1.0,False,1.0,False
2022,CE,PMN,50,8,2,0.25,False,0.648854961832061,False
2022,CE,PMN,60,8,2,0.25,False,0.648854961832061,False
2022,CE,PMN,70,8,3,0.375,False,0.8015267175572519,False
2022,CE,PMN,80,8,3,0.375,False,0.8015267175572519,False
2022,CE,PMN,90,8,4,0.5,False,0.916030534351145,False
2022,CE,PMN,95,8,5,0.625,False,0.9541984732824428,False
2022,CE,PODE,50,18,8,0.4444444444444444,False,0.5192641786182475,True
2022,CE,PODE,60,18,10,0.5555555555555556,False,0.6468424189927907,True
2022,CE,PODE,70,18,11,0.6111111111111112,False,0.709512637040053,True
2022,CE,PODE,80,18,13,0.7222222222222222,False,0.8348530731345776,True
2022,CE,PODE,90,18,15,0.8333333333333334,False,0.9572076464074964,False
2022,CE,PODE,95,18,15,0.8333333333333334,False,0.9572076464074964,False
2022,CE,PP,50,16,3,0.1875,False,0.6129335058492098,False
2022,CE,PP,60,16,3,0.1875,False,0.6129335058492098,False
2022,CE,PP,70,16,5,0.3125,False,0.7641441202297387,False
2022,CE,PP,80,16,6,0.375,False,0.8078143450811617,False
2022,CE,PP,90,16,9,0.5625,False,0.9060105154687317,True
2022,CE,PP,95,16,12,0.75,False,0.9708496130956598,False
2022,CE,PROS,50,12,0,0.0,True,,False
2022,CE,PROS,60,12,0,0.0,True,,False
2022,CE,PROS,70,12,0,0.0,True,,False
2022,CE,PROS,80,12,0,0.0,True,,False
2022,CE,PROS,90,12,0,0.0,True,,False
2022,CE,PROS,95,12,0,0.0,True,,False
2022,CE,PSB,50,22,4,0.18181818181818182,False,0.5393149758105737,False
2022,CE,PSB,60,22,6,0.2727272727272727,False,0.6325801842539314,False
2022,CE,PSB,70,22,8,0.36363636363636365,False,0.7224250085368208,False
2022,CE,PSB,80,22,10,0.45454545454545453,False,0.8005749186439216,False
2022,CE,PSB,90,22,14,0.6363636363636364,False,0.9105129091576226,False
2022,CE,PSB,95,22,17,0.7727272727272727,False,0.9578524964633172,False
2022,CE,PSC,50,18,4,0.2222222222222222,False,0.52,True
2022,CE,PSC,60,18,5,0.2777777777777778,False,0.62,False
2022,CE,PSC,70,18,7,0.3888888888888889,False,0.73,False
2022,CE,PSC,80,18,9,0.5,False,0.81,True
2022,CE,PSC,90,18,12,0.6666666666666666,False,0.93,False
2022,CE,PSC,95,18,13,0.7222222222222222,False,0.96,False
2022,CE,PSD,50,17,3,0.17647058823529413,False,0.5237538706218297,True
2022,CE,PSD,60,17,4,0.23529411764705882,False,0.6562887815222237,False
2022,CE,PSD,70,17,5,0.29411764705882354,False,0.7165319228405846,True
2022,CE,PSD,80,17,7,0.4117647058823529,False,0.8249695772136342,False
2022,CE,PSD,90,17,9,0.5294117647058824,False,0.9132257792450329,False
2022,CE,PSD,95,17,11,0.6470588235294118,False,0.9560225068375965,False
2022,CE,PSDB,50,11,2,0.18181818181818182,False,0.9288142118666736,False
2022,CE,PSDB,60,11,2,0.18181818181818182,False,0.9288142118666736,False
2022,CE,PSDB,70,11,2,0.18181818181818182,False,0.9288142118666736,False
2022,CE,PSDB,80,11,2,0.18181818181818182,False,0.9288142118666736,False
2022,CE,PSDB,90,11,2,0.18181818181818182,False,0.9288142118666736,False
2022,CE,PSDB,95,11,3,0.2727272727272727,False,0.9501003434975875,False
2022,CE,PSOL,50,18,5,0.2777777777777778,False,0.5413099554289407,False
2022,CE,PSOL,60,18,6,0.3333333333333333,False,0.6328001084977319,False
2022,CE,PSOL,70,18,7,0.3888888888888889,False,0.7099926037715459,False
2022,CE,PSOL,80,18,9,0.5,False,0.8115211855289336,False
2022,CE,PSOL,90,18,12,0.6666666666666666,False,0.9249623857736518,False
2022,CE,PSOL,95,18,14,0.7777777777777778,False,0.9509498566031948,False
2022,CE,PT,50,15,2,0.13333333333333333,False,0.5021510832886993,True
2022,CE,PT,60,15,3,0.2,False,0.7220712657509034,False
2022,CE,PT,70,15,3,0.2,False,0.7220712657509034,False
2022,CE,PT,80,15,4,0.26666666666666666,False,0.8286102676276142,False
2022,CE,PT,90,15,6,0.4,False,0.9218991872492898,False
2022,CE,PT,95,15,8,0.5333333333333333,False,0.9596905157593532,False
2022,CE,PTB,50,19,1,0.05263157894736842,False,0.5049253169553921,False
2022,CE,PTB,60,19,2,0.10526315789473684,False,0.662304636525904,True
2022,CE,PTB,70,19,3,0.15789473684210525,False,0.8196839560964159,False
2022,CE,PTB,80,19,3,0.15789473684210525,False,0.8196839560964159,False
2022,CE,PTB,90,19,5,0.2631578947368421,False,0.9180316043903585,False
2022,CE,PTB,95,19,7,0.3684210526315789,False,0.9508189626342151,True
2022,CE,PV,50,2,1,0.5,False,0.7904066184890909,False
2022,CE,PV,60,2,1,0.5,False,0.7904066184890909,False
2022,CE,PV,70,2,1,0.5,False,0.7904066184890909,False
2022,CE,PV,80,2,2,1.0,False,1.0,False
2022,CE,PV,90,2,2,1.0,False,1.0,False
2022,CE,PV,95,2,2,1.0,False,1.0,False
2022,CE,REDE,50,4,1,0.25,False,0.6537722659746739,False
2022,CE,REDE,60,4,1,0.25,False,0.6537722659746739,False
2022,CE,REDE,70,4,2,0.5,False,0.9152811723645434,False
2022,CE,REDE,80,4,2,0.5,False,0.9152811723645434,False
2022,CE,REDE,90,4,2,0.5,False,0.9152811723645434,False
2022,CE,REDE,95,4,3,0.75,False,0.9620510344688855,False
2022,CE,REPUBLICANOS,50,16,3,0.1875,False,0.5683194051650622,False
2022,CE,REPUBLICANOS,60,16,4,0.25,False,0.6790774679966457,False
2022,CE,REPUBLICANOS,70,16,5,0.3125,False,0.7378593395102099,False
2022,CE,REPUBLICANOS,80,16,7,0.4375,False,0.8459365093757535,False
2022,CE,REPUBLICANOS,90,16,9,0.5625,False,0.9191106489041672,False
2022,CE,REPUBLICANOS,95,16,11,0.6875,False,0.9554714381537963,False
2022,CE,UNIAO,50,23,5,0.21739130434782608,False,0.5163032107553124,False
2022,CE,UNIAO,60,23,6,0.2608695652173913,False,0.6085356741148199,False
2022,CE,UNIAO,70,23,8,0.34782608695652173,False,0.7328631024245946,False
2022,CE,UNIAO,80,23,10,0.43478260869565216,False,0.8212790502369129,False
2022,CE,UNIAO,90,23,13,0.5652173913043478,False,0.9112072337632409,False
2022,CE,UNIAO,95,23,16,0.6956521739130435,False,0.9518292610757256,False
2022,CE,UP,50,1,1,1.0,False,1.0,False
2022,CE,UP,60,1,1,1.0,False,1.0,False
2022,CE,UP,70,1,1,1.0,False,1.0,False
2022,CE,UP,80,1,1,1.0,False,1.0,False
2022,CE,UP,90,1,1,1.0,False,1.0,False
2022,CE,UP,95,1,1,1.0,False,1.0,False
2022,DF,AGIR,50,8,3,0.375,False,0.6385549193844215,False
2022,DF,AGIR,60,8,3,0.375,False,0.6385549193844215,False
2022,DF,AGIR,70,8,4,0.5,False,0.8189998996432161,False
2022,DF,AGIR,80,8,4,0.5,False,0.8189998996432161,False
2022,DF,AGIR,90,8,5,0.625,False,0.9810384428168912,False
2022,DF,AGIR,95,8,5,0.625,False,0.9810384428168912,False
2022,DF,AVANTE,50,9,2,0.2222222222222222,False,0.5633803364411931,False
2022,DF,AVANTE,60,9,3,0.3333333333333333,False,0.8169015131918476,False
2022,DF,AVANTE,70,9,3,0.3333333333333333,False,0.8169015131918476,False
2022,DF,AVANTE,80,9,3,0.3333333333333333,False,0.8169015131918476,False
2022,DF,AVANTE,90,9,6,0.6666666666666666,False,0.9267606052767391,False
2022,DF,AVANTE,95,9,7,0.7777777777777778,False,0.9549295967466809,True
2022,DF,CIDADANIA,50,6,1,0.16666666666666666,False,0.5167853509664293,False
2022,DF,CIDADANIA,60,6,2,0.3333333333333333,False,0.7355035605289929,False
2022,DF,CIDADANIA,70,6,2,0.3333333333333333,False,0.7355035605289929,False
2022,DF,CIDADANIA,80,6,3,0.5,False,0.8219735503560529,True
2022,DF,CIDADANIA,90,6,4,0.6666666666666666,False,0.9084435401831129,False
2022,DF,CIDADANIA,95,6,5,0.8333333333333334,False,0.9694811800610377,False
2022,DF,DC,50,9,3,0.3333333333333333,False,0.517359985311199,False
2022,DF,DC,60,9,4,0.4444444444444444,False,0.6292790273570885,False
2022,DF,DC,70,9,5,0.5555555555555556,False,0.7343985727435153,False
2022,DF,DC,80,9,6,0.6666666666666666,False,0.826504205954991,False
2022,DF,DC,90,9,8,0.8888888888888888,False,0.9512408943294237,False
2022,DF,DC,95,9,8,0.8888888888888888,False,0.9512408943294237,False
2022,DF,MDB,50,8,2,0.25,False,0.5830856761170146,False
2022,DF,MDB,60,8,3,0.375,False,0.6821403354844812,False
2022,DF,MDB,70,8,4,0.5,False,0.7803391543624778,False
2022,DF,MDB,80,8,5,0.625,False,0.8726362083619775,False
2022,DF,MDB,90,8,6,0.75,False,0.9499245676256517,False
2022,DF,MDB,95,8,7,0.875,False,0.9849535488562755,False
2022,DF,NOVO,50,6,1,0.16666666666666666,False,0.904662943688981,False
2022,DF,NOVO,60,6,1,0.16666666666666666,False,0.904662943688981,False
2022,DF,NOVO,70,6,1,0.16666666666666666,False,0.904662943688981,False
2022,DF,NOVO,80,6,1,0.16666666666666666,False,0.904662943688981,False
2022,DF,NOVO,90,6,1,0.16666666666666666,False,0.904662943688981,False
2022,DF,NOVO,95,6,3,0.5,False,0.9589812378719491,True
2022,DF,PATRIOTA,50,7,1,0.14285714285714285,False,0.6753246753246753,False
2022,DF,PATRIOTA,60,7,1,0.14285714285714285,False,0.6753246753246753,False
2022,DF,PATRIOTA,70,7,2,0.2857142857142857,False,0.8051948051948052,False
2022,DF,PATRIOTA,80,7,2,0.2857142857142857,False,0.8051948051948052,False
2022,DF,PATRIOTA,90,7,4,0.5714285714285714,False,0.9090909090909091,True
2022,DF,PATRIOTA,95,7,5,0.7142857142857143,False,0.961038961038961,False
2022,DF,PC DO B,50,2,1,0.5,False,0.6688606761261459,False
2022,DF,PC DO B,60,2,1,0.5,False,0.6688606761261459,False
2022,DF,PC DO B,70,2,2,1.0,False,1.0,False
2022,DF,PC DO B,80,2,2,1.0,False,1.0,False
2022,DF,PC DO B,90,2,2,1.0,False,1.0,False
2022,DF,PC DO B,95,2,2,1.0,False,1.0,False
2022,DF,PCO,50,5,3,0.6,False,0.5999999999999999,True
2022,DF,PCO,60,5,3,0.6,False,0.5999999999999999,True
2022,DF,PCO,70,5,4,0.8,False,0.8,True
2022,DF,PCO,80,5,4,0.8,False,0.8,True
2022,DF,PCO,90,5,5,1.0,False,1.0,False
2022,DF,PCO,95,5,5,1.0,False,1.0,False
2022,DF,PDT,50,9,4,0.4444444444444444,False,0.5250980488887793,False
2022,DF,PDT,60,9,5,0.5555555555555556,False,0.6266002318640389,False
2022,DF,PDT,70,9,6,0.6666666666666666,False,0.7271157593547273,True
2022,DF,PDT,80,9,7,0.7777777777777778,False,0.8276312868454158,False
2022,DF,PDT,90,9,8,0.8888888888888888,False,0.9241508596235909,False
2022,DF,PDT,95,9,9,1.0,False,1.0,False
2022,DF,PL,50,8,2,0.25,False,0.6606260296540363,False
2022,DF,PL,60,8,2,0.25,False,0.6606260296540363,False
2022,DF,PL,70,8,3,0.375,False,0.7564132737114615,False
2022,DF,PL,80,8,4,0.5,False,0.8333725582489998,False
2022,DF,PL,90,8,5,0.625,False,0.9009178630265945,False
2022,DF,PL,95,8,7,0.875,False,0.9795245940221229,False
2022,DF,PMN,50,9,1,0.1111111111111111,False,0.8296007673060001,False
2022,DF,PMN,60,9,1,0.1111111111111111,False,0.8296007673060001,False
2022,DF,PMN,70,9,1,0.1111111111111111,False,0.8296007673060001,False
2022,DF,PMN,80,9,1,0.1111111111111111,False,0.8296007673060001,False
2022,DF,PMN,90,9,2,0.2222222222222222,False,0.9695681022709662,False
2022,DF,PMN,95,9,2,0.2222222222222222,False,0.9695681022709662,False
2022,DF,PODE,50,9,3,0.3333333333333333,False,0.5361072894840695,False
2022,DF,PODE,60,9,4,0.4444444444444444,False,0.6389641707020868,False
2022,DF,PODE,70,9,5,0.5555555555555556,False,0.7274210885495817,False
2022,DF,PODE,80,9,6,0.6666666666666666,False,0.8065124158666687,False
2022,DF,PODE,90,9,8,0.8888888888888888,False,0.9427838839019987,False
2022,DF,PODE,95,9,9,1.0,False,1.0,False
2022,DF,PP,50,9,3,0.3333333333333333,False,0.5175521470963796,False
2022,DF,PP,60,9,4,0.4444444444444444,False,0.6748820051380041,False
2022,DF,PP,70,9,5,0.5555555555555556,False,0.7663868813813677,False
2022,DF,PP,80,9,6,0.6666666666666666,False,0.8477418198498698,False
2022,DF,PP,90,9,7,0.7777777777777778,False,0.9186248092488124,False
2022,DF,PP,95,9,8,0.8888888888888888,False,0.9731657254418289,False
2022,DF,PROS,50,8,1,0.125,False,0.7272727272727273,False
2022,DF,PROS,60,8,1,0.125,False,0.7272727272727273,False
2022,DF,PROS,70,8,1,0.125,False,0.7272727272727273,False
2022,DF,PROS,80,8,2,0.25,False,0.9090909090909091,False
2022,DF,PROS,90,8,2,0.25,False,0.9090909090909091,False
2022,DF,PROS,95,8,3,0.375,False,1.0,False
2022,DF,PRTB,50,3,1,0.3333333333333333,False,0.5447151944835623,False
2022,DF,PRTB,60,3,2,0.6666666666666666,False,0.7723575972417812,True
2022,DF,PRTB,70,3,2,0.6666666666666666,False,0.7723575972417812,True
2022,DF,PRTB,80,3,3,1.0,False,1.0,False
2022,DF,PRTB,90,3,3,1.0,False,1.0,False
2022,DF,PRTB,95,3,3,1.0,False,1.0,False
2022,DF,PSB,50,9,2,0.2222222222222222,False,0.7376403772900497,False
2022,DF,PSB,60,9,2,0.2222222222222222,False,0.7376403772900497,False
2022,DF,PSB,70,9,2,0.2222222222222222,False,0.7376403772900497,False
2022,DF,PSB,80,9,4,0.4444444444444444,False,0.8572054635720416,False
2022,DF,PSB,90,9,6,0.6666666666666666,False,0.922732141902586,False
2022,DF,PSB,95,9,7,0.7777777777777778,False,0.9527607342277488,True
2022,DF,PSC,50,9,3,0.3333333333333333,False,0.5228519195612431,True
2022,DF,PSC,60,9,4,0.4444444444444444,False,0.6343692870201096,False
2022,DF,PSC,70,9,5,0.5555555555555556,False,0.7257769652650823,True
2022,DF,PSC,80,9,6,0.6666666666666666,False,0.8171846435100548,False
2022,DF,PSC,90,9,8,0.8888888888888888,False,0.9542961608775137,False
2022,DF,PSC,95,9,8,0.8888888888888888,False,0.9542961608775137,False
2022,DF,PSD,50,9,4,0.4444444444444444,False,0.6052631578947368,True
2022,DF,PSD,60,9,4,0.4444444444444444,False,0.6052631578947368,True
2022,DF,PSD,70,9,5,0.5555555555555556,False,0.7368421052631579,False
2022,DF,PSD,80,9,6,0.6666666666666666,False,0.8289473684210527,False
2022,DF,PSD,90,9,7,0.7777777777777778,False,0.9078947368421053,False
2022,DF,PSD,95,9,8,0.8888888888888888,False,0.9736842105263158,False
2022,DF,PSDB,50,3,1,0.3333333333333333,False,0.9836513687074118,False
2022,DF,PSDB,60,3,1,0.3333333333333333,False,0.9836513687074118,False
2022,DF,PSDB,70,3,1,0.3333333333333333,False,0.9836513687074118,False
2022,DF,PSDB,80,3,1,0.3333333333333333,False,0.9836513687074118,False
2022,DF,PSDB,90,3,1,0.3333333333333333,False,0.9836513687074118,False
2022,DF,PSDB,95,3,1,0.3333333333333333,False,0.9836513687074118,False
2022,DF,PSOL,50,6,3,0.5,False,0.6568643757540745,False
2022,DF,PSOL,60,6,3,0.5,False,0.6568643757540745,False
2022,DF,PSOL,70,6,4,0.6666666666666666,False,0.7755557977993506,False
2022,DF,PSOL,80,6,5,0.8333333333333334,False,0.8878036276963899,False
2022,DF,PSOL,90,6,6,1.0,False,1.0,False
2022,DF,PSOL,95,6,6,1.0,False,1.0,False
2022,DF,PSTU,50,2,1,0.5,False,0.5,True
2022,DF,PSTU,60,2,2,1.0,False,1.0,False
2022,DF,PSTU,70,2,2,1.0,False,1.0,False
2022,DF,PSTU,80,2,2,1.0,False,1.0,False
2022,DF,PSTU,90,2,2,1.0,False,1.0,False
2022,DF,PSTU,95,2,2,1.0,False,1.0,False
2022,DF,PT,50,4,1,0.25,False,0.5911470678774534,False
2022,DF,PT,60,4,2,0.5,False,0.7778375542830984,False
2022,DF,PT,70,4,2,0.5,False,0.7778375542830984,False
2022,DF,PT,80,4,3,0.75,False,0.8937161777032087,False
2022,DF,PT,90,4,4,1.0,False,1.0,False
2022,DF,PT,95,4,4,1.0,False,1.0,False
2022,DF,PTB,50,9,2,0.2222222222222222,False,0.5340909090909091,False
2022,DF,PTB,60,9,3,0.3333333333333333,False,0.7159090909090909,False
2022,DF,PTB,70,9,3,0.3333333333333333,False,0.7159090909090909,False
2022,DF,PTB,80,9,4,0.4444444444444444,False,0.8636363636363636,False
2022,DF,PTB,90,9,5,0.5555555555555556,False,0.9318181818181818,True
2022,DF,PTB,95,9,6,0.6666666666666666,False,1.0,False
2022,DF,PV,50,2,1,0.5,False,0.8035971109838683,False
2022,DF,PV,60,2,1,0.5,False,0.8035971109838683,False
2022,DF,PV,70,2,1,0.5,False,0.8035971109838683,False
2022,DF,PV,80,2,1,0.5,False,0.8035971109838683,False
2022,DF,PV,90,2,2,1.0,False,1.0,False
2022,DF,PV,95,2,2,1.0,False,1.0,False
2022,DF,REDE,50,3,2,0.6666666666666666,False,0.7169760112366844,False
2022,DF,REDE,60,3,2,0.6666666666666666,False,0.7169760112366844,False
2022,DF,REDE,70,3,2,0.6666666666666666,False,0.7169760112366844,False
2022,DF,REDE,80,3,3,1.0,False,1.0,False
2022,DF,REDE,90,3,3,1.0,False,1.0,False
2022,DF,REDE,95,3,3,1.0,False,1.0,False
2022,DF,REPUBLICANOS,50,9,3,0.3333333333333333,False,0.5431914043569149,False
2022,DF,REPUBLICANOS,60,9,4,0.4444444444444444,False,0.645692503917849,False
2022,DF,REPUBLICANOS,70,9,5,0.5555555555555556,False,0.7310207048742077,False
2022,DF,REPUBLICANOS,80,9,6,0.6666666666666666,False,0.8105114487644367,False
2022,DF,REPUBLICANOS,90,9,8,0.8888888888888888,False,0.9512759772771006,False
2022,DF,REPUBLICANOS,95,9,8,0.8888888888888888,False,0.9512759772771006,False
2022,DF,SOLIDARIEDADE,50,7,2,0.2857142857142857,False,0.7232142857142857,False
2022,DF,SOLIDARIEDADE,60,7,2,0.2857142857142857,False,0.7232142857142857,False
2022,DF,SOLIDARIEDADE,70,7,2,0.2857142857142857,False,0.7232142857142857,False
2022,DF,SOLIDARIEDADE,80,7,3,0.42857142857142855,False,1.0,False
2022,DF,SOLIDARIEDADE,90,7,3,0.42857142857142855,False,1.0,False
2022,DF,SOLIDARIEDADE,95,7,3,0.42857142857142855,False,1.0,False
2022,DF,UNIAO,50,9,3,0.3333333333333333,False,0.6702790998961367,False
2022,DF,UNIAO,60,9,3,0.3333333333333333,False,0.6702790998961367,False
2022,DF,UNIAO,70,9,4,0.4444444444444444,False,0.7722333517494203,False
2022,DF,UNIAO,80,9,5,0.5555555555555556,False,0.8386901986119756,False
2022,DF,UNIAO,90,9,6,0.6666666666666666,False,0.9011793831536391,False
2022,DF,UNIAO,95,9,8,0.8888888888888888,False,0.9757839133324173,False
2022,DF,UP,50,1,1,1.0,False,1.0,False
2022,DF,UP,60,1,1,1.0,False,1.0,False
2022,DF,UP,70,1,1,1.0,False,1.0,False
2022,DF,UP,80,1,1,1.0,False,1.0,False
2022,DF,UP,90,1,1,1.0,False,1.0,False
2022,DF,UP,95,1,1,1.0,False,1.0,False
2022,ES,AGIR,50,3,0,0.0,True,,False
2022,ES,AGIR,60,3,0,0.0,True,,False
2022,ES,AGIR,70,3,0,0.0,True,,False
2022,ES,AGIR,80,3,0,0.0,True,,False
2022,ES,AGIR,90,3,0,0.0,True,,False
2022,ES,AGIR,95,3,0,0.0,True,,False
2022,ES,AVANTE,50,7,1,0.14285714285714285,False,1.0,False
2022,ES,AVANTE,60,7,1,0.14285714285714285,False,1.0,False
2022,ES,AVANTE,70,7,1,0.14285714285714285,False,1.0,False
2022,ES,AVANTE,80,7,1,0.14285714285714285,False,1.0,False
2022,ES,AVANTE,90,7,1,0.14285714285714285,False,1.0,False
2022,ES,AVANTE,95,7,1,0.14285714285714285,False,1.0,False
2022,ES,CIDADANIA,50,2,1,0.5,False,1.0,False
2022,ES,CIDADANIA,60,2,1,0.5,False,1.0,False
2022,ES,CIDADANIA,70,2,1,0.5,False,1.0,False
2022,ES,CIDADANIA,80,2,1,0.5,False,1.0,False
2022,ES,CIDADANIA,90,2,1,0.5,False,1.0,False
2022,ES,CIDADANIA,95,2,1,0.5,False,1.0,False
2022,ES,DC,50,8,4,0.5,False,0.5786770854421744,False
2022,ES,DC,60,8,5,0.625,False,0.6923014461882421,True
2022,ES,DC,70,8,6,0.75,False,0.8059258069343098,False
2022,ES,DC,80,8,6,0.75,False,0.8059258069343098,False
2022,ES,DC,90,8,7,0.875,False,0.9029629034671549,True
2022,ES,DC,95,8,8,1.0,False,1.0,False
2022,ES,NOVO,50,1,1,1.0,False,1.0,False
2022,ES,NOVO,60,1,1,1.0,False,1.0,False
2022,ES,NOVO,70,1,1,1.0,False,1.0,False
2022,ES,NOVO,80,1,1,1.0,False,1.0,False
2022,ES,NOVO,90,1,1,1.0,False,1.0,False
2022,ES,NOVO,95,1,1,1.0,False,1.0,False
2022,ES,PATRIOTA,50,11,3,0.2727272727272727,False,0.5514705882352942,False
2022,ES,PATRIOTA,60,11,4,0.36363636363636365,False,0.6397058823529411,False
2022,ES,PATRIOTA,70,11,5,0.45454545454545453,False,0.7181372549019608,True
2022,ES,PATRIOTA,80,11,7,0.6363636363636364,False,0.8668300653594772,False
2022,ES,PATRIOTA,90,11,8,0.7272727272727273,False,0.9068627450980392,False
2022,ES,PATRIOTA,95,11,10,0.9090909090909091,False,0.9689542483660131,True
2022,ES,PC DO B,50,2,1,0.5,False,0.9753086419753086,False
2022,ES,PC DO B,60,2,1,0.5,False,0.9753086419753086,False
2022,ES,PC DO B,70,2,1,0.5,False,0.9753086419753086,False
2022,ES,PC DO B,80,2,1,0.5,False,0.9753086419753086,False
2022,ES,PC DO B,90,2,1,0.5,False,0.9753086419753086,False
2022,ES,PC DO B,95,2,1,0.5,False,0.9753086419753086,False
2022,ES,PDT,50,11,2,0.18181818181818182,False,0.6292121499762696,False
2022,ES,PDT,60,11,2,0.18181818181818182,False,0.6292121499762696,False
2022,ES,PDT,70,11,4,0.36363636363636365,False,0.7478642619838634,True
2022,ES,PDT,80,11,5,0.45454545454545453,False,0.8071903179876602,True
2022,ES,PDT,90,11,8,0.7272727272727273,False,0.9258424299952539,True
2022,ES,PDT,95,11,9,0.8181818181818182,False,0.9555054579971524,True
2022,ES,PL,50,11,6,0.5454545454545454,False,0.5559502664298401,True
2022,ES,PL,60,11,7,0.6363636363636364,False,0.6447602131438721,True
2022,ES,PL,70,11,8,0.7272727272727273,False,0.7335701598579041,True
2022,ES,PL,80,11,9,0.8181818181818182,False,0.822380106571936,True
2022,ES,PL,90,11,10,0.9090909090909091,False,0.911190053285968,True
2022,ES,PL,95,11,11,1.0,False,1.0,False
2022,ES,PMB,50,6,0,0.0,True,,False
2022,ES,PMB,60,6,0,0.0,True,,False
2022,ES,PMB,70,6,0,0.0,True,,False
2022,ES,PMB,80,6,0,0.0,True,,False
2022,ES,PMB,90,6,0,0.0,True,,False
2022,ES,PMB,95,6,0,0.0,True,,False
2022,ES,PODE,50,11,3,0.2727272727272727,False,0.5696380885924773,False
2022,ES,PODE,60,11,4,0.36363636363636365,False,0.6367332698165618,True
2022,ES,PODE,70,11,5,0.45454545454545453,False,0.7038284510406463,True
2022,ES,PODE,80,11,7,0.6363636363636364,False,0.8313092953664067,False
2022,ES,PODE,90,11,9,0.8181818181818182,False,0.9359777780759786,False
2022,ES,PODE,95,11,10,0.9090909090909091,False,0.9802605976838743,False
2022,ES,PP,50,11,4,0.36363636363636365,False,0.5548691023484903,False
2022,ES,PP,60,11,5,0.45454545454545453,False,0.689534182950648,False
2022,ES,PP,70,11,6,0.5454545454545454,False,0.7843541257134924,False
2022,ES,PP,80,11,7,0.6363636363636364,False,0.835826546807309,False
2022,ES,PP,90,11,9,0.8181818181818182,False,0.919012895714155,False
2022,ES,PP,95,11,10,0.9090909090909091,False,0.9604262180249711,False
2022,ES,PRTB,50,8,0,0.0,True,,False
2022,ES,PRTB,60,8,0,0.0,True,,False
2022,ES,PRTB,70,8,0,0.0,True,,False
2022,ES,PRTB,80,8,0,0.0,True,,False
2022,ES,PRTB,90,8,0,0.0,True,,False
2022,ES,PRTB,95,8,0,0.0,True,,False
2022,ES,PSB,50,11,3,0.2727272727272727,False,0.5733990062167498,False
2022,ES,PSB,60,11,4,0.36363636363636365,False,0.6741526180448207,True
2022,ES,PSB,70,11,5,0.45454545454545453,False,0.7749062298728918,False
2022,ES,PSB,80,11,6,0.5454545454545454,False,0.8206585709460336,False
2022,ES,PSB,90,11,9,0.8181818181818182,False,0.9345101523117538,True
2022,ES,PSB,95,11,10,0.9090909090909091,False,0.9697739164515787,False
2022,ES,PSC,50,10,2,0.2,False,0.6557377049180327,False
2022,ES,PSC,60,10,2,0.2,False,0.6557377049180327,False
2022,ES,PSC,70,10,3,0.3,False,0.7704918032786885,False
2022,ES,PSC,80,10,4,0.4,False,0.8524590163934426,False
2022,ES,PSC,90,10,5,0.5,False,0.9016393442622951,False
2022,ES,PSC,95,10,7,0.7,False,0.9508196721311475,True
2022,ES,PSD,50,5,2,0.4,False,0.7272727272727273,False
2022,ES,PSD,60,5,2,0.4,False,0.7272727272727273,False
2022,ES,PSD,70,5,2,0.4,False,0.7272727272727273,False
2022,ES,PSD,80,5,3,0.6,False,0.9090909090909091,False
2022,ES,PSD,90,5,3,0.6,False,0.9090909090909091,False
2022,ES,PSD,95,5,4,0.8,False,0.9545454545454546,True
2022,ES,PSDB,50,9,3,0.3333333333333333,False,0.6299336784212229,True
2022,ES,PSDB,60,9,3,0.3333333333333333,False,0.6299336784212229,True
2022,ES,PSDB,70,9,4,0.4444444444444444,False,0.8200016175994823,False
2022,ES,PSDB,80,9,4,0.4444444444444444,False,0.8200016175994823,False
2022,ES,PSDB,90,9,5,0.5555555555555556,False,0.9049660304108703,False
2022,ES,PSDB,95,9,6,0.6666666666666666,False,0.9676480103526367,False
2022,ES,PSOL,50,3,2,0.6666666666666666,False,0.808536886738294,False
2022,ES,PSOL,60,3,2,0.6666666666666666,False,0.808536886738294,False
2022,ES,PSOL,70,3,2,0.6666666666666666,False,0.808536886738294,False
2022,ES,PSOL,80,3,2,0.6666666666666666,False,0.808536886738294,False
2022,ES,PSOL,90,3,3,1.0,False,1.0,False
2022,ES,PSOL,95,3,3,1.0,False,1.0,False
2022,ES,PT,50,7,1,0.14285714285714285,False,0.5093094445549602,False
2022,ES,PT,60,7,2,0.2857142857142857,False,0.77111690326931,False
2022,ES,PT,70,7,2,0.2857142857142857,False,0.77111690326931,False
2022,ES,PT,80,7,3,0.42857142857142855,False,0.8406434687533634,False
2022,ES,PT,90,7,5,0.7142857142857143,False,0.9256053988778431,True
2022,ES,PT,95,7,6,0.8571428571428571,False,0.9656295489928038,False
2022,ES,PTB,50,11,2,0.18181818181818182,False,0.7632826191002816,False
2022,ES,PTB,60,11,2,0.18181818181818182,False,0.7632826191002816,False
2022,ES,PTB,70,11,2,0.18181818181818182,False,0.7632826191002816,False
2022,ES,PTB,80,11,3,0.2727272727272727,False,0.8221257180455241,False
2022,ES,PTB,90,11,6,0.5454545454545454,False,0.9209821242735315,False
2022,ES,PTB,95,11,8,0.7272727272727273,False,0.963012909234419,True
2022,ES,PV,50,2,1,0.5,False,0.5202702702702703,False
2022,ES,PV,60,2,2,1.0,False,1.0,False
2022,ES,PV,70,2,2,1.0,False,1.0,False
2022,ES,PV,80,2,2,1.0,False,1.0,False
2022,ES,PV,90,2,2,1.0,False,1.0,False
2022,ES,PV,95,2,2,1.0,False,1.0,False
2022,ES,REDE,50,8,2,0.25,False,0.5105798279760755,False
2022,ES,REDE,60,8,3,0.375,False,0.6203886964366925,False
2022,ES,REDE,70,8,4,0.5,False,0.7150334128101423,False
2022,ES,REDE,80,8,5,0.625,False,0.8037187432157399,False
2022,ES,REDE,90,8,7,0.875,False,0.9585576301015809,False
2022,ES,REDE,95,8,7,0.875,False,0.9585576301015809,False
2022,ES,REPUBLICANOS,50,11,3,0.2727272727272727,False,0.5982339941133186,False
2022,ES,REPUBLICANOS,60,11,4,0.36363636363636365,False,0.7159676232523913,True
2022,ES,REPUBLICANOS,70,11,4,0.36363636363636365,False,0.7159676232523913,True
2022,ES,REPUBLICANOS,80,11,5,0.45454545454545453,False,0.8337012523914643,False
2022,ES,REPUBLICANOS,90,11,7,0.6363636363636364,False,0.9367181766004414,True
2022,ES,REPUBLICANOS,95,11,8,0.7272727272727273,False,0.9808682855040471,False
2022,ES,SOLIDARIEDADE,50,5,1,0.2,False,0.5333333333333333,False
2022,ES,SOLIDARIEDADE,60,5,2,0.4,False,0.8,False
2022,ES,SOLIDARIEDADE,70,5,2,0.4,False,0.8,False
2022,ES,SOLIDARIEDADE,80,5,2,0.4,False,0.8,False
2022,ES,SOLIDARIEDADE,90,5,3,0.6,False,0.9555555555555556,False
2022,ES,SOLIDARIEDADE,95,5,3,0.6,False,0.9555555555555556,False
2022,ES,UNIAO,50,11,4,0.36363636363636365,False,0.530406277782202,False
2022,ES,UNIAO,60,11,5,0.45454545454545453,False,0.6173108982601896,False
2022,ES,UNIAO,70,11,6,0.5454545454545454,False,0.7023212702822312,False
2022,ES,UNIAO,80,11,8,0.7272727272727273,False,0.8629840875296833,False
2022,ES,UNIAO,90,11,9,0.8181818181818182,False,0.9280532843866147,False
2022,ES,UNIAO,95,11,10,0.9090909090909091,False,0.978403217741967,False
2022,GO,AGIR,50,18,5,0.2777777777777778,False,0.5547767439733322,False
2022,GO,AGIR,60,18,6,0.3333333333333333,False,0.609225730720761,False
2022,GO,AGIR,70,18,8,0.4444444444444444,False,0.700338428391398,False
2022,GO,AGIR,80,18,11,0.6111111111111112,False,0.8179518222285459,False
2022,GO,AGIR,90,18,14,0.7777777777777778,False,0.9268497957234034,False
2022,GO,AGIR,95,18,15,0.8333333333333334,False,0.9597023761128501,False
2022,GO,AVANTE,50,18,4,0.2222222222222222,False,0.5198322899043186,False
2022,GO,AVANTE,60,18,5,0.2777777777777778,False,0.6043922769596121,False
2022,GO,AVANTE,70,18,7,0.3888888888888889,False,0.7253265326032899,True
2022,GO,AVANTE,80,18,9,0.5,False,0.8174504876870617,False
2022,GO,AVANTE,90,18,12,0.6666666666666666,False,0.910594671254423,True
2022,GO,AVANTE,95,18,15,0.8333333333333334,False,0.9612461897589286,False
2022,GO,CIDADANIA,50,3,2,0.6666666666666666,False,0.7297297297297297,False
2022,GO,CIDADANIA,60,3,2,0.6666666666666666,False,0.7297297297297297,False
2022,GO,CIDADANIA,70,3,2,0.6666666666666666,False,0.7297297297297297,False
2022,GO,CIDADANIA,80,3,3,1.0,False,1.0,False
2022,GO,CIDADANIA,90,3,3,1.0,False,1.0,False
2022,GO,CIDADANIA,95,3,3,1.0,False,1.0,False
2022,GO,DC,50,9,3,0.3333333333333333,False,0.5003830396695866,False
2022,GO,DC,60,9,5,0.5555555555555556,False,0.6669220264463911,True
2022,GO,DC,70,9,6,0.6666666666666666,False,0.7501915198347934,True
2022,GO,DC,80,9,7,0.7777777777777778,False,0.8334610132231957,True
2022,GO,DC,90,9,8,0.8888888888888888,False,0.9167305066115976,True
2022,GO,DC,95,9,9,1.0,False,1.0,False
2022,GO,MDB,50,12,2,0.16666666666666666,False,0.5708925790081547,False
2022,GO,MDB,60,12,3,0.25,False,0.702493044898312,False
2022,GO,MDB,70,12,3,0.25,False,0.702493044898312,False
2022,GO,MDB,80,12,5,0.4166666666666667,False,0.875055147154238,False
2022,GO,MDB,90,12,6,0.5,False,0.9401298813721779,False
2022,GO,MDB,95,12,7,0.5833333333333334,False,0.97913778449408,False
2022,GO,NOVO,50,14,3,0.21428571428571427,False,0.6308200817052078,False
2022,GO,NOVO,60,14,3,0.21428571428571427,False,0.6308200817052078,False
2022,GO,NOVO,70,14,4,0.2857142857142857,False,0.7738178351850346,False
2022,GO,NOVO,80,14,5,0.35714285714285715,False,0.871043901593253,False
2022,GO,NOVO,90,14,7,0.5,False,0.9281809731948643,False
2022,GO,NOVO,95,14,8,0.5714285714285714,False,0.9567495089956699,False
2022,GO,PATRIOTA,50,16,4,0.25,False,0.5722321904854275,False
2022,GO,PATRIOTA,60,16,5,0.3125,False,0.6401241452887833,True
2022,GO,PATRIOTA,70,16,6,0.375,False,0.7080161000921391,True
2022,GO,PATRIOTA,80,16,8,0.5,False,0.8254206876485136,False
2022,GO,PATRIOTA,90,16,10,0.625,False,0.9224091945104506,False
2022,GO,PATRIOTA,95,16,11,0.6875,False,0.9515057465690315,False
2022,GO,PC DO B,50,2,1,0.5,False,0.9129353233830846,False
2022,GO,PC DO B,60,2,1,0.5,False,0.9129353233830846,False
2022,GO,PC DO B,70,2,1,0.5,False,0.9129353233830846,False
2022,GO,PC DO B,80,2,1,0.5,False,0.9129353233830846,False
2022,GO,PC DO B,90,2,1,0.5,False,0.9129353233830846,False
2022,GO,PC DO B,95,2,2,1.0,False,1.0,False
2022,GO,PCB,50,2,0,0.0,True,,False
2022,GO,PCB,60,2,0,0.0,True,,False
2022,GO,PCB,70,2,0,0.0,True,,False
2022,GO,PCB,80,2,0,0.0,True,,False
2022,GO,PCB,90,2,0,0.0,True,,False
2022,GO,PCB,95,2,0,0.0,True,,False
2022,GO,PCO,50,1,1,1.0,False,1.0,False
2022,GO,PCO,60,1,1,1.0,False,1.0,False
2022,GO,PCO,70,1,1,1.0,False,1.0,False
2022,GO,PCO,80,1,1,1.0,False,1.0,False
2022,GO,PCO,90,1,1,1.0,False,1.0,False
2022,GO,PCO,95,1,1,1.0,False,1.0,False
2022,GO,PDT,50,8,1,0.125,False,0.688587504471981,False
2022,GO,PDT,60,8,1,0.125,False,0.688587504471981,False
2022,GO,PDT,70,8,2,0.25,False,0.8207304777701889,False
2022,GO,PDT,80,8,2,0.25,False,0.8207304777701889,False
2022,GO,PDT,90,8,3,0.375,False,0.9128370247503822,False
2022,GO,PDT,95,8,4,0.5,False,0.9518652226233454,False
2022,GO,PL,50,17,2,0.11764705882352941,False,0.5901116427432217,True
2022,GO,PL,60,17,3,0.17647058823529413,False,0.7496012759170654,False
2022,GO,PL,70,17,3,0.17647058823529413,False,0.7496012759170654,False
2022,GO,PL,80,17,4,0.23529411764705882,False,0.8133971291866029,False
2022,GO,PL,90,17,6,0.35294117647058826,False,0.9250398724082933,True
2022,GO,PL,95,17,7,0.4117647058823529,False,0.9808612440191388,False
2022,GO,PMN,50,14,2,0.14285714285714285,False,0.6382978723404256,False
2022,GO,PMN,60,14,2,0.14285714285714285,False,0.6382978723404256,False
2022,GO,PMN,70,14,3,0.21428571428571427,False,0.7375886524822695,False
2022,GO,PMN,80,14,6,0.42857142857142855,False,0.8226950354609929,True
2022,GO,PMN,90,14,10,0.7142857142857143,False,0.9148936170212766,True
2022,GO,PMN,95,14,12,0.8571428571428571,False,0.9574468085106383,True
2022,GO,PODE,50,15,3,0.2,False,0.5774792549826587,False
2022,GO,PODE,60,15,4,0.26666666666666666,False,0.6427140024390285,False
2022,GO,PODE,70,15,5,0.3333333333333333,False,0.7015698389161196,False
2022,GO,PODE,80,15,8,0.5333333333333333,False,0.8235028135382801,False
2022,GO,PODE,90,15,11,0.7333333333333333,False,0.9226529368652048,False
2022,GO,PODE,95,15,13,0.8666666666666667,False,0.9653634833810408,False
2022,GO,PP,50,14,3,0.21428571428571427,False,0.5744764390178803,False
2022,GO,PP,60,14,4,0.2857142857142857,False,0.6825763509755204,False
2022,GO,PP,70,14,5,0.35714285714285715,False,0.7901847079584624,False
2022,GO,PP,80,14,6,0.42857142857142855,False,0.8970657239153033,False
2022,GO,PP,90,14,7,0.5,False,0.9724483372116711,False
2022,GO,PP,95,14,7,0.5,False,0.9724483372116711,False
2022,GO,PROS,50,13,2,0.15384615384615385,False,0.532319391634981,False
2022,GO,PROS,60,13,3,0.23076923076923078,False,0.7224334600760456,True
2022,GO,PROS,70,13,3,0.23076923076923078,False,0.7224334600760456,True
2022,GO,PROS,80,13,4,0.3076923076923077,False,0.9125475285171103,False
2022,GO,PROS,90,13,4,0.3076923076923077,False,0.9125475285171103,False
2022,GO,PROS,95,13,5,0.38461538461538464,False,0.9885931558935361,False
2022,GO,PRTB,50,18,4,0.2222222222222222,False,0.5325270029228125,False
2022,GO,PRTB,60,18,5,0.2777777777777778,False,0.6213626503818218,False
2022,GO,PRTB,70,18,7,0.3888888888888889,False,0.7608340082901774,False
2022,GO,PRTB,80,18,8,0.4444444444444444,False,0.8123476275414852,False
2022,GO,PRTB,90,18,11,0.6111111111111112,False,0.9239247138681697,False
2022,GO,PRTB,95,18,13,0.7222222222222222,False,0.9746415712893899,False
2022,GO,PSB,50,18,4,0.2222222222222222,False,0.552157125267474,False
2022,GO,PSB,60,18,5,0.2777777777777778,False,0.6191314119039365,False
2022,GO,PSB,70,18,7,0.3888888888888889,False,0.7183818870811567,False
2022,GO,PSB,80,18,10,0.5555555555555556,False,0.826987675277635,False
2022,GO,PSB,90,18,13,0.7222222222222222,False,0.9138369215688619,False
2022,GO,PSB,95,18,15,0.8333333333333334,False,0.9521523436099124,True
2022,GO,PSC,50,13,2,0.15384615384615385,False,0.623888296433272,False
2022,GO,PSC,60,13,2,0.15384615384615385,False,0.623888296433272,False
2022,GO,PSC,70,13,3,0.23076923076923078,False,0.7456772692699467,False
2022,GO,PSC,80,13,4,0.3076923076923077,False,0.8203944305194404,False
2022,GO,PSC,90,13,6,0.46153846153846156,False,0.9249984562687315,False
2022,GO,PSC,95,13,7,0.5384615384615384,False,0.954885320768529,False
2022,GO,PSD,50,13,1,0.07692307692307693,False,0.6239168110918544,False
2022,GO,PSD,60,13,1,0.07692307692307693,False,0.6239168110918544,False
2022,GO,PSD,70,13,2,0.15384615384615385,False,0.7400346620450606,False
2022,GO,PSD,80,13,3,0.23076923076923078,False,0.8145580589254766,False
2022,GO,PSD,90,13,5,0.38461538461538464,False,0.9532062391681109,False
2022,GO,PSD,95,13,5,0.38461538461538464,False,0.9532062391681109,False
2022,GO,PSDB,50,14,2,0.14285714285714285,False,0.5552610341429073,False
2022,GO,PSDB,60,14,3,0.21428571428571427,False,0.7033716694320853,False
2022,GO,PSDB,70,14,3,0.21428571428571427,False,0.7033716694320853,False
2022,GO,PSDB,80,14,5,0.35714285714285715,False,0.878870354845123,False
2022,GO,PSDB,90,14,6,0.42857142857142855,False,0.9081201357472959,False
2022,GO,PSDB,95,14,8,0.5714285714285714,False,0.9594381491356607,False
2022,GO,PSOL,50,8,4,0.5,False,0.5297302990778506,False
2022,GO,PSOL,60,8,5,0.625,False,0.6516170076511607,False
2022,GO,PSOL,70,8,6,0.75,False,0.7712977012475631,False
2022,GO,PSOL,80,8,7,0.875,False,0.8865734112532981,False
2022,GO,PSOL,90,8,8,1.0,False,1.0,False
2022,GO,PSOL,95,8,8,1.0,False,1.0,False
2022,GO,PT,50,14,2,0.14285714285714285,False,0.7242819618175643,False
2022,GO,PT,60,14,2,0.14285714285714285,False,0.7242819618175643,False
2022,GO,PT,70,14,2,0.14285714285714285,False,0.7242819618175643,False
2022,GO,PT,80,14,3,0.21428571428571427,False,0.8156580574918291,False
2022,GO,PT,90,14,5,0.35714285714285715,False,0.9072119101308789,False
2022,GO,PT,95,14,8,0.5714285714285714,False,0.9562450210815313,False
2022,GO,PTB,50,16,1,0.0625,False,0.6342382057525561,False
2022,GO,PTB,60,16,1,0.0625,False,0.6342382057525561,False
2022,GO,PTB,70,16,2,0.125,False,0.714201764072133,False
2022,GO,PTB,80,16,4,0.25,False,0.8310961818134348,False
2022,GO,PTB,90,16,8,0.5,False,0.9141750066469916,False
2022,GO,PTB,95,16,11,0.6875,False,0.9600567030357147,False
2022,GO,PV,50,2,1,0.5,False,0.5554685988482241,False
2022,GO,PV,60,2,2,1.0,False,1.0,False
2022,GO,PV,70,2,2,1.0,False,1.0,False
2022,GO,PV,80,2,2,1.0,False,1.0,False
2022,GO,PV,90,2,2,1.0,False,1.0,False
2022,GO,PV,95,2,2,1.0,False,1.0,False
2022,GO,REDE,50,7,3,0.42857142857142855,False,0.6533186355112985,False
2022,GO,REDE,60,7,3,0.42857142857142855,False,0.6533186355112985,False
2022,GO,REDE,70,7,4,0.5714285714285714,False,0.7703865371072611,True
2022,GO,REDE,80,7,5,0.7142857142857143,False,0.8874544387032239,False
2022,GO,REDE,90,7,6,0.8571428571428571,False,0.9477268279300994,False
2022,GO,REDE,95,7,7,1.0,False,1.0,False
2022,GO,REPUBLICANOS,50,16,4,0.25,False,0.5291329536988314,False
2022,GO,REPUBLICANOS,60,16,5,0.3125,False,0.6022898768185031,False
2022,GO,REPUBLICANOS,70,16,7,0.4375,False,0.7317407266544753,False
2022,GO,REPUBLICANOS,80,16,9,0.5625,False,0.8579961168218375,False
2022,GO,REPUBLICANOS,90,16,10,0.625,False,0.9066226769963374,False
2022,GO,REPUBLICANOS,95,16,13,0.8125,False,0.964441827872397,False
2022,GO,SOLIDARIEDADE,50,18,4,0.2222222222222222,False,0.545652371494856,False
2022,GO,SOLIDARIEDADE,60,18,5,0.2777777777777778,False,0.6131460409467071,False
2022,GO,SOLIDARIEDADE,70,18,7,0.3888888888888889,False,0.7191604875979074,False
2022,GO,SOLIDARIEDADE,80,18,10,0.5555555555555556,False,0.8235287471893064,False
2022,GO,SOLIDARIEDADE,90,18,13,0.7222222222222222,False,0.9106120426527923,False
2022,GO,SOLIDARIEDADE,95,18,15,0.8333333333333334,False,0.9609853666827105,False
2022,GO,UNIAO,50,8,2,0.25,False,0.6665886862557262,False
2022,GO,UNIAO,60,8,2,0.25,False,0.6665886862557262,False
2022,GO,UNIAO,70,8,3,0.375,False,0.7918737775378051,False
2022,GO,UNIAO,80,8,4,0.5,False,0.8438148829912017,False
2022,GO,UNIAO,90,8,6,0.75,False,0.9320050602440233,False
2022,GO,UNIAO,95,8,7,0.875,False,0.9676739350816426,False
2022,GO,UP,50,1,1,1.0,False,1.0,False
2022,GO,UP,60,1,1,1.0,False,1.0,False
2022,GO,UP,70,1,1,1.0,False,1.0,False
2022,GO,UP,80,1,1,1.0,False,1.0,False
2022,GO,UP,90,1,1,1.0,False,1.0,False
2022,GO,UP,95,1,1,1.0,False,1.0,False
2022,MA,AGIR,50,17,2,0.11764705882352941,False,0.5339866929988714,False
2022,MA,AGIR,60,17,3,0.17647058823529413,False,0.6201910717776523,False
2022,MA,AGIR,70,17,5,0.29411764705882354,False,0.7576084162279909,True
2022,MA,AGIR,80,17,6,0.35294117647058826,False,0.8204851862686229,True
2022,MA,AGIR,90,17,8,0.47058823529411764,False,0.930017173785553,False
2022,MA,AGIR,95,17,9,0.5294117647058824,False,0.9650085868927765,True
2022,MA,AVANTE,50,6,0,0.0,True,,False
2022,MA,AVANTE,60,6,0,0.0,True,,False
2022,MA,AVANTE,70,6,0,0.0,True,,False
2022,MA,AVANTE,80,6,0,0.0,True,,False
2022,MA,AVANTE,90,6,0,0.0,True,,False
2022,MA,AVANTE,95,6,0,0.0,True,,False
2022,MA,CIDADANIA,50,16,6,0.375,False,0.5393874127352651,False
2022,MA,CIDADANIA,60,16,7,0.4375,False,0.6034866800820385,False
2022,MA,CIDADANIA,70,16,9,0.5625,False,0.7231680969308902,False
2022,MA,CIDADANIA,80,16,11,0.6875,False,0.8320604447552411,False
2022,MA,CIDADANIA,90,16,13,0.8125,False,0.9214392611302593,False
2022,MA,CIDADANIA,95,16,15,0.9375,False,0.9754414913422367,False
2022,MA,DC,50,12,5,0.4166666666666667,False,0.5179784605332977,False
2022,MA,DC,60,12,7,0.5833333333333334,False,0.677117531494368,False
2022,MA,DC,70,12,8,0.6666666666666666,False,0.7516077922485928,False
2022,MA,DC,80,12,9,0.75,False,0.814899937140391,True
2022,MA,DC,90,12,11,0.9166666666666666,False,0.9414842269239873,False
2022,MA,DC,95,12,12,1.0,False,1.0,False
2022,MA,MDB,50,17,3,0.17647058823529413,False,0.6037798370192711,True
2022,MA,MDB,60,17,3,0.17647058823529413,False,0.6037798370192711,True
2022,MA,MDB,70,17,4,0.23529411764705882,False,0.8029156671707458,False
2022,MA,MDB,80,17,4,0.23529411764705882,False,0.8029156671707458,False
2022,MA,MDB,90,17,5,0.29411764705882354,False,0.9223971652616306,False
2022,MA,MDB,95,17,6,0.35294117647058826,False,0.982137914307073,False
2022,MA,NOVO,50,6,3,0.5,False,0.6146185666031297,False
2022,MA,NOVO,60,6,3,0.5,False,0.6146185666031297,False
2022,MA,NOVO,70,6,4,0.6666666666666666,False,0.7430790444020865,True
2022,MA,NOVO,80,6,5,0.8333333333333334,False,0.8715395222010431,True
2022,MA,NOVO,90,6,6,1.0,False,1.0,False
2022,MA,NOVO,95,6,6,1.0,False,1.0,False
2022,MA,PATRIOTA,50,19,3,0.15789473684210525,False,0.5029223868424629,False
2022,MA,PATRIOTA,60,19,5,0.2631578947368421,False,0.6232159847764034,False
2022,MA,PATRIOTA,70,19,7,0.3684210526315789,False,0.7288296860133207,False
2022,MA,PATRIOTA,80,19,9,0.47368421052631576,False,0.809025417969281,False
2022,MA,PATRIOTA,90,19,12,0.631578947368421,False,0.9007747723256763,False
2022,MA,PATRIOTA,95,19,15,0.7894736842105263,False,0.9673780073399484,True
2022,MA,PC DO B,50,5,1,0.2,False,0.6357758620689655,False
2022,MA,PC DO B,60,5,1,0.2,False,0.6357758620689655,False
2022,MA,PC DO B,70,5,2,0.4,False,0.959051724137931,False
2022,MA,PC DO B,80,5,2,0.4,False,0.959051724137931,False
2022,MA,PC DO B,90,5,2,0.4,False,0.959051724137931,False
2022,MA,PC DO B,95,5,2,0.4,False,0.959051724137931,False
2022,MA,PCO,50,1,1,1.0,False,1.0,False
2022,MA,PCO,60,1,1,1.0,False,1.0,False
2022,MA,PCO,70,1,1,1.0,False,1.0,False
2022,MA,PCO,80,1,1,1.0,False,1.0,False
2022,MA,PCO,90,1,1,1.0,False,1.0,False
2022,MA,PCO,95,1,1,1.0,False,1.0,False
2022,MA,PDT,50,16,4,0.25,False,0.5080831408775982,True
2022,MA,PDT,60,16,6,0.375,False,0.6605080831408776,False
2022,MA,PDT,70,16,7,0.4375,False,0.7297921478060047,False
2022,MA,PDT,80,16,9,0.5625,False,0.8060046189376443,True
2022,MA,PDT,90,16,12,0.75,False,0.9099307159353349,False
2022,MA,PDT,95,16,14,0.875,False,0.9699769053117783,False
2022,MA,PL,50,18,3,0.16666666666666666,False,0.5340909090909091,True
2022,MA,PL,60,18,4,0.2222222222222222,False,0.6477272727272727,True
2022,MA,PL,70,18,5,0.2777777777777778,False,0.7613636363636364,False
2022,MA,PL,80,18,7,0.3888888888888889,False,0.8068181818181818,True
2022,MA,PL,90,18,12,0.6666666666666666,False,0.9204545454545454,True
2022,MA,PL,95,18,14,0.7777777777777778,False,0.9659090909090909,True
2022,MA,PMB,50,8,0,0.0,True,,False
2022,MA,PMB,60,8,0,0.0,True,,False
2022,MA,PMB,70,8,0,0.0,True,,False
2022,MA,PMB,80,8,0,0.0,True,,False
2022,MA,PMB,90,8,0,0.0,True,,False
2022,MA,PMB,95,8,0,0.0,True,,False
2022,MA,PODE,50,17,3,0.17647058823529413,False,0.5503711213949618,False
2022,MA,PODE,60,17,4,0.23529411764705882,False,0.6159297072900078,True
2022,MA,PODE,70,17,6,0.35294117647058826,False,0.7376813668093791,False
2022,MA,PODE,80,17,8,0.47058823529411764,False,0.8360192456519483,False
2022,MA,PODE,90,17,10,0.5882352941176471,False,0.9063448772927913,False
2022,MA,PODE,95,17,12,0.7058823529411765,False,0.9578551947817561,False
2022,MA,PP,50,17,2,0.11764705882352941,False,0.5441478439425051,False
2022,MA,PP,60,17,3,0.17647058823529413,False,0.6498973305954825,False
2022,MA,PP,70,17,4,0.23529411764705882,False,0.7197125256673511,False
2022,MA,PP,80,17,6,0.35294117647058826,False,0.8336755646817249,False
2022,MA,PP,90,17,8,0.47058823529411764,False,0.9096509240246407,False
2022,MA,PP,95,17,11,0.6470588235294118,False,0.952258726899384,True
2022,MA,PROS,50,14,3,0.21428571428571427,False,0.5964912280701754,False
2022,MA,PROS,60,14,4,0.2857142857142857,False,0.6842105263157895,True
2022,MA,PROS,70,14,5,0.35714285714285715,False,0.7719298245614034,True
2022,MA,PROS,80,14,6,0.42857142857142855,False,0.8596491228070176,False
2022,MA,PROS,90,14,7,0.5,False,0.9035087719298246,False
2022,MA,PROS,95,14,10,0.7142857142857143,False,0.9649122807017544,True
2022,MA,PRTB,50,10,2,0.2,False,0.7020077421425277,False
2022,MA,PRTB,60,10,2,0.2,False,0.7020077421425277,False
2022,MA,PRTB,70,10,2,0.2,False,0.7020077421425277,False
2022,MA,PRTB,80,10,3,0.3,False,1.0,False
2022,MA,PRTB,90,10,3,0.3,False,1.0,False
2022,MA,PRTB,95,10,3,0.3,False,1.0,False
2022,MA,PSB,50,13,2,0.15384615384615385,False,0.573709869929995,False
2022,MA,PSB,60,13,3,0.23076923076923078,False,0.6984294068712982,False
2022,MA,PSB,70,13,4,0.3076923076923077,False,0.810676990118471,False
2022,MA,PSB,80,13,4,0.3076923076923077,False,0.810676990118471,False
2022,MA,PSB,90,13,8,0.6153846153846154,False,0.9126975713364571,True
2022,MA,PSB,95,13,10,0.7692307692307693,False,0.9625853861129784,False
2022,MA,PSC,50,17,3,0.17647058823529413,False,0.5405405405405406,True
2022,MA,PSC,60,17,5,0.29411764705882354,False,0.6486486486486487,False
2022,MA,PSC,70,17,7,0.4117647058823529,False,0.7297297297297297,True
2022,MA,PSC,80,17,9,0.5294117647058824,False,0.8108108108108109,False
2022,MA,PSC,90,17,13,0.7647058823529411,False,0.918918918918919,True
2022,MA,PSC,95,17,15,0.8823529411764706,False,0.972972972972973,False
2022,MA,PSD,50,18,2,0.1111111111111111,False,0.5671180807849788,True
2022,MA,PSD,60,18,3,0.16666666666666666,False,0.8304373609781471,False
2022,MA,PSD,70,18,3,0.16666666666666666,False,0.8304373609781471,False
2022,MA,PSD,80,18,3,0.16666666666666666,False,0.8304373609781471,False
2022,MA,PSD,90,18,5,0.2777777777777778,False,0.9176767993652811,False
2022,MA,PSD,95,18,7,0.3888888888888889,False,0.9568670470392266,False
2022,MA,PSDB,50,1,1,1.0,False,1.0,False
2022,MA,PSDB,60,1,1,1.0,False,1.0,False
2022,MA,PSDB,70,1,1,1.0,False,1.0,False
2022,MA,PSDB,80,1,1,1.0,False,1.0,False
2022,MA,PSDB,90,1,1,1.0,False,1.0,False
2022,MA,PSDB,95,1,1,1.0,False,1.0,False
2022,MA,PSOL,50,14,5,0.35714285714285715,False,0.6007479542743478,False
2022,MA,PSOL,60,14,5,0.35714285714285715,False,0.6007479542743478,False
2022,MA,PSOL,70,14,7,0.5,False,0.7914355017690173,False
2022,MA,PSOL,80,14,8,0.5714285714285714,False,0.8226492530764834,True
2022,MA,PSOL,90,14,11,0.7857142857142857,False,0.9134528401716596,True
2022,MA,PSOL,95,14,13,0.9285714285714286,False,0.9716238790327575,True
2022,MA,PSTU,50,5,2,0.4,False,0.7383512544802867,True
2022,MA,PSTU,60,5,2,0.4,False,0.7383512544802867,True
2022,MA,PSTU,70,5,2,0.4,False,0.7383512544802867,True
2022,MA,PSTU,80,5,3,0.6,False,1.0,False
2022,MA,PSTU,90,5,3,0.6,False,1.0,False
2022,MA,PSTU,95,5,3,0.6,False,1.0,False
2022,MA,PT,50,9,3,0.3333333333333333,False,0.6065349946979647,False
2022,MA,PT,60,9,3,0.3333333333333333,False,0.6065349946979647,False
2022,MA,PT,70,9,4,0.4444444444444444,False,0.7296239204402543,False
2022,MA,PT,80,9,5,0.5555555555555556,False,0.8380455659746507,False
2022,MA,PT,90,9,7,0.7777777777777778,False,0.92825098292534,False
2022,MA,PT,95,9,8,0.8888888888888888,False,0.9658901166282967,False
2022,MA,PTB,50,4,0,0.0,True,,False
2022,MA,PTB,60,4,0,0.0,True,,False
2022,MA,PTB,70,4,0,0.0,True,,False
2022,MA,PTB,80,4,0,0.0,True,,False
2022,MA,PTB,90,4,0,0.0,True,,False
2022,MA,PTB,95,4,0,0.0,True,,False
2022,MA,PV,50,4,2,0.5,False,0.6013233609730371,False
2022,MA,PV,60,4,2,0.5,False,0.6013233609730371,False
2022,MA,PV,70,4,3,0.75,False,0.803711111570303,False
2022,MA,PV,80,4,3,0.75,False,0.803711111570303,False
2022,MA,PV,90,4,4,1.0,False,1.0,False
2022,MA,PV,95,4,4,1.0,False,1.0,False
2022,MA,REDE,50,3,1,0.3333333333333333,False,0.5645161290322581,False
2022,MA,REDE,60,3,2,0.6666666666666666,False,1.0,False
2022,MA,REDE,70,3,2,0.6666666666666666,False,1.0,False
2022,MA,REDE,80,3,2,0.6666666666666666,False,1.0,False
2022,MA,REDE,90,3,2,0.6666666666666666,False,1.0,False
2022,MA,REDE,95,3,2,0.6666666666666666,False,1.0,False
2022,MA,REPUBLICANOS,50,10,2,0.2,False,0.5142802619771542,False
2022,MA,REPUBLICANOS,60,10,3,0.3,False,0.6752115004786995,False
2022,MA,REPUBLICANOS,70,10,4,0.4,False,0.7922524012070961,False
2022,MA,REPUBLICANOS,80,10,5,0.5,False,0.865402964162344,False
2022,MA,REPUBLICANOS,90,10,6,0.6,False,0.9180713694901224,False
2022,MA,REPUBLICANOS,95,10,7,0.7,False,0.9619617072632711,False
2022,MA,SOLIDARIEDADE,50,8,0,0.0,True,,False
2022,MA,SOLIDARIEDADE,60,8,0,0.0,True,,False
2022,MA,SOLIDARIEDADE,70,8,0,0.0,True,,False
2022,MA,SOLIDARIEDADE,80,8,0,0.0,True,,False
2022,MA,SOLIDARIEDADE,90,8,0,0.0,True,,False
2022,MA,SOLIDARIEDADE,95,8,0,0.0,True,,False
2022,MA,UNIAO,50,19,4,0.21052631578947367,False,0.5345138970715787,False
2022,MA,UNIAO,60,19,5,0.2631578947368421,False,0.607703301798507,False
2022,MA,UNIAO,70,19,7,0.3684210526315789,False,0.7262258811446347,False
2022,MA,UNIAO,80,19,9,0.47368421052631576,False,0.8195771682247421,False
2022,MA,UNIAO,90,19,12,0.631578947368421,False,0.9060964687516271,True
2022,MA,UNIAO,95,19,14,0.7368421052631579,False,0.9528435970836303,False
2022,MG,AGIR,50,19,4,0.21052631578947367,False,0.5006705409029951,False
2022,MG,AGIR,60,19,7,0.3684210526315789,False,0.6347787215020116,True
2022,MG,AGIR,70,19,9,0.47368421052631576,False,0.7241841752346894,True
2022,MG,AGIR,80,19,11,0.5789473684210527,False,0.813589628967367,True
2022,MG,AGIR,90,19,14,0.7368421052631579,False,0.9374161823871257,False
2022,MG,AGIR,95,19,15,0.7894736842105263,False,0.9731783638801967,False
2022,MG,AVANTE,50,54,6,0.1111111111111111,False,0.5211793645269328,False
2022,MG,AVANTE,60,54,10,0.18518518518518517,False,0.6084289292610393,False
2022,MG,AVANTE,70,54,15,0.2777777777777778,False,0.704565440420847,False
2022,MG,AVANTE,80,54,23,0.42592592592592593,False,0.809055631583605,False
2022,MG,AVANTE,90,54,33,0.6111111111111112,False,0.9051894591438371,False
2022,MG,AVANTE,95,54,40,0.7407407407407407,False,0.9518397091528293,False
2022,MG,CIDADANIA,50,16,2,0.125,False,0.5872279137009491,False
2022,MG,CIDADANIA,60,16,3,0.1875,False,0.656609719906169,False
2022,MG,CIDADANIA,70,16,4,0.25,False,0.7259349340998023,False
2022,MG,CIDADANIA,80,16,6,0.375,False,0.830374298523341,False
2022,MG,CIDADANIA,90,16,9,0.5625,False,0.9146557287679076,False
2022,MG,CIDADANIA,95,16,11,0.6875,False,0.9501328262049228,False
2022,MG,DC,50,1,1,1.0,False,1.0,False
2022,MG,DC,60,1,1,1.0,False,1.0,False
2022,MG,DC,70,1,1,1.0,False,1.0,False
2022,MG,DC,80,1,1,1.0,False,1.0,False
2022,MG,DC,90,1,1,1.0,False,1.0,False
2022,MG,DC,95,1,1,1.0,False,1.0,False
2022,MG,MDB,50,44,3,0.06818181818181818,False,0.555824403733149,True
2022,MG,MDB,60,44,4,0.09090909090909091,False,0.7286553750432078,False
2022,MG,MDB,70,44,4,0.09090909090909091,False,0.7286553750432078,False
2022,MG,MDB,80,44,7,0.1590909090909091,False,0.8230210853784998,False
2022,MG,MDB,90,44,14,0.3181818181818182,False,0.9025233321811267,True
2022,MG,MDB,95,44,19,0.4318181818181818,False,0.9543726235741445,False
2022,MG,NOVO,50,30,11,0.36666666666666664,False,0.5175863428630253,True
2022,MG,NOVO,60,30,14,0.4666666666666667,False,0.6062334404640589,True
2022,MG,NOVO,70,30,18,0.6,False,0.7119944731501064,True
2022,MG,NOVO,80,30,22,0.7333333333333333,False,0.8144499736029643,True
2022,MG,NOVO,90,30,26,0.8666666666666667,False,0.9169054740558221,False
2022,MG,NOVO,95,30,28,0.9333333333333333,False,0.9643554731586063,False
2022,MG,PATRIOTA,50,51,5,0.09803921568627451,False,0.5239281234299018,False
2022,MG,PATRIOTA,60,51,8,0.1568627450980392,False,0.6235154870936772,False
2022,MG,PATRIOTA,70,51,11,0.21568627450980393,False,0.7098926244122653,True
2022,MG,PATRIOTA,80,51,15,0.29411764705882354,False,0.8083303019936294,False
2022,MG,PATRIOTA,90,51,21,0.4117647058823529,False,0.9021482553716074,False
2022,MG,PATRIOTA,95,51,27,0.5294117647058824,False,0.9534890585350015,False
2022,MG,PC DO B,50,2,1,0.5,False,0.9637030121055404,False
2022,MG,PC DO B,60,2,1,0.5,False,0.9637030121055404,False
2022,MG,PC DO B,70,2,1,0.5,False,0.9637030121055404,False
2022,MG,PC DO B,80,2,1,0.5,False,0.9637030121055404,False
2022,MG,PC DO B,90,2,1,0.5,False,0.9637030121055404,False
2022,MG,PC DO B,95,2,1,0.5,False,0.9637030121055404,False
2022,MG,PCB,50,9,0,0.0,True,,False
2022,MG,PCB,60,9,0,0.0,True,,False
2022,MG,PCB,70,9,0,0.0,True,,False
2022,MG,PCB,80,9,0,0.0,True,,False
2022,MG,PCB,90,9,0,0.0,True,,False
2022,MG,PCB,95,9,0,0.0,True,,False
2022,MG,PCO,50,3,2,0.6666666666666666,False,0.6666666666666667,True
2022,MG,PCO,60,3,2,0.6666666666666666,False,0.6666666666666667,True
2022,MG,PCO,70,3,3,1.0,False,1.0,False
2022,MG,PCO,80,3,3,1.0,False,1.0,False
2022,MG,PCO,90,3,3,1.0,False,1.0,False
2022,MG,PCO,95,3,3,1.0,False,1.0,False
2022,MG,PDT,50,45,3,0.06666666666666667,False,0.5532522989667268,False
2022,MG,PDT,60,45,4,0.08888888888888889,False,0.615572593389877,False
2022,MG,PDT,70,45,6,0.13333333333333333,False,0.7156054121472102,False
2022,MG,PDT,80,45,9,0.2,False,0.8169157150335452,False
2022,MG,PDT,90,45,17,0.37777777777777777,False,0.9038049842720939,False
2022,MG,PDT,95,45,26,0.5777777777777777,False,0.9513530345767863,False
2022,MG,PL,50,45,5,0.1111111111111111,False,0.5158155225084405,False
2022,MG,PL,60,45,7,0.15555555555555556,False,0.631429625035176,False
2022,MG,PL,70,45,9,0.2,False,0.7416002903868478,False
2022,MG,PL,80,45,11,0.24444444444444444,False,0.8347914175668661,False
2022,MG,PL,90,45,16,0.35555555555555557,False,0.902905458833172,False
2022,MG,PL,95,45,26,0.5777777777777777,False,0.9521403322874576,True
2022,MG,PMB,50,5,0,0.0,True,,False
2022,MG,PMB,60,5,0,0.0,True,,False
2022,MG,PMB,70,5,0,0.0,True,,False
2022,MG,PMB,80,5,0,0.0,True,,False
2022,MG,PMB,90,5,0,0.0,True,,False
2022,MG,PMB,95,5,0,0.0,True,,False
2022,MG,PMN,50,53,3,0.05660377358490566,False,0.5417607223476298,True
2022,MG,PMN,60,53,4,0.07547169811320754,False,0.6094808126410836,True
2022,MG,PMN,70,53,6,0.11320754716981132,False,0.7358916478555305,False
2022,MG,PMN,80,53,8,0.1509433962264151,False,0.8261851015801355,False
2022,MG,PMN,90,53,13,0.24528301886792453,False,0.9029345372460497,True
2022,MG,PMN,95,53,20,0.37735849056603776,False,0.9548532731376975,True
2022,MG,PODE,50,53,3,0.05660377358490566,False,0.5491364497636501,False
2022,MG,PODE,60,53,4,0.07547169811320754,False,0.6220065769826731,False
2022,MG,PODE,70,53,6,0.11320754716981132,False,0.7340450210582603,False
2022,MG,PODE,80,53,8,0.1509433962264151,False,0.8264336612171457,False
2022,MG,PODE,90,53,12,0.22641509433962265,False,0.9062671051268029,True
2022,MG,PODE,95,53,16,0.3018867924528302,False,0.9541412186636798,False
2022,MG,PP,50,53,4,0.07547169811320754,False,0.5427697334898307,False
2022,MG,PP,60,53,5,0.09433962264150944,False,0.6581270611790058,False
2022,MG,PP,70,53,6,0.11320754716981132,False,0.7710331707169366,False
2022,MG,PP,80,53,7,0.1320754716981132,False,0.861077919129996,False
2022,MG,PP,90,53,8,0.1509433962264151,False,0.9111027793594735,False
2022,MG,PP,95,53,11,0.20754716981132076,False,0.9516409676161641,False
2022,MG,PROS,50,53,4,0.07547169811320754,False,0.5033154673967011,True
2022,MG,PROS,60,53,7,0.1320754716981132,False,0.6156101418568227,False
2022,MG,PROS,70,53,11,0.20754716981132076,False,0.7054473220834265,False
2022,MG,PROS,80,53,18,0.33962264150943394,False,0.8082135250039459,True
2022,MG,PROS,90,53,28,0.5283018867924528,False,0.9049022634536374,False
2022,MG,PROS,95,53,36,0.6792452830188679,False,0.9536560261948308,False
2022,MG,PRTB,50,40,4,0.1,False,0.5047244602922923,False
2022,MG,PRTB,60,40,8,0.2,False,0.6180971581492456,False
2022,MG,PRTB,70,40,13,0.325,False,0.7129056327619977,False
2022,MG,PRTB,80,40,20,0.5,False,0.8127650110129788,True
2022,MG,PRTB,90,40,28,0.7,False,0.9040902275059011,False
2022,MG,PRTB,95,40,33,0.825,False,0.9549579928397701,True
2022,MG,PSB,50,41,2,0.04878048780487805,False,0.5095292015335161,False
2022,MG,PSB,60,41,5,0.12195121951219512,False,0.6429228001240287,False
2022,MG,PSB,70,41,7,0.17073170731707318,False,0.7218186189184105,False
2022,MG,PSB,80,41,10,0.24390243902439024,False,0.8094631424664862,False
2022,MG,PSB,90,41,19,0.4634146341463415,False,0.9047290587912356,False
2022,MG,PSB,95,41,27,0.6585365853658537,False,0.9538923405629962,False
2022,MG,PSC,50,45,2,0.044444444444444446,False,0.6104922291858156,False
2022,MG,PSC,60,45,2,0.044444444444444446,False,0.6104922291858156,False
2022,MG,PSC,70,45,3,0.06666666666666667,False,0.7301965878497011,True
2022,MG,PSC,80,45,4,0.08888888888888889,False,0.8499009465135865,False
2022,MG,PSC,90,45,6,0.13333333333333333,False,0.9023484401605582,False
2022,MG,PSC,95,45,12,0.26666666666666666,False,0.9517321905257968,True
2022,MG,PSD,50,39,5,0.1282051282051282,False,0.5755499006057986,False
2022,MG,PSD,60,39,6,0.15384615384615385,False,0.6693341514764335,False
2022,MG,PSD,70,39,7,0.1794871794871795,False,0.7344316237676893,False
2022,MG,PSD,80,39,9,0.23076923076923078,False,0.8251159096280901,False
2022,MG,PSD,90,39,13,0.3333333333333333,False,0.905019933592589,False
2022,MG,PSD,95,39,17,0.4358974358974359,False,0.9532487194758127,False
2022,MG,PSDB,50,37,3,0.08108108108108109,False,0.5491791415887357,False
2022,MG,PSDB,60,37,4,0.10810810810810811,False,0.6545012906567343,False
2022,MG,PSDB,70,37,5,0.13513513513513514,False,0.7447774184293046,False
2022,MG,PSDB,80,37,7,0.1891891891891892,False,0.8178007746149161,False
2022,MG,PSDB,90,37,11,0.2972972972972973,False,0.9044299522036652,False
2022,MG,PSDB,95,37,16,0.43243243243243246,False,0.9543325907540043,False
2022,MG,PSOL,50,23,2,0.08695652173913043,False,0.6874403273315006,False
2022,MG,PSOL,60,23,2,0.08695652173913043,False,0.6874403273315006,False
2022,MG,PSOL,70,23,3,0.13043478260869565,False,0.7696457750860093,False
2022,MG,PSOL,80,23,4,0.17391304347826086,False,0.8101593658506289,False
2022,MG,PSOL,90,23,7,0.30434782608695654,False,0.908599240539087,False
2022,MG,PSOL,95,23,13,0.5652173913043478,False,0.9557022163232548,True
2022,MG,PSTU,50,6,1,0.16666666666666666,False,0.6491228070175439,False
2022,MG,PSTU,60,6,1,0.16666666666666666,False,0.6491228070175439,False
2022,MG,PSTU,70,6,2,0.3333333333333333,False,0.7368421052631579,True
2022,MG,PSTU,80,6,3,0.5,False,0.8245614035087719,True
2022,MG,PSTU,90,6,4,0.6666666666666666,False,0.9122807017543859,True
2022,MG,PSTU,95,6,5,0.8333333333333334,False,1.0,False
2022,MG,PT,50,42,8,0.19047619047619047,False,0.5459649674508956,False
2022,MG,PT,60,42,9,0.21428571428571427,False,0.6066515660671917,False
2022,MG,PT,70,42,11,0.2619047619047619,False,0.7234659470721108,False
2022,MG,PT,80,42,13,0.30952380952380953,False,0.8314576334262594,False
2022,MG,PT,90,42,19,0.4523809523809524,False,0.9001477711838101,False
2022,MG,PT,95,42,27,0.6428571428571429,False,0.9534639663485366,True
2022,MG,PTB,50,47,3,0.06382978723404255,False,0.5429429906880624,False
2022,MG,PTB,60,47,5,0.10638297872340426,False,0.6421616807207174,False
2022,MG,PTB,70,47,7,0.14893617021276595,False,0.7181913802945913,False
2022,MG,PTB,80,47,11,0.23404255319148937,False,0.8059117712046628,False
2022,MG,PTB,90,47,23,0.48936170212765956,False,0.9018616935203736,False
2022,MG,PTB,95,47,32,0.6808510638297872,False,0.9528814028829603,False
2022,MG,PV,50,9,2,0.2222222222222222,False,0.7152633347062375,False
2022,MG,PV,60,9,2,0.2222222222222222,False,0.7152633347062375,False
2022,MG,PV,70,9,2,0.2222222222222222,False,0.7152633347062375,False
2022,MG,PV,80,9,4,0.4444444444444444,False,0.8569442547162393,False
2022,MG,PV,90,9,5,0.5555555555555556,False,0.9030733545007118,False
2022,MG,PV,95,9,7,0.7777777777777778,False,0.971975259182832,False
2022,MG,REDE,50,27,1,0.037037037037037035,False,0.5755206243465489,False
2022,MG,REDE,60,27,2,0.07407407407407407,False,0.634367118198691,False
2022,MG,REDE,70,27,4,0.14814814814814814,False,0.732444607952261,False
2022,MG,REDE,80,27,6,0.2222222222222222,False,0.820714348730474,True
2022,MG,REDE,90,27,9,0.3333333333333333,False,0.9178110635865083,False
2022,MG,REDE,95,27,11,0.4074074074074074,False,0.9570420594879363,False
2022,MG,REPUBLICANOS,50,53,4,0.07547169811320754,False,0.5964020297809728,False
2022,MG,REPUBLICANOS,60,53,5,0.09433962264150944,False,0.6738395502064656,False
2022,MG,REPUBLICANOS,70,53,6,0.11320754716981132,False,0.7277849429855011,False
2022,MG,REPUBLICANOS,80,53,9,0.16981132075471697,False,0.81985603904368,False
2022,MG,REPUBLICANOS,90,53,16,0.3018867924528302,False,0.9025781544369895,False
2022,MG,REPUBLICANOS,95,53,26,0.49056603773584906,False,0.9534701359562869,False
2022,MG,SOLIDARIEDADE,50,36,4,0.1111111111111111,False,0.5504064309067459,False
2022,MG,SOLIDARIEDADE,60,36,5,0.1388888888888889,False,0.6103962326404512,False
2022,MG,SOLIDARIEDADE,70,36,7,0.19444444444444445,False,0.7003809352410091,False
2022,MG,SOLIDARIEDADE,80,36,10,0.2777777777777778,False,0.8046132157533219,True
2022,MG,SOLIDARIEDADE,90,36,14,0.3888888888888889,False,0.9080956237439636,False
2022,MG,SOLIDARIEDADE,95,36,19,0.5277777777777778,False,0.9532379495485768,False
2022,MG,UNIAO,50,53,8,0.1509433962264151,False,0.5300240193703981,False
2022,MG,UNIAO,60,53,10,0.18867924528301888,False,0.6126328411197955,False
2022,MG,UNIAO,70,53,14,0.2641509433962264,False,0.7154612756904815,False
2022,MG,UNIAO,80,53,19,0.3584905660377358,False,0.8143140257785068,False
2022,MG,UNIAO,90,53,26,0.49056603773584906,False,0.9051207756116566,False
2022,MG,UNIAO,95,53,32,0.6037735849056604,False,0.9518501842211219,False
2022,MG,UP,50,1,1,1.0,False,1.0,False
2022,MG,UP,60,1,1,1.0,False,1.0,False
2022,MG,UP,70,1,1,1.0,False,1.0,False
2022,MG,UP,80,1,1,1.0,False,1.0,False
2022,MG,UP,90,1,1,1.0,False,1.0,False
2022,MG,UP,95,1,1,1.0,False,1.0,False
2022,MS,AGIR,50,5,2,0.4,False,0.6666666666666666,True
2022,MS,AGIR,60,5,2,0.4,False,0.6666666666666666,True
2022,MS,AGIR,70,5,3,0.6,False,1.0,False
2022,MS,AGIR,80,5,3,0.6,False,1.0,False
2022,MS,AGIR,90,5,3,0.6,False,1.0,False
2022,MS,AGIR,95,5,3,0.6,False,1.0,False
2022,MS,AVANTE,50,8,2,0.25,False,0.625,False
2022,MS,AVANTE,60,8,2,0.25,False,0.625,False
2022,MS,AVANTE,70,8,3,0.375,False,0.7083333333333335,True
2022,MS,AVANTE,80,8,5,0.625,False,0.875,False
2022,MS,AVANTE,90,8,6,0.75,False,0.9166666666666666,True
2022,MS,AVANTE,95,8,7,0.875,False,0.9583333333333334,True
2022,MS,DC,50,3,2,0.6666666666666666,False,0.8275862068965517,False
2022,MS,DC,60,3,2,0.6666666666666666,False,0.8275862068965517,False
2022,MS,DC,70,3,2,0.6666666666666666,False,0.8275862068965517,False
2022,MS,DC,80,3,2,0.6666666666666666,False,0.8275862068965517,False
2022,MS,DC,90,3,3,1.0,False,1.0,False
2022,MS,DC,95,3,3,1.0,False,1.0,False
2022,MS,MDB,50,9,1,0.1111111111111111,False,0.7987220447284346,False
2022,MS,MDB,60,9,1,0.1111111111111111,False,0.7987220447284346,False
2022,MS,MDB,70,9,1,0.1111111111111111,False,0.7987220447284346,False
2022,MS,MDB,80,9,2,0.2222222222222222,False,0.8626198083067093,False
2022,MS,MDB,90,9,4,0.4444444444444444,False,0.9265175718849841,True
2022,MS,MDB,95,9,5,0.5555555555555556,False,0.9584664536741214,False
2022,MS,NOVO,50,6,3,0.5,False,0.5979717331955384,True
2022,MS,NOVO,60,6,4,0.6666666666666666,False,0.7972956442607179,False
2022,MS,NOVO,70,6,4,0.6666666666666666,False,0.7972956442607179,False
2022,MS,NOVO,80,6,5,0.8333333333333334,False,0.8986478221303589,True
2022,MS,NOVO,90,6,6,1.0,False,1.0,False
2022,MS,NOVO,95,6,6,1.0,False,1.0,False
2022,MS,PC DO B,50,2,1,0.5,False,0.9588235294117647,False
2022,MS,PC DO B,60,2,1,0.5,False,0.9588235294117647,False
2022,MS,PC DO B,70,2,1,0.5,False,0.9588235294117647,False
2022,MS,PC DO B,80,2,1,0.5,False,0.9588235294117647,False
2022,MS,PC DO B,90,2,1,0.5,False,0.9588235294117647,False
2022,MS,PC DO B,95,2,1,0.5,False,0.9588235294117647,False
2022,MS,PDT,50,6,2,0.3333333333333333,False,0.576271186440678,False
2022,MS,PDT,60,6,3,0.5,False,0.8184019370460048,False
2022,MS,PDT,70,6,3,0.5,False,0.8184019370460048,False
2022,MS,PDT,80,6,3,0.5,False,0.8184019370460048,False
2022,MS,PDT,90,6,5,0.8333333333333334,False,0.9636803874092009,False
2022,MS,PDT,95,6,5,0.8333333333333334,False,0.9636803874092009,False
2022,MS,PL,50,8,2,0.25,False,0.5475760419040487,False
2022,MS,PL,60,8,3,0.375,False,0.7217905352989075,False
2022,MS,PL,70,8,3,0.375,False,0.7217905352989075,False
2022,MS,PL,80,8,5,0.625,False,0.8607692261374985,False
2022,MS,PL,90,8,6,0.75,False,0.9130252138928088,False
2022,MS,PL,95,8,7,0.875,False,0.9652553272903522,False
2022,MS,PODE,50,7,3,0.42857142857142855,False,0.5,True
2022,MS,PODE,60,7,4,0.5714285714285714,False,0.6388888888888888,True
2022,MS,PODE,70,7,5,0.7142857142857143,False,0.7777777777777778,True
2022,MS,PODE,80,7,6,0.8571428571428571,False,0.9166666666666666,False
2022,MS,PODE,90,7,6,0.8571428571428571,False,0.9166666666666666,False
2022,MS,PODE,95,7,7,1.0,False,1.0,False
2022,MS,PP,50,9,3,0.3333333333333333,False,0.5869415807560138,False
2022,MS,PP,60,9,4,0.4444444444444444,False,0.7237113402061855,False
2022,MS,PP,70,9,4,0.4444444444444444,False,0.7237113402061855,False
2022,MS,PP,80,9,5,0.5555555555555556,False,0.8020618556701031,False
2022,MS,PP,90,9,7,0.7777777777777778,False,0.9243986254295533,False
2022,MS,PP,95,9,8,0.8888888888888888,False,0.9656357388316151,False
2022,MS,PROS,50,4,0,0.0,True,,False
2022,MS,PROS,60,4,0,0.0,True,,False
2022,MS,PROS,70,4,0,0.0,True,,False
2022,MS,PROS,80,4,0,0.0,True,,False
2022,MS,PROS,90,4,0,0.0,True,,False
2022,MS,PROS,95,4,0,0.0,True,,False
2022,MS,PRTB,50,9,0,0.0,True,,False
2022,MS,PRTB,60,9,0,0.0,True,,False
2022,MS,PRTB,70,9,0,0.0,True,,False
2022,MS,PRTB,80,9,0,0.0,True,,False
2022,MS,PRTB,90,9,0,0.0,True,,False
2022,MS,PRTB,95,9,0,0.0,True,,False
2022,MS,PSB,50,5,1,0.2,False,1.0,False
2022,MS,PSB,60,5,1,0.2,False,1.0,False
2022,MS,PSB,70,5,1,0.2,False,1.0,False
2022,MS,PSB,80,5,1,0.2,False,1.0,False
2022,MS,PSB,90,5,1,0.2,False,1.0,False
2022,MS,PSB,95,5,1,0.2,False,1.0,False
2022,MS,PSD,50,9,1,0.1111111111111111,False,0.5710119362594929,False
2022,MS,PSD,60,9,2,0.2222222222222222,False,0.652585070010849,False
2022,MS,PSD,70,9,3,0.3333333333333333,False,0.7318345114741641,False
2022,MS,PSD,80,9,5,0.5555555555555556,False,0.8460949842355026,False
2022,MS,PSD,90,9,7,0.7777777777777778,False,0.9276681179868587,True
2022,MS,PSD,95,9,8,0.8888888888888888,False,0.9684546848625367,False
2022,MS,PSDB,50,9,3,0.3333333333333333,False,0.6020212403924479,False
2022,MS,PSDB,60,9,3,0.3333333333333333,False,0.6020212403924479,False
2022,MS,PSDB,70,9,4,0.4444444444444444,False,0.762920594149566,False
2022,MS,PSDB,80,9,5,0.5555555555555556,False,0.8675060635330073,False
2022,MS,PSDB,90,9,6,0.6666666666666666,False,0.911588445861396,False
2022,MS,PSDB,95,9,8,0.8888888888888888,False,0.977934215459413,False
2022,MS,PSOL,50,5,2,0.4,False,0.5070036245332467,False
2022,MS,PSOL,60,5,3,0.6,False,0.7437578788094831,False
2022,MS,PSOL,70,5,3,0.6,False,0.7437578788094831,False
2022,MS,PSOL,80,5,4,0.8,False,0.9261284048560534,False
2022,MS,PSOL,90,5,4,0.8,False,0.9261284048560534,False
2022,MS,PSOL,95,5,5,1.0,False,1.0,False
2022,MS,PT,50,5,1,0.2,False,0.5399316840638105,False
2022,MS,PT,60,5,2,0.4,False,0.7629849887983223,False
2022,MS,PT,70,5,2,0.4,False,0.7629849887983223,False
2022,MS,PT,80,5,3,0.6,False,0.8645821340163293,False
2022,MS,PT,90,5,4,0.8,False,0.9550056929946824,False
2022,MS,PT,95,5,4,0.8,False,0.9550056929946824,False
2022,MS,PTB,50,9,1,0.1111111111111111,False,0.7030900418190916,False
2022,MS,PTB,60,9,1,0.1111111111111111,False,0.7030900418190916,False
2022,MS,PTB,70,9,1,0.1111111111111111,False,0.7030900418190916,False
2022,MS,PTB,80,9,3,0.3333333333333333,False,0.8123354410344427,False
2022,MS,PTB,90,9,6,0.6666666666666666,False,0.9326824827205771,False
2022,MS,PTB,95,9,7,0.7777777777777778,False,0.9689303766402663,False
2022,MS,PV,50,2,1,0.5,False,0.5000944953757882,False
2022,MS,PV,60,2,2,1.0,False,1.0,False
2022,MS,PV,70,2,2,1.0,False,1.0,False
2022,MS,PV,80,2,2,1.0,False,1.0,False
2022,MS,PV,90,2,2,1.0,False,1.0,False
2022,MS,PV,95,2,2,1.0,False,1.0,False
2022,MS,REDE,50,3,1,0.3333333333333333,False,1.0,False
2022,MS,REDE,60,3,1,0.3333333333333333,False,1.0,False
2022,MS,REDE,70,3,1,0.3333333333333333,False,1.0,False
2022,MS,REDE,80,3,1,0.3333333333333333,False,1.0,False
2022,MS,REDE,90,3,1,0.3333333333333333,False,1.0,False
2022,MS,REDE,95,3,1,0.3333333333333333,False,1.0,False
2022,MS,REPUBLICANOS,50,9,3,0.3333333333333333,False,0.5265406732064426,False
2022,MS,REPUBLICANOS,60,9,4,0.4444444444444444,False,0.6375361618405111,False
2022,MS,REPUBLICANOS,70,9,5,0.5555555555555556,False,0.7420987175855469,False
2022,MS,REPUBLICANOS,80,9,6,0.6666666666666666,False,0.8073901814879403,True
2022,MS,REPUBLICANOS,90,9,8,0.8888888888888888,False,0.9379731092927264,False
2022,MS,REPUBLICANOS,95,9,9,1.0,False,1.0,False
2022,MS,SOLIDARIEDADE,50,7,2,0.2857142857142857,False,0.5726495726495726,True
2022,MS,SOLIDARIEDADE,60,7,3,0.42857142857142855,False,0.7606837606837606,False
2022,MS,SOLIDARIEDADE,70,7,3,0.42857142857142855,False,0.7606837606837606,False
2022,MS,SOLIDARIEDADE,80,7,4,0.5714285714285714,False,0.8290598290598291,False
2022,MS,SOLIDARIEDADE,90,7,6,0.8571428571428571,False,0.9487179487179487,False
2022,MS,SOLIDARIEDADE,95,7,7,1.0,False,1.0,False
2022,MS,UNIAO,50,9,2,0.2222222222222222,False,0.5664226313170801,False
2022,MS,UNIAO,60,9,3,0.3333333333333333,False,0.6730400170587817,False
2022,MS,UNIAO,70,9,4,0.4444444444444444,False,0.7739711422275926,False
2022,MS,UNIAO,80,9,5,0.5555555555555556,False,0.822304357097164,True
2022,MS,UNIAO,90,9,7,0.7777777777777778,False,0.9189707868363067,True
2022,MS,UNIAO,95,9,8,0.8888888888888888,False,0.9673040017058782,False
2022,MT,AGIR,50,6,0,0.0,True,,False
2022,MT,AGIR,60,6,0,0.0,True,,False
2022,MT,AGIR,70,6,0,0.0,True,,False
2022,MT,AGIR,80,6,0,0.0,True,,False
2022,MT,AGIR,90,6,0,0.0,True,,False
2022,MT,AGIR,95,6,0,0.0,True,,False
2022,MT,CIDADANIA,50,2,1,0.5,False,0.8385372180338233,False
2022,MT,CIDADANIA,60,2,1,0.5,False,0.8385372180338233,False
2022,MT,CIDADANIA,70,2,1,0.5,False,0.8385372180338233,False
2022,MT,CIDADANIA,80,2,1,0.5,False,0.8385372180338233,False
2022,MT,CIDADANIA,90,2,2,1.0,False,1.0,False
2022,MT,CIDADANIA,95,2,2,1.0,False,1.0,False
2022,MT,DC,50,8,3,0.375,False,0.5336902680652681,False
2022,MT,DC,60,8,4,0.5,False,0.690413752913753,False
2022,MT,DC,70,8,5,0.625,False,0.8178904428904429,False
2022,MT,DC,80,8,5,0.625,False,0.8178904428904429,False
2022,MT,DC,90,8,6,0.75,False,0.9089452214452215,False
2022,MT,DC,95,8,7,0.875,False,0.9635780885780886,False
2022,MT,MDB,50,9,3,0.3333333333333333,False,0.6295498774086129,False
2022,MT,MDB,60,9,3,0.3333333333333333,False,0.6295498774086129,False
2022,MT,MDB,70,9,4,0.4444444444444444,False,0.8292135135595838,False
2022,MT,MDB,80,9,4,0.4444444444444444,False,0.8292135135595838,False
2022,MT,MDB,90,9,6,0.6666666666666666,False,0.9417785487870216,False
2022,MT,MDB,95,9,7,0.7777777777777778,False,0.981805463054408,False
2022,MT,NOVO,50,5,3,0.6,False,0.643702137560571,False
2022,MT,NOVO,60,5,3,0.6,False,0.643702137560571,False
2022,MT,NOVO,70,5,4,0.8,False,0.8218510687802856,True
2022,MT,NOVO,80,5,4,0.8,False,0.8218510687802856,True
2022,MT,NOVO,90,5,5,1.0,False,1.0,False
2022,MT,NOVO,95,5,5,1.0,False,1.0,False
2022,MT,PATRIOTA,50,9,3,0.3333333333333333,False,0.5387205387205387,False
2022,MT,PATRIOTA,60,9,4,0.4444444444444444,False,0.6531986531986532,False
2022,MT,PATRIOTA,70,9,5,0.5555555555555556,False,0.7542087542087542,False
2022,MT,PATRIOTA,80,9,6,0.6666666666666666,False,0.8249158249158249,False
2022,MT,PATRIOTA,90,9,8,0.8888888888888888,False,0.9461279461279462,True
2022,MT,PATRIOTA,95,9,9,1.0,False,1.0,False
2022,MT,PC DO B,50,2,1,0.5,False,0.7050754458161865,False
2022,MT,PC DO B,60,2,1,0.5,False,0.7050754458161865,False
2022,MT,PC DO B,70,2,1,0.5,False,0.7050754458161865,False
2022,MT,PC DO B,80,2,2,1.0,False,1.0,False
2022,MT,PC DO B,90,2,2,1.0,False,1.0,False
2022,MT,PC DO B,95,2,2,1.0,False,1.0,False
2022,MT,PDT,50,9,5,0.5555555555555556,False,0.6069182389937106,True
2022,MT,PDT,60,9,5,0.5555555555555556,False,0.6069182389937106,True
2022,MT,PDT,70,9,6,0.6666666666666666,False,0.7232704402515722,True
2022,MT,PDT,80,9,7,0.7777777777777778,False,0.839622641509434,True
2022,MT,PDT,90,9,8,0.8888888888888888,False,0.9559748427672956,False
2022,MT,PDT,95,9,8,0.8888888888888888,False,0.9559748427672956,False
2022,MT,PL,50,9,3,0.3333333333333333,False,0.5511731401815692,False
2022,MT,PL,60,9,4,0.4444444444444444,False,0.6874206529771579,False
2022,MT,PL,70,9,5,0.5555555555555556,False,0.8219885437740155,False
2022,MT,PL,80,9,5,0.5555555555555556,False,0.8219885437740155,False
2022,MT,PL,90,9,6,0.6666666666666666,False,0.9162455066013255,False
2022,MT,PL,95,9,8,0.8888888888888888,False,0.9729279171219358,False
2022,MT,PODE,50,9,3,0.3333333333333333,False,0.5250926594649579,False
2022,MT,PODE,60,9,4,0.4444444444444444,False,0.6352264965234321,False
2022,MT,PODE,70,9,5,0.5555555555555556,False,0.7446571946915755,False
2022,MT,PODE,80,9,6,0.6666666666666666,False,0.836286908294383,False
2022,MT,PODE,90,9,7,0.7777777777777778,False,0.9041434070101844,False
2022,MT,PODE,95,9,8,0.8888888888888888,False,0.96017115148232,False
2022,MT,PROS,50,9,3,0.3333333333333333,False,0.5684278666942839,False
2022,MT,PROS,60,9,4,0.4444444444444444,False,0.6687767781319944,False
2022,MT,PROS,70,9,5,0.5555555555555556,False,0.7632159429960177,True
2022,MT,PROS,80,9,6,0.6666666666666666,False,0.8576551078600411,True
2022,MT,PROS,90,9,7,0.7777777777777778,False,0.9520942727240644,False
2022,MT,PROS,95,9,7,0.7777777777777778,False,0.9520942727240644,False
2022,MT,PSB,50,9,4,0.4444444444444444,False,0.6186685422143682,False
2022,MT,PSB,60,9,4,0.4444444444444444,False,0.6186685422143682,False
2022,MT,PSB,70,9,5,0.5555555555555556,False,0.7290966888101705,False
2022,MT,PSB,80,9,6,0.6666666666666666,False,0.8095547713333439,False
2022,MT,PSB,90,9,8,0.8888888888888888,False,0.9570269559239811,False
2022,MT,PSB,95,9,8,0.8888888888888888,False,0.9570269559239811,False
2022,MT,PSD,50,9,3,0.3333333333333333,False,0.554711980393106,False
2022,MT,PSD,60,9,4,0.4444444444444444,False,0.6841254755393262,False
2022,MT,PSD,70,9,5,0.5555555555555556,False,0.8018141677810923,False
2022,MT,PSD,80,9,5,0.5555555555555556,False,0.8018141677810923,False
2022,MT,PSD,90,9,6,0.6666666666666666,False,0.912777088202988,False
2022,MT,PSD,95,9,7,0.7777777777777778,False,0.9959838852619539,False
2022,MT,PSDB,50,7,2,0.2857142857142857,False,0.5055196504529558,False
2022,MT,PSDB,60,7,3,0.42857142857142855,False,0.6861708782362583,False
2022,MT,PSDB,70,7,4,0.5714285714285714,False,0.7817521118007131,False
2022,MT,PSDB,80,7,5,0.7142857142857143,False,0.8748428998315882,False
2022,MT,PSDB,90,7,6,0.8571428571428571,False,0.9506894318453384,False
2022,MT,PSDB,95,7,6,0.8571428571428571,False,0.9506894318453384,False
2022,MT,PSOL,50,5,2,0.4,False,0.7496884917537838,False
2022,MT,PSOL,60,5,2,0.4,False,0.7496884917537838,False
2022,MT,PSOL,70,5,2,0.4,False,0.7496884917537838,False
2022,MT,PSOL,80,5,3,0.6,False,0.8357377056153554,False
2022,MT,PSOL,90,5,4,0.8,False,0.9217731159052551,False
2022,MT,PSOL,95,5,5,1.0,False,1.0,False
2022,MT,PT,50,4,1,0.25,False,0.8440445448272021,False
2022,MT,PT,60,4,1,0.25,False,0.8440445448272021,False
2022,MT,PT,70,4,1,0.25,False,0.8440445448272021,False
2022,MT,PT,80,4,1,0.25,False,0.8440445448272021,False
2022,MT,PT,90,4,2,0.5,False,0.9032165909137296,False
2022,MT,PT,95,4,3,0.75,False,0.962350497879223,False
2022,MT,PTB,50,9,2,0.2222222222222222,False,0.611143733359999,True
2022,MT,PTB,60,9,2,0.2222222222222222,False,0.611143733359999,True
2022,MT,PTB,70,9,3,0.3333333333333333,False,0.7243184987970359,False
2022,MT,PTB,80,9,4,0.4444444444444444,False,0.8059425072463199,False
2022,MT,PTB,90,9,6,0.6666666666666666,False,0.9455430733899557,False
2022,MT,PTB,95,9,7,0.7777777777777778,False,0.9908129795647705,False
2022,MT,PV,50,3,1,0.3333333333333333,False,0.9638544636122885,False
2022,MT,PV,60,3,1,0.3333333333333333,False,0.9638544636122885,False
2022,MT,PV,70,3,1,0.3333333333333333,False,0.9638544636122885,False
2022,MT,PV,80,3,1,0.3333333333333333,False,0.9638544636122885,False
2022,MT,PV,90,3,1,0.3333333333333333,False,0.9638544636122885,False
2022,MT,PV,95,3,1,0.3333333333333333,False,0.9638544636122885,False
2022,MT,REDE,50,3,1,0.3333333333333333,False,0.7,False
2022,MT,REDE,60,3,1,0.3333333333333333,False,0.7,False
2022,MT,REDE,70,3,1,0.3333333333333333,False,0.7,False
2022,MT,REDE,80,3,2,0.6666666666666666,False,0.85,True
2022,MT,REDE,90,3,3,1.0,False,1.0,False
2022,MT,REDE,95,3,3,1.0,False,1.0,False
2022,MT,REPUBLICANOS,50,9,2,0.2222222222222222,False,0.5335651138236139,False
2022,MT,REPUBLICANOS,60,9,3,0.3333333333333333,False,0.6353685301786247,False
2022,MT,REPUBLICANOS,70,9,4,0.4444444444444444,False,0.7363449895226039,False
2022,MT,REPUBLICANOS,80,9,6,0.6666666666666666,False,0.8544982451469688,False
2022,MT,REPUBLICANOS,90,9,7,0.7777777777777778,False,0.9062413040212062,False
2022,MT,REPUBLICANOS,95,9,8,0.8888888888888888,False,0.9564910008281665,False
2022,MT,SOLIDARIEDADE,50,6,3,0.5,False,0.6879525995562961,False
2022,MT,SOLIDARIEDADE,60,6,3,0.5,False,0.6879525995562961,False
2022,MT,SOLIDARIEDADE,70,6,4,0.6666666666666666,False,0.8573135349068423,False
2022,MT,SOLIDARIEDADE,80,6,4,0.6666666666666666,False,0.8573135349068423,False
2022,MT,SOLIDARIEDADE,90,6,5,0.8333333333333334,False,0.9388486578172182,False
2022,MT,SOLIDARIEDADE,95,6,6,1.0,False,1.0,False
2022,MT,UNIAO,50,9,3,0.3333333333333333,False,0.5706139937115221,False
2022,MT,UNIAO,60,9,4,0.4444444444444444,False,0.6579145321671765,False
2022,MT,UNIAO,70,9,5,0.5555555555555556,False,0.7398321304752313,True
2022,MT,UNIAO,80,9,6,0.6666666666666666,False,0.8217497287832862,False
2022,MT,UNIAO,90,9,7,0.7777777777777778,False,0.9035159082404943,True
2022,MT,UNIAO,95,9,8,0.8888888888888888,False,0.9852820876977025,False
2022,PA,AGIR,50,13,3,0.23076923076923078,False,0.5769230769230769,False
2022,PA,AGIR,60,13,4,0.3076923076923077,False,0.6730769230769231,False
2022,PA,AGIR,70,13,5,0.38461538461538464,False,0.7403846153846154,False
2022,PA,AGIR,80,13,7,0.5384615384615384,False,0.8461538461538461,True
2022,PA,AGIR,90,13,9,0.6923076923076923,False,0.9230769230769231,True
2022,PA,AGIR,95,13,10,0.7692307692307693,False,0.9519230769230769,True
2022,PA,AVANTE,50,5,0,0.0,True,,False
2022,PA,AVANTE,60,5,0,0.0,True,,False
2022,PA,AVANTE,70,5,0,0.0,True,,False
2022,PA,AVANTE,80,5,0,0.0,True,,False
2022,PA,AVANTE,90,5,0,0.0,True,,False
2022,PA,AVANTE,95,5,0,0.0,True,,False
2022,PA,CIDADANIA,50,3,1,0.3333333333333333,False,0.8351750157152097,False
2022,PA,CIDADANIA,60,3,1,0.3333333333333333,False,0.8351750157152097,False
2022,PA,CIDADANIA,70,3,1,0.3333333333333333,False,0.8351750157152097,False
2022,PA,CIDADANIA,80,3,1,0.3333333333333333,False,0.8351750157152097,False
2022,PA,CIDADANIA,90,3,2,0.6666666666666666,False,0.9204293179314805,False
2022,PA,CIDADANIA,95,3,3,1.0,False,1.0,False
2022,PA,MDB,50,14,2,0.14285714285714285,False,0.5231219920485457,True
2022,PA,MDB,60,14,3,0.21428571428571427,False,0.7846829880728186,False
2022,PA,MDB,70,14,3,0.21428571428571427,False,0.7846829880728186,False
2022,PA,MDB,80,14,4,0.2857142857142857,False,0.8252249424565808,True
2022,PA,MDB,90,14,6,0.42857142857142855,False,0.9063088512241054,True
2022,PA,MDB,95,14,8,0.5714285714285714,False,0.9599288554090813,True
2022,PA,PATRIOTA,50,1,0,0.0,True,,False
2022,PA,PATRIOTA,60,1,0,0.0,True,,False
2022,PA,PATRIOTA,70,1,0,0.0,True,,False
2022,PA,PATRIOTA,80,1,0,0.0,True,,False
2022,PA,PATRIOTA,90,1,0,0.0,True,,False
2022,PA,PATRIOTA,95,1,0,0.0,True,,False
2022,PA,PC DO B,50,5,3,0.6,False,0.7241379310344828,False
2022,PA,PC DO B,60,5,3,0.6,False,0.7241379310344828,False
2022,PA,PC DO B,70,5,3,0.6,False,0.7241379310344828,False
2022,PA,PC DO B,80,5,4,0.8,False,0.8620689655172413,True
2022,PA,PC DO B,90,5,5,1.0,False,1.0,False
2022,PA,PC DO B,95,5,5,1.0,False,1.0,False
2022,PA,PDT,50,18,2,0.1111111111111111,False,0.613685179502915,False
2022,PA,PDT,60,18,2,0.1111111111111111,False,0.613685179502915,False
2022,PA,PDT,70,18,3,0.16666666666666666,False,0.7891991408407487,False
2022,PA,PDT,80,18,4,0.2222222222222222,False,0.8220312979441546,False
2022,PA,PDT,90,18,7,0.3888888888888889,False,0.9064130101258054,True
2022,PA,PDT,95,18,10,0.5555555555555556,False,0.9662473151273396,False
2022,PA,PL,50,18,1,0.05555555555555555,False,0.747976436997283,False
2022,PA,PL,60,18,1,0.05555555555555555,False,0.747976436997283,False
2022,PA,PL,70,18,1,0.05555555555555555,False,0.747976436997283,False
2022,PA,PL,80,18,2,0.1111111111111111,False,0.993053906524571,False
2022,PA,PL,90,18,2,0.1111111111111111,False,0.993053906524571,False
2022,PA,PL,95,18,2,0.1111111111111111,False,0.993053906524571,False
2022,PA,PMB,50,8,0,0.0,True,,False
2022,PA,PMB,60,8,0,0.0,True,,False
2022,PA,PMB,70,8,0,0.0,True,,False
2022,PA,PMB,80,8,0,0.0,True,,False
2022,PA,PMB,90,8,0,0.0,True,,False
2022,PA,PMB,95,8,0,0.0,True,,False
2022,PA,PODE,50,18,4,0.2222222222222222,False,0.5061224489795918,False
2022,PA,PODE,60,18,6,0.3333333333333333,False,0.6281632653061224,False
2022,PA,PODE,70,18,8,0.4444444444444444,False,0.730204081632653,False
2022,PA,PODE,80,18,10,0.5555555555555556,False,0.8204081632653061,False
2022,PA,PODE,90,18,13,0.7222222222222222,False,0.9051020408163265,True
2022,PA,PODE,95,18,15,0.8333333333333334,False,0.9561224489795919,True
2022,PA,PP,50,17,5,0.29411764705882354,False,0.5717147959934077,False
2022,PA,PP,60,17,6,0.35294117647058826,False,0.6253717454062099,True
2022,PA,PP,70,17,8,0.47058823529411764,False,0.7326856442318144,True
2022,PA,PP,80,17,10,0.5882352941176471,False,0.8265853057042183,True
2022,PA,PP,90,17,12,0.7058823529411765,False,0.9070707298234216,False
2022,PA,PP,95,17,15,0.8823529411764706,False,0.9634105267068639,True
2022,PA,PROS,50,10,1,0.1,False,0.9615384615384616,False
2022,PA,PROS,60,10,1,0.1,False,0.9615384615384616,False
2022,PA,PROS,70,10,1,0.1,False,0.9615384615384616,False
2022,PA,PROS,80,10,1,0.1,False,0.9615384615384616,False
2022,PA,PROS,90,10,1,0.1,False,0.9615384615384616,False
2022,PA,PROS,95,10,1,0.1,False,0.9615384615384616,False
2022,PA,PRTB,50,10,1,0.1,False,1.0,False
2022,PA,PRTB,60,10,1,0.1,False,1.0,False
2022,PA,PRTB,70,10,1,0.1,False,1.0,False
2022,PA,PRTB,80,10,1,0.1,False,1.0,False
2022,PA,PRTB,90,10,1,0.1,False,1.0,False
2022,PA,PRTB,95,10,1,0.1,False,1.0,False
2022,PA,PSB,50,18,5,0.2777777777777778,False,0.5135888673006949,False
2022,PA,PSB,60,18,7,0.3888888888888889,False,0.6175506768100102,False
2022,PA,PSB,70,18,9,0.5,False,0.7031593880461136,False
2022,PA,PSB,80,18,12,0.6666666666666666,False,0.8239833739393609,False
2022,PA,PSB,90,18,15,0.8333333333333334,False,0.9241581442134736,False
2022,PA,PSB,95,18,16,0.8888888888888888,False,0.9531900387454971,False
2022,PA,PSC,50,18,1,0.05555555555555555,False,0.6600660066006601,False
2022,PA,PSC,60,18,1,0.05555555555555555,False,0.6600660066006601,False
2022,PA,PSC,70,18,2,0.1111111111111111,False,0.7326732673267327,False
2022,PA,PSC,80,18,4,0.2222222222222222,False,0.8316831683168316,True
2022,PA,PSC,90,18,7,0.3888888888888889,False,0.9075907590759076,False
2022,PA,PSC,95,18,11,0.6111111111111112,False,0.9537953795379538,True
2022,PA,PSD,50,13,4,0.3076923076923077,False,0.5587305049623732,False
2022,PA,PSD,60,13,5,0.38461538461538464,False,0.6458719598647616,False
2022,PA,PSD,70,13,6,0.46153846153846156,False,0.7230886683389682,False
2022,PA,PSD,80,13,8,0.6153846153846154,False,0.8338968262624059,False
2022,PA,PSD,90,13,10,0.7692307692307693,False,0.9328171011015378,False
2022,PA,PSD,95,13,11,0.8461538461538461,False,0.9664085505507689,True
2022,PA,PSDB,50,14,3,0.21428571428571427,False,0.5353982300884956,False
2022,PA,PSDB,60,14,4,0.2857142857142857,False,0.6221238938053097,False
2022,PA,PSDB,70,14,6,0.42857142857142855,False,0.7371681415929203,True
2022,PA,PSDB,80,14,8,0.5714285714285714,False,0.8415929203539823,False
2022,PA,PSDB,90,14,10,0.7142857142857143,False,0.9008849557522124,False
2022,PA,PSDB,95,14,12,0.8571428571428571,False,0.9504424778761061,True
2022,PA,PSOL,50,15,2,0.13333333333333333,False,0.6430590642680071,False
2022,PA,PSOL,60,15,2,0.13333333333333333,False,0.6430590642680071,False
2022,PA,PSOL,70,15,3,0.2,False,0.7917108350546471,False
2022,PA,PSOL,80,15,4,0.26666666666666666,False,0.8394838784701872,False
2022,PA,PSOL,90,15,7,0.4666666666666667,False,0.9194068890809322,False
2022,PA,PSOL,95,15,9,0.6,False,0.9521549570253722,False
2022,PA,PSTU,50,1,1,1.0,False,1.0,False
2022,PA,PSTU,60,1,1,1.0,False,1.0,False
2022,PA,PSTU,70,1,1,1.0,False,1.0,False
2022,PA,PSTU,80,1,1,1.0,False,1.0,False
2022,PA,PSTU,90,1,1,1.0,False,1.0,False
2022,PA,PSTU,95,1,1,1.0,False,1.0,False
2022,PA,PT,50,11,2,0.18181818181818182,False,0.51853240236463,False
2022,PA,PT,60,11,3,0.2727272727272727,False,0.7093933961718532,False
2022,PA,PT,70,11,3,0.2727272727272727,False,0.7093933961718532,False
2022,PA,PT,80,11,4,0.36363636363636365,False,0.8865336093977283,False
2022,PA,PT,90,11,5,0.45454545454545453,False,0.9233121523057461,False
2022,PA,PT,95,11,6,0.5454545454545454,False,0.956477493392106,False
2022,PA,PTB,50,18,2,0.1111111111111111,False,0.6143338918324656,False
2022,PA,PTB,60,18,2,0.1111111111111111,False,0.6143338918324656,False
2022,PA,PTB,70,18,3,0.16666666666666666,False,0.8532421004318231,False
2022,PA,PTB,80,18,3,0.16666666666666666,False,0.8532421004318231,False
2022,PA,PTB,90,18,4,0.2222222222222222,False,0.9078496909688192,False
2022,PA,PTB,95,18,7,0.3888888888888889,False,0.9624572815058152,False
2022,PA,PV,50,2,1,0.5,False,0.9315083861942522,False
2022,PA,PV,60,2,1,0.5,False,0.9315083861942522,False
2022,PA,PV,70,2,1,0.5,False,0.9315083861942522,False
2022,PA,PV,80,2,1,0.5,False,0.9315083861942522,False
2022,PA,PV,90,2,1,0.5,False,0.9315083861942522,False
2022,PA,PV,95,2,2,1.0,False,1.0,False
2022,PA,REDE,50,2,1,0.5,False,1.0,False
2022,PA,REDE,60,2,1,0.5,False,1.0,False
2022,PA,REDE,70,2,1,0.5,False,1.0,False
2022,PA,REDE,80,2,1,0.5,False,1.0,False
2022,PA,REDE,90,2,1,0.5,False,1.0,False
2022,PA,REDE,95,2,1,0.5,False,1.0,False
2022,PA,REPUBLICANOS,50,18,6,0.3333333333333333,False,0.5642430374647052,False
2022,PA,REPUBLICANOS,60,18,7,0.3888888888888889,False,0.6260940573599925,False
2022,PA,REPUBLICANOS,70,18,9,0.5,False,0.7131046871192096,False
2022,PA,REPUBLICANOS,80,18,12,0.6666666666666666,False,0.8429560085458893,False
2022,PA,REPUBLICANOS,90,18,14,0.7777777777777778,False,0.9170183024448774,False
2022,PA,REPUBLICANOS,95,18,16,0.8888888888888888,False,0.9612533111113559,True
2022,PA,SOLIDARIEDADE,50,10,1,0.1,False,0.7209805335255948,False
2022,PA,SOLIDARIEDADE,60,10,1,0.1,False,0.7209805335255948,False
2022,PA,SOLIDARIEDADE,70,10,1,0.1,False,0.7209805335255948,False
2022,PA,SOLIDARIEDADE,80,10,3,0.3,False,0.8125450612833454,True
2022,PA,SOLIDARIEDADE,90,10,6,0.6,False,0.9206921413121846,False
2022,PA,SOLIDARIEDADE,95,10,8,0.8,False,0.9711607786589762,False
2022,PA,UNIAO,50,18,4,0.2222222222222222,False,0.5370937344217509,False
2022,PA,UNIAO,60,18,6,0.3333333333333333,False,0.6536952400005032,False
2022,PA,UNIAO,70,18,7,0.3888888888888889,False,0.7050141353602227,False
2022,PA,UNIAO,80,18,9,0.5,False,0.8062772778212445,False
2022,PA,UNIAO,90,18,12,0.6666666666666666,False,0.9102529279653888,False
2022,PA,UNIAO,95,18,14,0.7777777777777778,False,0.9568719124717234,False
2022,PB,AGIR,50,8,0,0.0,True,,False
2022,PB,AGIR,60,8,0,0.0,True,,False
2022,PB,AGIR,70,8,0,0.0,True,,False
2022,PB,AGIR,80,8,0,0.0,True,,False
2022,PB,AGIR,90,8,0,0.0,True,,False
2022,PB,AGIR,95,8,0,0.0,True,,False
2022,PB,AVANTE,50,9,0,0.0,True,,False
2022,PB,AVANTE,60,9,0,0.0,True,,False
2022,PB,AVANTE,70,9,0,0.0,True,,False
2022,PB,AVANTE,80,9,0,0.0,True,,False
2022,PB,AVANTE,90,9,0,0.0,True,,False
2022,PB,AVANTE,95,9,0,0.0,True,,False
2022,PB,DC,50,2,1,0.5,False,0.5024875621890548,False
2022,PB,DC,60,2,2,1.0,False,1.0,False
2022,PB,DC,70,2,2,1.0,False,1.0,False
2022,PB,DC,80,2,2,1.0,False,1.0,False
2022,PB,DC,90,2,2,1.0,False,1.0,False
2022,PB,DC,95,2,2,1.0,False,1.0,False
2022,PB,MDB,50,13,3,0.23076923076923078,False,0.5571487994300662,False
2022,PB,MDB,60,13,4,0.3076923076923077,False,0.6441436700414416,False
2022,PB,MDB,70,13,5,0.38461538461538464,False,0.7268173628600966,False
2022,PB,MDB,80,13,7,0.5384615384615384,False,0.8490306478963692,False
2022,PB,MDB,90,13,9,0.6923076923076923,False,0.9245153239481846,True
2022,PB,MDB,95,13,10,0.7692307692307693,False,0.9532713910155428,False
2022,PB,PATRIOTA,50,10,4,0.4,False,0.51,False
2022,PB,PATRIOTA,60,10,6,0.6,False,0.682,False
2022,PB,PATRIOTA,70,10,7,0.7,False,0.766,False
2022,PB,PATRIOTA,80,10,8,0.8,False,0.846,True
2022,PB,PATRIOTA,90,10,9,0.9,False,0.926,False
2022,PB,PATRIOTA,95,10,10,1.0,False,1.0,False
2022,PB,PC DO B,50,2,1,0.5,False,0.8697510345295435,False
2022,PB,PC DO B,60,2,1,0.5,False,0.8697510345295435,False
2022,PB,PC DO B,70,2,1,0.5,False,0.8697510345295435,False
2022,PB,PC DO B,80,2,1,0.5,False,0.8697510345295435,False
2022,PB,PC DO B,90,2,2,1.0,False,1.0,False
2022,PB,PC DO B,95,2,2,1.0,False,1.0,False
2022,PB,PCO,50,3,2,0.6666666666666666,False,0.6666666666666666,True
2022,PB,PCO,60,3,2,0.6666666666666666,False,0.6666666666666666,True
2022,PB,PCO,70,3,3,1.0,False,1.0,False
2022,PB,PCO,80,3,3,1.0,False,1.0,False
2022,PB,PCO,90,3,3,1.0,False,1.0,False
2022,PB,PCO,95,3,3,1.0,False,1.0,False
2022,PB,PDT,50,8,3,0.375,False,0.5315870514552438,False
2022,PB,PDT,60,8,4,0.5,False,0.6718027680845965,False
2022,PB,PDT,70,8,5,0.625,False,0.775808925803833,False
2022,PB,PDT,80,8,6,0.75,False,0.8582434437002765,False
2022,PB,PDT,90,8,7,0.875,False,0.9291217218501382,True
2022,PB,PDT,95,8,8,1.0,False,0.9999999999999999,False
2022,PB,PL,50,12,3,0.25,False,0.5725867141000205,False
2022,PB,PL,60,12,4,0.3333333333333333,False,0.6435315044126702,False
2022,PB,PL,70,12,5,0.4166666666666667,False,0.7119449955531231,False
2022,PB,PL,80,12,7,0.5833333333333334,False,0.8286584114387358,False
2022,PB,PL,90,12,9,0.75,False,0.9290552096873503,False
2022,PB,PL,95,12,10,0.8333333333333334,False,0.9657932544297736,False
2022,PB,PMB,50,9,0,0.0,True,,False
2022,PB,PMB,60,9,0,0.0,True,,False
2022,PB,PMB,70,9,0,0.0,True,,False
2022,PB,PMB,80,9,0,0.0,True,,False
2022,PB,PMB,90,9,0,0.0,True,,False
2022,PB,PMB,95,9,0,0.0,True,,False
2022,PB,PODE,50,3,0,0.0,True,,False
2022,PB,PODE,60,3,0,0.0,True,,False
2022,PB,PODE,70,3,0,0.0,True,,False
2022,PB,PODE,80,3,0,0.0,True,,False
2022,PB,PODE,90,3,0,0.0,True,,False
2022,PB,PODE,95,3,0,0.0,True,,False
2022,PB,PP,50,11,3,0.2727272727272727,False,0.6286242981881989,False
2022,PB,PP,60,11,3,0.2727272727272727,False,0.6286242981881989,False
2022,PB,PP,70,11,4,0.36363636363636365,False,0.7216791165762241,False
2022,PB,PP,80,11,5,0.45454545454545453,False,0.8111876637470014,False
2022,PB,PP,90,11,7,0.6363636363636364,False,0.9287510664265848,False
2022,PB,PP,95,11,9,0.8181818181818182,False,0.9695290932487971,False
2022,PB,PROS,50,3,2,0.6666666666666666,False,0.6670673076923077,True
2022,PB,PROS,60,3,2,0.6666666666666666,False,0.6670673076923077,True
2022,PB,PROS,70,3,3,1.0,False,1.0,False
2022,PB,PROS,80,3,3,1.0,False,1.0,False
2022,PB,PROS,90,3,3,1.0,False,1.0,False
2022,PB,PROS,95,3,3,1.0,False,1.0,False
2022,PB,PRTB,50,11,1,0.09090909090909091,False,0.5301204819277109,False
2022,PB,PRTB,60,11,2,0.18181818181818182,False,0.7108433734939759,False
2022,PB,PRTB,70,11,2,0.18181818181818182,False,0.7108433734939759,False
2022,PB,PRTB,80,11,4,0.36363636363636365,False,0.8554216867469879,False
2022,PB,PRTB,90,11,5,0.45454545454545453,False,0.9036144578313253,True
2022,PB,PRTB,95,11,6,0.5454545454545454,False,0.9518072289156628,True
2022,PB,PSB,50,13,2,0.15384615384615385,False,0.5209011590050788,False
2022,PB,PSB,60,13,3,0.23076923076923078,False,0.631592655293658,True
2022,PB,PSB,70,13,4,0.3076923076923077,False,0.7422841515822373,False
2022,PB,PSB,80,13,5,0.38461538461538464,False,0.8073967964578721,False
2022,PB,PSB,90,13,7,0.5384615384615384,False,0.9139210834744107,False
2022,PB,PSB,95,13,8,0.6153846153846154,False,0.9529886703997916,False
2022,PB,PSC,50,13,2,0.15384615384615385,False,0.5481963244532838,False
2022,PB,PSC,60,13,3,0.23076923076923078,False,0.8114204643880704,False
2022,PB,PSC,70,13,3,0.23076923076923078,False,0.8114204643880704,False
2022,PB,PSC,80,13,3,0.23076923076923078,False,0.8114204643880704,False
2022,PB,PSC,90,13,5,0.38461538461538464,False,0.9073548211673951,False
2022,PB,PSC,95,13,7,0.5384615384615384,False,0.9639286818509739,False
2022,PB,PSDB,50,5,1,0.2,False,0.7142857142857143,False
2022,PB,PSDB,60,5,1,0.2,False,0.7142857142857143,False
2022,PB,PSDB,70,5,1,0.2,False,0.7142857142857143,False
2022,PB,PSDB,80,5,2,0.4,False,0.863130881094953,False
2022,PB,PSDB,90,5,3,0.6,False,0.9087539207299686,True
2022,PB,PSDB,95,5,4,0.8,False,0.9543769603649843,True
2022,PB,PSOL,50,2,1,0.5,False,0.6799999966681345,False
2022,PB,PSOL,60,2,1,0.5,False,0.6799999966681345,False
2022,PB,PSOL,70,2,2,1.0,False,1.0,False
2022,PB,PSOL,80,2,2,1.0,False,1.0,False
2022,PB,PSOL,90,2,2,1.0,False,1.0,False
2022,PB,PSOL,95,2,2,1.0,False,1.0,False
2022,PB,PT,50,8,2,0.25,False,0.5820298275587881,False
2022,PB,PT,60,8,3,0.375,False,0.7905060341927724,False
2022,PB,PT,70,8,3,0.375,False,0.7905060341927724,False
2022,PB,PT,80,8,4,0.5,False,0.8886734352813926,False
2022,PB,PT,90,8,5,0.625,False,0.9230210142326871,False
2022,PB,PT,95,8,6,0.75,False,0.9513072557219885,False
2022,PB,PTB,50,12,2,0.16666666666666666,False,0.5970538857756202,False
2022,PB,PTB,60,12,3,0.25,False,0.7262353631092133,False
2022,PB,PTB,70,12,3,0.25,False,0.7262353631092133,False
2022,PB,PTB,80,12,4,0.3333333333333333,False,0.8363632129496921,False
2022,PB,PTB,90,12,6,0.5,False,0.9301472845405218,False
2022,PB,PTB,95,12,8,0.6666666666666666,False,0.9568181288914388,False
2022,PB,PV,50,2,1,0.5,False,0.5149409128740142,False
2022,PB,PV,60,2,2,1.0,False,1.0,False
2022,PB,PV,70,2,2,1.0,False,1.0,False
2022,PB,PV,80,2,2,1.0,False,1.0,False
2022,PB,PV,90,2,2,1.0,False,1.0,False
2022,PB,PV,95,2,2,1.0,False,1.0,False
2022,PB,REDE,50,11,3,0.2727272727272727,False,0.5906187573657923,False
2022,PB,REDE,60,11,4,0.36363636363636365,False,0.6692679872560604,False
2022,PB,REDE,70,11,5,0.45454545454545453,False,0.7428939443539254,False
2022,PB,REDE,80,11,6,0.5454545454545454,False,0.8035507244241313,False
2022,PB,REDE,90,11,8,0.7272727272727273,False,0.9158711040622652,False
2022,PB,REDE,95,11,10,0.9090909090909091,False,0.9734527643940877,False
2022,PB,REPUBLICANOS,50,13,4,0.3076923076923077,False,0.5385958597199844,False
2022,PB,REPUBLICANOS,60,13,5,0.38461538461538464,False,0.6431539622451474,False
2022,PB,REPUBLICANOS,70,13,6,0.46153846153846156,False,0.730946295582301,False
2022,PB,REPUBLICANOS,80,13,7,0.5384615384615384,False,0.804134457754687,False
2022,PB,REPUBLICANOS,90,13,10,0.7692307692307693,False,0.9337717819272169,False
2022,PB,REPUBLICANOS,95,13,11,0.8461538461538461,False,0.9647150910911962,False
2022,PB,SOLIDARIEDADE,50,12,2,0.16666666666666666,False,0.5341685649202733,False
2022,PB,SOLIDARIEDADE,60,12,3,0.25,False,0.7357630979498861,False
2022,PB,SOLIDARIEDADE,70,12,3,0.25,False,0.7357630979498861,False
2022,PB,SOLIDARIEDADE,80,12,4,0.3333333333333333,False,0.8610478359908884,False
2022,PB,SOLIDARIEDADE,90,12,5,0.4166666666666667,False,0.9123006833712984,False
2022,PB,SOLIDARIEDADE,95,12,6,0.5,False,0.9578587699316629,False
2022,PB,UNIAO,50,13,3,0.23076923076923078,False,0.5399730439100517,False
2022,PB,UNIAO,60,13,4,0.3076923076923077,False,0.6233241115130879,False
2022,PB,UNIAO,70,13,6,0.46153846153846156,False,0.7410796623395048,False
2022,PB,UNIAO,80,13,8,0.6153846153846154,False,0.8354259771582606,False
2022,PB,UNIAO,90,13,10,0.7692307692307693,False,0.9063630559693552,False
2022,PB,UNIAO,95,13,12,0.9230769230769231,False,0.9751720224161169,False
2022,PB,UP,50,3,2,0.6666666666666666,False,0.8183196845617228,False
2022,PB,UP,60,3,2,0.6666666666666666,False,0.8183196845617228,False
2022,PB,UP,70,3,2,0.6666666666666666,False,0.8183196845617228,False
2022,PB,UP,80,3,2,0.6666666666666666,False,0.8183196845617228,False
2022,PB,UP,90,3,3,1.0,False,1.0,False
2022,PB,UP,95,3,3,1.0,False,1.0,False
2022,PE,AGIR,50,17,4,0.23529411764705882,False,0.5631067961165048,True
2022,PE,AGIR,60,17,5,0.29411764705882354,False,0.6601941747572816,False
2022,PE,AGIR,70,17,6,0.35294117647058826,False,0.7087378640776699,True
2022,PE,AGIR,80,17,8,0.47058823529411764,False,0.8058252427184466,True
2022,PE,AGIR,90,17,11,0.6470588235294118,False,0.912621359223301,True
2022,PE,AGIR,95,17,13,0.7647058823529411,False,0.9611650485436893,True
2022,PE,AVANTE,50,26,3,0.11538461538461539,False,0.5422521105629201,False
2022,PE,AVANTE,60,26,5,0.19230769230769232,False,0.6497577953503678,True
2022,PE,AVANTE,70,26,6,0.23076923076923078,False,0.700681540776001,False
2022,PE,AVANTE,80,26,11,0.4230769230769231,False,0.8127137807123938,False
2022,PE,AVANTE,90,26,17,0.6538461538461539,False,0.9094688970210967,True
2022,PE,AVANTE,95,26,21,0.8076923076923077,False,0.9569977260850209,True
2022,PE,CIDADANIA,50,2,1,0.5,False,0.996039603960396,False
2022,PE,CIDADANIA,60,2,1,0.5,False,0.996039603960396,False
2022,PE,CIDADANIA,70,2,1,0.5,False,0.996039603960396,False
2022,PE,CIDADANIA,80,2,1,0.5,False,0.996039603960396,False
2022,PE,CIDADANIA,90,2,1,0.5,False,0.996039603960396,False
2022,PE,CIDADANIA,95,2,1,0.5,False,0.996039603960396,False
2022,PE,DC,50,18,6,0.3333333333333333,False,0.5142857142857142,True
2022,PE,DC,60,18,7,0.3888888888888889,False,0.6,False
2022,PE,DC,70,18,9,0.5,False,0.7142857142857144,True
2022,PE,DC,80,18,11,0.6111111111111112,False,0.8285714285714286,True
2022,PE,DC,90,18,13,0.7222222222222222,False,0.9428571428571428,True
2022,PE,DC,95,18,14,0.7777777777777778,False,1.0,False
2022,PE,MDB,50,20,3,0.15,False,0.5372260697438312,False
2022,PE,MDB,60,20,4,0.2,False,0.6246821654173017,False
2022,PE,MDB,70,20,5,0.25,False,0.7012062491315884,False
2022,PE,MDB,80,20,7,0.35,False,0.8165171112770591,False
2022,PE,MDB,90,20,10,0.5,False,0.91066359826955,False
2022,PE,MDB,95,20,14,0.7,False,0.9535826772213055,True
2022,PE,NOVO,50,6,2,0.3333333333333333,False,0.5690973147268399,False
2022,PE,NOVO,60,6,3,0.5,False,0.7357639813935065,False
2022,PE,NOVO,70,6,3,0.5,False,0.7357639813935065,False
2022,PE,NOVO,80,6,4,0.6666666666666666,False,0.8238426542623376,True
2022,PE,NOVO,90,6,5,0.8333333333333334,False,0.9119213271311689,True
2022,PE,NOVO,95,6,6,1.0,False,1.0,False
2022,PE,PATRIOTA,50,21,4,0.19047619047619047,False,0.5744546404233093,False
2022,PE,PATRIOTA,60,21,5,0.23809523809523808,False,0.6755161049422248,False
2022,PE,PATRIOTA,70,21,6,0.2857142857142857,False,0.7712585450127762,False
2022,PE,PATRIOTA,80,21,7,0.3333333333333333,False,0.8031726917029601,True
2022,PE,PATRIOTA,90,21,11,0.5238095238095238,False,0.9201912295669675,True
2022,PE,PATRIOTA,95,21,13,0.6190476190476191,False,0.9521053762571514,True
2022,PE,PC DO B,50,3,1,0.3333333333333333,False,0.9738539771198701,False
2022,PE,PC DO B,60,3,1,0.3333333333333333,False,0.9738539771198701,False
2022,PE,PC DO B,70,3,1,0.3333333333333333,False,0.9738539771198701,False
2022,PE,PC DO B,80,3,1,0.3333333333333333,False,0.9738539771198701,False
2022,PE,PC DO B,90,3,1,0.3333333333333333,False,0.9738539771198701,False
2022,PE,PC DO B,95,3,1,0.3333333333333333,False,0.9738539771198701,False
2022,PE,PCB,50,2,0,0.0,True,,False
2022,PE,PCB,60,2,0,0.0,True,,False
2022,PE,PCB,70,2,0,0.0,True,,False
2022,PE,PCB,80,2,0,0.0,True,,False
2022,PE,PCB,90,2,0,0.0,True,,False
2022,PE,PCB,95,2,0,0.0,True,,False
2022,PE,PDT,50,24,2,0.08333333333333333,False,0.5515439368781455,False
2022,PE,PDT,60,24,3,0.125,False,0.6094601875194222,False
2022,PE,PDT,70,24,5,0.20833333333333334,False,0.7197873627575909,False
2022,PE,PDT,80,24,7,0.2916666666666667,False,0.804371530440187,False
2022,PE,PDT,90,24,12,0.5,False,0.9119221384348621,True
2022,PE,PDT,95,24,15,0.625,False,0.9509044070190149,False
2022,PE,PL,50,26,2,0.07692307692307693,False,0.7454416809608526,False
2022,PE,PL,60,26,2,0.07692307692307693,False,0.7454416809608526,False
2022,PE,PL,70,26,2,0.07692307692307693,False,0.7454416809608526,False
2022,PE,PL,80,26,3,0.11538461538461539,False,0.9318021012010658,False
2022,PE,PL,90,26,3,0.11538461538461539,False,0.9318021012010658,False
2022,PE,PL,95,26,4,0.15384615384615385,False,0.9640445038672453,False
2022,PE,PMB,50,1,0,0.0,True,,False
2022,PE,PMB,60,1,0,0.0,True,,False
2022,PE,PMB,70,1,0,0.0,True,,False
2022,PE,PMB,80,1,0,0.0,True,,False
2022,PE,PMB,90,1,0,0.0,True,,False
2022,PE,PMB,95,1,0,0.0,True,,False
2022,PE,PMN,50,21,2,0.09523809523809523,False,0.5582655826558266,False
2022,PE,PMN,60,21,3,0.14285714285714285,False,0.6558265582655827,False
2022,PE,PMN,70,21,4,0.19047619047619047,False,0.7100271002710027,False
2022,PE,PMN,80,21,7,0.3333333333333333,False,0.8130081300813008,False
2022,PE,PMN,90,21,12,0.5714285714285714,False,0.9186991869918699,False
2022,PE,PMN,95,21,15,0.7142857142857143,False,0.9566395663956639,True
2022,PE,PODE,50,22,2,0.09090909090909091,False,0.6023380888564895,False
2022,PE,PODE,60,22,2,0.09090909090909091,False,0.6023380888564895,False
2022,PE,PODE,70,22,4,0.18181818181818182,False,0.7171630805241699,False
2022,PE,PODE,80,22,7,0.3181818181818182,False,0.8020629128249193,False
2022,PE,PODE,90,22,12,0.5454545454545454,False,0.9104105972703203,True
2022,PE,PODE,95,22,15,0.6818181818181818,False,0.9645844394930206,False
2022,PE,PP,50,21,3,0.14285714285714285,False,0.5101466019050954,False
2022,PE,PP,60,21,4,0.19047619047619047,False,0.668142355264257,False
2022,PE,PP,70,21,5,0.23809523809523808,False,0.7645507443728279,False
2022,PE,PP,80,21,6,0.2857142857142857,False,0.826509863337205,False
2022,PE,PP,90,21,11,0.5238095238095238,False,0.9039587620426762,True
2022,PE,PP,95,21,15,0.7142857142857143,False,0.953526057214178,False
2022,PE,PROS,50,3,0,0.0,True,,False
2022,PE,PROS,60,3,0,0.0,True,,False
2022,PE,PROS,70,3,0,0.0,True,,False
2022,PE,PROS,80,3,0,0.0,True,,False
2022,PE,PROS,90,3,0,0.0,True,,False
2022,PE,PROS,95,3,0,0.0,True,,False
2022,PE,PRTB,50,24,5,0.20833333333333334,False,0.5139774925991613,False
2022,PE,PRTB,60,24,7,0.2916666666666667,False,0.6652154065600814,False
2022,PE,PRTB,70,24,8,0.3333333333333333,False,0.7275802152734503,False
2022,PE,PRTB,80,24,10,0.4166666666666667,False,0.8111734197435836,False
2022,PE,PRTB,90,24,15,0.625,False,0.9014015927289633,True
2022,PE,PRTB,95,24,19,0.7916666666666666,False,0.9507007963644817,True
2022,PE,PSB,50,14,4,0.2857142857142857,False,0.5938813493598568,False
2022,PE,PSB,60,14,5,0.35714285714285715,False,0.7390542547324466,False
2022,PE,PSB,70,14,5,0.35714285714285715,False,0.7390542547324466,False
2022,PE,PSB,80,14,6,0.42857142857142855,False,0.8106598937196129,False
2022,PE,PSB,90,14,8,0.5714285714285714,False,0.9284601057568358,False
2022,PE,PSB,95,14,9,0.6428571428571429,False,0.9510031096442816,False
2022,PE,PSC,50,9,0,0.0,True,,False
2022,PE,PSC,60,9,0,0.0,True,,False
2022,PE,PSC,70,9,0,0.0,True,,False
2022,PE,PSC,80,9,0,0.0,True,,False
2022,PE,PSC,90,9,0,0.0,True,,False
2022,PE,PSC,95,9,0,0.0,True,,False
2022,PE,PSD,50,2,0,0.0,True,,False
2022,PE,PSD,60,2,0,0.0,True,,False
2022,PE,PSD,70,2,0,0.0,True,,False
2022,PE,PSD,80,2,0,0.0,True,,False
2022,PE,PSD,90,2,0,0.0,True,,False
2022,PE,PSD,95,2,0,0.0,True,,False
2022,PE,PSDB,50,13,4,0.3076923076923077,False,0.6160337552742616,False
2022,PE,PSDB,60,13,4,0.3076923076923077,False,0.6160337552742616,False
2022,PE,PSDB,70,13,5,0.38461538461538464,False,0.7341772151898734,True
2022,PE,PSDB,80,13,6,0.46153846153846156,False,0.8523206751054853,False
2022,PE,PSDB,90,13,7,0.5384615384615384,False,0.919831223628692,False
2022,PE,PSDB,95,13,8,0.6153846153846154,False,0.9535864978902954,True
2022,PE,PSOL,50,17,4,0.23529411764705882,False,0.5188138891031265,False
2022,PE,PSOL,60,17,6,0.35294117647058826,False,0.6689610804988593,False
2022,PE,PSOL,70,17,7,0.4117647058823529,False,0.7432257152919389,False
2022,PE,PSOL,80,17,9,0.5294117647058824,False,0.8417540897778534,False
2022,PE,PSOL,90,17,11,0.6470588235294118,False,0.9017156577590234,False
2022,PE,PSOL,95,17,14,0.8235294117647058,False,0.9569619064521142,False
2022,PE,PSTU,50,2,1,0.5,False,0.5,True
2022,PE,PSTU,60,2,2,1.0,False,1.0,False
2022,PE,PSTU,70,2,2,1.0,False,1.0,False
2022,PE,PSTU,80,2,2,1.0,False,1.0,False
2022,PE,PSTU,90,2,2,1.0,False,1.0,False
2022,PE,PSTU,95,2,2,1.0,False,1.0,False
2022,PE,PT,50,15,3,0.2,False,0.5788591803180086,False
2022,PE,PT,60,15,4,0.26666666666666666,False,0.6777566625707961,False
2022,PE,PT,70,15,5,0.3333333333333333,False,0.7718760188371294,True
2022,PE,PT,80,15,6,0.4,False,0.8659953751034628,False
2022,PE,PT,90,15,7,0.4666666666666667,False,0.9233926480261745,False
2022,PE,PT,95,15,9,0.6,False,0.9561071244740079,False
2022,PE,PTB,50,10,2,0.2,False,0.577676572209629,False
2022,PE,PTB,60,10,3,0.3,False,0.6612443640429538,True
2022,PE,PTB,70,10,4,0.4,False,0.7448121558762786,True
2022,PE,PTB,80,10,5,0.5,False,0.8283799477096034,False
2022,PE,PTB,90,10,6,0.6,False,0.9088113521172659,False
2022,PE,PTB,95,10,8,0.8,False,0.9696344911646964,True
2022,PE,PV,50,3,1,0.3333333333333333,False,0.6066539045711242,False
2022,PE,PV,60,3,1,0.3333333333333333,False,0.6066539045711242,False
2022,PE,PV,70,3,2,0.6666666666666666,False,1.0,False
2022,PE,PV,80,3,2,0.6666666666666666,False,1.0,False
2022,PE,PV,90,3,2,0.6666666666666666,False,1.0,False
2022,PE,PV,95,3,2,0.6666666666666666,False,1.0,False
2022,PE,REDE,50,9,1,0.1111111111111111,False,0.6449398783902347,False
2022,PE,REDE,60,9,1,0.1111111111111111,False,0.6449398783902347,False
2022,PE,REDE,70,9,2,0.2222222222222222,False,0.7783916172236871,False
2022,PE,REDE,80,9,3,0.3333333333333333,False,0.8584626605237585,False
2022,PE,REDE,90,9,5,0.5555555555555556,False,0.9247960216862279,False
2022,PE,REDE,95,9,6,0.6666666666666666,False,0.9514863694529184,False
2022,PE,REPUBLICANOS,50,25,3,0.12,False,0.5280369471916402,False
2022,PE,REPUBLICANOS,60,25,4,0.16,False,0.6306680350811719,False
2022,PE,REPUBLICANOS,70,25,6,0.24,False,0.71333271132674,False
2022,PE,REPUBLICANOS,80,25,9,0.36,False,0.8115320022392237,False
2022,PE,REPUBLICANOS,90,25,14,0.56,False,0.9118305654039933,False
2022,PE,REPUBLICANOS,95,25,17,0.68,False,0.9538160104497108,False
2022,PE,SOLIDARIEDADE,50,13,2,0.15384615384615385,False,0.8298429319371727,False
2022,PE,SOLIDARIEDADE,60,13,2,0.15384615384615385,False,0.8298429319371727,False
2022,PE,SOLIDARIEDADE,70,13,2,0.15384615384615385,False,0.8298429319371727,False
2022,PE,SOLIDARIEDADE,80,13,2,0.15384615384615385,False,0.8298429319371727,False
2022,PE,SOLIDARIEDADE,90,13,4,0.3076923076923077,False,0.9149214659685864,False
2022,PE,SOLIDARIEDADE,95,13,6,0.46153846153846156,False,0.9607329842931938,False
2022,PE,UNIAO,50,26,9,0.34615384615384615,False,0.5353928965881296,False
2022,PE,UNIAO,60,26,11,0.4230769230769231,False,0.6194215404709903,False
2022,PE,UNIAO,70,26,14,0.5384615384615384,False,0.7386509799289065,False
2022,PE,UNIAO,80,26,16,0.6153846153846154,False,0.8103364707356184,False
2022,PE,UNIAO,90,26,20,0.7692307692307693,False,0.9192029702918023,False
2022,PE,UNIAO,95,26,22,0.8461538461538461,False,0.9625926831393821,False
2022,PE,UP,50,2,1,0.5,False,0.9927435058970496,False
2022,PE,UP,60,2,1,0.5,False,0.9927435058970496,False
2022,PE,UP,70,2,1,0.5,False,0.9927435058970496,False
2022,PE,UP,80,2,1,0.5,False,0.9927435058970496,False
2022,PE,UP,90,2,1,0.5,False,0.9927435058970496,False
2022,PE,UP,95,2,1,0.5,False,0.9927435058970496,False
2022,PI,AGIR,50,6,1,0.16666666666666666,False,1.0,False
2022,PI,AGIR,60,6,1,0.16666666666666666,False,1.0,False
2022,PI,AGIR,70,6,1,0.16666666666666666,False,1.0,False
2022,PI,AGIR,80,6,1,0.16666666666666666,False,1.0,False
2022,PI,AGIR,90,6,1,0.16666666666666666,False,1.0,False
2022,PI,AGIR,95,6,1,0.16666666666666666,False,1.0,False
2022,PI,CIDADANIA,50,9,4,0.4444444444444444,False,0.5016865992026985,True
2022,PI,CIDADANIA,60,9,5,0.5555555555555556,False,0.6166819993866912,True
2022,PI,CIDADANIA,70,9,6,0.6666666666666666,False,0.7316773995706838,True
2022,PI,CIDADANIA,80,9,7,0.7777777777777778,False,0.8466727997546765,False
2022,PI,CIDADANIA,90,9,8,0.8888888888888888,False,0.9233363998773383,True
2022,PI,CIDADANIA,95,9,9,1.0,False,1.0,False
2022,PI,NOVO,50,6,2,0.3333333333333333,False,0.7032297412170213,False
2022,PI,NOVO,60,6,2,0.3333333333333333,False,0.7032297412170213,False
2022,PI,NOVO,70,6,2,0.3333333333333333,False,0.7032297412170213,False
2022,PI,NOVO,80,6,3,0.5,False,0.8153280735088053,True
2022,PI,NOVO,90,6,4,0.6666666666666666,False,0.9274264058005892,False
2022,PI,NOVO,95,6,5,0.8333333333333334,False,0.972810587123344,False
2022,PI,PATRIOTA,50,9,3,0.3333333333333333,False,0.6363636363636364,False
2022,PI,PATRIOTA,60,9,3,0.3333333333333333,False,0.6363636363636364,False
2022,PI,PATRIOTA,70,9,4,0.4444444444444444,False,0.7727272727272727,False
2022,PI,PATRIOTA,80,9,5,0.5555555555555556,False,0.9,False
2022,PI,PATRIOTA,90,9,5,0.5555555555555556,False,0.9,False
2022,PI,PATRIOTA,95,9,6,0.6666666666666666,False,1.0,False
2022,PI,PCB,50,2,0,0.0,True,,False
2022,PI,PCB,60,2,0,0.0,True,,False
2022,PI,PCB,70,2,0,0.0,True,,False
2022,PI,PCB,80,2,0,0.0,True,,False
2022,PI,PCB,90,2,0,0.0,True,,False
2022,PI,PCB,95,2,0,0.0,True,,False
2022,PI,PCO,50,1,0,0.0,True,,False
2022,PI,PCO,60,1,0,0.0,True,,False
2022,PI,PCO,70,1,0,0.0,True,,False
2022,PI,PCO,80,1,0,0.0,True,,False
2022,PI,PCO,90,1,0,0.0,True,,False
2022,PI,PCO,95,1,0,0.0,True,,False
2022,PI,PDT,50,8,1,0.125,False,0.7681660899653979,False
2022,PI,PDT,60,8,1,0.125,False,0.7681660899653979,False
2022,PI,PDT,70,8,1,0.125,False,0.7681660899653979,False
2022,PI,PDT,80,8,2,0.25,False,0.8235294117647058,True
2022,PI,PDT,90,8,4,0.5,False,0.9134948096885813,True
2022,PI,PDT,95,8,6,0.75,False,0.9757785467128027,False
2022,PI,PL,50,10,1,0.1,False,0.877121123464014,False
2022,PI,PL,60,10,1,0.1,False,0.877121123464014,False
2022,PI,PL,70,10,1,0.1,False,0.877121123464014,False
2022,PI,PL,80,10,1,0.1,False,0.877121123464014,False
2022,PI,PL,90,10,2,0.2,False,0.906377998829725,False
2022,PI,PL,95,10,6,0.6,False,0.9531889994148625,True
2022,PI,PMN,50,11,4,0.36363636363636365,False,0.6,False
2022,PI,PMN,60,11,4,0.36363636363636365,False,0.6,False
2022,PI,PMN,70,11,6,0.5454545454545454,False,0.7777777777777778,True
2022,PI,PMN,80,11,7,0.6363636363636364,False,0.8666666666666667,False
2022,PI,PMN,90,11,8,0.7272727272727273,False,0.9111111111111111,True
2022,PI,PMN,95,11,9,0.8181818181818182,False,0.9555555555555556,False
2022,PI,PODE,50,9,3,0.3333333333333333,False,0.5146294667839156,False
2022,PI,PODE,60,9,4,0.4444444444444444,False,0.6295467263570229,True
2022,PI,PODE,70,9,5,0.5555555555555556,False,0.7444639859301303,False
2022,PI,PODE,80,9,6,0.6666666666666666,False,0.8451115197058118,False
2022,PI,PODE,90,9,7,0.7777777777777778,False,0.9150611559677032,False
2022,PI,PODE,95,9,8,0.8888888888888888,False,0.9600287792789192,False
2022,PI,PP,50,9,3,0.3333333333333333,False,0.5477616872313723,False
2022,PI,PP,60,9,4,0.4444444444444444,False,0.6858102528085875,False
2022,PI,PP,70,9,5,0.5555555555555556,False,0.7723693629706802,False
2022,PI,PP,80,9,6,0.6666666666666666,False,0.8507516106270026,False
2022,PI,PP,90,9,7,0.7777777777777778,False,0.9251693188865879,False
2022,PI,PP,95,9,8,0.8888888888888888,False,0.9658884422739081,False
2022,PI,PSC,50,11,0,0.0,True,,False
2022,PI,PSC,60,11,0,0.0,True,,False
2022,PI,PSC,70,11,0,0.0,True,,False
2022,PI,PSC,80,11,0,0.0,True,,False
2022,PI,PSC,90,11,0,0.0,True,,False
2022,PI,PSC,95,11,0,0.0,True,,False
2022,PI,PSD,50,10,3,0.3,False,0.6247439573945105,True
2022,PI,PSD,60,10,3,0.3,False,0.6247439573945105,True
2022,PI,PSD,70,10,4,0.4,False,0.809094633346989,False
2022,PI,PSD,80,10,4,0.4,False,0.809094633346989,False
2022,PI,PSD,90,10,6,0.6,False,0.9078246620237608,False
2022,PI,PSD,95,10,8,0.8,False,0.9590331831216714,False
2022,PI,PSOL,50,4,2,0.5,False,0.6641820818124439,False
2022,PI,PSOL,60,4,2,0.5,False,0.6641820818124439,False
2022,PI,PSOL,70,4,3,0.75,False,0.8568762435538528,False
2022,PI,PSOL,80,4,3,0.75,False,0.8568762435538528,False
2022,PI,PSOL,90,4,4,1.0,False,1.0,False
2022,PI,PSOL,95,4,4,1.0,False,1.0,False
2022,PI,PSTU,50,2,1,0.5,False,0.5,True
2022,PI,PSTU,60,2,2,1.0,False,1.0,False
2022,PI,PSTU,70,2,2,1.0,False,1.0,False
2022,PI,PSTU,80,2,2,1.0,False,1.0,False
2022,PI,PSTU,90,2,2,1.0,False,1.0,False
2022,PI,PSTU,95,2,2,1.0,False,1.0,False
2022,PI,PT,50,9,2,0.2222222222222222,False,0.5228032000338665,False
2022,PI,PT,60,9,3,0.3333333333333333,False,0.7326876963978275,False
2022,PI,PT,70,9,3,0.3333333333333333,False,0.7326876963978275,False
2022,PI,PT,80,9,4,0.4444444444444444,False,0.9106012252064717,False
2022,PI,PT,90,9,4,0.4444444444444444,False,0.9106012252064717,False
2022,PI,PT,95,9,6,0.6666666666666666,False,0.9748138604363247,False
2022,PI,PTB,50,10,3,0.3,False,0.519304218570526,False
2022,PI,PTB,60,10,4,0.4,False,0.6280313352179837,False
2022,PI,PTB,70,10,5,0.5,False,0.7367584030849559,True
2022,PI,PTB,80,10,6,0.6,False,0.8454854709519282,False
2022,PI,PTB,90,10,8,0.8,False,0.922742735475964,True
2022,PI,PTB,95,10,9,0.9,False,0.9613713677379819,True
2022,PI,PV,50,2,1,0.5,False,1.0,False
2022,PI,PV,60,2,1,0.5,False,1.0,False
2022,PI,PV,70,2,1,0.5,False,1.0,False
2022,PI,PV,80,2,1,0.5,False,1.0,False
2022,PI,PV,90,2,1,0.5,False,1.0,False
2022,PI,PV,95,2,1,0.5,False,1.0,False
2022,PI,REDE,50,3,2,0.6666666666666666,False,0.6896552152199703,False
2022,PI,REDE,60,3,2,0.6666666666666666,False,0.6896552152199703,False
2022,PI,REDE,70,3,3,1.0,False,1.0,False
2022,PI,REDE,80,3,3,1.0,False,1.0,False
2022,PI,REDE,90,3,3,1.0,False,1.0,False
2022,PI,REDE,95,3,3,1.0,False,1.0,False
2022,PI,REPUBLICANOS,50,11,1,0.09090909090909091,False,0.7751252269370768,False
2022,PI,REPUBLICANOS,60,11,1,0.09090909090909091,False,0.7751252269370768,False
2022,PI,REPUBLICANOS,70,11,1,0.09090909090909091,False,0.7751252269370768,False
2022,PI,REPUBLICANOS,80,11,2,0.18181818181818182,False,0.8729626600616556,False
2022,PI,REPUBLICANOS,90,11,4,0.36363636363636365,False,0.9102531534075827,False
2022,PI,REPUBLICANOS,95,11,7,0.6363636363636364,False,0.956459284770106,True
2022,PI,SOLIDARIEDADE,50,11,2,0.18181818181818182,False,0.7143151897026497,False
2022,PI,SOLIDARIEDADE,60,11,2,0.18181818181818182,False,0.7143151897026497,False
2022,PI,SOLIDARIEDADE,70,11,2,0.18181818181818182,False,0.7143151897026497,False
2022,PI,SOLIDARIEDADE,80,11,3,0.2727272727272727,False,0.920643108250736,False
2022,PI,SOLIDARIEDADE,90,11,3,0.2727272727272727,False,0.920643108250736,False
2022,PI,SOLIDARIEDADE,95,11,4,0.36363636363636365,False,0.9920643108250736,False
2022,PI,UNIAO,50,10,3,0.3,False,0.5427802524127692,False
2022,PI,UNIAO,60,10,4,0.4,False,0.6639383815887157,False
2022,PI,UNIAO,70,10,5,0.5,False,0.7495842613214551,False
2022,PI,UNIAO,80,10,6,0.6,False,0.8230809205642168,False
2022,PI,UNIAO,90,10,8,0.8,False,0.9317743132887899,False
2022,PI,UNIAO,95,10,9,0.9,False,0.9740163325909429,False
2022,PI,UP,50,1,1,1.0,False,1.0,False
2022,PI,UP,60,1,1,1.0,False,1.0,False
2022,PI,UP,70,1,1,1.0,False,1.0,False
2022,PI,UP,80,1,1,1.0,False,1.0,False
2022,PI,UP,90,1,1,1.0,False,1.0,False
2022,PI,UP,95,1,1,1.0,False,1.0,False
2022,PR,AGIR,50,26,3,0.11538461538461539,False,0.6806114290096253,False
2022,PR,AGIR,60,26,3,0.11538461538461539,False,0.6806114290096253,False
2022,PR,AGIR,70,26,4,0.15384615384615385,False,0.7704475816950717,False
2022,PR,AGIR,80,26,5,0.19230769230769232,False,0.8398092791669619,False
2022,PR,AGIR,90,26,7,0.2692307692307692,False,0.9031704250251639,False
2022,PR,AGIR,95,26,12,0.46153846153846156,False,0.9535878385120239,True
2022,PR,CIDADANIA,50,12,1,0.08333333333333333,False,0.7033156308310607,False
2022,PR,CIDADANIA,60,12,1,0.08333333333333333,False,0.7033156308310607,False
2022,PR,CIDADANIA,70,12,1,0.08333333333333333,False,0.7033156308310607,False
2022,PR,CIDADANIA,80,12,3,0.25,False,0.8138366585330845,False
2022,PR,CIDADANIA,90,12,6,0.5,False,0.9012487440792306,False
2022,PR,CIDADANIA,95,12,8,0.6666666666666666,False,0.9503373044351945,False
2022,PR,DC,50,25,6,0.24,False,0.5708208080705152,True
2022,PR,DC,60,25,7,0.28,False,0.665957609415601,False
2022,PR,DC,70,25,8,0.32,False,0.721811789881286,True
2022,PR,DC,80,25,10,0.4,False,0.8335201508126561,True
2022,PR,DC,90,25,12,0.48,False,0.9452285117440261,False
2022,PR,DC,95,25,13,0.52,False,1.0,False
2022,PR,MDB,50,30,2,0.06666666666666667,False,0.5113284820688997,False
2022,PR,MDB,60,30,3,0.1,False,0.6008530317766716,False
2022,PR,MDB,70,30,6,0.2,False,0.7292075068727639,False
2022,PR,MDB,80,30,9,0.3,False,0.8069598083734755,False
2022,PR,MDB,90,30,15,0.5,False,0.9051132284174492,True
2022,PR,MDB,95,30,20,0.6666666666666666,False,0.951801589607504,True
2022,PR,NOVO,50,26,3,0.11538461538461539,False,0.5070228540532035,True
2022,PR,NOVO,60,26,5,0.19230769230769232,False,0.6590000737931843,False
2022,PR,NOVO,70,26,6,0.23076923076923078,False,0.7165634191615933,False
2022,PR,NOVO,80,26,9,0.34615384615384615,False,0.8238437662862066,False
2022,PR,NOVO,90,26,13,0.5,False,0.9039312420719543,False
2022,PR,NOVO,95,26,16,0.6153846153846154,False,0.9540932692416652,False
2022,PR,PATRIOTA,50,20,5,0.25,False,0.5475826055640587,False
2022,PR,PATRIOTA,60,20,6,0.3,False,0.603853425767534,False
2022,PR,PATRIOTA,70,20,9,0.45,False,0.7299000630233187,True
2022,PR,PATRIOTA,80,20,11,0.55,False,0.801926712883767,True
2022,PR,PATRIOTA,90,20,15,0.75,False,0.9189700189069956,True
2022,PR,PATRIOTA,95,20,17,0.85,False,0.9639866750697759,False
2022,PR,PC DO B,50,4,2,0.5,False,0.6469122896764938,False
2022,PR,PC DO B,60,4,2,0.5,False,0.6469122896764938,False
2022,PR,PC DO B,70,4,3,0.75,False,0.8887912723390532,False
2022,PR,PC DO B,80,4,3,0.75,False,0.8887912723390532,False
2022,PR,PC DO B,90,4,4,1.0,False,1.0,False
2022,PR,PC DO B,95,4,4,1.0,False,1.0,False
2022,PR,PCB,50,2,0,0.0,True,,False
2022,PR,PCB,60,2,0,0.0,True,,False
2022,PR,PCB,70,2,0,0.0,True,,False
2022,PR,PCB,80,2,0,0.0,True,,False
2022,PR,PCB,90,2,0,0.0,True,,False
2022,PR,PCB,95,2,0,0.0,True,,False
2022,PR,PCO,50,1,1,1.0,False,1.0,False
2022,PR,PCO,60,1,1,1.0,False,1.0,False
2022,PR,PCO,70,1,1,1.0,False,1.0,False
2022,PR,PCO,80,1,1,1.0,False,1.0,False
2022,PR,PCO,90,1,1,1.0,False,1.0,False
2022,PR,PCO,95,1,1,1.0,False,1.0,False
2022,PR,PDT,50,30,2,0.06666666666666667,False,0.5994637507196692,False
2022,PR,PDT,60,30,3,0.1,False,0.6595949518521274,False
2022,PR,PDT,70,30,5,0.16666666666666666,False,0.7280502852227698,False
2022,PR,PDT,80,30,9,0.3,False,0.8080630150281468,False
2022,PR,PDT,90,30,16,0.5333333333333333,False,0.9031658682907872,True
2022,PR,PDT,95,30,22,0.7333333333333333,False,0.954308513023806,True
2022,PR,PL,50,26,2,0.07692307692307693,False,0.6795140955315276,False
2022,PR,PL,60,26,2,0.07692307692307693,False,0.6795140955315276,False
2022,PR,PL,70,26,3,0.11538461538461539,False,0.8600650677988277,False
2022,PR,PL,80,26,3,0.11538461538461539,False,0.8600650677988277,False
2022,PR,PL,90,26,4,0.15384615384615385,False,0.9169444746793898,False
2022,PR,PL,95,26,6,0.23076923076923078,False,0.9547953865687738,False
2022,PR,PMB,50,27,8,0.2962962962962963,False,0.551014668659986,False
2022,PR,PMB,60,27,9,0.3333333333333333,False,0.6062700750455158,False
2022,PR,PMB,70,27,12,0.4444444444444444,False,0.7320860285084149,False
2022,PR,PMB,80,27,15,0.5555555555555556,False,0.8297784159031365,True
2022,PR,PMB,90,27,18,0.6666666666666666,False,0.9126689264198701,True
2022,PR,PMB,95,27,20,0.7407407407407407,False,0.960034932429432,False
2022,PR,PMN,50,18,7,0.3888888888888889,False,0.5238095238095238,True
2022,PR,PMN,60,18,9,0.5,False,0.6190476190476191,True
2022,PR,PMN,70,18,11,0.6111111111111112,False,0.7142857142857143,True
2022,PR,PMN,80,18,13,0.7222222222222222,False,0.8095238095238094,True
2022,PR,PMN,90,18,15,0.8333333333333334,False,0.9047619047619045,True
2022,PR,PMN,95,18,16,0.8888888888888888,False,0.9523809523809523,True
2022,PR,PODE,50,28,4,0.14285714285714285,False,0.5311154378570708,False
2022,PR,PODE,60,28,6,0.21428571428571427,False,0.6224200002749748,False
2022,PR,PODE,70,28,9,0.32142857142857145,False,0.7180614020029591,False
2022,PR,PODE,80,28,13,0.4642857142857143,False,0.8016380371355459,False
2022,PR,PODE,90,28,19,0.6785714285714286,False,0.9062912476263633,False
2022,PR,PODE,95,28,23,0.8214285714285714,False,0.9550979154214799,False
2022,PR,PP,50,31,6,0.1935483870967742,False,0.5185336271156791,False
2022,PR,PP,60,31,8,0.25806451612903225,False,0.6080361002153936,False
2022,PR,PP,70,31,12,0.3870967741935484,False,0.7270287018396004,False
2022,PR,PP,80,31,15,0.4838709677419355,False,0.8046170905305221,False
2022,PR,PP,90,31,21,0.6774193548387096,False,0.9090683677557696,False
2022,PR,PP,95,31,25,0.8064516129032258,False,0.9527717669093629,True
2022,PR,PROS,50,30,3,0.1,False,0.5064629114030189,False
2022,PR,PROS,60,30,5,0.16666666666666666,False,0.6377708890894175,False
2022,PR,PROS,70,30,7,0.23333333333333334,False,0.7362182420255345,False
2022,PR,PROS,80,30,10,0.3333333333333333,False,0.813620108536149,False
2022,PR,PROS,90,30,15,0.5,False,0.901976655125177,False
2022,PR,PROS,95,30,19,0.6333333333333333,False,0.960484790734232,False
2022,PR,PRTB,50,15,4,0.26666666666666666,False,0.5284037590789785,True
2022,PR,PRTB,60,15,5,0.3333333333333333,False,0.6038900103759755,False
2022,PR,PRTB,70,15,7,0.4666666666666667,False,0.7422814985498846,True
2022,PR,PRTB,80,15,8,0.5333333333333333,False,0.8114772426368391,True
2022,PR,PRTB,90,15,10,0.6666666666666666,False,0.9498687308107481,False
2022,PR,PRTB,95,15,11,0.7333333333333333,False,1.0,False
2022,PR,PSB,50,22,3,0.13636363636363635,False,0.544507935477497,False
2022,PR,PSB,60,22,5,0.22727272727272727,False,0.6455432746588781,False
2022,PR,PSB,70,22,7,0.3181818181818182,False,0.7291217645978247,False
2022,PR,PSB,80,22,10,0.45454545454545453,False,0.8177501428793281,False
2022,PR,PSB,90,22,14,0.6363636363636364,False,0.9129645441582431,False
2022,PR,PSB,95,22,17,0.7727272727272727,False,0.9623509219022759,False
2022,PR,PSC,50,24,4,0.16666666666666666,False,0.5241379310344828,False
2022,PR,PSC,60,24,6,0.25,False,0.6137931034482759,True
2022,PR,PSC,70,24,9,0.375,False,0.7379310344827587,False
2022,PR,PSC,80,24,12,0.5,False,0.8206896551724138,True
2022,PR,PSC,90,24,16,0.6666666666666666,False,0.9172413793103448,False
2022,PR,PSC,95,24,19,0.7916666666666666,False,0.9586206896551724,True
2022,PR,PSD,50,29,6,0.20689655172413793,False,0.5415422095317288,False
2022,PR,PSD,60,29,7,0.2413793103448276,False,0.620313417667401,False
2022,PR,PSD,70,29,9,0.3103448275862069,False,0.7640767574570058,False
2022,PR,PSD,80,29,11,0.3793103448275862,False,0.8280773400415335,False
2022,PR,PSD,90,29,15,0.5172413793103449,False,0.9070784653047287,False
2022,PR,PSD,95,29,19,0.6551724137931034,False,0.951712593596728,False
2022,PR,PSDB,50,10,1,0.1,False,0.502115553549988,False
2022,PR,PSDB,60,10,2,0.2,False,0.7152551918758278,False
2022,PR,PSDB,70,10,2,0.2,False,0.7152551918758278,False
2022,PR,PSDB,80,10,3,0.3,False,0.8348957632892948,False
2022,PR,PSDB,90,10,5,0.5,False,0.9229245587561073,False
2022,PR,PSDB,95,10,7,0.7,False,0.9619748572547278,False
2022,PR,PSOL,50,10,3,0.3,False,0.5062841876353779,True
2022,PR,PSOL,60,10,4,0.4,False,0.6439549291545824,False
2022,PR,PSOL,70,10,5,0.5,False,0.7673838759274187,False
2022,PR,PSOL,80,10,6,0.6,False,0.8623292332075188,False
2022,PR,PSOL,90,10,7,0.7,False,0.9192964374662681,False
2022,PR,PSOL,95,10,9,0.9,False,0.9762636669982941,False
2022,PR,PSTU,50,1,0,0.0,True,,False
2022,PR,PSTU,60,1,0,0.0,True,,False
2022,PR,PSTU,70,1,0,0.0,True,,False
2022,PR,PSTU,80,1,0,0.0,True,,False
2022,PR,PSTU,90,1,0,0.0,True,,False
2022,PR,PSTU,95,1,0,0.0,True,,False
2022,PR,PT,50,23,3,0.13043478260869565,False,0.5315961104844793,False
2022,PR,PT,60,23,4,0.17391304347826086,False,0.6459042366537323,False
2022,PR,PT,70,23,5,0.21739130434782608,False,0.7502572983091039,False
2022,PR,PT,80,23,7,0.30434782608695654,False,0.8364354687277785,False
2022,PR,PT,90,23,10,0.43478260869565216,False,0.9099310143126703,False
2022,PR,PT,95,23,13,0.5652173913043478,False,0.9524034037939847,False
2022,PR,PTB,50,30,1,0.03333333333333333,False,0.754936328980331,False
2022,PR,PTB,60,30,1,0.03333333333333333,False,0.754936328980331,False
2022,PR,PTB,70,30,1,0.03333333333333333,False,0.754936328980331,False
2022,PR,PTB,80,30,4,0.13333333333333333,False,0.8095337386327434,False
2022,PR,PTB,90,30,12,0.4,False,0.903396901353947,False
2022,PR,PTB,95,30,19,0.6333333333333333,False,0.9533377836416078,True
2022,PR,PV,50,2,1,0.5,False,0.8661187322154416,False
2022,PR,PV,60,2,1,0.5,False,0.8661187322154416,False
2022,PR,PV,70,2,1,0.5,False,0.8661187322154416,False
2022,PR,PV,80,2,1,0.5,False,0.8661187322154416,False
2022,PR,PV,90,2,2,1.0,False,1.0,False
2022,PR,PV,95,2,2,1.0,False,1.0,False
2022,PR,REDE,50,21,6,0.2857142857142857,False,0.508691140892753,False
2022,PR,REDE,60,21,8,0.38095238095238093,False,0.6061633398786479,False
2022,PR,REDE,70,21,11,0.5238095238095238,False,0.7269536479682952,False
2022,PR,REDE,80,21,13,0.6190476190476191,False,0.800631456272439,False
2022,PR,REDE,90,21,17,0.8095238095238095,False,0.9151928723763673,False
2022,PR,REDE,95,21,19,0.9047619047619048,False,0.958661815959423,True
2022,PR,REPUBLICANOS,50,28,5,0.17857142857142858,False,0.5569595949712879,False
2022,PR,REPUBLICANOS,60,28,6,0.21428571428571427,False,0.6058546377461922,False
2022,PR,REPUBLICANOS,70,28,8,0.2857142857142857,False,0.7010083897392329,False
2022,PR,REPUBLICANOS,80,28,11,0.39285714285714285,False,0.8431230886091324,False
2022,PR,REPUBLICANOS,90,28,14,0.5,False,0.9137391660225564,False
2022,PR,REPUBLICANOS,95,28,18,0.6428571428571429,False,0.9578975961738012,False
2022,PR,SOLIDARIEDADE,50,22,5,0.22727272727272727,False,0.5119734998244357,False
2022,PR,SOLIDARIEDADE,60,22,7,0.3181818181818182,False,0.6352170020183646,False
2022,PR,SOLIDARIEDADE,70,22,9,0.4090909090909091,False,0.7203991543195436,False
2022,PR,SOLIDARIEDADE,80,22,12,0.5454545454545454,False,0.8194347565096836,False
2022,PR,SOLIDARIEDADE,90,22,16,0.7272727272727273,False,0.9190108079979581,False
2022,PR,SOLIDARIEDADE,95,22,18,0.8181818181818182,False,0.9581828523454501,False
2022,PR,UNIAO,50,27,5,0.18518518518518517,False,0.5504862255036084,False
2022,PR,UNIAO,60,27,6,0.2222222222222222,False,0.6085998644832415,False
2022,PR,UNIAO,70,27,8,0.2962962962962963,False,0.7171153727985506,False
2022,PR,UNIAO,80,27,10,0.37037037037037035,False,0.8068723691430014,False
2022,PR,UNIAO,90,27,14,0.5185185185185185,False,0.9083251709106035,False
2022,PR,UNIAO,95,27,18,0.6666666666666666,False,0.9549637762963196,False
2022,RJ,AGIR,50,45,4,0.08888888888888889,False,0.5452865064695009,False
2022,RJ,AGIR,60,45,6,0.13333333333333333,False,0.633086876155268,False
2022,RJ,AGIR,70,45,9,0.2,False,0.711645101663586,False
2022,RJ,AGIR,80,45,16,0.35555555555555557,False,0.8098428835489835,True
2022,RJ,AGIR,90,45,25,0.5555555555555556,False,0.9075785582255084,True
2022,RJ,AGIR,95,45,31,0.6888888888888889,False,0.952634011090573,True
2022,RJ,AVANTE,50,43,5,0.11627906976744186,False,0.5325093502992501,False
2022,RJ,AVANTE,60,43,7,0.16279069767441862,False,0.622393050369131,False
2022,RJ,AVANTE,70,43,10,0.23255813953488372,False,0.7188884185957588,False
2022,RJ,AVANTE,80,43,14,0.32558139534883723,False,0.8058251121059714,False
2022,RJ,AVANTE,90,43,21,0.4883720930232558,False,0.9089010281000759,False
2022,RJ,AVANTE,95,43,25,0.5813953488372093,False,0.9501591199354312,True
2022,RJ,CIDADANIA,50,22,3,0.13636363636363635,False,0.5002490966392169,False
2022,RJ,CIDADANIA,60,22,5,0.22727272727272727,False,0.6623921637692193,False
2022,RJ,CIDADANIA,70,22,6,0.2727272727272727,False,0.7226961644599742,False
2022,RJ,CIDADANIA,80,22,9,0.4090909090909091,False,0.8259427810971628,False
2022,RJ,CIDADANIA,90,22,13,0.5909090909090909,False,0.9075991949415908,False
2022,RJ,CIDADANIA,95,22,17,0.7727272727272727,False,0.9565934544118887,False
2022,RJ,DC,50,44,13,0.29545454545454547,False,0.50739810722002,False
2022,RJ,DC,60,44,17,0.38636363636363635,False,0.6181913651937887,True
2022,RJ,DC,70,44,20,0.45454545454545453,False,0.7001227653950408,False
2022,RJ,DC,80,44,25,0.5681818181818182,False,0.8132413351006221,False
2022,RJ,DC,90,44,30,0.6818181818181818,False,0.904628668204499,False
2022,RJ,DC,95,44,34,0.7727272727272727,False,0.9529938690924906,False
2022,RJ,MDB,50,45,3,0.06666666666666667,False,0.7350789708703478,False
2022,RJ,MDB,60,45,3,0.06666666666666667,False,0.7350789708703478,False
2022,RJ,MDB,70,45,3,0.06666666666666667,False,0.7350789708703478,False
2022,RJ,MDB,80,45,5,0.1111111111111111,False,0.8162240520703212,False
2022,RJ,MDB,90,45,13,0.28888888888888886,False,0.9032812684217234,False
2022,RJ,MDB,95,45,22,0.4888888888888889,False,0.9536542255346386,True
2022,RJ,NOVO,50,21,1,0.047619047619047616,False,0.5963017650283001,False
2022,RJ,NOVO,60,21,2,0.09523809523809523,False,0.7019058324590481,False
2022,RJ,NOVO,70,21,2,0.09523809523809523,False,0.7019058324590481,False
2022,RJ,NOVO,80,21,4,0.19047619047619047,False,0.8772365351504979,False
2022,RJ,NOVO,90,21,5,0.23809523809523808,False,0.9519287501753833,False
2022,RJ,NOVO,95,21,5,0.23809523809523808,False,0.9519287501753833,False
2022,RJ,PATRIOTA,50,47,7,0.14893617021276595,False,0.5199535967797941,False
2022,RJ,PATRIOTA,60,47,10,0.2127659574468085,False,0.6024444308198992,False
2022,RJ,PATRIOTA,70,47,15,0.3191489361702128,False,0.7050679297992284,True
2022,RJ,PATRIOTA,80,47,21,0.44680851063829785,False,0.811856803540775,False
2022,RJ,PATRIOTA,90,47,29,0.6170212765957447,False,0.9052511170771359,False
2022,RJ,PATRIOTA,95,47,35,0.7446808510638298,False,0.9533640988006811,False
2022,RJ,PC DO B,50,3,1,0.3333333333333333,False,0.5863808322824716,False
2022,RJ,PC DO B,60,3,2,0.6666666666666666,False,0.9848675914249685,False
2022,RJ,PC DO B,70,3,2,0.6666666666666666,False,0.9848675914249685,False
2022,RJ,PC DO B,80,3,2,0.6666666666666666,False,0.9848675914249685,False
2022,RJ,PC DO B,90,3,2,0.6666666666666666,False,0.9848675914249685,False
2022,RJ,PC DO B,95,3,2,0.6666666666666666,False,0.9848675914249685,False
2022,RJ,PCB,50,3,0,0.0,True,,False
2022,RJ,PCB,60,3,0,0.0,True,,False
2022,RJ,PCB,70,3,0,0.0,True,,False
2022,RJ,PCB,80,3,0,0.0,True,,False
2022,RJ,PCB,90,3,0,0.0,True,,False
2022,RJ,PCB,95,3,0,0.0,True,,False
2022,RJ,PDT,50,44,3,0.06818181818181818,False,0.5424013434089001,False
2022,RJ,PDT,60,44,5,0.11363636363636363,False,0.6347607052896725,False
2022,RJ,PDT,70,44,7,0.1590909090909091,False,0.7019311502938707,False
2022,RJ,PDT,80,44,12,0.2727272727272727,False,0.8068849706129303,True
2022,RJ,PDT,90,44,23,0.5227272727272727,False,0.906801007556675,False
2022,RJ,PDT,95,44,31,0.7045454545454546,False,0.9529806884970613,True
2022,RJ,PL,50,46,8,0.17391304347826086,False,0.5196327051121649,False
2022,RJ,PL,60,46,12,0.2608695652173913,False,0.6164495428440965,True
2022,RJ,PL,70,46,16,0.34782608695652173,False,0.7130727115123289,True
2022,RJ,PL,80,46,20,0.43478260869565216,False,0.8096958801805613,True
2022,RJ,PL,90,46,25,0.5434782608695652,False,0.9111502072822052,True
2022,RJ,PL,95,46,29,0.6304347826086957,False,0.9594617916163214,True
2022,RJ,PMB,50,41,4,0.0975609756097561,False,0.5206674935482946,False
2022,RJ,PMB,60,41,6,0.14634146341463414,False,0.6230315215391471,False
2022,RJ,PMB,70,41,10,0.24390243902439024,False,0.7115377036802295,True
2022,RJ,PMB,80,41,18,0.43902439024390244,False,0.8075319915278443,True
2022,RJ,PMB,90,41,28,0.6829268292682927,False,0.9098172022625682,True
2022,RJ,PMB,95,41,32,0.7804878048780488,False,0.9507312865564577,False
2022,RJ,PMN,50,47,6,0.1276595744680851,False,0.5420023868972115,True
2022,RJ,PMN,60,47,8,0.1702127659574468,False,0.62781943148927,False
2022,RJ,PMN,70,47,11,0.23404255319148937,False,0.7091197895238517,False
2022,RJ,PMN,80,47,16,0.3404255319148936,False,0.8183174620806887,False
2022,RJ,PMN,90,47,21,0.44680851063829785,False,0.9090497908189213,True
2022,RJ,PMN,95,47,24,0.5106382978723404,False,0.9542267692548911,False
2022,RJ,PODE,50,47,10,0.2127659574468085,False,0.5373065621441004,True
2022,RJ,PODE,60,47,12,0.2553191489361702,False,0.619804115060437,False
2022,RJ,PODE,70,47,15,0.3191489361702128,False,0.7263840786322676,False
2022,RJ,PODE,80,47,19,0.40425531914893614,False,0.8063259948551776,False
2022,RJ,PODE,90,47,26,0.5531914893617021,False,0.9067145170806371,True
2022,RJ,PODE,95,47,31,0.6595744680851063,False,0.9500834806487553,True
2022,RJ,PP,50,46,5,0.10869565217391304,False,0.6024096385542169,False
2022,RJ,PP,60,46,5,0.10869565217391304,False,0.6024096385542169,False
2022,RJ,PP,70,46,6,0.13043478260869565,False,0.7037239868565169,False
2022,RJ,PP,80,46,8,0.17391304347826086,False,0.8187294633077765,False
2022,RJ,PP,90,46,10,0.21739130434782608,False,0.9167579408543264,False
2022,RJ,PP,95,46,11,0.2391304347826087,False,0.9509857612267251,False
2022,RJ,PROS,50,42,2,0.047619047619047616,False,0.8645533141210374,False
2022,RJ,PROS,60,42,2,0.047619047619047616,False,0.8645533141210374,False
2022,RJ,PROS,70,42,2,0.047619047619047616,False,0.8645533141210374,False
2022,RJ,PROS,80,42,2,0.047619047619047616,False,0.8645533141210374,False
2022,RJ,PROS,90,42,4,0.09523809523809523,False,0.9221902017291066,False
2022,RJ,PROS,95,42,6,0.14285714285714285,False,0.9567723342939481,False
2022,RJ,PRTB,50,42,1,0.023809523809523808,False,0.6842470100714824,False
2022,RJ,PRTB,60,42,1,0.023809523809523808,False,0.6842470100714824,False
2022,RJ,PRTB,70,42,2,0.047619047619047616,False,0.750611238374478,False
2022,RJ,PRTB,80,42,4,0.09523809523809523,False,0.8395292125558653,True
2022,RJ,PRTB,90,42,7,0.16666666666666666,False,0.9071905597172473,True
2022,RJ,PRTB,95,42,11,0.2619047619047619,False,0.9535952798586237,True
2022,RJ,PSB,50,36,5,0.1388888888888889,False,0.5205518095880788,False
2022,RJ,PSB,60,36,7,0.19444444444444445,False,0.6137554138295342,False
2022,RJ,PSB,70,36,10,0.2777777777777778,False,0.7072355866295696,False
2022,RJ,PSB,80,36,15,0.4166666666666667,False,0.8206286956473641,False
2022,RJ,PSB,90,36,21,0.5833333333333334,False,0.9001587503526249,False
2022,RJ,PSB,95,36,26,0.7222222222222222,False,0.9554724620686222,False
2022,RJ,PSC,50,26,1,0.038461538461538464,False,0.533283181779438,False
2022,RJ,PSC,60,26,2,0.07692307692307693,False,0.7235935942500602,False
2022,RJ,PSC,70,26,2,0.07692307692307693,False,0.7235935942500602,False
2022,RJ,PSC,80,26,3,0.11538461538461539,False,0.8586441961382908,False
2022,RJ,PSC,90,26,5,0.19230769230769232,False,0.9121623046646428,False
2022,RJ,PSC,95,26,9,0.34615384615384615,False,0.9539432257647615,False
2022,RJ,PSD,50,47,8,0.1702127659574468,False,0.5336880146784511,False
2022,RJ,PSD,60,47,10,0.2127659574468085,False,0.6019970065141605,False
2022,RJ,PSD,70,47,14,0.2978723404255319,False,0.7142019394880458,False
2022,RJ,PSD,80,47,18,0.3829787234042553,False,0.801092369958307,False
2022,RJ,PSD,90,47,26,0.5531914893617021,False,0.9100032425187454,False
2022,RJ,PSD,95,47,31,0.6595744680851063,False,0.9523355858154657,False
2022,RJ,PSDB,50,25,2,0.08,False,0.6144450345193839,False
2022,RJ,PSDB,60,25,2,0.08,False,0.6144450345193839,False
2022,RJ,PSDB,70,25,4,0.16,False,0.7238449283058949,False
2022,RJ,PSDB,80,25,6,0.24,False,0.8151885289431758,False
2022,RJ,PSDB,90,25,8,0.32,False,0.9001593202336696,False
2022,RJ,PSDB,95,25,12,0.48,False,0.9585767392458843,False
2022,RJ,PSOL,50,28,4,0.14285714285714285,False,0.5506795604160805,False
2022,RJ,PSOL,60,28,5,0.17857142857142858,False,0.6473285924014323,False
2022,RJ,PSOL,70,28,6,0.21428571428571427,False,0.7124424660014917,False
2022,RJ,PSOL,80,28,8,0.2857142857142857,False,0.8047672038007223,False
2022,RJ,PSOL,90,28,11,0.39285714285714285,False,0.9095811782872152,False
2022,RJ,PSOL,95,28,17,0.6071428571428571,False,0.9505200917003118,False
2022,RJ,PSTU,50,2,1,0.5,False,0.5061186412775065,False
2022,RJ,PSTU,60,2,2,1.0,False,1.0,False
2022,RJ,PSTU,70,2,2,1.0,False,1.0,False
2022,RJ,PSTU,80,2,2,1.0,False,1.0,False
2022,RJ,PSTU,90,2,2,1.0,False,1.0,False
2022,RJ,PSTU,95,2,2,1.0,False,1.0,False
2022,RJ,PT,50,36,4,0.1111111111111111,False,0.530117017388073,False
2022,RJ,PT,60,36,5,0.1388888888888889,False,0.610428913752726,True
2022,RJ,PT,70,36,7,0.19444444444444445,False,0.7595924358763921,False
2022,RJ,PT,80,36,8,0.2222222222222222,False,0.8182561960744298,False
2022,RJ,PT,90,36,11,0.3055555555555556,False,0.9106577404058953,False
2022,RJ,PT,95,36,14,0.3888888888888889,False,0.9517924616995019,False
2022,RJ,PTB,50,47,2,0.0425531914893617,False,0.575886586482162,False
2022,RJ,PTB,60,47,3,0.06382978723404255,False,0.6623012715632695,False
2022,RJ,PTB,70,47,4,0.0851063829787234,False,0.7260710190476175,False
2022,RJ,PTB,80,47,6,0.1276595744680851,False,0.8251784224980958,False
2022,RJ,PTB,90,47,8,0.1702127659574468,False,0.9117982334519326,False
2022,RJ,PTB,95,47,17,0.3617021276595745,False,0.9503460524393667,True
2022,RJ,PV,50,6,2,0.3333333333333333,False,0.7901985428206183,False
2022,RJ,PV,60,6,2,0.3333333333333333,False,0.7901985428206183,False
2022,RJ,PV,70,6,2,0.3333333333333333,False,0.7901985428206183,False
2022,RJ,PV,80,6,3,0.5,False,0.9144553916489067,False
2022,RJ,PV,90,6,3,0.5,False,0.9144553916489067,False
2022,RJ,PV,95,6,5,0.8333333333333334,False,0.9730965712028389,False
2022,RJ,REDE,50,3,1,0.3333333333333333,False,0.9608448260806879,False
2022,RJ,REDE,60,3,1,0.3333333333333333,False,0.9608448260806879,False
2022,RJ,REDE,70,3,1,0.3333333333333333,False,0.9608448260806879,False
2022,RJ,REDE,80,3,1,0.3333333333333333,False,0.9608448260806879,False
2022,RJ,REDE,90,3,1,0.3333333333333333,False,0.9608448260806879,False
2022,RJ,REDE,95,3,1,0.3333333333333333,False,0.9608448260806879,False
2022,RJ,REPUBLICANOS,50,46,4,0.08695652173913043,False,0.5237832314562021,False
2022,RJ,REPUBLICANOS,60,46,7,0.15217391304347827,False,0.6191928517849294,False
2022,RJ,REPUBLICANOS,70,46,11,0.2391304347826087,False,0.7055911569150598,False
2022,RJ,REPUBLICANOS,80,46,19,0.41304347826086957,False,0.8096273978256453,False
2022,RJ,REPUBLICANOS,90,46,29,0.6304347826086957,False,0.9037209341349263,True
2022,RJ,REPUBLICANOS,95,46,35,0.7608695652173914,False,0.950879495794779,False
2022,RJ,SOLIDARIEDADE,50,47,2,0.0425531914893617,False,0.5549808513333166,True
2022,RJ,SOLIDARIEDADE,60,47,3,0.06382978723404255,False,0.6385151281097331,False
2022,RJ,SOLIDARIEDADE,70,47,5,0.10638297872340426,False,0.7220494048861495,False
2022,RJ,SOLIDARIEDADE,80,47,8,0.1702127659574468,False,0.8006374082989425,True
2022,RJ,SOLIDARIEDADE,90,47,16,0.3404255319148936,False,0.9010922837613439,False
2022,RJ,SOLIDARIEDADE,95,47,23,0.48936170212765956,False,0.9539741797638841,False
2022,RJ,UNIAO,50,47,8,0.1702127659574468,False,0.5105507894057248,False
2022,RJ,UNIAO,60,47,10,0.2127659574468085,False,0.6021548769934669,False
2022,RJ,UNIAO,70,47,14,0.2978723404255319,False,0.7203019676461291,False
2022,RJ,UNIAO,80,47,18,0.3829787234042553,False,0.8001647830424218,False
2022,RJ,UNIAO,90,47,26,0.5531914893617021,False,0.9060335970418911,False
2022,RJ,UNIAO,95,47,31,0.6595744680851063,False,0.9523903558345582,False
2022,RN,AVANTE,50,9,3,0.3333333333333333,False,0.5,True
2022,RN,AVANTE,60,9,4,0.4444444444444444,False,0.6333333333333333,False
2022,RN,AVANTE,70,9,5,0.5555555555555556,False,0.7444444444444445,False
2022,RN,AVANTE,80,9,6,0.6666666666666666,False,0.8333333333333334,False
2022,RN,AVANTE,90,9,8,0.8888888888888888,False,0.9444444444444444,True
2022,RN,AVANTE,95,9,9,1.0,False,1.0,False
2022,RN,CIDADANIA,50,2,1,0.5,False,0.5691617799241118,False
2022,RN,CIDADANIA,60,2,2,1.0,False,1.0,False
2022,RN,CIDADANIA,70,2,2,1.0,False,1.0,False
2022,RN,CIDADANIA,80,2,2,1.0,False,1.0,False
2022,RN,CIDADANIA,90,2,2,1.0,False,1.0,False
2022,RN,CIDADANIA,95,2,2,1.0,False,1.0,False
2022,RN,DC,50,9,2,0.2222222222222222,False,0.5531914893617021,False
2022,RN,DC,60,9,3,0.3333333333333333,False,0.6808510638297872,False
2022,RN,DC,70,9,4,0.4444444444444444,False,0.7659574468085106,True
2022,RN,DC,80,9,5,0.5555555555555556,False,0.851063829787234,True
2022,RN,DC,90,9,6,0.6666666666666666,False,0.9361702127659575,False
2022,RN,DC,95,9,7,0.7777777777777778,False,1.0,False
2022,RN,MDB,50,8,3,0.375,False,0.680024760250031,False
2022,RN,MDB,60,8,3,0.375,False,0.680024760250031,False
2022,RN,MDB,70,8,4,0.5,False,0.7907530559873094,False
2022,RN,MDB,80,8,5,0.625,False,0.8613283321198076,False
2022,RN,MDB,90,8,6,0.75,False,0.9227535868150956,False
2022,RN,MDB,95,8,7,0.875,False,0.9629099087015484,False
2022,RN,PATRIOTA,50,7,1,0.14285714285714285,False,0.51,False
2022,RN,PATRIOTA,60,7,2,0.2857142857142857,False,0.68,False
2022,RN,PATRIOTA,70,7,3,0.42857142857142855,False,0.83,False
2022,RN,PATRIOTA,80,7,3,0.42857142857142855,False,0.83,False
2022,RN,PATRIOTA,90,7,4,0.5714285714285714,False,0.91,False
2022,RN,PATRIOTA,95,7,5,0.7142857142857143,False,0.96,False
2022,RN,PC DO B,50,3,1,0.3333333333333333,False,0.5186246418338109,False
2022,RN,PC DO B,60,3,2,0.6666666666666666,False,0.8767908309455588,False
2022,RN,PC DO B,70,3,2,0.6666666666666666,False,0.8767908309455588,False
2022,RN,PC DO B,80,3,2,0.6666666666666666,False,0.8767908309455588,False
2022,RN,PC DO B,90,3,3,1.0,False,1.0,False
2022,RN,PC DO B,95,3,3,1.0,False,1.0,False
2022,RN,PDT,50,9,1,0.1111111111111111,False,0.5353319057815846,False
2022,RN,PDT,60,9,2,0.2222222222222222,False,0.6106352605281942,True
2022,RN,PDT,70,9,4,0.4444444444444444,False,0.7466095645967167,True
2022,RN,PDT,80,9,5,0.5555555555555556,False,0.8072805139186295,True
2022,RN,PDT,90,9,7,0.7777777777777778,False,0.9286224125624554,False
2022,RN,PDT,95,9,8,0.8888888888888888,False,0.9643112062812277,True
2022,RN,PL,50,9,2,0.2222222222222222,False,0.6134969325153374,False
2022,RN,PL,60,9,2,0.2222222222222222,False,0.6134969325153374,False
2022,RN,PL,70,9,3,0.3333333333333333,False,0.8952965235173824,False
2022,RN,PL,80,9,3,0.3333333333333333,False,0.8952965235173824,False
2022,RN,PL,90,9,4,0.4444444444444444,False,0.9979550102249489,False
2022,RN,PL,95,9,4,0.4444444444444444,False,0.9979550102249489,False
2022,RN,PMB,50,3,0,0.0,True,,False
2022,RN,PMB,60,3,0,0.0,True,,False
2022,RN,PMB,70,3,0,0.0,True,,False
2022,RN,PMB,80,3,0,0.0,True,,False
2022,RN,PMB,90,3,0,0.0,True,,False
2022,RN,PMB,95,3,0,0.0,True,,False
2022,RN,PMN,50,9,1,0.1111111111111111,False,0.6666666666666666,False
2022,RN,PMN,60,9,1,0.1111111111111111,False,0.6666666666666666,False
2022,RN,PMN,70,9,2,0.2222222222222222,False,0.8095238095238095,False
2022,RN,PMN,80,9,2,0.2222222222222222,False,0.8095238095238095,False
2022,RN,PMN,90,9,5,0.5555555555555556,False,0.9161904761904762,False
2022,RN,PMN,95,9,7,0.7777777777777778,False,0.9580952380952381,True
2022,RN,PODE,50,9,4,0.4444444444444444,False,0.5122764905346069,False
2022,RN,PODE,60,9,5,0.5555555555555556,False,0.6262690112160995,False
2022,RN,PODE,70,9,6,0.6666666666666666,False,0.7231283898962997,True
2022,RN,PODE,80,9,7,0.7777777777777778,False,0.8199877685765004,False
2022,RN,PODE,90,9,8,0.8888888888888888,False,0.9134205106325307,False
2022,RN,PODE,95,9,9,1.0,False,1.0,False
2022,RN,PP,50,9,3,0.3333333333333333,False,0.5408523525191596,False
2022,RN,PP,60,9,4,0.4444444444444444,False,0.6652404723920591,False
2022,RN,PP,70,9,5,0.5555555555555556,False,0.7507573048046776,False
2022,RN,PP,80,9,6,0.6666666666666666,False,0.8284998797252398,False
2022,RN,PP,90,9,8,0.8888888888888888,False,0.9528879995981393,False
2022,RN,PP,95,9,8,0.8888888888888888,False,0.9528879995981393,False
2022,RN,PRTB,50,8,1,0.125,False,1.0,False
2022,RN,PRTB,60,8,1,0.125,False,1.0,False
2022,RN,PRTB,70,8,1,0.125,False,1.0,False
2022,RN,PRTB,80,8,1,0.125,False,1.0,False
2022,RN,PRTB,90,8,1,0.125,False,1.0,False
2022,RN,PRTB,95,8,1,0.125,False,1.0,False
2022,RN,PSB,50,9,3,0.3333333333333333,False,0.5545286506469501,False
2022,RN,PSB,60,9,4,0.4444444444444444,False,0.6487985212569316,False
2022,RN,PSB,70,9,5,0.5555555555555556,False,0.7412199630314233,True
2022,RN,PSB,80,9,6,0.6666666666666666,False,0.833641404805915,False
2022,RN,PSB,90,9,7,0.7777777777777778,False,0.9075785582255084,False
2022,RN,PSB,95,9,8,0.8888888888888888,False,0.9537892791127541,True
2022,RN,PSC,50,8,3,0.375,False,0.6333544451481716,False
2022,RN,PSC,60,8,3,0.375,False,0.6333544451481716,False
2022,RN,PSC,70,8,4,0.5,False,0.7555474071357934,False
2022,RN,PSC,80,8,5,0.625,False,0.8666622220740692,False
2022,RN,PSC,90,8,6,0.75,False,0.922219629543207,True
2022,RN,PSC,95,8,7,0.875,False,0.9777770370123449,False
2022,RN,PSD,50,9,1,0.1111111111111111,False,0.8026360460215058,False
2022,RN,PSD,60,9,1,0.1111111111111111,False,0.8026360460215058,False
2022,RN,PSD,70,9,1,0.1111111111111111,False,0.8026360460215058,False
2022,RN,PSD,80,9,1,0.1111111111111111,False,0.8026360460215058,False
2022,RN,PSD,90,9,4,0.4444444444444444,False,0.923099963080588,False
2022,RN,PSD,95,9,6,0.6666666666666666,False,0.9606493591413772,False
2022,RN,PSDB,50,7,1,0.14285714285714285,False,0.675,False
2022,RN,PSDB,60,7,1,0.14285714285714285,False,0.675,False
2022,RN,PSDB,70,7,2,0.2857142857142857,False,0.7375,True
2022,RN,PSDB,80,7,3,0.42857142857142855,False,0.8,False
2022,RN,PSDB,90,7,5,0.7142857142857143,False,0.9,True
2022,RN,PSDB,95,7,6,0.8571428571428571,False,0.95,True
2022,RN,PSOL,50,4,2,0.5,False,0.7601677534878186,False
2022,RN,PSOL,60,4,2,0.5,False,0.7601677534878186,False
2022,RN,PSOL,70,4,2,0.5,False,0.7601677534878186,False
2022,RN,PSOL,80,4,3,0.75,False,0.9572083463701255,False
2022,RN,PSOL,90,4,3,0.75,False,0.9572083463701255,False
2022,RN,PSOL,95,4,3,0.75,False,0.9572083463701255,False
2022,RN,PSTU,50,1,1,1.0,False,1.0,False
2022,RN,PSTU,60,1,1,1.0,False,1.0,False
2022,RN,PSTU,70,1,1,1.0,False,1.0,False
2022,RN,PSTU,80,1,1,1.0,False,1.0,False
2022,RN,PSTU,90,1,1,1.0,False,1.0,False
2022,RN,PSTU,95,1,1,1.0,False,1.0,False
2022,RN,PT,50,4,1,0.25,False,0.5394712614142397,False
2022,RN,PT,60,4,2,0.5,False,0.7501920056454383,False
2022,RN,PT,70,4,2,0.5,False,0.7501920056454383,False
2022,RN,PT,80,4,3,0.75,False,0.9264357370798764,False
2022,RN,PT,90,4,3,0.75,False,0.9264357370798764,False
2022,RN,PT,95,4,4,1.0,False,1.0,False
2022,RN,PTB,50,7,0,0.0,True,,False
2022,RN,PTB,60,7,0,0.0,True,,False
2022,RN,PTB,70,7,0,0.0,True,,False
2022,RN,PTB,80,7,0,0.0,True,,False
2022,RN,PTB,90,7,0,0.0,True,,False
2022,RN,PTB,95,7,0,0.0,True,,False
2022,RN,PV,50,2,1,0.5,False,0.7073114632463364,False
2022,RN,PV,60,2,1,0.5,False,0.7073114632463364,False
2022,RN,PV,70,2,1,0.5,False,0.7073114632463364,False
2022,RN,PV,80,2,2,1.0,False,1.0,False
2022,RN,PV,90,2,2,1.0,False,1.0,False
2022,RN,PV,95,2,2,1.0,False,1.0,False
2022,RN,REDE,50,3,0,0.0,True,,False
2022,RN,REDE,60,3,0,0.0,True,,False
2022,RN,REDE,70,3,0,0.0,True,,False
2022,RN,REDE,80,3,0,0.0,True,,False
2022,RN,REDE,90,3,0,0.0,True,,False
2022,RN,REDE,95,3,0,0.0,True,,False
2022,RN,REPUBLICANOS,50,9,3,0.3333333333333333,False,0.6181722251534253,True
2022,RN,REPUBLICANOS,60,9,3,0.3333333333333333,False,0.6181722251534253,True
2022,RN,REPUBLICANOS,70,9,4,0.4444444444444444,False,0.7570186887339979,False
2022,RN,REPUBLICANOS,80,9,5,0.5555555555555556,False,0.8819805059565133,False
2022,RN,REPUBLICANOS,90,9,6,0.6666666666666666,False,0.9375190913887423,False
2022,RN,REPUBLICANOS,95,9,7,0.7777777777777778,False,0.9791730304629142,False
2022,RN,SOLIDARIEDADE,50,9,2,0.2222222222222222,False,0.5912629882133787,False
2022,RN,SOLIDARIEDADE,60,9,3,0.3333333333333333,False,0.6980719037619473,False
2022,RN,SOLIDARIEDADE,70,9,4,0.4444444444444444,False,0.7797925736537366,True
2022,RN,SOLIDARIEDADE,80,9,5,0.5555555555555556,False,0.8615132435455258,False
2022,RN,SOLIDARIEDADE,90,9,6,0.6666666666666666,False,0.9268897794589572,False
2022,RN,SOLIDARIEDADE,95,9,7,0.7777777777777778,False,0.9595780474156729,False
2022,RN,UNIAO,50,9,3,0.3333333333333333,False,0.5229581918553436,False
2022,RN,UNIAO,60,9,4,0.4444444444444444,False,0.6357947353419492,False
2022,RN,UNIAO,70,9,5,0.5555555555555556,False,0.7204578669230451,False
2022,RN,UNIAO,80,9,6,0.6666666666666666,False,0.8020641189512774,False
2022,RN,UNIAO,90,9,8,0.8888888888888888,False,0.9462024508143211,False
2022,RN,UNIAO,95,9,9,1.0,False,1.0,False
2022,RO,AGIR,50,7,3,0.42857142857142855,False,0.5,True
2022,RO,AGIR,60,7,4,0.5714285714285714,False,0.625,True
2022,RO,AGIR,70,7,5,0.7142857142857143,False,0.75,True
2022,RO,AGIR,80,7,6,0.8571428571428571,False,0.875,True
2022,RO,AGIR,90,7,7,1.0,False,1.0,False
2022,RO,AGIR,95,7,7,1.0,False,1.0,False
2022,RO,AVANTE,50,9,1,0.1111111111111111,False,0.6114988368228648,False
2022,RO,AVANTE,60,9,1,0.1111111111111111,False,0.6114988368228648,False
2022,RO,AVANTE,70,9,2,0.2222222222222222,False,0.7859754071119973,False
2022,RO,AVANTE,80,9,3,0.3333333333333333,False,0.8777002326354271,False
2022,RO,AVANTE,90,9,4,0.4444444444444444,False,0.9209039548022598,False
2022,RO,AVANTE,95,9,5,0.5555555555555556,False,0.9541375872382851,False
2022,RO,MDB,50,9,3,0.3333333333333333,False,0.578713969424929,False
2022,RO,MDB,60,9,4,0.4444444444444444,False,0.6895787143131056,False
2022,RO,MDB,70,9,5,0.5555555555555556,False,0.7671840357348292,False
2022,RO,MDB,80,9,6,0.6666666666666666,False,0.8337028826677352,False
2022,RO,MDB,90,9,8,0.8888888888888888,False,0.9501108648003206,False
2022,RO,MDB,95,9,8,0.8888888888888888,False,0.9501108648003206,False
2022,RO,PATRIOTA,50,7,2,0.2857142857142857,False,0.647887323943662,True
2022,RO,PATRIOTA,60,7,2,0.2857142857142857,False,0.647887323943662,True
2022,RO,PATRIOTA,70,7,3,0.42857142857142855,False,0.9577464788732394,False
2022,RO,PATRIOTA,80,7,3,0.42857142857142855,False,0.9577464788732394,False
2022,RO,PATRIOTA,90,7,3,0.42857142857142855,False,0.9577464788732394,False
2022,RO,PATRIOTA,95,7,3,0.42857142857142855,False,0.9577464788732394,False
2022,RO,PC DO B,50,3,1,0.3333333333333333,False,0.5287282117495158,False
2022,RO,PC DO B,60,3,2,0.6666666666666666,False,0.8708844415752098,False
2022,RO,PC DO B,70,3,2,0.6666666666666666,False,0.8708844415752098,False
2022,RO,PC DO B,80,3,2,0.6666666666666666,False,0.8708844415752098,False
2022,RO,PC DO B,90,3,3,1.0,False,1.0,False
2022,RO,PC DO B,95,3,3,1.0,False,1.0,False
2022,RO,PDT,50,8,3,0.375,False,0.5683935594886922,False
2022,RO,PDT,60,8,4,0.5,False,0.7083947885939036,False
2022,RO,PDT,70,8,4,0.5,False,0.7083947885939036,False
2022,RO,PDT,80,8,5,0.625,False,0.8322271386430679,True
2022,RO,PDT,90,8,6,0.75,False,0.956059488692232,False
2022,RO,PDT,95,8,6,0.75,False,0.956059488692232,False
2022,RO,PL,50,9,1,0.1111111111111111,False,0.5001959100647754,False
2022,RO,PL,60,9,2,0.2222222222222222,False,0.7074687585971172,False
2022,RO,PL,70,9,2,0.2222222222222222,False,0.7074687585971172,False
2022,RO,PL,80,9,3,0.3333333333333333,False,0.874200728618709,False
2022,RO,PL,90,9,4,0.4444444444444444,False,0.9082974164881246,False
2022,RO,PL,95,9,6,0.6666666666666666,False,0.9583170074946019,True
2022,RO,PMB,50,2,0,0.0,True,,False
2022,RO,PMB,60,2,0,0.0,True,,False
2022,RO,PMB,70,2,0,0.0,True,,False
2022,RO,PMB,80,2,0,0.0,True,,False
2022,RO,PMB,90,2,0,0.0,True,,False
2022,RO,PMB,95,2,0,0.0,True,,False
2022,RO,PODE,50,9,3,0.3333333333333333,False,0.5813010518892872,False
2022,RO,PODE,60,9,4,0.4444444444444444,False,0.6988305811835224,False
2022,RO,PODE,70,9,5,0.5555555555555556,False,0.8016689193159782,False
2022,RO,PODE,80,9,5,0.5555555555555556,False,0.8016689193159782,False
2022,RO,PODE,90,9,7,0.7777777777777778,False,0.9412352353528824,False
2022,RO,PODE,95,9,8,0.8888888888888888,False,1.0,False
2022,RO,PP,50,6,2,0.3333333333333333,False,0.875,False
2022,RO,PP,60,6,2,0.3333333333333333,False,0.875,False
2022,RO,PP,70,6,2,0.3333333333333333,False,0.875,False
2022,RO,PP,80,6,2,0.3333333333333333,False,0.875,False
2022,RO,PP,90,6,3,0.5,False,1.0,False
2022,RO,PP,95,6,3,0.5,False,1.0,False
2022,RO,PROS,50,9,0,0.0,True,,False
2022,RO,PROS,60,9,0,0.0,True,,False
2022,RO,PROS,70,9,0,0.0,True,,False
2022,RO,PROS,80,9,0,0.0,True,,False
2022,RO,PROS,90,9,0,0.0,True,,False
2022,RO,PROS,95,9,0,0.0,True,,False
2022,RO,PSB,50,8,2,0.25,False,0.6432375601532503,False
2022,RO,PSB,60,8,2,0.25,False,0.6432375601532503,False
2022,RO,PSB,70,8,3,0.375,False,0.7070914112508576,False
2022,RO,PSB,80,8,5,0.625,False,0.8243148231271479,False
2022,RO,PSB,90,8,7,0.875,False,0.9415374145784895,False
2022,RO,PSB,95,8,8,1.0,False,1.0,False
2022,RO,PSC,50,9,4,0.4444444444444444,False,0.5618886847549643,True
2022,RO,PSC,60,9,5,0.5555555555555556,False,0.6667677798444598,True
2022,RO,PSC,70,9,6,0.6666666666666666,False,0.7716468749339552,False
2022,RO,PSC,80,9,7,0.7777777777777778,False,0.8765202473163428,False
2022,RO,PSC,90,9,8,0.8888888888888888,False,0.9749606530405148,False
2022,RO,PSC,95,9,8,0.8888888888888888,False,0.9749606530405148,False
2022,RO,PSD,50,8,2,0.25,False,0.5236811431609922,False
2022,RO,PSD,60,8,3,0.375,False,0.6588699256101911,False
2022,RO,PSD,70,8,4,0.5,False,0.7921238609187102,False
2022,RO,PSD,80,8,5,0.625,False,0.8854016156346736,False
2022,RO,PSD,90,8,6,0.75,False,0.9387031897580812,True
2022,RO,PSD,95,8,7,0.875,False,0.9920047638814888,False
2022,RO,PSOL,50,8,3,0.375,False,0.5627193689195334,False
2022,RO,PSOL,60,8,4,0.5,False,0.6743589690956546,False
2022,RO,PSOL,70,8,5,0.625,False,0.7790763694809454,False
2022,RO,PSOL,80,8,6,0.75,False,0.8546828637965205,True
2022,RO,PSOL,90,8,7,0.875,False,0.9302893581120956,False
2022,RO,PSOL,95,8,8,1.0,False,1.0,False
2022,RO,PT,50,3,2,0.6666666666666666,False,0.7917636226667782,False
2022,RO,PT,60,3,2,0.6666666666666666,False,0.7917636226667782,False
2022,RO,PT,70,3,2,0.6666666666666666,False,0.7917636226667782,False
2022,RO,PT,80,3,3,1.0,False,1.0,False
2022,RO,PT,90,3,3,1.0,False,1.0,False
2022,RO,PT,95,3,3,1.0,False,1.0,False
2022,RO,PTB,50,9,4,0.4444444444444444,False,0.5984434509024673,False
2022,RO,PTB,60,9,5,0.5555555555555556,False,0.6895181321410829,False
2022,RO,PTB,70,9,6,0.6666666666666666,False,0.772313296903461,True
2022,RO,PTB,80,9,7,0.7777777777777778,False,0.8551084616658386,True
2022,RO,PTB,90,9,8,0.8888888888888888,False,0.9379036264282166,False
2022,RO,PTB,95,9,9,1.0,False,1.0,False
2022,RO,PV,50,2,1,0.5,False,0.5217392287339039,False
2022,RO,PV,60,2,2,1.0,False,1.0,False
2022,RO,PV,70,2,2,1.0,False,1.0,False
2022,RO,PV,80,2,2,1.0,False,1.0,False
2022,RO,PV,90,2,2,1.0,False,1.0,False
2022,RO,PV,95,2,2,1.0,False,1.0,False
2022,RO,REPUBLICANOS,50,9,2,0.2222222222222222,False,0.5179782822551121,False
2022,RO,REPUBLICANOS,60,9,3,0.3333333333333333,False,0.6073922573989914,False
2022,RO,REPUBLICANOS,70,9,5,0.5555555555555556,False,0.758730888458529,False
2022,RO,REPUBLICANOS,80,9,6,0.6666666666666666,False,0.8311009792605583,False
2022,RO,REPUBLICANOS,90,9,8,0.8888888888888888,False,0.9481702437932525,False
2022,RO,REPUBLICANOS,95,9,9,1.0,False,1.0,False
2022,RO,SOLIDARIEDADE,50,6,1,0.16666666666666666,False,0.8048780487804879,False
2022,RO,SOLIDARIEDADE,60,6,1,0.16666666666666666,False,0.8048780487804879,False
2022,RO,SOLIDARIEDADE,70,6,1,0.16666666666666666,False,0.8048780487804879,False
2022,RO,SOLIDARIEDADE,80,6,1,0.16666666666666666,False,0.8048780487804879,False
2022,RO,SOLIDARIEDADE,90,6,2,0.3333333333333333,False,0.975609756097561,False
2022,RO,SOLIDARIEDADE,95,6,2,0.3333333333333333,False,0.975609756097561,False
2022,RO,UNIAO,50,9,4,0.4444444444444444,False,0.5883227313970637,True
2022,RO,UNIAO,60,9,5,0.5555555555555556,False,0.702589299807393,False
2022,RO,UNIAO,70,9,5,0.5555555555555556,False,0.702589299807393,False
2022,RO,UNIAO,80,9,6,0.6666666666666666,False,0.813038590144218,False
2022,RO,UNIAO,90,9,7,0.7777777777777778,False,0.9044518448724814,False
2022,RO,UNIAO,95,9,8,0.8888888888888888,False,0.9522385111259808,False
2022,RR,CIDADANIA,50,6,3,0.5,False,0.5784670573818811,True
2022,RR,CIDADANIA,60,6,4,0.6666666666666666,False,0.7189780382545874,True
2022,RR,CIDADANIA,70,6,4,0.6666666666666666,False,0.7189780382545874,True
2022,RR,CIDADANIA,80,6,5,0.8333333333333334,False,0.8594890191272938,True
2022,RR,CIDADANIA,90,6,6,1.0,False,1.0,False
2022,RR,CIDADANIA,95,6,6,1.0,False,1.0,False
2022,RR,DC,50,6,3,0.5,False,0.6814183008016227,False
2022,RR,DC,60,6,3,0.5,False,0.6814183008016227,False
2022,RR,DC,70,6,4,0.6666666666666666,False,0.7917395754567774,False
2022,RR,DC,80,6,5,0.8333333333333334,False,0.8958866265963351,False
2022,RR,DC,90,6,6,1.0,False,1.0,False
2022,RR,DC,95,6,6,1.0,False,1.0,False
2022,RR,MDB,50,8,3,0.375,False,0.511276332954231,False
2022,RR,MDB,60,8,4,0.5,False,0.6525435659013982,False
2022,RR,MDB,70,8,5,0.625,False,0.756186777062795,False
2022,RR,MDB,80,8,6,0.75,False,0.8565923544324212,False
2022,RR,MDB,90,8,7,0.875,False,0.9429223301223567,False
2022,RR,MDB,95,8,8,1.0,False,1.0,False
2022,RR,PATRIOTA,50,7,2,0.2857142857142857,False,0.5583596214511041,False
2022,RR,PATRIOTA,60,7,3,0.42857142857142855,False,0.6635120925341745,True
2022,RR,PATRIOTA,70,7,4,0.5714285714285714,False,0.768664563617245,True
2022,RR,PATRIOTA,80,7,5,0.7142857142857143,False,0.8738170347003155,True
2022,RR,PATRIOTA,90,7,6,0.8571428571428571,False,0.9789695057833859,False
2022,RR,PATRIOTA,95,7,6,0.8571428571428571,False,0.9789695057833859,False
2022,RR,PCO,50,1,1,1.0,False,1.0,False
2022,RR,PCO,60,1,1,1.0,False,1.0,False
2022,RR,PCO,70,1,1,1.0,False,1.0,False
2022,RR,PCO,80,1,1,1.0,False,1.0,False
2022,RR,PCO,90,1,1,1.0,False,1.0,False
2022,RR,PCO,95,1,1,1.0,False,1.0,False
2022,RR,PDT,50,8,2,0.25,False,0.8292283144477787,False
2022,RR,PDT,60,8,2,0.25,False,0.8292283144477787,False
2022,RR,PDT,70,8,2,0.25,False,0.8292283144477787,False
2022,RR,PDT,80,8,2,0.25,False,0.8292283144477787,False
2022,RR,PDT,90,8,3,0.375,False,0.9288501816731642,False
2022,RR,PDT,95,8,4,0.5,False,0.9633622502026395,False
2022,RR,PL,50,8,3,0.375,False,0.5294117647058824,True
2022,RR,PL,60,8,4,0.5,False,0.6470588235294118,True
2022,RR,PL,70,8,5,0.625,False,0.7647058823529411,True
2022,RR,PL,80,8,6,0.75,False,0.8823529411764706,False
2022,RR,PL,90,8,7,0.875,False,0.9411764705882353,True
2022,RR,PL,95,8,8,1.0,False,1.0,False
2022,RR,PMB,50,4,2,0.5,False,0.5339356738177717,False
2022,RR,PMB,60,4,3,0.75,False,0.7687539250045581,False
2022,RR,PMB,70,4,3,0.75,False,0.7687539250045581,False
2022,RR,PMB,80,4,4,1.0,False,1.0,False
2022,RR,PMB,90,4,4,1.0,False,1.0,False
2022,RR,PMB,95,4,4,1.0,False,1.0,False
2022,RR,PMN,50,6,3,0.5,False,0.6,True
2022,RR,PMN,60,6,3,0.5,False,0.6,True
2022,RR,PMN,70,6,4,0.6666666666666666,False,0.7333333333333333,True
2022,RR,PMN,80,6,5,0.8333333333333334,False,0.8666666666666667,True
2022,RR,PMN,90,6,6,1.0,False,1.0,False
2022,RR,PMN,95,6,6,1.0,False,1.0,False
2022,RR,PODE,50,8,3,0.375,False,0.5982142857142857,False
2022,RR,PODE,60,8,4,0.5,False,0.7098214285714286,True
2022,RR,PODE,70,8,4,0.5,False,0.7098214285714286,True
2022,RR,PODE,80,8,5,0.625,False,0.8214285714285714,False
2022,RR,PODE,90,8,6,0.75,False,0.921875,False
2022,RR,PODE,95,8,7,0.875,False,0.9665178571428571,False
2022,RR,PP,50,9,3,0.3333333333333333,False,0.5749880224604409,True
2022,RR,PP,60,9,4,0.4444444444444444,False,0.6588404424025885,False
2022,RR,PP,70,9,5,0.5555555555555556,False,0.7341707180981569,False
2022,RR,PP,80,9,6,0.6666666666666666,False,0.8083373258465197,False
2022,RR,PP,90,9,8,0.8888888888888888,False,0.9401054143270374,True
2022,RR,PP,95,9,9,1.0,False,1.0,False
2022,RR,PROS,50,8,2,0.25,False,0.5487938381711956,False
2022,RR,PROS,60,8,3,0.375,False,0.6578073734317079,False
2022,RR,PROS,70,8,4,0.5,False,0.7567847500825406,False
2022,RR,PROS,80,8,5,0.625,False,0.8551970799991635,False
2022,RR,PROS,90,8,6,0.75,False,0.9204860238346105,False
2022,RR,PROS,95,8,7,0.875,False,0.9844986693193506,False
2022,RR,PRTB,50,7,4,0.5714285714285714,False,0.5714285714285714,True
2022,RR,PRTB,60,7,5,0.7142857142857143,False,0.7142857142857143,True
2022,RR,PRTB,70,7,5,0.7142857142857143,False,0.7142857142857143,True
2022,RR,PRTB,80,7,6,0.8571428571428571,False,0.8571428571428571,True
2022,RR,PRTB,90,7,7,1.0,False,1.0,False
2022,RR,PRTB,95,7,7,1.0,False,1.0,False
2022,RR,PSC,50,3,0,0.0,True,,False
2022,RR,PSC,60,3,0,0.0,True,,False
2022,RR,PSC,70,3,0,0.0,True,,False
2022,RR,PSC,80,3,0,0.0,True,,False
2022,RR,PSC,90,3,0,0.0,True,,False
2022,RR,PSC,95,3,0,0.0,True,,False
2022,RR,PSD,50,9,3,0.3333333333333333,False,0.636366429764328,False
2022,RR,PSD,60,9,3,0.3333333333333333,False,0.636366429764328,False
2022,RR,PSD,70,9,4,0.4444444444444444,False,0.740262989725851,False
2022,RR,PSD,80,9,5,0.5555555555555556,False,0.8311680900625252,False
2022,RR,PSD,90,9,7,0.7777777777777778,False,0.9480517200192385,False
2022,RR,PSD,95,9,8,0.8888888888888888,False,0.9870129300048096,False
2022,RR,PSDB,50,1,0,0.0,True,,False
2022,RR,PSDB,60,1,0,0.0,True,,False
2022,RR,PSDB,70,1,0,0.0,True,,False
2022,RR,PSDB,80,1,0,0.0,True,,False
2022,RR,PSDB,90,1,0,0.0,True,,False
2022,RR,PSDB,95,1,0,0.0,True,,False
2022,RR,PSOL,50,3,2,0.6666666666666666,False,0.7426924502559319,True
2022,RR,PSOL,60,3,2,0.6666666666666666,False,0.7426924502559319,True
2022,RR,PSOL,70,3,2,0.6666666666666666,False,0.7426924502559319,True
2022,RR,PSOL,80,3,3,1.0,False,1.0,False
2022,RR,PSOL,90,3,3,1.0,False,1.0,False
2022,RR,PSOL,95,3,3,1.0,False,1.0,False
2022,RR,PT,50,3,1,0.3333333333333333,False,0.775607376329398,False
2022,RR,PT,60,3,1,0.3333333333333333,False,0.775607376329398,False
2022,RR,PT,70,3,1,0.3333333333333333,False,0.775607376329398,False
2022,RR,PT,80,3,2,0.6666666666666666,False,1.0,False
2022,RR,PT,90,3,2,0.6666666666666666,False,1.0,False
2022,RR,PT,95,3,2,0.6666666666666666,False,1.0,False
2022,RR,PTB,50,9,4,0.4444444444444444,False,0.5904980890532269,False
2022,RR,PTB,60,9,5,0.5555555555555556,False,0.6978218314016716,False
2022,RR,PTB,70,9,6,0.6666666666666666,False,0.7817170555883541,False
2022,RR,PTB,80,9,7,0.7777777777777778,False,0.8593978187241711,True
2022,RR,PTB,90,9,8,0.8888888888888888,False,0.9370785818599882,False
2022,RR,PTB,95,9,9,1.0,False,1.0,False
2022,RR,PV,50,3,2,0.6666666666666666,False,0.9571931530414899,False
2022,RR,PV,60,3,2,0.6666666666666666,False,0.9571931530414899,False
2022,RR,PV,70,3,2,0.6666666666666666,False,0.9571931530414899,False
2022,RR,PV,80,3,2,0.6666666666666666,False,0.9571931530414899,False
2022,RR,PV,90,3,2,0.6666666666666666,False,0.9571931530414899,False
2022,RR,PV,95,3,2,0.6666666666666666,False,0.9571931530414899,False
2022,RR,REDE,50,5,2,0.4,False,0.6026837587615728,False
2022,RR,REDE,60,5,2,0.4,False,0.6026837587615728,False
2022,RR,REDE,70,5,3,0.6,False,0.7351615502829941,True
2022,RR,REDE,80,5,4,0.8,False,0.8676393418044155,False
2022,RR,REDE,90,5,5,1.0,False,1.0,False
2022,RR,REDE,95,5,5,1.0,False,1.0,False
2022,RR,REPUBLICANOS,50,9,4,0.4444444444444444,False,0.5757517077949841,True
2022,RR,REPUBLICANOS,60,9,5,0.5555555555555556,False,0.6716144630056041,True
2022,RR,REPUBLICANOS,70,9,6,0.6666666666666666,False,0.7674772182162242,False
2022,RR,REPUBLICANOS,80,9,7,0.7777777777777778,False,0.8619576324967071,False
2022,RR,REPUBLICANOS,90,9,8,0.8888888888888888,False,0.9386478366652031,False
2022,RR,REPUBLICANOS,95,9,9,1.0,False,1.0,False
2022,RR,SOLIDARIEDADE,50,7,2,0.2857142857142857,False,0.5296867012342072,False
2022,RR,SOLIDARIEDADE,60,7,3,0.42857142857142855,False,0.6757467319068137,False
2022,RR,SOLIDARIEDADE,70,7,4,0.5714285714285714,False,0.7998977579785291,False
2022,RR,SOLIDARIEDADE,80,7,5,0.7142857142857143,False,0.8977579785291755,False
2022,RR,SOLIDARIEDADE,90,7,6,0.8571428571428571,False,0.9561819907982181,False
2022,RR,SOLIDARIEDADE,95,7,6,0.8571428571428571,False,0.9561819907982181,False
2022,RR,UNIAO,50,8,3,0.375,False,0.5786204582963097,False
2022,RR,UNIAO,60,8,4,0.5,False,0.68387765178529,True
2022,RR,UNIAO,70,8,5,0.625,False,0.7891348452742704,False
2022,RR,UNIAO,80,8,6,0.75,False,0.8652513649462475,False
2022,RR,UNIAO,90,8,7,0.875,False,0.9326256824731238,False
2022,RR,UNIAO,95,8,8,1.0,False,1.0000000000000002,False
2022,RS,AGIR,50,1,0,0.0,True,,False
2022,RS,AGIR,60,1,0,0.0,True,,False
2022,RS,AGIR,70,1,0,0.0,True,,False
2022,RS,AGIR,80,1,0,0.0,True,,False
2022,RS,AGIR,90,1,0,0.0,True,,False
2022,RS,AGIR,95,1,0,0.0,True,,False
2022,RS,AVANTE,50,30,5,0.16666666666666666,False,0.5356402036583067,False
2022,RS,AVANTE,60,30,7,0.23333333333333334,False,0.6181406750895719,True
2022,RS,AVANTE,70,30,10,0.3333333333333333,False,0.7197422408916229,True
2022,RS,AVANTE,80,30,13,0.43333333333333335,False,0.8010234935332635,False
2022,RS,AVANTE,90,30,19,0.6333333333333333,False,0.9020560905668229,False
2022,RS,AVANTE,95,30,24,0.8,False,0.9593593736791797,True
2022,RS,CIDADANIA,50,8,1,0.125,False,0.9469153068786385,False
2022,RS,CIDADANIA,60,8,1,0.125,False,0.9469153068786385,False
2022,RS,CIDADANIA,70,8,1,0.125,False,0.9469153068786385,False
2022,RS,CIDADANIA,80,8,1,0.125,False,0.9469153068786385,False
2022,RS,CIDADANIA,90,8,1,0.125,False,0.9469153068786385,False
2022,RS,CIDADANIA,95,8,2,0.25,False,0.9626869251233124,False
2022,RS,DC,50,7,1,0.14285714285714285,False,0.7083668103932236,False
2022,RS,DC,60,7,1,0.14285714285714285,False,0.7083668103932236,False
2022,RS,DC,70,7,1,0.14285714285714285,False,0.7083668103932236,False
2022,RS,DC,80,7,3,0.42857142857142855,False,0.8608114322331294,False
2022,RS,DC,90,7,4,0.5714285714285714,False,0.9138356485252707,True
2022,RS,DC,95,7,5,0.7142857142857143,False,0.9668598648174118,False
2022,RS,MDB,50,24,3,0.125,False,0.5145641347791955,False
2022,RS,MDB,60,24,4,0.16666666666666666,False,0.6520072832936922,False
2022,RS,MDB,70,24,5,0.20833333333333334,False,0.7209172289876467,False
2022,RS,MDB,80,24,7,0.2916666666666667,False,0.8090068816178847,False
2022,RS,MDB,90,24,11,0.4583333333333333,False,0.9017578359639686,False
2022,RS,MDB,95,24,15,0.625,False,0.9547075227888431,False
2022,RS,NOVO,50,6,2,0.3333333333333333,False,0.8907467660008106,False
2022,RS,NOVO,60,6,2,0.3333333333333333,False,0.8907467660008106,False
2022,RS,NOVO,70,6,2,0.3333333333333333,False,0.8907467660008106,False
2022,RS,NOVO,80,6,2,0.3333333333333333,False,0.8907467660008106,False
2022,RS,NOVO,90,6,3,0.5,False,0.9761500572780898,False
2022,RS,NOVO,95,6,3,0.5,False,0.9761500572780898,False
2022,RS,PATRIOTA,50,23,7,0.30434782608695654,False,0.5036496350364964,True
2022,RS,PATRIOTA,60,23,10,0.43478260869565216,False,0.635036496350365,True
2022,RS,PATRIOTA,70,23,12,0.5217391304347826,False,0.7226277372262774,False
2022,RS,PATRIOTA,80,23,15,0.6521739130434783,False,0.8102189781021898,True
2022,RS,PATRIOTA,90,23,19,0.8260869565217391,False,0.927007299270073,True
2022,RS,PATRIOTA,95,23,20,0.8695652173913043,False,0.9562043795620436,True
2022,RS,PC DO B,50,4,2,0.5,False,0.8920958865377382,False
2022,RS,PC DO B,60,4,2,0.5,False,0.8920958865377382,False
2022,RS,PC DO B,70,4,2,0.5,False,0.8920958865377382,False
2022,RS,PC DO B,80,4,2,0.5,False,0.8920958865377382,False
2022,RS,PC DO B,90,4,3,0.75,False,0.9779133211137001,False
2022,RS,PC DO B,95,4,3,0.75,False,0.9779133211137001,False
2022,RS,PCB,50,2,0,0.0,True,,False
2022,RS,PCB,60,2,0,0.0,True,,False
2022,RS,PCB,70,2,0,0.0,True,,False
2022,RS,PCB,80,2,0,0.0,True,,False
2022,RS,PCB,90,2,0,0.0,True,,False
2022,RS,PCB,95,2,0,0.0,True,,False
2022,RS,PDT,50,28,3,0.10714285714285714,False,0.708791210908567,False
2022,RS,PDT,60,28,3,0.10714285714285714,False,0.708791210908567,False
2022,RS,PDT,70,28,3,0.10714285714285714,False,0.708791210908567,False
2022,RS,PDT,80,28,6,0.21428571428571427,False,0.8038100531906643,False
2022,RS,PDT,90,28,14,0.5,False,0.9057441312324528,True
2022,RS,PDT,95,28,19,0.6785714285714286,False,0.9516796585492803,True
2022,RS,PL,50,31,2,0.06451612903225806,False,0.5494738328624292,False
2022,RS,PL,60,31,3,0.0967741935483871,False,0.7088803664373581,False
2022,RS,PL,70,31,3,0.0967741935483871,False,0.7088803664373581,False
2022,RS,PL,80,31,4,0.12903225806451613,False,0.8450800566676383,False
2022,RS,PL,90,31,5,0.16129032258064516,False,0.955059283304159,False
2022,RS,PL,95,31,5,0.16129032258064516,False,0.955059283304159,False
2022,RS,PODE,50,28,2,0.07142857142857142,False,0.624772708506894,False
2022,RS,PODE,60,28,2,0.07142857142857142,False,0.624772708506894,False
2022,RS,PODE,70,28,3,0.10714285714285714,False,0.7063048291205799,False
2022,RS,PODE,80,28,6,0.21428571428571427,False,0.8199143670505358,False
2022,RS,PODE,90,28,11,0.39285714285714285,False,0.911168817064839,False
2022,RS,PODE,95,28,16,0.5714285714285714,False,0.9538309147001806,False
2022,RS,PP,50,27,2,0.07407407407407407,False,0.5178348235746563,False
2022,RS,PP,60,27,3,0.1111111111111111,False,0.6505143736179213,False
2022,RS,PP,70,27,4,0.14814814814814814,False,0.756273435246611,False
2022,RS,PP,80,27,5,0.18518518518518517,False,0.8125180271127777,False
2022,RS,PP,90,27,8,0.2962962962962963,False,0.9048168445341794,False
2022,RS,PP,95,27,12,0.4444444444444444,False,0.9500048072300741,True
2022,RS,PROS,50,3,0,0.0,True,,False
2022,RS,PROS,60,3,0,0.0,True,,False
2022,RS,PROS,70,3,0,0.0,True,,False
2022,RS,PROS,80,3,0,0.0,True,,False
2022,RS,PROS,90,3,0,0.0,True,,False
2022,RS,PROS,95,3,0,0.0,True,,False
2022,RS,PRTB,50,7,2,0.2857142857142857,False,0.5989951114816022,False
2022,RS,PRTB,60,7,3,0.42857142857142855,False,0.7120688327723688,False
2022,RS,PRTB,70,7,3,0.42857142857142855,False,0.7120688327723688,False
2022,RS,PRTB,80,7,5,0.7142857142857143,False,0.8811851449113498,False
2022,RS,PRTB,90,7,6,0.8571428571428571,False,0.95247405796454,False
2022,RS,PRTB,95,7,6,0.8571428571428571,False,0.95247405796454,False
2022,RS,PSB,50,23,3,0.13043478260869565,False,0.5849078746625983,False
2022,RS,PSB,60,23,4,0.17391304347826086,False,0.6312639361577279,False
2022,RS,PSB,70,23,7,0.30434782608695654,False,0.7128271329656144,False
2022,RS,PSB,80,23,11,0.4782608695652174,False,0.8119938974298792,False
2022,RS,PSB,90,23,15,0.6521739130434783,False,0.9003638070648985,False
2022,RS,PSB,95,23,19,0.8260869565217391,False,0.9530571529163244,True
2022,RS,PSC,50,29,8,0.27586206896551724,False,0.5067567567567568,False
2022,RS,PSC,60,29,10,0.3448275862068966,False,0.6013513513513513,False
2022,RS,PSC,70,29,13,0.4482758620689655,False,0.722972972972973,False
2022,RS,PSC,80,29,16,0.5517241379310345,False,0.8040540540540541,True
2022,RS,PSC,90,29,21,0.7241379310344828,False,0.9054054054054054,True
2022,RS,PSC,95,29,24,0.8275862068965517,False,0.9662162162162162,True
2022,RS,PSD,50,28,3,0.10714285714285714,False,0.5294628470248182,False
2022,RS,PSD,60,28,4,0.14285714285714285,False,0.6705203608279928,False
2022,RS,PSD,70,28,5,0.17857142857142858,False,0.7923786943616221,False
2022,RS,PSD,80,28,6,0.21428571428571427,False,0.8233214575619455,False
2022,RS,PSD,90,28,11,0.39285714285714285,False,0.9092157326564042,False
2022,RS,PSD,95,28,15,0.5357142857142857,False,0.9560849981901965,False
2022,RS,PSDB,50,23,3,0.13043478260869565,False,0.5445919662128842,False
2022,RS,PSDB,60,23,4,0.17391304347826086,False,0.6397614720974708,False
2022,RS,PSDB,70,23,5,0.21739130434782608,False,0.7317355161441471,False
2022,RS,PSDB,80,23,7,0.30434782608695654,False,0.8061970570876685,False
2022,RS,PSDB,90,23,11,0.4782608695652174,False,0.9174388540820739,False
2022,RS,PSDB,95,23,13,0.5652173913043478,False,0.9524088028585983,False
2022,RS,PSOL,50,30,3,0.1,False,0.5043176404741909,False
2022,RS,PSOL,60,30,5,0.16666666666666666,False,0.6414942024984024,False
2022,RS,PSOL,70,30,7,0.23333333333333334,False,0.7299279252171089,False
2022,RS,PSOL,80,30,9,0.3,False,0.8025990360559647,False
2022,RS,PSOL,90,30,16,0.5333333333333333,False,0.9078284731441125,False
2022,RS,PSOL,95,30,22,0.7333333333333333,False,0.9528493538044104,False
2022,RS,PSTU,50,3,1,0.3333333333333333,False,0.7272727272727273,False
2022,RS,PSTU,60,3,1,0.3333333333333333,False,0.7272727272727273,False
2022,RS,PSTU,70,3,1,0.3333333333333333,False,0.7272727272727273,False
2022,RS,PSTU,80,3,2,0.6666666666666666,False,1.0,False
2022,RS,PSTU,90,3,2,0.6666666666666666,False,1.0,False
2022,RS,PSTU,95,3,2,0.6666666666666666,False,1.0,False
2022,RS,PT,50,25,4,0.16,False,0.533258061272719,False
2022,RS,PT,60,25,5,0.2,False,0.6305633948185313,False
2022,RS,PT,70,25,6,0.24,False,0.7278621556602808,False
2022,RS,PT,80,25,7,0.28,False,0.8169777077474109,False
2022,RS,PT,90,25,10,0.4,False,0.9046725270219803,False
2022,RS,PT,95,25,14,0.56,False,0.9565240895241894,True
2022,RS,PTB,50,31,4,0.12903225806451613,False,0.5542176822663439,False
2022,RS,PTB,60,31,5,0.16129032258064516,False,0.6081144175863643,False
2022,RS,PTB,70,31,7,0.22580645161290322,False,0.7132239693877745,False
2022,RS,PTB,80,31,12,0.3870967741935484,False,0.8117581206263814,False
2022,RS,PTB,90,31,19,0.6129032258064516,False,0.9023658374900421,False
2022,RS,PTB,95,31,24,0.7741935483870968,False,0.952312632892095,False
2022,RS,PV,50,2,1,0.5,False,0.5295287292318805,False
2022,RS,PV,60,2,2,1.0,False,1.0,False
2022,RS,PV,70,2,2,1.0,False,1.0,False
2022,RS,PV,80,2,2,1.0,False,1.0,False
2022,RS,PV,90,2,2,1.0,False,1.0,False
2022,RS,PV,95,2,2,1.0,False,1.0,False
2022,RS,REDE,50,2,1,0.5,False,0.9,False
2022,RS,REDE,60,2,1,0.5,False,0.9,False
2022,RS,REDE,70,2,1,0.5,False,0.9,False
2022,RS,REDE,80,2,1,0.5,False,0.9,False
2022,RS,REDE,90,2,1,0.5,False,0.9,False
2022,RS,REDE,95,2,2,1.0,False,1.0,False
2022,RS,REPUBLICANOS,50,32,3,0.09375,False,0.6014579199201259,False
2022,RS,REPUBLICANOS,60,32,3,0.09375,False,0.6014579199201259,False
2022,RS,REPUBLICANOS,70,32,5,0.15625,False,0.7703406125137978,False
2022,RS,REPUBLICANOS,80,32,6,0.1875,False,0.8143456526348399,False
2022,RS,REPUBLICANOS,90,32,12,0.375,False,0.9068736762828166,False
2022,RS,REPUBLICANOS,95,32,18,0.5625,False,0.9532608198668544,False
2022,RS,SOLIDARIEDADE,50,25,7,0.28,False,0.5384546259057025,False
2022,RS,SOLIDARIEDADE,60,25,9,0.36,False,0.6499385882316346,False
2022,RS,SOLIDARIEDADE,70,25,11,0.44,False,0.7294194556638836,False
2022,RS,SOLIDARIEDADE,80,25,13,0.52,False,0.8024807341543096,False
2022,RS,SOLIDARIEDADE,90,25,18,0.72,False,0.9160177416579761,False
2022,RS,SOLIDARIEDADE,95,25,20,0.8,False,0.9529000923879046,False
2022,RS,UNIAO,50,28,3,0.10714285714285714,False,0.5089761384346858,False
2022,RS,UNIAO,60,28,5,0.17857142857142858,False,0.6889650452020271,False
2022,RS,UNIAO,70,28,6,0.21428571428571427,False,0.7359340275356079,False
2022,RS,UNIAO,80,28,8,0.2857142857142857,False,0.8190863124403437,False
2022,RS,UNIAO,90,28,12,0.42857142857142855,False,0.9102405105160858,False
2022,RS,UNIAO,95,28,16,0.5714285714285714,False,0.9524970545930108,False
2022,RS,UP,50,2,1,0.5,False,0.5084727018026763,False
2022,RS,UP,60,2,2,1.0,False,1.0,False
2022,RS,UP,70,2,2,1.0,False,1.0,False
2022,RS,UP,80,2,2,1.0,False,1.0,False
2022,RS,UP,90,2,2,1.0,False,1.0,False
2022,RS,UP,95,2,2,1.0,False,1.0,False
2022,SC,AVANTE,50,12,3,0.25,False,0.5485714285714286,False
2022,SC,AVANTE,60,12,4,0.3333333333333333,False,0.6593650793650794,False
2022,SC,AVANTE,70,12,5,0.4166666666666667,False,0.7638095238095238,False
2022,SC,AVANTE,80,12,6,0.5,False,0.8253968253968254,False
2022,SC,AVANTE,90,12,8,0.6666666666666666,False,0.9142857142857143,True
2022,SC,AVANTE,95,12,10,0.8333333333333334,False,0.9650793650793651,True
2022,SC,CIDADANIA,50,5,1,0.2,False,0.9340074719175139,False
2022,SC,CIDADANIA,60,5,1,0.2,False,0.9340074719175139,False
2022,SC,CIDADANIA,70,5,1,0.2,False,0.9340074719175139,False
2022,SC,CIDADANIA,80,5,1,0.2,False,0.9340074719175139,False
2022,SC,CIDADANIA,90,5,1,0.2,False,0.9340074719175139,False
2022,SC,CIDADANIA,95,5,2,0.4,False,0.9835009514572319,False
2022,SC,DC,50,2,1,0.5,False,0.6524390243902439,False
2022,SC,DC,60,2,1,0.5,False,0.6524390243902439,False
2022,SC,DC,70,2,2,1.0,False,1.0,False
2022,SC,DC,80,2,2,1.0,False,1.0,False
2022,SC,DC,90,2,2,1.0,False,1.0,False
2022,SC,DC,95,2,2,1.0,False,1.0,False
2022,SC,MDB,50,16,2,0.125,False,0.5644567772738602,False
2022,SC,MDB,60,16,3,0.1875,False,0.6959679914229638,False
2022,SC,MDB,70,16,4,0.25,False,0.7742484760355256,False
2022,SC,MDB,80,16,5,0.3125,False,0.8138073623735144,False
2022,SC,MDB,90,16,9,0.5625,False,0.9117553490620746,True
2022,SC,MDB,95,16,12,0.75,False,0.9643006546753489,False
2022,SC,NOVO,50,13,1,0.07692307692307693,False,0.5908302130843152,False
2022,SC,NOVO,60,13,2,0.15384615384615385,False,0.8026262535742205,False
2022,SC,NOVO,70,13,2,0.15384615384615385,False,0.8026262535742205,False
2022,SC,NOVO,80,13,2,0.15384615384615385,False,0.8026262535742205,False
2022,SC,NOVO,90,13,5,0.38461538461538464,False,0.916398803648125,False
2022,SC,NOVO,95,13,7,0.5384615384615384,False,0.9514449217933193,False
2022,SC,PATRIOTA,50,16,5,0.3125,False,0.5666820489155514,True
2022,SC,PATRIOTA,60,16,6,0.375,False,0.6589755422242732,False
2022,SC,PATRIOTA,70,16,7,0.4375,False,0.7281956622058144,False
2022,SC,PATRIOTA,80,16,9,0.5625,False,0.8412551915089986,True
2022,SC,PATRIOTA,90,16,11,0.6875,False,0.9270881402861099,False
2022,SC,PATRIOTA,95,16,13,0.8125,False,0.9676972773419474,False
2022,SC,PC DO B,50,2,1,0.5,False,0.9865035090876372,False
2022,SC,PC DO B,60,2,1,0.5,False,0.9865035090876372,False
2022,SC,PC DO B,70,2,1,0.5,False,0.9865035090876372,False
2022,SC,PC DO B,80,2,1,0.5,False,0.9865035090876372,False
2022,SC,PC DO B,90,2,1,0.5,False,0.9865035090876372,False
2022,SC,PC DO B,95,2,1,0.5,False,0.9865035090876372,False
2022,SC,PCO,50,1,1,1.0,False,1.0,False
2022,SC,PCO,60,1,1,1.0,False,1.0,False
2022,SC,PCO,70,1,1,1.0,False,1.0,False
2022,SC,PCO,80,1,1,1.0,False,1.0,False
2022,SC,PCO,90,1,1,1.0,False,1.0,False
2022,SC,PCO,95,1,1,1.0,False,1.0,False
2022,SC,PDT,50,12,4,0.3333333333333333,False,0.560281026942466,False
2022,SC,PDT,60,12,5,0.4166666666666667,False,0.6762583603725941,False
2022,SC,PDT,70,12,6,0.5,False,0.7454992233380622,False
2022,SC,PDT,80,12,7,0.5833333333333334,False,0.8078987399265631,False
2022,SC,PDT,90,12,10,0.8333333333333334,False,0.9336961150318019,False
2022,SC,PDT,95,12,11,0.9166666666666666,False,0.9700577800983962,False
2022,SC,PL,50,15,2,0.13333333333333333,False,0.5244061320668091,True
2022,SC,PL,60,15,3,0.2,False,0.6731316374742989,False
2022,SC,PL,70,15,4,0.26666666666666666,False,0.7846757665299163,False
2022,SC,PL,80,15,5,0.3333333333333333,False,0.8590385192336613,True
2022,SC,PL,90,15,6,0.4,False,0.9334012719374062,False
2022,SC,PL,95,15,7,0.4666666666666667,False,0.9652133809146283,False
2022,SC,PODE,50,16,4,0.25,False,0.6012608353033885,False
2022,SC,PODE,60,16,4,0.25,False,0.6012608353033885,False
2022,SC,PODE,70,16,6,0.375,False,0.7588652482269503,False
2022,SC,PODE,80,16,7,0.4375,False,0.814026792750197,False
2022,SC,PODE,90,16,10,0.625,False,0.9243498817966903,False
2022,SC,PODE,95,16,12,0.75,False,0.9637509850275807,False
2022,SC,PP,50,17,2,0.11764705882352941,False,0.5338289962825279,True
2022,SC,PP,60,17,3,0.17647058823529413,False,0.6513011152416357,False
2022,SC,PP,70,17,4,0.23529411764705882,False,0.7256505576208179,False
2022,SC,PP,80,17,6,0.35294117647058826,False,0.8364312267657993,False
2022,SC,PP,90,17,10,0.5882352941176471,False,0.9107806691449815,True
2022,SC,PP,95,17,13,0.7647058823529411,False,0.9553903345724907,True
2022,SC,PROS,50,13,0,0.0,True,,False
2022,SC,PROS,60,13,0,0.0,True,,False
2022,SC,PROS,70,13,0,0.0,True,,False
2022,SC,PROS,80,13,0,0.0,True,,False
2022,SC,PROS,90,13,0,0.0,True,,False
2022,SC,PROS,95,13,0,0.0,True,,False
2022,SC,PRTB,50,3,1,0.3333333333333333,False,0.5454545454545454,False
2022,SC,PRTB,60,3,2,0.6666666666666666,False,0.8181818181818182,False
2022,SC,PRTB,70,3,2,0.6666666666666666,False,0.8181818181818182,False
2022,SC,PRTB,80,3,2,0.6666666666666666,False,0.8181818181818182,False
2022,SC,PRTB,90,3,3,1.0,False,1.0,False
2022,SC,PRTB,95,3,3,1.0,False,1.0,False
2022,SC,PSB,50,17,3,0.17647058823529413,False,0.5771623400934714,False
2022,SC,PSB,60,17,4,0.23529411764705882,False,0.6332630285664311,False
2022,SC,PSB,70,17,6,0.35294117647058826,False,0.7329754391349576,False
2022,SC,PSB,80,17,8,0.47058823529411764,False,0.8092222226645714,False
2022,SC,PSB,90,17,12,0.7058823529411765,False,0.9099148942540392,False
2022,SC,PSB,95,17,14,0.8235294117647058,False,0.9505504883325856,False
2022,SC,PSC,50,15,3,0.2,False,0.5303030303030303,False
2022,SC,PSC,60,15,5,0.3333333333333333,False,0.6666666666666666,False
2022,SC,PSC,70,15,6,0.4,False,0.7196969696969697,False
2022,SC,PSC,80,15,8,0.5333333333333333,False,0.8106060606060606,True
2022,SC,PSC,90,15,11,0.7333333333333333,False,0.9166666666666666,True
2022,SC,PSC,95,15,13,0.8666666666666667,False,0.9772727272727273,False
2022,SC,PSD,50,13,3,0.23076923076923078,False,0.5577696299838816,False
2022,SC,PSD,60,13,4,0.3076923076923077,False,0.6907469401491401,False
2022,SC,PSD,70,13,5,0.38461538461538464,False,0.8215101758860726,True
2022,SC,PSD,80,13,5,0.38461538461538464,False,0.8215101758860726,True
2022,SC,PSD,90,13,6,0.46153846153846156,False,0.9522734116230052,False
2022,SC,PSD,95,13,6,0.46153846153846156,False,0.9522734116230052,False
2022,SC,PSDB,50,9,1,0.1111111111111111,False,0.7524572536411853,False
2022,SC,PSDB,60,9,1,0.1111111111111111,False,0.7524572536411853,False
2022,SC,PSDB,70,9,1,0.1111111111111111,False,0.7524572536411853,False
2022,SC,PSDB,80,9,2,0.2222222222222222,False,0.81298346478527,False
2022,SC,PSDB,90,9,4,0.4444444444444444,False,0.9094471137961547,False
2022,SC,PSDB,95,9,6,0.6666666666666666,False,0.9657175757191708,False
2022,SC,PSOL,50,11,3,0.2727272727272727,False,0.6074999942587491,False
2022,SC,PSOL,60,11,3,0.2727272727272727,False,0.6074999942587491,False
2022,SC,PSOL,70,11,4,0.36363636363636365,False,0.7425000370571642,False
2022,SC,PSOL,80,11,5,0.45454545454545453,False,0.8230000144053201,False
2022,SC,PSOL,90,11,6,0.5454545454545454,False,0.9015000113781153,False
2022,SC,PSOL,95,11,9,0.8181818181818182,False,0.9690000014614092,False
2022,SC,PSTU,50,1,1,1.0,False,1.0,False
2022,SC,PSTU,60,1,1,1.0,False,1.0,False
2022,SC,PSTU,70,1,1,1.0,False,1.0,False
2022,SC,PSTU,80,1,1,1.0,False,1.0,False
2022,SC,PSTU,90,1,1,1.0,False,1.0,False
2022,SC,PSTU,95,1,1,1.0,False,1.0,False
2022,SC,PT,50,13,2,0.15384615384615385,False,0.5660313697869214,False
2022,SC,PT,60,13,3,0.23076923076923078,False,0.6421727489545577,False
2022,SC,PT,70,13,4,0.3076923076923077,False,0.714384309002393,False
2022,SC,PT,80,13,6,0.46153846153846156,False,0.8026313640772564,False
2022,SC,PT,90,13,9,0.6923076923076923,False,0.9037729382676846,False
2022,SC,PT,95,13,11,0.8461538461538461,False,0.9518864691338423,True
2022,SC,PTB,50,17,3,0.17647058823529413,False,0.5168274330209516,False
2022,SC,PTB,60,17,5,0.29411764705882354,False,0.6812957809750801,False
2022,SC,PTB,70,17,6,0.35294117647058826,False,0.7567291014138288,False
2022,SC,PTB,80,17,7,0.4117647058823529,False,0.8148670401936683,False
2022,SC,PTB,90,17,11,0.6470588235294118,False,0.907570785030635,False
2022,SC,PTB,95,17,14,0.8235294117647058,False,0.9608794938667532,False
2022,SC,PV,50,2,1,0.5,False,0.6600097401711488,False
2022,SC,PV,60,2,1,0.5,False,0.6600097401711488,False
2022,SC,PV,70,2,2,1.0,False,1.0,False
2022,SC,PV,80,2,2,1.0,False,1.0,False
2022,SC,PV,90,2,2,1.0,False,1.0,False
2022,SC,PV,95,2,2,1.0,False,1.0,False
2022,SC,REDE,50,6,3,0.5,False,0.5006918727194528,True
2022,SC,REDE,60,6,4,0.6666666666666666,False,0.6675891636259371,False
2022,SC,REDE,70,6,5,0.8333333333333334,False,0.8344862876351304,False
2022,SC,REDE,80,6,5,0.8333333333333334,False,0.8344862876351304,False
2022,SC,REDE,90,6,6,1.0,False,1.0,False
2022,SC,REDE,95,6,6,1.0,False,1.0,False
2022,SC,REPUBLICANOS,50,16,4,0.25,False,0.5205088965791661,False
2022,SC,REPUBLICANOS,60,16,5,0.3125,False,0.6189538078784713,False
2022,SC,REPUBLICANOS,70,16,7,0.4375,False,0.7525615466345994,False
2022,SC,REPUBLICANOS,80,16,8,0.5,False,0.8081187644912705,False
2022,SC,REPUBLICANOS,90,16,11,0.6875,False,0.9264908545654147,True
2022,SC,REPUBLICANOS,95,16,12,0.75,False,0.9562701183202454,False
2022,SC,SOLIDARIEDADE,50,12,1,0.08333333333333333,False,0.6535947712418301,False
2022,SC,SOLIDARIEDADE,60,12,1,0.08333333333333333,False,0.6535947712418301,False
2022,SC,SOLIDARIEDADE,70,12,2,0.16666666666666666,False,0.7546048722519311,False
2022,SC,SOLIDARIEDADE,80,12,3,0.25,False,0.8259061200237671,False
2022,SC,SOLIDARIEDADE,90,12,6,0.5,False,0.9215686274509803,False
2022,SC,SOLIDARIEDADE,95,12,8,0.6666666666666666,False,0.9691027926322044,False
2022,SC,UNIAO,50,16,4,0.25,False,0.5186295432165999,False
2022,SC,UNIAO,60,16,6,0.375,False,0.6553732774184937,False
2022,SC,UNIAO,70,16,7,0.4375,False,0.721981867130671,False
2022,SC,UNIAO,80,16,9,0.5625,False,0.8131556741997623,False
2022,SC,UNIAO,90,16,12,0.75,False,0.9213463569815373,False
2022,SC,UNIAO,95,16,13,0.8125,False,0.9528050388310177,False
2022,SC,UP,50,1,1,1.0,False,1.0,False
2022,SC,UP,60,1,1,1.0,False,1.0,False
2022,SC,UP,70,1,1,1.0,False,1.0,False
2022,SC,UP,80,1,1,1.0,False,1.0,False
2022,SC,UP,90,1,1,1.0,False,1.0,False
2022,SC,UP,95,1,1,1.0,False,1.0,False
2022,SE,CIDADANIA,50,5,1,0.2,False,0.609515643374559,False
2022,SE,CIDADANIA,60,5,1,0.2,False,0.609515643374559,False
2022,SE,CIDADANIA,70,5,2,0.4,False,0.7817380015368713,True
2022,SE,CIDADANIA,80,5,3,0.6,False,0.9539603596991838,False
2022,SE,CIDADANIA,90,5,3,0.6,False,0.9539603596991838,False
2022,SE,CIDADANIA,95,5,3,0.6,False,0.9539603596991838,False
2022,SE,DC,50,9,5,0.5555555555555556,False,0.6176800675771955,False
2022,SE,DC,60,9,5,0.5555555555555556,False,0.6176800675771955,False
2022,SE,DC,70,9,6,0.6666666666666666,False,0.7239452567473257,True
2022,SE,DC,80,9,7,0.7777777777777778,False,0.8302104459174559,False
2022,SE,DC,90,9,8,0.8888888888888888,False,0.9241386270119039,False
2022,SE,DC,95,9,9,1.0,False,1.0,False
2022,SE,MDB,50,9,0,0.0,True,,False
2022,SE,MDB,60,9,0,0.0,True,,False
2022,SE,MDB,70,9,0,0.0,True,,False
2022,SE,MDB,80,9,0,0.0,True,,False
2022,SE,MDB,90,9,0,0.0,True,,False
2022,SE,MDB,95,9,0,0.0,True,,False
2022,SE,PATRIOTA,50,8,3,0.375,False,0.6436781609195402,False
2022,SE,PATRIOTA,60,8,3,0.375,False,0.6436781609195402,False
2022,SE,PATRIOTA,70,8,4,0.5,False,0.7586206896551724,False
2022,SE,PATRIOTA,80,8,5,0.625,False,0.8620689655172413,False
2022,SE,PATRIOTA,90,8,6,0.75,False,0.9540229885057471,False
2022,SE,PATRIOTA,95,8,6,0.75,False,0.9540229885057471,False
2022,SE,PC DO B,50,2,1,0.5,False,0.6050228310502284,False
2022,SE,PC DO B,60,2,1,0.5,False,0.6050228310502284,False
2022,SE,PC DO B,70,2,2,1.0,False,1.0,False
2022,SE,PC DO B,80,2,2,1.0,False,1.0,False
2022,SE,PC DO B,90,2,2,1.0,False,1.0,False
2022,SE,PC DO B,95,2,2,1.0,False,1.0,False
2022,SE,PDT,50,9,2,0.2222222222222222,False,0.5352036886621151,False
2022,SE,PDT,60,9,3,0.3333333333333333,False,0.7218015095506274,False
2022,SE,PDT,70,9,3,0.3333333333333333,False,0.7218015095506274,False
2022,SE,PDT,80,9,5,0.5555555555555556,False,0.8629174494124182,False
2022,SE,PDT,90,9,6,0.6666666666666666,False,0.9080122281022653,False
2022,SE,PDT,95,9,8,0.8888888888888888,False,0.9737899218661141,False
2022,SE,PL,50,7,2,0.2857142857142857,False,0.6893382352941176,False
2022,SE,PL,60,7,2,0.2857142857142857,False,0.6893382352941176,False
2022,SE,PL,70,7,3,0.42857142857142855,False,0.8272058823529411,False
2022,SE,PL,80,7,3,0.42857142857142855,False,0.8272058823529411,False
2022,SE,PL,90,7,5,0.7142857142857143,False,0.9310661764705882,True
2022,SE,PL,95,7,6,0.8571428571428571,False,0.9770220588235294,False
2022,SE,PMN,50,8,4,0.5,False,0.6159985850431121,True
2022,SE,PMN,60,8,4,0.5,False,0.6159985850431121,True
2022,SE,PMN,70,8,5,0.625,False,0.7323864054688348,True
2022,SE,PMN,80,8,6,0.75,False,0.8487742258945575,False
2022,SE,PMN,90,8,7,0.875,False,0.9306269618680968,False
2022,SE,PMN,95,8,8,1.0,False,1.0,False
2022,SE,PODE,50,7,1,0.14285714285714285,False,0.9780123131046614,False
2022,SE,PODE,60,7,1,0.14285714285714285,False,0.9780123131046614,False
2022,SE,PODE,70,7,1,0.14285714285714285,False,0.9780123131046614,False
2022,SE,PODE,80,7,1,0.14285714285714285,False,0.9780123131046614,False
2022,SE,PODE,90,7,1,0.14285714285714285,False,0.9780123131046614,False
2022,SE,PODE,95,7,1,0.14285714285714285,False,0.9780123131046614,False
2022,SE,PP,50,9,4,0.4444444444444444,False,0.592433361994841,True
2022,SE,PP,60,9,5,0.5555555555555556,False,0.6973344797936372,True
2022,SE,PP,70,9,6,0.6666666666666666,False,0.8022355975924333,False
2022,SE,PP,80,9,6,0.6666666666666666,False,0.8022355975924333,False
2022,SE,PP,90,9,7,0.7777777777777778,False,0.9054170249355116,False
2022,SE,PP,95,9,8,0.8888888888888888,False,0.9742046431642304,False
2022,SE,PROS,50,5,0,0.0,True,,False
2022,SE,PROS,60,5,0,0.0,True,,False
2022,SE,PROS,70,5,0,0.0,True,,False
2022,SE,PROS,80,5,0,0.0,True,,False
2022,SE,PROS,90,5,0,0.0,True,,False
2022,SE,PROS,95,5,0,0.0,True,,False
2022,SE,PSB,50,9,2,0.2222222222222222,False,0.7176581680830972,False
2022,SE,PSB,60,9,2,0.2222222222222222,False,0.7176581680830972,False
2022,SE,PSB,70,9,2,0.2222222222222222,False,0.7176581680830972,False
2022,SE,PSB,80,9,3,0.3333333333333333,False,1.0,False
2022,SE,PSB,90,9,3,0.3333333333333333,False,1.0,False
2022,SE,PSB,95,9,3,0.3333333333333333,False,1.0,False
2022,SE,PSD,50,9,2,0.2222222222222222,False,0.6005741192296603,False
2022,SE,PSD,60,9,2,0.2222222222222222,False,0.6005741192296603,False
2022,SE,PSD,70,9,3,0.3333333333333333,False,0.8075798424888136,False
2022,SE,PSD,80,9,3,0.3333333333333333,False,0.8075798424888136,False
2022,SE,PSD,90,9,6,0.6666666666666666,False,0.9216077034985646,False
2022,SE,PSD,95,9,7,0.7777777777777778,False,0.9551147719363091,False
2022,SE,PSDB,50,4,1,0.25,False,0.6234413965087282,False
2022,SE,PSDB,60,4,1,0.25,False,0.6234413965087282,False
2022,SE,PSDB,70,4,2,0.5,False,0.8312551953449709,False
2022,SE,PSDB,80,4,2,0.5,False,0.8312551953449709,False
2022,SE,PSDB,90,4,3,0.75,False,0.9995843724023276,False
2022,SE,PSDB,95,4,3,0.75,False,0.9995843724023276,False
2022,SE,PSOL,50,7,2,0.2857142857142857,False,0.5999999666813449,False
2022,SE,PSOL,60,7,3,0.42857142857142855,False,0.6838095034216802,False
2022,SE,PSOL,70,7,4,0.5714285714285714,False,0.7638095100854111,True
2022,SE,PSOL,80,7,5,0.7142857142857143,False,0.8438095167491422,True
2022,SE,PSOL,90,7,6,0.8571428571428571,False,0.923809523412873,False
2022,SE,PSOL,95,7,7,1.0,False,1.0,False
2022,SE,PT,50,5,1,0.2,False,0.5503497680606165,False
2022,SE,PT,60,5,2,0.4,False,0.8625251968754133,False
2022,SE,PT,70,5,2,0.4,False,0.8625251968754133,False
2022,SE,PT,80,5,2,0.4,False,0.8625251968754133,False
2022,SE,PT,90,5,3,0.6,False,0.9655424996579255,False
2022,SE,PT,95,5,3,0.6,False,0.9655424996579255,False
2022,SE,PTB,50,9,0,0.0,True,,False
2022,SE,PTB,60,9,0,0.0,True,,False
2022,SE,PTB,70,9,0,0.0,True,,False
2022,SE,PTB,80,9,0,0.0,True,,False
2022,SE,PTB,90,9,0,0.0,True,,False
2022,SE,PTB,95,9,0,0.0,True,,False
2022,SE,PV,50,2,1,0.5,False,0.6009777450913142,False
2022,SE,PV,60,2,1,0.5,False,0.6009777450913142,False
2022,SE,PV,70,2,2,1.0,False,1.0,False
2022,SE,PV,80,2,2,1.0,False,1.0,False
2022,SE,PV,90,2,2,1.0,False,1.0,False
2022,SE,PV,95,2,2,1.0,False,1.0,False
2022,SE,REDE,50,1,1,1.0,False,1.0,False
2022,SE,REDE,60,1,1,1.0,False,1.0,False
2022,SE,REDE,70,1,1,1.0,False,1.0,False
2022,SE,REDE,80,1,1,1.0,False,1.0,False
2022,SE,REDE,90,1,1,1.0,False,1.0,False
2022,SE,REDE,95,1,1,1.0,False,1.0,False
2022,SE,REPUBLICANOS,50,9,2,0.2222222222222222,False,0.5019132065134964,False
2022,SE,REPUBLICANOS,60,9,3,0.3333333333333333,False,0.6180065786010283,False
2022,SE,REPUBLICANOS,70,9,4,0.4444444444444444,False,0.7324191433869552,False
2022,SE,REPUBLICANOS,80,9,5,0.5555555555555556,False,0.8341909723805347,False
2022,SE,REPUBLICANOS,90,9,6,0.6666666666666666,False,0.9230813014734455,False
2022,SE,REPUBLICANOS,95,9,7,0.7777777777777778,False,0.9918018793046947,False
2022,SE,SOLIDARIEDADE,50,4,2,0.5,False,0.5939849624060151,True
2022,SE,SOLIDARIEDADE,60,4,3,0.75,False,0.8195488721804511,False
2022,SE,SOLIDARIEDADE,70,4,3,0.75,False,0.8195488721804511,False
2022,SE,SOLIDARIEDADE,80,4,3,0.75,False,0.8195488721804511,False
2022,SE,SOLIDARIEDADE,90,4,4,1.0,False,1.0,False
2022,SE,SOLIDARIEDADE,95,4,4,1.0,False,1.0,False
2022,SE,UNIAO,50,9,3,0.3333333333333333,False,0.6218857667364098,False
2022,SE,UNIAO,60,9,3,0.3333333333333333,False,0.6218857667364098,False
2022,SE,UNIAO,70,9,4,0.4444444444444444,False,0.7068552573574413,True
2022,SE,UNIAO,80,9,6,0.6666666666666666,False,0.8767942385995043,False
2022,SE,UNIAO,90,9,7,0.7777777777777778,False,0.9405213565652779,False
2022,SE,UNIAO,95,9,8,0.8888888888888888,False,0.9830061018757937,False
2022,SE,UP,50,2,1,0.5,False,0.5854725592108069,False
2022,SE,UP,60,2,2,1.0,False,1.0,False
2022,SE,UP,70,2,2,1.0,False,1.0,False
2022,SE,UP,80,2,2,1.0,False,1.0,False
2022,SE,UP,90,2,2,1.0,False,1.0,False
2022,SE,UP,95,2,2,1.0,False,1.0,False
2022,SP,AGIR,50,68,1,0.014705882352941176,False,0.7000618346067811,False
2022,SP,AGIR,60,68,1,0.014705882352941176,False,0.7000618346067811,False
2022,SP,AGIR,70,68,1,0.014705882352941176,False,0.7000618346067811,False
2022,SP,AGIR,80,68,5,0.07352941176470588,False,0.8128205179669348,False
2022,SP,AGIR,90,68,12,0.17647058823529413,False,0.9007722909878547,False
2022,SP,AGIR,95,68,23,0.3382352941176471,False,0.9503861432387536,True
2022,SP,AVANTE,50,70,4,0.05714285714285714,False,0.5143021374562818,False
2022,SP,AVANTE,60,70,6,0.08571428571428572,False,0.6564468555455852,False
2022,SP,AVANTE,70,70,7,0.1,False,0.7066110938280926,False
2022,SP,AVANTE,80,70,11,0.15714285714285714,False,0.8181648300845902,False
2022,SP,AVANTE,90,70,17,0.24285714285714285,False,0.9025908587912568,False
2022,SP,AVANTE,95,70,26,0.37142857142857144,False,0.951567377822364,False
2022,SP,CIDADANIA,50,9,2,0.2222222222222222,False,0.5562172837085967,False
2022,SP,CIDADANIA,60,9,3,0.3333333333333333,False,0.7507444218015503,False
2022,SP,CIDADANIA,70,9,3,0.3333333333333333,False,0.7507444218015503,False
2022,SP,CIDADANIA,80,9,4,0.4444444444444444,False,0.9393871139671922,False
2022,SP,CIDADANIA,90,9,4,0.4444444444444444,False,0.9393871139671922,False
2022,SP,CIDADANIA,95,9,5,0.5555555555555556,False,0.9891462707928915,False
2022,SP,DC,50,16,7,0.4375,False,0.5475761390622481,True
2022,SP,DC,60,16,8,0.5,False,0.6103519490398415,True
2022,SP,DC,70,16,10,0.625,False,0.7286191328418679,True
2022,SP,DC,80,16,12,0.75,False,0.8396018804907344,True
2022,SP,DC,90,16,14,0.875,False,0.9505846281396011,False
2022,SP,DC,95,16,14,0.875,False,0.9505846281396011,False
2022,SP,MDB,50,66,8,0.12121212121212122,False,0.5087811864023517,True
2022,SP,MDB,60,66,11,0.16666666666666666,False,0.621843672269541,False
2022,SP,MDB,70,66,15,0.22727272727272727,False,0.7211502223562222,False
2022,SP,MDB,80,66,20,0.30303030303030304,False,0.8116002110499736,True
2022,SP,MDB,90,66,28,0.42424242424242425,False,0.9074771990653501,False
2022,SP,MDB,95,66,35,0.5303030303030303,False,0.9521368809828898,True
2022,SP,NOVO,50,56,3,0.05357142857142857,False,0.5669651706425646,False
2022,SP,NOVO,60,56,4,0.07142857142857142,False,0.7161584497877156,False
2022,SP,NOVO,70,56,4,0.07142857142857142,False,0.7161584497877156,False
2022,SP,NOVO,80,56,20,0.35714285714285715,False,0.805197128211136,True
2022,SP,NOVO,90,56,38,0.6785714285714286,False,0.9025985641055682,True
2022,SP,NOVO,95,56,47,0.8392857142857143,False,0.9512992820527839,True
2022,SP,PATRIOTA,50,70,12,0.17142857142857143,False,0.5203711239605558,False
2022,SP,PATRIOTA,60,70,16,0.22857142857142856,False,0.6128556769558519,False
2022,SP,PATRIOTA,70,70,21,0.3,False,0.7006213020472845,False
2022,SP,PATRIOTA,80,70,30,0.42857142857142855,False,0.8086102375931958,False
2022,SP,PATRIOTA,90,70,41,0.5857142857142857,False,0.9028804453159536,False
2022,SP,PATRIOTA,95,70,49,0.7,False,0.9507606226591501,False
2022,SP,PC DO B,50,2,1,0.5,False,0.5345265325215808,False
2022,SP,PC DO B,60,2,2,1.0,False,1.0,False
2022,SP,PC DO B,70,2,2,1.0,False,1.0,False
2022,SP,PC DO B,80,2,2,1.0,False,1.0,False
2022,SP,PC DO B,90,2,2,1.0,False,1.0,False
2022,SP,PC DO B,95,2,2,1.0,False,1.0,False
2022,SP,PCB,50,9,0,0.0,True,,False
2022,SP,PCB,60,9,0,0.0,True,,False
2022,SP,PCB,70,9,0,0.0,True,,False
2022,SP,PCB,80,9,0,0.0,True,,False
2022,SP,PCB,90,9,0,0.0,True,,False
2022,SP,PCB,95,9,0,0.0,True,,False
2022,SP,PCO,50,9,5,0.5555555555555556,False,0.5555555555555556,True
2022,SP,PCO,60,9,6,0.6666666666666666,False,0.6666666666666666,True
2022,SP,PCO,70,9,7,0.7777777777777778,False,0.7777777777777777,True
2022,SP,PCO,80,9,8,0.8888888888888888,False,0.8888888888888888,True
2022,SP,PCO,90,9,9,1.0,False,1.0,False
2022,SP,PCO,95,9,9,1.0,False,1.0,False
2022,SP,PDT,50,45,2,0.044444444444444446,False,0.5288938366562089,False
2022,SP,PDT,60,45,4,0.08888888888888889,False,0.6503390345106771,False
2022,SP,PDT,70,45,6,0.13333333333333333,False,0.7186519583038155,True
2022,SP,PDT,80,45,10,0.2222222222222222,False,0.8097358566946665,True
2022,SP,PDT,90,45,18,0.4,False,0.9068920149782411,True
2022,SP,PDT,95,45,26,0.5777777777777777,False,0.9504098775427592,True
2022,SP,PL,50,70,8,0.11428571428571428,False,0.5006871600830146,False
2022,SP,PL,60,70,14,0.2,False,0.6045998919439323,False
2022,SP,PL,70,70,21,0.3,False,0.7147363260733941,True
2022,SP,PL,80,70,27,0.38571428571428573,False,0.8057288001969167,True
2022,SP,PL,90,70,38,0.5428571428571428,False,0.9058754037193711,True
2022,SP,PL,95,70,46,0.6571428571428571,False,0.9525628774311766,False
2022,SP,PMB,50,26,0,0.0,True,,False
2022,SP,PMB,60,26,0,0.0,True,,False
2022,SP,PMB,70,26,0,0.0,True,,False
2022,SP,PMB,80,26,0,0.0,True,,False
2022,SP,PMB,90,26,0,0.0,True,,False
2022,SP,PMB,95,26,0,0.0,True,,False
2022,SP,PMN,50,47,11,0.23404255319148937,False,0.5146443514644352,True
2022,SP,PMN,60,47,15,0.3191489361702128,False,0.6150627615062764,True
2022,SP,PMN,70,47,19,0.40425531914893614,False,0.702928870292887,True
2022,SP,PMN,80,47,24,0.5106382978723404,False,0.803347280334728,True
2022,SP,PMN,90,47,30,0.6382978723404256,False,0.9037656903765691,True
2022,SP,PMN,95,47,34,0.723404255319149,False,0.9623430962343096,True
2022,SP,PODE,50,71,9,0.1267605633802817,False,0.5245146551393315,False
2022,SP,PODE,60,71,13,0.18309859154929578,False,0.6079263020500928,True
2022,SP,PODE,70,71,19,0.2676056338028169,False,0.7019470667131855,False
2022,SP,PODE,80,71,28,0.39436619718309857,False,0.8082451955004352,True
2022,SP,PODE,90,71,41,0.5774647887323944,False,0.9009463354745527,False
2022,SP,PODE,95,71,52,0.7323943661971831,False,0.9535260704712946,True
2022,SP,PP,50,65,4,0.06153846153846154,False,0.6283867760377827,False
2022,SP,PP,60,65,4,0.06153846153846154,False,0.6283867760377827,False
2022,SP,PP,70,65,5,0.07692307692307693,False,0.7526721352224708,False
2022,SP,PP,80,65,7,0.1076923076923077,False,0.8148148148148148,True
2022,SP,PP,90,65,14,0.2153846153846154,False,0.9052324136216754,True
2022,SP,PP,95,65,21,0.3230769230769231,False,0.9530822769077802,True
2022,SP,PROS,50,59,3,0.05084745762711865,False,0.5286024619840695,False
2022,SP,PROS,60,59,4,0.06779661016949153,False,0.6299782766111514,False
2022,SP,PROS,70,59,5,0.0847457627118644,False,0.7023895727733527,False
2022,SP,PROS,80,59,8,0.13559322033898305,False,0.832729905865315,False
2022,SP,PROS,90,59,12,0.2033898305084746,False,0.9138305575669804,True
2022,SP,PROS,95,59,15,0.2542372881355932,False,0.9500362056480811,False
2022,SP,PRTB,50,59,13,0.22033898305084745,False,0.5027114573217505,True
2022,SP,PRTB,60,59,21,0.3559322033898305,False,0.6083624592108966,True
2022,SP,PRTB,70,59,30,0.5084745762711864,False,0.707955785706214,True
2022,SP,PRTB,80,59,39,0.6610169491525424,False,0.8075491122015299,True
2022,SP,PRTB,90,59,48,0.8135593220338984,False,0.9071424386968474,True
2022,SP,PRTB,95,59,52,0.8813559322033898,False,0.9514061393614333,True
2022,SP,PSB,50,67,5,0.07462686567164178,False,0.5159701385339927,False
2022,SP,PSB,60,67,9,0.13432835820895522,False,0.6110715085310078,False
2022,SP,PSB,70,67,15,0.22388059701492538,False,0.7029880223211719,False
2022,SP,PSB,80,67,25,0.373134328358209,False,0.8010078885661047,True
2022,SP,PSB,90,67,40,0.5970149253731343,False,0.9018880256522344,True
2022,SP,PSB,95,67,53,0.7910447761194029,False,0.9521830855560007,True
2022,SP,PSC,50,59,3,0.05084745762711865,False,0.5062413314840499,False
2022,SP,PSC,60,59,6,0.1016949152542373,False,0.6061026352288488,False
2022,SP,PSC,70,59,11,0.1864406779661017,False,0.7142857142857143,False
2022,SP,PSC,80,59,18,0.3050847457627119,False,0.8044382801664356,True
2022,SP,PSC,90,59,29,0.4915254237288136,False,0.9056865464632455,True
2022,SP,PSC,95,59,38,0.6440677966101694,False,0.9514563106796117,True
2022,SP,PSD,50,48,7,0.14583333333333334,False,0.5321712130642243,False
2022,SP,PSD,60,48,9,0.1875,False,0.6310613597896598,False
2022,SP,PSD,70,48,11,0.22916666666666666,False,0.7164185374920383,False
2022,SP,PSD,80,48,15,0.3125,False,0.813672617906962,False
2022,SP,PSD,90,48,22,0.4583333333333333,False,0.9099898383739082,True
2022,SP,PSD,95,48,28,0.5833333333333334,False,0.95470769001022,False
2022,SP,PSDB,50,43,5,0.11627906976744186,False,0.5185891847096424,False
2022,SP,PSDB,60,43,7,0.16279069767441862,False,0.6570504932438909,False
2022,SP,PSDB,70,43,8,0.18604651162790697,False,0.7124772611080545,False
2022,SP,PSDB,80,43,10,0.23255813953488372,False,0.8011355720788241,False
2022,SP,PSDB,90,43,13,0.3023255813953488,False,0.9018413318042751,False
2022,SP,PSDB,95,43,17,0.3953488372093023,False,0.9526293754534136,True
2022,SP,PSOL,50,38,4,0.10526315789473684,False,0.5024551331619238,False
2022,SP,PSOL,60,38,6,0.15789473684210525,False,0.6620689447186136,False
2022,SP,PSOL,70,38,7,0.18421052631578946,False,0.7193592215368417,False
2022,SP,PSOL,80,38,10,0.2631578947368421,False,0.8070473270648552,False
2022,SP,PSOL,90,38,17,0.4473684210526316,False,0.9020389573660204,False
2022,SP,PSOL,95,38,22,0.5789473684210527,False,0.9566004124594742,False
2022,SP,PSTU,50,9,2,0.2222222222222222,False,0.7868529059631582,False
2022,SP,PSTU,60,9,2,0.2222222222222222,False,0.7868529059631582,False
2022,SP,PSTU,70,9,2,0.2222222222222222,False,0.7868529059631582,False
2022,SP,PSTU,80,9,3,0.3333333333333333,False,0.8319645445188935,False
2022,SP,PSTU,90,9,5,0.5555555555555556,False,0.9159822722594467,True
2022,SP,PSTU,95,9,6,0.6666666666666666,False,0.9579911361297234,True
2022,SP,PT,50,57,12,0.21052631578947367,False,0.5211977245665433,False
2022,SP,PT,60,57,15,0.2631578947368421,False,0.628823040910759,False
2022,SP,PT,70,57,18,0.3157894736842105,False,0.7296389080230992,False
2022,SP,PT,80,57,21,0.3684210526315789,False,0.8206411341822183,False
2022,SP,PT,90,57,25,0.43859649122807015,False,0.906802561425233,False
2022,SP,PT,95,57,30,0.5263157894736842,False,0.9523671596494646,False
2022,SP,PTB,50,70,2,0.02857142857142857,False,0.5675456939005353,False
2022,SP,PTB,60,70,3,0.04285714285714286,False,0.7139113793806978,False
2022,SP,PTB,70,70,3,0.04285714285714286,False,0.7139113793806978,False
2022,SP,PTB,80,70,8,0.11428571428571428,False,0.8039825704454132,False
2022,SP,PTB,90,70,23,0.32857142857142857,False,0.9030608806166001,True
2022,SP,PTB,95,70,39,0.5571428571428572,False,0.9515867348027155,True
2022,SP,PV,50,11,2,0.18181818181818182,False,0.717859397286164,False
2022,SP,PV,60,11,2,0.18181818181818182,False,0.717859397286164,False
2022,SP,PV,70,11,2,0.18181818181818182,False,0.717859397286164,False
2022,SP,PV,80,11,3,0.2727272727272727,False,0.8005837810722493,False
2022,SP,PV,90,11,5,0.45454545454545453,False,0.9052052022840245,False
2022,SP,PV,95,11,7,0.6363636363636364,False,0.9553714159342864,False
2022,SP,REDE,50,21,1,0.047619047619047616,False,0.5520307836758431,False
2022,SP,REDE,60,21,2,0.09523809523809523,False,0.745741832590865,False
2022,SP,REDE,70,21,2,0.09523809523809523,False,0.745741832590865,False
2022,SP,REDE,80,21,3,0.14285714285714285,False,0.8135470213216955,False
2022,SP,REDE,90,21,5,0.23809523809523808,False,0.9097525087023104,False
2022,SP,REDE,95,21,9,0.42857142857142855,False,0.9529799743158975,True
2022,SP,REPUBLICANOS,50,68,7,0.10294117647058823,False,0.5185305625554222,False
2022,SP,REPUBLICANOS,60,68,9,0.1323529411764706,False,0.6186060245802886,False
2022,SP,REPUBLICANOS,70,68,11,0.16176470588235295,False,0.7064977874836484,False
2022,SP,REPUBLICANOS,80,68,15,0.22058823529411764,False,0.8019380069467212,True
2022,SP,REPUBLICANOS,90,68,23,0.3382352941176471,False,0.9001746330326363,False
2022,SP,REPUBLICANOS,95,68,37,0.5441176470588235,False,0.9506805391855314,False
2022,SP,SOLIDARIEDADE,50,54,5,0.09259259259259259,False,0.5178855294598367,False
2022,SP,SOLIDARIEDADE,60,54,7,0.12962962962962962,False,0.6094197131490733,False
2022,SP,SOLIDARIEDADE,70,54,11,0.2037037037037037,False,0.705506077755367,False
2022,SP,SOLIDARIEDADE,80,54,17,0.3148148148148148,False,0.802246267981717,False
2022,SP,SOLIDARIEDADE,90,54,29,0.5370370370370371,False,0.9046686609443476,False
2022,SP,SOLIDARIEDADE,95,54,39,0.7222222222222222,False,0.9528750374109873,False
2022,SP,UNIAO,50,66,14,0.21212121212121213,False,0.5055286248277386,False
2022,SP,UNIAO,60,66,17,0.25757575757575757,False,0.6001427486973603,True
2022,SP,UNIAO,70,66,22,0.3333333333333333,False,0.7153900502539087,False
2022,SP,UNIAO,80,66,29,0.4393939393939394,False,0.8096935778002895,False
2022,SP,UNIAO,90,66,40,0.6060606060606061,False,0.9007581481043202,False
2022,SP,UNIAO,95,66,50,0.7575757575757576,False,0.9526412693202112,False
2022,SP,UP,50,1,1,1.0,False,1.0,False
2022,SP,UP,60,1,1,1.0,False,1.0,False
2022,SP,UP,70,1,1,1.0,False,1.0,False
2022,SP,UP,80,1,1,1.0,False,1.0,False
2022,SP,UP,90,1,1,1.0,False,1.0,False
2022,SP,UP,95,1,1,1.0,False,1.0,False
2022,TO,AVANTE,50,9,3,0.3333333333333333,False,0.5620728327830682,False
2022,TO,AVANTE,60,9,4,0.4444444444444444,False,0.6744482926796378,True
2022,TO,AVANTE,70,9,5,0.5555555555555556,False,0.7868237525762074,False
2022,TO,AVANTE,80,9,6,0.6666666666666666,False,0.8738772755094167,False
2022,TO,AVANTE,90,9,7,0.7777777777777778,False,0.9207753007729184,False
2022,TO,AVANTE,95,9,8,0.8888888888888888,False,0.9625415133678101,False
2022,TO,CIDADANIA,50,2,1,0.5,False,0.7717391304347826,False
2022,TO,CIDADANIA,60,2,1,0.5,False,0.7717391304347826,False
2022,TO,CIDADANIA,70,2,1,0.5,False,0.7717391304347826,False
2022,TO,CIDADANIA,80,2,2,1.0,False,1.0,False
2022,TO,CIDADANIA,90,2,2,1.0,False,1.0,False
2022,TO,CIDADANIA,95,2,2,1.0,False,1.0,False
2022,TO,DC,50,8,3,0.375,False,0.5728705508420114,False
2022,TO,DC,60,8,4,0.5,False,0.681829728744823,False
2022,TO,DC,70,8,5,0.625,False,0.7758947459146905,True
2022,TO,DC,80,8,6,0.75,False,0.869959763084558,True
2022,TO,DC,90,8,7,0.875,False,0.9640247802544256,False
2022,TO,DC,95,8,7,0.875,False,0.9640247802544256,False
2022,TO,MDB,50,8,1,0.125,False,0.5570321151716501,False
2022,TO,MDB,60,8,2,0.25,False,0.6921373200442967,False
2022,TO,MDB,70,8,3,0.375,False,0.7829457364341085,True
2022,TO,MDB,80,8,4,0.5,False,0.8737541528239202,False
2022,TO,MDB,90,8,5,0.625,False,0.9424141749723145,False
2022,TO,MDB,95,8,6,0.75,False,0.982281284606866,False
2022,TO,PATRIOTA,50,9,2,0.2222222222222222,False,0.6976744186046512,False
2022,TO,PATRIOTA,60,9,2,0.2222222222222222,False,0.6976744186046512,False
2022,TO,PATRIOTA,70,9,3,0.3333333333333333,False,0.8604651162790697,False
2022,TO,PATRIOTA,80,9,3,0.3333333333333333,False,0.8604651162790697,False
2022,TO,PATRIOTA,90,9,4,0.4444444444444444,False,0.9302325581395349,True
2022,TO,PATRIOTA,95,9,5,0.5555555555555556,False,1.0,False
2022,TO,PC DO B,50,2,1,0.5,False,0.781021897810219,False
2022,TO,PC DO B,60,2,1,0.5,False,0.781021897810219,False
2022,TO,PC DO B,70,2,1,0.5,False,0.781021897810219,False
2022,TO,PC DO B,80,2,2,1.0,False,1.0,False
2022,TO,PC DO B,90,2,2,1.0,False,1.0,False
2022,TO,PC DO B,95,2,2,1.0,False,1.0,False
2022,TO,PDT,50,6,2,0.3333333333333333,False,0.5807526317291217,False
2022,TO,PDT,60,6,3,0.5,False,0.7044573744349418,False
2022,TO,PDT,70,6,3,0.5,False,0.7044573744349418,False
2022,TO,PDT,80,6,4,0.6666666666666666,False,0.8223345632776695,False
2022,TO,PDT,90,6,5,0.8333333333333334,False,0.9392457015732628,False
2022,TO,PDT,95,6,6,1.0,False,1.0,False
2022,TO,PL,50,9,2,0.2222222222222222,False,0.5808458866578747,True
2022,TO,PL,60,9,3,0.3333333333333333,False,0.6971320838828315,False
2022,TO,PL,70,9,4,0.4444444444444444,False,0.8133904192284117,False
2022,TO,PL,80,9,4,0.4444444444444444,False,0.8133904192284117,False
2022,TO,PL,90,9,6,0.6666666666666666,False,0.9530341586641158,False
2022,TO,PL,95,9,6,0.6666666666666666,False,0.9530341586641158,False
2022,TO,PMB,50,2,0,0.0,True,,False
2022,TO,PMB,60,2,0,0.0,True,,False
2022,TO,PMB,70,2,0,0.0,True,,False
2022,TO,PMB,80,2,0,0.0,True,,False
2022,TO,PMB,90,2,0,0.0,True,,False
2022,TO,PMB,95,2,0,0.0,True,,False
2022,TO,PODE,50,9,3,0.3333333333333333,False,0.5687009642977121,False
2022,TO,PODE,60,9,4,0.4444444444444444,False,0.6724988930628681,False
2022,TO,PODE,70,9,5,0.5555555555555556,False,0.7591767109095471,False
2022,TO,PODE,80,9,6,0.6666666666666666,False,0.8327373413814273,False
2022,TO,PODE,90,9,8,0.8888888888888888,False,0.9476054810547697,False
2022,TO,PODE,95,9,9,1.0,False,1.0,False
2022,TO,PP,50,9,2,0.2222222222222222,False,0.512621359223301,False
2022,TO,PP,60,9,3,0.3333333333333333,False,0.6097087378640775,True
2022,TO,PP,70,9,4,0.4444444444444444,False,0.7067961165048544,True
2022,TO,PP,80,9,5,0.5555555555555556,False,0.8038834951456311,False
2022,TO,PP,90,9,7,0.7777777777777778,False,0.9300970873786408,False
2022,TO,PP,95,9,8,0.8888888888888888,False,0.9757281553398058,False
2022,TO,PRTB,50,4,1,0.25,False,0.9656477703192984,False
2022,TO,PRTB,60,4,1,0.25,False,0.9656477703192984,False
2022,TO,PRTB,70,4,1,0.25,False,0.9656477703192984,False
2022,TO,PRTB,80,4,1,0.25,False,0.9656477703192984,False
2022,TO,PRTB,90,4,1,0.25,False,0.9656477703192984,False
2022,TO,PRTB,95,4,1,0.25,False,0.9656477703192984,False
2022,TO,PSB,50,8,3,0.375,False,0.6155507559395248,False
2022,TO,PSB,60,8,3,0.375,False,0.6155507559395248,False
2022,TO,PSB,70,8,4,0.5,False,0.7235421166306696,False
2022,TO,PSB,80,8,5,0.625,False,0.8228941684665226,False
2022,TO,PSB,90,8,6,0.75,False,0.9157667386609071,False
2022,TO,PSB,95,8,7,0.875,False,1.0,False
2022,TO,PSC,50,9,1,0.1111111111111111,False,0.7160689513128763,False
2022,TO,PSC,60,9,1,0.1111111111111111,False,0.7160689513128763,False
2022,TO,PSC,70,9,1,0.1111111111111111,False,0.7160689513128763,False
2022,TO,PSC,80,9,2,0.2222222222222222,False,0.8127759269620696,False
2022,TO,PSC,90,9,4,0.4444444444444444,False,0.909740156060753,False
2022,TO,PSC,95,9,6,0.6666666666666666,False,0.9645407755952958,False
2022,TO,PSD,50,9,3,0.3333333333333333,False,0.6038415366146459,True
2022,TO,PSD,60,9,3,0.3333333333333333,False,0.6038415366146459,True
2022,TO,PSD,70,9,4,0.4444444444444444,False,0.723889555822329,False
2022,TO,PSD,80,9,5,0.5555555555555556,False,0.8079231692677071,False
2022,TO,PSD,90,9,7,0.7777777777777778,False,0.9459783913565426,False
2022,TO,PSD,95,9,8,0.8888888888888888,False,0.9759903961584634,False
2022,TO,PSDB,50,5,2,0.4,False,0.5151515151515151,False
2022,TO,PSDB,60,5,3,0.6,False,0.7272727272727273,False
2022,TO,PSDB,70,5,3,0.6,False,0.7272727272727273,False
2022,TO,PSDB,80,5,4,0.8,False,0.8939393939393939,False
2022,TO,PSDB,90,5,5,1.0,False,1.0,False
2022,TO,PSDB,95,5,5,1.0,False,1.0,False
2022,TO,PSOL,50,3,2,0.6666666666666666,False,0.7700022372026615,False
2022,TO,PSOL,60,3,2,0.6666666666666666,False,0.7700022372026615,False
2022,TO,PSOL,70,3,2,0.6666666666666666,False,0.7700022372026615,False
2022,TO,PSOL,80,3,3,1.0,False,1.0,False
2022,TO,PSOL,90,3,3,1.0,False,1.0,False
2022,TO,PSOL,95,3,3,1.0,False,1.0,False
2022,TO,PT,50,5,1,0.2,False,0.5031771077808105,False
2022,TO,PT,60,5,2,0.4,False,0.7892778135465263,False
2022,TO,PT,70,5,2,0.4,False,0.7892778135465263,False
2022,TO,PT,80,5,3,0.6,False,0.903837263846334,False
2022,TO,PT,90,5,3,0.6,False,0.903837263846334,False
2022,TO,PT,95,5,4,0.8,False,0.9608640027281592,False
2022,TO,PTB,50,9,3,0.3333333333333333,False,0.5192824083664231,True
2022,TO,PTB,60,9,4,0.4444444444444444,False,0.6195399035473539,False
2022,TO,PTB,70,9,5,0.5555555555555556,False,0.7185120436552599,False
2022,TO,PTB,80,9,6,0.6666666666666666,False,0.8072013663153139,False
2022,TO,PTB,90,9,8,0.8888888888888888,False,0.9548841271685812,False
2022,TO,PTB,95,9,8,0.8888888888888888,False,0.9548841271685812,False
2022,TO,PV,50,2,1,0.5,False,0.8333477784037309,False
2022,TO,PV,60,2,1,0.5,False,0.8333477784037309,False
2022,TO,PV,70,2,1,0.5,False,0.8333477784037309,False
2022,TO,PV,80,2,1,0.5,False,0.8333477784037309,False
2022,TO,PV,90,2,2,1.0,False,1.0,False
2022,TO,PV,95,2,2,1.0,False,1.0,False
2022,TO,REDE,50,2,1,0.5,False,0.5,True
2022,TO,REDE,60,2,2,1.0,False,1.0,False
2022,TO,REDE,70,2,2,1.0,False,1.0,False
2022,TO,REDE,80,2,2,1.0,False,1.0,False
2022,TO,REDE,90,2,2,1.0,False,1.0,False
2022,TO,REDE,95,2,2,1.0,False,1.0,False
2022,TO,REPUBLICANOS,50,9,3,0.3333333333333333,False,0.5249176964040835,False
2022,TO,REPUBLICANOS,60,9,4,0.4444444444444444,False,0.6392127751421152,False
2022,TO,REPUBLICANOS,70,9,5,0.5555555555555556,False,0.7535078209495156,False
2022,TO,REPUBLICANOS,80,9,6,0.6666666666666666,False,0.8382333330904699,False
2022,TO,REPUBLICANOS,90,9,8,0.8888888888888888,False,0.951566214450886,False
2022,TO,REPUBLICANOS,95,9,8,0.8888888888888888,False,0.951566214450886,False
2022,TO,UNIAO,50,7,3,0.42857142857142855,False,0.6517863035144364,False
2022,TO,UNIAO,60,7,3,0.42857142857142855,False,0.6517863035144364,False
2022,TO,UNIAO,70,7,4,0.5714285714285714,False,0.834654093155321,False
2022,TO,UNIAO,80,7,4,0.5714285714285714,False,0.834654093155321,False
2022,TO,UNIAO,90,7,6,0.8571428571428571,False,0.9472210753550043,False
2022,TO,UNIAO,95,7,7,1.0,False,1.0,False
