ano_eleicao,sg_uf,sg_partido_norm,regra,desfecho,n,k,total,hits,expected
2018,AC,AVANTE,top_necr,competitividade,9,6.0,0.0,0.0,0.0
2018,AC,AVANTE,top_necr,eleicao,9,6.0,0.0,0.0,0.0
2018,AC,AVANTE,nucleo_80,competitividade,9,5.0,0.0,0.0,0.0
2018,AC,AVANTE,nucleo_80,eleicao,9,5.0,0.0,0.0,0.0
2018,AC,AVANTE,acima_divisao_igual,competitividade,9,5.0,0.0,0.0,0.0
2018,AC,AVANTE,acima_divisao_igual,eleicao,9,5.0,0.0,0.0,0.0
2018,AC,DC,top_necr,competitividade,3,3.0,0.0,0.0,0.0
2018,AC,DC,top_necr,eleicao,3,3.0,0.0,0.0,0.0
2018,AC,DC,nucleo_80,competitividade,3,3.0,0.0,0.0,0.0
2018,AC,DC,nucleo_80,eleicao,3,3.0,0.0,0.0,0.0
2018,AC,DC,acima_divisao_igual,competitividade,3,1.0,0.0,0.0,0.0
2018,AC,DC,acima_divisao_igual,eleicao,3,1.0,0.0,0.0,0.0
2018,AC,DEM,top_necr,competitividade,1,1.0,1.0,1.0,1.0
2018,AC,DEM,top_necr,eleicao,1,1.0,1.0,1.0,1.0
2018,AC,DEM,nucleo_80,competitividade,1,1.0,1.0,1.0,1.0
2018,AC,DEM,nucleo_80,eleicao,1,1.0,1.0,1.0,1.0
2018,AC,DEM,acima_divisao_igual,competitividade,1,0.0,1.0,0.0,0.0
2018,AC,DEM,acima_divisao_igual,eleicao,1,0.0,1.0,0.0,0.0
2018,AC,MDB,top_necr,competitividade,3,2.0,2.0,2.0,1.3333333333333333
2018,AC,MDB,top_necr,eleicao,3,2.0,2.0,2.0,1.3333333333333333
2018,AC,MDB,nucleo_80,competitividade,3,2.0,2.0,2.0,1.3333333333333333
2018,AC,MDB,nucleo_80,eleicao,3,2.0,2.0,2.0,1.3333333333333333
2018,AC,MDB,acima_divisao_igual,competitividade,3,2.0,2.0,2.0,1.3333333333333333
2018,AC,MDB,acima_divisao_igual,eleicao,3,2.0,2.0,2.0,1.3333333333333333
2018,AC,PATRI,top_necr,competitividade,1,0.0,0.0,0.0,0.0
2018,AC,PATRI,top_necr,eleicao,1,0.0,0.0,0.0,0.0
2018,AC,PATRI,nucleo_80,competitividade,1,0.0,0.0,0.0,0.0
2018,AC,PATRI,nucleo_80,eleicao,1,0.0,0.0,0.0,0.0
2018,AC,PATRI,acima_divisao_igual,competitividade,1,0.0,0.0,0.0,0.0
2018,AC,PATRI,acima_divisao_igual,eleicao,1,0.0,0.0,0.0,0.0
2018,AC,PC DO B,top_necr,competitividade,1,1.0,1.0,1.0,1.0
2018,AC,PC DO B,top_necr,eleicao,1,1.0,1.0,1.0,1.0
2018,AC,PC DO B,nucleo_80,competitividade,1,1.0,1.0,1.0,1.0
2018,AC,PC DO B,nucleo_80,eleicao,1,1.0,1.0,1.0,1.0
2018,AC,PC DO B,acima_divisao_igual,competitividade,1,0.0,1.0,0.0,0.0
2018,AC,PC DO B,acima_divisao_igual,eleicao,1,0.0,1.0,0.0,0.0
2018,AC,PDT,top_necr,competitividade,16,7.0,4.0,2.0,1.75
2018,AC,PDT,top_necr,eleicao,16,7.0,1.0,1.0,0.4375
2018,AC,PDT,nucleo_80,competitividade,16,6.0,4.0,2.0,1.5
2018,AC,PDT,nucleo_80,eleicao,16,6.0,1.0,1.0,0.375
2018,AC,PDT,acima_divisao_igual,competitividade,16,6.0,4.0,2.0,1.5
2018,AC,PDT,acima_divisao_igual,eleicao,16,6.0,1.0,1.0,0.375
2018,AC,PHS,top_necr,competitividade,2,2.0,0.0,0.0,0.0
2018,AC,PHS,top_necr,eleicao,2,2.0,0.0,0.0,0.0
2018,AC,PHS,nucleo_80,competitividade,2,2.0,0.0,0.0,0.0
2018,AC,PHS,nucleo_80,eleicao,2,2.0,0.0,0.0,0.0
2018,AC,PHS,acima_divisao_igual,competitividade,2,1.0,0.0,0.0,0.0
2018,AC,PHS,acima_divisao_igual,eleicao,2,1.0,0.0,0.0,0.0
2018,AC,PMB,top_necr,competitividade,1,1.0,0.0,0.0,0.0
2018,AC,PMB,top_necr,eleicao,1,1.0,0.0,0.0,0.0
2018,AC,PMB,nucleo_80,competitividade,1,1.0,0.0,0.0,0.0
2018,AC,PMB,nucleo_80,eleicao,1,1.0,0.0,0.0,0.0
2018,AC,PMB,acima_divisao_igual,competitividade,1,0.0,0.0,0.0,0.0
2018,AC,PMB,acima_divisao_igual,eleicao,1,0.0,0.0,0.0,0.0
2018,AC,PMN,top_necr,competitividade,1,1.0,0.0,0.0,0.0
2018,AC,PMN,top_necr,eleicao,1,1.0,0.0,0.0,0.0
2018,AC,PMN,nucleo_80,competitividade,1,1.0,0.0,0.0,0.0
2018,AC,PMN,nucleo_80,eleicao,1,1.0,0.0,0.0,0.0
2018,AC,PMN,acima_divisao_igual,competitividade,1,0.0,0.0,0.0,0.0
2018,AC,PMN,acima_divisao_igual,eleicao,1,0.0,0.0,0.0,0.0
2018,AC,PODE,top_necr,competitividade,2,1.0,0.0,0.0,0.0
2018,AC,PODE,top_necr,eleicao,2,1.0,0.0,0.0,0.0
2018,AC,PODE,nucleo_80,competitividade,2,1.0,0.0,0.0,0.0
2018,AC,PODE,nucleo_80,eleicao,2,1.0,0.0,0.0,0.0
2018,AC,PODE,acima_divisao_igual,competitividade,2,1.0,0.0,0.0,0.0
2018,AC,PODE,acima_divisao_igual,eleicao,2,1.0,0.0,0.0,0.0
2018,AC,PP,top_necr,competitividade,3,2.0,1.0,1.0,0.6666666666666666
2018,AC,PP,top_necr,eleicao,3,2.0,0.0,0.0,0.0
2018,AC,PP,nucleo_80,competitividade,3,2.0,1.0,1.0,0.6666666666666666
2018,AC,PP,nucleo_80,eleicao,3,2.0,0.0,0.0,0.0
2018,AC,PP,acima_divisao_igual,competitividade,3,1.0,1.0,1.0,0.3333333333333333
2018,AC,PP,acima_divisao_igual,eleicao,3,1.0,0.0,0.0,0.0
2018,AC,PPL,top_necr,competitividade,1,1.0,1.0,1.0,1.0
2018,AC,PPL,top_necr,eleicao,1,1.0,0.0,0.0,0.0
2018,AC,PPL,nucleo_80,competitividade,1,1.0,1.0,1.0,1.0
2018,AC,PPL,nucleo_80,eleicao,1,1.0,0.0,0.0,0.0
2018,AC,PPL,acima_divisao_igual,competitividade,1,0.0,1.0,0.0,0.0
2018,AC,PPL,acima_divisao_igual,eleicao,1,0.0,0.0,0.0,0.0
2018,AC,PPS,top_necr,competitividade,1,1.0,0.0,0.0,0.0
2018,AC,PPS,top_necr,eleicao,1,1.0,0.0,0.0,0.0
2018,AC,PPS,nucleo_80,competitividade,1,1.0,0.0,0.0,0.0
2018,AC,PPS,nucleo_80,eleicao,1,1.0,0.0,0.0,0.0
2018,AC,PPS,acima_divisao_igual,competitividade,1,0.0,0.0,0.0,0.0
2018,AC,PPS,acima_divisao_igual,eleicao,1,0.0,0.0,0.0,0.0
2018,AC,PR,top_necr,competitividade,1,1.0,1.0,1.0,1.0
2018,AC,PR,top_necr,eleicao,1,1.0,0.0,0.0,0.0
2018,AC,PR,nucleo_80,competitividade,1,1.0,1.0,1.0,1.0
2018,AC,PR,nucleo_80,eleicao,1,1.0,0.0,0.0,0.0
2018,AC,PR,acima_divisao_igual,competitividade,1,0.0,1.0,0.0,0.0
2018,AC,PR,acima_divisao_igual,eleicao,1,0.0,0.0,0.0,0.0
2018,AC,PROS,top_necr,competitividade,2,1.0,1.0,1.0,0.5
2018,AC,PROS,top_necr,eleicao,2,1.0,0.0,0.0,0.0
2018,AC,PROS,nucleo_80,competitividade,2,1.0,1.0,1.0,0.5
2018,AC,PROS,nucleo_80,eleicao,2,1.0,0.0,0.0,0.0
2018,AC,PROS,acima_divisao_igual,competitividade,2,1.0,1.0,1.0,0.5
2018,AC,PROS,acima_divisao_igual,eleicao,2,1.0,0.0,0.0,0.0
2018,AC,PRP,top_necr,competitividade,3,2.0,1.0,1.0,0.6666666666666666
2018,AC,PRP,top_necr,eleicao,3,2.0,0.0,0.0,0.0
2018,AC,PRP,nucleo_80,competitividade,3,2.0,1.0,1.0,0.6666666666666666
2018,AC,PRP,nucleo_80,eleicao,3,2.0,0.0,0.0,0.0
2018,AC,PRP,acima_divisao_igual,competitividade,3,2.0,1.0,1.0,0.6666666666666666
2018,AC,PRP,acima_divisao_igual,eleicao,3,2.0,0.0,0.0,0.0
2018,AC,PRTB,top_necr,competitividade,2,1.0,0.0,0.0,0.0
2018,AC,PRTB,top_necr,eleicao,2,1.0,0.0,0.0,0.0
2018,AC,PRTB,nucleo_80,competitividade,2,1.0,0.0,0.0,0.0
2018,AC,PRTB,nucleo_80,eleicao,2,1.0,0.0,0.0,0.0
2018,AC,PRTB,acima_divisao_igual,competitividade,2,1.0,0.0,0.0,0.0
2018,AC,PRTB,acima_divisao_igual,eleicao,2,1.0,0.0,0.0,0.0
2018,AC,PSB,top_necr,competitividade,1,1.0,1.0,1.0,1.0
2018,AC,PSB,top_necr,eleicao,1,1.0,0.0,0.0,0.0
2018,AC,PSB,nucleo_80,competitividade,1,1.0,1.0,1.0,1.0
2018,AC,PSB,nucleo_80,eleicao,1,1.0,0.0,0.0,0.0
2018,AC,PSB,acima_divisao_igual,competitividade,1,0.0,1.0,0.0,0.0
2018,AC,PSB,acima_divisao_igual,eleicao,1,0.0,0.0,0.0,0.0
2018,AC,PSC,top_necr,competitividade,1,1.0,1.0,1.0,1.0
2018,AC,PSC,top_necr,eleicao,1,1.0,0.0,0.0,0.0
2018,AC,PSC,nucleo_80,competitividade,1,1.0,1.0,1.0,1.0
2018,AC,PSC,nucleo_80,eleicao,1,1.0,0.0,0.0,0.0
2018,AC,PSC,acima_divisao_igual,competitividade,1,0.0,1.0,0.0,0.0
2018,AC,PSC,acima_divisao_igual,eleicao,1,0.0,0.0,0.0,0.0
2018,AC,PSD,top_necr,competitividade,1,1.0,0.0,0.0,0.0
2018,AC,PSD,top_necr,eleicao,1,1.0,0.0,0.0,0.0
2018,AC,PSD,nucleo_80,competitividade,1,1.0,0.0,0.0,0.0
2018,AC,PSD,nucleo_80,eleicao,1,1.0,0.0,0.0,0.0
2018,AC,PSD,acima_divisao_igual,competitividade,1,0.0,0.0,0.0,0.0
2018,AC,PSD,acima_divisao_igual,eleicao,1,0.0,0.0,0.0,0.0
2018,AC,PSDB,top_necr,competitividade,1,1.0,0.0,0.0,0.0
2018,AC,PSDB,top_necr,eleicao,1,1.0,1.0,1.0,1.0
2018,AC,PSDB,nucleo_80,competitividade,1,1.0,0.0,0.0,0.0
2018,AC,PSDB,nucleo_80,eleicao,1,1.0,1.0,1.0,1.0
2018,AC,PSDB,acima_divisao_igual,competitividade,1,0.0,0.0,0.0,0.0
2018,AC,PSDB,acima_divisao_igual,eleicao,1,0.0,1.0,0.0,0.0
2018,AC,PSL,top_necr,competitividade,8,5.0,3.0,1.0,1.875
2018,AC,PSL,top_necr,eleicao,8,5.0,0.0,0.0,0.0
2018,AC,PSL,nucleo_80,competitividade,8,4.0,3.0,0.0,1.5
2018,AC,PSL,nucleo_80,eleicao,8,4.0,0.0,0.0,0.0
2018,AC,PSL,acima_divisao_igual,competitividade,8,4.0,3.0,0.0,1.5
2018,AC,PSL,acima_divisao_igual,eleicao,8,4.0,0.0,0.0,0.0
2018,AC,PSOL,top_necr,competitividade,4,3.0,1.0,1.0,0.75
2018,AC,PSOL,top_necr,eleicao,4,3.0,0.0,0.0,0.0
2018,AC,PSOL,nucleo_80,competitividade,4,3.0,1.0,1.0,0.75
2018,AC,PSOL,nucleo_80,eleicao,4,3.0,0.0,0.0,0.0
2018,AC,PSOL,acima_divisao_igual,competitividade,4,1.0,1.0,0.0,0.25
2018,AC,PSOL,acima_divisao_igual,eleicao,4,1.0,0.0,0.0,0.0
2018,AC,PT,top_necr,competitividade,5,3.0,3.0,3.0,1.8
2018,AC,PT,top_necr,eleicao,5,3.0,1.0,1.0,0.6
2018,AC,PT,nucleo_80,competitividade,5,3.0,3.0,3.0,1.8
2018,AC,PT,nucleo_80,eleicao,5,3.0,1.0,1.0,0.6
2018,AC,PT,acima_divisao_igual,competitividade,5,3.0,3.0,3.0,1.8
2018,AC,PT,acima_divisao_igual,eleicao,5,3.0,1.0,1.0,0.6
2018,AC,PTB,top_necr,competitividade,1,1.0,0.0,0.0,0.0
2018,AC,PTB,top_necr,eleicao,1,1.0,0.0,0.0,0.0
2018,AC,PTB,nucleo_80,competitividade,1,1.0,0.0,0.0,0.0
2018,AC,PTB,nucleo_80,eleicao,1,1.0,0.0,0.0,0.0
2018,AC,PTB,acima_divisao_igual,competitividade,1,0.0,0.0,0.0,0.0
2018,AC,PTB,acima_divisao_igual,eleicao,1,0.0,0.0,0.0,0.0
2018,AC,PTC,top_necr,competitividade,1,1.0,0.0,0.0,0.0
2018,AC,PTC,top_necr,eleicao,1,1.0,0.0,0.0,0.0
2018,AC,PTC,nucleo_80,competitividade,1,1.0,0.0,0.0,0.0
2018,AC,PTC,nucleo_80,eleicao,1,1.0,0.0,0.0,0.0
2018,AC,PTC,acima_divisao_igual,competitividade,1,0.0,0.0,0.0,0.0
2018,AC,PTC,acima_divisao_igual,eleicao,1,0.0,0.0,0.0,0.0
2018,AC,PV,top_necr,competitividade,2,1.0,1.0,1.0,0.5
2018,AC,PV,top_necr,eleicao,2,1.0,0.0,0.0,0.0
2018,AC,PV,nucleo_80,competitividade,2,1.0,1.0,1.0,0.5
2018,AC,PV,nucleo_80,eleicao,2,1.0,0.0,0.0,0.0
2018,AC,PV,acima_divisao_igual,competitividade,2,1.0,1.0,1.0,0.5
2018,AC,PV,acima_divisao_igual,eleicao,2,1.0,0.0,0.0,0.0
2018,AC,REDE,top_necr,competitividade,2,1.0,0.0,0.0,0.0
2018,AC,REDE,top_necr,eleicao,2,1.0,0.0,0.0,0.0
2018,AC,REDE,nucleo_80,competitividade,2,1.0,0.0,0.0,0.0
2018,AC,REDE,nucleo_80,eleicao,2,1.0,0.0,0.0,0.0
2018,AC,REDE,acima_divisao_igual,competitividade,2,1.0,0.0,0.0,0.0
2018,AC,REDE,acima_divisao_igual,eleicao,2,1.0,0.0,0.0,0.0
2018,AC,SOLIDARIEDADE,top_necr,competitividade,1,1.0,1.0,1.0,1.0
2018,AC,SOLIDARIEDADE,top_necr,eleicao,1,1.0,1.0,1.0,1.0
2018,AC,SOLIDARIEDADE,nucleo_80,competitividade,1,1.0,1.0,1.0,1.0
2018,AC,SOLIDARIEDADE,nucleo_80,eleicao,1,1.0,1.0,1.0,1.0
2018,AC,SOLIDARIEDADE,acima_divisao_igual,competitividade,1,0.0,1.0,0.0,0.0
2018,AC,SOLIDARIEDADE,acima_divisao_igual,eleicao,1,0.0,1.0,0.0,0.0
2018,AL,AVANTE,top_necr,competitividade,1,1.0,1.0,1.0,1.0
2018,AL,AVANTE,top_necr,eleicao,1,1.0,0.0,0.0,0.0
2018,AL,AVANTE,nucleo_80,competitividade,1,1.0,1.0,1.0,1.0
2018,AL,AVANTE,nucleo_80,eleicao,1,1.0,0.0,0.0,0.0
2018,AL,AVANTE,acima_divisao_igual,competitividade,1,0.0,1.0,0.0,0.0
2018,AL,AVANTE,acima_divisao_igual,eleicao,1,0.0,0.0,0.0,0.0
2018,AL,DC,top_necr,competitividade,2,2.0,0.0,0.0,0.0
2018,AL,DC,top_necr,eleicao,2,2.0,0.0,0.0,0.0
2018,AL,DC,nucleo_80,competitividade,2,2.0,0.0,0.0,0.0
2018,AL,DC,nucleo_80,eleicao,2,2.0,0.0,0.0,0.0
2018,AL,DC,acima_divisao_igual,competitividade,2,1.0,0.0,0.0,0.0
2018,AL,DC,acima_divisao_igual,eleicao,2,1.0,0.0,0.0,0.0
2018,AL,DEM,top_necr,competitividade,2,0.0,0.0,0.0,0.0
2018,AL,DEM,top_necr,eleicao,2,0.0,0.0,0.0,0.0
2018,AL,DEM,nucleo_80,competitividade,2,0.0,0.0,0.0,0.0
2018,AL,DEM,nucleo_80,eleicao,2,0.0,0.0,0.0,0.0
2018,AL,DEM,acima_divisao_igual,competitividade,2,0.0,0.0,0.0,0.0
2018,AL,DEM,acima_divisao_igual,eleicao,2,0.0,0.0,0.0,0.0
2018,AL,MDB,top_necr,competitividade,3,2.0,1.0,0.0,0.6666666666666666
2018,AL,MDB,top_necr,eleicao,3,2.0,1.0,0.0,0.6666666666666666
2018,AL,MDB,nucleo_80,competitividade,3,2.0,1.0,0.0,0.6666666666666666
2018,AL,MDB,nucleo_80,eleicao,3,2.0,1.0,0.0,0.6666666666666666
2018,AL,MDB,acima_divisao_igual,competitividade,3,2.0,1.0,0.0,0.6666666666666666
2018,AL,MDB,acima_divisao_igual,eleicao,3,2.0,1.0,0.0,0.6666666666666666
2018,AL,NOVO,top_necr,competitividade,3,2.0,0.0,0.0,0.0
2018,AL,NOVO,top_necr,eleicao,3,2.0,0.0,0.0,0.0
2018,AL,NOVO,nucleo_80,competitividade,3,2.0,0.0,0.0,0.0
2018,AL,NOVO,nucleo_80,eleicao,3,2.0,0.0,0.0,0.0
2018,AL,NOVO,acima_divisao_igual,competitividade,3,1.0,0.0,0.0,0.0
2018,AL,NOVO,acima_divisao_igual,eleicao,3,1.0,0.0,0.0,0.0
2018,AL,PATRI,top_necr,competitividade,3,0.0,0.0,0.0,0.0
2018,AL,PATRI,top_necr,eleicao,3,0.0,0.0,0.0,0.0
2018,AL,PATRI,nucleo_80,competitividade,3,0.0,0.0,0.0,0.0
2018,AL,PATRI,nucleo_80,eleicao,3,0.0,0.0,0.0,0.0
2018,AL,PATRI,acima_divisao_igual,competitividade,3,0.0,0.0,0.0,0.0
2018,AL,PATRI,acima_divisao_igual,eleicao,3,0.0,0.0,0.0,0.0
2018,AL,PC DO B,top_necr,competitividade,4,2.0,0.0,0.0,0.0
2018,AL,PC DO B,top_necr,eleicao,4,2.0,0.0,0.0,0.0
2018,AL,PC DO B,nucleo_80,competitividade,4,2.0,0.0,0.0,0.0
2018,AL,PC DO B,nucleo_80,eleicao,4,2.0,0.0,0.0,0.0
2018,AL,PC DO B,acima_divisao_igual,competitividade,4,2.0,0.0,0.0,0.0
2018,AL,PC DO B,acima_divisao_igual,eleicao,4,2.0,0.0,0.0,0.0
2018,AL,PDT,top_necr,competitividade,2,1.0,1.0,1.0,0.5
2018,AL,PDT,top_necr,eleicao,2,1.0,0.0,0.0,0.0
2018,AL,PDT,nucleo_80,competitividade,2,1.0,1.0,1.0,0.5
2018,AL,PDT,nucleo_80,eleicao,2,1.0,0.0,0.0,0.0
2018,AL,PDT,acima_divisao_igual,competitividade,2,1.0,1.0,1.0,0.5
2018,AL,PDT,acima_divisao_igual,eleicao,2,1.0,0.0,0.0,0.0
2018,AL,PHS,top_necr,competitividade,6,4.0,0.0,0.0,0.0
2018,AL,PHS,top_necr,eleicao,6,4.0,0.0,0.0,0.0
2018,AL,PHS,nucleo_80,competitividade,6,4.0,0.0,0.0,0.0
2018,AL,PHS,nucleo_80,eleicao,6,4.0,0.0,0.0,0.0
2018,AL,PHS,acima_divisao_igual,competitividade,6,2.0,0.0,0.0,0.0
2018,AL,PHS,acima_divisao_igual,eleicao,6,2.0,0.0,0.0,0.0
2018,AL,PMN,top_necr,competitividade,1,1.0,0.0,0.0,0.0
2018,AL,PMN,top_necr,eleicao,1,1.0,0.0,0.0,0.0
2018,AL,PMN,nucleo_80,competitividade,1,1.0,0.0,0.0,0.0
2018,AL,PMN,nucleo_80,eleicao,1,1.0,0.0,0.0,0.0
2018,AL,PMN,acima_divisao_igual,competitividade,1,0.0,0.0,0.0,0.0
2018,AL,PMN,acima_divisao_igual,eleicao,1,0.0,0.0,0.0,0.0
2018,AL,PODE,top_necr,competitividade,1,0.0,0.0,0.0,0.0
2018,AL,PODE,top_necr,eleicao,1,0.0,0.0,0.0,0.0
2018,AL,PODE,nucleo_80,competitividade,1,0.0,0.0,0.0,0.0
2018,AL,PODE,nucleo_80,eleicao,1,0.0,0.0,0.0,0.0
2018,AL,PODE,acima_divisao_igual,competitividade,1,0.0,0.0,0.0,0.0
2018,AL,PODE,acima_divisao_igual,eleicao,1,0.0,0.0,0.0,0.0
2018,AL,PP,top_necr,competitividade,5,2.0,1.0,1.0,0.4
2018,AL,PP,top_necr,eleicao,5,2.0,1.0,1.0,0.4
2018,AL,PP,nucleo_80,competitividade,5,2.0,1.0,1.0,0.4
2018,AL,PP,nucleo_80,eleicao,5,2.0,1.0,1.0,0.4
2018,AL,PP,acima_divisao_igual,competitividade,5,2.0,1.0,1.0,0.4
2018,AL,PP,acima_divisao_igual,eleicao,5,2.0,1.0,1.0,0.4
2018,AL,PPL,top_necr,competitividade,2,2.0,0.0,0.0,0.0
2018,AL,PPL,top_necr,eleicao,2,2.0,0.0,0.0,0.0
2018,AL,PPL,nucleo_80,competitividade,2,2.0,0.0,0.0,0.0
2018,AL,PPL,nucleo_80,eleicao,2,2.0,0.0,0.0,0.0
2018,AL,PPL,acima_divisao_igual,competitividade,2,0.0,0.0,0.0,0.0
2018,AL,PPL,acima_divisao_igual,eleicao,2,0.0,0.0,0.0,0.0
2018,AL,PPS,top_necr,competitividade,1,1.0,1.0,1.0,1.0
2018,AL,PPS,top_necr,eleicao,1,1.0,0.0,0.0,0.0
2018,AL,PPS,nucleo_80,competitividade,1,1.0,1.0,1.0,1.0
2018,AL,PPS,nucleo_80,eleicao,1,1.0,0.0,0.0,0.0
2018,AL,PPS,acima_divisao_igual,competitividade,1,0.0,1.0,0.0,0.0
2018,AL,PPS,acima_divisao_igual,eleicao,1,0.0,0.0,0.0,0.0
2018,AL,PR,top_necr,competitividade,1,1.0,1.0,1.0,1.0
2018,AL,PR,top_necr,eleicao,1,1.0,1.0,1.0,1.0
2018,AL,PR,nucleo_80,competitividade,1,1.0,1.0,1.0,1.0
2018,AL,PR,nucleo_80,eleicao,1,1.0,1.0,1.0,1.0
2018,AL,PR,acima_divisao_igual,competitividade,1,0.0,1.0,0.0,0.0
2018,AL,PR,acima_divisao_igual,eleicao,1,0.0,1.0,0.0,0.0
2018,AL,PRB,top_necr,competitividade,1,1.0,1.0,1.0,1.0
2018,AL,PRB,top_necr,eleicao,1,1.0,1.0,1.0,1.0
2018,AL,PRB,nucleo_80,competitividade,1,1.0,1.0,1.0,1.0
2018,AL,PRB,nucleo_80,eleicao,1,1.0,1.0,1.0,1.0
2018,AL,PRB,acima_divisao_igual,competitividade,1,0.0,1.0,0.0,0.0
2018,AL,PRB,acima_divisao_igual,eleicao,1,0.0,1.0,0.0,0.0
2018,AL,PROS,top_necr,competitividade,1,0.0,0.0,0.0,0.0
2018,AL,PROS,top_necr,eleicao,1,0.0,0.0,0.0,0.0
2018,AL,PROS,nucleo_80,competitividade,1,0.0,0.0,0.0,0.0
2018,AL,PROS,nucleo_80,eleicao,1,0.0,0.0,0.0,0.0
2018,AL,PROS,acima_divisao_igual,competitividade,1,0.0,0.0,0.0,0.0
2018,AL,PROS,acima_divisao_igual,eleicao,1,0.0,0.0,0.0,0.0
2018,AL,PRTB,top_necr,competitividade,2,1.0,1.0,0.0,0.5
2018,AL,PRTB,top_necr,eleicao,2,1.0,0.0,0.0,0.0
2018,AL,PRTB,nucleo_80,competitividade,2,1.0,1.0,0.0,0.5
2018,AL,PRTB,nucleo_80,eleicao,2,1.0,0.0,0.0,0.0
2018,AL,PRTB,acima_divisao_igual,competitividade,2,1.0,1.0,0.0,0.5
2018,AL,PRTB,acima_divisao_igual,eleicao,2,1.0,0.0,0.0,0.0
2018,AL,PSB,top_necr,competitividade,2,1.0,1.0,1.0,0.5
2018,AL,PSB,top_necr,eleicao,2,1.0,1.0,1.0,0.5
2018,AL,PSB,nucleo_80,competitividade,2,1.0,1.0,1.0,0.5
2018,AL,PSB,nucleo_80,eleicao,2,1.0,1.0,1.0,0.5
2018,AL,PSB,acima_divisao_igual,competitividade,2,1.0,1.0,1.0,0.5
2018,AL,PSB,acima_divisao_igual,eleicao,2,1.0,1.0,1.0,0.5
2018,AL,PSC,top_necr,competitividade,2,2.0,0.0,0.0,0.0
2018,AL,PSC,top_necr,eleicao,2,2.0,0.0,0.0,0.0
2018,AL,PSC,nucleo_80,competitividade,2,2.0,0.0,0.0,0.0
2018,AL,PSC,nucleo_80,eleicao,2,2.0,0.0,0.0,0.0
2018,AL,PSC,acima_divisao_igual,competitividade,2,1.0,0.0,0.0,0.0
2018,AL,PSC,acima_divisao_igual,eleicao,2,1.0,0.0,0.0,0.0
2018,AL,PSD,top_necr,competitividade,2,2.0,0.0,0.0,0.0
2018,AL,PSD,top_necr,eleicao,2,2.0,1.0,1.0,1.0
2018,AL,PSD,nucleo_80,competitividade,2,2.0,0.0,0.0,0.0
2018,AL,PSD,nucleo_80,eleicao,2,2.0,1.0,1.0,1.0
2018,AL,PSD,acima_divisao_igual,competitividade,2,1.0,0.0,0.0,0.0
2018,AL,PSD,acima_divisao_igual,eleicao,2,1.0,1.0,1.0,0.5
2018,AL,PSDB,top_necr,competitividade,3,2.0,1.0,1.0,0.6666666666666666
2018,AL,PSDB,top_necr,eleicao,3,2.0,1.0,1.0,0.6666666666666666
2018,AL,PSDB,nucleo_80,competitividade,3,2.0,1.0,1.0,0.6666666666666666
2018,AL,PSDB,nucleo_80,eleicao,3,2.0,1.0,1.0,0.6666666666666666
2018,AL,PSDB,acima_divisao_igual,competitividade,3,1.0,1.0,0.0,0.3333333333333333
2018,AL,PSDB,acima_divisao_igual,eleicao,3,1.0,1.0,0.0,0.3333333333333333
2018,AL,PSL,top_necr,competitividade,10,0.0,1.0,0.0,0.0
2018,AL,PSL,top_necr,eleicao,10,0.0,0.0,0.0,0.0
2018,AL,PSL,nucleo_80,competitividade,10,0.0,1.0,0.0,0.0
2018,AL,PSL,nucleo_80,eleicao,10,0.0,0.0,0.0,0.0
2018,AL,PSL,acima_divisao_igual,competitividade,10,0.0,1.0,0.0,0.0
2018,AL,PSL,acima_divisao_igual,eleicao,10,0.0,0.0,0.0,0.0
2018,AL,PSOL,top_necr,competitividade,2,1.0,0.0,0.0,0.0
2018,AL,PSOL,top_necr,eleicao,2,1.0,0.0,0.0,0.0
2018,AL,PSOL,nucleo_80,competitividade,2,1.0,0.0,0.0,0.0
2018,AL,PSOL,nucleo_80,eleicao,2,1.0,0.0,0.0,0.0
2018,AL,PSOL,acima_divisao_igual,competitividade,2,1.0,0.0,0.0,0.0
2018,AL,PSOL,acima_divisao_igual,eleicao,2,1.0,0.0,0.0,0.0
2018,AL,PSTU,top_necr,competitividade,1,0.0,0.0,0.0,0.0
2018,AL,PSTU,top_necr,eleicao,1,0.0,0.0,0.0,0.0
2018,AL,PSTU,nucleo_80,competitividade,1,0.0,0.0,0.0,0.0
2018,AL,PSTU,nucleo_80,eleicao,1,0.0,0.0,0.0,0.0
2018,AL,PSTU,acima_divisao_igual,competitividade,1,0.0,0.0,0.0,0.0
2018,AL,PSTU,acima_divisao_igual,eleicao,1,0.0,0.0,0.0,0.0
2018,AL,PT,top_necr,competitividade,1,1.0,1.0,1.0,1.0
2018,AL,PT,top_necr,eleicao,1,1.0,1.0,1.0,1.0
2018,AL,PT,nucleo_80,competitividade,1,1.0,1.0,1.0,1.0
2018,AL,PT,nucleo_80,eleicao,1,1.0,1.0,1.0,1.0
2018,AL,PT,acima_divisao_igual,competitividade,1,0.0,1.0,0.0,0.0
2018,AL,PT,acima_divisao_igual,eleicao,1,0.0,1.0,0.0,0.0
2018,AL,PTB,top_necr,competitividade,2,2.0,1.0,1.0,1.0
2018,AL,PTB,top_necr,eleicao,2,2.0,1.0,1.0,1.0
2018,AL,PTB,nucleo_80,competitividade,2,2.0,1.0,1.0,1.0
2018,AL,PTB,nucleo_80,eleicao,2,2.0,1.0,1.0,1.0
2018,AL,PTB,acima_divisao_igual,competitividade,2,1.0,1.0,0.0,0.5
2018,AL,PTB,acima_divisao_igual,eleicao,2,1.0,1.0,1.0,0.5
2018,AL,PTC,top_necr,competitividade,2,1.0,1.0,0.0,0.5
2018,AL,PTC,top_necr,eleicao,2,1.0,0.0,0.0,0.0
2018,AL,PTC,nucleo_80,competitividade,2,1.0,1.0,0.0,0.5
2018,AL,PTC,nucleo_80,eleicao,2,1.0,0.0,0.0,0.0
2018,AL,PTC,acima_divisao_igual,competitividade,2,1.0,1.0,0.0,0.5
2018,AL,PTC,acima_divisao_igual,eleicao,2,1.0,0.0,0.0,0.0
2018,AL,PV,top_necr,competitividade,2,1.0,0.0,0.0,0.0
2018,AL,PV,top_necr,eleicao,2,1.0,0.0,0.0,0.0
2018,AL,PV,nucleo_80,competitividade,2,1.0,0.0,0.0,0.0
2018,AL,PV,nucleo_80,eleicao,2,1.0,0.0,0.0,0.0
2018,AL,PV,acima_divisao_igual,competitividade,2,1.0,0.0,0.0,0.0
2018,AL,PV,acima_divisao_igual,eleicao,2,1.0,0.0,0.0,0.0
2018,AL,REDE,top_necr,competitividade,1,1.0,1.0,1.0,1.0
2018,AL,REDE,top_necr,eleicao,1,1.0,0.0,0.0,0.0
2018,AL,REDE,nucleo_80,competitividade,1,1.0,1.0,1.0,1.0
2018,AL,REDE,nucleo_80,eleicao,1,1.0,0.0,0.0,0.0
2018,AL,REDE,acima_divisao_igual,competitividade,1,0.0,1.0,0.0,0.0
2018,AL,REDE,acima_divisao_igual,eleicao,1,0.0,0.0,0.0,0.0
2018,AL,SOLIDARIEDADE,top_necr,competitividade,1,0.0,1.0,0.0,0.0
2018,AL,SOLIDARIEDADE,top_necr,eleicao,1,0.0,0.0,0.0,0.0
2018,AL,SOLIDARIEDADE,nucleo_80,competitividade,1,0.0,1.0,0.0,0.0
2018,AL,SOLIDARIEDADE,nucleo_80,eleicao,1,0.0,0.0,0.0,0.0
2018,AL,SOLIDARIEDADE,acima_divisao_igual,competitividade,1,0.0,1.0,0.0,0.0
2018,AL,SOLIDARIEDADE,acima_divisao_igual,eleicao,1,0.0,0.0,0.0,0.0
2018,AM,AVANTE,top_necr,competitividade,4,2.0,0.0,0.0,0.0
2018,AM,AVANTE,top_necr,eleicao,4,2.0,0.0,0.0,0.0
2018,AM,AVANTE,nucleo_80,competitividade,4,2.0,0.0,0.0,0.0
2018,AM,AVANTE,nucleo_80,eleicao,4,2.0,0.0,0.0,0.0
2018,AM,AVANTE,acima_divisao_igual,competitividade,4,2.0,0.0,0.0,0.0
2018,AM,AVANTE,acima_divisao_igual,eleicao,4,2.0,0.0,0.0,0.0
2018,AM,DC,top_necr,competitividade,6,3.0,0.0,0.0,0.0
2018,AM,DC,top_necr,eleicao,6,3.0,0.0,0.0,0.0
2018,AM,DC,nucleo_80,competitividade,6,3.0,0.0,0.0,0.0
2018,AM,DC,nucleo_80,eleicao,6,3.0,0.0,0.0,0.0
2018,AM,DC,acima_divisao_igual,competitividade,6,2.0,0.0,0.0,0.0
2018,AM,DC,acima_divisao_igual,eleicao,6,2.0,0.0,0.0,0.0
2018,AM,DEM,top_necr,competitividade,2,1.0,1.0,1.0,0.5
2018,AM,DEM,top_necr,eleicao,2,1.0,0.0,0.0,0.0
2018,AM,DEM,nucleo_80,competitividade,2,1.0,1.0,1.0,0.5
2018,AM,DEM,nucleo_80,eleicao,2,1.0,0.0,0.0,0.0
2018,AM,DEM,acima_divisao_igual,competitividade,2,1.0,1.0,1.0,0.5
2018,AM,DEM,acima_divisao_igual,eleicao,2,1.0,0.0,0.0,0.0
2018,AM,MDB,top_necr,competitividade,7,1.0,0.0,0.0,0.0
2018,AM,MDB,top_necr,eleicao,7,1.0,0.0,0.0,0.0
2018,AM,MDB,nucleo_80,competitividade,7,1.0,0.0,0.0,0.0
2018,AM,MDB,nucleo_80,eleicao,7,1.0,0.0,0.0,0.0
2018,AM,MDB,acima_divisao_igual,competitividade,7,1.0,0.0,0.0,0.0
2018,AM,MDB,acima_divisao_igual,eleicao,7,1.0,0.0,0.0,0.0
2018,AM,PATRI,top_necr,competitividade,5,4.0,0.0,0.0,0.0
2018,AM,PATRI,top_necr,eleicao,5,4.0,0.0,0.0,0.0
2018,AM,PATRI,nucleo_80,competitividade,5,4.0,0.0,0.0,0.0
2018,AM,PATRI,nucleo_80,eleicao,5,4.0,0.0,0.0,0.0
2018,AM,PATRI,acima_divisao_igual,competitividade,5,4.0,0.0,0.0,0.0
2018,AM,PATRI,acima_divisao_igual,eleicao,5,4.0,0.0,0.0,0.0
2018,AM,PC DO B,top_necr,competitividade,8,4.0,0.0,0.0,0.0
2018,AM,PC DO B,top_necr,eleicao,8,4.0,0.0,0.0,0.0
2018,AM,PC DO B,nucleo_80,competitividade,8,5.0,0.0,0.0,0.0
2018,AM,PC DO B,nucleo_80,eleicao,8,5.0,0.0,0.0,0.0
2018,AM,PC DO B,acima_divisao_igual,competitividade,8,2.0,0.0,0.0,0.0
2018,AM,PC DO B,acima_divisao_igual,eleicao,8,2.0,0.0,0.0,0.0
2018,AM,PDT,top_necr,competitividade,3,2.0,0.0,0.0,0.0
2018,AM,PDT,top_necr,eleicao,3,2.0,0.0,0.0,0.0
2018,AM,PDT,nucleo_80,competitividade,3,2.0,0.0,0.0,0.0
2018,AM,PDT,nucleo_80,eleicao,3,2.0,0.0,0.0,0.0
2018,AM,PDT,acima_divisao_igual,competitividade,3,1.0,0.0,0.0,0.0
2018,AM,PDT,acima_divisao_igual,eleicao,3,1.0,0.0,0.0,0.0
2018,AM,PHS,top_necr,competitividade,2,2.0,1.0,1.0,1.0
2018,AM,PHS,top_necr,eleicao,2,2.0,0.0,0.0,0.0
2018,AM,PHS,nucleo_80,competitividade,2,2.0,1.0,1.0,1.0
2018,AM,PHS,nucleo_80,eleicao,2,2.0,0.0,0.0,0.0
2018,AM,PHS,acima_divisao_igual,competitividade,2,1.0,1.0,1.0,0.5
2018,AM,PHS,acima_divisao_igual,eleicao,2,1.0,0.0,0.0,0.0
2018,AM,PMB,top_necr,competitividade,9,2.0,0.0,0.0,0.0
2018,AM,PMB,top_necr,eleicao,9,2.0,0.0,0.0,0.0
2018,AM,PMB,nucleo_80,competitividade,9,2.0,0.0,0.0,0.0
2018,AM,PMB,nucleo_80,eleicao,9,2.0,0.0,0.0,0.0
2018,AM,PMB,acima_divisao_igual,competitividade,9,2.0,0.0,0.0,0.0
2018,AM,PMB,acima_divisao_igual,eleicao,9,2.0,0.0,0.0,0.0
2018,AM,PMN,top_necr,competitividade,7,3.0,0.0,0.0,0.0
2018,AM,PMN,top_necr,eleicao,7,3.0,0.0,0.0,0.0
2018,AM,PMN,nucleo_80,competitividade,7,2.0,0.0,0.0,0.0
2018,AM,PMN,nucleo_80,eleicao,7,2.0,0.0,0.0,0.0
2018,AM,PMN,acima_divisao_igual,competitividade,7,3.0,0.0,0.0,0.0
2018,AM,PMN,acima_divisao_igual,eleicao,7,3.0,0.0,0.0,0.0
2018,AM,PODE,top_necr,competitividade,5,3.0,1.0,1.0,0.6
2018,AM,PODE,top_necr,eleicao,5,3.0,0.0,0.0,0.0
2018,AM,PODE,nucleo_80,competitividade,5,2.0,1.0,1.0,0.4
2018,AM,PODE,nucleo_80,eleicao,5,2.0,0.0,0.0,0.0
2018,AM,PODE,acima_divisao_igual,competitividade,5,2.0,1.0,1.0,0.4
2018,AM,PODE,acima_divisao_igual,eleicao,5,2.0,0.0,0.0,0.0
2018,AM,PP,top_necr,competitividade,2,1.0,1.0,1.0,0.5
2018,AM,PP,top_necr,eleicao,2,1.0,1.0,1.0,0.5
2018,AM,PP,nucleo_80,competitividade,2,1.0,1.0,1.0,0.5
2018,AM,PP,nucleo_80,eleicao,2,1.0,1.0,1.0,0.5
2018,AM,PP,acima_divisao_igual,competitividade,2,1.0,1.0,1.0,0.5
2018,AM,PP,acima_divisao_igual,eleicao,2,1.0,1.0,1.0,0.5
2018,AM,PPL,top_necr,competitividade,5,0.0,0.0,0.0,0.0
2018,AM,PPL,top_necr,eleicao,5,0.0,0.0,0.0,0.0
2018,AM,PPL,nucleo_80,competitividade,5,0.0,0.0,0.0,0.0
2018,AM,PPL,nucleo_80,eleicao,5,0.0,0.0,0.0,0.0
2018,AM,PPL,acima_divisao_igual,competitividade,5,0.0,0.0,0.0,0.0
2018,AM,PPL,acima_divisao_igual,eleicao,5,0.0,0.0,0.0,0.0
2018,AM,PPS,top_necr,competitividade,2,1.0,0.0,0.0,0.0
2018,AM,PPS,top_necr,eleicao,2,1.0,0.0,0.0,0.0
2018,AM,PPS,nucleo_80,competitividade,2,1.0,0.0,0.0,0.0
2018,AM,PPS,nucleo_80,eleicao,2,1.0,0.0,0.0,0.0
2018,AM,PPS,acima_divisao_igual,competitividade,2,1.0,0.0,0.0,0.0
2018,AM,PPS,acima_divisao_igual,eleicao,2,1.0,0.0,0.0,0.0
2018,AM,PR,top_necr,competitividade,3,2.0,1.0,1.0,0.6666666666666666
2018,AM,PR,top_necr,eleicao,3,2.0,1.0,1.0,0.6666666666666666
2018,AM,PR,nucleo_80,competitividade,3,2.0,1.0,1.0,0.6666666666666666
2018,AM,PR,nucleo_80,eleicao,3,2.0,1.0,1.0,0.6666666666666666
2018,AM,PR,acima_divisao_igual,competitividade,3,1.0,1.0,1.0,0.3333333333333333
2018,AM,PR,acima_divisao_igual,eleicao,3,1.0,1.0,1.0,0.3333333333333333
2018,AM,PRB,top_necr,competitividade,2,2.0,1.0,1.0,1.0
2018,AM,PRB,top_necr,eleicao,2,2.0,2.0,2.0,2.0
2018,AM,PRB,nucleo_80,competitividade,2,2.0,1.0,1.0,1.0
2018,AM,PRB,nucleo_80,eleicao,2,2.0,2.0,2.0,2.0
2018,AM,PRB,acima_divisao_igual,competitividade,2,1.0,1.0,1.0,0.5
2018,AM,PRB,acima_divisao_igual,eleicao,2,1.0,2.0,1.0,1.0
2018,AM,PROS,top_necr,competitividade,2,2.0,1.0,1.0,1.0
2018,AM,PROS,top_necr,eleicao,2,2.0,0.0,0.0,0.0
2018,AM,PROS,nucleo_80,competitividade,2,2.0,1.0,1.0,1.0
2018,AM,PROS,nucleo_80,eleicao,2,2.0,0.0,0.0,0.0
2018,AM,PROS,acima_divisao_igual,competitividade,2,1.0,1.0,1.0,0.5
2018,AM,PROS,acima_divisao_igual,eleicao,2,1.0,0.0,0.0,0.0
2018,AM,PRP,top_necr,competitividade,4,1.0,0.0,0.0,0.0
2018,AM,PRP,top_necr,eleicao,4,1.0,0.0,0.0,0.0
2018,AM,PRP,nucleo_80,competitividade,4,1.0,0.0,0.0,0.0
2018,AM,PRP,nucleo_80,eleicao,4,1.0,0.0,0.0,0.0
2018,AM,PRP,acima_divisao_igual,competitividade,4,1.0,0.0,0.0,0.0
2018,AM,PRP,acima_divisao_igual,eleicao,4,1.0,0.0,0.0,0.0
2018,AM,PRTB,top_necr,competitividade,3,0.0,0.0,0.0,0.0
2018,AM,PRTB,top_necr,eleicao,3,0.0,0.0,0.0,0.0
2018,AM,PRTB,nucleo_80,competitividade,3,0.0,0.0,0.0,0.0
2018,AM,PRTB,nucleo_80,eleicao,3,0.0,0.0,0.0,0.0
2018,AM,PRTB,acima_divisao_igual,competitividade,3,0.0,0.0,0.0,0.0
2018,AM,PRTB,acima_divisao_igual,eleicao,3,0.0,0.0,0.0,0.0
2018,AM,PSB,top_necr,competitividade,2,2.0,1.0,1.0,1.0
2018,AM,PSB,top_necr,eleicao,2,2.0,0.0,0.0,0.0
2018,AM,PSB,nucleo_80,competitividade,2,2.0,1.0,1.0,1.0
2018,AM,PSB,nucleo_80,eleicao,2,2.0,0.0,0.0,0.0
2018,AM,PSB,acima_divisao_igual,competitividade,2,1.0,1.0,1.0,0.5
2018,AM,PSB,acima_divisao_igual,eleicao,2,1.0,0.0,0.0,0.0
2018,AM,PSC,top_necr,competitividade,4,1.0,1.0,1.0,0.25
2018,AM,PSC,top_necr,eleicao,4,1.0,0.0,0.0,0.0
2018,AM,PSC,nucleo_80,competitividade,4,1.0,1.0,1.0,0.25
2018,AM,PSC,nucleo_80,eleicao,4,1.0,0.0,0.0,0.0
2018,AM,PSC,acima_divisao_igual,competitividade,4,1.0,1.0,1.0,0.25
2018,AM,PSC,acima_divisao_igual,eleicao,4,1.0,0.0,0.0,0.0
2018,AM,PSD,top_necr,competitividade,4,3.0,2.0,2.0,1.5
2018,AM,PSD,top_necr,eleicao,4,3.0,1.0,1.0,0.75
2018,AM,PSD,nucleo_80,competitividade,4,3.0,2.0,2.0,1.5
2018,AM,PSD,nucleo_80,eleicao,4,3.0,1.0,1.0,0.75
2018,AM,PSD,acima_divisao_igual,competitividade,4,3.0,2.0,2.0,1.5
2018,AM,PSD,acima_divisao_igual,eleicao,4,3.0,1.0,1.0,0.75
2018,AM,PSDB,top_necr,competitividade,1,1.0,1.0,1.0,1.0
2018,AM,PSDB,top_necr,eleicao,1,1.0,0.0,0.0,0.0
2018,AM,PSDB,nucleo_80,competitividade,1,1.0,1.0,1.0,1.0
2018,AM,PSDB,nucleo_80,eleicao,1,1.0,0.0,0.0,0.0
2018,AM,PSDB,acima_divisao_igual,competitividade,1,0.0,1.0,0.0,0.0
2018,AM,PSDB,acima_divisao_igual,eleicao,1,0.0,0.0,0.0,0.0
2018,AM,PSL,top_necr,competitividade,1,1.0,0.0,0.0,0.0
2018,AM,PSL,top_necr,eleicao,1,1.0,1.0,1.0,1.0
2018,AM,PSL,nucleo_80,competitividade,1,1.0,0.0,0.0,0.0
2018,AM,PSL,nucleo_80,eleicao,1,1.0,1.0,1.0,1.0
2018,AM,PSL,acima_divisao_igual,competitividade,1,0.0,0.0,0.0,0.0
2018,AM,PSL,acima_divisao_igual,eleicao,1,0.0,1.0,0.0,0.0
2018,AM,PSOL,top_necr,competitividade,13,5.999999999999999,0.0,0.0,0.0
2018,AM,PSOL,top_necr,eleicao,13,5.999999999999999,0.0,0.0,0.0
2018,AM,PSOL,nucleo_80,competitividade,13,7.000000000000001,0.0,0.0,0.0
2018,AM,PSOL,nucleo_80,eleicao,13,7.000000000000001,0.0,0.0,0.0
2018,AM,PSOL,acima_divisao_igual,competitividade,13,3.0,0.0,0.0,0.0
2018,AM,PSOL,acima_divisao_igual,eleicao,13,3.0,0.0,0.0,0.0
2018,AM,PSTU,top_necr,competitividade,1,0.0,0.0,0.0,0.0
2018,AM,PSTU,top_necr,eleicao,1,0.0,0.0,0.0,0.0
2018,AM,PSTU,nucleo_80,competitividade,1,0.0,0.0,0.0,0.0
2018,AM,PSTU,nucleo_80,eleicao,1,0.0,0.0,0.0,0.0
2018,AM,PSTU,acima_divisao_igual,competitividade,1,0.0,0.0,0.0,0.0
2018,AM,PSTU,acima_divisao_igual,eleicao,1,0.0,0.0,0.0,0.0
2018,AM,PT,top_necr,competitividade,4,2.0,1.0,1.0,0.5
2018,AM,PT,top_necr,eleicao,4,2.0,1.0,1.0,0.5
2018,AM,PT,nucleo_80,competitividade,4,2.0,1.0,1.0,0.5
2018,AM,PT,nucleo_80,eleicao,4,2.0,1.0,1.0,0.5
2018,AM,PT,acima_divisao_igual,competitividade,4,2.0,1.0,1.0,0.5
2018,AM,PT,acima_divisao_igual,eleicao,4,2.0,1.0,1.0,0.5
2018,AM,PTB,top_necr,competitividade,1,1.0,1.0,1.0,1.0
2018,AM,PTB,top_necr,eleicao,1,1.0,0.0,0.0,0.0
2018,AM,PTB,nucleo_80,competitividade,1,1.0,1.0,1.0,1.0
2018,AM,PTB,nucleo_80,eleicao,1,1.0,0.0,0.0,0.0
2018,AM,PTB,acima_divisao_igual,competitividade,1,0.0,1.0,0.0,0.0
2018,AM,PTB,acima_divisao_igual,eleicao,1,0.0,0.0,0.0,0.0
2018,AM,PTC,top_necr,competitividade,4,3.0,0.0,0.0,0.0
2018,AM,PTC,top_necr,eleicao,4,3.0,0.0,0.0,0.0
2018,AM,PTC,nucleo_80,competitividade,4,3.0,0.0,0.0,0.0
2018,AM,PTC,nucleo_80,eleicao,4,3.0,0.0,0.0,0.0
2018,AM,PTC,acima_divisao_igual,competitividade,4,3.0,0.0,0.0,0.0
2018,AM,PTC,acima_divisao_igual,eleicao,4,3.0,0.0,0.0,0.0
2018,AM,PV,top_necr,competitividade,2,1.0,1.0,1.0,0.5
2018,AM,PV,top_necr,eleicao,2,1.0,0.0,0.0,0.0
2018,AM,PV,nucleo_80,competitividade,2,1.0,1.0,1.0,0.5
2018,AM,PV,nucleo_80,eleicao,2,1.0,0.0,0.0,0.0
2018,AM,PV,acima_divisao_igual,competitividade,2,1.0,1.0,1.0,0.5
2018,AM,PV,acima_divisao_igual,eleicao,2,1.0,0.0,0.0,0.0
2018,AM,REDE,top_necr,competitividade,7,2.0,0.0,0.0,0.0
2018,AM,REDE,top_necr,eleicao,7,2.0,0.0,0.0,0.0
2018,AM,REDE,nucleo_80,competitividade,7,2.0,0.0,0.0,0.0
2018,AM,REDE,nucleo_80,eleicao,7,2.0,0.0,0.0,0.0
2018,AM,REDE,acima_divisao_igual,competitividade,7,2.0,0.0,0.0,0.0
2018,AM,REDE,acima_divisao_igual,eleicao,7,2.0,0.0,0.0,0.0
2018,AM,SOLIDARIEDADE,top_necr,competitividade,1,1.0,1.0,1.0,1.0
2018,AM,SOLIDARIEDADE,top_necr,eleicao,1,1.0,1.0,1.0,1.0
2018,AM,SOLIDARIEDADE,nucleo_80,competitividade,1,1.0,1.0,1.0,1.0
2018,AM,SOLIDARIEDADE,nucleo_80,eleicao,1,1.0,1.0,1.0,1.0
2018,AM,SOLIDARIEDADE,acima_divisao_igual,competitividade,1,0.0,1.0,0.0,0.0
2018,AM,SOLIDARIEDADE,acima_divisao_igual,eleicao,1,0.0,1.0,0.0,0.0
2018,AP,AVANTE,top_necr,competitividade,2,2.0,1.0,1.0,1.0
2018,AP,AVANTE,top_necr,eleicao,2,2.0,1.0,1.0,1.0
2018,AP,AVANTE,nucleo_80,competitividade,2,2.0,1.0,1.0,1.0
2018,AP,AVANTE,nucleo_80,eleicao,2,2.0,1.0,1.0,1.0
2018,AP,AVANTE,acima_divisao_igual,competitividade,2,1.0,1.0,0.0,0.5
2018,AP,AVANTE,acima_divisao_igual,eleicao,2,1.0,1.0,1.0,0.5
2018,AP,DC,top_necr,competitividade,1,1.0,0.0,0.0,0.0
2018,AP,DC,top_necr,eleicao,1,1.0,0.0,0.0,0.0
2018,AP,DC,nucleo_80,competitividade,1,1.0,0.0,0.0,0.0
2018,AP,DC,nucleo_80,eleicao,1,1.0,0.0,0.0,0.0
2018,AP,DC,acima_divisao_igual,competitividade,1,0.0,0.0,0.0,0.0
2018,AP,DC,acima_divisao_igual,eleicao,1,0.0,0.0,0.0,0.0
2018,AP,DEM,top_necr,competitividade,4,3.0,2.0,2.0,1.5
2018,AP,DEM,top_necr,eleicao,4,3.0,0.0,0.0,0.0
2018,AP,DEM,nucleo_80,competitividade,4,3.0,2.0,2.0,1.5
2018,AP,DEM,nucleo_80,eleicao,4,3.0,0.0,0.0,0.0
2018,AP,DEM,acima_divisao_igual,competitividade,4,2.0,2.0,2.0,1.0
2018,AP,DEM,acima_divisao_igual,eleicao,4,2.0,0.0,0.0,0.0
2018,AP,MDB,top_necr,competitividade,4,1.0,1.0,1.0,0.25
2018,AP,MDB,top_necr,eleicao,4,1.0,0.0,0.0,0.0
2018,AP,MDB,nucleo_80,competitividade,4,1.0,1.0,1.0,0.25
2018,AP,MDB,nucleo_80,eleicao,4,1.0,0.0,0.0,0.0
2018,AP,MDB,acima_divisao_igual,competitividade,4,1.0,1.0,1.0,0.25
2018,AP,MDB,acima_divisao_igual,eleicao,4,1.0,0.0,0.0,0.0
2018,AP,PC DO B,top_necr,competitividade,1,1.0,1.0,1.0,1.0
2018,AP,PC DO B,top_necr,eleicao,1,1.0,1.0,1.0,1.0
2018,AP,PC DO B,nucleo_80,competitividade,1,1.0,1.0,1.0,1.0
2018,AP,PC DO B,nucleo_80,eleicao,1,1.0,1.0,1.0,1.0
2018,AP,PC DO B,acima_divisao_igual,competitividade,1,0.0,1.0,0.0,0.0
2018,AP,PC DO B,acima_divisao_igual,eleicao,1,0.0,1.0,0.0,0.0
2018,AP,PDT,top_necr,competitividade,7,1.0,1.0,0.0,0.14285714285714285
2018,AP,PDT,top_necr,eleicao,7,1.0,0.0,0.0,0.0
2018,AP,PDT,nucleo_80,competitividade,7,1.0,1.0,0.0,0.14285714285714285
2018,AP,PDT,nucleo_80,eleicao,7,1.0,0.0,0.0,0.0
2018,AP,PDT,acima_divisao_igual,competitividade,7,1.0,1.0,0.0,0.14285714285714285
2018,AP,PDT,acima_divisao_igual,eleicao,7,1.0,0.0,0.0,0.0
2018,AP,PHS,top_necr,competitividade,6,4.0,0.0,0.0,0.0
2018,AP,PHS,top_necr,eleicao,6,4.0,0.0,0.0,0.0
2018,AP,PHS,nucleo_80,competitividade,6,4.0,0.0,0.0,0.0
2018,AP,PHS,nucleo_80,eleicao,6,4.0,0.0,0.0,0.0
2018,AP,PHS,acima_divisao_igual,competitividade,6,2.0,0.0,0.0,0.0
2018,AP,PHS,acima_divisao_igual,eleicao,6,2.0,0.0,0.0,0.0
2018,AP,PMN,top_necr,competitividade,3,3.0,0.0,0.0,0.0
2018,AP,PMN,top_necr,eleicao,3,3.0,0.0,0.0,0.0
2018,AP,PMN,nucleo_80,competitividade,3,3.0,0.0,0.0,0.0
2018,AP,PMN,nucleo_80,eleicao,3,3.0,0.0,0.0,0.0
2018,AP,PMN,acima_divisao_igual,competitividade,3,1.0,0.0,0.0,0.0
2018,AP,PMN,acima_divisao_igual,eleicao,3,1.0,0.0,0.0,0.0
2018,AP,PODE,top_necr,competitividade,1,1.0,1.0,1.0,1.0
2018,AP,PODE,top_necr,eleicao,1,1.0,0.0,0.0,0.0
2018,AP,PODE,nucleo_80,competitividade,1,1.0,1.0,1.0,1.0
2018,AP,PODE,nucleo_80,eleicao,1,1.0,0.0,0.0,0.0
2018,AP,PODE,acima_divisao_igual,competitividade,1,0.0,1.0,0.0,0.0
2018,AP,PODE,acima_divisao_igual,eleicao,1,0.0,0.0,0.0,0.0
2018,AP,PP,top_necr,competitividade,1,1.0,1.0,1.0,1.0
2018,AP,PP,top_necr,eleicao,1,1.0,1.0,1.0,1.0
2018,AP,PP,nucleo_80,competitividade,1,1.0,1.0,1.0,1.0
2018,AP,PP,nucleo_80,eleicao,1,1.0,1.0,1.0,1.0
2018,AP,PP,acima_divisao_igual,competitividade,1,0.0,1.0,0.0,0.0
2018,AP,PP,acima_divisao_igual,eleicao,1,0.0,1.0,0.0,0.0
2018,AP,PPL,top_necr,competitividade,3,3.0,0.0,0.0,0.0
2018,AP,PPL,top_necr,eleicao,3,3.0,0.0,0.0,0.0
2018,AP,PPL,nucleo_80,competitividade,3,3.0,0.0,0.0,0.0
2018,AP,PPL,nucleo_80,eleicao,3,3.0,0.0,0.0,0.0
2018,AP,PPL,acima_divisao_igual,competitividade,3,2.0,0.0,0.0,0.0
2018,AP,PPL,acima_divisao_igual,eleicao,3,2.0,0.0,0.0,0.0
2018,AP,PR,top_necr,competitividade,7,3.0,4.0,3.0,1.7142857142857142
2018,AP,PR,top_necr,eleicao,7,3.0,1.0,1.0,0.42857142857142855
2018,AP,PR,nucleo_80,competitividade,7,3.0,4.0,3.0,1.7142857142857142
2018,AP,PR,nucleo_80,eleicao,7,3.0,1.0,1.0,0.42857142857142855
2018,AP,PR,acima_divisao_igual,competitividade,7,3.0,4.0,3.0,1.7142857142857142
2018,AP,PR,acima_divisao_igual,eleicao,7,3.0,1.0,1.0,0.42857142857142855
2018,AP,PRB,top_necr,competitividade,1,1.0,0.0,0.0,0.0
2018,AP,PRB,top_necr,eleicao,1,1.0,1.0,1.0,1.0
2018,AP,PRB,nucleo_80,competitividade,1,1.0,0.0,0.0,0.0
2018,AP,PRB,nucleo_80,eleicao,1,1.0,1.0,1.0,1.0
2018,AP,PRB,acima_divisao_igual,competitividade,1,0.0,0.0,0.0,0.0
2018,AP,PRB,acima_divisao_igual,eleicao,1,0.0,1.0,0.0,0.0
2018,AP,PROS,top_necr,competitividade,2,1.0,0.0,0.0,0.0
2018,AP,PROS,top_necr,eleicao,2,1.0,1.0,1.0,0.5
2018,AP,PROS,nucleo_80,competitividade,2,1.0,0.0,0.0,0.0
2018,AP,PROS,nucleo_80,eleicao,2,1.0,1.0,1.0,0.5
2018,AP,PROS,acima_divisao_igual,competitividade,2,1.0,0.0,0.0,0.0
2018,AP,PROS,acima_divisao_igual,eleicao,2,1.0,1.0,1.0,0.5
2018,AP,PRP,top_necr,competitividade,2,1.0,1.0,1.0,0.5
2018,AP,PRP,top_necr,eleicao,2,1.0,0.0,0.0,0.0
2018,AP,PRP,nucleo_80,competitividade,2,1.0,1.0,1.0,0.5
2018,AP,PRP,nucleo_80,eleicao,2,1.0,0.0,0.0,0.0
2018,AP,PRP,acima_divisao_igual,competitividade,2,1.0,1.0,1.0,0.5
2018,AP,PRP,acima_divisao_igual,eleicao,2,1.0,0.0,0.0,0.0
2018,AP,PSB,top_necr,competitividade,8,2.0,1.0,1.0,0.25
2018,AP,PSB,top_necr,eleicao,8,2.0,1.0,1.0,0.25
2018,AP,PSB,nucleo_80,competitividade,8,2.0,1.0,1.0,0.25
2018,AP,PSB,nucleo_80,eleicao,8,2.0,1.0,1.0,0.25
2018,AP,PSB,acima_divisao_igual,competitividade,8,2.0,1.0,1.0,0.25
2018,AP,PSB,acima_divisao_igual,eleicao,8,2.0,1.0,1.0,0.25
2018,AP,PSC,top_necr,competitividade,2,1.0,1.0,1.0,0.5
2018,AP,PSC,top_necr,eleicao,2,1.0,0.0,0.0,0.0
2018,AP,PSC,nucleo_80,competitividade,2,1.0,1.0,1.0,0.5
2018,AP,PSC,nucleo_80,eleicao,2,1.0,0.0,0.0,0.0
2018,AP,PSC,acima_divisao_igual,competitividade,2,1.0,1.0,1.0,0.5
2018,AP,PSC,acima_divisao_igual,eleicao,2,1.0,0.0,0.0,0.0
2018,AP,PSD,top_necr,competitividade,3,2.0,1.0,1.0,0.6666666666666666
2018,AP,PSD,top_necr,eleicao,3,2.0,0.0,0.0,0.0
2018,AP,PSD,nucleo_80,competitividade,3,2.0,1.0,1.0,0.6666666666666666
2018,AP,PSD,nucleo_80,eleicao,3,2.0,0.0,0.0,0.0
2018,AP,PSD,acima_divisao_igual,competitividade,3,2.0,1.0,1.0,0.6666666666666666
2018,AP,PSD,acima_divisao_igual,eleicao,3,2.0,0.0,0.0,0.0
2018,AP,PSDB,top_necr,competitividade,2,1.0,1.0,1.0,0.5
2018,AP,PSDB,top_necr,eleicao,2,1.0,1.0,1.0,0.5
2018,AP,PSDB,nucleo_80,competitividade,2,1.0,1.0,1.0,0.5
2018,AP,PSDB,nucleo_80,eleicao,2,1.0,1.0,1.0,0.5
2018,AP,PSDB,acima_divisao_igual,competitividade,2,1.0,1.0,1.0,0.5
2018,AP,PSDB,acima_divisao_igual,eleicao,2,1.0,1.0,1.0,0.5
2018,AP,PSL,top_necr,competitividade,1,1.0,0.0,0.0,0.0
2018,AP,PSL,top_necr,eleicao,1,1.0,0.0,0.0,0.0
2018,AP,PSL,nucleo_80,competitividade,1,1.0,0.0,0.0,0.0
2018,AP,PSL,nucleo_80,eleicao,1,1.0,0.0,0.0,0.0
2018,AP,PSL,acima_divisao_igual,competitividade,1,0.0,0.0,0.0,0.0
2018,AP,PSL,acima_divisao_igual,eleicao,1,0.0,0.0,0.0,0.0
2018,AP,PSOL,top_necr,competitividade,6,6.0,0.0,0.0,0.0
2018,AP,PSOL,top_necr,eleicao,6,6.0,0.0,0.0,0.0
2018,AP,PSOL,nucleo_80,competitividade,6,5.0,0.0,0.0,0.0
2018,AP,PSOL,nucleo_80,eleicao,6,5.0,0.0,0.0,0.0
2018,AP,PSOL,acima_divisao_igual,competitividade,6,2.0,0.0,0.0,0.0
2018,AP,PSOL,acima_divisao_igual,eleicao,6,2.0,0.0,0.0,0.0
2018,AP,PSTU,top_necr,competitividade,2,0.0,0.0,0.0,0.0
2018,AP,PSTU,top_necr,eleicao,2,0.0,0.0,0.0,0.0
2018,AP,PSTU,nucleo_80,competitividade,2,0.0,0.0,0.0,0.0
2018,AP,PSTU,nucleo_80,eleicao,2,0.0,0.0,0.0,0.0
2018,AP,PSTU,acima_divisao_igual,competitividade,2,0.0,0.0,0.0,0.0
2018,AP,PSTU,acima_divisao_igual,eleicao,2,0.0,0.0,0.0,0.0
2018,AP,PTB,top_necr,competitividade,7,6.0,1.0,1.0,0.8571428571428571
2018,AP,PTB,top_necr,eleicao,7,6.0,0.0,0.0,0.0
2018,AP,PTB,nucleo_80,competitividade,7,6.0,1.0,1.0,0.8571428571428571
2018,AP,PTB,nucleo_80,eleicao,7,6.0,0.0,0.0,0.0
2018,AP,PTB,acima_divisao_igual,competitividade,7,2.0,1.0,1.0,0.2857142857142857
2018,AP,PTB,acima_divisao_igual,eleicao,7,2.0,0.0,0.0,0.0
2018,AP,PTC,top_necr,competitividade,5,1.0,0.0,0.0,0.0
2018,AP,PTC,top_necr,eleicao,5,1.0,0.0,0.0,0.0
2018,AP,PTC,nucleo_80,competitividade,5,1.0,0.0,0.0,0.0
2018,AP,PTC,nucleo_80,eleicao,5,1.0,0.0,0.0,0.0
2018,AP,PTC,acima_divisao_igual,competitividade,5,1.0,0.0,0.0,0.0
2018,AP,PTC,acima_divisao_igual,eleicao,5,1.0,0.0,0.0,0.0
2018,AP,PV,top_necr,competitividade,6,5.0,0.0,0.0,0.0
2018,AP,PV,top_necr,eleicao,6,5.0,0.0,0.0,0.0
2018,AP,PV,nucleo_80,competitividade,6,5.0,0.0,0.0,0.0
2018,AP,PV,nucleo_80,eleicao,6,5.0,0.0,0.0,0.0
2018,AP,PV,acima_divisao_igual,competitividade,6,1.0,0.0,0.0,0.0
2018,AP,PV,acima_divisao_igual,eleicao,6,1.0,0.0,0.0,0.0
2018,AP,REDE,top_necr,competitividade,7,1.0,1.0,1.0,0.14285714285714285
2018,AP,REDE,top_necr,eleicao,7,1.0,0.0,0.0,0.0
2018,AP,REDE,nucleo_80,competitividade,7,1.0,1.0,1.0,0.14285714285714285
2018,AP,REDE,nucleo_80,eleicao,7,1.0,0.0,0.0,0.0
2018,AP,REDE,acima_divisao_igual,competitividade,7,1.0,1.0,1.0,0.14285714285714285
2018,AP,REDE,acima_divisao_igual,eleicao,7,1.0,0.0,0.0,0.0
2018,AP,SOLIDARIEDADE,top_necr,competitividade,3,1.0,0.0,0.0,0.0
2018,AP,SOLIDARIEDADE,top_necr,eleicao,3,1.0,0.0,0.0,0.0
2018,AP,SOLIDARIEDADE,nucleo_80,competitividade,3,1.0,0.0,0.0,0.0
2018,AP,SOLIDARIEDADE,nucleo_80,eleicao,3,1.0,0.0,0.0,0.0
2018,AP,SOLIDARIEDADE,acima_divisao_igual,competitividade,3,1.0,0.0,0.0,0.0
2018,AP,SOLIDARIEDADE,acima_divisao_igual,eleicao,3,1.0,0.0,0.0,0.0
2018,BA,AVANTE,top_necr,competitividade,14,3.0,2.0,1.0,0.42857142857142855
2018,BA,AVANTE,top_necr,eleicao,14,3.0,2.0,2.0,0.42857142857142855
2018,BA,AVANTE,nucleo_80,competitividade,14,3.0,2.0,1.0,0.42857142857142855
2018,BA,AVANTE,nucleo_80,eleicao,14,3.0,2.0,2.0,0.42857142857142855
2018,BA,AVANTE,acima_divisao_igual,competitividade,14,2.0,2.0,1.0,0.2857142857142857
2018,BA,AVANTE,acima_divisao_igual,eleicao,14,2.0,2.0,2.0,0.2857142857142857
2018,BA,DC,top_necr,competitividade,15,4.0,1.0,0.25,0.26666666666666666
2018,BA,DC,top_necr,eleicao,15,4.0,0.0,0.0,0.0
2018,BA,DC,nucleo_80,competitividade,15,3.0,1.0,0.0,0.2
2018,BA,DC,nucleo_80,eleicao,15,3.0,0.0,0.0,0.0
2018,BA,DC,acima_divisao_igual,competitividade,15,3.0,1.0,0.0,0.2
2018,BA,DC,acima_divisao_igual,eleicao,15,3.0,0.0,0.0,0.0
2018,BA,DEM,top_necr,competitividade,38,8.0,9.0,6.0,1.894736842105263
2018,BA,DEM,top_necr,eleicao,38,8.0,4.0,4.0,0.8421052631578947
2018,BA,DEM,nucleo_80,competitividade,38,7.0,9.0,6.0,1.6578947368421053
2018,BA,DEM,nucleo_80,eleicao,38,7.0,4.0,4.0,0.7368421052631579
2018,BA,DEM,acima_divisao_igual,competitividade,38,9.0,9.0,6.0,2.1315789473684212
2018,BA,DEM,acima_divisao_igual,eleicao,38,9.0,4.0,4.0,0.9473684210526315
2018,BA,MDB,top_necr,competitividade,36,4.0,4.0,3.0,0.4444444444444444
2018,BA,MDB,top_necr,eleicao,36,4.0,0.0,0.0,0.0
2018,BA,MDB,nucleo_80,competitividade,36,7.999999999999999,4.0,4.0,0.8888888888888888
2018,BA,MDB,nucleo_80,eleicao,36,7.999999999999999,0.0,0.0,0.0
2018,BA,MDB,acima_divisao_igual,competitividade,36,7.0,4.0,4.0,0.7777777777777778
2018,BA,MDB,acima_divisao_igual,eleicao,36,7.0,0.0,0.0,0.0
2018,BA,NOVO,top_necr,competitividade,8,7.0,0.0,0.0,0.0
2018,BA,NOVO,top_necr,eleicao,8,7.0,0.0,0.0,0.0
2018,BA,NOVO,nucleo_80,competitividade,8,6.0,0.0,0.0,0.0
2018,BA,NOVO,nucleo_80,eleicao,8,6.0,0.0,0.0,0.0
2018,BA,NOVO,acima_divisao_igual,competitividade,8,2.0,0.0,0.0,0.0
2018,BA,NOVO,acima_divisao_igual,eleicao,8,2.0,0.0,0.0,0.0
2018,BA,PATRI,top_necr,competitividade,39,2.0,2.0,1.0,0.10256410256410256
2018,BA,PATRI,top_necr,eleicao,39,2.0,0.0,0.0,0.0
2018,BA,PATRI,nucleo_80,competitividade,39,9.0,2.0,2.0,0.46153846153846156
2018,BA,PATRI,nucleo_80,eleicao,39,9.0,0.0,0.0,0.0
2018,BA,PATRI,acima_divisao_igual,competitividade,39,3.0,2.0,1.0,0.15384615384615385
2018,BA,PATRI,acima_divisao_igual,eleicao,39,3.0,0.0,0.0,0.0
2018,BA,PC DO B,top_necr,competitividade,2,2.0,2.0,2.0,2.0
2018,BA,PC DO B,top_necr,eleicao,2,2.0,2.0,2.0,2.0
2018,BA,PC DO B,nucleo_80,competitividade,2,2.0,2.0,2.0,2.0
2018,BA,PC DO B,nucleo_80,eleicao,2,2.0,2.0,2.0,2.0
2018,BA,PC DO B,acima_divisao_igual,competitividade,2,1.0,2.0,1.0,1.0
2018,BA,PC DO B,acima_divisao_igual,eleicao,2,1.0,2.0,1.0,1.0
2018,BA,PCO,top_necr,competitividade,2,2.0,0.0,0.0,0.0
2018,BA,PCO,top_necr,eleicao,2,2.0,0.0,0.0,0.0
2018,BA,PCO,nucleo_80,competitividade,2,2.0,0.0,0.0,0.0
2018,BA,PCO,nucleo_80,eleicao,2,2.0,0.0,0.0,0.0
2018,BA,PCO,acima_divisao_igual,competitividade,2,1.0,0.0,0.0,0.0
2018,BA,PCO,acima_divisao_igual,eleicao,2,1.0,0.0,0.0,0.0
2018,BA,PDT,top_necr,competitividade,36,2.0,4.0,2.0,0.2222222222222222
2018,BA,PDT,top_necr,eleicao,36,2.0,2.0,1.0,0.1111111111111111
2018,BA,PDT,nucleo_80,competitividade,36,4.0,4.0,3.0,0.4444444444444444
2018,BA,PDT,nucleo_80,eleicao,36,4.0,2.0,1.0,0.2222222222222222
2018,BA,PDT,acima_divisao_igual,competitividade,36,5.0,4.0,3.0,0.5555555555555556
2018,BA,PDT,acima_divisao_igual,eleicao,36,5.0,2.0,1.0,0.2777777777777778
2018,BA,PHS,top_necr,competitividade,25,4.0,5.0,1.0,0.8
2018,BA,PHS,top_necr,eleicao,25,4.0,2.0,1.0,0.32
2018,BA,PHS,nucleo_80,competitividade,25,3.0,5.0,0.0,0.6
2018,BA,PHS,nucleo_80,eleicao,25,3.0,2.0,0.0,0.24
2018,BA,PHS,acima_divisao_igual,competitividade,25,4.0,5.0,1.0,0.8
2018,BA,PHS,acima_divisao_igual,eleicao,25,4.0,2.0,1.0,0.32
2018,BA,PMB,top_necr,competitividade,1,1.0,1.0,1.0,1.0
2018,BA,PMB,top_necr,eleicao,1,1.0,0.0,0.0,0.0
2018,BA,PMB,nucleo_80,competitividade,1,1.0,1.0,1.0,1.0
2018,BA,PMB,nucleo_80,eleicao,1,1.0,0.0,0.0,0.0
2018,BA,PMB,acima_divisao_igual,competitividade,1,0.0,1.0,0.0,0.0
2018,BA,PMB,acima_divisao_igual,eleicao,1,0.0,0.0,0.0,0.0
2018,BA,PMN,top_necr,competitividade,8,2.0,0.0,0.0,0.0
2018,BA,PMN,top_necr,eleicao,8,2.0,0.0,0.0,0.0
2018,BA,PMN,nucleo_80,competitividade,8,2.0,0.0,0.0,0.0
2018,BA,PMN,nucleo_80,eleicao,8,2.0,0.0,0.0,0.0
2018,BA,PMN,acima_divisao_igual,competitividade,8,2.0,0.0,0.0,0.0
2018,BA,PMN,acima_divisao_igual,eleicao,8,2.0,0.0,0.0,0.0
2018,BA,PODE,top_necr,competitividade,4,1.0,1.0,1.0,0.25
2018,BA,PODE,top_necr,eleicao,4,1.0,1.0,1.0,0.25
2018,BA,PODE,nucleo_80,competitividade,4,1.0,1.0,1.0,0.25
2018,BA,PODE,nucleo_80,eleicao,4,1.0,1.0,1.0,0.25
2018,BA,PODE,acima_divisao_igual,competitividade,4,1.0,1.0,1.0,0.25
2018,BA,PODE,acima_divisao_igual,eleicao,4,1.0,1.0,1.0,0.25
2018,BA,PP,top_necr,competitividade,8,5.0,5.0,5.0,3.125
2018,BA,PP,top_necr,eleicao,8,5.0,4.0,4.0,2.5
2018,BA,PP,nucleo_80,competitividade,8,4.0,5.0,4.0,2.5
2018,BA,PP,nucleo_80,eleicao,8,4.0,4.0,4.0,2.0
2018,BA,PP,acima_divisao_igual,competitividade,8,5.0,5.0,5.0,3.125
2018,BA,PP,acima_divisao_igual,eleicao,8,5.0,4.0,4.0,2.5
2018,BA,PPL,top_necr,competitividade,9,1.0,0.0,0.0,0.0
2018,BA,PPL,top_necr,eleicao,9,1.0,1.0,1.0,0.1111111111111111
2018,BA,PPL,nucleo_80,competitividade,9,1.0,0.0,0.0,0.0
2018,BA,PPL,nucleo_80,eleicao,9,1.0,1.0,1.0,0.1111111111111111
2018,BA,PPL,acima_divisao_igual,competitividade,9,2.0,0.0,0.0,0.0
2018,BA,PPL,acima_divisao_igual,eleicao,9,2.0,1.0,1.0,0.2222222222222222
2018,BA,PPS,top_necr,competitividade,1,1.0,1.0,1.0,1.0
2018,BA,PPS,top_necr,eleicao,1,1.0,0.0,0.0,0.0
2018,BA,PPS,nucleo_80,competitividade,1,1.0,1.0,1.0,1.0
2018,BA,PPS,nucleo_80,eleicao,1,1.0,0.0,0.0,0.0
2018,BA,PPS,acima_divisao_igual,competitividade,1,0.0,1.0,0.0,0.0
2018,BA,PPS,acima_divisao_igual,eleicao,1,0.0,0.0,0.0,0.0
2018,BA,PR,top_necr,competitividade,3,3.0,3.0,3.0,3.0
2018,BA,PR,top_necr,eleicao,3,3.0,2.0,2.0,2.0
2018,BA,PR,nucleo_80,competitividade,3,3.0,3.0,3.0,3.0
2018,BA,PR,nucleo_80,eleicao,3,3.0,2.0,2.0,2.0
2018,BA,PR,acima_divisao_igual,competitividade,3,1.0,3.0,1.0,1.0
2018,BA,PR,acima_divisao_igual,eleicao,3,1.0,2.0,1.0,0.6666666666666666
2018,BA,PRB,top_necr,competitividade,4,3.0,2.0,2.0,1.5
2018,BA,PRB,top_necr,eleicao,4,3.0,2.0,2.0,1.5
2018,BA,PRB,nucleo_80,competitividade,4,3.0,2.0,2.0,1.5
2018,BA,PRB,nucleo_80,eleicao,4,3.0,2.0,2.0,1.5
2018,BA,PRB,acima_divisao_igual,competitividade,4,2.0,2.0,2.0,1.0
2018,BA,PRB,acima_divisao_igual,eleicao,4,2.0,2.0,1.0,1.0
2018,BA,PROS,top_necr,competitividade,12,1.0,0.0,0.0,0.0
2018,BA,PROS,top_necr,eleicao,12,1.0,0.0,0.0,0.0
2018,BA,PROS,nucleo_80,competitividade,12,1.0,0.0,0.0,0.0
2018,BA,PROS,nucleo_80,eleicao,12,1.0,0.0,0.0,0.0
2018,BA,PROS,acima_divisao_igual,competitividade,12,1.0,0.0,0.0,0.0
2018,BA,PROS,acima_divisao_igual,eleicao,12,1.0,0.0,0.0,0.0
2018,BA,PRP,top_necr,competitividade,11,1.0,0.0,0.0,0.0
2018,BA,PRP,top_necr,eleicao,11,1.0,1.0,0.0,0.09090909090909091
2018,BA,PRP,nucleo_80,competitividade,11,1.0,0.0,0.0,0.0
2018,BA,PRP,nucleo_80,eleicao,11,1.0,1.0,0.0,0.09090909090909091
2018,BA,PRP,acima_divisao_igual,competitividade,11,1.0,0.0,0.0,0.0
2018,BA,PRP,acima_divisao_igual,eleicao,11,1.0,1.0,0.0,0.09090909090909091
2018,BA,PRTB,top_necr,competitividade,9,2.0,1.0,1.0,0.2222222222222222
2018,BA,PRTB,top_necr,eleicao,9,2.0,0.0,0.0,0.0
2018,BA,PRTB,nucleo_80,competitividade,9,2.0,1.0,1.0,0.2222222222222222
2018,BA,PRTB,nucleo_80,eleicao,9,2.0,0.0,0.0,0.0
2018,BA,PRTB,acima_divisao_igual,competitividade,9,2.0,1.0,1.0,0.2222222222222222
2018,BA,PRTB,acima_divisao_igual,eleicao,9,2.0,0.0,0.0,0.0
2018,BA,PSB,top_necr,competitividade,6,2.0,2.0,2.0,0.6666666666666666
2018,BA,PSB,top_necr,eleicao,6,2.0,2.0,2.0,0.6666666666666666
2018,BA,PSB,nucleo_80,competitividade,6,2.0,2.0,2.0,0.6666666666666666
2018,BA,PSB,nucleo_80,eleicao,6,2.0,2.0,2.0,0.6666666666666666
2018,BA,PSB,acima_divisao_igual,competitividade,6,2.0,2.0,2.0,0.6666666666666666
2018,BA,PSB,acima_divisao_igual,eleicao,6,2.0,2.0,2.0,0.6666666666666666
2018,BA,PSC,top_necr,competitividade,9,2.0,0.0,0.0,0.0
2018,BA,PSC,top_necr,eleicao,9,2.0,0.0,0.0,0.0
2018,BA,PSC,nucleo_80,competitividade,9,1.0,0.0,0.0,0.0
2018,BA,PSC,nucleo_80,eleicao,9,1.0,0.0,0.0,0.0
2018,BA,PSC,acima_divisao_igual,competitividade,9,1.0,0.0,0.0,0.0
2018,BA,PSC,acima_divisao_igual,eleicao,9,1.0,0.0,0.0,0.0
2018,BA,PSD,top_necr,competitividade,10,9.0,5.0,5.0,4.5
2018,BA,PSD,top_necr,eleicao,10,9.0,5.0,5.0,4.5
2018,BA,PSD,nucleo_80,competitividade,10,7.0,5.0,5.0,3.5
2018,BA,PSD,nucleo_80,eleicao,10,7.0,5.0,5.0,3.5
2018,BA,PSD,acima_divisao_igual,competitividade,10,7.0,5.0,5.0,3.5
2018,BA,PSD,acima_divisao_igual,eleicao,10,7.0,5.0,5.0,3.5
2018,BA,PSDB,top_necr,competitividade,8,3.0,2.0,2.0,0.75
2018,BA,PSDB,top_necr,eleicao,8,3.0,1.0,1.0,0.375
2018,BA,PSDB,nucleo_80,competitividade,8,3.0,2.0,2.0,0.75
2018,BA,PSDB,nucleo_80,eleicao,8,3.0,1.0,1.0,0.375
2018,BA,PSDB,acima_divisao_igual,competitividade,8,2.0,2.0,2.0,0.5
2018,BA,PSDB,acima_divisao_igual,eleicao,8,2.0,1.0,1.0,0.25
2018,BA,PSL,top_necr,competitividade,4,1.0,0.0,0.0,0.0
2018,BA,PSL,top_necr,eleicao,4,1.0,1.0,1.0,0.25
2018,BA,PSL,nucleo_80,competitividade,4,1.0,0.0,0.0,0.0
2018,BA,PSL,nucleo_80,eleicao,4,1.0,1.0,1.0,0.25
2018,BA,PSL,acima_divisao_igual,competitividade,4,1.0,0.0,0.0,0.0
2018,BA,PSL,acima_divisao_igual,eleicao,4,1.0,1.0,1.0,0.25
2018,BA,PSOL,top_necr,competitividade,50,12.0,0.0,0.0,0.0
2018,BA,PSOL,top_necr,eleicao,50,12.0,0.0,0.0,0.0
2018,BA,PSOL,nucleo_80,competitividade,50,10.0,0.0,0.0,0.0
2018,BA,PSOL,nucleo_80,eleicao,50,10.0,0.0,0.0,0.0
2018,BA,PSOL,acima_divisao_igual,competitividade,50,11.0,0.0,0.0,0.0
2018,BA,PSOL,acima_divisao_igual,eleicao,50,11.0,0.0,0.0,0.0
2018,BA,PT,top_necr,competitividade,12,9.0,9.0,9.0,6.75
2018,BA,PT,top_necr,eleicao,12,9.0,7.0,7.0,5.25
2018,BA,PT,nucleo_80,competitividade,12,7.0,9.0,7.0,5.25
2018,BA,PT,nucleo_80,eleicao,12,7.0,7.0,6.0,4.083333333333333
2018,BA,PT,acima_divisao_igual,competitividade,12,6.0,9.0,6.0,4.5
2018,BA,PT,acima_divisao_igual,eleicao,12,6.0,7.0,6.0,3.5
2018,BA,PTB,top_necr,competitividade,3,1.0,2.0,1.0,0.6666666666666666
2018,BA,PTB,top_necr,eleicao,3,1.0,0.0,0.0,0.0
2018,BA,PTB,nucleo_80,competitividade,3,1.0,2.0,1.0,0.6666666666666666
2018,BA,PTB,nucleo_80,eleicao,3,1.0,0.0,0.0,0.0
2018,BA,PTB,acima_divisao_igual,competitividade,3,1.0,2.0,1.0,0.6666666666666666
2018,BA,PTB,acima_divisao_igual,eleicao,3,1.0,0.0,0.0,0.0
2018,BA,PTC,top_necr,competitividade,22,2.0,2.0,1.0,0.18181818181818182
2018,BA,PTC,top_necr,eleicao,22,2.0,0.0,0.0,0.0
2018,BA,PTC,nucleo_80,competitividade,22,2.0,2.0,1.0,0.18181818181818182
2018,BA,PTC,nucleo_80,eleicao,22,2.0,0.0,0.0,0.0
2018,BA,PTC,acima_divisao_igual,competitividade,22,3.0,2.0,1.0,0.2727272727272727
2018,BA,PTC,acima_divisao_igual,eleicao,22,3.0,0.0,0.0,0.0
2018,BA,PV,top_necr,competitividade,12,4.0,2.0,2.0,0.6666666666666666
2018,BA,PV,top_necr,eleicao,12,4.0,0.0,0.0,0.0
2018,BA,PV,nucleo_80,competitividade,12,4.0,2.0,2.0,0.6666666666666666
2018,BA,PV,nucleo_80,eleicao,12,4.0,0.0,0.0,0.0
2018,BA,PV,acima_divisao_igual,competitividade,12,3.0,2.0,2.0,0.5
2018,BA,PV,acima_divisao_igual,eleicao,12,3.0,0.0,0.0,0.0
2018,BA,REDE,top_necr,competitividade,20,2.0,0.0,0.0,0.0
2018,BA,REDE,top_necr,eleicao,20,2.0,0.0,0.0,0.0
2018,BA,REDE,nucleo_80,competitividade,20,7.0,0.0,0.0,0.0
2018,BA,REDE,nucleo_80,eleicao,20,7.0,0.0,0.0,0.0
2018,BA,REDE,acima_divisao_igual,competitividade,20,1.0,0.0,0.0,0.0
2018,BA,REDE,acima_divisao_igual,eleicao,20,1.0,0.0,0.0,0.0
2018,BA,SOLIDARIEDADE,top_necr,competitividade,6,1.0,0.0,0.0,0.0
2018,BA,SOLIDARIEDADE,top_necr,eleicao,6,1.0,0.0,0.0,0.0
2018,BA,SOLIDARIEDADE,nucleo_80,competitividade,6,1.0,0.0,0.0,0.0
2018,BA,SOLIDARIEDADE,nucleo_80,eleicao,6,1.0,0.0,0.0,0.0
2018,BA,SOLIDARIEDADE,acima_divisao_igual,competitividade,6,1.0,0.0,0.0,0.0
2018,BA,SOLIDARIEDADE,acima_divisao_igual,eleicao,6,1.0,0.0,0.0,0.0
2018,CE,AVANTE,top_necr,competitividade,6,1.0,1.0,1.0,0.16666666666666666
2018,CE,AVANTE,top_necr,eleicao,6,1.0,0.0,0.0,0.0
2018,CE,AVANTE,nucleo_80,competitividade,6,1.0,1.0,1.0,0.16666666666666666
2018,CE,AVANTE,nucleo_80,eleicao,6,1.0,0.0,0.0,0.0
2018,CE,AVANTE,acima_divisao_igual,competitividade,6,1.0,1.0,1.0,0.16666666666666666
2018,CE,AVANTE,acima_divisao_igual,eleicao,6,1.0,0.0,0.0,0.0
2018,CE,DC,top_necr,competitividade,7,6.0,0.0,0.0,0.0
2018,CE,DC,top_necr,eleicao,7,6.0,0.0,0.0,0.0
2018,CE,DC,nucleo_80,competitividade,7,5.0,0.0,0.0,0.0
2018,CE,DC,nucleo_80,eleicao,7,5.0,0.0,0.0,0.0
2018,CE,DC,acima_divisao_igual,competitividade,7,2.0,0.0,0.0,0.0
2018,CE,DC,acima_divisao_igual,eleicao,7,2.0,0.0,0.0,0.0
2018,CE,DEM,top_necr,competitividade,6,1.0,1.0,1.0,0.16666666666666666
2018,CE,DEM,top_necr,eleicao,6,1.0,0.0,0.0,0.0
2018,CE,DEM,nucleo_80,competitividade,6,1.0,1.0,1.0,0.16666666666666666
2018,CE,DEM,nucleo_80,eleicao,6,1.0,0.0,0.0,0.0
2018,CE,DEM,acima_divisao_igual,competitividade,6,1.0,1.0,1.0,0.16666666666666666
2018,CE,DEM,acima_divisao_igual,eleicao,6,1.0,0.0,0.0,0.0
2018,CE,MDB,top_necr,competitividade,6,3.0,1.0,1.0,0.5
2018,CE,MDB,top_necr,eleicao,6,3.0,1.0,1.0,0.5
2018,CE,MDB,nucleo_80,competitividade,6,3.0,1.0,1.0,0.5
2018,CE,MDB,nucleo_80,eleicao,6,3.0,1.0,1.0,0.5
2018,CE,MDB,acima_divisao_igual,competitividade,6,3.0,1.0,1.0,0.5
2018,CE,MDB,acima_divisao_igual,eleicao,6,3.0,1.0,1.0,0.5
2018,CE,NOVO,top_necr,competitividade,6,4.0,0.0,0.0,0.0
2018,CE,NOVO,top_necr,eleicao,6,4.0,0.0,0.0,0.0
2018,CE,NOVO,nucleo_80,competitividade,6,4.0,0.0,0.0,0.0
2018,CE,NOVO,nucleo_80,eleicao,6,4.0,0.0,0.0,0.0
2018,CE,NOVO,acima_divisao_igual,competitividade,6,2.0,0.0,0.0,0.0
2018,CE,NOVO,acima_divisao_igual,eleicao,6,2.0,0.0,0.0,0.0
2018,CE,PATRI,top_necr,competitividade,19,9.0,0.0,0.0,0.0
2018,CE,PATRI,top_necr,eleicao,19,9.0,1.0,0.0,0.47368421052631576
2018,CE,PATRI,nucleo_80,competitividade,19,9.0,0.0,0.0,0.0
2018,CE,PATRI,nucleo_80,eleicao,19,9.0,1.0,0.0,0.47368421052631576
2018,CE,PATRI,acima_divisao_igual,competitividade,19,6.0,0.0,0.0,0.0
2018,CE,PATRI,acima_divisao_igual,eleicao,19,6.0,1.0,0.0,0.3157894736842105
2018,CE,PC DO B,top_necr,competitividade,3,2.0,2.0,2.0,1.3333333333333333
2018,CE,PC DO B,top_necr,eleicao,3,2.0,0.0,0.0,0.0
2018,CE,PC DO B,nucleo_80,competitividade,3,2.0,2.0,2.0,1.3333333333333333
2018,CE,PC DO B,nucleo_80,eleicao,3,2.0,0.0,0.0,0.0
2018,CE,PC DO B,acima_divisao_igual,competitividade,3,2.0,2.0,2.0,1.3333333333333333
2018,CE,PC DO B,acima_divisao_igual,eleicao,3,2.0,0.0,0.0,0.0
2018,CE,PDT,top_necr,competitividade,14,3.0,6.0,3.0,1.2857142857142858
2018,CE,PDT,top_necr,eleicao,14,3.0,6.0,2.0,1.2857142857142858
2018,CE,PDT,nucleo_80,competitividade,14,3.0,6.0,3.0,1.2857142857142858
2018,CE,PDT,nucleo_80,eleicao,14,3.0,6.0,2.0,1.2857142857142858
2018,CE,PDT,acima_divisao_igual,competitividade,14,3.0,6.0,3.0,1.2857142857142858
2018,CE,PDT,acima_divisao_igual,eleicao,14,3.0,6.0,2.0,1.2857142857142858
2018,CE,PHS,top_necr,competitividade,5,2.0,0.0,0.0,0.0
2018,CE,PHS,top_necr,eleicao,5,2.0,0.0,0.0,0.0
2018,CE,PHS,nucleo_80,competitividade,5,2.0,0.0,0.0,0.0
2018,CE,PHS,nucleo_80,eleicao,5,2.0,0.0,0.0,0.0
2018,CE,PHS,acima_divisao_igual,competitividade,5,2.0,0.0,0.0,0.0
2018,CE,PHS,acima_divisao_igual,eleicao,5,2.0,0.0,0.0,0.0
2018,CE,PMN,top_necr,competitividade,3,1.0,0.0,0.0,0.0
2018,CE,PMN,top_necr,eleicao,3,1.0,0.0,0.0,0.0
2018,CE,PMN,nucleo_80,competitividade,3,1.0,0.0,0.0,0.0
2018,CE,PMN,nucleo_80,eleicao,3,1.0,0.0,0.0,0.0
2018,CE,PMN,acima_divisao_igual,competitividade,3,1.0,0.0,0.0,0.0
2018,CE,PMN,acima_divisao_igual,eleicao,3,1.0,0.0,0.0,0.0
2018,CE,PODE,top_necr,competitividade,3,1.0,1.0,1.0,0.3333333333333333
2018,CE,PODE,top_necr,eleicao,3,1.0,0.0,0.0,0.0
2018,CE,PODE,nucleo_80,competitividade,3,1.0,1.0,1.0,0.3333333333333333
2018,CE,PODE,nucleo_80,eleicao,3,1.0,0.0,0.0,0.0
2018,CE,PODE,acima_divisao_igual,competitividade,3,1.0,1.0,1.0,0.3333333333333333
2018,CE,PODE,acima_divisao_igual,eleicao,3,1.0,0.0,0.0,0.0
2018,CE,PP,top_necr,competitividade,3,2.0,0.0,0.0,0.0
2018,CE,PP,top_necr,eleicao,3,2.0,1.0,1.0,0.6666666666666666
2018,CE,PP,nucleo_80,competitividade,3,2.0,0.0,0.0,0.0
2018,CE,PP,nucleo_80,eleicao,3,2.0,1.0,1.0,0.6666666666666666
2018,CE,PP,acima_divisao_igual,competitividade,3,1.0,0.0,0.0,0.0
2018,CE,PP,acima_divisao_igual,eleicao,3,1.0,1.0,0.0,0.3333333333333333
2018,CE,PPL,top_necr,competitividade,2,0.0,0.0,0.0,0.0
2018,CE,PPL,top_necr,eleicao,2,0.0,0.0,0.0,0.0
2018,CE,PPL,nucleo_80,competitividade,2,0.0,0.0,0.0,0.0
2018,CE,PPL,nucleo_80,eleicao,2,0.0,0.0,0.0,0.0
2018,CE,PPL,acima_divisao_igual,competitividade,2,0.0,0.0,0.0,0.0
2018,CE,PPL,acima_divisao_igual,eleicao,2,0.0,0.0,0.0,0.0
2018,CE,PPS,top_necr,competitividade,5,1.0,1.0,1.0,0.2
2018,CE,PPS,top_necr,eleicao,5,1.0,0.0,0.0,0.0
2018,CE,PPS,nucleo_80,competitividade,5,1.0,1.0,1.0,0.2
2018,CE,PPS,nucleo_80,eleicao,5,1.0,0.0,0.0,0.0
2018,CE,PPS,acima_divisao_igual,competitividade,5,1.0,1.0,1.0,0.2
2018,CE,PPS,acima_divisao_igual,eleicao,5,1.0,0.0,0.0,0.0
2018,CE,PR,top_necr,competitividade,4,2.0,2.0,2.0,1.0
2018,CE,PR,top_necr,eleicao,4,2.0,1.0,1.0,0.5
2018,CE,PR,nucleo_80,competitividade,4,2.0,2.0,2.0,1.0
2018,CE,PR,nucleo_80,eleicao,4,2.0,1.0,1.0,0.5
2018,CE,PR,acima_divisao_igual,competitividade,4,2.0,2.0,2.0,1.0
2018,CE,PR,acima_divisao_igual,eleicao,4,2.0,1.0,1.0,0.5
2018,CE,PRB,top_necr,competitividade,1,1.0,1.0,1.0,1.0
2018,CE,PRB,top_necr,eleicao,1,1.0,0.0,0.0,0.0
2018,CE,PRB,nucleo_80,competitividade,1,1.0,1.0,1.0,1.0
2018,CE,PRB,nucleo_80,eleicao,1,1.0,0.0,0.0,0.0
2018,CE,PRB,acima_divisao_igual,competitividade,1,0.0,1.0,0.0,0.0
2018,CE,PRB,acima_divisao_igual,eleicao,1,0.0,0.0,0.0,0.0
2018,CE,PROS,top_necr,competitividade,30,6.0,5.0,2.0,1.0
2018,CE,PROS,top_necr,eleicao,30,6.0,2.0,2.0,0.4
2018,CE,PROS,nucleo_80,competitividade,30,6.0,5.0,2.0,1.0
2018,CE,PROS,nucleo_80,eleicao,30,6.0,2.0,2.0,0.4
2018,CE,PROS,acima_divisao_igual,competitividade,30,7.0,5.0,3.0,1.1666666666666667
2018,CE,PROS,acima_divisao_igual,eleicao,30,7.0,2.0,2.0,0.4666666666666667
2018,CE,PRP,top_necr,competitividade,1,1.0,0.0,0.0,0.0
2018,CE,PRP,top_necr,eleicao,1,1.0,0.0,0.0,0.0
2018,CE,PRP,nucleo_80,competitividade,1,1.0,0.0,0.0,0.0
2018,CE,PRP,nucleo_80,eleicao,1,1.0,0.0,0.0,0.0
2018,CE,PRP,acima_divisao_igual,competitividade,1,0.0,0.0,0.0,0.0
2018,CE,PRP,acima_divisao_igual,eleicao,1,0.0,0.0,0.0,0.0
2018,CE,PRTB,top_necr,competitividade,5,4.0,1.0,1.0,0.8
2018,CE,PRTB,top_necr,eleicao,5,4.0,0.0,0.0,0.0
2018,CE,PRTB,nucleo_80,competitividade,5,3.0,1.0,0.5,0.6
2018,CE,PRTB,nucleo_80,eleicao,5,3.0,0.0,0.0,0.0
2018,CE,PRTB,acima_divisao_igual,competitividade,5,2.0,1.0,0.0,0.4
2018,CE,PRTB,acima_divisao_igual,eleicao,5,2.0,0.0,0.0,0.0
2018,CE,PSB,top_necr,competitividade,3,2.0,1.0,1.0,0.6666666666666666
2018,CE,PSB,top_necr,eleicao,3,2.0,1.0,1.0,0.6666666666666666
2018,CE,PSB,nucleo_80,competitividade,3,2.0,1.0,1.0,0.6666666666666666
2018,CE,PSB,nucleo_80,eleicao,3,2.0,1.0,1.0,0.6666666666666666
2018,CE,PSB,acima_divisao_igual,competitividade,3,1.0,1.0,1.0,0.3333333333333333
2018,CE,PSB,acima_divisao_igual,eleicao,3,1.0,1.0,0.0,0.3333333333333333
2018,CE,PSC,top_necr,competitividade,1,1.0,0.0,0.0,0.0
2018,CE,PSC,top_necr,eleicao,1,1.0,0.0,0.0,0.0
2018,CE,PSC,nucleo_80,competitividade,1,1.0,0.0,0.0,0.0
2018,CE,PSC,nucleo_80,eleicao,1,1.0,0.0,0.0,0.0
2018,CE,PSC,acima_divisao_igual,competitividade,1,0.0,0.0,0.0,0.0
2018,CE,PSC,acima_divisao_igual,eleicao,1,0.0,0.0,0.0,0.0
2018,CE,PSD,top_necr,competitividade,5,2.0,2.0,2.0,0.8
2018,CE,PSD,top_necr,eleicao,5,2.0,1.0,1.0,0.4
2018,CE,PSD,nucleo_80,competitividade,5,2.0,2.0,2.0,0.8
2018,CE,PSD,nucleo_80,eleicao,5,2.0,1.0,1.0,0.4
2018,CE,PSD,acima_divisao_igual,competitividade,5,2.0,2.0,2.0,0.8
2018,CE,PSD,acima_divisao_igual,eleicao,5,2.0,1.0,1.0,0.4
2018,CE,PSDB,top_necr,competitividade,13,4.0,4.0,3.0,1.2307692307692308
2018,CE,PSDB,top_necr,eleicao,13,4.0,1.0,1.0,0.3076923076923077
2018,CE,PSDB,nucleo_80,competitividade,13,3.0,4.0,3.0,0.9230769230769231
2018,CE,PSDB,nucleo_80,eleicao,13,3.0,1.0,1.0,0.23076923076923078
2018,CE,PSDB,acima_divisao_igual,competitividade,13,4.0,4.0,3.0,1.2307692307692308
2018,CE,PSDB,acima_divisao_igual,eleicao,13,4.0,1.0,1.0,0.3076923076923077
2018,CE,PSL,top_necr,competitividade,21,1.0,0.0,0.0,0.0
2018,CE,PSL,top_necr,eleicao,21,1.0,1.0,1.0,0.047619047619047616
2018,CE,PSL,nucleo_80,competitividade,21,1.0,0.0,0.0,0.0
2018,CE,PSL,nucleo_80,eleicao,21,1.0,1.0,1.0,0.047619047619047616
2018,CE,PSL,acima_divisao_igual,competitividade,21,1.0,0.0,0.0,0.0
2018,CE,PSL,acima_divisao_igual,eleicao,21,1.0,1.0,1.0,0.047619047619047616
2018,CE,PSOL,top_necr,competitividade,23,6.0,0.0,0.0,0.0
2018,CE,PSOL,top_necr,eleicao,23,6.0,0.0,0.0,0.0
2018,CE,PSOL,nucleo_80,competitividade,23,8.0,0.0,0.0,0.0
2018,CE,PSOL,nucleo_80,eleicao,23,8.0,0.0,0.0,0.0
2018,CE,PSOL,acima_divisao_igual,competitividade,23,8.0,0.0,0.0,0.0
2018,CE,PSOL,acima_divisao_igual,eleicao,23,8.0,0.0,0.0,0.0
2018,CE,PSTU,top_necr,competitividade,1,0.0,0.0,0.0,0.0
2018,CE,PSTU,top_necr,eleicao,1,0.0,0.0,0.0,0.0
2018,CE,PSTU,nucleo_80,competitividade,1,0.0,0.0,0.0,0.0
2018,CE,PSTU,nucleo_80,eleicao,1,0.0,0.0,0.0,0.0
2018,CE,PSTU,acima_divisao_igual,competitividade,1,0.0,0.0,0.0,0.0
2018,CE,PSTU,acima_divisao_igual,eleicao,1,0.0,0.0,0.0,0.0
2018,CE,PT,top_necr,competitividade,12,5.0,4.0,4.0,1.6666666666666667
2018,CE,PT,top_necr,eleicao,12,5.0,3.0,3.0,1.25
2018,CE,PT,nucleo_80,competitividade,12,4.0,4.0,4.0,1.3333333333333333
2018,CE,PT,nucleo_80,eleicao,12,4.0,3.0,3.0,1.0
2018,CE,PT,acima_divisao_igual,competitividade,12,4.0,4.0,4.0,1.3333333333333333
2018,CE,PT,acima_divisao_igual,eleicao,12,4.0,3.0,3.0,1.0
2018,CE,PTB,top_necr,competitividade,2,2.0,0.0,0.0,0.0
2018,CE,PTB,top_necr,eleicao,2,2.0,1.0,1.0,1.0
2018,CE,PTB,nucleo_80,competitividade,2,2.0,0.0,0.0,0.0
2018,CE,PTB,nucleo_80,eleicao,2,2.0,1.0,1.0,1.0
2018,CE,PTB,acima_divisao_igual,competitividade,2,1.0,0.0,0.0,0.0
2018,CE,PTB,acima_divisao_igual,eleicao,2,1.0,1.0,1.0,0.5
2018,CE,PV,top_necr,competitividade,2,1.0,0.0,0.0,0.0
2018,CE,PV,top_necr,eleicao,2,1.0,1.0,1.0,0.5
2018,CE,PV,nucleo_80,competitividade,2,1.0,0.0,0.0,0.0
2018,CE,PV,nucleo_80,eleicao,2,1.0,1.0,1.0,0.5
2018,CE,PV,acima_divisao_igual,competitividade,2,1.0,0.0,0.0,0.0
2018,CE,PV,acima_divisao_igual,eleicao,2,1.0,1.0,1.0,0.5
2018,CE,REDE,top_necr,competitividade,15,13.0,0.0,0.0,0.0
2018,CE,REDE,top_necr,eleicao,15,13.0,0.0,0.0,0.0
2018,CE,REDE,nucleo_80,competitividade,15,11.000000000000002,0.0,0.0,0.0
2018,CE,REDE,nucleo_80,eleicao,15,11.000000000000002,0.0,0.0,0.0
2018,CE,REDE,acima_divisao_igual,competitividade,15,4.0,0.0,0.0,0.0
2018,CE,REDE,acima_divisao_igual,eleicao,15,4.0,0.0,0.0,0.0
2018,CE,SOLIDARIEDADE,top_necr,competitividade,2,2.0,2.0,2.0,2.0
2018,CE,SOLIDARIEDADE,top_necr,eleicao,2,2.0,1.0,1.0,1.0
2018,CE,SOLIDARIEDADE,nucleo_80,competitividade,2,2.0,2.0,2.0,2.0
2018,CE,SOLIDARIEDADE,nucleo_80,eleicao,2,2.0,1.0,1.0,1.0
2018,CE,SOLIDARIEDADE,acima_divisao_igual,competitividade,2,1.0,2.0,1.0,1.0
2018,CE,SOLIDARIEDADE,acima_divisao_igual,eleicao,2,1.0,1.0,1.0,0.5
2018,DF,AVANTE,top_necr,competitividade,8,7.0,0.0,0.0,0.0
2018,DF,AVANTE,top_necr,eleicao,8,7.0,0.0,0.0,0.0
2018,DF,AVANTE,nucleo_80,competitividade,8,6.0,0.0,0.0,0.0
2018,DF,AVANTE,nucleo_80,eleicao,8,6.0,0.0,0.0,0.0
2018,DF,AVANTE,acima_divisao_igual,competitividade,8,3.0,0.0,0.0,0.0
2018,DF,AVANTE,acima_divisao_igual,eleicao,8,3.0,0.0,0.0,0.0
2018,DF,DC,top_necr,competitividade,10,10.0,0.0,0.0,0.0
2018,DF,DC,top_necr,eleicao,10,10.0,0.0,0.0,0.0
2018,DF,DC,nucleo_80,competitividade,10,8.0,0.0,0.0,0.0
2018,DF,DC,nucleo_80,eleicao,10,8.0,0.0,0.0,0.0
2018,DF,DC,acima_divisao_igual,competitividade,10,2.0,0.0,0.0,0.0
2018,DF,DC,acima_divisao_igual,eleicao,10,2.0,0.0,0.0,0.0
2018,DF,DEM,top_necr,competitividade,3,1.0,0.0,0.0,0.0
2018,DF,DEM,top_necr,eleicao,3,1.0,1.0,0.0,0.3333333333333333
2018,DF,DEM,nucleo_80,competitividade,3,1.0,0.0,0.0,0.0
2018,DF,DEM,nucleo_80,eleicao,3,1.0,1.0,0.0,0.3333333333333333
2018,DF,DEM,acima_divisao_igual,competitividade,3,1.0,0.0,0.0,0.0
2018,DF,DEM,acima_divisao_igual,eleicao,3,1.0,1.0,0.0,0.3333333333333333
2018,DF,MDB,top_necr,competitividade,3,1.0,2.0,1.0,0.6666666666666666
2018,DF,MDB,top_necr,eleicao,3,1.0,0.0,0.0,0.0
2018,DF,MDB,nucleo_80,competitividade,3,1.0,2.0,1.0,0.6666666666666666
2018,DF,MDB,nucleo_80,eleicao,3,1.0,0.0,0.0,0.0
2018,DF,MDB,acima_divisao_igual,competitividade,3,1.0,2.0,1.0,0.6666666666666666
2018,DF,MDB,acima_divisao_igual,eleicao,3,1.0,0.0,0.0,0.0
2018,DF,NOVO,top_necr,competitividade,6,4.0,0.0,0.0,0.0
2018,DF,NOVO,top_necr,eleicao,6,4.0,0.0,0.0,0.0
2018,DF,NOVO,nucleo_80,competitividade,6,5.0,0.0,0.0,0.0
2018,DF,NOVO,nucleo_80,eleicao,6,5.0,0.0,0.0,0.0
2018,DF,NOVO,acima_divisao_igual,competitividade,6,1.0,0.0,0.0,0.0
2018,DF,NOVO,acima_divisao_igual,eleicao,6,1.0,0.0,0.0,0.0
2018,DF,PATRI,top_necr,competitividade,1,1.0,1.0,1.0,1.0
2018,DF,PATRI,top_necr,eleicao,1,1.0,0.0,0.0,0.0
2018,DF,PATRI,nucleo_80,competitividade,1,1.0,1.0,1.0,1.0
2018,DF,PATRI,nucleo_80,eleicao,1,1.0,0.0,0.0,0.0
2018,DF,PATRI,acima_divisao_igual,competitividade,1,0.0,1.0,0.0,0.0
2018,DF,PATRI,acima_divisao_igual,eleicao,1,0.0,0.0,0.0,0.0
2018,DF,PC DO B,top_necr,competitividade,2,1.0,0.0,0.0,0.0
2018,DF,PC DO B,top_necr,eleicao,2,1.0,0.0,0.0,0.0
2018,DF,PC DO B,nucleo_80,competitividade,2,1.0,0.0,0.0,0.0
2018,DF,PC DO B,nucleo_80,eleicao,2,1.0,0.0,0.0,0.0
2018,DF,PC DO B,acima_divisao_igual,competitividade,2,1.0,0.0,0.0,0.0
2018,DF,PC DO B,acima_divisao_igual,eleicao,2,1.0,0.0,0.0,0.0
2018,DF,PCB,top_necr,competitividade,1,1.0,0.0,0.0,0.0
2018,DF,PCB,top_necr,eleicao,1,1.0,0.0,0.0,0.0
2018,DF,PCB,nucleo_80,competitividade,1,1.0,0.0,0.0,0.0
2018,DF,PCB,nucleo_80,eleicao,1,1.0,0.0,0.0,0.0
2018,DF,PCB,acima_divisao_igual,competitividade,1,0.0,0.0,0.0,0.0
2018,DF,PCB,acima_divisao_igual,eleicao,1,0.0,0.0,0.0,0.0
2018,DF,PDT,top_necr,competitividade,4,2.0,0.0,0.0,0.0
2018,DF,PDT,top_necr,eleicao,4,2.0,0.0,0.0,0.0
2018,DF,PDT,nucleo_80,competitividade,4,2.0,0.0,0.0,0.0
2018,DF,PDT,nucleo_80,eleicao,4,2.0,0.0,0.0,0.0
2018,DF,PDT,acima_divisao_igual,competitividade,4,1.0,0.0,0.0,0.0
2018,DF,PDT,acima_divisao_igual,eleicao,4,1.0,0.0,0.0,0.0
2018,DF,PHS,top_necr,competitividade,3,2.0,1.0,1.0,0.6666666666666666
2018,DF,PHS,top_necr,eleicao,3,2.0,0.0,0.0,0.0
2018,DF,PHS,nucleo_80,competitividade,3,2.0,1.0,1.0,0.6666666666666666
2018,DF,PHS,nucleo_80,eleicao,3,2.0,0.0,0.0,0.0
2018,DF,PHS,acima_divisao_igual,competitividade,3,2.0,1.0,1.0,0.6666666666666666
2018,DF,PHS,acima_divisao_igual,eleicao,3,2.0,0.0,0.0,0.0
2018,DF,PMB,top_necr,competitividade,1,1.0,0.0,0.0,0.0
2018,DF,PMB,top_necr,eleicao,1,1.0,0.0,0.0,0.0
2018,DF,PMB,nucleo_80,competitividade,1,1.0,0.0,0.0,0.0
2018,DF,PMB,nucleo_80,eleicao,1,1.0,0.0,0.0,0.0
2018,DF,PMB,acima_divisao_igual,competitividade,1,0.0,0.0,0.0,0.0
2018,DF,PMB,acima_divisao_igual,eleicao,1,0.0,0.0,0.0,0.0
2018,DF,PMN,top_necr,competitividade,5,1.0,1.0,1.0,0.2
2018,DF,PMN,top_necr,eleicao,5,1.0,0.0,0.0,0.0
2018,DF,PMN,nucleo_80,competitividade,5,1.0,1.0,1.0,0.2
2018,DF,PMN,nucleo_80,eleicao,5,1.0,0.0,0.0,0.0
2018,DF,PMN,acima_divisao_igual,competitividade,5,1.0,1.0,1.0,0.2
2018,DF,PMN,acima_divisao_igual,eleicao,5,1.0,0.0,0.0,0.0
2018,DF,PODE,top_necr,competitividade,1,1.0,1.0,1.0,1.0
2018,DF,PODE,top_necr,eleicao,1,1.0,0.0,0.0,0.0
2018,DF,PODE,nucleo_80,competitividade,1,1.0,1.0,1.0,1.0
2018,DF,PODE,nucleo_80,eleicao,1,1.0,0.0,0.0,0.0
2018,DF,PODE,acima_divisao_igual,competitividade,1,0.0,1.0,0.0,0.0
2018,DF,PODE,acima_divisao_igual,eleicao,1,0.0,0.0,0.0,0.0
2018,DF,PP,top_necr,competitividade,2,2.0,2.0,2.0,2.0
2018,DF,PP,top_necr,eleicao,2,2.0,1.0,1.0,1.0
2018,DF,PP,nucleo_80,competitividade,2,2.0,2.0,2.0,2.0
2018,DF,PP,nucleo_80,eleicao,2,2.0,1.0,1.0,1.0
2018,DF,PP,acima_divisao_igual,competitividade,2,1.0,2.0,1.0,1.0
2018,DF,PP,acima_divisao_igual,eleicao,2,1.0,1.0,1.0,0.5
2018,DF,PPL,top_necr,competitividade,13,6.0,0.0,0.0,0.0
2018,DF,PPL,top_necr,eleicao,13,6.0,0.0,0.0,0.0
2018,DF,PPL,nucleo_80,competitividade,13,5.0,0.0,0.0,0.0
2018,DF,PPL,nucleo_80,eleicao,13,5.0,0.0,0.0,0.0
2018,DF,PPL,acima_divisao_igual,competitividade,13,4.0,0.0,0.0,0.0
2018,DF,PPL,acima_divisao_igual,eleicao,13,4.0,0.0,0.0,0.0
2018,DF,PPS,top_necr,competitividade,4,2.0,0.0,0.0,0.0
2018,DF,PPS,top_necr,eleicao,4,2.0,1.0,1.0,0.5
2018,DF,PPS,nucleo_80,competitividade,4,2.0,0.0,0.0,0.0
2018,DF,PPS,nucleo_80,eleicao,4,2.0,1.0,1.0,0.5
2018,DF,PPS,acima_divisao_igual,competitividade,4,1.0,0.0,0.0,0.0
2018,DF,PPS,acima_divisao_igual,eleicao,4,1.0,1.0,1.0,0.25
2018,DF,PR,top_necr,competitividade,5,2.0,1.0,1.0,0.4
2018,DF,PR,top_necr,eleicao,5,2.0,1.0,1.0,0.4
2018,DF,PR,nucleo_80,competitividade,5,2.0,1.0,1.0,0.4
2018,DF,PR,nucleo_80,eleicao,5,2.0,1.0,1.0,0.4
2018,DF,PR,acima_divisao_igual,competitividade,5,2.0,1.0,1.0,0.4
2018,DF,PR,acima_divisao_igual,eleicao,5,2.0,1.0,1.0,0.4
2018,DF,PRB,top_necr,competitividade,3,1.0,1.0,1.0,0.3333333333333333
2018,DF,PRB,top_necr,eleicao,3,1.0,1.0,1.0,0.3333333333333333
2018,DF,PRB,nucleo_80,competitividade,3,1.0,1.0,1.0,0.3333333333333333
2018,DF,PRB,nucleo_80,eleicao,3,1.0,1.0,1.0,0.3333333333333333
2018,DF,PRB,acima_divisao_igual,competitividade,3,1.0,1.0,1.0,0.3333333333333333
2018,DF,PRB,acima_divisao_igual,eleicao,3,1.0,1.0,1.0,0.3333333333333333
2018,DF,PROS,top_necr,competitividade,7,3.0,2.0,1.0,0.8571428571428571
2018,DF,PROS,top_necr,eleicao,7,3.0,0.0,0.0,0.0
2018,DF,PROS,nucleo_80,competitividade,7,3.0,2.0,1.0,0.8571428571428571
2018,DF,PROS,nucleo_80,eleicao,7,3.0,0.0,0.0,0.0
2018,DF,PROS,acima_divisao_igual,competitividade,7,3.0,2.0,1.0,0.8571428571428571
2018,DF,PROS,acima_divisao_igual,eleicao,7,3.0,0.0,0.0,0.0
2018,DF,PRP,top_necr,competitividade,9,2.0,0.0,0.0,0.0
2018,DF,PRP,top_necr,eleicao,9,2.0,1.0,1.0,0.2222222222222222
2018,DF,PRP,nucleo_80,competitividade,9,2.0,0.0,0.0,0.0
2018,DF,PRP,nucleo_80,eleicao,9,2.0,1.0,1.0,0.2222222222222222
2018,DF,PRP,acima_divisao_igual,competitividade,9,2.0,0.0,0.0,0.0
2018,DF,PRP,acima_divisao_igual,eleicao,9,2.0,1.0,1.0,0.2222222222222222
2018,DF,PRTB,top_necr,competitividade,5,4.0,0.0,0.0,0.0
2018,DF,PRTB,top_necr,eleicao,5,4.0,0.0,0.0,0.0
2018,DF,PRTB,nucleo_80,competitividade,5,4.0,0.0,0.0,0.0
2018,DF,PRTB,nucleo_80,eleicao,5,4.0,0.0,0.0,0.0
2018,DF,PRTB,acima_divisao_igual,competitividade,5,2.0,0.0,0.0,0.0
2018,DF,PRTB,acima_divisao_igual,eleicao,5,2.0,0.0,0.0,0.0
2018,DF,PSB,top_necr,competitividade,2,2.0,1.0,1.0,1.0
2018,DF,PSB,top_necr,eleicao,2,2.0,0.0,0.0,0.0
2018,DF,PSB,nucleo_80,competitividade,2,2.0,1.0,1.0,1.0
2018,DF,PSB,nucleo_80,eleicao,2,2.0,0.0,0.0,0.0
2018,DF,PSB,acima_divisao_igual,competitividade,2,1.0,1.0,1.0,0.5
2018,DF,PSB,acima_divisao_igual,eleicao,2,1.0,0.0,0.0,0.0
2018,DF,PSC,top_necr,competitividade,4,3.0,1.0,0.0,0.75
2018,DF,PSC,top_necr,eleicao,4,3.0,0.0,0.0,0.0
2018,DF,PSC,nucleo_80,competitividade,4,3.0,1.0,0.0,0.75
2018,DF,PSC,nucleo_80,eleicao,4,3.0,0.0,0.0,0.0
2018,DF,PSC,acima_divisao_igual,competitividade,4,1.0,1.0,0.0,0.25
2018,DF,PSC,acima_divisao_igual,eleicao,4,1.0,0.0,0.0,0.0
2018,DF,PSD,top_necr,competitividade,1,1.0,0.0,0.0,0.0
2018,DF,PSD,top_necr,eleicao,1,1.0,0.0,0.0,0.0
2018,DF,PSD,nucleo_80,competitividade,1,1.0,0.0,0.0,0.0
2018,DF,PSD,nucleo_80,eleicao,1,1.0,0.0,0.0,0.0
2018,DF,PSD,acima_divisao_igual,competitividade,1,0.0,0.0,0.0,0.0
2018,DF,PSD,acima_divisao_igual,eleicao,1,0.0,0.0,0.0,0.0
2018,DF,PSDB,top_necr,competitividade,8,5.0,1.0,0.0,0.625
2018,DF,PSDB,top_necr,eleicao,8,5.0,0.0,0.0,0.0
2018,DF,PSDB,nucleo_80,competitividade,8,5.0,1.0,0.0,0.625
2018,DF,PSDB,nucleo_80,eleicao,8,5.0,0.0,0.0,0.0
2018,DF,PSDB,acima_divisao_igual,competitividade,8,2.0,1.0,0.0,0.25
2018,DF,PSDB,acima_divisao_igual,eleicao,8,2.0,0.0,0.0,0.0
2018,DF,PSL,top_necr,competitividade,3,2.0,0.0,0.0,0.0
2018,DF,PSL,top_necr,eleicao,3,2.0,0.0,0.0,0.0
2018,DF,PSL,nucleo_80,competitividade,3,2.0,0.0,0.0,0.0
2018,DF,PSL,nucleo_80,eleicao,3,2.0,0.0,0.0,0.0
2018,DF,PSL,acima_divisao_igual,competitividade,3,2.0,0.0,0.0,0.0
2018,DF,PSL,acima_divisao_igual,eleicao,3,2.0,0.0,0.0,0.0
2018,DF,PSOL,top_necr,competitividade,15,6.0,1.0,1.0,0.4
2018,DF,PSOL,top_necr,eleicao,15,6.0,0.0,0.0,0.0
2018,DF,PSOL,nucleo_80,competitividade,15,6.0,1.0,1.0,0.4
2018,DF,PSOL,nucleo_80,eleicao,15,6.0,0.0,0.0,0.0
2018,DF,PSOL,acima_divisao_igual,competitividade,15,6.0,1.0,1.0,0.4
2018,DF,PSOL,acima_divisao_igual,eleicao,15,6.0,0.0,0.0,0.0
2018,DF,PSTU,top_necr,competitividade,1,1.0,0.0,0.0,0.0
2018,DF,PSTU,top_necr,eleicao,1,1.0,0.0,0.0,0.0
2018,DF,PSTU,nucleo_80,competitividade,1,1.0,0.0,0.0,0.0
2018,DF,PSTU,nucleo_80,eleicao,1,1.0,0.0,0.0,0.0
2018,DF,PSTU,acima_divisao_igual,competitividade,1,0.0,0.0,0.0,0.0
2018,DF,PSTU,acima_divisao_igual,eleicao,1,0.0,0.0,0.0,0.0
2018,DF,PT,top_necr,competitividade,16,3.0,1.0,1.0,0.1875
2018,DF,PT,top_necr,eleicao,16,3.0,1.0,1.0,0.1875
2018,DF,PT,nucleo_80,competitividade,16,3.0,1.0,1.0,0.1875
2018,DF,PT,nucleo_80,eleicao,16,3.0,1.0,1.0,0.1875
2018,DF,PT,acima_divisao_igual,competitividade,16,3.0,1.0,1.0,0.1875
2018,DF,PT,acima_divisao_igual,eleicao,16,3.0,1.0,1.0,0.1875
2018,DF,PTB,top_necr,competitividade,1,1.0,0.0,0.0,0.0
2018,DF,PTB,top_necr,eleicao,1,1.0,0.0,0.0,0.0
2018,DF,PTB,nucleo_80,competitividade,1,1.0,0.0,0.0,0.0
2018,DF,PTB,nucleo_80,eleicao,1,1.0,0.0,0.0,0.0
2018,DF,PTB,acima_divisao_igual,competitividade,1,0.0,0.0,0.0,0.0
2018,DF,PTB,acima_divisao_igual,eleicao,1,0.0,0.0,0.0,0.0
2018,DF,PTC,top_necr,competitividade,6,1.9999999999999998,1.0,1.0,0.3333333333333333
2018,DF,PTC,top_necr,eleicao,6,1.9999999999999998,0.0,0.0,0.0
2018,DF,PTC,nucleo_80,competitividade,6,1.0,1.0,1.0,0.16666666666666666
2018,DF,PTC,nucleo_80,eleicao,6,1.0,0.0,0.0,0.0
2018,DF,PTC,acima_divisao_igual,competitividade,6,1.0,1.0,1.0,0.16666666666666666
2018,DF,PTC,acima_divisao_igual,eleicao,6,1.0,0.0,0.0,0.0
2018,DF,PV,top_necr,competitividade,2,2.0,1.0,1.0,1.0
2018,DF,PV,top_necr,eleicao,2,2.0,1.0,1.0,1.0
2018,DF,PV,nucleo_80,competitividade,2,2.0,1.0,1.0,1.0
2018,DF,PV,nucleo_80,eleicao,2,2.0,1.0,1.0,1.0
2018,DF,PV,acima_divisao_igual,competitividade,2,1.0,1.0,1.0,0.5
2018,DF,PV,acima_divisao_igual,eleicao,2,1.0,1.0,1.0,0.5
2018,DF,REDE,top_necr,competitividade,6,1.0,0.0,0.0,0.0
2018,DF,REDE,top_necr,eleicao,6,1.0,0.0,0.0,0.0
2018,DF,REDE,nucleo_80,competitividade,6,1.0,0.0,0.0,0.0
2018,DF,REDE,nucleo_80,eleicao,6,1.0,0.0,0.0,0.0
2018,DF,REDE,acima_divisao_igual,competitividade,6,1.0,0.0,0.0,0.0
2018,DF,REDE,acima_divisao_igual,eleicao,6,1.0,0.0,0.0,0.0
2018,DF,SOLIDARIEDADE,top_necr,competitividade,1,1.0,1.0,1.0,1.0
2018,DF,SOLIDARIEDADE,top_necr,eleicao,1,1.0,0.0,0.0,0.0
2018,DF,SOLIDARIEDADE,nucleo_80,competitividade,1,1.0,1.0,1.0,1.0
2018,DF,SOLIDARIEDADE,nucleo_80,eleicao,1,1.0,0.0,0.0,0.0
2018,DF,SOLIDARIEDADE,acima_divisao_igual,competitividade,1,0.0,1.0,0.0,0.0
2018,DF,SOLIDARIEDADE,acima_divisao_igual,eleicao,1,0.0,0.0,0.0,0.0
2018,ES,AVANTE,top_necr,competitividade,2,2.0,0.0,0.0,0.0
2018,ES,AVANTE,top_necr,eleicao,2,2.0,0.0,0.0,0.0
2018,ES,AVANTE,nucleo_80,competitividade,2,2.0,0.0,0.0,0.0
2018,ES,AVANTE,nucleo_80,eleicao,2,2.0,0.0,0.0,0.0
2018,ES,AVANTE,acima_divisao_igual,competitividade,2,1.0,0.0,0.0,0.0
2018,ES,AVANTE,acima_divisao_igual,eleicao,2,1.0,0.0,0.0,0.0
2018,ES,DC,top_necr,competitividade,11,9.0,0.0,0.0,0.0
2018,ES,DC,top_necr,eleicao,11,9.0,0.0,0.0,0.0
2018,ES,DC,nucleo_80,competitividade,11,8.0,0.0,0.0,0.0
2018,ES,DC,nucleo_80,eleicao,11,8.0,0.0,0.0,0.0
2018,ES,DC,acima_divisao_igual,competitividade,11,9.0,0.0,0.0,0.0
2018,ES,DC,acima_divisao_igual,eleicao,11,9.0,0.0,0.0,0.0
2018,ES,DEM,top_necr,competitividade,2,1.0,1.0,1.0,0.5
2018,ES,DEM,top_necr,eleicao,2,1.0,1.0,1.0,0.5
2018,ES,DEM,nucleo_80,competitividade,2,1.0,1.0,1.0,0.5
2018,ES,DEM,nucleo_80,eleicao,2,1.0,1.0,1.0,0.5
2018,ES,DEM,acima_divisao_igual,competitividade,2,1.0,1.0,1.0,0.5
2018,ES,DEM,acima_divisao_igual,eleicao,2,1.0,1.0,1.0,0.5
2018,ES,MDB,top_necr,competitividade,4,1.0,1.0,1.0,0.25
2018,ES,MDB,top_necr,eleicao,4,1.0,0.0,0.0,0.0
2018,ES,MDB,nucleo_80,competitividade,4,1.0,1.0,1.0,0.25
2018,ES,MDB,nucleo_80,eleicao,4,1.0,0.0,0.0,0.0
2018,ES,MDB,acima_divisao_igual,competitividade,4,1.0,1.0,1.0,0.25
2018,ES,MDB,acima_divisao_igual,eleicao,4,1.0,0.0,0.0,0.0
2018,ES,NOVO,top_necr,competitividade,6,6.0,0.0,0.0,0.0
2018,ES,NOVO,top_necr,eleicao,6,6.0,0.0,0.0,0.0
2018,ES,NOVO,nucleo_80,competitividade,6,5.0,0.0,0.0,0.0
2018,ES,NOVO,nucleo_80,eleicao,6,5.0,0.0,0.0,0.0
2018,ES,NOVO,acima_divisao_igual,competitividade,6,0.0,0.0,0.0,0.0
2018,ES,NOVO,acima_divisao_igual,eleicao,6,0.0,0.0,0.0,0.0
2018,ES,PATRI,top_necr,competitividade,1,0.0,0.0,0.0,0.0
2018,ES,PATRI,top_necr,eleicao,1,0.0,0.0,0.0,0.0
2018,ES,PATRI,nucleo_80,competitividade,1,0.0,0.0,0.0,0.0
2018,ES,PATRI,nucleo_80,eleicao,1,0.0,0.0,0.0,0.0
2018,ES,PATRI,acima_divisao_igual,competitividade,1,0.0,0.0,0.0,0.0
2018,ES,PATRI,acima_divisao_igual,eleicao,1,0.0,0.0,0.0,0.0
2018,ES,PC DO B,top_necr,competitividade,1,1.0,1.0,1.0,1.0
2018,ES,PC DO B,top_necr,eleicao,1,1.0,0.0,0.0,0.0
2018,ES,PC DO B,nucleo_80,competitividade,1,1.0,1.0,1.0,1.0
2018,ES,PC DO B,nucleo_80,eleicao,1,1.0,0.0,0.0,0.0
2018,ES,PC DO B,acima_divisao_igual,competitividade,1,0.0,1.0,0.0,0.0
2018,ES,PC DO B,acima_divisao_igual,eleicao,1,0.0,0.0,0.0,0.0
2018,ES,PDT,top_necr,competitividade,5,1.0,2.0,1.0,0.4
2018,ES,PDT,top_necr,eleicao,5,1.0,1.0,1.0,0.2
2018,ES,PDT,nucleo_80,competitividade,5,1.0,2.0,1.0,0.4
2018,ES,PDT,nucleo_80,eleicao,5,1.0,1.0,1.0,0.2
2018,ES,PDT,acima_divisao_igual,competitividade,5,1.0,2.0,1.0,0.4
2018,ES,PDT,acima_divisao_igual,eleicao,5,1.0,1.0,1.0,0.2
2018,ES,PHS,top_necr,competitividade,3,2.0,0.0,0.0,0.0
2018,ES,PHS,top_necr,eleicao,3,2.0,0.0,0.0,0.0
2018,ES,PHS,nucleo_80,competitividade,3,2.0,0.0,0.0,0.0
2018,ES,PHS,nucleo_80,eleicao,3,2.0,0.0,0.0,0.0
2018,ES,PHS,acima_divisao_igual,competitividade,3,2.0,0.0,0.0,0.0
2018,ES,PHS,acima_divisao_igual,eleicao,3,2.0,0.0,0.0,0.0
2018,ES,PMB,top_necr,competitividade,5,4.0,0.0,0.0,0.0
2018,ES,PMB,top_necr,eleicao,5,4.0,0.0,0.0,0.0
2018,ES,PMB,nucleo_80,competitividade,5,3.0,0.0,0.0,0.0
2018,ES,PMB,nucleo_80,eleicao,5,3.0,0.0,0.0,0.0
2018,ES,PMB,acima_divisao_igual,competitividade,5,2.0,0.0,0.0,0.0
2018,ES,PMB,acima_divisao_igual,eleicao,5,2.0,0.0,0.0,0.0
2018,ES,PMN,top_necr,competitividade,1,1.0,0.0,0.0,0.0
2018,ES,PMN,top_necr,eleicao,1,1.0,0.0,0.0,0.0
2018,ES,PMN,nucleo_80,competitividade,1,1.0,0.0,0.0,0.0
2018,ES,PMN,nucleo_80,eleicao,1,1.0,0.0,0.0,0.0
2018,ES,PMN,acima_divisao_igual,competitividade,1,0.0,0.0,0.0,0.0
2018,ES,PMN,acima_divisao_igual,eleicao,1,0.0,0.0,0.0,0.0
2018,ES,PODE,top_necr,competitividade,6,6.0,1.0,1.0,1.0
2018,ES,PODE,top_necr,eleicao,6,6.0,0.0,0.0,0.0
2018,ES,PODE,nucleo_80,competitividade,6,5.0,1.0,0.8333333333333334,0.8333333333333334
2018,ES,PODE,nucleo_80,eleicao,6,5.0,0.0,0.0,0.0
2018,ES,PODE,acima_divisao_igual,competitividade,6,0.0,1.0,0.0,0.0
2018,ES,PODE,acima_divisao_igual,eleicao,6,0.0,0.0,0.0,0.0
2018,ES,PP,top_necr,competitividade,7,3.0,1.0,1.0,0.42857142857142855
2018,ES,PP,top_necr,eleicao,7,3.0,1.0,1.0,0.42857142857142855
2018,ES,PP,nucleo_80,competitividade,7,3.0,1.0,1.0,0.42857142857142855
2018,ES,PP,nucleo_80,eleicao,7,3.0,1.0,1.0,0.42857142857142855
2018,ES,PP,acima_divisao_igual,competitividade,7,2.0,1.0,1.0,0.2857142857142857
2018,ES,PP,acima_divisao_igual,eleicao,7,2.0,1.0,1.0,0.2857142857142857
2018,ES,PPL,top_necr,competitividade,1,1.0,1.0,1.0,1.0
2018,ES,PPL,top_necr,eleicao,1,1.0,0.0,0.0,0.0
2018,ES,PPL,nucleo_80,competitividade,1,1.0,1.0,1.0,1.0
2018,ES,PPL,nucleo_80,eleicao,1,1.0,0.0,0.0,0.0
2018,ES,PPL,acima_divisao_igual,competitividade,1,0.0,1.0,0.0,0.0
2018,ES,PPL,acima_divisao_igual,eleicao,1,0.0,0.0,0.0,0.0
2018,ES,PPS,top_necr,competitividade,5,3.0,2.0,2.0,1.2
2018,ES,PPS,top_necr,eleicao,5,3.0,1.0,1.0,0.6
2018,ES,PPS,nucleo_80,competitividade,5,3.0,2.0,2.0,1.2
2018,ES,PPS,nucleo_80,eleicao,5,3.0,1.0,1.0,0.6
2018,ES,PPS,acima_divisao_igual,competitividade,5,2.0,2.0,1.0,0.8
2018,ES,PPS,acima_divisao_igual,eleicao,5,2.0,1.0,1.0,0.4
2018,ES,PR,top_necr,competitividade,3,2.0,2.0,2.0,1.3333333333333333
2018,ES,PR,top_necr,eleicao,3,2.0,1.0,1.0,0.6666666666666666
2018,ES,PR,nucleo_80,competitividade,3,2.0,2.0,2.0,1.3333333333333333
2018,ES,PR,nucleo_80,eleicao,3,2.0,1.0,1.0,0.6666666666666666
2018,ES,PR,acima_divisao_igual,competitividade,3,2.0,2.0,2.0,1.3333333333333333
2018,ES,PR,acima_divisao_igual,eleicao,3,2.0,1.0,1.0,0.6666666666666666
2018,ES,PRB,top_necr,competitividade,10,4.0,3.0,2.0,1.2
2018,ES,PRB,top_necr,eleicao,10,4.0,1.0,1.0,0.4
2018,ES,PRB,nucleo_80,competitividade,10,3.0,3.0,2.0,0.9
2018,ES,PRB,nucleo_80,eleicao,10,3.0,1.0,1.0,0.3
2018,ES,PRB,acima_divisao_igual,competitividade,10,3.0,3.0,2.0,0.9
2018,ES,PRB,acima_divisao_igual,eleicao,10,3.0,1.0,1.0,0.3
2018,ES,PROS,top_necr,competitividade,3,1.0,1.0,1.0,0.3333333333333333
2018,ES,PROS,top_necr,eleicao,3,1.0,0.0,0.0,0.0
2018,ES,PROS,nucleo_80,competitividade,3,1.0,1.0,1.0,0.3333333333333333
2018,ES,PROS,nucleo_80,eleicao,3,1.0,0.0,0.0,0.0
2018,ES,PROS,acima_divisao_igual,competitividade,3,1.0,1.0,1.0,0.3333333333333333
2018,ES,PROS,acima_divisao_igual,eleicao,3,1.0,0.0,0.0,0.0
2018,ES,PRP,top_necr,competitividade,3,3.0,1.0,1.0,1.0
2018,ES,PRP,top_necr,eleicao,3,3.0,0.0,0.0,0.0
2018,ES,PRP,nucleo_80,competitividade,3,2.0,1.0,1.0,0.6666666666666666
2018,ES,PRP,nucleo_80,eleicao,3,2.0,0.0,0.0,0.0
2018,ES,PRP,acima_divisao_igual,competitividade,3,1.0,1.0,1.0,0.3333333333333333
2018,ES,PRP,acima_divisao_igual,eleicao,3,1.0,0.0,0.0,0.0
2018,ES,PRTB,top_necr,competitividade,6,2.0,0.0,0.0,0.0
2018,ES,PRTB,top_necr,eleicao,6,2.0,0.0,0.0,0.0
2018,ES,PRTB,nucleo_80,competitividade,6,2.0,0.0,0.0,0.0
2018,ES,PRTB,nucleo_80,eleicao,6,2.0,0.0,0.0,0.0
2018,ES,PRTB,acima_divisao_igual,competitividade,6,2.0,0.0,0.0,0.0
2018,ES,PRTB,acima_divisao_igual,eleicao,6,2.0,0.0,0.0,0.0
2018,ES,PSB,top_necr,competitividade,10,3.0,2.0,2.0,0.6
2018,ES,PSB,top_necr,eleicao,10,3.0,2.0,1.0,0.6
2018,ES,PSB,nucleo_80,competitividade,10,4.0,2.0,2.0,0.8
2018,ES,PSB,nucleo_80,eleicao,10,4.0,2.0,2.0,0.8
2018,ES,PSB,acima_divisao_igual,competitividade,10,3.0,2.0,2.0,0.6
2018,ES,PSB,acima_divisao_igual,eleicao,10,3.0,2.0,1.0,0.6
2018,ES,PSC,top_necr,competitividade,1,1.0,1.0,1.0,1.0
2018,ES,PSC,top_necr,eleicao,1,1.0,0.0,0.0,0.0
2018,ES,PSC,nucleo_80,competitividade,1,1.0,1.0,1.0,1.0
2018,ES,PSC,nucleo_80,eleicao,1,1.0,0.0,0.0,0.0
2018,ES,PSC,acima_divisao_igual,competitividade,1,0.0,1.0,0.0,0.0
2018,ES,PSC,acima_divisao_igual,eleicao,1,0.0,0.0,0.0,0.0
2018,ES,PSD,top_necr,competitividade,2,2.0,1.0,1.0,1.0
2018,ES,PSD,top_necr,eleicao,2,2.0,0.0,0.0,0.0
2018,ES,PSD,nucleo_80,competitividade,2,2.0,1.0,1.0,1.0
2018,ES,PSD,nucleo_80,eleicao,2,2.0,0.0,0.0,0.0
2018,ES,PSD,acima_divisao_igual,competitividade,2,1.0,1.0,1.0,0.5
2018,ES,PSD,acima_divisao_igual,eleicao,2,1.0,0.0,0.0,0.0
2018,ES,PSDB,top_necr,competitividade,3,1.0,1.0,1.0,0.3333333333333333
2018,ES,PSDB,top_necr,eleicao,3,1.0,0.0,0.0,0.0
2018,ES,PSDB,nucleo_80,competitividade,3,1.0,1.0,1.0,0.3333333333333333
2018,ES,PSDB,nucleo_80,eleicao,3,1.0,0.0,0.0,0.0
2018,ES,PSDB,acima_divisao_igual,competitividade,3,1.0,1.0,1.0,0.3333333333333333
2018,ES,PSDB,acima_divisao_igual,eleicao,3,1.0,0.0,0.0,0.0
2018,ES,PSL,top_necr,competitividade,7,1.0,0.0,0.0,0.0
2018,ES,PSL,top_necr,eleicao,7,1.0,1.0,1.0,0.14285714285714285
2018,ES,PSL,nucleo_80,competitividade,7,1.0,0.0,0.0,0.0
2018,ES,PSL,nucleo_80,eleicao,7,1.0,1.0,1.0,0.14285714285714285
2018,ES,PSL,acima_divisao_igual,competitividade,7,1.0,0.0,0.0,0.0
2018,ES,PSL,acima_divisao_igual,eleicao,7,1.0,1.0,1.0,0.14285714285714285
2018,ES,PSOL,top_necr,competitividade,7,7.0,0.0,0.0,0.0
2018,ES,PSOL,top_necr,eleicao,7,7.0,0.0,0.0,0.0
2018,ES,PSOL,nucleo_80,competitividade,7,6.0,0.0,0.0,0.0
2018,ES,PSOL,nucleo_80,eleicao,7,6.0,0.0,0.0,0.0
2018,ES,PSOL,acima_divisao_igual,competitividade,7,2.0,0.0,0.0,0.0
2018,ES,PSOL,acima_divisao_igual,eleicao,7,2.0,0.0,0.0,0.0
2018,ES,PT,top_necr,competitividade,15,3.0,2.0,2.0,0.4
2018,ES,PT,top_necr,eleicao,15,3.0,1.0,1.0,0.2
2018,ES,PT,nucleo_80,competitividade,15,2.0,2.0,2.0,0.26666666666666666
2018,ES,PT,nucleo_80,eleicao,15,2.0,1.0,1.0,0.13333333333333333
2018,ES,PT,acima_divisao_igual,competitividade,15,2.0,2.0,2.0,0.26666666666666666
2018,ES,PT,acima_divisao_igual,eleicao,15,2.0,1.0,1.0,0.13333333333333333
2018,ES,PTB,top_necr,competitividade,13,3.0,1.0,1.0,0.23076923076923078
2018,ES,PTB,top_necr,eleicao,13,3.0,0.0,0.0,0.0
2018,ES,PTB,nucleo_80,competitividade,13,5.0,1.0,1.0,0.38461538461538464
2018,ES,PTB,nucleo_80,eleicao,13,5.0,0.0,0.0,0.0
2018,ES,PTB,acima_divisao_igual,competitividade,13,2.0,1.0,1.0,0.15384615384615385
2018,ES,PTB,acima_divisao_igual,eleicao,13,2.0,0.0,0.0,0.0
2018,ES,PTC,top_necr,competitividade,1,1.0,0.0,0.0,0.0
2018,ES,PTC,top_necr,eleicao,1,1.0,0.0,0.0,0.0
2018,ES,PTC,nucleo_80,competitividade,1,1.0,0.0,0.0,0.0
2018,ES,PTC,nucleo_80,eleicao,1,1.0,0.0,0.0,0.0
2018,ES,PTC,acima_divisao_igual,competitividade,1,0.0,0.0,0.0,0.0
2018,ES,PTC,acima_divisao_igual,eleicao,1,0.0,0.0,0.0,0.0
2018,ES,PV,top_necr,competitividade,5,4.0,0.0,0.0,0.0
2018,ES,PV,top_necr,eleicao,5,4.0,0.0,0.0,0.0
2018,ES,PV,nucleo_80,competitividade,5,4.0,0.0,0.0,0.0
2018,ES,PV,nucleo_80,eleicao,5,4.0,0.0,0.0,0.0
2018,ES,PV,acima_divisao_igual,competitividade,5,2.0,0.0,0.0,0.0
2018,ES,PV,acima_divisao_igual,eleicao,5,2.0,0.0,0.0,0.0
2018,ES,REDE,top_necr,competitividade,6,1.0,1.0,0.0,0.16666666666666666
2018,ES,REDE,top_necr,eleicao,6,1.0,0.0,0.0,0.0
2018,ES,REDE,nucleo_80,competitividade,6,1.0,1.0,0.0,0.16666666666666666
2018,ES,REDE,nucleo_80,eleicao,6,1.0,0.0,0.0,0.0
2018,ES,REDE,acima_divisao_igual,competitividade,6,1.0,1.0,0.0,0.16666666666666666
2018,ES,REDE,acima_divisao_igual,eleicao,6,1.0,0.0,0.0,0.0
2018,ES,SOLIDARIEDADE,top_necr,competitividade,2,1.0,1.0,1.0,0.5
2018,ES,SOLIDARIEDADE,top_necr,eleicao,2,1.0,0.0,0.0,0.0
2018,ES,SOLIDARIEDADE,nucleo_80,competitividade,2,1.0,1.0,1.0,0.5
2018,ES,SOLIDARIEDADE,nucleo_80,eleicao,2,1.0,0.0,0.0,0.0
2018,ES,SOLIDARIEDADE,acima_divisao_igual,competitividade,2,1.0,1.0,1.0,0.5
2018,ES,SOLIDARIEDADE,acima_divisao_igual,eleicao,2,1.0,0.0,0.0,0.0
2018,GO,AVANTE,top_necr,competitividade,6,0.0,1.0,0.0,0.0
2018,GO,AVANTE,top_necr,eleicao,6,0.0,0.0,0.0,0.0
2018,GO,AVANTE,nucleo_80,competitividade,6,0.0,1.0,0.0,0.0
2018,GO,AVANTE,nucleo_80,eleicao,6,0.0,0.0,0.0,0.0
2018,GO,AVANTE,acima_divisao_igual,competitividade,6,0.0,1.0,0.0,0.0
2018,GO,AVANTE,acima_divisao_igual,eleicao,6,0.0,0.0,0.0,0.0
2018,GO,DC,top_necr,competitividade,12,2.0,1.0,0.0,0.16666666666666666
2018,GO,DC,top_necr,eleicao,12,2.0,0.0,0.0,0.0
2018,GO,DC,nucleo_80,competitividade,12,2.0,1.0,0.0,0.16666666666666666
2018,GO,DC,nucleo_80,eleicao,12,2.0,0.0,0.0,0.0
2018,GO,DC,acima_divisao_igual,competitividade,12,1.0,1.0,0.0,0.08333333333333333
2018,GO,DC,acima_divisao_igual,eleicao,12,1.0,0.0,0.0,0.0
2018,GO,DEM,top_necr,competitividade,6,3.0,1.0,1.0,0.5
2018,GO,DEM,top_necr,eleicao,6,3.0,2.0,2.0,1.0
2018,GO,DEM,nucleo_80,competitividade,6,3.0,1.0,1.0,0.5
2018,GO,DEM,nucleo_80,eleicao,6,3.0,2.0,2.0,1.0
2018,GO,DEM,acima_divisao_igual,competitividade,6,3.0,1.0,1.0,0.5
2018,GO,DEM,acima_divisao_igual,eleicao,6,3.0,2.0,2.0,1.0
2018,GO,MDB,top_necr,competitividade,14,2.0,2.0,1.0,0.2857142857142857
2018,GO,MDB,top_necr,eleicao,14,2.0,0.0,0.0,0.0
2018,GO,MDB,nucleo_80,competitividade,14,2.0,2.0,1.0,0.2857142857142857
2018,GO,MDB,nucleo_80,eleicao,14,2.0,0.0,0.0,0.0
2018,GO,MDB,acima_divisao_igual,competitividade,14,2.0,2.0,1.0,0.2857142857142857
2018,GO,MDB,acima_divisao_igual,eleicao,14,2.0,0.0,0.0,0.0
2018,GO,NOVO,top_necr,competitividade,6,5.0,0.0,0.0,0.0
2018,GO,NOVO,top_necr,eleicao,6,5.0,0.0,0.0,0.0
2018,GO,NOVO,nucleo_80,competitividade,6,5.0,0.0,0.0,0.0
2018,GO,NOVO,nucleo_80,eleicao,6,5.0,0.0,0.0,0.0
2018,GO,NOVO,acima_divisao_igual,competitividade,6,2.0,0.0,0.0,0.0
2018,GO,NOVO,acima_divisao_igual,eleicao,6,2.0,0.0,0.0,0.0
2018,GO,PATRI,top_necr,competitividade,8,0.0,0.0,0.0,0.0
2018,GO,PATRI,top_necr,eleicao,8,0.0,0.0,0.0,0.0
2018,GO,PATRI,nucleo_80,competitividade,8,0.0,0.0,0.0,0.0
2018,GO,PATRI,nucleo_80,eleicao,8,0.0,0.0,0.0,0.0
2018,GO,PATRI,acima_divisao_igual,competitividade,8,0.0,0.0,0.0,0.0
2018,GO,PATRI,acima_divisao_igual,eleicao,8,0.0,0.0,0.0,0.0
2018,GO,PC DO B,top_necr,competitividade,3,1.0,1.0,1.0,0.3333333333333333
2018,GO,PC DO B,top_necr,eleicao,3,1.0,0.0,0.0,0.0
2018,GO,PC DO B,nucleo_80,competitividade,3,1.0,1.0,1.0,0.3333333333333333
2018,GO,PC DO B,nucleo_80,eleicao,3,1.0,0.0,0.0,0.0
2018,GO,PC DO B,acima_divisao_igual,competitividade,3,1.0,1.0,1.0,0.3333333333333333
2018,GO,PC DO B,acima_divisao_igual,eleicao,3,1.0,0.0,0.0,0.0
2018,GO,PCB,top_necr,competitividade,1,1.0,0.0,0.0,0.0
2018,GO,PCB,top_necr,eleicao,1,1.0,0.0,0.0,0.0
2018,GO,PCB,nucleo_80,competitividade,1,1.0,0.0,0.0,0.0
2018,GO,PCB,nucleo_80,eleicao,1,1.0,0.0,0.0,0.0
2018,GO,PCB,acima_divisao_igual,competitividade,1,0.0,0.0,0.0,0.0
2018,GO,PCB,acima_divisao_igual,eleicao,1,0.0,0.0,0.0,0.0
2018,GO,PCO,top_necr,competitividade,1,1.0,0.0,0.0,0.0
2018,GO,PCO,top_necr,eleicao,1,1.0,0.0,0.0,0.0
2018,GO,PCO,nucleo_80,competitividade,1,1.0,0.0,0.0,0.0
2018,GO,PCO,nucleo_80,eleicao,1,1.0,0.0,0.0,0.0
2018,GO,PCO,acima_divisao_igual,competitividade,1,0.0,0.0,0.0,0.0
2018,GO,PCO,acima_divisao_igual,eleicao,1,0.0,0.0,0.0,0.0
2018,GO,PDT,top_necr,competitividade,2,1.0,1.0,1.0,0.5
2018,GO,PDT,top_necr,eleicao,2,1.0,1.0,1.0,0.5
2018,GO,PDT,nucleo_80,competitividade,2,1.0,1.0,1.0,0.5
2018,GO,PDT,nucleo_80,eleicao,2,1.0,1.0,1.0,0.5
2018,GO,PDT,acima_divisao_igual,competitividade,2,1.0,1.0,1.0,0.5
2018,GO,PDT,acima_divisao_igual,eleicao,2,1.0,1.0,1.0,0.5
2018,GO,PHS,top_necr,competitividade,20,8.0,1.0,1.0,0.4
2018,GO,PHS,top_necr,eleicao,20,8.0,0.0,0.0,0.0
2018,GO,PHS,nucleo_80,competitividade,20,7.0,1.0,1.0,0.35
2018,GO,PHS,nucleo_80,eleicao,20,7.0,0.0,0.0,0.0
2018,GO,PHS,acima_divisao_igual,competitividade,20,5.0,1.0,1.0,0.25
2018,GO,PHS,acima_divisao_igual,eleicao,20,5.0,0.0,0.0,0.0
2018,GO,PMN,top_necr,competitividade,4,2.0,2.0,2.0,1.0
2018,GO,PMN,top_necr,eleicao,4,2.0,0.0,0.0,0.0
2018,GO,PMN,nucleo_80,competitividade,4,2.0,2.0,2.0,1.0
2018,GO,PMN,nucleo_80,eleicao,4,2.0,0.0,0.0,0.0
2018,GO,PMN,acima_divisao_igual,competitividade,4,2.0,2.0,2.0,1.0
2018,GO,PMN,acima_divisao_igual,eleicao,4,2.0,0.0,0.0,0.0
2018,GO,PODE,top_necr,competitividade,4,2.0,1.0,1.0,0.5
2018,GO,PODE,top_necr,eleicao,4,2.0,1.0,1.0,0.5
2018,GO,PODE,nucleo_80,competitividade,4,2.0,1.0,1.0,0.5
2018,GO,PODE,nucleo_80,eleicao,4,2.0,1.0,1.0,0.5
2018,GO,PODE,acima_divisao_igual,competitividade,4,2.0,1.0,1.0,0.5
2018,GO,PODE,acima_divisao_igual,eleicao,4,2.0,1.0,1.0,0.5
2018,GO,PP,top_necr,competitividade,6,4.0,3.0,3.0,2.0
2018,GO,PP,top_necr,eleicao,6,4.0,2.0,2.0,1.3333333333333333
2018,GO,PP,nucleo_80,competitividade,6,3.0,3.0,2.0,1.5
2018,GO,PP,nucleo_80,eleicao,6,3.0,2.0,1.0,1.0
2018,GO,PP,acima_divisao_igual,competitividade,6,3.0,3.0,2.0,1.5
2018,GO,PP,acima_divisao_igual,eleicao,6,3.0,2.0,1.0,1.0
2018,GO,PPS,top_necr,competitividade,1,1.0,1.0,1.0,1.0
2018,GO,PPS,top_necr,eleicao,1,1.0,0.0,0.0,0.0
2018,GO,PPS,nucleo_80,competitividade,1,1.0,1.0,1.0,1.0
2018,GO,PPS,nucleo_80,eleicao,1,1.0,0.0,0.0,0.0
2018,GO,PPS,acima_divisao_igual,competitividade,1,0.0,1.0,0.0,0.0
2018,GO,PPS,acima_divisao_igual,eleicao,1,0.0,0.0,0.0,0.0
2018,GO,PR,top_necr,competitividade,1,1.0,1.0,1.0,1.0
2018,GO,PR,top_necr,eleicao,1,1.0,1.0,1.0,1.0
2018,GO,PR,nucleo_80,competitividade,1,1.0,1.0,1.0,1.0
2018,GO,PR,nucleo_80,eleicao,1,1.0,1.0,1.0,1.0
2018,GO,PR,acima_divisao_igual,competitividade,1,0.0,1.0,0.0,0.0
2018,GO,PR,acima_divisao_igual,eleicao,1,0.0,1.0,0.0,0.0
2018,GO,PRB,top_necr,competitividade,1,1.0,1.0,1.0,1.0
2018,GO,PRB,top_necr,eleicao,1,1.0,1.0,1.0,1.0
2018,GO,PRB,nucleo_80,competitividade,1,1.0,1.0,1.0,1.0
2018,GO,PRB,nucleo_80,eleicao,1,1.0,1.0,1.0,1.0
2018,GO,PRB,acima_divisao_igual,competitividade,1,0.0,1.0,0.0,0.0
2018,GO,PRB,acima_divisao_igual,eleicao,1,0.0,1.0,0.0,0.0
2018,GO,PROS,top_necr,competitividade,1,1.0,0.0,0.0,0.0
2018,GO,PROS,top_necr,eleicao,1,1.0,0.0,0.0,0.0
2018,GO,PROS,nucleo_80,competitividade,1,1.0,0.0,0.0,0.0
2018,GO,PROS,nucleo_80,eleicao,1,1.0,0.0,0.0,0.0
2018,GO,PROS,acima_divisao_igual,competitividade,1,0.0,0.0,0.0,0.0
2018,GO,PROS,acima_divisao_igual,eleicao,1,0.0,0.0,0.0,0.0
2018,GO,PRP,top_necr,competitividade,4,1.0,1.0,1.0,0.25
2018,GO,PRP,top_necr,eleicao,4,1.0,1.0,1.0,0.25
2018,GO,PRP,nucleo_80,competitividade,4,1.0,1.0,1.0,0.25
2018,GO,PRP,nucleo_80,eleicao,4,1.0,1.0,1.0,0.25
2018,GO,PRP,acima_divisao_igual,competitividade,4,1.0,1.0,1.0,0.25
2018,GO,PRP,acima_divisao_igual,eleicao,4,1.0,1.0,1.0,0.25
2018,GO,PRTB,top_necr,competitividade,10,8.0,0.0,0.0,0.0
2018,GO,PRTB,top_necr,eleicao,10,8.0,0.0,0.0,0.0
2018,GO,PRTB,nucleo_80,competitividade,10,7.0,0.0,0.0,0.0
2018,GO,PRTB,nucleo_80,eleicao,10,7.0,0.0,0.0,0.0
2018,GO,PRTB,acima_divisao_igual,competitividade,10,4.0,0.0,0.0,0.0
2018,GO,PRTB,acima_divisao_igual,eleicao,10,4.0,0.0,0.0,0.0
2018,GO,PSB,top_necr,competitividade,2,1.0,1.0,1.0,0.5
2018,GO,PSB,top_necr,eleicao,2,1.0,1.0,1.0,0.5
2018,GO,PSB,nucleo_80,competitividade,2,1.0,1.0,1.0,0.5
2018,GO,PSB,nucleo_80,eleicao,2,1.0,1.0,1.0,0.5
2018,GO,PSB,acima_divisao_igual,competitividade,2,1.0,1.0,1.0,0.5
2018,GO,PSB,acima_divisao_igual,eleicao,2,1.0,1.0,1.0,0.5
2018,GO,PSC,top_necr,competitividade,6,1.0,0.0,0.0,0.0
2018,GO,PSC,top_necr,eleicao,6,1.0,1.0,1.0,0.16666666666666666
2018,GO,PSC,nucleo_80,competitividade,6,1.0,0.0,0.0,0.0
2018,GO,PSC,nucleo_80,eleicao,6,1.0,1.0,1.0,0.16666666666666666
2018,GO,PSC,acima_divisao_igual,competitividade,6,1.0,0.0,0.0,0.0
2018,GO,PSC,acima_divisao_igual,eleicao,6,1.0,1.0,1.0,0.16666666666666666
2018,GO,PSD,top_necr,competitividade,5,3.0,1.0,1.0,0.6
2018,GO,PSD,top_necr,eleicao,5,3.0,1.0,1.0,0.6
2018,GO,PSD,nucleo_80,competitividade,5,3.0,1.0,1.0,0.6
2018,GO,PSD,nucleo_80,eleicao,5,3.0,1.0,1.0,0.6
2018,GO,PSD,acima_divisao_igual,competitividade,5,1.0,1.0,1.0,0.2
2018,GO,PSD,acima_divisao_igual,eleicao,5,1.0,1.0,1.0,0.2
2018,GO,PSDB,top_necr,competitividade,6,4.0,4.0,3.0,2.6666666666666665
2018,GO,PSDB,top_necr,eleicao,6,4.0,1.0,1.0,0.6666666666666666
2018,GO,PSDB,nucleo_80,competitividade,6,3.0,4.0,3.0,2.0
2018,GO,PSDB,nucleo_80,eleicao,6,3.0,1.0,1.0,0.5
2018,GO,PSDB,acima_divisao_igual,competitividade,6,2.0,4.0,2.0,1.3333333333333333
2018,GO,PSDB,acima_divisao_igual,eleicao,6,2.0,1.0,1.0,0.3333333333333333
2018,GO,PSL,top_necr,competitividade,9,1.0,1.0,1.0,0.1111111111111111
2018,GO,PSL,top_necr,eleicao,9,1.0,2.0,1.0,0.2222222222222222
2018,GO,PSL,nucleo_80,competitividade,9,1.0,1.0,1.0,0.1111111111111111
2018,GO,PSL,nucleo_80,eleicao,9,1.0,2.0,1.0,0.2222222222222222
2018,GO,PSL,acima_divisao_igual,competitividade,9,1.0,1.0,1.0,0.1111111111111111
2018,GO,PSL,acima_divisao_igual,eleicao,9,1.0,2.0,1.0,0.2222222222222222
2018,GO,PSOL,top_necr,competitividade,16,13.0,0.0,0.0,0.0
2018,GO,PSOL,top_necr,eleicao,16,13.0,0.0,0.0,0.0
2018,GO,PSOL,nucleo_80,competitividade,16,10.0,0.0,0.0,0.0
2018,GO,PSOL,nucleo_80,eleicao,16,10.0,0.0,0.0,0.0
2018,GO,PSOL,acima_divisao_igual,competitividade,16,8.0,0.0,0.0,0.0
2018,GO,PSOL,acima_divisao_igual,eleicao,16,8.0,0.0,0.0,0.0
2018,GO,PT,top_necr,competitividade,15,2.0,2.0,2.0,0.26666666666666666
2018,GO,PT,top_necr,eleicao,15,2.0,1.0,1.0,0.13333333333333333
2018,GO,PT,nucleo_80,competitividade,15,2.0,2.0,2.0,0.26666666666666666
2018,GO,PT,nucleo_80,eleicao,15,2.0,1.0,1.0,0.13333333333333333
2018,GO,PT,acima_divisao_igual,competitividade,15,1.0,2.0,1.0,0.13333333333333333
2018,GO,PT,acima_divisao_igual,eleicao,15,1.0,1.0,1.0,0.06666666666666667
2018,GO,PTB,top_necr,competitividade,3,2.0,1.0,1.0,0.6666666666666666
2018,GO,PTB,top_necr,eleicao,3,2.0,0.0,0.0,0.0
2018,GO,PTB,nucleo_80,competitividade,3,2.0,1.0,1.0,0.6666666666666666
2018,GO,PTB,nucleo_80,eleicao,3,2.0,0.0,0.0,0.0
2018,GO,PTB,acima_divisao_igual,competitividade,3,1.0,1.0,1.0,0.3333333333333333
2018,GO,PTB,acima_divisao_igual,eleicao,3,1.0,0.0,0.0,0.0
2018,GO,PTC,top_necr,competitividade,11,1.0,0.0,0.0,0.0
2018,GO,PTC,top_necr,eleicao,11,1.0,0.0,0.0,0.0
2018,GO,PTC,nucleo_80,competitividade,11,1.0,0.0,0.0,0.0
2018,GO,PTC,nucleo_80,eleicao,11,1.0,0.0,0.0,0.0
2018,GO,PTC,acima_divisao_igual,competitividade,11,2.0,0.0,0.0,0.0
2018,GO,PTC,acima_divisao_igual,eleicao,11,2.0,0.0,0.0,0.0
2018,GO,PV,top_necr,competitividade,5,4.0,0.0,0.0,0.0
2018,GO,PV,top_necr,eleicao,5,4.0,0.0,0.0,0.0
2018,GO,PV,nucleo_80,competitividade,5,4.0,0.0,0.0,0.0
2018,GO,PV,nucleo_80,eleicao,5,4.0,0.0,0.0,0.0
2018,GO,PV,acima_divisao_igual,competitividade,5,3.0,0.0,0.0,0.0
2018,GO,PV,acima_divisao_igual,eleicao,5,3.0,0.0,0.0,0.0
2018,GO,REDE,top_necr,competitividade,7,5.0,0.0,0.0,0.0
2018,GO,REDE,top_necr,eleicao,7,5.0,0.0,0.0,0.0
2018,GO,REDE,nucleo_80,competitividade,7,4.0,0.0,0.0,0.0
2018,GO,REDE,nucleo_80,eleicao,7,4.0,0.0,0.0,0.0
2018,GO,REDE,acima_divisao_igual,competitividade,7,5.0,0.0,0.0,0.0
2018,GO,REDE,acima_divisao_igual,eleicao,7,5.0,0.0,0.0,0.0
2018,GO,SOLIDARIEDADE,top_necr,competitividade,1,1.0,0.0,0.0,0.0
2018,GO,SOLIDARIEDADE,top_necr,eleicao,1,1.0,1.0,1.0,1.0
2018,GO,SOLIDARIEDADE,nucleo_80,competitividade,1,1.0,0.0,0.0,0.0
2018,GO,SOLIDARIEDADE,nucleo_80,eleicao,1,1.0,1.0,1.0,1.0
2018,GO,SOLIDARIEDADE,acima_divisao_igual,competitividade,1,0.0,0.0,0.0,0.0
2018,GO,SOLIDARIEDADE,acima_divisao_igual,eleicao,1,0.0,1.0,0.0,0.0
2018,MA,AVANTE,top_necr,competitividade,1,0.0,0.0,0.0,0.0
2018,MA,AVANTE,top_necr,eleicao,1,0.0,0.0,0.0,0.0
2018,MA,AVANTE,nucleo_80,competitividade,1,0.0,0.0,0.0,0.0
2018,MA,AVANTE,nucleo_80,eleicao,1,0.0,0.0,0.0,0.0
2018,MA,AVANTE,acima_divisao_igual,competitividade,1,0.0,0.0,0.0,0.0
2018,MA,AVANTE,acima_divisao_igual,eleicao,1,0.0,0.0,0.0,0.0
2018,MA,DC,top_necr,competitividade,2,0.0,0.0,0.0,0.0
2018,MA,DC,top_necr,eleicao,2,0.0,0.0,0.0,0.0
2018,MA,DC,nucleo_80,competitividade,2,0.0,0.0,0.0,0.0
2018,MA,DC,nucleo_80,eleicao,2,0.0,0.0,0.0,0.0
2018,MA,DC,acima_divisao_igual,competitividade,2,0.0,0.0,0.0,0.0
2018,MA,DC,acima_divisao_igual,eleicao,2,0.0,0.0,0.0,0.0
2018,MA,DEM,top_necr,competitividade,2,1.0,1.0,1.0,0.5
2018,MA,DEM,top_necr,eleicao,2,1.0,1.0,1.0,0.5
2018,MA,DEM,nucleo_80,competitividade,2,1.0,1.0,1.0,0.5
2018,MA,DEM,nucleo_80,eleicao,2,1.0,1.0,1.0,0.5
2018,MA,DEM,acima_divisao_igual,competitividade,2,1.0,1.0,1.0,0.5
2018,MA,DEM,acima_divisao_igual,eleicao,2,1.0,1.0,1.0,0.5
2018,MA,MDB,top_necr,competitividade,8,3.0,3.0,3.0,1.125
2018,MA,MDB,top_necr,eleicao,8,3.0,2.0,2.0,0.75
2018,MA,MDB,nucleo_80,competitividade,8,3.0,3.0,3.0,1.125
2018,MA,MDB,nucleo_80,eleicao,8,3.0,2.0,2.0,0.75
2018,MA,MDB,acima_divisao_igual,competitividade,8,3.0,3.0,3.0,1.125
2018,MA,MDB,acima_divisao_igual,eleicao,8,3.0,2.0,2.0,0.75
2018,MA,PATRI,top_necr,competitividade,6,1.0,0.0,0.0,0.0
2018,MA,PATRI,top_necr,eleicao,6,1.0,1.0,1.0,0.16666666666666666
2018,MA,PATRI,nucleo_80,competitividade,6,1.0,0.0,0.0,0.0
2018,MA,PATRI,nucleo_80,eleicao,6,1.0,1.0,1.0,0.16666666666666666
2018,MA,PATRI,acima_divisao_igual,competitividade,6,1.0,0.0,0.0,0.0
2018,MA,PATRI,acima_divisao_igual,eleicao,6,1.0,1.0,1.0,0.16666666666666666
2018,MA,PC DO B,top_necr,competitividade,4,2.0,1.0,1.0,0.5
2018,MA,PC DO B,top_necr,eleicao,4,2.0,2.0,2.0,1.0
2018,MA,PC DO B,nucleo_80,competitividade,4,2.0,1.0,1.0,0.5
2018,MA,PC DO B,nucleo_80,eleicao,4,2.0,2.0,2.0,1.0
2018,MA,PC DO B,acima_divisao_igual,competitividade,4,2.0,1.0,1.0,0.5
2018,MA,PC DO B,acima_divisao_igual,eleicao,4,2.0,2.0,2.0,1.0
2018,MA,PCB,top_necr,competitividade,2,2.0,0.0,0.0,0.0
2018,MA,PCB,top_necr,eleicao,2,2.0,0.0,0.0,0.0
2018,MA,PCB,nucleo_80,competitividade,2,2.0,0.0,0.0,0.0
2018,MA,PCB,nucleo_80,eleicao,2,2.0,0.0,0.0,0.0
2018,MA,PCB,acima_divisao_igual,competitividade,2,0.0,0.0,0.0,0.0
2018,MA,PCB,acima_divisao_igual,eleicao,2,0.0,0.0,0.0,0.0
2018,MA,PDT,top_necr,competitividade,8,3.0,4.0,2.0,1.5
2018,MA,PDT,top_necr,eleicao,8,3.0,1.0,1.0,0.375
2018,MA,PDT,nucleo_80,competitividade,8,2.0,4.0,2.0,1.0
2018,MA,PDT,nucleo_80,eleicao,8,2.0,1.0,0.0,0.25
2018,MA,PDT,acima_divisao_igual,competitividade,8,2.0,4.0,2.0,1.0
2018,MA,PDT,acima_divisao_igual,eleicao,8,2.0,1.0,0.0,0.25
2018,MA,PHS,top_necr,competitividade,12,6.0,0.0,0.0,0.0
2018,MA,PHS,top_necr,eleicao,12,6.0,0.0,0.0,0.0
2018,MA,PHS,nucleo_80,competitividade,12,5.0,0.0,0.0,0.0
2018,MA,PHS,nucleo_80,eleicao,12,5.0,0.0,0.0,0.0
2018,MA,PHS,acima_divisao_igual,competitividade,12,6.0,0.0,0.0,0.0
2018,MA,PHS,acima_divisao_igual,eleicao,12,6.0,0.0,0.0,0.0
2018,MA,PMB,top_necr,competitividade,3,1.0,0.0,0.0,0.0
2018,MA,PMB,top_necr,eleicao,3,1.0,0.0,0.0,0.0
2018,MA,PMB,nucleo_80,competitividade,3,1.0,0.0,0.0,0.0
2018,MA,PMB,nucleo_80,eleicao,3,1.0,0.0,0.0,0.0
2018,MA,PMB,acima_divisao_igual,competitividade,3,1.0,0.0,0.0,0.0
2018,MA,PMB,acima_divisao_igual,eleicao,3,1.0,0.0,0.0,0.0
2018,MA,PMN,top_necr,competitividade,12,3.0,2.0,2.0,0.5
2018,MA,PMN,top_necr,eleicao,12,3.0,2.0,2.0,0.5
2018,MA,PMN,nucleo_80,competitividade,12,4.0,2.0,2.0,0.6666666666666666
2018,MA,PMN,nucleo_80,eleicao,12,4.0,2.0,2.0,0.6666666666666666
2018,MA,PMN,acima_divisao_igual,competitividade,12,2.0,2.0,1.0,0.3333333333333333
2018,MA,PMN,acima_divisao_igual,eleicao,12,2.0,2.0,2.0,0.3333333333333333
2018,MA,PODE,top_necr,competitividade,5,2.0,1.0,1.0,0.4
2018,MA,PODE,top_necr,eleicao,5,2.0,1.0,1.0,0.4
2018,MA,PODE,nucleo_80,competitividade,5,2.0,1.0,1.0,0.4
2018,MA,PODE,nucleo_80,eleicao,5,2.0,1.0,1.0,0.4
2018,MA,PODE,acima_divisao_igual,competitividade,5,1.0,1.0,1.0,0.2
2018,MA,PODE,acima_divisao_igual,eleicao,5,1.0,1.0,1.0,0.2
2018,MA,PP,top_necr,competitividade,4,2.0,2.0,2.0,1.0
2018,MA,PP,top_necr,eleicao,4,2.0,1.0,1.0,0.5
2018,MA,PP,nucleo_80,competitividade,4,2.0,2.0,2.0,1.0
2018,MA,PP,nucleo_80,eleicao,4,2.0,1.0,1.0,0.5
2018,MA,PP,acima_divisao_igual,competitividade,4,2.0,2.0,2.0,1.0
2018,MA,PP,acima_divisao_igual,eleicao,4,2.0,1.0,1.0,0.5
2018,MA,PPL,top_necr,competitividade,1,0.0,1.0,0.0,0.0
2018,MA,PPL,top_necr,eleicao,1,0.0,0.0,0.0,0.0
2018,MA,PPL,nucleo_80,competitividade,1,0.0,1.0,0.0,0.0
2018,MA,PPL,nucleo_80,eleicao,1,0.0,0.0,0.0,0.0
2018,MA,PPL,acima_divisao_igual,competitividade,1,0.0,1.0,0.0,0.0
2018,MA,PPL,acima_divisao_igual,eleicao,1,0.0,0.0,0.0,0.0
2018,MA,PPS,top_necr,competitividade,1,0.0,0.0,0.0,0.0
2018,MA,PPS,top_necr,eleicao,1,0.0,0.0,0.0,0.0
2018,MA,PPS,nucleo_80,competitividade,1,0.0,0.0,0.0,0.0
2018,MA,PPS,nucleo_80,eleicao,1,0.0,0.0,0.0,0.0
2018,MA,PPS,acima_divisao_igual,competitividade,1,0.0,0.0,0.0,0.0
2018,MA,PPS,acima_divisao_igual,eleicao,1,0.0,0.0,0.0,0.0
2018,MA,PR,top_necr,competitividade,4,3.0,2.0,2.0,1.5
2018,MA,PR,top_necr,eleicao,4,3.0,2.0,2.0,1.5
2018,MA,PR,nucleo_80,competitividade,4,3.0,2.0,2.0,1.5
2018,MA,PR,nucleo_80,eleicao,4,3.0,2.0,2.0,1.5
2018,MA,PR,acima_divisao_igual,competitividade,4,3.0,2.0,2.0,1.5
2018,MA,PR,acima_divisao_igual,eleicao,4,3.0,2.0,2.0,1.5
2018,MA,PRB,top_necr,competitividade,2,1.0,1.0,1.0,0.5
2018,MA,PRB,top_necr,eleicao,2,1.0,1.0,1.0,0.5
2018,MA,PRB,nucleo_80,competitividade,2,1.0,1.0,1.0,0.5
2018,MA,PRB,nucleo_80,eleicao,2,1.0,1.0,1.0,0.5
2018,MA,PRB,acima_divisao_igual,competitividade,2,1.0,1.0,1.0,0.5
2018,MA,PRB,acima_divisao_igual,eleicao,2,1.0,1.0,1.0,0.5
2018,MA,PROS,top_necr,competitividade,3,2.0,1.0,1.0,0.6666666666666666
2018,MA,PROS,top_necr,eleicao,3,2.0,0.0,0.0,0.0
2018,MA,PROS,nucleo_80,competitividade,3,2.0,1.0,1.0,0.6666666666666666
2018,MA,PROS,nucleo_80,eleicao,3,2.0,0.0,0.0,0.0
2018,MA,PROS,acima_divisao_igual,competitividade,3,2.0,1.0,1.0,0.6666666666666666
2018,MA,PROS,acima_divisao_igual,eleicao,3,2.0,0.0,0.0,0.0
2018,MA,PRP,top_necr,competitividade,1,0.0,0.0,0.0,0.0
2018,MA,PRP,top_necr,eleicao,1,0.0,0.0,0.0,0.0
2018,MA,PRP,nucleo_80,competitividade,1,0.0,0.0,0.0,0.0
2018,MA,PRP,nucleo_80,eleicao,1,0.0,0.0,0.0,0.0
2018,MA,PRP,acima_divisao_igual,competitividade,1,0.0,0.0,0.0,0.0
2018,MA,PRP,acima_divisao_igual,eleicao,1,0.0,0.0,0.0,0.0
2018,MA,PRTB,top_necr,competitividade,4,1.0,0.0,0.0,0.0
2018,MA,PRTB,top_necr,eleicao,4,1.0,0.0,0.0,0.0
2018,MA,PRTB,nucleo_80,competitividade,4,1.0,0.0,0.0,0.0
2018,MA,PRTB,nucleo_80,eleicao,4,1.0,0.0,0.0,0.0
2018,MA,PRTB,acima_divisao_igual,competitividade,4,1.0,0.0,0.0,0.0
2018,MA,PRTB,acima_divisao_igual,eleicao,4,1.0,0.0,0.0,0.0
2018,MA,PSB,top_necr,competitividade,4,1.0,1.0,1.0,0.25
2018,MA,PSB,top_necr,eleicao,4,1.0,1.0,1.0,0.25
2018,MA,PSB,nucleo_80,competitividade,4,1.0,1.0,1.0,0.25
2018,MA,PSB,nucleo_80,eleicao,4,1.0,1.0,1.0,0.25
2018,MA,PSB,acima_divisao_igual,competitividade,4,1.0,1.0,1.0,0.25
2018,MA,PSB,acima_divisao_igual,eleicao,4,1.0,1.0,1.0,0.25
2018,MA,PSC,top_necr,competitividade,3,1.0,1.0,1.0,0.3333333333333333
2018,MA,PSC,top_necr,eleicao,3,1.0,0.0,0.0,0.0
2018,MA,PSC,nucleo_80,competitividade,3,1.0,1.0,1.0,0.3333333333333333
2018,MA,PSC,nucleo_80,eleicao,3,1.0,0.0,0.0,0.0
2018,MA,PSC,acima_divisao_igual,competitividade,3,1.0,1.0,1.0,0.3333333333333333
2018,MA,PSC,acima_divisao_igual,eleicao,3,1.0,0.0,0.0,0.0
2018,MA,PSD,top_necr,competitividade,2,2.0,2.0,2.0,2.0
2018,MA,PSD,top_necr,eleicao,2,2.0,1.0,1.0,1.0
2018,MA,PSD,nucleo_80,competitividade,2,2.0,2.0,2.0,2.0
2018,MA,PSD,nucleo_80,eleicao,2,2.0,1.0,1.0,1.0
2018,MA,PSD,acima_divisao_igual,competitividade,2,1.0,2.0,1.0,1.0
2018,MA,PSD,acima_divisao_igual,eleicao,2,1.0,1.0,1.0,0.5
2018,MA,PSDB,top_necr,competitividade,11,3.0000000000000004,2.0,2.0,0.5454545454545455
2018,MA,PSDB,top_necr,eleicao,11,3.0000000000000004,0.0,0.0,0.0
2018,MA,PSDB,nucleo_80,competitividade,11,2.0,2.0,2.0,0.36363636363636365
2018,MA,PSDB,nucleo_80,eleicao,11,2.0,0.0,0.0,0.0
2018,MA,PSDB,acima_divisao_igual,competitividade,11,2.0,2.0,2.0,0.36363636363636365
2018,MA,PSDB,acima_divisao_igual,eleicao,11,2.0,0.0,0.0,0.0
2018,MA,PSL,top_necr,competitividade,23,2.0,4.0,0.0,0.34782608695652173
2018,MA,PSL,top_necr,eleicao,23,2.0,0.0,0.0,0.0
2018,MA,PSL,nucleo_80,competitividade,23,2.0,4.0,0.0,0.34782608695652173
2018,MA,PSL,nucleo_80,eleicao,23,2.0,0.0,0.0,0.0
2018,MA,PSL,acima_divisao_igual,competitividade,23,2.0,4.0,0.0,0.34782608695652173
2018,MA,PSL,acima_divisao_igual,eleicao,23,2.0,0.0,0.0,0.0
2018,MA,PSOL,top_necr,competitividade,15,15.0,0.0,0.0,0.0
2018,MA,PSOL,top_necr,eleicao,15,15.0,0.0,0.0,0.0
2018,MA,PSOL,nucleo_80,competitividade,15,12.000000000000002,0.0,0.0,0.0
2018,MA,PSOL,nucleo_80,eleicao,15,12.000000000000002,0.0,0.0,0.0
2018,MA,PSOL,acima_divisao_igual,competitividade,15,14.0,0.0,0.0,0.0
2018,MA,PSOL,acima_divisao_igual,eleicao,15,14.0,0.0,0.0,0.0
2018,MA,PSTU,top_necr,competitividade,3,0.0,0.0,0.0,0.0
2018,MA,PSTU,top_necr,eleicao,3,0.0,0.0,0.0,0.0
2018,MA,PSTU,nucleo_80,competitividade,3,0.0,0.0,0.0,0.0
2018,MA,PSTU,nucleo_80,eleicao,3,0.0,0.0,0.0,0.0
2018,MA,PSTU,acima_divisao_igual,competitividade,3,0.0,0.0,0.0,0.0
2018,MA,PSTU,acima_divisao_igual,eleicao,3,0.0,0.0,0.0,0.0
2018,MA,PT,top_necr,competitividade,22,2.0,3.0,1.5,0.2727272727272727
2018,MA,PT,top_necr,eleicao,22,2.0,1.0,1.0,0.09090909090909091
2018,MA,PT,nucleo_80,competitividade,22,4.0,3.0,2.0,0.5454545454545454
2018,MA,PT,nucleo_80,eleicao,22,4.0,1.0,1.0,0.18181818181818182
2018,MA,PT,acima_divisao_igual,competitividade,22,4.0,3.0,2.0,0.5454545454545454
2018,MA,PT,acima_divisao_igual,eleicao,22,4.0,1.0,1.0,0.18181818181818182
2018,MA,PTB,top_necr,competitividade,3,1.0,0.0,0.0,0.0
2018,MA,PTB,top_necr,eleicao,3,1.0,1.0,1.0,0.3333333333333333
2018,MA,PTB,nucleo_80,competitividade,3,1.0,0.0,0.0,0.0
2018,MA,PTB,nucleo_80,eleicao,3,1.0,1.0,1.0,0.3333333333333333
2018,MA,PTB,acima_divisao_igual,competitividade,3,1.0,0.0,0.0,0.0
2018,MA,PTB,acima_divisao_igual,eleicao,3,1.0,1.0,1.0,0.3333333333333333
2018,MA,PTC,top_necr,competitividade,3,3.0,0.0,0.0,0.0
2018,MA,PTC,top_necr,eleicao,3,3.0,0.0,0.0,0.0
2018,MA,PTC,nucleo_80,competitividade,3,3.0,0.0,0.0,0.0
2018,MA,PTC,nucleo_80,eleicao,3,3.0,0.0,0.0,0.0
2018,MA,PTC,acima_divisao_igual,competitividade,3,0.0,0.0,0.0,0.0
2018,MA,PTC,acima_divisao_igual,eleicao,3,0.0,0.0,0.0,0.0
2018,MA,PV,top_necr,competitividade,6,2.0,1.0,1.0,0.3333333333333333
2018,MA,PV,top_necr,eleicao,6,2.0,0.0,0.0,0.0
2018,MA,PV,nucleo_80,competitividade,6,2.0,1.0,1.0,0.3333333333333333
2018,MA,PV,nucleo_80,eleicao,6,2.0,0.0,0.0,0.0
2018,MA,PV,acima_divisao_igual,competitividade,6,2.0,1.0,1.0,0.3333333333333333
2018,MA,PV,acima_divisao_igual,eleicao,6,2.0,0.0,0.0,0.0
2018,MA,REDE,top_necr,competitividade,5,2.0,0.0,0.0,0.0
2018,MA,REDE,top_necr,eleicao,5,2.0,0.0,0.0,0.0
2018,MA,REDE,nucleo_80,competitividade,5,2.0,0.0,0.0,0.0
2018,MA,REDE,nucleo_80,eleicao,5,2.0,0.0,0.0,0.0
2018,MA,REDE,acima_divisao_igual,competitividade,5,2.0,0.0,0.0,0.0
2018,MA,REDE,acima_divisao_igual,eleicao,5,2.0,0.0,0.0,0.0
2018,MA,SOLIDARIEDADE,top_necr,competitividade,2,1.0,1.0,1.0,0.5
2018,MA,SOLIDARIEDADE,top_necr,eleicao,2,1.0,0.0,0.0,0.0
2018,MA,SOLIDARIEDADE,nucleo_80,competitividade,2,1.0,1.0,1.0,0.5
2018,MA,SOLIDARIEDADE,nucleo_80,eleicao,2,1.0,0.0,0.0,0.0
2018,MA,SOLIDARIEDADE,acima_divisao_igual,competitividade,2,1.0,1.0,1.0,0.5
2018,MA,SOLIDARIEDADE,acima_divisao_igual,eleicao,2,1.0,0.0,0.0,0.0
2018,MG,AVANTE,top_necr,competitividade,77,6.0,4.0,2.0,0.3116883116883117
2018,MG,AVANTE,top_necr,eleicao,77,6.0,3.0,2.0,0.23376623376623376
2018,MG,AVANTE,nucleo_80,competitividade,77,11.0,4.0,4.0,0.5714285714285714
2018,MG,AVANTE,nucleo_80,eleicao,77,11.0,3.0,3.0,0.42857142857142855
2018,MG,AVANTE,acima_divisao_igual,competitividade,77,13.0,4.0,4.0,0.6753246753246753
2018,MG,AVANTE,acima_divisao_igual,eleicao,77,13.0,3.0,3.0,0.5064935064935064
2018,MG,DC,top_necr,competitividade,11,5.0,1.0,1.0,0.45454545454545453
2018,MG,DC,top_necr,eleicao,11,5.0,0.0,0.0,0.0
2018,MG,DC,nucleo_80,competitividade,11,4.0,1.0,1.0,0.36363636363636365
2018,MG,DC,nucleo_80,eleicao,11,4.0,0.0,0.0,0.0
2018,MG,DC,acima_divisao_igual,competitividade,11,4.0,1.0,1.0,0.36363636363636365
2018,MG,DC,acima_divisao_igual,eleicao,11,4.0,0.0,0.0,0.0
2018,MG,DEM,top_necr,competitividade,13,4.0,2.0,2.0,0.6153846153846154
2018,MG,DEM,top_necr,eleicao,13,4.0,1.0,1.0,0.3076923076923077
2018,MG,DEM,nucleo_80,competitividade,13,3.0,2.0,2.0,0.46153846153846156
2018,MG,DEM,nucleo_80,eleicao,13,3.0,1.0,1.0,0.23076923076923078
2018,MG,DEM,acima_divisao_igual,competitividade,13,4.0,2.0,2.0,0.6153846153846154
2018,MG,DEM,acima_divisao_igual,eleicao,13,4.0,1.0,1.0,0.3076923076923077
2018,MG,MDB,top_necr,competitividade,20,8.0,8.0,6.0,3.2
2018,MG,MDB,top_necr,eleicao,20,8.0,4.0,3.0,1.6
2018,MG,MDB,nucleo_80,competitividade,20,7.0,8.0,6.0,2.8
2018,MG,MDB,nucleo_80,eleicao,20,7.0,4.0,3.0,1.4
2018,MG,MDB,acima_divisao_igual,competitividade,20,7.0,8.0,6.0,2.8
2018,MG,MDB,acima_divisao_igual,eleicao,20,7.0,4.0,3.0,1.4
2018,MG,NOVO,top_necr,competitividade,36,15.0,0.0,0.0,0.0
2018,MG,NOVO,top_necr,eleicao,36,15.0,2.0,2.0,0.8333333333333334
2018,MG,NOVO,nucleo_80,competitividade,36,16.0,0.0,0.0,0.0
2018,MG,NOVO,nucleo_80,eleicao,36,16.0,2.0,2.0,0.8888888888888888
2018,MG,NOVO,acima_divisao_igual,competitividade,36,11.0,0.0,0.0,0.0
2018,MG,NOVO,acima_divisao_igual,eleicao,36,11.0,2.0,2.0,0.6111111111111112
2018,MG,PATRI,top_necr,competitividade,33,2.0,2.0,2.0,0.12121212121212122
2018,MG,PATRI,top_necr,eleicao,33,2.0,2.0,1.0,0.12121212121212122
2018,MG,PATRI,nucleo_80,competitividade,33,2.0,2.0,2.0,0.12121212121212122
2018,MG,PATRI,nucleo_80,eleicao,33,2.0,2.0,1.0,0.12121212121212122
2018,MG,PATRI,acima_divisao_igual,competitividade,33,2.0,2.0,2.0,0.12121212121212122
2018,MG,PATRI,acima_divisao_igual,eleicao,33,2.0,2.0,1.0,0.12121212121212122
2018,MG,PC DO B,top_necr,competitividade,8,1.0,2.0,1.0,0.25
2018,MG,PC DO B,top_necr,eleicao,8,1.0,0.0,0.0,0.0
2018,MG,PC DO B,nucleo_80,competitividade,8,1.0,2.0,1.0,0.25
2018,MG,PC DO B,nucleo_80,eleicao,8,1.0,0.0,0.0,0.0
2018,MG,PC DO B,acima_divisao_igual,competitividade,8,1.0,2.0,1.0,0.25
2018,MG,PC DO B,acima_divisao_igual,eleicao,8,1.0,0.0,0.0,0.0
2018,MG,PCB,top_necr,competitividade,12,3.0,0.0,0.0,0.0
2018,MG,PCB,top_necr,eleicao,12,3.0,0.0,0.0,0.0
2018,MG,PCB,nucleo_80,competitividade,12,3.0,0.0,0.0,0.0
2018,MG,PCB,nucleo_80,eleicao,12,3.0,0.0,0.0,0.0
2018,MG,PCB,acima_divisao_igual,competitividade,12,2.0,0.0,0.0,0.0
2018,MG,PCB,acima_divisao_igual,eleicao,12,2.0,0.0,0.0,0.0
2018,MG,PDT,top_necr,competitividade,24,4.0,2.0,2.0,0.3333333333333333
2018,MG,PDT,top_necr,eleicao,24,4.0,2.0,2.0,0.3333333333333333
2018,MG,PDT,nucleo_80,competitividade,24,4.0,2.0,2.0,0.3333333333333333
2018,MG,PDT,nucleo_80,eleicao,24,4.0,2.0,2.0,0.3333333333333333
2018,MG,PDT,acima_divisao_igual,competitividade,24,4.0,2.0,2.0,0.3333333333333333
2018,MG,PDT,acima_divisao_igual,eleicao,24,4.0,2.0,2.0,0.3333333333333333
2018,MG,PHS,top_necr,competitividade,71,2.0,4.0,1.0,0.11267605633802817
2018,MG,PHS,top_necr,eleicao,71,2.0,2.0,1.0,0.056338028169014086
2018,MG,PHS,nucleo_80,competitividade,71,4.0,4.0,1.0,0.22535211267605634
2018,MG,PHS,nucleo_80,eleicao,71,4.0,2.0,2.0,0.11267605633802817
2018,MG,PHS,acima_divisao_igual,competitividade,71,7.0,4.0,1.0,0.39436619718309857
2018,MG,PHS,acima_divisao_igual,eleicao,71,7.0,2.0,2.0,0.19718309859154928
2018,MG,PMB,top_necr,competitividade,5,0.0,0.0,0.0,0.0
2018,MG,PMB,top_necr,eleicao,5,0.0,0.0,0.0,0.0
2018,MG,PMB,nucleo_80,competitividade,5,0.0,0.0,0.0,0.0
2018,MG,PMB,nucleo_80,eleicao,5,0.0,0.0,0.0,0.0
2018,MG,PMB,acima_divisao_igual,competitividade,5,0.0,0.0,0.0,0.0
2018,MG,PMB,acima_divisao_igual,eleicao,5,0.0,0.0,0.0,0.0
2018,MG,PMN,top_necr,competitividade,12,1.0,0.0,0.0,0.0
2018,MG,PMN,top_necr,eleicao,12,1.0,1.0,1.0,0.08333333333333333
2018,MG,PMN,nucleo_80,competitividade,12,1.0,0.0,0.0,0.0
2018,MG,PMN,nucleo_80,eleicao,12,1.0,1.0,1.0,0.08333333333333333
2018,MG,PMN,acima_divisao_igual,competitividade,12,2.0,0.0,0.0,0.0
2018,MG,PMN,acima_divisao_igual,eleicao,12,2.0,1.0,1.0,0.16666666666666666
2018,MG,PODE,top_necr,competitividade,26,4.0,2.0,2.0,0.3076923076923077
2018,MG,PODE,top_necr,eleicao,26,4.0,1.0,0.0,0.15384615384615385
2018,MG,PODE,nucleo_80,competitividade,26,3.0,2.0,2.0,0.23076923076923078
2018,MG,PODE,nucleo_80,eleicao,26,3.0,1.0,0.0,0.11538461538461539
2018,MG,PODE,acima_divisao_igual,competitividade,26,4.0,2.0,2.0,0.3076923076923077
2018,MG,PODE,acima_divisao_igual,eleicao,26,4.0,1.0,0.0,0.15384615384615385
2018,MG,PP,top_necr,competitividade,8,5.0,2.0,2.0,1.25
2018,MG,PP,top_necr,eleicao,8,5.0,2.0,2.0,1.25
2018,MG,PP,nucleo_80,competitividade,8,4.0,2.0,2.0,1.0
2018,MG,PP,nucleo_80,eleicao,8,4.0,2.0,1.0,1.0
2018,MG,PP,acima_divisao_igual,competitividade,8,5.0,2.0,2.0,1.25
2018,MG,PP,acima_divisao_igual,eleicao,8,5.0,2.0,2.0,1.25
2018,MG,PPL,top_necr,competitividade,28,1.0,0.0,0.0,0.0
2018,MG,PPL,top_necr,eleicao,28,1.0,0.0,0.0,0.0
2018,MG,PPL,nucleo_80,competitividade,28,1.0,0.0,0.0,0.0
2018,MG,PPL,nucleo_80,eleicao,28,1.0,0.0,0.0,0.0
2018,MG,PPL,acima_divisao_igual,competitividade,28,1.0,0.0,0.0,0.0
2018,MG,PPL,acima_divisao_igual,eleicao,28,1.0,0.0,0.0,0.0
2018,MG,PPS,top_necr,competitividade,14,3.0,1.0,1.0,0.21428571428571427
2018,MG,PPS,top_necr,eleicao,14,3.0,0.0,0.0,0.0
2018,MG,PPS,nucleo_80,competitividade,14,2.0,1.0,1.0,0.14285714285714285
2018,MG,PPS,nucleo_80,eleicao,14,2.0,0.0,0.0,0.0
2018,MG,PPS,acima_divisao_igual,competitividade,14,2.0,1.0,1.0,0.14285714285714285
2018,MG,PPS,acima_divisao_igual,eleicao,14,2.0,0.0,0.0,0.0
2018,MG,PR,top_necr,competitividade,6,6.0,6.0,6.0,6.0
2018,MG,PR,top_necr,eleicao,6,6.0,1.0,1.0,1.0
2018,MG,PR,nucleo_80,competitividade,6,5.0,6.0,5.0,5.0
2018,MG,PR,nucleo_80,eleicao,6,5.0,1.0,1.0,0.8333333333333334
2018,MG,PR,acima_divisao_igual,competitividade,6,2.0,6.0,2.0,2.0
2018,MG,PR,acima_divisao_igual,eleicao,6,2.0,1.0,0.0,0.3333333333333333
2018,MG,PRB,top_necr,competitividade,8,5.0,2.0,2.0,1.25
2018,MG,PRB,top_necr,eleicao,8,5.0,2.0,2.0,1.25
2018,MG,PRB,nucleo_80,competitividade,8,4.0,2.0,2.0,1.0
2018,MG,PRB,nucleo_80,eleicao,8,4.0,2.0,2.0,1.0
2018,MG,PRB,acima_divisao_igual,competitividade,8,4.0,2.0,2.0,1.0
2018,MG,PRB,acima_divisao_igual,eleicao,8,4.0,2.0,2.0,1.0
2018,MG,PROS,top_necr,competitividade,33,4.0,4.0,2.0,0.48484848484848486
2018,MG,PROS,top_necr,eleicao,33,4.0,2.0,2.0,0.24242424242424243
2018,MG,PROS,nucleo_80,competitividade,33,4.0,4.0,2.0,0.48484848484848486
2018,MG,PROS,nucleo_80,eleicao,33,4.0,2.0,2.0,0.24242424242424243
2018,MG,PROS,acima_divisao_igual,competitividade,33,6.0,4.0,3.0,0.7272727272727273
2018,MG,PROS,acima_divisao_igual,eleicao,33,6.0,2.0,2.0,0.36363636363636365
2018,MG,PRP,top_necr,competitividade,5,2.0,0.0,0.0,0.0
2018,MG,PRP,top_necr,eleicao,5,2.0,0.0,0.0,0.0
2018,MG,PRP,nucleo_80,competitividade,5,2.0,0.0,0.0,0.0
2018,MG,PRP,nucleo_80,eleicao,5,2.0,0.0,0.0,0.0
2018,MG,PRP,acima_divisao_igual,competitividade,5,2.0,0.0,0.0,0.0
2018,MG,PRP,acima_divisao_igual,eleicao,5,2.0,0.0,0.0,0.0
2018,MG,PRTB,top_necr,competitividade,51,1.0,1.0,0.0,0.0196078431372549
2018,MG,PRTB,top_necr,eleicao,52,1.0,0.0,0.0,0.0
2018,MG,PRTB,nucleo_80,competitividade,51,1.0,1.0,0.0,0.0196078431372549
2018,MG,PRTB,nucleo_80,eleicao,52,1.0,0.0,0.0,0.0
2018,MG,PRTB,acima_divisao_igual,competitividade,51,1.0,1.0,0.0,0.0196078431372549
2018,MG,PRTB,acima_divisao_igual,eleicao,52,1.0,0.0,0.0,0.0
2018,MG,PSB,top_necr,competitividade,23,5.0,2.0,2.0,0.43478260869565216
2018,MG,PSB,top_necr,eleicao,26,7.0,3.0,3.0,0.8076923076923077
2018,MG,PSB,nucleo_80,competitividade,23,4.0,2.0,2.0,0.34782608695652173
2018,MG,PSB,nucleo_80,eleicao,26,6.0,3.0,3.0,0.6923076923076923
2018,MG,PSB,acima_divisao_igual,competitividade,23,7.0,2.0,2.0,0.6086956521739131
2018,MG,PSB,acima_divisao_igual,eleicao,26,9.0,3.0,3.0,1.0384615384615385
2018,MG,PSC,top_necr,competitividade,34,4.0,1.0,1.0,0.11764705882352941
2018,MG,PSC,top_necr,eleicao,34,4.0,1.0,1.0,0.11764705882352941
2018,MG,PSC,nucleo_80,competitividade,34,4.0,1.0,1.0,0.11764705882352941
2018,MG,PSC,nucleo_80,eleicao,34,4.0,1.0,1.0,0.11764705882352941
2018,MG,PSC,acima_divisao_igual,competitividade,34,5.0,1.0,1.0,0.14705882352941177
2018,MG,PSC,acima_divisao_igual,eleicao,34,5.0,1.0,1.0,0.14705882352941177
2018,MG,PSD,top_necr,competitividade,11,5.0,5.0,5.0,2.272727272727273
2018,MG,PSD,top_necr,eleicao,11,5.0,3.0,3.0,1.3636363636363635
2018,MG,PSD,nucleo_80,competitividade,11,4.0,5.0,4.0,1.8181818181818181
2018,MG,PSD,nucleo_80,eleicao,11,4.0,3.0,2.0,1.0909090909090908
2018,MG,PSD,acima_divisao_igual,competitividade,11,4.0,5.0,4.0,1.8181818181818181
2018,MG,PSD,acima_divisao_igual,eleicao,11,4.0,3.0,2.0,1.0909090909090908
2018,MG,PSDB,top_necr,competitividade,20,8.0,7.0,7.0,2.8
2018,MG,PSDB,top_necr,eleicao,20,8.0,5.0,5.0,2.0
2018,MG,PSDB,nucleo_80,competitividade,20,6.0,7.0,5.0,2.1
2018,MG,PSDB,nucleo_80,eleicao,20,6.0,5.0,3.0,1.5
2018,MG,PSDB,acima_divisao_igual,competitividade,20,8.0,7.0,7.0,2.8
2018,MG,PSDB,acima_divisao_igual,eleicao,20,8.0,5.0,5.0,2.0
2018,MG,PSL,top_necr,competitividade,76,4.0,3.0,0.0,0.15789473684210525
2018,MG,PSL,top_necr,eleicao,76,4.0,6.0,1.0,0.3157894736842105
2018,MG,PSL,nucleo_80,competitividade,76,4.0,3.0,0.0,0.15789473684210525
2018,MG,PSL,nucleo_80,eleicao,76,4.0,6.0,1.0,0.3157894736842105
2018,MG,PSL,acima_divisao_igual,competitividade,76,6.0,3.0,0.0,0.23684210526315788
2018,MG,PSL,acima_divisao_igual,eleicao,76,6.0,6.0,2.0,0.47368421052631576
2018,MG,PSOL,top_necr,competitividade,33,14.0,0.0,0.0,0.0
2018,MG,PSOL,top_necr,eleicao,33,14.0,1.0,1.0,0.42424242424242425
2018,MG,PSOL,nucleo_80,competitividade,33,16.0,0.0,0.0,0.0
2018,MG,PSOL,nucleo_80,eleicao,33,16.0,1.0,1.0,0.48484848484848486
2018,MG,PSOL,acima_divisao_igual,competitividade,33,10.0,0.0,0.0,0.0
2018,MG,PSOL,acima_divisao_igual,eleicao,33,10.0,1.0,1.0,0.30303030303030304
2018,MG,PSTU,top_necr,competitividade,5,0.0,0.0,0.0,0.0
2018,MG,PSTU,top_necr,eleicao,5,0.0,0.0,0.0,0.0
2018,MG,PSTU,nucleo_80,competitividade,5,0.0,0.0,0.0,0.0
2018,MG,PSTU,nucleo_80,eleicao,5,0.0,0.0,0.0,0.0
2018,MG,PSTU,acima_divisao_igual,competitividade,5,0.0,0.0,0.0,0.0
2018,MG,PSTU,acima_divisao_igual,eleicao,5,0.0,0.0,0.0,0.0
2018,MG,PT,top_necr,competitividade,26,14.0,13.0,11.0,7.0
2018,MG,PT,top_necr,eleicao,26,14.0,8.0,8.0,4.3076923076923075
2018,MG,PT,nucleo_80,competitividade,26,11.0,13.0,8.0,5.5
2018,MG,PT,nucleo_80,eleicao,26,11.0,8.0,6.0,3.3846153846153846
2018,MG,PT,acima_divisao_igual,competitividade,26,14.0,13.0,11.0,7.0
2018,MG,PT,acima_divisao_igual,eleicao,26,14.0,8.0,8.0,4.3076923076923075
2018,MG,PTB,top_necr,competitividade,20,4.0,4.0,3.0,0.8
2018,MG,PTB,top_necr,eleicao,20,4.0,0.0,0.0,0.0
2018,MG,PTB,nucleo_80,competitividade,20,3.0,4.0,3.0,0.6
2018,MG,PTB,nucleo_80,eleicao,20,3.0,0.0,0.0,0.0
2018,MG,PTB,acima_divisao_igual,competitividade,20,4.0,4.0,3.0,0.8
2018,MG,PTB,acima_divisao_igual,eleicao,20,4.0,0.0,0.0,0.0
2018,MG,PTC,top_necr,competitividade,25,1.0,0.0,0.0,0.0
2018,MG,PTC,top_necr,eleicao,25,1.0,0.0,0.0,0.0
2018,MG,PTC,nucleo_80,competitividade,25,1.0,0.0,0.0,0.0
2018,MG,PTC,nucleo_80,eleicao,25,1.0,0.0,0.0,0.0
2018,MG,PTC,acima_divisao_igual,competitividade,25,2.0,0.0,0.0,0.0
2018,MG,PTC,acima_divisao_igual,eleicao,25,2.0,0.0,0.0,0.0
2018,MG,PV,top_necr,competitividade,14,9.0,0.0,0.0,0.0
2018,MG,PV,top_necr,eleicao,14,9.0,0.0,0.0,0.0
2018,MG,PV,nucleo_80,competitividade,14,8.0,0.0,0.0,0.0
2018,MG,PV,nucleo_80,eleicao,14,8.0,0.0,0.0,0.0
2018,MG,PV,acima_divisao_igual,competitividade,14,6.0,0.0,0.0,0.0
2018,MG,PV,acima_divisao_igual,eleicao,14,6.0,0.0,0.0,0.0
2018,MG,REDE,top_necr,competitividade,25,1.0,0.0,0.0,0.0
2018,MG,REDE,top_necr,eleicao,25,1.0,0.0,0.0,0.0
2018,MG,REDE,nucleo_80,competitividade,25,1.0,0.0,0.0,0.0
2018,MG,REDE,nucleo_80,eleicao,25,1.0,0.0,0.0,0.0
2018,MG,REDE,acima_divisao_igual,competitividade,25,1.0,0.0,0.0,0.0
2018,MG,REDE,acima_divisao_igual,eleicao,25,1.0,0.0,0.0,0.0
2018,MG,SOLIDARIEDADE,top_necr,competitividade,8,1.0,1.0,1.0,0.125
2018,MG,SOLIDARIEDADE,top_necr,eleicao,8,1.0,1.0,1.0,0.125
2018,MG,SOLIDARIEDADE,nucleo_80,competitividade,8,1.0,1.0,1.0,0.125
2018,MG,SOLIDARIEDADE,nucleo_80,eleicao,8,1.0,1.0,1.0,0.125
2018,MG,SOLIDARIEDADE,acima_divisao_igual,competitividade,8,1.0,1.0,1.0,0.125
2018,MG,SOLIDARIEDADE,acima_divisao_igual,eleicao,8,1.0,1.0,1.0,0.125
2018,MS,AVANTE,top_necr,competitividade,1,0.0,0.0,0.0,0.0
2018,MS,AVANTE,top_necr,eleicao,1,0.0,0.0,0.0,0.0
2018,MS,AVANTE,nucleo_80,competitividade,1,0.0,0.0,0.0,0.0
2018,MS,AVANTE,nucleo_80,eleicao,1,0.0,0.0,0.0,0.0
2018,MS,AVANTE,acima_divisao_igual,competitividade,1,0.0,0.0,0.0,0.0
2018,MS,AVANTE,acima_divisao_igual,eleicao,1,0.0,0.0,0.0,0.0
2018,MS,DC,top_necr,competitividade,1,1.0,0.0,0.0,0.0
2018,MS,DC,top_necr,eleicao,1,1.0,0.0,0.0,0.0
2018,MS,DC,nucleo_80,competitividade,1,1.0,0.0,0.0,0.0
2018,MS,DC,nucleo_80,eleicao,1,1.0,0.0,0.0,0.0
2018,MS,DC,acima_divisao_igual,competitividade,1,0.0,0.0,0.0,0.0
2018,MS,DC,acima_divisao_igual,eleicao,1,0.0,0.0,0.0,0.0
2018,MS,DEM,top_necr,competitividade,5,1.0,1.0,1.0,0.2
2018,MS,DEM,top_necr,eleicao,5,1.0,1.0,1.0,0.2
2018,MS,DEM,nucleo_80,competitividade,5,1.0,1.0,1.0,0.2
2018,MS,DEM,nucleo_80,eleicao,5,1.0,1.0,1.0,0.2
2018,MS,DEM,acima_divisao_igual,competitividade,5,1.0,1.0,1.0,0.2
2018,MS,DEM,acima_divisao_igual,eleicao,5,1.0,1.0,1.0,0.2
2018,MS,MDB,top_necr,competitividade,11,3.0,1.0,0.0,0.2727272727272727
2018,MS,MDB,top_necr,eleicao,11,3.0,0.0,0.0,0.0
2018,MS,MDB,nucleo_80,competitividade,11,3.0,1.0,0.0,0.2727272727272727
2018,MS,MDB,nucleo_80,eleicao,11,3.0,0.0,0.0,0.0
2018,MS,MDB,acima_divisao_igual,competitividade,11,2.0,1.0,0.0,0.18181818181818182
2018,MS,MDB,acima_divisao_igual,eleicao,11,2.0,0.0,0.0,0.0
2018,MS,NOVO,top_necr,competitividade,5,4.0,0.0,0.0,0.0
2018,MS,NOVO,top_necr,eleicao,5,4.0,0.0,0.0,0.0
2018,MS,NOVO,nucleo_80,competitividade,5,4.0,0.0,0.0,0.0
2018,MS,NOVO,nucleo_80,eleicao,5,4.0,0.0,0.0,0.0
2018,MS,NOVO,acima_divisao_igual,competitividade,5,2.0,0.0,0.0,0.0
2018,MS,NOVO,acima_divisao_igual,eleicao,5,2.0,0.0,0.0,0.0
2018,MS,PATRI,top_necr,competitividade,2,0.0,0.0,0.0,0.0
2018,MS,PATRI,top_necr,eleicao,2,0.0,0.0,0.0,0.0
2018,MS,PATRI,nucleo_80,competitividade,2,0.0,0.0,0.0,0.0
2018,MS,PATRI,nucleo_80,eleicao,2,0.0,0.0,0.0,0.0
2018,MS,PATRI,acima_divisao_igual,competitividade,2,0.0,0.0,0.0,0.0
2018,MS,PATRI,acima_divisao_igual,eleicao,2,0.0,0.0,0.0,0.0
2018,MS,PC DO B,top_necr,competitividade,4,1.0,0.0,0.0,0.0
2018,MS,PC DO B,top_necr,eleicao,4,1.0,0.0,0.0,0.0
2018,MS,PC DO B,nucleo_80,competitividade,4,1.0,0.0,0.0,0.0
2018,MS,PC DO B,nucleo_80,eleicao,4,1.0,0.0,0.0,0.0
2018,MS,PC DO B,acima_divisao_igual,competitividade,4,1.0,0.0,0.0,0.0
2018,MS,PC DO B,acima_divisao_igual,eleicao,4,1.0,0.0,0.0,0.0
2018,MS,PDT,top_necr,competitividade,8,2.0,1.0,1.0,0.25
2018,MS,PDT,top_necr,eleicao,8,2.0,1.0,1.0,0.25
2018,MS,PDT,nucleo_80,competitividade,8,2.0,1.0,1.0,0.25
2018,MS,PDT,nucleo_80,eleicao,8,2.0,1.0,1.0,0.25
2018,MS,PDT,acima_divisao_igual,competitividade,8,2.0,1.0,1.0,0.25
2018,MS,PDT,acima_divisao_igual,eleicao,8,2.0,1.0,1.0,0.25
2018,MS,PHS,top_necr,competitividade,4,3.0,0.0,0.0,0.0
2018,MS,PHS,top_necr,eleicao,4,3.0,0.0,0.0,0.0
2018,MS,PHS,nucleo_80,competitividade,4,3.0,0.0,0.0,0.0
2018,MS,PHS,nucleo_80,eleicao,4,3.0,0.0,0.0,0.0
2018,MS,PHS,acima_divisao_igual,competitividade,4,3.0,0.0,0.0,0.0
2018,MS,PHS,acima_divisao_igual,eleicao,4,3.0,0.0,0.0,0.0
2018,MS,PMB,top_necr,competitividade,1,0.0,0.0,0.0,0.0
2018,MS,PMB,top_necr,eleicao,1,0.0,0.0,0.0,0.0
2018,MS,PMB,nucleo_80,competitividade,1,0.0,0.0,0.0,0.0
2018,MS,PMB,nucleo_80,eleicao,1,0.0,0.0,0.0,0.0
2018,MS,PMB,acima_divisao_igual,competitividade,1,0.0,0.0,0.0,0.0
2018,MS,PMB,acima_divisao_igual,eleicao,1,0.0,0.0,0.0,0.0
2018,MS,PMN,top_necr,competitividade,1,1.0,0.0,0.0,0.0
2018,MS,PMN,top_necr,eleicao,1,1.0,0.0,0.0,0.0
2018,MS,PMN,nucleo_80,competitividade,1,1.0,0.0,0.0,0.0
2018,MS,PMN,nucleo_80,eleicao,1,1.0,0.0,0.0,0.0
2018,MS,PMN,acima_divisao_igual,competitividade,1,0.0,0.0,0.0,0.0
2018,MS,PMN,acima_divisao_igual,eleicao,1,0.0,0.0,0.0,0.0
2018,MS,PODE,top_necr,competitividade,5,4.0,0.0,0.0,0.0
2018,MS,PODE,top_necr,eleicao,5,4.0,0.0,0.0,0.0
2018,MS,PODE,nucleo_80,competitividade,5,4.0,0.0,0.0,0.0
2018,MS,PODE,nucleo_80,eleicao,5,4.0,0.0,0.0,0.0
2018,MS,PODE,acima_divisao_igual,competitividade,5,4.0,0.0,0.0,0.0
2018,MS,PODE,acima_divisao_igual,eleicao,5,4.0,0.0,0.0,0.0
2018,MS,PPL,top_necr,competitividade,3,0.0,0.0,0.0,0.0
2018,MS,PPL,top_necr,eleicao,3,0.0,0.0,0.0,0.0
2018,MS,PPL,nucleo_80,competitividade,3,0.0,0.0,0.0,0.0
2018,MS,PPL,nucleo_80,eleicao,3,0.0,0.0,0.0,0.0
2018,MS,PPL,acima_divisao_igual,competitividade,3,0.0,0.0,0.0,0.0
2018,MS,PPL,acima_divisao_igual,eleicao,3,0.0,0.0,0.0,0.0
2018,MS,PPS,top_necr,competitividade,2,2.0,0.0,0.0,0.0
2018,MS,PPS,top_necr,eleicao,2,2.0,0.0,0.0,0.0
2018,MS,PPS,nucleo_80,competitividade,2,2.0,0.0,0.0,0.0
2018,MS,PPS,nucleo_80,eleicao,2,2.0,0.0,0.0,0.0
2018,MS,PPS,acima_divisao_igual,competitividade,2,1.0,0.0,0.0,0.0
2018,MS,PPS,acima_divisao_igual,eleicao,2,1.0,0.0,0.0,0.0
2018,MS,PR,top_necr,competitividade,1,1.0,0.0,0.0,0.0
2018,MS,PR,top_necr,eleicao,1,1.0,0.0,0.0,0.0
2018,MS,PR,nucleo_80,competitividade,1,1.0,0.0,0.0,0.0
2018,MS,PR,nucleo_80,eleicao,1,1.0,0.0,0.0,0.0
2018,MS,PR,acima_divisao_igual,competitividade,1,0.0,0.0,0.0,0.0
2018,MS,PR,acima_divisao_igual,eleicao,1,0.0,0.0,0.0,0.0
2018,MS,PRB,top_necr,competitividade,3,1.0,1.0,1.0,0.3333333333333333
2018,MS,PRB,top_necr,eleicao,3,1.0,0.0,0.0,0.0
2018,MS,PRB,nucleo_80,competitividade,3,1.0,1.0,1.0,0.3333333333333333
2018,MS,PRB,nucleo_80,eleicao,3,1.0,0.0,0.0,0.0
2018,MS,PRB,acima_divisao_igual,competitividade,3,1.0,1.0,1.0,0.3333333333333333
2018,MS,PRB,acima_divisao_igual,eleicao,3,1.0,0.0,0.0,0.0
2018,MS,PROS,top_necr,competitividade,4,3.0,1.0,1.0,0.75
2018,MS,PROS,top_necr,eleicao,4,3.0,0.0,0.0,0.0
2018,MS,PROS,nucleo_80,competitividade,4,3.0,1.0,1.0,0.75
2018,MS,PROS,nucleo_80,eleicao,4,3.0,0.0,0.0,0.0
2018,MS,PROS,acima_divisao_igual,competitividade,4,1.0,1.0,0.0,0.25
2018,MS,PROS,acima_divisao_igual,eleicao,4,1.0,0.0,0.0,0.0
2018,MS,PRP,top_necr,competitividade,2,1.0,0.0,0.0,0.0
2018,MS,PRP,top_necr,eleicao,2,1.0,0.0,0.0,0.0
2018,MS,PRP,nucleo_80,competitividade,2,1.0,0.0,0.0,0.0
2018,MS,PRP,nucleo_80,eleicao,2,1.0,0.0,0.0,0.0
2018,MS,PRP,acima_divisao_igual,competitividade,2,1.0,0.0,0.0,0.0
2018,MS,PRP,acima_divisao_igual,eleicao,2,1.0,0.0,0.0,0.0
2018,MS,PRTB,top_necr,competitividade,3,0.0,0.0,0.0,0.0
2018,MS,PRTB,top_necr,eleicao,3,0.0,0.0,0.0,0.0
2018,MS,PRTB,nucleo_80,competitividade,3,0.0,0.0,0.0,0.0
2018,MS,PRTB,nucleo_80,eleicao,3,0.0,0.0,0.0,0.0
2018,MS,PRTB,acima_divisao_igual,competitividade,3,0.0,0.0,0.0,0.0
2018,MS,PRTB,acima_divisao_igual,eleicao,3,0.0,0.0,0.0,0.0
2018,MS,PSB,top_necr,competitividade,1,1.0,1.0,1.0,1.0
2018,MS,PSB,top_necr,eleicao,1,1.0,0.0,0.0,0.0
2018,MS,PSB,nucleo_80,competitividade,1,1.0,1.0,1.0,1.0
2018,MS,PSB,nucleo_80,eleicao,1,1.0,0.0,0.0,0.0
2018,MS,PSB,acima_divisao_igual,competitividade,1,0.0,1.0,0.0,0.0
2018,MS,PSB,acima_divisao_igual,eleicao,1,0.0,0.0,0.0,0.0
2018,MS,PSC,top_necr,competitividade,2,0.0,0.0,0.0,0.0
2018,MS,PSC,top_necr,eleicao,2,0.0,0.0,0.0,0.0
2018,MS,PSC,nucleo_80,competitividade,2,0.0,0.0,0.0,0.0
2018,MS,PSC,nucleo_80,eleicao,2,0.0,0.0,0.0,0.0
2018,MS,PSC,acima_divisao_igual,competitividade,2,0.0,0.0,0.0,0.0
2018,MS,PSC,acima_divisao_igual,eleicao,2,0.0,0.0,0.0,0.0
2018,MS,PSD,top_necr,competitividade,2,1.0,1.0,1.0,0.5
2018,MS,PSD,top_necr,eleicao,2,1.0,1.0,1.0,0.5
2018,MS,PSD,nucleo_80,competitividade,2,1.0,1.0,1.0,0.5
2018,MS,PSD,nucleo_80,eleicao,2,1.0,1.0,1.0,0.5
2018,MS,PSD,acima_divisao_igual,competitividade,2,1.0,1.0,1.0,0.5
2018,MS,PSD,acima_divisao_igual,eleicao,2,1.0,1.0,1.0,0.5
2018,MS,PSDB,top_necr,competitividade,5,4.0,3.0,3.0,2.4
2018,MS,PSDB,top_necr,eleicao,5,4.0,2.0,2.0,1.6
2018,MS,PSDB,nucleo_80,competitividade,5,3.0,3.0,3.0,1.8
2018,MS,PSDB,nucleo_80,eleicao,5,3.0,2.0,2.0,1.2
2018,MS,PSDB,acima_divisao_igual,competitividade,5,3.0,3.0,3.0,1.8
2018,MS,PSDB,acima_divisao_igual,eleicao,5,3.0,2.0,2.0,1.2
2018,MS,PSL,top_necr,competitividade,4,0.0,0.0,0.0,0.0
2018,MS,PSL,top_necr,eleicao,4,0.0,2.0,0.0,0.0
2018,MS,PSL,nucleo_80,competitividade,4,0.0,0.0,0.0,0.0
2018,MS,PSL,nucleo_80,eleicao,4,0.0,2.0,0.0,0.0
2018,MS,PSL,acima_divisao_igual,competitividade,4,0.0,0.0,0.0,0.0
2018,MS,PSL,acima_divisao_igual,eleicao,4,0.0,2.0,0.0,0.0
2018,MS,PSOL,top_necr,competitividade,6,5.0,0.0,0.0,0.0
2018,MS,PSOL,top_necr,eleicao,6,5.0,0.0,0.0,0.0
2018,MS,PSOL,nucleo_80,competitividade,6,4.0,0.0,0.0,0.0
2018,MS,PSOL,nucleo_80,eleicao,6,4.0,0.0,0.0,0.0
2018,MS,PSOL,acima_divisao_igual,competitividade,6,4.0,0.0,0.0,0.0
2018,MS,PSOL,acima_divisao_igual,eleicao,6,4.0,0.0,0.0,0.0
2018,MS,PT,top_necr,competitividade,16,4.0,2.0,2.0,0.5
2018,MS,PT,top_necr,eleicao,16,4.0,1.0,1.0,0.25
2018,MS,PT,nucleo_80,competitividade,16,4.0,2.0,2.0,0.5
2018,MS,PT,nucleo_80,eleicao,16,4.0,1.0,1.0,0.25
2018,MS,PT,acima_divisao_igual,competitividade,16,4.0,2.0,2.0,0.5
2018,MS,PT,acima_divisao_igual,eleicao,16,4.0,1.0,1.0,0.25
2018,MS,PTB,top_necr,competitividade,1,1.0,0.0,0.0,0.0
2018,MS,PTB,top_necr,eleicao,1,1.0,0.0,0.0,0.0
2018,MS,PTB,nucleo_80,competitividade,1,1.0,0.0,0.0,0.0
2018,MS,PTB,nucleo_80,eleicao,1,1.0,0.0,0.0,0.0
2018,MS,PTB,acima_divisao_igual,competitividade,1,0.0,0.0,0.0,0.0
2018,MS,PTB,acima_divisao_igual,eleicao,1,0.0,0.0,0.0,0.0
2018,MS,PTC,top_necr,competitividade,1,1.0,0.0,0.0,0.0
2018,MS,PTC,top_necr,eleicao,1,1.0,0.0,0.0,0.0
2018,MS,PTC,nucleo_80,competitividade,1,1.0,0.0,0.0,0.0
2018,MS,PTC,nucleo_80,eleicao,1,1.0,0.0,0.0,0.0
2018,MS,PTC,acima_divisao_igual,competitividade,1,0.0,0.0,0.0,0.0
2018,MS,PTC,acima_divisao_igual,eleicao,1,0.0,0.0,0.0,0.0
2018,MS,PV,top_necr,competitividade,8,5.0,0.0,0.0,0.0
2018,MS,PV,top_necr,eleicao,8,5.0,0.0,0.0,0.0
2018,MS,PV,nucleo_80,competitividade,8,4.0,0.0,0.0,0.0
2018,MS,PV,nucleo_80,eleicao,8,4.0,0.0,0.0,0.0
2018,MS,PV,acima_divisao_igual,competitividade,8,4.0,0.0,0.0,0.0
2018,MS,PV,acima_divisao_igual,eleicao,8,4.0,0.0,0.0,0.0
2018,MS,REDE,top_necr,competitividade,3,3.0,0.0,0.0,0.0
2018,MS,REDE,top_necr,eleicao,3,3.0,0.0,0.0,0.0
2018,MS,REDE,nucleo_80,competitividade,3,3.0,0.0,0.0,0.0
2018,MS,REDE,nucleo_80,eleicao,3,3.0,0.0,0.0,0.0
2018,MS,REDE,acima_divisao_igual,competitividade,3,0.0,0.0,0.0,0.0
2018,MS,REDE,acima_divisao_igual,eleicao,3,0.0,0.0,0.0,0.0
2018,MS,SOLIDARIEDADE,top_necr,competitividade,2,2.0,0.0,0.0,0.0
2018,MS,SOLIDARIEDADE,top_necr,eleicao,2,2.0,0.0,0.0,0.0
2018,MS,SOLIDARIEDADE,nucleo_80,competitividade,2,2.0,0.0,0.0,0.0
2018,MS,SOLIDARIEDADE,nucleo_80,eleicao,2,2.0,0.0,0.0,0.0
2018,MS,SOLIDARIEDADE,acima_divisao_igual,competitividade,2,1.0,0.0,0.0,0.0
2018,MS,SOLIDARIEDADE,acima_divisao_igual,eleicao,2,1.0,0.0,0.0,0.0
2018,MT,DEM,top_necr,competitividade,2,1.0,1.0,1.0,0.5
2018,MT,DEM,top_necr,eleicao,2,1.0,0.0,0.0,0.0
2018,MT,DEM,nucleo_80,competitividade,2,1.0,1.0,1.0,0.5
2018,MT,DEM,nucleo_80,eleicao,2,1.0,0.0,0.0,0.0
2018,MT,DEM,acima_divisao_igual,competitividade,2,1.0,1.0,1.0,0.5
2018,MT,DEM,acima_divisao_igual,eleicao,2,1.0,0.0,0.0,0.0
2018,MT,MDB,top_necr,competitividade,7,3.0,3.0,2.0,1.2857142857142858
2018,MT,MDB,top_necr,eleicao,7,3.0,2.0,1.0,0.8571428571428571
2018,MT,MDB,nucleo_80,competitividade,7,3.0,3.0,2.0,1.2857142857142858
2018,MT,MDB,nucleo_80,eleicao,7,3.0,2.0,1.0,0.8571428571428571
2018,MT,MDB,acima_divisao_igual,competitividade,7,3.0,3.0,2.0,1.2857142857142858
2018,MT,MDB,acima_divisao_igual,eleicao,7,3.0,2.0,1.0,0.8571428571428571
2018,MT,NOVO,top_necr,competitividade,13,13.0,0.0,0.0,0.0
2018,MT,NOVO,top_necr,eleicao,13,13.0,0.0,0.0,0.0
2018,MT,NOVO,nucleo_80,competitividade,13,11.000000000000002,0.0,0.0,0.0
2018,MT,NOVO,nucleo_80,eleicao,13,11.000000000000002,0.0,0.0,0.0
2018,MT,NOVO,acima_divisao_igual,competitividade,13,1.0,0.0,0.0,0.0
2018,MT,NOVO,acima_divisao_igual,eleicao,13,1.0,0.0,0.0,0.0
2018,MT,PATRI,top_necr,competitividade,3,3.0,0.0,0.0,0.0
2018,MT,PATRI,top_necr,eleicao,3,3.0,0.0,0.0,0.0
2018,MT,PATRI,nucleo_80,competitividade,3,3.0,0.0,0.0,0.0
2018,MT,PATRI,nucleo_80,eleicao,3,3.0,0.0,0.0,0.0
2018,MT,PATRI,acima_divisao_igual,competitividade,3,0.0,0.0,0.0,0.0
2018,MT,PATRI,acima_divisao_igual,eleicao,3,0.0,0.0,0.0,0.0
2018,MT,PC DO B,top_necr,competitividade,2,2.0,0.0,0.0,0.0
2018,MT,PC DO B,top_necr,eleicao,2,2.0,0.0,0.0,0.0
2018,MT,PC DO B,nucleo_80,competitividade,2,2.0,0.0,0.0,0.0
2018,MT,PC DO B,nucleo_80,eleicao,2,2.0,0.0,0.0,0.0
2018,MT,PC DO B,acima_divisao_igual,competitividade,2,1.0,0.0,0.0,0.0
2018,MT,PC DO B,acima_divisao_igual,eleicao,2,1.0,0.0,0.0,0.0
2018,MT,PDT,top_necr,competitividade,4,2.0,1.0,0.0,0.5
2018,MT,PDT,top_necr,eleicao,4,2.0,0.0,0.0,0.0
2018,MT,PDT,nucleo_80,competitividade,4,2.0,1.0,0.0,0.5
2018,MT,PDT,nucleo_80,eleicao,4,2.0,0.0,0.0,0.0
2018,MT,PDT,acima_divisao_igual,competitividade,4,2.0,1.0,0.0,0.5
2018,MT,PDT,acima_divisao_igual,eleicao,4,2.0,0.0,0.0,0.0
2018,MT,PHS,top_necr,competitividade,3,2.0,0.0,0.0,0.0
2018,MT,PHS,top_necr,eleicao,3,2.0,0.0,0.0,0.0
2018,MT,PHS,nucleo_80,competitividade,3,2.0,0.0,0.0,0.0
2018,MT,PHS,nucleo_80,eleicao,3,2.0,0.0,0.0,0.0
2018,MT,PHS,acima_divisao_igual,competitividade,3,2.0,0.0,0.0,0.0
2018,MT,PHS,acima_divisao_igual,eleicao,3,2.0,0.0,0.0,0.0
2018,MT,PMB,top_necr,competitividade,1,0.0,0.0,0.0,0.0
2018,MT,PMB,top_necr,eleicao,1,0.0,0.0,0.0,0.0
2018,MT,PMB,nucleo_80,competitividade,1,0.0,0.0,0.0,0.0
2018,MT,PMB,nucleo_80,eleicao,1,0.0,0.0,0.0,0.0
2018,MT,PMB,acima_divisao_igual,competitividade,1,0.0,0.0,0.0,0.0
2018,MT,PMB,acima_divisao_igual,eleicao,1,0.0,0.0,0.0,0.0
2018,MT,PMN,top_necr,competitividade,1,1.0,0.0,0.0,0.0
2018,MT,PMN,top_necr,eleicao,1,1.0,0.0,0.0,0.0
2018,MT,PMN,nucleo_80,competitividade,1,1.0,0.0,0.0,0.0
2018,MT,PMN,nucleo_80,eleicao,1,1.0,0.0,0.0,0.0
2018,MT,PMN,acima_divisao_igual,competitividade,1,0.0,0.0,0.0,0.0
2018,MT,PMN,acima_divisao_igual,eleicao,1,0.0,0.0,0.0,0.0
2018,MT,PODE,top_necr,competitividade,2,1.0,1.0,1.0,0.5
2018,MT,PODE,top_necr,eleicao,2,1.0,1.0,1.0,0.5
2018,MT,PODE,nucleo_80,competitividade,2,1.0,1.0,1.0,0.5
2018,MT,PODE,nucleo_80,eleicao,2,1.0,1.0,1.0,0.5
2018,MT,PODE,acima_divisao_igual,competitividade,2,1.0,1.0,1.0,0.5
2018,MT,PODE,acima_divisao_igual,eleicao,2,1.0,1.0,1.0,0.5
2018,MT,PP,top_necr,competitividade,1,1.0,1.0,1.0,1.0
2018,MT,PP,top_necr,eleicao,1,1.0,0.0,0.0,0.0
2018,MT,PP,nucleo_80,competitividade,1,1.0,1.0,1.0,1.0
2018,MT,PP,nucleo_80,eleicao,1,1.0,0.0,0.0,0.0
2018,MT,PP,acima_divisao_igual,competitividade,1,0.0,1.0,0.0,0.0
2018,MT,PP,acima_divisao_igual,eleicao,1,0.0,0.0,0.0,0.0
2018,MT,PPL,top_necr,competitividade,3,2.0,0.0,0.0,0.0
2018,MT,PPL,top_necr,eleicao,3,2.0,0.0,0.0,0.0
2018,MT,PPL,nucleo_80,competitividade,3,2.0,0.0,0.0,0.0
2018,MT,PPL,nucleo_80,eleicao,3,2.0,0.0,0.0,0.0
2018,MT,PPL,acima_divisao_igual,competitividade,3,2.0,0.0,0.0,0.0
2018,MT,PPL,acima_divisao_igual,eleicao,3,2.0,0.0,0.0,0.0
2018,MT,PPS,top_necr,competitividade,6,1.0,0.0,0.0,0.0
2018,MT,PPS,top_necr,eleicao,6,1.0,0.0,0.0,0.0
2018,MT,PPS,nucleo_80,competitividade,6,1.0,0.0,0.0,0.0
2018,MT,PPS,nucleo_80,eleicao,6,1.0,0.0,0.0,0.0
2018,MT,PPS,acima_divisao_igual,competitividade,6,1.0,0.0,0.0,0.0
2018,MT,PPS,acima_divisao_igual,eleicao,6,1.0,0.0,0.0,0.0
2018,MT,PR,top_necr,competitividade,2,2.0,1.0,1.0,1.0
2018,MT,PR,top_necr,eleicao,2,2.0,0.0,0.0,0.0
2018,MT,PR,nucleo_80,competitividade,2,2.0,1.0,1.0,1.0
2018,MT,PR,nucleo_80,eleicao,2,2.0,0.0,0.0,0.0
2018,MT,PR,acima_divisao_igual,competitividade,2,1.0,1.0,1.0,0.5
2018,MT,PR,acima_divisao_igual,eleicao,2,1.0,0.0,0.0,0.0
2018,MT,PRB,top_necr,competitividade,1,1.0,1.0,1.0,1.0
2018,MT,PRB,top_necr,eleicao,1,1.0,0.0,0.0,0.0
2018,MT,PRB,nucleo_80,competitividade,1,1.0,1.0,1.0,1.0
2018,MT,PRB,nucleo_80,eleicao,1,1.0,0.0,0.0,0.0
2018,MT,PRB,acima_divisao_igual,competitividade,1,0.0,1.0,0.0,0.0
2018,MT,PRB,acima_divisao_igual,eleicao,1,0.0,0.0,0.0,0.0
2018,MT,PROS,top_necr,competitividade,4,4.0,0.0,0.0,0.0
2018,MT,PROS,top_necr,eleicao,4,4.0,0.0,0.0,0.0
2018,MT,PROS,nucleo_80,competitividade,4,3.0,0.0,0.0,0.0
2018,MT,PROS,nucleo_80,eleicao,4,3.0,0.0,0.0,0.0
2018,MT,PROS,acima_divisao_igual,competitividade,4,2.0,0.0,0.0,0.0
2018,MT,PROS,acima_divisao_igual,eleicao,4,2.0,0.0,0.0,0.0
2018,MT,PRP,top_necr,competitividade,2,1.0,0.0,0.0,0.0
2018,MT,PRP,top_necr,eleicao,2,1.0,0.0,0.0,0.0
2018,MT,PRP,nucleo_80,competitividade,2,1.0,0.0,0.0,0.0
2018,MT,PRP,nucleo_80,eleicao,2,1.0,0.0,0.0,0.0
2018,MT,PRP,acima_divisao_igual,competitividade,2,1.0,0.0,0.0,0.0
2018,MT,PRP,acima_divisao_igual,eleicao,2,1.0,0.0,0.0,0.0
2018,MT,PSB,top_necr,competitividade,4,1.0,0.0,0.0,0.0
2018,MT,PSB,top_necr,eleicao,4,1.0,0.0,0.0,0.0
2018,MT,PSB,nucleo_80,competitividade,4,1.0,0.0,0.0,0.0
2018,MT,PSB,nucleo_80,eleicao,4,1.0,0.0,0.0,0.0
2018,MT,PSB,acima_divisao_igual,competitividade,4,1.0,0.0,0.0,0.0
2018,MT,PSB,acima_divisao_igual,eleicao,4,1.0,0.0,0.0,0.0
2018,MT,PSC,top_necr,competitividade,6,2.0,0.0,0.0,0.0
2018,MT,PSC,top_necr,eleicao,6,2.0,0.0,0.0,0.0
2018,MT,PSC,nucleo_80,competitividade,6,3.0,0.0,0.0,0.0
2018,MT,PSC,nucleo_80,eleicao,6,3.0,0.0,0.0,0.0
2018,MT,PSC,acima_divisao_igual,competitividade,6,1.0,0.0,0.0,0.0
2018,MT,PSC,acima_divisao_igual,eleicao,6,1.0,0.0,0.0,0.0
2018,MT,PSD,top_necr,competitividade,2,2.0,0.0,0.0,0.0
2018,MT,PSD,top_necr,eleicao,2,2.0,0.0,0.0,0.0
2018,MT,PSD,nucleo_80,competitividade,2,2.0,0.0,0.0,0.0
2018,MT,PSD,nucleo_80,eleicao,2,2.0,0.0,0.0,0.0
2018,MT,PSD,acima_divisao_igual,competitividade,2,1.0,0.0,0.0,0.0
2018,MT,PSD,acima_divisao_igual,eleicao,2,1.0,0.0,0.0,0.0
2018,MT,PSDB,top_necr,competitividade,4,3.0,0.0,0.0,0.0
2018,MT,PSDB,top_necr,eleicao,4,3.0,1.0,0.0,0.75
2018,MT,PSDB,nucleo_80,competitividade,4,2.0,0.0,0.0,0.0
2018,MT,PSDB,nucleo_80,eleicao,4,2.0,1.0,0.0,0.5
2018,MT,PSDB,acima_divisao_igual,competitividade,4,2.0,0.0,0.0,0.0
2018,MT,PSDB,acima_divisao_igual,eleicao,4,2.0,1.0,0.0,0.5
2018,MT,PSL,top_necr,competitividade,5,3.0,1.0,1.0,0.6
2018,MT,PSL,top_necr,eleicao,5,3.0,1.0,1.0,0.6
2018,MT,PSL,nucleo_80,competitividade,5,3.0,1.0,1.0,0.6
2018,MT,PSL,nucleo_80,eleicao,5,3.0,1.0,1.0,0.6
2018,MT,PSL,acima_divisao_igual,competitividade,5,2.0,1.0,1.0,0.4
2018,MT,PSL,acima_divisao_igual,eleicao,5,2.0,1.0,1.0,0.4
2018,MT,PSOL,top_necr,competitividade,9,2.0,0.0,0.0,0.0
2018,MT,PSOL,top_necr,eleicao,9,2.0,0.0,0.0,0.0
2018,MT,PSOL,nucleo_80,competitividade,9,3.0,0.0,0.0,0.0
2018,MT,PSOL,nucleo_80,eleicao,9,3.0,0.0,0.0,0.0
2018,MT,PSOL,acima_divisao_igual,competitividade,9,1.0,0.0,0.0,0.0
2018,MT,PSOL,acima_divisao_igual,eleicao,9,1.0,0.0,0.0,0.0
2018,MT,PT,top_necr,competitividade,2,2.0,0.0,0.0,0.0
2018,MT,PT,top_necr,eleicao,2,2.0,1.0,1.0,1.0
2018,MT,PT,nucleo_80,competitividade,2,2.0,0.0,0.0,0.0
2018,MT,PT,nucleo_80,eleicao,2,2.0,1.0,1.0,1.0
2018,MT,PT,acima_divisao_igual,competitividade,2,1.0,0.0,0.0,0.0
2018,MT,PT,acima_divisao_igual,eleicao,2,1.0,1.0,1.0,0.5
2018,MT,PTB,top_necr,competitividade,2,1.0,0.0,0.0,0.0
2018,MT,PTB,top_necr,eleicao,2,1.0,1.0,1.0,0.5
2018,MT,PTB,nucleo_80,competitividade,2,1.0,0.0,0.0,0.0
2018,MT,PTB,nucleo_80,eleicao,2,1.0,1.0,1.0,0.5
2018,MT,PTB,acima_divisao_igual,competitividade,2,1.0,0.0,0.0,0.0
2018,MT,PTB,acima_divisao_igual,eleicao,2,1.0,1.0,1.0,0.5
2018,MT,PTC,top_necr,competitividade,2,1.0,0.0,0.0,0.0
2018,MT,PTC,top_necr,eleicao,2,1.0,0.0,0.0,0.0
2018,MT,PTC,nucleo_80,competitividade,2,1.0,0.0,0.0,0.0
2018,MT,PTC,nucleo_80,eleicao,2,1.0,0.0,0.0,0.0
2018,MT,PTC,acima_divisao_igual,competitividade,2,1.0,0.0,0.0,0.0
2018,MT,PTC,acima_divisao_igual,eleicao,2,1.0,0.0,0.0,0.0
2018,MT,PV,top_necr,competitividade,9,7.0,0.0,0.0,0.0
2018,MT,PV,top_necr,eleicao,9,7.0,0.0,0.0,0.0
2018,MT,PV,nucleo_80,competitividade,9,6.0,0.0,0.0,0.0
2018,MT,PV,nucleo_80,eleicao,9,6.0,0.0,0.0,0.0
2018,MT,PV,acima_divisao_igual,competitividade,9,4.0,0.0,0.0,0.0
2018,MT,PV,acima_divisao_igual,eleicao,9,4.0,0.0,0.0,0.0
2018,MT,REDE,top_necr,competitividade,6,4.0,0.0,0.0,0.0
2018,MT,REDE,top_necr,eleicao,6,4.0,0.0,0.0,0.0
2018,MT,REDE,nucleo_80,competitividade,6,4.0,0.0,0.0,0.0
2018,MT,REDE,nucleo_80,eleicao,6,4.0,0.0,0.0,0.0
2018,MT,REDE,acima_divisao_igual,competitividade,6,4.0,0.0,0.0,0.0
2018,MT,REDE,acima_divisao_igual,eleicao,6,4.0,0.0,0.0,0.0
2018,MT,SOLIDARIEDADE,top_necr,competitividade,2,1.0,0.0,0.0,0.0
2018,MT,SOLIDARIEDADE,top_necr,eleicao,2,1.0,1.0,1.0,0.5
2018,MT,SOLIDARIEDADE,nucleo_80,competitividade,2,1.0,0.0,0.0,0.0
2018,MT,SOLIDARIEDADE,nucleo_80,eleicao,2,1.0,1.0,1.0,0.5
2018,MT,SOLIDARIEDADE,acima_divisao_igual,competitividade,2,1.0,0.0,0.0,0.0
2018,MT,SOLIDARIEDADE,acima_divisao_igual,eleicao,2,1.0,1.0,1.0,0.5
2018,PA,AVANTE,top_necr,competitividade,2,1.0,0.0,0.0,0.0
2018,PA,AVANTE,top_necr,eleicao,2,1.0,0.0,0.0,0.0
2018,PA,AVANTE,nucleo_80,competitividade,2,1.0,0.0,0.0,0.0
2018,PA,AVANTE,nucleo_80,eleicao,2,1.0,0.0,0.0,0.0
2018,PA,AVANTE,acima_divisao_igual,competitividade,2,1.0,0.0,0.0,0.0
2018,PA,AVANTE,acima_divisao_igual,eleicao,2,1.0,0.0,0.0,0.0
2018,PA,DC,top_necr,competitividade,1,1.0,0.0,0.0,0.0
2018,PA,DC,top_necr,eleicao,1,1.0,0.0,0.0,0.0
2018,PA,DC,nucleo_80,competitividade,1,1.0,0.0,0.0,0.0
2018,PA,DC,nucleo_80,eleicao,1,1.0,0.0,0.0,0.0
2018,PA,DC,acima_divisao_igual,competitividade,1,0.0,0.0,0.0,0.0
2018,PA,DC,acima_divisao_igual,eleicao,1,0.0,0.0,0.0,0.0
2018,PA,DEM,top_necr,competitividade,5,2.0,2.0,2.0,0.8
2018,PA,DEM,top_necr,eleicao,5,2.0,2.0,2.0,0.8
2018,PA,DEM,nucleo_80,competitividade,5,2.0,2.0,2.0,0.8
2018,PA,DEM,nucleo_80,eleicao,5,2.0,2.0,2.0,0.8
2018,PA,DEM,acima_divisao_igual,competitividade,5,2.0,2.0,2.0,0.8
2018,PA,DEM,acima_divisao_igual,eleicao,5,2.0,2.0,2.0,0.8
2018,PA,MDB,top_necr,competitividade,6,3.0,4.0,3.0,2.0
2018,PA,MDB,top_necr,eleicao,6,3.0,2.0,2.0,1.0
2018,PA,MDB,nucleo_80,competitividade,6,3.0,4.0,3.0,2.0
2018,PA,MDB,nucleo_80,eleicao,6,3.0,2.0,2.0,1.0
2018,PA,MDB,acima_divisao_igual,competitividade,6,3.0,4.0,3.0,2.0
2018,PA,MDB,acima_divisao_igual,eleicao,6,3.0,2.0,2.0,1.0
2018,PA,PATRI,top_necr,competitividade,16,0.0,0.0,0.0,0.0
2018,PA,PATRI,top_necr,eleicao,16,0.0,0.0,0.0,0.0
2018,PA,PATRI,nucleo_80,competitividade,16,0.0,0.0,0.0,0.0
2018,PA,PATRI,nucleo_80,eleicao,16,0.0,0.0,0.0,0.0
2018,PA,PATRI,acima_divisao_igual,competitividade,16,0.0,0.0,0.0,0.0
2018,PA,PATRI,acima_divisao_igual,eleicao,16,0.0,0.0,0.0,0.0
2018,PA,PC DO B,top_necr,competitividade,1,1.0,1.0,1.0,1.0
2018,PA,PC DO B,top_necr,eleicao,1,1.0,0.0,0.0,0.0
2018,PA,PC DO B,nucleo_80,competitividade,1,1.0,1.0,1.0,1.0
2018,PA,PC DO B,nucleo_80,eleicao,1,1.0,0.0,0.0,0.0
2018,PA,PC DO B,acima_divisao_igual,competitividade,1,0.0,1.0,0.0,0.0
2018,PA,PC DO B,acima_divisao_igual,eleicao,1,0.0,0.0,0.0,0.0
2018,PA,PCB,top_necr,competitividade,1,1.0,0.0,0.0,0.0
2018,PA,PCB,top_necr,eleicao,1,1.0,0.0,0.0,0.0
2018,PA,PCB,nucleo_80,competitividade,1,1.0,0.0,0.0,0.0
2018,PA,PCB,nucleo_80,eleicao,1,1.0,0.0,0.0,0.0
2018,PA,PCB,acima_divisao_igual,competitividade,1,0.0,0.0,0.0,0.0
2018,PA,PCB,acima_divisao_igual,eleicao,1,0.0,0.0,0.0,0.0
2018,PA,PDT,top_necr,competitividade,4,1.0,1.0,1.0,0.25
2018,PA,PDT,top_necr,eleicao,4,1.0,0.0,0.0,0.0
2018,PA,PDT,nucleo_80,competitividade,4,1.0,1.0,1.0,0.25
2018,PA,PDT,nucleo_80,eleicao,4,1.0,0.0,0.0,0.0
2018,PA,PDT,acima_divisao_igual,competitividade,4,1.0,1.0,1.0,0.25
2018,PA,PDT,acima_divisao_igual,eleicao,4,1.0,0.0,0.0,0.0
2018,PA,PHS,top_necr,competitividade,5,1.0,1.0,1.0,0.2
2018,PA,PHS,top_necr,eleicao,5,1.0,0.0,0.0,0.0
2018,PA,PHS,nucleo_80,competitividade,5,1.0,1.0,1.0,0.2
2018,PA,PHS,nucleo_80,eleicao,5,1.0,0.0,0.0,0.0
2018,PA,PHS,acima_divisao_igual,competitividade,5,1.0,1.0,1.0,0.2
2018,PA,PHS,acima_divisao_igual,eleicao,5,1.0,0.0,0.0,0.0
2018,PA,PMB,top_necr,competitividade,1,1.0,0.0,0.0,0.0
2018,PA,PMB,top_necr,eleicao,1,1.0,0.0,0.0,0.0
2018,PA,PMB,nucleo_80,competitividade,1,1.0,0.0,0.0,0.0
2018,PA,PMB,nucleo_80,eleicao,1,1.0,0.0,0.0,0.0
2018,PA,PMB,acima_divisao_igual,competitividade,1,0.0,0.0,0.0,0.0
2018,PA,PMB,acima_divisao_igual,eleicao,1,0.0,0.0,0.0,0.0
2018,PA,PMN,top_necr,competitividade,3,1.0,1.0,0.0,0.3333333333333333
2018,PA,PMN,top_necr,eleicao,3,1.0,0.0,0.0,0.0
2018,PA,PMN,nucleo_80,competitividade,3,1.0,1.0,0.0,0.3333333333333333
2018,PA,PMN,nucleo_80,eleicao,3,1.0,0.0,0.0,0.0
2018,PA,PMN,acima_divisao_igual,competitividade,3,1.0,1.0,0.0,0.3333333333333333
2018,PA,PMN,acima_divisao_igual,eleicao,3,1.0,0.0,0.0,0.0
2018,PA,PODE,top_necr,competitividade,1,1.0,0.0,0.0,0.0
2018,PA,PODE,top_necr,eleicao,1,1.0,0.0,0.0,0.0
2018,PA,PODE,nucleo_80,competitividade,1,1.0,0.0,0.0,0.0
2018,PA,PODE,nucleo_80,eleicao,1,1.0,0.0,0.0,0.0
2018,PA,PODE,acima_divisao_igual,competitividade,1,0.0,0.0,0.0,0.0
2018,PA,PODE,acima_divisao_igual,eleicao,1,0.0,0.0,0.0,0.0
2018,PA,PP,top_necr,competitividade,1,1.0,1.0,1.0,1.0
2018,PA,PP,top_necr,eleicao,1,1.0,0.0,0.0,0.0
2018,PA,PP,nucleo_80,competitividade,1,1.0,1.0,1.0,1.0
2018,PA,PP,nucleo_80,eleicao,1,1.0,0.0,0.0,0.0
2018,PA,PP,acima_divisao_igual,competitividade,1,0.0,1.0,0.0,0.0
2018,PA,PP,acima_divisao_igual,eleicao,1,0.0,0.0,0.0,0.0
2018,PA,PPL,top_necr,competitividade,7,4.0,0.0,0.0,0.0
2018,PA,PPL,top_necr,eleicao,7,4.0,0.0,0.0,0.0
2018,PA,PPL,nucleo_80,competitividade,7,3.0,0.0,0.0,0.0
2018,PA,PPL,nucleo_80,eleicao,7,3.0,0.0,0.0,0.0
2018,PA,PPL,acima_divisao_igual,competitividade,7,2.0,0.0,0.0,0.0
2018,PA,PPL,acima_divisao_igual,eleicao,7,2.0,0.0,0.0,0.0
2018,PA,PPS,top_necr,competitividade,1,1.0,1.0,1.0,1.0
2018,PA,PPS,top_necr,eleicao,1,1.0,0.0,0.0,0.0
2018,PA,PPS,nucleo_80,competitividade,1,1.0,1.0,1.0,1.0
2018,PA,PPS,nucleo_80,eleicao,1,1.0,0.0,0.0,0.0
2018,PA,PPS,acima_divisao_igual,competitividade,1,0.0,1.0,0.0,0.0
2018,PA,PPS,acima_divisao_igual,eleicao,1,0.0,0.0,0.0,0.0
2018,PA,PR,top_necr,competitividade,1,1.0,0.0,0.0,0.0
2018,PA,PR,top_necr,eleicao,1,1.0,1.0,1.0,1.0
2018,PA,PR,nucleo_80,competitividade,1,1.0,0.0,0.0,0.0
2018,PA,PR,nucleo_80,eleicao,1,1.0,1.0,1.0,1.0
2018,PA,PR,acima_divisao_igual,competitividade,1,0.0,0.0,0.0,0.0
2018,PA,PR,acima_divisao_igual,eleicao,1,0.0,1.0,0.0,0.0
2018,PA,PRB,top_necr,competitividade,1,1.0,0.0,0.0,0.0
2018,PA,PRB,top_necr,eleicao,1,1.0,1.0,1.0,1.0
2018,PA,PRB,nucleo_80,competitividade,1,1.0,0.0,0.0,0.0
2018,PA,PRB,nucleo_80,eleicao,1,1.0,1.0,1.0,1.0
2018,PA,PRB,acima_divisao_igual,competitividade,1,0.0,0.0,0.0,0.0
2018,PA,PRB,acima_divisao_igual,eleicao,1,0.0,1.0,0.0,0.0
2018,PA,PROS,top_necr,competitividade,1,1.0,0.0,0.0,0.0
2018,PA,PROS,top_necr,eleicao,1,1.0,0.0,0.0,0.0
2018,PA,PROS,nucleo_80,competitividade,1,1.0,0.0,0.0,0.0
2018,PA,PROS,nucleo_80,eleicao,1,1.0,0.0,0.0,0.0
2018,PA,PROS,acima_divisao_igual,competitividade,1,0.0,0.0,0.0,0.0
2018,PA,PROS,acima_divisao_igual,eleicao,1,0.0,0.0,0.0,0.0
2018,PA,PRP,top_necr,competitividade,10,0.0,0.0,0.0,0.0
2018,PA,PRP,top_necr,eleicao,10,0.0,0.0,0.0,0.0
2018,PA,PRP,nucleo_80,competitividade,10,0.0,0.0,0.0,0.0
2018,PA,PRP,nucleo_80,eleicao,10,0.0,0.0,0.0,0.0
2018,PA,PRP,acima_divisao_igual,competitividade,10,0.0,0.0,0.0,0.0
2018,PA,PRP,acima_divisao_igual,eleicao,10,0.0,0.0,0.0,0.0
2018,PA,PRTB,top_necr,competitividade,4,3.0,0.0,0.0,0.0
2018,PA,PRTB,top_necr,eleicao,4,3.0,0.0,0.0,0.0
2018,PA,PRTB,nucleo_80,competitividade,4,3.0,0.0,0.0,0.0
2018,PA,PRTB,nucleo_80,eleicao,4,3.0,0.0,0.0,0.0
2018,PA,PRTB,acima_divisao_igual,competitividade,4,3.0,0.0,0.0,0.0
2018,PA,PRTB,acima_divisao_igual,eleicao,4,3.0,0.0,0.0,0.0
2018,PA,PSB,top_necr,competitividade,1,1.0,1.0,1.0,1.0
2018,PA,PSB,top_necr,eleicao,1,1.0,1.0,1.0,1.0
2018,PA,PSB,nucleo_80,competitividade,1,1.0,1.0,1.0,1.0
2018,PA,PSB,nucleo_80,eleicao,1,1.0,1.0,1.0,1.0
2018,PA,PSB,acima_divisao_igual,competitividade,1,0.0,1.0,0.0,0.0
2018,PA,PSB,acima_divisao_igual,eleicao,1,0.0,1.0,0.0,0.0
2018,PA,PSC,top_necr,competitividade,2,1.0,1.0,1.0,0.5
2018,PA,PSC,top_necr,eleicao,2,1.0,0.0,0.0,0.0
2018,PA,PSC,nucleo_80,competitividade,2,1.0,1.0,1.0,0.5
2018,PA,PSC,nucleo_80,eleicao,2,1.0,0.0,0.0,0.0
2018,PA,PSC,acima_divisao_igual,competitividade,2,1.0,1.0,1.0,0.5
2018,PA,PSC,acima_divisao_igual,eleicao,2,1.0,0.0,0.0,0.0
2018,PA,PSD,top_necr,competitividade,4,2.0,3.0,2.0,1.5
2018,PA,PSD,top_necr,eleicao,4,2.0,3.0,2.0,1.5
2018,PA,PSD,nucleo_80,competitividade,4,2.0,3.0,2.0,1.5
2018,PA,PSD,nucleo_80,eleicao,4,2.0,3.0,2.0,1.5
2018,PA,PSD,acima_divisao_igual,competitividade,4,1.0,3.0,1.0,0.75
2018,PA,PSD,acima_divisao_igual,eleicao,4,1.0,3.0,1.0,0.75
2018,PA,PSDB,top_necr,competitividade,6,3.0,4.0,2.0,2.0
2018,PA,PSDB,top_necr,eleicao,6,3.0,2.0,1.0,1.0
2018,PA,PSDB,nucleo_80,competitividade,6,2.0,4.0,2.0,1.3333333333333333
2018,PA,PSDB,nucleo_80,eleicao,6,2.0,2.0,1.0,0.6666666666666666
2018,PA,PSDB,acima_divisao_igual,competitividade,6,2.0,4.0,2.0,1.3333333333333333
2018,PA,PSDB,acima_divisao_igual,eleicao,6,2.0,2.0,1.0,0.6666666666666666
2018,PA,PSL,top_necr,competitividade,2,1.0,0.0,0.0,0.0
2018,PA,PSL,top_necr,eleicao,2,1.0,0.0,0.0,0.0
2018,PA,PSL,nucleo_80,competitividade,2,1.0,0.0,0.0,0.0
2018,PA,PSL,nucleo_80,eleicao,2,1.0,0.0,0.0,0.0
2018,PA,PSL,acima_divisao_igual,competitividade,2,1.0,0.0,0.0,0.0
2018,PA,PSL,acima_divisao_igual,eleicao,2,1.0,0.0,0.0,0.0
2018,PA,PSOL,top_necr,competitividade,18,3.0,1.0,1.0,0.16666666666666666
2018,PA,PSOL,top_necr,eleicao,18,3.0,1.0,1.0,0.16666666666666666
2018,PA,PSOL,nucleo_80,competitividade,18,6.0,1.0,1.0,0.3333333333333333
2018,PA,PSOL,nucleo_80,eleicao,18,6.0,1.0,1.0,0.3333333333333333
2018,PA,PSOL,acima_divisao_igual,competitividade,18,2.0,1.0,1.0,0.1111111111111111
2018,PA,PSOL,acima_divisao_igual,eleicao,18,2.0,1.0,1.0,0.1111111111111111
2018,PA,PT,top_necr,competitividade,7,4.0,4.0,3.0,2.2857142857142856
2018,PA,PT,top_necr,eleicao,7,4.0,2.0,2.0,1.1428571428571428
2018,PA,PT,nucleo_80,competitividade,7,4.0,4.0,3.0,2.2857142857142856
2018,PA,PT,nucleo_80,eleicao,7,4.0,2.0,2.0,1.1428571428571428
2018,PA,PT,acima_divisao_igual,competitividade,7,4.0,4.0,3.0,2.2857142857142856
2018,PA,PT,acima_divisao_igual,eleicao,7,4.0,2.0,2.0,1.1428571428571428
2018,PA,PTB,top_necr,competitividade,2,1.0,1.0,0.0,0.5
2018,PA,PTB,top_necr,eleicao,2,1.0,2.0,1.0,1.0
2018,PA,PTB,nucleo_80,competitividade,2,1.0,1.0,0.0,0.5
2018,PA,PTB,nucleo_80,eleicao,2,1.0,2.0,1.0,1.0
2018,PA,PTB,acima_divisao_igual,competitividade,2,1.0,1.0,0.0,0.5
2018,PA,PTB,acima_divisao_igual,eleicao,2,1.0,2.0,1.0,1.0
2018,PA,PTC,top_necr,competitividade,5,1.0,2.0,1.0,0.4
2018,PA,PTC,top_necr,eleicao,5,1.0,0.0,0.0,0.0
2018,PA,PTC,nucleo_80,competitividade,5,1.0,2.0,1.0,0.4
2018,PA,PTC,nucleo_80,eleicao,5,1.0,0.0,0.0,0.0
2018,PA,PTC,acima_divisao_igual,competitividade,5,1.0,2.0,1.0,0.4
2018,PA,PTC,acima_divisao_igual,eleicao,5,1.0,0.0,0.0,0.0
2018,PA,PV,top_necr,competitividade,2,1.0,1.0,1.0,0.5
2018,PA,PV,top_necr,eleicao,2,1.0,0.0,0.0,0.0
2018,PA,PV,nucleo_80,competitividade,2,1.0,1.0,1.0,0.5
2018,PA,PV,nucleo_80,eleicao,2,1.0,0.0,0.0,0.0
2018,PA,PV,acima_divisao_igual,competitividade,2,1.0,1.0,1.0,0.5
2018,PA,PV,acima_divisao_igual,eleicao,2,1.0,0.0,0.0,0.0
2018,PA,REDE,top_necr,competitividade,5,0.0,0.0,0.0,0.0
2018,PA,REDE,top_necr,eleicao,5,0.0,0.0,0.0,0.0
2018,PA,REDE,nucleo_80,competitividade,5,0.0,0.0,0.0,0.0
2018,PA,REDE,nucleo_80,eleicao,5,0.0,0.0,0.0,0.0
2018,PA,REDE,acima_divisao_igual,competitividade,5,0.0,0.0,0.0,0.0
2018,PA,REDE,acima_divisao_igual,eleicao,5,0.0,0.0,0.0,0.0
2018,PA,SOLIDARIEDADE,top_necr,competitividade,3,1.0,0.0,0.0,0.0
2018,PA,SOLIDARIEDADE,top_necr,eleicao,3,1.0,0.0,0.0,0.0
2018,PA,SOLIDARIEDADE,nucleo_80,competitividade,3,1.0,0.0,0.0,0.0
2018,PA,SOLIDARIEDADE,nucleo_80,eleicao,3,1.0,0.0,0.0,0.0
2018,PA,SOLIDARIEDADE,acima_divisao_igual,competitividade,3,1.0,0.0,0.0,0.0
2018,PA,SOLIDARIEDADE,acima_divisao_igual,eleicao,3,1.0,0.0,0.0,0.0
2018,PB,AVANTE,top_necr,competitividade,11,2.0,2.0,0.0,0.36363636363636365
2018,PB,AVANTE,top_necr,eleicao,11,2.0,0.0,0.0,0.0
2018,PB,AVANTE,nucleo_80,competitividade,11,2.0,2.0,0.0,0.36363636363636365
2018,PB,AVANTE,nucleo_80,eleicao,11,2.0,0.0,0.0,0.0
2018,PB,AVANTE,acima_divisao_igual,competitividade,11,2.0,2.0,0.0,0.36363636363636365
2018,PB,AVANTE,acima_divisao_igual,eleicao,11,2.0,0.0,0.0,0.0
2018,PB,DC,top_necr,competitividade,1,1.0,0.0,0.0,0.0
2018,PB,DC,top_necr,eleicao,1,1.0,0.0,0.0,0.0
2018,PB,DC,nucleo_80,competitividade,1,1.0,0.0,0.0,0.0
2018,PB,DC,nucleo_80,eleicao,1,1.0,0.0,0.0,0.0
2018,PB,DC,acima_divisao_igual,competitividade,1,0.0,0.0,0.0,0.0
2018,PB,DC,acima_divisao_igual,eleicao,1,0.0,0.0,0.0,0.0
2018,PB,DEM,top_necr,competitividade,2,1.0,1.0,1.0,0.5
2018,PB,DEM,top_necr,eleicao,2,1.0,1.0,1.0,0.5
2018,PB,DEM,nucleo_80,competitividade,2,1.0,1.0,1.0,0.5
2018,PB,DEM,nucleo_80,eleicao,2,1.0,1.0,1.0,0.5
2018,PB,DEM,acima_divisao_igual,competitividade,2,1.0,1.0,1.0,0.5
2018,PB,DEM,acima_divisao_igual,eleicao,2,1.0,1.0,1.0,0.5
2018,PB,MDB,top_necr,competitividade,10,2.0,3.0,2.0,0.6
2018,PB,MDB,top_necr,eleicao,10,2.0,0.0,0.0,0.0
2018,PB,MDB,nucleo_80,competitividade,10,2.0,3.0,2.0,0.6
2018,PB,MDB,nucleo_80,eleicao,10,2.0,0.0,0.0,0.0
2018,PB,MDB,acima_divisao_igual,competitividade,10,2.0,3.0,2.0,0.6
2018,PB,MDB,acima_divisao_igual,eleicao,10,2.0,0.0,0.0,0.0
2018,PB,NOVO,top_necr,competitividade,2,2.0,0.0,0.0,0.0
2018,PB,NOVO,top_necr,eleicao,2,2.0,0.0,0.0,0.0
2018,PB,NOVO,nucleo_80,competitividade,2,2.0,0.0,0.0,0.0
2018,PB,NOVO,nucleo_80,eleicao,2,2.0,0.0,0.0,0.0
2018,PB,NOVO,acima_divisao_igual,competitividade,2,1.0,0.0,0.0,0.0
2018,PB,NOVO,acima_divisao_igual,eleicao,2,1.0,0.0,0.0,0.0
2018,PB,PATRI,top_necr,competitividade,10,1.0,1.0,0.0,0.1
2018,PB,PATRI,top_necr,eleicao,10,1.0,0.0,0.0,0.0
2018,PB,PATRI,nucleo_80,competitividade,10,1.0,1.0,0.0,0.1
2018,PB,PATRI,nucleo_80,eleicao,10,1.0,0.0,0.0,0.0
2018,PB,PATRI,acima_divisao_igual,competitividade,10,1.0,1.0,0.0,0.1
2018,PB,PATRI,acima_divisao_igual,eleicao,10,1.0,0.0,0.0,0.0
2018,PB,PC DO B,top_necr,competitividade,4,2.0,0.0,0.0,0.0
2018,PB,PC DO B,top_necr,eleicao,4,2.0,0.0,0.0,0.0
2018,PB,PC DO B,nucleo_80,competitividade,4,2.0,0.0,0.0,0.0
2018,PB,PC DO B,nucleo_80,eleicao,4,2.0,0.0,0.0,0.0
2018,PB,PC DO B,acima_divisao_igual,competitividade,4,1.0,0.0,0.0,0.0
2018,PB,PC DO B,acima_divisao_igual,eleicao,4,1.0,0.0,0.0,0.0
2018,PB,PDT,top_necr,competitividade,1,1.0,1.0,1.0,1.0
2018,PB,PDT,top_necr,eleicao,1,1.0,1.0,1.0,1.0
2018,PB,PDT,nucleo_80,competitividade,1,1.0,1.0,1.0,1.0
2018,PB,PDT,nucleo_80,eleicao,1,1.0,1.0,1.0,1.0
2018,PB,PDT,acima_divisao_igual,competitividade,1,0.0,1.0,0.0,0.0
2018,PB,PDT,acima_divisao_igual,eleicao,1,0.0,1.0,0.0,0.0
2018,PB,PHS,top_necr,competitividade,5,3.9999999999999996,0.0,0.0,0.0
2018,PB,PHS,top_necr,eleicao,5,3.9999999999999996,0.0,0.0,0.0
2018,PB,PHS,nucleo_80,competitividade,5,3.9999999999999996,0.0,0.0,0.0
2018,PB,PHS,nucleo_80,eleicao,5,3.9999999999999996,0.0,0.0,0.0
2018,PB,PHS,acima_divisao_igual,competitividade,5,2.0,0.0,0.0,0.0
2018,PB,PHS,acima_divisao_igual,eleicao,5,2.0,0.0,0.0,0.0
2018,PB,PMN,top_necr,competitividade,2,1.0,1.0,1.0,0.5
2018,PB,PMN,top_necr,eleicao,2,1.0,0.0,0.0,0.0
2018,PB,PMN,nucleo_80,competitividade,2,1.0,1.0,1.0,0.5
2018,PB,PMN,nucleo_80,eleicao,2,1.0,0.0,0.0,0.0
2018,PB,PMN,acima_divisao_igual,competitividade,2,1.0,1.0,1.0,0.5
2018,PB,PMN,acima_divisao_igual,eleicao,2,1.0,0.0,0.0,0.0
2018,PB,PODE,top_necr,competitividade,2,1.0,0.0,0.0,0.0
2018,PB,PODE,top_necr,eleicao,2,1.0,0.0,0.0,0.0
2018,PB,PODE,nucleo_80,competitividade,2,1.0,0.0,0.0,0.0
2018,PB,PODE,nucleo_80,eleicao,2,1.0,0.0,0.0,0.0
2018,PB,PODE,acima_divisao_igual,competitividade,2,1.0,0.0,0.0,0.0
2018,PB,PODE,acima_divisao_igual,eleicao,2,1.0,0.0,0.0,0.0
2018,PB,PP,top_necr,competitividade,7,4.0,4.0,2.0,2.2857142857142856
2018,PB,PP,top_necr,eleicao,7,4.0,1.0,1.0,0.5714285714285714
2018,PB,PP,nucleo_80,competitividade,7,4.0,4.0,2.0,2.2857142857142856
2018,PB,PP,nucleo_80,eleicao,7,4.0,1.0,1.0,0.5714285714285714
2018,PB,PP,acima_divisao_igual,competitividade,7,2.0,4.0,2.0,1.1428571428571428
2018,PB,PP,acima_divisao_igual,eleicao,7,2.0,1.0,1.0,0.2857142857142857
2018,PB,PPL,top_necr,competitividade,1,0.0,0.0,0.0,0.0
2018,PB,PPL,top_necr,eleicao,1,0.0,0.0,0.0,0.0
2018,PB,PPL,nucleo_80,competitividade,1,0.0,0.0,0.0,0.0
2018,PB,PPL,nucleo_80,eleicao,1,0.0,0.0,0.0,0.0
2018,PB,PPL,acima_divisao_igual,competitividade,1,0.0,0.0,0.0,0.0
2018,PB,PPL,acima_divisao_igual,eleicao,1,0.0,0.0,0.0,0.0
2018,PB,PPS,top_necr,competitividade,3,1.0,1.0,1.0,0.3333333333333333
2018,PB,PPS,top_necr,eleicao,3,1.0,0.0,0.0,0.0
2018,PB,PPS,nucleo_80,competitividade,3,1.0,1.0,1.0,0.3333333333333333
2018,PB,PPS,nucleo_80,eleicao,3,1.0,0.0,0.0,0.0
2018,PB,PPS,acima_divisao_igual,competitividade,3,1.0,1.0,1.0,0.3333333333333333
2018,PB,PPS,acima_divisao_igual,eleicao,3,1.0,0.0,0.0,0.0
2018,PB,PR,top_necr,competitividade,2,1.0,1.0,1.0,0.5
2018,PB,PR,top_necr,eleicao,2,1.0,1.0,1.0,0.5
2018,PB,PR,nucleo_80,competitividade,2,1.0,1.0,1.0,0.5
2018,PB,PR,nucleo_80,eleicao,2,1.0,1.0,1.0,0.5
2018,PB,PR,acima_divisao_igual,competitividade,2,1.0,1.0,1.0,0.5
2018,PB,PR,acima_divisao_igual,eleicao,2,1.0,1.0,1.0,0.5
2018,PB,PRB,top_necr,competitividade,3,2.0,2.0,2.0,1.3333333333333333
2018,PB,PRB,top_necr,eleicao,3,2.0,1.0,1.0,0.6666666666666666
2018,PB,PRB,nucleo_80,competitividade,3,2.0,2.0,2.0,1.3333333333333333
2018,PB,PRB,nucleo_80,eleicao,3,2.0,1.0,1.0,0.6666666666666666
2018,PB,PRB,acima_divisao_igual,competitividade,3,2.0,2.0,2.0,1.3333333333333333
2018,PB,PRB,acima_divisao_igual,eleicao,3,2.0,1.0,1.0,0.6666666666666666
2018,PB,PROS,top_necr,competitividade,1,1.0,0.0,0.0,0.0
2018,PB,PROS,top_necr,eleicao,1,1.0,0.0,0.0,0.0
2018,PB,PROS,nucleo_80,competitividade,1,1.0,0.0,0.0,0.0
2018,PB,PROS,nucleo_80,eleicao,1,1.0,0.0,0.0,0.0
2018,PB,PROS,acima_divisao_igual,competitividade,1,0.0,0.0,0.0,0.0
2018,PB,PROS,acima_divisao_igual,eleicao,1,0.0,0.0,0.0,0.0
2018,PB,PRP,top_necr,competitividade,5,2.0,0.0,0.0,0.0
2018,PB,PRP,top_necr,eleicao,5,2.0,0.0,0.0,0.0
2018,PB,PRP,nucleo_80,competitividade,5,2.0,0.0,0.0,0.0
2018,PB,PRP,nucleo_80,eleicao,5,2.0,0.0,0.0,0.0
2018,PB,PRP,acima_divisao_igual,competitividade,5,2.0,0.0,0.0,0.0
2018,PB,PRP,acima_divisao_igual,eleicao,5,2.0,0.0,0.0,0.0
2018,PB,PRTB,top_necr,competitividade,7,4.0,0.0,0.0,0.0
2018,PB,PRTB,top_necr,eleicao,7,4.0,0.0,0.0,0.0
2018,PB,PRTB,nucleo_80,competitividade,7,3.0,0.0,0.0,0.0
2018,PB,PRTB,nucleo_80,eleicao,7,3.0,0.0,0.0,0.0
2018,PB,PRTB,acima_divisao_igual,competitividade,7,3.0,0.0,0.0,0.0
2018,PB,PRTB,acima_divisao_igual,eleicao,7,3.0,0.0,0.0,0.0
2018,PB,PSB,top_necr,competitividade,4,2.0,2.0,1.0,1.0
2018,PB,PSB,top_necr,eleicao,4,2.0,1.0,1.0,0.5
2018,PB,PSB,nucleo_80,competitividade,4,2.0,2.0,1.0,1.0
2018,PB,PSB,nucleo_80,eleicao,4,2.0,1.0,1.0,0.5
2018,PB,PSB,acima_divisao_igual,competitividade,4,2.0,2.0,1.0,1.0
2018,PB,PSB,acima_divisao_igual,eleicao,4,2.0,1.0,1.0,0.5
2018,PB,PSC,top_necr,competitividade,3,2.0,2.0,2.0,1.3333333333333333
2018,PB,PSC,top_necr,eleicao,3,2.0,0.0,0.0,0.0
2018,PB,PSC,nucleo_80,competitividade,3,2.0,2.0,2.0,1.3333333333333333
2018,PB,PSC,nucleo_80,eleicao,3,2.0,0.0,0.0,0.0
2018,PB,PSC,acima_divisao_igual,competitividade,3,1.0,2.0,1.0,0.6666666666666666
2018,PB,PSC,acima_divisao_igual,eleicao,3,1.0,0.0,0.0,0.0
2018,PB,PSD,top_necr,competitividade,2,0.0,0.0,0.0,0.0
2018,PB,PSD,top_necr,eleicao,2,0.0,0.0,0.0,0.0
2018,PB,PSD,nucleo_80,competitividade,2,0.0,0.0,0.0,0.0
2018,PB,PSD,nucleo_80,eleicao,2,0.0,0.0,0.0,0.0
2018,PB,PSD,acima_divisao_igual,competitividade,2,0.0,0.0,0.0,0.0
2018,PB,PSD,acima_divisao_igual,eleicao,2,0.0,0.0,0.0,0.0
2018,PB,PSDB,top_necr,competitividade,8,4.0,1.0,1.0,0.5
2018,PB,PSDB,top_necr,eleicao,8,4.0,3.0,3.0,1.5
2018,PB,PSDB,nucleo_80,competitividade,8,3.0,1.0,1.0,0.375
2018,PB,PSDB,nucleo_80,eleicao,8,3.0,3.0,3.0,1.125
2018,PB,PSDB,acima_divisao_igual,competitividade,8,3.0,1.0,1.0,0.375
2018,PB,PSDB,acima_divisao_igual,eleicao,8,3.0,3.0,3.0,1.125
2018,PB,PSL,top_necr,competitividade,14,2.0,0.0,0.0,0.0
2018,PB,PSL,top_necr,eleicao,14,2.0,1.0,1.0,0.14285714285714285
2018,PB,PSL,nucleo_80,competitividade,14,4.0,0.0,0.0,0.0
2018,PB,PSL,nucleo_80,eleicao,14,4.0,1.0,1.0,0.2857142857142857
2018,PB,PSL,acima_divisao_igual,competitividade,14,1.0,0.0,0.0,0.0
2018,PB,PSL,acima_divisao_igual,eleicao,14,1.0,1.0,1.0,0.07142857142857142
2018,PB,PSOL,top_necr,competitividade,5,5.0,1.0,1.0,1.0
2018,PB,PSOL,top_necr,eleicao,5,5.0,0.0,0.0,0.0
2018,PB,PSOL,nucleo_80,competitividade,5,4.0,1.0,0.0,0.8
2018,PB,PSOL,nucleo_80,eleicao,5,4.0,0.0,0.0,0.0
2018,PB,PSOL,acima_divisao_igual,competitividade,5,2.0,1.0,0.0,0.4
2018,PB,PSOL,acima_divisao_igual,eleicao,5,2.0,0.0,0.0,0.0
2018,PB,PT,top_necr,competitividade,4,2.0,1.0,1.0,0.5
2018,PB,PT,top_necr,eleicao,4,2.0,1.0,1.0,0.5
2018,PB,PT,nucleo_80,competitividade,4,2.0,1.0,1.0,0.5
2018,PB,PT,nucleo_80,eleicao,4,2.0,1.0,1.0,0.5
2018,PB,PT,acima_divisao_igual,competitividade,4,2.0,1.0,1.0,0.5
2018,PB,PT,acima_divisao_igual,eleicao,4,2.0,1.0,1.0,0.5
2018,PB,PTB,top_necr,competitividade,2,2.0,1.0,1.0,1.0
2018,PB,PTB,top_necr,eleicao,2,2.0,1.0,1.0,1.0
2018,PB,PTB,nucleo_80,competitividade,2,2.0,1.0,1.0,1.0
2018,PB,PTB,nucleo_80,eleicao,2,2.0,1.0,1.0,1.0
2018,PB,PTB,acima_divisao_igual,competitividade,2,1.0,1.0,1.0,0.5
2018,PB,PTB,acima_divisao_igual,eleicao,2,1.0,1.0,1.0,0.5
2018,PB,PTC,top_necr,competitividade,6,2.0,0.0,0.0,0.0
2018,PB,PTC,top_necr,eleicao,6,2.0,0.0,0.0,0.0
2018,PB,PTC,nucleo_80,competitividade,6,2.0,0.0,0.0,0.0
2018,PB,PTC,nucleo_80,eleicao,6,2.0,0.0,0.0,0.0
2018,PB,PTC,acima_divisao_igual,competitividade,6,2.0,0.0,0.0,0.0
2018,PB,PTC,acima_divisao_igual,eleicao,6,2.0,0.0,0.0,0.0
2018,PB,PV,top_necr,competitividade,5,2.0,2.0,0.0,0.8
2018,PB,PV,top_necr,eleicao,5,2.0,0.0,0.0,0.0
2018,PB,PV,nucleo_80,competitividade,5,2.0,2.0,0.0,0.8
2018,PB,PV,nucleo_80,eleicao,5,2.0,0.0,0.0,0.0
2018,PB,PV,acima_divisao_igual,competitividade,5,2.0,2.0,0.0,0.8
2018,PB,PV,acima_divisao_igual,eleicao,5,2.0,0.0,0.0,0.0
2018,PB,REDE,top_necr,competitividade,4,1.0,1.0,1.0,0.25
2018,PB,REDE,top_necr,eleicao,4,1.0,0.0,0.0,0.0
2018,PB,REDE,nucleo_80,competitividade,4,1.0,1.0,1.0,0.25
2018,PB,REDE,nucleo_80,eleicao,4,1.0,0.0,0.0,0.0
2018,PB,REDE,acima_divisao_igual,competitividade,4,1.0,1.0,1.0,0.25
2018,PB,REDE,acima_divisao_igual,eleicao,4,1.0,0.0,0.0,0.0
2018,PB,SOLIDARIEDADE,top_necr,competitividade,1,0.0,0.0,0.0,0.0
2018,PB,SOLIDARIEDADE,top_necr,eleicao,1,0.0,0.0,0.0,0.0
2018,PB,SOLIDARIEDADE,nucleo_80,competitividade,1,0.0,0.0,0.0,0.0
2018,PB,SOLIDARIEDADE,nucleo_80,eleicao,1,0.0,0.0,0.0,0.0
2018,PB,SOLIDARIEDADE,acima_divisao_igual,competitividade,1,0.0,0.0,0.0,0.0
2018,PB,SOLIDARIEDADE,acima_divisao_igual,eleicao,1,0.0,0.0,0.0,0.0
2018,PE,AVANTE,top_necr,competitividade,6,1.0,1.0,1.0,0.16666666666666666
2018,PE,AVANTE,top_necr,eleicao,6,1.0,0.0,0.0,0.0
2018,PE,AVANTE,nucleo_80,competitividade,6,1.0,1.0,1.0,0.16666666666666666
2018,PE,AVANTE,nucleo_80,eleicao,6,1.0,0.0,0.0,0.0
2018,PE,AVANTE,acima_divisao_igual,competitividade,6,1.0,1.0,1.0,0.16666666666666666
2018,PE,AVANTE,acima_divisao_igual,eleicao,6,1.0,0.0,0.0,0.0
2018,PE,DC,top_necr,competitividade,15,8.000000000000002,0.0,0.0,0.0
2018,PE,DC,top_necr,eleicao,15,8.000000000000002,0.0,0.0,0.0
2018,PE,DC,nucleo_80,competitividade,15,10.000000000000002,0.0,0.0,0.0
2018,PE,DC,nucleo_80,eleicao,15,10.000000000000002,0.0,0.0,0.0
2018,PE,DC,acima_divisao_igual,competitividade,15,3.0,0.0,0.0,0.0
2018,PE,DC,acima_divisao_igual,eleicao,15,3.0,0.0,0.0,0.0
2018,PE,DEM,top_necr,competitividade,4,2.0,2.0,2.0,1.0
2018,PE,DEM,top_necr,eleicao,4,2.0,1.0,1.0,0.5
2018,PE,DEM,nucleo_80,competitividade,4,3.0,2.0,2.0,1.5
2018,PE,DEM,nucleo_80,eleicao,4,3.0,1.0,1.0,0.75
2018,PE,DEM,acima_divisao_igual,competitividade,4,1.0,2.0,1.0,0.5
2018,PE,DEM,acima_divisao_igual,eleicao,4,1.0,1.0,1.0,0.25
2018,PE,MDB,top_necr,competitividade,2,1.0,1.0,1.0,0.5
2018,PE,MDB,top_necr,eleicao,2,1.0,1.0,1.0,0.5
2018,PE,MDB,nucleo_80,competitividade,2,1.0,1.0,1.0,0.5
2018,PE,MDB,nucleo_80,eleicao,2,1.0,1.0,1.0,0.5
2018,PE,MDB,acima_divisao_igual,competitividade,2,1.0,1.0,1.0,0.5
2018,PE,MDB,acima_divisao_igual,eleicao,2,1.0,1.0,1.0,0.5
2018,PE,NOVO,top_necr,competitividade,9,3.0,0.0,0.0,0.0
2018,PE,NOVO,top_necr,eleicao,9,3.0,0.0,0.0,0.0
2018,PE,NOVO,nucleo_80,competitividade,9,3.0,0.0,0.0,0.0
2018,PE,NOVO,nucleo_80,eleicao,9,3.0,0.0,0.0,0.0
2018,PE,NOVO,acima_divisao_igual,competitividade,9,2.0,0.0,0.0,0.0
2018,PE,NOVO,acima_divisao_igual,eleicao,9,2.0,0.0,0.0,0.0
2018,PE,PATRI,top_necr,competitividade,35,2.0,2.0,1.0,0.11428571428571428
2018,PE,PATRI,top_necr,eleicao,35,2.0,1.0,1.0,0.05714285714285714
2018,PE,PATRI,nucleo_80,competitividade,35,2.0,2.0,1.0,0.11428571428571428
2018,PE,PATRI,nucleo_80,eleicao,35,2.0,1.0,1.0,0.05714285714285714
2018,PE,PATRI,acima_divisao_igual,competitividade,35,1.0,2.0,1.0,0.05714285714285714
2018,PE,PATRI,acima_divisao_igual,eleicao,35,1.0,1.0,1.0,0.02857142857142857
2018,PE,PC DO B,top_necr,competitividade,1,1.0,1.0,1.0,1.0
2018,PE,PC DO B,top_necr,eleicao,1,1.0,1.0,1.0,1.0
2018,PE,PC DO B,nucleo_80,competitividade,1,1.0,1.0,1.0,1.0
2018,PE,PC DO B,nucleo_80,eleicao,1,1.0,1.0,1.0,1.0
2018,PE,PC DO B,acima_divisao_igual,competitividade,1,0.0,1.0,0.0,0.0
2018,PE,PC DO B,acima_divisao_igual,eleicao,1,0.0,1.0,0.0,0.0
2018,PE,PCB,top_necr,competitividade,4,2.0,0.0,0.0,0.0
2018,PE,PCB,top_necr,eleicao,4,2.0,0.0,0.0,0.0
2018,PE,PCB,nucleo_80,competitividade,4,2.0,0.0,0.0,0.0
2018,PE,PCB,nucleo_80,eleicao,4,2.0,0.0,0.0,0.0
2018,PE,PCB,acima_divisao_igual,competitividade,4,1.0,0.0,0.0,0.0
2018,PE,PCB,acima_divisao_igual,eleicao,4,1.0,0.0,0.0,0.0
2018,PE,PDT,top_necr,competitividade,9,1.0,1.0,1.0,0.1111111111111111
2018,PE,PDT,top_necr,eleicao,9,1.0,2.0,1.0,0.2222222222222222
2018,PE,PDT,nucleo_80,competitividade,9,1.0,1.0,1.0,0.1111111111111111
2018,PE,PDT,nucleo_80,eleicao,9,1.0,2.0,1.0,0.2222222222222222
2018,PE,PDT,acima_divisao_igual,competitividade,9,2.0,1.0,1.0,0.2222222222222222
2018,PE,PDT,acima_divisao_igual,eleicao,9,2.0,2.0,2.0,0.4444444444444444
2018,PE,PHS,top_necr,competitividade,10,6.0,1.0,0.0,0.6
2018,PE,PHS,top_necr,eleicao,10,6.0,1.0,1.0,0.6
2018,PE,PHS,nucleo_80,competitividade,10,6.0,1.0,0.0,0.6
2018,PE,PHS,nucleo_80,eleicao,10,6.0,1.0,1.0,0.6
2018,PE,PHS,acima_divisao_igual,competitividade,10,4.0,1.0,0.0,0.4
2018,PE,PHS,acima_divisao_igual,eleicao,10,4.0,1.0,1.0,0.4
2018,PE,PMN,top_necr,competitividade,11,1.0,0.0,0.0,0.0
2018,PE,PMN,top_necr,eleicao,11,1.0,0.0,0.0,0.0
2018,PE,PMN,nucleo_80,competitividade,11,1.0,0.0,0.0,0.0
2018,PE,PMN,nucleo_80,eleicao,11,1.0,0.0,0.0,0.0
2018,PE,PMN,acima_divisao_igual,competitividade,11,1.0,0.0,0.0,0.0
2018,PE,PMN,acima_divisao_igual,eleicao,11,1.0,0.0,0.0,0.0
2018,PE,PODE,top_necr,competitividade,2,1.0,1.0,1.0,0.5
2018,PE,PODE,top_necr,eleicao,2,1.0,1.0,1.0,0.5
2018,PE,PODE,nucleo_80,competitividade,2,1.0,1.0,1.0,0.5
2018,PE,PODE,nucleo_80,eleicao,2,1.0,1.0,1.0,0.5
2018,PE,PODE,acima_divisao_igual,competitividade,2,1.0,1.0,1.0,0.5
2018,PE,PODE,acima_divisao_igual,eleicao,2,1.0,1.0,1.0,0.5
2018,PE,PP,top_necr,competitividade,8,4.0,3.0,3.0,1.5
2018,PE,PP,top_necr,eleicao,8,4.0,2.0,2.0,1.0
2018,PE,PP,nucleo_80,competitividade,8,4.0,3.0,3.0,1.5
2018,PE,PP,nucleo_80,eleicao,8,4.0,2.0,2.0,1.0
2018,PE,PP,acima_divisao_igual,competitividade,8,4.0,3.0,3.0,1.5
2018,PE,PP,acima_divisao_igual,eleicao,8,4.0,2.0,2.0,1.0
2018,PE,PPL,top_necr,competitividade,17,8.0,0.0,0.0,0.0
2018,PE,PPL,top_necr,eleicao,17,8.0,0.0,0.0,0.0
2018,PE,PPL,nucleo_80,competitividade,17,8.0,0.0,0.0,0.0
2018,PE,PPL,nucleo_80,eleicao,17,8.0,0.0,0.0,0.0
2018,PE,PPL,acima_divisao_igual,competitividade,17,3.0,0.0,0.0,0.0
2018,PE,PPL,acima_divisao_igual,eleicao,17,3.0,0.0,0.0,0.0
2018,PE,PPS,top_necr,competitividade,4,1.0,1.0,1.0,0.25
2018,PE,PPS,top_necr,eleicao,4,1.0,1.0,1.0,0.25
2018,PE,PPS,nucleo_80,competitividade,4,1.0,1.0,1.0,0.25
2018,PE,PPS,nucleo_80,eleicao,4,1.0,1.0,1.0,0.25
2018,PE,PPS,acima_divisao_igual,competitividade,4,1.0,1.0,1.0,0.25
2018,PE,PPS,acima_divisao_igual,eleicao,4,1.0,1.0,1.0,0.25
2018,PE,PR,top_necr,competitividade,11,2.0,2.0,2.0,0.36363636363636365
2018,PE,PR,top_necr,eleicao,11,2.0,1.0,1.0,0.18181818181818182
2018,PE,PR,nucleo_80,competitividade,11,2.0,2.0,2.0,0.36363636363636365
2018,PE,PR,nucleo_80,eleicao,11,2.0,1.0,1.0,0.18181818181818182
2018,PE,PR,acima_divisao_igual,competitividade,11,2.0,2.0,2.0,0.36363636363636365
2018,PE,PR,acima_divisao_igual,eleicao,11,2.0,1.0,1.0,0.18181818181818182
2018,PE,PRB,top_necr,competitividade,3,2.0,2.0,2.0,1.3333333333333333
2018,PE,PRB,top_necr,eleicao,3,2.0,2.0,2.0,1.3333333333333333
2018,PE,PRB,nucleo_80,competitividade,3,2.0,2.0,2.0,1.3333333333333333
2018,PE,PRB,nucleo_80,eleicao,3,2.0,2.0,2.0,1.3333333333333333
2018,PE,PRB,acima_divisao_igual,competitividade,3,2.0,2.0,2.0,1.3333333333333333
2018,PE,PRB,acima_divisao_igual,eleicao,3,2.0,2.0,2.0,1.3333333333333333
2018,PE,PROS,top_necr,competitividade,19,1.0,1.0,1.0,0.05263157894736842
2018,PE,PROS,top_necr,eleicao,19,1.0,0.0,0.0,0.0
2018,PE,PROS,nucleo_80,competitividade,19,1.0,1.0,1.0,0.05263157894736842
2018,PE,PROS,nucleo_80,eleicao,19,1.0,0.0,0.0,0.0
2018,PE,PROS,acima_divisao_igual,competitividade,19,1.0,1.0,1.0,0.05263157894736842
2018,PE,PROS,acima_divisao_igual,eleicao,19,1.0,0.0,0.0,0.0
2018,PE,PRP,top_necr,competitividade,14,1.0,1.0,0.0,0.07142857142857142
2018,PE,PRP,top_necr,eleicao,14,1.0,0.0,0.0,0.0
2018,PE,PRP,nucleo_80,competitividade,14,1.0,1.0,0.0,0.07142857142857142
2018,PE,PRP,nucleo_80,eleicao,14,1.0,0.0,0.0,0.0
2018,PE,PRP,acima_divisao_igual,competitividade,14,1.0,1.0,0.0,0.07142857142857142
2018,PE,PRP,acima_divisao_igual,eleicao,14,1.0,0.0,0.0,0.0
2018,PE,PRTB,top_necr,competitividade,3,2.0,0.0,0.0,0.0
2018,PE,PRTB,top_necr,eleicao,3,2.0,0.0,0.0,0.0
2018,PE,PRTB,nucleo_80,competitividade,3,2.0,0.0,0.0,0.0
2018,PE,PRTB,nucleo_80,eleicao,3,2.0,0.0,0.0,0.0
2018,PE,PRTB,acima_divisao_igual,competitividade,3,1.0,0.0,0.0,0.0
2018,PE,PRTB,acima_divisao_igual,eleicao,3,1.0,0.0,0.0,0.0
2018,PE,PSB,top_necr,competitividade,16,8.0,6.0,6.0,3.0
2018,PE,PSB,top_necr,eleicao,16,8.0,5.0,5.0,2.5
2018,PE,PSB,nucleo_80,competitividade,16,6.0,6.0,5.0,2.25
2018,PE,PSB,nucleo_80,eleicao,16,6.0,5.0,5.0,1.875
2018,PE,PSB,acima_divisao_igual,competitividade,16,6.0,6.0,5.0,2.25
2018,PE,PSB,acima_divisao_igual,eleicao,16,6.0,5.0,5.0,1.875
2018,PE,PSC,top_necr,competitividade,6,1.0,1.0,1.0,0.16666666666666666
2018,PE,PSC,top_necr,eleicao,6,1.0,1.0,1.0,0.16666666666666666
2018,PE,PSC,nucleo_80,competitividade,6,1.0,1.0,1.0,0.16666666666666666
2018,PE,PSC,nucleo_80,eleicao,6,1.0,1.0,1.0,0.16666666666666666
2018,PE,PSC,acima_divisao_igual,competitividade,6,1.0,1.0,1.0,0.16666666666666666
2018,PE,PSC,acima_divisao_igual,eleicao,6,1.0,1.0,1.0,0.16666666666666666
2018,PE,PSD,top_necr,competitividade,1,1.0,1.0,1.0,1.0
2018,PE,PSD,top_necr,eleicao,1,1.0,1.0,1.0,1.0
2018,PE,PSD,nucleo_80,competitividade,1,1.0,1.0,1.0,1.0
2018,PE,PSD,nucleo_80,eleicao,1,1.0,1.0,1.0,1.0
2018,PE,PSD,acima_divisao_igual,competitividade,1,0.0,1.0,0.0,0.0
2018,PE,PSD,acima_divisao_igual,eleicao,1,0.0,1.0,0.0,0.0
2018,PE,PSDB,top_necr,competitividade,4,2.0,2.0,1.0,1.0
2018,PE,PSDB,top_necr,eleicao,4,2.0,0.0,0.0,0.0
2018,PE,PSDB,nucleo_80,competitividade,4,2.0,2.0,1.0,1.0
2018,PE,PSDB,nucleo_80,eleicao,4,2.0,0.0,0.0,0.0
2018,PE,PSDB,acima_divisao_igual,competitividade,4,1.0,2.0,1.0,0.5
2018,PE,PSDB,acima_divisao_igual,eleicao,4,1.0,0.0,0.0,0.0
2018,PE,PSL,top_necr,competitividade,11,2.0,2.0,1.0,0.36363636363636365
2018,PE,PSL,top_necr,eleicao,11,2.0,1.0,1.0,0.18181818181818182
2018,PE,PSL,nucleo_80,competitividade,11,2.0,2.0,1.0,0.36363636363636365
2018,PE,PSL,nucleo_80,eleicao,11,2.0,1.0,1.0,0.18181818181818182
2018,PE,PSL,acima_divisao_igual,competitividade,11,2.0,2.0,1.0,0.36363636363636365
2018,PE,PSL,acima_divisao_igual,eleicao,11,2.0,1.0,1.0,0.18181818181818182
2018,PE,PSOL,top_necr,competitividade,31,12.0,1.0,1.0,0.3870967741935484
2018,PE,PSOL,top_necr,eleicao,31,12.0,0.0,0.0,0.0
2018,PE,PSOL,nucleo_80,competitividade,31,12.0,1.0,1.0,0.3870967741935484
2018,PE,PSOL,nucleo_80,eleicao,31,12.0,0.0,0.0,0.0
2018,PE,PSOL,acima_divisao_igual,competitividade,31,10.0,1.0,1.0,0.3225806451612903
2018,PE,PSOL,acima_divisao_igual,eleicao,31,10.0,0.0,0.0,0.0
2018,PE,PSTU,top_necr,competitividade,2,0.0,0.0,0.0,0.0
2018,PE,PSTU,top_necr,eleicao,2,0.0,0.0,0.0,0.0
2018,PE,PSTU,nucleo_80,competitividade,2,0.0,0.0,0.0,0.0
2018,PE,PSTU,nucleo_80,eleicao,2,0.0,0.0,0.0,0.0
2018,PE,PSTU,acima_divisao_igual,competitividade,2,0.0,0.0,0.0,0.0
2018,PE,PSTU,acima_divisao_igual,eleicao,2,0.0,0.0,0.0,0.0
2018,PE,PT,top_necr,competitividade,16,4.0,2.0,2.0,0.5
2018,PE,PT,top_necr,eleicao,16,4.0,2.0,2.0,0.5
2018,PE,PT,nucleo_80,competitividade,16,4.0,2.0,2.0,0.5
2018,PE,PT,nucleo_80,eleicao,16,4.0,2.0,2.0,0.5
2018,PE,PT,acima_divisao_igual,competitividade,16,4.0,2.0,2.0,0.5
2018,PE,PT,acima_divisao_igual,eleicao,16,4.0,2.0,2.0,0.5
2018,PE,PTB,top_necr,competitividade,7,1.0,1.0,1.0,0.14285714285714285
2018,PE,PTB,top_necr,eleicao,7,1.0,0.0,0.0,0.0
2018,PE,PTB,nucleo_80,competitividade,7,1.0,1.0,1.0,0.14285714285714285
2018,PE,PTB,nucleo_80,eleicao,7,1.0,0.0,0.0,0.0
2018,PE,PTB,acima_divisao_igual,competitividade,7,2.0,1.0,1.0,0.2857142857142857
2018,PE,PTB,acima_divisao_igual,eleicao,7,2.0,0.0,0.0,0.0
2018,PE,PTC,top_necr,competitividade,5,5.0,0.0,0.0,0.0
2018,PE,PTC,top_necr,eleicao,5,5.0,0.0,0.0,0.0
2018,PE,PTC,nucleo_80,competitividade,5,4.0,0.0,0.0,0.0
2018,PE,PTC,nucleo_80,eleicao,5,4.0,0.0,0.0,0.0
2018,PE,PTC,acima_divisao_igual,competitividade,5,0.0,0.0,0.0,0.0
2018,PE,PTC,acima_divisao_igual,eleicao,5,0.0,0.0,0.0,0.0
2018,PE,PV,top_necr,competitividade,8,5.0,1.0,1.0,0.625
2018,PE,PV,top_necr,eleicao,8,5.0,0.0,0.0,0.0
2018,PE,PV,nucleo_80,competitividade,8,5.0,1.0,1.0,0.625
2018,PE,PV,nucleo_80,eleicao,8,5.0,0.0,0.0,0.0
2018,PE,PV,acima_divisao_igual,competitividade,8,2.0,1.0,1.0,0.25
2018,PE,PV,acima_divisao_igual,eleicao,8,2.0,0.0,0.0,0.0
2018,PE,REDE,top_necr,competitividade,26,3.0,1.0,0.0,0.11538461538461539
2018,PE,REDE,top_necr,eleicao,26,3.0,0.0,0.0,0.0
2018,PE,REDE,nucleo_80,competitividade,26,2.0,1.0,0.0,0.07692307692307693
2018,PE,REDE,nucleo_80,eleicao,26,2.0,0.0,0.0,0.0
2018,PE,REDE,acima_divisao_igual,competitividade,26,3.0,1.0,0.0,0.11538461538461539
2018,PE,REDE,acima_divisao_igual,eleicao,26,3.0,0.0,0.0,0.0
2018,PE,SOLIDARIEDADE,top_necr,competitividade,6,2.0,1.0,1.0,0.3333333333333333
2018,PE,SOLIDARIEDADE,top_necr,eleicao,6,2.0,1.0,1.0,0.3333333333333333
2018,PE,SOLIDARIEDADE,nucleo_80,competitividade,6,2.0,1.0,1.0,0.3333333333333333
2018,PE,SOLIDARIEDADE,nucleo_80,eleicao,6,2.0,1.0,1.0,0.3333333333333333
2018,PE,SOLIDARIEDADE,acima_divisao_igual,competitividade,6,2.0,1.0,1.0,0.3333333333333333
2018,PE,SOLIDARIEDADE,acima_divisao_igual,eleicao,6,2.0,1.0,1.0,0.3333333333333333
2018,PI,AVANTE,top_necr,competitividade,2,1.0,1.0,1.0,0.5
2018,PI,AVANTE,top_necr,eleicao,2,1.0,0.0,0.0,0.0
2018,PI,AVANTE,nucleo_80,competitividade,2,1.0,1.0,1.0,0.5
2018,PI,AVANTE,nucleo_80,eleicao,2,1.0,0.0,0.0,0.0
2018,PI,AVANTE,acima_divisao_igual,competitividade,2,1.0,1.0,1.0,0.5
2018,PI,AVANTE,acima_divisao_igual,eleicao,2,1.0,0.0,0.0,0.0
2018,PI,DC,top_necr,competitividade,8,2.0,0.0,0.0,0.0
2018,PI,DC,top_necr,eleicao,8,2.0,0.0,0.0,0.0
2018,PI,DC,nucleo_80,competitividade,8,2.0,0.0,0.0,0.0
2018,PI,DC,nucleo_80,eleicao,8,2.0,0.0,0.0,0.0
2018,PI,DC,acima_divisao_igual,competitividade,8,2.0,0.0,0.0,0.0
2018,PI,DC,acima_divisao_igual,eleicao,8,2.0,0.0,0.0,0.0
2018,PI,DEM,top_necr,competitividade,1,1.0,1.0,1.0,1.0
2018,PI,DEM,top_necr,eleicao,1,1.0,0.0,0.0,0.0
2018,PI,DEM,nucleo_80,competitividade,1,1.0,1.0,1.0,1.0
2018,PI,DEM,nucleo_80,eleicao,1,1.0,0.0,0.0,0.0
2018,PI,DEM,acima_divisao_igual,competitividade,1,0.0,1.0,0.0,0.0
2018,PI,DEM,acima_divisao_igual,eleicao,1,0.0,0.0,0.0,0.0
2018,PI,MDB,top_necr,competitividade,3,2.0,1.0,1.0,0.6666666666666666
2018,PI,MDB,top_necr,eleicao,3,2.0,1.0,1.0,0.6666666666666666
2018,PI,MDB,nucleo_80,competitividade,3,2.0,1.0,1.0,0.6666666666666666
2018,PI,MDB,nucleo_80,eleicao,3,2.0,1.0,1.0,0.6666666666666666
2018,PI,MDB,acima_divisao_igual,competitividade,3,2.0,1.0,1.0,0.6666666666666666
2018,PI,MDB,acima_divisao_igual,eleicao,3,2.0,1.0,1.0,0.6666666666666666
2018,PI,PATRI,top_necr,competitividade,1,1.0,0.0,0.0,0.0
2018,PI,PATRI,top_necr,eleicao,1,1.0,0.0,0.0,0.0
2018,PI,PATRI,nucleo_80,competitividade,1,1.0,0.0,0.0,0.0
2018,PI,PATRI,nucleo_80,eleicao,1,1.0,0.0,0.0,0.0
2018,PI,PATRI,acima_divisao_igual,competitividade,1,0.0,0.0,0.0,0.0
2018,PI,PATRI,acima_divisao_igual,eleicao,1,0.0,0.0,0.0,0.0
2018,PI,PC DO B,top_necr,competitividade,1,1.0,0.0,0.0,0.0
2018,PI,PC DO B,top_necr,eleicao,1,1.0,0.0,0.0,0.0
2018,PI,PC DO B,nucleo_80,competitividade,1,1.0,0.0,0.0,0.0
2018,PI,PC DO B,nucleo_80,eleicao,1,1.0,0.0,0.0,0.0
2018,PI,PC DO B,acima_divisao_igual,competitividade,1,0.0,0.0,0.0,0.0
2018,PI,PC DO B,acima_divisao_igual,eleicao,1,0.0,0.0,0.0,0.0
2018,PI,PCB,top_necr,competitividade,1,1.0,0.0,0.0,0.0
2018,PI,PCB,top_necr,eleicao,1,1.0,0.0,0.0,0.0
2018,PI,PCB,nucleo_80,competitividade,1,1.0,0.0,0.0,0.0
2018,PI,PCB,nucleo_80,eleicao,1,1.0,0.0,0.0,0.0
2018,PI,PCB,acima_divisao_igual,competitividade,1,0.0,0.0,0.0,0.0
2018,PI,PCB,acima_divisao_igual,eleicao,1,0.0,0.0,0.0,0.0
2018,PI,PDT,top_necr,competitividade,1,1.0,1.0,1.0,1.0
2018,PI,PDT,top_necr,eleicao,1,1.0,1.0,1.0,1.0
2018,PI,PDT,nucleo_80,competitividade,1,1.0,1.0,1.0,1.0
2018,PI,PDT,nucleo_80,eleicao,1,1.0,1.0,1.0,1.0
2018,PI,PDT,acima_divisao_igual,competitividade,1,0.0,1.0,0.0,0.0
2018,PI,PDT,acima_divisao_igual,eleicao,1,0.0,1.0,0.0,0.0
2018,PI,PHS,top_necr,competitividade,4,2.0,1.0,1.0,0.5
2018,PI,PHS,top_necr,eleicao,4,2.0,0.0,0.0,0.0
2018,PI,PHS,nucleo_80,competitividade,4,2.0,1.0,1.0,0.5
2018,PI,PHS,nucleo_80,eleicao,4,2.0,0.0,0.0,0.0
2018,PI,PHS,acima_divisao_igual,competitividade,4,1.0,1.0,1.0,0.25
2018,PI,PHS,acima_divisao_igual,eleicao,4,1.0,0.0,0.0,0.0
2018,PI,PMN,top_necr,competitividade,4,1.0,0.0,0.0,0.0
2018,PI,PMN,top_necr,eleicao,4,1.0,0.0,0.0,0.0
2018,PI,PMN,nucleo_80,competitividade,4,1.0,0.0,0.0,0.0
2018,PI,PMN,nucleo_80,eleicao,4,1.0,0.0,0.0,0.0
2018,PI,PMN,acima_divisao_igual,competitividade,4,1.0,0.0,0.0,0.0
2018,PI,PMN,acima_divisao_igual,eleicao,4,1.0,0.0,0.0,0.0
2018,PI,PODE,top_necr,competitividade,2,0.0,1.0,0.0,0.0
2018,PI,PODE,top_necr,eleicao,2,0.0,0.0,0.0,0.0
2018,PI,PODE,nucleo_80,competitividade,2,0.0,1.0,0.0,0.0
2018,PI,PODE,nucleo_80,eleicao,2,0.0,0.0,0.0,0.0
2018,PI,PODE,acima_divisao_igual,competitividade,2,0.0,1.0,0.0,0.0
2018,PI,PODE,acima_divisao_igual,eleicao,2,0.0,0.0,0.0,0.0
2018,PI,PP,top_necr,competitividade,5,3.0,3.0,3.0,1.8
2018,PI,PP,top_necr,eleicao,5,3.0,2.0,2.0,1.2
2018,PI,PP,nucleo_80,competitividade,5,3.0,3.0,3.0,1.8
2018,PI,PP,nucleo_80,eleicao,5,3.0,2.0,2.0,1.2
2018,PI,PP,acima_divisao_igual,competitividade,5,3.0,3.0,3.0,1.8
2018,PI,PP,acima_divisao_igual,eleicao,5,3.0,2.0,2.0,1.2
2018,PI,PPS,top_necr,competitividade,4,2.0,0.0,0.0,0.0
2018,PI,PPS,top_necr,eleicao,4,2.0,0.0,0.0,0.0
2018,PI,PPS,nucleo_80,competitividade,4,2.0,0.0,0.0,0.0
2018,PI,PPS,nucleo_80,eleicao,4,2.0,0.0,0.0,0.0
2018,PI,PPS,acima_divisao_igual,competitividade,4,2.0,0.0,0.0,0.0
2018,PI,PPS,acima_divisao_igual,eleicao,4,2.0,0.0,0.0,0.0
2018,PI,PR,top_necr,competitividade,1,1.0,1.0,1.0,1.0
2018,PI,PR,top_necr,eleicao,1,1.0,1.0,1.0,1.0
2018,PI,PR,nucleo_80,competitividade,1,1.0,1.0,1.0,1.0
2018,PI,PR,nucleo_80,eleicao,1,1.0,1.0,1.0,1.0
2018,PI,PR,acima_divisao_igual,competitividade,1,0.0,1.0,0.0,0.0
2018,PI,PR,acima_divisao_igual,eleicao,1,0.0,1.0,0.0,0.0
2018,PI,PRB,top_necr,competitividade,5,2.0,1.0,1.0,0.4
2018,PI,PRB,top_necr,eleicao,5,2.0,0.0,0.0,0.0
2018,PI,PRB,nucleo_80,competitividade,5,2.0,1.0,1.0,0.4
2018,PI,PRB,nucleo_80,eleicao,5,2.0,0.0,0.0,0.0
2018,PI,PRB,acima_divisao_igual,competitividade,5,2.0,1.0,1.0,0.4
2018,PI,PRB,acima_divisao_igual,eleicao,5,2.0,0.0,0.0,0.0
2018,PI,PROS,top_necr,competitividade,6,1.0,0.0,0.0,0.0
2018,PI,PROS,top_necr,eleicao,6,1.0,0.0,0.0,0.0
2018,PI,PROS,nucleo_80,competitividade,6,1.0,0.0,0.0,0.0
2018,PI,PROS,nucleo_80,eleicao,6,1.0,0.0,0.0,0.0
2018,PI,PROS,acima_divisao_igual,competitividade,6,1.0,0.0,0.0,0.0
2018,PI,PROS,acima_divisao_igual,eleicao,6,1.0,0.0,0.0,0.0
2018,PI,PRP,top_necr,competitividade,10,5.0,0.0,0.0,0.0
2018,PI,PRP,top_necr,eleicao,10,5.0,0.0,0.0,0.0
2018,PI,PRP,nucleo_80,competitividade,10,4.0,0.0,0.0,0.0
2018,PI,PRP,nucleo_80,eleicao,10,4.0,0.0,0.0,0.0
2018,PI,PRP,acima_divisao_igual,competitividade,10,5.0,0.0,0.0,0.0
2018,PI,PRP,acima_divisao_igual,eleicao,10,5.0,0.0,0.0,0.0
2018,PI,PRTB,top_necr,competitividade,8,0.0,1.0,0.0,0.0
2018,PI,PRTB,top_necr,eleicao,8,0.0,0.0,0.0,0.0
2018,PI,PRTB,nucleo_80,competitividade,8,0.0,1.0,0.0,0.0
2018,PI,PRTB,nucleo_80,eleicao,8,0.0,0.0,0.0,0.0
2018,PI,PRTB,acima_divisao_igual,competitividade,8,0.0,1.0,0.0,0.0
2018,PI,PRTB,acima_divisao_igual,eleicao,8,0.0,0.0,0.0,0.0
2018,PI,PSB,top_necr,competitividade,4,2.0,3.0,2.0,1.5
2018,PI,PSB,top_necr,eleicao,4,2.0,1.0,1.0,0.5
2018,PI,PSB,nucleo_80,competitividade,4,2.0,3.0,2.0,1.5
2018,PI,PSB,nucleo_80,eleicao,4,2.0,1.0,1.0,0.5
2018,PI,PSB,acima_divisao_igual,competitividade,4,2.0,3.0,2.0,1.5
2018,PI,PSB,acima_divisao_igual,eleicao,4,2.0,1.0,1.0,0.5
2018,PI,PSC,top_necr,competitividade,6,1.0,0.0,0.0,0.0
2018,PI,PSC,top_necr,eleicao,6,1.0,0.0,0.0,0.0
2018,PI,PSC,nucleo_80,competitividade,6,1.0,0.0,0.0,0.0
2018,PI,PSC,nucleo_80,eleicao,6,1.0,0.0,0.0,0.0
2018,PI,PSC,acima_divisao_igual,competitividade,6,1.0,0.0,0.0,0.0
2018,PI,PSC,acima_divisao_igual,eleicao,6,1.0,0.0,0.0,0.0
2018,PI,PSD,top_necr,competitividade,1,1.0,1.0,1.0,1.0
2018,PI,PSD,top_necr,eleicao,1,1.0,1.0,1.0,1.0
2018,PI,PSD,nucleo_80,competitividade,1,1.0,1.0,1.0,1.0
2018,PI,PSD,nucleo_80,eleicao,1,1.0,1.0,1.0,1.0
2018,PI,PSD,acima_divisao_igual,competitividade,1,0.0,1.0,0.0,0.0
2018,PI,PSD,acima_divisao_igual,eleicao,1,0.0,1.0,0.0,0.0
2018,PI,PSDB,top_necr,competitividade,5,2.0,0.0,0.0,0.0
2018,PI,PSDB,top_necr,eleicao,5,2.0,0.0,0.0,0.0
2018,PI,PSDB,nucleo_80,competitividade,5,2.0,0.0,0.0,0.0
2018,PI,PSDB,nucleo_80,eleicao,5,2.0,0.0,0.0,0.0
2018,PI,PSDB,acima_divisao_igual,competitividade,5,2.0,0.0,0.0,0.0
2018,PI,PSDB,acima_divisao_igual,eleicao,5,2.0,0.0,0.0,0.0
2018,PI,PSL,top_necr,competitividade,6,0.0,1.0,0.0,0.0
2018,PI,PSL,top_necr,eleicao,6,0.0,0.0,0.0,0.0
2018,PI,PSL,nucleo_80,competitividade,6,0.0,1.0,0.0,0.0
2018,PI,PSL,nucleo_80,eleicao,6,0.0,0.0,0.0,0.0
2018,PI,PSL,acima_divisao_igual,competitividade,6,0.0,1.0,0.0,0.0
2018,PI,PSL,acima_divisao_igual,eleicao,6,0.0,0.0,0.0,0.0
2018,PI,PSOL,top_necr,competitividade,7,6.0,0.0,0.0,0.0
2018,PI,PSOL,top_necr,eleicao,7,6.0,0.0,0.0,0.0
2018,PI,PSOL,nucleo_80,competitividade,7,5.0,0.0,0.0,0.0
2018,PI,PSOL,nucleo_80,eleicao,7,5.0,0.0,0.0,0.0
2018,PI,PSOL,acima_divisao_igual,competitividade,7,4.0,0.0,0.0,0.0
2018,PI,PSOL,acima_divisao_igual,eleicao,7,4.0,0.0,0.0,0.0
2018,PI,PSTU,top_necr,competitividade,1,0.0,0.0,0.0,0.0
2018,PI,PSTU,top_necr,eleicao,1,0.0,0.0,0.0,0.0
2018,PI,PSTU,nucleo_80,competitividade,1,0.0,0.0,0.0,0.0
2018,PI,PSTU,nucleo_80,eleicao,1,0.0,0.0,0.0,0.0
2018,PI,PSTU,acima_divisao_igual,competitividade,1,0.0,0.0,0.0,0.0
2018,PI,PSTU,acima_divisao_igual,eleicao,1,0.0,0.0,0.0,0.0
2018,PI,PT,top_necr,competitividade,7,4.0,4.0,4.0,2.2857142857142856
2018,PI,PT,top_necr,eleicao,7,4.0,2.0,2.0,1.1428571428571428
2018,PI,PT,nucleo_80,competitividade,7,4.0,4.0,4.0,2.2857142857142856
2018,PI,PT,nucleo_80,eleicao,7,4.0,2.0,2.0,1.1428571428571428
2018,PI,PT,acima_divisao_igual,competitividade,7,2.0,4.0,2.0,1.1428571428571428
2018,PI,PT,acima_divisao_igual,eleicao,7,2.0,2.0,2.0,0.5714285714285714
2018,PI,PTB,top_necr,competitividade,1,1.0,1.0,1.0,1.0
2018,PI,PTB,top_necr,eleicao,1,1.0,0.0,0.0,0.0
2018,PI,PTB,nucleo_80,competitividade,1,1.0,1.0,1.0,1.0
2018,PI,PTB,nucleo_80,eleicao,1,1.0,0.0,0.0,0.0
2018,PI,PTB,acima_divisao_igual,competitividade,1,0.0,1.0,0.0,0.0
2018,PI,PTB,acima_divisao_igual,eleicao,1,0.0,0.0,0.0,0.0
2018,PI,PTC,top_necr,competitividade,1,1.0,0.0,0.0,0.0
2018,PI,PTC,top_necr,eleicao,1,1.0,1.0,1.0,1.0
2018,PI,PTC,nucleo_80,competitividade,1,1.0,0.0,0.0,0.0
2018,PI,PTC,nucleo_80,eleicao,1,1.0,1.0,1.0,1.0
2018,PI,PTC,acima_divisao_igual,competitividade,1,0.0,0.0,0.0,0.0
2018,PI,PTC,acima_divisao_igual,eleicao,1,0.0,1.0,0.0,0.0
2018,PI,PV,top_necr,competitividade,9,8.0,0.0,0.0,0.0
2018,PI,PV,top_necr,eleicao,9,8.0,0.0,0.0,0.0
2018,PI,PV,nucleo_80,competitividade,9,7.0,0.0,0.0,0.0
2018,PI,PV,nucleo_80,eleicao,9,7.0,0.0,0.0,0.0
2018,PI,PV,acima_divisao_igual,competitividade,9,4.0,0.0,0.0,0.0
2018,PI,PV,acima_divisao_igual,eleicao,9,4.0,0.0,0.0,0.0
2018,PI,REDE,top_necr,competitividade,5,1.0,0.0,0.0,0.0
2018,PI,REDE,top_necr,eleicao,5,1.0,0.0,0.0,0.0
2018,PI,REDE,nucleo_80,competitividade,5,1.0,0.0,0.0,0.0
2018,PI,REDE,nucleo_80,eleicao,5,1.0,0.0,0.0,0.0
2018,PI,REDE,acima_divisao_igual,competitividade,5,1.0,0.0,0.0,0.0
2018,PI,REDE,acima_divisao_igual,eleicao,5,1.0,0.0,0.0,0.0
2018,PI,SOLIDARIEDADE,top_necr,competitividade,3,1.0,1.0,0.0,0.3333333333333333
2018,PI,SOLIDARIEDADE,top_necr,eleicao,3,1.0,0.0,0.0,0.0
2018,PI,SOLIDARIEDADE,nucleo_80,competitividade,3,1.0,1.0,0.0,0.3333333333333333
2018,PI,SOLIDARIEDADE,nucleo_80,eleicao,3,1.0,0.0,0.0,0.0
2018,PI,SOLIDARIEDADE,acima_divisao_igual,competitividade,3,1.0,1.0,0.0,0.3333333333333333
2018,PI,SOLIDARIEDADE,acima_divisao_igual,eleicao,3,1.0,0.0,0.0,0.0
2018,PR,AVANTE,top_necr,competitividade,6,2.0,0.0,0.0,0.0
2018,PR,AVANTE,top_necr,eleicao,6,2.0,0.0,0.0,0.0
2018,PR,AVANTE,nucleo_80,competitividade,6,2.0,0.0,0.0,0.0
2018,PR,AVANTE,nucleo_80,eleicao,6,2.0,0.0,0.0,0.0
2018,PR,AVANTE,acima_divisao_igual,competitividade,6,2.0,0.0,0.0,0.0
2018,PR,AVANTE,acima_divisao_igual,eleicao,6,2.0,0.0,0.0,0.0
2018,PR,DC,top_necr,competitividade,7,3.0,0.0,0.0,0.0
2018,PR,DC,top_necr,eleicao,7,3.0,0.0,0.0,0.0
2018,PR,DC,nucleo_80,competitividade,7,4.0,0.0,0.0,0.0
2018,PR,DC,nucleo_80,eleicao,7,4.0,0.0,0.0,0.0
2018,PR,DC,acima_divisao_igual,competitividade,7,2.0,0.0,0.0,0.0
2018,PR,DC,acima_divisao_igual,eleicao,7,2.0,0.0,0.0,0.0
2018,PR,DEM,top_necr,competitividade,4,2.0,2.0,2.0,1.0
2018,PR,DEM,top_necr,eleicao,4,2.0,1.0,1.0,0.5
2018,PR,DEM,nucleo_80,competitividade,4,2.0,2.0,2.0,1.0
2018,PR,DEM,nucleo_80,eleicao,4,2.0,1.0,1.0,0.5
2018,PR,DEM,acima_divisao_igual,competitividade,4,2.0,2.0,2.0,1.0
2018,PR,DEM,acima_divisao_igual,eleicao,4,2.0,1.0,1.0,0.5
2018,PR,MDB,top_necr,competitividade,18,3.0,3.0,2.0,0.5
2018,PR,MDB,top_necr,eleicao,18,3.0,2.0,2.0,0.3333333333333333
2018,PR,MDB,nucleo_80,competitividade,18,3.0,3.0,2.0,0.5
2018,PR,MDB,nucleo_80,eleicao,18,3.0,2.0,2.0,0.3333333333333333
2018,PR,MDB,acima_divisao_igual,competitividade,18,2.0,3.0,2.0,0.3333333333333333
2018,PR,MDB,acima_divisao_igual,eleicao,18,2.0,2.0,2.0,0.2222222222222222
2018,PR,NOVO,top_necr,competitividade,16,11.0,0.0,0.0,0.0
2018,PR,NOVO,top_necr,eleicao,16,11.0,0.0,0.0,0.0
2018,PR,NOVO,nucleo_80,competitividade,16,10.0,0.0,0.0,0.0
2018,PR,NOVO,nucleo_80,eleicao,16,10.0,0.0,0.0,0.0
2018,PR,NOVO,acima_divisao_igual,competitividade,16,5.0,0.0,0.0,0.0
2018,PR,NOVO,acima_divisao_igual,eleicao,16,5.0,0.0,0.0,0.0
2018,PR,PATRI,top_necr,competitividade,4,1.0,0.0,0.0,0.0
2018,PR,PATRI,top_necr,eleicao,4,1.0,0.0,0.0,0.0
2018,PR,PATRI,nucleo_80,competitividade,4,1.0,0.0,0.0,0.0
2018,PR,PATRI,nucleo_80,eleicao,4,1.0,0.0,0.0,0.0
2018,PR,PATRI,acima_divisao_igual,competitividade,4,1.0,0.0,0.0,0.0
2018,PR,PATRI,acima_divisao_igual,eleicao,4,1.0,0.0,0.0,0.0
2018,PR,PC DO B,top_necr,competitividade,15,1.0,0.0,0.0,0.0
2018,PR,PC DO B,top_necr,eleicao,15,1.0,0.0,0.0,0.0
2018,PR,PC DO B,nucleo_80,competitividade,15,1.0,0.0,0.0,0.0
2018,PR,PC DO B,nucleo_80,eleicao,15,1.0,0.0,0.0,0.0
2018,PR,PC DO B,acima_divisao_igual,competitividade,15,1.0,0.0,0.0,0.0
2018,PR,PC DO B,acima_divisao_igual,eleicao,15,1.0,0.0,0.0,0.0
2018,PR,PCO,top_necr,competitividade,1,1.0,0.0,0.0,0.0
2018,PR,PCO,top_necr,eleicao,1,1.0,0.0,0.0,0.0
2018,PR,PCO,nucleo_80,competitividade,1,1.0,0.0,0.0,0.0
2018,PR,PCO,nucleo_80,eleicao,1,1.0,0.0,0.0,0.0
2018,PR,PCO,acima_divisao_igual,competitividade,1,0.0,0.0,0.0,0.0
2018,PR,PCO,acima_divisao_igual,eleicao,1,0.0,0.0,0.0,0.0
2018,PR,PDT,top_necr,competitividade,9,3.0,3.0,3.0,1.0
2018,PR,PDT,top_necr,eleicao,9,3.0,1.0,1.0,0.3333333333333333
2018,PR,PDT,nucleo_80,competitividade,9,2.0,3.0,2.0,0.6666666666666666
2018,PR,PDT,nucleo_80,eleicao,9,2.0,1.0,1.0,0.2222222222222222
2018,PR,PDT,acima_divisao_igual,competitividade,9,3.0,3.0,3.0,1.0
2018,PR,PDT,acima_divisao_igual,eleicao,9,3.0,1.0,1.0,0.3333333333333333
2018,PR,PHS,top_necr,competitividade,11,2.0,2.0,2.0,0.36363636363636365
2018,PR,PHS,top_necr,eleicao,11,2.0,0.0,0.0,0.0
2018,PR,PHS,nucleo_80,competitividade,11,2.0,2.0,2.0,0.36363636363636365
2018,PR,PHS,nucleo_80,eleicao,11,2.0,0.0,0.0,0.0
2018,PR,PHS,acima_divisao_igual,competitividade,11,2.0,2.0,2.0,0.36363636363636365
2018,PR,PHS,acima_divisao_igual,eleicao,11,2.0,0.0,0.0,0.0
2018,PR,PMB,top_necr,competitividade,2,0.0,0.0,0.0,0.0
2018,PR,PMB,top_necr,eleicao,2,0.0,0.0,0.0,0.0
2018,PR,PMB,nucleo_80,competitividade,2,0.0,0.0,0.0,0.0
2018,PR,PMB,nucleo_80,eleicao,2,0.0,0.0,0.0,0.0
2018,PR,PMB,acima_divisao_igual,competitividade,2,0.0,0.0,0.0,0.0
2018,PR,PMB,acima_divisao_igual,eleicao,2,0.0,0.0,0.0,0.0
2018,PR,PMN,top_necr,competitividade,3,1.0,0.0,0.0,0.0
2018,PR,PMN,top_necr,eleicao,3,1.0,0.0,0.0,0.0
2018,PR,PMN,nucleo_80,competitividade,3,1.0,0.0,0.0,0.0
2018,PR,PMN,nucleo_80,eleicao,3,1.0,0.0,0.0,0.0
2018,PR,PMN,acima_divisao_igual,competitividade,3,1.0,0.0,0.0,0.0
2018,PR,PMN,acima_divisao_igual,eleicao,3,1.0,0.0,0.0,0.0
2018,PR,PODE,top_necr,competitividade,9,2.0,0.0,0.0,0.0
2018,PR,PODE,top_necr,eleicao,9,2.0,1.0,1.0,0.2222222222222222
2018,PR,PODE,nucleo_80,competitividade,9,2.0,0.0,0.0,0.0
2018,PR,PODE,nucleo_80,eleicao,9,2.0,1.0,1.0,0.2222222222222222
2018,PR,PODE,acima_divisao_igual,competitividade,9,2.0,0.0,0.0,0.0
2018,PR,PODE,acima_divisao_igual,eleicao,9,2.0,1.0,1.0,0.2222222222222222
2018,PR,PP,top_necr,competitividade,10,6.0,5.0,5.0,3.0
2018,PR,PP,top_necr,eleicao,10,6.0,2.0,2.0,1.2
2018,PR,PP,nucleo_80,competitividade,10,5.0,5.0,5.0,2.5
2018,PR,PP,nucleo_80,eleicao,10,5.0,2.0,2.0,1.0
2018,PR,PP,acima_divisao_igual,competitividade,10,4.0,5.0,4.0,2.0
2018,PR,PP,acima_divisao_igual,eleicao,10,4.0,2.0,2.0,0.8
2018,PR,PPL,top_necr,competitividade,25,20.000000000000004,0.0,0.0,0.0
2018,PR,PPL,top_necr,eleicao,25,20.000000000000004,0.0,0.0,0.0
2018,PR,PPL,nucleo_80,competitividade,25,17.0,0.0,0.0,0.0
2018,PR,PPL,nucleo_80,eleicao,25,17.0,0.0,0.0,0.0
2018,PR,PPL,acima_divisao_igual,competitividade,25,12.0,0.0,0.0,0.0
2018,PR,PPL,acima_divisao_igual,eleicao,25,12.0,0.0,0.0,0.0
2018,PR,PPS,top_necr,competitividade,4,1.0,1.0,1.0,0.25
2018,PR,PPS,top_necr,eleicao,4,1.0,1.0,1.0,0.25
2018,PR,PPS,nucleo_80,competitividade,4,1.0,1.0,1.0,0.25
2018,PR,PPS,nucleo_80,eleicao,4,1.0,1.0,1.0,0.25
2018,PR,PPS,acima_divisao_igual,competitividade,4,1.0,1.0,1.0,0.25
2018,PR,PPS,acima_divisao_igual,eleicao,4,1.0,1.0,1.0,0.25
2018,PR,PR,top_necr,competitividade,3,3.0,3.0,3.0,3.0
2018,PR,PR,top_necr,eleicao,3,3.0,3.0,3.0,3.0
2018,PR,PR,nucleo_80,competitividade,3,3.0,3.0,3.0,3.0
2018,PR,PR,nucleo_80,eleicao,3,3.0,3.0,3.0,3.0
2018,PR,PR,acima_divisao_igual,competitividade,3,1.0,3.0,1.0,1.0
2018,PR,PR,acima_divisao_igual,eleicao,3,1.0,3.0,1.0,1.0
2018,PR,PRB,top_necr,competitividade,22,4.0,2.0,2.0,0.36363636363636365
2018,PR,PRB,top_necr,eleicao,22,4.0,2.0,2.0,0.36363636363636365
2018,PR,PRB,nucleo_80,competitividade,22,4.0,2.0,2.0,0.36363636363636365
2018,PR,PRB,nucleo_80,eleicao,22,4.0,2.0,2.0,0.36363636363636365
2018,PR,PRB,acima_divisao_igual,competitividade,22,4.0,2.0,2.0,0.36363636363636365
2018,PR,PRB,acima_divisao_igual,eleicao,22,4.0,2.0,2.0,0.36363636363636365
2018,PR,PROS,top_necr,competitividade,5,3.0,2.0,1.0,1.2
2018,PR,PROS,top_necr,eleicao,5,3.0,2.0,1.0,1.2
2018,PR,PROS,nucleo_80,competitividade,5,2.0,2.0,1.0,0.8
2018,PR,PROS,nucleo_80,eleicao,5,2.0,2.0,1.0,0.8
2018,PR,PROS,acima_divisao_igual,competitividade,5,2.0,2.0,1.0,0.8
2018,PR,PROS,acima_divisao_igual,eleicao,5,2.0,2.0,1.0,0.8
2018,PR,PRP,top_necr,competitividade,5,2.0,0.0,0.0,0.0
2018,PR,PRP,top_necr,eleicao,5,2.0,0.0,0.0,0.0
2018,PR,PRP,nucleo_80,competitividade,5,2.0,0.0,0.0,0.0
2018,PR,PRP,nucleo_80,eleicao,5,2.0,0.0,0.0,0.0
2018,PR,PRP,acima_divisao_igual,competitividade,5,2.0,0.0,0.0,0.0
2018,PR,PRP,acima_divisao_igual,eleicao,5,2.0,0.0,0.0,0.0
2018,PR,PRTB,top_necr,competitividade,37,11.0,1.0,0.0,0.2972972972972973
2018,PR,PRTB,top_necr,eleicao,37,11.0,0.0,0.0,0.0
2018,PR,PRTB,nucleo_80,competitividade,37,10.0,1.0,0.0,0.2702702702702703
2018,PR,PRTB,nucleo_80,eleicao,37,10.0,0.0,0.0,0.0
2018,PR,PRTB,acima_divisao_igual,competitividade,37,13.0,1.0,0.0,0.35135135135135137
2018,PR,PRTB,acima_divisao_igual,eleicao,37,13.0,0.0,0.0,0.0
2018,PR,PSB,top_necr,competitividade,9,3.0,2.0,2.0,0.6666666666666666
2018,PR,PSB,top_necr,eleicao,9,3.0,2.0,2.0,0.6666666666666666
2018,PR,PSB,nucleo_80,competitividade,9,3.0,2.0,2.0,0.6666666666666666
2018,PR,PSB,nucleo_80,eleicao,9,3.0,2.0,2.0,0.6666666666666666
2018,PR,PSB,acima_divisao_igual,competitividade,9,3.0,2.0,2.0,0.6666666666666666
2018,PR,PSB,acima_divisao_igual,eleicao,9,3.0,2.0,2.0,0.6666666666666666
2018,PR,PSC,top_necr,competitividade,7,3.0,2.0,2.0,0.8571428571428571
2018,PR,PSC,top_necr,eleicao,7,3.0,1.0,1.0,0.42857142857142855
2018,PR,PSC,nucleo_80,competitividade,7,2.0,2.0,2.0,0.5714285714285714
2018,PR,PSC,nucleo_80,eleicao,7,2.0,1.0,1.0,0.2857142857142857
2018,PR,PSC,acima_divisao_igual,competitividade,7,2.0,2.0,2.0,0.5714285714285714
2018,PR,PSC,acima_divisao_igual,eleicao,7,2.0,1.0,1.0,0.2857142857142857
2018,PR,PSD,top_necr,competitividade,22,7.0,9.0,6.0,2.8636363636363638
2018,PR,PSD,top_necr,eleicao,22,7.0,4.0,3.0,1.2727272727272727
2018,PR,PSD,nucleo_80,competitividade,22,5.0,9.0,5.0,2.0454545454545454
2018,PR,PSD,nucleo_80,eleicao,22,5.0,4.0,2.0,0.9090909090909091
2018,PR,PSD,acima_divisao_igual,competitividade,22,5.0,9.0,5.0,2.0454545454545454
2018,PR,PSD,acima_divisao_igual,eleicao,22,5.0,4.0,2.0,0.9090909090909091
2018,PR,PSDB,top_necr,competitividade,10,4.0,2.0,2.0,0.8
2018,PR,PSDB,top_necr,eleicao,10,4.0,0.0,0.0,0.0
2018,PR,PSDB,nucleo_80,competitividade,10,3.0,2.0,2.0,0.6
2018,PR,PSDB,nucleo_80,eleicao,10,3.0,0.0,0.0,0.0
2018,PR,PSDB,acima_divisao_igual,competitividade,10,3.0,2.0,2.0,0.6
2018,PR,PSDB,acima_divisao_igual,eleicao,10,3.0,0.0,0.0,0.0
2018,PR,PSL,top_necr,competitividade,29,2.0,2.0,1.0,0.13793103448275862
2018,PR,PSL,top_necr,eleicao,29,2.0,3.0,0.0,0.20689655172413793
2018,PR,PSL,nucleo_80,competitividade,29,3.9999999999999996,2.0,1.0,0.27586206896551724
2018,PR,PSL,nucleo_80,eleicao,29,3.9999999999999996,3.0,0.0,0.4137931034482758
2018,PR,PSL,acima_divisao_igual,competitividade,29,5.0,2.0,1.0,0.3448275862068966
2018,PR,PSL,acima_divisao_igual,eleicao,29,5.0,3.0,0.0,0.5172413793103449
2018,PR,PSOL,top_necr,competitividade,29,29.0,0.0,0.0,0.0
2018,PR,PSOL,top_necr,eleicao,29,29.0,0.0,0.0,0.0
2018,PR,PSOL,nucleo_80,competitividade,29,24.00000000000001,0.0,0.0,0.0
2018,PR,PSOL,nucleo_80,eleicao,29,24.00000000000001,0.0,0.0,0.0
2018,PR,PSOL,acima_divisao_igual,competitividade,29,1.0,0.0,0.0,0.0
2018,PR,PSOL,acima_divisao_igual,eleicao,29,1.0,0.0,0.0,0.0
2018,PR,PT,top_necr,competitividade,33,5.0,5.0,4.0,0.7575757575757576
2018,PR,PT,top_necr,eleicao,33,5.0,3.0,3.0,0.45454545454545453
2018,PR,PT,nucleo_80,competitividade,33,4.0,5.0,3.0,0.6060606060606061
2018,PR,PT,nucleo_80,eleicao,33,4.0,3.0,3.0,0.36363636363636365
2018,PR,PT,acima_divisao_igual,competitividade,33,4.0,5.0,3.0,0.6060606060606061
2018,PR,PT,acima_divisao_igual,eleicao,33,4.0,3.0,3.0,0.36363636363636365
2018,PR,PTB,top_necr,competitividade,1,1.0,0.0,0.0,0.0
2018,PR,PTB,top_necr,eleicao,1,1.0,1.0,1.0,1.0
2018,PR,PTB,nucleo_80,competitividade,1,1.0,0.0,0.0,0.0
2018,PR,PTB,nucleo_80,eleicao,1,1.0,1.0,1.0,1.0
2018,PR,PTB,acima_divisao_igual,competitividade,1,0.0,0.0,0.0,0.0
2018,PR,PTB,acima_divisao_igual,eleicao,1,0.0,1.0,0.0,0.0
2018,PR,PTC,top_necr,competitividade,7,2.0,0.0,0.0,0.0
2018,PR,PTC,top_necr,eleicao,7,2.0,0.0,0.0,0.0
2018,PR,PTC,nucleo_80,competitividade,7,2.0,0.0,0.0,0.0
2018,PR,PTC,nucleo_80,eleicao,7,2.0,0.0,0.0,0.0
2018,PR,PTC,acima_divisao_igual,competitividade,7,2.0,0.0,0.0,0.0
2018,PR,PTC,acima_divisao_igual,eleicao,7,2.0,0.0,0.0,0.0
2018,PR,PV,top_necr,competitividade,40,3.0,5.0,2.0,0.375
2018,PR,PV,top_necr,eleicao,40,3.0,1.0,1.0,0.075
2018,PR,PV,nucleo_80,competitividade,40,7.0,5.0,3.0,0.875
2018,PR,PV,nucleo_80,eleicao,40,7.0,1.0,1.0,0.175
2018,PR,PV,acima_divisao_igual,competitividade,40,7.0,5.0,3.0,0.875
2018,PR,PV,acima_divisao_igual,eleicao,40,7.0,1.0,1.0,0.175
2018,PR,REDE,top_necr,competitividade,11,9.0,0.0,0.0,0.0
2018,PR,REDE,top_necr,eleicao,11,9.0,0.0,0.0,0.0
2018,PR,REDE,nucleo_80,competitividade,11,8.0,0.0,0.0,0.0
2018,PR,REDE,nucleo_80,eleicao,11,8.0,0.0,0.0,0.0
2018,PR,REDE,acima_divisao_igual,competitividade,11,3.0,0.0,0.0,0.0
2018,PR,REDE,acima_divisao_igual,eleicao,11,3.0,0.0,0.0,0.0
2018,PR,SOLIDARIEDADE,top_necr,competitividade,1,1.0,1.0,1.0,1.0
2018,PR,SOLIDARIEDADE,top_necr,eleicao,1,1.0,0.0,0.0,0.0
2018,PR,SOLIDARIEDADE,nucleo_80,competitividade,1,1.0,1.0,1.0,1.0
2018,PR,SOLIDARIEDADE,nucleo_80,eleicao,1,1.0,0.0,0.0,0.0
2018,PR,SOLIDARIEDADE,acima_divisao_igual,competitividade,1,0.0,1.0,0.0,0.0
2018,PR,SOLIDARIEDADE,acima_divisao_igual,eleicao,1,0.0,0.0,0.0,0.0
2018,RJ,AVANTE,top_necr,competitividade,48,2.0,2.0,0.0,0.08333333333333333
2018,RJ,AVANTE,top_necr,eleicao,48,2.0,1.0,1.0,0.041666666666666664
2018,RJ,AVANTE,nucleo_80,competitividade,48,3.0,2.0,0.0,0.125
2018,RJ,AVANTE,nucleo_80,eleicao,48,3.0,1.0,1.0,0.0625
2018,RJ,AVANTE,acima_divisao_igual,competitividade,48,7.0,2.0,0.0,0.2916666666666667
2018,RJ,AVANTE,acima_divisao_igual,eleicao,48,7.0,1.0,1.0,0.14583333333333334
2018,RJ,DC,top_necr,competitividade,44,10.0,2.0,0.0,0.45454545454545453
2018,RJ,DC,top_necr,eleicao,44,10.0,1.0,0.0,0.22727272727272727
2018,RJ,DC,nucleo_80,competitividade,44,12.999999999999998,2.0,0.0,0.5909090909090908
2018,RJ,DC,nucleo_80,eleicao,44,12.999999999999998,1.0,0.0,0.2954545454545454
2018,RJ,DC,acima_divisao_igual,competitividade,44,14.0,2.0,0.0,0.6363636363636364
2018,RJ,DC,acima_divisao_igual,eleicao,44,14.0,1.0,0.0,0.3181818181818182
2018,RJ,DEM,top_necr,competitividade,22,8.0,8.0,7.0,2.909090909090909
2018,RJ,DEM,top_necr,eleicao,22,8.0,4.0,3.0,1.4545454545454546
2018,RJ,DEM,nucleo_80,competitividade,22,7.0,8.0,6.0,2.5454545454545454
2018,RJ,DEM,nucleo_80,eleicao,22,7.0,4.0,3.0,1.2727272727272727
2018,RJ,DEM,acima_divisao_igual,competitividade,22,8.0,8.0,7.0,2.909090909090909
2018,RJ,DEM,acima_divisao_igual,eleicao,22,8.0,4.0,3.0,1.4545454545454546
2018,RJ,MDB,top_necr,competitividade,18,9.0,7.0,5.0,3.5
2018,RJ,MDB,top_necr,eleicao,18,9.0,3.0,2.0,1.5
2018,RJ,MDB,nucleo_80,competitividade,18,7.0,7.0,4.0,2.7222222222222223
2018,RJ,MDB,nucleo_80,eleicao,18,7.0,3.0,1.0,1.1666666666666667
2018,RJ,MDB,acima_divisao_igual,competitividade,18,7.0,7.0,4.0,2.7222222222222223
2018,RJ,MDB,acima_divisao_igual,eleicao,18,7.0,3.0,1.0,1.1666666666666667
2018,RJ,NOVO,top_necr,competitividade,19,11.0,0.0,0.0,0.0
2018,RJ,NOVO,top_necr,eleicao,19,11.0,1.0,1.0,0.5789473684210527
2018,RJ,NOVO,nucleo_80,competitividade,19,10.0,0.0,0.0,0.0
2018,RJ,NOVO,nucleo_80,eleicao,19,10.0,1.0,1.0,0.5263157894736842
2018,RJ,NOVO,acima_divisao_igual,competitividade,19,5.0,0.0,0.0,0.0
2018,RJ,NOVO,acima_divisao_igual,eleicao,19,5.0,1.0,1.0,0.2631578947368421
2018,RJ,PATRI,top_necr,competitividade,31,2.0,1.0,1.0,0.06451612903225806
2018,RJ,PATRI,top_necr,eleicao,31,2.0,0.0,0.0,0.0
2018,RJ,PATRI,nucleo_80,competitividade,31,2.0,1.0,1.0,0.06451612903225806
2018,RJ,PATRI,nucleo_80,eleicao,31,2.0,0.0,0.0,0.0
2018,RJ,PATRI,acima_divisao_igual,competitividade,31,2.0,1.0,1.0,0.06451612903225806
2018,RJ,PATRI,acima_divisao_igual,eleicao,31,2.0,0.0,0.0,0.0
2018,RJ,PC DO B,top_necr,competitividade,9,1.0,1.0,1.0,0.1111111111111111
2018,RJ,PC DO B,top_necr,eleicao,9,1.0,1.0,1.0,0.1111111111111111
2018,RJ,PC DO B,nucleo_80,competitividade,9,1.0,1.0,1.0,0.1111111111111111
2018,RJ,PC DO B,nucleo_80,eleicao,9,1.0,1.0,1.0,0.1111111111111111
2018,RJ,PC DO B,acima_divisao_igual,competitividade,9,1.0,1.0,1.0,0.1111111111111111
2018,RJ,PC DO B,acima_divisao_igual,eleicao,9,1.0,1.0,1.0,0.1111111111111111
2018,RJ,PCB,top_necr,competitividade,1,1.0,0.0,0.0,0.0
2018,RJ,PCB,top_necr,eleicao,1,1.0,0.0,0.0,0.0
2018,RJ,PCB,nucleo_80,competitividade,1,1.0,0.0,0.0,0.0
2018,RJ,PCB,nucleo_80,eleicao,1,1.0,0.0,0.0,0.0
2018,RJ,PCB,acima_divisao_igual,competitividade,1,0.0,0.0,0.0,0.0
2018,RJ,PCB,acima_divisao_igual,eleicao,1,0.0,0.0,0.0,0.0
2018,RJ,PDT,top_necr,competitividade,49,5.0,5.0,3.0,0.5102040816326531
2018,RJ,PDT,top_necr,eleicao,49,5.0,2.0,2.0,0.20408163265306123
2018,RJ,PDT,nucleo_80,competitividade,49,8.0,5.0,3.25,0.8163265306122449
2018,RJ,PDT,nucleo_80,eleicao,49,8.0,2.0,2.0,0.32653061224489793
2018,RJ,PDT,acima_divisao_igual,competitividade,49,6.0,5.0,3.0,0.6122448979591837
2018,RJ,PDT,acima_divisao_igual,eleicao,49,6.0,2.0,2.0,0.24489795918367346
2018,RJ,PHS,top_necr,competitividade,63,2.0,2.0,0.0,0.06349206349206349
2018,RJ,PHS,top_necr,eleicao,63,2.0,1.0,0.0,0.031746031746031744
2018,RJ,PHS,nucleo_80,competitividade,63,5.0,2.0,0.0,0.15873015873015872
2018,RJ,PHS,nucleo_80,eleicao,63,5.0,1.0,0.0,0.07936507936507936
2018,RJ,PHS,acima_divisao_igual,competitividade,63,5.0,2.0,0.0,0.15873015873015872
2018,RJ,PHS,acima_divisao_igual,eleicao,63,5.0,1.0,0.0,0.07936507936507936
2018,RJ,PMB,top_necr,competitividade,37,1.0,0.0,0.0,0.0
2018,RJ,PMB,top_necr,eleicao,37,1.0,0.0,0.0,0.0
2018,RJ,PMB,nucleo_80,competitividade,37,1.0,0.0,0.0,0.0
2018,RJ,PMB,nucleo_80,eleicao,37,1.0,0.0,0.0,0.0
2018,RJ,PMB,acima_divisao_igual,competitividade,37,1.0,0.0,0.0,0.0
2018,RJ,PMB,acima_divisao_igual,eleicao,37,1.0,0.0,0.0,0.0
2018,RJ,PMN,top_necr,competitividade,19,1.0,1.0,1.0,0.05263157894736842
2018,RJ,PMN,top_necr,eleicao,19,1.0,0.0,0.0,0.0
2018,RJ,PMN,nucleo_80,competitividade,19,1.0,1.0,1.0,0.05263157894736842
2018,RJ,PMN,nucleo_80,eleicao,19,1.0,0.0,0.0,0.0
2018,RJ,PMN,acima_divisao_igual,competitividade,19,1.0,1.0,1.0,0.05263157894736842
2018,RJ,PMN,acima_divisao_igual,eleicao,19,1.0,0.0,0.0,0.0
2018,RJ,PODE,top_necr,competitividade,38,2.0,1.0,1.0,0.05263157894736842
2018,RJ,PODE,top_necr,eleicao,38,2.0,0.0,0.0,0.0
2018,RJ,PODE,nucleo_80,competitividade,38,2.0,1.0,1.0,0.05263157894736842
2018,RJ,PODE,nucleo_80,eleicao,38,2.0,0.0,0.0,0.0
2018,RJ,PODE,acima_divisao_igual,competitividade,38,2.0,1.0,1.0,0.05263157894736842
2018,RJ,PODE,acima_divisao_igual,eleicao,38,2.0,0.0,0.0,0.0
2018,RJ,PP,top_necr,competitividade,13,4.0,3.0,3.0,0.9230769230769231
2018,RJ,PP,top_necr,eleicao,13,4.0,2.0,2.0,0.6153846153846154
2018,RJ,PP,nucleo_80,competitividade,13,4.0,3.0,3.0,0.9230769230769231
2018,RJ,PP,nucleo_80,eleicao,13,4.0,2.0,2.0,0.6153846153846154
2018,RJ,PP,acima_divisao_igual,competitividade,13,4.0,3.0,3.0,0.9230769230769231
2018,RJ,PP,acima_divisao_igual,eleicao,13,4.0,2.0,2.0,0.6153846153846154
2018,RJ,PPL,top_necr,competitividade,40,10.0,0.0,0.0,0.0
2018,RJ,PPL,top_necr,eleicao,40,10.0,0.0,0.0,0.0
2018,RJ,PPL,nucleo_80,competitividade,40,8.0,0.0,0.0,0.0
2018,RJ,PPL,nucleo_80,eleicao,40,8.0,0.0,0.0,0.0
2018,RJ,PPL,acima_divisao_igual,competitividade,40,11.0,0.0,0.0,0.0
2018,RJ,PPL,acima_divisao_igual,eleicao,40,11.0,0.0,0.0,0.0
2018,RJ,PPS,top_necr,competitividade,14,6.0,1.0,1.0,0.42857142857142855
2018,RJ,PPS,top_necr,eleicao,14,6.0,1.0,1.0,0.42857142857142855
2018,RJ,PPS,nucleo_80,competitividade,14,6.0,1.0,1.0,0.42857142857142855
2018,RJ,PPS,nucleo_80,eleicao,14,6.0,1.0,1.0,0.42857142857142855
2018,RJ,PPS,acima_divisao_igual,competitividade,14,4.0,1.0,1.0,0.2857142857142857
2018,RJ,PPS,acima_divisao_igual,eleicao,14,4.0,1.0,1.0,0.2857142857142857
2018,RJ,PR,top_necr,competitividade,26,7.0,5.0,5.0,1.3461538461538463
2018,RJ,PR,top_necr,eleicao,26,7.0,2.0,2.0,0.5384615384615384
2018,RJ,PR,nucleo_80,competitividade,26,6.0,5.0,4.0,1.1538461538461537
2018,RJ,PR,nucleo_80,eleicao,26,6.0,2.0,2.0,0.46153846153846156
2018,RJ,PR,acima_divisao_igual,competitividade,26,8.0,5.0,5.0,1.5384615384615385
2018,RJ,PR,acima_divisao_igual,eleicao,26,8.0,2.0,2.0,0.6153846153846154
2018,RJ,PRB,top_necr,competitividade,59,8.0,3.0,3.0,0.4067796610169492
2018,RJ,PRB,top_necr,eleicao,59,8.0,2.0,2.0,0.2711864406779661
2018,RJ,PRB,nucleo_80,competitividade,59,6.0,3.0,3.0,0.3050847457627119
2018,RJ,PRB,nucleo_80,eleicao,59,6.0,2.0,2.0,0.2033898305084746
2018,RJ,PRB,acima_divisao_igual,competitividade,59,9.0,3.0,3.0,0.4576271186440678
2018,RJ,PRB,acima_divisao_igual,eleicao,59,9.0,2.0,2.0,0.3050847457627119
2018,RJ,PROS,top_necr,competitividade,11,2.0,2.0,2.0,0.36363636363636365
2018,RJ,PROS,top_necr,eleicao,11,2.0,1.0,1.0,0.18181818181818182
2018,RJ,PROS,nucleo_80,competitividade,11,2.0,2.0,2.0,0.36363636363636365
2018,RJ,PROS,nucleo_80,eleicao,11,2.0,1.0,1.0,0.18181818181818182
2018,RJ,PROS,acima_divisao_igual,competitividade,11,2.0,2.0,2.0,0.36363636363636365
2018,RJ,PROS,acima_divisao_igual,eleicao,11,2.0,1.0,1.0,0.18181818181818182
2018,RJ,PRP,top_necr,competitividade,57,2.0,1.0,0.0,0.03508771929824561
2018,RJ,PRP,top_necr,eleicao,57,2.0,1.0,0.0,0.03508771929824561
2018,RJ,PRP,nucleo_80,competitividade,57,2.0,1.0,0.0,0.03508771929824561
2018,RJ,PRP,nucleo_80,eleicao,57,2.0,1.0,0.0,0.03508771929824561
2018,RJ,PRP,acima_divisao_igual,competitividade,57,2.0,1.0,0.0,0.03508771929824561
2018,RJ,PRP,acima_divisao_igual,eleicao,57,2.0,1.0,0.0,0.03508771929824561
2018,RJ,PRTB,top_necr,competitividade,52,5.0,1.0,1.0,0.09615384615384616
2018,RJ,PRTB,top_necr,eleicao,52,5.0,0.0,0.0,0.0
2018,RJ,PRTB,nucleo_80,competitividade,52,18.0,1.0,1.0,0.34615384615384615
2018,RJ,PRTB,nucleo_80,eleicao,52,18.0,0.0,0.0,0.0
2018,RJ,PRTB,acima_divisao_igual,competitividade,52,9.0,1.0,1.0,0.17307692307692307
2018,RJ,PRTB,acima_divisao_igual,eleicao,52,9.0,0.0,0.0,0.0
2018,RJ,PSB,top_necr,competitividade,15,2.0,2.0,2.0,0.26666666666666666
2018,RJ,PSB,top_necr,eleicao,15,2.0,1.0,1.0,0.13333333333333333
2018,RJ,PSB,nucleo_80,competitividade,15,2.0,2.0,2.0,0.26666666666666666
2018,RJ,PSB,nucleo_80,eleicao,15,2.0,1.0,1.0,0.13333333333333333
2018,RJ,PSB,acima_divisao_igual,competitividade,15,3.0,2.0,2.0,0.4
2018,RJ,PSB,acima_divisao_igual,eleicao,15,3.0,1.0,1.0,0.2
2018,RJ,PSC,top_necr,competitividade,54,4.0,1.0,1.0,0.07407407407407407
2018,RJ,PSC,top_necr,eleicao,54,4.0,1.0,0.0,0.07407407407407407
2018,RJ,PSC,nucleo_80,competitividade,54,4.0,1.0,1.0,0.07407407407407407
2018,RJ,PSC,nucleo_80,eleicao,54,4.0,1.0,0.0,0.07407407407407407
2018,RJ,PSC,acima_divisao_igual,competitividade,54,8.0,1.0,1.0,0.14814814814814814
2018,RJ,PSC,acima_divisao_igual,eleicao,54,8.0,1.0,1.0,0.14814814814814814
2018,RJ,PSD,top_necr,competitividade,56,9.0,7.0,5.0,1.125
2018,RJ,PSD,top_necr,eleicao,56,9.0,3.0,3.0,0.48214285714285715
2018,RJ,PSD,nucleo_80,competitividade,56,7.0,7.0,5.0,0.875
2018,RJ,PSD,nucleo_80,eleicao,56,7.0,3.0,3.0,0.375
2018,RJ,PSD,acima_divisao_igual,competitividade,56,11.0,7.0,6.0,1.375
2018,RJ,PSD,acima_divisao_igual,eleicao,56,11.0,3.0,3.0,0.5892857142857143
2018,RJ,PSDB,top_necr,competitividade,21,3.0,2.0,2.0,0.2857142857142857
2018,RJ,PSDB,top_necr,eleicao,21,3.0,0.0,0.0,0.0
2018,RJ,PSDB,nucleo_80,competitividade,21,6.0,2.0,2.0,0.5714285714285714
2018,RJ,PSDB,nucleo_80,eleicao,21,6.0,0.0,0.0,0.0
2018,RJ,PSDB,acima_divisao_igual,competitividade,21,3.0,2.0,2.0,0.2857142857142857
2018,RJ,PSDB,acima_divisao_igual,eleicao,21,3.0,0.0,0.0,0.0
2018,RJ,PSL,top_necr,competitividade,63,7.0,1.0,0.0,0.1111111111111111
2018,RJ,PSL,top_necr,eleicao,63,7.0,12.0,4.0,1.3333333333333333
2018,RJ,PSL,nucleo_80,competitividade,63,11.0,1.0,0.0,0.1746031746031746
2018,RJ,PSL,nucleo_80,eleicao,63,11.0,12.0,6.0,2.0952380952380953
2018,RJ,PSL,acima_divisao_igual,competitividade,63,9.0,1.0,0.0,0.14285714285714285
2018,RJ,PSL,acima_divisao_igual,eleicao,63,9.0,12.0,5.0,1.7142857142857142
2018,RJ,PSOL,top_necr,competitividade,44,8.0,6.0,5.0,1.0909090909090908
2018,RJ,PSOL,top_necr,eleicao,44,8.0,4.0,4.0,0.7272727272727273
2018,RJ,PSOL,nucleo_80,competitividade,44,8.0,6.0,5.0,1.0909090909090908
2018,RJ,PSOL,nucleo_80,eleicao,44,8.0,4.0,4.0,0.7272727272727273
2018,RJ,PSOL,acima_divisao_igual,competitividade,44,10.0,6.0,5.0,1.3636363636363635
2018,RJ,PSOL,acima_divisao_igual,eleicao,44,10.0,4.0,4.0,0.9090909090909091
2018,RJ,PT,top_necr,competitividade,24,8.0,4.0,4.0,1.3333333333333333
2018,RJ,PT,top_necr,eleicao,24,8.0,1.0,1.0,0.3333333333333333
2018,RJ,PT,nucleo_80,competitividade,24,6.0,4.0,4.0,1.0
2018,RJ,PT,nucleo_80,eleicao,24,6.0,1.0,1.0,0.25
2018,RJ,PT,acima_divisao_igual,competitividade,24,8.0,4.0,4.0,1.3333333333333333
2018,RJ,PT,acima_divisao_igual,eleicao,24,8.0,1.0,1.0,0.3333333333333333
2018,RJ,PTB,top_necr,competitividade,14,4.0,2.0,2.0,0.5714285714285714
2018,RJ,PTB,top_necr,eleicao,14,4.0,0.0,0.0,0.0
2018,RJ,PTB,nucleo_80,competitividade,14,4.0,2.0,2.0,0.5714285714285714
2018,RJ,PTB,nucleo_80,eleicao,14,4.0,0.0,0.0,0.0
2018,RJ,PTB,acima_divisao_igual,competitividade,14,3.0,2.0,2.0,0.42857142857142855
2018,RJ,PTB,acima_divisao_igual,eleicao,14,3.0,0.0,0.0,0.0
2018,RJ,PTC,top_necr,competitividade,29,1.0,1.0,0.0,0.034482758620689655
2018,RJ,PTC,top_necr,eleicao,29,1.0,0.0,0.0,0.0
2018,RJ,PTC,nucleo_80,competitividade,29,1.0,1.0,0.0,0.034482758620689655
2018,RJ,PTC,nucleo_80,eleicao,29,1.0,0.0,0.0,0.0
2018,RJ,PTC,acima_divisao_igual,competitividade,29,2.0,1.0,0.0,0.06896551724137931
2018,RJ,PTC,acima_divisao_igual,eleicao,29,2.0,0.0,0.0,0.0
2018,RJ,PV,top_necr,competitividade,14,4.0,0.0,0.0,0.0
2018,RJ,PV,top_necr,eleicao,14,4.0,0.0,0.0,0.0
2018,RJ,PV,nucleo_80,competitividade,14,4.0,0.0,0.0,0.0
2018,RJ,PV,nucleo_80,eleicao,14,4.0,0.0,0.0,0.0
2018,RJ,PV,acima_divisao_igual,competitividade,14,3.0,0.0,0.0,0.0
2018,RJ,PV,acima_divisao_igual,eleicao,14,3.0,0.0,0.0,0.0
2018,RJ,REDE,top_necr,competitividade,13,2.0,0.0,0.0,0.0
2018,RJ,REDE,top_necr,eleicao,13,2.0,0.0,0.0,0.0
2018,RJ,REDE,nucleo_80,competitividade,13,2.0,0.0,0.0,0.0
2018,RJ,REDE,nucleo_80,eleicao,13,2.0,0.0,0.0,0.0
2018,RJ,REDE,acima_divisao_igual,competitividade,13,2.0,0.0,0.0,0.0
2018,RJ,REDE,acima_divisao_igual,eleicao,13,2.0,0.0,0.0,0.0
2018,RJ,SOLIDARIEDADE,top_necr,competitividade,29,2.0,4.0,2.0,0.27586206896551724
2018,RJ,SOLIDARIEDADE,top_necr,eleicao,29,2.0,1.0,1.0,0.06896551724137931
2018,RJ,SOLIDARIEDADE,nucleo_80,competitividade,29,2.0,4.0,2.0,0.27586206896551724
2018,RJ,SOLIDARIEDADE,nucleo_80,eleicao,29,2.0,1.0,1.0,0.06896551724137931
2018,RJ,SOLIDARIEDADE,acima_divisao_igual,competitividade,29,4.0,4.0,4.0,0.5517241379310345
2018,RJ,SOLIDARIEDADE,acima_divisao_igual,eleicao,29,4.0,1.0,1.0,0.13793103448275862
2018,RN,AVANTE,top_necr,competitividade,2,1.0,0.0,0.0,0.0
2018,RN,AVANTE,top_necr,eleicao,2,1.0,0.0,0.0,0.0
2018,RN,AVANTE,nucleo_80,competitividade,2,1.0,0.0,0.0,0.0
2018,RN,AVANTE,nucleo_80,eleicao,2,1.0,0.0,0.0,0.0
2018,RN,AVANTE,acima_divisao_igual,competitividade,2,1.0,0.0,0.0,0.0
2018,RN,AVANTE,acima_divisao_igual,eleicao,2,1.0,0.0,0.0,0.0
2018,RN,DC,top_necr,competitividade,1,1.0,0.0,0.0,0.0
2018,RN,DC,top_necr,eleicao,1,1.0,0.0,0.0,0.0
2018,RN,DC,nucleo_80,competitividade,1,1.0,0.0,0.0,0.0
2018,RN,DC,nucleo_80,eleicao,1,1.0,0.0,0.0,0.0
2018,RN,DC,acima_divisao_igual,competitividade,1,0.0,0.0,0.0,0.0
2018,RN,DC,acima_divisao_igual,eleicao,1,0.0,0.0,0.0,0.0
2018,RN,DEM,top_necr,competitividade,1,1.0,0.0,0.0,0.0
2018,RN,DEM,top_necr,eleicao,1,1.0,0.0,0.0,0.0
2018,RN,DEM,nucleo_80,competitividade,1,1.0,0.0,0.0,0.0
2018,RN,DEM,nucleo_80,eleicao,1,1.0,0.0,0.0,0.0
2018,RN,DEM,acima_divisao_igual,competitividade,1,0.0,0.0,0.0,0.0
2018,RN,DEM,acima_divisao_igual,eleicao,1,0.0,0.0,0.0,0.0
2018,RN,MDB,top_necr,competitividade,4,2.0,1.0,1.0,0.5
2018,RN,MDB,top_necr,eleicao,4,2.0,1.0,1.0,0.5
2018,RN,MDB,nucleo_80,competitividade,4,2.0,1.0,1.0,0.5
2018,RN,MDB,nucleo_80,eleicao,4,2.0,1.0,1.0,0.5
2018,RN,MDB,acima_divisao_igual,competitividade,4,1.0,1.0,1.0,0.25
2018,RN,MDB,acima_divisao_igual,eleicao,4,1.0,1.0,1.0,0.25
2018,RN,NOVO,top_necr,competitividade,5,5.0,0.0,0.0,0.0
2018,RN,NOVO,top_necr,eleicao,5,5.0,0.0,0.0,0.0
2018,RN,NOVO,nucleo_80,competitividade,5,3.9999999999999996,0.0,0.0,0.0
2018,RN,NOVO,nucleo_80,eleicao,5,3.9999999999999996,0.0,0.0,0.0
2018,RN,NOVO,acima_divisao_igual,competitividade,5,2.0,0.0,0.0,0.0
2018,RN,NOVO,acima_divisao_igual,eleicao,5,2.0,0.0,0.0,0.0
2018,RN,PATRI,top_necr,competitividade,11,0.0,0.0,0.0,0.0
2018,RN,PATRI,top_necr,eleicao,11,0.0,0.0,0.0,0.0
2018,RN,PATRI,nucleo_80,competitividade,11,0.0,0.0,0.0,0.0
2018,RN,PATRI,nucleo_80,eleicao,11,0.0,0.0,0.0,0.0
2018,RN,PATRI,acima_divisao_igual,competitividade,11,0.0,0.0,0.0,0.0
2018,RN,PATRI,acima_divisao_igual,eleicao,11,0.0,0.0,0.0,0.0
2018,RN,PC DO B,top_necr,competitividade,6,2.0,0.0,0.0,0.0
2018,RN,PC DO B,top_necr,eleicao,6,2.0,0.0,0.0,0.0
2018,RN,PC DO B,nucleo_80,competitividade,6,2.0,0.0,0.0,0.0
2018,RN,PC DO B,nucleo_80,eleicao,6,2.0,0.0,0.0,0.0
2018,RN,PC DO B,acima_divisao_igual,competitividade,6,1.0,0.0,0.0,0.0
2018,RN,PC DO B,acima_divisao_igual,eleicao,6,1.0,0.0,0.0,0.0
2018,RN,PCO,top_necr,competitividade,1,1.0,0.0,0.0,0.0
2018,RN,PCO,top_necr,eleicao,1,1.0,0.0,0.0,0.0
2018,RN,PCO,nucleo_80,competitividade,1,1.0,0.0,0.0,0.0
2018,RN,PCO,nucleo_80,eleicao,1,1.0,0.0,0.0,0.0
2018,RN,PCO,acima_divisao_igual,competitividade,1,0.0,0.0,0.0,0.0
2018,RN,PCO,acima_divisao_igual,eleicao,1,0.0,0.0,0.0,0.0
2018,RN,PDT,top_necr,competitividade,4,3.0,0.0,0.0,0.0
2018,RN,PDT,top_necr,eleicao,4,3.0,0.0,0.0,0.0
2018,RN,PDT,nucleo_80,competitividade,4,3.0,0.0,0.0,0.0
2018,RN,PDT,nucleo_80,eleicao,4,3.0,0.0,0.0,0.0
2018,RN,PDT,acima_divisao_igual,competitividade,4,3.0,0.0,0.0,0.0
2018,RN,PDT,acima_divisao_igual,eleicao,4,3.0,0.0,0.0,0.0
2018,RN,PHS,top_necr,competitividade,4,4.0,0.0,0.0,0.0
2018,RN,PHS,top_necr,eleicao,4,4.0,0.0,0.0,0.0
2018,RN,PHS,nucleo_80,competitividade,4,4.0,0.0,0.0,0.0
2018,RN,PHS,nucleo_80,eleicao,4,4.0,0.0,0.0,0.0
2018,RN,PHS,acima_divisao_igual,competitividade,4,2.0,0.0,0.0,0.0
2018,RN,PHS,acima_divisao_igual,eleicao,4,2.0,0.0,0.0,0.0
2018,RN,PMB,top_necr,competitividade,2,0.0,0.0,0.0,0.0
2018,RN,PMB,top_necr,eleicao,2,0.0,0.0,0.0,0.0
2018,RN,PMB,nucleo_80,competitividade,2,0.0,0.0,0.0,0.0
2018,RN,PMB,nucleo_80,eleicao,2,0.0,0.0,0.0,0.0
2018,RN,PMB,acima_divisao_igual,competitividade,2,0.0,0.0,0.0,0.0
2018,RN,PMB,acima_divisao_igual,eleicao,2,0.0,0.0,0.0,0.0
2018,RN,PMN,top_necr,competitividade,1,1.0,0.0,0.0,0.0
2018,RN,PMN,top_necr,eleicao,1,1.0,0.0,0.0,0.0
2018,RN,PMN,nucleo_80,competitividade,1,1.0,0.0,0.0,0.0
2018,RN,PMN,nucleo_80,eleicao,1,1.0,0.0,0.0,0.0
2018,RN,PMN,acima_divisao_igual,competitividade,1,0.0,0.0,0.0,0.0
2018,RN,PMN,acima_divisao_igual,eleicao,1,0.0,0.0,0.0,0.0
2018,RN,PODE,top_necr,competitividade,3,1.0,0.0,0.0,0.0
2018,RN,PODE,top_necr,eleicao,3,1.0,0.0,0.0,0.0
2018,RN,PODE,nucleo_80,competitividade,3,1.0,0.0,0.0,0.0
2018,RN,PODE,nucleo_80,eleicao,3,1.0,0.0,0.0,0.0
2018,RN,PODE,acima_divisao_igual,competitividade,3,1.0,0.0,0.0,0.0
2018,RN,PODE,acima_divisao_igual,eleicao,3,1.0,0.0,0.0,0.0
2018,RN,PP,top_necr,competitividade,3,2.0,0.0,0.0,0.0
2018,RN,PP,top_necr,eleicao,3,2.0,1.0,1.0,0.6666666666666666
2018,RN,PP,nucleo_80,competitividade,3,2.0,0.0,0.0,0.0
2018,RN,PP,nucleo_80,eleicao,3,2.0,1.0,1.0,0.6666666666666666
2018,RN,PP,acima_divisao_igual,competitividade,3,1.0,0.0,0.0,0.0
2018,RN,PP,acima_divisao_igual,eleicao,3,1.0,1.0,1.0,0.3333333333333333
2018,RN,PPL,top_necr,competitividade,4,0.0,0.0,0.0,0.0
2018,RN,PPL,top_necr,eleicao,4,0.0,0.0,0.0,0.0
2018,RN,PPL,nucleo_80,competitividade,4,0.0,0.0,0.0,0.0
2018,RN,PPL,nucleo_80,eleicao,4,0.0,0.0,0.0,0.0
2018,RN,PPL,acima_divisao_igual,competitividade,4,0.0,0.0,0.0,0.0
2018,RN,PPL,acima_divisao_igual,eleicao,4,0.0,0.0,0.0,0.0
2018,RN,PPS,top_necr,competitividade,1,1.0,0.0,0.0,0.0
2018,RN,PPS,top_necr,eleicao,1,1.0,0.0,0.0,0.0
2018,RN,PPS,nucleo_80,competitividade,1,1.0,0.0,0.0,0.0
2018,RN,PPS,nucleo_80,eleicao,1,1.0,0.0,0.0,0.0
2018,RN,PPS,acima_divisao_igual,competitividade,1,0.0,0.0,0.0,0.0
2018,RN,PPS,acima_divisao_igual,eleicao,1,0.0,0.0,0.0,0.0
2018,RN,PR,top_necr,competitividade,1,1.0,1.0,1.0,1.0
2018,RN,PR,top_necr,eleicao,1,1.0,1.0,1.0,1.0
2018,RN,PR,nucleo_80,competitividade,1,1.0,1.0,1.0,1.0
2018,RN,PR,nucleo_80,eleicao,1,1.0,1.0,1.0,1.0
2018,RN,PR,acima_divisao_igual,competitividade,1,0.0,1.0,0.0,0.0
2018,RN,PR,acima_divisao_igual,eleicao,1,0.0,1.0,0.0,0.0
2018,RN,PRB,top_necr,competitividade,2,2.0,1.0,1.0,1.0
2018,RN,PRB,top_necr,eleicao,2,2.0,0.0,0.0,0.0
2018,RN,PRB,nucleo_80,competitividade,2,2.0,1.0,1.0,1.0
2018,RN,PRB,nucleo_80,eleicao,2,2.0,0.0,0.0,0.0
2018,RN,PRB,acima_divisao_igual,competitividade,2,1.0,1.0,1.0,0.5
2018,RN,PRB,acima_divisao_igual,eleicao,2,1.0,0.0,0.0,0.0
2018,RN,PROS,top_necr,competitividade,1,1.0,0.0,0.0,0.0
2018,RN,PROS,top_necr,eleicao,1,1.0,0.0,0.0,0.0
2018,RN,PROS,nucleo_80,competitividade,1,1.0,0.0,0.0,0.0
2018,RN,PROS,nucleo_80,eleicao,1,1.0,0.0,0.0,0.0
2018,RN,PROS,acima_divisao_igual,competitividade,1,0.0,0.0,0.0,0.0
2018,RN,PROS,acima_divisao_igual,eleicao,1,0.0,0.0,0.0,0.0
2018,RN,PRP,top_necr,competitividade,2,0.0,0.0,0.0,0.0
2018,RN,PRP,top_necr,eleicao,2,0.0,0.0,0.0,0.0
2018,RN,PRP,nucleo_80,competitividade,2,0.0,0.0,0.0,0.0
2018,RN,PRP,nucleo_80,eleicao,2,0.0,0.0,0.0,0.0
2018,RN,PRP,acima_divisao_igual,competitividade,2,0.0,0.0,0.0,0.0
2018,RN,PRP,acima_divisao_igual,eleicao,2,0.0,0.0,0.0,0.0
2018,RN,PRTB,top_necr,competitividade,11,4.0,0.0,0.0,0.0
2018,RN,PRTB,top_necr,eleicao,11,4.0,0.0,0.0,0.0
2018,RN,PRTB,nucleo_80,competitividade,11,4.0,0.0,0.0,0.0
2018,RN,PRTB,nucleo_80,eleicao,11,4.0,0.0,0.0,0.0
2018,RN,PRTB,acima_divisao_igual,competitividade,11,4.0,0.0,0.0,0.0
2018,RN,PRTB,acima_divisao_igual,eleicao,11,4.0,0.0,0.0,0.0
2018,RN,PSB,top_necr,competitividade,1,1.0,0.0,0.0,0.0
2018,RN,PSB,top_necr,eleicao,1,1.0,1.0,1.0,1.0
2018,RN,PSB,nucleo_80,competitividade,1,1.0,0.0,0.0,0.0
2018,RN,PSB,nucleo_80,eleicao,1,1.0,1.0,1.0,1.0
2018,RN,PSB,acima_divisao_igual,competitividade,1,0.0,0.0,0.0,0.0
2018,RN,PSB,acima_divisao_igual,eleicao,1,0.0,1.0,0.0,0.0
2018,RN,PSC,top_necr,competitividade,2,1.0,1.0,1.0,0.5
2018,RN,PSC,top_necr,eleicao,2,1.0,0.0,0.0,0.0
2018,RN,PSC,nucleo_80,competitividade,2,1.0,1.0,1.0,0.5
2018,RN,PSC,nucleo_80,eleicao,2,1.0,0.0,0.0,0.0
2018,RN,PSC,acima_divisao_igual,competitividade,2,1.0,1.0,1.0,0.5
2018,RN,PSC,acima_divisao_igual,eleicao,2,1.0,0.0,0.0,0.0
2018,RN,PSD,top_necr,competitividade,2,1.0,1.0,1.0,0.5
2018,RN,PSD,top_necr,eleicao,2,1.0,1.0,1.0,0.5
2018,RN,PSD,nucleo_80,competitividade,2,1.0,1.0,1.0,0.5
2018,RN,PSD,nucleo_80,eleicao,2,1.0,1.0,1.0,0.5
2018,RN,PSD,acima_divisao_igual,competitividade,2,1.0,1.0,1.0,0.5
2018,RN,PSD,acima_divisao_igual,eleicao,2,1.0,1.0,1.0,0.5
2018,RN,PSDB,top_necr,competitividade,1,1.0,1.0,1.0,1.0
2018,RN,PSDB,top_necr,eleicao,1,1.0,0.0,0.0,0.0
2018,RN,PSDB,nucleo_80,competitividade,1,1.0,1.0,1.0,1.0
2018,RN,PSDB,nucleo_80,eleicao,1,1.0,0.0,0.0,0.0
2018,RN,PSDB,acima_divisao_igual,competitividade,1,0.0,1.0,0.0,0.0
2018,RN,PSDB,acima_divisao_igual,eleicao,1,0.0,0.0,0.0,0.0
2018,RN,PSL,top_necr,competitividade,1,1.0,0.0,0.0,0.0
2018,RN,PSL,top_necr,eleicao,1,1.0,1.0,1.0,1.0
2018,RN,PSL,nucleo_80,competitividade,1,1.0,0.0,0.0,0.0
2018,RN,PSL,nucleo_80,eleicao,1,1.0,1.0,1.0,1.0
2018,RN,PSL,acima_divisao_igual,competitividade,1,0.0,0.0,0.0,0.0
2018,RN,PSL,acima_divisao_igual,eleicao,1,0.0,1.0,0.0,0.0
2018,RN,PSOL,top_necr,competitividade,11,11.0,0.0,0.0,0.0
2018,RN,PSOL,top_necr,eleicao,11,11.0,0.0,0.0,0.0
2018,RN,PSOL,nucleo_80,competitividade,11,9.0,0.0,0.0,0.0
2018,RN,PSOL,nucleo_80,eleicao,11,9.0,0.0,0.0,0.0
2018,RN,PSOL,acima_divisao_igual,competitividade,11,2.0,0.0,0.0,0.0
2018,RN,PSOL,acima_divisao_igual,eleicao,11,2.0,0.0,0.0,0.0
2018,RN,PSTU,top_necr,competitividade,1,0.0,0.0,0.0,0.0
2018,RN,PSTU,top_necr,eleicao,1,0.0,0.0,0.0,0.0
2018,RN,PSTU,nucleo_80,competitividade,1,0.0,0.0,0.0,0.0
2018,RN,PSTU,nucleo_80,eleicao,1,0.0,0.0,0.0,0.0
2018,RN,PSTU,acima_divisao_igual,competitividade,1,0.0,0.0,0.0,0.0
2018,RN,PSTU,acima_divisao_igual,eleicao,1,0.0,0.0,0.0,0.0
2018,RN,PT,top_necr,competitividade,6,3.0,2.0,1.0,1.0
2018,RN,PT,top_necr,eleicao,6,3.0,1.0,1.0,0.5
2018,RN,PT,nucleo_80,competitividade,6,2.0,2.0,1.0,0.6666666666666666
2018,RN,PT,nucleo_80,eleicao,6,2.0,1.0,1.0,0.3333333333333333
2018,RN,PT,acima_divisao_igual,competitividade,6,2.0,2.0,1.0,0.6666666666666666
2018,RN,PT,acima_divisao_igual,eleicao,6,2.0,1.0,1.0,0.3333333333333333
2018,RN,PTB,top_necr,competitividade,1,0.0,1.0,0.0,0.0
2018,RN,PTB,top_necr,eleicao,1,0.0,0.0,0.0,0.0
2018,RN,PTB,nucleo_80,competitividade,1,0.0,1.0,0.0,0.0
2018,RN,PTB,nucleo_80,eleicao,1,0.0,0.0,0.0,0.0
2018,RN,PTB,acima_divisao_igual,competitividade,1,0.0,1.0,0.0,0.0
2018,RN,PTB,acima_divisao_igual,eleicao,1,0.0,0.0,0.0,0.0
2018,RN,PTC,top_necr,competitividade,2,1.0,0.0,0.0,0.0
2018,RN,PTC,top_necr,eleicao,2,1.0,1.0,1.0,0.5
2018,RN,PTC,nucleo_80,competitividade,2,1.0,0.0,0.0,0.0
2018,RN,PTC,nucleo_80,eleicao,2,1.0,1.0,1.0,0.5
2018,RN,PTC,acima_divisao_igual,competitividade,2,1.0,0.0,0.0,0.0
2018,RN,PTC,acima_divisao_igual,eleicao,2,1.0,1.0,1.0,0.5
2018,RN,PV,top_necr,competitividade,1,1.0,0.0,0.0,0.0
2018,RN,PV,top_necr,eleicao,1,1.0,0.0,0.0,0.0
2018,RN,PV,nucleo_80,competitividade,1,1.0,0.0,0.0,0.0
2018,RN,PV,nucleo_80,eleicao,1,1.0,0.0,0.0,0.0
2018,RN,PV,acima_divisao_igual,competitividade,1,0.0,0.0,0.0,0.0
2018,RN,PV,acima_divisao_igual,eleicao,1,0.0,0.0,0.0,0.0
2018,RN,REDE,top_necr,competitividade,3,1.0,0.0,0.0,0.0
2018,RN,REDE,top_necr,eleicao,3,1.0,0.0,0.0,0.0
2018,RN,REDE,nucleo_80,competitividade,3,1.0,0.0,0.0,0.0
2018,RN,REDE,nucleo_80,eleicao,3,1.0,0.0,0.0,0.0
2018,RN,REDE,acima_divisao_igual,competitividade,3,1.0,0.0,0.0,0.0
2018,RN,REDE,acima_divisao_igual,eleicao,3,1.0,0.0,0.0,0.0
2018,RN,SOLIDARIEDADE,top_necr,competitividade,11,7.0,1.0,0.0,0.6363636363636364
2018,RN,SOLIDARIEDADE,top_necr,eleicao,11,7.0,0.0,0.0,0.0
2018,RN,SOLIDARIEDADE,nucleo_80,competitividade,11,7.0,1.0,0.0,0.6363636363636364
2018,RN,SOLIDARIEDADE,nucleo_80,eleicao,11,7.0,0.0,0.0,0.0
2018,RN,SOLIDARIEDADE,acima_divisao_igual,competitividade,11,4.0,1.0,0.0,0.36363636363636365
2018,RN,SOLIDARIEDADE,acima_divisao_igual,eleicao,11,4.0,0.0,0.0,0.0
2018,RO,DEM,top_necr,competitividade,7,3.0,0.0,0.0,0.0
2018,RO,DEM,top_necr,eleicao,7,3.0,0.0,0.0,0.0
2018,RO,DEM,nucleo_80,competitividade,7,3.0,0.0,0.0,0.0
2018,RO,DEM,nucleo_80,eleicao,7,3.0,0.0,0.0,0.0
2018,RO,DEM,acima_divisao_igual,competitividade,7,2.0,0.0,0.0,0.0
2018,RO,DEM,acima_divisao_igual,eleicao,7,2.0,0.0,0.0,0.0
2018,RO,MDB,top_necr,competitividade,7,2.0,2.0,2.0,0.5714285714285714
2018,RO,MDB,top_necr,eleicao,7,2.0,1.0,1.0,0.2857142857142857
2018,RO,MDB,nucleo_80,competitividade,7,2.0,2.0,2.0,0.5714285714285714
2018,RO,MDB,nucleo_80,eleicao,7,2.0,1.0,1.0,0.2857142857142857
2018,RO,MDB,acima_divisao_igual,competitividade,7,2.0,2.0,2.0,0.5714285714285714
2018,RO,MDB,acima_divisao_igual,eleicao,7,2.0,1.0,1.0,0.2857142857142857
2018,RO,NOVO,top_necr,competitividade,3,3.0,0.0,0.0,0.0
2018,RO,NOVO,top_necr,eleicao,3,3.0,0.0,0.0,0.0
2018,RO,NOVO,nucleo_80,competitividade,3,3.0,0.0,0.0,0.0
2018,RO,NOVO,nucleo_80,eleicao,3,3.0,0.0,0.0,0.0
2018,RO,NOVO,acima_divisao_igual,competitividade,3,0.0,0.0,0.0,0.0
2018,RO,NOVO,acima_divisao_igual,eleicao,3,0.0,0.0,0.0,0.0
2018,RO,PATRI,top_necr,competitividade,3,0.0,0.0,0.0,0.0
2018,RO,PATRI,top_necr,eleicao,3,0.0,0.0,0.0,0.0
2018,RO,PATRI,nucleo_80,competitividade,3,0.0,0.0,0.0,0.0
2018,RO,PATRI,nucleo_80,eleicao,3,0.0,0.0,0.0,0.0
2018,RO,PATRI,acima_divisao_igual,competitividade,3,0.0,0.0,0.0,0.0
2018,RO,PATRI,acima_divisao_igual,eleicao,3,0.0,0.0,0.0,0.0
2018,RO,PC DO B,top_necr,competitividade,2,1.0,0.0,0.0,0.0
2018,RO,PC DO B,top_necr,eleicao,2,1.0,0.0,0.0,0.0
2018,RO,PC DO B,nucleo_80,competitividade,2,1.0,0.0,0.0,0.0
2018,RO,PC DO B,nucleo_80,eleicao,2,1.0,0.0,0.0,0.0
2018,RO,PC DO B,acima_divisao_igual,competitividade,2,1.0,0.0,0.0,0.0
2018,RO,PC DO B,acima_divisao_igual,eleicao,2,1.0,0.0,0.0,0.0
2018,RO,PDT,top_necr,competitividade,3,1.0,0.0,0.0,0.0
2018,RO,PDT,top_necr,eleicao,3,1.0,1.0,1.0,0.3333333333333333
2018,RO,PDT,nucleo_80,competitividade,3,1.0,0.0,0.0,0.0
2018,RO,PDT,nucleo_80,eleicao,3,1.0,1.0,1.0,0.3333333333333333
2018,RO,PDT,acima_divisao_igual,competitividade,3,1.0,0.0,0.0,0.0
2018,RO,PDT,acima_divisao_igual,eleicao,3,1.0,1.0,1.0,0.3333333333333333
2018,RO,PHS,top_necr,competitividade,4,3.0,0.0,0.0,0.0
2018,RO,PHS,top_necr,eleicao,4,3.0,0.0,0.0,0.0
2018,RO,PHS,nucleo_80,competitividade,4,3.0,0.0,0.0,0.0
2018,RO,PHS,nucleo_80,eleicao,4,3.0,0.0,0.0,0.0
2018,RO,PHS,acima_divisao_igual,competitividade,4,1.0,0.0,0.0,0.0
2018,RO,PHS,acima_divisao_igual,eleicao,4,1.0,0.0,0.0,0.0
2018,RO,PMB,top_necr,competitividade,1,0.0,0.0,0.0,0.0
2018,RO,PMB,top_necr,eleicao,1,0.0,0.0,0.0,0.0
2018,RO,PMB,nucleo_80,competitividade,1,0.0,0.0,0.0,0.0
2018,RO,PMB,nucleo_80,eleicao,1,0.0,0.0,0.0,0.0
2018,RO,PMB,acima_divisao_igual,competitividade,1,0.0,0.0,0.0,0.0
2018,RO,PMB,acima_divisao_igual,eleicao,1,0.0,0.0,0.0,0.0
2018,RO,PMN,top_necr,competitividade,4,2.0,0.0,0.0,0.0
2018,RO,PMN,top_necr,eleicao,4,2.0,0.0,0.0,0.0
2018,RO,PMN,nucleo_80,competitividade,4,2.0,0.0,0.0,0.0
2018,RO,PMN,nucleo_80,eleicao,4,2.0,0.0,0.0,0.0
2018,RO,PMN,acima_divisao_igual,competitividade,4,2.0,0.0,0.0,0.0
2018,RO,PMN,acima_divisao_igual,eleicao,4,2.0,0.0,0.0,0.0
2018,RO,PODE,top_necr,competitividade,1,1.0,0.0,0.0,0.0
2018,RO,PODE,top_necr,eleicao,1,1.0,1.0,1.0,1.0
2018,RO,PODE,nucleo_80,competitividade,1,1.0,0.0,0.0,0.0
2018,RO,PODE,nucleo_80,eleicao,1,1.0,1.0,1.0,1.0
2018,RO,PODE,acima_divisao_igual,competitividade,1,0.0,0.0,0.0,0.0
2018,RO,PODE,acima_divisao_igual,eleicao,1,0.0,1.0,0.0,0.0
2018,RO,PP,top_necr,competitividade,4,1.0,0.0,0.0,0.0
2018,RO,PP,top_necr,eleicao,4,1.0,1.0,1.0,0.25
2018,RO,PP,nucleo_80,competitividade,4,1.0,0.0,0.0,0.0
2018,RO,PP,nucleo_80,eleicao,4,1.0,1.0,1.0,0.25
2018,RO,PP,acima_divisao_igual,competitividade,4,1.0,0.0,0.0,0.0
2018,RO,PP,acima_divisao_igual,eleicao,4,1.0,1.0,1.0,0.25
2018,RO,PPS,top_necr,competitividade,2,1.0,0.0,0.0,0.0
2018,RO,PPS,top_necr,eleicao,2,1.0,0.0,0.0,0.0
2018,RO,PPS,nucleo_80,competitividade,2,1.0,0.0,0.0,0.0
2018,RO,PPS,nucleo_80,eleicao,2,1.0,0.0,0.0,0.0
2018,RO,PPS,acima_divisao_igual,competitividade,2,1.0,0.0,0.0,0.0
2018,RO,PPS,acima_divisao_igual,eleicao,2,1.0,0.0,0.0,0.0
2018,RO,PR,top_necr,competitividade,2,1.0,1.0,1.0,0.5
2018,RO,PR,top_necr,eleicao,2,1.0,0.0,0.0,0.0
2018,RO,PR,nucleo_80,competitividade,2,1.0,1.0,1.0,0.5
2018,RO,PR,nucleo_80,eleicao,2,1.0,0.0,0.0,0.0
2018,RO,PR,acima_divisao_igual,competitividade,2,1.0,1.0,1.0,0.5
2018,RO,PR,acima_divisao_igual,eleicao,2,1.0,0.0,0.0,0.0
2018,RO,PRB,top_necr,competitividade,1,1.0,1.0,1.0,1.0
2018,RO,PRB,top_necr,eleicao,1,1.0,0.0,0.0,0.0
2018,RO,PRB,nucleo_80,competitividade,1,1.0,1.0,1.0,1.0
2018,RO,PRB,nucleo_80,eleicao,1,1.0,0.0,0.0,0.0
2018,RO,PRB,acima_divisao_igual,competitividade,1,0.0,1.0,0.0,0.0
2018,RO,PRB,acima_divisao_igual,eleicao,1,0.0,0.0,0.0,0.0
2018,RO,PROS,top_necr,competitividade,4,1.0,1.0,1.0,0.25
2018,RO,PROS,top_necr,eleicao,4,1.0,0.0,0.0,0.0
2018,RO,PROS,nucleo_80,competitividade,4,1.0,1.0,1.0,0.25
2018,RO,PROS,nucleo_80,eleicao,4,1.0,0.0,0.0,0.0
2018,RO,PROS,acima_divisao_igual,competitividade,4,1.0,1.0,1.0,0.25
2018,RO,PROS,acima_divisao_igual,eleicao,4,1.0,0.0,0.0,0.0
2018,RO,PRP,top_necr,competitividade,3,2.0,0.0,0.0,0.0
2018,RO,PRP,top_necr,eleicao,3,2.0,0.0,0.0,0.0
2018,RO,PRP,nucleo_80,competitividade,3,2.0,0.0,0.0,0.0
2018,RO,PRP,nucleo_80,eleicao,3,2.0,0.0,0.0,0.0
2018,RO,PRP,acima_divisao_igual,competitividade,3,1.0,0.0,0.0,0.0
2018,RO,PRP,acima_divisao_igual,eleicao,3,1.0,0.0,0.0,0.0
2018,RO,PRTB,top_necr,competitividade,2,0.0,0.0,0.0,0.0
2018,RO,PRTB,top_necr,eleicao,2,0.0,0.0,0.0,0.0
2018,RO,PRTB,nucleo_80,competitividade,2,0.0,0.0,0.0,0.0
2018,RO,PRTB,nucleo_80,eleicao,2,0.0,0.0,0.0,0.0
2018,RO,PRTB,acima_divisao_igual,competitividade,2,0.0,0.0,0.0,0.0
2018,RO,PRTB,acima_divisao_igual,eleicao,2,0.0,0.0,0.0,0.0
2018,RO,PSB,top_necr,competitividade,1,1.0,1.0,1.0,1.0
2018,RO,PSB,top_necr,eleicao,1,1.0,1.0,1.0,1.0
2018,RO,PSB,nucleo_80,competitividade,1,1.0,1.0,1.0,1.0
2018,RO,PSB,nucleo_80,eleicao,1,1.0,1.0,1.0,1.0
2018,RO,PSB,acima_divisao_igual,competitividade,1,0.0,1.0,0.0,0.0
2018,RO,PSB,acima_divisao_igual,eleicao,1,0.0,1.0,0.0,0.0
2018,RO,PSC,top_necr,competitividade,1,1.0,1.0,1.0,1.0
2018,RO,PSC,top_necr,eleicao,1,1.0,0.0,0.0,0.0
2018,RO,PSC,nucleo_80,competitividade,1,1.0,1.0,1.0,1.0
2018,RO,PSC,nucleo_80,eleicao,1,1.0,0.0,0.0,0.0
2018,RO,PSC,acima_divisao_igual,competitividade,1,0.0,1.0,0.0,0.0
2018,RO,PSC,acima_divisao_igual,eleicao,1,0.0,0.0,0.0,0.0
2018,RO,PSD,top_necr,competitividade,2,1.0,1.0,1.0,0.5
2018,RO,PSD,top_necr,eleicao,2,1.0,1.0,1.0,0.5
2018,RO,PSD,nucleo_80,competitividade,2,1.0,1.0,1.0,0.5
2018,RO,PSD,nucleo_80,eleicao,2,1.0,1.0,1.0,0.5
2018,RO,PSD,acima_divisao_igual,competitividade,2,1.0,1.0,1.0,0.5
2018,RO,PSD,acima_divisao_igual,eleicao,2,1.0,1.0,1.0,0.5
2018,RO,PSDB,top_necr,competitividade,2,1.0,1.0,1.0,0.5
2018,RO,PSDB,top_necr,eleicao,2,1.0,1.0,1.0,0.5
2018,RO,PSDB,nucleo_80,competitividade,2,1.0,1.0,1.0,0.5
2018,RO,PSDB,nucleo_80,eleicao,2,1.0,1.0,1.0,0.5
2018,RO,PSDB,acima_divisao_igual,competitividade,2,1.0,1.0,1.0,0.5
2018,RO,PSDB,acima_divisao_igual,eleicao,2,1.0,1.0,1.0,0.5
2018,RO,PSL,top_necr,competitividade,11,0.0,0.0,0.0,0.0
2018,RO,PSL,top_necr,eleicao,11,0.0,1.0,0.0,0.0
2018,RO,PSL,nucleo_80,competitividade,11,0.0,0.0,0.0,0.0
2018,RO,PSL,nucleo_80,eleicao,11,0.0,1.0,0.0,0.0
2018,RO,PSL,acima_divisao_igual,competitividade,11,0.0,0.0,0.0,0.0
2018,RO,PSL,acima_divisao_igual,eleicao,11,0.0,1.0,0.0,0.0
2018,RO,PSOL,top_necr,competitividade,3,1.0,0.0,0.0,0.0
2018,RO,PSOL,top_necr,eleicao,3,1.0,0.0,0.0,0.0
2018,RO,PSOL,nucleo_80,competitividade,3,1.0,0.0,0.0,0.0
2018,RO,PSOL,nucleo_80,eleicao,3,1.0,0.0,0.0,0.0
2018,RO,PSOL,acima_divisao_igual,competitividade,3,1.0,0.0,0.0,0.0
2018,RO,PSOL,acima_divisao_igual,eleicao,3,1.0,0.0,0.0,0.0
2018,RO,PSTU,top_necr,competitividade,1,0.0,0.0,0.0,0.0
2018,RO,PSTU,top_necr,eleicao,1,0.0,0.0,0.0,0.0
2018,RO,PSTU,nucleo_80,competitividade,1,0.0,0.0,0.0,0.0
2018,RO,PSTU,nucleo_80,eleicao,1,0.0,0.0,0.0,0.0
2018,RO,PSTU,acima_divisao_igual,competitividade,1,0.0,0.0,0.0,0.0
2018,RO,PSTU,acima_divisao_igual,eleicao,1,0.0,0.0,0.0,0.0
2018,RO,PT,top_necr,competitividade,4,2.0,0.0,0.0,0.0
2018,RO,PT,top_necr,eleicao,4,2.0,0.0,0.0,0.0
2018,RO,PT,nucleo_80,competitividade,4,2.0,0.0,0.0,0.0
2018,RO,PT,nucleo_80,eleicao,4,2.0,0.0,0.0,0.0
2018,RO,PT,acima_divisao_igual,competitividade,4,1.0,0.0,0.0,0.0
2018,RO,PT,acima_divisao_igual,eleicao,4,1.0,0.0,0.0,0.0
2018,RO,PTB,top_necr,competitividade,1,1.0,0.0,0.0,0.0
2018,RO,PTB,top_necr,eleicao,1,1.0,0.0,0.0,0.0
2018,RO,PTB,nucleo_80,competitividade,1,1.0,0.0,0.0,0.0
2018,RO,PTB,nucleo_80,eleicao,1,1.0,0.0,0.0,0.0
2018,RO,PTB,acima_divisao_igual,competitividade,1,0.0,0.0,0.0,0.0
2018,RO,PTB,acima_divisao_igual,eleicao,1,0.0,0.0,0.0,0.0
2018,RO,PTC,top_necr,competitividade,1,1.0,0.0,0.0,0.0
2018,RO,PTC,top_necr,eleicao,1,1.0,0.0,0.0,0.0
2018,RO,PTC,nucleo_80,competitividade,1,1.0,0.0,0.0,0.0
2018,RO,PTC,nucleo_80,eleicao,1,1.0,0.0,0.0,0.0
2018,RO,PTC,acima_divisao_igual,competitividade,1,0.0,0.0,0.0,0.0
2018,RO,PTC,acima_divisao_igual,eleicao,1,0.0,0.0,0.0,0.0
2018,RO,PV,top_necr,competitividade,5,3.0,1.0,0.0,0.6
2018,RO,PV,top_necr,eleicao,5,3.0,0.0,0.0,0.0
2018,RO,PV,nucleo_80,competitividade,5,3.0,1.0,0.0,0.6
2018,RO,PV,nucleo_80,eleicao,5,3.0,0.0,0.0,0.0
2018,RO,PV,acima_divisao_igual,competitividade,5,1.0,1.0,0.0,0.2
2018,RO,PV,acima_divisao_igual,eleicao,5,1.0,0.0,0.0,0.0
2018,RO,REDE,top_necr,competitividade,6,0.0,0.0,0.0,0.0
2018,RO,REDE,top_necr,eleicao,6,0.0,0.0,0.0,0.0
2018,RO,REDE,nucleo_80,competitividade,6,0.0,0.0,0.0,0.0
2018,RO,REDE,nucleo_80,eleicao,6,0.0,0.0,0.0,0.0
2018,RO,REDE,acima_divisao_igual,competitividade,6,0.0,0.0,0.0,0.0
2018,RO,REDE,acima_divisao_igual,eleicao,6,0.0,0.0,0.0,0.0
2018,RO,SOLIDARIEDADE,top_necr,competitividade,1,1.0,1.0,1.0,1.0
2018,RO,SOLIDARIEDADE,top_necr,eleicao,1,1.0,0.0,0.0,0.0
2018,RO,SOLIDARIEDADE,nucleo_80,competitividade,1,1.0,1.0,1.0,1.0
2018,RO,SOLIDARIEDADE,nucleo_80,eleicao,1,1.0,0.0,0.0,0.0
2018,RO,SOLIDARIEDADE,acima_divisao_igual,competitividade,1,0.0,1.0,0.0,0.0
2018,RO,SOLIDARIEDADE,acima_divisao_igual,eleicao,1,0.0,0.0,0.0,0.0
2018,RR,AVANTE,top_necr,competitividade,6,1.0,0.0,0.0,0.0
2018,RR,AVANTE,top_necr,eleicao,6,1.0,0.0,0.0,0.0
2018,RR,AVANTE,nucleo_80,competitividade,6,1.0,0.0,0.0,0.0
2018,RR,AVANTE,nucleo_80,eleicao,6,1.0,0.0,0.0,0.0
2018,RR,AVANTE,acima_divisao_igual,competitividade,6,1.0,0.0,0.0,0.0
2018,RR,AVANTE,acima_divisao_igual,eleicao,6,1.0,0.0,0.0,0.0
2018,RR,DC,top_necr,competitividade,3,2.0,0.0,0.0,0.0
2018,RR,DC,top_necr,eleicao,3,2.0,0.0,0.0,0.0
2018,RR,DC,nucleo_80,competitividade,3,2.0,0.0,0.0,0.0
2018,RR,DC,nucleo_80,eleicao,3,2.0,0.0,0.0,0.0
2018,RR,DC,acima_divisao_igual,competitividade,3,1.0,0.0,0.0,0.0
2018,RR,DC,acima_divisao_igual,eleicao,3,1.0,0.0,0.0,0.0
2018,RR,DEM,top_necr,competitividade,5,1.0,0.0,0.0,0.0
2018,RR,DEM,top_necr,eleicao,5,1.0,0.0,0.0,0.0
2018,RR,DEM,nucleo_80,competitividade,5,1.0,0.0,0.0,0.0
2018,RR,DEM,nucleo_80,eleicao,5,1.0,0.0,0.0,0.0
2018,RR,DEM,acima_divisao_igual,competitividade,5,1.0,0.0,0.0,0.0
2018,RR,DEM,acima_divisao_igual,eleicao,5,1.0,0.0,0.0,0.0
2018,RR,MDB,top_necr,competitividade,3,1.0,2.0,1.0,0.6666666666666666
2018,RR,MDB,top_necr,eleicao,3,1.0,0.0,0.0,0.0
2018,RR,MDB,nucleo_80,competitividade,3,1.0,2.0,1.0,0.6666666666666666
2018,RR,MDB,nucleo_80,eleicao,3,1.0,0.0,0.0,0.0
2018,RR,MDB,acima_divisao_igual,competitividade,3,1.0,2.0,1.0,0.6666666666666666
2018,RR,MDB,acima_divisao_igual,eleicao,3,1.0,0.0,0.0,0.0
2018,RR,PATRI,top_necr,competitividade,9,3.0,1.0,1.0,0.3333333333333333
2018,RR,PATRI,top_necr,eleicao,9,3.0,0.0,0.0,0.0
2018,RR,PATRI,nucleo_80,competitividade,9,4.0,1.0,1.0,0.4444444444444444
2018,RR,PATRI,nucleo_80,eleicao,9,4.0,0.0,0.0,0.0
2018,RR,PATRI,acima_divisao_igual,competitividade,9,3.0,1.0,1.0,0.3333333333333333
2018,RR,PATRI,acima_divisao_igual,eleicao,9,3.0,0.0,0.0,0.0
2018,RR,PC DO B,top_necr,competitividade,4,1.0,1.0,1.0,0.25
2018,RR,PC DO B,top_necr,eleicao,4,1.0,0.0,0.0,0.0
2018,RR,PC DO B,nucleo_80,competitividade,4,1.0,1.0,1.0,0.25
2018,RR,PC DO B,nucleo_80,eleicao,4,1.0,0.0,0.0,0.0
2018,RR,PC DO B,acima_divisao_igual,competitividade,4,1.0,1.0,1.0,0.25
2018,RR,PC DO B,acima_divisao_igual,eleicao,4,1.0,0.0,0.0,0.0
2018,RR,PCB,top_necr,competitividade,1,1.0,0.0,0.0,0.0
2018,RR,PCB,top_necr,eleicao,1,1.0,0.0,0.0,0.0
2018,RR,PCB,nucleo_80,competitividade,1,1.0,0.0,0.0,0.0
2018,RR,PCB,nucleo_80,eleicao,1,1.0,0.0,0.0,0.0
2018,RR,PCB,acima_divisao_igual,competitividade,1,0.0,0.0,0.0,0.0
2018,RR,PCB,acima_divisao_igual,eleicao,1,0.0,0.0,0.0,0.0
2018,RR,PDT,top_necr,competitividade,3,2.0,0.0,0.0,0.0
2018,RR,PDT,top_necr,eleicao,3,2.0,0.0,0.0,0.0
2018,RR,PDT,nucleo_80,competitividade,3,2.0,0.0,0.0,0.0
2018,RR,PDT,nucleo_80,eleicao,3,2.0,0.0,0.0,0.0
2018,RR,PDT,acima_divisao_igual,competitividade,3,2.0,0.0,0.0,0.0
2018,RR,PDT,acima_divisao_igual,eleicao,3,2.0,0.0,0.0,0.0
2018,RR,PHS,top_necr,competitividade,7,1.0,1.0,1.0,0.14285714285714285
2018,RR,PHS,top_necr,eleicao,7,1.0,0.0,0.0,0.0
2018,RR,PHS,nucleo_80,competitividade,7,1.0,1.0,1.0,0.14285714285714285
2018,RR,PHS,nucleo_80,eleicao,7,1.0,0.0,0.0,0.0
2018,RR,PHS,acima_divisao_igual,competitividade,7,1.0,1.0,1.0,0.14285714285714285
2018,RR,PHS,acima_divisao_igual,eleicao,7,1.0,0.0,0.0,0.0
2018,RR,PMB,top_necr,competitividade,2,1.0,1.0,1.0,0.5
2018,RR,PMB,top_necr,eleicao,2,1.0,0.0,0.0,0.0
2018,RR,PMB,nucleo_80,competitividade,2,1.0,1.0,1.0,0.5
2018,RR,PMB,nucleo_80,eleicao,2,1.0,0.0,0.0,0.0
2018,RR,PMB,acima_divisao_igual,competitividade,2,1.0,1.0,1.0,0.5
2018,RR,PMB,acima_divisao_igual,eleicao,2,1.0,0.0,0.0,0.0
2018,RR,PODE,top_necr,competitividade,6,5.0,0.0,0.0,0.0
2018,RR,PODE,top_necr,eleicao,6,5.0,0.0,0.0,0.0
2018,RR,PODE,nucleo_80,competitividade,6,4.0,0.0,0.0,0.0
2018,RR,PODE,nucleo_80,eleicao,6,4.0,0.0,0.0,0.0
2018,RR,PODE,acima_divisao_igual,competitividade,6,2.0,0.0,0.0,0.0
2018,RR,PODE,acima_divisao_igual,eleicao,6,2.0,0.0,0.0,0.0
2018,RR,PP,top_necr,competitividade,3,1.0,2.0,1.0,0.6666666666666666
2018,RR,PP,top_necr,eleicao,3,1.0,1.0,1.0,0.3333333333333333
2018,RR,PP,nucleo_80,competitividade,3,1.0,2.0,1.0,0.6666666666666666
2018,RR,PP,nucleo_80,eleicao,3,1.0,1.0,1.0,0.3333333333333333
2018,RR,PP,acima_divisao_igual,competitividade,3,1.0,2.0,1.0,0.6666666666666666
2018,RR,PP,acima_divisao_igual,eleicao,3,1.0,1.0,1.0,0.3333333333333333
2018,RR,PPL,top_necr,competitividade,1,1.0,0.0,0.0,0.0
2018,RR,PPL,top_necr,eleicao,1,1.0,0.0,0.0,0.0
2018,RR,PPL,nucleo_80,competitividade,1,1.0,0.0,0.0,0.0
2018,RR,PPL,nucleo_80,eleicao,1,1.0,0.0,0.0,0.0
2018,RR,PPL,acima_divisao_igual,competitividade,1,0.0,0.0,0.0,0.0
2018,RR,PPL,acima_divisao_igual,eleicao,1,0.0,0.0,0.0,0.0
2018,RR,PPS,top_necr,competitividade,4,3.0,0.0,0.0,0.0
2018,RR,PPS,top_necr,eleicao,4,3.0,0.0,0.0,0.0
2018,RR,PPS,nucleo_80,competitividade,4,2.0,0.0,0.0,0.0
2018,RR,PPS,nucleo_80,eleicao,4,2.0,0.0,0.0,0.0
2018,RR,PPS,acima_divisao_igual,competitividade,4,2.0,0.0,0.0,0.0
2018,RR,PPS,acima_divisao_igual,eleicao,4,2.0,0.0,0.0,0.0
2018,RR,PR,top_necr,competitividade,6,3.0,1.0,1.0,0.5
2018,RR,PR,top_necr,eleicao,6,3.0,1.0,1.0,0.5
2018,RR,PR,nucleo_80,competitividade,6,3.0,1.0,1.0,0.5
2018,RR,PR,nucleo_80,eleicao,6,3.0,1.0,1.0,0.5
2018,RR,PR,acima_divisao_igual,competitividade,6,2.0,1.0,1.0,0.3333333333333333
2018,RR,PR,acima_divisao_igual,eleicao,6,2.0,1.0,1.0,0.3333333333333333
2018,RR,PRB,top_necr,competitividade,2,1.0,1.0,1.0,0.5
2018,RR,PRB,top_necr,eleicao,2,1.0,1.0,1.0,0.5
2018,RR,PRB,nucleo_80,competitividade,2,1.0,1.0,1.0,0.5
2018,RR,PRB,nucleo_80,eleicao,2,1.0,1.0,1.0,0.5
2018,RR,PRB,acima_divisao_igual,competitividade,2,1.0,1.0,1.0,0.5
2018,RR,PRB,acima_divisao_igual,eleicao,2,1.0,1.0,1.0,0.5
2018,RR,PROS,top_necr,competitividade,6,1.0,0.0,0.0,0.0
2018,RR,PROS,top_necr,eleicao,6,1.0,0.0,0.0,0.0
2018,RR,PROS,nucleo_80,competitividade,6,1.0,0.0,0.0,0.0
2018,RR,PROS,nucleo_80,eleicao,6,1.0,0.0,0.0,0.0
2018,RR,PROS,acima_divisao_igual,competitividade,6,1.0,0.0,0.0,0.0
2018,RR,PROS,acima_divisao_igual,eleicao,6,1.0,0.0,0.0,0.0
2018,RR,PRP,top_necr,competitividade,4,4.0,0.0,0.0,0.0
2018,RR,PRP,top_necr,eleicao,4,4.0,0.0,0.0,0.0
2018,RR,PRP,nucleo_80,competitividade,4,3.0,0.0,0.0,0.0
2018,RR,PRP,nucleo_80,eleicao,4,3.0,0.0,0.0,0.0
2018,RR,PRP,acima_divisao_igual,competitividade,4,2.0,0.0,0.0,0.0
2018,RR,PRP,acima_divisao_igual,eleicao,4,2.0,0.0,0.0,0.0
2018,RR,PRTB,top_necr,competitividade,4,3.0,1.0,0.0,0.75
2018,RR,PRTB,top_necr,eleicao,4,3.0,0.0,0.0,0.0
2018,RR,PRTB,nucleo_80,competitividade,4,3.0,1.0,0.0,0.75
2018,RR,PRTB,nucleo_80,eleicao,4,3.0,0.0,0.0,0.0
2018,RR,PRTB,acima_divisao_igual,competitividade,4,3.0,1.0,0.0,0.75
2018,RR,PRTB,acima_divisao_igual,eleicao,4,3.0,0.0,0.0,0.0
2018,RR,PSB,top_necr,competitividade,5,2.0,1.0,1.0,0.4
2018,RR,PSB,top_necr,eleicao,5,2.0,0.0,0.0,0.0
2018,RR,PSB,nucleo_80,competitividade,5,2.0,1.0,1.0,0.4
2018,RR,PSB,nucleo_80,eleicao,5,2.0,0.0,0.0,0.0
2018,RR,PSB,acima_divisao_igual,competitividade,5,1.0,1.0,0.0,0.2
2018,RR,PSB,acima_divisao_igual,eleicao,5,1.0,0.0,0.0,0.0
2018,RR,PSC,top_necr,competitividade,2,1.0,1.0,1.0,0.5
2018,RR,PSC,top_necr,eleicao,2,1.0,0.0,0.0,0.0
2018,RR,PSC,nucleo_80,competitividade,2,1.0,1.0,1.0,0.5
2018,RR,PSC,nucleo_80,eleicao,2,1.0,0.0,0.0,0.0
2018,RR,PSC,acima_divisao_igual,competitividade,2,1.0,1.0,1.0,0.5
2018,RR,PSC,acima_divisao_igual,eleicao,2,1.0,0.0,0.0,0.0
2018,RR,PSD,top_necr,competitividade,4,1.0,0.0,0.0,0.0
2018,RR,PSD,top_necr,eleicao,4,1.0,1.0,0.0,0.25
2018,RR,PSD,nucleo_80,competitividade,4,1.0,0.0,0.0,0.0
2018,RR,PSD,nucleo_80,eleicao,4,1.0,1.0,0.0,0.25
2018,RR,PSD,acima_divisao_igual,competitividade,4,1.0,0.0,0.0,0.0
2018,RR,PSD,acima_divisao_igual,eleicao,4,1.0,1.0,0.0,0.25
2018,RR,PSDB,top_necr,competitividade,5,1.0,2.0,1.0,0.4
2018,RR,PSDB,top_necr,eleicao,5,1.0,1.0,1.0,0.2
2018,RR,PSDB,nucleo_80,competitividade,5,1.0,2.0,1.0,0.4
2018,RR,PSDB,nucleo_80,eleicao,5,1.0,1.0,1.0,0.2
2018,RR,PSDB,acima_divisao_igual,competitividade,5,1.0,2.0,1.0,0.4
2018,RR,PSDB,acima_divisao_igual,eleicao,5,1.0,1.0,1.0,0.2
2018,RR,PSL,top_necr,competitividade,9,4.0,0.0,0.0,0.0
2018,RR,PSL,top_necr,eleicao,9,4.0,1.0,1.0,0.4444444444444444
2018,RR,PSL,nucleo_80,competitividade,9,4.0,0.0,0.0,0.0
2018,RR,PSL,nucleo_80,eleicao,9,4.0,1.0,1.0,0.4444444444444444
2018,RR,PSL,acima_divisao_igual,competitividade,9,4.0,0.0,0.0,0.0
2018,RR,PSL,acima_divisao_igual,eleicao,9,4.0,1.0,1.0,0.4444444444444444
2018,RR,PSOL,top_necr,competitividade,4,4.0,0.0,0.0,0.0
2018,RR,PSOL,top_necr,eleicao,4,4.0,0.0,0.0,0.0
2018,RR,PSOL,nucleo_80,competitividade,4,3.0,0.0,0.0,0.0
2018,RR,PSOL,nucleo_80,eleicao,4,3.0,0.0,0.0,0.0
2018,RR,PSOL,acima_divisao_igual,competitividade,4,2.0,0.0,0.0,0.0
2018,RR,PSOL,acima_divisao_igual,eleicao,4,2.0,0.0,0.0,0.0
2018,RR,PSTU,top_necr,competitividade,1,1.0,0.0,0.0,0.0
2018,RR,PSTU,top_necr,eleicao,1,1.0,0.0,0.0,0.0
2018,RR,PSTU,nucleo_80,competitividade,1,1.0,0.0,0.0,0.0
2018,RR,PSTU,nucleo_80,eleicao,1,1.0,0.0,0.0,0.0
2018,RR,PSTU,acima_divisao_igual,competitividade,1,0.0,0.0,0.0,0.0
2018,RR,PSTU,acima_divisao_igual,eleicao,1,0.0,0.0,0.0,0.0
2018,RR,PT,top_necr,competitividade,2,1.0,0.0,0.0,0.0
2018,RR,PT,top_necr,eleicao,2,1.0,0.0,0.0,0.0
2018,RR,PT,nucleo_80,competitividade,2,1.0,0.0,0.0,0.0
2018,RR,PT,nucleo_80,eleicao,2,1.0,0.0,0.0,0.0
2018,RR,PT,acima_divisao_igual,competitividade,2,1.0,0.0,0.0,0.0
2018,RR,PT,acima_divisao_igual,eleicao,2,1.0,0.0,0.0,0.0
2018,RR,PTB,top_necr,competitividade,4,1.0,1.0,0.0,0.25
2018,RR,PTB,top_necr,eleicao,4,1.0,0.0,0.0,0.0
2018,RR,PTB,nucleo_80,competitividade,4,1.0,1.0,0.0,0.25
2018,RR,PTB,nucleo_80,eleicao,4,1.0,0.0,0.0,0.0
2018,RR,PTB,acima_divisao_igual,competitividade,4,1.0,1.0,0.0,0.25
2018,RR,PTB,acima_divisao_igual,eleicao,4,1.0,0.0,0.0,0.0
2018,RR,PTC,top_necr,competitividade,2,1.0,0.0,0.0,0.0
2018,RR,PTC,top_necr,eleicao,2,1.0,0.0,0.0,0.0
2018,RR,PTC,nucleo_80,competitividade,2,1.0,0.0,0.0,0.0
2018,RR,PTC,nucleo_80,eleicao,2,1.0,0.0,0.0,0.0
2018,RR,PTC,acima_divisao_igual,competitividade,2,1.0,0.0,0.0,0.0
2018,RR,PTC,acima_divisao_igual,eleicao,2,1.0,0.0,0.0,0.0
2018,RR,PV,top_necr,competitividade,6,2.0,0.0,0.0,0.0
2018,RR,PV,top_necr,eleicao,6,2.0,0.0,0.0,0.0
2018,RR,PV,nucleo_80,competitividade,6,2.0,0.0,0.0,0.0
2018,RR,PV,nucleo_80,eleicao,6,2.0,0.0,0.0,0.0
2018,RR,PV,acima_divisao_igual,competitividade,6,1.0,0.0,0.0,0.0
2018,RR,PV,acima_divisao_igual,eleicao,6,1.0,0.0,0.0,0.0
2018,RR,REDE,top_necr,competitividade,4,1.0,0.0,0.0,0.0
2018,RR,REDE,top_necr,eleicao,4,1.0,1.0,1.0,0.25
2018,RR,REDE,nucleo_80,competitividade,4,1.0,0.0,0.0,0.0
2018,RR,REDE,nucleo_80,eleicao,4,1.0,1.0,1.0,0.25
2018,RR,REDE,acima_divisao_igual,competitividade,4,1.0,0.0,0.0,0.0
2018,RR,REDE,acima_divisao_igual,eleicao,4,1.0,1.0,1.0,0.25
2018,RR,SOLIDARIEDADE,top_necr,competitividade,6,4.0,4.0,3.0,2.6666666666666665
2018,RR,SOLIDARIEDADE,top_necr,eleicao,6,4.0,1.0,1.0,0.6666666666666666
2018,RR,SOLIDARIEDADE,nucleo_80,competitividade,6,3.0,4.0,2.0,2.0
2018,RR,SOLIDARIEDADE,nucleo_80,eleicao,6,3.0,1.0,1.0,0.5
2018,RR,SOLIDARIEDADE,acima_divisao_igual,competitividade,6,3.0,4.0,2.0,2.0
2018,RR,SOLIDARIEDADE,acima_divisao_igual,eleicao,6,3.0,1.0,1.0,0.5
2018,RS,AVANTE,top_necr,competitividade,5,2.0,0.0,0.0,0.0
2018,RS,AVANTE,top_necr,eleicao,5,2.0,0.0,0.0,0.0
2018,RS,AVANTE,nucleo_80,competitividade,5,2.0,0.0,0.0,0.0
2018,RS,AVANTE,nucleo_80,eleicao,5,2.0,0.0,0.0,0.0
2018,RS,AVANTE,acima_divisao_igual,competitividade,5,1.0,0.0,0.0,0.0
2018,RS,AVANTE,acima_divisao_igual,eleicao,5,1.0,0.0,0.0,0.0
2018,RS,DC,top_necr,competitividade,2,2.0,0.0,0.0,0.0
2018,RS,DC,top_necr,eleicao,2,2.0,0.0,0.0,0.0
2018,RS,DC,nucleo_80,competitividade,2,2.0,0.0,0.0,0.0
2018,RS,DC,nucleo_80,eleicao,2,2.0,0.0,0.0,0.0
2018,RS,DC,acima_divisao_igual,competitividade,2,1.0,0.0,0.0,0.0
2018,RS,DC,acima_divisao_igual,eleicao,2,1.0,0.0,0.0,0.0
2018,RS,DEM,top_necr,competitividade,8,1.0,1.0,1.0,0.125
2018,RS,DEM,top_necr,eleicao,8,1.0,1.0,1.0,0.125
2018,RS,DEM,nucleo_80,competitividade,8,1.0,1.0,1.0,0.125
2018,RS,DEM,nucleo_80,eleicao,8,1.0,1.0,1.0,0.125
2018,RS,DEM,acima_divisao_igual,competitividade,8,1.0,1.0,1.0,0.125
2018,RS,DEM,acima_divisao_igual,eleicao,8,1.0,1.0,1.0,0.125
2018,RS,MDB,top_necr,competitividade,25,10.0,7.0,7.0,2.8
2018,RS,MDB,top_necr,eleicao,25,10.0,4.0,4.0,1.6
2018,RS,MDB,nucleo_80,competitividade,25,7.0,7.0,6.0,1.96
2018,RS,MDB,nucleo_80,eleicao,25,7.0,4.0,4.0,1.12
2018,RS,MDB,acima_divisao_igual,competitividade,25,7.0,7.0,6.0,1.96
2018,RS,MDB,acima_divisao_igual,eleicao,25,7.0,4.0,4.0,1.12
2018,RS,NOVO,top_necr,competitividade,18,10.0,1.0,1.0,0.5555555555555556
2018,RS,NOVO,top_necr,eleicao,18,10.0,1.0,1.0,0.5555555555555556
2018,RS,NOVO,nucleo_80,competitividade,18,9.0,1.0,1.0,0.5
2018,RS,NOVO,nucleo_80,eleicao,18,9.0,1.0,1.0,0.5
2018,RS,NOVO,acima_divisao_igual,competitividade,18,7.0,1.0,1.0,0.3888888888888889
2018,RS,NOVO,acima_divisao_igual,eleicao,18,7.0,1.0,1.0,0.3888888888888889
2018,RS,PATRI,top_necr,competitividade,5,2.0,0.0,0.0,0.0
2018,RS,PATRI,top_necr,eleicao,5,2.0,0.0,0.0,0.0
2018,RS,PATRI,nucleo_80,competitividade,5,2.0,0.0,0.0,0.0
2018,RS,PATRI,nucleo_80,eleicao,5,2.0,0.0,0.0,0.0
2018,RS,PATRI,acima_divisao_igual,competitividade,5,2.0,0.0,0.0,0.0
2018,RS,PATRI,acima_divisao_igual,eleicao,5,2.0,0.0,0.0,0.0
2018,RS,PC DO B,top_necr,competitividade,26,4.0,1.0,1.0,0.15384615384615385
2018,RS,PC DO B,top_necr,eleicao,26,4.0,0.0,0.0,0.0
2018,RS,PC DO B,nucleo_80,competitividade,26,4.0,1.0,1.0,0.15384615384615385
2018,RS,PC DO B,nucleo_80,eleicao,26,4.0,0.0,0.0,0.0
2018,RS,PC DO B,acima_divisao_igual,competitividade,26,6.0,1.0,1.0,0.23076923076923078
2018,RS,PC DO B,acima_divisao_igual,eleicao,26,6.0,0.0,0.0,0.0
2018,RS,PCB,top_necr,competitividade,1,1.0,0.0,0.0,0.0
2018,RS,PCB,top_necr,eleicao,1,1.0,0.0,0.0,0.0
2018,RS,PCB,nucleo_80,competitividade,1,1.0,0.0,0.0,0.0
2018,RS,PCB,nucleo_80,eleicao,1,1.0,0.0,0.0,0.0
2018,RS,PCB,acima_divisao_igual,competitividade,1,0.0,0.0,0.0,0.0
2018,RS,PCB,acima_divisao_igual,eleicao,1,0.0,0.0,0.0,0.0
2018,RS,PDT,top_necr,competitividade,23,4.0,7.0,4.0,1.2173913043478262
2018,RS,PDT,top_necr,eleicao,23,4.0,3.0,3.0,0.5217391304347826
2018,RS,PDT,nucleo_80,competitividade,23,4.0,7.0,4.0,1.2173913043478262
2018,RS,PDT,nucleo_80,eleicao,23,4.0,3.0,3.0,0.5217391304347826
2018,RS,PDT,acima_divisao_igual,competitividade,23,6.0,7.0,4.0,1.826086956521739
2018,RS,PDT,acima_divisao_igual,eleicao,23,6.0,3.0,3.0,0.782608695652174
2018,RS,PHS,top_necr,competitividade,3,3.0,0.0,0.0,0.0
2018,RS,PHS,top_necr,eleicao,3,3.0,0.0,0.0,0.0
2018,RS,PHS,nucleo_80,competitividade,3,3.0,0.0,0.0,0.0
2018,RS,PHS,nucleo_80,eleicao,3,3.0,0.0,0.0,0.0
2018,RS,PHS,acima_divisao_igual,competitividade,3,1.0,0.0,0.0,0.0
2018,RS,PHS,acima_divisao_igual,eleicao,3,1.0,0.0,0.0,0.0
2018,RS,PMB,top_necr,competitividade,12,1.0,0.0,0.0,0.0
2018,RS,PMB,top_necr,eleicao,12,1.0,0.0,0.0,0.0
2018,RS,PMB,nucleo_80,competitividade,12,1.0,0.0,0.0,0.0
2018,RS,PMB,nucleo_80,eleicao,12,1.0,0.0,0.0,0.0
2018,RS,PMB,acima_divisao_igual,competitividade,12,1.0,0.0,0.0,0.0
2018,RS,PMB,acima_divisao_igual,eleicao,12,1.0,0.0,0.0,0.0
2018,RS,PMN,top_necr,competitividade,3,1.0,0.0,0.0,0.0
2018,RS,PMN,top_necr,eleicao,3,1.0,0.0,0.0,0.0
2018,RS,PMN,nucleo_80,competitividade,3,1.0,0.0,0.0,0.0
2018,RS,PMN,nucleo_80,eleicao,3,1.0,0.0,0.0,0.0
2018,RS,PMN,acima_divisao_igual,competitividade,3,1.0,0.0,0.0,0.0
2018,RS,PMN,acima_divisao_igual,eleicao,3,1.0,0.0,0.0,0.0
2018,RS,PODE,top_necr,competitividade,1,1.0,1.0,1.0,1.0
2018,RS,PODE,top_necr,eleicao,1,1.0,0.0,0.0,0.0
2018,RS,PODE,nucleo_80,competitividade,1,1.0,1.0,1.0,1.0
2018,RS,PODE,nucleo_80,eleicao,1,1.0,0.0,0.0,0.0
2018,RS,PODE,acima_divisao_igual,competitividade,1,0.0,1.0,0.0,0.0
2018,RS,PODE,acima_divisao_igual,eleicao,1,0.0,0.0,0.0,0.0
2018,RS,PP,top_necr,competitividade,18,7.0,5.0,5.0,1.9444444444444444
2018,RS,PP,top_necr,eleicao,18,7.0,4.0,4.0,1.5555555555555556
2018,RS,PP,nucleo_80,competitividade,18,5.0,5.0,4.0,1.3888888888888888
2018,RS,PP,nucleo_80,eleicao,18,5.0,4.0,3.0,1.1111111111111112
2018,RS,PP,acima_divisao_igual,competitividade,18,6.0,5.0,5.0,1.6666666666666667
2018,RS,PP,acima_divisao_igual,eleicao,18,6.0,4.0,4.0,1.3333333333333333
2018,RS,PPL,top_necr,competitividade,22,10.0,1.0,1.0,0.45454545454545453
2018,RS,PPL,top_necr,eleicao,22,10.0,0.0,0.0,0.0
2018,RS,PPL,nucleo_80,competitividade,22,9.0,1.0,1.0,0.4090909090909091
2018,RS,PPL,nucleo_80,eleicao,22,9.0,0.0,0.0,0.0
2018,RS,PPL,acima_divisao_igual,competitividade,22,7.0,1.0,1.0,0.3181818181818182
2018,RS,PPL,acima_divisao_igual,eleicao,22,7.0,0.0,0.0,0.0
2018,RS,PPS,top_necr,competitividade,30,11.0,0.0,0.0,0.0
2018,RS,PPS,top_necr,eleicao,30,11.0,0.0,0.0,0.0
2018,RS,PPS,nucleo_80,competitividade,30,11.0,0.0,0.0,0.0
2018,RS,PPS,nucleo_80,eleicao,30,11.0,0.0,0.0,0.0
2018,RS,PPS,acima_divisao_igual,competitividade,30,10.0,0.0,0.0,0.0
2018,RS,PPS,acima_divisao_igual,eleicao,30,10.0,0.0,0.0,0.0
2018,RS,PR,top_necr,competitividade,7,1.0,2.0,1.0,0.2857142857142857
2018,RS,PR,top_necr,eleicao,7,1.0,1.0,1.0,0.14285714285714285
2018,RS,PR,nucleo_80,competitividade,7,1.0,2.0,1.0,0.2857142857142857
2018,RS,PR,nucleo_80,eleicao,7,1.0,1.0,1.0,0.14285714285714285
2018,RS,PR,acima_divisao_igual,competitividade,7,1.0,2.0,1.0,0.2857142857142857
2018,RS,PR,acima_divisao_igual,eleicao,7,1.0,1.0,1.0,0.14285714285714285
2018,RS,PRB,top_necr,competitividade,7,2.0,2.0,1.0,0.5714285714285714
2018,RS,PRB,top_necr,eleicao,7,2.0,1.0,1.0,0.2857142857142857
2018,RS,PRB,nucleo_80,competitividade,7,2.0,2.0,1.0,0.5714285714285714
2018,RS,PRB,nucleo_80,eleicao,7,2.0,1.0,1.0,0.2857142857142857
2018,RS,PRB,acima_divisao_igual,competitividade,7,1.0,2.0,1.0,0.2857142857142857
2018,RS,PRB,acima_divisao_igual,eleicao,7,1.0,1.0,1.0,0.14285714285714285
2018,RS,PROS,top_necr,competitividade,9,1.0,0.0,0.0,0.0
2018,RS,PROS,top_necr,eleicao,9,1.0,0.0,0.0,0.0
2018,RS,PROS,nucleo_80,competitividade,9,1.0,0.0,0.0,0.0
2018,RS,PROS,nucleo_80,eleicao,9,1.0,0.0,0.0,0.0
2018,RS,PROS,acima_divisao_igual,competitividade,9,1.0,0.0,0.0,0.0
2018,RS,PROS,acima_divisao_igual,eleicao,9,1.0,0.0,0.0,0.0
2018,RS,PRP,top_necr,competitividade,8,3.0,0.0,0.0,0.0
2018,RS,PRP,top_necr,eleicao,8,3.0,0.0,0.0,0.0
2018,RS,PRP,nucleo_80,competitividade,8,4.0,0.0,0.0,0.0
2018,RS,PRP,nucleo_80,eleicao,8,4.0,0.0,0.0,0.0
2018,RS,PRP,acima_divisao_igual,competitividade,8,2.0,0.0,0.0,0.0
2018,RS,PRP,acima_divisao_igual,eleicao,8,2.0,0.0,0.0,0.0
2018,RS,PSB,top_necr,competitividade,29,7.0,3.0,3.0,0.7241379310344828
2018,RS,PSB,top_necr,eleicao,29,7.0,2.0,2.0,0.4827586206896552
2018,RS,PSB,nucleo_80,competitividade,29,6.0,3.0,3.0,0.6206896551724138
2018,RS,PSB,nucleo_80,eleicao,29,6.0,2.0,2.0,0.41379310344827586
2018,RS,PSB,acima_divisao_igual,competitividade,29,7.0,3.0,3.0,0.7241379310344828
2018,RS,PSB,acima_divisao_igual,eleicao,29,7.0,2.0,2.0,0.4827586206896552
2018,RS,PSC,top_necr,competitividade,9,1.0,0.0,0.0,0.0
2018,RS,PSC,top_necr,eleicao,9,1.0,0.0,0.0,0.0
2018,RS,PSC,nucleo_80,competitividade,9,1.0,0.0,0.0,0.0
2018,RS,PSC,nucleo_80,eleicao,9,1.0,0.0,0.0,0.0
2018,RS,PSC,acima_divisao_igual,competitividade,9,1.0,0.0,0.0,0.0
2018,RS,PSC,acima_divisao_igual,eleicao,9,1.0,0.0,0.0,0.0
2018,RS,PSD,top_necr,competitividade,17,3.0,1.0,1.0,0.17647058823529413
2018,RS,PSD,top_necr,eleicao,17,3.0,1.0,1.0,0.17647058823529413
2018,RS,PSD,nucleo_80,competitividade,17,4.999999999999999,1.0,1.0,0.2941176470588235
2018,RS,PSD,nucleo_80,eleicao,17,4.999999999999999,1.0,1.0,0.2941176470588235
2018,RS,PSD,acima_divisao_igual,competitividade,17,2.0,1.0,1.0,0.11764705882352941
2018,RS,PSD,acima_divisao_igual,eleicao,17,2.0,1.0,1.0,0.11764705882352941
2018,RS,PSDB,top_necr,competitividade,7,2.0,3.0,2.0,0.8571428571428571
2018,RS,PSDB,top_necr,eleicao,7,2.0,2.0,1.0,0.5714285714285714
2018,RS,PSDB,nucleo_80,competitividade,7,2.0,3.0,2.0,0.8571428571428571
2018,RS,PSDB,nucleo_80,eleicao,7,2.0,2.0,1.0,0.5714285714285714
2018,RS,PSDB,acima_divisao_igual,competitividade,7,2.0,3.0,2.0,0.8571428571428571
2018,RS,PSDB,acima_divisao_igual,eleicao,7,2.0,2.0,1.0,0.5714285714285714
2018,RS,PSL,top_necr,competitividade,21,5.0,0.0,0.0,0.0
2018,RS,PSL,top_necr,eleicao,21,5.0,3.0,0.0,0.7142857142857143
2018,RS,PSL,nucleo_80,competitividade,21,4.0,0.0,0.0,0.0
2018,RS,PSL,nucleo_80,eleicao,21,4.0,3.0,0.0,0.5714285714285714
2018,RS,PSL,acima_divisao_igual,competitividade,21,5.0,0.0,0.0,0.0
2018,RS,PSL,acima_divisao_igual,eleicao,21,5.0,3.0,0.0,0.7142857142857143
2018,RS,PSOL,top_necr,competitividade,39,4.0,0.0,0.0,0.0
2018,RS,PSOL,top_necr,eleicao,39,4.0,1.0,1.0,0.10256410256410256
2018,RS,PSOL,nucleo_80,competitividade,39,8.0,0.0,0.0,0.0
2018,RS,PSOL,nucleo_80,eleicao,39,8.0,1.0,1.0,0.20512820512820512
2018,RS,PSOL,acima_divisao_igual,competitividade,39,6.0,0.0,0.0,0.0
2018,RS,PSOL,acima_divisao_igual,eleicao,39,6.0,1.0,1.0,0.15384615384615385
2018,RS,PSTU,top_necr,competitividade,4,0.0,0.0,0.0,0.0
2018,RS,PSTU,top_necr,eleicao,4,0.0,0.0,0.0,0.0
2018,RS,PSTU,nucleo_80,competitividade,4,0.0,0.0,0.0,0.0
2018,RS,PSTU,nucleo_80,eleicao,4,0.0,0.0,0.0,0.0
2018,RS,PSTU,acima_divisao_igual,competitividade,4,0.0,0.0,0.0,0.0
2018,RS,PSTU,acima_divisao_igual,eleicao,4,0.0,0.0,0.0,0.0
2018,RS,PT,top_necr,competitividade,20,9.0,7.0,6.0,3.15
2018,RS,PT,top_necr,eleicao,20,9.0,5.0,5.0,2.25
2018,RS,PT,nucleo_80,competitividade,20,7.0,7.0,6.0,2.45
2018,RS,PT,nucleo_80,eleicao,20,7.0,5.0,5.0,1.75
2018,RS,PT,acima_divisao_igual,competitividade,20,8.0,7.0,6.0,2.8
2018,RS,PT,acima_divisao_igual,eleicao,20,8.0,5.0,5.0,2.0
2018,RS,PTB,top_necr,competitividade,9,5.0,5.0,5.0,2.7777777777777777
2018,RS,PTB,top_necr,eleicao,9,5.0,2.0,2.0,1.1111111111111112
2018,RS,PTB,nucleo_80,competitividade,9,4.0,5.0,4.0,2.2222222222222223
2018,RS,PTB,nucleo_80,eleicao,9,4.0,2.0,2.0,0.8888888888888888
2018,RS,PTB,acima_divisao_igual,competitividade,9,4.0,5.0,4.0,2.2222222222222223
2018,RS,PTB,acima_divisao_igual,eleicao,9,4.0,2.0,2.0,0.8888888888888888
2018,RS,PTC,top_necr,competitividade,7,6.0,0.0,0.0,0.0
2018,RS,PTC,top_necr,eleicao,7,6.0,0.0,0.0,0.0
2018,RS,PTC,nucleo_80,competitividade,7,5.0,0.0,0.0,0.0
2018,RS,PTC,nucleo_80,eleicao,7,5.0,0.0,0.0,0.0
2018,RS,PTC,acima_divisao_igual,competitividade,7,6.0,0.0,0.0,0.0
2018,RS,PTC,acima_divisao_igual,eleicao,7,6.0,0.0,0.0,0.0
2018,RS,PV,top_necr,competitividade,1,1.0,1.0,1.0,1.0
2018,RS,PV,top_necr,eleicao,1,1.0,0.0,0.0,0.0
2018,RS,PV,nucleo_80,competitividade,1,1.0,1.0,1.0,1.0
2018,RS,PV,nucleo_80,eleicao,1,1.0,0.0,0.0,0.0
2018,RS,PV,acima_divisao_igual,competitividade,1,0.0,1.0,0.0,0.0
2018,RS,PV,acima_divisao_igual,eleicao,1,0.0,0.0,0.0,0.0
2018,RS,REDE,top_necr,competitividade,6,1.0,1.0,1.0,0.16666666666666666
2018,RS,REDE,top_necr,eleicao,6,1.0,0.0,0.0,0.0
2018,RS,REDE,nucleo_80,competitividade,6,1.0,1.0,1.0,0.16666666666666666
2018,RS,REDE,nucleo_80,eleicao,6,1.0,0.0,0.0,0.0
2018,RS,REDE,acima_divisao_igual,competitividade,6,1.0,1.0,1.0,0.16666666666666666
2018,RS,REDE,acima_divisao_igual,eleicao,6,1.0,0.0,0.0,0.0
2018,RS,SOLIDARIEDADE,top_necr,competitividade,2,2.0,1.0,1.0,1.0
2018,RS,SOLIDARIEDADE,top_necr,eleicao,2,2.0,0.0,0.0,0.0
2018,RS,SOLIDARIEDADE,nucleo_80,competitividade,2,2.0,1.0,1.0,1.0
2018,RS,SOLIDARIEDADE,nucleo_80,eleicao,2,2.0,0.0,0.0,0.0
2018,RS,SOLIDARIEDADE,acima_divisao_igual,competitividade,2,1.0,1.0,1.0,0.5
2018,RS,SOLIDARIEDADE,acima_divisao_igual,eleicao,2,1.0,0.0,0.0,0.0
2018,SC,AVANTE,top_necr,competitividade,9,2.0,0.0,0.0,0.0
2018,SC,AVANTE,top_necr,eleicao,9,2.0,0.0,0.0,0.0
2018,SC,AVANTE,nucleo_80,competitividade,9,2.0,0.0,0.0,0.0
2018,SC,AVANTE,nucleo_80,eleicao,9,2.0,0.0,0.0,0.0
2018,SC,AVANTE,acima_divisao_igual,competitividade,9,2.0,0.0,0.0,0.0
2018,SC,AVANTE,acima_divisao_igual,eleicao,9,2.0,0.0,0.0,0.0
2018,SC,DC,top_necr,competitividade,1,1.0,0.0,0.0,0.0
2018,SC,DC,top_necr,eleicao,1,1.0,0.0,0.0,0.0
2018,SC,DC,nucleo_80,competitividade,1,1.0,0.0,0.0,0.0
2018,SC,DC,nucleo_80,eleicao,1,1.0,0.0,0.0,0.0
2018,SC,DC,acima_divisao_igual,competitividade,1,0.0,0.0,0.0,0.0
2018,SC,DC,acima_divisao_igual,eleicao,1,0.0,0.0,0.0,0.0
2018,SC,DEM,top_necr,competitividade,2,2.0,0.0,0.0,0.0
2018,SC,DEM,top_necr,eleicao,2,2.0,0.0,0.0,0.0
2018,SC,DEM,nucleo_80,competitividade,2,2.0,0.0,0.0,0.0
2018,SC,DEM,nucleo_80,eleicao,2,2.0,0.0,0.0,0.0
2018,SC,DEM,acima_divisao_igual,competitividade,2,1.0,0.0,0.0,0.0
2018,SC,DEM,acima_divisao_igual,eleicao,2,1.0,0.0,0.0,0.0
2018,SC,MDB,top_necr,competitividade,15,6.0,6.0,6.0,2.4
2018,SC,MDB,top_necr,eleicao,15,6.0,3.0,3.0,1.2
2018,SC,MDB,nucleo_80,competitividade,15,5.0,6.0,5.0,2.0
2018,SC,MDB,nucleo_80,eleicao,15,5.0,3.0,2.0,1.0
2018,SC,MDB,acima_divisao_igual,competitividade,15,5.0,6.0,5.0,2.0
2018,SC,MDB,acima_divisao_igual,eleicao,15,5.0,3.0,2.0,1.0
2018,SC,NOVO,top_necr,competitividade,16,10.0,0.0,0.0,0.0
2018,SC,NOVO,top_necr,eleicao,16,10.0,1.0,1.0,0.625
2018,SC,NOVO,nucleo_80,competitividade,16,9.0,0.0,0.0,0.0
2018,SC,NOVO,nucleo_80,eleicao,16,9.0,1.0,1.0,0.5625
2018,SC,NOVO,acima_divisao_igual,competitividade,16,6.0,0.0,0.0,0.0
2018,SC,NOVO,acima_divisao_igual,eleicao,16,6.0,1.0,0.0,0.375
2018,SC,PATRI,top_necr,competitividade,16,8.0,0.0,0.0,0.0
2018,SC,PATRI,top_necr,eleicao,16,8.0,0.0,0.0,0.0
2018,SC,PATRI,nucleo_80,competitividade,16,10.0,0.0,0.0,0.0
2018,SC,PATRI,nucleo_80,eleicao,16,10.0,0.0,0.0,0.0
2018,SC,PATRI,acima_divisao_igual,competitividade,16,4.0,0.0,0.0,0.0
2018,SC,PATRI,acima_divisao_igual,eleicao,16,4.0,0.0,0.0,0.0
2018,SC,PC DO B,top_necr,competitividade,1,1.0,1.0,1.0,1.0
2018,SC,PC DO B,top_necr,eleicao,1,1.0,0.0,0.0,0.0
2018,SC,PC DO B,nucleo_80,competitividade,1,1.0,1.0,1.0,1.0
2018,SC,PC DO B,nucleo_80,eleicao,1,1.0,0.0,0.0,0.0
2018,SC,PC DO B,acima_divisao_igual,competitividade,1,0.0,1.0,0.0,0.0
2018,SC,PC DO B,acima_divisao_igual,eleicao,1,0.0,0.0,0.0,0.0
2018,SC,PCB,top_necr,competitividade,3,2.0,0.0,0.0,0.0
2018,SC,PCB,top_necr,eleicao,3,2.0,0.0,0.0,0.0
2018,SC,PCB,nucleo_80,competitividade,3,2.0,0.0,0.0,0.0
2018,SC,PCB,nucleo_80,eleicao,3,2.0,0.0,0.0,0.0
2018,SC,PCB,acima_divisao_igual,competitividade,3,2.0,0.0,0.0,0.0
2018,SC,PCB,acima_divisao_igual,eleicao,3,2.0,0.0,0.0,0.0
2018,SC,PDT,top_necr,competitividade,1,1.0,1.0,1.0,1.0
2018,SC,PDT,top_necr,eleicao,1,1.0,0.0,0.0,0.0
2018,SC,PDT,nucleo_80,competitividade,1,1.0,1.0,1.0,1.0
2018,SC,PDT,nucleo_80,eleicao,1,1.0,0.0,0.0,0.0
2018,SC,PDT,acima_divisao_igual,competitividade,1,0.0,1.0,0.0,0.0
2018,SC,PDT,acima_divisao_igual,eleicao,1,0.0,0.0,0.0,0.0
2018,SC,PHS,top_necr,competitividade,2,0.0,0.0,0.0,0.0
2018,SC,PHS,top_necr,eleicao,2,0.0,0.0,0.0,0.0
2018,SC,PHS,nucleo_80,competitividade,2,0.0,0.0,0.0,0.0
2018,SC,PHS,nucleo_80,eleicao,2,0.0,0.0,0.0,0.0
2018,SC,PHS,acima_divisao_igual,competitividade,2,0.0,0.0,0.0,0.0
2018,SC,PHS,acima_divisao_igual,eleicao,2,0.0,0.0,0.0,0.0
2018,SC,PMN,top_necr,competitividade,5,2.0,0.0,0.0,0.0
2018,SC,PMN,top_necr,eleicao,5,2.0,0.0,0.0,0.0
2018,SC,PMN,nucleo_80,competitividade,5,2.0,0.0,0.0,0.0
2018,SC,PMN,nucleo_80,eleicao,5,2.0,0.0,0.0,0.0
2018,SC,PMN,acima_divisao_igual,competitividade,5,2.0,0.0,0.0,0.0
2018,SC,PMN,acima_divisao_igual,eleicao,5,2.0,0.0,0.0,0.0
2018,SC,PODE,top_necr,competitividade,5,1.0,0.0,0.0,0.0
2018,SC,PODE,top_necr,eleicao,5,1.0,0.0,0.0,0.0
2018,SC,PODE,nucleo_80,competitividade,5,1.0,0.0,0.0,0.0
2018,SC,PODE,nucleo_80,eleicao,5,1.0,0.0,0.0,0.0
2018,SC,PODE,acima_divisao_igual,competitividade,5,1.0,0.0,0.0,0.0
2018,SC,PODE,acima_divisao_igual,eleicao,5,1.0,0.0,0.0,0.0
2018,SC,PP,top_necr,competitividade,9,4.0,3.0,3.0,1.3333333333333333
2018,SC,PP,top_necr,eleicao,9,4.0,1.0,1.0,0.4444444444444444
2018,SC,PP,nucleo_80,competitividade,9,3.0,3.0,3.0,1.0
2018,SC,PP,nucleo_80,eleicao,9,3.0,1.0,1.0,0.3333333333333333
2018,SC,PP,acima_divisao_igual,competitividade,9,3.0,3.0,3.0,1.0
2018,SC,PP,acima_divisao_igual,eleicao,9,3.0,1.0,1.0,0.3333333333333333
2018,SC,PPL,top_necr,competitividade,2,1.0,0.0,0.0,0.0
2018,SC,PPL,top_necr,eleicao,2,1.0,0.0,0.0,0.0
2018,SC,PPL,nucleo_80,competitividade,2,1.0,0.0,0.0,0.0
2018,SC,PPL,nucleo_80,eleicao,2,1.0,0.0,0.0,0.0
2018,SC,PPL,acima_divisao_igual,competitividade,2,1.0,0.0,0.0,0.0
2018,SC,PPL,acima_divisao_igual,eleicao,2,1.0,0.0,0.0,0.0
2018,SC,PPS,top_necr,competitividade,2,1.0,1.0,1.0,0.5
2018,SC,PPS,top_necr,eleicao,2,1.0,1.0,1.0,0.5
2018,SC,PPS,nucleo_80,competitividade,2,1.0,1.0,1.0,0.5
2018,SC,PPS,nucleo_80,eleicao,2,1.0,1.0,1.0,0.5
2018,SC,PPS,acima_divisao_igual,competitividade,2,1.0,1.0,1.0,0.5
2018,SC,PPS,acima_divisao_igual,eleicao,2,1.0,1.0,1.0,0.5
2018,SC,PR,top_necr,competitividade,1,1.0,0.0,0.0,0.0
2018,SC,PR,top_necr,eleicao,1,1.0,0.0,0.0,0.0
2018,SC,PR,nucleo_80,competitividade,1,1.0,0.0,0.0,0.0
2018,SC,PR,nucleo_80,eleicao,1,1.0,0.0,0.0,0.0
2018,SC,PR,acima_divisao_igual,competitividade,1,0.0,0.0,0.0,0.0
2018,SC,PR,acima_divisao_igual,eleicao,1,0.0,0.0,0.0,0.0
2018,SC,PRB,top_necr,competitividade,5,2.0,0.0,0.0,0.0
2018,SC,PRB,top_necr,eleicao,5,2.0,1.0,1.0,0.4
2018,SC,PRB,nucleo_80,competitividade,5,2.0,0.0,0.0,0.0
2018,SC,PRB,nucleo_80,eleicao,5,2.0,1.0,1.0,0.4
2018,SC,PRB,acima_divisao_igual,competitividade,5,2.0,0.0,0.0,0.0
2018,SC,PRB,acima_divisao_igual,eleicao,5,2.0,1.0,1.0,0.4
2018,SC,PROS,top_necr,competitividade,2,1.0,1.0,1.0,0.5
2018,SC,PROS,top_necr,eleicao,2,1.0,0.0,0.0,0.0
2018,SC,PROS,nucleo_80,competitividade,2,1.0,1.0,1.0,0.5
2018,SC,PROS,nucleo_80,eleicao,2,1.0,0.0,0.0,0.0
2018,SC,PROS,acima_divisao_igual,competitividade,2,1.0,1.0,1.0,0.5
2018,SC,PROS,acima_divisao_igual,eleicao,2,1.0,0.0,0.0,0.0
2018,SC,PRP,top_necr,competitividade,9,3.0,0.0,0.0,0.0
2018,SC,PRP,top_necr,eleicao,9,3.0,0.0,0.0,0.0
2018,SC,PRP,nucleo_80,competitividade,9,3.0,0.0,0.0,0.0
2018,SC,PRP,nucleo_80,eleicao,9,3.0,0.0,0.0,0.0
2018,SC,PRP,acima_divisao_igual,competitividade,9,2.0,0.0,0.0,0.0
2018,SC,PRP,acima_divisao_igual,eleicao,9,2.0,0.0,0.0,0.0
2018,SC,PRTB,top_necr,competitividade,5,2.0,0.0,0.0,0.0
2018,SC,PRTB,top_necr,eleicao,5,2.0,0.0,0.0,0.0
2018,SC,PRTB,nucleo_80,competitividade,5,3.0,0.0,0.0,0.0
2018,SC,PRTB,nucleo_80,eleicao,5,3.0,0.0,0.0,0.0
2018,SC,PRTB,acima_divisao_igual,competitividade,5,1.0,0.0,0.0,0.0
2018,SC,PRTB,acima_divisao_igual,eleicao,5,1.0,0.0,0.0,0.0
2018,SC,PSB,top_necr,competitividade,13,4.0,0.0,0.0,0.0
2018,SC,PSB,top_necr,eleicao,13,4.0,1.0,1.0,0.3076923076923077
2018,SC,PSB,nucleo_80,competitividade,13,4.0,0.0,0.0,0.0
2018,SC,PSB,nucleo_80,eleicao,13,4.0,1.0,1.0,0.3076923076923077
2018,SC,PSB,acima_divisao_igual,competitividade,13,3.0,0.0,0.0,0.0
2018,SC,PSB,acima_divisao_igual,eleicao,13,3.0,1.0,1.0,0.23076923076923078
2018,SC,PSC,top_necr,competitividade,1,1.0,0.0,0.0,0.0
2018,SC,PSC,top_necr,eleicao,1,1.0,0.0,0.0,0.0
2018,SC,PSC,nucleo_80,competitividade,1,1.0,0.0,0.0,0.0
2018,SC,PSC,nucleo_80,eleicao,1,1.0,0.0,0.0,0.0
2018,SC,PSC,acima_divisao_igual,competitividade,1,0.0,0.0,0.0,0.0
2018,SC,PSC,acima_divisao_igual,eleicao,1,0.0,0.0,0.0,0.0
2018,SC,PSD,top_necr,competitividade,9,3.0,3.0,3.0,1.0
2018,SC,PSD,top_necr,eleicao,9,3.0,2.0,2.0,0.6666666666666666
2018,SC,PSD,nucleo_80,competitividade,9,3.0,3.0,3.0,1.0
2018,SC,PSD,nucleo_80,eleicao,9,3.0,2.0,2.0,0.6666666666666666
2018,SC,PSD,acima_divisao_igual,competitividade,9,3.0,3.0,3.0,1.0
2018,SC,PSD,acima_divisao_igual,eleicao,9,3.0,2.0,2.0,0.6666666666666666
2018,SC,PSDB,top_necr,competitividade,17,4.0,3.0,2.0,0.7058823529411765
2018,SC,PSDB,top_necr,eleicao,17,4.0,1.0,1.0,0.23529411764705882
2018,SC,PSDB,nucleo_80,competitividade,17,5.0,3.0,3.0,0.8823529411764706
2018,SC,PSDB,nucleo_80,eleicao,17,5.0,1.0,1.0,0.29411764705882354
2018,SC,PSDB,acima_divisao_igual,competitividade,17,4.0,3.0,2.0,0.7058823529411765
2018,SC,PSDB,acima_divisao_igual,eleicao,17,4.0,1.0,1.0,0.23529411764705882
2018,SC,PSL,top_necr,competitividade,19,12.0,0.0,0.0,0.0
2018,SC,PSL,top_necr,eleicao,19,12.0,4.0,2.5,2.526315789473684
2018,SC,PSL,nucleo_80,competitividade,19,10.0,0.0,0.0,0.0
2018,SC,PSL,nucleo_80,eleicao,19,10.0,4.0,2.0,2.1052631578947367
2018,SC,PSL,acima_divisao_igual,competitividade,19,6.0,0.0,0.0,0.0
2018,SC,PSL,acima_divisao_igual,eleicao,19,6.0,4.0,1.0,1.263157894736842
2018,SC,PSOL,top_necr,competitividade,16,5.0,2.0,1.0,0.625
2018,SC,PSOL,top_necr,eleicao,16,5.0,0.0,0.0,0.0
2018,SC,PSOL,nucleo_80,competitividade,16,8.0,2.0,1.0,1.0
2018,SC,PSOL,nucleo_80,eleicao,16,8.0,0.0,0.0,0.0
2018,SC,PSOL,acima_divisao_igual,competitividade,16,2.0,2.0,1.0,0.25
2018,SC,PSOL,acima_divisao_igual,eleicao,16,2.0,0.0,0.0,0.0
2018,SC,PSTU,top_necr,competitividade,2,0.0,0.0,0.0,0.0
2018,SC,PSTU,top_necr,eleicao,2,0.0,0.0,0.0,0.0
2018,SC,PSTU,nucleo_80,competitividade,2,0.0,0.0,0.0,0.0
2018,SC,PSTU,nucleo_80,eleicao,2,0.0,0.0,0.0,0.0
2018,SC,PSTU,acima_divisao_igual,competitividade,2,0.0,0.0,0.0,0.0
2018,SC,PSTU,acima_divisao_igual,eleicao,2,0.0,0.0,0.0,0.0
2018,SC,PT,top_necr,competitividade,11,5.0,5.0,4.0,2.272727272727273
2018,SC,PT,top_necr,eleicao,11,5.0,1.0,1.0,0.45454545454545453
2018,SC,PT,nucleo_80,competitividade,11,5.0,5.0,4.0,2.272727272727273
2018,SC,PT,nucleo_80,eleicao,11,5.0,1.0,1.0,0.45454545454545453
2018,SC,PT,acima_divisao_igual,competitividade,11,5.0,5.0,4.0,2.272727272727273
2018,SC,PT,acima_divisao_igual,eleicao,11,5.0,1.0,1.0,0.45454545454545453
2018,SC,PTB,top_necr,competitividade,1,1.0,0.0,0.0,0.0
2018,SC,PTB,top_necr,eleicao,1,1.0,0.0,0.0,0.0
2018,SC,PTB,nucleo_80,competitividade,1,1.0,0.0,0.0,0.0
2018,SC,PTB,nucleo_80,eleicao,1,1.0,0.0,0.0,0.0
2018,SC,PTB,acima_divisao_igual,competitividade,1,0.0,0.0,0.0,0.0
2018,SC,PTB,acima_divisao_igual,eleicao,1,0.0,0.0,0.0,0.0
2018,SC,PTC,top_necr,competitividade,21,1.0,0.0,0.0,0.0
2018,SC,PTC,top_necr,eleicao,21,1.0,0.0,0.0,0.0
2018,SC,PTC,nucleo_80,competitividade,21,1.0,0.0,0.0,0.0
2018,SC,PTC,nucleo_80,eleicao,21,1.0,0.0,0.0,0.0
2018,SC,PTC,acima_divisao_igual,competitividade,21,1.0,0.0,0.0,0.0
2018,SC,PTC,acima_divisao_igual,eleicao,21,1.0,0.0,0.0,0.0
2018,SC,PV,top_necr,competitividade,4,1.0,0.0,0.0,0.0
2018,SC,PV,top_necr,eleicao,4,1.0,0.0,0.0,0.0
2018,SC,PV,nucleo_80,competitividade,4,1.0,0.0,0.0,0.0
2018,SC,PV,nucleo_80,eleicao,4,1.0,0.0,0.0,0.0
2018,SC,PV,acima_divisao_igual,competitividade,4,1.0,0.0,0.0,0.0
2018,SC,PV,acima_divisao_igual,eleicao,4,1.0,0.0,0.0,0.0
2018,SC,REDE,top_necr,competitividade,6,2.0,0.0,0.0,0.0
2018,SC,REDE,top_necr,eleicao,6,2.0,0.0,0.0,0.0
2018,SC,REDE,nucleo_80,competitividade,6,2.0,0.0,0.0,0.0
2018,SC,REDE,nucleo_80,eleicao,6,2.0,0.0,0.0,0.0
2018,SC,REDE,acima_divisao_igual,competitividade,6,2.0,0.0,0.0,0.0
2018,SC,REDE,acima_divisao_igual,eleicao,6,2.0,0.0,0.0,0.0
2018,SC,SOLIDARIEDADE,top_necr,competitividade,1,1.0,1.0,1.0,1.0
2018,SC,SOLIDARIEDADE,top_necr,eleicao,1,1.0,0.0,0.0,0.0
2018,SC,SOLIDARIEDADE,nucleo_80,competitividade,1,1.0,1.0,1.0,1.0
2018,SC,SOLIDARIEDADE,nucleo_80,eleicao,1,1.0,0.0,0.0,0.0
2018,SC,SOLIDARIEDADE,acima_divisao_igual,competitividade,1,0.0,1.0,0.0,0.0
2018,SC,SOLIDARIEDADE,acima_divisao_igual,eleicao,1,0.0,0.0,0.0,0.0
2018,SE,AVANTE,top_necr,competitividade,6,3.9999999999999996,2.0,1.0,1.3333333333333333
2018,SE,AVANTE,top_necr,eleicao,6,3.9999999999999996,0.0,0.0,0.0
2018,SE,AVANTE,nucleo_80,competitividade,6,3.9999999999999996,2.0,1.0,1.3333333333333333
2018,SE,AVANTE,nucleo_80,eleicao,6,3.9999999999999996,0.0,0.0,0.0
2018,SE,AVANTE,acima_divisao_igual,competitividade,6,2.0,2.0,1.0,0.6666666666666666
2018,SE,AVANTE,acima_divisao_igual,eleicao,6,2.0,0.0,0.0,0.0
2018,SE,DC,top_necr,competitividade,3,1.0,0.0,0.0,0.0
2018,SE,DC,top_necr,eleicao,3,1.0,0.0,0.0,0.0
2018,SE,DC,nucleo_80,competitividade,3,1.0,0.0,0.0,0.0
2018,SE,DC,nucleo_80,eleicao,3,1.0,0.0,0.0,0.0
2018,SE,DC,acima_divisao_igual,competitividade,3,1.0,0.0,0.0,0.0
2018,SE,DC,acima_divisao_igual,eleicao,3,1.0,0.0,0.0,0.0
2018,SE,DEM,top_necr,competitividade,5,0.0,0.0,0.0,0.0
2018,SE,DEM,top_necr,eleicao,5,0.0,0.0,0.0,0.0
2018,SE,DEM,nucleo_80,competitividade,5,0.0,0.0,0.0,0.0
2018,SE,DEM,nucleo_80,eleicao,5,0.0,0.0,0.0,0.0
2018,SE,DEM,acima_divisao_igual,competitividade,5,0.0,0.0,0.0,0.0
2018,SE,DEM,acima_divisao_igual,eleicao,5,0.0,0.0,0.0,0.0
2018,SE,MDB,top_necr,competitividade,3,1.0,1.0,1.0,0.3333333333333333
2018,SE,MDB,top_necr,eleicao,3,1.0,1.0,1.0,0.3333333333333333
2018,SE,MDB,nucleo_80,competitividade,3,1.0,1.0,1.0,0.3333333333333333
2018,SE,MDB,nucleo_80,eleicao,3,1.0,1.0,1.0,0.3333333333333333
2018,SE,MDB,acima_divisao_igual,competitividade,3,1.0,1.0,1.0,0.3333333333333333
2018,SE,MDB,acima_divisao_igual,eleicao,3,1.0,1.0,1.0,0.3333333333333333
2018,SE,NOVO,top_necr,competitividade,2,2.0,0.0,0.0,0.0
2018,SE,NOVO,top_necr,eleicao,2,2.0,0.0,0.0,0.0
2018,SE,NOVO,nucleo_80,competitividade,2,2.0,0.0,0.0,0.0
2018,SE,NOVO,nucleo_80,eleicao,2,2.0,0.0,0.0,0.0
2018,SE,NOVO,acima_divisao_igual,competitividade,2,0.0,0.0,0.0,0.0
2018,SE,NOVO,acima_divisao_igual,eleicao,2,0.0,0.0,0.0,0.0
2018,SE,PATRI,top_necr,competitividade,2,1.0,0.0,0.0,0.0
2018,SE,PATRI,top_necr,eleicao,2,1.0,0.0,0.0,0.0
2018,SE,PATRI,nucleo_80,competitividade,2,1.0,0.0,0.0,0.0
2018,SE,PATRI,nucleo_80,eleicao,2,1.0,0.0,0.0,0.0
2018,SE,PATRI,acima_divisao_igual,competitividade,2,1.0,0.0,0.0,0.0
2018,SE,PATRI,acima_divisao_igual,eleicao,2,1.0,0.0,0.0,0.0
2018,SE,PC DO B,top_necr,competitividade,2,1.0,0.0,0.0,0.0
2018,SE,PC DO B,top_necr,eleicao,2,1.0,0.0,0.0,0.0
2018,SE,PC DO B,nucleo_80,competitividade,2,1.0,0.0,0.0,0.0
2018,SE,PC DO B,nucleo_80,eleicao,2,1.0,0.0,0.0,0.0
2018,SE,PC DO B,acima_divisao_igual,competitividade,2,1.0,0.0,0.0,0.0
2018,SE,PC DO B,acima_divisao_igual,eleicao,2,1.0,0.0,0.0,0.0
2018,SE,PCB,top_necr,competitividade,1,0.0,0.0,0.0,0.0
2018,SE,PCB,top_necr,eleicao,1,0.0,0.0,0.0,0.0
2018,SE,PCB,nucleo_80,competitividade,1,0.0,0.0,0.0,0.0
2018,SE,PCB,nucleo_80,eleicao,1,0.0,0.0,0.0,0.0
2018,SE,PCB,acima_divisao_igual,competitividade,1,0.0,0.0,0.0,0.0
2018,SE,PCB,acima_divisao_igual,eleicao,1,0.0,0.0,0.0,0.0
2018,SE,PDT,top_necr,competitividade,3,2.0,0.0,0.0,0.0
2018,SE,PDT,top_necr,eleicao,3,2.0,1.0,1.0,0.6666666666666666
2018,SE,PDT,nucleo_80,competitividade,3,2.0,0.0,0.0,0.0
2018,SE,PDT,nucleo_80,eleicao,3,2.0,1.0,1.0,0.6666666666666666
2018,SE,PDT,acima_divisao_igual,competitividade,3,1.0,0.0,0.0,0.0
2018,SE,PDT,acima_divisao_igual,eleicao,3,1.0,1.0,1.0,0.3333333333333333
2018,SE,PHS,top_necr,competitividade,3,3.0,0.0,0.0,0.0
2018,SE,PHS,top_necr,eleicao,3,3.0,0.0,0.0,0.0
2018,SE,PHS,nucleo_80,competitividade,3,3.0,0.0,0.0,0.0
2018,SE,PHS,nucleo_80,eleicao,3,3.0,0.0,0.0,0.0
2018,SE,PHS,acima_divisao_igual,competitividade,3,1.0,0.0,0.0,0.0
2018,SE,PHS,acima_divisao_igual,eleicao,3,1.0,0.0,0.0,0.0
2018,SE,PMN,top_necr,competitividade,4,1.0,0.0,0.0,0.0
2018,SE,PMN,top_necr,eleicao,4,1.0,0.0,0.0,0.0
2018,SE,PMN,nucleo_80,competitividade,4,1.0,0.0,0.0,0.0
2018,SE,PMN,nucleo_80,eleicao,4,1.0,0.0,0.0,0.0
2018,SE,PMN,acima_divisao_igual,competitividade,4,1.0,0.0,0.0,0.0
2018,SE,PMN,acima_divisao_igual,eleicao,4,1.0,0.0,0.0,0.0
2018,SE,PODE,top_necr,competitividade,4,0.0,0.0,0.0,0.0
2018,SE,PODE,top_necr,eleicao,4,0.0,0.0,0.0,0.0
2018,SE,PODE,nucleo_80,competitividade,4,0.0,0.0,0.0,0.0
2018,SE,PODE,nucleo_80,eleicao,4,0.0,0.0,0.0,0.0
2018,SE,PODE,acima_divisao_igual,competitividade,4,0.0,0.0,0.0,0.0
2018,SE,PODE,acima_divisao_igual,eleicao,4,0.0,0.0,0.0,0.0
2018,SE,PP,top_necr,competitividade,1,1.0,1.0,1.0,1.0
2018,SE,PP,top_necr,eleicao,1,1.0,1.0,1.0,1.0
2018,SE,PP,nucleo_80,competitividade,1,1.0,1.0,1.0,1.0
2018,SE,PP,nucleo_80,eleicao,1,1.0,1.0,1.0,1.0
2018,SE,PP,acima_divisao_igual,competitividade,1,0.0,1.0,0.0,0.0
2018,SE,PP,acima_divisao_igual,eleicao,1,0.0,1.0,0.0,0.0
2018,SE,PPL,top_necr,competitividade,3,2.0,0.0,0.0,0.0
2018,SE,PPL,top_necr,eleicao,3,2.0,0.0,0.0,0.0
2018,SE,PPL,nucleo_80,competitividade,3,2.0,0.0,0.0,0.0
2018,SE,PPL,nucleo_80,eleicao,3,2.0,0.0,0.0,0.0
2018,SE,PPL,acima_divisao_igual,competitividade,3,2.0,0.0,0.0,0.0
2018,SE,PPL,acima_divisao_igual,eleicao,3,2.0,0.0,0.0,0.0
2018,SE,PPS,top_necr,competitividade,2,1.0,0.0,0.0,0.0
2018,SE,PPS,top_necr,eleicao,2,1.0,0.0,0.0,0.0
2018,SE,PPS,nucleo_80,competitividade,2,1.0,0.0,0.0,0.0
2018,SE,PPS,nucleo_80,eleicao,2,1.0,0.0,0.0,0.0
2018,SE,PPS,acima_divisao_igual,competitividade,2,1.0,0.0,0.0,0.0
2018,SE,PPS,acima_divisao_igual,eleicao,2,1.0,0.0,0.0,0.0
2018,SE,PR,top_necr,competitividade,4,2.0,2.0,2.0,1.0
2018,SE,PR,top_necr,eleicao,4,2.0,1.0,1.0,0.5
2018,SE,PR,nucleo_80,competitividade,4,2.0,2.0,2.0,1.0
2018,SE,PR,nucleo_80,eleicao,4,2.0,1.0,1.0,0.5
2018,SE,PR,acima_divisao_igual,competitividade,4,2.0,2.0,2.0,1.0
2018,SE,PR,acima_divisao_igual,eleicao,4,2.0,1.0,1.0,0.5
2018,SE,PRB,top_necr,competitividade,2,1.0,1.0,1.0,0.5
2018,SE,PRB,top_necr,eleicao,2,1.0,0.0,0.0,0.0
2018,SE,PRB,nucleo_80,competitividade,2,1.0,1.0,1.0,0.5
2018,SE,PRB,nucleo_80,eleicao,2,1.0,0.0,0.0,0.0
2018,SE,PRB,acima_divisao_igual,competitividade,2,1.0,1.0,1.0,0.5
2018,SE,PRB,acima_divisao_igual,eleicao,2,1.0,0.0,0.0,0.0
2018,SE,PROS,top_necr,competitividade,1,1.0,0.0,0.0,0.0
2018,SE,PROS,top_necr,eleicao,1,1.0,0.0,0.0,0.0
2018,SE,PROS,nucleo_80,competitividade,1,1.0,0.0,0.0,0.0
2018,SE,PROS,nucleo_80,eleicao,1,1.0,0.0,0.0,0.0
2018,SE,PROS,acima_divisao_igual,competitividade,1,0.0,0.0,0.0,0.0
2018,SE,PROS,acima_divisao_igual,eleicao,1,0.0,0.0,0.0,0.0
2018,SE,PRTB,top_necr,competitividade,3,2.0,0.0,0.0,0.0
2018,SE,PRTB,top_necr,eleicao,3,2.0,0.0,0.0,0.0
2018,SE,PRTB,nucleo_80,competitividade,3,2.0,0.0,0.0,0.0
2018,SE,PRTB,nucleo_80,eleicao,3,2.0,0.0,0.0,0.0
2018,SE,PRTB,acima_divisao_igual,competitividade,3,2.0,0.0,0.0,0.0
2018,SE,PRTB,acima_divisao_igual,eleicao,3,2.0,0.0,0.0,0.0
2018,SE,PSB,top_necr,competitividade,6,2.0,0.0,0.0,0.0
2018,SE,PSB,top_necr,eleicao,6,2.0,0.0,0.0,0.0
2018,SE,PSB,nucleo_80,competitividade,6,2.0,0.0,0.0,0.0
2018,SE,PSB,nucleo_80,eleicao,6,2.0,0.0,0.0,0.0
2018,SE,PSB,acima_divisao_igual,competitividade,6,2.0,0.0,0.0,0.0
2018,SE,PSB,acima_divisao_igual,eleicao,6,2.0,0.0,0.0,0.0
2018,SE,PSC,top_necr,competitividade,1,1.0,1.0,1.0,1.0
2018,SE,PSC,top_necr,eleicao,1,1.0,0.0,0.0,0.0
2018,SE,PSC,nucleo_80,competitividade,1,1.0,1.0,1.0,1.0
2018,SE,PSC,nucleo_80,eleicao,1,1.0,0.0,0.0,0.0
2018,SE,PSC,acima_divisao_igual,competitividade,1,0.0,1.0,0.0,0.0
2018,SE,PSC,acima_divisao_igual,eleicao,1,0.0,0.0,0.0,0.0
2018,SE,PSD,top_necr,competitividade,1,1.0,1.0,1.0,1.0
2018,SE,PSD,top_necr,eleicao,1,1.0,1.0,1.0,1.0
2018,SE,PSD,nucleo_80,competitividade,1,1.0,1.0,1.0,1.0
2018,SE,PSD,nucleo_80,eleicao,1,1.0,1.0,1.0,1.0
2018,SE,PSD,acima_divisao_igual,competitividade,1,0.0,1.0,0.0,0.0
2018,SE,PSD,acima_divisao_igual,eleicao,1,0.0,1.0,0.0,0.0
2018,SE,PSDB,top_necr,competitividade,3,2.0,1.0,1.0,0.6666666666666666
2018,SE,PSDB,top_necr,eleicao,3,2.0,0.0,0.0,0.0
2018,SE,PSDB,nucleo_80,competitividade,3,2.0,1.0,1.0,0.6666666666666666
2018,SE,PSDB,nucleo_80,eleicao,3,2.0,0.0,0.0,0.0
2018,SE,PSDB,acima_divisao_igual,competitividade,3,1.0,1.0,0.0,0.3333333333333333
2018,SE,PSDB,acima_divisao_igual,eleicao,3,1.0,0.0,0.0,0.0
2018,SE,PSL,top_necr,competitividade,8,0.0,0.0,0.0,0.0
2018,SE,PSL,top_necr,eleicao,8,0.0,0.0,0.0,0.0
2018,SE,PSL,nucleo_80,competitividade,8,0.0,0.0,0.0,0.0
2018,SE,PSL,nucleo_80,eleicao,8,0.0,0.0,0.0,0.0
2018,SE,PSL,acima_divisao_igual,competitividade,8,0.0,0.0,0.0,0.0
2018,SE,PSL,acima_divisao_igual,eleicao,8,0.0,0.0,0.0,0.0
2018,SE,PSOL,top_necr,competitividade,9,7.0,0.0,0.0,0.0
2018,SE,PSOL,top_necr,eleicao,9,7.0,0.0,0.0,0.0
2018,SE,PSOL,nucleo_80,competitividade,9,6.0,0.0,0.0,0.0
2018,SE,PSOL,nucleo_80,eleicao,9,6.0,0.0,0.0,0.0
2018,SE,PSOL,acima_divisao_igual,competitividade,9,5.0,0.0,0.0,0.0
2018,SE,PSOL,acima_divisao_igual,eleicao,9,5.0,0.0,0.0,0.0
2018,SE,PSTU,top_necr,competitividade,2,0.0,0.0,0.0,0.0
2018,SE,PSTU,top_necr,eleicao,2,0.0,0.0,0.0,0.0
2018,SE,PSTU,nucleo_80,competitividade,2,0.0,0.0,0.0,0.0
2018,SE,PSTU,nucleo_80,eleicao,2,0.0,0.0,0.0,0.0
2018,SE,PSTU,acima_divisao_igual,competitividade,2,0.0,0.0,0.0,0.0
2018,SE,PSTU,acima_divisao_igual,eleicao,2,0.0,0.0,0.0,0.0
2018,SE,PT,top_necr,competitividade,3,2.0,2.0,2.0,1.3333333333333333
2018,SE,PT,top_necr,eleicao,3,2.0,2.0,2.0,1.3333333333333333
2018,SE,PT,nucleo_80,competitividade,3,2.0,2.0,2.0,1.3333333333333333
2018,SE,PT,nucleo_80,eleicao,3,2.0,2.0,2.0,1.3333333333333333
2018,SE,PT,acima_divisao_igual,competitividade,3,2.0,2.0,2.0,1.3333333333333333
2018,SE,PT,acima_divisao_igual,eleicao,3,2.0,2.0,2.0,1.3333333333333333
2018,SE,PTB,top_necr,competitividade,2,2.0,0.0,0.0,0.0
2018,SE,PTB,top_necr,eleicao,2,2.0,0.0,0.0,0.0
2018,SE,PTB,nucleo_80,competitividade,2,2.0,0.0,0.0,0.0
2018,SE,PTB,nucleo_80,eleicao,2,2.0,0.0,0.0,0.0
2018,SE,PTB,acima_divisao_igual,competitividade,2,1.0,0.0,0.0,0.0
2018,SE,PTB,acima_divisao_igual,eleicao,2,1.0,0.0,0.0,0.0
2018,SE,PV,top_necr,competitividade,7,6.0,1.0,1.0,0.8571428571428571
2018,SE,PV,top_necr,eleicao,7,6.0,0.0,0.0,0.0
2018,SE,PV,nucleo_80,competitividade,7,5.0,1.0,1.0,0.7142857142857143
2018,SE,PV,nucleo_80,eleicao,7,5.0,0.0,0.0,0.0
2018,SE,PV,acima_divisao_igual,competitividade,7,3.0,1.0,1.0,0.42857142857142855
2018,SE,PV,acima_divisao_igual,eleicao,7,3.0,0.0,0.0,0.0
2018,SE,REDE,top_necr,competitividade,12,10.0,0.0,0.0,0.0
2018,SE,REDE,top_necr,eleicao,12,10.0,0.0,0.0,0.0
2018,SE,REDE,nucleo_80,competitividade,12,9.0,0.0,0.0,0.0
2018,SE,REDE,nucleo_80,eleicao,12,9.0,0.0,0.0,0.0
2018,SE,REDE,acima_divisao_igual,competitividade,12,4.0,0.0,0.0,0.0
2018,SE,REDE,acima_divisao_igual,eleicao,12,4.0,0.0,0.0,0.0
2018,SE,SOLIDARIEDADE,top_necr,competitividade,2,1.0,1.0,1.0,0.5
2018,SE,SOLIDARIEDADE,top_necr,eleicao,2,1.0,1.0,1.0,0.5
2018,SE,SOLIDARIEDADE,nucleo_80,competitividade,2,1.0,1.0,1.0,0.5
2018,SE,SOLIDARIEDADE,nucleo_80,eleicao,2,1.0,1.0,1.0,0.5
2018,SE,SOLIDARIEDADE,acima_divisao_igual,competitividade,2,1.0,1.0,1.0,0.5
2018,SE,SOLIDARIEDADE,acima_divisao_igual,eleicao,2,1.0,1.0,1.0,0.5
2018,SP,AVANTE,top_necr,competitividade,96,10.0,1.0,1.0,0.10416666666666667
2018,SP,AVANTE,top_necr,eleicao,96,10.0,0.0,0.0,0.0
2018,SP,AVANTE,nucleo_80,competitividade,96,43.0,1.0,1.0,0.4479166666666667
2018,SP,AVANTE,nucleo_80,eleicao,96,43.0,0.0,0.0,0.0
2018,SP,AVANTE,acima_divisao_igual,competitividade,96,20.0,1.0,1.0,0.20833333333333334
2018,SP,AVANTE,acima_divisao_igual,eleicao,96,20.0,0.0,0.0,0.0
2018,SP,DC,top_necr,competitividade,26,19.0,0.0,0.0,0.0
2018,SP,DC,top_necr,eleicao,26,19.0,0.0,0.0,0.0
2018,SP,DC,nucleo_80,competitividade,26,14.0,0.0,0.0,0.0
2018,SP,DC,nucleo_80,eleicao,26,14.0,0.0,0.0,0.0
2018,SP,DC,acima_divisao_igual,competitividade,26,12.0,0.0,0.0,0.0
2018,SP,DC,acima_divisao_igual,eleicao,26,12.0,0.0,0.0,0.0
2018,SP,DEM,top_necr,competitividade,14,7.0,4.0,4.0,2.0
2018,SP,DEM,top_necr,eleicao,14,7.0,5.0,4.0,2.5
2018,SP,DEM,nucleo_80,competitividade,14,6.0,4.0,4.0,1.7142857142857142
2018,SP,DEM,nucleo_80,eleicao,14,6.0,5.0,3.0,2.142857142857143
2018,SP,DEM,acima_divisao_igual,competitividade,14,6.0,4.0,4.0,1.7142857142857142
2018,SP,DEM,acima_divisao_igual,eleicao,14,6.0,5.0,3.0,2.142857142857143
2018,SP,MDB,top_necr,competitividade,63,9.0,4.0,4.0,0.5714285714285714
2018,SP,MDB,top_necr,eleicao,63,9.0,2.0,2.0,0.2857142857142857
2018,SP,MDB,nucleo_80,competitividade,63,10.0,4.0,4.0,0.6349206349206349
2018,SP,MDB,nucleo_80,eleicao,63,10.0,2.0,2.0,0.31746031746031744
2018,SP,MDB,acima_divisao_igual,competitividade,63,10.0,4.0,4.0,0.6349206349206349
2018,SP,MDB,acima_divisao_igual,eleicao,63,10.0,2.0,2.0,0.31746031746031744
2018,SP,NOVO,top_necr,competitividade,45,10.0,1.0,0.0,0.2222222222222222
2018,SP,NOVO,top_necr,eleicao,45,10.0,3.0,2.0,0.6666666666666666
2018,SP,NOVO,nucleo_80,competitividade,45,8.0,1.0,0.0,0.17777777777777778
2018,SP,NOVO,nucleo_80,eleicao,45,8.0,3.0,0.0,0.5333333333333333
2018,SP,NOVO,acima_divisao_igual,competitividade,45,10.0,1.0,0.0,0.2222222222222222
2018,SP,NOVO,acima_divisao_igual,eleicao,45,10.0,3.0,2.0,0.6666666666666666
2018,SP,PATRI,top_necr,competitividade,91,5.0,4.0,2.0,0.21978021978021978
2018,SP,PATRI,top_necr,eleicao,91,5.0,0.0,0.0,0.0
2018,SP,PATRI,nucleo_80,competitividade,91,10.0,4.0,2.0,0.43956043956043955
2018,SP,PATRI,nucleo_80,eleicao,91,10.0,0.0,0.0,0.0
2018,SP,PATRI,acima_divisao_igual,competitividade,91,13.0,4.0,3.0,0.5714285714285714
2018,SP,PATRI,acima_divisao_igual,eleicao,91,13.0,0.0,0.0,0.0
2018,SP,PC DO B,top_necr,competitividade,2,1.0,1.0,1.0,0.5
2018,SP,PC DO B,top_necr,eleicao,2,1.0,1.0,1.0,0.5
2018,SP,PC DO B,nucleo_80,competitividade,2,1.0,1.0,1.0,0.5
2018,SP,PC DO B,nucleo_80,eleicao,2,1.0,1.0,1.0,0.5
2018,SP,PC DO B,acima_divisao_igual,competitividade,2,1.0,1.0,1.0,0.5
2018,SP,PC DO B,acima_divisao_igual,eleicao,2,1.0,1.0,1.0,0.5
2018,SP,PCB,top_necr,competitividade,2,2.0,0.0,0.0,0.0
2018,SP,PCB,top_necr,eleicao,2,2.0,0.0,0.0,0.0
2018,SP,PCB,nucleo_80,competitividade,2,2.0,0.0,0.0,0.0
2018,SP,PCB,nucleo_80,eleicao,2,2.0,0.0,0.0,0.0
2018,SP,PCB,acima_divisao_igual,competitividade,2,1.0,0.0,0.0,0.0
2018,SP,PCB,acima_divisao_igual,eleicao,2,1.0,0.0,0.0,0.0
2018,SP,PDT,top_necr,competitividade,25,5.0,2.0,2.0,0.4
2018,SP,PDT,top_necr,eleicao,25,5.0,1.0,1.0,0.2
2018,SP,PDT,nucleo_80,competitividade,25,5.0,2.0,2.0,0.4
2018,SP,PDT,nucleo_80,eleicao,25,5.0,1.0,1.0,0.2
2018,SP,PDT,acima_divisao_igual,competitividade,25,4.0,2.0,2.0,0.32
2018,SP,PDT,acima_divisao_igual,eleicao,25,4.0,1.0,1.0,0.16
2018,SP,PHS,top_necr,competitividade,11,3.0,0.0,0.0,0.0
2018,SP,PHS,top_necr,eleicao,11,3.0,0.0,0.0,0.0
2018,SP,PHS,nucleo_80,competitividade,11,3.0,0.0,0.0,0.0
2018,SP,PHS,nucleo_80,eleicao,11,3.0,0.0,0.0,0.0
2018,SP,PHS,acima_divisao_igual,competitividade,11,3.0,0.0,0.0,0.0
2018,SP,PHS,acima_divisao_igual,eleicao,11,3.0,0.0,0.0,0.0
2018,SP,PMB,top_necr,competitividade,10,0.0,1.0,0.0,0.0
2018,SP,PMB,top_necr,eleicao,10,0.0,0.0,0.0,0.0
2018,SP,PMB,nucleo_80,competitividade,10,0.0,1.0,0.0,0.0
2018,SP,PMB,nucleo_80,eleicao,10,0.0,0.0,0.0,0.0
2018,SP,PMB,acima_divisao_igual,competitividade,10,0.0,1.0,0.0,0.0
2018,SP,PMB,acima_divisao_igual,eleicao,10,0.0,0.0,0.0,0.0
2018,SP,PMN,top_necr,competitividade,44,5.0,1.0,1.0,0.11363636363636363
2018,SP,PMN,top_necr,eleicao,44,5.0,0.0,0.0,0.0
2018,SP,PMN,nucleo_80,competitividade,44,5.0,1.0,1.0,0.11363636363636363
2018,SP,PMN,nucleo_80,eleicao,44,5.0,0.0,0.0,0.0
2018,SP,PMN,acima_divisao_igual,competitividade,44,7.0,1.0,1.0,0.1590909090909091
2018,SP,PMN,acima_divisao_igual,eleicao,44,7.0,0.0,0.0,0.0
2018,SP,PODE,top_necr,competitividade,73,5.0,5.0,4.0,0.3424657534246575
2018,SP,PODE,top_necr,eleicao,73,5.0,3.0,3.0,0.2054794520547945
2018,SP,PODE,nucleo_80,competitividade,73,5.0,5.0,4.0,0.3424657534246575
2018,SP,PODE,nucleo_80,eleicao,73,5.0,3.0,3.0,0.2054794520547945
2018,SP,PODE,acima_divisao_igual,competitividade,73,8.0,5.0,5.0,0.547945205479452
2018,SP,PODE,acima_divisao_igual,eleicao,73,8.0,3.0,3.0,0.3287671232876712
2018,SP,PP,top_necr,competitividade,6,5.0,4.0,4.0,3.3333333333333335
2018,SP,PP,top_necr,eleicao,6,5.0,4.0,4.0,3.3333333333333335
2018,SP,PP,nucleo_80,competitividade,6,4.0,4.0,4.0,2.6666666666666665
2018,SP,PP,nucleo_80,eleicao,6,4.0,4.0,3.0,2.6666666666666665
2018,SP,PP,acima_divisao_igual,competitividade,6,4.0,4.0,4.0,2.6666666666666665
2018,SP,PP,acima_divisao_igual,eleicao,6,4.0,4.0,3.0,2.6666666666666665
2018,SP,PPL,top_necr,competitividade,51,27.0,0.0,0.0,0.0
2018,SP,PPL,top_necr,eleicao,51,27.0,0.0,0.0,0.0
2018,SP,PPL,nucleo_80,competitividade,51,22.0,0.0,0.0,0.0
2018,SP,PPL,nucleo_80,eleicao,51,22.0,0.0,0.0,0.0
2018,SP,PPL,acima_divisao_igual,competitividade,51,18.0,0.0,0.0,0.0
2018,SP,PPL,acima_divisao_igual,eleicao,51,18.0,0.0,0.0,0.0
2018,SP,PPS,top_necr,competitividade,11,4.0,4.0,4.0,1.4545454545454546
2018,SP,PPS,top_necr,eleicao,11,4.0,2.0,2.0,0.7272727272727273
2018,SP,PPS,nucleo_80,competitividade,11,4.0,4.0,4.0,1.4545454545454546
2018,SP,PPS,nucleo_80,eleicao,11,4.0,2.0,2.0,0.7272727272727273
2018,SP,PPS,acima_divisao_igual,competitividade,11,4.0,4.0,4.0,1.4545454545454546
2018,SP,PPS,acima_divisao_igual,eleicao,11,4.0,2.0,2.0,0.7272727272727273
2018,SP,PR,top_necr,competitividade,44,15.0,6.0,6.0,2.0454545454545454
2018,SP,PR,top_necr,eleicao,44,15.0,7.0,7.0,2.3863636363636362
2018,SP,PR,nucleo_80,competitividade,44,11.0,6.0,6.0,1.5
2018,SP,PR,nucleo_80,eleicao,44,11.0,7.0,7.0,1.75
2018,SP,PR,acima_divisao_igual,competitividade,44,12.0,6.0,6.0,1.6363636363636365
2018,SP,PR,acima_divisao_igual,eleicao,44,12.0,7.0,7.0,1.9090909090909092
2018,SP,PRB,top_necr,competitividade,97,17.0,7.0,5.0,1.2268041237113403
2018,SP,PRB,top_necr,eleicao,97,17.0,6.0,6.0,1.0515463917525774
2018,SP,PRB,nucleo_80,competitividade,97,17.0,7.0,5.0,1.2268041237113403
2018,SP,PRB,nucleo_80,eleicao,97,17.0,6.0,6.0,1.0515463917525774
2018,SP,PRB,acima_divisao_igual,competitividade,97,19.0,7.0,5.0,1.3711340206185567
2018,SP,PRB,acima_divisao_igual,eleicao,97,19.0,6.0,6.0,1.175257731958763
2018,SP,PROS,top_necr,competitividade,97,9.0,4.0,2.0,0.3711340206185567
2018,SP,PROS,top_necr,eleicao,97,9.0,0.0,0.0,0.0
2018,SP,PROS,nucleo_80,competitividade,97,7.0,4.0,2.0,0.28865979381443296
2018,SP,PROS,nucleo_80,eleicao,97,7.0,0.0,0.0,0.0
2018,SP,PROS,acima_divisao_igual,competitividade,97,12.0,4.0,2.0,0.4948453608247423
2018,SP,PROS,acima_divisao_igual,eleicao,97,12.0,0.0,0.0,0.0
2018,SP,PRP,top_necr,competitividade,78,9.0,1.0,1.0,0.11538461538461539
2018,SP,PRP,top_necr,eleicao,78,9.0,0.0,0.0,0.0
2018,SP,PRP,nucleo_80,competitividade,78,7.0,1.0,1.0,0.08974358974358974
2018,SP,PRP,nucleo_80,eleicao,78,7.0,0.0,0.0,0.0
2018,SP,PRP,acima_divisao_igual,competitividade,78,10.0,1.0,1.0,0.1282051282051282
2018,SP,PRP,acima_divisao_igual,eleicao,78,10.0,0.0,0.0,0.0
2018,SP,PRTB,top_necr,competitividade,39,6.0,0.0,0.0,0.0
2018,SP,PRTB,top_necr,eleicao,39,6.0,0.0,0.0,0.0
2018,SP,PRTB,nucleo_80,competitividade,39,17.0,0.0,0.0,0.0
2018,SP,PRTB,nucleo_80,eleicao,39,17.0,0.0,0.0,0.0
2018,SP,PRTB,acima_divisao_igual,competitividade,39,6.0,0.0,0.0,0.0
2018,SP,PRTB,acima_divisao_igual,eleicao,39,6.0,0.0,0.0,0.0
2018,SP,PSB,top_necr,competitividade,48,9.0,12.0,8.0,2.25
2018,SP,PSB,top_necr,eleicao,48,9.0,4.0,2.0,0.75
2018,SP,PSB,nucleo_80,competitividade,48,9.0,12.0,8.0,2.25
2018,SP,PSB,nucleo_80,eleicao,48,9.0,4.0,2.0,0.75
2018,SP,PSB,acima_divisao_igual,competitividade,48,12.0,12.0,8.0,3.0
2018,SP,PSB,acima_divisao_igual,eleicao,48,12.0,4.0,2.0,1.0
2018,SP,PSC,top_necr,competitividade,3,1.0,1.0,1.0,0.3333333333333333
2018,SP,PSC,top_necr,eleicao,3,1.0,1.0,1.0,0.3333333333333333
2018,SP,PSC,nucleo_80,competitividade,3,2.0,1.0,1.0,0.6666666666666666
2018,SP,PSC,nucleo_80,eleicao,3,2.0,1.0,1.0,0.6666666666666666
2018,SP,PSC,acima_divisao_igual,competitividade,3,1.0,1.0,1.0,0.3333333333333333
2018,SP,PSC,acima_divisao_igual,eleicao,3,1.0,1.0,1.0,0.3333333333333333
2018,SP,PSD,top_necr,competitividade,22,10.0,7.0,7.0,3.1818181818181817
2018,SP,PSD,top_necr,eleicao,22,10.0,2.0,2.0,0.9090909090909091
2018,SP,PSD,nucleo_80,competitividade,22,8.0,7.0,7.0,2.5454545454545454
2018,SP,PSD,nucleo_80,eleicao,22,8.0,2.0,2.0,0.7272727272727273
2018,SP,PSD,acima_divisao_igual,competitividade,22,9.0,7.0,7.0,2.8636363636363638
2018,SP,PSD,acima_divisao_igual,eleicao,22,9.0,2.0,2.0,0.8181818181818182
2018,SP,PSDB,top_necr,competitividade,57,19.0,10.0,9.0,3.3333333333333335
2018,SP,PSDB,top_necr,eleicao,57,19.0,6.0,5.0,2.0
2018,SP,PSDB,nucleo_80,competitividade,57,15.0,10.0,9.0,2.6315789473684212
2018,SP,PSDB,nucleo_80,eleicao,57,15.0,6.0,5.0,1.5789473684210527
2018,SP,PSDB,acima_divisao_igual,competitividade,57,19.0,10.0,9.0,3.3333333333333335
2018,SP,PSDB,acima_divisao_igual,eleicao,57,19.0,6.0,5.0,2.0
2018,SP,PSL,top_necr,competitividade,58,16.0,3.0,1.0,0.8275862068965517
2018,SP,PSL,top_necr,eleicao,58,16.0,10.0,4.0,2.7586206896551726
2018,SP,PSL,nucleo_80,competitividade,58,24.0,3.0,1.0,1.2413793103448276
2018,SP,PSL,nucleo_80,eleicao,58,24.0,10.0,4.0,4.137931034482759
2018,SP,PSL,acima_divisao_igual,competitividade,58,13.0,3.0,1.0,0.6724137931034483
2018,SP,PSL,acima_divisao_igual,eleicao,58,13.0,10.0,4.0,2.2413793103448274
2018,SP,PSOL,top_necr,competitividade,82,6.0,2.0,2.0,0.14634146341463414
2018,SP,PSOL,top_necr,eleicao,82,6.0,3.0,3.0,0.21951219512195122
2018,SP,PSOL,nucleo_80,competitividade,82,10.0,2.0,2.0,0.24390243902439024
2018,SP,PSOL,nucleo_80,eleicao,82,10.0,3.0,3.0,0.36585365853658536
2018,SP,PSOL,acima_divisao_igual,competitividade,82,9.0,2.0,2.0,0.21951219512195122
2018,SP,PSOL,acima_divisao_igual,eleicao,82,9.0,3.0,3.0,0.32926829268292684
2018,SP,PSTU,top_necr,competitividade,7,3.0,0.0,0.0,0.0
2018,SP,PSTU,top_necr,eleicao,7,3.0,0.0,0.0,0.0
2018,SP,PSTU,nucleo_80,competitividade,7,2.0,0.0,0.0,0.0
2018,SP,PSTU,nucleo_80,eleicao,7,2.0,0.0,0.0,0.0
2018,SP,PSTU,acima_divisao_igual,competitividade,7,3.0,0.0,0.0,0.0
2018,SP,PSTU,acima_divisao_igual,eleicao,7,3.0,0.0,0.0,0.0
2018,SP,PT,top_necr,competitividade,72,24.0,14.0,14.0,4.666666666666667
2018,SP,PT,top_necr,eleicao,72,24.0,8.0,8.0,2.6666666666666665
2018,SP,PT,nucleo_80,competitividade,72,18.0,14.0,11.0,3.5
2018,SP,PT,nucleo_80,eleicao,72,18.0,8.0,8.0,2.0
2018,SP,PT,acima_divisao_igual,competitividade,72,21.0,14.0,14.0,4.083333333333333
2018,SP,PT,acima_divisao_igual,eleicao,72,21.0,8.0,8.0,2.3333333333333335
2018,SP,PTB,top_necr,competitividade,25,3.0,1.0,1.0,0.12
2018,SP,PTB,top_necr,eleicao,25,3.0,0.0,0.0,0.0
2018,SP,PTB,nucleo_80,competitividade,25,4.0,1.0,1.0,0.16
2018,SP,PTB,nucleo_80,eleicao,25,4.0,0.0,0.0,0.0
2018,SP,PTB,acima_divisao_igual,competitividade,25,4.0,1.0,1.0,0.16
2018,SP,PTB,acima_divisao_igual,eleicao,25,4.0,0.0,0.0,0.0
2018,SP,PTC,top_necr,competitividade,29,5.0,0.0,0.0,0.0
2018,SP,PTC,top_necr,eleicao,29,5.0,0.0,0.0,0.0
2018,SP,PTC,nucleo_80,competitividade,29,5.0,0.0,0.0,0.0
2018,SP,PTC,nucleo_80,eleicao,29,5.0,0.0,0.0,0.0
2018,SP,PTC,acima_divisao_igual,competitividade,29,7.0,0.0,0.0,0.0
2018,SP,PTC,acima_divisao_igual,eleicao,29,7.0,0.0,0.0,0.0
2018,SP,PV,top_necr,competitividade,80,6.0,3.0,3.0,0.225
2018,SP,PV,top_necr,eleicao,80,6.0,1.0,0.5,0.075
2018,SP,PV,nucleo_80,competitividade,80,9.0,3.0,3.0,0.3375
2018,SP,PV,nucleo_80,eleicao,80,9.0,1.0,1.0,0.1125
2018,SP,PV,acima_divisao_igual,competitividade,80,8.0,3.0,3.0,0.3
2018,SP,PV,acima_divisao_igual,eleicao,80,8.0,1.0,1.0,0.1
2018,SP,REDE,top_necr,competitividade,30,2.0,0.0,0.0,0.0
2018,SP,REDE,top_necr,eleicao,30,2.0,0.0,0.0,0.0
2018,SP,REDE,nucleo_80,competitividade,30,2.0,0.0,0.0,0.0
2018,SP,REDE,nucleo_80,eleicao,30,2.0,0.0,0.0,0.0
2018,SP,REDE,acima_divisao_igual,competitividade,30,2.0,0.0,0.0,0.0
2018,SP,REDE,acima_divisao_igual,eleicao,30,2.0,0.0,0.0,0.0
2018,SP,SOLIDARIEDADE,top_necr,competitividade,45,9.0,3.0,3.0,0.6
2018,SP,SOLIDARIEDADE,top_necr,eleicao,45,9.0,1.0,1.0,0.2
2018,SP,SOLIDARIEDADE,nucleo_80,competitividade,45,14.0,3.0,3.0,0.9333333333333333
2018,SP,SOLIDARIEDADE,nucleo_80,eleicao,45,14.0,1.0,1.0,0.3111111111111111
2018,SP,SOLIDARIEDADE,acima_divisao_igual,competitividade,45,8.0,3.0,3.0,0.5333333333333333
2018,SP,SOLIDARIEDADE,acima_divisao_igual,eleicao,45,8.0,1.0,1.0,0.17777777777777778
2018,TO,AVANTE,top_necr,competitividade,1,1.0,0.0,0.0,0.0
2018,TO,AVANTE,top_necr,eleicao,1,1.0,0.0,0.0,0.0
2018,TO,AVANTE,nucleo_80,competitividade,1,1.0,0.0,0.0,0.0
2018,TO,AVANTE,nucleo_80,eleicao,1,1.0,0.0,0.0,0.0
2018,TO,AVANTE,acima_divisao_igual,competitividade,1,0.0,0.0,0.0,0.0
2018,TO,AVANTE,acima_divisao_igual,eleicao,1,0.0,0.0,0.0,0.0
2018,TO,DC,top_necr,competitividade,3,1.0,0.0,0.0,0.0
2018,TO,DC,top_necr,eleicao,3,1.0,0.0,0.0,0.0
2018,TO,DC,nucleo_80,competitividade,3,1.0,0.0,0.0,0.0
2018,TO,DC,nucleo_80,eleicao,3,1.0,0.0,0.0,0.0
2018,TO,DC,acima_divisao_igual,competitividade,3,1.0,0.0,0.0,0.0
2018,TO,DC,acima_divisao_igual,eleicao,3,1.0,0.0,0.0,0.0
2018,TO,DEM,top_necr,competitividade,2,2.0,2.0,2.0,2.0
2018,TO,DEM,top_necr,eleicao,2,2.0,2.0,2.0,2.0
2018,TO,DEM,nucleo_80,competitividade,2,2.0,2.0,2.0,2.0
2018,TO,DEM,nucleo_80,eleicao,2,2.0,2.0,2.0,2.0
2018,TO,DEM,acima_divisao_igual,competitividade,2,1.0,2.0,1.0,1.0
2018,TO,DEM,acima_divisao_igual,eleicao,2,1.0,2.0,1.0,1.0
2018,TO,MDB,top_necr,competitividade,1,1.0,1.0,1.0,1.0
2018,TO,MDB,top_necr,eleicao,1,1.0,1.0,1.0,1.0
2018,TO,MDB,nucleo_80,competitividade,1,1.0,1.0,1.0,1.0
2018,TO,MDB,nucleo_80,eleicao,1,1.0,1.0,1.0,1.0
2018,TO,MDB,acima_divisao_igual,competitividade,1,0.0,1.0,0.0,0.0
2018,TO,MDB,acima_divisao_igual,eleicao,1,0.0,1.0,0.0,0.0
2018,TO,PATRI,top_necr,competitividade,1,1.0,0.0,0.0,0.0
2018,TO,PATRI,top_necr,eleicao,1,1.0,0.0,0.0,0.0
2018,TO,PATRI,nucleo_80,competitividade,1,1.0,0.0,0.0,0.0
2018,TO,PATRI,nucleo_80,eleicao,1,1.0,0.0,0.0,0.0
2018,TO,PATRI,acima_divisao_igual,competitividade,1,0.0,0.0,0.0,0.0
2018,TO,PATRI,acima_divisao_igual,eleicao,1,0.0,0.0,0.0,0.0
2018,TO,PC DO B,top_necr,competitividade,2,1.0,0.0,0.0,0.0
2018,TO,PC DO B,top_necr,eleicao,2,1.0,0.0,0.0,0.0
2018,TO,PC DO B,nucleo_80,competitividade,2,1.0,0.0,0.0,0.0
2018,TO,PC DO B,nucleo_80,eleicao,2,1.0,0.0,0.0,0.0
2018,TO,PC DO B,acima_divisao_igual,competitividade,2,1.0,0.0,0.0,0.0
2018,TO,PC DO B,acima_divisao_igual,eleicao,2,1.0,0.0,0.0,0.0
2018,TO,PDT,top_necr,competitividade,1,1.0,0.0,0.0,0.0
2018,TO,PDT,top_necr,eleicao,1,1.0,0.0,0.0,0.0
2018,TO,PDT,nucleo_80,competitividade,1,1.0,0.0,0.0,0.0
2018,TO,PDT,nucleo_80,eleicao,1,1.0,0.0,0.0,0.0
2018,TO,PDT,acima_divisao_igual,competitividade,1,0.0,0.0,0.0,0.0
2018,TO,PDT,acima_divisao_igual,eleicao,1,0.0,0.0,0.0,0.0
2018,TO,PHS,top_necr,competitividade,2,2.0,1.0,1.0,1.0
2018,TO,PHS,top_necr,eleicao,2,2.0,0.0,0.0,0.0
2018,TO,PHS,nucleo_80,competitividade,2,2.0,1.0,1.0,1.0
2018,TO,PHS,nucleo_80,eleicao,2,2.0,0.0,0.0,0.0
2018,TO,PHS,acima_divisao_igual,competitividade,2,1.0,1.0,1.0,0.5
2018,TO,PHS,acima_divisao_igual,eleicao,2,1.0,0.0,0.0,0.0
2018,TO,PMB,top_necr,competitividade,2,0.0,0.0,0.0,0.0
2018,TO,PMB,top_necr,eleicao,2,0.0,0.0,0.0,0.0
2018,TO,PMB,nucleo_80,competitividade,2,0.0,0.0,0.0,0.0
2018,TO,PMB,nucleo_80,eleicao,2,0.0,0.0,0.0,0.0
2018,TO,PMB,acima_divisao_igual,competitividade,2,0.0,0.0,0.0,0.0
2018,TO,PMB,acima_divisao_igual,eleicao,2,0.0,0.0,0.0,0.0
2018,TO,PMN,top_necr,competitividade,2,1.0,0.0,0.0,0.0
2018,TO,PMN,top_necr,eleicao,2,1.0,0.0,0.0,0.0
2018,TO,PMN,nucleo_80,competitividade,2,1.0,0.0,0.0,0.0
2018,TO,PMN,nucleo_80,eleicao,2,1.0,0.0,0.0,0.0
2018,TO,PMN,acima_divisao_igual,competitividade,2,1.0,0.0,0.0,0.0
2018,TO,PMN,acima_divisao_igual,eleicao,2,1.0,0.0,0.0,0.0
2018,TO,PODE,top_necr,competitividade,1,0.0,1.0,0.0,0.0
2018,TO,PODE,top_necr,eleicao,1,0.0,0.0,0.0,0.0
2018,TO,PODE,nucleo_80,competitividade,1,0.0,1.0,0.0,0.0
2018,TO,PODE,nucleo_80,eleicao,1,0.0,0.0,0.0,0.0
2018,TO,PODE,acima_divisao_igual,competitividade,1,0.0,1.0,0.0,0.0
2018,TO,PODE,acima_divisao_igual,eleicao,1,0.0,0.0,0.0,0.0
2018,TO,PP,top_necr,competitividade,1,1.0,1.0,1.0,1.0
2018,TO,PP,top_necr,eleicao,1,1.0,0.0,0.0,0.0
2018,TO,PP,nucleo_80,competitividade,1,1.0,1.0,1.0,1.0
2018,TO,PP,nucleo_80,eleicao,1,1.0,0.0,0.0,0.0
2018,TO,PP,acima_divisao_igual,competitividade,1,0.0,1.0,0.0,0.0
2018,TO,PP,acima_divisao_igual,eleicao,1,0.0,0.0,0.0,0.0
2018,TO,PPL,top_necr,competitividade,2,0.0,0.0,0.0,0.0
2018,TO,PPL,top_necr,eleicao,2,0.0,0.0,0.0,0.0
2018,TO,PPL,nucleo_80,competitividade,2,0.0,0.0,0.0,0.0
2018,TO,PPL,nucleo_80,eleicao,2,0.0,0.0,0.0,0.0
2018,TO,PPL,acima_divisao_igual,competitividade,2,0.0,0.0,0.0,0.0
2018,TO,PPL,acima_divisao_igual,eleicao,2,0.0,0.0,0.0,0.0
2018,TO,PPS,top_necr,competitividade,1,1.0,0.0,0.0,0.0
2018,TO,PPS,top_necr,eleicao,1,1.0,0.0,0.0,0.0
2018,TO,PPS,nucleo_80,competitividade,1,1.0,0.0,0.0,0.0
2018,TO,PPS,nucleo_80,eleicao,1,1.0,0.0,0.0,0.0
2018,TO,PPS,acima_divisao_igual,competitividade,1,0.0,0.0,0.0,0.0
2018,TO,PPS,acima_divisao_igual,eleicao,1,0.0,0.0,0.0,0.0
2018,TO,PR,top_necr,competitividade,2,1.0,1.0,1.0,0.5
2018,TO,PR,top_necr,eleicao,2,1.0,1.0,1.0,0.5
2018,TO,PR,nucleo_80,competitividade,2,1.0,1.0,1.0,0.5
2018,TO,PR,nucleo_80,eleicao,2,1.0,1.0,1.0,0.5
2018,TO,PR,acima_divisao_igual,competitividade,2,1.0,1.0,1.0,0.5
2018,TO,PR,acima_divisao_igual,eleicao,2,1.0,1.0,1.0,0.5
2018,TO,PRB,top_necr,competitividade,2,1.0,0.0,0.0,0.0
2018,TO,PRB,top_necr,eleicao,2,1.0,0.0,0.0,0.0
2018,TO,PRB,nucleo_80,competitividade,2,1.0,0.0,0.0,0.0
2018,TO,PRB,nucleo_80,eleicao,2,1.0,0.0,0.0,0.0
2018,TO,PRB,acima_divisao_igual,competitividade,2,1.0,0.0,0.0,0.0
2018,TO,PRB,acima_divisao_igual,eleicao,2,1.0,0.0,0.0,0.0
2018,TO,PROS,top_necr,competitividade,1,1.0,1.0,1.0,1.0
2018,TO,PROS,top_necr,eleicao,1,1.0,0.0,0.0,0.0
2018,TO,PROS,nucleo_80,competitividade,1,1.0,1.0,1.0,1.0
2018,TO,PROS,nucleo_80,eleicao,1,1.0,0.0,0.0,0.0
2018,TO,PROS,acima_divisao_igual,competitividade,1,0.0,1.0,0.0,0.0
2018,TO,PROS,acima_divisao_igual,eleicao,1,0.0,0.0,0.0,0.0
2018,TO,PRP,top_necr,competitividade,2,0.0,0.0,0.0,0.0
2018,TO,PRP,top_necr,eleicao,2,0.0,0.0,0.0,0.0
2018,TO,PRP,nucleo_80,competitividade,2,0.0,0.0,0.0,0.0
2018,TO,PRP,nucleo_80,eleicao,2,0.0,0.0,0.0,0.0
2018,TO,PRP,acima_divisao_igual,competitividade,2,0.0,0.0,0.0,0.0
2018,TO,PRP,acima_divisao_igual,eleicao,2,0.0,0.0,0.0,0.0
2018,TO,PRTB,top_necr,competitividade,10,7.0,0.0,0.0,0.0
2018,TO,PRTB,top_necr,eleicao,10,7.0,0.0,0.0,0.0
2018,TO,PRTB,nucleo_80,competitividade,10,6.0,0.0,0.0,0.0
2018,TO,PRTB,nucleo_80,eleicao,10,6.0,0.0,0.0,0.0
2018,TO,PRTB,acima_divisao_igual,competitividade,10,7.0,0.0,0.0,0.0
2018,TO,PRTB,acima_divisao_igual,eleicao,10,7.0,0.0,0.0,0.0
2018,TO,PSB,top_necr,competitividade,3,2.0,1.0,1.0,0.6666666666666666
2018,TO,PSB,top_necr,eleicao,3,2.0,0.0,0.0,0.0
2018,TO,PSB,nucleo_80,competitividade,3,2.0,1.0,1.0,0.6666666666666666
2018,TO,PSB,nucleo_80,eleicao,3,2.0,0.0,0.0,0.0
2018,TO,PSB,acima_divisao_igual,competitividade,3,1.0,1.0,1.0,0.3333333333333333
2018,TO,PSB,acima_divisao_igual,eleicao,3,1.0,0.0,0.0,0.0
2018,TO,PSC,top_necr,competitividade,1,1.0,1.0,1.0,1.0
2018,TO,PSC,top_necr,eleicao,1,1.0,1.0,1.0,1.0
2018,TO,PSC,nucleo_80,competitividade,1,1.0,1.0,1.0,1.0
2018,TO,PSC,nucleo_80,eleicao,1,1.0,1.0,1.0,1.0
2018,TO,PSC,acima_divisao_igual,competitividade,1,0.0,1.0,0.0,0.0
2018,TO,PSC,acima_divisao_igual,eleicao,1,0.0,1.0,0.0,0.0
2018,TO,PSD,top_necr,competitividade,2,0.0,1.0,0.0,0.0
2018,TO,PSD,top_necr,eleicao,2,0.0,0.0,0.0,0.0
2018,TO,PSD,nucleo_80,competitividade,2,0.0,1.0,0.0,0.0
2018,TO,PSD,nucleo_80,eleicao,2,0.0,0.0,0.0,0.0
2018,TO,PSD,acima_divisao_igual,competitividade,2,0.0,1.0,0.0,0.0
2018,TO,PSD,acima_divisao_igual,eleicao,2,0.0,0.0,0.0,0.0
2018,TO,PSDB,top_necr,competitividade,6,3.0,1.0,1.0,0.5
2018,TO,PSDB,top_necr,eleicao,6,3.0,0.0,0.0,0.0
2018,TO,PSDB,nucleo_80,competitividade,6,4.0,1.0,1.0,0.6666666666666666
2018,TO,PSDB,nucleo_80,eleicao,6,4.0,0.0,0.0,0.0
2018,TO,PSDB,acima_divisao_igual,competitividade,6,1.0,1.0,0.0,0.16666666666666666
2018,TO,PSDB,acima_divisao_igual,eleicao,6,1.0,0.0,0.0,0.0
2018,TO,PSL,top_necr,competitividade,10,8.0,0.0,0.0,0.0
2018,TO,PSL,top_necr,eleicao,10,8.0,0.0,0.0,0.0
2018,TO,PSL,nucleo_80,competitividade,10,6.0,0.0,0.0,0.0
2018,TO,PSL,nucleo_80,eleicao,10,6.0,0.0,0.0,0.0
2018,TO,PSL,acima_divisao_igual,competitividade,10,4.0,0.0,0.0,0.0
2018,TO,PSL,acima_divisao_igual,eleicao,10,4.0,0.0,0.0,0.0
2018,TO,PSOL,top_necr,competitividade,4,4.0,0.0,0.0,0.0
2018,TO,PSOL,top_necr,eleicao,4,4.0,0.0,0.0,0.0
2018,TO,PSOL,nucleo_80,competitividade,4,4.0,0.0,0.0,0.0
2018,TO,PSOL,nucleo_80,eleicao,4,4.0,0.0,0.0,0.0
2018,TO,PSOL,acima_divisao_igual,competitividade,4,2.0,0.0,0.0,0.0
2018,TO,PSOL,acima_divisao_igual,eleicao,4,2.0,0.0,0.0,0.0
2018,TO,PT,top_necr,competitividade,8,2.0,0.0,0.0,0.0
2018,TO,PT,top_necr,eleicao,8,2.0,1.0,1.0,0.25
2018,TO,PT,nucleo_80,competitividade,8,3.0,0.0,0.0,0.0
2018,TO,PT,nucleo_80,eleicao,8,3.0,1.0,1.0,0.375
2018,TO,PT,acima_divisao_igual,competitividade,8,1.0,0.0,0.0,0.0
2018,TO,PT,acima_divisao_igual,eleicao,8,1.0,1.0,1.0,0.125
2018,TO,PTC,top_necr,competitividade,1,0.0,0.0,0.0,0.0
2018,TO,PTC,top_necr,eleicao,1,0.0,0.0,0.0,0.0
2018,TO,PTC,nucleo_80,competitividade,1,0.0,0.0,0.0,0.0
2018,TO,PTC,nucleo_80,eleicao,1,0.0,0.0,0.0,0.0
2018,TO,PTC,acima_divisao_igual,competitividade,1,0.0,0.0,0.0,0.0
2018,TO,PTC,acima_divisao_igual,eleicao,1,0.0,0.0,0.0,0.0
2018,TO,PV,top_necr,competitividade,3,2.0,0.0,0.0,0.0
2018,TO,PV,top_necr,eleicao,3,2.0,0.0,0.0,0.0
2018,TO,PV,nucleo_80,competitividade,3,2.0,0.0,0.0,0.0
2018,TO,PV,nucleo_80,eleicao,3,2.0,0.0,0.0,0.0
2018,TO,PV,acima_divisao_igual,competitividade,3,2.0,0.0,0.0,0.0
2018,TO,PV,acima_divisao_igual,eleicao,3,2.0,0.0,0.0,0.0
2018,TO,REDE,top_necr,competitividade,1,0.0,0.0,0.0,0.0
2018,TO,REDE,top_necr,eleicao,1,0.0,0.0,0.0,0.0
2018,TO,REDE,nucleo_80,competitividade,1,0.0,0.0,0.0,0.0
2018,TO,REDE,nucleo_80,eleicao,1,0.0,0.0,0.0,0.0
2018,TO,REDE,acima_divisao_igual,competitividade,1,0.0,0.0,0.0,0.0
2018,TO,REDE,acima_divisao_igual,eleicao,1,0.0,0.0,0.0,0.0
2018,TO,SOLIDARIEDADE,top_necr,competitividade,2,2.0,1.0,1.0,1.0
2018,TO,SOLIDARIEDADE,top_necr,eleicao,2,2.0,2.0,2.0,2.0
2018,TO,SOLIDARIEDADE,nucleo_80,competitividade,2,2.0,1.0,1.0,1.0
2018,TO,SOLIDARIEDADE,nucleo_80,eleicao,2,2.0,2.0,2.0,2.0
2018,TO,SOLIDARIEDADE,acima_divisao_igual,competitividade,2,1.0,1.0,1.0,0.5
2018,TO,SOLIDARIEDADE,acima_divisao_igual,eleicao,2,1.0,2.0,1.0,1.0
2022,AC,AGIR,top_necr,competitividade,7,0.0,0.0,0.0,0.0
2022,AC,AGIR,top_necr,eleicao,7,0.0,0.0,0.0,0.0
2022,AC,AGIR,nucleo_80,competitividade,7,0.0,0.0,0.0,0.0
2022,AC,AGIR,nucleo_80,eleicao,7,0.0,0.0,0.0,0.0
2022,AC,AGIR,acima_divisao_igual,competitividade,7,0.0,0.0,0.0,0.0
2022,AC,AGIR,acima_divisao_igual,eleicao,7,0.0,0.0,0.0,0.0
2022,AC,CIDADANIA,top_necr,competitividade,2,2.0,0.0,0.0,0.0
2022,AC,CIDADANIA,top_necr,eleicao,2,2.0,0.0,0.0,0.0
2022,AC,CIDADANIA,nucleo_80,competitividade,2,2.0,0.0,0.0,0.0
2022,AC,CIDADANIA,nucleo_80,eleicao,2,2.0,0.0,0.0,0.0
2022,AC,CIDADANIA,acima_divisao_igual,competitividade,2,1.0,0.0,0.0,0.0
2022,AC,CIDADANIA,acima_divisao_igual,eleicao,2,1.0,0.0,0.0,0.0
2022,AC,MDB,top_necr,competitividade,9,3.0,3.0,3.0,1.0
2022,AC,MDB,top_necr,eleicao,9,3.0,0.0,0.0,0.0
2022,AC,MDB,nucleo_80,competitividade,9,3.0,3.0,3.0,1.0
2022,AC,MDB,nucleo_80,eleicao,9,3.0,0.0,0.0,0.0
2022,AC,MDB,acima_divisao_igual,competitividade,9,3.0,3.0,3.0,1.0
2022,AC,MDB,acima_divisao_igual,eleicao,9,3.0,0.0,0.0,0.0
2022,AC,PATRIOTA,top_necr,competitividade,6,3.0,1.0,1.0,0.5
2022,AC,PATRIOTA,top_necr,eleicao,6,3.0,0.0,0.0,0.0
2022,AC,PATRIOTA,nucleo_80,competitividade,6,4.0,1.0,1.0,0.6666666666666666
2022,AC,PATRIOTA,nucleo_80,eleicao,6,4.0,0.0,0.0,0.0
2022,AC,PATRIOTA,acima_divisao_igual,competitividade,6,1.0,1.0,1.0,0.16666666666666666
2022,AC,PATRIOTA,acima_divisao_igual,eleicao,6,1.0,0.0,0.0,0.0
2022,AC,PC DO B,top_necr,competitividade,2,1.0,1.0,1.0,0.5
2022,AC,PC DO B,top_necr,eleicao,2,1.0,0.0,0.0,0.0
2022,AC,PC DO B,nucleo_80,competitividade,2,1.0,1.0,1.0,0.5
2022,AC,PC DO B,nucleo_80,eleicao,2,1.0,0.0,0.0,0.0
2022,AC,PC DO B,acima_divisao_igual,competitividade,2,1.0,1.0,1.0,0.5
2022,AC,PC DO B,acima_divisao_igual,eleicao,2,1.0,0.0,0.0,0.0
2022,AC,PDT,top_necr,competitividade,9,2.0,1.0,1.0,0.2222222222222222
2022,AC,PDT,top_necr,eleicao,9,2.0,0.0,0.0,0.0
2022,AC,PDT,nucleo_80,competitividade,9,2.0,1.0,1.0,0.2222222222222222
2022,AC,PDT,nucleo_80,eleicao,9,2.0,0.0,0.0,0.0
2022,AC,PDT,acima_divisao_igual,competitividade,9,2.0,1.0,1.0,0.2222222222222222
2022,AC,PDT,acima_divisao_igual,eleicao,9,2.0,0.0,0.0,0.0
2022,AC,PMN,top_necr,competitividade,3,0.0,0.0,0.0,0.0
2022,AC,PMN,top_necr,eleicao,3,0.0,0.0,0.0,0.0
2022,AC,PMN,nucleo_80,competitividade,3,0.0,0.0,0.0,0.0
2022,AC,PMN,nucleo_80,eleicao,3,0.0,0.0,0.0,0.0
2022,AC,PMN,acima_divisao_igual,competitividade,3,0.0,0.0,0.0,0.0
2022,AC,PMN,acima_divisao_igual,eleicao,3,0.0,0.0,0.0,0.0
2022,AC,PODE,top_necr,competitividade,9,8.0,1.0,1.0,0.8888888888888888
2022,AC,PODE,top_necr,eleicao,9,8.0,0.0,0.0,0.0
2022,AC,PODE,nucleo_80,competitividade,9,6.0,1.0,1.0,0.6666666666666666
2022,AC,PODE,nucleo_80,eleicao,9,6.0,0.0,0.0,0.0
2022,AC,PODE,acima_divisao_igual,competitividade,9,4.0,1.0,0.0,0.4444444444444444
2022,AC,PODE,acima_divisao_igual,eleicao,9,4.0,0.0,0.0,0.0
2022,AC,PP,top_necr,competitividade,9,7.0,2.0,2.0,1.5555555555555556
2022,AC,PP,top_necr,eleicao,9,7.0,3.0,3.0,2.3333333333333335
2022,AC,PP,nucleo_80,competitividade,9,7.0,2.0,2.0,1.5555555555555556
2022,AC,PP,nucleo_80,eleicao,9,7.0,3.0,3.0,2.3333333333333335
2022,AC,PP,acima_divisao_igual,competitividade,9,2.0,2.0,1.0,0.4444444444444444
2022,AC,PP,acima_divisao_igual,eleicao,9,2.0,3.0,2.0,0.6666666666666666
2022,AC,PROS,top_necr,competitividade,7,4.0,1.0,0.0,0.5714285714285714
2022,AC,PROS,top_necr,eleicao,7,4.0,0.0,0.0,0.0
2022,AC,PROS,nucleo_80,competitividade,7,3.0,1.0,0.0,0.42857142857142855
2022,AC,PROS,nucleo_80,eleicao,7,3.0,0.0,0.0,0.0
2022,AC,PROS,acima_divisao_igual,competitividade,7,2.0,1.0,0.0,0.2857142857142857
2022,AC,PROS,acima_divisao_igual,eleicao,7,2.0,0.0,0.0,0.0
2022,AC,PSB,top_necr,competitividade,7,5.0,0.0,0.0,0.0
2022,AC,PSB,top_necr,eleicao,7,5.0,0.0,0.0,0.0
2022,AC,PSB,nucleo_80,competitividade,7,5.0,0.0,0.0,0.0
2022,AC,PSB,nucleo_80,eleicao,7,5.0,0.0,0.0,0.0
2022,AC,PSB,acima_divisao_igual,competitividade,7,2.0,0.0,0.0,0.0
2022,AC,PSB,acima_divisao_igual,eleicao,7,2.0,0.0,0.0,0.0
2022,AC,PSC,top_necr,competitividade,3,0.0,0.0,0.0,0.0
2022,AC,PSC,top_necr,eleicao,3,0.0,0.0,0.0,0.0
2022,AC,PSC,nucleo_80,competitividade,3,0.0,0.0,0.0,0.0
2022,AC,PSC,nucleo_80,eleicao,3,0.0,0.0,0.0,0.0
2022,AC,PSC,acima_divisao_igual,competitividade,3,0.0,0.0,0.0,0.0
2022,AC,PSC,acima_divisao_igual,eleicao,3,0.0,0.0,0.0,0.0
2022,AC,PSD,top_necr,competitividade,9,6.0,2.0,2.0,1.3333333333333333
2022,AC,PSD,top_necr,eleicao,9,6.0,0.0,0.0,0.0
2022,AC,PSD,nucleo_80,competitividade,9,6.0,2.0,2.0,1.3333333333333333
2022,AC,PSD,nucleo_80,eleicao,9,6.0,0.0,0.0,0.0
2022,AC,PSD,acima_divisao_igual,competitividade,9,4.0,2.0,1.0,0.8888888888888888
2022,AC,PSD,acima_divisao_igual,eleicao,9,4.0,0.0,0.0,0.0
2022,AC,PSDB,top_necr,competitividade,7,3.0,2.0,1.0,0.8571428571428571
2022,AC,PSDB,top_necr,eleicao,7,3.0,0.0,0.0,0.0
2022,AC,PSDB,nucleo_80,competitividade,7,3.0,2.0,1.0,0.8571428571428571
2022,AC,PSDB,nucleo_80,eleicao,7,3.0,0.0,0.0,0.0
2022,AC,PSDB,acima_divisao_igual,competitividade,7,2.0,2.0,0.0,0.5714285714285714
2022,AC,PSDB,acima_divisao_igual,eleicao,7,2.0,0.0,0.0,0.0
2022,AC,PSOL,top_necr,competitividade,5,4.0,0.0,0.0,0.0
2022,AC,PSOL,top_necr,eleicao,5,4.0,0.0,0.0,0.0
2022,AC,PSOL,nucleo_80,competitividade,5,4.0,0.0,0.0,0.0
2022,AC,PSOL,nucleo_80,eleicao,5,4.0,0.0,0.0,0.0
2022,AC,PSOL,acima_divisao_igual,competitividade,5,1.0,0.0,0.0,0.0
2022,AC,PSOL,acima_divisao_igual,eleicao,5,1.0,0.0,0.0,0.0
2022,AC,PT,top_necr,competitividade,5,2.0,2.0,1.0,0.8
2022,AC,PT,top_necr,eleicao,5,2.0,0.0,0.0,0.0
2022,AC,PT,nucleo_80,competitividade,5,2.0,2.0,1.0,0.8
2022,AC,PT,nucleo_80,eleicao,5,2.0,0.0,0.0,0.0
2022,AC,PT,acima_divisao_igual,competitividade,5,1.0,2.0,1.0,0.4
2022,AC,PT,acima_divisao_igual,eleicao,5,1.0,0.0,0.0,0.0
2022,AC,PV,top_necr,competitividade,2,2.0,1.0,1.0,1.0
2022,AC,PV,top_necr,eleicao,2,2.0,0.0,0.0,0.0
2022,AC,PV,nucleo_80,competitividade,2,2.0,1.0,1.0,1.0
2022,AC,PV,nucleo_80,eleicao,2,2.0,0.0,0.0,0.0
2022,AC,PV,acima_divisao_igual,competitividade,2,1.0,1.0,1.0,0.5
2022,AC,PV,acima_divisao_igual,eleicao,2,1.0,0.0,0.0,0.0
2022,AC,REDE,top_necr,competitividade,2,2.0,0.0,0.0,0.0
2022,AC,REDE,top_necr,eleicao,2,2.0,0.0,0.0,0.0
2022,AC,REDE,nucleo_80,competitividade,2,2.0,0.0,0.0,0.0
2022,AC,REDE,nucleo_80,eleicao,2,2.0,0.0,0.0,0.0
2022,AC,REDE,acima_divisao_igual,competitividade,2,1.0,0.0,0.0,0.0
2022,AC,REDE,acima_divisao_igual,eleicao,2,1.0,0.0,0.0,0.0
2022,AC,REPUBLICANOS,top_necr,competitividade,7,3.0,2.0,2.0,0.8571428571428571
2022,AC,REPUBLICANOS,top_necr,eleicao,7,3.0,2.0,2.0,0.8571428571428571
2022,AC,REPUBLICANOS,nucleo_80,competitividade,7,3.0,2.0,2.0,0.8571428571428571
2022,AC,REPUBLICANOS,nucleo_80,eleicao,7,3.0,2.0,2.0,0.8571428571428571
2022,AC,REPUBLICANOS,acima_divisao_igual,competitividade,7,2.0,2.0,1.0,0.5714285714285714
2022,AC,REPUBLICANOS,acima_divisao_igual,eleicao,7,2.0,2.0,1.0,0.5714285714285714
2022,AC,SOLIDARIEDADE,top_necr,competitividade,9,8.0,1.0,1.0,0.8888888888888888
2022,AC,SOLIDARIEDADE,top_necr,eleicao,9,8.0,0.0,0.0,0.0
2022,AC,SOLIDARIEDADE,nucleo_80,competitividade,9,6.0,1.0,1.0,0.6666666666666666
2022,AC,SOLIDARIEDADE,nucleo_80,eleicao,9,6.0,0.0,0.0,0.0
2022,AC,SOLIDARIEDADE,acima_divisao_igual,competitividade,9,4.0,1.0,1.0,0.4444444444444444
2022,AC,SOLIDARIEDADE,acima_divisao_igual,eleicao,9,4.0,0.0,0.0,0.0
2022,AC,UNIAO,top_necr,competitividade,9,8.0,3.0,2.5,2.6666666666666665
2022,AC,UNIAO,top_necr,eleicao,9,8.0,3.0,3.0,2.6666666666666665
2022,AC,UNIAO,nucleo_80,competitividade,9,7.0,3.0,2.0,2.3333333333333335
2022,AC,UNIAO,nucleo_80,eleicao,9,7.0,3.0,3.0,2.3333333333333335
2022,AC,UNIAO,acima_divisao_igual,competitividade,9,4.0,3.0,2.0,1.3333333333333333
2022,AC,UNIAO,acima_divisao_igual,eleicao,9,4.0,3.0,3.0,1.3333333333333333
2022,AL,AGIR,top_necr,competitividade,7,3.0,0.0,0.0,0.0
2022,AL,AGIR,top_necr,eleicao,7,3.0,0.0,0.0,0.0
2022,AL,AGIR,nucleo_80,competitividade,7,3.0,0.0,0.0,0.0
2022,AL,AGIR,nucleo_80,eleicao,7,3.0,0.0,0.0,0.0
2022,AL,AGIR,acima_divisao_igual,competitividade,7,1.0,0.0,0.0,0.0
2022,AL,AGIR,acima_divisao_igual,eleicao,7,1.0,0.0,0.0,0.0
2022,AL,AVANTE,top_necr,competitividade,9,6.0,0.0,0.0,0.0
2022,AL,AVANTE,top_necr,eleicao,9,6.0,0.0,0.0,0.0
2022,AL,AVANTE,nucleo_80,competitividade,9,6.0,0.0,0.0,0.0
2022,AL,AVANTE,nucleo_80,eleicao,9,6.0,0.0,0.0,0.0
2022,AL,AVANTE,acima_divisao_igual,competitividade,9,3.0,0.0,0.0,0.0
2022,AL,AVANTE,acima_divisao_igual,eleicao,9,3.0,0.0,0.0,0.0
2022,AL,CIDADANIA,top_necr,competitividade,2,1.0,1.0,1.0,0.5
2022,AL,CIDADANIA,top_necr,eleicao,2,1.0,0.0,0.0,0.0
2022,AL,CIDADANIA,nucleo_80,competitividade,2,1.0,1.0,1.0,0.5
2022,AL,CIDADANIA,nucleo_80,eleicao,2,1.0,0.0,0.0,0.0
2022,AL,CIDADANIA,acima_divisao_igual,competitividade,2,1.0,1.0,1.0,0.5
2022,AL,CIDADANIA,acima_divisao_igual,eleicao,2,1.0,0.0,0.0,0.0
2022,AL,DC,top_necr,competitividade,2,2.0,0.0,0.0,0.0
2022,AL,DC,top_necr,eleicao,2,2.0,0.0,0.0,0.0
2022,AL,DC,nucleo_80,competitividade,2,2.0,0.0,0.0,0.0
2022,AL,DC,nucleo_80,eleicao,2,2.0,0.0,0.0,0.0
2022,AL,DC,acima_divisao_igual,competitividade,2,1.0,0.0,0.0,0.0
2022,AL,DC,acima_divisao_igual,eleicao,2,1.0,0.0,0.0,0.0
2022,AL,MDB,top_necr,competitividade,10,5.0,5.0,3.0,2.5
2022,AL,MDB,top_necr,eleicao,10,5.0,2.0,1.0,1.0
2022,AL,MDB,nucleo_80,competitividade,10,6.0,5.0,4.0,3.0
2022,AL,MDB,nucleo_80,eleicao,10,6.0,2.0,1.0,1.2
2022,AL,MDB,acima_divisao_igual,competitividade,10,2.0,5.0,2.0,1.0
2022,AL,MDB,acima_divisao_igual,eleicao,10,2.0,2.0,1.0,0.4
2022,AL,PATRIOTA,top_necr,competitividade,9,6.0,0.0,0.0,0.0
2022,AL,PATRIOTA,top_necr,eleicao,9,6.0,0.0,0.0,0.0
2022,AL,PATRIOTA,nucleo_80,competitividade,9,6.0,0.0,0.0,0.0
2022,AL,PATRIOTA,nucleo_80,eleicao,9,6.0,0.0,0.0,0.0
2022,AL,PATRIOTA,acima_divisao_igual,competitividade,9,2.0,0.0,0.0,0.0
2022,AL,PATRIOTA,acima_divisao_igual,eleicao,9,2.0,0.0,0.0,0.0
2022,AL,PCO,top_necr,competitividade,2,2.0,0.0,0.0,0.0
2022,AL,PCO,top_necr,eleicao,2,2.0,0.0,0.0,0.0
2022,AL,PCO,nucleo_80,competitividade,2,2.0,0.0,0.0,0.0
2022,AL,PCO,nucleo_80,eleicao,2,2.0,0.0,0.0,0.0
2022,AL,PCO,acima_divisao_igual,competitividade,2,0.0,0.0,0.0,0.0
2022,AL,PCO,acima_divisao_igual,eleicao,2,0.0,0.0,0.0,0.0
2022,AL,PDT,top_necr,competitividade,10,9.0,0.0,0.0,0.0
2022,AL,PDT,top_necr,eleicao,10,9.0,0.0,0.0,0.0
2022,AL,PDT,nucleo_80,competitividade,10,7.0,0.0,0.0,0.0
2022,AL,PDT,nucleo_80,eleicao,10,7.0,0.0,0.0,0.0
2022,AL,PDT,acima_divisao_igual,competitividade,10,6.0,0.0,0.0,0.0
2022,AL,PDT,acima_divisao_igual,eleicao,10,6.0,0.0,0.0,0.0
2022,AL,PMB,top_necr,competitividade,3,0.0,0.0,0.0,0.0
2022,AL,PMB,top_necr,eleicao,3,0.0,0.0,0.0,0.0
2022,AL,PMB,nucleo_80,competitividade,3,0.0,0.0,0.0,0.0
2022,AL,PMB,nucleo_80,eleicao,3,0.0,0.0,0.0,0.0
2022,AL,PMB,acima_divisao_igual,competitividade,3,0.0,0.0,0.0,0.0
2022,AL,PMB,acima_divisao_igual,eleicao,3,0.0,0.0,0.0,0.0
2022,AL,PMN,top_necr,competitividade,3,3.0,0.0,0.0,0.0
2022,AL,PMN,top_necr,eleicao,3,3.0,0.0,0.0,0.0
2022,AL,PMN,nucleo_80,competitividade,3,3.0,0.0,0.0,0.0
2022,AL,PMN,nucleo_80,eleicao,3,3.0,0.0,0.0,0.0
2022,AL,PMN,acima_divisao_igual,competitividade,3,0.0,0.0,0.0,0.0
2022,AL,PMN,acima_divisao_igual,eleicao,3,0.0,0.0,0.0,0.0
2022,AL,PP,top_necr,competitividade,10,9.0,4.0,4.0,3.6
2022,AL,PP,top_necr,eleicao,10,9.0,4.0,4.0,3.6
2022,AL,PP,nucleo_80,competitividade,10,7.0,4.0,3.0,2.8
2022,AL,PP,nucleo_80,eleicao,10,7.0,4.0,4.0,2.8
2022,AL,PP,acima_divisao_igual,competitividade,10,5.0,4.0,3.0,2.0
2022,AL,PP,acima_divisao_igual,eleicao,10,5.0,4.0,3.0,2.0
2022,AL,PROS,top_necr,competitividade,7,0.0,0.0,0.0,0.0
2022,AL,PROS,top_necr,eleicao,7,0.0,0.0,0.0,0.0
2022,AL,PROS,nucleo_80,competitividade,7,0.0,0.0,0.0,0.0
2022,AL,PROS,nucleo_80,eleicao,7,0.0,0.0,0.0,0.0
2022,AL,PROS,acima_divisao_igual,competitividade,7,0.0,0.0,0.0,0.0
2022,AL,PROS,acima_divisao_igual,eleicao,7,0.0,0.0,0.0,0.0
2022,AL,PSB,top_necr,competitividade,10,6.0,2.0,2.0,1.2
2022,AL,PSB,top_necr,eleicao,10,6.0,0.0,0.0,0.0
2022,AL,PSB,nucleo_80,competitividade,10,7.0,2.0,2.0,1.4
2022,AL,PSB,nucleo_80,eleicao,10,7.0,0.0,0.0,0.0
2022,AL,PSB,acima_divisao_igual,competitividade,10,2.0,2.0,1.0,0.4
2022,AL,PSB,acima_divisao_igual,eleicao,10,2.0,0.0,0.0,0.0
2022,AL,PSD,top_necr,competitividade,10,3.9999999999999996,3.0,1.6666666666666665,1.1999999999999997
2022,AL,PSD,top_necr,eleicao,10,3.9999999999999996,0.0,0.0,0.0
2022,AL,PSD,nucleo_80,competitividade,10,5.0,3.0,2.0,1.5
2022,AL,PSD,nucleo_80,eleicao,10,5.0,0.0,0.0,0.0
2022,AL,PSD,acima_divisao_igual,competitividade,10,5.0,3.0,2.0,1.5
2022,AL,PSD,acima_divisao_igual,eleicao,10,5.0,0.0,0.0,0.0
2022,AL,PSDB,top_necr,competitividade,8,4.0,1.0,1.0,0.5
2022,AL,PSDB,top_necr,eleicao,8,4.0,0.0,0.0,0.0
2022,AL,PSDB,nucleo_80,competitividade,8,5.0,1.0,1.0,0.625
2022,AL,PSDB,nucleo_80,eleicao,8,5.0,0.0,0.0,0.0
2022,AL,PSDB,acima_divisao_igual,competitividade,8,2.0,1.0,1.0,0.25
2022,AL,PSDB,acima_divisao_igual,eleicao,8,2.0,0.0,0.0,0.0
2022,AL,PSOL,top_necr,competitividade,5,4.0,0.0,0.0,0.0
2022,AL,PSOL,top_necr,eleicao,5,4.0,0.0,0.0,0.0
2022,AL,PSOL,nucleo_80,competitividade,5,4.0,0.0,0.0,0.0
2022,AL,PSOL,nucleo_80,eleicao,5,4.0,0.0,0.0,0.0
2022,AL,PSOL,acima_divisao_igual,competitividade,5,2.0,0.0,0.0,0.0
2022,AL,PSOL,acima_divisao_igual,eleicao,5,2.0,0.0,0.0,0.0
2022,AL,PSTU,top_necr,competitividade,1,0.0,0.0,0.0,0.0
2022,AL,PSTU,top_necr,eleicao,1,0.0,0.0,0.0,0.0
2022,AL,PSTU,nucleo_80,competitividade,1,0.0,0.0,0.0,0.0
2022,AL,PSTU,nucleo_80,eleicao,1,0.0,0.0,0.0,0.0
2022,AL,PSTU,acima_divisao_igual,competitividade,1,0.0,0.0,0.0,0.0
2022,AL,PSTU,acima_divisao_igual,eleicao,1,0.0,0.0,0.0,0.0
2022,AL,PT,top_necr,competitividade,2,1.0,1.0,1.0,0.5
2022,AL,PT,top_necr,eleicao,2,1.0,1.0,1.0,0.5
2022,AL,PT,nucleo_80,competitividade,2,1.0,1.0,1.0,0.5
2022,AL,PT,nucleo_80,eleicao,2,1.0,1.0,1.0,0.5
2022,AL,PT,acima_divisao_igual,competitividade,2,1.0,1.0,1.0,0.5
2022,AL,PT,acima_divisao_igual,eleicao,2,1.0,1.0,1.0,0.5
2022,AL,PTB,top_necr,competitividade,9,1.0,0.0,0.0,0.0
2022,AL,PTB,top_necr,eleicao,9,1.0,0.0,0.0,0.0
2022,AL,PTB,nucleo_80,competitividade,9,1.0,0.0,0.0,0.0
2022,AL,PTB,nucleo_80,eleicao,9,1.0,0.0,0.0,0.0
2022,AL,PTB,acima_divisao_igual,competitividade,9,1.0,0.0,0.0,0.0
2022,AL,PTB,acima_divisao_igual,eleicao,9,1.0,0.0,0.0,0.0
2022,AL,PV,top_necr,competitividade,8,5.0,2.0,1.0,1.25
2022,AL,PV,top_necr,eleicao,8,5.0,1.0,0.0,0.625
2022,AL,PV,nucleo_80,competitividade,8,4.0,2.0,1.0,1.0
2022,AL,PV,nucleo_80,eleicao,8,4.0,1.0,0.0,0.5
2022,AL,PV,acima_divisao_igual,competitividade,8,5.0,2.0,1.0,1.25
2022,AL,PV,acima_divisao_igual,eleicao,8,5.0,1.0,0.0,0.625
2022,AL,REPUBLICANOS,top_necr,competitividade,10,4.0,4.0,3.0,1.6
2022,AL,REPUBLICANOS,top_necr,eleicao,10,4.0,0.0,0.0,0.0
2022,AL,REPUBLICANOS,nucleo_80,competitividade,10,5.0,4.0,3.0,2.0
2022,AL,REPUBLICANOS,nucleo_80,eleicao,10,5.0,0.0,0.0,0.0
2022,AL,REPUBLICANOS,acima_divisao_igual,competitividade,10,3.0,4.0,3.0,1.2
2022,AL,REPUBLICANOS,acima_divisao_igual,eleicao,10,3.0,0.0,0.0,0.0
2022,AL,SOLIDARIEDADE,top_necr,competitividade,7,0.0,0.0,0.0,0.0
2022,AL,SOLIDARIEDADE,top_necr,eleicao,7,0.0,0.0,0.0,0.0
2022,AL,SOLIDARIEDADE,nucleo_80,competitividade,7,0.0,0.0,0.0,0.0
2022,AL,SOLIDARIEDADE,nucleo_80,eleicao,7,0.0,0.0,0.0,0.0
2022,AL,SOLIDARIEDADE,acima_divisao_igual,competitividade,7,0.0,0.0,0.0,0.0
2022,AL,SOLIDARIEDADE,acima_divisao_igual,eleicao,7,0.0,0.0,0.0,0.0
2022,AL,UNIAO,top_necr,competitividade,9,5.0,0.0,0.0,0.0
2022,AL,UNIAO,top_necr,eleicao,9,5.0,1.0,1.0,0.5555555555555556
2022,AL,UNIAO,nucleo_80,competitividade,9,4.0,0.0,0.0,0.0
2022,AL,UNIAO,nucleo_80,eleicao,9,4.0,1.0,1.0,0.4444444444444444
2022,AL,UNIAO,acima_divisao_igual,competitividade,9,4.0,0.0,0.0,0.0
2022,AL,UNIAO,acima_divisao_igual,eleicao,9,4.0,1.0,1.0,0.4444444444444444
2022,AL,UP,top_necr,competitividade,1,1.0,0.0,0.0,0.0
2022,AL,UP,top_necr,eleicao,1,1.0,0.0,0.0,0.0
2022,AL,UP,nucleo_80,competitividade,1,1.0,0.0,0.0,0.0
2022,AL,UP,nucleo_80,eleicao,1,1.0,0.0,0.0,0.0
2022,AL,UP,acima_divisao_igual,competitividade,1,0.0,0.0,0.0,0.0
2022,AL,UP,acima_divisao_igual,eleicao,1,0.0,0.0,0.0,0.0
2022,AM,AGIR,top_necr,competitividade,7,0.0,0.0,0.0,0.0
2022,AM,AGIR,top_necr,eleicao,7,0.0,0.0,0.0,0.0
2022,AM,AGIR,nucleo_80,competitividade,7,0.0,0.0,0.0,0.0
2022,AM,AGIR,nucleo_80,eleicao,7,0.0,0.0,0.0,0.0
2022,AM,AGIR,acima_divisao_igual,competitividade,7,0.0,0.0,0.0,0.0
2022,AM,AGIR,acima_divisao_igual,eleicao,7,0.0,0.0,0.0,0.0
2022,AM,AVANTE,top_necr,competitividade,9,7.0,4.0,3.333333333333333,3.111111111111111
2022,AM,AVANTE,top_necr,eleicao,9,7.0,0.0,0.0,0.0
2022,AM,AVANTE,nucleo_80,competitividade,9,6.0,4.0,2.666666666666667,2.6666666666666665
2022,AM,AVANTE,nucleo_80,eleicao,9,6.0,0.0,0.0,0.0
2022,AM,AVANTE,acima_divisao_igual,competitividade,9,3.0,4.0,1.0,1.3333333333333333
2022,AM,AVANTE,acima_divisao_igual,eleicao,9,3.0,0.0,0.0,0.0
2022,AM,CIDADANIA,top_necr,competitividade,5,3.0,0.0,0.0,0.0
2022,AM,CIDADANIA,top_necr,eleicao,5,3.0,1.0,0.0,0.6
2022,AM,CIDADANIA,nucleo_80,competitividade,5,3.0,0.0,0.0,0.0
2022,AM,CIDADANIA,nucleo_80,eleicao,5,3.0,1.0,0.0,0.6
2022,AM,CIDADANIA,acima_divisao_igual,competitividade,5,2.0,0.0,0.0,0.0
2022,AM,CIDADANIA,acima_divisao_igual,eleicao,5,2.0,1.0,0.0,0.4
2022,AM,DC,top_necr,competitividade,5,2.0,0.0,0.0,0.0
2022,AM,DC,top_necr,eleicao,5,2.0,0.0,0.0,0.0
2022,AM,DC,nucleo_80,competitividade,5,2.0,0.0,0.0,0.0
2022,AM,DC,nucleo_80,eleicao,5,2.0,0.0,0.0,0.0
2022,AM,DC,acima_divisao_igual,competitividade,5,1.0,0.0,0.0,0.0
2022,AM,DC,acima_divisao_igual,eleicao,5,1.0,0.0,0.0,0.0
2022,AM,MDB,top_necr,competitividade,9,4.0,1.0,0.0,0.4444444444444444
2022,AM,MDB,top_necr,eleicao,9,4.0,0.0,0.0,0.0
2022,AM,MDB,nucleo_80,competitividade,9,3.0,1.0,0.0,0.3333333333333333
2022,AM,MDB,nucleo_80,eleicao,9,3.0,0.0,0.0,0.0
2022,AM,MDB,acima_divisao_igual,competitividade,9,3.0,1.0,0.0,0.3333333333333333
2022,AM,MDB,acima_divisao_igual,eleicao,9,3.0,0.0,0.0,0.0
2022,AM,NOVO,top_necr,competitividade,1,1.0,0.0,0.0,0.0
2022,AM,NOVO,top_necr,eleicao,1,1.0,0.0,0.0,0.0
2022,AM,NOVO,nucleo_80,competitividade,1,1.0,0.0,0.0,0.0
2022,AM,NOVO,nucleo_80,eleicao,1,1.0,0.0,0.0,0.0
2022,AM,NOVO,acima_divisao_igual,competitividade,1,0.0,0.0,0.0,0.0
2022,AM,NOVO,acima_divisao_igual,eleicao,1,0.0,0.0,0.0,0.0
2022,AM,PATRIOTA,top_necr,competitividade,9,5.0,1.0,1.0,0.5555555555555556
2022,AM,PATRIOTA,top_necr,eleicao,9,5.0,0.0,0.0,0.0
2022,AM,PATRIOTA,nucleo_80,competitividade,9,5.0,1.0,1.0,0.5555555555555556
2022,AM,PATRIOTA,nucleo_80,eleicao,9,5.0,0.0,0.0,0.0
2022,AM,PATRIOTA,acima_divisao_igual,competitividade,9,5.0,1.0,1.0,0.5555555555555556
2022,AM,PATRIOTA,acima_divisao_igual,eleicao,9,5.0,0.0,0.0,0.0
2022,AM,PC DO B,top_necr,competitividade,2,1.0,1.0,1.0,0.5
2022,AM,PC DO B,top_necr,eleicao,2,1.0,0.0,0.0,0.0
2022,AM,PC DO B,nucleo_80,competitividade,2,1.0,1.0,1.0,0.5
2022,AM,PC DO B,nucleo_80,eleicao,2,1.0,0.0,0.0,0.0
2022,AM,PC DO B,acima_divisao_igual,competitividade,2,1.0,1.0,1.0,0.5
2022,AM,PC DO B,acima_divisao_igual,eleicao,2,1.0,0.0,0.0,0.0
2022,AM,PDT,top_necr,competitividade,9,6.0,0.0,0.0,0.0
2022,AM,PDT,top_necr,eleicao,9,6.0,0.0,0.0,0.0
2022,AM,PDT,nucleo_80,competitividade,9,5.0,0.0,0.0,0.0
2022,AM,PDT,nucleo_80,eleicao,9,5.0,0.0,0.0,0.0
2022,AM,PDT,acima_divisao_igual,competitividade,9,4.0,0.0,0.0,0.0
2022,AM,PDT,acima_divisao_igual,eleicao,9,4.0,0.0,0.0,0.0
2022,AM,PL,top_necr,competitividade,9,3.0,2.0,1.0,0.6666666666666666
2022,AM,PL,top_necr,eleicao,9,3.0,1.0,1.0,0.3333333333333333
2022,AM,PL,nucleo_80,competitividade,9,3.0,2.0,1.0,0.6666666666666666
2022,AM,PL,nucleo_80,eleicao,9,3.0,1.0,1.0,0.3333333333333333
2022,AM,PL,acima_divisao_igual,competitividade,9,3.0,2.0,1.0,0.6666666666666666
2022,AM,PL,acima_divisao_igual,eleicao,9,3.0,1.0,1.0,0.3333333333333333
2022,AM,PMN,top_necr,competitividade,9,4.0,0.0,0.0,0.0
2022,AM,PMN,top_necr,eleicao,9,4.0,0.0,0.0,0.0
2022,AM,PMN,nucleo_80,competitividade,9,3.0,0.0,0.0,0.0
2022,AM,PMN,nucleo_80,eleicao,9,3.0,0.0,0.0,0.0
2022,AM,PMN,acima_divisao_igual,competitividade,9,3.0,0.0,0.0,0.0
2022,AM,PMN,acima_divisao_igual,eleicao,9,3.0,0.0,0.0,0.0
2022,AM,PODE,top_necr,competitividade,1,0.0,0.0,0.0,0.0
2022,AM,PODE,top_necr,eleicao,1,0.0,0.0,0.0,0.0
2022,AM,PODE,nucleo_80,competitividade,1,0.0,0.0,0.0,0.0
2022,AM,PODE,nucleo_80,eleicao,1,0.0,0.0,0.0,0.0
2022,AM,PODE,acima_divisao_igual,competitividade,1,0.0,0.0,0.0,0.0
2022,AM,PODE,acima_divisao_igual,eleicao,1,0.0,0.0,0.0,0.0
2022,AM,PROS,top_necr,competitividade,5,1.0,0.0,0.0,0.0
2022,AM,PROS,top_necr,eleicao,5,1.0,0.0,0.0,0.0
2022,AM,PROS,nucleo_80,competitividade,5,1.0,0.0,0.0,0.0
2022,AM,PROS,nucleo_80,eleicao,5,1.0,0.0,0.0,0.0
2022,AM,PROS,acima_divisao_igual,competitividade,5,1.0,0.0,0.0,0.0
2022,AM,PROS,acima_divisao_igual,eleicao,5,1.0,0.0,0.0,0.0
2022,AM,PSB,top_necr,competitividade,2,0.0,0.0,0.0,0.0
2022,AM,PSB,top_necr,eleicao,2,0.0,0.0,0.0,0.0
2022,AM,PSB,nucleo_80,competitividade,2,0.0,0.0,0.0,0.0
2022,AM,PSB,nucleo_80,eleicao,2,0.0,0.0,0.0,0.0
2022,AM,PSB,acima_divisao_igual,competitividade,2,0.0,0.0,0.0,0.0
2022,AM,PSB,acima_divisao_igual,eleicao,2,0.0,0.0,0.0,0.0
2022,AM,PSC,top_necr,competitividade,9,7.0,0.0,0.0,0.0
2022,AM,PSC,top_necr,eleicao,9,7.0,0.0,0.0,0.0
2022,AM,PSC,nucleo_80,competitividade,9,6.0,0.0,0.0,0.0
2022,AM,PSC,nucleo_80,eleicao,9,6.0,0.0,0.0,0.0
2022,AM,PSC,acima_divisao_igual,competitividade,9,4.0,0.0,0.0,0.0
2022,AM,PSC,acima_divisao_igual,eleicao,9,4.0,0.0,0.0,0.0
2022,AM,PSD,top_necr,competitividade,9,6.0,3.0,3.0,2.0
2022,AM,PSD,top_necr,eleicao,9,6.0,2.0,2.0,1.3333333333333333
2022,AM,PSD,nucleo_80,competitividade,9,6.0,3.0,3.0,2.0
2022,AM,PSD,nucleo_80,eleicao,9,6.0,2.0,2.0,1.3333333333333333
2022,AM,PSD,acima_divisao_igual,competitividade,9,3.0,3.0,3.0,1.0
2022,AM,PSD,acima_divisao_igual,eleicao,9,3.0,2.0,2.0,0.6666666666666666
2022,AM,PSDB,top_necr,competitividade,4,3.0,1.0,1.0,0.75
2022,AM,PSDB,top_necr,eleicao,4,3.0,0.0,0.0,0.0
2022,AM,PSDB,nucleo_80,competitividade,4,3.0,1.0,1.0,0.75
2022,AM,PSDB,nucleo_80,eleicao,4,3.0,0.0,0.0,0.0
2022,AM,PSDB,acima_divisao_igual,competitividade,4,1.0,1.0,0.0,0.25
2022,AM,PSDB,acima_divisao_igual,eleicao,4,1.0,0.0,0.0,0.0
2022,AM,PSOL,top_necr,competitividade,3,3.0,0.0,0.0,0.0
2022,AM,PSOL,top_necr,eleicao,3,3.0,0.0,0.0,0.0
2022,AM,PSOL,nucleo_80,competitividade,3,3.0,0.0,0.0,0.0
2022,AM,PSOL,nucleo_80,eleicao,3,3.0,0.0,0.0,0.0
2022,AM,PSOL,acima_divisao_igual,competitividade,3,1.0,0.0,0.0,0.0
2022,AM,PSOL,acima_divisao_igual,eleicao,3,1.0,0.0,0.0,0.0
2022,AM,PT,top_necr,competitividade,5,3.0,1.0,1.0,0.6
2022,AM,PT,top_necr,eleicao,5,3.0,0.0,0.0,0.0
2022,AM,PT,nucleo_80,competitividade,5,3.0,1.0,1.0,0.6
2022,AM,PT,nucleo_80,eleicao,5,3.0,0.0,0.0,0.0
2022,AM,PT,acima_divisao_igual,competitividade,5,2.0,1.0,1.0,0.4
2022,AM,PT,acima_divisao_igual,eleicao,5,2.0,0.0,0.0,0.0
2022,AM,PTB,top_necr,competitividade,6,3.0000000000000004,0.0,0.0,0.0
2022,AM,PTB,top_necr,eleicao,6,3.0000000000000004,0.0,0.0,0.0
2022,AM,PTB,nucleo_80,competitividade,6,3.0000000000000004,0.0,0.0,0.0
2022,AM,PTB,nucleo_80,eleicao,6,3.0000000000000004,0.0,0.0,0.0
2022,AM,PTB,acima_divisao_igual,competitividade,6,2.0,0.0,0.0,0.0
2022,AM,PTB,acima_divisao_igual,eleicao,6,2.0,0.0,0.0,0.0
2022,AM,PV,top_necr,competitividade,2,2.0,0.0,0.0,0.0
2022,AM,PV,top_necr,eleicao,2,2.0,0.0,0.0,0.0
2022,AM,PV,nucleo_80,competitividade,2,2.0,0.0,0.0,0.0
2022,AM,PV,nucleo_80,eleicao,2,2.0,0.0,0.0,0.0
2022,AM,PV,acima_divisao_igual,competitividade,2,1.0,0.0,0.0,0.0
2022,AM,PV,acima_divisao_igual,eleicao,2,1.0,0.0,0.0,0.0
2022,AM,REDE,top_necr,competitividade,6,2.0,1.0,1.0,0.3333333333333333
2022,AM,REDE,top_necr,eleicao,6,2.0,0.0,0.0,0.0
2022,AM,REDE,nucleo_80,competitividade,6,2.0,1.0,1.0,0.3333333333333333
2022,AM,REDE,nucleo_80,eleicao,6,2.0,0.0,0.0,0.0
2022,AM,REDE,acima_divisao_igual,competitividade,6,2.0,1.0,1.0,0.3333333333333333
2022,AM,REDE,acima_divisao_igual,eleicao,6,2.0,0.0,0.0,0.0
2022,AM,REPUBLICANOS,top_necr,competitividade,9,3.0,3.0,2.0,1.0
2022,AM,REPUBLICANOS,top_necr,eleicao,9,3.0,2.0,2.0,0.6666666666666666
2022,AM,REPUBLICANOS,nucleo_80,competitividade,9,3.0,3.0,2.0,1.0
2022,AM,REPUBLICANOS,nucleo_80,eleicao,9,3.0,2.0,2.0,0.6666666666666666
2022,AM,REPUBLICANOS,acima_divisao_igual,competitividade,9,2.0,3.0,2.0,0.6666666666666666
2022,AM,REPUBLICANOS,acima_divisao_igual,eleicao,9,2.0,2.0,2.0,0.4444444444444444
2022,AM,SOLIDARIEDADE,top_necr,competitividade,5,5.0,1.0,1.0,1.0
2022,AM,SOLIDARIEDADE,top_necr,eleicao,5,5.0,0.0,0.0,0.0
2022,AM,SOLIDARIEDADE,nucleo_80,competitividade,5,4.0,1.0,0.5,0.8
2022,AM,SOLIDARIEDADE,nucleo_80,eleicao,5,4.0,0.0,0.0,0.0
2022,AM,SOLIDARIEDADE,acima_divisao_igual,competitividade,5,1.0,1.0,0.0,0.2
2022,AM,SOLIDARIEDADE,acima_divisao_igual,eleicao,5,1.0,0.0,0.0,0.0
2022,AM,UNIAO,top_necr,competitividade,9,8.0,3.0,3.0,2.6666666666666665
2022,AM,UNIAO,top_necr,eleicao,9,8.0,2.0,2.0,1.7777777777777777
2022,AM,UNIAO,nucleo_80,competitividade,9,6.0,3.0,2.0,2.0
2022,AM,UNIAO,nucleo_80,eleicao,9,6.0,2.0,2.0,1.3333333333333333
2022,AM,UNIAO,acima_divisao_igual,competitividade,9,7.0,3.0,3.0,2.3333333333333335
2022,AM,UNIAO,acima_divisao_igual,eleicao,9,7.0,2.0,2.0,1.5555555555555556
2022,AP,AGIR,top_necr,competitividade,3,0.0,0.0,0.0,0.0
2022,AP,AGIR,top_necr,eleicao,3,0.0,0.0,0.0,0.0
2022,AP,AGIR,nucleo_80,competitividade,3,0.0,0.0,0.0,0.0
2022,AP,AGIR,nucleo_80,eleicao,3,0.0,0.0,0.0,0.0
2022,AP,AGIR,acima_divisao_igual,competitividade,3,0.0,0.0,0.0,0.0
2022,AP,AGIR,acima_divisao_igual,eleicao,3,0.0,0.0,0.0,0.0
2022,AP,AVANTE,top_necr,competitividade,5,0.0,1.0,0.0,0.0
2022,AP,AVANTE,top_necr,eleicao,5,0.0,0.0,0.0,0.0
2022,AP,AVANTE,nucleo_80,competitividade,5,0.0,1.0,0.0,0.0
2022,AP,AVANTE,nucleo_80,eleicao,5,0.0,0.0,0.0,0.0
2022,AP,AVANTE,acima_divisao_igual,competitividade,5,0.0,1.0,0.0,0.0
2022,AP,AVANTE,acima_divisao_igual,eleicao,5,0.0,0.0,0.0,0.0
2022,AP,MDB,top_necr,competitividade,9,6.0,1.0,1.0,0.6666666666666666
2022,AP,MDB,top_necr,eleicao,9,6.0,2.0,2.0,1.3333333333333333
2022,AP,MDB,nucleo_80,competitividade,9,7.0,1.0,1.0,0.7777777777777778
2022,AP,MDB,nucleo_80,eleicao,9,7.0,2.0,2.0,1.5555555555555556
2022,AP,MDB,acima_divisao_igual,competitividade,9,2.0,1.0,1.0,0.2222222222222222
2022,AP,MDB,acima_divisao_igual,eleicao,9,2.0,2.0,1.0,0.4444444444444444
2022,AP,PATRIOTA,top_necr,competitividade,9,9.0,0.0,0.0,0.0
2022,AP,PATRIOTA,top_necr,eleicao,9,9.0,0.0,0.0,0.0
2022,AP,PATRIOTA,nucleo_80,competitividade,9,7.0,0.0,0.0,0.0
2022,AP,PATRIOTA,nucleo_80,eleicao,9,7.0,0.0,0.0,0.0
2022,AP,PATRIOTA,acima_divisao_igual,competitividade,9,2.0,0.0,0.0,0.0
2022,AP,PATRIOTA,acima_divisao_igual,eleicao,9,2.0,0.0,0.0,0.0
2022,AP,PC DO B,top_necr,competitividade,2,2.0,1.0,1.0,1.0
2022,AP,PC DO B,top_necr,eleicao,2,2.0,0.0,0.0,0.0
2022,AP,PC DO B,nucleo_80,competitividade,2,2.0,1.0,1.0,1.0
2022,AP,PC DO B,nucleo_80,eleicao,2,2.0,0.0,0.0,0.0
2022,AP,PC DO B,acima_divisao_igual,competitividade,2,1.0,1.0,1.0,0.5
2022,AP,PC DO B,acima_divisao_igual,eleicao,2,1.0,0.0,0.0,0.0
2022,AP,PCO,top_necr,competitividade,1,1.0,0.0,0.0,0.0
2022,AP,PCO,top_necr,eleicao,1,1.0,0.0,0.0,0.0
2022,AP,PCO,nucleo_80,competitividade,1,1.0,0.0,0.0,0.0
2022,AP,PCO,nucleo_80,eleicao,1,1.0,0.0,0.0,0.0
2022,AP,PCO,acima_divisao_igual,competitividade,1,0.0,0.0,0.0,0.0
2022,AP,PCO,acima_divisao_igual,eleicao,1,0.0,0.0,0.0,0.0
2022,AP,PDT,top_necr,competitividade,9,8.0,2.0,1.5,1.7777777777777777
2022,AP,PDT,top_necr,eleicao,9,8.0,3.0,3.0,2.6666666666666665
2022,AP,PDT,nucleo_80,competitividade,9,7.0,2.0,1.0,1.5555555555555556
2022,AP,PDT,nucleo_80,eleicao,9,7.0,3.0,3.0,2.3333333333333335
2022,AP,PDT,acima_divisao_igual,competitividade,9,2.0,2.0,0.0,0.4444444444444444
2022,AP,PDT,acima_divisao_igual,eleicao,9,2.0,3.0,2.0,0.6666666666666666
2022,AP,PL,top_necr,competitividade,9,7.0,4.0,4.0,3.111111111111111
2022,AP,PL,top_necr,eleicao,9,7.0,3.0,2.0,2.3333333333333335
2022,AP,PL,nucleo_80,competitividade,9,6.0,4.0,3.4000000000000004,2.6666666666666665
2022,AP,PL,nucleo_80,eleicao,9,6.0,3.0,2.0,2.0
2022,AP,PL,acima_divisao_igual,competitividade,9,2.0,4.0,1.0,0.8888888888888888
2022,AP,PL,acima_divisao_igual,eleicao,9,2.0,3.0,2.0,0.6666666666666666
2022,AP,PODE,top_necr,competitividade,9,5.0,3.0,3.0,1.6666666666666667
2022,AP,PODE,top_necr,eleicao,9,5.0,0.0,0.0,0.0
2022,AP,PODE,nucleo_80,competitividade,9,5.0,3.0,3.0,1.6666666666666667
2022,AP,PODE,nucleo_80,eleicao,9,5.0,0.0,0.0,0.0
2022,AP,PODE,acima_divisao_igual,competitividade,9,3.0,3.0,3.0,1.0
2022,AP,PODE,acima_divisao_igual,eleicao,9,3.0,0.0,0.0,0.0
2022,AP,PP,top_necr,competitividade,9,4.0,3.0,2.0,1.3333333333333333
2022,AP,PP,top_necr,eleicao,9,4.0,0.0,0.0,0.0
2022,AP,PP,nucleo_80,competitividade,9,4.0,3.0,2.0,1.3333333333333333
2022,AP,PP,nucleo_80,eleicao,9,4.0,0.0,0.0,0.0
2022,AP,PP,acima_divisao_igual,competitividade,9,2.0,3.0,2.0,0.6666666666666666
2022,AP,PP,acima_divisao_igual,eleicao,9,2.0,0.0,0.0,0.0
2022,AP,PRTB,top_necr,competitividade,6,3.0,0.0,0.0,0.0
2022,AP,PRTB,top_necr,eleicao,6,3.0,0.0,0.0,0.0
2022,AP,PRTB,nucleo_80,competitividade,6,3.0,0.0,0.0,0.0
2022,AP,PRTB,nucleo_80,eleicao,6,3.0,0.0,0.0,0.0
2022,AP,PRTB,acima_divisao_igual,competitividade,6,3.0,0.0,0.0,0.0
2022,AP,PRTB,acima_divisao_igual,eleicao,6,3.0,0.0,0.0,0.0
2022,AP,PSB,top_necr,competitividade,5,2.0,3.0,2.0,1.2
2022,AP,PSB,top_necr,eleicao,5,2.0,0.0,0.0,0.0
2022,AP,PSB,nucleo_80,competitividade,5,2.0,3.0,2.0,1.2
2022,AP,PSB,nucleo_80,eleicao,5,2.0,0.0,0.0,0.0
2022,AP,PSB,acima_divisao_igual,competitividade,5,2.0,3.0,2.0,1.2
2022,AP,PSB,acima_divisao_igual,eleicao,5,2.0,0.0,0.0,0.0
2022,AP,PSC,top_necr,competitividade,9,2.0,1.0,1.0,0.2222222222222222
2022,AP,PSC,top_necr,eleicao,9,2.0,0.0,0.0,0.0
2022,AP,PSC,nucleo_80,competitividade,9,2.0,1.0,1.0,0.2222222222222222
2022,AP,PSC,nucleo_80,eleicao,9,2.0,0.0,0.0,0.0
2022,AP,PSC,acima_divisao_igual,competitividade,9,2.0,1.0,1.0,0.2222222222222222
2022,AP,PSC,acima_divisao_igual,eleicao,9,2.0,0.0,0.0,0.0
2022,AP,PSD,top_necr,competitividade,9,7.0,1.0,0.0,0.7777777777777778
2022,AP,PSD,top_necr,eleicao,9,7.0,0.0,0.0,0.0
2022,AP,PSD,nucleo_80,competitividade,9,6.0,1.0,0.0,0.6666666666666666
2022,AP,PSD,nucleo_80,eleicao,9,6.0,0.0,0.0,0.0
2022,AP,PSD,acima_divisao_igual,competitividade,9,3.0,1.0,0.0,0.3333333333333333
2022,AP,PSD,acima_divisao_igual,eleicao,9,3.0,0.0,0.0,0.0
2022,AP,PSDB,top_necr,competitividade,7,3.0,2.0,2.0,0.8571428571428571
2022,AP,PSDB,top_necr,eleicao,7,3.0,0.0,0.0,0.0
2022,AP,PSDB,nucleo_80,competitividade,7,3.0,2.0,2.0,0.8571428571428571
2022,AP,PSDB,nucleo_80,eleicao,7,3.0,0.0,0.0,0.0
2022,AP,PSDB,acima_divisao_igual,competitividade,7,2.0,2.0,1.0,0.5714285714285714
2022,AP,PSDB,acima_divisao_igual,eleicao,7,2.0,0.0,0.0,0.0
2022,AP,PSOL,top_necr,competitividade,3,2.0,1.0,1.0,0.6666666666666666
2022,AP,PSOL,top_necr,eleicao,3,2.0,0.0,0.0,0.0
2022,AP,PSOL,nucleo_80,competitividade,3,2.0,1.0,1.0,0.6666666666666666
2022,AP,PSOL,nucleo_80,eleicao,3,2.0,0.0,0.0,0.0
2022,AP,PSOL,acima_divisao_igual,competitividade,3,1.0,1.0,1.0,0.3333333333333333
2022,AP,PSOL,acima_divisao_igual,eleicao,3,1.0,0.0,0.0,0.0
2022,AP,PT,top_necr,competitividade,4,3.0,2.0,2.0,1.5
2022,AP,PT,top_necr,eleicao,4,3.0,0.0,0.0,0.0
2022,AP,PT,nucleo_80,competitividade,4,3.0,2.0,2.0,1.5
2022,AP,PT,nucleo_80,eleicao,4,3.0,0.0,0.0,0.0
2022,AP,PT,acima_divisao_igual,competitividade,4,2.0,2.0,1.0,1.0
2022,AP,PT,acima_divisao_igual,eleicao,4,2.0,0.0,0.0,0.0
2022,AP,PTB,top_necr,competitividade,9,4.0,1.0,1.0,0.4444444444444444
2022,AP,PTB,top_necr,eleicao,9,4.0,0.0,0.0,0.0
2022,AP,PTB,nucleo_80,competitividade,9,5.0,1.0,1.0,0.5555555555555556
2022,AP,PTB,nucleo_80,eleicao,9,5.0,0.0,0.0,0.0
2022,AP,PTB,acima_divisao_igual,competitividade,9,2.0,1.0,1.0,0.2222222222222222
2022,AP,PTB,acima_divisao_igual,eleicao,9,2.0,0.0,0.0,0.0
2022,AP,PV,top_necr,competitividade,3,1.0,1.0,0.0,0.3333333333333333
2022,AP,PV,top_necr,eleicao,3,1.0,0.0,0.0,0.0
2022,AP,PV,nucleo_80,competitividade,3,1.0,1.0,0.0,0.3333333333333333
2022,AP,PV,nucleo_80,eleicao,3,1.0,0.0,0.0,0.0
2022,AP,PV,acima_divisao_igual,competitividade,3,1.0,1.0,0.0,0.3333333333333333
2022,AP,PV,acima_divisao_igual,eleicao,3,1.0,0.0,0.0,0.0
2022,AP,REDE,top_necr,competitividade,6,4.0,2.0,1.0,1.3333333333333333
2022,AP,REDE,top_necr,eleicao,6,4.0,0.0,0.0,0.0
2022,AP,REDE,nucleo_80,competitividade,6,4.0,2.0,1.0,1.3333333333333333
2022,AP,REDE,nucleo_80,eleicao,6,4.0,0.0,0.0,0.0
2022,AP,REDE,acima_divisao_igual,competitividade,6,2.0,2.0,1.0,0.6666666666666666
2022,AP,REDE,acima_divisao_igual,eleicao,6,2.0,0.0,0.0,0.0
2022,AP,REPUBLICANOS,top_necr,competitividade,8,3.0,4.0,2.0,1.5
2022,AP,REPUBLICANOS,top_necr,eleicao,8,3.0,0.0,0.0,0.0
2022,AP,REPUBLICANOS,nucleo_80,competitividade,8,3.0,4.0,2.0,1.5
2022,AP,REPUBLICANOS,nucleo_80,eleicao,8,3.0,0.0,0.0,0.0
2022,AP,REPUBLICANOS,acima_divisao_igual,competitividade,8,3.0,4.0,2.0,1.5
2022,AP,REPUBLICANOS,acima_divisao_igual,eleicao,8,3.0,0.0,0.0,0.0
2022,BA,AGIR,top_necr,competitividade,13,2.9999999999999996,0.0,0.0,0.0
2022,BA,AGIR,top_necr,eleicao,13,2.9999999999999996,0.0,0.0,0.0
2022,BA,AGIR,nucleo_80,competitividade,13,2.9999999999999996,0.0,0.0,0.0
2022,BA,AGIR,nucleo_80,eleicao,13,2.9999999999999996,0.0,0.0,0.0
2022,BA,AGIR,acima_divisao_igual,competitividade,13,4.0,0.0,0.0,0.0
2022,BA,AGIR,acima_divisao_igual,eleicao,13,4.0,0.0,0.0,0.0
2022,BA,AVANTE,top_necr,competitividade,26,6.0,4.0,4.0,0.9230769230769231
2022,BA,AVANTE,top_necr,eleicao,26,6.0,1.0,1.0,0.23076923076923078
2022,BA,AVANTE,nucleo_80,competitividade,26,6.0,4.0,4.0,0.9230769230769231
2022,BA,AVANTE,nucleo_80,eleicao,26,6.0,1.0,1.0,0.23076923076923078
2022,BA,AVANTE,acima_divisao_igual,competitividade,26,6.0,4.0,4.0,0.9230769230769231
2022,BA,AVANTE,acima_divisao_igual,eleicao,26,6.0,1.0,1.0,0.23076923076923078
2022,BA,CIDADANIA,top_necr,competitividade,12,2.0,1.0,1.0,0.16666666666666666
2022,BA,CIDADANIA,top_necr,eleicao,12,2.0,0.0,0.0,0.0
2022,BA,CIDADANIA,nucleo_80,competitividade,12,2.0,1.0,1.0,0.16666666666666666
2022,BA,CIDADANIA,nucleo_80,eleicao,12,2.0,0.0,0.0,0.0
2022,BA,CIDADANIA,acima_divisao_igual,competitividade,12,2.0,1.0,1.0,0.16666666666666666
2022,BA,CIDADANIA,acima_divisao_igual,eleicao,12,2.0,0.0,0.0,0.0
2022,BA,DC,top_necr,competitividade,15,13.0,0.0,0.0,0.0
2022,BA,DC,top_necr,eleicao,15,13.0,0.0,0.0,0.0
2022,BA,DC,nucleo_80,competitividade,15,11.0,0.0,0.0,0.0
2022,BA,DC,nucleo_80,eleicao,15,11.0,0.0,0.0,0.0
2022,BA,DC,acima_divisao_igual,competitividade,15,7.0,0.0,0.0,0.0
2022,BA,DC,acima_divisao_igual,eleicao,15,7.0,0.0,0.0,0.0
2022,BA,MDB,top_necr,competitividade,39,4.0,2.0,1.0,0.20512820512820512
2022,BA,MDB,top_necr,eleicao,39,4.0,1.0,1.0,0.10256410256410256
2022,BA,MDB,nucleo_80,competitividade,39,8.0,2.0,2.0,0.41025641025641024
2022,BA,MDB,nucleo_80,eleicao,39,8.0,1.0,1.0,0.20512820512820512
2022,BA,MDB,acima_divisao_igual,competitividade,39,9.0,2.0,2.0,0.46153846153846156
2022,BA,MDB,acima_divisao_igual,eleicao,39,9.0,1.0,1.0,0.23076923076923078
2022,BA,NOVO,top_necr,competitividade,6,6.0,0.0,0.0,0.0
2022,BA,NOVO,top_necr,eleicao,6,6.0,0.0,0.0,0.0
2022,BA,NOVO,nucleo_80,competitividade,6,5.0,0.0,0.0,0.0
2022,BA,NOVO,nucleo_80,eleicao,6,5.0,0.0,0.0,0.0
2022,BA,NOVO,acima_divisao_igual,competitividade,6,0.0,0.0,0.0,0.0
2022,BA,NOVO,acima_divisao_igual,eleicao,6,0.0,0.0,0.0,0.0
2022,BA,PATRIOTA,top_necr,competitividade,24,3.0,0.0,0.0,0.0
2022,BA,PATRIOTA,top_necr,eleicao,24,3.0,0.0,0.0,0.0
2022,BA,PATRIOTA,nucleo_80,competitividade,24,2.0,0.0,0.0,0.0
2022,BA,PATRIOTA,nucleo_80,eleicao,24,2.0,0.0,0.0,0.0
2022,BA,PATRIOTA,acima_divisao_igual,competitividade,24,2.0,0.0,0.0,0.0
2022,BA,PATRIOTA,acima_divisao_igual,eleicao,24,2.0,0.0,0.0,0.0
2022,BA,PC DO B,top_necr,competitividade,3,2.0,2.0,2.0,1.3333333333333333
2022,BA,PC DO B,top_necr,eleicao,3,2.0,2.0,2.0,1.3333333333333333
2022,BA,PC DO B,nucleo_80,competitividade,3,2.0,2.0,2.0,1.3333333333333333
2022,BA,PC DO B,nucleo_80,eleicao,3,2.0,2.0,2.0,1.3333333333333333
2022,BA,PC DO B,acima_divisao_igual,competitividade,3,2.0,2.0,2.0,1.3333333333333333
2022,BA,PC DO B,acima_divisao_igual,eleicao,3,2.0,2.0,2.0,1.3333333333333333
2022,BA,PCB,top_necr,competitividade,2,0.0,0.0,0.0,0.0
2022,BA,PCB,top_necr,eleicao,2,0.0,0.0,0.0,0.0
2022,BA,PCB,nucleo_80,competitividade,2,0.0,0.0,0.0,0.0
2022,BA,PCB,nucleo_80,eleicao,2,0.0,0.0,0.0,0.0
2022,BA,PCB,acima_divisao_igual,competitividade,2,0.0,0.0,0.0,0.0
2022,BA,PCB,acima_divisao_igual,eleicao,2,0.0,0.0,0.0,0.0
2022,BA,PDT,top_necr,competitividade,39,9.0,6.0,6.0,1.3846153846153846
2022,BA,PDT,top_necr,eleicao,39,9.0,2.0,2.0,0.46153846153846156
2022,BA,PDT,nucleo_80,competitividade,39,11.0,6.0,6.0,1.6923076923076923
2022,BA,PDT,nucleo_80,eleicao,39,11.0,2.0,2.0,0.5641025641025641
2022,BA,PDT,acima_divisao_igual,competitividade,39,8.0,6.0,5.0,1.2307692307692308
2022,BA,PDT,acima_divisao_igual,eleicao,39,8.0,2.0,2.0,0.41025641025641024
2022,BA,PL,top_necr,competitividade,37,10.0,4.0,3.0,1.0810810810810811
2022,BA,PL,top_necr,eleicao,37,10.0,3.0,3.0,0.8108108108108109
2022,BA,PL,nucleo_80,competitividade,37,8.0,4.0,3.0,0.8648648648648649
2022,BA,PL,nucleo_80,eleicao,37,8.0,3.0,3.0,0.6486486486486487
2022,BA,PL,acima_divisao_igual,competitividade,37,10.0,4.0,3.0,1.0810810810810811
2022,BA,PL,acima_divisao_igual,eleicao,37,10.0,3.0,3.0,0.8108108108108109
2022,BA,PMB,top_necr,competitividade,31,30.0,0.0,0.0,0.0
2022,BA,PMB,top_necr,eleicao,31,30.0,0.0,0.0,0.0
2022,BA,PMB,nucleo_80,competitividade,31,24.0,0.0,0.0,0.0
2022,BA,PMB,nucleo_80,eleicao,31,24.0,0.0,0.0,0.0
2022,BA,PMB,acima_divisao_igual,competitividade,31,22.0,0.0,0.0,0.0
2022,BA,PMB,acima_divisao_igual,eleicao,31,22.0,0.0,0.0,0.0
2022,BA,PODE,top_necr,competitividade,39,14.0,4.0,3.0,1.435897435897436
2022,BA,PODE,top_necr,eleicao,39,14.0,1.0,1.0,0.358974358974359
2022,BA,PODE,nucleo_80,competitividade,39,17.0,4.0,3.0,1.7435897435897436
2022,BA,PODE,nucleo_80,eleicao,39,17.0,1.0,1.0,0.4358974358974359
2022,BA,PODE,acima_divisao_igual,competitividade,39,9.0,4.0,3.0,0.9230769230769231
2022,BA,PODE,acima_divisao_igual,eleicao,39,9.0,1.0,1.0,0.23076923076923078
2022,BA,PP,top_necr,competitividade,38,12.999999999999998,5.0,5.0,1.7105263157894732
2022,BA,PP,top_necr,eleicao,38,12.999999999999998,4.0,4.0,1.3684210526315788
2022,BA,PP,nucleo_80,competitividade,38,11.0,5.0,5.0,1.4473684210526316
2022,BA,PP,nucleo_80,eleicao,38,11.0,4.0,4.0,1.1578947368421053
2022,BA,PP,acima_divisao_igual,competitividade,38,10.0,5.0,5.0,1.3157894736842106
2022,BA,PP,acima_divisao_igual,eleicao,38,10.0,4.0,4.0,1.0526315789473684
2022,BA,PROS,top_necr,competitividade,23,7.0,0.0,0.0,0.0
2022,BA,PROS,top_necr,eleicao,23,7.0,0.0,0.0,0.0
2022,BA,PROS,nucleo_80,competitividade,23,6.0,0.0,0.0,0.0
2022,BA,PROS,nucleo_80,eleicao,23,6.0,0.0,0.0,0.0
2022,BA,PROS,acima_divisao_igual,competitividade,23,8.0,0.0,0.0,0.0
2022,BA,PROS,acima_divisao_igual,eleicao,23,8.0,0.0,0.0,0.0
2022,BA,PRTB,top_necr,competitividade,11,2.0,0.0,0.0,0.0
2022,BA,PRTB,top_necr,eleicao,11,2.0,0.0,0.0,0.0
2022,BA,PRTB,nucleo_80,competitividade,11,2.0,0.0,0.0,0.0
2022,BA,PRTB,nucleo_80,eleicao,11,2.0,0.0,0.0,0.0
2022,BA,PRTB,acima_divisao_igual,competitividade,11,2.0,0.0,0.0,0.0
2022,BA,PRTB,acima_divisao_igual,eleicao,11,2.0,0.0,0.0,0.0
2022,BA,PSB,top_necr,competitividade,30,3.0,2.0,2.0,0.2
2022,BA,PSB,top_necr,eleicao,30,3.0,1.0,1.0,0.1
2022,BA,PSB,nucleo_80,competitividade,30,6.0,2.0,2.0,0.4
2022,BA,PSB,nucleo_80,eleicao,30,6.0,1.0,1.0,0.2
2022,BA,PSB,acima_divisao_igual,competitividade,30,4.0,2.0,2.0,0.26666666666666666
2022,BA,PSB,acima_divisao_igual,eleicao,30,4.0,1.0,1.0,0.13333333333333333
2022,BA,PSC,top_necr,competitividade,38,5.0,3.0,3.0,0.39473684210526316
2022,BA,PSC,top_necr,eleicao,38,5.0,0.0,0.0,0.0
2022,BA,PSC,nucleo_80,competitividade,38,5.0,3.0,3.0,0.39473684210526316
2022,BA,PSC,nucleo_80,eleicao,38,5.0,0.0,0.0,0.0
2022,BA,PSC,acima_divisao_igual,competitividade,38,5.0,3.0,3.0,0.39473684210526316
2022,BA,PSC,acima_divisao_igual,eleicao,38,5.0,0.0,0.0,0.0
2022,BA,PSD,top_necr,competitividade,13,11.0,7.0,7.0,5.923076923076923
2022,BA,PSD,top_necr,eleicao,13,11.0,6.0,6.0,5.076923076923077
2022,BA,PSD,nucleo_80,competitividade,13,8.0,7.0,7.0,4.3076923076923075
2022,BA,PSD,nucleo_80,eleicao,13,8.0,6.0,6.0,3.6923076923076925
2022,BA,PSD,acima_divisao_igual,competitividade,13,8.0,7.0,7.0,4.3076923076923075
2022,BA,PSD,acima_divisao_igual,eleicao,13,8.0,6.0,6.0,3.6923076923076925
2022,BA,PSDB,top_necr,competitividade,17,4.0,3.0,2.5,0.7058823529411765
2022,BA,PSDB,top_necr,eleicao,17,4.0,1.0,1.0,0.23529411764705882
2022,BA,PSDB,nucleo_80,competitividade,17,5.0,3.0,3.0,0.8823529411764706
2022,BA,PSDB,nucleo_80,eleicao,17,5.0,1.0,1.0,0.29411764705882354
2022,BA,PSDB,acima_divisao_igual,competitividade,17,2.0,3.0,1.0,0.35294117647058826
2022,BA,PSDB,acima_divisao_igual,eleicao,17,2.0,1.0,1.0,0.11764705882352941
2022,BA,PSOL,top_necr,competitividade,27,16.0,0.0,0.0,0.0
2022,BA,PSOL,top_necr,eleicao,27,16.0,0.0,0.0,0.0
2022,BA,PSOL,nucleo_80,competitividade,27,16.0,0.0,0.0,0.0
2022,BA,PSOL,nucleo_80,eleicao,27,16.0,0.0,0.0,0.0
2022,BA,PSOL,acima_divisao_igual,competitividade,27,10.0,0.0,0.0,0.0
2022,BA,PSOL,acima_divisao_igual,eleicao,27,10.0,0.0,0.0,0.0
2022,BA,PT,top_necr,competitividade,26,16.0,8.0,8.0,4.923076923076923
2022,BA,PT,top_necr,eleicao,26,16.0,7.0,7.0,4.3076923076923075
2022,BA,PT,nucleo_80,competitividade,26,11.0,8.0,8.0,3.3846153846153846
2022,BA,PT,nucleo_80,eleicao,26,11.0,7.0,7.0,2.9615384615384617
2022,BA,PT,acima_divisao_igual,competitividade,26,11.0,8.0,8.0,3.3846153846153846
2022,BA,PT,acima_divisao_igual,eleicao,26,11.0,7.0,7.0,2.9615384615384617
2022,BA,PTB,top_necr,competitividade,36,5.0,3.0,2.0,0.4166666666666667
2022,BA,PTB,top_necr,eleicao,36,5.0,0.0,0.0,0.0
2022,BA,PTB,nucleo_80,competitividade,36,9.0,3.0,2.0,0.75
2022,BA,PTB,nucleo_80,eleicao,36,9.0,0.0,0.0,0.0
2022,BA,PTB,acima_divisao_igual,competitividade,36,7.0,3.0,2.0,0.5833333333333334
2022,BA,PTB,acima_divisao_igual,eleicao,36,7.0,0.0,0.0,0.0
2022,BA,PV,top_necr,competitividade,3,1.0,1.0,1.0,0.3333333333333333
2022,BA,PV,top_necr,eleicao,3,1.0,1.0,1.0,0.3333333333333333
2022,BA,PV,nucleo_80,competitividade,3,1.0,1.0,1.0,0.3333333333333333
2022,BA,PV,nucleo_80,eleicao,3,1.0,1.0,1.0,0.3333333333333333
2022,BA,PV,acima_divisao_igual,competitividade,3,1.0,1.0,1.0,0.3333333333333333
2022,BA,PV,acima_divisao_igual,eleicao,3,1.0,1.0,1.0,0.3333333333333333
2022,BA,REDE,top_necr,competitividade,13,8.0,1.0,1.0,0.6153846153846154
2022,BA,REDE,top_necr,eleicao,13,8.0,0.0,0.0,0.0
2022,BA,REDE,nucleo_80,competitividade,13,6.0,1.0,1.0,0.46153846153846156
2022,BA,REDE,nucleo_80,eleicao,13,6.0,0.0,0.0,0.0
2022,BA,REDE,acima_divisao_igual,competitividade,13,5.0,1.0,1.0,0.38461538461538464
2022,BA,REDE,acima_divisao_igual,eleicao,13,5.0,0.0,0.0,0.0
2022,BA,REPUBLICANOS,top_necr,competitividade,40,14.0,5.0,4.0,1.75
2022,BA,REPUBLICANOS,top_necr,eleicao,40,14.0,3.0,3.0,1.05
2022,BA,REPUBLICANOS,nucleo_80,competitividade,40,12.0,5.0,4.0,1.5
2022,BA,REPUBLICANOS,nucleo_80,eleicao,40,12.0,3.0,3.0,0.9
2022,BA,REPUBLICANOS,acima_divisao_igual,competitividade,40,12.0,5.0,4.0,1.5
2022,BA,REPUBLICANOS,acima_divisao_igual,eleicao,40,12.0,3.0,3.0,0.9
2022,BA,SOLIDARIEDADE,top_necr,competitividade,33,14.0,0.0,0.0,0.0
2022,BA,SOLIDARIEDADE,top_necr,eleicao,33,14.0,0.0,0.0,0.0
2022,BA,SOLIDARIEDADE,nucleo_80,competitividade,33,16.0,0.0,0.0,0.0
2022,BA,SOLIDARIEDADE,nucleo_80,eleicao,33,16.0,0.0,0.0,0.0
2022,BA,SOLIDARIEDADE,acima_divisao_igual,competitividade,33,8.0,0.0,0.0,0.0
2022,BA,SOLIDARIEDADE,acima_divisao_igual,eleicao,33,8.0,0.0,0.0,0.0
2022,BA,UNIAO,top_necr,competitividade,34,20.0,14.0,14.0,8.235294117647058
2022,BA,UNIAO,top_necr,eleicao,34,20.0,6.0,6.0,3.5294117647058822
2022,BA,UNIAO,nucleo_80,competitividade,34,15.0,14.0,11.0,6.176470588235294
2022,BA,UNIAO,nucleo_80,eleicao,34,15.0,6.0,6.0,2.6470588235294117
2022,BA,UNIAO,acima_divisao_igual,competitividade,34,13.0,14.0,10.0,5.352941176470588
2022,BA,UNIAO,acima_divisao_igual,eleicao,34,13.0,6.0,6.0,2.2941176470588234
2022,BA,UP,top_necr,competitividade,1,1.0,0.0,0.0,0.0
2022,BA,UP,top_necr,eleicao,1,1.0,0.0,0.0,0.0
2022,BA,UP,nucleo_80,competitividade,1,1.0,0.0,0.0,0.0
2022,BA,UP,nucleo_80,eleicao,1,1.0,0.0,0.0,0.0
2022,BA,UP,acima_divisao_igual,competitividade,1,0.0,0.0,0.0,0.0
2022,BA,UP,acima_divisao_igual,eleicao,1,0.0,0.0,0.0,0.0
2022,CE,AGIR,top_necr,competitividade,14,12.0,0.0,0.0,0.0
2022,CE,AGIR,top_necr,eleicao,14,12.0,0.0,0.0,0.0
2022,CE,AGIR,nucleo_80,competitividade,14,10.0,0.0,0.0,0.0
2022,CE,AGIR,nucleo_80,eleicao,14,10.0,0.0,0.0,0.0
2022,CE,AGIR,acima_divisao_igual,competitividade,14,6.0,0.0,0.0,0.0
2022,CE,AGIR,acima_divisao_igual,eleicao,14,6.0,0.0,0.0,0.0
2022,CE,AVANTE,top_necr,competitividade,23,17.0,3.0,3.0,2.217391304347826
2022,CE,AVANTE,top_necr,eleicao,23,17.0,0.0,0.0,0.0
2022,CE,AVANTE,nucleo_80,competitividade,23,15.0,3.0,3.0,1.9565217391304348
2022,CE,AVANTE,nucleo_80,eleicao,23,15.0,0.0,0.0,0.0
2022,CE,AVANTE,acima_divisao_igual,competitividade,23,9.0,3.0,2.0,1.173913043478261
2022,CE,AVANTE,acima_divisao_igual,eleicao,23,9.0,0.0,0.0,0.0
2022,CE,CIDADANIA,top_necr,competitividade,3,1.0,1.0,1.0,0.3333333333333333
2022,CE,CIDADANIA,top_necr,eleicao,3,1.0,0.0,0.0,0.0
2022,CE,CIDADANIA,nucleo_80,competitividade,3,1.0,1.0,1.0,0.3333333333333333
2022,CE,CIDADANIA,nucleo_80,eleicao,3,1.0,0.0,0.0,0.0
2022,CE,CIDADANIA,acima_divisao_igual,competitividade,3,1.0,1.0,1.0,0.3333333333333333
2022,CE,CIDADANIA,acima_divisao_igual,eleicao,3,1.0,0.0,0.0,0.0
2022,CE,MDB,top_necr,competitividade,22,4.0,2.0,2.0,0.36363636363636365
2022,CE,MDB,top_necr,eleicao,22,4.0,1.0,1.0,0.18181818181818182
2022,CE,MDB,nucleo_80,competitividade,22,5.0,2.0,2.0,0.45454545454545453
2022,CE,MDB,nucleo_80,eleicao,22,5.0,1.0,1.0,0.22727272727272727
2022,CE,MDB,acima_divisao_igual,competitividade,22,4.0,2.0,2.0,0.36363636363636365
2022,CE,MDB,acima_divisao_igual,eleicao,22,4.0,1.0,1.0,0.18181818181818182
2022,CE,NOVO,top_necr,competitividade,1,1.0,0.0,0.0,0.0
2022,CE,NOVO,top_necr,eleicao,1,1.0,0.0,0.0,0.0
2022,CE,NOVO,nucleo_80,competitividade,1,1.0,0.0,0.0,0.0
2022,CE,NOVO,nucleo_80,eleicao,1,1.0,0.0,0.0,0.0
2022,CE,NOVO,acima_divisao_igual,competitividade,1,0.0,0.0,0.0,0.0
2022,CE,NOVO,acima_divisao_igual,eleicao,1,0.0,0.0,0.0,0.0
2022,CE,PATRIOTA,top_necr,competitividade,17,16.0,0.0,0.0,0.0
2022,CE,PATRIOTA,top_necr,eleicao,17,16.0,0.0,0.0,0.0
2022,CE,PATRIOTA,nucleo_80,competitividade,17,12.0,0.0,0.0,0.0
2022,CE,PATRIOTA,nucleo_80,eleicao,17,12.0,0.0,0.0,0.0
2022,CE,PATRIOTA,acima_divisao_igual,competitividade,17,10.0,0.0,0.0,0.0
2022,CE,PATRIOTA,acima_divisao_igual,eleicao,17,10.0,0.0,0.0,0.0
2022,CE,PC DO B,top_necr,competitividade,2,1.0,1.0,1.0,0.5
2022,CE,PC DO B,top_necr,eleicao,2,1.0,0.0,0.0,0.0
2022,CE,PC DO B,nucleo_80,competitividade,2,1.0,1.0,1.0,0.5
2022,CE,PC DO B,nucleo_80,eleicao,2,1.0,0.0,0.0,0.0
2022,CE,PC DO B,acima_divisao_igual,competitividade,2,1.0,1.0,1.0,0.5
2022,CE,PC DO B,acima_divisao_igual,eleicao,2,1.0,0.0,0.0,0.0
2022,CE,PCB,top_necr,competitividade,2,0.0,0.0,0.0,0.0
2022,CE,PCB,top_necr,eleicao,2,0.0,0.0,0.0,0.0
2022,CE,PCB,nucleo_80,competitividade,2,0.0,0.0,0.0,0.0
2022,CE,PCB,nucleo_80,eleicao,2,0.0,0.0,0.0,0.0
2022,CE,PCB,acima_divisao_igual,competitividade,2,0.0,0.0,0.0,0.0
2022,CE,PCB,acima_divisao_igual,eleicao,2,0.0,0.0,0.0,0.0
2022,CE,PCO,top_necr,competitividade,1,1.0,0.0,0.0,0.0
2022,CE,PCO,top_necr,eleicao,1,1.0,0.0,0.0,0.0
2022,CE,PCO,nucleo_80,competitividade,1,1.0,0.0,0.0,0.0
2022,CE,PCO,nucleo_80,eleicao,1,1.0,0.0,0.0,0.0
2022,CE,PCO,acima_divisao_igual,competitividade,1,0.0,0.0,0.0,0.0
2022,CE,PCO,acima_divisao_igual,eleicao,1,0.0,0.0,0.0,0.0
2022,CE,PDT,top_necr,competitividade,19,9.0,9.0,8.0,4.2631578947368425
2022,CE,PDT,top_necr,eleicao,19,9.0,5.0,5.0,2.3684210526315788
2022,CE,PDT,nucleo_80,competitividade,19,7.0,9.0,7.0,3.3157894736842106
2022,CE,PDT,nucleo_80,eleicao,19,7.0,5.0,5.0,1.8421052631578947
2022,CE,PDT,acima_divisao_igual,competitividade,19,7.0,9.0,7.0,3.3157894736842106
2022,CE,PDT,acima_divisao_igual,eleicao,19,7.0,5.0,5.0,1.8421052631578947
2022,CE,PL,top_necr,competitividade,18,7.0,8.0,5.0,3.111111111111111
2022,CE,PL,top_necr,eleicao,18,7.0,5.0,3.0,1.9444444444444444
2022,CE,PL,nucleo_80,competitividade,18,6.0,8.0,5.0,2.6666666666666665
2022,CE,PL,nucleo_80,eleicao,18,6.0,5.0,2.0,1.6666666666666667
2022,CE,PL,acima_divisao_igual,competitividade,18,5.0,8.0,5.0,2.2222222222222223
2022,CE,PL,acima_divisao_igual,eleicao,18,5.0,5.0,2.0,1.3888888888888888
2022,CE,PMB,top_necr,competitividade,8,8.0,0.0,0.0,0.0
2022,CE,PMB,top_necr,eleicao,8,8.0,0.0,0.0,0.0
2022,CE,PMB,nucleo_80,competitividade,8,7.0,0.0,0.0,0.0
2022,CE,PMB,nucleo_80,eleicao,8,7.0,0.0,0.0,0.0
2022,CE,PMB,acima_divisao_igual,competitividade,8,4.0,0.0,0.0,0.0
2022,CE,PMB,acima_divisao_igual,eleicao,8,4.0,0.0,0.0,0.0
2022,CE,PMN,top_necr,competitividade,8,4.0,0.0,0.0,0.0
2022,CE,PMN,top_necr,eleicao,8,4.0,0.0,0.0,0.0
2022,CE,PMN,nucleo_80,competitividade,8,3.0,0.0,0.0,0.0
2022,CE,PMN,nucleo_80,eleicao,8,3.0,0.0,0.0,0.0
2022,CE,PMN,acima_divisao_igual,competitividade,8,3.0,0.0,0.0,0.0
2022,CE,PMN,acima_divisao_igual,eleicao,8,3.0,0.0,0.0,0.0
2022,CE,PODE,top_necr,competitividade,18,16.0,1.0,1.0,0.8888888888888888
2022,CE,PODE,top_necr,eleicao,18,16.0,0.0,0.0,0.0
2022,CE,PODE,nucleo_80,competitividade,18,13.0,1.0,1.0,0.7222222222222222
2022,CE,PODE,nucleo_80,eleicao,18,13.0,0.0,0.0,0.0
2022,CE,PODE,acima_divisao_igual,competitividade,18,15.0,1.0,1.0,0.8333333333333334
2022,CE,PODE,acima_divisao_igual,eleicao,18,15.0,0.0,0.0,0.0
2022,CE,PP,top_necr,competitividade,16,7.0,4.0,4.0,1.75
2022,CE,PP,top_necr,eleicao,16,7.0,1.0,1.0,0.4375
2022,CE,PP,nucleo_80,competitividade,16,6.0,4.0,4.0,1.5
2022,CE,PP,nucleo_80,eleicao,16,6.0,1.0,1.0,0.375
2022,CE,PP,acima_divisao_igual,competitividade,16,5.0,4.0,4.0,1.25
2022,CE,PP,acima_divisao_igual,eleicao,16,5.0,1.0,1.0,0.3125
2022,CE,PROS,top_necr,competitividade,12,0.0,0.0,0.0,0.0
2022,CE,PROS,top_necr,eleicao,12,0.0,0.0,0.0,0.0
2022,CE,PROS,nucleo_80,competitividade,12,0.0,0.0,0.0,0.0
2022,CE,PROS,nucleo_80,eleicao,12,0.0,0.0,0.0,0.0
2022,CE,PROS,acima_divisao_igual,competitividade,12,0.0,0.0,0.0,0.0
2022,CE,PROS,acima_divisao_igual,eleicao,12,0.0,0.0,0.0,0.0
2022,CE,PSB,top_necr,competitividade,22,6.0,3.0,1.0,0.8181818181818182
2022,CE,PSB,top_necr,eleicao,22,6.0,0.0,0.0,0.0
2022,CE,PSB,nucleo_80,competitividade,22,10.0,3.0,1.0,1.3636363636363635
2022,CE,PSB,nucleo_80,eleicao,22,10.0,0.0,0.0,0.0
2022,CE,PSB,acima_divisao_igual,competitividade,22,6.0,3.0,1.0,0.8181818181818182
2022,CE,PSB,acima_divisao_igual,eleicao,22,6.0,0.0,0.0,0.0
2022,CE,PSC,top_necr,competitividade,18,11.0,0.0,0.0,0.0
2022,CE,PSC,top_necr,eleicao,18,11.0,0.0,0.0,0.0
2022,CE,PSC,nucleo_80,competitividade,18,9.0,0.0,0.0,0.0
2022,CE,PSC,nucleo_80,eleicao,18,9.0,0.0,0.0,0.0
2022,CE,PSC,acima_divisao_igual,competitividade,18,6.0,0.0,0.0,0.0
2022,CE,PSC,acima_divisao_igual,eleicao,18,6.0,0.0,0.0,0.0
2022,CE,PSD,top_necr,competitividade,17,8.0,3.0,3.0,1.411764705882353
2022,CE,PSD,top_necr,eleicao,17,8.0,3.0,3.0,1.411764705882353
2022,CE,PSD,nucleo_80,competitividade,17,7.0,3.0,3.0,1.2352941176470589
2022,CE,PSD,nucleo_80,eleicao,17,7.0,3.0,3.0,1.2352941176470589
2022,CE,PSD,acima_divisao_igual,competitividade,17,6.0,3.0,3.0,1.0588235294117647
2022,CE,PSD,acima_divisao_igual,eleicao,17,6.0,3.0,3.0,1.0588235294117647
2022,CE,PSDB,top_necr,competitividade,11,2.0,0.0,0.0,0.0
2022,CE,PSDB,top_necr,eleicao,11,2.0,0.0,0.0,0.0
2022,CE,PSDB,nucleo_80,competitividade,11,2.0,0.0,0.0,0.0
2022,CE,PSDB,nucleo_80,eleicao,11,2.0,0.0,0.0,0.0
2022,CE,PSDB,acima_divisao_igual,competitividade,11,2.0,0.0,0.0,0.0
2022,CE,PSDB,acima_divisao_igual,eleicao,11,2.0,0.0,0.0,0.0
2022,CE,PSOL,top_necr,competitividade,18,12.0,1.0,1.0,0.6666666666666666
2022,CE,PSOL,top_necr,eleicao,18,12.0,0.0,0.0,0.0
2022,CE,PSOL,nucleo_80,competitividade,18,9.0,1.0,1.0,0.5
2022,CE,PSOL,nucleo_80,eleicao,18,9.0,0.0,0.0,0.0
2022,CE,PSOL,acima_divisao_igual,competitividade,18,7.0,1.0,1.0,0.3888888888888889
2022,CE,PSOL,acima_divisao_igual,eleicao,18,7.0,0.0,0.0,0.0
2022,CE,PT,top_necr,competitividade,15,5.0,3.0,3.0,1.0
2022,CE,PT,top_necr,eleicao,15,5.0,3.0,3.0,1.0
2022,CE,PT,nucleo_80,competitividade,15,4.0,3.0,3.0,0.8
2022,CE,PT,nucleo_80,eleicao,15,4.0,3.0,3.0,0.8
2022,CE,PT,acima_divisao_igual,competitividade,15,4.0,3.0,3.0,0.8
2022,CE,PT,acima_divisao_igual,eleicao,15,4.0,3.0,3.0,0.8
2022,CE,PTB,top_necr,competitividade,19,3.0,0.0,0.0,0.0
2022,CE,PTB,top_necr,eleicao,19,3.0,0.0,0.0,0.0
2022,CE,PTB,nucleo_80,competitividade,19,3.0,0.0,0.0,0.0
2022,CE,PTB,nucleo_80,eleicao,19,3.0,0.0,0.0,0.0
2022,CE,PTB,acima_divisao_igual,competitividade,19,3.0,0.0,0.0,0.0
2022,CE,PTB,acima_divisao_igual,eleicao,19,3.0,0.0,0.0,0.0
2022,CE,PV,top_necr,competitividade,2,1.0,1.0,1.0,0.5
2022,CE,PV,top_necr,eleicao,2,1.0,0.0,0.0,0.0
2022,CE,PV,nucleo_80,competitividade,2,2.0,1.0,1.0,1.0
2022,CE,PV,nucleo_80,eleicao,2,2.0,0.0,0.0,0.0
2022,CE,PV,acima_divisao_igual,competitividade,2,1.0,1.0,1.0,0.5
2022,CE,PV,acima_divisao_igual,eleicao,2,1.0,0.0,0.0,0.0
2022,CE,REDE,top_necr,competitividade,4,2.0,0.0,0.0,0.0
2022,CE,REDE,top_necr,eleicao,4,2.0,0.0,0.0,0.0
2022,CE,REDE,nucleo_80,competitividade,4,2.0,0.0,0.0,0.0
2022,CE,REDE,nucleo_80,eleicao,4,2.0,0.0,0.0,0.0
2022,CE,REDE,acima_divisao_igual,competitividade,4,2.0,0.0,0.0,0.0
2022,CE,REDE,acima_divisao_igual,eleicao,4,2.0,0.0,0.0,0.0
2022,CE,REPUBLICANOS,top_necr,competitividade,16,7.0,1.0,1.0,0.4375
2022,CE,REPUBLICANOS,top_necr,eleicao,16,7.0,0.0,0.0,0.0
2022,CE,REPUBLICANOS,nucleo_80,competitividade,16,7.0,1.0,1.0,0.4375
2022,CE,REPUBLICANOS,nucleo_80,eleicao,16,7.0,0.0,0.0,0.0
2022,CE,REPUBLICANOS,acima_divisao_igual,competitividade,16,4.0,1.0,1.0,0.25
2022,CE,REPUBLICANOS,acima_divisao_igual,eleicao,16,4.0,0.0,0.0,0.0
2022,CE,UNIAO,top_necr,competitividade,23,13.0,8.0,7.0,4.521739130434782
2022,CE,UNIAO,top_necr,eleicao,23,13.0,4.0,4.0,2.260869565217391
2022,CE,UNIAO,nucleo_80,competitividade,23,10.0,8.0,7.0,3.4782608695652173
2022,CE,UNIAO,nucleo_80,eleicao,23,10.0,4.0,4.0,1.7391304347826086
2022,CE,UNIAO,acima_divisao_igual,competitividade,23,9.0,8.0,7.0,3.130434782608696
2022,CE,UNIAO,acima_divisao_igual,eleicao,23,9.0,4.0,4.0,1.565217391304348
2022,CE,UP,top_necr,competitividade,1,1.0,0.0,0.0,0.0
2022,CE,UP,top_necr,eleicao,1,1.0,0.0,0.0,0.0
2022,CE,UP,nucleo_80,competitividade,1,1.0,0.0,0.0,0.0
2022,CE,UP,nucleo_80,eleicao,1,1.0,0.0,0.0,0.0
2022,CE,UP,acima_divisao_igual,competitividade,1,0.0,0.0,0.0,0.0
2022,CE,UP,acima_divisao_igual,eleicao,1,0.0,0.0,0.0,0.0
2022,DF,AGIR,top_necr,competitividade,8,5.0,0.0,0.0,0.0
2022,DF,AGIR,top_necr,eleicao,8,5.0,0.0,0.0,0.0
2022,DF,AGIR,nucleo_80,competitividade,8,4.0,0.0,0.0,0.0
2022,DF,AGIR,nucleo_80,eleicao,8,4.0,0.0,0.0,0.0
2022,DF,AGIR,acima_divisao_igual,competitividade,8,5.0,0.0,0.0,0.0
2022,DF,AGIR,acima_divisao_igual,eleicao,8,5.0,0.0,0.0,0.0
2022,DF,AVANTE,top_necr,competitividade,9,4.0,1.0,0.0,0.4444444444444444
2022,DF,AVANTE,top_necr,eleicao,9,4.0,0.0,0.0,0.0
2022,DF,AVANTE,nucleo_80,competitividade,9,3.0,1.0,0.0,0.3333333333333333
2022,DF,AVANTE,nucleo_80,eleicao,9,3.0,0.0,0.0,0.0
2022,DF,AVANTE,acima_divisao_igual,competitividade,9,3.0,1.0,0.0,0.3333333333333333
2022,DF,AVANTE,acima_divisao_igual,eleicao,9,3.0,0.0,0.0,0.0
2022,DF,CIDADANIA,top_necr,competitividade,6,3.0,0.0,0.0,0.0
2022,DF,CIDADANIA,top_necr,eleicao,6,3.0,0.0,0.0,0.0
2022,DF,CIDADANIA,nucleo_80,competitividade,6,3.0,0.0,0.0,0.0
2022,DF,CIDADANIA,nucleo_80,eleicao,6,3.0,0.0,0.0,0.0
2022,DF,CIDADANIA,acima_divisao_igual,competitividade,6,2.0,0.0,0.0,0.0
2022,DF,CIDADANIA,acima_divisao_igual,eleicao,6,2.0,0.0,0.0,0.0
2022,DF,DC,top_necr,competitividade,9,7.0,0.0,0.0,0.0
2022,DF,DC,top_necr,eleicao,9,7.0,0.0,0.0,0.0
2022,DF,DC,nucleo_80,competitividade,9,6.0,0.0,0.0,0.0
2022,DF,DC,nucleo_80,eleicao,9,6.0,0.0,0.0,0.0
2022,DF,DC,acima_divisao_igual,competitividade,9,4.0,0.0,0.0,0.0
2022,DF,DC,acima_divisao_igual,eleicao,9,4.0,0.0,0.0,0.0
2022,DF,MDB,top_necr,competitividade,8,4.0,2.0,2.0,1.0
2022,DF,MDB,top_necr,eleicao,8,4.0,1.0,1.0,0.5
2022,DF,MDB,nucleo_80,competitividade,8,5.0,2.0,2.0,1.25
2022,DF,MDB,nucleo_80,eleicao,8,5.0,1.0,1.0,0.625
2022,DF,MDB,acima_divisao_igual,competitividade,8,1.0,2.0,1.0,0.25
2022,DF,MDB,acima_divisao_igual,eleicao,8,1.0,1.0,1.0,0.125
2022,DF,NOVO,top_necr,competitividade,5,0.0,0.0,0.0,0.0
2022,DF,NOVO,top_necr,eleicao,6,1.0,0.0,0.0,0.0
2022,DF,NOVO,nucleo_80,competitividade,5,0.0,0.0,0.0,0.0
2022,DF,NOVO,nucleo_80,eleicao,6,1.0,0.0,0.0,0.0
2022,DF,NOVO,acima_divisao_igual,competitividade,5,0.0,0.0,0.0,0.0
2022,DF,NOVO,acima_divisao_igual,eleicao,6,1.0,0.0,0.0,0.0
2022,DF,PATRIOTA,top_necr,competitividade,7,2.0,0.0,0.0,0.0
2022,DF,PATRIOTA,top_necr,eleicao,7,2.0,0.0,0.0,0.0
2022,DF,PATRIOTA,nucleo_80,competitividade,7,2.0,0.0,0.0,0.0
2022,DF,PATRIOTA,nucleo_80,eleicao,7,2.0,0.0,0.0,0.0
2022,DF,PATRIOTA,acima_divisao_igual,competitividade,7,1.0,0.0,0.0,0.0
2022,DF,PATRIOTA,acima_divisao_igual,eleicao,7,1.0,0.0,0.0,0.0
2022,DF,PC DO B,top_necr,competitividade,2,2.0,0.0,0.0,0.0
2022,DF,PC DO B,top_necr,eleicao,2,2.0,0.0,0.0,0.0
2022,DF,PC DO B,nucleo_80,competitividade,2,2.0,0.0,0.0,0.0
2022,DF,PC DO B,nucleo_80,eleicao,2,2.0,0.0,0.0,0.0
2022,DF,PC DO B,acima_divisao_igual,competitividade,2,1.0,0.0,0.0,0.0
2022,DF,PC DO B,acima_divisao_igual,eleicao,2,1.0,0.0,0.0,0.0
2022,DF,PCO,top_necr,competitividade,5,5.0,0.0,0.0,0.0
2022,DF,PCO,top_necr,eleicao,5,5.0,0.0,0.0,0.0
2022,DF,PCO,nucleo_80,competitividade,5,4.0,0.0,0.0,0.0
2022,DF,PCO,nucleo_80,eleicao,5,4.0,0.0,0.0,0.0
2022,DF,PCO,acima_divisao_igual,competitividade,5,0.0,0.0,0.0,0.0
2022,DF,PCO,acima_divisao_igual,eleicao,5,0.0,0.0,0.0,0.0
2022,DF,PDT,top_necr,competitividade,9,9.0,0.0,0.0,0.0
2022,DF,PDT,top_necr,eleicao,9,9.0,0.0,0.0,0.0
2022,DF,PDT,nucleo_80,competitividade,9,7.0,0.0,0.0,0.0
2022,DF,PDT,nucleo_80,eleicao,9,7.0,0.0,0.0,0.0
2022,DF,PDT,acima_divisao_igual,competitividade,9,3.0,0.0,0.0,0.0
2022,DF,PDT,acima_divisao_igual,eleicao,9,3.0,0.0,0.0,0.0
2022,DF,PL,top_necr,competitividade,8,4.0,2.0,2.0,1.0
2022,DF,PL,top_necr,eleicao,8,4.0,2.0,2.0,1.0
2022,DF,PL,nucleo_80,competitividade,8,4.0,2.0,2.0,1.0
2022,DF,PL,nucleo_80,eleicao,8,4.0,2.0,2.0,1.0
2022,DF,PL,acima_divisao_igual,competitividade,8,2.0,2.0,2.0,0.5
2022,DF,PL,acima_divisao_igual,eleicao,8,2.0,2.0,2.0,0.5
2022,DF,PMN,top_necr,competitividade,9,1.0,0.0,0.0,0.0
2022,DF,PMN,top_necr,eleicao,9,1.0,0.0,0.0,0.0
2022,DF,PMN,nucleo_80,competitividade,9,1.0,0.0,0.0,0.0
2022,DF,PMN,nucleo_80,eleicao,9,1.0,0.0,0.0,0.0
2022,DF,PMN,acima_divisao_igual,competitividade,9,2.0,0.0,0.0,0.0
2022,DF,PMN,acima_divisao_igual,eleicao,9,2.0,0.0,0.0,0.0
2022,DF,PODE,top_necr,competitividade,9,7.0,0.0,0.0,0.0
2022,DF,PODE,top_necr,eleicao,9,7.0,0.0,0.0,0.0
2022,DF,PODE,nucleo_80,competitividade,9,6.0,0.0,0.0,0.0
2022,DF,PODE,nucleo_80,eleicao,9,6.0,0.0,0.0,0.0
2022,DF,PODE,acima_divisao_igual,competitividade,9,3.0,0.0,0.0,0.0
2022,DF,PODE,acima_divisao_igual,eleicao,9,3.0,0.0,0.0,0.0
2022,DF,PP,top_necr,competitividade,9,7.0,3.0,3.0,2.3333333333333335
2022,DF,PP,top_necr,eleicao,9,7.0,0.0,0.0,0.0
2022,DF,PP,nucleo_80,competitividade,9,6.0,3.0,3.0,2.0
2022,DF,PP,nucleo_80,eleicao,9,6.0,0.0,0.0,0.0
2022,DF,PP,acima_divisao_igual,competitividade,9,4.0,3.0,3.0,1.3333333333333333
2022,DF,PP,acima_divisao_igual,eleicao,9,4.0,0.0,0.0,0.0
2022,DF,PROS,top_necr,competitividade,8,2.0,0.0,0.0,0.0
2022,DF,PROS,top_necr,eleicao,8,2.0,0.0,0.0,0.0
2022,DF,PROS,nucleo_80,competitividade,8,2.0,0.0,0.0,0.0
2022,DF,PROS,nucleo_80,eleicao,8,2.0,0.0,0.0,0.0
2022,DF,PROS,acima_divisao_igual,competitividade,8,2.0,0.0,0.0,0.0
2022,DF,PROS,acima_divisao_igual,eleicao,8,2.0,0.0,0.0,0.0
2022,DF,PRTB,top_necr,competitividade,3,2.0,0.0,0.0,0.0
2022,DF,PRTB,top_necr,eleicao,3,2.0,0.0,0.0,0.0
2022,DF,PRTB,nucleo_80,competitividade,3,3.0,0.0,0.0,0.0
2022,DF,PRTB,nucleo_80,eleicao,3,3.0,0.0,0.0,0.0
2022,DF,PRTB,acima_divisao_igual,competitividade,3,1.0,0.0,0.0,0.0
2022,DF,PRTB,acima_divisao_igual,eleicao,3,1.0,0.0,0.0,0.0
2022,DF,PSB,top_necr,competitividade,9,4.0,2.0,2.0,0.8888888888888888
2022,DF,PSB,top_necr,eleicao,9,4.0,0.0,0.0,0.0
2022,DF,PSB,nucleo_80,competitividade,9,4.0,2.0,2.0,0.8888888888888888
2022,DF,PSB,nucleo_80,eleicao,9,4.0,0.0,0.0,0.0
2022,DF,PSB,acima_divisao_igual,competitividade,9,2.0,2.0,2.0,0.4444444444444444
2022,DF,PSB,acima_divisao_igual,eleicao,9,2.0,0.0,0.0,0.0
2022,DF,PSC,top_necr,competitividade,9,7.0,0.0,0.0,0.0
2022,DF,PSC,top_necr,eleicao,9,7.0,0.0,0.0,0.0
2022,DF,PSC,nucleo_80,competitividade,9,6.0,0.0,0.0,0.0
2022,DF,PSC,nucleo_80,eleicao,9,6.0,0.0,0.0,0.0
2022,DF,PSC,acima_divisao_igual,competitividade,9,4.0,0.0,0.0,0.0
2022,DF,PSC,acima_divisao_igual,eleicao,9,4.0,0.0,0.0,0.0
2022,DF,PSD,top_necr,competitividade,9,8.0,2.0,2.0,1.7777777777777777
2022,DF,PSD,top_necr,eleicao,9,8.0,0.0,0.0,0.0
2022,DF,PSD,nucleo_80,competitividade,9,6.0,2.0,1.0,1.3333333333333333
2022,DF,PSD,nucleo_80,eleicao,9,6.0,0.0,0.0,0.0
2022,DF,PSD,acima_divisao_igual,competitividade,9,5.0,2.0,1.0,1.1111111111111112
2022,DF,PSD,acima_divisao_igual,eleicao,9,5.0,0.0,0.0,0.0
2022,DF,PSDB,top_necr,competitividade,3,1.0,0.0,0.0,0.0
2022,DF,PSDB,top_necr,eleicao,3,1.0,0.0,0.0,0.0
2022,DF,PSDB,nucleo_80,competitividade,3,1.0,0.0,0.0,0.0
2022,DF,PSDB,nucleo_80,eleicao,3,1.0,0.0,0.0,0.0
2022,DF,PSDB,acima_divisao_igual,competitividade,3,1.0,0.0,0.0,0.0
2022,DF,PSDB,acima_divisao_igual,eleicao,3,1.0,0.0,0.0,0.0
2022,DF,PSOL,top_necr,competitividade,6,5.0,0.0,0.0,0.0
2022,DF,PSOL,top_necr,eleicao,6,5.0,0.0,0.0,0.0
2022,DF,PSOL,nucleo_80,competitividade,6,5.0,0.0,0.0,0.0
2022,DF,PSOL,nucleo_80,eleicao,6,5.0,0.0,0.0,0.0
2022,DF,PSOL,acima_divisao_igual,competitividade,6,3.0,0.0,0.0,0.0
2022,DF,PSOL,acima_divisao_igual,eleicao,6,3.0,0.0,0.0,0.0
2022,DF,PSTU,top_necr,competitividade,2,2.0,0.0,0.0,0.0
2022,DF,PSTU,top_necr,eleicao,2,2.0,0.0,0.0,0.0
2022,DF,PSTU,nucleo_80,competitividade,2,2.0,0.0,0.0,0.0
2022,DF,PSTU,nucleo_80,eleicao,2,2.0,0.0,0.0,0.0
2022,DF,PSTU,acima_divisao_igual,competitividade,2,0.0,0.0,0.0,0.0
2022,DF,PSTU,acima_divisao_igual,eleicao,2,0.0,0.0,0.0,0.0
2022,DF,PT,top_necr,competitividade,4,2.0,2.0,1.0,1.0
2022,DF,PT,top_necr,eleicao,4,2.0,1.0,1.0,0.5
2022,DF,PT,nucleo_80,competitividade,4,3.0,2.0,1.0,1.5
2022,DF,PT,nucleo_80,eleicao,4,3.0,1.0,1.0,0.75
2022,DF,PT,acima_divisao_igual,competitividade,4,1.0,2.0,1.0,0.5
2022,DF,PT,acima_divisao_igual,eleicao,4,1.0,1.0,1.0,0.25
2022,DF,PTB,top_necr,competitividade,9,5.0,0.0,0.0,0.0
2022,DF,PTB,top_necr,eleicao,9,5.0,0.0,0.0,0.0
2022,DF,PTB,nucleo_80,competitividade,9,4.0,0.0,0.0,0.0
2022,DF,PTB,nucleo_80,eleicao,9,4.0,0.0,0.0,0.0
2022,DF,PTB,acima_divisao_igual,competitividade,9,4.0,0.0,0.0,0.0
2022,DF,PTB,acima_divisao_igual,eleicao,9,4.0,0.0,0.0,0.0
2022,DF,PV,top_necr,competitividade,2,1.0,1.0,1.0,0.5
2022,DF,PV,top_necr,eleicao,2,1.0,1.0,1.0,0.5
2022,DF,PV,nucleo_80,competitividade,2,1.0,1.0,1.0,0.5
2022,DF,PV,nucleo_80,eleicao,2,1.0,1.0,1.0,0.5
2022,DF,PV,acima_divisao_igual,competitividade,2,1.0,1.0,1.0,0.5
2022,DF,PV,acima_divisao_igual,eleicao,2,1.0,1.0,1.0,0.5
2022,DF,REDE,top_necr,competitividade,3,3.0,0.0,0.0,0.0
2022,DF,REDE,top_necr,eleicao,3,3.0,0.0,0.0,0.0
2022,DF,REDE,nucleo_80,competitividade,3,3.0,0.0,0.0,0.0
2022,DF,REDE,nucleo_80,eleicao,3,3.0,0.0,0.0,0.0
2022,DF,REDE,acima_divisao_igual,competitividade,3,2.0,0.0,0.0,0.0
2022,DF,REDE,acima_divisao_igual,eleicao,3,2.0,0.0,0.0,0.0
2022,DF,REPUBLICANOS,top_necr,competitividade,9,7.0,3.0,3.0,2.3333333333333335
2022,DF,REPUBLICANOS,top_necr,eleicao,9,7.0,3.0,3.0,2.3333333333333335
2022,DF,REPUBLICANOS,nucleo_80,competitividade,9,6.0,3.0,3.0,2.0
2022,DF,REPUBLICANOS,nucleo_80,eleicao,9,6.0,3.0,3.0,2.0
2022,DF,REPUBLICANOS,acima_divisao_igual,competitividade,9,2.0,3.0,2.0,0.6666666666666666
2022,DF,REPUBLICANOS,acima_divisao_igual,eleicao,9,2.0,3.0,2.0,0.6666666666666666
2022,DF,SOLIDARIEDADE,top_necr,competitividade,7,3.0,0.0,0.0,0.0
2022,DF,SOLIDARIEDADE,top_necr,eleicao,7,3.0,0.0,0.0,0.0
2022,DF,SOLIDARIEDADE,nucleo_80,competitividade,7,3.0,0.0,0.0,0.0
2022,DF,SOLIDARIEDADE,nucleo_80,eleicao,7,3.0,0.0,0.0,0.0
2022,DF,SOLIDARIEDADE,acima_divisao_igual,competitividade,7,3.0,0.0,0.0,0.0
2022,DF,SOLIDARIEDADE,acima_divisao_igual,eleicao,7,3.0,0.0,0.0,0.0
2022,DF,UNIAO,top_necr,competitividade,9,6.0,3.0,3.0,2.0
2022,DF,UNIAO,top_necr,eleicao,9,6.0,0.0,0.0,0.0
2022,DF,UNIAO,nucleo_80,competitividade,9,5.0,3.0,3.0,1.6666666666666667
2022,DF,UNIAO,nucleo_80,eleicao,9,5.0,0.0,0.0,0.0
2022,DF,UNIAO,acima_divisao_igual,competitividade,9,3.0,3.0,3.0,1.0
2022,DF,UNIAO,acima_divisao_igual,eleicao,9,3.0,0.0,0.0,0.0
2022,DF,UP,top_necr,competitividade,1,1.0,0.0,0.0,0.0
2022,DF,UP,top_necr,eleicao,1,1.0,0.0,0.0,0.0
2022,DF,UP,nucleo_80,competitividade,1,1.0,0.0,0.0,0.0
2022,DF,UP,nucleo_80,eleicao,1,1.0,0.0,0.0,0.0
2022,DF,UP,acima_divisao_igual,competitividade,1,0.0,0.0,0.0,0.0
2022,DF,UP,acima_divisao_igual,eleicao,1,0.0,0.0,0.0,0.0
2022,ES,AGIR,top_necr,competitividade,3,0.0,0.0,0.0,0.0
2022,ES,AGIR,top_necr,eleicao,3,0.0,0.0,0.0,0.0
2022,ES,AGIR,nucleo_80,competitividade,3,0.0,0.0,0.0,0.0
2022,ES,AGIR,nucleo_80,eleicao,3,0.0,0.0,0.0,0.0
2022,ES,AGIR,acima_divisao_igual,competitividade,3,0.0,0.0,0.0,0.0
2022,ES,AGIR,acima_divisao_igual,eleicao,3,0.0,0.0,0.0,0.0
2022,ES,AVANTE,top_necr,competitividade,7,1.0,0.0,0.0,0.0
2022,ES,AVANTE,top_necr,eleicao,7,1.0,0.0,0.0,0.0
2022,ES,AVANTE,nucleo_80,competitividade,7,1.0,0.0,0.0,0.0
2022,ES,AVANTE,nucleo_80,eleicao,7,1.0,0.0,0.0,0.0
2022,ES,AVANTE,acima_divisao_igual,competitividade,7,1.0,0.0,0.0,0.0
2022,ES,AVANTE,acima_divisao_igual,eleicao,7,1.0,0.0,0.0,0.0
2022,ES,CIDADANIA,top_necr,competitividade,2,1.0,0.0,0.0,0.0
2022,ES,CIDADANIA,top_necr,eleicao,2,1.0,0.0,0.0,0.0
2022,ES,CIDADANIA,nucleo_80,competitividade,2,1.0,0.0,0.0,0.0
2022,ES,CIDADANIA,nucleo_80,eleicao,2,1.0,0.0,0.0,0.0
2022,ES,CIDADANIA,acima_divisao_igual,competitividade,2,1.0,0.0,0.0,0.0
2022,ES,CIDADANIA,acima_divisao_igual,eleicao,2,1.0,0.0,0.0,0.0
2022,ES,DC,top_necr,competitividade,8,8.0,0.0,0.0,0.0
2022,ES,DC,top_necr,eleicao,8,8.0,0.0,0.0,0.0
2022,ES,DC,nucleo_80,competitividade,8,6.0,0.0,0.0,0.0
2022,ES,DC,nucleo_80,eleicao,8,6.0,0.0,0.0,0.0
2022,ES,DC,acima_divisao_igual,competitividade,8,4.0,0.0,0.0,0.0
2022,ES,DC,acima_divisao_igual,eleicao,8,4.0,0.0,0.0,0.0
2022,ES,NOVO,top_necr,competitividade,1,1.0,0.0,0.0,0.0
2022,ES,NOVO,top_necr,eleicao,1,1.0,0.0,0.0,0.0
2022,ES,NOVO,nucleo_80,competitividade,1,1.0,0.0,0.0,0.0
2022,ES,NOVO,nucleo_80,eleicao,1,1.0,0.0,0.0,0.0
2022,ES,NOVO,acima_divisao_igual,competitividade,1,0.0,0.0,0.0,0.0
2022,ES,NOVO,acima_divisao_igual,eleicao,1,0.0,0.0,0.0,0.0
2022,ES,PATRIOTA,top_necr,competitividade,11,6.0,3.0,3.0,1.6363636363636365
2022,ES,PATRIOTA,top_necr,eleicao,11,6.0,0.0,0.0,0.0
2022,ES,PATRIOTA,nucleo_80,competitividade,11,7.0,3.0,3.0,1.9090909090909092
2022,ES,PATRIOTA,nucleo_80,eleicao,11,7.0,0.0,0.0,0.0
2022,ES,PATRIOTA,acima_divisao_igual,competitividade,11,3.0,3.0,1.0,0.8181818181818182
2022,ES,PATRIOTA,acima_divisao_igual,eleicao,11,3.0,0.0,0.0,0.0
2022,ES,PC DO B,top_necr,competitividade,2,1.0,0.0,0.0,0.0
2022,ES,PC DO B,top_necr,eleicao,2,1.0,0.0,0.0,0.0
2022,ES,PC DO B,nucleo_80,competitividade,2,1.0,0.0,0.0,0.0
2022,ES,PC DO B,nucleo_80,eleicao,2,1.0,0.0,0.0,0.0
2022,ES,PC DO B,acima_divisao_igual,competitividade,2,1.0,0.0,0.0,0.0
2022,ES,PC DO B,acima_divisao_igual,eleicao,2,1.0,0.0,0.0,0.0
2022,ES,PDT,top_necr,competitividade,11,4.0,2.0,1.5,0.7272727272727273
2022,ES,PDT,top_necr,eleicao,11,4.0,0.0,0.0,0.0
2022,ES,PDT,nucleo_80,competitividade,11,5.0,2.0,1.75,0.9090909090909091
2022,ES,PDT,nucleo_80,eleicao,11,5.0,0.0,0.0,0.0
2022,ES,PDT,acima_divisao_igual,competitividade,11,2.0,2.0,1.0,0.36363636363636365
2022,ES,PDT,acima_divisao_igual,eleicao,11,2.0,0.0,0.0,0.0
2022,ES,PL,top_necr,competitividade,11,11.0,0.0,0.0,0.0
2022,ES,PL,top_necr,eleicao,11,11.0,1.0,1.0,1.0
2022,ES,PL,nucleo_80,competitividade,11,9.000000000000002,0.0,0.0,0.0
2022,ES,PL,nucleo_80,eleicao,11,9.000000000000002,1.0,0.8,0.8181818181818183
2022,ES,PL,acima_divisao_igual,competitividade,11,1.0,0.0,0.0,0.0
2022,ES,PL,acima_divisao_igual,eleicao,11,1.0,1.0,0.0,0.09090909090909091
2022,ES,PMB,top_necr,competitividade,6,0.0,0.0,0.0,0.0
2022,ES,PMB,top_necr,eleicao,6,0.0,0.0,0.0,0.0
2022,ES,PMB,nucleo_80,competitividade,6,0.0,0.0,0.0,0.0
2022,ES,PMB,nucleo_80,eleicao,6,0.0,0.0,0.0,0.0
2022,ES,PMB,acima_divisao_igual,competitividade,6,0.0,0.0,0.0,0.0
2022,ES,PMB,acima_divisao_igual,eleicao,6,0.0,0.0,0.0,0.0
2022,ES,PODE,top_necr,competitividade,11,8.0,3.0,2.0,2.1818181818181817
2022,ES,PODE,top_necr,eleicao,11,8.0,2.0,2.0,1.4545454545454546
2022,ES,PODE,nucleo_80,competitividade,11,7.0,3.0,2.0,1.9090909090909092
2022,ES,PODE,nucleo_80,eleicao,11,7.0,2.0,2.0,1.2727272727272727
2022,ES,PODE,acima_divisao_igual,competitividade,11,3.0,3.0,0.0,0.8181818181818182
2022,ES,PODE,acima_divisao_igual,eleicao,11,3.0,2.0,2.0,0.5454545454545454
2022,ES,PP,top_necr,competitividade,11,9.0,6.0,6.0,4.909090909090909
2022,ES,PP,top_necr,eleicao,11,9.0,2.0,2.0,1.6363636363636365
2022,ES,PP,nucleo_80,competitividade,11,7.0,6.0,6.0,3.8181818181818183
2022,ES,PP,nucleo_80,eleicao,11,7.0,2.0,2.0,1.2727272727272727
2022,ES,PP,acima_divisao_igual,competitividade,11,6.0,6.0,6.0,3.272727272727273
2022,ES,PP,acima_divisao_igual,eleicao,11,6.0,2.0,2.0,1.0909090909090908
2022,ES,PRTB,top_necr,competitividade,8,0.0,0.0,0.0,0.0
2022,ES,PRTB,top_necr,eleicao,8,0.0,0.0,0.0,0.0
2022,ES,PRTB,nucleo_80,competitividade,8,0.0,0.0,0.0,0.0
2022,ES,PRTB,nucleo_80,eleicao,8,0.0,0.0,0.0,0.0
2022,ES,PRTB,acima_divisao_igual,competitividade,8,0.0,0.0,0.0,0.0
2022,ES,PRTB,acima_divisao_igual,eleicao,8,0.0,0.0,0.0,0.0
2022,ES,PSB,top_necr,competitividade,11,7.0,6.0,5.0,3.8181818181818183
2022,ES,PSB,top_necr,eleicao,11,7.0,1.0,1.0,0.6363636363636364
2022,ES,PSB,nucleo_80,competitividade,11,6.0,6.0,4.0,3.272727272727273
2022,ES,PSB,nucleo_80,eleicao,11,6.0,1.0,1.0,0.5454545454545454
2022,ES,PSB,acima_divisao_igual,competitividade,11,5.0,6.0,4.0,2.727272727272727
2022,ES,PSB,acima_divisao_igual,eleicao,11,5.0,1.0,1.0,0.45454545454545453
2022,ES,PSC,top_necr,competitividade,10,4.0,5.0,4.0,2.0
2022,ES,PSC,top_necr,eleicao,10,4.0,0.0,0.0,0.0
2022,ES,PSC,nucleo_80,competitividade,10,4.0,5.0,4.0,2.0
2022,ES,PSC,nucleo_80,eleicao,10,4.0,0.0,0.0,0.0
2022,ES,PSC,acima_divisao_igual,competitividade,10,3.0,5.0,3.0,1.5
2022,ES,PSC,acima_divisao_igual,eleicao,10,3.0,0.0,0.0,0.0
2022,ES,PSD,top_necr,competitividade,5,3.0,0.0,0.0,0.0
2022,ES,PSD,top_necr,eleicao,5,3.0,0.0,0.0,0.0
2022,ES,PSD,nucleo_80,competitividade,5,3.0,0.0,0.0,0.0
2022,ES,PSD,nucleo_80,eleicao,5,3.0,0.0,0.0,0.0
2022,ES,PSD,acima_divisao_igual,competitividade,5,2.0,0.0,0.0,0.0
2022,ES,PSD,acima_divisao_igual,eleicao,5,2.0,0.0,0.0,0.0
2022,ES,PSDB,top_necr,competitividade,9,6.0,3.0,3.0,2.0
2022,ES,PSDB,top_necr,eleicao,9,6.0,0.0,0.0,0.0
2022,ES,PSDB,nucleo_80,competitividade,9,4.0,3.0,3.0,1.3333333333333333
2022,ES,PSDB,nucleo_80,eleicao,9,4.0,0.0,0.0,0.0
2022,ES,PSDB,acima_divisao_igual,competitividade,9,4.0,3.0,3.0,1.3333333333333333
2022,ES,PSDB,acima_divisao_igual,eleicao,9,4.0,0.0,0.0,0.0
2022,ES,PSOL,top_necr,competitividade,3,3.0,0.0,0.0,0.0
2022,ES,PSOL,top_necr,eleicao,3,3.0,0.0,0.0,0.0
2022,ES,PSOL,nucleo_80,competitividade,3,2.0,0.0,0.0,0.0
2022,ES,PSOL,nucleo_80,eleicao,3,2.0,0.0,0.0,0.0
2022,ES,PSOL,acima_divisao_igual,competitividade,3,2.0,0.0,0.0,0.0
2022,ES,PSOL,acima_divisao_igual,eleicao,3,2.0,0.0,0.0,0.0
2022,ES,PT,top_necr,competitividade,7,3.0,2.0,1.0,0.8571428571428571
2022,ES,PT,top_necr,eleicao,7,3.0,2.0,2.0,0.8571428571428571
2022,ES,PT,nucleo_80,competitividade,7,3.0,2.0,1.0,0.8571428571428571
2022,ES,PT,nucleo_80,eleicao,7,3.0,2.0,2.0,0.8571428571428571
2022,ES,PT,acima_divisao_igual,competitividade,7,2.0,2.0,1.0,0.5714285714285714
2022,ES,PT,acima_divisao_igual,eleicao,7,2.0,2.0,2.0,0.5714285714285714
2022,ES,PTB,top_necr,competitividade,11,3.0,3.0,1.0,0.8181818181818182
2022,ES,PTB,top_necr,eleicao,11,3.0,0.0,0.0,0.0
2022,ES,PTB,nucleo_80,competitividade,11,3.0,3.0,1.0,0.8181818181818182
2022,ES,PTB,nucleo_80,eleicao,11,3.0,0.0,0.0,0.0
2022,ES,PTB,acima_divisao_igual,competitividade,11,2.0,3.0,1.0,0.5454545454545454
2022,ES,PTB,acima_divisao_igual,eleicao,11,2.0,0.0,0.0,0.0
2022,ES,PV,top_necr,competitividade,2,2.0,0.0,0.0,0.0
2022,ES,PV,top_necr,eleicao,2,2.0,0.0,0.0,0.0
2022,ES,PV,nucleo_80,competitividade,2,2.0,0.0,0.0,0.0
2022,ES,PV,nucleo_80,eleicao,2,2.0,0.0,0.0,0.0
2022,ES,PV,acima_divisao_igual,competitividade,2,1.0,0.0,0.0,0.0
2022,ES,PV,acima_divisao_igual,eleicao,2,1.0,0.0,0.0,0.0
2022,ES,REDE,top_necr,competitividade,8,5.0,0.0,0.0,0.0
2022,ES,REDE,top_necr,eleicao,8,5.0,0.0,0.0,0.0
2022,ES,REDE,nucleo_80,competitividade,8,5.0,0.0,0.0,0.0
2022,ES,REDE,nucleo_80,eleicao,8,5.0,0.0,0.0,0.0
2022,ES,REDE,acima_divisao_igual,competitividade,8,1.0,0.0,0.0,0.0
2022,ES,REDE,acima_divisao_igual,eleicao,8,1.0,0.0,0.0,0.0
2022,ES,REPUBLICANOS,top_necr,competitividade,11,6.0,3.0,3.0,1.6363636363636365
2022,ES,REPUBLICANOS,top_necr,eleicao,11,6.0,2.0,2.0,1.0909090909090908
2022,ES,REPUBLICANOS,nucleo_80,competitividade,11,5.0,3.0,3.0,1.3636363636363635
2022,ES,REPUBLICANOS,nucleo_80,eleicao,11,5.0,2.0,2.0,0.9090909090909091
2022,ES,REPUBLICANOS,acima_divisao_igual,competitividade,11,5.0,3.0,3.0,1.3636363636363635
2022,ES,REPUBLICANOS,acima_divisao_igual,eleicao,11,5.0,2.0,2.0,0.9090909090909091
2022,ES,SOLIDARIEDADE,top_necr,competitividade,5,3.0,0.0,0.0,0.0
2022,ES,SOLIDARIEDADE,top_necr,eleicao,5,3.0,0.0,0.0,0.0
2022,ES,SOLIDARIEDADE,nucleo_80,competitividade,5,2.0,0.0,0.0,0.0
2022,ES,SOLIDARIEDADE,nucleo_80,eleicao,5,2.0,0.0,0.0,0.0
2022,ES,SOLIDARIEDADE,acima_divisao_igual,competitividade,5,2.0,0.0,0.0,0.0
2022,ES,SOLIDARIEDADE,acima_divisao_igual,eleicao,5,2.0,0.0,0.0,0.0
2022,ES,UNIAO,top_necr,competitividade,11,9.0,3.0,3.0,2.4545454545454546
2022,ES,UNIAO,top_necr,eleicao,11,9.0,0.0,0.0,0.0
2022,ES,UNIAO,nucleo_80,competitividade,11,8.0,3.0,3.0,2.1818181818181817
2022,ES,UNIAO,nucleo_80,eleicao,11,8.0,0.0,0.0,0.0
2022,ES,UNIAO,acima_divisao_igual,competitividade,11,4.0,3.0,2.0,1.0909090909090908
2022,ES,UNIAO,acima_divisao_igual,eleicao,11,4.0,0.0,0.0,0.0
2022,GO,AGIR,top_necr,competitividade,18,12.0,0.0,0.0,0.0
2022,GO,AGIR,top_necr,eleicao,18,12.0,0.0,0.0,0.0
2022,GO,AGIR,nucleo_80,competitividade,18,11.0,0.0,0.0,0.0
2022,GO,AGIR,nucleo_80,eleicao,18,11.0,0.0,0.0,0.0
2022,GO,AGIR,acima_divisao_igual,competitividade,18,5.0,0.0,0.0,0.0
2022,GO,AGIR,acima_divisao_igual,eleicao,18,5.0,0.0,0.0,0.0
2022,GO,AVANTE,top_necr,competitividade,18,10.0,1.0,1.0,0.5555555555555556
2022,GO,AVANTE,top_necr,eleicao,18,10.0,0.0,0.0,0.0
2022,GO,AVANTE,nucleo_80,competitividade,18,9.0,1.0,1.0,0.5
2022,GO,AVANTE,nucleo_80,eleicao,18,9.0,0.0,0.0,0.0
2022,GO,AVANTE,acima_divisao_igual,competitividade,18,6.0,1.0,0.0,0.3333333333333333
2022,GO,AVANTE,acima_divisao_igual,eleicao,18,6.0,0.0,0.0,0.0
2022,GO,CIDADANIA,top_necr,competitividade,3,3.0,0.0,0.0,0.0
2022,GO,CIDADANIA,top_necr,eleicao,3,3.0,0.0,0.0,0.0
2022,GO,CIDADANIA,nucleo_80,competitividade,3,3.0,0.0,0.0,0.0
2022,GO,CIDADANIA,nucleo_80,eleicao,3,3.0,0.0,0.0,0.0
2022,GO,CIDADANIA,acima_divisao_igual,competitividade,3,2.0,0.0,0.0,0.0
2022,GO,CIDADANIA,acima_divisao_igual,eleicao,3,2.0,0.0,0.0,0.0
2022,GO,DC,top_necr,competitividade,9,7.0,0.0,0.0,0.0
2022,GO,DC,top_necr,eleicao,9,7.0,0.0,0.0,0.0
2022,GO,DC,nucleo_80,competitividade,9,7.0,0.0,0.0,0.0
2022,GO,DC,nucleo_80,eleicao,9,7.0,0.0,0.0,0.0
2022,GO,DC,acima_divisao_igual,competitividade,9,3.0,0.0,0.0,0.0
2022,GO,DC,acima_divisao_igual,eleicao,9,3.0,0.0,0.0,0.0
2022,GO,MDB,top_necr,competitividade,12,5.0,2.0,1.0,0.8333333333333334
2022,GO,MDB,top_necr,eleicao,12,5.0,2.0,2.0,0.8333333333333334
2022,GO,MDB,nucleo_80,competitividade,12,5.0,2.0,1.0,0.8333333333333334
2022,GO,MDB,nucleo_80,eleicao,12,5.0,2.0,2.0,0.8333333333333334
2022,GO,MDB,acima_divisao_igual,competitividade,12,4.0,2.0,1.0,0.6666666666666666
2022,GO,MDB,acima_divisao_igual,eleicao,12,4.0,2.0,2.0,0.6666666666666666
2022,GO,NOVO,top_necr,competitividade,14,6.0,1.0,1.0,0.42857142857142855
2022,GO,NOVO,top_necr,eleicao,14,6.0,0.0,0.0,0.0
2022,GO,NOVO,nucleo_80,competitividade,14,5.0,1.0,1.0,0.35714285714285715
2022,GO,NOVO,nucleo_80,eleicao,14,5.0,0.0,0.0,0.0
2022,GO,NOVO,acima_divisao_igual,competitividade,14,5.0,1.0,1.0,0.35714285714285715
2022,GO,NOVO,acima_divisao_igual,eleicao,14,5.0,0.0,0.0,0.0
2022,GO,PATRIOTA,top_necr,competitividade,16,8.0,5.0,4.0,2.5
2022,GO,PATRIOTA,top_necr,eleicao,16,8.0,0.0,0.0,0.0
2022,GO,PATRIOTA,nucleo_80,competitividade,16,8.0,5.0,4.0,2.5
2022,GO,PATRIOTA,nucleo_80,eleicao,16,8.0,0.0,0.0,0.0
2022,GO,PATRIOTA,acima_divisao_igual,competitividade,16,7.0,5.0,4.0,2.1875
2022,GO,PATRIOTA,acima_divisao_igual,eleicao,16,7.0,0.0,0.0,0.0
2022,GO,PC DO B,top_necr,competitividade,2,1.0,0.0,0.0,0.0
2022,GO,PC DO B,top_necr,eleicao,2,1.0,0.0,0.0,0.0
2022,GO,PC DO B,nucleo_80,competitividade,2,1.0,0.0,0.0,0.0
2022,GO,PC DO B,nucleo_80,eleicao,2,1.0,0.0,0.0,0.0
2022,GO,PC DO B,acima_divisao_igual,competitividade,2,1.0,0.0,0.0,0.0
2022,GO,PC DO B,acima_divisao_igual,eleicao,2,1.0,0.0,0.0,0.0
2022,GO,PCB,top_necr,competitividade,2,0.0,0.0,0.0,0.0
2022,GO,PCB,top_necr,eleicao,2,0.0,0.0,0.0,0.0
2022,GO,PCB,nucleo_80,competitividade,2,0.0,0.0,0.0,0.0
2022,GO,PCB,nucleo_80,eleicao,2,0.0,0.0,0.0,0.0
2022,GO,PCB,acima_divisao_igual,competitividade,2,0.0,0.0,0.0,0.0
2022,GO,PCB,acima_divisao_igual,eleicao,2,0.0,0.0,0.0,0.0
2022,GO,PCO,top_necr,competitividade,1,1.0,0.0,0.0,0.0
2022,GO,PCO,top_necr,eleicao,1,1.0,0.0,0.0,0.0
2022,GO,PCO,nucleo_80,competitividade,1,1.0,0.0,0.0,0.0
2022,GO,PCO,nucleo_80,eleicao,1,1.0,0.0,0.0,0.0
2022,GO,PCO,acima_divisao_igual,competitividade,1,0.0,0.0,0.0,0.0
2022,GO,PCO,acima_divisao_igual,eleicao,1,0.0,0.0,0.0,0.0
2022,GO,PDT,top_necr,competitividade,8,2.0,2.0,2.0,0.5
2022,GO,PDT,top_necr,eleicao,8,2.0,1.0,1.0,0.25
2022,GO,PDT,nucleo_80,competitividade,8,2.0,2.0,2.0,0.5
2022,GO,PDT,nucleo_80,eleicao,8,2.0,1.0,1.0,0.25
2022,GO,PDT,acima_divisao_igual,competitividade,8,2.0,2.0,2.0,0.5
2022,GO,PDT,acima_divisao_igual,eleicao,8,2.0,1.0,1.0,0.25
2022,GO,PL,top_necr,competitividade,17,4.0,4.0,3.0,0.9411764705882353
2022,GO,PL,top_necr,eleicao,17,4.0,4.0,2.0,0.9411764705882353
2022,GO,PL,nucleo_80,competitividade,17,4.0,4.0,3.0,0.9411764705882353
2022,GO,PL,nucleo_80,eleicao,17,4.0,4.0,2.0,0.9411764705882353
2022,GO,PL,acima_divisao_igual,competitividade,17,4.0,4.0,3.0,0.9411764705882353
2022,GO,PL,acima_divisao_igual,eleicao,17,4.0,4.0,2.0,0.9411764705882353
2022,GO,PMN,top_necr,competitividade,14,4.0,0.0,0.0,0.0
2022,GO,PMN,top_necr,eleicao,14,4.0,0.0,0.0,0.0
2022,GO,PMN,nucleo_80,competitividade,14,6.0,0.0,0.0,0.0
2022,GO,PMN,nucleo_80,eleicao,14,6.0,0.0,0.0,0.0
2022,GO,PMN,acima_divisao_igual,competitividade,14,3.0,0.0,0.0,0.0
2022,GO,PMN,acima_divisao_igual,eleicao,14,3.0,0.0,0.0,0.0
2022,GO,PODE,top_necr,competitividade,15,7.0,1.0,1.0,0.4666666666666667
2022,GO,PODE,top_necr,eleicao,15,7.0,0.0,0.0,0.0
2022,GO,PODE,nucleo_80,competitividade,15,8.0,1.0,1.0,0.5333333333333333
2022,GO,PODE,nucleo_80,eleicao,15,8.0,0.0,0.0,0.0
2022,GO,PODE,acima_divisao_igual,competitividade,15,3.0,1.0,1.0,0.2
2022,GO,PODE,acima_divisao_igual,eleicao,15,3.0,0.0,0.0,0.0
2022,GO,PP,top_necr,competitividade,14,6.0,4.0,3.0,1.7142857142857142
2022,GO,PP,top_necr,eleicao,14,6.0,2.0,2.0,0.8571428571428571
2022,GO,PP,nucleo_80,competitividade,14,6.0,4.0,3.0,1.7142857142857142
2022,GO,PP,nucleo_80,eleicao,14,6.0,2.0,2.0,0.8571428571428571
2022,GO,PP,acima_divisao_igual,competitividade,14,7.0,4.0,3.0,2.0
2022,GO,PP,acima_divisao_igual,eleicao,14,7.0,2.0,2.0,1.0
2022,GO,PROS,top_necr,competitividade,13,5.0,1.0,1.0,0.38461538461538464
2022,GO,PROS,top_necr,eleicao,13,5.0,0.0,0.0,0.0
2022,GO,PROS,nucleo_80,competitividade,13,4.0,1.0,1.0,0.3076923076923077
2022,GO,PROS,nucleo_80,eleicao,13,4.0,0.0,0.0,0.0
2022,GO,PROS,acima_divisao_igual,competitividade,13,4.0,1.0,1.0,0.3076923076923077
2022,GO,PROS,acima_divisao_igual,eleicao,13,4.0,0.0,0.0,0.0
2022,GO,PRTB,top_necr,competitividade,18,10.0,1.0,1.0,0.5555555555555556
2022,GO,PRTB,top_necr,eleicao,18,10.0,0.0,0.0,0.0
2022,GO,PRTB,nucleo_80,competitividade,18,8.0,1.0,1.0,0.4444444444444444
2022,GO,PRTB,nucleo_80,eleicao,18,8.0,0.0,0.0,0.0
2022,GO,PRTB,acima_divisao_igual,competitividade,18,7.0,1.0,1.0,0.3888888888888889
2022,GO,PRTB,acima_divisao_igual,eleicao,18,7.0,0.0,0.0,0.0
2022,GO,PSB,top_necr,competitividade,18,8.0,4.0,4.0,1.7777777777777777
2022,GO,PSB,top_necr,eleicao,18,8.0,0.0,0.0,0.0
2022,GO,PSB,nucleo_80,competitividade,18,10.0,4.0,4.0,2.2222222222222223
2022,GO,PSB,nucleo_80,eleicao,18,10.0,0.0,0.0,0.0
2022,GO,PSB,acima_divisao_igual,competitividade,18,6.0,4.0,3.0,1.3333333333333333
2022,GO,PSB,acima_divisao_igual,eleicao,18,6.0,0.0,0.0,0.0
2022,GO,PSC,top_necr,competitividade,13,4.0,3.0,2.0,0.9230769230769231
2022,GO,PSC,top_necr,eleicao,13,4.0,1.0,1.0,0.3076923076923077
2022,GO,PSC,nucleo_80,competitividade,13,4.0,3.0,2.0,0.9230769230769231
2022,GO,PSC,nucleo_80,eleicao,13,4.0,1.0,1.0,0.3076923076923077
2022,GO,PSC,acima_divisao_igual,competitividade,13,3.0,3.0,1.0,0.6923076923076923
2022,GO,PSC,acima_divisao_igual,eleicao,13,3.0,1.0,1.0,0.23076923076923078
2022,GO,PSD,top_necr,competitividade,13,2.0,1.0,1.0,0.15384615384615385
2022,GO,PSD,top_necr,eleicao,13,2.0,1.0,0.0,0.15384615384615385
2022,GO,PSD,nucleo_80,competitividade,13,3.0,1.0,1.0,0.23076923076923078
2022,GO,PSD,nucleo_80,eleicao,13,3.0,1.0,0.0,0.23076923076923078
2022,GO,PSD,acima_divisao_igual,competitividade,13,2.0,1.0,1.0,0.15384615384615385
2022,GO,PSD,acima_divisao_igual,eleicao,13,2.0,1.0,0.0,0.15384615384615385
2022,GO,PSDB,top_necr,competitividade,14,5.0,4.0,3.0,1.4285714285714286
2022,GO,PSDB,top_necr,eleicao,14,5.0,1.0,1.0,0.35714285714285715
2022,GO,PSDB,nucleo_80,competitividade,14,5.0,4.0,3.0,1.4285714285714286
2022,GO,PSDB,nucleo_80,eleicao,14,5.0,1.0,1.0,0.35714285714285715
2022,GO,PSDB,acima_divisao_igual,competitividade,14,5.0,4.0,3.0,1.4285714285714286
2022,GO,PSDB,acima_divisao_igual,eleicao,14,5.0,1.0,1.0,0.35714285714285715
2022,GO,PSOL,top_necr,competitividade,8,8.0,0.0,0.0,0.0
2022,GO,PSOL,top_necr,eleicao,8,8.0,0.0,0.0,0.0
2022,GO,PSOL,nucleo_80,competitividade,8,7.0,0.0,0.0,0.0
2022,GO,PSOL,nucleo_80,eleicao,8,7.0,0.0,0.0,0.0
2022,GO,PSOL,acima_divisao_igual,competitividade,8,3.0,0.0,0.0,0.0
2022,GO,PSOL,acima_divisao_igual,eleicao,8,3.0,0.0,0.0,0.0
2022,GO,PT,top_necr,competitividade,14,3.0,3.0,3.0,0.6428571428571429
2022,GO,PT,top_necr,eleicao,14,3.0,2.0,2.0,0.42857142857142855
2022,GO,PT,nucleo_80,competitividade,14,3.0,3.0,3.0,0.6428571428571429
2022,GO,PT,nucleo_80,eleicao,14,3.0,2.0,2.0,0.42857142857142855
2022,GO,PT,acima_divisao_igual,competitividade,14,4.0,3.0,3.0,0.8571428571428571
2022,GO,PT,acima_divisao_igual,eleicao,14,4.0,2.0,2.0,0.5714285714285714
2022,GO,PTB,top_necr,competitividade,16,2.0,1.0,0.0,0.125
2022,GO,PTB,top_necr,eleicao,16,2.0,0.0,0.0,0.0
2022,GO,PTB,nucleo_80,competitividade,16,4.0,1.0,1.0,0.25
2022,GO,PTB,nucleo_80,eleicao,16,4.0,0.0,0.0,0.0
2022,GO,PTB,acima_divisao_igual,competitividade,16,3.0,1.0,0.0,0.1875
2022,GO,PTB,acima_divisao_igual,eleicao,16,3.0,0.0,0.0,0.0
2022,GO,PV,top_necr,competitividade,2,2.0,0.0,0.0,0.0
2022,GO,PV,top_necr,eleicao,2,2.0,0.0,0.0,0.0
2022,GO,PV,nucleo_80,competitividade,2,2.0,0.0,0.0,0.0
2022,GO,PV,nucleo_80,eleicao,2,2.0,0.0,0.0,0.0
2022,GO,PV,acima_divisao_igual,competitividade,2,1.0,0.0,0.0,0.0
2022,GO,PV,acima_divisao_igual,eleicao,2,1.0,0.0,0.0,0.0
2022,GO,REDE,top_necr,competitividade,7,6.0,1.0,1.0,0.8571428571428571
2022,GO,REDE,top_necr,eleicao,7,6.0,0.0,0.0,0.0
2022,GO,REDE,nucleo_80,competitividade,7,5.0,1.0,0.0,0.7142857142857143
2022,GO,REDE,nucleo_80,eleicao,7,5.0,0.0,0.0,0.0
2022,GO,REDE,acima_divisao_igual,competitividade,7,3.0,1.0,0.0,0.42857142857142855
2022,GO,REDE,acima_divisao_igual,eleicao,7,3.0,0.0,0.0,0.0
2022,GO,REPUBLICANOS,top_necr,competitividade,16,10.0,5.0,5.0,3.125
2022,GO,REPUBLICANOS,top_necr,eleicao,16,10.0,1.0,1.0,0.625
2022,GO,REPUBLICANOS,nucleo_80,competitividade,16,9.0,5.0,5.0,2.8125
2022,GO,REPUBLICANOS,nucleo_80,eleicao,16,9.0,1.0,1.0,0.5625
2022,GO,REPUBLICANOS,acima_divisao_igual,competitividade,16,8.0,5.0,5.0,2.5
2022,GO,REPUBLICANOS,acima_divisao_igual,eleicao,16,8.0,1.0,1.0,0.5
2022,GO,SOLIDARIEDADE,top_necr,competitividade,18,8.0,3.0,3.0,1.3333333333333333
2022,GO,SOLIDARIEDADE,top_necr,eleicao,18,8.0,0.0,0.0,0.0
2022,GO,SOLIDARIEDADE,nucleo_80,competitividade,18,10.0,3.0,3.0,1.6666666666666667
2022,GO,SOLIDARIEDADE,nucleo_80,eleicao,18,10.0,0.0,0.0,0.0
2022,GO,SOLIDARIEDADE,acima_divisao_igual,competitividade,18,5.0,3.0,2.0,0.8333333333333334
2022,GO,SOLIDARIEDADE,acima_divisao_igual,eleicao,18,5.0,0.0,0.0,0.0
2022,GO,UNIAO,top_necr,competitividade,8,4.0,1.0,1.0,0.5
2022,GO,UNIAO,top_necr,eleicao,8,4.0,2.0,2.0,1.0
2022,GO,UNIAO,nucleo_80,competitividade,8,4.0,1.0,1.0,0.5
2022,GO,UNIAO,nucleo_80,eleicao,8,4.0,2.0,2.0,1.0
2022,GO,UNIAO,acima_divisao_igual,competitividade,8,3.0,1.0,1.0,0.375
2022,GO,UNIAO,acima_divisao_igual,eleicao,8,3.0,2.0,2.0,0.75
2022,GO,UP,top_necr,competitividade,1,1.0,0.0,0.0,0.0
2022,GO,UP,top_necr,eleicao,1,1.0,0.0,0.0,0.0
2022,GO,UP,nucleo_80,competitividade,1,1.0,0.0,0.0,0.0
2022,GO,UP,nucleo_80,eleicao,1,1.0,0.0,0.0,0.0
2022,GO,UP,acima_divisao_igual,competitividade,1,0.0,0.0,0.0,0.0
2022,GO,UP,acima_divisao_igual,eleicao,1,0.0,0.0,0.0,0.0
2022,MA,AGIR,top_necr,competitividade,17,5.0,1.0,0.0,0.29411764705882354
2022,MA,AGIR,top_necr,eleicao,17,5.0,0.0,0.0,0.0
2022,MA,AGIR,nucleo_80,competitividade,17,6.0,1.0,0.0,0.35294117647058826
2022,MA,AGIR,nucleo_80,eleicao,17,6.0,0.0,0.0,0.0
2022,MA,AGIR,acima_divisao_igual,competitividade,17,7.0,1.0,0.0,0.4117647058823529
2022,MA,AGIR,acima_divisao_igual,eleicao,17,7.0,0.0,0.0,0.0
2022,MA,AVANTE,top_necr,competitividade,6,0.0,0.0,0.0,0.0
2022,MA,AVANTE,top_necr,eleicao,6,0.0,0.0,0.0,0.0
2022,MA,AVANTE,nucleo_80,competitividade,6,0.0,0.0,0.0,0.0
2022,MA,AVANTE,nucleo_80,eleicao,6,0.0,0.0,0.0,0.0
2022,MA,AVANTE,acima_divisao_igual,competitividade,6,0.0,0.0,0.0,0.0
2022,MA,AVANTE,acima_divisao_igual,eleicao,6,0.0,0.0,0.0,0.0
2022,MA,CIDADANIA,top_necr,competitividade,16,13.0,0.0,0.0,0.0
2022,MA,CIDADANIA,top_necr,eleicao,16,13.0,0.0,0.0,0.0
2022,MA,CIDADANIA,nucleo_80,competitividade,16,11.0,0.0,0.0,0.0
2022,MA,CIDADANIA,nucleo_80,eleicao,16,11.0,0.0,0.0,0.0
2022,MA,CIDADANIA,acima_divisao_igual,competitividade,16,7.0,0.0,0.0,0.0
2022,MA,CIDADANIA,acima_divisao_igual,eleicao,16,7.0,0.0,0.0,0.0
2022,MA,DC,top_necr,competitividade,12,11.0,0.0,0.0,0.0
2022,MA,DC,top_necr,eleicao,12,11.0,0.0,0.0,0.0
2022,MA,DC,nucleo_80,competitividade,12,9.0,0.0,0.0,0.0
2022,MA,DC,nucleo_80,eleicao,12,9.0,0.0,0.0,0.0
2022,MA,DC,acima_divisao_igual,competitividade,12,4.0,0.0,0.0,0.0
2022,MA,DC,acima_divisao_igual,eleicao,12,4.0,0.0,0.0,0.0
2022,MA,MDB,top_necr,competitividade,17,6.0,5.0,5.0,1.7647058823529411
2022,MA,MDB,top_necr,eleicao,17,6.0,1.0,1.0,0.35294117647058826
2022,MA,MDB,nucleo_80,competitividade,17,4.0,5.0,4.0,1.1764705882352942
2022,MA,MDB,nucleo_80,eleicao,17,4.0,1.0,1.0,0.23529411764705882
2022,MA,MDB,acima_divisao_igual,competitividade,17,6.0,5.0,5.0,1.7647058823529411
2022,MA,MDB,acima_divisao_igual,eleicao,17,6.0,1.0,1.0,0.35294117647058826
2022,MA,NOVO,top_necr,competitividade,6,6.0,0.0,0.0,0.0
2022,MA,NOVO,top_necr,eleicao,6,6.0,0.0,0.0,0.0
2022,MA,NOVO,nucleo_80,competitividade,6,5.0,0.0,0.0,0.0
2022,MA,NOVO,nucleo_80,eleicao,6,5.0,0.0,0.0,0.0
2022,MA,NOVO,acima_divisao_igual,competitividade,6,3.0,0.0,0.0,0.0
2022,MA,NOVO,acima_divisao_igual,eleicao,6,3.0,0.0,0.0,0.0
2022,MA,PATRIOTA,top_necr,competitividade,19,8.0,2.0,2.0,0.8421052631578947
2022,MA,PATRIOTA,top_necr,eleicao,19,8.0,1.0,1.0,0.42105263157894735
2022,MA,PATRIOTA,nucleo_80,competitividade,19,9.0,2.0,2.0,0.9473684210526315
2022,MA,PATRIOTA,nucleo_80,eleicao,19,9.0,1.0,1.0,0.47368421052631576
2022,MA,PATRIOTA,acima_divisao_igual,competitividade,19,6.0,2.0,2.0,0.631578947368421
2022,MA,PATRIOTA,acima_divisao_igual,eleicao,19,6.0,1.0,1.0,0.3157894736842105
2022,MA,PC DO B,top_necr,competitividade,5,2.0,2.0,1.0,0.8
2022,MA,PC DO B,top_necr,eleicao,5,2.0,1.0,1.0,0.4
2022,MA,PC DO B,nucleo_80,competitividade,5,2.0,2.0,1.0,0.8
2022,MA,PC DO B,nucleo_80,eleicao,5,2.0,1.0,1.0,0.4
2022,MA,PC DO B,acima_divisao_igual,competitividade,5,2.0,2.0,1.0,0.8
2022,MA,PC DO B,acima_divisao_igual,eleicao,5,2.0,1.0,1.0,0.4
2022,MA,PCO,top_necr,competitividade,1,1.0,0.0,0.0,0.0
2022,MA,PCO,top_necr,eleicao,1,1.0,0.0,0.0,0.0
2022,MA,PCO,nucleo_80,competitividade,1,1.0,0.0,0.0,0.0
2022,MA,PCO,nucleo_80,eleicao,1,1.0,0.0,0.0,0.0
2022,MA,PCO,acima_divisao_igual,competitividade,1,0.0,0.0,0.0,0.0
2022,MA,PCO,acima_divisao_igual,eleicao,1,0.0,0.0,0.0,0.0
2022,MA,PDT,top_necr,competitividade,16,10.0,4.0,4.0,2.5
2022,MA,PDT,top_necr,eleicao,16,10.0,1.0,1.0,0.625
2022,MA,PDT,nucleo_80,competitividade,16,9.0,4.0,4.0,2.25
2022,MA,PDT,nucleo_80,eleicao,16,9.0,1.0,1.0,0.5625
2022,MA,PDT,acima_divisao_igual,competitividade,16,7.0,4.0,4.0,1.75
2022,MA,PDT,acima_divisao_igual,eleicao,16,7.0,1.0,1.0,0.4375
2022,MA,PL,top_necr,competitividade,18,8.0,6.0,5.3,2.6666666666666665
2022,MA,PL,top_necr,eleicao,18,8.0,4.0,4.0,1.7777777777777777
2022,MA,PL,nucleo_80,competitividade,18,7.0,6.0,5.2,2.3333333333333335
2022,MA,PL,nucleo_80,eleicao,18,7.0,4.0,4.0,1.5555555555555556
2022,MA,PL,acima_divisao_igual,competitividade,18,5.0,6.0,5.0,1.6666666666666667
2022,MA,PL,acima_divisao_igual,eleicao,18,5.0,4.0,4.0,1.1111111111111112
2022,MA,PMB,top_necr,competitividade,8,0.0,0.0,0.0,0.0
2022,MA,PMB,top_necr,eleicao,8,0.0,0.0,0.0,0.0
2022,MA,PMB,nucleo_80,competitividade,8,0.0,0.0,0.0,0.0
2022,MA,PMB,nucleo_80,eleicao,8,0.0,0.0,0.0,0.0
2022,MA,PMB,acima_divisao_igual,competitividade,8,0.0,0.0,0.0,0.0
2022,MA,PMB,acima_divisao_igual,eleicao,8,0.0,0.0,0.0,0.0
2022,MA,PODE,top_necr,competitividade,17,7.0,7.0,3.0,2.8823529411764706
2022,MA,PODE,top_necr,eleicao,17,7.0,1.0,1.0,0.4117647058823529
2022,MA,PODE,nucleo_80,competitividade,17,8.0,7.0,4.0,3.2941176470588234
2022,MA,PODE,nucleo_80,eleicao,17,8.0,1.0,1.0,0.47058823529411764
2022,MA,PODE,acima_divisao_igual,competitividade,17,5.0,7.0,2.0,2.0588235294117645
2022,MA,PODE,acima_divisao_igual,eleicao,17,5.0,1.0,1.0,0.29411764705882354
2022,MA,PP,top_necr,competitividade,17,6.0,2.0,2.0,0.7058823529411765
2022,MA,PP,top_necr,eleicao,17,6.0,2.0,2.0,0.7058823529411765
2022,MA,PP,nucleo_80,competitividade,17,6.0,2.0,2.0,0.7058823529411765
2022,MA,PP,nucleo_80,eleicao,17,6.0,2.0,2.0,0.7058823529411765
2022,MA,PP,acima_divisao_igual,competitividade,17,5.0,2.0,2.0,0.5882352941176471
2022,MA,PP,acima_divisao_igual,eleicao,17,5.0,2.0,2.0,0.5882352941176471
2022,MA,PROS,top_necr,competitividade,14,7.0,0.0,0.0,0.0
2022,MA,PROS,top_necr,eleicao,14,7.0,0.0,0.0,0.0
2022,MA,PROS,nucleo_80,competitividade,14,6.0,0.0,0.0,0.0
2022,MA,PROS,nucleo_80,eleicao,14,6.0,0.0,0.0,0.0
2022,MA,PROS,acima_divisao_igual,competitividade,14,6.0,0.0,0.0,0.0
2022,MA,PROS,acima_divisao_igual,eleicao,14,6.0,0.0,0.0,0.0
2022,MA,PRTB,top_necr,competitividade,10,3.0,0.0,0.0,0.0
2022,MA,PRTB,top_necr,eleicao,10,3.0,0.0,0.0,0.0
2022,MA,PRTB,nucleo_80,competitividade,10,3.0,0.0,0.0,0.0
2022,MA,PRTB,nucleo_80,eleicao,10,3.0,0.0,0.0,0.0
2022,MA,PRTB,acima_divisao_igual,competitividade,10,3.0,0.0,0.0,0.0
2022,MA,PRTB,acima_divisao_igual,eleicao,10,3.0,0.0,0.0,0.0
2022,MA,PSB,top_necr,competitividade,13,5.0,2.0,2.0,0.7692307692307693
2022,MA,PSB,top_necr,eleicao,13,5.0,1.0,1.0,0.38461538461538464
2022,MA,PSB,nucleo_80,competitividade,13,4.0,2.0,2.0,0.6153846153846154
2022,MA,PSB,nucleo_80,eleicao,13,4.0,1.0,1.0,0.3076923076923077
2022,MA,PSB,acima_divisao_igual,competitividade,13,4.0,2.0,2.0,0.6153846153846154
2022,MA,PSB,acima_divisao_igual,eleicao,13,4.0,1.0,1.0,0.3076923076923077
2022,MA,PSC,top_necr,competitividade,17,6.0,2.0,2.0,0.7058823529411765
2022,MA,PSC,top_necr,eleicao,17,6.0,1.0,1.0,0.35294117647058826
2022,MA,PSC,nucleo_80,competitividade,17,9.0,2.0,2.0,1.0588235294117647
2022,MA,PSC,nucleo_80,eleicao,17,9.0,1.0,1.0,0.5294117647058824
2022,MA,PSC,acima_divisao_igual,competitividade,17,2.0,2.0,2.0,0.23529411764705882
2022,MA,PSC,acima_divisao_igual,eleicao,17,2.0,1.0,1.0,0.11764705882352941
2022,MA,PSD,top_necr,competitividade,18,4.0,3.0,3.0,0.6666666666666666
2022,MA,PSD,top_necr,eleicao,18,4.0,1.0,1.0,0.2222222222222222
2022,MA,PSD,nucleo_80,competitividade,18,3.0,3.0,3.0,0.5
2022,MA,PSD,nucleo_80,eleicao,18,3.0,1.0,1.0,0.16666666666666666
2022,MA,PSD,acima_divisao_igual,competitividade,18,3.0,3.0,3.0,0.5
2022,MA,PSD,acima_divisao_igual,eleicao,18,3.0,1.0,1.0,0.16666666666666666
2022,MA,PSDB,top_necr,competitividade,1,1.0,0.0,0.0,0.0
2022,MA,PSDB,top_necr,eleicao,1,1.0,0.0,0.0,0.0
2022,MA,PSDB,nucleo_80,competitividade,1,1.0,0.0,0.0,0.0
2022,MA,PSDB,nucleo_80,eleicao,1,1.0,0.0,0.0,0.0
2022,MA,PSDB,acima_divisao_igual,competitividade,1,0.0,0.0,0.0,0.0
2022,MA,PSDB,acima_divisao_igual,eleicao,1,0.0,0.0,0.0,0.0
2022,MA,PSOL,top_necr,competitividade,14,10.0,0.0,0.0,0.0
2022,MA,PSOL,top_necr,eleicao,14,10.0,0.0,0.0,0.0
2022,MA,PSOL,nucleo_80,competitividade,14,8.0,0.0,0.0,0.0
2022,MA,PSOL,nucleo_80,eleicao,14,8.0,0.0,0.0,0.0
2022,MA,PSOL,acima_divisao_igual,competitividade,14,7.0,0.0,0.0,0.0
2022,MA,PSOL,acima_divisao_igual,eleicao,14,7.0,0.0,0.0,0.0
2022,MA,PSTU,top_necr,competitividade,5,3.0,0.0,0.0,0.0
2022,MA,PSTU,top_necr,eleicao,5,3.0,0.0,0.0,0.0
2022,MA,PSTU,nucleo_80,competitividade,5,3.0,0.0,0.0,0.0
2022,MA,PSTU,nucleo_80,eleicao,5,3.0,0.0,0.0,0.0
2022,MA,PSTU,acima_divisao_igual,competitividade,5,3.0,0.0,0.0,0.0
2022,MA,PSTU,acima_divisao_igual,eleicao,5,3.0,0.0,0.0,0.0
2022,MA,PT,top_necr,competitividade,9,6.0,5.0,4.0,3.3333333333333335
2022,MA,PT,top_necr,eleicao,9,6.0,1.0,1.0,0.6666666666666666
2022,MA,PT,nucleo_80,competitividade,9,5.0,5.0,4.0,2.7777777777777777
2022,MA,PT,nucleo_80,eleicao,9,5.0,1.0,1.0,0.5555555555555556
2022,MA,PT,acima_divisao_igual,competitividade,9,4.0,5.0,3.0,2.2222222222222223
2022,MA,PT,acima_divisao_igual,eleicao,9,4.0,1.0,1.0,0.4444444444444444
2022,MA,PTB,top_necr,competitividade,4,0.0,0.0,0.0,0.0
2022,MA,PTB,top_necr,eleicao,4,0.0,0.0,0.0,0.0
2022,MA,PTB,nucleo_80,competitividade,4,0.0,0.0,0.0,0.0
2022,MA,PTB,nucleo_80,eleicao,4,0.0,0.0,0.0,0.0
2022,MA,PTB,acima_divisao_igual,competitividade,4,0.0,0.0,0.0,0.0
2022,MA,PTB,acima_divisao_igual,eleicao,4,0.0,0.0,0.0,0.0
2022,MA,PV,top_necr,competitividade,4,4.0,0.0,0.0,0.0
2022,MA,PV,top_necr,eleicao,4,4.0,0.0,0.0,0.0
2022,MA,PV,nucleo_80,competitividade,4,3.0,0.0,0.0,0.0
2022,MA,PV,nucleo_80,eleicao,4,3.0,0.0,0.0,0.0
2022,MA,PV,acima_divisao_igual,competitividade,4,2.0,0.0,0.0,0.0
2022,MA,PV,acima_divisao_igual,eleicao,4,2.0,0.0,0.0,0.0
2022,MA,REDE,top_necr,competitividade,3,2.0,0.0,0.0,0.0
2022,MA,REDE,top_necr,eleicao,3,2.0,0.0,0.0,0.0
2022,MA,REDE,nucleo_80,competitividade,3,2.0,0.0,0.0,0.0
2022,MA,REDE,nucleo_80,eleicao,3,2.0,0.0,0.0,0.0
2022,MA,REDE,acima_divisao_igual,competitividade,3,2.0,0.0,0.0,0.0
2022,MA,REDE,acima_divisao_igual,eleicao,3,2.0,0.0,0.0,0.0
2022,MA,REPUBLICANOS,top_necr,competitividade,10,5.0,5.0,5.0,2.5
2022,MA,REPUBLICANOS,top_necr,eleicao,10,5.0,1.0,1.0,0.5
2022,MA,REPUBLICANOS,nucleo_80,competitividade,10,5.0,5.0,5.0,2.5
2022,MA,REPUBLICANOS,nucleo_80,eleicao,10,5.0,1.0,1.0,0.5
2022,MA,REPUBLICANOS,acima_divisao_igual,competitividade,10,4.0,5.0,4.0,2.0
2022,MA,REPUBLICANOS,acima_divisao_igual,eleicao,10,4.0,1.0,1.0,0.4
2022,MA,SOLIDARIEDADE,top_necr,competitividade,8,0.0,0.0,0.0,0.0
2022,MA,SOLIDARIEDADE,top_necr,eleicao,8,0.0,0.0,0.0,0.0
2022,MA,SOLIDARIEDADE,nucleo_80,competitividade,8,0.0,0.0,0.0,0.0
2022,MA,SOLIDARIEDADE,nucleo_80,eleicao,8,0.0,0.0,0.0,0.0
2022,MA,SOLIDARIEDADE,acima_divisao_igual,competitividade,8,0.0,0.0,0.0,0.0
2022,MA,SOLIDARIEDADE,acima_divisao_igual,eleicao,8,0.0,0.0,0.0,0.0
2022,MA,UNIAO,top_necr,competitividade,19,10.0,2.0,2.0,1.0526315789473684
2022,MA,UNIAO,top_necr,eleicao,19,10.0,2.0,2.0,1.0526315789473684
2022,MA,UNIAO,nucleo_80,competitividade,19,9.0,2.0,2.0,0.9473684210526315
2022,MA,UNIAO,nucleo_80,eleicao,19,9.0,2.0,2.0,0.9473684210526315
2022,MA,UNIAO,acima_divisao_igual,competitividade,19,6.0,2.0,2.0,0.631578947368421
2022,MA,UNIAO,acima_divisao_igual,eleicao,19,6.0,2.0,2.0,0.631578947368421
2022,MG,AGIR,top_necr,competitividade,19,9.0,0.0,0.0,0.0
2022,MG,AGIR,top_necr,eleicao,19,9.0,0.0,0.0,0.0
2022,MG,AGIR,nucleo_80,competitividade,19,11.0,0.0,0.0,0.0
2022,MG,AGIR,nucleo_80,eleicao,19,11.0,0.0,0.0,0.0
2022,MG,AGIR,acima_divisao_igual,competitividade,19,4.0,0.0,0.0,0.0
2022,MG,AGIR,acima_divisao_igual,eleicao,19,4.0,0.0,0.0,0.0
2022,MG,AVANTE,top_necr,competitividade,54,15.0,14.0,10.0,3.888888888888889
2022,MG,AVANTE,top_necr,eleicao,54,15.0,5.0,5.0,1.3888888888888888
2022,MG,AVANTE,nucleo_80,competitividade,54,23.0,14.0,12.0,5.962962962962963
2022,MG,AVANTE,nucleo_80,eleicao,54,23.0,5.0,5.0,2.1296296296296298
2022,MG,AVANTE,acima_divisao_igual,competitividade,54,14.0,14.0,9.0,3.6296296296296298
2022,MG,AVANTE,acima_divisao_igual,eleicao,54,14.0,5.0,5.0,1.2962962962962963
2022,MG,CIDADANIA,top_necr,competitividade,16,5.0,0.0,0.0,0.0
2022,MG,CIDADANIA,top_necr,eleicao,16,5.0,0.0,0.0,0.0
2022,MG,CIDADANIA,nucleo_80,competitividade,16,6.0,0.0,0.0,0.0
2022,MG,CIDADANIA,nucleo_80,eleicao,16,6.0,0.0,0.0,0.0
2022,MG,CIDADANIA,acima_divisao_igual,competitividade,16,4.0,0.0,0.0,0.0
2022,MG,CIDADANIA,acima_divisao_igual,eleicao,16,4.0,0.0,0.0,0.0
2022,MG,DC,top_necr,competitividade,1,1.0,0.0,0.0,0.0
2022,MG,DC,top_necr,eleicao,1,1.0,0.0,0.0,0.0
2022,MG,DC,nucleo_80,competitividade,1,1.0,0.0,0.0,0.0
2022,MG,DC,nucleo_80,eleicao,1,1.0,0.0,0.0,0.0
2022,MG,DC,acima_divisao_igual,competitividade,1,0.0,0.0,0.0,0.0
2022,MG,DC,acima_divisao_igual,eleicao,1,0.0,0.0,0.0,0.0
2022,MG,MDB,top_necr,competitividade,44,7.0,6.0,6.0,0.9545454545454546
2022,MG,MDB,top_necr,eleicao,44,7.0,2.0,2.0,0.3181818181818182
2022,MG,MDB,nucleo_80,competitividade,44,7.0,6.0,6.0,0.9545454545454546
2022,MG,MDB,nucleo_80,eleicao,44,7.0,2.0,2.0,0.3181818181818182
2022,MG,MDB,acima_divisao_igual,competitividade,44,7.0,6.0,6.0,0.9545454545454546
2022,MG,MDB,acima_divisao_igual,eleicao,44,7.0,2.0,2.0,0.3181818181818182
2022,MG,NOVO,top_necr,competitividade,30,24.0,4.0,4.0,3.2
2022,MG,NOVO,top_necr,eleicao,30,24.0,0.0,0.0,0.0
2022,MG,NOVO,nucleo_80,competitividade,30,22.000000000000007,4.0,4.0,2.9333333333333345
2022,MG,NOVO,nucleo_80,eleicao,30,22.000000000000007,0.0,0.0,0.0
2022,MG,NOVO,acima_divisao_igual,competitividade,30,8.0,4.0,4.0,1.0666666666666667
2022,MG,NOVO,acima_divisao_igual,eleicao,30,8.0,0.0,0.0,0.0
2022,MG,PATRIOTA,top_necr,competitividade,51,13.0,8.0,4.0,2.0392156862745097
2022,MG,PATRIOTA,top_necr,eleicao,51,13.0,3.0,3.0,0.7647058823529411
2022,MG,PATRIOTA,nucleo_80,competitividade,51,15.0,8.0,5.0,2.3529411764705883
2022,MG,PATRIOTA,nucleo_80,eleicao,51,15.0,3.0,3.0,0.8823529411764706
2022,MG,PATRIOTA,acima_divisao_igual,competitividade,51,15.0,8.0,5.0,2.3529411764705883
2022,MG,PATRIOTA,acima_divisao_igual,eleicao,51,15.0,3.0,3.0,0.8823529411764706
2022,MG,PC DO B,top_necr,competitividade,2,1.0,1.0,1.0,0.5
2022,MG,PC DO B,top_necr,eleicao,2,1.0,0.0,0.0,0.0
2022,MG,PC DO B,nucleo_80,competitividade,2,1.0,1.0,1.0,0.5
2022,MG,PC DO B,nucleo_80,eleicao,2,1.0,0.0,0.0,0.0
2022,MG,PC DO B,acima_divisao_igual,competitividade,2,1.0,1.0,1.0,0.5
2022,MG,PC DO B,acima_divisao_igual,eleicao,2,1.0,0.0,0.0,0.0
2022,MG,PCB,top_necr,competitividade,9,0.0,1.0,0.0,0.0
2022,MG,PCB,top_necr,eleicao,9,0.0,0.0,0.0,0.0
2022,MG,PCB,nucleo_80,competitividade,9,0.0,1.0,0.0,0.0
2022,MG,PCB,nucleo_80,eleicao,9,0.0,0.0,0.0,0.0
2022,MG,PCB,acima_divisao_igual,competitividade,9,0.0,1.0,0.0,0.0
2022,MG,PCB,acima_divisao_igual,eleicao,9,0.0,0.0,0.0,0.0
2022,MG,PCO,top_necr,competitividade,3,3.0,0.0,0.0,0.0
2022,MG,PCO,top_necr,eleicao,3,3.0,0.0,0.0,0.0
2022,MG,PCO,nucleo_80,competitividade,3,3.0,0.0,0.0,0.0
2022,MG,PCO,nucleo_80,eleicao,3,3.0,0.0,0.0,0.0
2022,MG,PCO,acima_divisao_igual,competitividade,3,0.0,0.0,0.0,0.0
2022,MG,PCO,acima_divisao_igual,eleicao,3,0.0,0.0,0.0,0.0
2022,MG,PDT,top_necr,competitividade,45,8.0,2.0,2.0,0.35555555555555557
2022,MG,PDT,top_necr,eleicao,45,8.0,2.0,2.0,0.35555555555555557
2022,MG,PDT,nucleo_80,competitividade,45,9.0,2.0,2.0,0.4
2022,MG,PDT,nucleo_80,eleicao,45,9.0,2.0,2.0,0.4
2022,MG,PDT,acima_divisao_igual,competitividade,45,8.0,2.0,2.0,0.35555555555555557
2022,MG,PDT,acima_divisao_igual,eleicao,45,8.0,2.0,2.0,0.35555555555555557
2022,MG,PL,top_necr,competitividade,45,12.0,8.0,8.0,2.1333333333333333
2022,MG,PL,top_necr,eleicao,45,12.0,11.0,10.0,2.933333333333333
2022,MG,PL,nucleo_80,competitividade,45,11.0,8.0,8.0,1.9555555555555555
2022,MG,PL,nucleo_80,eleicao,45,11.0,11.0,10.0,2.688888888888889
2022,MG,PL,acima_divisao_igual,competitividade,45,12.0,8.0,8.0,2.1333333333333333
2022,MG,PL,acima_divisao_igual,eleicao,45,12.0,11.0,10.0,2.933333333333333
2022,MG,PMB,top_necr,competitividade,5,0.0,0.0,0.0,0.0
2022,MG,PMB,top_necr,eleicao,5,0.0,0.0,0.0,0.0
2022,MG,PMB,nucleo_80,competitividade,5,0.0,0.0,0.0,0.0
2022,MG,PMB,nucleo_80,eleicao,5,0.0,0.0,0.0,0.0
2022,MG,PMB,acima_divisao_igual,competitividade,5,0.0,0.0,0.0,0.0
2022,MG,PMB,acima_divisao_igual,eleicao,5,0.0,0.0,0.0,0.0
2022,MG,PMN,top_necr,competitividade,53,6.0,1.0,0.0,0.11320754716981132
2022,MG,PMN,top_necr,eleicao,53,6.0,0.0,0.0,0.0
2022,MG,PMN,nucleo_80,competitividade,53,8.0,1.0,1.0,0.1509433962264151
2022,MG,PMN,nucleo_80,eleicao,53,8.0,0.0,0.0,0.0
2022,MG,PMN,acima_divisao_igual,competitividade,53,10.0,1.0,1.0,0.18867924528301888
2022,MG,PMN,acima_divisao_igual,eleicao,53,10.0,0.0,0.0,0.0
2022,MG,PODE,top_necr,competitividade,53,7.0,5.0,1.0,0.660377358490566
2022,MG,PODE,top_necr,eleicao,53,7.0,2.0,2.0,0.2641509433962264
2022,MG,PODE,nucleo_80,competitividade,53,8.0,5.0,2.0,0.7547169811320755
2022,MG,PODE,nucleo_80,eleicao,53,8.0,2.0,2.0,0.3018867924528302
2022,MG,PODE,acima_divisao_igual,competitividade,53,10.0,5.0,2.0,0.9433962264150944
2022,MG,PODE,acima_divisao_igual,eleicao,53,10.0,2.0,2.0,0.37735849056603776
2022,MG,PP,top_necr,competitividade,53,9.0,10.0,9.0,1.6981132075471699
2022,MG,PP,top_necr,eleicao,53,9.0,3.0,3.0,0.5094339622641509
2022,MG,PP,nucleo_80,competitividade,53,7.0,10.0,7.0,1.320754716981132
2022,MG,PP,nucleo_80,eleicao,53,7.0,3.0,3.0,0.39622641509433965
2022,MG,PP,acima_divisao_igual,competitividade,53,9.0,10.0,9.0,1.6981132075471699
2022,MG,PP,acima_divisao_igual,eleicao,53,9.0,3.0,3.0,0.5094339622641509
2022,MG,PROS,top_necr,competitividade,53,8.0,3.0,2.0,0.4528301886792453
2022,MG,PROS,top_necr,eleicao,53,8.0,1.0,1.0,0.1509433962264151
2022,MG,PROS,nucleo_80,competitividade,53,18.0,3.0,2.0,1.0188679245283019
2022,MG,PROS,nucleo_80,eleicao,53,18.0,1.0,1.0,0.33962264150943394
2022,MG,PROS,acima_divisao_igual,competitividade,53,12.0,3.0,2.0,0.6792452830188679
2022,MG,PROS,acima_divisao_igual,eleicao,53,12.0,1.0,1.0,0.22641509433962265
2022,MG,PRTB,top_necr,competitividade,40,8.0,0.0,0.0,0.0
2022,MG,PRTB,top_necr,eleicao,40,8.0,0.0,0.0,0.0
2022,MG,PRTB,nucleo_80,competitividade,40,20.0,0.0,0.0,0.0
2022,MG,PRTB,nucleo_80,eleicao,40,20.0,0.0,0.0,0.0
2022,MG,PRTB,acima_divisao_igual,competitividade,40,8.0,0.0,0.0,0.0
2022,MG,PRTB,acima_divisao_igual,eleicao,40,8.0,0.0,0.0,0.0
2022,MG,PSB,top_necr,competitividade,41,4.0,3.0,1.0,0.2926829268292683
2022,MG,PSB,top_necr,eleicao,41,4.0,0.0,0.0,0.0
2022,MG,PSB,nucleo_80,competitividade,41,10.0,3.0,2.0,0.7317073170731707
2022,MG,PSB,nucleo_80,eleicao,41,10.0,0.0,0.0,0.0
2022,MG,PSB,acima_divisao_igual,competitividade,41,10.0,3.0,2.0,0.7317073170731707
2022,MG,PSB,acima_divisao_igual,eleicao,41,10.0,0.0,0.0,0.0
2022,MG,PSC,top_necr,competitividade,45,4.0,3.0,2.0,0.26666666666666666
2022,MG,PSC,top_necr,eleicao,45,4.0,1.0,1.0,0.08888888888888889
2022,MG,PSC,nucleo_80,competitividade,45,4.0,3.0,2.0,0.26666666666666666
2022,MG,PSC,nucleo_80,eleicao,45,4.0,1.0,1.0,0.08888888888888889
2022,MG,PSC,acima_divisao_igual,competitividade,45,5.0,3.0,3.0,0.3333333333333333
2022,MG,PSC,acima_divisao_igual,eleicao,45,5.0,1.0,1.0,0.1111111111111111
2022,MG,PSD,top_necr,competitividade,39,12.0,7.0,6.0,2.1538461538461537
2022,MG,PSD,top_necr,eleicao,39,12.0,4.0,4.0,1.2307692307692308
2022,MG,PSD,nucleo_80,competitividade,39,9.0,7.0,6.0,1.6153846153846154
2022,MG,PSD,nucleo_80,eleicao,39,9.0,4.0,4.0,0.9230769230769231
2022,MG,PSD,acima_divisao_igual,competitividade,39,9.0,7.0,6.0,1.6153846153846154
2022,MG,PSD,acima_divisao_igual,eleicao,39,9.0,4.0,4.0,0.9230769230769231
2022,MG,PSDB,top_necr,competitividade,37,8.0,3.0,3.0,0.6486486486486487
2022,MG,PSDB,top_necr,eleicao,37,8.0,2.0,2.0,0.43243243243243246
2022,MG,PSDB,nucleo_80,competitividade,37,7.0,3.0,3.0,0.5675675675675675
2022,MG,PSDB,nucleo_80,eleicao,37,7.0,2.0,2.0,0.3783783783783784
2022,MG,PSDB,acima_divisao_igual,competitividade,37,7.0,3.0,3.0,0.5675675675675675
2022,MG,PSDB,acima_divisao_igual,eleicao,37,7.0,2.0,2.0,0.3783783783783784
2022,MG,PSOL,top_necr,competitividade,23,4.0,0.0,0.0,0.0
2022,MG,PSOL,top_necr,eleicao,23,4.0,1.0,1.0,0.17391304347826086
2022,MG,PSOL,nucleo_80,competitividade,23,4.0,0.0,0.0,0.0
2022,MG,PSOL,nucleo_80,eleicao,23,4.0,1.0,1.0,0.17391304347826086
2022,MG,PSOL,acima_divisao_igual,competitividade,23,3.0,0.0,0.0,0.0
2022,MG,PSOL,acima_divisao_igual,eleicao,23,3.0,1.0,1.0,0.13043478260869565
2022,MG,PSTU,top_necr,competitividade,6,2.0,0.0,0.0,0.0
2022,MG,PSTU,top_necr,eleicao,6,2.0,0.0,0.0,0.0
2022,MG,PSTU,nucleo_80,competitividade,6,3.0,0.0,0.0,0.0
2022,MG,PSTU,nucleo_80,eleicao,6,3.0,0.0,0.0,0.0
2022,MG,PSTU,acima_divisao_igual,competitividade,6,1.0,0.0,0.0,0.0
2022,MG,PSTU,acima_divisao_igual,eleicao,6,1.0,0.0,0.0,0.0
2022,MG,PT,top_necr,competitividade,42,18.0,15.0,10.0,6.428571428571429
2022,MG,PT,top_necr,eleicao,42,18.0,10.0,10.0,4.285714285714286
2022,MG,PT,nucleo_80,competitividade,42,13.0,15.0,9.0,4.642857142857143
2022,MG,PT,nucleo_80,eleicao,42,13.0,10.0,10.0,3.0952380952380953
2022,MG,PT,acima_divisao_igual,competitividade,42,13.0,15.0,9.0,4.642857142857143
2022,MG,PT,acima_divisao_igual,eleicao,42,13.0,10.0,10.0,3.0952380952380953
2022,MG,PTB,top_necr,competitividade,47,8.0,3.0,3.0,0.5106382978723404
2022,MG,PTB,top_necr,eleicao,47,8.0,0.0,0.0,0.0
2022,MG,PTB,nucleo_80,competitividade,47,11.0,3.0,3.0,0.7021276595744681
2022,MG,PTB,nucleo_80,eleicao,47,11.0,0.0,0.0,0.0
2022,MG,PTB,acima_divisao_igual,competitividade,47,9.0,3.0,3.0,0.574468085106383
2022,MG,PTB,acima_divisao_igual,eleicao,47,9.0,0.0,0.0,0.0
2022,MG,PV,top_necr,competitividade,9,3.0,2.0,2.0,0.6666666666666666
2022,MG,PV,top_necr,eleicao,9,3.0,0.0,0.0,0.0
2022,MG,PV,nucleo_80,competitividade,9,4.0,2.0,2.0,0.8888888888888888
2022,MG,PV,nucleo_80,eleicao,9,4.0,0.0,0.0,0.0
2022,MG,PV,acima_divisao_igual,competitividade,9,2.0,2.0,2.0,0.4444444444444444
2022,MG,PV,acima_divisao_igual,eleicao,9,2.0,0.0,0.0,0.0
2022,MG,REDE,top_necr,competitividade,27,3.0,1.0,1.0,0.1111111111111111
2022,MG,REDE,top_necr,eleicao,27,3.0,0.0,0.0,0.0
2022,MG,REDE,nucleo_80,competitividade,27,6.0,1.0,1.0,0.2222222222222222
2022,MG,REDE,nucleo_80,eleicao,27,6.0,0.0,0.0,0.0
2022,MG,REDE,acima_divisao_igual,competitividade,27,7.0,1.0,1.0,0.25925925925925924
2022,MG,REDE,acima_divisao_igual,eleicao,27,7.0,0.0,0.0,0.0
2022,MG,REPUBLICANOS,top_necr,competitividade,53,10.0,8.0,7.0,1.509433962264151
2022,MG,REPUBLICANOS,top_necr,eleicao,53,10.0,2.0,2.0,0.37735849056603776
2022,MG,REPUBLICANOS,nucleo_80,competitividade,53,9.0,8.0,6.0,1.3584905660377358
2022,MG,REPUBLICANOS,nucleo_80,eleicao,53,9.0,2.0,2.0,0.33962264150943394
2022,MG,REPUBLICANOS,acima_divisao_igual,competitividade,53,11.0,8.0,7.0,1.6603773584905661
2022,MG,REPUBLICANOS,acima_divisao_igual,eleicao,53,11.0,2.0,2.0,0.41509433962264153
2022,MG,SOLIDARIEDADE,top_necr,competitividade,36,10.0,3.0,3.0,0.8333333333333334
2022,MG,SOLIDARIEDADE,top_necr,eleicao,36,10.0,1.0,1.0,0.2777777777777778
2022,MG,SOLIDARIEDADE,nucleo_80,competitividade,36,10.0,3.0,3.0,0.8333333333333334
2022,MG,SOLIDARIEDADE,nucleo_80,eleicao,36,10.0,1.0,1.0,0.2777777777777778
2022,MG,SOLIDARIEDADE,acima_divisao_igual,competitividade,36,12.0,3.0,3.0,1.0
2022,MG,SOLIDARIEDADE,acima_divisao_igual,eleicao,36,12.0,1.0,1.0,0.3333333333333333
2022,MG,UNIAO,top_necr,competitividade,53,21.0,4.0,4.0,1.5849056603773586
2022,MG,UNIAO,top_necr,eleicao,53,21.0,3.0,3.0,1.1886792452830188
2022,MG,UNIAO,nucleo_80,competitividade,53,19.0,4.0,4.0,1.4339622641509433
2022,MG,UNIAO,nucleo_80,eleicao,53,19.0,3.0,3.0,1.0754716981132075
2022,MG,UNIAO,acima_divisao_igual,competitividade,53,17.0,4.0,4.0,1.2830188679245282
2022,MG,UNIAO,acima_divisao_igual,eleicao,53,17.0,3.0,3.0,0.9622641509433962
2022,MG,UP,top_necr,competitividade,1,1.0,0.0,0.0,0.0
2022,MG,UP,top_necr,eleicao,1,1.0,0.0,0.0,0.0
2022,MG,UP,nucleo_80,competitividade,1,1.0,0.0,0.0,0.0
2022,MG,UP,nucleo_80,eleicao,1,1.0,0.0,0.0,0.0
2022,MG,UP,acima_divisao_igual,competitividade,1,0.0,0.0,0.0,0.0
2022,MG,UP,acima_divisao_igual,eleicao,1,0.0,0.0,0.0,0.0
2022,MS,AGIR,top_necr,competitividade,5,3.0,0.0,0.0,0.0
2022,MS,AGIR,top_necr,eleicao,5,3.0,0.0,0.0,0.0
2022,MS,AGIR,nucleo_80,competitividade,5,3.0,0.0,0.0,0.0
2022,MS,AGIR,nucleo_80,eleicao,5,3.0,0.0,0.0,0.0
2022,MS,AGIR,acima_divisao_igual,competitividade,5,3.0,0.0,0.0,0.0
2022,MS,AGIR,acima_divisao_igual,eleicao,5,3.0,0.0,0.0,0.0
2022,MS,AVANTE,top_necr,competitividade,8,3.9999999999999996,1.0,1.0,0.49999999999999994
2022,MS,AVANTE,top_necr,eleicao,8,3.9999999999999996,0.0,0.0,0.0
2022,MS,AVANTE,nucleo_80,competitividade,8,5.0,1.0,1.0,0.625
2022,MS,AVANTE,nucleo_80,eleicao,8,5.0,0.0,0.0,0.0
2022,MS,AVANTE,acima_divisao_igual,competitividade,8,2.0,1.0,1.0,0.25
2022,MS,AVANTE,acima_divisao_igual,eleicao,8,2.0,0.0,0.0,0.0
2022,MS,DC,top_necr,competitividade,3,3.0,0.0,0.0,0.0
2022,MS,DC,top_necr,eleicao,3,3.0,0.0,0.0,0.0
2022,MS,DC,nucleo_80,competitividade,3,2.0,0.0,0.0,0.0
2022,MS,DC,nucleo_80,eleicao,3,2.0,0.0,0.0,0.0
2022,MS,DC,acima_divisao_igual,competitividade,3,2.0,0.0,0.0,0.0
2022,MS,DC,acima_divisao_igual,eleicao,3,2.0,0.0,0.0,0.0
2022,MS,MDB,top_necr,competitividade,9,2.0,3.0,2.0,0.6666666666666666
2022,MS,MDB,top_necr,eleicao,9,2.0,0.0,0.0,0.0
2022,MS,MDB,nucleo_80,competitividade,9,2.0,3.0,2.0,0.6666666666666666
2022,MS,MDB,nucleo_80,eleicao,9,2.0,0.0,0.0,0.0
2022,MS,MDB,acima_divisao_igual,competitividade,9,1.0,3.0,1.0,0.3333333333333333
2022,MS,MDB,acima_divisao_igual,eleicao,9,1.0,0.0,0.0,0.0
2022,MS,NOVO,top_necr,competitividade,6,6.0,0.0,0.0,0.0
2022,MS,NOVO,top_necr,eleicao,6,6.0,0.0,0.0,0.0
2022,MS,NOVO,nucleo_80,competitividade,6,5.0,0.0,0.0,0.0
2022,MS,NOVO,nucleo_80,eleicao,6,5.0,0.0,0.0,0.0
2022,MS,NOVO,acima_divisao_igual,competitividade,6,4.0,0.0,0.0,0.0
2022,MS,NOVO,acima_divisao_igual,eleicao,6,4.0,0.0,0.0,0.0
2022,MS,PC DO B,top_necr,competitividade,2,1.0,0.0,0.0,0.0
2022,MS,PC DO B,top_necr,eleicao,2,1.0,0.0,0.0,0.0
2022,MS,PC DO B,nucleo_80,competitividade,2,1.0,0.0,0.0,0.0
2022,MS,PC DO B,nucleo_80,eleicao,2,1.0,0.0,0.0,0.0
2022,MS,PC DO B,acima_divisao_igual,competitividade,2,1.0,0.0,0.0,0.0
2022,MS,PC DO B,acima_divisao_igual,eleicao,2,1.0,0.0,0.0,0.0
2022,MS,PDT,top_necr,competitividade,6,4.0,0.0,0.0,0.0
2022,MS,PDT,top_necr,eleicao,6,4.0,0.0,0.0,0.0
2022,MS,PDT,nucleo_80,competitividade,6,3.0,0.0,0.0,0.0
2022,MS,PDT,nucleo_80,eleicao,6,3.0,0.0,0.0,0.0
2022,MS,PDT,acima_divisao_igual,competitividade,6,3.0,0.0,0.0,0.0
2022,MS,PDT,acima_divisao_igual,eleicao,6,3.0,0.0,0.0,0.0
2022,MS,PL,top_necr,competitividade,8,5.0,2.0,2.0,1.25
2022,MS,PL,top_necr,eleicao,8,5.0,2.0,2.0,1.25
2022,MS,PL,nucleo_80,competitividade,8,5.0,2.0,2.0,1.25
2022,MS,PL,nucleo_80,eleicao,8,5.0,2.0,2.0,1.25
2022,MS,PL,acima_divisao_igual,competitividade,8,3.0,2.0,1.0,0.75
2022,MS,PL,acima_divisao_igual,eleicao,8,3.0,2.0,2.0,0.75
2022,MS,PODE,top_necr,competitividade,7,7.0,3.0,3.0,3.0
2022,MS,PODE,top_necr,eleicao,7,7.0,0.0,0.0,0.0
2022,MS,PODE,nucleo_80,competitividade,7,6.0,3.0,3.0,2.5714285714285716
2022,MS,PODE,nucleo_80,eleicao,7,6.0,0.0,0.0,0.0
2022,MS,PODE,acima_divisao_igual,competitividade,7,2.0,3.0,1.0,0.8571428571428571
2022,MS,PODE,acima_divisao_igual,eleicao,7,2.0,0.0,0.0,0.0
2022,MS,PP,top_necr,competitividade,9,6.0,1.0,1.0,0.6666666666666666
2022,MS,PP,top_necr,eleicao,9,6.0,1.0,1.0,0.6666666666666666
2022,MS,PP,nucleo_80,competitividade,9,5.0,1.0,1.0,0.5555555555555556
2022,MS,PP,nucleo_80,eleicao,9,5.0,1.0,1.0,0.5555555555555556
2022,MS,PP,acima_divisao_igual,competitividade,9,4.0,1.0,1.0,0.4444444444444444
2022,MS,PP,acima_divisao_igual,eleicao,9,4.0,1.0,1.0,0.4444444444444444
2022,MS,PROS,top_necr,competitividade,3,0.0,0.0,0.0,0.0
2022,MS,PROS,top_necr,eleicao,4,0.0,0.0,0.0,0.0
2022,MS,PROS,nucleo_80,competitividade,3,0.0,0.0,0.0,0.0
2022,MS,PROS,nucleo_80,eleicao,4,0.0,0.0,0.0,0.0
2022,MS,PROS,acima_divisao_igual,competitividade,3,0.0,0.0,0.0,0.0
2022,MS,PROS,acima_divisao_igual,eleicao,4,0.0,0.0,0.0,0.0
2022,MS,PRTB,top_necr,competitividade,9,0.0,0.0,0.0,0.0
2022,MS,PRTB,top_necr,eleicao,9,0.0,0.0,0.0,0.0
2022,MS,PRTB,nucleo_80,competitividade,9,0.0,0.0,0.0,0.0
2022,MS,PRTB,nucleo_80,eleicao,9,0.0,0.0,0.0,0.0
2022,MS,PRTB,acima_divisao_igual,competitividade,9,0.0,0.0,0.0,0.0
2022,MS,PRTB,acima_divisao_igual,eleicao,9,0.0,0.0,0.0,0.0
2022,MS,PSB,top_necr,competitividade,5,1.0,0.0,0.0,0.0
2022,MS,PSB,top_necr,eleicao,5,1.0,0.0,0.0,0.0
2022,MS,PSB,nucleo_80,competitividade,5,1.0,0.0,0.0,0.0
2022,MS,PSB,nucleo_80,eleicao,5,1.0,0.0,0.0,0.0
2022,MS,PSB,acima_divisao_igual,competitividade,5,1.0,0.0,0.0,0.0
2022,MS,PSB,acima_divisao_igual,eleicao,5,1.0,0.0,0.0,0.0
2022,MS,PSD,top_necr,competitividade,9,3.0,4.0,2.0,1.3333333333333333
2022,MS,PSD,top_necr,eleicao,9,3.0,0.0,0.0,0.0
2022,MS,PSD,nucleo_80,competitividade,9,5.0,4.0,3.0,2.2222222222222223
2022,MS,PSD,nucleo_80,eleicao,9,5.0,0.0,0.0,0.0
2022,MS,PSD,acima_divisao_igual,competitividade,9,1.0,4.0,1.0,0.4444444444444444
2022,MS,PSD,acima_divisao_igual,eleicao,9,1.0,0.0,0.0,0.0
2022,MS,PSDB,top_necr,competitividade,9,6.0,5.0,5.0,3.3333333333333335
2022,MS,PSDB,top_necr,eleicao,9,6.0,3.0,3.0,2.0
2022,MS,PSDB,nucleo_80,competitividade,9,5.0,5.0,5.0,2.7777777777777777
2022,MS,PSDB,nucleo_80,eleicao,9,5.0,3.0,3.0,1.6666666666666667
2022,MS,PSDB,acima_divisao_igual,competitividade,9,4.0,5.0,4.0,2.2222222222222223
2022,MS,PSDB,acima_divisao_igual,eleicao,9,4.0,3.0,3.0,1.3333333333333333
2022,MS,PSOL,top_necr,competitividade,5,4.0,0.0,0.0,0.0
2022,MS,PSOL,top_necr,eleicao,5,4.0,0.0,0.0,0.0
2022,MS,PSOL,nucleo_80,competitividade,5,4.0,0.0,0.0,0.0
2022,MS,PSOL,nucleo_80,eleicao,5,4.0,0.0,0.0,0.0
2022,MS,PSOL,acima_divisao_igual,competitividade,5,3.0,0.0,0.0,0.0
2022,MS,PSOL,acima_divisao_igual,eleicao,5,3.0,0.0,0.0,0.0
2022,MS,PT,top_necr,competitividade,5,3.0,3.0,2.0,1.8
2022,MS,PT,top_necr,eleicao,5,3.0,2.0,2.0,1.2
2022,MS,PT,nucleo_80,competitividade,5,3.0,3.0,2.0,1.8
2022,MS,PT,nucleo_80,eleicao,5,3.0,2.0,2.0,1.2
2022,MS,PT,acima_divisao_igual,competitividade,5,2.0,3.0,1.0,1.2
2022,MS,PT,acima_divisao_igual,eleicao,5,2.0,2.0,2.0,0.8
2022,MS,PTB,top_necr,competitividade,9,2.0,2.0,1.0,0.4444444444444444
2022,MS,PTB,top_necr,eleicao,9,2.0,0.0,0.0,0.0
2022,MS,PTB,nucleo_80,competitividade,9,3.0,2.0,1.0,0.6666666666666666
2022,MS,PTB,nucleo_80,eleicao,9,3.0,0.0,0.0,0.0
2022,MS,PTB,acima_divisao_igual,competitividade,9,1.0,2.0,1.0,0.2222222222222222
2022,MS,PTB,acima_divisao_igual,eleicao,9,1.0,0.0,0.0,0.0
2022,MS,PV,top_necr,competitividade,2,2.0,0.0,0.0,0.0
2022,MS,PV,top_necr,eleicao,2,2.0,0.0,0.0,0.0
2022,MS,PV,nucleo_80,competitividade,2,2.0,0.0,0.0,0.0
2022,MS,PV,nucleo_80,eleicao,2,2.0,0.0,0.0,0.0
2022,MS,PV,acima_divisao_igual,competitividade,2,1.0,0.0,0.0,0.0
2022,MS,PV,acima_divisao_igual,eleicao,2,1.0,0.0,0.0,0.0
2022,MS,REDE,top_necr,competitividade,3,1.0,0.0,0.0,0.0
2022,MS,REDE,top_necr,eleicao,3,1.0,0.0,0.0,0.0
2022,MS,REDE,nucleo_80,competitividade,3,1.0,0.0,0.0,0.0
2022,MS,REDE,nucleo_80,eleicao,3,1.0,0.0,0.0,0.0
2022,MS,REDE,acima_divisao_igual,competitividade,3,1.0,0.0,0.0,0.0
2022,MS,REDE,acima_divisao_igual,eleicao,3,1.0,0.0,0.0,0.0
2022,MS,REPUBLICANOS,top_necr,competitividade,9,7.0,1.0,1.0,0.7777777777777778
2022,MS,REPUBLICANOS,top_necr,eleicao,9,7.0,0.0,0.0,0.0
2022,MS,REPUBLICANOS,nucleo_80,competitividade,9,6.0,1.0,1.0,0.6666666666666666
2022,MS,REPUBLICANOS,nucleo_80,eleicao,9,6.0,0.0,0.0,0.0
2022,MS,REPUBLICANOS,acima_divisao_igual,competitividade,9,3.0,1.0,1.0,0.3333333333333333
2022,MS,REPUBLICANOS,acima_divisao_igual,eleicao,9,3.0,0.0,0.0,0.0
2022,MS,SOLIDARIEDADE,top_necr,competitividade,7,4.0,1.0,1.0,0.5714285714285714
2022,MS,SOLIDARIEDADE,top_necr,eleicao,7,4.0,0.0,0.0,0.0
2022,MS,SOLIDARIEDADE,nucleo_80,competitividade,7,4.0,1.0,1.0,0.5714285714285714
2022,MS,SOLIDARIEDADE,nucleo_80,eleicao,7,4.0,0.0,0.0,0.0
2022,MS,SOLIDARIEDADE,acima_divisao_igual,competitividade,7,3.0,1.0,1.0,0.42857142857142855
2022,MS,SOLIDARIEDADE,acima_divisao_igual,eleicao,7,3.0,0.0,0.0,0.0
2022,MS,UNIAO,top_necr,competitividade,9,4.0,4.0,2.0,1.7777777777777777
2022,MS,UNIAO,top_necr,eleicao,9,4.0,0.0,0.0,0.0
2022,MS,UNIAO,nucleo_80,competitividade,9,5.0,4.0,2.5,2.2222222222222223
2022,MS,UNIAO,nucleo_80,eleicao,9,5.0,0.0,0.0,0.0
2022,MS,UNIAO,acima_divisao_igual,competitividade,9,2.0,4.0,1.0,0.8888888888888888
2022,MS,UNIAO,acima_divisao_igual,eleicao,9,2.0,0.0,0.0,0.0
2022,MT,AGIR,top_necr,competitividade,6,0.0,0.0,0.0,0.0
2022,MT,AGIR,top_necr,eleicao,6,0.0,0.0,0.0,0.0
2022,MT,AGIR,nucleo_80,competitividade,6,0.0,0.0,0.0,0.0
2022,MT,AGIR,nucleo_80,eleicao,6,0.0,0.0,0.0,0.0
2022,MT,AGIR,acima_divisao_igual,competitividade,6,0.0,0.0,0.0,0.0
2022,MT,AGIR,acima_divisao_igual,eleicao,6,0.0,0.0,0.0,0.0
2022,MT,CIDADANIA,top_necr,competitividade,2,1.0,1.0,1.0,0.5
2022,MT,CIDADANIA,top_necr,eleicao,2,1.0,0.0,0.0,0.0
2022,MT,CIDADANIA,nucleo_80,competitividade,2,1.0,1.0,1.0,0.5
2022,MT,CIDADANIA,nucleo_80,eleicao,2,1.0,0.0,0.0,0.0
2022,MT,CIDADANIA,acima_divisao_igual,competitividade,2,1.0,1.0,1.0,0.5
2022,MT,CIDADANIA,acima_divisao_igual,eleicao,2,1.0,0.0,0.0,0.0
2022,MT,DC,top_necr,competitividade,8,7.0,0.0,0.0,0.0
2022,MT,DC,top_necr,eleicao,8,7.0,0.0,0.0,0.0
2022,MT,DC,nucleo_80,competitividade,8,5.0,0.0,0.0,0.0
2022,MT,DC,nucleo_80,eleicao,8,5.0,0.0,0.0,0.0
2022,MT,DC,acima_divisao_igual,competitividade,8,5.0,0.0,0.0,0.0
2022,MT,DC,acima_divisao_igual,eleicao,8,5.0,0.0,0.0,0.0
2022,MT,MDB,top_necr,competitividade,9,6.0,5.0,4.0,3.3333333333333335
2022,MT,MDB,top_necr,eleicao,9,6.0,2.0,2.0,1.3333333333333333
2022,MT,MDB,nucleo_80,competitividade,9,4.0,5.0,4.0,2.2222222222222223
2022,MT,MDB,nucleo_80,eleicao,9,4.0,2.0,2.0,0.8888888888888888
2022,MT,MDB,acima_divisao_igual,competitividade,9,4.0,5.0,4.0,2.2222222222222223
2022,MT,MDB,acima_divisao_igual,eleicao,9,4.0,2.0,2.0,0.8888888888888888
2022,MT,NOVO,top_necr,competitividade,5,5.0,0.0,0.0,0.0
2022,MT,NOVO,top_necr,eleicao,5,5.0,0.0,0.0,0.0
2022,MT,NOVO,nucleo_80,competitividade,5,4.0,0.0,0.0,0.0
2022,MT,NOVO,nucleo_80,eleicao,5,4.0,0.0,0.0,0.0
2022,MT,NOVO,acima_divisao_igual,competitividade,5,3.0,0.0,0.0,0.0
2022,MT,NOVO,acima_divisao_igual,eleicao,5,3.0,0.0,0.0,0.0
2022,MT,PATRIOTA,top_necr,competitividade,9,7.0,1.0,0.0,0.7777777777777778
2022,MT,PATRIOTA,top_necr,eleicao,9,7.0,0.0,0.0,0.0
2022,MT,PATRIOTA,nucleo_80,competitividade,9,6.0,1.0,0.0,0.6666666666666666
2022,MT,PATRIOTA,nucleo_80,eleicao,9,6.0,0.0,0.0,0.0
2022,MT,PATRIOTA,acima_divisao_igual,competitividade,9,4.0,1.0,0.0,0.4444444444444444
2022,MT,PATRIOTA,acima_divisao_igual,eleicao,9,4.0,0.0,0.0,0.0
2022,MT,PC DO B,top_necr,competitividade,2,2.0,0.0,0.0,0.0
2022,MT,PC DO B,top_necr,eleicao,2,2.0,0.0,0.0,0.0
2022,MT,PC DO B,nucleo_80,competitividade,2,2.0,0.0,0.0,0.0
2022,MT,PC DO B,nucleo_80,eleicao,2,2.0,0.0,0.0,0.0
2022,MT,PC DO B,acima_divisao_igual,competitividade,2,1.0,0.0,0.0,0.0
2022,MT,PC DO B,acima_divisao_igual,eleicao,2,1.0,0.0,0.0,0.0
2022,MT,PDT,top_necr,competitividade,9,9.0,0.0,0.0,0.0
2022,MT,PDT,top_necr,eleicao,9,9.0,0.0,0.0,0.0
2022,MT,PDT,nucleo_80,competitividade,9,6.999999999999999,0.0,0.0,0.0
2022,MT,PDT,nucleo_80,eleicao,9,6.999999999999999,0.0,0.0,0.0
2022,MT,PDT,acima_divisao_igual,competitividade,9,8.0,0.0,0.0,0.0
2022,MT,PDT,acima_divisao_igual,eleicao,9,8.0,0.0,0.0,0.0
2022,MT,PL,top_necr,competitividade,9,6.0,4.0,3.0,2.6666666666666665
2022,MT,PL,top_necr,eleicao,9,6.0,4.0,4.0,2.6666666666666665
2022,MT,PL,nucleo_80,competitividade,9,5.0,4.0,2.0,2.2222222222222223
2022,MT,PL,nucleo_80,eleicao,9,5.0,4.0,4.0,2.2222222222222223
2022,MT,PL,acima_divisao_igual,competitividade,9,5.0,4.0,2.0,2.2222222222222223
2022,MT,PL,acima_divisao_igual,eleicao,9,5.0,4.0,4.0,2.2222222222222223
2022,MT,PODE,top_necr,competitividade,9,7.0,0.0,0.0,0.0
2022,MT,PODE,top_necr,eleicao,9,7.0,0.0,0.0,0.0
2022,MT,PODE,nucleo_80,competitividade,9,6.0,0.0,0.0,0.0
2022,MT,PODE,nucleo_80,eleicao,9,6.0,0.0,0.0,0.0
2022,MT,PODE,acima_divisao_igual,competitividade,9,3.0,0.0,0.0,0.0
2022,MT,PODE,acima_divisao_igual,eleicao,9,3.0,0.0,0.0,0.0
2022,MT,PROS,top_necr,competitividade,9,6.0,1.0,1.0,0.6666666666666666
2022,MT,PROS,top_necr,eleicao,9,6.0,0.0,0.0,0.0
2022,MT,PROS,nucleo_80,competitividade,9,6.0,1.0,1.0,0.6666666666666666
2022,MT,PROS,nucleo_80,eleicao,9,6.0,0.0,0.0,0.0
2022,MT,PROS,acima_divisao_igual,competitividade,9,2.0,1.0,1.0,0.2222222222222222
2022,MT,PROS,acima_divisao_igual,eleicao,9,2.0,0.0,0.0,0.0
2022,MT,PSB,top_necr,competitividade,9,8.0,4.0,4.0,3.5555555555555554
2022,MT,PSB,top_necr,eleicao,9,8.0,0.0,0.0,0.0
2022,MT,PSB,nucleo_80,competitividade,9,6.0,4.0,4.0,2.6666666666666665
2022,MT,PSB,nucleo_80,eleicao,9,6.0,0.0,0.0,0.0
2022,MT,PSB,acima_divisao_igual,competitividade,9,4.0,4.0,3.0,1.7777777777777777
2022,MT,PSB,acima_divisao_igual,eleicao,9,4.0,0.0,0.0,0.0
2022,MT,PSD,top_necr,competitividade,9,6.0,2.0,2.0,1.3333333333333333
2022,MT,PSD,top_necr,eleicao,9,6.0,0.0,0.0,0.0
2022,MT,PSD,nucleo_80,competitividade,9,5.0,2.0,1.0,1.1111111111111112
2022,MT,PSD,nucleo_80,eleicao,9,5.0,0.0,0.0,0.0
2022,MT,PSD,acima_divisao_igual,competitividade,9,5.0,2.0,1.0,1.1111111111111112
2022,MT,PSD,acima_divisao_igual,eleicao,9,5.0,0.0,0.0,0.0
2022,MT,PSDB,top_necr,competitividade,7,5.0,0.0,0.0,0.0
2022,MT,PSDB,top_necr,eleicao,7,5.0,0.0,0.0,0.0
2022,MT,PSDB,nucleo_80,competitividade,7,5.0,0.0,0.0,0.0
2022,MT,PSDB,nucleo_80,eleicao,7,5.0,0.0,0.0,0.0
2022,MT,PSDB,acima_divisao_igual,competitividade,7,3.0,0.0,0.0,0.0
2022,MT,PSDB,acima_divisao_igual,eleicao,7,3.0,0.0,0.0,0.0
2022,MT,PSOL,top_necr,competitividade,5,3.0,1.0,1.0,0.6
2022,MT,PSOL,top_necr,eleicao,5,3.0,0.0,0.0,0.0
2022,MT,PSOL,nucleo_80,competitividade,5,3.0,1.0,1.0,0.6
2022,MT,PSOL,nucleo_80,eleicao,5,3.0,0.0,0.0,0.0
2022,MT,PSOL,acima_divisao_igual,competitividade,5,2.0,1.0,1.0,0.4
2022,MT,PSOL,acima_divisao_igual,eleicao,5,2.0,0.0,0.0,0.0
2022,MT,PT,top_necr,competitividade,4,1.0,1.0,1.0,0.25
2022,MT,PT,top_necr,eleicao,4,1.0,0.0,0.0,0.0
2022,MT,PT,nucleo_80,competitividade,4,1.0,1.0,1.0,0.25
2022,MT,PT,nucleo_80,eleicao,4,1.0,0.0,0.0,0.0
2022,MT,PT,acima_divisao_igual,competitividade,4,1.0,1.0,1.0,0.25
2022,MT,PT,acima_divisao_igual,eleicao,4,1.0,0.0,0.0,0.0
2022,MT,PTB,top_necr,competitividade,9,3.0,2.0,1.0,0.6666666666666666
2022,MT,PTB,top_necr,eleicao,9,3.0,0.0,0.0,0.0
2022,MT,PTB,nucleo_80,competitividade,9,4.0,2.0,1.0,0.8888888888888888
2022,MT,PTB,nucleo_80,eleicao,9,4.0,0.0,0.0,0.0
2022,MT,PTB,acima_divisao_igual,competitividade,9,3.0,2.0,1.0,0.6666666666666666
2022,MT,PTB,acima_divisao_igual,eleicao,9,3.0,0.0,0.0,0.0
2022,MT,PV,top_necr,competitividade,3,1.0,1.0,1.0,0.3333333333333333
2022,MT,PV,top_necr,eleicao,3,1.0,0.0,0.0,0.0
2022,MT,PV,nucleo_80,competitividade,3,1.0,1.0,1.0,0.3333333333333333
2022,MT,PV,nucleo_80,eleicao,3,1.0,0.0,0.0,0.0
2022,MT,PV,acima_divisao_igual,competitividade,3,1.0,1.0,1.0,0.3333333333333333
2022,MT,PV,acima_divisao_igual,eleicao,3,1.0,0.0,0.0,0.0
2022,MT,REDE,top_necr,competitividade,3,2.0,0.0,0.0,0.0
2022,MT,REDE,top_necr,eleicao,3,2.0,0.0,0.0,0.0
2022,MT,REDE,nucleo_80,competitividade,3,2.0,0.0,0.0,0.0
2022,MT,REDE,nucleo_80,eleicao,3,2.0,0.0,0.0,0.0
2022,MT,REDE,acima_divisao_igual,competitividade,3,1.0,0.0,0.0,0.0
2022,MT,REDE,acima_divisao_igual,eleicao,3,1.0,0.0,0.0,0.0
2022,MT,REPUBLICANOS,top_necr,competitividade,9,6.0,4.0,3.0,2.6666666666666665
2022,MT,REPUBLICANOS,top_necr,eleicao,9,6.0,0.0,0.0,0.0
2022,MT,REPUBLICANOS,nucleo_80,competitividade,9,6.0,4.0,3.0,2.6666666666666665
2022,MT,REPUBLICANOS,nucleo_80,eleicao,9,6.0,0.0,0.0,0.0
2022,MT,REPUBLICANOS,acima_divisao_igual,competitividade,9,2.0,4.0,2.0,0.8888888888888888
2022,MT,REPUBLICANOS,acima_divisao_igual,eleicao,9,2.0,0.0,0.0,0.0
2022,MT,SOLIDARIEDADE,top_necr,competitividade,6,5.0,0.0,0.0,0.0
2022,MT,SOLIDARIEDADE,top_necr,eleicao,6,5.0,0.0,0.0,0.0
2022,MT,SOLIDARIEDADE,nucleo_80,competitividade,6,4.0,0.0,0.0,0.0
2022,MT,SOLIDARIEDADE,nucleo_80,eleicao,6,4.0,0.0,0.0,0.0
2022,MT,SOLIDARIEDADE,acima_divisao_igual,competitividade,6,4.0,0.0,0.0,0.0
2022,MT,SOLIDARIEDADE,acima_divisao_igual,eleicao,6,4.0,0.0,0.0,0.0
2022,MT,UNIAO,top_necr,competitividade,9,7.0,5.0,3.5,3.888888888888889
2022,MT,UNIAO,top_necr,eleicao,9,7.0,2.0,1.5,1.5555555555555556
2022,MT,UNIAO,nucleo_80,competitividade,9,6.0,5.0,3.0,3.3333333333333335
2022,MT,UNIAO,nucleo_80,eleicao,9,6.0,2.0,1.0,1.3333333333333333
2022,MT,UNIAO,acima_divisao_igual,competitividade,9,3.0,5.0,2.0,1.6666666666666667
2022,MT,UNIAO,acima_divisao_igual,eleicao,9,3.0,2.0,0.0,0.6666666666666666
2022,PA,AGIR,top_necr,competitividade,13,7.0,0.0,0.0,0.0
2022,PA,AGIR,top_necr,eleicao,13,7.0,0.0,0.0,0.0
2022,PA,AGIR,nucleo_80,competitividade,13,7.0,0.0,0.0,0.0
2022,PA,AGIR,nucleo_80,eleicao,13,7.0,0.0,0.0,0.0
2022,PA,AGIR,acima_divisao_igual,competitividade,13,4.0,0.0,0.0,0.0
2022,PA,AGIR,acima_divisao_igual,eleicao,13,4.0,0.0,0.0,0.0
2022,PA,AVANTE,top_necr,competitividade,5,0.0,0.0,0.0,0.0
2022,PA,AVANTE,top_necr,eleicao,5,0.0,0.0,0.0,0.0
2022,PA,AVANTE,nucleo_80,competitividade,5,0.0,0.0,0.0,0.0
2022,PA,AVANTE,nucleo_80,eleicao,5,0.0,0.0,0.0,0.0
2022,PA,AVANTE,acima_divisao_igual,competitividade,5,0.0,0.0,0.0,0.0
2022,PA,AVANTE,acima_divisao_igual,eleicao,5,0.0,0.0,0.0,0.0
2022,PA,CIDADANIA,top_necr,competitividade,3,1.0,1.0,1.0,0.3333333333333333
2022,PA,CIDADANIA,top_necr,eleicao,3,1.0,0.0,0.0,0.0
2022,PA,CIDADANIA,nucleo_80,competitividade,3,1.0,1.0,1.0,0.3333333333333333
2022,PA,CIDADANIA,nucleo_80,eleicao,3,1.0,0.0,0.0,0.0
2022,PA,CIDADANIA,acima_divisao_igual,competitividade,3,1.0,1.0,1.0,0.3333333333333333
2022,PA,CIDADANIA,acima_divisao_igual,eleicao,3,1.0,0.0,0.0,0.0
2022,PA,MDB,top_necr,competitividade,14,5.0,6.0,3.5,2.142857142857143
2022,PA,MDB,top_necr,eleicao,14,5.0,9.0,4.5,3.2142857142857144
2022,PA,MDB,nucleo_80,competitividade,14,4.0,6.0,3.25,1.7142857142857142
2022,PA,MDB,nucleo_80,eleicao,14,4.0,9.0,3.75,2.5714285714285716
2022,PA,MDB,acima_divisao_igual,competitividade,14,3.0,6.0,3.0,1.2857142857142858
2022,PA,MDB,acima_divisao_igual,eleicao,14,3.0,9.0,3.0,1.9285714285714286
2022,PA,PATRIOTA,top_necr,competitividade,1,0.0,1.0,0.0,0.0
2022,PA,PATRIOTA,top_necr,eleicao,1,0.0,0.0,0.0,0.0
2022,PA,PATRIOTA,nucleo_80,competitividade,1,0.0,1.0,0.0,0.0
2022,PA,PATRIOTA,nucleo_80,eleicao,1,0.0,0.0,0.0,0.0
2022,PA,PATRIOTA,acima_divisao_igual,competitividade,1,0.0,1.0,0.0,0.0
2022,PA,PATRIOTA,acima_divisao_igual,eleicao,1,0.0,0.0,0.0,0.0
2022,PA,PC DO B,top_necr,competitividade,5,5.0,1.0,1.0,1.0
2022,PA,PC DO B,top_necr,eleicao,5,5.0,0.0,0.0,0.0
2022,PA,PC DO B,nucleo_80,competitividade,5,4.0,1.0,0.5,0.8
2022,PA,PC DO B,nucleo_80,eleicao,5,4.0,0.0,0.0,0.0
2022,PA,PC DO B,acima_divisao_igual,competitividade,5,3.0,1.0,0.0,0.6
2022,PA,PC DO B,acima_divisao_igual,eleicao,5,3.0,0.0,0.0,0.0
2022,PA,PDT,top_necr,competitividade,18,4.0,3.0,3.0,0.6666666666666666
2022,PA,PDT,top_necr,eleicao,18,4.0,0.0,0.0,0.0
2022,PA,PDT,nucleo_80,competitividade,18,4.0,3.0,3.0,0.6666666666666666
2022,PA,PDT,nucleo_80,eleicao,18,4.0,0.0,0.0,0.0
2022,PA,PDT,acima_divisao_igual,competitividade,18,3.0,3.0,3.0,0.5
2022,PA,PDT,acima_divisao_igual,eleicao,18,3.0,0.0,0.0,0.0
2022,PA,PL,top_necr,competitividade,18,2.0,4.0,2.0,0.4444444444444444
2022,PA,PL,top_necr,eleicao,18,2.0,3.0,2.0,0.3333333333333333
2022,PA,PL,nucleo_80,competitividade,18,2.0,4.0,2.0,0.4444444444444444
2022,PA,PL,nucleo_80,eleicao,18,2.0,3.0,2.0,0.3333333333333333
2022,PA,PL,acima_divisao_igual,competitividade,18,2.0,4.0,2.0,0.4444444444444444
2022,PA,PL,acima_divisao_igual,eleicao,18,2.0,3.0,2.0,0.3333333333333333
2022,PA,PMB,top_necr,competitividade,8,0.0,0.0,0.0,0.0
2022,PA,PMB,top_necr,eleicao,8,0.0,0.0,0.0,0.0
2022,PA,PMB,nucleo_80,competitividade,8,0.0,0.0,0.0,0.0
2022,PA,PMB,nucleo_80,eleicao,8,0.0,0.0,0.0,0.0
2022,PA,PMB,acima_divisao_igual,competitividade,8,0.0,0.0,0.0,0.0
2022,PA,PMB,acima_divisao_igual,eleicao,8,0.0,0.0,0.0,0.0
2022,PA,PODE,top_necr,competitividade,18,10.0,2.0,2.0,1.1111111111111112
2022,PA,PODE,top_necr,eleicao,18,10.0,0.0,0.0,0.0
2022,PA,PODE,nucleo_80,competitividade,18,10.0,2.0,2.0,1.1111111111111112
2022,PA,PODE,nucleo_80,eleicao,18,10.0,0.0,0.0,0.0
2022,PA,PODE,acima_divisao_igual,competitividade,18,6.0,2.0,1.0,0.6666666666666666
2022,PA,PODE,acima_divisao_igual,eleicao,18,6.0,0.0,0.0,0.0
2022,PA,PP,top_necr,competitividade,17,10.0,3.0,2.0,1.7647058823529411
2022,PA,PP,top_necr,eleicao,17,10.0,0.0,0.0,0.0
2022,PA,PP,nucleo_80,competitividade,17,10.0,3.0,2.0,1.7647058823529411
2022,PA,PP,nucleo_80,eleicao,17,10.0,0.0,0.0,0.0
2022,PA,PP,acima_divisao_igual,competitividade,17,5.0,3.0,2.0,0.8823529411764706
2022,PA,PP,acima_divisao_igual,eleicao,17,5.0,0.0,0.0,0.0
2022,PA,PROS,top_necr,competitividade,10,1.0,0.0,0.0,0.0
2022,PA,PROS,top_necr,eleicao,10,1.0,0.0,0.0,0.0
2022,PA,PROS,nucleo_80,competitividade,10,1.0,0.0,0.0,0.0
2022,PA,PROS,nucleo_80,eleicao,10,1.0,0.0,0.0,0.0
2022,PA,PROS,acima_divisao_igual,competitividade,10,1.0,0.0,0.0,0.0
2022,PA,PROS,acima_divisao_igual,eleicao,10,1.0,0.0,0.0,0.0
2022,PA,PRTB,top_necr,competitividade,10,1.0,0.0,0.0,0.0
2022,PA,PRTB,top_necr,eleicao,10,1.0,0.0,0.0,0.0
2022,PA,PRTB,nucleo_80,competitividade,10,1.0,0.0,0.0,0.0
2022,PA,PRTB,nucleo_80,eleicao,10,1.0,0.0,0.0,0.0
2022,PA,PRTB,acima_divisao_igual,competitividade,10,1.0,0.0,0.0,0.0
2022,PA,PRTB,acima_divisao_igual,eleicao,10,1.0,0.0,0.0,0.0
2022,PA,PSB,top_necr,competitividade,18,12.0,2.0,2.0,1.3333333333333333
2022,PA,PSB,top_necr,eleicao,18,12.0,0.0,0.0,0.0
2022,PA,PSB,nucleo_80,competitividade,18,12.0,2.0,2.0,1.3333333333333333
2022,PA,PSB,nucleo_80,eleicao,18,12.0,0.0,0.0,0.0
2022,PA,PSB,acima_divisao_igual,competitividade,18,5.0,2.0,2.0,0.5555555555555556
2022,PA,PSB,acima_divisao_igual,eleicao,18,5.0,0.0,0.0,0.0
2022,PA,PSC,top_necr,competitividade,18,2.0,1.0,1.0,0.1111111111111111
2022,PA,PSC,top_necr,eleicao,18,2.0,0.0,0.0,0.0
2022,PA,PSC,nucleo_80,competitividade,18,4.0,1.0,1.0,0.2222222222222222
2022,PA,PSC,nucleo_80,eleicao,18,4.0,0.0,0.0,0.0
2022,PA,PSC,acima_divisao_igual,competitividade,18,3.0,1.0,1.0,0.16666666666666666
2022,PA,PSC,acima_divisao_igual,eleicao,18,3.0,0.0,0.0,0.0
2022,PA,PSD,top_necr,competitividade,13,9.0,5.0,4.0,3.4615384615384617
2022,PA,PSD,top_necr,eleicao,13,9.0,2.0,1.0,1.3846153846153846
2022,PA,PSD,nucleo_80,competitividade,13,8.0,5.0,4.0,3.076923076923077
2022,PA,PSD,nucleo_80,eleicao,13,8.0,2.0,1.0,1.2307692307692308
2022,PA,PSD,acima_divisao_igual,competitividade,13,6.0,5.0,3.0,2.3076923076923075
2022,PA,PSD,acima_divisao_igual,eleicao,13,6.0,2.0,1.0,0.9230769230769231
2022,PA,PSDB,top_necr,competitividade,14,7.0,2.0,2.0,1.0
2022,PA,PSDB,top_necr,eleicao,14,7.0,0.0,0.0,0.0
2022,PA,PSDB,nucleo_80,competitividade,14,8.0,2.0,2.0,1.1428571428571428
2022,PA,PSDB,nucleo_80,eleicao,14,8.0,0.0,0.0,0.0
2022,PA,PSDB,acima_divisao_igual,competitividade,14,4.0,2.0,2.0,0.5714285714285714
2022,PA,PSDB,acima_divisao_igual,eleicao,14,4.0,0.0,0.0,0.0
2022,PA,PSOL,top_necr,competitividade,15,4.0,2.0,1.0,0.5333333333333333
2022,PA,PSOL,top_necr,eleicao,15,4.0,0.0,0.0,0.0
2022,PA,PSOL,nucleo_80,competitividade,15,4.0,2.0,1.0,0.5333333333333333
2022,PA,PSOL,nucleo_80,eleicao,15,4.0,0.0,0.0,0.0
2022,PA,PSOL,acima_divisao_igual,competitividade,15,3.0,2.0,1.0,0.4
2022,PA,PSOL,acima_divisao_igual,eleicao,15,3.0,0.0,0.0,0.0
2022,PA,PSTU,top_necr,competitividade,1,1.0,0.0,0.0,0.0
2022,PA,PSTU,top_necr,eleicao,1,1.0,0.0,0.0,0.0
2022,PA,PSTU,nucleo_80,competitividade,1,1.0,0.0,0.0,0.0
2022,PA,PSTU,nucleo_80,eleicao,1,1.0,0.0,0.0,0.0
2022,PA,PSTU,acima_divisao_igual,competitividade,1,0.0,0.0,0.0,0.0
2022,PA,PSTU,acima_divisao_igual,eleicao,1,0.0,0.0,0.0,0.0
2022,PA,PT,top_necr,competitividade,11,5.0,4.0,3.0,1.8181818181818181
2022,PA,PT,top_necr,eleicao,11,5.0,2.0,2.0,0.9090909090909091
2022,PA,PT,nucleo_80,competitividade,11,4.0,4.0,3.0,1.4545454545454546
2022,PA,PT,nucleo_80,eleicao,11,4.0,2.0,2.0,0.7272727272727273
2022,PA,PT,acima_divisao_igual,competitividade,11,4.0,4.0,3.0,1.4545454545454546
2022,PA,PT,acima_divisao_igual,eleicao,11,4.0,2.0,2.0,0.7272727272727273
2022,PA,PTB,top_necr,competitividade,18,4.0,3.0,2.0,0.6666666666666666
2022,PA,PTB,top_necr,eleicao,18,4.0,0.0,0.0,0.0
2022,PA,PTB,nucleo_80,competitividade,18,3.0,3.0,2.0,0.5
2022,PA,PTB,nucleo_80,eleicao,18,3.0,0.0,0.0,0.0
2022,PA,PTB,acima_divisao_igual,competitividade,18,3.0,3.0,2.0,0.5
2022,PA,PTB,acima_divisao_igual,eleicao,18,3.0,0.0,0.0,0.0
2022,PA,PV,top_necr,competitividade,2,1.0,0.0,0.0,0.0
2022,PA,PV,top_necr,eleicao,2,1.0,0.0,0.0,0.0
2022,PA,PV,nucleo_80,competitividade,2,1.0,0.0,0.0,0.0
2022,PA,PV,nucleo_80,eleicao,2,1.0,0.0,0.0,0.0
2022,PA,PV,acima_divisao_igual,competitividade,2,1.0,0.0,0.0,0.0
2022,PA,PV,acima_divisao_igual,eleicao,2,1.0,0.0,0.0,0.0
2022,PA,REDE,top_necr,competitividade,2,1.0,0.0,0.0,0.0
2022,PA,REDE,top_necr,eleicao,2,1.0,0.0,0.0,0.0
2022,PA,REDE,nucleo_80,competitividade,2,1.0,0.0,0.0,0.0
2022,PA,REDE,nucleo_80,eleicao,2,1.0,0.0,0.0,0.0
2022,PA,REDE,acima_divisao_igual,competitividade,2,1.0,0.0,0.0,0.0
2022,PA,REDE,acima_divisao_igual,eleicao,2,1.0,0.0,0.0,0.0
2022,PA,REPUBLICANOS,top_necr,competitividade,18,14.0,2.0,2.0,1.5555555555555556
2022,PA,REPUBLICANOS,top_necr,eleicao,18,14.0,0.0,0.0,0.0
2022,PA,REPUBLICANOS,nucleo_80,competitividade,18,12.0,2.0,2.0,1.3333333333333333
2022,PA,REPUBLICANOS,nucleo_80,eleicao,18,12.0,0.0,0.0,0.0
2022,PA,REPUBLICANOS,acima_divisao_igual,competitividade,18,7.0,2.0,2.0,0.7777777777777778
2022,PA,REPUBLICANOS,acima_divisao_igual,eleicao,18,7.0,0.0,0.0,0.0
2022,PA,SOLIDARIEDADE,top_necr,competitividade,10,2.0,0.0,0.0,0.0
2022,PA,SOLIDARIEDADE,top_necr,eleicao,10,2.0,0.0,0.0,0.0
2022,PA,SOLIDARIEDADE,nucleo_80,competitividade,10,3.0,0.0,0.0,0.0
2022,PA,SOLIDARIEDADE,nucleo_80,eleicao,10,3.0,0.0,0.0,0.0
2022,PA,SOLIDARIEDADE,acima_divisao_igual,competitividade,10,1.0,0.0,0.0,0.0
2022,PA,SOLIDARIEDADE,acima_divisao_igual,eleicao,10,1.0,0.0,0.0,0.0
2022,PA,UNIAO,top_necr,competitividade,18,9.0,3.0,3.0,1.5
2022,PA,UNIAO,top_necr,eleicao,18,9.0,1.0,1.0,0.5
2022,PA,UNIAO,nucleo_80,competitividade,18,9.0,3.0,3.0,1.5
2022,PA,UNIAO,nucleo_80,eleicao,18,9.0,1.0,1.0,0.5
2022,PA,UNIAO,acima_divisao_igual,competitividade,18,5.0,3.0,3.0,0.8333333333333334
2022,PA,UNIAO,acima_divisao_igual,eleicao,18,5.0,1.0,1.0,0.2777777777777778
2022,PB,AGIR,top_necr,competitividade,8,0.0,0.0,0.0,0.0
2022,PB,AGIR,top_necr,eleicao,8,0.0,0.0,0.0,0.0
2022,PB,AGIR,nucleo_80,competitividade,8,0.0,0.0,0.0,0.0
2022,PB,AGIR,nucleo_80,eleicao,8,0.0,0.0,0.0,0.0
2022,PB,AGIR,acima_divisao_igual,competitividade,8,0.0,0.0,0.0,0.0
2022,PB,AGIR,acima_divisao_igual,eleicao,8,0.0,0.0,0.0,0.0
2022,PB,AVANTE,top_necr,competitividade,9,0.0,0.0,0.0,0.0
2022,PB,AVANTE,top_necr,eleicao,9,0.0,0.0,0.0,0.0
2022,PB,AVANTE,nucleo_80,competitividade,9,0.0,0.0,0.0,0.0
2022,PB,AVANTE,nucleo_80,eleicao,9,0.0,0.0,0.0,0.0
2022,PB,AVANTE,acima_divisao_igual,competitividade,9,0.0,0.0,0.0,0.0
2022,PB,AVANTE,acima_divisao_igual,eleicao,9,0.0,0.0,0.0,0.0
2022,PB,DC,top_necr,competitividade,2,2.0,0.0,0.0,0.0
2022,PB,DC,top_necr,eleicao,2,2.0,0.0,0.0,0.0
2022,PB,DC,nucleo_80,competitividade,2,2.0,0.0,0.0,0.0
2022,PB,DC,nucleo_80,eleicao,2,2.0,0.0,0.0,0.0
2022,PB,DC,acima_divisao_igual,competitividade,2,1.0,0.0,0.0,0.0
2022,PB,DC,acima_divisao_igual,eleicao,2,1.0,0.0,0.0,0.0
2022,PB,MDB,top_necr,competitividade,13,6.0,4.0,2.0,1.8461538461538463
2022,PB,MDB,top_necr,eleicao,13,6.0,0.0,0.0,0.0
2022,PB,MDB,nucleo_80,competitividade,13,7.0,4.0,3.0,2.1538461538461537
2022,PB,MDB,nucleo_80,eleicao,13,7.0,0.0,0.0,0.0
2022,PB,MDB,acima_divisao_igual,competitividade,13,5.0,4.0,2.0,1.5384615384615385
2022,PB,MDB,acima_divisao_igual,eleicao,13,5.0,0.0,0.0,0.0
2022,PB,PATRIOTA,top_necr,competitividade,10,9.0,0.0,0.0,0.0
2022,PB,PATRIOTA,top_necr,eleicao,10,9.0,0.0,0.0,0.0
2022,PB,PATRIOTA,nucleo_80,competitividade,10,8.0,0.0,0.0,0.0
2022,PB,PATRIOTA,nucleo_80,eleicao,10,8.0,0.0,0.0,0.0
2022,PB,PATRIOTA,acima_divisao_igual,competitividade,10,4.0,0.0,0.0,0.0
2022,PB,PATRIOTA,acima_divisao_igual,eleicao,10,4.0,0.0,0.0,0.0
2022,PB,PC DO B,top_necr,competitividade,2,1.0,0.0,0.0,0.0
2022,PB,PC DO B,top_necr,eleicao,2,1.0,0.0,0.0,0.0
2022,PB,PC DO B,nucleo_80,competitividade,2,1.0,0.0,0.0,0.0
2022,PB,PC DO B,nucleo_80,eleicao,2,1.0,0.0,0.0,0.0
2022,PB,PC DO B,acima_divisao_igual,competitividade,2,1.0,0.0,0.0,0.0
2022,PB,PC DO B,acima_divisao_igual,eleicao,2,1.0,0.0,0.0,0.0
2022,PB,PCO,top_necr,competitividade,3,3.0,0.0,0.0,0.0
2022,PB,PCO,top_necr,eleicao,3,3.0,0.0,0.0,0.0
2022,PB,PCO,nucleo_80,competitividade,3,3.0,0.0,0.0,0.0
2022,PB,PCO,nucleo_80,eleicao,3,3.0,0.0,0.0,0.0
2022,PB,PCO,acima_divisao_igual,competitividade,3,0.0,0.0,0.0,0.0
2022,PB,PCO,acima_divisao_igual,eleicao,3,0.0,0.0,0.0,0.0
2022,PB,PDT,top_necr,competitividade,8,7.0,0.0,0.0,0.0
2022,PB,PDT,top_necr,eleicao,8,7.0,0.0,0.0,0.0
2022,PB,PDT,nucleo_80,competitividade,8,6.0,0.0,0.0,0.0
2022,PB,PDT,nucleo_80,eleicao,8,6.0,0.0,0.0,0.0
2022,PB,PDT,acima_divisao_igual,competitividade,8,4.0,0.0,0.0,0.0
2022,PB,PDT,acima_divisao_igual,eleicao,8,4.0,0.0,0.0,0.0
2022,PB,PL,top_necr,competitividade,12,5.0,3.0,2.0,1.25
2022,PB,PL,top_necr,eleicao,12,5.0,2.0,2.0,0.8333333333333334
2022,PB,PL,nucleo_80,competitividade,12,7.0,3.0,2.0,1.75
2022,PB,PL,nucleo_80,eleicao,12,7.0,2.0,2.0,1.1666666666666667
2022,PB,PL,acima_divisao_igual,competitividade,12,3.0,3.0,2.0,0.75
2022,PB,PL,acima_divisao_igual,eleicao,12,3.0,2.0,2.0,0.5
2022,PB,PMB,top_necr,competitividade,9,0.0,0.0,0.0,0.0
2022,PB,PMB,top_necr,eleicao,9,0.0,0.0,0.0,0.0
2022,PB,PMB,nucleo_80,competitividade,9,0.0,0.0,0.0,0.0
2022,PB,PMB,nucleo_80,eleicao,9,0.0,0.0,0.0,0.0
2022,PB,PMB,acima_divisao_igual,competitividade,9,0.0,0.0,0.0,0.0
2022,PB,PMB,acima_divisao_igual,eleicao,9,0.0,0.0,0.0,0.0
2022,PB,PODE,top_necr,competitividade,3,0.0,0.0,0.0,0.0
2022,PB,PODE,top_necr,eleicao,3,0.0,0.0,0.0,0.0
2022,PB,PODE,nucleo_80,competitividade,3,0.0,0.0,0.0,0.0
2022,PB,PODE,nucleo_80,eleicao,3,0.0,0.0,0.0,0.0
2022,PB,PODE,acima_divisao_igual,competitividade,3,0.0,0.0,0.0,0.0
2022,PB,PODE,acima_divisao_igual,eleicao,3,0.0,0.0,0.0,0.0
2022,PB,PP,top_necr,competitividade,11,6.0,2.0,2.0,1.0909090909090908
2022,PB,PP,top_necr,eleicao,11,6.0,2.0,2.0,1.0909090909090908
2022,PB,PP,nucleo_80,competitividade,11,5.0,2.0,2.0,0.9090909090909091
2022,PB,PP,nucleo_80,eleicao,11,5.0,2.0,2.0,0.9090909090909091
2022,PB,PP,acima_divisao_igual,competitividade,11,4.0,2.0,2.0,0.7272727272727273
2022,PB,PP,acima_divisao_igual,eleicao,11,4.0,2.0,2.0,0.7272727272727273
2022,PB,PROS,top_necr,competitividade,3,3.0,0.0,0.0,0.0
2022,PB,PROS,top_necr,eleicao,3,3.0,0.0,0.0,0.0
2022,PB,PROS,nucleo_80,competitividade,3,3.0,0.0,0.0,0.0
2022,PB,PROS,nucleo_80,eleicao,3,3.0,0.0,0.0,0.0
2022,PB,PROS,acima_divisao_igual,competitividade,3,1.0,0.0,0.0,0.0
2022,PB,PROS,acima_divisao_igual,eleicao,3,1.0,0.0,0.0,0.0
2022,PB,PRTB,top_necr,competitividade,11,3.0,0.0,0.0,0.0
2022,PB,PRTB,top_necr,eleicao,11,3.0,0.0,0.0,0.0
2022,PB,PRTB,nucleo_80,competitividade,11,4.0,0.0,0.0,0.0
2022,PB,PRTB,nucleo_80,eleicao,11,4.0,0.0,0.0,0.0
2022,PB,PRTB,acima_divisao_igual,competitividade,11,2.0,0.0,0.0,0.0
2022,PB,PRTB,acima_divisao_igual,eleicao,11,2.0,0.0,0.0,0.0
2022,PB,PSB,top_necr,competitividade,13,6.0,5.0,5.0,2.3076923076923075
2022,PB,PSB,top_necr,eleicao,13,6.0,1.0,1.0,0.46153846153846156
2022,PB,PSB,nucleo_80,competitividade,13,5.0,5.0,4.0,1.9230769230769231
2022,PB,PSB,nucleo_80,eleicao,13,5.0,1.0,1.0,0.38461538461538464
2022,PB,PSB,acima_divisao_igual,competitividade,13,4.0,5.0,4.0,1.5384615384615385
2022,PB,PSB,acima_divisao_igual,eleicao,13,4.0,1.0,1.0,0.3076923076923077
2022,PB,PSC,top_necr,competitividade,13,4.0,3.0,3.0,0.9230769230769231
2022,PB,PSC,top_necr,eleicao,13,4.0,2.0,2.0,0.6153846153846154
2022,PB,PSC,nucleo_80,competitividade,13,3.0,3.0,3.0,0.6923076923076923
2022,PB,PSC,nucleo_80,eleicao,13,3.0,2.0,2.0,0.46153846153846156
2022,PB,PSC,acima_divisao_igual,competitividade,13,3.0,3.0,3.0,0.6923076923076923
2022,PB,PSC,acima_divisao_igual,eleicao,13,3.0,2.0,2.0,0.46153846153846156
2022,PB,PSDB,top_necr,competitividade,5,2.0,0.0,0.0,0.0
2022,PB,PSDB,top_necr,eleicao,5,2.0,0.0,0.0,0.0
2022,PB,PSDB,nucleo_80,competitividade,5,2.0,0.0,0.0,0.0
2022,PB,PSDB,nucleo_80,eleicao,5,2.0,0.0,0.0,0.0
2022,PB,PSDB,acima_divisao_igual,competitividade,5,1.0,0.0,0.0,0.0
2022,PB,PSDB,acima_divisao_igual,eleicao,5,1.0,0.0,0.0,0.0
2022,PB,PSOL,top_necr,competitividade,2,2.0,0.0,0.0,0.0
2022,PB,PSOL,top_necr,eleicao,2,2.0,0.0,0.0,0.0
2022,PB,PSOL,nucleo_80,competitividade,2,2.0,0.0,0.0,0.0
2022,PB,PSOL,nucleo_80,eleicao,2,2.0,0.0,0.0,0.0
2022,PB,PSOL,acima_divisao_igual,competitividade,2,1.0,0.0,0.0,0.0
2022,PB,PSOL,acima_divisao_igual,eleicao,2,1.0,0.0,0.0,0.0
2022,PB,PT,top_necr,competitividade,8,4.0,4.0,3.0,2.0
2022,PB,PT,top_necr,eleicao,8,4.0,1.0,1.0,0.5
2022,PB,PT,nucleo_80,competitividade,8,4.0,4.0,3.0,2.0
2022,PB,PT,nucleo_80,eleicao,8,4.0,1.0,1.0,0.5
2022,PB,PT,acima_divisao_igual,competitividade,8,3.0,4.0,3.0,1.5
2022,PB,PT,acima_divisao_igual,eleicao,8,3.0,1.0,1.0,0.375
2022,PB,PTB,top_necr,competitividade,12,4.0,0.0,0.0,0.0
2022,PB,PTB,top_necr,eleicao,12,4.0,0.0,0.0,0.0
2022,PB,PTB,nucleo_80,competitividade,12,4.0,0.0,0.0,0.0
2022,PB,PTB,nucleo_80,eleicao,12,4.0,0.0,0.0,0.0
2022,PB,PTB,acima_divisao_igual,competitividade,12,4.0,0.0,0.0,0.0
2022,PB,PTB,acima_divisao_igual,eleicao,12,4.0,0.0,0.0,0.0
2022,PB,PV,top_necr,competitividade,2,2.0,0.0,0.0,0.0
2022,PB,PV,top_necr,eleicao,2,2.0,0.0,0.0,0.0
2022,PB,PV,nucleo_80,competitividade,2,2.0,0.0,0.0,0.0
2022,PB,PV,nucleo_80,eleicao,2,2.0,0.0,0.0,0.0
2022,PB,PV,acima_divisao_igual,competitividade,2,1.0,0.0,0.0,0.0
2022,PB,PV,acima_divisao_igual,eleicao,2,1.0,0.0,0.0,0.0
2022,PB,REDE,top_necr,competitividade,11,7.0,0.0,0.0,0.0
2022,PB,REDE,top_necr,eleicao,11,7.0,0.0,0.0,0.0
2022,PB,REDE,nucleo_80,competitividade,11,6.0,0.0,0.0,0.0
2022,PB,REDE,nucleo_80,eleicao,11,6.0,0.0,0.0,0.0
2022,PB,REDE,acima_divisao_igual,competitividade,11,3.0,0.0,0.0,0.0
2022,PB,REDE,acima_divisao_igual,eleicao,11,3.0,0.0,0.0,0.0
2022,PB,REPUBLICANOS,top_necr,competitividade,13,9.0,7.0,7.0,4.846153846153846
2022,PB,REPUBLICANOS,top_necr,eleicao,13,9.0,3.0,3.0,2.076923076923077
2022,PB,REPUBLICANOS,nucleo_80,competitividade,13,7.0,7.0,6.0,3.769230769230769
2022,PB,REPUBLICANOS,nucleo_80,eleicao,13,7.0,3.0,3.0,1.6153846153846154
2022,PB,REPUBLICANOS,acima_divisao_igual,competitividade,13,6.0,7.0,5.0,3.230769230769231
2022,PB,REPUBLICANOS,acima_divisao_igual,eleicao,13,6.0,3.0,3.0,1.3846153846153846
2022,PB,SOLIDARIEDADE,top_necr,competitividade,12,5.0,0.0,0.0,0.0
2022,PB,SOLIDARIEDADE,top_necr,eleicao,12,5.0,0.0,0.0,0.0
2022,PB,SOLIDARIEDADE,nucleo_80,competitividade,12,4.0,0.0,0.0,0.0
2022,PB,SOLIDARIEDADE,nucleo_80,eleicao,12,4.0,0.0,0.0,0.0
2022,PB,SOLIDARIEDADE,acima_divisao_igual,competitividade,12,4.0,0.0,0.0,0.0
2022,PB,SOLIDARIEDADE,acima_divisao_igual,eleicao,12,4.0,0.0,0.0,0.0
2022,PB,UNIAO,top_necr,competitividade,13,8.0,3.0,3.0,1.8461538461538463
2022,PB,UNIAO,top_necr,eleicao,13,8.0,1.0,1.0,0.6153846153846154
2022,PB,UNIAO,nucleo_80,competitividade,13,8.0,3.0,3.0,1.8461538461538463
2022,PB,UNIAO,nucleo_80,eleicao,13,8.0,1.0,1.0,0.6153846153846154
2022,PB,UNIAO,acima_divisao_igual,competitividade,13,4.0,3.0,2.0,0.9230769230769231
2022,PB,UNIAO,acima_divisao_igual,eleicao,13,4.0,1.0,1.0,0.3076923076923077
2022,PB,UP,top_necr,competitividade,3,3.0,0.0,0.0,0.0
2022,PB,UP,top_necr,eleicao,3,3.0,0.0,0.0,0.0
2022,PB,UP,nucleo_80,competitividade,3,2.0,0.0,0.0,0.0
2022,PB,UP,nucleo_80,eleicao,3,2.0,0.0,0.0,0.0
2022,PB,UP,acima_divisao_igual,competitividade,3,2.0,0.0,0.0,0.0
2022,PB,UP,acima_divisao_igual,eleicao,3,2.0,0.0,0.0,0.0
2022,PE,AGIR,top_necr,competitividade,17,9.0,0.0,0.0,0.0
2022,PE,AGIR,top_necr,eleicao,17,9.0,0.0,0.0,0.0
2022,PE,AGIR,nucleo_80,competitividade,17,8.0,0.0,0.0,0.0
2022,PE,AGIR,nucleo_80,eleicao,17,8.0,0.0,0.0,0.0
2022,PE,AGIR,acima_divisao_igual,competitividade,17,5.0,0.0,0.0,0.0
2022,PE,AGIR,acima_divisao_igual,eleicao,17,5.0,0.0,0.0,0.0
2022,PE,AVANTE,top_necr,competitividade,26,8.0,1.0,0.5,0.3076923076923077
2022,PE,AVANTE,top_necr,eleicao,26,8.0,1.0,1.0,0.3076923076923077
2022,PE,AVANTE,nucleo_80,competitividade,26,11.0,1.0,1.0,0.4230769230769231
2022,PE,AVANTE,nucleo_80,eleicao,26,11.0,1.0,1.0,0.4230769230769231
2022,PE,AVANTE,acima_divisao_igual,competitividade,26,6.0,1.0,0.0,0.23076923076923078
2022,PE,AVANTE,acima_divisao_igual,eleicao,26,6.0,1.0,1.0,0.23076923076923078
2022,PE,CIDADANIA,top_necr,competitividade,2,1.0,1.0,1.0,0.5
2022,PE,CIDADANIA,top_necr,eleicao,2,1.0,0.0,0.0,0.0
2022,PE,CIDADANIA,nucleo_80,competitividade,2,1.0,1.0,1.0,0.5
2022,PE,CIDADANIA,nucleo_80,eleicao,2,1.0,0.0,0.0,0.0
2022,PE,CIDADANIA,acima_divisao_igual,competitividade,2,1.0,1.0,1.0,0.5
2022,PE,CIDADANIA,acima_divisao_igual,eleicao,2,1.0,0.0,0.0,0.0
2022,PE,DC,top_necr,competitividade,18,13.0,0.0,0.0,0.0
2022,PE,DC,top_necr,eleicao,18,13.0,0.0,0.0,0.0
2022,PE,DC,nucleo_80,competitividade,18,11.0,0.0,0.0,0.0
2022,PE,DC,nucleo_80,eleicao,18,11.0,0.0,0.0,0.0
2022,PE,DC,acima_divisao_igual,competitividade,18,14.0,0.0,0.0,0.0
2022,PE,DC,acima_divisao_igual,eleicao,18,14.0,0.0,0.0,0.0
2022,PE,MDB,top_necr,competitividade,20,7.0,4.0,4.0,1.4
2022,PE,MDB,top_necr,eleicao,20,7.0,1.0,1.0,0.35
2022,PE,MDB,nucleo_80,competitividade,20,7.0,4.0,4.0,1.4
2022,PE,MDB,nucleo_80,eleicao,20,7.0,1.0,1.0,0.35
2022,PE,MDB,acima_divisao_igual,competitividade,20,7.0,4.0,4.0,1.4
2022,PE,MDB,acima_divisao_igual,eleicao,20,7.0,1.0,1.0,0.35
2022,PE,NOVO,top_necr,competitividade,6,4.0,0.0,0.0,0.0
2022,PE,NOVO,top_necr,eleicao,6,4.0,0.0,0.0,0.0
2022,PE,NOVO,nucleo_80,competitividade,6,4.0,0.0,0.0,0.0
2022,PE,NOVO,nucleo_80,eleicao,6,4.0,0.0,0.0,0.0
2022,PE,NOVO,acima_divisao_igual,competitividade,6,3.0,0.0,0.0,0.0
2022,PE,NOVO,acima_divisao_igual,eleicao,6,3.0,0.0,0.0,0.0
2022,PE,PATRIOTA,top_necr,competitividade,21,9.0,0.0,0.0,0.0
2022,PE,PATRIOTA,top_necr,eleicao,21,9.0,0.0,0.0,0.0
2022,PE,PATRIOTA,nucleo_80,competitividade,21,7.0,0.0,0.0,0.0
2022,PE,PATRIOTA,nucleo_80,eleicao,21,7.0,0.0,0.0,0.0
2022,PE,PATRIOTA,acima_divisao_igual,competitividade,21,6.0,0.0,0.0,0.0
2022,PE,PATRIOTA,acima_divisao_igual,eleicao,21,6.0,0.0,0.0,0.0
2022,PE,PC DO B,top_necr,competitividade,3,1.0,1.0,1.0,0.3333333333333333
2022,PE,PC DO B,top_necr,eleicao,3,1.0,1.0,1.0,0.3333333333333333
2022,PE,PC DO B,nucleo_80,competitividade,3,1.0,1.0,1.0,0.3333333333333333
2022,PE,PC DO B,nucleo_80,eleicao,3,1.0,1.0,1.0,0.3333333333333333
2022,PE,PC DO B,acima_divisao_igual,competitividade,3,1.0,1.0,1.0,0.3333333333333333
2022,PE,PC DO B,acima_divisao_igual,eleicao,3,1.0,1.0,1.0,0.3333333333333333
2022,PE,PCB,top_necr,competitividade,2,0.0,0.0,0.0,0.0
2022,PE,PCB,top_necr,eleicao,2,0.0,0.0,0.0,0.0
2022,PE,PCB,nucleo_80,competitividade,2,0.0,0.0,0.0,0.0
2022,PE,PCB,nucleo_80,eleicao,2,0.0,0.0,0.0,0.0
2022,PE,PCB,acima_divisao_igual,competitividade,2,0.0,0.0,0.0,0.0
2022,PE,PCB,acima_divisao_igual,eleicao,2,0.0,0.0,0.0,0.0
2022,PE,PDT,top_necr,competitividade,24,6.0,3.0,2.0,0.75
2022,PE,PDT,top_necr,eleicao,24,6.0,0.0,0.0,0.0
2022,PE,PDT,nucleo_80,competitividade,24,7.0,3.0,2.0,0.875
2022,PE,PDT,nucleo_80,eleicao,24,7.0,0.0,0.0,0.0
2022,PE,PDT,acima_divisao_igual,competitividade,24,6.0,3.0,2.0,0.75
2022,PE,PDT,acima_divisao_igual,eleicao,24,6.0,0.0,0.0,0.0
2022,PE,PL,top_necr,competitividade,26,3.0,7.0,3.0,0.8076923076923077
2022,PE,PL,top_necr,eleicao,26,3.0,4.0,3.0,0.46153846153846156
2022,PE,PL,nucleo_80,competitividade,26,3.0,7.0,3.0,0.8076923076923077
2022,PE,PL,nucleo_80,eleicao,26,3.0,4.0,3.0,0.46153846153846156
2022,PE,PL,acima_divisao_igual,competitividade,26,3.0,7.0,3.0,0.8076923076923077
2022,PE,PL,acima_divisao_igual,eleicao,26,3.0,4.0,3.0,0.46153846153846156
2022,PE,PMB,top_necr,competitividade,1,0.0,0.0,0.0,0.0
2022,PE,PMB,top_necr,eleicao,1,0.0,0.0,0.0,0.0
2022,PE,PMB,nucleo_80,competitividade,1,0.0,0.0,0.0,0.0
2022,PE,PMB,nucleo_80,eleicao,1,0.0,0.0,0.0,0.0
2022,PE,PMB,acima_divisao_igual,competitividade,1,0.0,0.0,0.0,0.0
2022,PE,PMB,acima_divisao_igual,eleicao,1,0.0,0.0,0.0,0.0
2022,PE,PMN,top_necr,competitividade,21,6.0,0.0,0.0,0.0
2022,PE,PMN,top_necr,eleicao,21,6.0,0.0,0.0,0.0
2022,PE,PMN,nucleo_80,competitividade,21,7.0,0.0,0.0,0.0
2022,PE,PMN,nucleo_80,eleicao,21,7.0,0.0,0.0,0.0
2022,PE,PMN,acima_divisao_igual,competitividade,21,4.0,0.0,0.0,0.0
2022,PE,PMN,acima_divisao_igual,eleicao,21,4.0,0.0,0.0,0.0
2022,PE,PODE,top_necr,competitividade,22,5.0,3.0,1.0,0.6818181818181818
2022,PE,PODE,top_necr,eleicao,22,5.0,0.0,0.0,0.0
2022,PE,PODE,nucleo_80,competitividade,22,7.0,3.0,2.0,0.9545454545454546
2022,PE,PODE,nucleo_80,eleicao,22,7.0,0.0,0.0,0.0
2022,PE,PODE,acima_divisao_igual,competitividade,22,4.0,3.0,1.0,0.5454545454545454
2022,PE,PODE,acima_divisao_igual,eleicao,22,4.0,0.0,0.0,0.0
2022,PE,PP,top_necr,competitividade,21,8.0,5.0,3.0,1.9047619047619047
2022,PE,PP,top_necr,eleicao,21,8.0,4.0,4.0,1.5238095238095237
2022,PE,PP,nucleo_80,competitividade,21,6.0,5.0,3.0,1.4285714285714286
2022,PE,PP,nucleo_80,eleicao,21,6.0,4.0,4.0,1.1428571428571428
2022,PE,PP,acima_divisao_igual,competitividade,21,6.0,5.0,3.0,1.4285714285714286
2022,PE,PP,acima_divisao_igual,eleicao,21,6.0,4.0,4.0,1.1428571428571428
2022,PE,PROS,top_necr,competitividade,3,0.0,0.0,0.0,0.0
2022,PE,PROS,top_necr,eleicao,3,0.0,0.0,0.0,0.0
2022,PE,PROS,nucleo_80,competitividade,3,0.0,0.0,0.0,0.0
2022,PE,PROS,nucleo_80,eleicao,3,0.0,0.0,0.0,0.0
2022,PE,PROS,acima_divisao_igual,competitividade,3,0.0,0.0,0.0,0.0
2022,PE,PROS,acima_divisao_igual,eleicao,3,0.0,0.0,0.0,0.0
2022,PE,PRTB,top_necr,competitividade,24,13.0,0.0,0.0,0.0
2022,PE,PRTB,top_necr,eleicao,24,13.0,0.0,0.0,0.0
2022,PE,PRTB,nucleo_80,competitividade,24,10.0,0.0,0.0,0.0
2022,PE,PRTB,nucleo_80,eleicao,24,10.0,0.0,0.0,0.0
2022,PE,PRTB,acima_divisao_igual,competitividade,24,9.0,0.0,0.0,0.0
2022,PE,PRTB,acima_divisao_igual,eleicao,24,9.0,0.0,0.0,0.0
2022,PE,PSB,top_necr,competitividade,14,8.0,7.0,7.0,4.0
2022,PE,PSB,top_necr,eleicao,14,8.0,5.0,5.0,2.857142857142857
2022,PE,PSB,nucleo_80,competitividade,14,6.0,7.0,5.0,3.0
2022,PE,PSB,nucleo_80,eleicao,14,6.0,5.0,3.0,2.142857142857143
2022,PE,PSB,acima_divisao_igual,competitividade,14,6.0,7.0,5.0,3.0
2022,PE,PSB,acima_divisao_igual,eleicao,14,6.0,5.0,3.0,2.142857142857143
2022,PE,PSC,top_necr,competitividade,9,0.0,0.0,0.0,0.0
2022,PE,PSC,top_necr,eleicao,9,0.0,0.0,0.0,0.0
2022,PE,PSC,nucleo_80,competitividade,9,0.0,0.0,0.0,0.0
2022,PE,PSC,nucleo_80,eleicao,9,0.0,0.0,0.0,0.0
2022,PE,PSC,acima_divisao_igual,competitividade,9,0.0,0.0,0.0,0.0
2022,PE,PSC,acima_divisao_igual,eleicao,9,0.0,0.0,0.0,0.0
2022,PE,PSD,top_necr,competitividade,2,0.0,0.0,0.0,0.0
2022,PE,PSD,top_necr,eleicao,2,0.0,0.0,0.0,0.0
2022,PE,PSD,nucleo_80,competitividade,2,0.0,0.0,0.0,0.0
2022,PE,PSD,nucleo_80,eleicao,2,0.0,0.0,0.0,0.0
2022,PE,PSD,acima_divisao_igual,competitividade,2,0.0,0.0,0.0,0.0
2022,PE,PSD,acima_divisao_igual,eleicao,2,0.0,0.0,0.0,0.0
2022,PE,PSDB,top_necr,competitividade,13,8.0,0.0,0.0,0.0
2022,PE,PSDB,top_necr,eleicao,13,8.0,0.0,0.0,0.0
2022,PE,PSDB,nucleo_80,competitividade,13,6.0,0.0,0.0,0.0
2022,PE,PSDB,nucleo_80,eleicao,13,6.0,0.0,0.0,0.0
2022,PE,PSDB,acima_divisao_igual,competitividade,13,6.0,0.0,0.0,0.0
2022,PE,PSDB,acima_divisao_igual,eleicao,13,6.0,0.0,0.0,0.0
2022,PE,PSOL,top_necr,competitividade,17,9.0,1.0,0.0,0.5294117647058824
2022,PE,PSOL,top_necr,eleicao,17,9.0,0.0,0.0,0.0
2022,PE,PSOL,nucleo_80,competitividade,17,9.0,1.0,0.0,0.5294117647058824
2022,PE,PSOL,nucleo_80,eleicao,17,9.0,0.0,0.0,0.0
2022,PE,PSOL,acima_divisao_igual,competitividade,17,7.0,1.0,0.0,0.4117647058823529
2022,PE,PSOL,acima_divisao_igual,eleicao,17,7.0,0.0,0.0,0.0
2022,PE,PSTU,top_necr,competitividade,2,2.0,0.0,0.0,0.0
2022,PE,PSTU,top_necr,eleicao,2,2.0,0.0,0.0,0.0
2022,PE,PSTU,nucleo_80,competitividade,2,2.0,0.0,0.0,0.0
2022,PE,PSTU,nucleo_80,eleicao,2,2.0,0.0,0.0,0.0
2022,PE,PSTU,acima_divisao_igual,competitividade,2,0.0,0.0,0.0,0.0
2022,PE,PSTU,acima_divisao_igual,eleicao,2,0.0,0.0,0.0,0.0
2022,PE,PT,top_necr,competitividade,15,6.0,4.0,3.0,1.6
2022,PE,PT,top_necr,eleicao,15,6.0,1.0,1.0,0.4
2022,PE,PT,nucleo_80,competitividade,15,6.0,4.0,3.0,1.6
2022,PE,PT,nucleo_80,eleicao,15,6.0,1.0,1.0,0.4
2022,PE,PT,acima_divisao_igual,competitividade,15,6.0,4.0,3.0,1.6
2022,PE,PT,acima_divisao_igual,eleicao,15,6.0,1.0,1.0,0.4
2022,PE,PTB,top_necr,competitividade,10,4.0,0.0,0.0,0.0
2022,PE,PTB,top_necr,eleicao,10,4.0,0.0,0.0,0.0
2022,PE,PTB,nucleo_80,competitividade,10,5.0,0.0,0.0,0.0
2022,PE,PTB,nucleo_80,eleicao,10,5.0,0.0,0.0,0.0
2022,PE,PTB,acima_divisao_igual,competitividade,10,2.0,0.0,0.0,0.0
2022,PE,PTB,acima_divisao_igual,eleicao,10,2.0,0.0,0.0,0.0
2022,PE,PV,top_necr,competitividade,3,2.0,1.0,1.0,0.6666666666666666
2022,PE,PV,top_necr,eleicao,3,2.0,1.0,1.0,0.6666666666666666
2022,PE,PV,nucleo_80,competitividade,3,2.0,1.0,1.0,0.6666666666666666
2022,PE,PV,nucleo_80,eleicao,3,2.0,1.0,1.0,0.6666666666666666
2022,PE,PV,acima_divisao_igual,competitividade,3,2.0,1.0,1.0,0.6666666666666666
2022,PE,PV,acima_divisao_igual,eleicao,3,2.0,1.0,1.0,0.6666666666666666
2022,PE,REDE,top_necr,competitividade,9,2.0,2.0,2.0,0.4444444444444444
2022,PE,REDE,top_necr,eleicao,9,2.0,1.0,1.0,0.2222222222222222
2022,PE,REDE,nucleo_80,competitividade,9,3.0,2.0,2.0,0.6666666666666666
2022,PE,REDE,nucleo_80,eleicao,9,3.0,1.0,1.0,0.3333333333333333
2022,PE,REDE,acima_divisao_igual,competitividade,9,2.0,2.0,2.0,0.4444444444444444
2022,PE,REDE,acima_divisao_igual,eleicao,9,2.0,1.0,1.0,0.2222222222222222
2022,PE,REPUBLICANOS,top_necr,competitividade,25,9.0,4.0,4.0,1.44
2022,PE,REPUBLICANOS,top_necr,eleicao,25,9.0,2.0,2.0,0.72
2022,PE,REPUBLICANOS,nucleo_80,competitividade,25,9.0,4.0,4.0,1.44
2022,PE,REPUBLICANOS,nucleo_80,eleicao,25,9.0,2.0,2.0,0.72
2022,PE,REPUBLICANOS,acima_divisao_igual,competitividade,25,6.0,4.0,4.0,0.96
2022,PE,REPUBLICANOS,acima_divisao_igual,eleicao,25,6.0,2.0,2.0,0.48
2022,PE,SOLIDARIEDADE,top_necr,competitividade,13,3.0,5.0,2.0,1.1538461538461537
2022,PE,SOLIDARIEDADE,top_necr,eleicao,13,3.0,1.0,1.0,0.23076923076923078
2022,PE,SOLIDARIEDADE,nucleo_80,competitividade,13,2.0,5.0,1.0,0.7692307692307693
2022,PE,SOLIDARIEDADE,nucleo_80,eleicao,13,2.0,1.0,1.0,0.15384615384615385
2022,PE,SOLIDARIEDADE,acima_divisao_igual,competitividade,13,2.0,5.0,1.0,0.7692307692307693
2022,PE,SOLIDARIEDADE,acima_divisao_igual,eleicao,13,2.0,1.0,1.0,0.15384615384615385
2022,PE,UNIAO,top_necr,competitividade,26,21.0,7.0,7.0,5.653846153846154
2022,PE,UNIAO,top_necr,eleicao,26,21.0,3.0,3.0,2.423076923076923
2022,PE,UNIAO,nucleo_80,competitividade,26,16.0,7.0,6.0,4.3076923076923075
2022,PE,UNIAO,nucleo_80,eleicao,26,16.0,3.0,3.0,1.8461538461538463
2022,PE,UNIAO,acima_divisao_igual,competitividade,26,14.0,7.0,5.0,3.769230769230769
2022,PE,UNIAO,acima_divisao_igual,eleicao,26,14.0,3.0,3.0,1.6153846153846154
2022,PE,UP,top_necr,competitividade,2,1.0,0.0,0.0,0.0
2022,PE,UP,top_necr,eleicao,2,1.0,0.0,0.0,0.0
2022,PE,UP,nucleo_80,competitividade,2,1.0,0.0,0.0,0.0
2022,PE,UP,nucleo_80,eleicao,2,1.0,0.0,0.0,0.0
2022,PE,UP,acima_divisao_igual,competitividade,2,1.0,0.0,0.0,0.0
2022,PE,UP,acima_divisao_igual,eleicao,2,1.0,0.0,0.0,0.0
2022,PI,AGIR,top_necr,competitividade,6,1.0,0.0,0.0,0.0
2022,PI,AGIR,top_necr,eleicao,6,1.0,0.0,0.0,0.0
2022,PI,AGIR,nucleo_80,competitividade,6,1.0,0.0,0.0,0.0
2022,PI,AGIR,nucleo_80,eleicao,6,1.0,0.0,0.0,0.0
2022,PI,AGIR,acima_divisao_igual,competitividade,6,1.0,0.0,0.0,0.0
2022,PI,AGIR,acima_divisao_igual,eleicao,6,1.0,0.0,0.0,0.0
2022,PI,CIDADANIA,top_necr,competitividade,9,9.0,0.0,0.0,0.0
2022,PI,CIDADANIA,top_necr,eleicao,9,9.0,0.0,0.0,0.0
2022,PI,CIDADANIA,nucleo_80,competitividade,9,7.0,0.0,0.0,0.0
2022,PI,CIDADANIA,nucleo_80,eleicao,9,7.0,0.0,0.0,0.0
2022,PI,CIDADANIA,acima_divisao_igual,competitividade,9,7.0,0.0,0.0,0.0
2022,PI,CIDADANIA,acima_divisao_igual,eleicao,9,7.0,0.0,0.0,0.0
2022,PI,NOVO,top_necr,competitividade,6,3.0,0.0,0.0,0.0
2022,PI,NOVO,top_necr,eleicao,6,3.0,0.0,0.0,0.0
2022,PI,NOVO,nucleo_80,competitividade,6,3.0,0.0,0.0,0.0
2022,PI,NOVO,nucleo_80,eleicao,6,3.0,0.0,0.0,0.0
2022,PI,NOVO,acima_divisao_igual,competitividade,6,2.0,0.0,0.0,0.0
2022,PI,NOVO,acima_divisao_igual,eleicao,6,2.0,0.0,0.0,0.0
2022,PI,PATRIOTA,top_necr,competitividade,9,5.0,0.0,0.0,0.0
2022,PI,PATRIOTA,top_necr,eleicao,9,5.0,0.0,0.0,0.0
2022,PI,PATRIOTA,nucleo_80,competitividade,9,5.0,0.0,0.0,0.0
2022,PI,PATRIOTA,nucleo_80,eleicao,9,5.0,0.0,0.0,0.0
2022,PI,PATRIOTA,acima_divisao_igual,competitividade,9,5.0,0.0,0.0,0.0
2022,PI,PATRIOTA,acima_divisao_igual,eleicao,9,5.0,0.0,0.0,0.0
2022,PI,PCB,top_necr,competitividade,2,0.0,0.0,0.0,0.0
2022,PI,PCB,top_necr,eleicao,2,0.0,0.0,0.0,0.0
2022,PI,PCB,nucleo_80,competitividade,2,0.0,0.0,0.0,0.0
2022,PI,PCB,nucleo_80,eleicao,2,0.0,0.0,0.0,0.0
2022,PI,PCB,acima_divisao_igual,competitividade,2,0.0,0.0,0.0,0.0
2022,PI,PCB,acima_divisao_igual,eleicao,2,0.0,0.0,0.0,0.0
2022,PI,PCO,top_necr,competitividade,1,0.0,0.0,0.0,0.0
2022,PI,PCO,top_necr,eleicao,1,0.0,0.0,0.0,0.0
2022,PI,PCO,nucleo_80,competitividade,1,0.0,0.0,0.0,0.0
2022,PI,PCO,nucleo_80,eleicao,1,0.0,0.0,0.0,0.0
2022,PI,PCO,acima_divisao_igual,competitividade,1,0.0,0.0,0.0,0.0
2022,PI,PCO,acima_divisao_igual,eleicao,1,0.0,0.0,0.0,0.0
2022,PI,PDT,top_necr,competitividade,8,2.0,0.0,0.0,0.0
2022,PI,PDT,top_necr,eleicao,8,2.0,0.0,0.0,0.0
2022,PI,PDT,nucleo_80,competitividade,8,2.0,0.0,0.0,0.0
2022,PI,PDT,nucleo_80,eleicao,8,2.0,0.0,0.0,0.0
2022,PI,PDT,acima_divisao_igual,competitividade,8,1.0,0.0,0.0,0.0
2022,PI,PDT,acima_divisao_igual,eleicao,8,1.0,0.0,0.0,0.0
2022,PI,PL,top_necr,competitividade,10,1.0,0.0,0.0,0.0
2022,PI,PL,top_necr,eleicao,10,1.0,0.0,0.0,0.0
2022,PI,PL,nucleo_80,competitividade,10,1.0,0.0,0.0,0.0
2022,PI,PL,nucleo_80,eleicao,10,1.0,0.0,0.0,0.0
2022,PI,PL,acima_divisao_igual,competitividade,10,1.0,0.0,0.0,0.0
2022,PI,PL,acima_divisao_igual,eleicao,10,1.0,0.0,0.0,0.0
2022,PI,PMN,top_necr,competitividade,11,8.0,0.0,0.0,0.0
2022,PI,PMN,top_necr,eleicao,11,8.0,0.0,0.0,0.0
2022,PI,PMN,nucleo_80,competitividade,11,7.0,0.0,0.0,0.0
2022,PI,PMN,nucleo_80,eleicao,11,7.0,0.0,0.0,0.0
2022,PI,PMN,acima_divisao_igual,competitividade,11,4.0,0.0,0.0,0.0
2022,PI,PMN,acima_divisao_igual,eleicao,11,4.0,0.0,0.0,0.0
2022,PI,PODE,top_necr,competitividade,9,7.0,0.0,0.0,0.0
2022,PI,PODE,top_necr,eleicao,9,7.0,0.0,0.0,0.0
2022,PI,PODE,nucleo_80,competitividade,9,6.0,0.0,0.0,0.0
2022,PI,PODE,nucleo_80,eleicao,9,6.0,0.0,0.0,0.0
2022,PI,PODE,acima_divisao_igual,competitividade,9,5.0,0.0,0.0,0.0
2022,PI,PODE,acima_divisao_igual,eleicao,9,5.0,0.0,0.0,0.0
2022,PI,PP,top_necr,competitividade,9,7.0,2.0,2.0,1.5555555555555556
2022,PI,PP,top_necr,eleicao,9,7.0,2.0,2.0,1.5555555555555556
2022,PI,PP,nucleo_80,competitividade,9,6.0,2.0,2.0,1.3333333333333333
2022,PI,PP,nucleo_80,eleicao,9,6.0,2.0,2.0,1.3333333333333333
2022,PI,PP,acima_divisao_igual,competitividade,9,4.0,2.0,2.0,0.8888888888888888
2022,PI,PP,acima_divisao_igual,eleicao,9,4.0,2.0,2.0,0.8888888888888888
2022,PI,PSC,top_necr,competitividade,11,0.0,0.0,0.0,0.0
2022,PI,PSC,top_necr,eleicao,11,0.0,0.0,0.0,0.0
2022,PI,PSC,nucleo_80,competitividade,11,0.0,0.0,0.0,0.0
2022,PI,PSC,nucleo_80,eleicao,11,0.0,0.0,0.0,0.0
2022,PI,PSC,acima_divisao_igual,competitividade,11,0.0,0.0,0.0,0.0
2022,PI,PSC,acima_divisao_igual,eleicao,11,0.0,0.0,0.0,0.0
2022,PI,PSD,top_necr,competitividade,10,6.0,3.0,3.0,1.8
2022,PI,PSD,top_necr,eleicao,10,6.0,3.0,3.0,1.8
2022,PI,PSD,nucleo_80,competitividade,10,4.0,3.0,3.0,1.2
2022,PI,PSD,nucleo_80,eleicao,10,4.0,3.0,3.0,1.2
2022,PI,PSD,acima_divisao_igual,competitividade,10,4.0,3.0,3.0,1.2
2022,PI,PSD,acima_divisao_igual,eleicao,10,4.0,3.0,3.0,1.2
2022,PI,PSOL,top_necr,competitividade,4,4.0,0.0,0.0,0.0
2022,PI,PSOL,top_necr,eleicao,4,4.0,0.0,0.0,0.0
2022,PI,PSOL,nucleo_80,competitividade,4,3.0,0.0,0.0,0.0
2022,PI,PSOL,nucleo_80,eleicao,4,3.0,0.0,0.0,0.0
2022,PI,PSOL,acima_divisao_igual,competitividade,4,2.0,0.0,0.0,0.0
2022,PI,PSOL,acima_divisao_igual,eleicao,4,2.0,0.0,0.0,0.0
2022,PI,PSTU,top_necr,competitividade,2,2.0,0.0,0.0,0.0
2022,PI,PSTU,top_necr,eleicao,2,2.0,0.0,0.0,0.0
2022,PI,PSTU,nucleo_80,competitividade,2,2.0,0.0,0.0,0.0
2022,PI,PSTU,nucleo_80,eleicao,2,2.0,0.0,0.0,0.0
2022,PI,PSTU,acima_divisao_igual,competitividade,2,0.0,0.0,0.0,0.0
2022,PI,PSTU,acima_divisao_igual,eleicao,2,0.0,0.0,0.0,0.0
2022,PI,PT,top_necr,competitividade,9,5.0,7.0,4.0,3.888888888888889
2022,PI,PT,top_necr,eleicao,9,5.0,4.0,3.0,2.2222222222222223
2022,PI,PT,nucleo_80,competitividade,9,4.0,7.0,4.0,3.111111111111111
2022,PI,PT,nucleo_80,eleicao,9,4.0,4.0,3.0,1.7777777777777777
2022,PI,PT,acima_divisao_igual,competitividade,9,4.0,7.0,4.0,3.111111111111111
2022,PI,PT,acima_divisao_igual,eleicao,9,4.0,4.0,3.0,1.7777777777777777
2022,PI,PTB,top_necr,competitividade,10,7.0,0.0,0.0,0.0
2022,PI,PTB,top_necr,eleicao,10,7.0,0.0,0.0,0.0
2022,PI,PTB,nucleo_80,competitividade,10,6.0,0.0,0.0,0.0
2022,PI,PTB,nucleo_80,eleicao,10,6.0,0.0,0.0,0.0
2022,PI,PTB,acima_divisao_igual,competitividade,10,6.0,0.0,0.0,0.0
2022,PI,PTB,acima_divisao_igual,eleicao,10,6.0,0.0,0.0,0.0
2022,PI,PV,top_necr,competitividade,2,1.0,0.0,0.0,0.0
2022,PI,PV,top_necr,eleicao,2,1.0,1.0,0.0,0.5
2022,PI,PV,nucleo_80,competitividade,2,1.0,0.0,0.0,0.0
2022,PI,PV,nucleo_80,eleicao,2,1.0,1.0,0.0,0.5
2022,PI,PV,acima_divisao_igual,competitividade,2,1.0,0.0,0.0,0.0
2022,PI,PV,acima_divisao_igual,eleicao,2,1.0,1.0,0.0,0.5
2022,PI,REDE,top_necr,competitividade,3,3.0,0.0,0.0,0.0
2022,PI,REDE,top_necr,eleicao,3,3.0,0.0,0.0,0.0
2022,PI,REDE,nucleo_80,competitividade,3,3.0,0.0,0.0,0.0
2022,PI,REDE,nucleo_80,eleicao,3,3.0,0.0,0.0,0.0
2022,PI,REDE,acima_divisao_igual,competitividade,3,2.0,0.0,0.0,0.0
2022,PI,REDE,acima_divisao_igual,eleicao,3,2.0,0.0,0.0,0.0
2022,PI,REPUBLICANOS,top_necr,competitividade,11,2.0,1.0,1.0,0.18181818181818182
2022,PI,REPUBLICANOS,top_necr,eleicao,11,2.0,0.0,0.0,0.0
2022,PI,REPUBLICANOS,nucleo_80,competitividade,11,2.0,1.0,1.0,0.18181818181818182
2022,PI,REPUBLICANOS,nucleo_80,eleicao,11,2.0,0.0,0.0,0.0
2022,PI,REPUBLICANOS,acima_divisao_igual,competitividade,11,2.0,1.0,1.0,0.18181818181818182
2022,PI,REPUBLICANOS,acima_divisao_igual,eleicao,11,2.0,0.0,0.0,0.0
2022,PI,SOLIDARIEDADE,top_necr,competitividade,11,3.0,3.0,2.0,0.8181818181818182
2022,PI,SOLIDARIEDADE,top_necr,eleicao,11,3.0,0.0,0.0,0.0
2022,PI,SOLIDARIEDADE,nucleo_80,competitividade,11,3.0,3.0,2.0,0.8181818181818182
2022,PI,SOLIDARIEDADE,nucleo_80,eleicao,11,3.0,0.0,0.0,0.0
2022,PI,SOLIDARIEDADE,acima_divisao_igual,competitividade,11,3.0,3.0,2.0,0.8181818181818182
2022,PI,SOLIDARIEDADE,acima_divisao_igual,eleicao,11,3.0,0.0,0.0,0.0
2022,PI,UNIAO,top_necr,competitividade,10,7.0,5.0,4.0,3.5
2022,PI,UNIAO,top_necr,eleicao,10,7.0,0.0,0.0,0.0
2022,PI,UNIAO,nucleo_80,competitividade,10,6.0,5.0,4.0,3.0
2022,PI,UNIAO,nucleo_80,eleicao,10,6.0,0.0,0.0,0.0
2022,PI,UNIAO,acima_divisao_igual,competitividade,10,4.0,5.0,2.0,2.0
2022,PI,UNIAO,acima_divisao_igual,eleicao,10,4.0,0.0,0.0,0.0
2022,PI,UP,top_necr,competitividade,1,1.0,0.0,0.0,0.0
2022,PI,UP,top_necr,eleicao,1,1.0,0.0,0.0,0.0
2022,PI,UP,nucleo_80,competitividade,1,1.0,0.0,0.0,0.0
2022,PI,UP,nucleo_80,eleicao,1,1.0,0.0,0.0,0.0
2022,PI,UP,acima_divisao_igual,competitividade,1,0.0,0.0,0.0,0.0
2022,PI,UP,acima_divisao_igual,eleicao,1,0.0,0.0,0.0,0.0
2022,PR,AGIR,top_necr,competitividade,26,6.0,0.0,0.0,0.0
2022,PR,AGIR,top_necr,eleicao,26,6.0,0.0,0.0,0.0
2022,PR,AGIR,nucleo_80,competitividade,26,5.0,0.0,0.0,0.0
2022,PR,AGIR,nucleo_80,eleicao,26,5.0,0.0,0.0,0.0
2022,PR,AGIR,acima_divisao_igual,competitividade,26,6.0,0.0,0.0,0.0
2022,PR,AGIR,acima_divisao_igual,eleicao,26,6.0,0.0,0.0,0.0
2022,PR,CIDADANIA,top_necr,competitividade,12,2.0,1.0,1.0,0.16666666666666666
2022,PR,CIDADANIA,top_necr,eleicao,12,2.0,0.0,0.0,0.0
2022,PR,CIDADANIA,nucleo_80,competitividade,12,3.0,1.0,1.0,0.25
2022,PR,CIDADANIA,nucleo_80,eleicao,12,3.0,0.0,0.0,0.0
2022,PR,CIDADANIA,acima_divisao_igual,competitividade,12,1.0,1.0,1.0,0.08333333333333333
2022,PR,CIDADANIA,acima_divisao_igual,eleicao,12,1.0,0.0,0.0,0.0
2022,PR,DC,top_necr,competitividade,25,12.0,1.0,0.0,0.48
2022,PR,DC,top_necr,eleicao,25,12.0,0.0,0.0,0.0
2022,PR,DC,nucleo_80,competitividade,25,10.0,1.0,0.0,0.4
2022,PR,DC,nucleo_80,eleicao,25,10.0,0.0,0.0,0.0
2022,PR,DC,acima_divisao_igual,competitividade,25,13.0,1.0,0.0,0.52
2022,PR,DC,acima_divisao_igual,eleicao,25,13.0,0.0,0.0,0.0
2022,PR,MDB,top_necr,competitividade,30,7.0,3.0,3.0,0.7
2022,PR,MDB,top_necr,eleicao,30,7.0,1.0,1.0,0.23333333333333334
2022,PR,MDB,nucleo_80,competitividade,30,9.0,3.0,3.0,0.9
2022,PR,MDB,nucleo_80,eleicao,30,9.0,1.0,1.0,0.3
2022,PR,MDB,acima_divisao_igual,competitividade,30,6.0,3.0,3.0,0.6
2022,PR,MDB,acima_divisao_igual,eleicao,30,6.0,1.0,1.0,0.2
2022,PR,NOVO,top_necr,competitividade,26,7.0,0.0,0.0,0.0
2022,PR,NOVO,top_necr,eleicao,26,7.0,0.0,0.0,0.0
2022,PR,NOVO,nucleo_80,competitividade,26,9.0,0.0,0.0,0.0
2022,PR,NOVO,nucleo_80,eleicao,26,9.0,0.0,0.0,0.0
2022,PR,NOVO,acima_divisao_igual,competitividade,26,7.0,0.0,0.0,0.0
2022,PR,NOVO,acima_divisao_igual,eleicao,26,7.0,0.0,0.0,0.0
2022,PR,PATRIOTA,top_necr,competitividade,20,10.0,0.0,0.0,0.0
2022,PR,PATRIOTA,top_necr,eleicao,20,10.0,0.0,0.0,0.0
2022,PR,PATRIOTA,nucleo_80,competitividade,20,11.0,0.0,0.0,0.0
2022,PR,PATRIOTA,nucleo_80,eleicao,20,11.0,0.0,0.0,0.0
2022,PR,PATRIOTA,acima_divisao_igual,competitividade,20,6.0,0.0,0.0,0.0
2022,PR,PATRIOTA,acima_divisao_igual,eleicao,20,6.0,0.0,0.0,0.0
2022,PR,PC DO B,top_necr,competitividade,4,4.0,0.0,0.0,0.0
2022,PR,PC DO B,top_necr,eleicao,4,4.0,0.0,0.0,0.0
2022,PR,PC DO B,nucleo_80,competitividade,4,3.0,0.0,0.0,0.0
2022,PR,PC DO B,nucleo_80,eleicao,4,3.0,0.0,0.0,0.0
2022,PR,PC DO B,acima_divisao_igual,competitividade,4,2.0,0.0,0.0,0.0
2022,PR,PC DO B,acima_divisao_igual,eleicao,4,2.0,0.0,0.0,0.0
2022,PR,PCB,top_necr,competitividade,2,0.0,0.0,0.0,0.0
2022,PR,PCB,top_necr,eleicao,2,0.0,0.0,0.0,0.0
2022,PR,PCB,nucleo_80,competitividade,2,0.0,0.0,0.0,0.0
2022,PR,PCB,nucleo_80,eleicao,2,0.0,0.0,0.0,0.0
2022,PR,PCB,acima_divisao_igual,competitividade,2,0.0,0.0,0.0,0.0
2022,PR,PCB,acima_divisao_igual,eleicao,2,0.0,0.0,0.0,0.0
2022,PR,PCO,top_necr,competitividade,1,1.0,0.0,0.0,0.0
2022,PR,PCO,top_necr,eleicao,1,1.0,0.0,0.0,0.0
2022,PR,PCO,nucleo_80,competitividade,1,1.0,0.0,0.0,0.0
2022,PR,PCO,nucleo_80,eleicao,1,1.0,0.0,0.0,0.0
2022,PR,PCO,acima_divisao_igual,competitividade,1,0.0,0.0,0.0,0.0
2022,PR,PCO,acima_divisao_igual,eleicao,1,0.0,0.0,0.0,0.0
2022,PR,PDT,top_necr,competitividade,30,5.0,3.0,2.0,0.5
2022,PR,PDT,top_necr,eleicao,30,5.0,0.0,0.0,0.0
2022,PR,PDT,nucleo_80,competitividade,30,9.0,3.0,2.0,0.9
2022,PR,PDT,nucleo_80,eleicao,30,9.0,0.0,0.0,0.0
2022,PR,PDT,acima_divisao_igual,competitividade,30,4.0,3.0,2.0,0.4
2022,PR,PDT,acima_divisao_igual,eleicao,30,4.0,0.0,0.0,0.0
2022,PR,PL,top_necr,competitividade,26,4.0,3.0,3.0,0.46153846153846156
2022,PR,PL,top_necr,eleicao,26,4.0,3.0,3.0,0.46153846153846156
2022,PR,PL,nucleo_80,competitividade,26,3.0,3.0,3.0,0.34615384615384615
2022,PR,PL,nucleo_80,eleicao,26,3.0,3.0,3.0,0.34615384615384615
2022,PR,PL,acima_divisao_igual,competitividade,26,4.0,3.0,3.0,0.46153846153846156
2022,PR,PL,acima_divisao_igual,eleicao,26,4.0,3.0,3.0,0.46153846153846156
2022,PR,PMB,top_necr,competitividade,27,18.0,1.0,1.0,0.6666666666666666
2022,PR,PMB,top_necr,eleicao,27,18.0,0.0,0.0,0.0
2022,PR,PMB,nucleo_80,competitividade,27,15.0,1.0,1.0,0.5555555555555556
2022,PR,PMB,nucleo_80,eleicao,27,15.0,0.0,0.0,0.0
2022,PR,PMB,acima_divisao_igual,competitividade,27,10.0,1.0,1.0,0.37037037037037035
2022,PR,PMB,acima_divisao_igual,eleicao,27,10.0,0.0,0.0,0.0
2022,PR,PMN,top_necr,competitividade,18,14.000000000000002,0.0,0.0,0.0
2022,PR,PMN,top_necr,eleicao,18,14.000000000000002,0.0,0.0,0.0
2022,PR,PMN,nucleo_80,competitividade,18,12.999999999999998,0.0,0.0,0.0
2022,PR,PMN,nucleo_80,eleicao,18,12.999999999999998,0.0,0.0,0.0
2022,PR,PMN,acima_divisao_igual,competitividade,18,3.0,0.0,0.0,0.0
2022,PR,PMN,acima_divisao_igual,eleicao,18,3.0,0.0,0.0,0.0
2022,PR,PODE,top_necr,competitividade,28,10.0,1.0,1.0,0.35714285714285715
2022,PR,PODE,top_necr,eleicao,28,10.0,1.0,1.0,0.35714285714285715
2022,PR,PODE,nucleo_80,competitividade,28,13.0,1.0,1.0,0.4642857142857143
2022,PR,PODE,nucleo_80,eleicao,28,13.0,1.0,1.0,0.4642857142857143
2022,PR,PODE,acima_divisao_igual,competitividade,28,7.0,1.0,1.0,0.25
2022,PR,PODE,acima_divisao_igual,eleicao,28,7.0,1.0,1.0,0.25
2022,PR,PP,top_necr,competitividade,31,17.0,11.0,10.0,6.032258064516129
2022,PR,PP,top_necr,eleicao,31,17.0,4.0,4.0,2.193548387096774
2022,PR,PP,nucleo_80,competitividade,31,15.0,11.0,10.0,5.32258064516129
2022,PR,PP,nucleo_80,eleicao,31,15.0,4.0,4.0,1.935483870967742
2022,PR,PP,acima_divisao_igual,competitividade,31,8.0,11.0,8.0,2.838709677419355
2022,PR,PP,acima_divisao_igual,eleicao,31,8.0,4.0,4.0,1.032258064516129
2022,PR,PROS,top_necr,competitividade,30,8.0,5.0,4.0,1.3333333333333333
2022,PR,PROS,top_necr,eleicao,30,8.0,1.0,1.0,0.26666666666666666
2022,PR,PROS,nucleo_80,competitividade,30,10.0,5.0,4.0,1.6666666666666667
2022,PR,PROS,nucleo_80,eleicao,30,10.0,1.0,1.0,0.3333333333333333
2022,PR,PROS,acima_divisao_igual,competitividade,30,7.0,5.0,4.0,1.1666666666666667
2022,PR,PROS,acima_divisao_igual,eleicao,30,7.0,1.0,1.0,0.23333333333333334
2022,PR,PRTB,top_necr,competitividade,15,7.0,0.0,0.0,0.0
2022,PR,PRTB,top_necr,eleicao,15,7.0,0.0,0.0,0.0
2022,PR,PRTB,nucleo_80,competitividade,15,8.0,0.0,0.0,0.0
2022,PR,PRTB,nucleo_80,eleicao,15,8.0,0.0,0.0,0.0
2022,PR,PRTB,acima_divisao_igual,competitividade,15,10.0,0.0,0.0,0.0
2022,PR,PRTB,acima_divisao_igual,eleicao,15,10.0,0.0,0.0,0.0
2022,PR,PSB,top_necr,competitividade,22,6.0,4.0,3.0,1.0909090909090908
2022,PR,PSB,top_necr,eleicao,22,6.0,1.0,1.0,0.2727272727272727
2022,PR,PSB,nucleo_80,competitividade,22,10.0,4.0,4.0,1.8181818181818181
2022,PR,PSB,nucleo_80,eleicao,22,10.0,1.0,1.0,0.45454545454545453
2022,PR,PSB,acima_divisao_igual,competitividade,22,6.0,4.0,3.0,1.0909090909090908
2022,PR,PSB,acima_divisao_igual,eleicao,22,6.0,1.0,1.0,0.2727272727272727
2022,PR,PSC,top_necr,competitividade,24,9.0,0.0,0.0,0.0
2022,PR,PSC,top_necr,eleicao,24,9.0,0.0,0.0,0.0
2022,PR,PSC,nucleo_80,competitividade,24,12.0,0.0,0.0,0.0
2022,PR,PSC,nucleo_80,eleicao,24,12.0,0.0,0.0,0.0
2022,PR,PSC,acima_divisao_igual,competitividade,24,5.0,0.0,0.0,0.0
2022,PR,PSC,acima_divisao_igual,eleicao,24,5.0,0.0,0.0,0.0
2022,PR,PSD,top_necr,competitividade,29,14.0,10.0,10.0,4.827586206896552
2022,PR,PSD,top_necr,eleicao,29,14.0,7.0,7.0,3.3793103448275863
2022,PR,PSD,nucleo_80,competitividade,29,11.0,10.0,9.0,3.793103448275862
2022,PR,PSD,nucleo_80,eleicao,29,11.0,7.0,7.0,2.6551724137931036
2022,PR,PSD,acima_divisao_igual,competitividade,29,9.0,10.0,7.0,3.103448275862069
2022,PR,PSD,acima_divisao_igual,eleicao,29,9.0,7.0,7.0,2.1724137931034484
2022,PR,PSDB,top_necr,competitividade,10,3.0,2.0,2.0,0.6
2022,PR,PSDB,top_necr,eleicao,10,3.0,1.0,1.0,0.3
2022,PR,PSDB,nucleo_80,competitividade,10,3.0,2.0,2.0,0.6
2022,PR,PSDB,nucleo_80,eleicao,10,3.0,1.0,1.0,0.3
2022,PR,PSDB,acima_divisao_igual,competitividade,10,3.0,2.0,2.0,0.6
2022,PR,PSDB,acima_divisao_igual,eleicao,10,3.0,1.0,1.0,0.3
2022,PR,PSOL,top_necr,competitividade,10,7.0,0.0,0.0,0.0
2022,PR,PSOL,top_necr,eleicao,10,7.0,0.0,0.0,0.0
2022,PR,PSOL,nucleo_80,competitividade,10,6.0,0.0,0.0,0.0
2022,PR,PSOL,nucleo_80,eleicao,10,6.0,0.0,0.0,0.0
2022,PR,PSOL,acima_divisao_igual,competitividade,10,5.0,0.0,0.0,0.0
2022,PR,PSOL,acima_divisao_igual,eleicao,10,5.0,0.0,0.0,0.0
2022,PR,PSTU,top_necr,competitividade,1,0.0,0.0,0.0,0.0
2022,PR,PSTU,top_necr,eleicao,1,0.0,0.0,0.0,0.0
2022,PR,PSTU,nucleo_80,competitividade,1,0.0,0.0,0.0,0.0
2022,PR,PSTU,nucleo_80,eleicao,1,0.0,0.0,0.0,0.0
2022,PR,PSTU,acima_divisao_igual,competitividade,1,0.0,0.0,0.0,0.0
2022,PR,PSTU,acima_divisao_igual,eleicao,1,0.0,0.0,0.0,0.0
2022,PR,PT,top_necr,competitividade,23,8.0,6.0,5.0,2.0869565217391304
2022,PR,PT,top_necr,eleicao,23,8.0,5.0,5.0,1.7391304347826086
2022,PR,PT,nucleo_80,competitividade,23,7.0,6.0,5.0,1.826086956521739
2022,PR,PT,nucleo_80,eleicao,23,7.0,5.0,5.0,1.5217391304347827
2022,PR,PT,acima_divisao_igual,competitividade,23,6.0,6.0,5.0,1.565217391304348
2022,PR,PT,acima_divisao_igual,eleicao,23,6.0,5.0,5.0,1.3043478260869565
2022,PR,PTB,top_necr,competitividade,30,2.0,2.0,1.0,0.13333333333333333
2022,PR,PTB,top_necr,eleicao,30,2.0,0.0,0.0,0.0
2022,PR,PTB,nucleo_80,competitividade,30,4.0,2.0,1.0,0.26666666666666666
2022,PR,PTB,nucleo_80,eleicao,30,4.0,0.0,0.0,0.0
2022,PR,PTB,acima_divisao_igual,competitividade,30,1.0,2.0,1.0,0.06666666666666667
2022,PR,PTB,acima_divisao_igual,eleicao,30,1.0,0.0,0.0,0.0
2022,PR,PV,top_necr,competitividade,2,1.0,1.0,1.0,0.5
2022,PR,PV,top_necr,eleicao,2,1.0,1.0,1.0,0.5
2022,PR,PV,nucleo_80,competitividade,2,1.0,1.0,1.0,0.5
2022,PR,PV,nucleo_80,eleicao,2,1.0,1.0,1.0,0.5
2022,PR,PV,acima_divisao_igual,competitividade,2,1.0,1.0,1.0,0.5
2022,PR,PV,acima_divisao_igual,eleicao,2,1.0,1.0,1.0,0.5
2022,PR,REDE,top_necr,competitividade,21,14.0,2.0,2.0,1.3333333333333333
2022,PR,REDE,top_necr,eleicao,21,14.0,0.0,0.0,0.0
2022,PR,REDE,nucleo_80,competitividade,21,13.0,2.0,2.0,1.2380952380952381
2022,PR,REDE,nucleo_80,eleicao,21,13.0,0.0,0.0,0.0
2022,PR,REDE,acima_divisao_igual,competitividade,21,8.0,2.0,2.0,0.7619047619047619
2022,PR,REDE,acima_divisao_igual,eleicao,21,8.0,0.0,0.0,0.0
2022,PR,REPUBLICANOS,top_necr,competitividade,28,12.0,3.0,3.0,1.2857142857142858
2022,PR,REPUBLICANOS,top_necr,eleicao,28,12.0,1.0,1.0,0.42857142857142855
2022,PR,REPUBLICANOS,nucleo_80,competitividade,28,11.0,3.0,3.0,1.1785714285714286
2022,PR,REPUBLICANOS,nucleo_80,eleicao,28,11.0,1.0,1.0,0.39285714285714285
2022,PR,REPUBLICANOS,acima_divisao_igual,competitividade,28,11.0,3.0,3.0,1.1785714285714286
2022,PR,REPUBLICANOS,acima_divisao_igual,eleicao,28,11.0,1.0,1.0,0.39285714285714285
2022,PR,SOLIDARIEDADE,top_necr,competitividade,22,12.0,4.0,4.0,2.1818181818181817
2022,PR,SOLIDARIEDADE,top_necr,eleicao,22,12.0,0.0,0.0,0.0
2022,PR,SOLIDARIEDADE,nucleo_80,competitividade,22,12.0,4.0,4.0,2.1818181818181817
2022,PR,SOLIDARIEDADE,nucleo_80,eleicao,22,12.0,0.0,0.0,0.0
2022,PR,SOLIDARIEDADE,acima_divisao_igual,competitividade,22,8.0,4.0,3.0,1.4545454545454546
2022,PR,SOLIDARIEDADE,acima_divisao_igual,eleicao,22,8.0,0.0,0.0,0.0
2022,PR,UNIAO,top_necr,competitividade,27,10.0,4.0,3.0,1.4814814814814814
2022,PR,UNIAO,top_necr,eleicao,27,10.0,4.0,4.0,1.4814814814814814
2022,PR,UNIAO,nucleo_80,competitividade,27,10.0,4.0,3.0,1.4814814814814814
2022,PR,UNIAO,nucleo_80,eleicao,27,10.0,4.0,4.0,1.4814814814814814
2022,PR,UNIAO,acima_divisao_igual,competitividade,27,10.0,4.0,3.0,1.4814814814814814
2022,PR,UNIAO,acima_divisao_igual,eleicao,27,10.0,4.0,4.0,1.4814814814814814
2022,RJ,AGIR,top_necr,competitividade,45,11.0,0.0,0.0,0.0
2022,RJ,AGIR,top_necr,eleicao,45,11.0,0.0,0.0,0.0
2022,RJ,AGIR,nucleo_80,competitividade,45,16.0,0.0,0.0,0.0
2022,RJ,AGIR,nucleo_80,eleicao,45,16.0,0.0,0.0,0.0
2022,RJ,AGIR,acima_divisao_igual,competitividade,45,7.0,0.0,0.0,0.0
2022,RJ,AGIR,acima_divisao_igual,eleicao,45,7.0,0.0,0.0,0.0
2022,RJ,AVANTE,top_necr,competitividade,43,14.0,2.0,1.0,0.6511627906976745
2022,RJ,AVANTE,top_necr,eleicao,43,14.0,0.0,0.0,0.0
2022,RJ,AVANTE,nucleo_80,competitividade,43,14.0,2.0,1.0,0.6511627906976745
2022,RJ,AVANTE,nucleo_80,eleicao,43,14.0,0.0,0.0,0.0
2022,RJ,AVANTE,acima_divisao_igual,competitividade,43,11.0,2.0,1.0,0.5116279069767442
2022,RJ,AVANTE,acima_divisao_igual,eleicao,43,11.0,0.0,0.0,0.0
2022,RJ,CIDADANIA,top_necr,competitividade,22,8.0,3.0,3.0,1.0909090909090908
2022,RJ,CIDADANIA,top_necr,eleicao,22,8.0,0.0,0.0,0.0
2022,RJ,CIDADANIA,nucleo_80,competitividade,22,9.0,3.0,3.0,1.2272727272727273
2022,RJ,CIDADANIA,nucleo_80,eleicao,22,9.0,0.0,0.0,0.0
2022,RJ,CIDADANIA,acima_divisao_igual,competitividade,22,6.0,3.0,2.0,0.8181818181818182
2022,RJ,CIDADANIA,acima_divisao_igual,eleicao,22,6.0,0.0,0.0,0.0
2022,RJ,DC,top_necr,competitividade,44,31.0,0.0,0.0,0.0
2022,RJ,DC,top_necr,eleicao,44,31.0,0.0,0.0,0.0
2022,RJ,DC,nucleo_80,competitividade,44,25.0,0.0,0.0,0.0
2022,RJ,DC,nucleo_80,eleicao,44,25.0,0.0,0.0,0.0
2022,RJ,DC,acima_divisao_igual,competitividade,44,23.0,0.0,0.0,0.0
2022,RJ,DC,acima_divisao_igual,eleicao,44,23.0,0.0,0.0,0.0
2022,RJ,MDB,top_necr,competitividade,45,5.0,5.0,4.0,0.5555555555555556
2022,RJ,MDB,top_necr,eleicao,45,5.0,2.0,2.0,0.2222222222222222
2022,RJ,MDB,nucleo_80,competitividade,45,5.0,5.0,4.0,0.5555555555555556
2022,RJ,MDB,nucleo_80,eleicao,45,5.0,2.0,2.0,0.2222222222222222
2022,RJ,MDB,acima_divisao_igual,competitividade,45,5.0,5.0,4.0,0.5555555555555556
2022,RJ,MDB,acima_divisao_igual,eleicao,45,5.0,2.0,2.0,0.2222222222222222
2022,RJ,NOVO,top_necr,competitividade,21,3.0,1.0,1.0,0.14285714285714285
2022,RJ,NOVO,top_necr,eleicao,21,3.0,0.0,0.0,0.0
2022,RJ,NOVO,nucleo_80,competitividade,21,4.0,1.0,1.0,0.19047619047619047
2022,RJ,NOVO,nucleo_80,eleicao,21,4.0,0.0,0.0,0.0
2022,RJ,NOVO,acima_divisao_igual,competitividade,21,5.0,1.0,1.0,0.23809523809523808
2022,RJ,NOVO,acima_divisao_igual,eleicao,21,5.0,0.0,0.0,0.0
2022,RJ,PATRIOTA,top_necr,competitividade,47,16.0,3.0,2.0,1.0212765957446808
2022,RJ,PATRIOTA,top_necr,eleicao,47,16.0,0.0,0.0,0.0
2022,RJ,PATRIOTA,nucleo_80,competitividade,47,21.0,3.0,2.0,1.3404255319148937
2022,RJ,PATRIOTA,nucleo_80,eleicao,47,21.0,0.0,0.0,0.0
2022,RJ,PATRIOTA,acima_divisao_igual,competitividade,47,11.0,3.0,2.0,0.7021276595744681
2022,RJ,PATRIOTA,acima_divisao_igual,eleicao,47,11.0,0.0,0.0,0.0
2022,RJ,PC DO B,top_necr,competitividade,3,2.0,2.0,2.0,1.3333333333333333
2022,RJ,PC DO B,top_necr,eleicao,3,2.0,1.0,1.0,0.6666666666666666
2022,RJ,PC DO B,nucleo_80,competitividade,3,2.0,2.0,2.0,1.3333333333333333
2022,RJ,PC DO B,nucleo_80,eleicao,3,2.0,1.0,1.0,0.6666666666666666
2022,RJ,PC DO B,acima_divisao_igual,competitividade,3,2.0,2.0,2.0,1.3333333333333333
2022,RJ,PC DO B,acima_divisao_igual,eleicao,3,2.0,1.0,1.0,0.6666666666666666
2022,RJ,PCB,top_necr,competitividade,3,0.0,0.0,0.0,0.0
2022,RJ,PCB,top_necr,eleicao,3,0.0,0.0,0.0,0.0
2022,RJ,PCB,nucleo_80,competitividade,3,0.0,0.0,0.0,0.0
2022,RJ,PCB,nucleo_80,eleicao,3,0.0,0.0,0.0,0.0
2022,RJ,PCB,acima_divisao_igual,competitividade,3,0.0,0.0,0.0,0.0
2022,RJ,PCB,acima_divisao_igual,eleicao,3,0.0,0.0,0.0,0.0
2022,RJ,PDT,top_necr,competitividade,44,9.0,7.0,5.333333333333333,1.4318181818181819
2022,RJ,PDT,top_necr,eleicao,44,9.0,1.0,1.0,0.20454545454545456
2022,RJ,PDT,nucleo_80,competitividade,44,12.0,7.0,6.0,1.9090909090909092
2022,RJ,PDT,nucleo_80,eleicao,44,12.0,1.0,1.0,0.2727272727272727
2022,RJ,PDT,acima_divisao_igual,competitividade,44,10.0,7.0,6.0,1.5909090909090908
2022,RJ,PDT,acima_divisao_igual,eleicao,44,10.0,1.0,1.0,0.22727272727272727
2022,RJ,PL,top_necr,competitividade,46,18.000000000000004,18.0,12.923076923076923,7.043478260869566
2022,RJ,PL,top_necr,eleicao,46,18.000000000000004,11.0,7.692307692307692,4.304347826086957
2022,RJ,PL,nucleo_80,competitividade,46,20.0,18.0,14.153846153846155,7.826086956521739
2022,RJ,PL,nucleo_80,eleicao,46,20.0,11.0,8.615384615384615,4.782608695652174
2022,RJ,PL,acima_divisao_igual,competitividade,46,23.0,18.0,16.0,9.0
2022,RJ,PL,acima_divisao_igual,eleicao,46,23.0,11.0,10.0,5.5
2022,RJ,PMB,top_necr,competitividade,41,10.0,0.0,0.0,0.0
2022,RJ,PMB,top_necr,eleicao,41,10.0,0.0,0.0,0.0
2022,RJ,PMB,nucleo_80,competitividade,41,18.0,0.0,0.0,0.0
2022,RJ,PMB,nucleo_80,eleicao,41,18.0,0.0,0.0,0.0
2022,RJ,PMB,acima_divisao_igual,competitividade,41,8.0,0.0,0.0,0.0
2022,RJ,PMB,acima_divisao_igual,eleicao,41,8.0,0.0,0.0,0.0
2022,RJ,PMN,top_necr,competitividade,47,14.0,2.0,2.0,0.5957446808510638
2022,RJ,PMN,top_necr,eleicao,47,14.0,0.0,0.0,0.0
2022,RJ,PMN,nucleo_80,competitividade,47,16.0,2.0,2.0,0.6808510638297872
2022,RJ,PMN,nucleo_80,eleicao,47,16.0,0.0,0.0,0.0
2022,RJ,PMN,acima_divisao_igual,competitividade,47,15.0,2.0,2.0,0.6382978723404256
2022,RJ,PMN,acima_divisao_igual,eleicao,47,15.0,0.0,0.0,0.0
2022,RJ,PODE,top_necr,competitividade,47,25.0,7.0,6.5,3.723404255319149
2022,RJ,PODE,top_necr,eleicao,47,25.0,1.0,0.5,0.5319148936170213
2022,RJ,PODE,nucleo_80,competitividade,47,19.0,7.0,5.0,2.8297872340425534
2022,RJ,PODE,nucleo_80,eleicao,47,19.0,1.0,0.0,0.40425531914893614
2022,RJ,PODE,acima_divisao_igual,competitividade,47,17.0,7.0,4.0,2.5319148936170213
2022,RJ,PODE,acima_divisao_igual,eleicao,47,17.0,1.0,0.0,0.3617021276595745
2022,RJ,PP,top_necr,competitividade,46,10.0,10.0,8.0,2.1739130434782608
2022,RJ,PP,top_necr,eleicao,46,10.0,3.0,3.0,0.6521739130434783
2022,RJ,PP,nucleo_80,competitividade,46,8.0,10.0,8.0,1.7391304347826086
2022,RJ,PP,nucleo_80,eleicao,46,8.0,3.0,3.0,0.5217391304347826
2022,RJ,PP,acima_divisao_igual,competitividade,46,11.0,10.0,8.0,2.391304347826087
2022,RJ,PP,acima_divisao_igual,eleicao,46,11.0,3.0,3.0,0.717391304347826
2022,RJ,PROS,top_necr,competitividade,42,3.0,2.0,2.0,0.14285714285714285
2022,RJ,PROS,top_necr,eleicao,42,3.0,1.0,1.0,0.07142857142857142
2022,RJ,PROS,nucleo_80,competitividade,42,2.0,2.0,2.0,0.09523809523809523
2022,RJ,PROS,nucleo_80,eleicao,42,2.0,1.0,1.0,0.047619047619047616
2022,RJ,PROS,acima_divisao_igual,competitividade,42,4.0,2.0,2.0,0.19047619047619047
2022,RJ,PROS,acima_divisao_igual,eleicao,42,4.0,1.0,1.0,0.09523809523809523
2022,RJ,PRTB,top_necr,competitividade,42,2.0,0.0,0.0,0.0
2022,RJ,PRTB,top_necr,eleicao,42,2.0,0.0,0.0,0.0
2022,RJ,PRTB,nucleo_80,competitividade,42,4.0,0.0,0.0,0.0
2022,RJ,PRTB,nucleo_80,eleicao,42,4.0,0.0,0.0,0.0
2022,RJ,PRTB,acima_divisao_igual,competitividade,42,5.0,0.0,0.0,0.0
2022,RJ,PRTB,acima_divisao_igual,eleicao,42,5.0,0.0,0.0,0.0
2022,RJ,PSB,top_necr,competitividade,36,14.0,3.0,3.0,1.1666666666666667
2022,RJ,PSB,top_necr,eleicao,36,14.0,1.0,1.0,0.3888888888888889
2022,RJ,PSB,nucleo_80,competitividade,36,15.0,3.0,3.0,1.25
2022,RJ,PSB,nucleo_80,eleicao,36,15.0,1.0,1.0,0.4166666666666667
2022,RJ,PSB,acima_divisao_igual,competitividade,36,9.0,3.0,3.0,0.75
2022,RJ,PSB,acima_divisao_igual,eleicao,36,9.0,1.0,1.0,0.25
2022,RJ,PSC,top_necr,competitividade,26,3.0,0.0,0.0,0.0
2022,RJ,PSC,top_necr,eleicao,26,3.0,0.0,0.0,0.0
2022,RJ,PSC,nucleo_80,competitividade,26,3.0,0.0,0.0,0.0
2022,RJ,PSC,nucleo_80,eleicao,26,3.0,0.0,0.0,0.0
2022,RJ,PSC,acima_divisao_igual,competitividade,26,3.0,0.0,0.0,0.0
2022,RJ,PSC,acima_divisao_igual,eleicao,26,3.0,0.0,0.0,0.0
2022,RJ,PSD,top_necr,competitividade,47,19.0,22.0,17.0,8.893617021276595
2022,RJ,PSD,top_necr,eleicao,47,19.0,4.0,4.0,1.6170212765957446
2022,RJ,PSD,nucleo_80,competitividade,47,18.0,22.0,17.0,8.425531914893616
2022,RJ,PSD,nucleo_80,eleicao,47,18.0,4.0,4.0,1.5319148936170213
2022,RJ,PSD,acima_divisao_igual,competitividade,47,16.0,22.0,15.0,7.48936170212766
2022,RJ,PSD,acima_divisao_igual,eleicao,47,16.0,4.0,4.0,1.3617021276595744
2022,RJ,PSDB,top_necr,competitividade,25,4.0,0.0,0.0,0.0
2022,RJ,PSDB,top_necr,eleicao,25,4.0,0.0,0.0,0.0
2022,RJ,PSDB,nucleo_80,competitividade,25,6.0,0.0,0.0,0.0
2022,RJ,PSDB,nucleo_80,eleicao,25,6.0,0.0,0.0,0.0
2022,RJ,PSDB,acima_divisao_igual,competitividade,25,8.0,0.0,0.0,0.0
2022,RJ,PSDB,acima_divisao_igual,eleicao,25,8.0,0.0,0.0,0.0
2022,RJ,PSOL,top_necr,competitividade,28,10.0,7.0,5.0,2.5
2022,RJ,PSOL,top_necr,eleicao,28,10.0,5.0,5.0,1.7857142857142858
2022,RJ,PSOL,nucleo_80,competitividade,28,8.0,7.0,5.0,2.0
2022,RJ,PSOL,nucleo_80,eleicao,28,8.0,5.0,5.0,1.4285714285714286
2022,RJ,PSOL,acima_divisao_igual,competitividade,28,9.0,7.0,5.0,2.25
2022,RJ,PSOL,acima_divisao_igual,eleicao,28,9.0,5.0,5.0,1.6071428571428572
2022,RJ,PSTU,top_necr,competitividade,2,2.0,0.0,0.0,0.0
2022,RJ,PSTU,top_necr,eleicao,2,2.0,0.0,0.0,0.0
2022,RJ,PSTU,nucleo_80,competitividade,2,2.0,0.0,0.0,0.0
2022,RJ,PSTU,nucleo_80,eleicao,2,2.0,0.0,0.0,0.0
2022,RJ,PSTU,acima_divisao_igual,competitividade,2,1.0,0.0,0.0,0.0
2022,RJ,PSTU,acima_divisao_igual,eleicao,2,1.0,0.0,0.0,0.0
2022,RJ,PT,top_necr,competitividade,36,10.0,6.0,6.0,1.6666666666666667
2022,RJ,PT,top_necr,eleicao,36,10.0,5.0,5.0,1.3888888888888888
2022,RJ,PT,nucleo_80,competitividade,36,8.0,6.0,5.0,1.3333333333333333
2022,RJ,PT,nucleo_80,eleicao,36,8.0,5.0,4.0,1.1111111111111112
2022,RJ,PT,acima_divisao_igual,competitividade,36,9.0,6.0,6.0,1.5
2022,RJ,PT,acima_divisao_igual,eleicao,36,9.0,5.0,5.0,1.25
2022,RJ,PTB,top_necr,competitividade,47,5.0,3.0,2.0,0.3191489361702128
2022,RJ,PTB,top_necr,eleicao,47,5.0,1.0,0.0,0.10638297872340426
2022,RJ,PTB,nucleo_80,competitividade,47,6.0,3.0,3.0,0.3829787234042553
2022,RJ,PTB,nucleo_80,eleicao,47,6.0,1.0,1.0,0.1276595744680851
2022,RJ,PTB,acima_divisao_igual,competitividade,47,8.0,3.0,3.0,0.5106382978723404
2022,RJ,PTB,acima_divisao_igual,eleicao,47,8.0,1.0,1.0,0.1702127659574468
2022,RJ,PV,top_necr,competitividade,6,3.0,1.0,1.0,0.5
2022,RJ,PV,top_necr,eleicao,6,3.0,0.0,0.0,0.0
2022,RJ,PV,nucleo_80,competitividade,6,3.0,1.0,1.0,0.5
2022,RJ,PV,nucleo_80,eleicao,6,3.0,0.0,0.0,0.0
2022,RJ,PV,acima_divisao_igual,competitividade,6,2.0,1.0,1.0,0.3333333333333333
2022,RJ,PV,acima_divisao_igual,eleicao,6,2.0,0.0,0.0,0.0
2022,RJ,REDE,top_necr,competitividade,3,1.0,1.0,1.0,0.3333333333333333
2022,RJ,REDE,top_necr,eleicao,3,1.0,0.0,0.0,0.0
2022,RJ,REDE,nucleo_80,competitividade,3,1.0,1.0,1.0,0.3333333333333333
2022,RJ,REDE,nucleo_80,eleicao,3,1.0,0.0,0.0,0.0
2022,RJ,REDE,acima_divisao_igual,competitividade,3,1.0,1.0,1.0,0.3333333333333333
2022,RJ,REDE,acima_divisao_igual,eleicao,3,1.0,0.0,0.0,0.0
2022,RJ,REPUBLICANOS,top_necr,competitividade,46,12.0,6.0,4.0,1.565217391304348
2022,RJ,REPUBLICANOS,top_necr,eleicao,46,12.0,3.0,3.0,0.782608695652174
2022,RJ,REPUBLICANOS,nucleo_80,competitividade,46,19.0,6.0,5.0,2.4782608695652173
2022,RJ,REPUBLICANOS,nucleo_80,eleicao,46,19.0,3.0,3.0,1.2391304347826086
2022,RJ,REPUBLICANOS,acima_divisao_igual,competitividade,46,9.0,6.0,4.0,1.173913043478261
2022,RJ,REPUBLICANOS,acima_divisao_igual,eleicao,46,9.0,3.0,3.0,0.5869565217391305
2022,RJ,SOLIDARIEDADE,top_necr,competitividade,47,4.0,3.0,3.0,0.2553191489361702
2022,RJ,SOLIDARIEDADE,top_necr,eleicao,47,4.0,1.0,1.0,0.0851063829787234
2022,RJ,SOLIDARIEDADE,nucleo_80,competitividade,47,8.0,3.0,3.0,0.5106382978723404
2022,RJ,SOLIDARIEDADE,nucleo_80,eleicao,47,8.0,1.0,1.0,0.1702127659574468
2022,RJ,SOLIDARIEDADE,acima_divisao_igual,competitividade,47,7.0,3.0,3.0,0.44680851063829785
2022,RJ,SOLIDARIEDADE,acima_divisao_igual,eleicao,47,7.0,1.0,1.0,0.14893617021276595
2022,RJ,UNIAO,top_necr,competitividade,47,23.0,20.0,17.0,9.787234042553191
2022,RJ,UNIAO,top_necr,eleicao,47,23.0,6.0,6.0,2.9361702127659575
2022,RJ,UNIAO,nucleo_80,competitividade,47,18.0,20.0,13.0,7.659574468085107
2022,RJ,UNIAO,nucleo_80,eleicao,47,18.0,6.0,6.0,2.297872340425532
2022,RJ,UNIAO,acima_divisao_igual,competitividade,47,15.0,20.0,10.0,6.382978723404255
2022,RJ,UNIAO,acima_divisao_igual,eleicao,47,15.0,6.0,6.0,1.9148936170212767
2022,RN,AVANTE,top_necr,competitividade,9,7.0,0.0,0.0,0.0
2022,RN,AVANTE,top_necr,eleicao,9,7.0,0.0,0.0,0.0
2022,RN,AVANTE,nucleo_80,competitividade,9,6.0,0.0,0.0,0.0
2022,RN,AVANTE,nucleo_80,eleicao,9,6.0,0.0,0.0,0.0
2022,RN,AVANTE,acima_divisao_igual,competitividade,9,4.0,0.0,0.0,0.0
2022,RN,AVANTE,acima_divisao_igual,eleicao,9,4.0,0.0,0.0,0.0
2022,RN,CIDADANIA,top_necr,competitividade,2,2.0,0.0,0.0,0.0
2022,RN,CIDADANIA,top_necr,eleicao,2,2.0,0.0,0.0,0.0
2022,RN,CIDADANIA,nucleo_80,competitividade,2,2.0,0.0,0.0,0.0
2022,RN,CIDADANIA,nucleo_80,eleicao,2,2.0,0.0,0.0,0.0
2022,RN,CIDADANIA,acima_divisao_igual,competitividade,2,1.0,0.0,0.0,0.0
2022,RN,CIDADANIA,acima_divisao_igual,eleicao,2,1.0,0.0,0.0,0.0
2022,RN,DC,top_necr,competitividade,9,5.0,0.0,0.0,0.0
2022,RN,DC,top_necr,eleicao,9,5.0,0.0,0.0,0.0
2022,RN,DC,nucleo_80,competitividade,9,5.0,0.0,0.0,0.0
2022,RN,DC,nucleo_80,eleicao,9,5.0,0.0,0.0,0.0
2022,RN,DC,acima_divisao_igual,competitividade,9,3.0,0.0,0.0,0.0
2022,RN,DC,acima_divisao_igual,eleicao,9,3.0,0.0,0.0,0.0
2022,RN,MDB,top_necr,competitividade,8,6.0,2.0,2.0,1.5
2022,RN,MDB,top_necr,eleicao,8,6.0,0.0,0.0,0.0
2022,RN,MDB,nucleo_80,competitividade,8,5.0,2.0,2.0,1.25
2022,RN,MDB,nucleo_80,eleicao,8,5.0,0.0,0.0,0.0
2022,RN,MDB,acima_divisao_igual,competitividade,8,3.0,2.0,2.0,0.75
2022,RN,MDB,acima_divisao_igual,eleicao,8,3.0,0.0,0.0,0.0
2022,RN,PATRIOTA,top_necr,competitividade,7,3.0,0.0,0.0,0.0
2022,RN,PATRIOTA,top_necr,eleicao,7,3.0,0.0,0.0,0.0
2022,RN,PATRIOTA,nucleo_80,competitividade,7,3.0,0.0,0.0,0.0
2022,RN,PATRIOTA,nucleo_80,eleicao,7,3.0,0.0,0.0,0.0
2022,RN,PATRIOTA,acima_divisao_igual,competitividade,7,3.0,0.0,0.0,0.0
2022,RN,PATRIOTA,acima_divisao_igual,eleicao,7,3.0,0.0,0.0,0.0
2022,RN,PC DO B,top_necr,competitividade,3,2.0,0.0,0.0,0.0
2022,RN,PC DO B,top_necr,eleicao,3,2.0,0.0,0.0,0.0
2022,RN,PC DO B,nucleo_80,competitividade,3,2.0,0.0,0.0,0.0
2022,RN,PC DO B,nucleo_80,eleicao,3,2.0,0.0,0.0,0.0
2022,RN,PC DO B,acima_divisao_igual,competitividade,3,2.0,0.0,0.0,0.0
2022,RN,PC DO B,acima_divisao_igual,eleicao,3,2.0,0.0,0.0,0.0
2022,RN,PDT,top_necr,competitividade,9,3.0,0.0,0.0,0.0
2022,RN,PDT,top_necr,eleicao,9,3.0,0.0,0.0,0.0
2022,RN,PDT,nucleo_80,competitividade,9,5.0,0.0,0.0,0.0
2022,RN,PDT,nucleo_80,eleicao,9,5.0,0.0,0.0,0.0
2022,RN,PDT,acima_divisao_igual,competitividade,9,1.0,0.0,0.0,0.0
2022,RN,PDT,acima_divisao_igual,eleicao,9,1.0,0.0,0.0,0.0
2022,RN,PL,top_necr,competitividade,9,4.0,3.0,3.0,1.3333333333333333
2022,RN,PL,top_necr,eleicao,9,4.0,4.0,3.0,1.7777777777777777
2022,RN,PL,nucleo_80,competitividade,9,3.0,3.0,3.0,1.0
2022,RN,PL,nucleo_80,eleicao,9,3.0,4.0,3.0,1.3333333333333333
2022,RN,PL,acima_divisao_igual,competitividade,9,3.0,3.0,3.0,1.0
2022,RN,PL,acima_divisao_igual,eleicao,9,3.0,4.0,3.0,1.3333333333333333
2022,RN,PMB,top_necr,competitividade,3,0.0,0.0,0.0,0.0
2022,RN,PMB,top_necr,eleicao,3,0.0,0.0,0.0,0.0
2022,RN,PMB,nucleo_80,competitividade,3,0.0,0.0,0.0,0.0
2022,RN,PMB,nucleo_80,eleicao,3,0.0,0.0,0.0,0.0
2022,RN,PMB,acima_divisao_igual,competitividade,3,0.0,0.0,0.0,0.0
2022,RN,PMB,acima_divisao_igual,eleicao,3,0.0,0.0,0.0,0.0
2022,RN,PMN,top_necr,competitividade,9,2.0,0.0,0.0,0.0
2022,RN,PMN,top_necr,eleicao,9,2.0,0.0,0.0,0.0
2022,RN,PMN,nucleo_80,competitividade,9,2.0,0.0,0.0,0.0
2022,RN,PMN,nucleo_80,eleicao,9,2.0,0.0,0.0,0.0
2022,RN,PMN,acima_divisao_igual,competitividade,9,2.0,0.0,0.0,0.0
2022,RN,PMN,acima_divisao_igual,eleicao,9,2.0,0.0,0.0,0.0
2022,RN,PODE,top_necr,competitividade,9,9.0,0.0,0.0,0.0
2022,RN,PODE,top_necr,eleicao,9,9.0,0.0,0.0,0.0
2022,RN,PODE,nucleo_80,competitividade,9,7.0,0.0,0.0,0.0
2022,RN,PODE,nucleo_80,eleicao,9,7.0,0.0,0.0,0.0
2022,RN,PODE,acima_divisao_igual,competitividade,9,5.0,0.0,0.0,0.0
2022,RN,PODE,acima_divisao_igual,eleicao,9,5.0,0.0,0.0,0.0
2022,RN,PP,top_necr,competitividade,9,7.0,4.0,3.5,3.111111111111111
2022,RN,PP,top_necr,eleicao,9,7.0,0.0,0.0,0.0
2022,RN,PP,nucleo_80,competitividade,9,6.0,4.0,3.0,2.6666666666666665
2022,RN,PP,nucleo_80,eleicao,9,6.0,0.0,0.0,0.0
2022,RN,PP,acima_divisao_igual,competitividade,9,4.0,4.0,2.0,1.7777777777777777
2022,RN,PP,acima_divisao_igual,eleicao,9,4.0,0.0,0.0,0.0
2022,RN,PRTB,top_necr,competitividade,8,1.0,0.0,0.0,0.0
2022,RN,PRTB,top_necr,eleicao,8,1.0,0.0,0.0,0.0
2022,RN,PRTB,nucleo_80,competitividade,8,1.0,0.0,0.0,0.0
2022,RN,PRTB,nucleo_80,eleicao,8,1.0,0.0,0.0,0.0
2022,RN,PRTB,acima_divisao_igual,competitividade,8,1.0,0.0,0.0,0.0
2022,RN,PRTB,acima_divisao_igual,eleicao,8,1.0,0.0,0.0,0.0
2022,RN,PSB,top_necr,competitividade,9,7.0,1.0,1.0,0.7777777777777778
2022,RN,PSB,top_necr,eleicao,9,7.0,0.0,0.0,0.0
2022,RN,PSB,nucleo_80,competitividade,9,6.0,1.0,1.0,0.6666666666666666
2022,RN,PSB,nucleo_80,eleicao,9,6.0,0.0,0.0,0.0
2022,RN,PSB,acima_divisao_igual,competitividade,9,3.0,1.0,1.0,0.3333333333333333
2022,RN,PSB,acima_divisao_igual,eleicao,9,3.0,0.0,0.0,0.0
2022,RN,PSC,top_necr,competitividade,8,6.0,0.0,0.0,0.0
2022,RN,PSC,top_necr,eleicao,8,6.0,0.0,0.0,0.0
2022,RN,PSC,nucleo_80,competitividade,8,5.0,0.0,0.0,0.0
2022,RN,PSC,nucleo_80,eleicao,8,5.0,0.0,0.0,0.0
2022,RN,PSC,acima_divisao_igual,competitividade,8,3.0,0.0,0.0,0.0
2022,RN,PSC,acima_divisao_igual,eleicao,8,3.0,0.0,0.0,0.0
2022,RN,PSD,top_necr,competitividade,9,2.0,1.0,1.0,0.2222222222222222
2022,RN,PSD,top_necr,eleicao,9,2.0,0.0,0.0,0.0
2022,RN,PSD,nucleo_80,competitividade,9,1.0,1.0,1.0,0.1111111111111111
2022,RN,PSD,nucleo_80,eleicao,9,1.0,0.0,0.0,0.0
2022,RN,PSD,acima_divisao_igual,competitividade,9,1.0,1.0,1.0,0.1111111111111111
2022,RN,PSD,acima_divisao_igual,eleicao,9,1.0,0.0,0.0,0.0
2022,RN,PSDB,top_necr,competitividade,7,2.0,0.0,0.0,0.0
2022,RN,PSDB,top_necr,eleicao,7,2.0,0.0,0.0,0.0
2022,RN,PSDB,nucleo_80,competitividade,7,3.0,0.0,0.0,0.0
2022,RN,PSDB,nucleo_80,eleicao,7,3.0,0.0,0.0,0.0
2022,RN,PSDB,acima_divisao_igual,competitividade,7,1.0,0.0,0.0,0.0
2022,RN,PSDB,acima_divisao_igual,eleicao,7,1.0,0.0,0.0,0.0
2022,RN,PSOL,top_necr,competitividade,4,3.0,0.0,0.0,0.0
2022,RN,PSOL,top_necr,eleicao,4,3.0,0.0,0.0,0.0
2022,RN,PSOL,nucleo_80,competitividade,4,3.0,0.0,0.0,0.0
2022,RN,PSOL,nucleo_80,eleicao,4,3.0,0.0,0.0,0.0
2022,RN,PSOL,acima_divisao_igual,competitividade,4,2.0,0.0,0.0,0.0
2022,RN,PSOL,acima_divisao_igual,eleicao,4,2.0,0.0,0.0,0.0
2022,RN,PSTU,top_necr,competitividade,1,1.0,0.0,0.0,0.0
2022,RN,PSTU,top_necr,eleicao,1,1.0,0.0,0.0,0.0
2022,RN,PSTU,nucleo_80,competitividade,1,1.0,0.0,0.0,0.0
2022,RN,PSTU,nucleo_80,eleicao,1,1.0,0.0,0.0,0.0
2022,RN,PSTU,acima_divisao_igual,competitividade,1,0.0,0.0,0.0,0.0
2022,RN,PSTU,acima_divisao_igual,eleicao,1,0.0,0.0,0.0,0.0
2022,RN,PT,top_necr,competitividade,4,3.0,2.0,2.0,1.5
2022,RN,PT,top_necr,eleicao,4,3.0,2.0,2.0,1.5
2022,RN,PT,nucleo_80,competitividade,4,3.0,2.0,2.0,1.5
2022,RN,PT,nucleo_80,eleicao,4,3.0,2.0,2.0,1.5
2022,RN,PT,acima_divisao_igual,competitividade,4,1.0,2.0,1.0,0.5
2022,RN,PT,acima_divisao_igual,eleicao,4,1.0,2.0,1.0,0.5
2022,RN,PTB,top_necr,competitividade,7,0.0,0.0,0.0,0.0
2022,RN,PTB,top_necr,eleicao,7,0.0,0.0,0.0,0.0
2022,RN,PTB,nucleo_80,competitividade,7,0.0,0.0,0.0,0.0
2022,RN,PTB,nucleo_80,eleicao,7,0.0,0.0,0.0,0.0
2022,RN,PTB,acima_divisao_igual,competitividade,7,0.0,0.0,0.0,0.0
2022,RN,PTB,acima_divisao_igual,eleicao,7,0.0,0.0,0.0,0.0
2022,RN,PV,top_necr,competitividade,2,2.0,0.0,0.0,0.0
2022,RN,PV,top_necr,eleicao,2,2.0,0.0,0.0,0.0
2022,RN,PV,nucleo_80,competitividade,2,2.0,0.0,0.0,0.0
2022,RN,PV,nucleo_80,eleicao,2,2.0,0.0,0.0,0.0
2022,RN,PV,acima_divisao_igual,competitividade,2,1.0,0.0,0.0,0.0
2022,RN,PV,acima_divisao_igual,eleicao,2,1.0,0.0,0.0,0.0
2022,RN,REDE,top_necr,competitividade,3,0.0,0.0,0.0,0.0
2022,RN,REDE,top_necr,eleicao,3,0.0,0.0,0.0,0.0
2022,RN,REDE,nucleo_80,competitividade,3,0.0,0.0,0.0,0.0
2022,RN,REDE,nucleo_80,eleicao,3,0.0,0.0,0.0,0.0
2022,RN,REDE,acima_divisao_igual,competitividade,3,0.0,0.0,0.0,0.0
2022,RN,REDE,acima_divisao_igual,eleicao,3,0.0,0.0,0.0,0.0
2022,RN,REPUBLICANOS,top_necr,competitividade,9,6.0,1.0,1.0,0.6666666666666666
2022,RN,REPUBLICANOS,top_necr,eleicao,9,6.0,0.0,0.0,0.0
2022,RN,REPUBLICANOS,nucleo_80,competitividade,9,5.0,1.0,1.0,0.5555555555555556
2022,RN,REPUBLICANOS,nucleo_80,eleicao,9,5.0,0.0,0.0,0.0
2022,RN,REPUBLICANOS,acima_divisao_igual,competitividade,9,5.0,1.0,1.0,0.5555555555555556
2022,RN,REPUBLICANOS,acima_divisao_igual,eleicao,9,5.0,0.0,0.0,0.0
2022,RN,SOLIDARIEDADE,top_necr,competitividade,9,5.0,2.0,2.0,1.1111111111111112
2022,RN,SOLIDARIEDADE,top_necr,eleicao,9,5.0,0.0,0.0,0.0
2022,RN,SOLIDARIEDADE,nucleo_80,competitividade,9,5.0,2.0,2.0,1.1111111111111112
2022,RN,SOLIDARIEDADE,nucleo_80,eleicao,9,5.0,0.0,0.0,0.0
2022,RN,SOLIDARIEDADE,acima_divisao_igual,competitividade,9,2.0,2.0,2.0,0.4444444444444444
2022,RN,SOLIDARIEDADE,acima_divisao_igual,eleicao,9,2.0,0.0,0.0,0.0
2022,RN,UNIAO,top_necr,competitividade,9,8.0,4.0,4.0,3.5555555555555554
2022,RN,UNIAO,top_necr,eleicao,9,8.0,2.0,2.0,1.7777777777777777
2022,RN,UNIAO,nucleo_80,competitividade,9,6.0,4.0,4.0,2.6666666666666665
2022,RN,UNIAO,nucleo_80,eleicao,9,6.0,2.0,2.0,1.3333333333333333
2022,RN,UNIAO,acima_divisao_igual,competitividade,9,4.0,4.0,3.0,1.7777777777777777
2022,RN,UNIAO,acima_divisao_igual,eleicao,9,4.0,2.0,2.0,0.8888888888888888
2022,RO,AGIR,top_necr,competitividade,7,6.0,1.0,1.0,0.8571428571428571
2022,RO,AGIR,top_necr,eleicao,7,6.0,0.0,0.0,0.0
2022,RO,AGIR,nucleo_80,competitividade,7,6.0,1.0,1.0,0.8571428571428571
2022,RO,AGIR,nucleo_80,eleicao,7,6.0,0.0,0.0,0.0
2022,RO,AGIR,acima_divisao_igual,competitividade,7,1.0,1.0,1.0,0.14285714285714285
2022,RO,AGIR,acima_divisao_igual,eleicao,7,1.0,0.0,0.0,0.0
2022,RO,AVANTE,top_necr,competitividade,9,2.0,1.0,1.0,0.2222222222222222
2022,RO,AVANTE,top_necr,eleicao,9,2.0,0.0,0.0,0.0
2022,RO,AVANTE,nucleo_80,competitividade,9,3.0,1.0,1.0,0.3333333333333333
2022,RO,AVANTE,nucleo_80,eleicao,9,3.0,0.0,0.0,0.0
2022,RO,AVANTE,acima_divisao_igual,competitividade,9,2.0,1.0,1.0,0.2222222222222222
2022,RO,AVANTE,acima_divisao_igual,eleicao,9,2.0,0.0,0.0,0.0
2022,RO,MDB,top_necr,competitividade,9,6.0,4.0,3.0,2.6666666666666665
2022,RO,MDB,top_necr,eleicao,9,6.0,2.0,2.0,1.3333333333333333
2022,RO,MDB,nucleo_80,competitividade,9,6.0,4.0,3.0,2.6666666666666665
2022,RO,MDB,nucleo_80,eleicao,9,6.0,2.0,2.0,1.3333333333333333
2022,RO,MDB,acima_divisao_igual,competitividade,9,3.0,4.0,3.0,1.3333333333333333
2022,RO,MDB,acima_divisao_igual,eleicao,9,3.0,2.0,2.0,0.6666666666666666
2022,RO,PATRIOTA,top_necr,competitividade,7,3.0,1.0,1.0,0.42857142857142855
2022,RO,PATRIOTA,top_necr,eleicao,7,3.0,0.0,0.0,0.0
2022,RO,PATRIOTA,nucleo_80,competitividade,7,3.0,1.0,1.0,0.42857142857142855
2022,RO,PATRIOTA,nucleo_80,eleicao,7,3.0,0.0,0.0,0.0
2022,RO,PATRIOTA,acima_divisao_igual,competitividade,7,3.0,1.0,1.0,0.42857142857142855
2022,RO,PATRIOTA,acima_divisao_igual,eleicao,7,3.0,0.0,0.0,0.0
2022,RO,PC DO B,top_necr,competitividade,3,2.0,0.0,0.0,0.0
2022,RO,PC DO B,top_necr,eleicao,3,2.0,0.0,0.0,0.0
2022,RO,PC DO B,nucleo_80,competitividade,3,2.0,0.0,0.0,0.0
2022,RO,PC DO B,nucleo_80,eleicao,3,2.0,0.0,0.0,0.0
2022,RO,PC DO B,acima_divisao_igual,competitividade,3,2.0,0.0,0.0,0.0
2022,RO,PC DO B,acima_divisao_igual,eleicao,3,2.0,0.0,0.0,0.0
2022,RO,PDT,top_necr,competitividade,8,6.0,0.0,0.0,0.0
2022,RO,PDT,top_necr,eleicao,8,6.0,0.0,0.0,0.0
2022,RO,PDT,nucleo_80,competitividade,8,5.0,0.0,0.0,0.0
2022,RO,PDT,nucleo_80,eleicao,8,5.0,0.0,0.0,0.0
2022,RO,PDT,acima_divisao_igual,competitividade,8,4.0,0.0,0.0,0.0
2022,RO,PDT,acima_divisao_igual,eleicao,8,4.0,0.0,0.0,0.0
2022,RO,PL,top_necr,competitividade,9,3.0,5.0,3.0,1.6666666666666667
2022,RO,PL,top_necr,eleicao,9,3.0,2.0,2.0,0.6666666666666666
2022,RO,PL,nucleo_80,competitividade,9,3.0,5.0,3.0,1.6666666666666667
2022,RO,PL,nucleo_80,eleicao,9,3.0,2.0,2.0,0.6666666666666666
2022,RO,PL,acima_divisao_igual,competitividade,9,3.0,5.0,3.0,1.6666666666666667
2022,RO,PL,acima_divisao_igual,eleicao,9,3.0,2.0,2.0,0.6666666666666666
2022,RO,PMB,top_necr,competitividade,2,0.0,0.0,0.0,0.0
2022,RO,PMB,top_necr,eleicao,2,0.0,0.0,0.0,0.0
2022,RO,PMB,nucleo_80,competitividade,2,0.0,0.0,0.0,0.0
2022,RO,PMB,nucleo_80,eleicao,2,0.0,0.0,0.0,0.0
2022,RO,PMB,acima_divisao_igual,competitividade,2,0.0,0.0,0.0,0.0
2022,RO,PMB,acima_divisao_igual,eleicao,2,0.0,0.0,0.0,0.0
2022,RO,PODE,top_necr,competitividade,9,6.0,1.0,1.0,0.6666666666666666
2022,RO,PODE,top_necr,eleicao,9,6.0,0.0,0.0,0.0
2022,RO,PODE,nucleo_80,competitividade,9,5.0,1.0,1.0,0.5555555555555556
2022,RO,PODE,nucleo_80,eleicao,9,5.0,0.0,0.0,0.0
2022,RO,PODE,acima_divisao_igual,competitividade,9,4.0,1.0,1.0,0.4444444444444444
2022,RO,PODE,acima_divisao_igual,eleicao,9,4.0,0.0,0.0,0.0
2022,RO,PP,top_necr,competitividade,6,3.0,1.0,0.0,0.5
2022,RO,PP,top_necr,eleicao,6,3.0,0.0,0.0,0.0
2022,RO,PP,nucleo_80,competitividade,6,2.0,1.0,0.0,0.3333333333333333
2022,RO,PP,nucleo_80,eleicao,6,2.0,0.0,0.0,0.0
2022,RO,PP,acima_divisao_igual,competitividade,6,2.0,1.0,0.0,0.3333333333333333
2022,RO,PP,acima_divisao_igual,eleicao,6,2.0,0.0,0.0,0.0
2022,RO,PROS,top_necr,competitividade,9,0.0,0.0,0.0,0.0
2022,RO,PROS,top_necr,eleicao,9,0.0,0.0,0.0,0.0
2022,RO,PROS,nucleo_80,competitividade,9,0.0,0.0,0.0,0.0
2022,RO,PROS,nucleo_80,eleicao,9,0.0,0.0,0.0,0.0
2022,RO,PROS,acima_divisao_igual,competitividade,9,0.0,0.0,0.0,0.0
2022,RO,PROS,acima_divisao_igual,eleicao,9,0.0,0.0,0.0,0.0
2022,RO,PSB,top_necr,competitividade,8,4.0,2.0,1.0,1.0
2022,RO,PSB,top_necr,eleicao,8,4.0,0.0,0.0,0.0
2022,RO,PSB,nucleo_80,competitividade,8,5.0,2.0,1.0,1.25
2022,RO,PSB,nucleo_80,eleicao,8,5.0,0.0,0.0,0.0
2022,RO,PSB,acima_divisao_igual,competitividade,8,2.0,2.0,1.0,0.5
2022,RO,PSB,acima_divisao_igual,eleicao,8,2.0,0.0,0.0,0.0
2022,RO,PSC,top_necr,competitividade,9,7.0,2.0,2.0,1.5555555555555556
2022,RO,PSC,top_necr,eleicao,9,7.0,0.0,0.0,0.0
2022,RO,PSC,nucleo_80,competitividade,9,7.0,2.0,2.0,1.5555555555555556
2022,RO,PSC,nucleo_80,eleicao,9,7.0,0.0,0.0,0.0
2022,RO,PSC,acima_divisao_igual,competitividade,9,1.0,2.0,1.0,0.2222222222222222
2022,RO,PSC,acima_divisao_igual,eleicao,9,1.0,0.0,0.0,0.0
2022,RO,PSD,top_necr,competitividade,8,5.0,2.0,2.0,1.25
2022,RO,PSD,top_necr,eleicao,8,5.0,0.0,0.0,0.0
2022,RO,PSD,nucleo_80,competitividade,8,5.0,2.0,2.0,1.25
2022,RO,PSD,nucleo_80,eleicao,8,5.0,0.0,0.0,0.0
2022,RO,PSD,acima_divisao_igual,competitividade,8,4.0,2.0,2.0,1.0
2022,RO,PSD,acima_divisao_igual,eleicao,8,4.0,0.0,0.0,0.0
2022,RO,PSOL,top_necr,competitividade,8,6.0,0.0,0.0,0.0
2022,RO,PSOL,top_necr,eleicao,8,6.0,0.0,0.0,0.0
2022,RO,PSOL,nucleo_80,competitividade,8,6.0,0.0,0.0,0.0
2022,RO,PSOL,nucleo_80,eleicao,8,6.0,0.0,0.0,0.0
2022,RO,PSOL,acima_divisao_igual,competitividade,8,2.0,0.0,0.0,0.0
2022,RO,PSOL,acima_divisao_igual,eleicao,8,2.0,0.0,0.0,0.0
2022,RO,PT,top_necr,competitividade,3,3.0,1.0,1.0,1.0
2022,RO,PT,top_necr,eleicao,3,3.0,0.0,0.0,0.0
2022,RO,PT,nucleo_80,competitividade,3,3.0,1.0,1.0,1.0
2022,RO,PT,nucleo_80,eleicao,3,3.0,0.0,0.0,0.0
2022,RO,PT,acima_divisao_igual,competitividade,3,2.0,1.0,1.0,0.6666666666666666
2022,RO,PT,acima_divisao_igual,eleicao,3,2.0,0.0,0.0,0.0
2022,RO,PTB,top_necr,competitividade,9,8.0,0.0,0.0,0.0
2022,RO,PTB,top_necr,eleicao,9,8.0,0.0,0.0,0.0
2022,RO,PTB,nucleo_80,competitividade,9,7.0,0.0,0.0,0.0
2022,RO,PTB,nucleo_80,eleicao,9,7.0,0.0,0.0,0.0
2022,RO,PTB,acima_divisao_igual,competitividade,9,3.0,0.0,0.0,0.0
2022,RO,PTB,acima_divisao_igual,eleicao,9,3.0,0.0,0.0,0.0
2022,RO,PV,top_necr,competitividade,2,2.0,0.0,0.0,0.0
2022,RO,PV,top_necr,eleicao,2,2.0,0.0,0.0,0.0
2022,RO,PV,nucleo_80,competitividade,2,2.0,0.0,0.0,0.0
2022,RO,PV,nucleo_80,eleicao,2,2.0,0.0,0.0,0.0
2022,RO,PV,acima_divisao_igual,competitividade,2,1.0,0.0,0.0,0.0
2022,RO,PV,acima_divisao_igual,eleicao,2,1.0,0.0,0.0,0.0
2022,RO,REPUBLICANOS,top_necr,competitividade,9,4.0,3.0,2.0,1.3333333333333333
2022,RO,REPUBLICANOS,top_necr,eleicao,9,4.0,0.0,0.0,0.0
2022,RO,REPUBLICANOS,nucleo_80,competitividade,9,6.0,3.0,3.0,2.0
2022,RO,REPUBLICANOS,nucleo_80,eleicao,9,6.0,0.0,0.0,0.0
2022,RO,REPUBLICANOS,acima_divisao_igual,competitividade,9,1.0,3.0,1.0,0.3333333333333333
2022,RO,REPUBLICANOS,acima_divisao_igual,eleicao,9,1.0,0.0,0.0,0.0
2022,RO,SOLIDARIEDADE,top_necr,competitividade,6,1.0,0.0,0.0,0.0
2022,RO,SOLIDARIEDADE,top_necr,eleicao,6,1.0,0.0,0.0,0.0
2022,RO,SOLIDARIEDADE,nucleo_80,competitividade,6,1.0,0.0,0.0,0.0
2022,RO,SOLIDARIEDADE,nucleo_80,eleicao,6,1.0,0.0,0.0,0.0
2022,RO,SOLIDARIEDADE,acima_divisao_igual,competitividade,6,2.0,0.0,0.0,0.0
2022,RO,SOLIDARIEDADE,acima_divisao_igual,eleicao,6,2.0,0.0,0.0,0.0
2022,RO,UNIAO,top_necr,competitividade,9,8.0,4.0,3.0,3.5555555555555554
2022,RO,UNIAO,top_necr,eleicao,9,8.0,4.0,4.0,3.5555555555555554
2022,RO,UNIAO,nucleo_80,competitividade,9,6.0,4.0,3.0,2.6666666666666665
2022,RO,UNIAO,nucleo_80,eleicao,9,6.0,4.0,4.0,2.6666666666666665
2022,RO,UNIAO,acima_divisao_igual,competitividade,9,5.0,4.0,3.0,2.2222222222222223
2022,RO,UNIAO,acima_divisao_igual,eleicao,9,5.0,4.0,3.0,2.2222222222222223
2022,RR,CIDADANIA,top_necr,competitividade,6,6.0,0.0,0.0,0.0
2022,RR,CIDADANIA,top_necr,eleicao,6,6.0,0.0,0.0,0.0
2022,RR,CIDADANIA,nucleo_80,competitividade,6,5.0,0.0,0.0,0.0
2022,RR,CIDADANIA,nucleo_80,eleicao,6,5.0,0.0,0.0,0.0
2022,RR,CIDADANIA,acima_divisao_igual,competitividade,6,2.0,0.0,0.0,0.0
2022,RR,CIDADANIA,acima_divisao_igual,eleicao,6,2.0,0.0,0.0,0.0
2022,RR,DC,top_necr,competitividade,6,5.0,0.0,0.0,0.0
2022,RR,DC,top_necr,eleicao,6,5.0,0.0,0.0,0.0
2022,RR,DC,nucleo_80,competitividade,6,5.0,0.0,0.0,0.0
2022,RR,DC,nucleo_80,eleicao,6,5.0,0.0,0.0,0.0
2022,RR,DC,acima_divisao_igual,competitividade,6,3.0,0.0,0.0,0.0
2022,RR,DC,acima_divisao_igual,eleicao,6,3.0,0.0,0.0,0.0
2022,RR,MDB,top_necr,competitividade,8,7.0,2.0,1.0,1.75
2022,RR,MDB,top_necr,eleicao,8,7.0,2.0,2.0,1.75
2022,RR,MDB,nucleo_80,competitividade,8,6.0,2.0,1.0,1.5
2022,RR,MDB,nucleo_80,eleicao,8,6.0,2.0,1.0,1.5
2022,RR,MDB,acima_divisao_igual,competitividade,8,4.0,2.0,0.0,1.0
2022,RR,MDB,acima_divisao_igual,eleicao,8,4.0,2.0,1.0,1.0
2022,RR,PATRIOTA,top_necr,competitividade,7,4.0,0.0,0.0,0.0
2022,RR,PATRIOTA,top_necr,eleicao,7,4.0,0.0,0.0,0.0
2022,RR,PATRIOTA,nucleo_80,competitividade,7,5.0,0.0,0.0,0.0
2022,RR,PATRIOTA,nucleo_80,eleicao,7,5.0,0.0,0.0,0.0
2022,RR,PATRIOTA,acima_divisao_igual,competitividade,7,2.0,0.0,0.0,0.0
2022,RR,PATRIOTA,acima_divisao_igual,eleicao,7,2.0,0.0,0.0,0.0
2022,RR,PCO,top_necr,competitividade,1,1.0,0.0,0.0,0.0
2022,RR,PCO,top_necr,eleicao,1,1.0,0.0,0.0,0.0
2022,RR,PCO,nucleo_80,competitividade,1,1.0,0.0,0.0,0.0
2022,RR,PCO,nucleo_80,eleicao,1,1.0,0.0,0.0,0.0
2022,RR,PCO,acima_divisao_igual,competitividade,1,0.0,0.0,0.0,0.0
2022,RR,PCO,acima_divisao_igual,eleicao,1,0.0,0.0,0.0,0.0
2022,RR,PDT,top_necr,competitividade,8,3.0,1.0,0.0,0.375
2022,RR,PDT,top_necr,eleicao,8,3.0,0.0,0.0,0.0
2022,RR,PDT,nucleo_80,competitividade,8,2.0,1.0,0.0,0.25
2022,RR,PDT,nucleo_80,eleicao,8,2.0,0.0,0.0,0.0
2022,RR,PDT,acima_divisao_igual,competitividade,8,2.0,1.0,0.0,0.25
2022,RR,PDT,acima_divisao_igual,eleicao,8,2.0,0.0,0.0,0.0
2022,RR,PL,top_necr,competitividade,8,7.0,1.0,1.0,0.875
2022,RR,PL,top_necr,eleicao,8,7.0,0.0,0.0,0.0
2022,RR,PL,nucleo_80,competitividade,8,6.0,1.0,1.0,0.75
2022,RR,PL,nucleo_80,eleicao,8,6.0,0.0,0.0,0.0
2022,RR,PL,acima_divisao_igual,competitividade,8,2.0,1.0,1.0,0.25
2022,RR,PL,acima_divisao_igual,eleicao,8,2.0,0.0,0.0,0.0
2022,RR,PMB,top_necr,competitividade,4,4.0,0.0,0.0,0.0
2022,RR,PMB,top_necr,eleicao,4,4.0,0.0,0.0,0.0
2022,RR,PMB,nucleo_80,competitividade,4,4.0,0.0,0.0,0.0
2022,RR,PMB,nucleo_80,eleicao,4,4.0,0.0,0.0,0.0
2022,RR,PMB,acima_divisao_igual,competitividade,4,2.0,0.0,0.0,0.0
2022,RR,PMB,acima_divisao_igual,eleicao,4,2.0,0.0,0.0,0.0
2022,RR,PMN,top_necr,competitividade,6,5.0,0.0,0.0,0.0
2022,RR,PMN,top_necr,eleicao,6,5.0,0.0,0.0,0.0
2022,RR,PMN,nucleo_80,competitividade,6,5.0,0.0,0.0,0.0
2022,RR,PMN,nucleo_80,eleicao,6,5.0,0.0,0.0,0.0
2022,RR,PMN,acima_divisao_igual,competitividade,6,1.0,0.0,0.0,0.0
2022,RR,PMN,acima_divisao_igual,eleicao,6,1.0,0.0,0.0,0.0
2022,RR,PODE,top_necr,competitividade,8,6.0,2.0,2.0,1.5
2022,RR,PODE,top_necr,eleicao,8,6.0,0.0,0.0,0.0
2022,RR,PODE,nucleo_80,competitividade,8,5.0,2.0,2.0,1.25
2022,RR,PODE,nucleo_80,eleicao,8,5.0,0.0,0.0,0.0
2022,RR,PODE,acima_divisao_igual,competitividade,8,3.0,2.0,2.0,0.75
2022,RR,PODE,acima_divisao_igual,eleicao,8,3.0,0.0,0.0,0.0
2022,RR,PP,top_necr,competitividade,9,5.0,3.0,3.0,1.6666666666666667
2022,RR,PP,top_necr,eleicao,9,5.0,0.0,0.0,0.0
2022,RR,PP,nucleo_80,competitividade,9,6.0,3.0,3.0,2.0
2022,RR,PP,nucleo_80,eleicao,9,6.0,0.0,0.0,0.0
2022,RR,PP,acima_divisao_igual,competitividade,9,1.0,3.0,1.0,0.3333333333333333
2022,RR,PP,acima_divisao_igual,eleicao,9,1.0,0.0,0.0,0.0
2022,RR,PROS,top_necr,competitividade,8,4.0,0.0,0.0,0.0
2022,RR,PROS,top_necr,eleicao,8,4.0,0.0,0.0,0.0
2022,RR,PROS,nucleo_80,competitividade,8,5.0,0.0,0.0,0.0
2022,RR,PROS,nucleo_80,eleicao,8,5.0,0.0,0.0,0.0
2022,RR,PROS,acima_divisao_igual,competitividade,8,2.0,0.0,0.0,0.0
2022,RR,PROS,acima_divisao_igual,eleicao,8,2.0,0.0,0.0,0.0
2022,RR,PRTB,top_necr,competitividade,7,7.0,0.0,0.0,0.0
2022,RR,PRTB,top_necr,eleicao,7,7.0,0.0,0.0,0.0
2022,RR,PRTB,nucleo_80,competitividade,7,5.999999999999999,0.0,0.0,0.0
2022,RR,PRTB,nucleo_80,eleicao,7,5.999999999999999,0.0,0.0,0.0
2022,RR,PRTB,acima_divisao_igual,competitividade,7,0.0,0.0,0.0,0.0
2022,RR,PRTB,acima_divisao_igual,eleicao,7,0.0,0.0,0.0,0.0
2022,RR,PSC,top_necr,competitividade,3,0.0,0.0,0.0,0.0
2022,RR,PSC,top_necr,eleicao,3,0.0,0.0,0.0,0.0
2022,RR,PSC,nucleo_80,competitividade,3,0.0,0.0,0.0,0.0
2022,RR,PSC,nucleo_80,eleicao,3,0.0,0.0,0.0,0.0
2022,RR,PSC,acima_divisao_igual,competitividade,3,0.0,0.0,0.0,0.0
2022,RR,PSC,acima_divisao_igual,eleicao,3,0.0,0.0,0.0,0.0
2022,RR,PSD,top_necr,competitividade,9,6.0,1.0,1.0,0.6666666666666666
2022,RR,PSD,top_necr,eleicao,9,6.0,1.0,1.0,0.6666666666666666
2022,RR,PSD,nucleo_80,competitividade,9,5.0,1.0,1.0,0.5555555555555556
2022,RR,PSD,nucleo_80,eleicao,9,5.0,1.0,1.0,0.5555555555555556
2022,RR,PSD,acima_divisao_igual,competitividade,9,3.0,1.0,0.0,0.3333333333333333
2022,RR,PSD,acima_divisao_igual,eleicao,9,3.0,1.0,1.0,0.3333333333333333
2022,RR,PSDB,top_necr,competitividade,1,0.0,0.0,0.0,0.0
2022,RR,PSDB,top_necr,eleicao,1,0.0,0.0,0.0,0.0
2022,RR,PSDB,nucleo_80,competitividade,1,0.0,0.0,0.0,0.0
2022,RR,PSDB,nucleo_80,eleicao,1,0.0,0.0,0.0,0.0
2022,RR,PSDB,acima_divisao_igual,competitividade,1,0.0,0.0,0.0,0.0
2022,RR,PSDB,acima_divisao_igual,eleicao,1,0.0,0.0,0.0,0.0
2022,RR,PSOL,top_necr,competitividade,3,3.0,0.0,0.0,0.0
2022,RR,PSOL,top_necr,eleicao,3,3.0,0.0,0.0,0.0
2022,RR,PSOL,nucleo_80,competitividade,3,3.0,0.0,0.0,0.0
2022,RR,PSOL,nucleo_80,eleicao,3,3.0,0.0,0.0,0.0
2022,RR,PSOL,acima_divisao_igual,competitividade,3,1.0,0.0,0.0,0.0
2022,RR,PSOL,acima_divisao_igual,eleicao,3,1.0,0.0,0.0,0.0
2022,RR,PT,top_necr,competitividade,3,2.0,0.0,0.0,0.0
2022,RR,PT,top_necr,eleicao,3,2.0,0.0,0.0,0.0
2022,RR,PT,nucleo_80,competitividade,3,2.0,0.0,0.0,0.0
2022,RR,PT,nucleo_80,eleicao,3,2.0,0.0,0.0,0.0
2022,RR,PT,acima_divisao_igual,competitividade,3,1.0,0.0,0.0,0.0
2022,RR,PT,acima_divisao_igual,eleicao,3,1.0,0.0,0.0,0.0
2022,RR,PTB,top_necr,competitividade,9,8.0,1.0,1.0,0.8888888888888888
2022,RR,PTB,top_necr,eleicao,9,8.0,0.0,0.0,0.0
2022,RR,PTB,nucleo_80,competitividade,9,7.0,1.0,1.0,0.7777777777777778
2022,RR,PTB,nucleo_80,eleicao,9,7.0,0.0,0.0,0.0
2022,RR,PTB,acima_divisao_igual,competitividade,9,4.0,1.0,1.0,0.4444444444444444
2022,RR,PTB,acima_divisao_igual,eleicao,9,4.0,0.0,0.0,0.0
2022,RR,PV,top_necr,competitividade,3,2.0,1.0,0.0,0.6666666666666666
2022,RR,PV,top_necr,eleicao,3,2.0,0.0,0.0,0.0
2022,RR,PV,nucleo_80,competitividade,3,2.0,1.0,0.0,0.6666666666666666
2022,RR,PV,nucleo_80,eleicao,3,2.0,0.0,0.0,0.0
2022,RR,PV,acima_divisao_igual,competitividade,3,2.0,1.0,0.0,0.6666666666666666
2022,RR,PV,acima_divisao_igual,eleicao,3,2.0,0.0,0.0,0.0
2022,RR,REDE,top_necr,competitividade,5,3.0,1.0,1.0,0.6
2022,RR,REDE,top_necr,eleicao,5,3.0,0.0,0.0,0.0
2022,RR,REDE,nucleo_80,competitividade,5,4.0,1.0,1.0,0.8
2022,RR,REDE,nucleo_80,eleicao,5,4.0,0.0,0.0,0.0
2022,RR,REDE,acima_divisao_igual,competitividade,5,1.0,1.0,1.0,0.2
2022,RR,REDE,acima_divisao_igual,eleicao,5,1.0,0.0,0.0,0.0
2022,RR,REPUBLICANOS,top_necr,competitividade,9,7.0,3.0,3.0,2.3333333333333335
2022,RR,REPUBLICANOS,top_necr,eleicao,9,7.0,3.0,3.0,2.3333333333333335
2022,RR,REPUBLICANOS,nucleo_80,competitividade,9,7.0,3.0,3.0,2.3333333333333335
2022,RR,REPUBLICANOS,nucleo_80,eleicao,9,7.0,3.0,3.0,2.3333333333333335
2022,RR,REPUBLICANOS,acima_divisao_igual,competitividade,9,1.0,3.0,1.0,0.3333333333333333
2022,RR,REPUBLICANOS,acima_divisao_igual,eleicao,9,1.0,3.0,1.0,0.3333333333333333
2022,RR,SOLIDARIEDADE,top_necr,competitividade,7,5.0,1.0,1.0,0.7142857142857143
2022,RR,SOLIDARIEDADE,top_necr,eleicao,7,5.0,0.0,0.0,0.0
2022,RR,SOLIDARIEDADE,nucleo_80,competitividade,7,5.0,1.0,1.0,0.7142857142857143
2022,RR,SOLIDARIEDADE,nucleo_80,eleicao,7,5.0,0.0,0.0,0.0
2022,RR,SOLIDARIEDADE,acima_divisao_igual,competitividade,7,3.0,1.0,1.0,0.42857142857142855
2022,RR,SOLIDARIEDADE,acima_divisao_igual,eleicao,7,3.0,0.0,0.0,0.0
2022,RR,UNIAO,top_necr,competitividade,8,6.0,3.0,3.0,2.25
2022,RR,UNIAO,top_necr,eleicao,8,6.0,2.0,2.0,1.5
2022,RR,UNIAO,nucleo_80,competitividade,8,6.0,3.0,3.0,2.25
2022,RR,UNIAO,nucleo_80,eleicao,8,6.0,2.0,2.0,1.5
2022,RR,UNIAO,acima_divisao_igual,competitividade,8,3.0,3.0,1.0,1.125
2022,RR,UNIAO,acima_divisao_igual,eleicao,8,3.0,2.0,2.0,0.75
2022,RS,AGIR,top_necr,competitividade,1,0.0,0.0,0.0,0.0
2022,RS,AGIR,top_necr,eleicao,1,0.0,0.0,0.0,0.0
2022,RS,AGIR,nucleo_80,competitividade,1,0.0,0.0,0.0,0.0
2022,RS,AGIR,nucleo_80,eleicao,1,0.0,0.0,0.0,0.0
2022,RS,AGIR,acima_divisao_igual,competitividade,1,0.0,0.0,0.0,0.0
2022,RS,AGIR,acima_divisao_igual,eleicao,1,0.0,0.0,0.0,0.0
2022,RS,AVANTE,top_necr,competitividade,30,8.0,0.0,0.0,0.0
2022,RS,AVANTE,top_necr,eleicao,30,8.0,0.0,0.0,0.0
2022,RS,AVANTE,nucleo_80,competitividade,30,13.0,0.0,0.0,0.0
2022,RS,AVANTE,nucleo_80,eleicao,30,13.0,0.0,0.0,0.0
2022,RS,AVANTE,acima_divisao_igual,competitividade,30,8.0,0.0,0.0,0.0
2022,RS,AVANTE,acima_divisao_igual,eleicao,30,8.0,0.0,0.0,0.0
2022,RS,CIDADANIA,top_necr,competitividade,8,1.0,1.0,1.0,0.125
2022,RS,CIDADANIA,top_necr,eleicao,8,1.0,1.0,1.0,0.125
2022,RS,CIDADANIA,nucleo_80,competitividade,8,1.0,1.0,1.0,0.125
2022,RS,CIDADANIA,nucleo_80,eleicao,8,1.0,1.0,1.0,0.125
2022,RS,CIDADANIA,acima_divisao_igual,competitividade,8,1.0,1.0,1.0,0.125
2022,RS,CIDADANIA,acima_divisao_igual,eleicao,8,1.0,1.0,1.0,0.125
2022,RS,DC,top_necr,competitividade,7,2.0,0.0,0.0,0.0
2022,RS,DC,top_necr,eleicao,7,2.0,0.0,0.0,0.0
2022,RS,DC,nucleo_80,competitividade,7,3.0,0.0,0.0,0.0
2022,RS,DC,nucleo_80,eleicao,7,3.0,0.0,0.0,0.0
2022,RS,DC,acima_divisao_igual,competitividade,7,1.0,0.0,0.0,0.0
2022,RS,DC,acima_divisao_igual,eleicao,7,1.0,0.0,0.0,0.0
2022,RS,MDB,top_necr,competitividade,24,8.0,8.0,7.0,2.6666666666666665
2022,RS,MDB,top_necr,eleicao,24,8.0,3.0,3.0,1.0
2022,RS,MDB,nucleo_80,competitividade,24,7.0,8.0,7.0,2.3333333333333335
2022,RS,MDB,nucleo_80,eleicao,24,7.0,3.0,3.0,0.875
2022,RS,MDB,acima_divisao_igual,competitividade,24,6.0,8.0,6.0,2.0
2022,RS,MDB,acima_divisao_igual,eleicao,24,6.0,3.0,3.0,0.75
2022,RS,NOVO,top_necr,competitividade,6,2.0,2.0,1.0,0.6666666666666666
2022,RS,NOVO,top_necr,eleicao,6,2.0,1.0,1.0,0.3333333333333333
2022,RS,NOVO,nucleo_80,competitividade,6,2.0,2.0,1.0,0.6666666666666666
2022,RS,NOVO,nucleo_80,eleicao,6,2.0,1.0,1.0,0.3333333333333333
2022,RS,NOVO,acima_divisao_igual,competitividade,6,2.0,2.0,1.0,0.6666666666666666
2022,RS,NOVO,acima_divisao_igual,eleicao,6,2.0,1.0,1.0,0.3333333333333333
2022,RS,PATRIOTA,top_necr,competitividade,23,17.999999999999996,0.0,0.0,0.0
2022,RS,PATRIOTA,top_necr,eleicao,23,17.999999999999996,0.0,0.0,0.0
2022,RS,PATRIOTA,nucleo_80,competitividade,23,15.000000000000002,0.0,0.0,0.0
2022,RS,PATRIOTA,nucleo_80,eleicao,23,15.000000000000002,0.0,0.0,0.0
2022,RS,PATRIOTA,acima_divisao_igual,competitividade,23,12.0,0.0,0.0,0.0
2022,RS,PATRIOTA,acima_divisao_igual,eleicao,23,12.0,0.0,0.0,0.0
2022,RS,PC DO B,top_necr,competitividade,4,2.0,1.0,1.0,0.5
2022,RS,PC DO B,top_necr,eleicao,4,2.0,1.0,1.0,0.5
2022,RS,PC DO B,nucleo_80,competitividade,4,2.0,1.0,1.0,0.5
2022,RS,PC DO B,nucleo_80,eleicao,4,2.0,1.0,1.0,0.5
2022,RS,PC DO B,acima_divisao_igual,competitividade,4,2.0,1.0,1.0,0.5
2022,RS,PC DO B,acima_divisao_igual,eleicao,4,2.0,1.0,1.0,0.5
2022,RS,PCB,top_necr,competitividade,2,0.0,0.0,0.0,0.0
2022,RS,PCB,top_necr,eleicao,2,0.0,0.0,0.0,0.0
2022,RS,PCB,nucleo_80,competitividade,2,0.0,0.0,0.0,0.0
2022,RS,PCB,nucleo_80,eleicao,2,0.0,0.0,0.0,0.0
2022,RS,PCB,acima_divisao_igual,competitividade,2,0.0,0.0,0.0,0.0
2022,RS,PCB,acima_divisao_igual,eleicao,2,0.0,0.0,0.0,0.0
2022,RS,PDT,top_necr,competitividade,28,6.0,3.0,3.0,0.6428571428571429
2022,RS,PDT,top_necr,eleicao,28,6.0,2.0,2.0,0.42857142857142855
2022,RS,PDT,nucleo_80,competitividade,28,6.0,3.0,3.0,0.6428571428571429
2022,RS,PDT,nucleo_80,eleicao,28,6.0,2.0,2.0,0.42857142857142855
2022,RS,PDT,acima_divisao_igual,competitividade,28,4.0,3.0,3.0,0.42857142857142855
2022,RS,PDT,acima_divisao_igual,eleicao,28,4.0,2.0,2.0,0.2857142857142857
2022,RS,PL,top_necr,competitividade,31,5.0,7.0,4.0,1.1290322580645162
2022,RS,PL,top_necr,eleicao,31,5.0,4.0,3.0,0.6451612903225806
2022,RS,PL,nucleo_80,competitividade,31,4.0,7.0,3.0,0.9032258064516129
2022,RS,PL,nucleo_80,eleicao,31,4.0,4.0,3.0,0.5161290322580645
2022,RS,PL,acima_divisao_igual,competitividade,31,5.0,7.0,4.0,1.1290322580645162
2022,RS,PL,acima_divisao_igual,eleicao,31,5.0,4.0,3.0,0.6451612903225806
2022,RS,PODE,top_necr,competitividade,28,5.0,1.0,1.0,0.17857142857142858
2022,RS,PODE,top_necr,eleicao,28,5.0,1.0,0.0,0.17857142857142858
2022,RS,PODE,nucleo_80,competitividade,28,6.0,1.0,1.0,0.21428571428571427
2022,RS,PODE,nucleo_80,eleicao,28,6.0,1.0,0.0,0.21428571428571427
2022,RS,PODE,acima_divisao_igual,competitividade,28,5.0,1.0,1.0,0.17857142857142858
2022,RS,PODE,acima_divisao_igual,eleicao,28,5.0,1.0,0.0,0.17857142857142858
2022,RS,PP,top_necr,competitividade,27,6.0,7.0,6.0,1.5555555555555556
2022,RS,PP,top_necr,eleicao,27,6.0,3.0,3.0,0.6666666666666666
2022,RS,PP,nucleo_80,competitividade,27,5.0,7.0,5.0,1.2962962962962963
2022,RS,PP,nucleo_80,eleicao,27,5.0,3.0,3.0,0.5555555555555556
2022,RS,PP,acima_divisao_igual,competitividade,27,5.0,7.0,5.0,1.2962962962962963
2022,RS,PP,acima_divisao_igual,eleicao,27,5.0,3.0,3.0,0.5555555555555556
2022,RS,PROS,top_necr,competitividade,3,0.0,0.0,0.0,0.0
2022,RS,PROS,top_necr,eleicao,3,0.0,0.0,0.0,0.0
2022,RS,PROS,nucleo_80,competitividade,3,0.0,0.0,0.0,0.0
2022,RS,PROS,nucleo_80,eleicao,3,0.0,0.0,0.0,0.0
2022,RS,PROS,acima_divisao_igual,competitividade,3,0.0,0.0,0.0,0.0
2022,RS,PROS,acima_divisao_igual,eleicao,3,0.0,0.0,0.0,0.0
2022,RS,PRTB,top_necr,competitividade,7,5.0,0.0,0.0,0.0
2022,RS,PRTB,top_necr,eleicao,7,5.0,0.0,0.0,0.0
2022,RS,PRTB,nucleo_80,competitividade,7,5.0,0.0,0.0,0.0
2022,RS,PRTB,nucleo_80,eleicao,7,5.0,0.0,0.0,0.0
2022,RS,PRTB,acima_divisao_igual,competitividade,7,2.0,0.0,0.0,0.0
2022,RS,PRTB,acima_divisao_igual,eleicao,7,2.0,0.0,0.0,0.0
2022,RS,PSB,top_necr,competitividade,23,7.0,3.0,3.0,0.9130434782608695
2022,RS,PSB,top_necr,eleicao,23,7.0,1.0,1.0,0.30434782608695654
2022,RS,PSB,nucleo_80,competitividade,23,11.0,3.0,3.0,1.434782608695652
2022,RS,PSB,nucleo_80,eleicao,23,11.0,1.0,1.0,0.4782608695652174
2022,RS,PSB,acima_divisao_igual,competitividade,23,4.0,3.0,2.0,0.5217391304347826
2022,RS,PSB,acima_divisao_igual,eleicao,23,4.0,1.0,1.0,0.17391304347826086
2022,RS,PSC,top_necr,competitividade,29,21.0,1.0,1.0,0.7241379310344828
2022,RS,PSC,top_necr,eleicao,29,21.0,0.0,0.0,0.0
2022,RS,PSC,nucleo_80,competitividade,29,15.999999999999998,1.0,1.0,0.5517241379310345
2022,RS,PSC,nucleo_80,eleicao,29,15.999999999999998,0.0,0.0,0.0
2022,RS,PSC,acima_divisao_igual,competitividade,29,13.0,1.0,1.0,0.4482758620689655
2022,RS,PSC,acima_divisao_igual,eleicao,29,13.0,0.0,0.0,0.0
2022,RS,PSD,top_necr,competitividade,28,8.0,5.0,4.0,1.4285714285714286
2022,RS,PSD,top_necr,eleicao,28,8.0,1.0,1.0,0.2857142857142857
2022,RS,PSD,nucleo_80,competitividade,28,6.0,5.0,4.0,1.0714285714285714
2022,RS,PSD,nucleo_80,eleicao,28,6.0,1.0,1.0,0.21428571428571427
2022,RS,PSD,acima_divisao_igual,competitividade,28,5.0,5.0,4.0,0.8928571428571429
2022,RS,PSD,acima_divisao_igual,eleicao,28,5.0,1.0,1.0,0.17857142857142858
2022,RS,PSDB,top_necr,competitividade,23,8.0,4.0,4.0,1.391304347826087
2022,RS,PSDB,top_necr,eleicao,23,8.0,2.0,2.0,0.6956521739130435
2022,RS,PSDB,nucleo_80,competitividade,23,7.0,4.0,4.0,1.2173913043478262
2022,RS,PSDB,nucleo_80,eleicao,23,7.0,2.0,2.0,0.6086956521739131
2022,RS,PSDB,acima_divisao_igual,competitividade,23,5.0,4.0,3.0,0.8695652173913043
2022,RS,PSDB,acima_divisao_igual,eleicao,23,5.0,2.0,2.0,0.43478260869565216
2022,RS,PSOL,top_necr,competitividade,30,8.0,2.0,2.0,0.5333333333333333
2022,RS,PSOL,top_necr,eleicao,30,8.0,1.0,1.0,0.26666666666666666
2022,RS,PSOL,nucleo_80,competitividade,30,9.0,2.0,2.0,0.6
2022,RS,PSOL,nucleo_80,eleicao,30,9.0,1.0,1.0,0.3
2022,RS,PSOL,acima_divisao_igual,competitividade,30,9.0,2.0,2.0,0.6
2022,RS,PSOL,acima_divisao_igual,eleicao,30,9.0,1.0,1.0,0.3
2022,RS,PSTU,top_necr,competitividade,3,2.0,0.0,0.0,0.0
2022,RS,PSTU,top_necr,eleicao,3,2.0,0.0,0.0,0.0
2022,RS,PSTU,nucleo_80,competitividade,3,2.0,0.0,0.0,0.0
2022,RS,PSTU,nucleo_80,eleicao,3,2.0,0.0,0.0,0.0
2022,RS,PSTU,acima_divisao_igual,competitividade,3,1.0,0.0,0.0,0.0
2022,RS,PSTU,acima_divisao_igual,eleicao,3,1.0,0.0,0.0,0.0
2022,RS,PT,top_necr,competitividade,25,10.0,7.0,7.0,2.8
2022,RS,PT,top_necr,eleicao,25,10.0,6.0,6.0,2.4
2022,RS,PT,nucleo_80,competitividade,25,7.0,7.0,5.0,1.96
2022,RS,PT,nucleo_80,eleicao,25,7.0,6.0,6.0,1.68
2022,RS,PT,acima_divisao_igual,competitividade,25,8.0,7.0,6.0,2.24
2022,RS,PT,acima_divisao_igual,eleicao,25,8.0,6.0,6.0,1.92
2022,RS,PTB,top_necr,competitividade,31,8.0,5.0,5.0,1.2903225806451613
2022,RS,PTB,top_necr,eleicao,31,8.0,0.0,0.0,0.0
2022,RS,PTB,nucleo_80,competitividade,31,12.0,5.0,5.0,1.935483870967742
2022,RS,PTB,nucleo_80,eleicao,31,12.0,0.0,0.0,0.0
2022,RS,PTB,acima_divisao_igual,competitividade,31,7.0,5.0,5.0,1.1290322580645162
2022,RS,PTB,acima_divisao_igual,eleicao,31,7.0,0.0,0.0,0.0
2022,RS,PV,top_necr,competitividade,2,2.0,0.0,0.0,0.0
2022,RS,PV,top_necr,eleicao,2,2.0,0.0,0.0,0.0
2022,RS,PV,nucleo_80,competitividade,2,2.0,0.0,0.0,0.0
2022,RS,PV,nucleo_80,eleicao,2,2.0,0.0,0.0,0.0
2022,RS,PV,acima_divisao_igual,competitividade,2,1.0,0.0,0.0,0.0
2022,RS,PV,acima_divisao_igual,eleicao,2,1.0,0.0,0.0,0.0
2022,RS,REDE,top_necr,competitividade,2,1.0,0.0,0.0,0.0
2022,RS,REDE,top_necr,eleicao,2,1.0,0.0,0.0,0.0
2022,RS,REDE,nucleo_80,competitividade,2,1.0,0.0,0.0,0.0
2022,RS,REDE,nucleo_80,eleicao,2,1.0,0.0,0.0,0.0
2022,RS,REDE,acima_divisao_igual,competitividade,2,1.0,0.0,0.0,0.0
2022,RS,REDE,acima_divisao_igual,eleicao,2,1.0,0.0,0.0,0.0
2022,RS,REPUBLICANOS,top_necr,competitividade,32,7.0,7.0,6.0,1.53125
2022,RS,REPUBLICANOS,top_necr,eleicao,32,7.0,3.0,3.0,0.65625
2022,RS,REPUBLICANOS,nucleo_80,competitividade,32,6.0,7.0,6.0,1.3125
2022,RS,REPUBLICANOS,nucleo_80,eleicao,32,6.0,3.0,3.0,0.5625
2022,RS,REPUBLICANOS,acima_divisao_igual,competitividade,32,6.0,7.0,6.0,1.3125
2022,RS,REPUBLICANOS,acima_divisao_igual,eleicao,32,6.0,3.0,3.0,0.5625
2022,RS,SOLIDARIEDADE,top_necr,competitividade,25,17.0,0.0,0.0,0.0
2022,RS,SOLIDARIEDADE,top_necr,eleicao,25,17.0,0.0,0.0,0.0
2022,RS,SOLIDARIEDADE,nucleo_80,competitividade,25,13.0,0.0,0.0,0.0
2022,RS,SOLIDARIEDADE,nucleo_80,eleicao,25,13.0,0.0,0.0,0.0
2022,RS,SOLIDARIEDADE,acima_divisao_igual,competitividade,25,10.0,0.0,0.0,0.0
2022,RS,SOLIDARIEDADE,acima_divisao_igual,eleicao,25,10.0,0.0,0.0,0.0
2022,RS,UNIAO,top_necr,competitividade,28,7.0,3.0,3.0,0.75
2022,RS,UNIAO,top_necr,eleicao,28,7.0,1.0,1.0,0.25
2022,RS,UNIAO,nucleo_80,competitividade,28,8.0,3.0,3.0,0.8571428571428571
2022,RS,UNIAO,nucleo_80,eleicao,28,8.0,1.0,1.0,0.2857142857142857
2022,RS,UNIAO,acima_divisao_igual,competitividade,28,9.0,3.0,3.0,0.9642857142857143
2022,RS,UNIAO,acima_divisao_igual,eleicao,28,9.0,1.0,1.0,0.32142857142857145
2022,RS,UP,top_necr,competitividade,2,2.0,0.0,0.0,0.0
2022,RS,UP,top_necr,eleicao,2,2.0,0.0,0.0,0.0
2022,RS,UP,nucleo_80,competitividade,2,2.0,0.0,0.0,0.0
2022,RS,UP,nucleo_80,eleicao,2,2.0,0.0,0.0,0.0
2022,RS,UP,acima_divisao_igual,competitividade,2,1.0,0.0,0.0,0.0
2022,RS,UP,acima_divisao_igual,eleicao,2,1.0,0.0,0.0,0.0
2022,SC,AVANTE,top_necr,competitividade,12,7.0,0.0,0.0,0.0
2022,SC,AVANTE,top_necr,eleicao,12,7.0,0.0,0.0,0.0
2022,SC,AVANTE,nucleo_80,competitividade,12,6.0,0.0,0.0,0.0
2022,SC,AVANTE,nucleo_80,eleicao,12,6.0,0.0,0.0,0.0
2022,SC,AVANTE,acima_divisao_igual,competitividade,12,5.0,0.0,0.0,0.0
2022,SC,AVANTE,acima_divisao_igual,eleicao,12,5.0,0.0,0.0,0.0
2022,SC,CIDADANIA,top_necr,competitividade,5,1.0,1.0,1.0,0.2
2022,SC,CIDADANIA,top_necr,eleicao,5,1.0,1.0,1.0,0.2
2022,SC,CIDADANIA,nucleo_80,competitividade,5,1.0,1.0,1.0,0.2
2022,SC,CIDADANIA,nucleo_80,eleicao,5,1.0,1.0,1.0,0.2
2022,SC,CIDADANIA,acima_divisao_igual,competitividade,5,1.0,1.0,1.0,0.2
2022,SC,CIDADANIA,acima_divisao_igual,eleicao,5,1.0,1.0,1.0,0.2
2022,SC,DC,top_necr,competitividade,2,2.0,0.0,0.0,0.0
2022,SC,DC,top_necr,eleicao,2,2.0,0.0,0.0,0.0
2022,SC,DC,nucleo_80,competitividade,2,2.0,0.0,0.0,0.0
2022,SC,DC,nucleo_80,eleicao,2,2.0,0.0,0.0,0.0
2022,SC,DC,acima_divisao_igual,competitividade,2,1.0,0.0,0.0,0.0
2022,SC,DC,acima_divisao_igual,eleicao,2,1.0,0.0,0.0,0.0
2022,SC,MDB,top_necr,competitividade,16,5.0,4.0,3.0,1.25
2022,SC,MDB,top_necr,eleicao,16,5.0,3.0,3.0,0.9375
2022,SC,MDB,nucleo_80,competitividade,16,5.0,4.0,3.0,1.25
2022,SC,MDB,nucleo_80,eleicao,16,5.0,3.0,3.0,0.9375
2022,SC,MDB,acima_divisao_igual,competitividade,16,4.0,4.0,3.0,1.0
2022,SC,MDB,acima_divisao_igual,eleicao,16,4.0,3.0,3.0,0.75
2022,SC,NOVO,top_necr,competitividade,13,3.0,2.0,1.0,0.46153846153846156
2022,SC,NOVO,top_necr,eleicao,13,3.0,1.0,0.0,0.23076923076923078
2022,SC,NOVO,nucleo_80,competitividade,13,2.0,2.0,1.0,0.3076923076923077
2022,SC,NOVO,nucleo_80,eleicao,13,2.0,1.0,0.0,0.15384615384615385
2022,SC,NOVO,acima_divisao_igual,competitividade,13,2.0,2.0,1.0,0.3076923076923077
2022,SC,NOVO,acima_divisao_igual,eleicao,13,2.0,1.0,0.0,0.15384615384615385
2022,SC,PATRIOTA,top_necr,competitividade,16,11.0,5.0,4.0,3.4375
2022,SC,PATRIOTA,top_necr,eleicao,16,11.0,0.0,0.0,0.0
2022,SC,PATRIOTA,nucleo_80,competitividade,16,9.0,5.0,3.5,2.8125
2022,SC,PATRIOTA,nucleo_80,eleicao,16,9.0,0.0,0.0,0.0
2022,SC,PATRIOTA,acima_divisao_igual,competitividade,16,7.0,5.0,2.0,2.1875
2022,SC,PATRIOTA,acima_divisao_igual,eleicao,16,7.0,0.0,0.0,0.0
2022,SC,PC DO B,top_necr,competitividade,2,1.0,0.0,0.0,0.0
2022,SC,PC DO B,top_necr,eleicao,2,1.0,0.0,0.0,0.0
2022,SC,PC DO B,nucleo_80,competitividade,2,1.0,0.0,0.0,0.0
2022,SC,PC DO B,nucleo_80,eleicao,2,1.0,0.0,0.0,0.0
2022,SC,PC DO B,acima_divisao_igual,competitividade,2,1.0,0.0,0.0,0.0
2022,SC,PC DO B,acima_divisao_igual,eleicao,2,1.0,0.0,0.0,0.0
2022,SC,PCO,top_necr,competitividade,1,1.0,0.0,0.0,0.0
2022,SC,PCO,top_necr,eleicao,1,1.0,0.0,0.0,0.0
2022,SC,PCO,nucleo_80,competitividade,1,1.0,0.0,0.0,0.0
2022,SC,PCO,nucleo_80,eleicao,1,1.0,0.0,0.0,0.0
2022,SC,PCO,acima_divisao_igual,competitividade,1,0.0,0.0,0.0,0.0
2022,SC,PCO,acima_divisao_igual,eleicao,1,0.0,0.0,0.0,0.0
2022,SC,PDT,top_necr,competitividade,12,9.0,1.0,1.0,0.75
2022,SC,PDT,top_necr,eleicao,12,9.0,0.0,0.0,0.0
2022,SC,PDT,nucleo_80,competitividade,12,7.0,1.0,1.0,0.5833333333333334
2022,SC,PDT,nucleo_80,eleicao,12,7.0,0.0,0.0,0.0
2022,SC,PDT,acima_divisao_igual,competitividade,12,5.0,1.0,1.0,0.4166666666666667
2022,SC,PDT,acima_divisao_igual,eleicao,12,5.0,0.0,0.0,0.0
2022,SC,PL,top_necr,competitividade,15,5.0,6.0,3.5,2.0
2022,SC,PL,top_necr,eleicao,15,5.0,6.0,4.0,2.0
2022,SC,PL,nucleo_80,competitividade,15,5.0,6.0,3.5,2.0
2022,SC,PL,nucleo_80,eleicao,15,5.0,6.0,4.0,2.0
2022,SC,PL,acima_divisao_igual,competitividade,15,6.0,6.0,4.0,2.4
2022,SC,PL,acima_divisao_igual,eleicao,15,6.0,6.0,5.0,2.4
2022,SC,PODE,top_necr,competitividade,16,8.0,2.0,2.0,1.0
2022,SC,PODE,top_necr,eleicao,16,8.0,0.0,0.0,0.0
2022,SC,PODE,nucleo_80,competitividade,16,7.0,2.0,2.0,0.875
2022,SC,PODE,nucleo_80,eleicao,16,7.0,0.0,0.0,0.0
2022,SC,PODE,acima_divisao_igual,competitividade,16,6.0,2.0,2.0,0.75
2022,SC,PODE,acima_divisao_igual,eleicao,16,6.0,0.0,0.0,0.0
2022,SC,PP,top_necr,competitividade,17,5.0,3.0,3.0,0.8823529411764706
2022,SC,PP,top_necr,eleicao,17,5.0,0.0,0.0,0.0
2022,SC,PP,nucleo_80,competitividade,17,6.0,3.0,3.0,1.0588235294117647
2022,SC,PP,nucleo_80,eleicao,17,6.0,0.0,0.0,0.0
2022,SC,PP,acima_divisao_igual,competitividade,17,5.0,3.0,3.0,0.8823529411764706
2022,SC,PP,acima_divisao_igual,eleicao,17,5.0,0.0,0.0,0.0
2022,SC,PROS,top_necr,competitividade,13,0.0,0.0,0.0,0.0
2022,SC,PROS,top_necr,eleicao,13,0.0,0.0,0.0,0.0
2022,SC,PROS,nucleo_80,competitividade,13,0.0,0.0,0.0,0.0
2022,SC,PROS,nucleo_80,eleicao,13,0.0,0.0,0.0,0.0
2022,SC,PROS,acima_divisao_igual,competitividade,13,0.0,0.0,0.0,0.0
2022,SC,PROS,acima_divisao_igual,eleicao,13,0.0,0.0,0.0,0.0
2022,SC,PRTB,top_necr,competitividade,3,2.0,0.0,0.0,0.0
2022,SC,PRTB,top_necr,eleicao,3,2.0,0.0,0.0,0.0
2022,SC,PRTB,nucleo_80,competitividade,3,2.0,0.0,0.0,0.0
2022,SC,PRTB,nucleo_80,eleicao,3,2.0,0.0,0.0,0.0
2022,SC,PRTB,acima_divisao_igual,competitividade,3,1.0,0.0,0.0,0.0
2022,SC,PRTB,acima_divisao_igual,eleicao,3,1.0,0.0,0.0,0.0
2022,SC,PSB,top_necr,competitividade,17,7.0,2.0,2.0,0.8235294117647058
2022,SC,PSB,top_necr,eleicao,17,7.0,0.0,0.0,0.0
2022,SC,PSB,nucleo_80,competitividade,17,8.0,2.0,2.0,0.9411764705882353
2022,SC,PSB,nucleo_80,eleicao,17,8.0,0.0,0.0,0.0
2022,SC,PSB,acima_divisao_igual,competitividade,17,3.0,2.0,2.0,0.35294117647058826
2022,SC,PSB,acima_divisao_igual,eleicao,17,3.0,0.0,0.0,0.0
2022,SC,PSC,top_necr,competitividade,15,6.0,2.0,1.0,0.8
2022,SC,PSC,top_necr,eleicao,15,6.0,0.0,0.0,0.0
2022,SC,PSC,nucleo_80,competitividade,15,8.0,2.0,1.0,1.0666666666666667
2022,SC,PSC,nucleo_80,eleicao,15,8.0,0.0,0.0,0.0
2022,SC,PSC,acima_divisao_igual,competitividade,15,5.0,2.0,1.0,0.6666666666666666
2022,SC,PSC,acima_divisao_igual,eleicao,15,5.0,0.0,0.0,0.0
2022,SC,PSD,top_necr,competitividade,13,6.0,6.0,6.0,2.769230769230769
2022,SC,PSD,top_necr,eleicao,13,6.0,2.0,2.0,0.9230769230769231
2022,SC,PSD,nucleo_80,competitividade,13,5.0,6.0,5.0,2.3076923076923075
2022,SC,PSD,nucleo_80,eleicao,13,5.0,2.0,1.5,0.7692307692307693
2022,SC,PSD,acima_divisao_igual,competitividade,13,6.0,6.0,6.0,2.769230769230769
2022,SC,PSD,acima_divisao_igual,eleicao,13,6.0,2.0,2.0,0.9230769230769231
2022,SC,PSDB,top_necr,competitividade,9,2.0,1.0,1.0,0.2222222222222222
2022,SC,PSDB,top_necr,eleicao,9,2.0,0.0,0.0,0.0
2022,SC,PSDB,nucleo_80,competitividade,9,2.0,1.0,1.0,0.2222222222222222
2022,SC,PSDB,nucleo_80,eleicao,9,2.0,0.0,0.0,0.0
2022,SC,PSDB,acima_divisao_igual,competitividade,9,1.0,1.0,1.0,0.1111111111111111
2022,SC,PSDB,acima_divisao_igual,eleicao,9,1.0,0.0,0.0,0.0
2022,SC,PSOL,top_necr,competitividade,11,6.0,0.0,0.0,0.0
2022,SC,PSOL,top_necr,eleicao,11,6.0,0.0,0.0,0.0
2022,SC,PSOL,nucleo_80,competitividade,11,5.0,0.0,0.0,0.0
2022,SC,PSOL,nucleo_80,eleicao,11,5.0,0.0,0.0,0.0
2022,SC,PSOL,acima_divisao_igual,competitividade,11,4.0,0.0,0.0,0.0
2022,SC,PSOL,acima_divisao_igual,eleicao,11,4.0,0.0,0.0,0.0
2022,SC,PSTU,top_necr,competitividade,1,1.0,0.0,0.0,0.0
2022,SC,PSTU,top_necr,eleicao,1,1.0,0.0,0.0,0.0
2022,SC,PSTU,nucleo_80,competitividade,1,1.0,0.0,0.0,0.0
2022,SC,PSTU,nucleo_80,eleicao,1,1.0,0.0,0.0,0.0
2022,SC,PSTU,acima_divisao_igual,competitividade,1,0.0,0.0,0.0,0.0
2022,SC,PSTU,acima_divisao_igual,eleicao,1,0.0,0.0,0.0,0.0
2022,SC,PT,top_necr,competitividade,13,5.0,3.0,2.0,1.1538461538461537
2022,SC,PT,top_necr,eleicao,13,5.0,2.0,2.0,0.7692307692307693
2022,SC,PT,nucleo_80,competitividade,13,6.0,3.0,2.0,1.3846153846153846
2022,SC,PT,nucleo_80,eleicao,13,6.0,2.0,2.0,0.9230769230769231
2022,SC,PT,acima_divisao_igual,competitividade,13,2.0,3.0,2.0,0.46153846153846156
2022,SC,PT,acima_divisao_igual,eleicao,13,2.0,2.0,2.0,0.3076923076923077
2022,SC,PTB,top_necr,competitividade,17,8.0,3.0,2.0,1.411764705882353
2022,SC,PTB,top_necr,eleicao,17,8.0,0.0,0.0,0.0
2022,SC,PTB,nucleo_80,competitividade,17,7.0,3.0,2.0,1.2352941176470589
2022,SC,PTB,nucleo_80,eleicao,17,7.0,0.0,0.0,0.0
2022,SC,PTB,acima_divisao_igual,competitividade,17,6.0,3.0,2.0,1.0588235294117647
2022,SC,PTB,acima_divisao_igual,eleicao,17,6.0,0.0,0.0,0.0
2022,SC,PV,top_necr,competitividade,2,2.0,0.0,0.0,0.0
2022,SC,PV,top_necr,eleicao,2,2.0,0.0,0.0,0.0
2022,SC,PV,nucleo_80,competitividade,2,2.0,0.0,0.0,0.0
2022,SC,PV,nucleo_80,eleicao,2,2.0,0.0,0.0,0.0
2022,SC,PV,acima_divisao_igual,competitividade,2,1.0,0.0,0.0,0.0
2022,SC,PV,acima_divisao_igual,eleicao,2,1.0,0.0,0.0,0.0
2022,SC,REDE,top_necr,competitividade,6,6.0,0.0,0.0,0.0
2022,SC,REDE,top_necr,eleicao,6,6.0,0.0,0.0,0.0
2022,SC,REDE,nucleo_80,competitividade,6,5.0,0.0,0.0,0.0
2022,SC,REDE,nucleo_80,eleicao,6,5.0,0.0,0.0,0.0
2022,SC,REDE,acima_divisao_igual,competitividade,6,5.0,0.0,0.0,0.0
2022,SC,REDE,acima_divisao_igual,eleicao,6,5.0,0.0,0.0,0.0
2022,SC,REPUBLICANOS,top_necr,competitividade,16,10.0,3.0,2.0,1.875
2022,SC,REPUBLICANOS,top_necr,eleicao,16,10.0,0.0,0.0,0.0
2022,SC,REPUBLICANOS,nucleo_80,competitividade,16,8.0,3.0,2.0,1.5
2022,SC,REPUBLICANOS,nucleo_80,eleicao,16,8.0,0.0,0.0,0.0
2022,SC,REPUBLICANOS,acima_divisao_igual,competitividade,16,7.0,3.0,2.0,1.3125
2022,SC,REPUBLICANOS,acima_divisao_igual,eleicao,16,7.0,0.0,0.0,0.0
2022,SC,SOLIDARIEDADE,top_necr,competitividade,12,2.0,1.0,1.0,0.16666666666666666
2022,SC,SOLIDARIEDADE,top_necr,eleicao,12,2.0,0.0,0.0,0.0
2022,SC,SOLIDARIEDADE,nucleo_80,competitividade,12,3.0,1.0,1.0,0.25
2022,SC,SOLIDARIEDADE,nucleo_80,eleicao,12,3.0,0.0,0.0,0.0
2022,SC,SOLIDARIEDADE,acima_divisao_igual,competitividade,12,2.0,1.0,1.0,0.16666666666666666
2022,SC,SOLIDARIEDADE,acima_divisao_igual,eleicao,12,2.0,0.0,0.0,0.0
2022,SC,UNIAO,top_necr,competitividade,16,10.0,4.0,3.0,2.5
2022,SC,UNIAO,top_necr,eleicao,16,10.0,1.0,1.0,0.625
2022,SC,UNIAO,nucleo_80,competitividade,16,9.0,4.0,3.0,2.25
2022,SC,UNIAO,nucleo_80,eleicao,16,9.0,1.0,1.0,0.5625
2022,SC,UNIAO,acima_divisao_igual,competitividade,16,7.0,4.0,2.0,1.75
2022,SC,UNIAO,acima_divisao_igual,eleicao,16,7.0,1.0,1.0,0.4375
2022,SC,UP,top_necr,competitividade,1,1.0,0.0,0.0,0.0
2022,SC,UP,top_necr,eleicao,1,1.0,0.0,0.0,0.0
2022,SC,UP,nucleo_80,competitividade,1,1.0,0.0,0.0,0.0
2022,SC,UP,nucleo_80,eleicao,1,1.0,0.0,0.0,0.0
2022,SC,UP,acima_divisao_igual,competitividade,1,0.0,0.0,0.0,0.0
2022,SC,UP,acima_divisao_igual,eleicao,1,0.0,0.0,0.0,0.0
2022,SE,CIDADANIA,top_necr,competitividade,5,2.0,0.0,0.0,0.0
2022,SE,CIDADANIA,top_necr,eleicao,5,2.0,0.0,0.0,0.0
2022,SE,CIDADANIA,nucleo_80,competitividade,5,3.0,0.0,0.0,0.0
2022,SE,CIDADANIA,nucleo_80,eleicao,5,3.0,0.0,0.0,0.0
2022,SE,CIDADANIA,acima_divisao_igual,competitividade,5,1.0,0.0,0.0,0.0
2022,SE,CIDADANIA,acima_divisao_igual,eleicao,5,1.0,0.0,0.0,0.0
2022,SE,DC,top_necr,competitividade,9,9.0,0.0,0.0,0.0
2022,SE,DC,top_necr,eleicao,9,9.0,0.0,0.0,0.0
2022,SE,DC,nucleo_80,competitividade,9,7.0,0.0,0.0,0.0
2022,SE,DC,nucleo_80,eleicao,9,7.0,0.0,0.0,0.0
2022,SE,DC,acima_divisao_igual,competitividade,9,5.0,0.0,0.0,0.0
2022,SE,DC,acima_divisao_igual,eleicao,9,5.0,0.0,0.0,0.0
2022,SE,MDB,top_necr,competitividade,9,0.0,1.0,0.0,0.0
2022,SE,MDB,top_necr,eleicao,9,0.0,0.0,0.0,0.0
2022,SE,MDB,nucleo_80,competitividade,9,0.0,1.0,0.0,0.0
2022,SE,MDB,nucleo_80,eleicao,9,0.0,0.0,0.0,0.0
2022,SE,MDB,acima_divisao_igual,competitividade,9,0.0,1.0,0.0,0.0
2022,SE,MDB,acima_divisao_igual,eleicao,9,0.0,0.0,0.0,0.0
2022,SE,PATRIOTA,top_necr,competitividade,8,6.0,1.0,1.0,0.75
2022,SE,PATRIOTA,top_necr,eleicao,8,6.0,0.0,0.0,0.0
2022,SE,PATRIOTA,nucleo_80,competitividade,8,5.0,1.0,1.0,0.625
2022,SE,PATRIOTA,nucleo_80,eleicao,8,5.0,0.0,0.0,0.0
2022,SE,PATRIOTA,acima_divisao_igual,competitividade,8,3.0,1.0,1.0,0.375
2022,SE,PATRIOTA,acima_divisao_igual,eleicao,8,3.0,0.0,0.0,0.0
2022,SE,PC DO B,top_necr,competitividade,2,2.0,0.0,0.0,0.0
2022,SE,PC DO B,top_necr,eleicao,2,2.0,0.0,0.0,0.0
2022,SE,PC DO B,nucleo_80,competitividade,2,2.0,0.0,0.0,0.0
2022,SE,PC DO B,nucleo_80,eleicao,2,2.0,0.0,0.0,0.0
2022,SE,PC DO B,acima_divisao_igual,competitividade,2,1.0,0.0,0.0,0.0
2022,SE,PC DO B,acima_divisao_igual,eleicao,2,1.0,0.0,0.0,0.0
2022,SE,PDT,top_necr,competitividade,9,5.0,0.0,0.0,0.0
2022,SE,PDT,top_necr,eleicao,9,5.0,0.0,0.0,0.0
2022,SE,PDT,nucleo_80,competitividade,9,5.0,0.0,0.0,0.0
2022,SE,PDT,nucleo_80,eleicao,9,5.0,0.0,0.0,0.0
2022,SE,PDT,acima_divisao_igual,competitividade,9,3.0,0.0,0.0,0.0
2022,SE,PDT,acima_divisao_igual,eleicao,9,3.0,0.0,0.0,0.0
2022,SE,PL,top_necr,competitividade,7,3.0,2.0,2.0,0.8571428571428571
2022,SE,PL,top_necr,eleicao,7,3.0,1.0,1.0,0.42857142857142855
2022,SE,PL,nucleo_80,competitividade,7,3.0,2.0,2.0,0.8571428571428571
2022,SE,PL,nucleo_80,eleicao,7,3.0,1.0,1.0,0.42857142857142855
2022,SE,PL,acima_divisao_igual,competitividade,7,2.0,2.0,2.0,0.5714285714285714
2022,SE,PL,acima_divisao_igual,eleicao,7,2.0,1.0,0.0,0.2857142857142857
2022,SE,PMN,top_necr,competitividade,8,7.0,0.0,0.0,0.0
2022,SE,PMN,top_necr,eleicao,8,7.0,0.0,0.0,0.0
2022,SE,PMN,nucleo_80,competitividade,8,6.0,0.0,0.0,0.0
2022,SE,PMN,nucleo_80,eleicao,8,6.0,0.0,0.0,0.0
2022,SE,PMN,acima_divisao_igual,competitividade,8,3.0,0.0,0.0,0.0
2022,SE,PMN,acima_divisao_igual,eleicao,8,3.0,0.0,0.0,0.0
2022,SE,PODE,top_necr,competitividade,7,1.0,0.0,0.0,0.0
2022,SE,PODE,top_necr,eleicao,7,1.0,0.0,0.0,0.0
2022,SE,PODE,nucleo_80,competitividade,7,1.0,0.0,0.0,0.0
2022,SE,PODE,nucleo_80,eleicao,7,1.0,0.0,0.0,0.0
2022,SE,PODE,acima_divisao_igual,competitividade,7,1.0,0.0,0.0,0.0
2022,SE,PODE,acima_divisao_igual,eleicao,7,1.0,0.0,0.0,0.0
2022,SE,PP,top_necr,competitividade,9,7.0,3.0,3.0,2.3333333333333335
2022,SE,PP,top_necr,eleicao,9,7.0,1.0,1.0,0.7777777777777778
2022,SE,PP,nucleo_80,competitividade,9,6.0,3.0,3.0,2.0
2022,SE,PP,nucleo_80,eleicao,9,6.0,1.0,1.0,0.6666666666666666
2022,SE,PP,acima_divisao_igual,competitividade,9,1.0,3.0,0.0,0.3333333333333333
2022,SE,PP,acima_divisao_igual,eleicao,9,1.0,1.0,0.0,0.1111111111111111
2022,SE,PROS,top_necr,competitividade,5,0.0,0.0,0.0,0.0
2022,SE,PROS,top_necr,eleicao,5,0.0,0.0,0.0,0.0
2022,SE,PROS,nucleo_80,competitividade,5,0.0,0.0,0.0,0.0
2022,SE,PROS,nucleo_80,eleicao,5,0.0,0.0,0.0,0.0
2022,SE,PROS,acima_divisao_igual,competitividade,5,0.0,0.0,0.0,0.0
2022,SE,PROS,acima_divisao_igual,eleicao,5,0.0,0.0,0.0,0.0
2022,SE,PSB,top_necr,competitividade,9,3.0,0.0,0.0,0.0
2022,SE,PSB,top_necr,eleicao,9,3.0,0.0,0.0,0.0
2022,SE,PSB,nucleo_80,competitividade,9,3.0,0.0,0.0,0.0
2022,SE,PSB,nucleo_80,eleicao,9,3.0,0.0,0.0,0.0
2022,SE,PSB,acima_divisao_igual,competitividade,9,3.0,0.0,0.0,0.0
2022,SE,PSB,acima_divisao_igual,eleicao,9,3.0,0.0,0.0,0.0
2022,SE,PSD,top_necr,competitividade,9,4.0,5.0,3.0,2.2222222222222223
2022,SE,PSD,top_necr,eleicao,9,4.0,2.0,2.0,0.8888888888888888
2022,SE,PSD,nucleo_80,competitividade,9,3.0,5.0,2.0,1.6666666666666667
2022,SE,PSD,nucleo_80,eleicao,9,3.0,2.0,2.0,0.6666666666666666
2022,SE,PSD,acima_divisao_igual,competitividade,9,3.0,5.0,2.0,1.6666666666666667
2022,SE,PSD,acima_divisao_igual,eleicao,9,3.0,2.0,2.0,0.6666666666666666
2022,SE,PSDB,top_necr,competitividade,4,2.0,0.0,0.0,0.0
2022,SE,PSDB,top_necr,eleicao,4,2.0,0.0,0.0,0.0
2022,SE,PSDB,nucleo_80,competitividade,4,2.0,0.0,0.0,0.0
2022,SE,PSDB,nucleo_80,eleicao,4,2.0,0.0,0.0,0.0
2022,SE,PSDB,acima_divisao_igual,competitividade,4,1.0,0.0,0.0,0.0
2022,SE,PSDB,acima_divisao_igual,eleicao,4,1.0,0.0,0.0,0.0
2022,SE,PSOL,top_necr,competitividade,7,4.0,0.0,0.0,0.0
2022,SE,PSOL,top_necr,eleicao,7,4.0,0.0,0.0,0.0
2022,SE,PSOL,nucleo_80,competitividade,7,5.0,0.0,0.0,0.0
2022,SE,PSOL,nucleo_80,eleicao,7,5.0,0.0,0.0,0.0
2022,SE,PSOL,acima_divisao_igual,competitividade,7,2.0,0.0,0.0,0.0
2022,SE,PSOL,acima_divisao_igual,eleicao,7,2.0,0.0,0.0,0.0
2022,SE,PT,top_necr,competitividade,5,2.0,2.0,2.0,0.8
2022,SE,PT,top_necr,eleicao,5,2.0,1.0,1.0,0.4
2022,SE,PT,nucleo_80,competitividade,5,2.0,2.0,2.0,0.8
2022,SE,PT,nucleo_80,eleicao,5,2.0,1.0,1.0,0.4
2022,SE,PT,acima_divisao_igual,competitividade,5,2.0,2.0,2.0,0.8
2022,SE,PT,acima_divisao_igual,eleicao,5,2.0,1.0,1.0,0.4
2022,SE,PTB,top_necr,competitividade,9,0.0,0.0,0.0,0.0
2022,SE,PTB,top_necr,eleicao,9,0.0,0.0,0.0,0.0
2022,SE,PTB,nucleo_80,competitividade,9,0.0,0.0,0.0,0.0
2022,SE,PTB,nucleo_80,eleicao,9,0.0,0.0,0.0,0.0
2022,SE,PTB,acima_divisao_igual,competitividade,9,0.0,0.0,0.0,0.0
2022,SE,PTB,acima_divisao_igual,eleicao,9,0.0,0.0,0.0,0.0
2022,SE,PV,top_necr,competitividade,2,2.0,0.0,0.0,0.0
2022,SE,PV,top_necr,eleicao,2,2.0,0.0,0.0,0.0
2022,SE,PV,nucleo_80,competitividade,2,2.0,0.0,0.0,0.0
2022,SE,PV,nucleo_80,eleicao,2,2.0,0.0,0.0,0.0
2022,SE,PV,acima_divisao_igual,competitividade,2,1.0,0.0,0.0,0.0
2022,SE,PV,acima_divisao_igual,eleicao,2,1.0,0.0,0.0,0.0
2022,SE,REDE,top_necr,competitividade,1,1.0,0.0,0.0,0.0
2022,SE,REDE,top_necr,eleicao,1,1.0,0.0,0.0,0.0
2022,SE,REDE,nucleo_80,competitividade,1,1.0,0.0,0.0,0.0
2022,SE,REDE,nucleo_80,eleicao,1,1.0,0.0,0.0,0.0
2022,SE,REDE,acima_divisao_igual,competitividade,1,0.0,0.0,0.0,0.0
2022,SE,REDE,acima_divisao_igual,eleicao,1,0.0,0.0,0.0,0.0
2022,SE,REPUBLICANOS,top_necr,competitividade,9,5.0,3.0,3.0,1.6666666666666667
2022,SE,REPUBLICANOS,top_necr,eleicao,9,5.0,1.0,1.0,0.5555555555555556
2022,SE,REPUBLICANOS,nucleo_80,competitividade,9,5.0,3.0,3.0,1.6666666666666667
2022,SE,REPUBLICANOS,nucleo_80,eleicao,9,5.0,1.0,1.0,0.5555555555555556
2022,SE,REPUBLICANOS,acima_divisao_igual,competitividade,9,4.0,3.0,2.0,1.3333333333333333
2022,SE,REPUBLICANOS,acima_divisao_igual,eleicao,9,4.0,1.0,1.0,0.4444444444444444
2022,SE,SOLIDARIEDADE,top_necr,competitividade,4,4.0,0.0,0.0,0.0
2022,SE,SOLIDARIEDADE,top_necr,eleicao,4,4.0,0.0,0.0,0.0
2022,SE,SOLIDARIEDADE,nucleo_80,competitividade,4,3.0,0.0,0.0,0.0
2022,SE,SOLIDARIEDADE,nucleo_80,eleicao,4,3.0,0.0,0.0,0.0
2022,SE,SOLIDARIEDADE,acima_divisao_igual,competitividade,4,1.0,0.0,0.0,0.0
2022,SE,SOLIDARIEDADE,acima_divisao_igual,eleicao,4,1.0,0.0,0.0,0.0
2022,SE,UNIAO,top_necr,competitividade,9,6.0,4.0,4.0,2.6666666666666665
2022,SE,UNIAO,top_necr,eleicao,9,6.0,2.0,2.0,1.3333333333333333
2022,SE,UNIAO,nucleo_80,competitividade,9,6.0,4.0,4.0,2.6666666666666665
2022,SE,UNIAO,nucleo_80,eleicao,9,6.0,2.0,2.0,1.3333333333333333
2022,SE,UNIAO,acima_divisao_igual,competitividade,9,3.0,4.0,2.0,1.3333333333333333
2022,SE,UNIAO,acima_divisao_igual,eleicao,9,3.0,2.0,2.0,0.6666666666666666
2022,SE,UP,top_necr,competitividade,2,2.0,0.0,0.0,0.0
2022,SE,UP,top_necr,eleicao,2,2.0,0.0,0.0,0.0
2022,SE,UP,nucleo_80,competitividade,2,2.0,0.0,0.0,0.0
2022,SE,UP,nucleo_80,eleicao,2,2.0,0.0,0.0,0.0
2022,SE,UP,acima_divisao_igual,competitividade,2,1.0,0.0,0.0,0.0
2022,SE,UP,acima_divisao_igual,eleicao,2,1.0,0.0,0.0,0.0
2022,SP,AGIR,top_necr,competitividade,68,2.0,0.0,0.0,0.0
2022,SP,AGIR,top_necr,eleicao,68,2.0,0.0,0.0,0.0
2022,SP,AGIR,nucleo_80,competitividade,68,5.0,0.0,0.0,0.0
2022,SP,AGIR,nucleo_80,eleicao,68,5.0,0.0,0.0,0.0
2022,SP,AGIR,acima_divisao_igual,competitividade,68,5.0,0.0,0.0,0.0
2022,SP,AGIR,acima_divisao_igual,eleicao,68,5.0,0.0,0.0,0.0
2022,SP,AVANTE,top_necr,competitividade,70,11.0,3.0,2.0,0.4714285714285714
2022,SP,AVANTE,top_necr,eleicao,70,11.0,0.0,0.0,0.0
2022,SP,AVANTE,nucleo_80,competitividade,70,11.0,3.0,2.0,0.4714285714285714
2022,SP,AVANTE,nucleo_80,eleicao,70,11.0,0.0,0.0,0.0
2022,SP,AVANTE,acima_divisao_igual,competitividade,70,14.0,3.0,3.0,0.6
2022,SP,AVANTE,acima_divisao_igual,eleicao,70,14.0,0.0,0.0,0.0
2022,SP,CIDADANIA,top_necr,competitividade,9,4.0,3.0,3.0,1.3333333333333333
2022,SP,CIDADANIA,top_necr,eleicao,9,4.0,2.0,2.0,0.8888888888888888
2022,SP,CIDADANIA,nucleo_80,competitividade,9,4.0,3.0,3.0,1.3333333333333333
2022,SP,CIDADANIA,nucleo_80,eleicao,9,4.0,2.0,2.0,0.8888888888888888
2022,SP,CIDADANIA,acima_divisao_igual,competitividade,9,4.0,3.0,3.0,1.3333333333333333
2022,SP,CIDADANIA,acima_divisao_igual,eleicao,9,4.0,2.0,2.0,0.8888888888888888
2022,SP,DC,top_necr,competitividade,16,15.0,0.0,0.0,0.0
2022,SP,DC,top_necr,eleicao,16,15.0,0.0,0.0,0.0
2022,SP,DC,nucleo_80,competitividade,16,12.0,0.0,0.0,0.0
2022,SP,DC,nucleo_80,eleicao,16,12.0,0.0,0.0,0.0
2022,SP,DC,acima_divisao_igual,competitividade,16,9.0,0.0,0.0,0.0
2022,SP,DC,acima_divisao_igual,eleicao,16,9.0,0.0,0.0,0.0
2022,SP,MDB,top_necr,competitividade,66,21.0,10.0,7.0,3.1818181818181817
2022,SP,MDB,top_necr,eleicao,66,21.0,5.0,4.0,1.5909090909090908
2022,SP,MDB,nucleo_80,competitividade,66,20.0,10.0,7.0,3.0303030303030303
2022,SP,MDB,nucleo_80,eleicao,66,20.0,5.0,4.0,1.5151515151515151
2022,SP,MDB,acima_divisao_igual,competitividade,66,19.0,10.0,7.0,2.878787878787879
2022,SP,MDB,acima_divisao_igual,eleicao,66,19.0,5.0,4.0,1.4393939393939394
2022,SP,NOVO,top_necr,competitividade,55,6.999999999999999,3.0,2.0588235294117645,0.3818181818181818
2022,SP,NOVO,top_necr,eleicao,56,8.0,1.0,1.0,0.14285714285714285
2022,SP,NOVO,nucleo_80,competitividade,55,18.999999999999993,3.0,2.2941176470588234,1.036363636363636
2022,SP,NOVO,nucleo_80,eleicao,56,20.0,1.0,1.0,0.35714285714285715
2022,SP,NOVO,acima_divisao_igual,competitividade,55,3.0,3.0,2.0,0.16363636363636364
2022,SP,NOVO,acima_divisao_igual,eleicao,56,4.0,1.0,1.0,0.07142857142857142
2022,SP,PATRIOTA,top_necr,competitividade,70,32.0,5.0,5.0,2.2857142857142856
2022,SP,PATRIOTA,top_necr,eleicao,70,32.0,0.0,0.0,0.0
2022,SP,PATRIOTA,nucleo_80,competitividade,70,30.0,5.0,5.0,2.142857142857143
2022,SP,PATRIOTA,nucleo_80,eleicao,70,30.0,0.0,0.0,0.0
2022,SP,PATRIOTA,acima_divisao_igual,competitividade,70,21.0,5.0,5.0,1.5
2022,SP,PATRIOTA,acima_divisao_igual,eleicao,70,21.0,0.0,0.0,0.0
2022,SP,PC DO B,top_necr,competitividade,2,2.0,2.0,2.0,2.0
2022,SP,PC DO B,top_necr,eleicao,2,2.0,0.0,0.0,0.0
2022,SP,PC DO B,nucleo_80,competitividade,2,2.0,2.0,2.0,2.0
2022,SP,PC DO B,nucleo_80,eleicao,2,2.0,0.0,0.0,0.0
2022,SP,PC DO B,acima_divisao_igual,competitividade,2,1.0,2.0,1.0,1.0
2022,SP,PC DO B,acima_divisao_igual,eleicao,2,1.0,0.0,0.0,0.0
2022,SP,PCB,top_necr,competitividade,9,0.0,0.0,0.0,0.0
2022,SP,PCB,top_necr,eleicao,9,0.0,0.0,0.0,0.0
2022,SP,PCB,nucleo_80,competitividade,9,0.0,0.0,0.0,0.0
2022,SP,PCB,nucleo_80,eleicao,9,0.0,0.0,0.0,0.0
2022,SP,PCB,acima_divisao_igual,competitividade,9,0.0,0.0,0.0,0.0
2022,SP,PCB,acima_divisao_igual,eleicao,9,0.0,0.0,0.0,0.0
2022,SP,PCO,top_necr,competitividade,9,9.0,0.0,0.0,0.0
2022,SP,PCO,top_necr,eleicao,9,9.0,0.0,0.0,0.0
2022,SP,PCO,nucleo_80,competitividade,9,8.0,0.0,0.0,0.0
2022,SP,PCO,nucleo_80,eleicao,9,8.0,0.0,0.0,0.0
2022,SP,PCO,acima_divisao_igual,competitividade,9,0.0,0.0,0.0,0.0
2022,SP,PCO,acima_divisao_igual,eleicao,9,0.0,0.0,0.0,0.0
2022,SP,PDT,top_necr,competitividade,45,6.0,0.0,0.0,0.0
2022,SP,PDT,top_necr,eleicao,45,6.0,0.0,0.0,0.0
2022,SP,PDT,nucleo_80,competitividade,45,10.0,0.0,0.0,0.0
2022,SP,PDT,nucleo_80,eleicao,45,10.0,0.0,0.0,0.0
2022,SP,PDT,acima_divisao_igual,competitividade,45,7.0,0.0,0.0,0.0
2022,SP,PDT,acima_divisao_igual,eleicao,45,7.0,0.0,0.0,0.0
2022,SP,PL,top_necr,competitividade,70,23.0,25.0,18.0,8.214285714285714
2022,SP,PL,top_necr,eleicao,70,23.0,17.0,13.0,5.585714285714285
2022,SP,PL,nucleo_80,competitividade,70,27.0,25.0,19.5,9.642857142857142
2022,SP,PL,nucleo_80,eleicao,70,27.0,17.0,14.0,6.557142857142857
2022,SP,PL,acima_divisao_igual,competitividade,70,26.0,25.0,19.0,9.285714285714286
2022,SP,PL,acima_divisao_igual,eleicao,70,26.0,17.0,14.0,6.314285714285714
2022,SP,PMB,top_necr,competitividade,26,0.0,0.0,0.0,0.0
2022,SP,PMB,top_necr,eleicao,26,0.0,0.0,0.0,0.0
2022,SP,PMB,nucleo_80,competitividade,26,0.0,0.0,0.0,0.0
2022,SP,PMB,nucleo_80,eleicao,26,0.0,0.0,0.0,0.0
2022,SP,PMB,acima_divisao_igual,competitividade,26,0.0,0.0,0.0,0.0
2022,SP,PMB,acima_divisao_igual,eleicao,26,0.0,0.0,0.0,0.0
2022,SP,PMN,top_necr,competitividade,47,13.0,0.0,0.0,0.0
2022,SP,PMN,top_necr,eleicao,47,13.0,0.0,0.0,0.0
2022,SP,PMN,nucleo_80,competitividade,47,24.0,0.0,0.0,0.0
2022,SP,PMN,nucleo_80,eleicao,47,24.0,0.0,0.0,0.0
2022,SP,PMN,acima_divisao_igual,competitividade,47,16.0,0.0,0.0,0.0
2022,SP,PMN,acima_divisao_igual,eleicao,47,16.0,0.0,0.0,0.0
2022,SP,PODE,top_necr,competitividade,71,22.0,8.0,6.0,2.4788732394366195
2022,SP,PODE,top_necr,eleicao,71,22.0,3.0,3.0,0.9295774647887324
2022,SP,PODE,nucleo_80,competitividade,71,28.0,8.0,6.0,3.1549295774647885
2022,SP,PODE,nucleo_80,eleicao,71,28.0,3.0,3.0,1.1830985915492958
2022,SP,PODE,acima_divisao_igual,competitividade,71,19.0,8.0,6.0,2.140845070422535
2022,SP,PODE,acima_divisao_igual,eleicao,71,19.0,3.0,3.0,0.8028169014084507
2022,SP,PP,top_necr,competitividade,65,8.0,4.0,3.0,0.49230769230769234
2022,SP,PP,top_necr,eleicao,65,8.0,4.0,4.0,0.49230769230769234
2022,SP,PP,nucleo_80,competitividade,65,7.0,4.0,3.0,0.4307692307692308
2022,SP,PP,nucleo_80,eleicao,65,7.0,4.0,4.0,0.4307692307692308
2022,SP,PP,acima_divisao_igual,competitividade,65,9.0,4.0,3.0,0.5538461538461539
2022,SP,PP,acima_divisao_igual,eleicao,65,9.0,4.0,4.0,0.5538461538461539
2022,SP,PROS,top_necr,competitividade,59,7.0,1.0,1.0,0.11864406779661017
2022,SP,PROS,top_necr,eleicao,59,7.0,0.0,0.0,0.0
2022,SP,PROS,nucleo_80,competitividade,59,8.0,1.0,1.0,0.13559322033898305
2022,SP,PROS,nucleo_80,eleicao,59,8.0,0.0,0.0,0.0
2022,SP,PROS,acima_divisao_igual,competitividade,59,10.0,1.0,1.0,0.1694915254237288
2022,SP,PROS,acima_divisao_igual,eleicao,59,10.0,0.0,0.0,0.0
2022,SP,PRTB,top_necr,competitividade,59,30.0,0.0,0.0,0.0
2022,SP,PRTB,top_necr,eleicao,59,30.0,0.0,0.0,0.0
2022,SP,PRTB,nucleo_80,competitividade,59,39.00000000000001,0.0,0.0,0.0
2022,SP,PRTB,nucleo_80,eleicao,59,39.00000000000001,0.0,0.0,0.0
2022,SP,PRTB,acima_divisao_igual,competitividade,59,14.0,0.0,0.0,0.0
2022,SP,PRTB,acima_divisao_igual,eleicao,59,14.0,0.0,0.0,0.0
2022,SP,PSB,top_necr,competitividade,67,11.0,7.0,4.0,1.1492537313432836
2022,SP,PSB,top_necr,eleicao,67,11.0,2.0,1.0,0.3283582089552239
2022,SP,PSB,nucleo_80,competitividade,67,25.0,7.0,7.0,2.611940298507463
2022,SP,PSB,nucleo_80,eleicao,67,25.0,2.0,2.0,0.746268656716418
2022,SP,PSB,acima_divisao_igual,competitividade,67,12.0,7.0,5.0,1.2537313432835822
2022,SP,PSB,acima_divisao_igual,eleicao,67,12.0,2.0,2.0,0.3582089552238806
2022,SP,PSC,top_necr,competitividade,59,8.0,3.0,2.0,0.4067796610169492
2022,SP,PSC,top_necr,eleicao,59,8.0,1.0,1.0,0.13559322033898305
2022,SP,PSC,nucleo_80,competitividade,59,18.0,3.0,2.0,0.9152542372881356
2022,SP,PSC,nucleo_80,eleicao,59,18.0,1.0,1.0,0.3050847457627119
2022,SP,PSC,acima_divisao_igual,competitividade,59,10.0,3.0,2.0,0.5084745762711864
2022,SP,PSC,acima_divisao_igual,eleicao,59,10.0,1.0,1.0,0.1694915254237288
2022,SP,PSD,top_necr,competitividade,48,18.0,8.0,8.0,3.0
2022,SP,PSD,top_necr,eleicao,48,18.0,3.0,3.0,1.125
2022,SP,PSD,nucleo_80,competitividade,48,15.0,8.0,8.0,2.5
2022,SP,PSD,nucleo_80,eleicao,48,15.0,3.0,3.0,0.9375
2022,SP,PSD,acima_divisao_igual,competitividade,48,14.0,8.0,7.0,2.3333333333333335
2022,SP,PSD,acima_divisao_igual,eleicao,48,14.0,3.0,3.0,0.875
2022,SP,PSDB,top_necr,competitividade,43,13.0,9.0,8.0,2.7209302325581395
2022,SP,PSDB,top_necr,eleicao,43,13.0,3.0,2.0,0.9069767441860465
2022,SP,PSDB,nucleo_80,competitividade,43,10.0,9.0,8.0,2.0930232558139537
2022,SP,PSDB,nucleo_80,eleicao,43,10.0,3.0,2.0,0.6976744186046512
2022,SP,PSDB,acima_divisao_igual,competitividade,43,12.0,9.0,8.0,2.511627906976744
2022,SP,PSDB,acima_divisao_igual,eleicao,43,12.0,3.0,2.0,0.8372093023255814
2022,SP,PSOL,top_necr,competitividade,38,12.0,4.0,4.0,1.263157894736842
2022,SP,PSOL,top_necr,eleicao,38,12.0,5.0,5.0,1.5789473684210527
2022,SP,PSOL,nucleo_80,competitividade,38,10.0,4.0,4.0,1.0526315789473684
2022,SP,PSOL,nucleo_80,eleicao,38,10.0,5.0,5.0,1.3157894736842106
2022,SP,PSOL,acima_divisao_igual,competitividade,38,10.0,4.0,4.0,1.0526315789473684
2022,SP,PSOL,acima_divisao_igual,eleicao,38,10.0,5.0,5.0,1.3157894736842106
2022,SP,PSTU,top_necr,competitividade,9,3.0,0.0,0.0,0.0
2022,SP,PSTU,top_necr,eleicao,9,3.0,0.0,0.0,0.0
2022,SP,PSTU,nucleo_80,competitividade,9,3.0,0.0,0.0,0.0
2022,SP,PSTU,nucleo_80,eleicao,9,3.0,0.0,0.0,0.0
2022,SP,PSTU,acima_divisao_igual,competitividade,9,2.0,0.0,0.0,0.0
2022,SP,PSTU,acima_divisao_igual,eleicao,9,2.0,0.0,0.0,0.0
2022,SP,PT,top_necr,competitividade,57,28.0,16.0,16.0,7.859649122807017
2022,SP,PT,top_necr,eleicao,57,28.0,11.0,11.0,5.4035087719298245
2022,SP,PT,nucleo_80,competitividade,57,21.0,16.0,14.0,5.894736842105263
2022,SP,PT,nucleo_80,eleicao,57,21.0,11.0,11.0,4.052631578947368
2022,SP,PT,acima_divisao_igual,competitividade,57,23.0,16.0,15.0,6.456140350877193
2022,SP,PT,acima_divisao_igual,eleicao,57,23.0,11.0,11.0,4.43859649122807
2022,SP,PTB,top_necr,competitividade,70,5.0,2.0,2.0,0.14285714285714285
2022,SP,PTB,top_necr,eleicao,70,5.0,0.0,0.0,0.0
2022,SP,PTB,nucleo_80,competitividade,70,8.0,2.0,2.0,0.22857142857142856
2022,SP,PTB,nucleo_80,eleicao,70,8.0,0.0,0.0,0.0
2022,SP,PTB,acima_divisao_igual,competitividade,70,6.0,2.0,2.0,0.17142857142857143
2022,SP,PTB,acima_divisao_igual,eleicao,70,6.0,0.0,0.0,0.0
2022,SP,PV,top_necr,competitividade,11,4.0,1.0,1.0,0.36363636363636365
2022,SP,PV,top_necr,eleicao,11,4.0,0.0,0.0,0.0
2022,SP,PV,nucleo_80,competitividade,11,3.0,1.0,1.0,0.2727272727272727
2022,SP,PV,nucleo_80,eleicao,11,3.0,0.0,0.0,0.0
2022,SP,PV,acima_divisao_igual,competitividade,11,2.0,1.0,1.0,0.18181818181818182
2022,SP,PV,acima_divisao_igual,eleicao,11,2.0,0.0,0.0,0.0
2022,SP,REDE,top_necr,competitividade,21,3.0,1.0,1.0,0.14285714285714285
2022,SP,REDE,top_necr,eleicao,21,3.0,1.0,1.0,0.14285714285714285
2022,SP,REDE,nucleo_80,competitividade,21,3.0,1.0,1.0,0.14285714285714285
2022,SP,REDE,nucleo_80,eleicao,21,3.0,1.0,1.0,0.14285714285714285
2022,SP,REDE,acima_divisao_igual,competitividade,21,4.0,1.0,1.0,0.19047619047619047
2022,SP,REDE,acima_divisao_igual,eleicao,21,4.0,1.0,1.0,0.19047619047619047
2022,SP,REPUBLICANOS,top_necr,competitividade,68,19.0,15.0,14.0,4.1911764705882355
2022,SP,REPUBLICANOS,top_necr,eleicao,68,19.0,5.0,5.0,1.3970588235294117
2022,SP,REPUBLICANOS,nucleo_80,competitividade,68,15.0,15.0,13.5,3.3088235294117645
2022,SP,REPUBLICANOS,nucleo_80,eleicao,68,15.0,5.0,5.0,1.1029411764705883
2022,SP,REPUBLICANOS,acima_divisao_igual,competitividade,68,18.0,15.0,14.0,3.9705882352941178
2022,SP,REPUBLICANOS,acima_divisao_igual,eleicao,68,18.0,5.0,5.0,1.3235294117647058
2022,SP,SOLIDARIEDADE,top_necr,competitividade,54,15.0,3.0,3.0,0.8333333333333334
2022,SP,SOLIDARIEDADE,top_necr,eleicao,54,15.0,1.0,1.0,0.2777777777777778
2022,SP,SOLIDARIEDADE,nucleo_80,competitividade,54,17.0,3.0,3.0,0.9444444444444444
2022,SP,SOLIDARIEDADE,nucleo_80,eleicao,54,17.0,1.0,1.0,0.3148148148148148
2022,SP,SOLIDARIEDADE,acima_divisao_igual,competitividade,54,12.0,3.0,3.0,0.6666666666666666
2022,SP,SOLIDARIEDADE,acima_divisao_igual,eleicao,54,12.0,1.0,1.0,0.2222222222222222
2022,SP,UNIAO,top_necr,competitividade,66,38.0,14.0,12.0,8.06060606060606
2022,SP,UNIAO,top_necr,eleicao,66,38.0,6.0,6.0,3.4545454545454546
2022,SP,UNIAO,nucleo_80,competitividade,66,29.0,14.0,12.0,6.151515151515151
2022,SP,UNIAO,nucleo_80,eleicao,66,29.0,6.0,6.0,2.6363636363636362
2022,SP,UNIAO,acima_divisao_igual,competitividade,66,23.0,14.0,11.0,4.878787878787879
2022,SP,UNIAO,acima_divisao_igual,eleicao,66,23.0,6.0,6.0,2.090909090909091
2022,SP,UP,top_necr,competitividade,1,1.0,0.0,0.0,0.0
2022,SP,UP,top_necr,eleicao,1,1.0,0.0,0.0,0.0
2022,SP,UP,nucleo_80,competitividade,1,1.0,0.0,0.0,0.0
2022,SP,UP,nucleo_80,eleicao,1,1.0,0.0,0.0,0.0
2022,SP,UP,acima_divisao_igual,competitividade,1,0.0,0.0,0.0,0.0
2022,SP,UP,acima_divisao_igual,eleicao,1,0.0,0.0,0.0,0.0
2022,TO,AVANTE,top_necr,competitividade,9,7.0,0.0,0.0,0.0
2022,TO,AVANTE,top_necr,eleicao,9,7.0,0.0,0.0,0.0
2022,TO,AVANTE,nucleo_80,competitividade,9,6.0,0.0,0.0,0.0
2022,TO,AVANTE,nucleo_80,eleicao,9,6.0,0.0,0.0,0.0
2022,TO,AVANTE,acima_divisao_igual,competitividade,9,5.0,0.0,0.0,0.0
2022,TO,AVANTE,acima_divisao_igual,eleicao,9,5.0,0.0,0.0,0.0
2022,TO,CIDADANIA,top_necr,competitividade,2,2.0,0.0,0.0,0.0
2022,TO,CIDADANIA,top_necr,eleicao,2,2.0,0.0,0.0,0.0
2022,TO,CIDADANIA,nucleo_80,competitividade,2,2.0,0.0,0.0,0.0
2022,TO,CIDADANIA,nucleo_80,eleicao,2,2.0,0.0,0.0,0.0
2022,TO,CIDADANIA,acima_divisao_igual,competitividade,2,1.0,0.0,0.0,0.0
2022,TO,CIDADANIA,acima_divisao_igual,eleicao,2,1.0,0.0,0.0,0.0
2022,TO,DC,top_necr,competitividade,8,6.0,0.0,0.0,0.0
2022,TO,DC,top_necr,eleicao,8,6.0,0.0,0.0,0.0
2022,TO,DC,nucleo_80,competitividade,8,6.0,0.0,0.0,0.0
2022,TO,DC,nucleo_80,eleicao,8,6.0,0.0,0.0,0.0
2022,TO,DC,acima_divisao_igual,competitividade,8,2.0,0.0,0.0,0.0
2022,TO,DC,acima_divisao_igual,eleicao,8,2.0,0.0,0.0,0.0
2022,TO,MDB,top_necr,competitividade,8,3.0,2.0,1.5,0.75
2022,TO,MDB,top_necr,eleicao,8,3.0,0.0,0.0,0.0
2022,TO,MDB,nucleo_80,competitividade,8,4.0,2.0,2.0,1.0
2022,TO,MDB,nucleo_80,eleicao,8,4.0,0.0,0.0,0.0
2022,TO,MDB,acima_divisao_igual,competitividade,8,2.0,2.0,1.0,0.5
2022,TO,MDB,acima_divisao_igual,eleicao,8,2.0,0.0,0.0,0.0
2022,TO,PATRIOTA,top_necr,competitividade,9,3.0,0.0,0.0,0.0
2022,TO,PATRIOTA,top_necr,eleicao,9,3.0,0.0,0.0,0.0
2022,TO,PATRIOTA,nucleo_80,competitividade,9,3.0,0.0,0.0,0.0
2022,TO,PATRIOTA,nucleo_80,eleicao,9,3.0,0.0,0.0,0.0
2022,TO,PATRIOTA,acima_divisao_igual,competitividade,9,3.0,0.0,0.0,0.0
2022,TO,PATRIOTA,acima_divisao_igual,eleicao,9,3.0,0.0,0.0,0.0
2022,TO,PC DO B,top_necr,competitividade,2,2.0,1.0,1.0,1.0
2022,TO,PC DO B,top_necr,eleicao,2,2.0,0.0,0.0,0.0
2022,TO,PC DO B,nucleo_80,competitividade,2,2.0,1.0,1.0,1.0
2022,TO,PC DO B,nucleo_80,eleicao,2,2.0,0.0,0.0,0.0
2022,TO,PC DO B,acima_divisao_igual,competitividade,2,1.0,1.0,0.0,0.5
2022,TO,PC DO B,acima_divisao_igual,eleicao,2,1.0,0.0,0.0,0.0
2022,TO,PDT,top_necr,competitividade,6,4.0,0.0,0.0,0.0
2022,TO,PDT,top_necr,eleicao,6,4.0,0.0,0.0,0.0
2022,TO,PDT,nucleo_80,competitividade,6,4.0,0.0,0.0,0.0
2022,TO,PDT,nucleo_80,eleicao,6,4.0,0.0,0.0,0.0
2022,TO,PDT,acima_divisao_igual,competitividade,6,1.0,0.0,0.0,0.0
2022,TO,PDT,acima_divisao_igual,eleicao,6,1.0,0.0,0.0,0.0
2022,TO,PL,top_necr,competitividade,9,4.0,4.0,3.0,1.7777777777777777
2022,TO,PL,top_necr,eleicao,9,4.0,2.0,2.0,0.8888888888888888
2022,TO,PL,nucleo_80,competitividade,9,4.0,4.0,3.0,1.7777777777777777
2022,TO,PL,nucleo_80,eleicao,9,4.0,2.0,2.0,0.8888888888888888
2022,TO,PL,acima_divisao_igual,competitividade,9,4.0,4.0,3.0,1.7777777777777777
2022,TO,PL,acima_divisao_igual,eleicao,9,4.0,2.0,2.0,0.8888888888888888
2022,TO,PMB,top_necr,competitividade,2,0.0,0.0,0.0,0.0
2022,TO,PMB,top_necr,eleicao,2,0.0,0.0,0.0,0.0
2022,TO,PMB,nucleo_80,competitividade,2,0.0,0.0,0.0,0.0
2022,TO,PMB,nucleo_80,eleicao,2,0.0,0.0,0.0,0.0
2022,TO,PMB,acima_divisao_igual,competitividade,2,0.0,0.0,0.0,0.0
2022,TO,PMB,acima_divisao_igual,eleicao,2,0.0,0.0,0.0,0.0
2022,TO,PODE,top_necr,competitividade,9,6.0,2.0,2.0,1.3333333333333333
2022,TO,PODE,top_necr,eleicao,9,6.0,0.0,0.0,0.0
2022,TO,PODE,nucleo_80,competitividade,9,6.0,2.0,2.0,1.3333333333333333
2022,TO,PODE,nucleo_80,eleicao,9,6.0,0.0,0.0,0.0
2022,TO,PODE,acima_divisao_igual,competitividade,9,2.0,2.0,1.0,0.4444444444444444
2022,TO,PODE,acima_divisao_igual,eleicao,9,2.0,0.0,0.0,0.0
2022,TO,PP,top_necr,competitividade,9,6.0,3.0,2.0,2.0
2022,TO,PP,top_necr,eleicao,9,6.0,2.0,2.0,1.3333333333333333
2022,TO,PP,nucleo_80,competitividade,9,5.0,3.0,2.0,1.6666666666666667
2022,TO,PP,nucleo_80,eleicao,9,5.0,2.0,2.0,1.1111111111111112
2022,TO,PP,acima_divisao_igual,competitividade,9,2.0,3.0,2.0,0.6666666666666666
2022,TO,PP,acima_divisao_igual,eleicao,9,2.0,2.0,2.0,0.4444444444444444
2022,TO,PRTB,top_necr,competitividade,4,1.0,0.0,0.0,0.0
2022,TO,PRTB,top_necr,eleicao,4,1.0,0.0,0.0,0.0
2022,TO,PRTB,nucleo_80,competitividade,4,1.0,0.0,0.0,0.0
2022,TO,PRTB,nucleo_80,eleicao,4,1.0,0.0,0.0,0.0
2022,TO,PRTB,acima_divisao_igual,competitividade,4,1.0,0.0,0.0,0.0
2022,TO,PRTB,acima_divisao_igual,eleicao,4,1.0,0.0,0.0,0.0
2022,TO,PSB,top_necr,competitividade,8,6.0,0.0,0.0,0.0
2022,TO,PSB,top_necr,eleicao,8,6.0,0.0,0.0,0.0
2022,TO,PSB,nucleo_80,competitividade,8,5.0,0.0,0.0,0.0
2022,TO,PSB,nucleo_80,eleicao,8,5.0,0.0,0.0,0.0
2022,TO,PSB,acima_divisao_igual,competitividade,8,3.0,0.0,0.0,0.0
2022,TO,PSB,acima_divisao_igual,eleicao,8,3.0,0.0,0.0,0.0
2022,TO,PSC,top_necr,competitividade,9,2.0,2.0,1.0,0.4444444444444444
2022,TO,PSC,top_necr,eleicao,9,2.0,0.0,0.0,0.0
2022,TO,PSC,nucleo_80,competitividade,9,2.0,2.0,1.0,0.4444444444444444
2022,TO,PSC,nucleo_80,eleicao,9,2.0,0.0,0.0,0.0
2022,TO,PSC,acima_divisao_igual,competitividade,9,1.0,2.0,1.0,0.2222222222222222
2022,TO,PSC,acima_divisao_igual,eleicao,9,1.0,0.0,0.0,0.0
2022,TO,PSD,top_necr,competitividade,9,5.0,0.0,0.0,0.0
2022,TO,PSD,top_necr,eleicao,9,5.0,0.0,0.0,0.0
2022,TO,PSD,nucleo_80,competitividade,9,5.0,0.0,0.0,0.0
2022,TO,PSD,nucleo_80,eleicao,9,5.0,0.0,0.0,0.0
2022,TO,PSD,acima_divisao_igual,competitividade,9,4.0,0.0,0.0,0.0
2022,TO,PSD,acima_divisao_igual,eleicao,9,4.0,0.0,0.0,0.0
2022,TO,PSDB,top_necr,competitividade,5,5.0,1.0,1.0,1.0
2022,TO,PSDB,top_necr,eleicao,5,5.0,0.0,0.0,0.0
2022,TO,PSDB,nucleo_80,competitividade,5,4.0,1.0,1.0,0.8
2022,TO,PSDB,nucleo_80,eleicao,5,4.0,0.0,0.0,0.0
2022,TO,PSDB,acima_divisao_igual,competitividade,5,3.0,1.0,1.0,0.6
2022,TO,PSDB,acima_divisao_igual,eleicao,5,3.0,0.0,0.0,0.0
2022,TO,PSOL,top_necr,competitividade,3,3.0,0.0,0.0,0.0
2022,TO,PSOL,top_necr,eleicao,3,3.0,0.0,0.0,0.0
2022,TO,PSOL,nucleo_80,competitividade,3,3.0,0.0,0.0,0.0
2022,TO,PSOL,nucleo_80,eleicao,3,3.0,0.0,0.0,0.0
2022,TO,PSOL,acima_divisao_igual,competitividade,3,2.0,0.0,0.0,0.0
2022,TO,PSOL,acima_divisao_igual,eleicao,3,2.0,0.0,0.0,0.0
2022,TO,PT,top_necr,competitividade,5,3.0,2.0,2.0,1.2
2022,TO,PT,top_necr,eleicao,5,3.0,0.0,0.0,0.0
2022,TO,PT,nucleo_80,competitividade,5,3.0,2.0,2.0,1.2
2022,TO,PT,nucleo_80,eleicao,5,3.0,0.0,0.0,0.0
2022,TO,PT,acima_divisao_igual,competitividade,5,2.0,2.0,2.0,0.8
2022,TO,PT,acima_divisao_igual,eleicao,5,2.0,0.0,0.0,0.0
2022,TO,PTB,top_necr,competitividade,9,6.0,2.0,2.0,1.3333333333333333
2022,TO,PTB,top_necr,eleicao,9,6.0,0.0,0.0,0.0
2022,TO,PTB,nucleo_80,competitividade,9,6.0,2.0,2.0,1.3333333333333333
2022,TO,PTB,nucleo_80,eleicao,9,6.0,0.0,0.0,0.0
2022,TO,PTB,acima_divisao_igual,competitividade,9,1.0,2.0,1.0,0.2222222222222222
2022,TO,PTB,acima_divisao_igual,eleicao,9,1.0,0.0,0.0,0.0
2022,TO,PV,top_necr,competitividade,2,1.0,0.0,0.0,0.0
2022,TO,PV,top_necr,eleicao,2,1.0,0.0,0.0,0.0
2022,TO,PV,nucleo_80,competitividade,2,1.0,0.0,0.0,0.0
2022,TO,PV,nucleo_80,eleicao,2,1.0,0.0,0.0,0.0
2022,TO,PV,acima_divisao_igual,competitividade,2,1.0,0.0,0.0,0.0
2022,TO,PV,acima_divisao_igual,eleicao,2,1.0,0.0,0.0,0.0
2022,TO,REDE,top_necr,competitividade,2,2.0,0.0,0.0,0.0
2022,TO,REDE,top_necr,eleicao,2,2.0,0.0,0.0,0.0
2022,TO,REDE,nucleo_80,competitividade,2,2.0,0.0,0.0,0.0
2022,TO,REDE,nucleo_80,eleicao,2,2.0,0.0,0.0,0.0
2022,TO,REDE,acima_divisao_igual,competitividade,2,0.0,0.0,0.0,0.0
2022,TO,REDE,acima_divisao_igual,eleicao,2,0.0,0.0,0.0,0.0
2022,TO,REPUBLICANOS,top_necr,competitividade,9,7.0,2.0,2.0,1.5555555555555556
2022,TO,REPUBLICANOS,top_necr,eleicao,9,7.0,3.0,3.0,2.3333333333333335
2022,TO,REPUBLICANOS,nucleo_80,competitividade,9,6.0,2.0,2.0,1.3333333333333333
2022,TO,REPUBLICANOS,nucleo_80,eleicao,9,6.0,3.0,3.0,2.0
2022,TO,REPUBLICANOS,acima_divisao_igual,competitividade,9,5.0,2.0,2.0,1.1111111111111112
2022,TO,REPUBLICANOS,acima_divisao_igual,eleicao,9,5.0,3.0,3.0,1.6666666666666667
2022,TO,UNIAO,top_necr,competitividade,7,5.0,2.0,1.0,1.4285714285714286
2022,TO,UNIAO,top_necr,eleicao,7,5.0,1.0,1.0,0.7142857142857143
2022,TO,UNIAO,nucleo_80,competitividade,7,4.0,2.0,1.0,1.1428571428571428
2022,TO,UNIAO,nucleo_80,eleicao,7,4.0,1.0,1.0,0.5714285714285714
2022,TO,UNIAO,acima_divisao_igual,competitividade,7,4.0,2.0,1.0,1.1428571428571428
2022,TO,UNIAO,acima_divisao_igual,eleicao,7,4.0,1.0,1.0,0.5714285714285714
