ano_eleicao,sg_uf,sg_partido_norm,C,NECr,total_recursos_partidarios,lista_sem_recursos,E,k_top_necr,proporcao_top_necr,empate_corte_top_necr,k_80,proporcao_nucleo_80,empate_corte_nucleo_80,k_acima_igual,proporcao_acima_divisao_igual,empate_corte_acima_divisao_igual,top_necr__nucleo_80__comum,top_necr__nucleo_80__uniao,top_necr__nucleo_80__jaccard,top_necr__nucleo_80__A_contida_B,top_necr__nucleo_80__B_contida_A,top_necr__nucleo_80__pesos_identicos,top_necr__nucleo_80__concordancia_candidaturas,top_necr__acima_divisao_igual__comum,top_necr__acima_divisao_igual__uniao,top_necr__acima_divisao_igual__jaccard,top_necr__acima_divisao_igual__A_contida_B,top_necr__acima_divisao_igual__B_contida_A,top_necr__acima_divisao_igual__pesos_identicos,top_necr__acima_divisao_igual__concordancia_candidaturas,nucleo_80__acima_divisao_igual__comum,nucleo_80__acima_divisao_igual__uniao,nucleo_80__acima_divisao_igual__jaccard,nucleo_80__acima_divisao_igual__A_contida_B,nucleo_80__acima_divisao_igual__B_contida_A,nucleo_80__acima_divisao_igual__pesos_identicos,nucleo_80__acima_divisao_igual__concordancia_candidaturas
2018,AC,AVANTE,9,5.78668077786618,25700.050000000003,False,0,6,0.6666666666666666,False,5,0.5555555555555556,False,5,0.5555555555555556,False,5.0,6.0,0.8333333333333334,0.8333333333333334,1.0,False,0.8888888888888888,5.0,6.0,0.8333333333333334,0.8333333333333334,1.0,False,0.8888888888888888,5.0,5.0,1.0,1.0,1.0,True,1.0
2018,AC,DC,3,2.6312594840667685,40800.0,False,0,3,1.0,False,3,1.0,False,1,0.3333333333333333,False,3.0,3.0,1.0,1.0,1.0,True,1.0,1.0,3.0,0.3333333333333333,0.3333333333333333,1.0,False,0.33333333333333337,1.0,3.0,0.3333333333333333,0.3333333333333333,1.0,False,0.33333333333333337
2018,AC,DEM,1,1.0,825300.0,False,1,1,1.0,False,1,1.0,False,0,0.0,False,1.0,1.0,1.0,1.0,1.0,True,1.0,0.0,1.0,0.0,0.0,,False,0.0,0.0,1.0,0.0,0.0,,False,0.0
2018,AC,MDB,3,2.0355604948463846,3657900.0,False,2,2,0.6666666666666666,False,2,0.6666666666666666,False,2,0.6666666666666666,False,2.0,2.0,1.0,1.0,1.0,True,1.0,2.0,2.0,1.0,1.0,1.0,True,1.0,2.0,2.0,1.0,1.0,1.0,True,1.0
2018,AC,PATRI,1,,0.0,True,0,0,0.0,False,0,0.0,False,0,0.0,False,0.0,0.0,,,,True,1.0,0.0,0.0,,,,True,1.0,0.0,0.0,,,,True,1.0
2018,AC,PC DO B,1,1.0,899232.95,False,1,1,1.0,False,1,1.0,False,0,0.0,False,1.0,1.0,1.0,1.0,1.0,True,1.0,0.0,1.0,0.0,0.0,,False,0.0,0.0,1.0,0.0,0.0,,False,0.0
2018,AC,PDT,16,6.764354286202949,250471.77,False,1,7,0.4375,False,6,0.375,False,6,0.375,False,6.0,7.0,0.8571428571428571,0.8571428571428571,1.0,False,0.9375,6.0,7.0,0.8571428571428571,0.8571428571428571,1.0,False,0.9375,6.0,6.0,1.0,1.0,1.0,True,1.0
2018,AC,PHS,2,1.6451850694018162,26974.270000000004,False,0,2,1.0,False,2,1.0,False,1,0.5,False,2.0,2.0,1.0,1.0,1.0,True,1.0,1.0,2.0,0.5,0.5,1.0,False,0.5,1.0,2.0,0.5,0.5,1.0,False,0.5
2018,AC,PMB,1,1.0,30000.0,False,0,1,1.0,False,1,1.0,False,0,0.0,False,1.0,1.0,1.0,1.0,1.0,True,1.0,0.0,1.0,0.0,0.0,,False,0.0,0.0,1.0,0.0,0.0,,False,0.0
2018,AC,PMN,1,1.0,150000.0,False,0,1,1.0,False,1,1.0,False,0,0.0,False,1.0,1.0,1.0,1.0,1.0,True,1.0,0.0,1.0,0.0,0.0,,False,0.0,0.0,1.0,0.0,0.0,,False,0.0
2018,AC,PODE,2,1.0,100000.0,False,0,1,0.5,False,1,0.5,False,1,0.5,False,1.0,1.0,1.0,1.0,1.0,True,1.0,1.0,1.0,1.0,1.0,1.0,True,1.0,1.0,1.0,1.0,1.0,1.0,True,1.0
2018,AC,PP,3,2.066556611607563,1322040.0,False,0,2,0.6666666666666666,False,2,0.6666666666666666,False,1,0.3333333333333333,False,2.0,2.0,1.0,1.0,1.0,True,1.0,1.0,2.0,0.5,0.5,1.0,False,0.6666666666666667,1.0,2.0,0.5,0.5,1.0,False,0.6666666666666667
2018,AC,PPL,1,1.0,4637.5,False,0,1,1.0,False,1,1.0,False,0,0.0,False,1.0,1.0,1.0,1.0,1.0,True,1.0,0.0,1.0,0.0,0.0,,False,0.0,0.0,1.0,0.0,0.0,,False,0.0
2018,AC,PPS,1,1.0,498048.04,False,0,1,1.0,False,1,1.0,False,0,0.0,False,1.0,1.0,1.0,1.0,1.0,True,1.0,0.0,1.0,0.0,0.0,,False,0.0,0.0,1.0,0.0,0.0,,False,0.0
2018,AC,PR,1,1.0,1500000.0,False,0,1,1.0,False,1,1.0,False,0,0.0,False,1.0,1.0,1.0,1.0,1.0,True,1.0,0.0,1.0,0.0,0.0,,False,0.0,0.0,1.0,0.0,0.0,,False,0.0
2018,AC,PROS,2,1.0,316985.0,False,0,1,0.5,False,1,0.5,False,1,0.5,False,1.0,1.0,1.0,1.0,1.0,True,1.0,1.0,1.0,1.0,1.0,1.0,True,1.0,1.0,1.0,1.0,1.0,1.0,True,1.0
2018,AC,PRP,3,2.248453185959963,61883.04,False,0,2,0.6666666666666666,False,2,0.6666666666666666,False,2,0.6666666666666666,False,2.0,2.0,1.0,1.0,1.0,True,1.0,2.0,2.0,1.0,1.0,1.0,True,1.0,2.0,2.0,1.0,1.0,1.0,True,1.0
2018,AC,PRTB,2,1.0,13715.0,False,0,1,0.5,False,1,0.5,False,1,0.5,False,1.0,1.0,1.0,1.0,1.0,True,1.0,1.0,1.0,1.0,1.0,1.0,True,1.0,1.0,1.0,1.0,1.0,1.0,True,1.0
2018,AC,PSB,1,1.0,1300000.0,False,0,1,1.0,False,1,1.0,False,0,0.0,False,1.0,1.0,1.0,1.0,1.0,True,1.0,0.0,1.0,0.0,0.0,,False,0.0,0.0,1.0,0.0,0.0,,False,0.0
2018,AC,PSC,1,1.0,70000.0,False,0,1,1.0,False,1,1.0,False,0,0.0,False,1.0,1.0,1.0,1.0,1.0,True,1.0,0.0,1.0,0.0,0.0,,False,0.0,0.0,1.0,0.0,0.0,,False,0.0
2018,AC,PSD,1,1.0,824450.0,False,0,1,1.0,False,1,1.0,False,0,0.0,False,1.0,1.0,1.0,1.0,1.0,True,1.0,0.0,1.0,0.0,0.0,,False,0.0,0.0,1.0,0.0,0.0,,False,0.0
2018,AC,PSDB,1,1.0,1629365.55,False,1,1,1.0,False,1,1.0,False,0,0.0,False,1.0,1.0,1.0,1.0,1.0,True,1.0,0.0,1.0,0.0,0.0,,False,0.0,0.0,1.0,0.0,0.0,,False,0.0
2018,AC,PSL,8,4.71203274162421,261.04,False,0,5,0.625,False,4,0.5,False,4,0.5,False,4.0,5.0,0.8,0.8,1.0,False,0.875,4.0,5.0,0.8,0.8,1.0,False,0.875,4.0,4.0,1.0,1.0,1.0,True,1.0
2018,AC,PSOL,4,3.4898209751924303,300066.64,False,0,3,0.75,False,3,0.75,False,1,0.25,False,3.0,3.0,1.0,1.0,1.0,True,1.0,1.0,3.0,0.3333333333333333,0.3333333333333333,1.0,False,0.5,1.0,3.0,0.3333333333333333,0.3333333333333333,1.0,False,0.5
2018,AC,PT,5,3.169675084321672,2778000.0,False,1,3,0.6,False,3,0.6,False,3,0.6,False,3.0,3.0,1.0,1.0,1.0,True,1.0,3.0,3.0,1.0,1.0,1.0,True,1.0,3.0,3.0,1.0,1.0,1.0,True,1.0
2018,AC,PTB,1,1.0,449599.75,False,0,1,1.0,False,1,1.0,False,0,0.0,False,1.0,1.0,1.0,1.0,1.0,True,1.0,0.0,1.0,0.0,0.0,,False,0.0,0.0,1.0,0.0,0.0,,False,0.0
2018,AC,PTC,1,1.0,570000.0,False,0,1,1.0,False,1,1.0,False,0,0.0,False,1.0,1.0,1.0,1.0,1.0,True,1.0,0.0,1.0,0.0,0.0,,False,0.0,0.0,1.0,0.0,0.0,,False,0.0
2018,AC,PV,2,1.3543842214897526,334343.2,False,0,1,0.5,False,1,0.5,False,1,0.5,False,1.0,1.0,1.0,1.0,1.0,True,1.0,1.0,1.0,1.0,1.0,1.0,True,1.0,1.0,1.0,1.0,1.0,1.0,True,1.0
2018,AC,REDE,2,1.0084209033413256,190800.0,False,0,1,0.5,False,1,0.5,False,1,0.5,False,1.0,1.0,1.0,1.0,1.0,True,1.0,1.0,1.0,1.0,1.0,1.0,True,1.0,1.0,1.0,1.0,1.0,1.0,True,1.0
2018,AC,SOLIDARIEDADE,1,1.0,1450000.0,False,1,1,1.0,False,1,1.0,False,0,0.0,False,1.0,1.0,1.0,1.0,1.0,True,1.0,0.0,1.0,0.0,0.0,,False,0.0,0.0,1.0,0.0,0.0,,False,0.0
2018,AL,AVANTE,1,1.0,319000.0,False,0,1,1.0,False,1,1.0,False,0,0.0,False,1.0,1.0,1.0,1.0,1.0,True,1.0,0.0,1.0,0.0,0.0,,False,0.0,0.0,1.0,0.0,0.0,,False,0.0
2018,AL,DC,2,1.888136370690797,77320.0,False,0,2,1.0,False,2,1.0,False,1,0.5,False,2.0,2.0,1.0,1.0,1.0,True,1.0,1.0,2.0,0.5,0.5,1.0,False,0.5,1.0,2.0,0.5,0.5,1.0,False,0.5
2018,AL,DEM,2,,0.0,True,0,0,0.0,False,0,0.0,False,0,0.0,False,0.0,0.0,,,,True,1.0,0.0,0.0,,,,True,1.0,0.0,0.0,,,,True,1.0
2018,AL,MDB,3,2.0,100000.0,False,1,2,0.6666666666666666,False,2,0.6666666666666666,False,2,0.6666666666666666,False,2.0,2.0,1.0,1.0,1.0,True,1.0,2.0,2.0,1.0,1.0,1.0,True,1.0,2.0,2.0,1.0,1.0,1.0,True,1.0
2018,AL,NOVO,3,2.186741048522975,5797.48,False,0,2,0.6666666666666666,True,2,0.6666666666666666,True,1,0.3333333333333333,False,2.0,2.0,1.0,1.0,1.0,True,1.0,1.0,2.0,0.5,0.5,1.0,False,0.6666666666666667,1.0,2.0,0.5,0.5,1.0,False,0.6666666666666667
2018,AL,PATRI,3,,0.0,True,0,0,0.0,False,0,0.0,False,0,0.0,False,0.0,0.0,,,,True,1.0,0.0,0.0,,,,True,1.0,0.0,0.0,,,,True,1.0
2018,AL,PC DO B,4,2.345359374817703,64639.399999999994,False,0,2,0.5,False,2,0.5,False,2,0.5,False,2.0,2.0,1.0,1.0,1.0,True,1.0,2.0,2.0,1.0,1.0,1.0,True,1.0,2.0,2.0,1.0,1.0,1.0,True,1.0
2018,AL,PDT,2,1.1655172413793102,650000.0,False,0,1,0.5,False,1,0.5,False,1,0.5,False,1.0,1.0,1.0,1.0,1.0,True,1.0,1.0,1.0,1.0,1.0,1.0,True,1.0,1.0,1.0,1.0,1.0,1.0,True,1.0
2018,AL,PHS,6,3.990950190900328,42249.69,False,0,4,0.6666666666666666,False,4,0.6666666666666666,False,2,0.3333333333333333,False,4.0,4.0,1.0,1.0,1.0,True,1.0,2.0,4.0,0.5,0.5,1.0,False,0.6666666666666667,2.0,4.0,0.5,0.5,1.0,False,0.6666666666666667
2018,AL,PMN,1,1.0,900000.0,False,0,1,1.0,False,1,1.0,False,0,0.0,False,1.0,1.0,1.0,1.0,1.0,True,1.0,0.0,1.0,0.0,0.0,,False,0.0,0.0,1.0,0.0,0.0,,False,0.0
2018,AL,PODE,1,,0.0,True,0,0,0.0,False,0,0.0,False,0,0.0,False,0.0,0.0,,,,True,1.0,0.0,0.0,,,,True,1.0,0.0,0.0,,,,True,1.0
2018,AL,PP,5,2.236587246002682,2777758.0,False,1,2,0.4,False,2,0.4,False,2,0.4,False,2.0,2.0,1.0,1.0,1.0,True,1.0,2.0,2.0,1.0,1.0,1.0,True,1.0,2.0,2.0,1.0,1.0,1.0,True,1.0
2018,AL,PPL,2,2.0,1340.0,False,0,2,1.0,False,2,1.0,False,0,0.0,False,2.0,2.0,1.0,1.0,1.0,True,1.0,0.0,2.0,0.0,0.0,,False,0.0,0.0,2.0,0.0,0.0,,False,0.0
2018,AL,PPS,1,1.0,654173.8500000001,False,0,1,1.0,False,1,1.0,False,0,0.0,False,1.0,1.0,1.0,1.0,1.0,True,1.0,0.0,1.0,0.0,0.0,,False,0.0,0.0,1.0,0.0,0.0,,False,0.0
2018,AL,PR,1,1.0,1255557.26,False,1,1,1.0,False,1,1.0,False,0,0.0,False,1.0,1.0,1.0,1.0,1.0,True,1.0,0.0,1.0,0.0,0.0,,False,0.0,0.0,1.0,0.0,0.0,,False,0.0
2018,AL,PRB,1,1.0,842225.39,False,1,1,1.0,False,1,1.0,False,0,0.0,False,1.0,1.0,1.0,1.0,1.0,True,1.0,0.0,1.0,0.0,0.0,,False,0.0,0.0,1.0,0.0,0.0,,False,0.0
2018,AL,PROS,1,,0.0,True,0,0,0.0,False,0,0.0,False,0,0.0,False,0.0,0.0,,,,True,1.0,0.0,0.0,,,,True,1.0,0.0,0.0,,,,True,1.0
2018,AL,PRTB,2,1.0512483574244416,200000.0,False,0,1,0.5,False,1,0.5,False,1,0.5,False,1.0,1.0,1.0,1.0,1.0,True,1.0,1.0,1.0,1.0,1.0,1.0,True,1.0,1.0,1.0,1.0,1.0,1.0,True,1.0
2018,AL,PSB,2,1.0076451482241104,1313000.0,False,1,1,0.5,False,1,0.5,False,1,0.5,False,1.0,1.0,1.0,1.0,1.0,True,1.0,1.0,1.0,1.0,1.0,1.0,True,1.0,1.0,1.0,1.0,1.0,1.0,True,1.0
2018,AL,PSC,2,1.923076923076923,500000.0,False,0,2,1.0,False,2,1.0,False,1,0.5,False,2.0,2.0,1.0,1.0,1.0,True,1.0,1.0,2.0,0.5,0.5,1.0,False,0.5,1.0,2.0,0.5,0.5,1.0,False,0.5
2018,AL,PSD,2,1.7242330643047397,1499800.0,False,1,2,1.0,False,2,1.0,False,1,0.5,False,2.0,2.0,1.0,1.0,1.0,True,1.0,1.0,2.0,0.5,0.5,1.0,False,0.5,1.0,2.0,0.5,0.5,1.0,False,0.5
2018,AL,PSDB,3,1.9715360675508928,2055252.42,False,1,2,0.6666666666666666,False,2,0.6666666666666666,False,1,0.3333333333333333,False,2.0,2.0,1.0,1.0,1.0,True,1.0,1.0,2.0,0.5,0.5,1.0,False,0.6666666666666667,1.0,2.0,0.5,0.5,1.0,False,0.6666666666666667
2018,AL,PSL,10,,0.0,True,0,0,0.0,False,0,0.0,False,0,0.0,False,0.0,0.0,,,,True,1.0,0.0,0.0,,,,True,1.0,0.0,0.0,,,,True,1.0
2018,AL,PSOL,2,1.1217037725373162,16263.22,False,0,1,0.5,False,1,0.5,False,1,0.5,False,1.0,1.0,1.0,1.0,1.0,True,1.0,1.0,1.0,1.0,1.0,1.0,True,1.0,1.0,1.0,1.0,1.0,1.0,True,1.0
2018,AL,PSTU,1,,0.0,True,0,0,0.0,False,0,0.0,False,0,0.0,False,0.0,0.0,,,,True,1.0,0.0,0.0,,,,True,1.0,0.0,0.0,,,,True,1.0
2018,AL,PT,1,1.0,1000000.0,False,1,1,1.0,False,1,1.0,False,0,0.0,False,1.0,1.0,1.0,1.0,1.0,True,1.0,0.0,1.0,0.0,0.0,,False,0.0,0.0,1.0,0.0,0.0,,False,0.0
2018,AL,PTB,2,1.64720372963403,1709057.38,False,1,2,1.0,False,2,1.0,False,1,0.5,False,2.0,2.0,1.0,1.0,1.0,True,1.0,1.0,2.0,0.5,0.5,1.0,False,0.5,1.0,2.0,0.5,0.5,1.0,False,0.5
2018,AL,PTC,2,1.0,300000.0,False,0,1,0.5,False,1,0.5,False,1,0.5,False,1.0,1.0,1.0,1.0,1.0,True,1.0,1.0,1.0,1.0,1.0,1.0,True,1.0,1.0,1.0,1.0,1.0,1.0,True,1.0
2018,AL,PV,2,1.1741254662585308,232742.2,False,0,1,0.5,False,1,0.5,False,1,0.5,False,1.0,1.0,1.0,1.0,1.0,True,1.0,1.0,1.0,1.0,1.0,1.0,True,1.0,1.0,1.0,1.0,1.0,1.0,True,1.0
2018,AL,REDE,1,1.0,725000.0,False,0,1,1.0,False,1,1.0,False,0,0.0,False,1.0,1.0,1.0,1.0,1.0,True,1.0,0.0,1.0,0.0,0.0,,False,0.0,0.0,1.0,0.0,0.0,,False,0.0
2018,AL,SOLIDARIEDADE,1,,0.0,True,0,0,0.0,False,0,0.0,False,0,0.0,False,0.0,0.0,,,,True,1.0,0.0,0.0,,,,True,1.0,0.0,0.0,,,,True,1.0
2018,AM,AVANTE,4,2.080793194812673,34503.2,False,0,2,0.5,False,2,0.5,False,2,0.5,False,2.0,2.0,1.0,1.0,1.0,True,1.0,2.0,2.0,1.0,1.0,1.0,True,1.0,2.0,2.0,1.0,1.0,1.0,True,1.0
2018,AM,DC,6,2.941752245328261,75644.0,False,0,3,0.5,False,3,0.5,False,2,0.3333333333333333,False,3.0,3.0,1.0,1.0,1.0,True,1.0,2.0,3.0,0.6666666666666666,0.6666666666666666,1.0,False,0.8333333333333334,2.0,3.0,0.6666666666666666,0.6666666666666666,1.0,False,0.8333333333333334
2018,AM,DEM,2,1.1699531045814147,1078000.0,False,0,1,0.5,False,1,0.5,False,1,0.5,False,1.0,1.0,1.0,1.0,1.0,True,1.0,1.0,1.0,1.0,1.0,1.0,True,1.0,1.0,1.0,1.0,1.0,1.0,True,1.0
2018,AM,MDB,7,1.1396138993782439,1893631.8,False,0,1,0.14285714285714285,False,1,0.14285714285714285,False,1,0.14285714285714285,False,1.0,1.0,1.0,1.0,1.0,True,1.0,1.0,1.0,1.0,1.0,1.0,True,1.0,1.0,1.0,1.0,1.0,1.0,True,1.0
2018,AM,PATRI,5,3.99999847048105,280.1,False,0,4,0.8,False,4,0.8,False,4,0.8,False,4.0,4.0,1.0,1.0,1.0,True,1.0,4.0,4.0,1.0,1.0,1.0,True,1.0,4.0,4.0,1.0,1.0,1.0,True,1.0
2018,AM,PC DO B,8,3.5332467654320556,189848.58000000002,False,0,4,0.5,True,5,0.625,False,2,0.25,False,4.0,5.0,0.8,1.0,0.8,False,0.875,2.0,4.0,0.5,0.5,1.0,False,0.75,2.0,5.0,0.4,0.4,1.0,False,0.625
2018,AM,PDT,3,1.6896551724137931,35000.0,False,0,2,0.6666666666666666,False,2,0.6666666666666666,False,1,0.3333333333333333,False,2.0,2.0,1.0,1.0,1.0,True,1.0,1.0,2.0,0.5,0.5,1.0,False,0.6666666666666667,1.0,2.0,0.5,0.5,1.0,False,0.6666666666666667
2018,AM,PHS,2,1.970845925493191,96485.0,False,0,2,1.0,False,2,1.0,False,1,0.5,False,2.0,2.0,1.0,1.0,1.0,True,1.0,1.0,2.0,0.5,0.5,1.0,False,0.5,1.0,2.0,0.5,0.5,1.0,False,0.5
2018,AM,PMB,9,1.7763401109057304,3100.0,False,0,2,0.2222222222222222,False,2,0.2222222222222222,False,2,0.2222222222222222,False,2.0,2.0,1.0,1.0,1.0,True,1.0,2.0,2.0,1.0,1.0,1.0,True,1.0,2.0,2.0,1.0,1.0,1.0,True,1.0
2018,AM,PMN,7,2.6666666666666665,120000.0,False,0,3,0.42857142857142855,False,2,0.2857142857142857,False,3,0.42857142857142855,False,2.0,3.0,0.6666666666666666,0.6666666666666666,1.0,False,0.8571428571428572,3.0,3.0,1.0,1.0,1.0,True,1.0,2.0,3.0,0.6666666666666666,1.0,0.6666666666666666,False,0.8571428571428572
2018,AM,PODE,5,2.508554264072091,19600.0,False,0,3,0.6,False,2,0.4,False,2,0.4,False,2.0,3.0,0.6666666666666666,0.6666666666666666,1.0,False,0.8,2.0,3.0,0.6666666666666666,0.6666666666666666,1.0,False,0.8,2.0,2.0,1.0,1.0,1.0,True,1.0
2018,AM,PP,2,1.0,1897386.0,False,1,1,0.5,False,1,0.5,False,1,0.5,False,1.0,1.0,1.0,1.0,1.0,True,1.0,1.0,1.0,1.0,1.0,1.0,True,1.0,1.0,1.0,1.0,1.0,1.0,True,1.0
2018,AM,PPL,5,,0.0,True,0,0,0.0,False,0,0.0,False,0,0.0,False,0.0,0.0,,,,True,1.0,0.0,0.0,,,,True,1.0,0.0,0.0,,,,True,1.0
2018,AM,PPS,2,1.0,116816.01000000001,False,0,1,0.5,False,1,0.5,False,1,0.5,False,1.0,1.0,1.0,1.0,1.0,True,1.0,1.0,1.0,1.0,1.0,1.0,True,1.0,1.0,1.0,1.0,1.0,1.0,True,1.0
2018,AM,PR,3,1.805850118111584,1989000.0,False,1,2,0.6666666666666666,False,2,0.6666666666666666,False,1,0.3333333333333333,False,2.0,2.0,1.0,1.0,1.0,True,1.0,1.0,2.0,0.5,0.5,1.0,False,0.6666666666666667,1.0,2.0,0.5,0.5,1.0,False,0.6666666666666667
2018,AM,PRB,2,1.8278675684518502,2308380.0,False,2,2,1.0,False,2,1.0,False,1,0.5,False,2.0,2.0,1.0,1.0,1.0,True,1.0,1.0,2.0,0.5,0.5,1.0,False,0.5,1.0,2.0,0.5,0.5,1.0,False,0.5
2018,AM,PROS,2,1.7199021732259607,717250.0,False,0,2,1.0,False,2,1.0,False,1,0.5,False,2.0,2.0,1.0,1.0,1.0,True,1.0,1.0,2.0,0.5,0.5,1.0,False,0.5,1.0,2.0,0.5,0.5,1.0,False,0.5
2018,AM,PRP,4,1.0,2000.0,False,0,1,0.25,False,1,0.25,False,1,0.25,False,1.0,1.0,1.0,1.0,1.0,True,1.0,1.0,1.0,1.0,1.0,1.0,True,1.0,1.0,1.0,1.0,1.0,1.0,True,1.0
2018,AM,PRTB,3,,0.0,True,0,0,0.0,False,0,0.0,False,0,0.0,False,0.0,0.0,,,,True,1.0,0.0,0.0,,,,True,1.0,0.0,0.0,,,,True,1.0
2018,AM,PSB,2,1.7763401109057304,775000.0,False,0,2,1.0,False,2,1.0,False,1,0.5,False,2.0,2.0,1.0,1.0,1.0,True,1.0,1.0,2.0,0.5,0.5,1.0,False,0.5,1.0,2.0,0.5,0.5,1.0,False,0.5
2018,AM,PSC,4,1.0,100000.0,False,0,1,0.25,False,1,0.25,False,1,0.25,False,1.0,1.0,1.0,1.0,1.0,True,1.0,1.0,1.0,1.0,1.0,1.0,True,1.0,1.0,1.0,1.0,1.0,1.0,True,1.0
2018,AM,PSD,4,3.0,2520000.0,False,1,3,0.75,False,3,0.75,False,3,0.75,False,3.0,3.0,1.0,1.0,1.0,True,1.0,3.0,3.0,1.0,1.0,1.0,True,1.0,3.0,3.0,1.0,1.0,1.0,True,1.0
2018,AM,PSDB,1,1.0,2129609.6,False,0,1,1.0,False,1,1.0,False,0,0.0,False,1.0,1.0,1.0,1.0,1.0,True,1.0,0.0,1.0,0.0,0.0,,False,0.0,0.0,1.0,0.0,0.0,,False,0.0
2018,AM,PSL,1,1.0,5294.0,False,1,1,1.0,False,1,1.0,False,0,0.0,False,1.0,1.0,1.0,1.0,1.0,True,1.0,0.0,1.0,0.0,0.0,,False,0.0,0.0,1.0,0.0,0.0,,False,0.0
2018,AM,PSOL,13,6.192903925737836,21316.379999999997,False,0,6,0.46153846153846156,True,7,0.5384615384615384,True,3,0.23076923076923078,False,5.999999999999999,7.000000000000001,0.8571428571428569,0.9999999999999999,0.857142857142857,False,0.923076923076923,3.0,5.999999999999999,0.5000000000000001,0.5,1.0,False,0.7692307692307692,3.0,7.000000000000001,0.4285714285714285,0.42857142857142855,1.0,False,0.6923076923076923
2018,AM,PSTU,1,,0.0,True,0,0,0.0,False,0,0.0,False,0,0.0,False,0.0,0.0,,,,True,1.0,0.0,0.0,,,,True,1.0,0.0,0.0,,,,True,1.0
2018,AM,PT,4,2.460059917850748,910825.1799999999,False,1,2,0.5,False,2,0.5,False,2,0.5,False,2.0,2.0,1.0,1.0,1.0,True,1.0,2.0,2.0,1.0,1.0,1.0,True,1.0,2.0,2.0,1.0,1.0,1.0,True,1.0
2018,AM,PTB,1,1.0,1479306.6,False,0,1,1.0,False,1,1.0,False,0,0.0,False,1.0,1.0,1.0,1.0,1.0,True,1.0,0.0,1.0,0.0,0.0,,False,0.0,0.0,1.0,0.0,0.0,,False,0.0
2018,AM,PTC,4,3.0,3529.3500000000004,False,0,3,0.75,False,3,0.75,False,3,0.75,False,3.0,3.0,1.0,1.0,1.0,True,1.0,3.0,3.0,1.0,1.0,1.0,True,1.0,3.0,3.0,1.0,1.0,1.0,True,1.0
2018,AM,PV,2,1.0,403955.54000000004,False,0,1,0.5,False,1,0.5,False,1,0.5,False,1.0,1.0,1.0,1.0,1.0,True,1.0,1.0,1.0,1.0,1.0,1.0,True,1.0,1.0,1.0,1.0,1.0,1.0,True,1.0
2018,AM,REDE,7,2.0,2092.0,False,0,2,0.2857142857142857,False,2,0.2857142857142857,False,2,0.2857142857142857,False,2.0,2.0,1.0,1.0,1.0,True,1.0,2.0,2.0,1.0,1.0,1.0,True,1.0,2.0,2.0,1.0,1.0,1.0,True,1.0
2018,AM,SOLIDARIEDADE,1,1.0,280000.0,False,1,1,1.0,False,1,1.0,False,0,0.0,False,1.0,1.0,1.0,1.0,1.0,True,1.0,0.0,1.0,0.0,0.0,,False,0.0,0.0,1.0,0.0,0.0,,False,0.0
2018,AP,AVANTE,2,1.9999756378257172,418539.23,False,1,2,1.0,False,2,1.0,False,1,0.5,False,2.0,2.0,1.0,1.0,1.0,True,1.0,1.0,2.0,0.5,0.5,1.0,False,0.5,1.0,2.0,0.5,0.5,1.0,False,0.5
2018,AP,DC,1,1.0,30022.82,False,0,1,1.0,False,1,1.0,False,0,0.0,False,1.0,1.0,1.0,1.0,1.0,True,1.0,0.0,1.0,0.0,0.0,,False,0.0,0.0,1.0,0.0,0.0,,False,0.0
2018,AP,DEM,4,3.4615384615384612,750000.0,False,0,3,0.75,False,3,0.75,False,2,0.5,False,3.0,3.0,1.0,1.0,1.0,True,1.0,2.0,3.0,0.6666666666666666,0.6666666666666666,1.0,False,0.75,2.0,3.0,0.6666666666666666,0.6666666666666666,1.0,False,0.75
2018,AP,MDB,4,1.247250938214065,1686845.0,False,0,1,0.25,False,1,0.25,False,1,0.25,False,1.0,1.0,1.0,1.0,1.0,True,1.0,1.0,1.0,1.0,1.0,1.0,True,1.0,1.0,1.0,1.0,1.0,1.0,True,1.0
2018,AP,PC DO B,1,1.0,896500.0,False,1,1,1.0,False,1,1.0,False,0,0.0,False,1.0,1.0,1.0,1.0,1.0,True,1.0,0.0,1.0,0.0,0.0,,False,0.0,0.0,1.0,0.0,0.0,,False,0.0
2018,AP,PDT,7,1.3330899049837688,176028.0,False,0,1,0.14285714285714285,False,1,0.14285714285714285,False,1,0.14285714285714285,False,1.0,1.0,1.0,1.0,1.0,True,1.0,1.0,1.0,1.0,1.0,1.0,True,1.0,1.0,1.0,1.0,1.0,1.0,True,1.0
2018,AP,PHS,6,4.261623325453113,520000.0,False,0,4,0.6666666666666666,False,4,0.6666666666666666,False,2,0.3333333333333333,False,4.0,4.0,1.0,1.0,1.0,True,1.0,2.0,4.0,0.5,0.5,1.0,False,0.6666666666666667,2.0,4.0,0.5,0.5,1.0,False,0.6666666666666667
2018,AP,PMN,3,2.8652000431359865,8150.0,False,0,3,1.0,False,3,1.0,False,1,0.3333333333333333,False,3.0,3.0,1.0,1.0,1.0,True,1.0,1.0,3.0,0.3333333333333333,0.3333333333333333,1.0,False,0.33333333333333337,1.0,3.0,0.3333333333333333,0.3333333333333333,1.0,False,0.33333333333333337
2018,AP,PODE,1,1.0,1050000.0,False,0,1,1.0,False,1,1.0,False,0,0.0,False,1.0,1.0,1.0,1.0,1.0,True,1.0,0.0,1.0,0.0,0.0,,False,0.0,0.0,1.0,0.0,0.0,,False,0.0
2018,AP,PP,1,1.0,1634541.0,False,1,1,1.0,False,1,1.0,False,0,0.0,False,1.0,1.0,1.0,1.0,1.0,True,1.0,0.0,1.0,0.0,0.0,,False,0.0,0.0,1.0,0.0,0.0,,False,0.0
2018,AP,PPL,3,2.9982597043237647,5870.0,False,0,3,1.0,False,3,1.0,False,2,0.6666666666666666,False,3.0,3.0,1.0,1.0,1.0,True,1.0,2.0,3.0,0.6666666666666666,0.6666666666666666,1.0,False,0.6666666666666667,2.0,3.0,0.6666666666666666,0.6666666666666666,1.0,False,0.6666666666666667
2018,AP,PR,7,2.811484792937039,3065000.0,False,1,3,0.42857142857142855,False,3,0.42857142857142855,False,3,0.42857142857142855,False,3.0,3.0,1.0,1.0,1.0,True,1.0,3.0,3.0,1.0,1.0,1.0,True,1.0,3.0,3.0,1.0,1.0,1.0,True,1.0
2018,AP,PRB,1,1.0,1952976.22,False,1,1,1.0,False,1,1.0,False,0,0.0,False,1.0,1.0,1.0,1.0,1.0,True,1.0,0.0,1.0,0.0,0.0,,False,0.0,0.0,1.0,0.0,0.0,,False,0.0
2018,AP,PROS,2,1.1549621066159304,776466.3,False,1,1,0.5,False,1,0.5,False,1,0.5,False,1.0,1.0,1.0,1.0,1.0,True,1.0,1.0,1.0,1.0,1.0,1.0,True,1.0,1.0,1.0,1.0,1.0,1.0,True,1.0
2018,AP,PRP,2,1.0059513547092773,270803.44,False,0,1,0.5,False,1,0.5,False,1,0.5,False,1.0,1.0,1.0,1.0,1.0,True,1.0,1.0,1.0,1.0,1.0,1.0,True,1.0,1.0,1.0,1.0,1.0,1.0,True,1.0
2018,AP,PSB,8,1.9342573259721352,752500.0,False,1,2,0.25,False,2,0.25,False,2,0.25,False,2.0,2.0,1.0,1.0,1.0,True,1.0,2.0,2.0,1.0,1.0,1.0,True,1.0,2.0,2.0,1.0,1.0,1.0,True,1.0
2018,AP,PSC,2,1.1327433628318584,320000.0,False,0,1,0.5,False,1,0.5,False,1,0.5,False,1.0,1.0,1.0,1.0,1.0,True,1.0,1.0,1.0,1.0,1.0,1.0,True,1.0,1.0,1.0,1.0,1.0,1.0,True,1.0
2018,AP,PSD,3,1.998678821992307,739000.0,False,0,2,0.6666666666666666,False,2,0.6666666666666666,False,2,0.6666666666666666,False,2.0,2.0,1.0,1.0,1.0,True,1.0,2.0,2.0,1.0,1.0,1.0,True,1.0,2.0,2.0,1.0,1.0,1.0,True,1.0
2018,AP,PSDB,2,1.017578661196208,832050.0,False,1,1,0.5,False,1,0.5,False,1,0.5,False,1.0,1.0,1.0,1.0,1.0,True,1.0,1.0,1.0,1.0,1.0,1.0,True,1.0,1.0,1.0,1.0,1.0,1.0,True,1.0
2018,AP,PSL,1,1.0,35000.0,False,0,1,1.0,False,1,1.0,False,0,0.0,False,1.0,1.0,1.0,1.0,1.0,True,1.0,0.0,1.0,0.0,0.0,,False,0.0,0.0,1.0,0.0,0.0,,False,0.0
2018,AP,PSOL,6,5.666633248948553,201719.65,False,0,6,1.0,False,5,0.8333333333333334,False,2,0.3333333333333333,False,5.0,6.0,0.8333333333333334,0.8333333333333334,1.0,False,0.8333333333333334,2.0,6.0,0.3333333333333333,0.3333333333333333,1.0,False,0.33333333333333337,2.0,5.0,0.4,0.4,1.0,False,0.5
2018,AP,PSTU,2,,0.0,True,0,0,0.0,False,0,0.0,False,0,0.0,False,0.0,0.0,,,,True,1.0,0.0,0.0,,,,True,1.0,0.0,0.0,,,,True,1.0
2018,AP,PTB,7,6.347433994537348,431018.8,False,0,6,0.8571428571428571,True,6,0.8571428571428571,True,2,0.2857142857142857,False,6.0,6.0,1.0,1.0,1.0,True,1.0,2.0,6.0,0.3333333333333333,0.3333333333333333,1.0,False,0.4285714285714286,2.0,6.0,0.3333333333333333,0.3333333333333333,1.0,False,0.4285714285714286
2018,AP,PTC,5,1.0,80000.0,False,0,1,0.2,False,1,0.2,False,1,0.2,False,1.0,1.0,1.0,1.0,1.0,True,1.0,1.0,1.0,1.0,1.0,1.0,True,1.0,1.0,1.0,1.0,1.0,1.0,True,1.0
2018,AP,PV,6,5.242591829815275,72335.17,False,0,5,0.8333333333333334,True,5,0.8333333333333334,True,1,0.16666666666666666,False,5.0,5.0,1.0,1.0,1.0,True,1.0,1.0,5.0,0.2,0.2,1.0,False,0.33333333333333337,1.0,5.0,0.2,0.2,1.0,False,0.33333333333333337
2018,AP,REDE,7,1.2739766676892037,103530.0,False,0,1,0.14285714285714285,False,1,0.14285714285714285,False,1,0.14285714285714285,False,1.0,1.0,1.0,1.0,1.0,True,1.0,1.0,1.0,1.0,1.0,1.0,True,1.0,1.0,1.0,1.0,1.0,1.0,True,1.0
2018,AP,SOLIDARIEDADE,3,1.0,450000.0,False,0,1,0.3333333333333333,False,1,0.3333333333333333,False,1,0.3333333333333333,False,1.0,1.0,1.0,1.0,1.0,True,1.0,1.0,1.0,1.0,1.0,1.0,True,1.0,1.0,1.0,1.0,1.0,1.0,True,1.0
2018,BA,AVANTE,14,2.8827511191501722,1027600.0,False,2,3,0.21428571428571427,False,3,0.21428571428571427,False,2,0.14285714285714285,False,3.0,3.0,1.0,1.0,1.0,True,1.0,2.0,3.0,0.6666666666666666,0.6666666666666666,1.0,False,0.9285714285714286,2.0,3.0,0.6666666666666666,0.6666666666666666,1.0,False,0.9285714285714286
2018,BA,DC,15,4.297793214749325,350000.0,False,0,4,0.26666666666666666,True,3,0.2,False,3,0.2,False,3.0,4.0,0.75,0.75,1.0,False,0.9333333333333333,3.0,4.0,0.75,0.75,1.0,False,0.9333333333333333,3.0,3.0,1.0,1.0,1.0,True,1.0
2018,BA,DEM,38,8.389786520975568,5892500.0,False,4,8,0.21052631578947367,False,7,0.18421052631578946,False,9,0.23684210526315788,False,7.0,8.0,0.875,0.875,1.0,False,0.9736842105263158,8.0,9.0,0.8888888888888888,1.0,0.8888888888888888,False,0.9736842105263158,7.0,9.0,0.7777777777777778,1.0,0.7777777777777778,False,0.9473684210526316
2018,BA,MDB,36,3.6430974001337475,2980019.1,False,0,4,0.1111111111111111,False,8,0.2222222222222222,True,7,0.19444444444444445,False,4.0,7.999999999999999,0.5000000000000001,1.0,0.5,False,0.8888888888888888,4.0,7.0,0.5714285714285714,1.0,0.5714285714285714,False,0.9166666666666666,7.0,7.999999999999999,0.8750000000000001,0.875,1.0,False,0.9722222222222222
2018,BA,NOVO,8,7.119629239106072,32623.28,False,0,7,0.875,False,6,0.75,False,2,0.25,False,6.0,7.0,0.8571428571428571,0.8571428571428571,1.0,False,0.875,2.0,7.0,0.2857142857142857,0.2857142857142857,1.0,False,0.375,2.0,6.0,0.3333333333333333,0.3333333333333333,1.0,False,0.5
2018,BA,PATRI,39,2.378630717309037,233950.7099999999,False,0,2,0.05128205128205128,False,9,0.23076923076923078,False,3,0.07692307692307693,False,2.0,9.0,0.2222222222222222,1.0,0.2222222222222222,False,0.8205128205128205,2.0,3.0,0.6666666666666666,1.0,0.6666666666666666,False,0.9743589743589743,3.0,9.0,0.3333333333333333,0.3333333333333333,1.0,False,0.8461538461538461
2018,BA,PC DO B,2,1.9981052949138038,2810335.87,False,2,2,1.0,False,2,1.0,False,1,0.5,False,2.0,2.0,1.0,1.0,1.0,True,1.0,1.0,2.0,0.5,0.5,1.0,False,0.5,1.0,2.0,0.5,0.5,1.0,False,0.5
2018,BA,PCO,2,1.863852961198094,3700.0,False,0,2,1.0,False,2,1.0,False,1,0.5,False,2.0,2.0,1.0,1.0,1.0,True,1.0,1.0,2.0,0.5,0.5,1.0,False,0.5,1.0,2.0,0.5,0.5,1.0,False,0.5
2018,BA,PDT,36,2.3925328926865492,1258245.52,False,2,2,0.05555555555555555,False,4,0.1111111111111111,False,5,0.1388888888888889,False,2.0,4.0,0.5,1.0,0.5,False,0.9444444444444444,2.0,5.0,0.4,1.0,0.4,False,0.9166666666666666,4.0,5.0,0.8,1.0,0.8,False,0.9722222222222222
2018,BA,PHS,25,4.188721392204549,389985.86,False,2,4,0.16,False,3,0.12,False,4,0.16,False,3.0,4.0,0.75,0.75,1.0,False,0.96,4.0,4.0,1.0,1.0,1.0,True,1.0,3.0,4.0,0.75,1.0,0.75,False,0.96
2018,BA,PMB,1,1.0,385000.0,False,0,1,1.0,False,1,1.0,False,0,0.0,False,1.0,1.0,1.0,1.0,1.0,True,1.0,0.0,1.0,0.0,0.0,,False,0.0,0.0,1.0,0.0,0.0,,False,0.0
2018,BA,PMN,8,2.3134897516021398,209000.0,False,0,2,0.25,False,2,0.25,False,2,0.25,False,2.0,2.0,1.0,1.0,1.0,True,1.0,2.0,2.0,1.0,1.0,1.0,True,1.0,2.0,2.0,1.0,1.0,1.0,True,1.0
2018,BA,PODE,4,1.0594711317214769,865000.0,False,1,1,0.25,False,1,0.25,False,1,0.25,False,1.0,1.0,1.0,1.0,1.0,True,1.0,1.0,1.0,1.0,1.0,1.0,True,1.0,1.0,1.0,1.0,1.0,1.0,True,1.0
2018,BA,PP,8,5.129202314512814,8470822.0,False,4,5,0.625,False,4,0.5,False,5,0.625,False,4.0,5.0,0.8,0.8,1.0,False,0.875,5.0,5.0,1.0,1.0,1.0,True,1.0,4.0,5.0,0.8,1.0,0.8,False,0.875
2018,BA,PPL,9,1.3180527383367138,114000.0,False,1,1,0.1111111111111111,False,1,0.1111111111111111,False,2,0.2222222222222222,False,1.0,1.0,1.0,1.0,1.0,True,1.0,1.0,2.0,0.5,1.0,0.5,False,0.8888888888888888,1.0,2.0,0.5,1.0,0.5,False,0.8888888888888888
2018,BA,PPS,1,1.0,436587.88,False,0,1,1.0,False,1,1.0,False,0,0.0,False,1.0,1.0,1.0,1.0,1.0,True,1.0,0.0,1.0,0.0,0.0,,False,0.0,0.0,1.0,0.0,0.0,,False,0.0
2018,BA,PR,3,2.905294745943747,4780000.0,False,2,3,1.0,False,3,1.0,False,1,0.3333333333333333,False,3.0,3.0,1.0,1.0,1.0,True,1.0,1.0,3.0,0.3333333333333333,0.3333333333333333,1.0,False,0.33333333333333337,1.0,3.0,0.3333333333333333,0.3333333333333333,1.0,False,0.33333333333333337
2018,BA,PRB,4,3.2478317021931464,4602549.8100000005,False,2,3,0.75,False,3,0.75,False,2,0.5,False,3.0,3.0,1.0,1.0,1.0,True,1.0,2.0,3.0,0.6666666666666666,0.6666666666666666,1.0,False,0.75,2.0,3.0,0.6666666666666666,0.6666666666666666,1.0,False,0.75
2018,BA,PROS,12,1.0,256140.0,False,0,1,0.08333333333333333,False,1,0.08333333333333333,False,1,0.08333333333333333,False,1.0,1.0,1.0,1.0,1.0,True,1.0,1.0,1.0,1.0,1.0,1.0,True,1.0,1.0,1.0,1.0,1.0,1.0,True,1.0
2018,BA,PRP,11,1.1544993631209572,215000.0,False,1,1,0.09090909090909091,False,1,0.09090909090909091,False,1,0.09090909090909091,False,1.0,1.0,1.0,1.0,1.0,True,1.0,1.0,1.0,1.0,1.0,1.0,True,1.0,1.0,1.0,1.0,1.0,1.0,True,1.0
2018,BA,PRTB,9,2.0059389804084793,84712.0,False,0,2,0.2222222222222222,False,2,0.2222222222222222,False,2,0.2222222222222222,False,2.0,2.0,1.0,1.0,1.0,True,1.0,2.0,2.0,1.0,1.0,1.0,True,1.0,2.0,2.0,1.0,1.0,1.0,True,1.0
2018,BA,PSB,6,1.7743102674703857,2116439.11,False,2,2,0.3333333333333333,False,2,0.3333333333333333,False,2,0.3333333333333333,False,2.0,2.0,1.0,1.0,1.0,True,1.0,2.0,2.0,1.0,1.0,1.0,True,1.0,2.0,2.0,1.0,1.0,1.0,True,1.0
2018,BA,PSC,9,1.5454995927587454,579941.9600000001,False,0,2,0.2222222222222222,False,1,0.1111111111111111,False,1,0.1111111111111111,False,1.0,2.0,0.5,0.5,1.0,False,0.8888888888888888,1.0,2.0,0.5,0.5,1.0,False,0.8888888888888888,1.0,1.0,1.0,1.0,1.0,True,1.0
2018,BA,PSD,10,8.70164949571133,6709773.05,False,5,9,0.9,True,7,0.7,False,7,0.7,False,7.0,9.0,0.7777777777777778,0.7777777777777778,1.0,False,0.8,7.0,9.0,0.7777777777777778,0.7777777777777778,1.0,False,0.8,7.0,7.0,1.0,1.0,1.0,True,1.0
2018,BA,PSDB,8,3.1305183360689806,3375182.21,False,1,3,0.375,False,3,0.375,False,2,0.25,False,3.0,3.0,1.0,1.0,1.0,True,1.0,2.0,3.0,0.6666666666666666,0.6666666666666666,1.0,False,0.875,2.0,3.0,0.6666666666666666,0.6666666666666666,1.0,False,0.875
2018,BA,PSL,4,1.0033098792260402,484200.0,False,1,1,0.25,False,1,0.25,False,1,0.25,False,1.0,1.0,1.0,1.0,1.0,True,1.0,1.0,1.0,1.0,1.0,1.0,True,1.0,1.0,1.0,1.0,1.0,1.0,True,1.0
2018,BA,PSOL,50,12.39578519224496,214614.28000000003,False,0,12,0.24,False,10,0.2,True,11,0.22,False,10.0,12.0,0.8333333333333334,0.8333333333333334,1.0,False,0.96,11.0,12.0,0.9166666666666666,0.9166666666666666,1.0,False,0.98,10.0,11.0,0.9090909090909091,1.0,0.9090909090909091,False,0.98
2018,BA,PT,12,8.874872316893537,6952204.0,False,7,9,0.75,False,7,0.5833333333333334,False,6,0.5,False,7.0,9.0,0.7777777777777778,0.7777777777777778,1.0,False,0.8333333333333334,6.0,9.0,0.6666666666666666,0.6666666666666666,1.0,False,0.75,6.0,7.0,0.8571428571428571,0.8571428571428571,1.0,False,0.9166666666666666
2018,BA,PTB,3,1.2680424062845825,2768728.64,False,0,1,0.3333333333333333,False,1,0.3333333333333333,False,1,0.3333333333333333,False,1.0,1.0,1.0,1.0,1.0,True,1.0,1.0,1.0,1.0,1.0,1.0,True,1.0,1.0,1.0,1.0,1.0,1.0,True,1.0
2018,BA,PTC,22,1.965572843172548,295833.28,False,0,2,0.09090909090909091,False,2,0.09090909090909091,False,3,0.13636363636363635,False,2.0,2.0,1.0,1.0,1.0,True,1.0,2.0,3.0,0.6666666666666666,1.0,0.6666666666666666,False,0.9545454545454546,2.0,3.0,0.6666666666666666,1.0,0.6666666666666666,False,0.9545454545454546
2018,BA,PV,12,4.174670062981458,1226253.88,False,0,4,0.3333333333333333,False,4,0.3333333333333333,False,3,0.25,False,4.0,4.0,1.0,1.0,1.0,True,1.0,3.0,4.0,0.75,0.75,1.0,False,0.9166666666666666,3.0,4.0,0.75,0.75,1.0,False,0.9166666666666666
2018,BA,REDE,20,2.329581723134746,138636.44999999998,False,0,2,0.1,False,7,0.35,True,1,0.05,False,2.0,7.0,0.2857142857142857,1.0,0.2857142857142857,False,0.75,1.0,2.0,0.5,0.5,1.0,False,0.95,1.0,7.0,0.14285714285714285,0.14285714285714285,1.0,False,0.7
2018,BA,SOLIDARIEDADE,6,1.0679306985188939,1628000.0,False,0,1,0.16666666666666666,False,1,0.16666666666666666,False,1,0.16666666666666666,False,1.0,1.0,1.0,1.0,1.0,True,1.0,1.0,1.0,1.0,1.0,1.0,True,1.0,1.0,1.0,1.0,1.0,1.0,True,1.0
2018,CE,AVANTE,6,1.057474580996024,1162500.0,False,0,1,0.16666666666666666,False,1,0.16666666666666666,False,1,0.16666666666666666,False,1.0,1.0,1.0,1.0,1.0,True,1.0,1.0,1.0,1.0,1.0,1.0,True,1.0,1.0,1.0,1.0,1.0,1.0,True,1.0
2018,CE,DC,7,5.529086523414407,34392.85,False,0,6,0.8571428571428571,False,5,0.7142857142857143,False,2,0.2857142857142857,False,5.0,6.0,0.8333333333333334,0.8333333333333334,1.0,False,0.8571428571428572,2.0,6.0,0.3333333333333333,0.3333333333333333,1.0,False,0.4285714285714286,2.0,5.0,0.4,0.4,1.0,False,0.5714285714285714
2018,CE,DEM,6,1.1512894306190395,1010000.0,False,0,1,0.16666666666666666,False,1,0.16666666666666666,False,1,0.16666666666666666,False,1.0,1.0,1.0,1.0,1.0,True,1.0,1.0,1.0,1.0,1.0,1.0,True,1.0,1.0,1.0,1.0,1.0,1.0,True,1.0
2018,CE,MDB,6,3.340938300995489,3458871.4399999995,False,1,3,0.5,False,3,0.5,False,3,0.5,False,3.0,3.0,1.0,1.0,1.0,True,1.0,3.0,3.0,1.0,1.0,1.0,True,1.0,3.0,3.0,1.0,1.0,1.0,True,1.0
2018,CE,NOVO,6,4.289309328097348,8596.34,False,0,4,0.6666666666666666,True,4,0.6666666666666666,True,2,0.3333333333333333,False,4.0,4.0,1.0,1.0,1.0,True,1.0,2.0,4.0,0.5,0.5,1.0,False,0.6666666666666667,2.0,4.0,0.5,0.5,1.0,False,0.6666666666666667
2018,CE,PATRI,19,8.856005948272141,124704.34999999999,False,1,9,0.47368421052631576,False,9,0.47368421052631576,False,6,0.3157894736842105,False,9.0,9.0,1.0,1.0,1.0,True,1.0,6.0,9.0,0.6666666666666666,0.6666666666666666,1.0,False,0.8421052631578947,6.0,9.0,0.6666666666666666,0.6666666666666666,1.0,False,0.8421052631578947
2018,CE,PC DO B,3,1.986100507323122,2110480.51,False,0,2,0.6666666666666666,False,2,0.6666666666666666,False,2,0.6666666666666666,False,2.0,2.0,1.0,1.0,1.0,True,1.0,2.0,2.0,1.0,1.0,1.0,True,1.0,2.0,2.0,1.0,1.0,1.0,True,1.0
2018,CE,PDT,14,3.1378905102340617,1790000.0,False,6,3,0.21428571428571427,False,3,0.21428571428571427,False,3,0.21428571428571427,False,3.0,3.0,1.0,1.0,1.0,True,1.0,3.0,3.0,1.0,1.0,1.0,True,1.0,3.0,3.0,1.0,1.0,1.0,True,1.0
2018,CE,PHS,5,2.456857360657282,47379.5,False,0,2,0.4,False,2,0.4,False,2,0.4,False,2.0,2.0,1.0,1.0,1.0,True,1.0,2.0,2.0,1.0,1.0,1.0,True,1.0,2.0,2.0,1.0,1.0,1.0,True,1.0
2018,CE,PMN,3,1.1740989615149666,620000.0,False,0,1,0.3333333333333333,False,1,0.3333333333333333,False,1,0.3333333333333333,False,1.0,1.0,1.0,1.0,1.0,True,1.0,1.0,1.0,1.0,1.0,1.0,True,1.0,1.0,1.0,1.0,1.0,1.0,True,1.0
2018,CE,PODE,3,1.0,700000.0,False,0,1,0.3333333333333333,False,1,0.3333333333333333,False,1,0.3333333333333333,False,1.0,1.0,1.0,1.0,1.0,True,1.0,1.0,1.0,1.0,1.0,1.0,True,1.0,1.0,1.0,1.0,1.0,1.0,True,1.0
2018,CE,PP,3,1.8673689498124657,3416037.5,False,1,2,0.6666666666666666,False,2,0.6666666666666666,False,1,0.3333333333333333,False,2.0,2.0,1.0,1.0,1.0,True,1.0,1.0,2.0,0.5,0.5,1.0,False,0.6666666666666667,1.0,2.0,0.5,0.5,1.0,False,0.6666666666666667
2018,CE,PPL,2,,0.0,True,0,0,0.0,False,0,0.0,False,0,0.0,False,0.0,0.0,,,,True,1.0,0.0,0.0,,,,True,1.0,0.0,0.0,,,,True,1.0
2018,CE,PPS,5,1.247117644876788,654064.05,False,0,1,0.2,False,1,0.2,False,1,0.2,False,1.0,1.0,1.0,1.0,1.0,True,1.0,1.0,1.0,1.0,1.0,1.0,True,1.0,1.0,1.0,1.0,1.0,1.0,True,1.0
2018,CE,PR,4,1.9686320127447727,4126666.67,False,1,2,0.5,False,2,0.5,False,2,0.5,False,2.0,2.0,1.0,1.0,1.0,True,1.0,2.0,2.0,1.0,1.0,1.0,True,1.0,2.0,2.0,1.0,1.0,1.0,True,1.0
2018,CE,PRB,1,1.0,1119020.0,False,0,1,1.0,False,1,1.0,False,0,0.0,False,1.0,1.0,1.0,1.0,1.0,True,1.0,0.0,1.0,0.0,0.0,,False,0.0,0.0,1.0,0.0,0.0,,False,0.0
2018,CE,PROS,30,5.719352282766164,2295818.7199999997,False,2,6,0.2,False,6,0.2,False,7,0.23333333333333334,False,6.0,6.0,1.0,1.0,1.0,True,1.0,6.0,7.0,0.8571428571428571,1.0,0.8571428571428571,False,0.9666666666666667,6.0,7.0,0.8571428571428571,1.0,0.8571428571428571,False,0.9666666666666667
2018,CE,PRP,1,1.0,215.0,False,0,1,1.0,False,1,1.0,False,0,0.0,False,1.0,1.0,1.0,1.0,1.0,True,1.0,0.0,1.0,0.0,0.0,,False,0.0,0.0,1.0,0.0,0.0,,False,0.0
2018,CE,PRTB,5,3.569244637695571,49976.25,False,0,4,0.8,False,3,0.6,True,2,0.4,False,3.0,4.0,0.75,0.75,1.0,False,0.8,2.0,4.0,0.5,0.5,1.0,False,0.6,2.0,3.0,0.6666666666666666,0.6666666666666666,1.0,False,0.8
2018,CE,PSB,3,1.7593577144084633,1810000.0,False,1,2,0.6666666666666666,False,2,0.6666666666666666,False,1,0.3333333333333333,False,2.0,2.0,1.0,1.0,1.0,True,1.0,1.0,2.0,0.5,0.5,1.0,False,0.6666666666666667,1.0,2.0,0.5,0.5,1.0,False,0.6666666666666667
2018,CE,PSC,1,1.0,1272500.0,False,0,1,1.0,False,1,1.0,False,0,0.0,False,1.0,1.0,1.0,1.0,1.0,True,1.0,0.0,1.0,0.0,0.0,,False,0.0,0.0,1.0,0.0,0.0,,False,0.0
2018,CE,PSD,5,1.9756965538472115,1464939.8,False,1,2,0.4,False,2,0.4,False,2,0.4,False,2.0,2.0,1.0,1.0,1.0,True,1.0,2.0,2.0,1.0,1.0,1.0,True,1.0,2.0,2.0,1.0,1.0,1.0,True,1.0
2018,CE,PSDB,13,3.9441375771508183,3380620.35,False,1,4,0.3076923076923077,False,3,0.23076923076923078,False,4,0.3076923076923077,False,3.0,4.0,0.75,0.75,1.0,False,0.9230769230769231,4.0,4.0,1.0,1.0,1.0,True,1.0,3.0,4.0,0.75,1.0,0.75,False,0.9230769230769231
2018,CE,PSL,21,1.0,50000.0,False,1,1,0.047619047619047616,False,1,0.047619047619047616,False,1,0.047619047619047616,False,1.0,1.0,1.0,1.0,1.0,True,1.0,1.0,1.0,1.0,1.0,1.0,True,1.0,1.0,1.0,1.0,1.0,1.0,True,1.0
2018,CE,PSOL,23,5.846991011512567,241072.21000000005,False,0,6,0.2608695652173913,True,8,0.34782608695652173,False,8,0.34782608695652173,False,6.0,8.0,0.75,1.0,0.75,False,0.9130434782608696,6.0,8.0,0.75,1.0,0.75,False,0.9130434782608696,8.0,8.0,1.0,1.0,1.0,True,1.0
2018,CE,PSTU,1,,0.0,True,0,0,0.0,False,0,0.0,False,0,0.0,False,0.0,0.0,,,,True,1.0,0.0,0.0,,,,True,1.0,0.0,0.0,,,,True,1.0
2018,CE,PT,12,4.569792451040216,3944432.5999999996,False,3,5,0.4166666666666667,False,4,0.3333333333333333,False,4,0.3333333333333333,False,4.0,5.0,0.8,0.8,1.0,False,0.9166666666666666,4.0,5.0,0.8,0.8,1.0,False,0.9166666666666666,4.0,4.0,1.0,1.0,1.0,True,1.0
2018,CE,PTB,2,1.653681710213777,295000.0,False,1,2,1.0,False,2,1.0,False,1,0.5,False,2.0,2.0,1.0,1.0,1.0,True,1.0,1.0,2.0,0.5,0.5,1.0,False,0.5,1.0,2.0,0.5,0.5,1.0,False,0.5
2018,CE,PV,2,1.031676969497813,679688.01,False,1,1,0.5,False,1,0.5,False,1,0.5,False,1.0,1.0,1.0,1.0,1.0,True,1.0,1.0,1.0,1.0,1.0,1.0,True,1.0,1.0,1.0,1.0,1.0,1.0,True,1.0
2018,CE,REDE,15,13.465453689906678,23440.0,False,0,13,0.8666666666666667,False,11,0.7333333333333333,True,4,0.26666666666666666,False,11.000000000000002,13.0,0.8461538461538463,0.8461538461538463,1.0000000000000002,False,0.8666666666666667,4.0,13.0,0.3076923076923077,0.3076923076923077,1.0,False,0.4,4.0,11.000000000000002,0.3636363636363636,0.36363636363636365,1.0,False,0.5333333333333333
2018,CE,SOLIDARIEDADE,2,1.5347800813795778,890000.0,False,1,2,1.0,False,2,1.0,False,1,0.5,False,2.0,2.0,1.0,1.0,1.0,True,1.0,1.0,2.0,0.5,0.5,1.0,False,0.5,1.0,2.0,0.5,0.5,1.0,False,0.5
2018,DF,AVANTE,8,6.720373540372146,126989.17000000001,False,0,7,0.875,False,6,0.75,False,3,0.375,False,6.0,7.0,0.8571428571428571,0.8571428571428571,1.0,False,0.875,3.0,7.0,0.42857142857142855,0.42857142857142855,1.0,False,0.5,3.0,6.0,0.5,0.5,1.0,False,0.625
2018,DF,DC,10,9.929373971578451,27961.5,False,0,10,1.0,False,8,0.8,True,2,0.2,False,8.0,10.0,0.8,0.8,1.0,False,0.8,2.0,10.0,0.2,0.2,1.0,False,0.19999999999999996,2.0,8.0,0.25,0.25,1.0,False,0.4
2018,DF,DEM,3,1.0,855000.0,False,1,1,0.3333333333333333,False,1,0.3333333333333333,False,1,0.3333333333333333,False,1.0,1.0,1.0,1.0,1.0,True,1.0,1.0,1.0,1.0,1.0,1.0,True,1.0,1.0,1.0,1.0,1.0,1.0,True,1.0
2018,DF,MDB,3,1.3637565986407543,2578885.08,False,0,1,0.3333333333333333,False,1,0.3333333333333333,False,1,0.3333333333333333,False,1.0,1.0,1.0,1.0,1.0,True,1.0,1.0,1.0,1.0,1.0,1.0,True,1.0,1.0,1.0,1.0,1.0,1.0,True,1.0
2018,DF,NOVO,6,4.473596548192738,9404.96,False,0,4,0.6666666666666666,True,5,0.8333333333333334,True,1,0.16666666666666666,False,4.0,5.0,0.8,1.0,0.8,False,0.8333333333333334,1.0,4.0,0.25,0.25,1.0,False,0.5,1.0,5.0,0.2,0.2,1.0,False,0.33333333333333337
2018,DF,PATRI,1,1.0,40000.0,False,0,1,1.0,False,1,1.0,False,0,0.0,False,1.0,1.0,1.0,1.0,1.0,True,1.0,0.0,1.0,0.0,0.0,,False,0.0,0.0,1.0,0.0,0.0,,False,0.0
2018,DF,PC DO B,2,1.1732012610744522,74760.0,False,0,1,0.5,False,1,0.5,False,1,0.5,False,1.0,1.0,1.0,1.0,1.0,True,1.0,1.0,1.0,1.0,1.0,1.0,True,1.0,1.0,1.0,1.0,1.0,1.0,True,1.0
2018,DF,PCB,1,1.0,10101.11,False,0,1,1.0,False,1,1.0,False,0,0.0,False,1.0,1.0,1.0,1.0,1.0,True,1.0,0.0,1.0,0.0,0.0,,False,0.0,0.0,1.0,0.0,0.0,,False,0.0
2018,DF,PDT,4,2.338100463733229,25700.0,False,0,2,0.5,False,2,0.5,False,1,0.25,False,2.0,2.0,1.0,1.0,1.0,True,1.0,1.0,2.0,0.5,0.5,1.0,False,0.75,1.0,2.0,0.5,0.5,1.0,False,0.75
2018,DF,PHS,3,2.2889827408019205,297721.36,False,0,2,0.6666666666666666,False,2,0.6666666666666666,False,2,0.6666666666666666,False,2.0,2.0,1.0,1.0,1.0,True,1.0,2.0,2.0,1.0,1.0,1.0,True,1.0,2.0,2.0,1.0,1.0,1.0,True,1.0
2018,DF,PMB,1,1.0,27000.0,False,0,1,1.0,False,1,1.0,False,0,0.0,False,1.0,1.0,1.0,1.0,1.0,True,1.0,0.0,1.0,0.0,0.0,,False,0.0,0.0,1.0,0.0,0.0,,False,0.0
2018,DF,PMN,5,1.0,150000.0,False,0,1,0.2,False,1,0.2,False,1,0.2,False,1.0,1.0,1.0,1.0,1.0,True,1.0,1.0,1.0,1.0,1.0,1.0,True,1.0,1.0,1.0,1.0,1.0,1.0,True,1.0
2018,DF,PODE,1,1.0,750553.6,False,0,1,1.0,False,1,1.0,False,0,0.0,False,1.0,1.0,1.0,1.0,1.0,True,1.0,0.0,1.0,0.0,0.0,,False,0.0,0.0,1.0,0.0,0.0,,False,0.0
2018,DF,PP,2,1.8282762174659832,3318490.0,False,1,2,1.0,False,2,1.0,False,1,0.5,False,2.0,2.0,1.0,1.0,1.0,True,1.0,1.0,2.0,0.5,0.5,1.0,False,0.5,1.0,2.0,0.5,0.5,1.0,False,0.5
2018,DF,PPL,13,6.050131102092195,115814.73,False,0,6,0.46153846153846156,False,5,0.38461538461538464,False,4,0.3076923076923077,False,5.0,6.0,0.8333333333333334,0.8333333333333334,1.0,False,0.9230769230769231,4.0,6.0,0.6666666666666666,0.6666666666666666,1.0,False,0.8461538461538461,4.0,5.0,0.8,0.8,1.0,False,0.9230769230769231
2018,DF,PPS,4,1.6959479705588199,133040.0,False,1,2,0.5,False,2,0.5,False,1,0.25,False,2.0,2.0,1.0,1.0,1.0,True,1.0,1.0,2.0,0.5,0.5,1.0,False,0.75,1.0,2.0,0.5,0.5,1.0,False,0.75
2018,DF,PR,5,2.2014613098550235,4885150.0,False,1,2,0.4,False,2,0.4,False,2,0.4,False,2.0,2.0,1.0,1.0,1.0,True,1.0,2.0,2.0,1.0,1.0,1.0,True,1.0,2.0,2.0,1.0,1.0,1.0,True,1.0
2018,DF,PRB,3,1.1823617364982388,930951.7199999999,False,1,1,0.3333333333333333,False,1,0.3333333333333333,False,1,0.3333333333333333,False,1.0,1.0,1.0,1.0,1.0,True,1.0,1.0,1.0,1.0,1.0,1.0,True,1.0,1.0,1.0,1.0,1.0,1.0,True,1.0
2018,DF,PROS,7,3.452996120917203,3422291.4800000004,False,0,3,0.42857142857142855,False,3,0.42857142857142855,False,3,0.42857142857142855,False,3.0,3.0,1.0,1.0,1.0,True,1.0,3.0,3.0,1.0,1.0,1.0,True,1.0,3.0,3.0,1.0,1.0,1.0,True,1.0
2018,DF,PRP,9,1.802135160778948,126536.87999999999,False,1,2,0.2222222222222222,False,2,0.2222222222222222,False,2,0.2222222222222222,False,2.0,2.0,1.0,1.0,1.0,True,1.0,2.0,2.0,1.0,1.0,1.0,True,1.0,2.0,2.0,1.0,1.0,1.0,True,1.0
2018,DF,PRTB,5,4.02644299118567,29750.0,False,0,4,0.8,False,4,0.8,False,2,0.4,False,4.0,4.0,1.0,1.0,1.0,True,1.0,2.0,4.0,0.5,0.5,1.0,False,0.6,2.0,4.0,0.5,0.5,1.0,False,0.6
2018,DF,PSB,2,1.8741730581001421,1349725.6400000001,False,0,2,1.0,False,2,1.0,False,1,0.5,False,2.0,2.0,1.0,1.0,1.0,True,1.0,1.0,2.0,0.5,0.5,1.0,False,0.5,1.0,2.0,0.5,0.5,1.0,False,0.5
2018,DF,PSC,4,3.4901482125620324,466042.23000000004,False,0,3,0.75,False,3,0.75,False,1,0.25,False,3.0,3.0,1.0,1.0,1.0,True,1.0,1.0,3.0,0.3333333333333333,0.3333333333333333,1.0,False,0.5,1.0,3.0,0.3333333333333333,0.3333333333333333,1.0,False,0.5
2018,DF,PSD,1,1.0,436278.52,False,0,1,1.0,False,1,1.0,False,0,0.0,False,1.0,1.0,1.0,1.0,1.0,True,1.0,0.0,1.0,0.0,0.0,,False,0.0,0.0,1.0,0.0,0.0,,False,0.0
2018,DF,PSDB,8,4.654616118909267,571920.35,False,0,5,0.625,False,5,0.625,False,2,0.25,False,5.0,5.0,1.0,1.0,1.0,True,1.0,2.0,5.0,0.4,0.4,1.0,False,0.625,2.0,5.0,0.4,0.4,1.0,False,0.625
2018,DF,PSL,3,2.3270841297010096,14649.5,False,0,2,0.6666666666666666,False,2,0.6666666666666666,False,2,0.6666666666666666,False,2.0,2.0,1.0,1.0,1.0,True,1.0,2.0,2.0,1.0,1.0,1.0,True,1.0,2.0,2.0,1.0,1.0,1.0,True,1.0
2018,DF,PSOL,15,6.373153765141243,279507.33999999997,False,0,6,0.4,False,6,0.4,False,6,0.4,False,6.0,6.0,1.0,1.0,1.0,True,1.0,6.0,6.0,1.0,1.0,1.0,True,1.0,6.0,6.0,1.0,1.0,1.0,True,1.0
2018,DF,PSTU,1,1.0,2487.9300000000003,False,0,1,1.0,False,1,1.0,False,0,0.0,False,1.0,1.0,1.0,1.0,1.0,True,1.0,0.0,1.0,0.0,0.0,,False,0.0,0.0,1.0,0.0,0.0,,False,0.0
2018,DF,PT,16,3.3194971682866967,2116882.35,False,1,3,0.1875,False,3,0.1875,False,3,0.1875,False,3.0,3.0,1.0,1.0,1.0,True,1.0,3.0,3.0,1.0,1.0,1.0,True,1.0,3.0,3.0,1.0,1.0,1.0,True,1.0
2018,DF,PTB,1,1.0,185000.0,False,0,1,1.0,False,1,1.0,False,0,0.0,False,1.0,1.0,1.0,1.0,1.0,True,1.0,0.0,1.0,0.0,0.0,,False,0.0,0.0,1.0,0.0,0.0,,False,0.0
2018,DF,PTC,6,1.543209876543209,250000.0,False,0,2,0.3333333333333333,True,1,0.16666666666666666,False,1,0.16666666666666666,False,1.0,1.9999999999999998,0.5000000000000001,0.5,1.0,False,0.8333333333333334,1.0,1.9999999999999998,0.5000000000000001,0.5,1.0,False,0.8333333333333334,1.0,1.0,1.0,1.0,1.0,True,1.0
2018,DF,PV,2,1.5480725661317998,584300.0,False,1,2,1.0,False,2,1.0,False,1,0.5,False,2.0,2.0,1.0,1.0,1.0,True,1.0,1.0,2.0,0.5,0.5,1.0,False,0.5,1.0,2.0,0.5,0.5,1.0,False,0.5
2018,DF,REDE,6,1.0357079375111096,91600.0,False,0,1,0.16666666666666666,False,1,0.16666666666666666,False,1,0.16666666666666666,False,1.0,1.0,1.0,1.0,1.0,True,1.0,1.0,1.0,1.0,1.0,1.0,True,1.0,1.0,1.0,1.0,1.0,1.0,True,1.0
2018,DF,SOLIDARIEDADE,1,1.0,641737.3200000001,False,0,1,1.0,False,1,1.0,False,0,0.0,False,1.0,1.0,1.0,1.0,1.0,True,1.0,0.0,1.0,0.0,0.0,,False,0.0,0.0,1.0,0.0,0.0,,False,0.0
2018,ES,AVANTE,2,1.999973185488534,35913.1,False,0,2,1.0,False,2,1.0,False,1,0.5,False,2.0,2.0,1.0,1.0,1.0,True,1.0,1.0,2.0,0.5,0.5,1.0,False,0.5,1.0,2.0,0.5,0.5,1.0,False,0.5
2018,ES,DC,11,8.980873830739938,36826.97,False,0,9,0.8181818181818182,False,8,0.7272727272727273,False,9,0.8181818181818182,False,8.0,9.0,0.8888888888888888,0.8888888888888888,1.0,False,0.9090909090909091,9.0,9.0,1.0,1.0,1.0,True,1.0,8.0,9.0,0.8888888888888888,1.0,0.8888888888888888,False,0.9090909090909091
2018,ES,DEM,2,1.0,1650000.0,False,1,1,0.5,False,1,0.5,False,1,0.5,False,1.0,1.0,1.0,1.0,1.0,True,1.0,1.0,1.0,1.0,1.0,1.0,True,1.0,1.0,1.0,1.0,1.0,1.0,True,1.0
2018,ES,MDB,4,1.1075548826215342,2514835.5,False,0,1,0.25,False,1,0.25,False,1,0.25,False,1.0,1.0,1.0,1.0,1.0,True,1.0,1.0,1.0,1.0,1.0,1.0,True,1.0,1.0,1.0,1.0,1.0,1.0,True,1.0
2018,ES,NOVO,6,5.999999999999999,10880.64,False,0,6,1.0,False,5,0.8333333333333334,True,0,0.0,False,5.0,6.0,0.8333333333333334,0.8333333333333334,1.0,False,0.8333333333333334,0.0,6.0,0.0,0.0,,False,0.0,0.0,5.0,0.0,0.0,,False,0.16666666666666663
2018,ES,PATRI,1,,0.0,True,0,0,0.0,False,0,0.0,False,0,0.0,False,0.0,0.0,,,,True,1.0,0.0,0.0,,,,True,1.0,0.0,0.0,,,,True,1.0
2018,ES,PC DO B,1,1.0,1063606.81,False,0,1,1.0,False,1,1.0,False,0,0.0,False,1.0,1.0,1.0,1.0,1.0,True,1.0,0.0,1.0,0.0,0.0,,False,0.0,0.0,1.0,0.0,0.0,,False,0.0
2018,ES,PDT,5,1.1762816331711787,759896.7,False,1,1,0.2,False,1,0.2,False,1,0.2,False,1.0,1.0,1.0,1.0,1.0,True,1.0,1.0,1.0,1.0,1.0,1.0,True,1.0,1.0,1.0,1.0,1.0,1.0,True,1.0
2018,ES,PHS,3,2.0,100000.0,False,0,2,0.6666666666666666,False,2,0.6666666666666666,False,2,0.6666666666666666,False,2.0,2.0,1.0,1.0,1.0,True,1.0,2.0,2.0,1.0,1.0,1.0,True,1.0,2.0,2.0,1.0,1.0,1.0,True,1.0
2018,ES,PMB,5,3.6584590283211242,37486.0,False,0,4,0.8,False,3,0.6,False,2,0.4,False,3.0,4.0,0.75,0.75,1.0,False,0.8,2.0,4.0,0.5,0.5,1.0,False,0.6,2.0,3.0,0.6666666666666666,0.6666666666666666,1.0,False,0.8
2018,ES,PMN,1,1.0,300.0,False,0,1,1.0,False,1,1.0,False,0,0.0,False,1.0,1.0,1.0,1.0,1.0,True,1.0,0.0,1.0,0.0,0.0,,False,0.0,0.0,1.0,0.0,0.0,,False,0.0
2018,ES,PODE,6,5.999999999999999,1200.0,False,0,6,1.0,False,5,0.8333333333333334,True,0,0.0,False,5.0,6.0,0.8333333333333334,0.8333333333333334,1.0,False,0.8333333333333334,0.0,6.0,0.0,0.0,,False,0.0,0.0,5.0,0.0,0.0,,False,0.16666666666666663
2018,ES,PP,7,3.432388164756608,2742747.81,False,1,3,0.42857142857142855,False,3,0.42857142857142855,False,2,0.2857142857142857,False,3.0,3.0,1.0,1.0,1.0,True,1.0,2.0,3.0,0.6666666666666666,0.6666666666666666,1.0,False,0.8571428571428572,2.0,3.0,0.6666666666666666,0.6666666666666666,1.0,False,0.8571428571428572
2018,ES,PPL,1,1.0,16000.0,False,0,1,1.0,False,1,1.0,False,0,0.0,False,1.0,1.0,1.0,1.0,1.0,True,1.0,0.0,1.0,0.0,0.0,,False,0.0,0.0,1.0,0.0,0.0,,False,0.0
2018,ES,PPS,5,3.3448573986858525,1475646.22,False,1,3,0.6,False,3,0.6,False,2,0.4,False,3.0,3.0,1.0,1.0,1.0,True,1.0,2.0,3.0,0.6666666666666666,0.6666666666666666,1.0,False,0.8,2.0,3.0,0.6666666666666666,0.6666666666666666,1.0,False,0.8
2018,ES,PR,3,1.936422051236024,3857975.71,False,1,2,0.6666666666666666,False,2,0.6666666666666666,False,2,0.6666666666666666,False,2.0,2.0,1.0,1.0,1.0,True,1.0,2.0,2.0,1.0,1.0,1.0,True,1.0,2.0,2.0,1.0,1.0,1.0,True,1.0
2018,ES,PRB,10,3.5257091643356606,3283391.369999999,False,1,4,0.4,False,3,0.3,False,3,0.3,False,3.0,4.0,0.75,0.75,1.0,False,0.9,3.0,4.0,0.75,0.75,1.0,False,0.9,3.0,3.0,1.0,1.0,1.0,True,1.0
2018,ES,PROS,3,1.0245267943648109,412656.04,False,0,1,0.3333333333333333,False,1,0.3333333333333333,False,1,0.3333333333333333,False,1.0,1.0,1.0,1.0,1.0,True,1.0,1.0,1.0,1.0,1.0,1.0,True,1.0,1.0,1.0,1.0,1.0,1.0,True,1.0
2018,ES,PRP,3,2.5350114680334532,191365.05,False,0,3,1.0,False,2,0.6666666666666666,False,1,0.3333333333333333,False,2.0,3.0,0.6666666666666666,0.6666666666666666,1.0,False,0.6666666666666667,1.0,3.0,0.3333333333333333,0.3333333333333333,1.0,False,0.33333333333333337,1.0,2.0,0.5,0.5,1.0,False,0.6666666666666667
2018,ES,PRTB,6,2.0,2000.0,False,0,2,0.3333333333333333,False,2,0.3333333333333333,False,2,0.3333333333333333,False,2.0,2.0,1.0,1.0,1.0,True,1.0,2.0,2.0,1.0,1.0,1.0,True,1.0,2.0,2.0,1.0,1.0,1.0,True,1.0
2018,ES,PSB,10,2.9299555364783654,2351055.0,False,2,3,0.3,False,4,0.4,False,3,0.3,False,3.0,4.0,0.75,1.0,0.75,False,0.9,3.0,3.0,1.0,1.0,1.0,True,1.0,3.0,4.0,0.75,0.75,1.0,False,0.9
2018,ES,PSC,1,1.0,1040000.0,False,0,1,1.0,False,1,1.0,False,0,0.0,False,1.0,1.0,1.0,1.0,1.0,True,1.0,0.0,1.0,0.0,0.0,,False,0.0,0.0,1.0,0.0,0.0,,False,0.0
2018,ES,PSD,2,1.5895952023180746,1016500.0,False,0,2,1.0,False,2,1.0,False,1,0.5,False,2.0,2.0,1.0,1.0,1.0,True,1.0,1.0,2.0,0.5,0.5,1.0,False,0.5,1.0,2.0,0.5,0.5,1.0,False,0.5
2018,ES,PSDB,3,1.0685305127620035,1110350.0,False,0,1,0.3333333333333333,False,1,0.3333333333333333,False,1,0.3333333333333333,False,1.0,1.0,1.0,1.0,1.0,True,1.0,1.0,1.0,1.0,1.0,1.0,True,1.0,1.0,1.0,1.0,1.0,1.0,True,1.0
2018,ES,PSL,7,1.1717220965184063,310884.65,False,1,1,0.14285714285714285,False,1,0.14285714285714285,False,1,0.14285714285714285,False,1.0,1.0,1.0,1.0,1.0,True,1.0,1.0,1.0,1.0,1.0,1.0,True,1.0,1.0,1.0,1.0,1.0,1.0,True,1.0
2018,ES,PSOL,7,6.800004164200665,24604.119999999995,False,0,7,1.0,False,6,0.8571428571428571,False,2,0.2857142857142857,False,6.0,7.0,0.8571428571428571,0.8571428571428571,1.0,False,0.8571428571428572,2.0,7.0,0.2857142857142857,0.2857142857142857,1.0,False,0.2857142857142857,2.0,6.0,0.3333333333333333,0.3333333333333333,1.0,False,0.4285714285714286
2018,ES,PT,15,2.5892391628966362,1594500.0,False,1,3,0.2,True,2,0.13333333333333333,False,2,0.13333333333333333,False,2.0,3.0,0.6666666666666666,0.6666666666666666,1.0,False,0.9333333333333333,2.0,3.0,0.6666666666666666,0.6666666666666666,1.0,False,0.9333333333333333,2.0,2.0,1.0,1.0,1.0,True,1.0
2018,ES,PTB,13,3.400822893768848,190815.0,False,0,3,0.23076923076923078,False,5,0.38461538461538464,False,2,0.15384615384615385,False,3.0,5.0,0.6,1.0,0.6,False,0.8461538461538461,2.0,3.0,0.6666666666666666,0.6666666666666666,1.0,False,0.9230769230769231,2.0,5.0,0.4,0.4,1.0,False,0.7692307692307692
2018,ES,PTC,1,1.0,60000.0,False,0,1,1.0,False,1,1.0,False,0,0.0,False,1.0,1.0,1.0,1.0,1.0,True,1.0,0.0,1.0,0.0,0.0,,False,0.0,0.0,1.0,0.0,0.0,,False,0.0
2018,ES,PV,5,4.382984334650654,189457.68,False,0,4,0.8,False,4,0.8,False,2,0.4,False,4.0,4.0,1.0,1.0,1.0,True,1.0,2.0,4.0,0.5,0.5,1.0,False,0.6,2.0,4.0,0.5,0.5,1.0,False,0.6
2018,ES,REDE,6,1.0084209033413256,190800.0,False,0,1,0.16666666666666666,False,1,0.16666666666666666,False,1,0.16666666666666666,False,1.0,1.0,1.0,1.0,1.0,True,1.0,1.0,1.0,1.0,1.0,1.0,True,1.0,1.0,1.0,1.0,1.0,1.0,True,1.0
2018,ES,SOLIDARIEDADE,2,1.0480491579847075,1278000.0,False,0,1,0.5,False,1,0.5,False,1,0.5,False,1.0,1.0,1.0,1.0,1.0,True,1.0,1.0,1.0,1.0,1.0,1.0,True,1.0,1.0,1.0,1.0,1.0,1.0,True,1.0
2018,GO,AVANTE,6,,0.0,True,0,0,0.0,False,0,0.0,False,0,0.0,False,0.0,0.0,,,,True,1.0,0.0,0.0,,,,True,1.0,0.0,0.0,,,,True,1.0
2018,GO,DC,12,1.7663041395334493,71489.11,False,0,2,0.16666666666666666,False,2,0.16666666666666666,False,1,0.08333333333333333,False,2.0,2.0,1.0,1.0,1.0,True,1.0,1.0,2.0,0.5,0.5,1.0,False,0.9166666666666666,1.0,2.0,0.5,0.5,1.0,False,0.9166666666666666
2018,GO,DEM,6,3.407298400883113,1887150.2399999998,False,2,3,0.5,False,3,0.5,False,3,0.5,False,3.0,3.0,1.0,1.0,1.0,True,1.0,3.0,3.0,1.0,1.0,1.0,True,1.0,3.0,3.0,1.0,1.0,1.0,True,1.0
2018,GO,MDB,14,1.811223441345992,1130250.0,False,0,2,0.14285714285714285,False,2,0.14285714285714285,False,2,0.14285714285714285,False,2.0,2.0,1.0,1.0,1.0,True,1.0,2.0,2.0,1.0,1.0,1.0,True,1.0,2.0,2.0,1.0,1.0,1.0,True,1.0
2018,GO,NOVO,6,4.591900645271427,10094.96,False,0,5,0.8333333333333334,True,5,0.8333333333333334,True,2,0.3333333333333333,False,5.0,5.0,1.0,1.0,1.0,True,1.0,2.0,5.0,0.4,0.4,1.0,False,0.5,2.0,5.0,0.4,0.4,1.0,False,0.5
2018,GO,PATRI,8,,0.0,True,0,0,0.0,False,0,0.0,False,0,0.0,False,0.0,0.0,,,,True,1.0,0.0,0.0,,,,True,1.0,0.0,0.0,,,,True,1.0
2018,GO,PC DO B,3,1.0045748488831083,175368.65,False,0,1,0.3333333333333333,False,1,0.3333333333333333,False,1,0.3333333333333333,False,1.0,1.0,1.0,1.0,1.0,True,1.0,1.0,1.0,1.0,1.0,1.0,True,1.0,1.0,1.0,1.0,1.0,1.0,True,1.0
2018,GO,PCB,1,1.0,3835.98,False,0,1,1.0,False,1,1.0,False,0,0.0,False,1.0,1.0,1.0,1.0,1.0,True,1.0,0.0,1.0,0.0,0.0,,False,0.0,0.0,1.0,0.0,0.0,,False,0.0
2018,GO,PCO,1,1.0,2350.0,False,0,1,1.0,False,1,1.0,False,0,0.0,False,1.0,1.0,1.0,1.0,1.0,True,1.0,0.0,1.0,0.0,0.0,,False,0.0,0.0,1.0,0.0,0.0,,False,0.0
2018,GO,PDT,2,1.0,1518566.19,False,1,1,0.5,False,1,0.5,False,1,0.5,False,1.0,1.0,1.0,1.0,1.0,True,1.0,1.0,1.0,1.0,1.0,1.0,True,1.0,1.0,1.0,1.0,1.0,1.0,True,1.0
2018,GO,PHS,20,7.996844343058318,827935.6699999999,False,0,8,0.4,False,7,0.35,True,5,0.25,False,7.0,8.0,0.875,0.875,1.0,False,0.95,5.0,8.0,0.625,0.625,1.0,False,0.85,5.0,7.0,0.7142857142857143,0.7142857142857143,1.0,False,0.9
2018,GO,PMN,4,1.8995157623588004,81886.19,False,0,2,0.5,False,2,0.5,False,2,0.5,False,2.0,2.0,1.0,1.0,1.0,True,1.0,2.0,2.0,1.0,1.0,1.0,True,1.0,2.0,2.0,1.0,1.0,1.0,True,1.0
2018,GO,PODE,4,1.6864950264666756,447846.19,False,1,2,0.5,False,2,0.5,False,2,0.5,False,2.0,2.0,1.0,1.0,1.0,True,1.0,2.0,2.0,1.0,1.0,1.0,True,1.0,2.0,2.0,1.0,1.0,1.0,True,1.0
2018,GO,PP,6,3.7176348269423087,7050887.2,False,2,4,0.6666666666666666,False,3,0.5,False,3,0.5,False,3.0,4.0,0.75,0.75,1.0,False,0.8333333333333334,3.0,4.0,0.75,0.75,1.0,False,0.8333333333333334,3.0,3.0,1.0,1.0,1.0,True,1.0
2018,GO,PPS,1,1.0,1168128.11,False,0,1,1.0,False,1,1.0,False,0,0.0,False,1.0,1.0,1.0,1.0,1.0,True,1.0,0.0,1.0,0.0,0.0,,False,0.0,0.0,1.0,0.0,0.0,,False,0.0
2018,GO,PR,1,1.0,2000000.0,False,1,1,1.0,False,1,1.0,False,0,0.0,False,1.0,1.0,1.0,1.0,1.0,True,1.0,0.0,1.0,0.0,0.0,,False,0.0,0.0,1.0,0.0,0.0,,False,0.0
2018,GO,PRB,1,1.0,1315830.0,False,1,1,1.0,False,1,1.0,False,0,0.0,False,1.0,1.0,1.0,1.0,1.0,True,1.0,0.0,1.0,0.0,0.0,,False,0.0,0.0,1.0,0.0,0.0,,False,0.0
2018,GO,PROS,1,1.0,1793697.52,False,0,1,1.0,False,1,1.0,False,0,0.0,False,1.0,1.0,1.0,1.0,1.0,True,1.0,0.0,1.0,0.0,0.0,,False,0.0,0.0,1.0,0.0,0.0,,False,0.0
2018,GO,PRP,4,1.109293190649776,527987.3200000001,False,1,1,0.25,False,1,0.25,False,1,0.25,False,1.0,1.0,1.0,1.0,1.0,True,1.0,1.0,1.0,1.0,1.0,1.0,True,1.0,1.0,1.0,1.0,1.0,1.0,True,1.0
2018,GO,PRTB,10,7.63384745039461,9910.98,False,0,8,0.8,True,7,0.7,True,4,0.4,False,7.0,8.0,0.875,0.875,1.0,False,0.9,4.0,8.0,0.5,0.5,1.0,False,0.6,4.0,7.0,0.5714285714285714,0.5714285714285714,1.0,False,0.7
2018,GO,PSB,2,1.0,572117.5,False,1,1,0.5,False,1,0.5,False,1,0.5,False,1.0,1.0,1.0,1.0,1.0,True,1.0,1.0,1.0,1.0,1.0,1.0,True,1.0,1.0,1.0,1.0,1.0,1.0,True,1.0
2018,GO,PSC,6,1.39514106442264,182456.65999999997,False,1,1,0.16666666666666666,False,1,0.16666666666666666,False,1,0.16666666666666666,False,1.0,1.0,1.0,1.0,1.0,True,1.0,1.0,1.0,1.0,1.0,1.0,True,1.0,1.0,1.0,1.0,1.0,1.0,True,1.0
2018,GO,PSD,5,2.7486384583158774,1620000.0,False,1,3,0.6,False,3,0.6,False,1,0.2,False,3.0,3.0,1.0,1.0,1.0,True,1.0,1.0,3.0,0.3333333333333333,0.3333333333333333,1.0,False,0.6,1.0,3.0,0.3333333333333333,0.3333333333333333,1.0,False,0.6
2018,GO,PSDB,6,3.6435120803442356,3204500.0,False,1,4,0.6666666666666666,False,3,0.5,False,2,0.3333333333333333,False,3.0,4.0,0.75,0.75,1.0,False,0.8333333333333334,2.0,4.0,0.5,0.5,1.0,False,0.6666666666666667,2.0,3.0,0.6666666666666666,0.6666666666666666,1.0,False,0.8333333333333334
2018,GO,PSL,9,1.1790044895614054,457294.33,False,2,1,0.1111111111111111,False,1,0.1111111111111111,False,1,0.1111111111111111,False,1.0,1.0,1.0,1.0,1.0,True,1.0,1.0,1.0,1.0,1.0,1.0,True,1.0,1.0,1.0,1.0,1.0,1.0,True,1.0
2018,GO,PSOL,16,13.14105051022461,43886.33,False,0,13,0.8125,False,10,0.625,False,8,0.5,False,10.0,13.0,0.7692307692307693,0.7692307692307693,1.0,False,0.8125,8.0,13.0,0.6153846153846154,0.6153846153846154,1.0,False,0.6875,8.0,10.0,0.8,0.8,1.0,False,0.875
2018,GO,PT,15,1.791354459714147,1220715.15,False,1,2,0.13333333333333333,False,2,0.13333333333333333,False,1,0.06666666666666667,False,2.0,2.0,1.0,1.0,1.0,True,1.0,1.0,2.0,0.5,0.5,1.0,False,0.9333333333333333,1.0,2.0,0.5,0.5,1.0,False,0.9333333333333333
2018,GO,PTB,3,1.7613378910819448,1602845.0,False,0,2,0.6666666666666666,False,2,0.6666666666666666,False,1,0.3333333333333333,False,2.0,2.0,1.0,1.0,1.0,True,1.0,1.0,2.0,0.5,0.5,1.0,False,0.6666666666666667,1.0,2.0,0.5,0.5,1.0,False,0.6666666666666667
2018,GO,PTC,11,1.461758957832192,283331.42000000004,False,0,1,0.09090909090909091,False,1,0.09090909090909091,False,2,0.18181818181818182,False,1.0,1.0,1.0,1.0,1.0,True,1.0,1.0,2.0,0.5,1.0,0.5,False,0.9090909090909091,1.0,2.0,0.5,1.0,0.5,False,0.9090909090909091
2018,GO,PV,5,4.361534424354454,367285.79000000004,False,0,4,0.8,False,4,0.8,False,3,0.6,False,4.0,4.0,1.0,1.0,1.0,True,1.0,3.0,4.0,0.75,0.75,1.0,False,0.8,3.0,4.0,0.75,0.75,1.0,False,0.8
2018,GO,REDE,7,4.896995264913722,3576.4799999999996,False,0,5,0.7142857142857143,False,4,0.5714285714285714,True,5,0.7142857142857143,False,4.0,5.0,0.8,0.8,1.0,False,0.8571428571428572,5.0,5.0,1.0,1.0,1.0,True,1.0,4.0,5.0,0.8,1.0,0.8,False,0.8571428571428572
2018,GO,SOLIDARIEDADE,1,1.0,650000.0,False,1,1,1.0,False,1,1.0,False,0,0.0,False,1.0,1.0,1.0,1.0,1.0,True,1.0,0.0,1.0,0.0,0.0,,False,0.0,0.0,1.0,0.0,0.0,,False,0.0
2018,MA,AVANTE,1,,0.0,True,0,0,0.0,False,0,0.0,False,0,0.0,False,0.0,0.0,,,,True,1.0,0.0,0.0,,,,True,1.0,0.0,0.0,,,,True,1.0
2018,MA,DC,2,,0.0,True,0,0,0.0,False,0,0.0,False,0,0.0,False,0.0,0.0,,,,True,1.0,0.0,0.0,,,,True,1.0,0.0,0.0,,,,True,1.0
2018,MA,DEM,2,1.4013782896949674,866000.0,False,1,1,0.5,False,1,0.5,False,1,0.5,False,1.0,1.0,1.0,1.0,1.0,True,1.0,1.0,1.0,1.0,1.0,1.0,True,1.0,1.0,1.0,1.0,1.0,1.0,True,1.0
2018,MA,MDB,8,3.486935241205785,4872500.0,False,2,3,0.375,False,3,0.375,False,3,0.375,False,3.0,3.0,1.0,1.0,1.0,True,1.0,3.0,3.0,1.0,1.0,1.0,True,1.0,3.0,3.0,1.0,1.0,1.0,True,1.0
2018,MA,PATRI,6,1.0,350000.0,False,1,1,0.16666666666666666,False,1,0.16666666666666666,False,1,0.16666666666666666,False,1.0,1.0,1.0,1.0,1.0,True,1.0,1.0,1.0,1.0,1.0,1.0,True,1.0,1.0,1.0,1.0,1.0,1.0,True,1.0
2018,MA,PC DO B,4,2.010749922357006,1604300.0,False,2,2,0.5,False,2,0.5,False,2,0.5,False,2.0,2.0,1.0,1.0,1.0,True,1.0,2.0,2.0,1.0,1.0,1.0,True,1.0,2.0,2.0,1.0,1.0,1.0,True,1.0
2018,MA,PCB,2,2.0,8119.1,False,0,2,1.0,False,2,1.0,False,0,0.0,False,2.0,2.0,1.0,1.0,1.0,True,1.0,0.0,2.0,0.0,0.0,,False,0.0,0.0,2.0,0.0,0.0,,False,0.0
2018,MA,PDT,8,2.8911145811265877,1237200.0,False,1,3,0.375,False,2,0.25,False,2,0.25,False,2.0,3.0,0.6666666666666666,0.6666666666666666,1.0,False,0.875,2.0,3.0,0.6666666666666666,0.6666666666666666,1.0,False,0.875,2.0,2.0,1.0,1.0,1.0,True,1.0
2018,MA,PHS,12,6.051062020428784,427300.0,False,0,6,0.5,False,5,0.4166666666666667,True,6,0.5,False,5.0,6.0,0.8333333333333334,0.8333333333333334,1.0,False,0.9166666666666667,6.0,6.0,1.0,1.0,1.0,True,1.0,5.0,6.0,0.8333333333333334,1.0,0.8333333333333334,False,0.9166666666666667
2018,MA,PMB,3,1.095022624434389,55000.0,False,0,1,0.3333333333333333,False,1,0.3333333333333333,False,1,0.3333333333333333,False,1.0,1.0,1.0,1.0,1.0,True,1.0,1.0,1.0,1.0,1.0,1.0,True,1.0,1.0,1.0,1.0,1.0,1.0,True,1.0
2018,MA,PMN,12,2.7919992768729274,703000.0,False,2,3,0.25,False,4,0.3333333333333333,True,2,0.16666666666666666,False,3.0,4.0,0.75,1.0,0.75,False,0.9166666666666666,2.0,3.0,0.6666666666666666,0.6666666666666666,1.0,False,0.9166666666666666,2.0,4.0,0.5,0.5,1.0,False,0.8333333333333334
2018,MA,PODE,5,1.9559842667166136,885000.0,False,1,2,0.4,False,2,0.4,False,1,0.2,False,2.0,2.0,1.0,1.0,1.0,True,1.0,1.0,2.0,0.5,0.5,1.0,False,0.8,1.0,2.0,0.5,0.5,1.0,False,0.8
2018,MA,PP,4,1.8879293794206964,3570528.0,False,1,2,0.5,False,2,0.5,False,2,0.5,False,2.0,2.0,1.0,1.0,1.0,True,1.0,2.0,2.0,1.0,1.0,1.0,True,1.0,2.0,2.0,1.0,1.0,1.0,True,1.0
2018,MA,PPL,1,,0.0,True,0,0,0.0,False,0,0.0,False,0,0.0,False,0.0,0.0,,,,True,1.0,0.0,0.0,,,,True,1.0,0.0,0.0,,,,True,1.0
2018,MA,PPS,1,,0.0,True,0,0,0.0,False,0,0.0,False,0,0.0,False,0.0,0.0,,,,True,1.0,0.0,0.0,,,,True,1.0,0.0,0.0,,,,True,1.0
2018,MA,PR,4,2.972167532864567,4930000.0,False,2,3,0.75,False,3,0.75,False,3,0.75,False,3.0,3.0,1.0,1.0,1.0,True,1.0,3.0,3.0,1.0,1.0,1.0,True,1.0,3.0,3.0,1.0,1.0,1.0,True,1.0
2018,MA,PRB,2,1.0634281399446264,975000.0,False,1,1,0.5,False,1,0.5,False,1,0.5,False,1.0,1.0,1.0,1.0,1.0,True,1.0,1.0,1.0,1.0,1.0,1.0,True,1.0,1.0,1.0,1.0,1.0,1.0,True,1.0
2018,MA,PROS,3,1.8759648455363747,1093940.0,False,0,2,0.6666666666666666,False,2,0.6666666666666666,False,2,0.6666666666666666,False,2.0,2.0,1.0,1.0,1.0,True,1.0,2.0,2.0,1.0,1.0,1.0,True,1.0,2.0,2.0,1.0,1.0,1.0,True,1.0
2018,MA,PRP,1,,0.0,True,0,0,0.0,False,0,0.0,False,0,0.0,False,0.0,0.0,,,,True,1.0,0.0,0.0,,,,True,1.0,0.0,0.0,,,,True,1.0
2018,MA,PRTB,4,1.0,29982.15,False,0,1,0.25,False,1,0.25,False,1,0.25,False,1.0,1.0,1.0,1.0,1.0,True,1.0,1.0,1.0,1.0,1.0,1.0,True,1.0,1.0,1.0,1.0,1.0,1.0,True,1.0
2018,MA,PSB,4,1.4117647058823528,600000.0,False,1,1,0.25,False,1,0.25,False,1,0.25,False,1.0,1.0,1.0,1.0,1.0,True,1.0,1.0,1.0,1.0,1.0,1.0,True,1.0,1.0,1.0,1.0,1.0,1.0,True,1.0
2018,MA,PSC,3,1.0,1400000.0,False,0,1,0.3333333333333333,False,1,0.3333333333333333,False,1,0.3333333333333333,False,1.0,1.0,1.0,1.0,1.0,True,1.0,1.0,1.0,1.0,1.0,1.0,True,1.0,1.0,1.0,1.0,1.0,1.0,True,1.0
2018,MA,PSD,2,1.9983518676324643,1399800.0,False,1,2,1.0,False,2,1.0,False,1,0.5,False,2.0,2.0,1.0,1.0,1.0,True,1.0,1.0,2.0,0.5,0.5,1.0,False,0.5,1.0,2.0,0.5,0.5,1.0,False,0.5
2018,MA,PSDB,11,2.6181592338947115,2296250.0,False,0,3,0.2727272727272727,True,2,0.18181818181818182,False,2,0.18181818181818182,False,2.0,3.0000000000000004,0.6666666666666665,0.6666666666666666,1.0,False,0.9090909090909091,2.0,3.0000000000000004,0.6666666666666665,0.6666666666666666,1.0,False,0.9090909090909091,2.0,2.0,1.0,1.0,1.0,True,1.0
2018,MA,PSL,23,2.0,180.0,False,0,2,0.08695652173913043,False,2,0.08695652173913043,False,2,0.08695652173913043,False,2.0,2.0,1.0,1.0,1.0,True,1.0,2.0,2.0,1.0,1.0,1.0,True,1.0,2.0,2.0,1.0,1.0,1.0,True,1.0
2018,MA,PSOL,15,14.989544421430715,53514.90000000001,False,0,15,1.0,False,12,0.8,True,14,0.9333333333333333,False,12.000000000000002,15.0,0.8000000000000002,0.8000000000000002,1.0000000000000002,False,0.8,14.0,15.0,0.9333333333333333,0.9333333333333333,1.0,False,0.9333333333333333,12.000000000000002,14.0,0.8571428571428573,1.0000000000000002,0.8571428571428573,False,0.8666666666666667
2018,MA,PSTU,3,,0.0,True,0,0,0.0,False,0,0.0,False,0,0.0,False,0.0,0.0,,,,True,1.0,0.0,0.0,,,,True,1.0,0.0,0.0,,,,True,1.0
2018,MA,PT,22,2.296518024396556,1359846.0,False,1,2,0.09090909090909091,True,4,0.18181818181818182,False,4,0.18181818181818182,False,2.0,4.0,0.5,1.0,0.5,False,0.9090909090909091,2.0,4.0,0.5,1.0,0.5,False,0.9090909090909091,4.0,4.0,1.0,1.0,1.0,True,1.0
2018,MA,PTB,3,1.2191743056034188,1330000.0,False,1,1,0.3333333333333333,False,1,0.3333333333333333,False,1,0.3333333333333333,False,1.0,1.0,1.0,1.0,1.0,True,1.0,1.0,1.0,1.0,1.0,1.0,True,1.0,1.0,1.0,1.0,1.0,1.0,True,1.0
2018,MA,PTC,3,3.0,30000.0,False,0,3,1.0,False,3,1.0,False,0,0.0,False,3.0,3.0,1.0,1.0,1.0,True,1.0,0.0,3.0,0.0,0.0,,False,0.0,0.0,3.0,0.0,0.0,,False,0.0
2018,MA,PV,6,2.4415663299795245,353000.0,False,0,2,0.3333333333333333,False,2,0.3333333333333333,False,2,0.3333333333333333,False,2.0,2.0,1.0,1.0,1.0,True,1.0,2.0,2.0,1.0,1.0,1.0,True,1.0,2.0,2.0,1.0,1.0,1.0,True,1.0
2018,MA,REDE,5,1.6963588787170087,1890.9,False,0,2,0.4,False,2,0.4,False,2,0.4,False,2.0,2.0,1.0,1.0,1.0,True,1.0,2.0,2.0,1.0,1.0,1.0,True,1.0,2.0,2.0,1.0,1.0,1.0,True,1.0
2018,MA,SOLIDARIEDADE,2,1.1734578693047673,1250500.0,False,0,1,0.5,False,1,0.5,False,1,0.5,False,1.0,1.0,1.0,1.0,1.0,True,1.0,1.0,1.0,1.0,1.0,1.0,True,1.0,1.0,1.0,1.0,1.0,1.0,True,1.0
2018,MG,AVANTE,77,6.202472298517105,6280452.739999999,False,3,6,0.07792207792207792,False,11,0.14285714285714285,False,13,0.16883116883116883,False,6.0,11.0,0.5454545454545454,1.0,0.5454545454545454,False,0.935064935064935,6.0,13.0,0.46153846153846156,1.0,0.46153846153846156,False,0.9090909090909091,11.0,13.0,0.8461538461538461,1.0,0.8461538461538461,False,0.974025974025974
2018,MG,DC,11,4.717812723557575,19434.53,False,0,5,0.45454545454545453,True,4,0.36363636363636365,False,4,0.36363636363636365,False,4.0,5.0,0.8,0.8,1.0,False,0.9090909090909091,4.0,5.0,0.8,0.8,1.0,False,0.9090909090909091,4.0,4.0,1.0,1.0,1.0,True,1.0
2018,MG,DEM,13,3.8383070023142576,3706092.13,False,1,4,0.3076923076923077,False,3,0.23076923076923078,False,4,0.3076923076923077,False,3.0,4.0,0.75,0.75,1.0,False,0.9230769230769231,4.0,4.0,1.0,1.0,1.0,True,1.0,3.0,4.0,0.75,1.0,0.75,False,0.9230769230769231
2018,MG,MDB,20,8.120222671285726,11365693.78,False,4,8,0.4,False,7,0.35,False,7,0.35,False,7.0,8.0,0.875,0.875,1.0,False,0.95,7.0,8.0,0.875,0.875,1.0,False,0.95,7.0,7.0,1.0,1.0,1.0,True,1.0
2018,MG,NOVO,36,14.888526341174165,113038.52,False,2,15,0.4166666666666667,True,16,0.4444444444444444,True,11,0.3055555555555556,False,15.0,16.0,0.9375,1.0,0.9375,False,0.9722222222222222,11.0,15.0,0.7333333333333333,0.7333333333333333,1.0,False,0.8888888888888888,11.0,16.0,0.6875,0.6875,1.0,False,0.8611111111111112
2018,MG,PATRI,33,1.992227028641935,1679267.4,False,2,2,0.06060606060606061,False,2,0.06060606060606061,False,2,0.06060606060606061,False,2.0,2.0,1.0,1.0,1.0,True,1.0,2.0,2.0,1.0,1.0,1.0,True,1.0,2.0,2.0,1.0,1.0,1.0,True,1.0
2018,MG,PC DO B,8,1.0,1476948.46,False,0,1,0.125,False,1,0.125,False,1,0.125,False,1.0,1.0,1.0,1.0,1.0,True,1.0,1.0,1.0,1.0,1.0,1.0,True,1.0,1.0,1.0,1.0,1.0,1.0,True,1.0
2018,MG,PCB,12,3.13026549147838,164770.0,False,0,3,0.25,True,3,0.25,True,2,0.16666666666666666,False,3.0,3.0,1.0,1.0,1.0,True,1.0,2.0,3.0,0.6666666666666666,0.6666666666666666,1.0,False,0.9166666666666666,2.0,3.0,0.6666666666666666,0.6666666666666666,1.0,False,0.9166666666666666
2018,MG,PDT,24,3.611422180668848,1396833.18,False,2,4,0.16666666666666666,False,4,0.16666666666666666,False,4,0.16666666666666666,False,4.0,4.0,1.0,1.0,1.0,True,1.0,4.0,4.0,1.0,1.0,1.0,True,1.0,4.0,4.0,1.0,1.0,1.0,True,1.0
2018,MG,PHS,71,2.1755198878304363,2779157.16,False,2,2,0.028169014084507043,False,4,0.056338028169014086,False,7,0.09859154929577464,False,2.0,4.0,0.5,1.0,0.5,False,0.971830985915493,2.0,7.0,0.2857142857142857,1.0,0.2857142857142857,False,0.9295774647887324,4.0,7.0,0.5714285714285714,1.0,0.5714285714285714,False,0.9577464788732395
2018,MG,PMB,5,,0.0,True,0,0,0.0,False,0,0.0,False,0,0.0,False,0.0,0.0,,,,True,1.0,0.0,0.0,,,,True,1.0,0.0,0.0,,,,True,1.0
2018,MG,PMN,12,1.4608769995222954,185030.0,False,1,1,0.08333333333333333,False,1,0.08333333333333333,False,2,0.16666666666666666,False,1.0,1.0,1.0,1.0,1.0,True,1.0,1.0,2.0,0.5,1.0,0.5,False,0.9166666666666666,1.0,2.0,0.5,1.0,0.5,False,0.9166666666666666
2018,MG,PODE,26,3.68201525605569,2755229.4199999995,False,1,4,0.15384615384615385,False,3,0.11538461538461539,False,4,0.15384615384615385,False,3.0,4.0,0.75,0.75,1.0,False,0.9615384615384616,4.0,4.0,1.0,1.0,1.0,True,1.0,3.0,4.0,0.75,1.0,0.75,False,0.9615384615384616
2018,MG,PP,8,4.932780416872103,10335651.27,False,2,5,0.625,False,4,0.5,False,5,0.625,False,4.0,5.0,0.8,0.8,1.0,False,0.875,5.0,5.0,1.0,1.0,1.0,True,1.0,4.0,5.0,0.8,1.0,0.8,False,0.875
2018,MG,PPL,28,1.0,400.0,False,0,1,0.03571428571428571,False,1,0.03571428571428571,False,1,0.03571428571428571,False,1.0,1.0,1.0,1.0,1.0,True,1.0,1.0,1.0,1.0,1.0,1.0,True,1.0,1.0,1.0,1.0,1.0,1.0,True,1.0
2018,MG,PPS,14,2.8291727568195455,1473011.0,False,0,3,0.21428571428571427,False,2,0.14285714285714285,False,2,0.14285714285714285,False,2.0,3.0,0.6666666666666666,0.6666666666666666,1.0,False,0.9285714285714286,2.0,3.0,0.6666666666666666,0.6666666666666666,1.0,False,0.9285714285714286,2.0,2.0,1.0,1.0,1.0,True,1.0
2018,MG,PR,6,5.830287347244083,10773013.129999999,False,1,6,1.0,False,5,0.8333333333333334,False,2,0.3333333333333333,False,5.0,6.0,0.8333333333333334,0.8333333333333334,1.0,False,0.8333333333333334,2.0,6.0,0.3333333333333333,0.3333333333333333,1.0,False,0.33333333333333337,2.0,5.0,0.4,0.4,1.0,False,0.5
2018,MG,PRB,8,4.591203211244668,6507577.279999999,False,2,5,0.625,False,4,0.5,False,4,0.5,False,4.0,5.0,0.8,0.8,1.0,False,0.875,4.0,5.0,0.8,0.8,1.0,False,0.875,4.0,4.0,1.0,1.0,1.0,True,1.0
2018,MG,PROS,33,3.934154434231291,4083750.26,False,2,4,0.12121212121212122,False,4,0.12121212121212122,False,6,0.18181818181818182,False,4.0,4.0,1.0,1.0,1.0,True,1.0,4.0,6.0,0.6666666666666666,1.0,0.6666666666666666,False,0.9393939393939394,4.0,6.0,0.6666666666666666,1.0,0.6666666666666666,False,0.9393939393939394
2018,MG,PRP,5,2.066951353322148,196135.75,False,0,2,0.4,False,2,0.4,False,2,0.4,False,2.0,2.0,1.0,1.0,1.0,True,1.0,2.0,2.0,1.0,1.0,1.0,True,1.0,2.0,2.0,1.0,1.0,1.0,True,1.0
2018,MG,PRTB,52,1.020555745155322,224267.96,False,0,1,0.019230769230769232,False,1,0.019230769230769232,False,1,0.019230769230769232,False,1.0,1.0,1.0,1.0,1.0,True,1.0,1.0,1.0,1.0,1.0,1.0,True,1.0,1.0,1.0,1.0,1.0,1.0,True,1.0
2018,MG,PSB,26,6.616167971159441,4904350.0,False,3,7,0.2692307692307692,False,6,0.23076923076923078,False,9,0.34615384615384615,False,6.0,7.0,0.8571428571428571,0.8571428571428571,1.0,False,0.9615384615384616,7.0,9.0,0.7777777777777778,1.0,0.7777777777777778,False,0.9230769230769231,6.0,9.0,0.6666666666666666,1.0,0.6666666666666666,False,0.8846153846153846
2018,MG,PSC,34,4.173651687246089,3398561.2,False,1,4,0.11764705882352941,False,4,0.11764705882352941,False,5,0.14705882352941177,False,4.0,4.0,1.0,1.0,1.0,True,1.0,4.0,5.0,0.8,1.0,0.8,False,0.9705882352941176,4.0,5.0,0.8,1.0,0.8,False,0.9705882352941176
2018,MG,PSD,11,5.223306199089714,5063166.06,False,3,5,0.45454545454545453,False,4,0.36363636363636365,False,4,0.36363636363636365,False,4.0,5.0,0.8,0.8,1.0,False,0.9090909090909091,4.0,5.0,0.8,0.8,1.0,False,0.9090909090909091,4.0,4.0,1.0,1.0,1.0,True,1.0
2018,MG,PSDB,20,7.979559411491126,9865844.739999998,False,5,8,0.4,False,6,0.3,False,8,0.4,False,6.0,8.0,0.75,0.75,1.0,False,0.9,8.0,8.0,1.0,1.0,1.0,True,1.0,6.0,8.0,0.75,1.0,0.75,False,0.9
2018,MG,PSL,76,4.003611007259799,376894.98,False,6,4,0.05263157894736842,False,4,0.05263157894736842,False,6,0.07894736842105263,False,4.0,4.0,1.0,1.0,1.0,True,1.0,4.0,6.0,0.6666666666666666,1.0,0.6666666666666666,False,0.9736842105263158,4.0,6.0,0.6666666666666666,1.0,0.6666666666666666,False,0.9736842105263158
2018,MG,PSOL,33,13.50737832964293,184621.39,False,1,14,0.42424242424242425,False,16,0.48484848484848486,False,10,0.30303030303030304,False,14.0,16.0,0.875,1.0,0.875,False,0.9393939393939394,10.0,14.0,0.7142857142857143,0.7142857142857143,1.0,False,0.8787878787878788,10.0,16.0,0.625,0.625,1.0,False,0.8181818181818181
2018,MG,PSTU,5,,0.0,True,0,0,0.0,False,0,0.0,False,0,0.0,False,0.0,0.0,,,,True,1.0,0.0,0.0,,,,True,1.0,0.0,0.0,,,,True,1.0
2018,MG,PT,26,14.088227047997137,10045076.62,False,8,14,0.5384615384615384,False,11,0.4230769230769231,False,14,0.5384615384615384,False,11.0,14.0,0.7857142857142857,0.7857142857142857,1.0,False,0.8846153846153846,14.0,14.0,1.0,1.0,1.0,True,1.0,11.0,14.0,0.7857142857142857,1.0,0.7857142857142857,False,0.8846153846153846
2018,MG,PTB,20,3.56338954214995,2750719.3600000003,False,0,4,0.2,False,3,0.15,False,4,0.2,False,3.0,4.0,0.75,0.75,1.0,False,0.95,4.0,4.0,1.0,1.0,1.0,True,1.0,3.0,4.0,0.75,1.0,0.75,False,0.95
2018,MG,PTC,25,1.3180125463428423,524401.3,False,0,1,0.04,False,1,0.04,False,2,0.08,False,1.0,1.0,1.0,1.0,1.0,True,1.0,1.0,2.0,0.5,1.0,0.5,False,0.96,1.0,2.0,0.5,1.0,0.5,False,0.96
2018,MG,PV,14,9.001610366883341,1245770.91,False,0,9,0.6428571428571429,False,8,0.5714285714285714,False,6,0.42857142857142855,False,8.0,9.0,0.8888888888888888,0.8888888888888888,1.0,False,0.9285714285714286,6.0,9.0,0.6666666666666666,0.6666666666666666,1.0,False,0.7857142857142857,6.0,8.0,0.75,0.75,1.0,False,0.8571428571428572
2018,MG,REDE,25,1.1152118329671692,148058.56,False,0,1,0.04,False,1,0.04,False,1,0.04,False,1.0,1.0,1.0,1.0,1.0,True,1.0,1.0,1.0,1.0,1.0,1.0,True,1.0,1.0,1.0,1.0,1.0,1.0,True,1.0
2018,MG,SOLIDARIEDADE,8,1.0025493284264264,1105105.93,False,1,1,0.125,False,1,0.125,False,1,0.125,False,1.0,1.0,1.0,1.0,1.0,True,1.0,1.0,1.0,1.0,1.0,1.0,True,1.0,1.0,1.0,1.0,1.0,1.0,True,1.0
2018,MS,AVANTE,1,,0.0,True,0,0,0.0,False,0,0.0,False,0,0.0,False,0.0,0.0,,,,True,1.0,0.0,0.0,,,,True,1.0,0.0,0.0,,,,True,1.0
2018,MS,DC,1,1.0,17000.0,False,0,1,1.0,False,1,1.0,False,0,0.0,False,1.0,1.0,1.0,1.0,1.0,True,1.0,0.0,1.0,0.0,0.0,,False,0.0,0.0,1.0,0.0,0.0,,False,0.0
2018,MS,DEM,5,1.2899328859060404,1550000.0,False,1,1,0.2,False,1,0.2,False,1,0.2,False,1.0,1.0,1.0,1.0,1.0,True,1.0,1.0,1.0,1.0,1.0,1.0,True,1.0,1.0,1.0,1.0,1.0,1.0,True,1.0
2018,MS,MDB,11,2.6044711476938387,1811960.0,False,0,3,0.2727272727272727,False,3,0.2727272727272727,False,2,0.18181818181818182,False,3.0,3.0,1.0,1.0,1.0,True,1.0,2.0,3.0,0.6666666666666666,0.6666666666666666,1.0,False,0.9090909090909091,2.0,3.0,0.6666666666666666,0.6666666666666666,1.0,False,0.9090909090909091
2018,MS,NOVO,5,4.433966123982481,8311.8,False,0,4,0.8,True,4,0.8,True,2,0.4,False,4.0,4.0,1.0,1.0,1.0,True,1.0,2.0,4.0,0.5,0.5,1.0,False,0.6,2.0,4.0,0.5,0.5,1.0,False,0.6
2018,MS,PATRI,2,,0.0,True,0,0,0.0,False,0,0.0,False,0,0.0,False,0.0,0.0,,,,True,1.0,0.0,0.0,,,,True,1.0,0.0,0.0,,,,True,1.0
2018,MS,PC DO B,4,1.0,22000.0,False,0,1,0.25,False,1,0.25,False,1,0.25,False,1.0,1.0,1.0,1.0,1.0,True,1.0,1.0,1.0,1.0,1.0,1.0,True,1.0,1.0,1.0,1.0,1.0,1.0,True,1.0
2018,MS,PDT,8,1.5326430831176303,730000.0,False,1,2,0.25,False,2,0.25,False,2,0.25,False,2.0,2.0,1.0,1.0,1.0,True,1.0,2.0,2.0,1.0,1.0,1.0,True,1.0,2.0,2.0,1.0,1.0,1.0,True,1.0
2018,MS,PHS,4,2.8421052631578947,36000.0,False,0,3,0.75,False,3,0.75,False,3,0.75,False,3.0,3.0,1.0,1.0,1.0,True,1.0,3.0,3.0,1.0,1.0,1.0,True,1.0,3.0,3.0,1.0,1.0,1.0,True,1.0
2018,MS,PMB,1,,0.0,True,0,0,0.0,False,0,0.0,False,0,0.0,False,0.0,0.0,,,,True,1.0,0.0,0.0,,,,True,1.0,0.0,0.0,,,,True,1.0
2018,MS,PMN,1,1.0,50000.0,False,0,1,1.0,False,1,1.0,False,0,0.0,False,1.0,1.0,1.0,1.0,1.0,True,1.0,0.0,1.0,0.0,0.0,,False,0.0,0.0,1.0,0.0,0.0,,False,0.0
2018,MS,PODE,5,4.0,800.0,False,0,4,0.8,False,4,0.8,False,4,0.8,False,4.0,4.0,1.0,1.0,1.0,True,1.0,4.0,4.0,1.0,1.0,1.0,True,1.0,4.0,4.0,1.0,1.0,1.0,True,1.0
2018,MS,PPL,3,,0.0,True,0,0,0.0,False,0,0.0,False,0,0.0,False,0.0,0.0,,,,True,1.0,0.0,0.0,,,,True,1.0,0.0,0.0,,,,True,1.0
2018,MS,PPS,2,1.7031077698628982,103008.01,False,0,2,1.0,False,2,1.0,False,1,0.5,False,2.0,2.0,1.0,1.0,1.0,True,1.0,1.0,2.0,0.5,0.5,1.0,False,0.5,1.0,2.0,0.5,0.5,1.0,False,0.5
2018,MS,PR,1,1.0,100000.0,False,0,1,1.0,False,1,1.0,False,0,0.0,False,1.0,1.0,1.0,1.0,1.0,True,1.0,0.0,1.0,0.0,0.0,,False,0.0,0.0,1.0,0.0,0.0,,False,0.0
2018,MS,PRB,3,1.1489195658016333,1673250.71,False,0,1,0.3333333333333333,False,1,0.3333333333333333,False,1,0.3333333333333333,False,1.0,1.0,1.0,1.0,1.0,True,1.0,1.0,1.0,1.0,1.0,1.0,True,1.0,1.0,1.0,1.0,1.0,1.0,True,1.0
2018,MS,PROS,4,3.433138024034709,858950.0,False,0,3,0.75,False,3,0.75,False,1,0.25,False,3.0,3.0,1.0,1.0,1.0,True,1.0,1.0,3.0,0.3333333333333333,0.3333333333333333,1.0,False,0.5,1.0,3.0,0.3333333333333333,0.3333333333333333,1.0,False,0.5
2018,MS,PRP,2,1.0,35000.0,False,0,1,0.5,False,1,0.5,False,1,0.5,False,1.0,1.0,1.0,1.0,1.0,True,1.0,1.0,1.0,1.0,1.0,1.0,True,1.0,1.0,1.0,1.0,1.0,1.0,True,1.0
2018,MS,PRTB,3,,0.0,True,0,0,0.0,False,0,0.0,False,0,0.0,False,0.0,0.0,,,,True,1.0,0.0,0.0,,,,True,1.0,0.0,0.0,,,,True,1.0
2018,MS,PSB,1,1.0,1300000.0,False,0,1,1.0,False,1,1.0,False,0,0.0,False,1.0,1.0,1.0,1.0,1.0,True,1.0,0.0,1.0,0.0,0.0,,False,0.0,0.0,1.0,0.0,0.0,,False,0.0
2018,MS,PSC,2,,0.0,True,0,0,0.0,False,0,0.0,False,0,0.0,False,0.0,0.0,,,,True,1.0,0.0,0.0,,,,True,1.0,0.0,0.0,,,,True,1.0
2018,MS,PSD,2,1.2848818387827774,630000.0,False,1,1,0.5,False,1,0.5,False,1,0.5,False,1.0,1.0,1.0,1.0,1.0,True,1.0,1.0,1.0,1.0,1.0,1.0,True,1.0,1.0,1.0,1.0,1.0,1.0,True,1.0
2018,MS,PSDB,5,3.7845416563376597,2745427.75,False,2,4,0.8,False,3,0.6,False,3,0.6,False,3.0,4.0,0.75,0.75,1.0,False,0.8,3.0,4.0,0.75,0.75,1.0,False,0.8,3.0,3.0,1.0,1.0,1.0,True,1.0
2018,MS,PSL,4,,0.0,True,2,0,0.0,False,0,0.0,False,0,0.0,False,0.0,0.0,,,,True,1.0,0.0,0.0,,,,True,1.0,0.0,0.0,,,,True,1.0
2018,MS,PSOL,6,5.353472298493993,23676.85,False,0,5,0.8333333333333334,False,4,0.6666666666666666,False,4,0.6666666666666666,False,4.0,5.0,0.8,0.8,1.0,False,0.8333333333333334,4.0,5.0,0.8,0.8,1.0,False,0.8333333333333334,4.0,4.0,1.0,1.0,1.0,True,1.0
2018,MS,PT,16,4.3680716742733035,1915656.13,False,1,4,0.25,False,4,0.25,False,4,0.25,False,4.0,4.0,1.0,1.0,1.0,True,1.0,4.0,4.0,1.0,1.0,1.0,True,1.0,4.0,4.0,1.0,1.0,1.0,True,1.0
2018,MS,PTB,1,1.0,39496.7,False,0,1,1.0,False,1,1.0,False,0,0.0,False,1.0,1.0,1.0,1.0,1.0,True,1.0,0.0,1.0,0.0,0.0,,False,0.0,0.0,1.0,0.0,0.0,,False,0.0
2018,MS,PTC,1,1.0,150000.0,False,0,1,1.0,False,1,1.0,False,0,0.0,False,1.0,1.0,1.0,1.0,1.0,True,1.0,0.0,1.0,0.0,0.0,,False,0.0,0.0,1.0,0.0,0.0,,False,0.0
2018,MS,PV,8,5.063846539294533,81026.94,False,0,5,0.625,False,4,0.5,False,4,0.5,False,4.0,5.0,0.8,0.8,1.0,False,0.875,4.0,5.0,0.8,0.8,1.0,False,0.875,4.0,4.0,1.0,1.0,1.0,True,1.0
2018,MS,REDE,3,3.0,5280.0,False,0,3,1.0,False,3,1.0,False,0,0.0,False,3.0,3.0,1.0,1.0,1.0,True,1.0,0.0,3.0,0.0,0.0,,False,0.0,0.0,3.0,0.0,0.0,,False,0.0
2018,MS,SOLIDARIEDADE,2,1.7241379310344829,600000.0,False,0,2,1.0,False,2,1.0,False,1,0.5,False,2.0,2.0,1.0,1.0,1.0,True,1.0,1.0,2.0,0.5,0.5,1.0,False,0.5,1.0,2.0,0.5,0.5,1.0,False,0.5
2018,MT,DEM,2,1.2461538461538462,450000.0,False,0,1,0.5,False,1,0.5,False,1,0.5,False,1.0,1.0,1.0,1.0,1.0,True,1.0,1.0,1.0,1.0,1.0,1.0,True,1.0,1.0,1.0,1.0,1.0,1.0,True,1.0
2018,MT,MDB,7,3.179843008567156,5010100.0,False,2,3,0.42857142857142855,False,3,0.42857142857142855,False,3,0.42857142857142855,False,3.0,3.0,1.0,1.0,1.0,True,1.0,3.0,3.0,1.0,1.0,1.0,True,1.0,3.0,3.0,1.0,1.0,1.0,True,1.0
2018,MT,NOVO,13,12.767832554958797,25689.079999999998,False,0,13,1.0,False,11,0.8461538461538461,True,1,0.07692307692307693,False,11.000000000000002,13.0,0.8461538461538463,0.8461538461538463,1.0000000000000002,False,0.8461538461538463,1.0,13.0,0.07692307692307693,0.07692307692307693,1.0,False,0.07692307692307687,1.0,11.000000000000002,0.0909090909090909,0.09090909090909091,1.0,False,0.23076923076923062
2018,MT,PATRI,3,3.0,4800.0,False,0,3,1.0,False,3,1.0,False,0,0.0,False,3.0,3.0,1.0,1.0,1.0,True,1.0,0.0,3.0,0.0,0.0,,False,0.0,0.0,3.0,0.0,0.0,,False,0.0
2018,MT,PC DO B,2,1.840747778885517,28334.0,False,0,2,1.0,False,2,1.0,False,1,0.5,False,2.0,2.0,1.0,1.0,1.0,True,1.0,1.0,2.0,0.5,0.5,1.0,False,0.5,1.0,2.0,0.5,0.5,1.0,False,0.5
2018,MT,PDT,4,1.939733648399493,1200666.45,False,0,2,0.5,False,2,0.5,False,2,0.5,False,2.0,2.0,1.0,1.0,1.0,True,1.0,2.0,2.0,1.0,1.0,1.0,True,1.0,2.0,2.0,1.0,1.0,1.0,True,1.0
2018,MT,PHS,3,2.2792085704551477,85000.0,False,0,2,0.6666666666666666,False,2,0.6666666666666666,False,2,0.6666666666666666,False,2.0,2.0,1.0,1.0,1.0,True,1.0,2.0,2.0,1.0,1.0,1.0,True,1.0,2.0,2.0,1.0,1.0,1.0,True,1.0
2018,MT,PMB,1,,0.0,True,0,0,0.0,False,0,0.0,False,0,0.0,False,0.0,0.0,,,,True,1.0,0.0,0.0,,,,True,1.0,0.0,0.0,,,,True,1.0
2018,MT,PMN,1,1.0,40630.0,False,0,1,1.0,False,1,1.0,False,0,0.0,False,1.0,1.0,1.0,1.0,1.0,True,1.0,0.0,1.0,0.0,0.0,,False,0.0,0.0,1.0,0.0,0.0,,False,0.0
2018,MT,PODE,2,1.061074074082154,1006574.0,False,1,1,0.5,False,1,0.5,False,1,0.5,False,1.0,1.0,1.0,1.0,1.0,True,1.0,1.0,1.0,1.0,1.0,1.0,True,1.0,1.0,1.0,1.0,1.0,1.0,True,1.0
2018,MT,PP,1,1.0,2163379.83,False,0,1,1.0,False,1,1.0,False,0,0.0,False,1.0,1.0,1.0,1.0,1.0,True,1.0,0.0,1.0,0.0,0.0,,False,0.0,0.0,1.0,0.0,0.0,,False,0.0
2018,MT,PPL,3,1.975609756097561,1800.0,False,0,2,0.6666666666666666,False,2,0.6666666666666666,False,2,0.6666666666666666,False,2.0,2.0,1.0,1.0,1.0,True,1.0,2.0,2.0,1.0,1.0,1.0,True,1.0,2.0,2.0,1.0,1.0,1.0,True,1.0
2018,MT,PPS,6,1.2400848064347922,497377.88,False,0,1,0.16666666666666666,False,1,0.16666666666666666,False,1,0.16666666666666666,False,1.0,1.0,1.0,1.0,1.0,True,1.0,1.0,1.0,1.0,1.0,1.0,True,1.0,1.0,1.0,1.0,1.0,1.0,True,1.0
2018,MT,PR,2,1.999637011860044,1977556.0,False,0,2,1.0,False,2,1.0,False,1,0.5,False,2.0,2.0,1.0,1.0,1.0,True,1.0,1.0,2.0,0.5,0.5,1.0,False,0.5,1.0,2.0,0.5,0.5,1.0,False,0.5
2018,MT,PRB,1,1.0,1325875.64,False,0,1,1.0,False,1,1.0,False,0,0.0,False,1.0,1.0,1.0,1.0,1.0,True,1.0,0.0,1.0,0.0,0.0,,False,0.0,0.0,1.0,0.0,0.0,,False,0.0
2018,MT,PROS,4,3.873587287640396,754776.08,False,0,4,1.0,False,3,0.75,False,2,0.5,False,3.0,4.0,0.75,0.75,1.0,False,0.75,2.0,4.0,0.5,0.5,1.0,False,0.5,2.0,3.0,0.6666666666666666,0.6666666666666666,1.0,False,0.75
2018,MT,PRP,2,1.0,120000.0,False,0,1,0.5,False,1,0.5,False,1,0.5,False,1.0,1.0,1.0,1.0,1.0,True,1.0,1.0,1.0,1.0,1.0,1.0,True,1.0,1.0,1.0,1.0,1.0,1.0,True,1.0
2018,MT,PSB,4,1.3651492772267728,778616.28,False,0,1,0.25,False,1,0.25,False,1,0.25,False,1.0,1.0,1.0,1.0,1.0,True,1.0,1.0,1.0,1.0,1.0,1.0,True,1.0,1.0,1.0,1.0,1.0,1.0,True,1.0
2018,MT,PSC,6,2.4987860534772226,830013.2,False,0,2,0.3333333333333333,False,3,0.5,True,1,0.16666666666666666,False,2.0,3.0,0.6666666666666666,1.0,0.6666666666666666,False,0.8333333333333334,1.0,2.0,0.5,0.5,1.0,False,0.8333333333333334,1.0,3.0,0.3333333333333333,0.3333333333333333,1.0,False,0.6666666666666667
2018,MT,PSD,2,1.9974268698245707,762299.6799999999,False,0,2,1.0,False,2,1.0,False,1,0.5,False,2.0,2.0,1.0,1.0,1.0,True,1.0,1.0,2.0,0.5,0.5,1.0,False,0.5,1.0,2.0,0.5,0.5,1.0,False,0.5
2018,MT,PSDB,4,2.6282784077257224,1095683.68,False,1,3,0.75,False,2,0.5,False,2,0.5,False,2.0,3.0,0.6666666666666666,0.6666666666666666,1.0,False,0.75,2.0,3.0,0.6666666666666666,0.6666666666666666,1.0,False,0.75,2.0,2.0,1.0,1.0,1.0,True,1.0
2018,MT,PSL,5,2.8838248235879473,69416.28,False,1,3,0.6,False,3,0.6,False,2,0.4,False,3.0,3.0,1.0,1.0,1.0,True,1.0,2.0,3.0,0.6666666666666666,0.6666666666666666,1.0,False,0.8,2.0,3.0,0.6666666666666666,0.6666666666666666,1.0,False,0.8
2018,MT,PSOL,9,1.8955113302744468,111040.30000000002,False,0,2,0.2222222222222222,False,3,0.3333333333333333,False,1,0.1111111111111111,False,2.0,3.0,0.6666666666666666,1.0,0.6666666666666666,False,0.8888888888888888,1.0,2.0,0.5,0.5,1.0,False,0.8888888888888888,1.0,3.0,0.3333333333333333,0.3333333333333333,1.0,False,0.7777777777777778
2018,MT,PT,2,1.5152426250020032,1056666.97,False,1,2,1.0,False,2,1.0,False,1,0.5,False,2.0,2.0,1.0,1.0,1.0,True,1.0,1.0,2.0,0.5,0.5,1.0,False,0.5,1.0,2.0,0.5,0.5,1.0,False,0.5
2018,MT,PTB,2,1.4454798491114031,1872353.68,False,1,1,0.5,False,1,0.5,False,1,0.5,False,1.0,1.0,1.0,1.0,1.0,True,1.0,1.0,1.0,1.0,1.0,1.0,True,1.0,1.0,1.0,1.0,1.0,1.0,True,1.0
2018,MT,PTC,2,1.0,80000.0,False,0,1,0.5,False,1,0.5,False,1,0.5,False,1.0,1.0,1.0,1.0,1.0,True,1.0,1.0,1.0,1.0,1.0,1.0,True,1.0,1.0,1.0,1.0,1.0,1.0,True,1.0
2018,MT,PV,9,7.15142525384827,177022.0,False,0,7,0.7777777777777778,False,6,0.6666666666666666,False,4,0.4444444444444444,False,6.0,7.0,0.8571428571428571,0.8571428571428571,1.0,False,0.8888888888888888,4.0,7.0,0.5714285714285714,0.5714285714285714,1.0,False,0.6666666666666667,4.0,6.0,0.6666666666666666,0.6666666666666666,1.0,False,0.7777777777777778
2018,MT,REDE,6,4.0,76.36,False,0,4,0.6666666666666666,False,4,0.6666666666666666,False,4,0.6666666666666666,False,4.0,4.0,1.0,1.0,1.0,True,1.0,4.0,4.0,1.0,1.0,1.0,True,1.0,4.0,4.0,1.0,1.0,1.0,True,1.0
2018,MT,SOLIDARIEDADE,2,1.0907546252782676,934048.91,False,1,1,0.5,False,1,0.5,False,1,0.5,False,1.0,1.0,1.0,1.0,1.0,True,1.0,1.0,1.0,1.0,1.0,1.0,True,1.0,1.0,1.0,1.0,1.0,1.0,True,1.0
2018,PA,AVANTE,2,1.0665307172418992,155140.0,False,0,1,0.5,False,1,0.5,False,1,0.5,False,1.0,1.0,1.0,1.0,1.0,True,1.0,1.0,1.0,1.0,1.0,1.0,True,1.0,1.0,1.0,1.0,1.0,1.0,True,1.0
2018,PA,DC,1,1.0,20828.78,False,0,1,1.0,False,1,1.0,False,0,0.0,False,1.0,1.0,1.0,1.0,1.0,True,1.0,0.0,1.0,0.0,0.0,,False,0.0,0.0,1.0,0.0,0.0,,False,0.0
2018,PA,DEM,5,1.8042975854795695,1483000.0,False,2,2,0.4,False,2,0.4,False,2,0.4,False,2.0,2.0,1.0,1.0,1.0,True,1.0,2.0,2.0,1.0,1.0,1.0,True,1.0,2.0,2.0,1.0,1.0,1.0,True,1.0
2018,PA,MDB,6,3.0237006824327017,5568400.0,False,2,3,0.5,False,3,0.5,False,3,0.5,False,3.0,3.0,1.0,1.0,1.0,True,1.0,3.0,3.0,1.0,1.0,1.0,True,1.0,3.0,3.0,1.0,1.0,1.0,True,1.0
2018,PA,PATRI,16,,0.0,True,0,0,0.0,False,0,0.0,False,0,0.0,False,0.0,0.0,,,,True,1.0,0.0,0.0,,,,True,1.0,0.0,0.0,,,,True,1.0
2018,PA,PC DO B,1,1.0,1237594.58,False,0,1,1.0,False,1,1.0,False,0,0.0,False,1.0,1.0,1.0,1.0,1.0,True,1.0,0.0,1.0,0.0,0.0,,False,0.0,0.0,1.0,0.0,0.0,,False,0.0
2018,PA,PCB,1,1.0,10101.11,False,0,1,1.0,False,1,1.0,False,0,0.0,False,1.0,1.0,1.0,1.0,1.0,True,1.0,0.0,1.0,0.0,0.0,,False,0.0,0.0,1.0,0.0,0.0,,False,0.0
2018,PA,PDT,4,1.2382118002838216,447000.0,False,0,1,0.25,False,1,0.25,False,1,0.25,False,1.0,1.0,1.0,1.0,1.0,True,1.0,1.0,1.0,1.0,1.0,1.0,True,1.0,1.0,1.0,1.0,1.0,1.0,True,1.0
2018,PA,PHS,5,1.0,26250.0,False,0,1,0.2,False,1,0.2,False,1,0.2,False,1.0,1.0,1.0,1.0,1.0,True,1.0,1.0,1.0,1.0,1.0,1.0,True,1.0,1.0,1.0,1.0,1.0,1.0,True,1.0
2018,PA,PMB,1,1.0,80000.0,False,0,1,1.0,False,1,1.0,False,0,0.0,False,1.0,1.0,1.0,1.0,1.0,True,1.0,0.0,1.0,0.0,0.0,,False,0.0,0.0,1.0,0.0,0.0,,False,0.0
2018,PA,PMN,3,1.0,100000.0,False,0,1,0.3333333333333333,False,1,0.3333333333333333,False,1,0.3333333333333333,False,1.0,1.0,1.0,1.0,1.0,True,1.0,1.0,1.0,1.0,1.0,1.0,True,1.0,1.0,1.0,1.0,1.0,1.0,True,1.0
2018,PA,PODE,1,1.0,777400.0,False,0,1,1.0,False,1,1.0,False,0,0.0,False,1.0,1.0,1.0,1.0,1.0,True,1.0,0.0,1.0,0.0,0.0,,False,0.0,0.0,1.0,0.0,0.0,,False,0.0
2018,PA,PP,1,1.0,1593372.0,False,0,1,1.0,False,1,1.0,False,0,0.0,False,1.0,1.0,1.0,1.0,1.0,True,1.0,0.0,1.0,0.0,0.0,,False,0.0,0.0,1.0,0.0,0.0,,False,0.0
2018,PA,PPL,7,3.5337423312883436,4800.0,False,0,4,0.5714285714285714,False,3,0.42857142857142855,True,2,0.2857142857142857,False,3.0,4.0,0.75,0.75,1.0,False,0.8571428571428572,2.0,4.0,0.5,0.5,1.0,False,0.7142857142857143,2.0,3.0,0.6666666666666666,0.6666666666666666,1.0,False,0.8571428571428572
2018,PA,PPS,1,1.0,1168128.11,False,0,1,1.0,False,1,1.0,False,0,0.0,False,1.0,1.0,1.0,1.0,1.0,True,1.0,0.0,1.0,0.0,0.0,,False,0.0,0.0,1.0,0.0,0.0,,False,0.0
2018,PA,PR,1,1.0,888515.03,False,1,1,1.0,False,1,1.0,False,0,0.0,False,1.0,1.0,1.0,1.0,1.0,True,1.0,0.0,1.0,0.0,0.0,,False,0.0,0.0,1.0,0.0,0.0,,False,0.0
2018,PA,PRB,1,1.0,789031.0,False,1,1,1.0,False,1,1.0,False,0,0.0,False,1.0,1.0,1.0,1.0,1.0,True,1.0,0.0,1.0,0.0,0.0,,False,0.0,0.0,1.0,0.0,0.0,,False,0.0
2018,PA,PROS,1,1.0,513885.0,False,0,1,1.0,False,1,1.0,False,0,0.0,False,1.0,1.0,1.0,1.0,1.0,True,1.0,0.0,1.0,0.0,0.0,,False,0.0,0.0,1.0,0.0,0.0,,False,0.0
2018,PA,PRP,10,,0.0,True,0,0,0.0,False,0,0.0,False,0,0.0,False,0.0,0.0,,,,True,1.0,0.0,0.0,,,,True,1.0,0.0,0.0,,,,True,1.0
2018,PA,PRTB,4,3.0,4890.0,False,0,3,0.75,False,3,0.75,False,3,0.75,False,3.0,3.0,1.0,1.0,1.0,True,1.0,3.0,3.0,1.0,1.0,1.0,True,1.0,3.0,3.0,1.0,1.0,1.0,True,1.0
2018,PA,PSB,1,1.0,545600.0,False,1,1,1.0,False,1,1.0,False,0,0.0,False,1.0,1.0,1.0,1.0,1.0,True,1.0,0.0,1.0,0.0,0.0,,False,0.0,0.0,1.0,0.0,0.0,,False,0.0
2018,PA,PSC,2,1.0,2300013.2,False,0,1,0.5,False,1,0.5,False,1,0.5,False,1.0,1.0,1.0,1.0,1.0,True,1.0,1.0,1.0,1.0,1.0,1.0,True,1.0,1.0,1.0,1.0,1.0,1.0,True,1.0
2018,PA,PSD,4,2.051687440273143,1406005.1500000001,False,3,2,0.5,False,2,0.5,False,1,0.25,False,2.0,2.0,1.0,1.0,1.0,True,1.0,1.0,2.0,0.5,0.5,1.0,False,0.75,1.0,2.0,0.5,0.5,1.0,False,0.75
2018,PA,PSDB,6,2.662302229513351,1895869.21,False,2,3,0.5,False,2,0.3333333333333333,False,2,0.3333333333333333,False,2.0,3.0,0.6666666666666666,0.6666666666666666,1.0,False,0.8333333333333334,2.0,3.0,0.6666666666666666,0.6666666666666666,1.0,False,0.8333333333333334,2.0,2.0,1.0,1.0,1.0,True,1.0
2018,PA,PSL,2,1.0,1928.0,False,0,1,0.5,False,1,0.5,False,1,0.5,False,1.0,1.0,1.0,1.0,1.0,True,1.0,1.0,1.0,1.0,1.0,1.0,True,1.0,1.0,1.0,1.0,1.0,1.0,True,1.0
2018,PA,PSOL,18,3.1088700648733223,977934.6799999999,False,1,3,0.16666666666666666,False,6,0.3333333333333333,False,2,0.1111111111111111,False,3.0,6.0,0.5,1.0,0.5,False,0.8333333333333334,2.0,3.0,0.6666666666666666,0.6666666666666666,1.0,False,0.9444444444444444,2.0,6.0,0.3333333333333333,0.3333333333333333,1.0,False,0.7777777777777778
2018,PA,PT,7,4.199652056642575,2411743.59,False,2,4,0.5714285714285714,False,4,0.5714285714285714,False,4,0.5714285714285714,False,4.0,4.0,1.0,1.0,1.0,True,1.0,4.0,4.0,1.0,1.0,1.0,True,1.0,4.0,4.0,1.0,1.0,1.0,True,1.0
2018,PA,PTB,2,1.3900667423513253,1383538.05,False,2,1,0.5,False,1,0.5,False,1,0.5,False,1.0,1.0,1.0,1.0,1.0,True,1.0,1.0,1.0,1.0,1.0,1.0,True,1.0,1.0,1.0,1.0,1.0,1.0,True,1.0
2018,PA,PTC,5,1.1245136186770428,2380.0,False,0,1,0.2,False,1,0.2,False,1,0.2,False,1.0,1.0,1.0,1.0,1.0,True,1.0,1.0,1.0,1.0,1.0,1.0,True,1.0,1.0,1.0,1.0,1.0,1.0,True,1.0
2018,PA,PV,2,1.1228459790087546,258283.39,False,0,1,0.5,False,1,0.5,False,1,0.5,False,1.0,1.0,1.0,1.0,1.0,True,1.0,1.0,1.0,1.0,1.0,1.0,True,1.0,1.0,1.0,1.0,1.0,1.0,True,1.0
2018,PA,REDE,5,,0.0,True,0,0,0.0,False,0,0.0,False,0,0.0,False,0.0,0.0,,,,True,1.0,0.0,0.0,,,,True,1.0,0.0,0.0,,,,True,1.0
2018,PA,SOLIDARIEDADE,3,1.1626794258373205,270000.0,False,0,1,0.3333333333333333,False,1,0.3333333333333333,False,1,0.3333333333333333,False,1.0,1.0,1.0,1.0,1.0,True,1.0,1.0,1.0,1.0,1.0,1.0,True,1.0,1.0,1.0,1.0,1.0,1.0,True,1.0
2018,PB,AVANTE,11,1.6102099930439264,261750.0,False,0,2,0.18181818181818182,False,2,0.18181818181818182,False,2,0.18181818181818182,False,2.0,2.0,1.0,1.0,1.0,True,1.0,2.0,2.0,1.0,1.0,1.0,True,1.0,2.0,2.0,1.0,1.0,1.0,True,1.0
2018,PB,DC,1,1.0,11944.56,False,0,1,1.0,False,1,1.0,False,0,0.0,False,1.0,1.0,1.0,1.0,1.0,True,1.0,0.0,1.0,0.0,0.0,,False,0.0,0.0,1.0,0.0,0.0,,False,0.0
2018,PB,DEM,2,1.0366688824026158,1110476.36,False,1,1,0.5,False,1,0.5,False,1,0.5,False,1.0,1.0,1.0,1.0,1.0,True,1.0,1.0,1.0,1.0,1.0,1.0,True,1.0,1.0,1.0,1.0,1.0,1.0,True,1.0
2018,PB,MDB,10,2.125647743878063,2269800.0,False,0,2,0.2,False,2,0.2,False,2,0.2,False,2.0,2.0,1.0,1.0,1.0,True,1.0,2.0,2.0,1.0,1.0,1.0,True,1.0,2.0,2.0,1.0,1.0,1.0,True,1.0
2018,PB,NOVO,2,1.9746101538070058,4848.0599999999995,False,0,2,1.0,False,2,1.0,False,1,0.5,False,2.0,2.0,1.0,1.0,1.0,True,1.0,1.0,2.0,0.5,0.5,1.0,False,0.5,1.0,2.0,0.5,0.5,1.0,False,0.5
2018,PB,PATRI,10,1.0,50000.0,False,0,1,0.1,False,1,0.1,False,1,0.1,False,1.0,1.0,1.0,1.0,1.0,True,1.0,1.0,1.0,1.0,1.0,1.0,True,1.0,1.0,1.0,1.0,1.0,1.0,True,1.0
2018,PB,PC DO B,4,1.7943790395099877,109590.0,False,0,2,0.5,False,2,0.5,False,1,0.25,False,2.0,2.0,1.0,1.0,1.0,True,1.0,1.0,2.0,0.5,0.5,1.0,False,0.75,1.0,2.0,0.5,0.5,1.0,False,0.75
2018,PB,PDT,1,1.0,570000.0,False,1,1,1.0,False,1,1.0,False,0,0.0,False,1.0,1.0,1.0,1.0,1.0,True,1.0,0.0,1.0,0.0,0.0,,False,0.0,0.0,1.0,0.0,0.0,,False,0.0
2018,PB,PHS,5,3.95095257397649,42750.0,False,0,4,0.8,True,4,0.8,True,2,0.4,False,3.9999999999999996,3.9999999999999996,1.0,0.9999999999999999,0.9999999999999999,True,1.0,2.0,3.9999999999999996,0.5000000000000001,0.5,1.0,False,0.6,2.0,3.9999999999999996,0.5000000000000001,0.5,1.0,False,0.6
2018,PB,PMN,2,1.0,250000.0,False,0,1,0.5,False,1,0.5,False,1,0.5,False,1.0,1.0,1.0,1.0,1.0,True,1.0,1.0,1.0,1.0,1.0,1.0,True,1.0,1.0,1.0,1.0,1.0,1.0,True,1.0
2018,PB,PODE,2,1.0,1000000.0,False,0,1,0.5,False,1,0.5,False,1,0.5,False,1.0,1.0,1.0,1.0,1.0,True,1.0,1.0,1.0,1.0,1.0,1.0,True,1.0,1.0,1.0,1.0,1.0,1.0,True,1.0
2018,PB,PP,7,4.0667005895863015,3815103.0100000007,False,1,4,0.5714285714285714,False,4,0.5714285714285714,False,2,0.2857142857142857,False,4.0,4.0,1.0,1.0,1.0,True,1.0,2.0,4.0,0.5,0.5,1.0,False,0.7142857142857143,2.0,4.0,0.5,0.5,1.0,False,0.7142857142857143
2018,PB,PPL,1,,0.0,True,0,0,0.0,False,0,0.0,False,0,0.0,False,0.0,0.0,,,,True,1.0,0.0,0.0,,,,True,1.0,0.0,0.0,,,,True,1.0
2018,PB,PPS,3,1.0,174000.0,False,0,1,0.3333333333333333,False,1,0.3333333333333333,False,1,0.3333333333333333,False,1.0,1.0,1.0,1.0,1.0,True,1.0,1.0,1.0,1.0,1.0,1.0,True,1.0,1.0,1.0,1.0,1.0,1.0,True,1.0
2018,PB,PR,2,1.1200462829042521,1760000.0,False,1,1,0.5,False,1,0.5,False,1,0.5,False,1.0,1.0,1.0,1.0,1.0,True,1.0,1.0,1.0,1.0,1.0,1.0,True,1.0,1.0,1.0,1.0,1.0,1.0,True,1.0
2018,PB,PRB,3,1.9154900590842021,1465611.06,False,1,2,0.6666666666666666,False,2,0.6666666666666666,False,2,0.6666666666666666,False,2.0,2.0,1.0,1.0,1.0,True,1.0,2.0,2.0,1.0,1.0,1.0,True,1.0,2.0,2.0,1.0,1.0,1.0,True,1.0
2018,PB,PROS,1,1.0,350000.0,False,0,1,1.0,False,1,1.0,False,0,0.0,False,1.0,1.0,1.0,1.0,1.0,True,1.0,0.0,1.0,0.0,0.0,,False,0.0,0.0,1.0,0.0,0.0,,False,0.0
2018,PB,PRP,5,1.923076923076923,25000.0,False,0,2,0.4,False,2,0.4,False,2,0.4,False,2.0,2.0,1.0,1.0,1.0,True,1.0,2.0,2.0,1.0,1.0,1.0,True,1.0,2.0,2.0,1.0,1.0,1.0,True,1.0
2018,PB,PRTB,7,3.661566326627729,13695.0,False,0,4,0.5714285714285714,False,3,0.42857142857142855,False,3,0.42857142857142855,False,3.0,4.0,0.75,0.75,1.0,False,0.8571428571428572,3.0,4.0,0.75,0.75,1.0,False,0.8571428571428572,3.0,3.0,1.0,1.0,1.0,True,1.0
2018,PB,PSB,4,1.8735044720641187,1270000.0,False,1,2,0.5,False,2,0.5,False,2,0.5,False,2.0,2.0,1.0,1.0,1.0,True,1.0,2.0,2.0,1.0,1.0,1.0,True,1.0,2.0,2.0,1.0,1.0,1.0,True,1.0
2018,PB,PSC,3,1.5504728696584997,1300026.4,False,0,2,0.6666666666666666,False,2,0.6666666666666666,False,1,0.3333333333333333,False,2.0,2.0,1.0,1.0,1.0,True,1.0,1.0,2.0,0.5,0.5,1.0,False,0.6666666666666667,1.0,2.0,0.5,0.5,1.0,False,0.6666666666666667
2018,PB,PSD,2,,0.0,True,0,0,0.0,False,0,0.0,False,0,0.0,False,0.0,0.0,,,,True,1.0,0.0,0.0,,,,True,1.0,0.0,0.0,,,,True,1.0
2018,PB,PSDB,8,3.621273329363039,3035700.0,False,3,4,0.5,False,3,0.375,False,3,0.375,False,3.0,4.0,0.75,0.75,1.0,False,0.875,3.0,4.0,0.75,0.75,1.0,False,0.875,3.0,3.0,1.0,1.0,1.0,True,1.0
2018,PB,PSL,14,2.177493817366558,541987.9299999999,False,1,2,0.14285714285714285,False,4,0.2857142857142857,False,1,0.07142857142857142,False,2.0,4.0,0.5,1.0,0.5,False,0.8571428571428572,1.0,2.0,0.5,0.5,1.0,False,0.9285714285714286,1.0,4.0,0.25,0.25,1.0,False,0.7857142857142857
2018,PB,PSOL,5,4.984218845703945,27878.649999999998,False,0,5,1.0,False,4,0.8,False,2,0.4,False,4.0,5.0,0.8,0.8,1.0,False,0.8,2.0,5.0,0.4,0.4,1.0,False,0.4,2.0,4.0,0.5,0.5,1.0,False,0.6
2018,PB,PT,4,2.4611712878028293,909826.4099999999,False,1,2,0.5,False,2,0.5,False,2,0.5,False,2.0,2.0,1.0,1.0,1.0,True,1.0,2.0,2.0,1.0,1.0,1.0,True,1.0,2.0,2.0,1.0,1.0,1.0,True,1.0
2018,PB,PTB,2,1.5195425232627477,1620539.69,False,1,2,1.0,False,2,1.0,False,1,0.5,False,2.0,2.0,1.0,1.0,1.0,True,1.0,1.0,2.0,0.5,0.5,1.0,False,0.5,1.0,2.0,0.5,0.5,1.0,False,0.5
2018,PB,PTC,6,1.55045871559633,65000.0,False,0,2,0.3333333333333333,False,2,0.3333333333333333,False,2,0.3333333333333333,False,2.0,2.0,1.0,1.0,1.0,True,1.0,2.0,2.0,1.0,1.0,1.0,True,1.0,2.0,2.0,1.0,1.0,1.0,True,1.0
2018,PB,PV,5,1.837456791865281,42700.0,False,0,2,0.4,False,2,0.4,False,2,0.4,False,2.0,2.0,1.0,1.0,1.0,True,1.0,2.0,2.0,1.0,1.0,1.0,True,1.0,2.0,2.0,1.0,1.0,1.0,True,1.0
2018,PB,REDE,4,1.011428198262914,140800.0,False,0,1,0.25,False,1,0.25,False,1,0.25,False,1.0,1.0,1.0,1.0,1.0,True,1.0,1.0,1.0,1.0,1.0,1.0,True,1.0,1.0,1.0,1.0,1.0,1.0,True,1.0
2018,PB,SOLIDARIEDADE,1,,0.0,True,0,0,0.0,False,0,0.0,False,0,0.0,False,0.0,0.0,,,,True,1.0,0.0,0.0,,,,True,1.0,0.0,0.0,,,,True,1.0
2018,PE,AVANTE,6,1.016543219079974,977000.0,False,0,1,0.16666666666666666,False,1,0.16666666666666666,False,1,0.16666666666666666,False,1.0,1.0,1.0,1.0,1.0,True,1.0,1.0,1.0,1.0,1.0,1.0,True,1.0,1.0,1.0,1.0,1.0,1.0,True,1.0
2018,PE,DC,15,8.042079207920791,57000.0,False,0,8,0.5333333333333333,True,10,0.6666666666666666,True,3,0.2,False,8.000000000000002,10.000000000000002,0.8,1.0000000000000002,0.8000000000000002,False,0.8666666666666667,3.0,8.000000000000002,0.37499999999999994,0.375,1.0,False,0.6666666666666665,3.0,10.000000000000002,0.29999999999999993,0.3,1.0,False,0.5333333333333332
2018,PE,DEM,4,2.449275362318841,1690000.0,False,1,2,0.5,False,3,0.75,False,1,0.25,False,2.0,3.0,0.6666666666666666,1.0,0.6666666666666666,False,0.75,1.0,2.0,0.5,0.5,1.0,False,0.75,1.0,3.0,0.3333333333333333,0.3333333333333333,1.0,False,0.5
2018,PE,MDB,2,1.0,841444.32,False,1,1,0.5,False,1,0.5,False,1,0.5,False,1.0,1.0,1.0,1.0,1.0,True,1.0,1.0,1.0,1.0,1.0,1.0,True,1.0,1.0,1.0,1.0,1.0,1.0,True,1.0
2018,PE,NOVO,9,2.926915276309749,38304.850000000006,False,0,3,0.3333333333333333,False,3,0.3333333333333333,False,2,0.2222222222222222,False,3.0,3.0,1.0,1.0,1.0,True,1.0,2.0,3.0,0.6666666666666666,0.6666666666666666,1.0,False,0.8888888888888888,2.0,3.0,0.6666666666666666,0.6666666666666666,1.0,False,0.8888888888888888
2018,PE,PATRI,35,1.5714211163921858,391112.80999999994,False,1,2,0.05714285714285714,True,2,0.05714285714285714,True,1,0.02857142857142857,False,2.0,2.0,1.0,1.0,1.0,True,1.0,1.0,2.0,0.5,0.5,1.0,False,0.9714285714285714,1.0,2.0,0.5,0.5,1.0,False,0.9714285714285714
2018,PE,PC DO B,1,1.0,1348940.57,False,1,1,1.0,False,1,1.0,False,0,0.0,False,1.0,1.0,1.0,1.0,1.0,True,1.0,0.0,1.0,0.0,0.0,,False,0.0,0.0,1.0,0.0,0.0,,False,0.0
2018,PE,PCB,4,2.167020269368432,112611.11,False,0,2,0.5,False,2,0.5,False,1,0.25,False,2.0,2.0,1.0,1.0,1.0,True,1.0,1.0,2.0,0.5,0.5,1.0,False,0.75,1.0,2.0,0.5,0.5,1.0,False,0.75
2018,PE,PDT,9,1.3873566671788167,794097.96,False,2,1,0.1111111111111111,False,1,0.1111111111111111,False,2,0.2222222222222222,False,1.0,1.0,1.0,1.0,1.0,True,1.0,1.0,2.0,0.5,1.0,0.5,False,0.8888888888888888,1.0,2.0,0.5,1.0,0.5,False,0.8888888888888888
2018,PE,PHS,10,6.033103378335058,445929.67000000004,False,1,6,0.6,False,6,0.6,False,4,0.4,False,6.0,6.0,1.0,1.0,1.0,True,1.0,4.0,6.0,0.6666666666666666,0.6666666666666666,1.0,False,0.8,4.0,6.0,0.6666666666666666,0.6666666666666666,1.0,False,0.8
2018,PE,PMN,11,1.0,170000.0,False,0,1,0.09090909090909091,False,1,0.09090909090909091,False,1,0.09090909090909091,False,1.0,1.0,1.0,1.0,1.0,True,1.0,1.0,1.0,1.0,1.0,1.0,True,1.0,1.0,1.0,1.0,1.0,1.0,True,1.0
2018,PE,PODE,2,1.0,1000000.0,False,1,1,0.5,False,1,0.5,False,1,0.5,False,1.0,1.0,1.0,1.0,1.0,True,1.0,1.0,1.0,1.0,1.0,1.0,True,1.0,1.0,1.0,1.0,1.0,1.0,True,1.0
2018,PE,PP,8,3.9360810052949313,7431501.15,False,2,4,0.5,False,4,0.5,False,4,0.5,False,4.0,4.0,1.0,1.0,1.0,True,1.0,4.0,4.0,1.0,1.0,1.0,True,1.0,4.0,4.0,1.0,1.0,1.0,True,1.0
2018,PE,PPL,17,7.5796407386066145,12590.0,False,0,8,0.47058823529411764,True,8,0.47058823529411764,True,3,0.17647058823529413,False,8.0,8.0,1.0,1.0,1.0,True,1.0,3.0,8.0,0.375,0.375,1.0,False,0.7058823529411764,3.0,8.0,0.375,0.375,1.0,False,0.7058823529411764
2018,PE,PPS,4,1.1642292302617177,1407997.57,False,1,1,0.25,False,1,0.25,False,1,0.25,False,1.0,1.0,1.0,1.0,1.0,True,1.0,1.0,1.0,1.0,1.0,1.0,True,1.0,1.0,1.0,1.0,1.0,1.0,True,1.0
2018,PE,PR,11,2.1206213746968956,3324000.0,False,1,2,0.18181818181818182,False,2,0.18181818181818182,False,2,0.18181818181818182,False,2.0,2.0,1.0,1.0,1.0,True,1.0,2.0,2.0,1.0,1.0,1.0,True,1.0,2.0,2.0,1.0,1.0,1.0,True,1.0
2018,PE,PRB,3,1.9097643068911914,1673075.27,False,2,2,0.6666666666666666,False,2,0.6666666666666666,False,2,0.6666666666666666,False,2.0,2.0,1.0,1.0,1.0,True,1.0,2.0,2.0,1.0,1.0,1.0,True,1.0,2.0,2.0,1.0,1.0,1.0,True,1.0
2018,PE,PROS,19,1.0,1160800.0,False,0,1,0.05263157894736842,False,1,0.05263157894736842,False,1,0.05263157894736842,False,1.0,1.0,1.0,1.0,1.0,True,1.0,1.0,1.0,1.0,1.0,1.0,True,1.0,1.0,1.0,1.0,1.0,1.0,True,1.0
2018,PE,PRP,14,1.0383975711978903,117200.0,False,0,1,0.07142857142857142,False,1,0.07142857142857142,False,1,0.07142857142857142,False,1.0,1.0,1.0,1.0,1.0,True,1.0,1.0,1.0,1.0,1.0,1.0,True,1.0,1.0,1.0,1.0,1.0,1.0,True,1.0
2018,PE,PRTB,3,1.6896551724137931,24500.0,False,0,2,0.6666666666666666,False,2,0.6666666666666666,False,1,0.3333333333333333,False,2.0,2.0,1.0,1.0,1.0,True,1.0,1.0,2.0,0.5,0.5,1.0,False,0.6666666666666667,1.0,2.0,0.5,0.5,1.0,False,0.6666666666666667
2018,PE,PSB,16,8.016864734448822,9588949.47,False,5,8,0.5,False,6,0.375,False,6,0.375,False,6.0,8.0,0.75,0.75,1.0,False,0.875,6.0,8.0,0.75,0.75,1.0,False,0.875,6.0,6.0,1.0,1.0,1.0,True,1.0
2018,PE,PSC,6,1.0,480000.0,False,1,1,0.16666666666666666,False,1,0.16666666666666666,False,1,0.16666666666666666,False,1.0,1.0,1.0,1.0,1.0,True,1.0,1.0,1.0,1.0,1.0,1.0,True,1.0,1.0,1.0,1.0,1.0,1.0,True,1.0
2018,PE,PSD,1,1.0,1076019.51,False,1,1,1.0,False,1,1.0,False,0,0.0,False,1.0,1.0,1.0,1.0,1.0,True,1.0,0.0,1.0,0.0,0.0,,False,0.0,0.0,1.0,0.0,0.0,,False,0.0
2018,PE,PSDB,4,2.256213870518051,1521750.0,False,0,2,0.5,False,2,0.5,False,1,0.25,False,2.0,2.0,1.0,1.0,1.0,True,1.0,1.0,2.0,0.5,0.5,1.0,False,0.75,1.0,2.0,0.5,0.5,1.0,False,0.75
2018,PE,PSL,11,1.61194273730539,2342000.0,False,1,2,0.18181818181818182,False,2,0.18181818181818182,False,2,0.18181818181818182,False,2.0,2.0,1.0,1.0,1.0,True,1.0,2.0,2.0,1.0,1.0,1.0,True,1.0,2.0,2.0,1.0,1.0,1.0,True,1.0
2018,PE,PSOL,31,11.99361604743251,170750.0,False,0,12,0.3870967741935484,False,12,0.3870967741935484,False,10,0.3225806451612903,False,12.0,12.0,1.0,1.0,1.0,True,1.0,10.0,12.0,0.8333333333333334,0.8333333333333334,1.0,False,0.935483870967742,10.0,12.0,0.8333333333333334,0.8333333333333334,1.0,False,0.935483870967742
2018,PE,PSTU,2,,0.0,True,0,0,0.0,False,0,0.0,False,0,0.0,False,0.0,0.0,,,,True,1.0,0.0,0.0,,,,True,1.0,0.0,0.0,,,,True,1.0
2018,PE,PT,16,3.986003885872765,2455205.0,False,2,4,0.25,False,4,0.25,False,4,0.25,False,4.0,4.0,1.0,1.0,1.0,True,1.0,4.0,4.0,1.0,1.0,1.0,True,1.0,4.0,4.0,1.0,1.0,1.0,True,1.0
2018,PE,PTB,7,1.470528496429051,1428161.93,False,0,1,0.14285714285714285,False,1,0.14285714285714285,False,2,0.2857142857142857,False,1.0,1.0,1.0,1.0,1.0,True,1.0,1.0,2.0,0.5,1.0,0.5,False,0.8571428571428572,1.0,2.0,0.5,1.0,0.5,False,0.8571428571428572
2018,PE,PTC,5,4.999999999999999,5000.0,False,0,5,1.0,False,4,0.8,True,0,0.0,False,4.0,5.0,0.8,0.8,1.0,False,0.8,0.0,5.0,0.0,0.0,,False,0.0,0.0,4.0,0.0,0.0,,False,0.19999999999999996
2018,PE,PV,8,4.965000785715135,506418.31,False,0,5,0.625,False,5,0.625,False,2,0.25,False,5.0,5.0,1.0,1.0,1.0,True,1.0,2.0,5.0,0.4,0.4,1.0,False,0.625,2.0,5.0,0.4,0.4,1.0,False,0.625
2018,PE,REDE,26,2.679799719905313,93000.0,False,0,3,0.11538461538461539,False,2,0.07692307692307693,False,3,0.11538461538461539,False,2.0,3.0,0.6666666666666666,0.6666666666666666,1.0,False,0.9615384615384616,3.0,3.0,1.0,1.0,1.0,True,1.0,2.0,3.0,0.6666666666666666,1.0,0.6666666666666666,False,0.9615384615384616
2018,PE,SOLIDARIEDADE,6,2.0680925758353923,1836400.0,False,1,2,0.3333333333333333,False,2,0.3333333333333333,False,2,0.3333333333333333,False,2.0,2.0,1.0,1.0,1.0,True,1.0,2.0,2.0,1.0,1.0,1.0,True,1.0,2.0,2.0,1.0,1.0,1.0,True,1.0
2018,PI,AVANTE,2,1.0573242581474278,180020.0,False,0,1,0.5,False,1,0.5,False,1,0.5,False,1.0,1.0,1.0,1.0,1.0,True,1.0,1.0,1.0,1.0,1.0,1.0,True,1.0,1.0,1.0,1.0,1.0,1.0,True,1.0
2018,PI,DC,8,1.9162242761362913,30100.0,False,0,2,0.25,False,2,0.25,False,2,0.25,False,2.0,2.0,1.0,1.0,1.0,True,1.0,2.0,2.0,1.0,1.0,1.0,True,1.0,2.0,2.0,1.0,1.0,1.0,True,1.0
2018,PI,DEM,1,1.0,732152.2,False,0,1,1.0,False,1,1.0,False,0,0.0,False,1.0,1.0,1.0,1.0,1.0,True,1.0,0.0,1.0,0.0,0.0,,False,0.0,0.0,1.0,0.0,0.0,,False,0.0
2018,PI,MDB,3,2.1246654525298916,647500.0,False,1,2,0.6666666666666666,False,2,0.6666666666666666,False,2,0.6666666666666666,False,2.0,2.0,1.0,1.0,1.0,True,1.0,2.0,2.0,1.0,1.0,1.0,True,1.0,2.0,2.0,1.0,1.0,1.0,True,1.0
2018,PI,PATRI,1,1.0,5998.2,False,0,1,1.0,False,1,1.0,False,0,0.0,False,1.0,1.0,1.0,1.0,1.0,True,1.0,0.0,1.0,0.0,0.0,,False,0.0,0.0,1.0,0.0,0.0,,False,0.0
2018,PI,PC DO B,1,1.0,33267.5,False,0,1,1.0,False,1,1.0,False,0,0.0,False,1.0,1.0,1.0,1.0,1.0,True,1.0,0.0,1.0,0.0,0.0,,False,0.0,0.0,1.0,0.0,0.0,,False,0.0
2018,PI,PCB,1,1.0,30543.02,False,0,1,1.0,False,1,1.0,False,0,0.0,False,1.0,1.0,1.0,1.0,1.0,True,1.0,0.0,1.0,0.0,0.0,,False,0.0,0.0,1.0,0.0,0.0,,False,0.0
2018,PI,PDT,1,1.0,601500.0,False,1,1,1.0,False,1,1.0,False,0,0.0,False,1.0,1.0,1.0,1.0,1.0,True,1.0,0.0,1.0,0.0,0.0,,False,0.0,0.0,1.0,0.0,0.0,,False,0.0
2018,PI,PHS,4,1.7270939483328862,139000.0,False,0,2,0.5,False,2,0.5,False,1,0.25,False,2.0,2.0,1.0,1.0,1.0,True,1.0,1.0,2.0,0.5,0.5,1.0,False,0.75,1.0,2.0,0.5,0.5,1.0,False,0.75
2018,PI,PMN,4,1.0,80000.0,False,0,1,0.25,False,1,0.25,False,1,0.25,False,1.0,1.0,1.0,1.0,1.0,True,1.0,1.0,1.0,1.0,1.0,1.0,True,1.0,1.0,1.0,1.0,1.0,1.0,True,1.0
2018,PI,PODE,2,,0.0,True,0,0,0.0,False,0,0.0,False,0,0.0,False,0.0,0.0,,,,True,1.0,0.0,0.0,,,,True,1.0,0.0,0.0,,,,True,1.0
2018,PI,PP,5,3.3672213377598466,7597280.5,False,2,3,0.6,False,3,0.6,False,3,0.6,False,3.0,3.0,1.0,1.0,1.0,True,1.0,3.0,3.0,1.0,1.0,1.0,True,1.0,3.0,3.0,1.0,1.0,1.0,True,1.0
2018,PI,PPS,4,2.3503799515595722,200926.43,False,0,2,0.5,False,2,0.5,False,2,0.5,False,2.0,2.0,1.0,1.0,1.0,True,1.0,2.0,2.0,1.0,1.0,1.0,True,1.0,2.0,2.0,1.0,1.0,1.0,True,1.0
2018,PI,PR,1,1.0,1350000.0,False,1,1,1.0,False,1,1.0,False,0,0.0,False,1.0,1.0,1.0,1.0,1.0,True,1.0,0.0,1.0,0.0,0.0,,False,0.0,0.0,1.0,0.0,0.0,,False,0.0
2018,PI,PRB,5,2.45607303502551,1721043.7799999998,False,0,2,0.4,False,2,0.4,False,2,0.4,False,2.0,2.0,1.0,1.0,1.0,True,1.0,2.0,2.0,1.0,1.0,1.0,True,1.0,2.0,2.0,1.0,1.0,1.0,True,1.0
2018,PI,PROS,6,1.0,123500.0,False,0,1,0.16666666666666666,False,1,0.16666666666666666,False,1,0.16666666666666666,False,1.0,1.0,1.0,1.0,1.0,True,1.0,1.0,1.0,1.0,1.0,1.0,True,1.0,1.0,1.0,1.0,1.0,1.0,True,1.0
2018,PI,PRP,10,5.144737935167496,68470.0,False,0,5,0.5,False,4,0.4,False,5,0.5,False,4.0,5.0,0.8,0.8,1.0,False,0.9,5.0,5.0,1.0,1.0,1.0,True,1.0,4.0,5.0,0.8,1.0,0.8,False,0.9
2018,PI,PRTB,8,,0.0,True,0,0,0.0,False,0,0.0,False,0,0.0,False,0.0,0.0,,,,True,1.0,0.0,0.0,,,,True,1.0,0.0,0.0,,,,True,1.0
2018,PI,PSB,4,1.7363401146567907,1850000.0,False,1,2,0.5,False,2,0.5,False,2,0.5,False,2.0,2.0,1.0,1.0,1.0,True,1.0,2.0,2.0,1.0,1.0,1.0,True,1.0,2.0,2.0,1.0,1.0,1.0,True,1.0
2018,PI,PSC,6,1.0,280000.0,False,0,1,0.16666666666666666,False,1,0.16666666666666666,False,1,0.16666666666666666,False,1.0,1.0,1.0,1.0,1.0,True,1.0,1.0,1.0,1.0,1.0,1.0,True,1.0,1.0,1.0,1.0,1.0,1.0,True,1.0
2018,PI,PSD,1,1.0,792013.2,False,1,1,1.0,False,1,1.0,False,0,0.0,False,1.0,1.0,1.0,1.0,1.0,True,1.0,0.0,1.0,0.0,0.0,,False,0.0,0.0,1.0,0.0,0.0,,False,0.0
2018,PI,PSDB,5,2.383734118333347,373009.77,False,0,2,0.4,False,2,0.4,False,2,0.4,False,2.0,2.0,1.0,1.0,1.0,True,1.0,2.0,2.0,1.0,1.0,1.0,True,1.0,2.0,2.0,1.0,1.0,1.0,True,1.0
2018,PI,PSL,6,,0.0,True,0,0,0.0,False,0,0.0,False,0,0.0,False,0.0,0.0,,,,True,1.0,0.0,0.0,,,,True,1.0,0.0,0.0,,,,True,1.0
2018,PI,PSOL,7,6.493019706459571,22896.68,False,0,6,0.8571428571428571,False,5,0.7142857142857143,False,4,0.5714285714285714,False,5.0,6.0,0.8333333333333334,0.8333333333333334,1.0,False,0.8571428571428572,4.0,6.0,0.6666666666666666,0.6666666666666666,1.0,False,0.7142857142857143,4.0,5.0,0.8,0.8,1.0,False,0.8571428571428572
2018,PI,PSTU,1,,0.0,True,0,0,0.0,False,0,0.0,False,0,0.0,False,0.0,0.0,,,,True,1.0,0.0,0.0,,,,True,1.0,0.0,0.0,,,,True,1.0
2018,PI,PT,7,4.045212551706465,2966500.0,False,2,4,0.5714285714285714,False,4,0.5714285714285714,False,2,0.2857142857142857,False,4.0,4.0,1.0,1.0,1.0,True,1.0,2.0,4.0,0.5,0.5,1.0,False,0.7142857142857143,2.0,4.0,0.5,0.5,1.0,False,0.7142857142857143
2018,PI,PTB,1,1.0,1877821.74,False,0,1,1.0,False,1,1.0,False,0,0.0,False,1.0,1.0,1.0,1.0,1.0,True,1.0,0.0,1.0,0.0,0.0,,False,0.0,0.0,1.0,0.0,0.0,,False,0.0
2018,PI,PTC,1,1.0,560000.0,False,1,1,1.0,False,1,1.0,False,0,0.0,False,1.0,1.0,1.0,1.0,1.0,True,1.0,0.0,1.0,0.0,0.0,,False,0.0,0.0,1.0,0.0,0.0,,False,0.0
2018,PI,PV,9,8.205625284740144,165157.48,False,0,8,0.8888888888888888,False,7,0.7777777777777778,False,4,0.4444444444444444,False,7.0,8.0,0.875,0.875,1.0,False,0.8888888888888888,4.0,8.0,0.5,0.5,1.0,False,0.5555555555555556,4.0,7.0,0.5714285714285714,0.5714285714285714,1.0,False,0.6666666666666667
2018,PI,REDE,5,1.0,190000.0,False,0,1,0.2,False,1,0.2,False,1,0.2,False,1.0,1.0,1.0,1.0,1.0,True,1.0,1.0,1.0,1.0,1.0,1.0,True,1.0,1.0,1.0,1.0,1.0,1.0,True,1.0
2018,PI,SOLIDARIEDADE,3,1.0,630000.0,False,0,1,0.3333333333333333,False,1,0.3333333333333333,False,1,0.3333333333333333,False,1.0,1.0,1.0,1.0,1.0,True,1.0,1.0,1.0,1.0,1.0,1.0,True,1.0,1.0,1.0,1.0,1.0,1.0,True,1.0
2018,PR,AVANTE,6,1.597879069254446,132704.86,False,0,2,0.3333333333333333,False,2,0.3333333333333333,False,2,0.3333333333333333,False,2.0,2.0,1.0,1.0,1.0,True,1.0,2.0,2.0,1.0,1.0,1.0,True,1.0,2.0,2.0,1.0,1.0,1.0,True,1.0
2018,PR,DC,7,3.4522264240307265,68300.0,False,0,3,0.42857142857142855,True,4,0.5714285714285714,False,2,0.2857142857142857,False,3.0,4.0,0.75,1.0,0.75,False,0.8571428571428572,2.0,3.0,0.6666666666666666,0.6666666666666666,1.0,False,0.8571428571428572,2.0,4.0,0.5,0.5,1.0,False,0.7142857142857143
2018,PR,DEM,4,1.958066394874782,1640000.0,False,1,2,0.5,False,2,0.5,False,2,0.5,False,2.0,2.0,1.0,1.0,1.0,True,1.0,2.0,2.0,1.0,1.0,1.0,True,1.0,2.0,2.0,1.0,1.0,1.0,True,1.0
2018,PR,MDB,18,3.400903922398064,3961000.0,False,2,3,0.16666666666666666,False,3,0.16666666666666666,False,2,0.1111111111111111,False,3.0,3.0,1.0,1.0,1.0,True,1.0,2.0,3.0,0.6666666666666666,0.6666666666666666,1.0,False,0.9444444444444444,2.0,3.0,0.6666666666666666,0.6666666666666666,1.0,False,0.9444444444444444
2018,PR,NOVO,16,11.11179148961576,178486.56,False,0,11,0.6875,False,10,0.625,False,5,0.3125,False,10.0,11.0,0.9090909090909091,0.9090909090909091,1.0,False,0.9375,5.0,11.0,0.45454545454545453,0.45454545454545453,1.0,False,0.625,5.0,10.0,0.5,0.5,1.0,False,0.6875
2018,PR,PATRI,4,1.0,109100.0,False,0,1,0.25,False,1,0.25,False,1,0.25,False,1.0,1.0,1.0,1.0,1.0,True,1.0,1.0,1.0,1.0,1.0,1.0,True,1.0,1.0,1.0,1.0,1.0,1.0,True,1.0
2018,PR,PC DO B,15,1.0,5000.0,False,0,1,0.06666666666666667,False,1,0.06666666666666667,False,1,0.06666666666666667,False,1.0,1.0,1.0,1.0,1.0,True,1.0,1.0,1.0,1.0,1.0,1.0,True,1.0,1.0,1.0,1.0,1.0,1.0,True,1.0
2018,PR,PCO,1,1.0,1600.0,False,0,1,1.0,False,1,1.0,False,0,0.0,False,1.0,1.0,1.0,1.0,1.0,True,1.0,0.0,1.0,0.0,0.0,,False,0.0,0.0,1.0,0.0,0.0,,False,0.0
2018,PR,PDT,9,2.8499980871982555,1158000.0,False,1,3,0.3333333333333333,False,2,0.2222222222222222,False,3,0.3333333333333333,False,2.0,3.0,0.6666666666666666,0.6666666666666666,1.0,False,0.8888888888888888,3.0,3.0,1.0,1.0,1.0,True,1.0,2.0,3.0,0.6666666666666666,1.0,0.6666666666666666,False,0.8888888888888888
2018,PR,PHS,11,2.4362579861543288,223208.0,False,0,2,0.18181818181818182,False,2,0.18181818181818182,False,2,0.18181818181818182,False,2.0,2.0,1.0,1.0,1.0,True,1.0,2.0,2.0,1.0,1.0,1.0,True,1.0,2.0,2.0,1.0,1.0,1.0,True,1.0
2018,PR,PMB,2,,0.0,True,0,0,0.0,False,0,0.0,False,0,0.0,False,0.0,0.0,,,,True,1.0,0.0,0.0,,,,True,1.0,0.0,0.0,,,,True,1.0
2018,PR,PMN,3,1.0,500000.0,False,0,1,0.3333333333333333,False,1,0.3333333333333333,False,1,0.3333333333333333,False,1.0,1.0,1.0,1.0,1.0,True,1.0,1.0,1.0,1.0,1.0,1.0,True,1.0,1.0,1.0,1.0,1.0,1.0,True,1.0
2018,PR,PODE,9,1.5102172374604046,631174.42,False,1,2,0.2222222222222222,False,2,0.2222222222222222,False,2,0.2222222222222222,False,2.0,2.0,1.0,1.0,1.0,True,1.0,2.0,2.0,1.0,1.0,1.0,True,1.0,2.0,2.0,1.0,1.0,1.0,True,1.0
2018,PR,PP,10,6.245626436889376,8382925.83,False,2,6,0.6,False,5,0.5,False,4,0.4,False,5.0,6.0,0.8333333333333334,0.8333333333333334,1.0,False,0.9,4.0,6.0,0.6666666666666666,0.6666666666666666,1.0,False,0.8,4.0,5.0,0.8,0.8,1.0,False,0.9
2018,PR,PPL,25,20.39715584225187,37300.0,False,0,20,0.8,True,17,0.68,True,12,0.48,False,17.0,20.000000000000004,0.8499999999999999,0.85,1.0,False,0.88,12.0,20.000000000000004,0.5999999999999999,0.6,1.0,False,0.6799999999999999,12.0,17.0,0.7058823529411765,0.7058823529411765,1.0,False,0.8
2018,PR,PPS,4,1.3826889075292257,1388808.4400000002,False,1,1,0.25,False,1,0.25,False,1,0.25,False,1.0,1.0,1.0,1.0,1.0,True,1.0,1.0,1.0,1.0,1.0,1.0,True,1.0,1.0,1.0,1.0,1.0,1.0,True,1.0
2018,PR,PR,3,2.967548285005992,6479092.1899999995,False,3,3,1.0,False,3,1.0,False,1,0.3333333333333333,False,3.0,3.0,1.0,1.0,1.0,True,1.0,1.0,3.0,0.3333333333333333,0.3333333333333333,1.0,False,0.33333333333333337,1.0,3.0,0.3333333333333333,0.3333333333333333,1.0,False,0.33333333333333337
2018,PR,PRB,22,4.467662016603606,2049117.01,False,2,4,0.18181818181818182,False,4,0.18181818181818182,False,4,0.18181818181818182,False,4.0,4.0,1.0,1.0,1.0,True,1.0,4.0,4.0,1.0,1.0,1.0,True,1.0,4.0,4.0,1.0,1.0,1.0,True,1.0
2018,PR,PROS,5,2.5768943899046506,881600.0,False,2,3,0.6,False,2,0.4,False,2,0.4,False,2.0,3.0,0.6666666666666666,0.6666666666666666,1.0,False,0.8,2.0,3.0,0.6666666666666666,0.6666666666666666,1.0,False,0.8,2.0,2.0,1.0,1.0,1.0,True,1.0
2018,PR,PRP,5,1.923076923076923,25000.0,False,0,2,0.4,False,2,0.4,False,2,0.4,False,2.0,2.0,1.0,1.0,1.0,True,1.0,2.0,2.0,1.0,1.0,1.0,True,1.0,2.0,2.0,1.0,1.0,1.0,True,1.0
2018,PR,PRTB,37,11.416014509790749,11660.0,False,0,11,0.2972972972972973,True,10,0.2702702702702703,True,13,0.35135135135135137,False,10.0,11.0,0.9090909090909091,0.9090909090909091,1.0,False,0.972972972972973,11.0,13.0,0.8461538461538461,1.0,0.8461538461538461,False,0.9459459459459459,10.0,13.0,0.7692307692307693,1.0,0.7692307692307693,False,0.9189189189189189
2018,PR,PSB,9,3.1842105263157894,4400000.0,False,2,3,0.3333333333333333,False,3,0.3333333333333333,False,3,0.3333333333333333,False,3.0,3.0,1.0,1.0,1.0,True,1.0,3.0,3.0,1.0,1.0,1.0,True,1.0,3.0,3.0,1.0,1.0,1.0,True,1.0
2018,PR,PSC,7,2.8334396772245936,2502652.1,False,1,3,0.42857142857142855,False,2,0.2857142857142857,False,2,0.2857142857142857,False,2.0,3.0,0.6666666666666666,0.6666666666666666,1.0,False,0.8571428571428572,2.0,3.0,0.6666666666666666,0.6666666666666666,1.0,False,0.8571428571428572,2.0,2.0,1.0,1.0,1.0,True,1.0
2018,PR,PSD,22,6.62733593591305,6783374.31,False,4,7,0.3181818181818182,False,5,0.22727272727272727,False,5,0.22727272727272727,False,5.0,7.0,0.7142857142857143,0.7142857142857143,1.0,False,0.9090909090909091,5.0,7.0,0.7142857142857143,0.7142857142857143,1.0,False,0.9090909090909091,5.0,5.0,1.0,1.0,1.0,True,1.0
2018,PR,PSDB,10,3.6990112634302927,1757100.0,False,0,4,0.4,False,3,0.3,False,3,0.3,False,3.0,4.0,0.75,0.75,1.0,False,0.9,3.0,4.0,0.75,0.75,1.0,False,0.9,3.0,3.0,1.0,1.0,1.0,True,1.0
2018,PR,PSL,29,2.2336141204687414,175200.0,False,3,2,0.06896551724137931,False,4,0.13793103448275862,True,5,0.1724137931034483,False,2.0,3.9999999999999996,0.5000000000000001,1.0,0.5,False,0.9310344827586207,2.0,5.0,0.4,1.0,0.4,False,0.896551724137931,3.9999999999999996,5.0,0.7999999999999999,0.9999999999999999,0.7999999999999999,False,0.9655172413793104
2018,PR,PSOL,29,28.999841183986035,78755.91000000002,False,0,29,1.0,False,24,0.8275862068965517,True,1,0.034482758620689655,False,24.00000000000001,29.0,0.827586206896552,0.827586206896552,1.0000000000000004,False,0.8275862068965516,1.0,29.0,0.034482758620689655,0.034482758620689655,1.0,False,0.03448275862068961,1.0,24.00000000000001,0.04166666666666665,0.041666666666666664,1.0,False,0.20689655172413757
2018,PR,PT,33,4.654448634498673,4036742.83,False,3,5,0.15151515151515152,False,4,0.12121212121212122,False,4,0.12121212121212122,False,4.0,5.0,0.8,0.8,1.0,False,0.9696969696969697,4.0,5.0,0.8,0.8,1.0,False,0.9696969696969697,4.0,4.0,1.0,1.0,1.0,True,1.0
2018,PR,PTB,1,1.0,2208553.67,False,1,1,1.0,False,1,1.0,False,0,0.0,False,1.0,1.0,1.0,1.0,1.0,True,1.0,0.0,1.0,0.0,0.0,,False,0.0,0.0,1.0,0.0,0.0,,False,0.0
2018,PR,PTC,7,1.9665427509293683,11500.0,False,0,2,0.2857142857142857,False,2,0.2857142857142857,False,2,0.2857142857142857,False,2.0,2.0,1.0,1.0,1.0,True,1.0,2.0,2.0,1.0,1.0,1.0,True,1.0,2.0,2.0,1.0,1.0,1.0,True,1.0
2018,PR,PV,40,2.95157512452607,1930231.32,False,1,3,0.075,False,7,0.175,False,7,0.175,False,3.0,7.0,0.42857142857142855,1.0,0.42857142857142855,False,0.9,3.0,7.0,0.42857142857142855,1.0,0.42857142857142855,False,0.9,7.0,7.0,1.0,1.0,1.0,True,1.0
2018,PR,REDE,11,9.433770386508536,9449.99,False,0,9,0.8181818181818182,True,8,0.7272727272727273,True,3,0.2727272727272727,False,8.0,9.0,0.8888888888888888,0.8888888888888888,1.0,False,0.9090909090909091,3.0,9.0,0.3333333333333333,0.3333333333333333,1.0,False,0.4545454545454546,3.0,8.0,0.375,0.375,1.0,False,0.5454545454545454
2018,PR,SOLIDARIEDADE,1,1.0,865000.0,False,0,1,1.0,False,1,1.0,False,0,0.0,False,1.0,1.0,1.0,1.0,1.0,True,1.0,0.0,1.0,0.0,0.0,,False,0.0,0.0,1.0,0.0,0.0,,False,0.0
2018,RJ,AVANTE,48,2.4164511595828553,503626.39,False,1,2,0.041666666666666664,False,3,0.0625,False,7,0.14583333333333334,False,2.0,3.0,0.6666666666666666,1.0,0.6666666666666666,False,0.9791666666666666,2.0,7.0,0.2857142857142857,1.0,0.2857142857142857,False,0.8958333333333334,3.0,7.0,0.42857142857142855,1.0,0.42857142857142855,False,0.9166666666666666
2018,RJ,DC,44,10.243925060285664,117500.0,False,1,10,0.22727272727272727,True,13,0.29545454545454547,True,14,0.3181818181818182,False,10.0,12.999999999999998,0.7692307692307694,1.0,0.7692307692307693,False,0.9318181818181819,10.0,14.0,0.7142857142857143,1.0,0.7142857142857143,False,0.9090909090909091,12.999999999999998,14.0,0.9285714285714285,0.9999999999999999,0.9285714285714285,False,0.9772727272727273
2018,RJ,DEM,22,8.08930727327895,8281600.0,False,4,8,0.36363636363636365,False,7,0.3181818181818182,False,8,0.36363636363636365,False,7.0,8.0,0.875,0.875,1.0,False,0.9545454545454546,8.0,8.0,1.0,1.0,1.0,True,1.0,7.0,8.0,0.875,1.0,0.875,False,0.9545454545454546
2018,RJ,MDB,18,8.598708711873206,11706973.739999998,False,3,9,0.5,False,7,0.3888888888888889,False,7,0.3888888888888889,False,7.0,9.0,0.7777777777777778,0.7777777777777778,1.0,False,0.8888888888888888,7.0,9.0,0.7777777777777778,0.7777777777777778,1.0,False,0.8888888888888888,7.0,7.0,1.0,1.0,1.0,True,1.0
2018,RJ,NOVO,19,11.051439983087063,73065.71,False,1,11,0.5789473684210527,True,10,0.5263157894736842,True,5,0.2631578947368421,False,10.0,11.0,0.9090909090909091,0.9090909090909091,1.0,False,0.9473684210526315,5.0,11.0,0.45454545454545453,0.45454545454545453,1.0,False,0.6842105263157895,5.0,10.0,0.5,0.5,1.0,False,0.736842105263158
2018,RJ,PATRI,31,2.1734523745312666,753278.0,False,0,2,0.06451612903225806,False,2,0.06451612903225806,False,2,0.06451612903225806,False,2.0,2.0,1.0,1.0,1.0,True,1.0,2.0,2.0,1.0,1.0,1.0,True,1.0,2.0,2.0,1.0,1.0,1.0,True,1.0
2018,RJ,PC DO B,9,1.1015322249192256,1384935.0,False,1,1,0.1111111111111111,False,1,0.1111111111111111,False,1,0.1111111111111111,False,1.0,1.0,1.0,1.0,1.0,True,1.0,1.0,1.0,1.0,1.0,1.0,True,1.0,1.0,1.0,1.0,1.0,1.0,True,1.0
2018,RJ,PCB,1,1.0,117035.75,False,0,1,1.0,False,1,1.0,False,0,0.0,False,1.0,1.0,1.0,1.0,1.0,True,1.0,0.0,1.0,0.0,0.0,,False,0.0,0.0,1.0,0.0,0.0,,False,0.0
2018,RJ,PDT,49,4.638521236342301,1169954.31,False,2,5,0.10204081632653061,False,8,0.16326530612244897,True,6,0.12244897959183673,False,5.0,8.0,0.625,1.0,0.625,False,0.9387755102040817,5.0,6.0,0.8333333333333334,1.0,0.8333333333333334,False,0.9795918367346939,6.0,8.0,0.75,0.75,1.0,False,0.9591836734693877
2018,RJ,PHS,63,2.261399304501338,228500.0,False,1,2,0.031746031746031744,True,5,0.07936507936507936,False,5,0.07936507936507936,False,2.0,5.0,0.4,1.0,0.4,False,0.9523809523809523,2.0,5.0,0.4,1.0,0.4,False,0.9523809523809523,5.0,5.0,1.0,1.0,1.0,True,1.0
2018,RJ,PMB,37,1.3438322581271303,481569.95999999996,False,0,1,0.02702702702702703,False,1,0.02702702702702703,False,1,0.02702702702702703,False,1.0,1.0,1.0,1.0,1.0,True,1.0,1.0,1.0,1.0,1.0,1.0,True,1.0,1.0,1.0,1.0,1.0,1.0,True,1.0
2018,RJ,PMN,19,1.091985127166723,679609.8,False,0,1,0.05263157894736842,False,1,0.05263157894736842,False,1,0.05263157894736842,False,1.0,1.0,1.0,1.0,1.0,True,1.0,1.0,1.0,1.0,1.0,1.0,True,1.0,1.0,1.0,1.0,1.0,1.0,True,1.0
2018,RJ,PODE,38,2.0389116662752396,1338449.3999999997,False,0,2,0.05263157894736842,False,2,0.05263157894736842,False,2,0.05263157894736842,False,2.0,2.0,1.0,1.0,1.0,True,1.0,2.0,2.0,1.0,1.0,1.0,True,1.0,2.0,2.0,1.0,1.0,1.0,True,1.0
2018,RJ,PP,13,4.171136596573705,6880119.03,False,2,4,0.3076923076923077,False,4,0.3076923076923077,False,4,0.3076923076923077,False,4.0,4.0,1.0,1.0,1.0,True,1.0,4.0,4.0,1.0,1.0,1.0,True,1.0,4.0,4.0,1.0,1.0,1.0,True,1.0
2018,RJ,PPL,40,9.928007399558112,32778.020000000004,False,0,10,0.25,True,8,0.2,False,11,0.275,False,8.0,10.0,0.8,0.8,1.0,False,0.95,10.0,11.0,0.9090909090909091,1.0,0.9090909090909091,False,0.975,8.0,11.0,0.7272727272727273,1.0,0.7272727272727273,False,0.925
2018,RJ,PPS,14,5.920870905618585,1049841.1600000001,False,1,6,0.42857142857142855,False,6,0.42857142857142855,False,4,0.2857142857142857,False,6.0,6.0,1.0,1.0,1.0,True,1.0,4.0,6.0,0.6666666666666666,0.6666666666666666,1.0,False,0.8571428571428572,4.0,6.0,0.6666666666666666,0.6666666666666666,1.0,False,0.8571428571428572
2018,RJ,PR,26,7.095256148777982,11937126.9,False,2,7,0.2692307692307692,False,6,0.23076923076923078,False,8,0.3076923076923077,False,6.0,7.0,0.8571428571428571,0.8571428571428571,1.0,False,0.9615384615384616,7.0,8.0,0.875,1.0,0.875,False,0.9615384615384616,6.0,8.0,0.75,1.0,0.75,False,0.9230769230769231
2018,RJ,PRB,59,7.923859361084176,6452805.77,False,2,8,0.13559322033898305,False,6,0.1016949152542373,False,9,0.15254237288135594,False,6.0,8.0,0.75,0.75,1.0,False,0.9661016949152542,8.0,9.0,0.8888888888888888,1.0,0.8888888888888888,False,0.9830508474576272,6.0,9.0,0.6666666666666666,1.0,0.6666666666666666,False,0.9491525423728814
2018,RJ,PROS,11,2.1306370520676072,3113022.5,False,1,2,0.18181818181818182,False,2,0.18181818181818182,False,2,0.18181818181818182,False,2.0,2.0,1.0,1.0,1.0,True,1.0,2.0,2.0,1.0,1.0,1.0,True,1.0,2.0,2.0,1.0,1.0,1.0,True,1.0
2018,RJ,PRP,57,1.6089317884001273,494013.5,False,1,2,0.03508771929824561,False,2,0.03508771929824561,False,2,0.03508771929824561,False,2.0,2.0,1.0,1.0,1.0,True,1.0,2.0,2.0,1.0,1.0,1.0,True,1.0,2.0,2.0,1.0,1.0,1.0,True,1.0
2018,RJ,PRTB,52,4.891752436308803,167788.40000000002,False,0,5,0.09615384615384616,False,18,0.34615384615384615,True,9,0.17307692307692307,False,5.0,18.0,0.2777777777777778,1.0,0.2777777777777778,False,0.75,5.0,9.0,0.5555555555555556,1.0,0.5555555555555556,False,0.9230769230769231,9.0,18.0,0.5,0.5,1.0,False,0.8269230769230769
2018,RJ,PSB,15,2.2482055763333606,2064626.3599999999,False,1,2,0.13333333333333333,False,2,0.13333333333333333,False,3,0.2,False,2.0,2.0,1.0,1.0,1.0,True,1.0,2.0,3.0,0.6666666666666666,1.0,0.6666666666666666,False,0.9333333333333333,2.0,3.0,0.6666666666666666,1.0,0.6666666666666666,False,0.9333333333333333
2018,RJ,PSC,54,4.079172653888584,962945.4200000002,False,1,4,0.07407407407407407,False,4,0.07407407407407407,False,8,0.14814814814814814,False,4.0,4.0,1.0,1.0,1.0,True,1.0,4.0,8.0,0.5,1.0,0.5,False,0.9259259259259259,4.0,8.0,0.5,1.0,0.5,False,0.9259259259259259
2018,RJ,PSD,56,8.655664987166382,6822756.2,False,3,9,0.16071428571428573,False,7,0.125,False,11,0.19642857142857142,False,7.0,9.0,0.7777777777777778,0.7777777777777778,1.0,False,0.9642857142857143,9.0,11.0,0.8181818181818182,1.0,0.8181818181818182,False,0.9642857142857143,7.0,11.0,0.6363636363636364,1.0,0.6363636363636364,False,0.9285714285714286
2018,RJ,PSDB,21,2.9399068387520764,1778544.1399999997,False,0,3,0.14285714285714285,False,6,0.2857142857142857,True,3,0.14285714285714285,False,3.0,6.0,0.5,1.0,0.5,False,0.8571428571428572,3.0,3.0,1.0,1.0,1.0,True,1.0,3.0,6.0,0.5,0.5,1.0,False,0.8571428571428572
2018,RJ,PSL,63,7.3955752059004185,397512.83,False,12,7,0.1111111111111111,False,11,0.1746031746031746,False,9,0.14285714285714285,False,7.0,11.0,0.6363636363636364,1.0,0.6363636363636364,False,0.9365079365079365,7.0,9.0,0.7777777777777778,1.0,0.7777777777777778,False,0.9682539682539683,9.0,11.0,0.8181818181818182,0.8181818181818182,1.0,False,0.9682539682539683
2018,RJ,PSOL,44,7.805872134564798,1608770.47,False,4,8,0.18181818181818182,False,8,0.18181818181818182,False,10,0.22727272727272727,False,8.0,8.0,1.0,1.0,1.0,True,1.0,8.0,10.0,0.8,1.0,0.8,False,0.9545454545454546,8.0,10.0,0.8,1.0,0.8,False,0.9545454545454546
2018,RJ,PT,24,7.932708694059975,5951712.0,False,1,8,0.3333333333333333,False,6,0.25,True,8,0.3333333333333333,False,6.0,8.0,0.75,0.75,1.0,False,0.9166666666666666,8.0,8.0,1.0,1.0,1.0,True,1.0,6.0,8.0,0.75,1.0,0.75,False,0.9166666666666666
2018,RJ,PTB,14,4.084009562440277,5803485.48,False,0,4,0.2857142857142857,False,4,0.2857142857142857,False,3,0.21428571428571427,False,4.0,4.0,1.0,1.0,1.0,True,1.0,3.0,4.0,0.75,0.75,1.0,False,0.9285714285714286,3.0,4.0,0.75,0.75,1.0,False,0.9285714285714286
2018,RJ,PTC,29,1.4037001676956493,176430.0,False,0,1,0.034482758620689655,False,1,0.034482758620689655,False,2,0.06896551724137931,False,1.0,1.0,1.0,1.0,1.0,True,1.0,1.0,2.0,0.5,1.0,0.5,False,0.9655172413793104,1.0,2.0,0.5,1.0,0.5,False,0.9655172413793104
2018,RJ,PV,14,4.196409703049323,408813.64999999997,False,0,4,0.2857142857142857,False,4,0.2857142857142857,False,3,0.21428571428571427,False,4.0,4.0,1.0,1.0,1.0,True,1.0,3.0,4.0,0.75,0.75,1.0,False,0.9285714285714286,3.0,4.0,0.75,0.75,1.0,False,0.9285714285714286
2018,RJ,REDE,13,1.5358842780990059,192400.0,False,0,2,0.15384615384615385,False,2,0.15384615384615385,False,2,0.15384615384615385,False,2.0,2.0,1.0,1.0,1.0,True,1.0,2.0,2.0,1.0,1.0,1.0,True,1.0,2.0,2.0,1.0,1.0,1.0,True,1.0
2018,RJ,SOLIDARIEDADE,29,1.5860568936258064,1733747.24,False,1,2,0.06896551724137931,True,2,0.06896551724137931,True,4,0.13793103448275862,False,2.0,2.0,1.0,1.0,1.0,True,1.0,2.0,4.0,0.5,1.0,0.5,False,0.9310344827586207,2.0,4.0,0.5,1.0,0.5,False,0.9310344827586207
2018,RN,AVANTE,2,1.0,350000.0,False,0,1,0.5,False,1,0.5,False,1,0.5,False,1.0,1.0,1.0,1.0,1.0,True,1.0,1.0,1.0,1.0,1.0,1.0,True,1.0,1.0,1.0,1.0,1.0,1.0,True,1.0
2018,RN,DC,1,1.0,3500.0,False,0,1,1.0,False,1,1.0,False,0,0.0,False,1.0,1.0,1.0,1.0,1.0,True,1.0,0.0,1.0,0.0,0.0,,False,0.0,0.0,1.0,0.0,0.0,,False,0.0
2018,RN,DEM,1,1.0,1314795.05,False,0,1,1.0,False,1,1.0,False,0,0.0,False,1.0,1.0,1.0,1.0,1.0,True,1.0,0.0,1.0,0.0,0.0,,False,0.0,0.0,1.0,0.0,0.0,,False,0.0
2018,RN,MDB,4,1.8908809100449355,2258062.5,False,1,2,0.5,False,2,0.5,False,1,0.25,False,2.0,2.0,1.0,1.0,1.0,True,1.0,1.0,2.0,0.5,0.5,1.0,False,0.75,1.0,2.0,0.5,0.5,1.0,False,0.75
2018,RN,NOVO,5,4.590233632899758,20495.8,False,0,5,1.0,False,4,0.8,True,2,0.4,False,3.9999999999999996,5.0,0.7999999999999999,0.7999999999999999,0.9999999999999999,False,0.8,2.0,5.0,0.4,0.4,1.0,False,0.4,2.0,3.9999999999999996,0.5000000000000001,0.5,1.0,False,0.6
2018,RN,PATRI,11,,0.0,True,0,0,0.0,False,0,0.0,False,0,0.0,False,0.0,0.0,,,,True,1.0,0.0,0.0,,,,True,1.0,0.0,0.0,,,,True,1.0
2018,RN,PC DO B,6,1.9806334484453312,29460.0,False,0,2,0.3333333333333333,False,2,0.3333333333333333,False,1,0.16666666666666666,False,2.0,2.0,1.0,1.0,1.0,True,1.0,1.0,2.0,0.5,0.5,1.0,False,0.8333333333333334,1.0,2.0,0.5,0.5,1.0,False,0.8333333333333334
2018,RN,PCO,1,1.0,600.0,False,0,1,1.0,False,1,1.0,False,0,0.0,False,1.0,1.0,1.0,1.0,1.0,True,1.0,0.0,1.0,0.0,0.0,,False,0.0,0.0,1.0,0.0,0.0,,False,0.0
2018,RN,PDT,4,2.989830508474576,420000.0,False,0,3,0.75,False,3,0.75,False,3,0.75,False,3.0,3.0,1.0,1.0,1.0,True,1.0,3.0,3.0,1.0,1.0,1.0,True,1.0,3.0,3.0,1.0,1.0,1.0,True,1.0
2018,RN,PHS,4,3.994075662376826,48350.0,False,0,4,1.0,False,4,1.0,False,2,0.5,False,4.0,4.0,1.0,1.0,1.0,True,1.0,2.0,4.0,0.5,0.5,1.0,False,0.5,2.0,4.0,0.5,0.5,1.0,False,0.5
2018,RN,PMB,2,,0.0,True,0,0,0.0,False,0,0.0,False,0,0.0,False,0.0,0.0,,,,True,1.0,0.0,0.0,,,,True,1.0,0.0,0.0,,,,True,1.0
2018,RN,PMN,1,1.0,250000.0,False,0,1,1.0,False,1,1.0,False,0,0.0,False,1.0,1.0,1.0,1.0,1.0,True,1.0,0.0,1.0,0.0,0.0,,False,0.0,0.0,1.0,0.0,0.0,,False,0.0
2018,RN,PODE,3,1.4705882352941173,300000.0,False,0,1,0.3333333333333333,False,1,0.3333333333333333,False,1,0.3333333333333333,False,1.0,1.0,1.0,1.0,1.0,True,1.0,1.0,1.0,1.0,1.0,1.0,True,1.0,1.0,1.0,1.0,1.0,1.0,True,1.0
2018,RN,PP,3,1.8692905016251284,1867000.0,False,1,2,0.6666666666666666,False,2,0.6666666666666666,False,1,0.3333333333333333,False,2.0,2.0,1.0,1.0,1.0,True,1.0,1.0,2.0,0.5,0.5,1.0,False,0.6666666666666667,1.0,2.0,0.5,0.5,1.0,False,0.6666666666666667
2018,RN,PPL,4,,0.0,True,0,0,0.0,False,0,0.0,False,0,0.0,False,0.0,0.0,,,,True,1.0,0.0,0.0,,,,True,1.0,0.0,0.0,,,,True,1.0
2018,RN,PPS,1,1.0,100751.05,False,0,1,1.0,False,1,1.0,False,0,0.0,False,1.0,1.0,1.0,1.0,1.0,True,1.0,0.0,1.0,0.0,0.0,,False,0.0,0.0,1.0,0.0,0.0,,False,0.0
2018,RN,PR,1,1.0,2240000.0,False,1,1,1.0,False,1,1.0,False,0,0.0,False,1.0,1.0,1.0,1.0,1.0,True,1.0,0.0,1.0,0.0,0.0,,False,0.0,0.0,1.0,0.0,0.0,,False,0.0
2018,RN,PRB,2,1.968169964584057,1185615.6400000001,False,0,2,1.0,False,2,1.0,False,1,0.5,False,2.0,2.0,1.0,1.0,1.0,True,1.0,1.0,2.0,0.5,0.5,1.0,False,0.5,1.0,2.0,0.5,0.5,1.0,False,0.5
2018,RN,PROS,1,1.0,1405000.0,False,0,1,1.0,False,1,1.0,False,0,0.0,False,1.0,1.0,1.0,1.0,1.0,True,1.0,0.0,1.0,0.0,0.0,,False,0.0,0.0,1.0,0.0,0.0,,False,0.0
2018,RN,PRP,2,,0.0,True,0,0,0.0,False,0,0.0,False,0,0.0,False,0.0,0.0,,,,True,1.0,0.0,0.0,,,,True,1.0,0.0,0.0,,,,True,1.0
2018,RN,PRTB,11,3.9999761609102125,9613.55,False,0,4,0.36363636363636365,False,4,0.36363636363636365,False,4,0.36363636363636365,False,4.0,4.0,1.0,1.0,1.0,True,1.0,4.0,4.0,1.0,1.0,1.0,True,1.0,4.0,4.0,1.0,1.0,1.0,True,1.0
2018,RN,PSB,1,1.0,1510000.0,False,1,1,1.0,False,1,1.0,False,0,0.0,False,1.0,1.0,1.0,1.0,1.0,True,1.0,0.0,1.0,0.0,0.0,,False,0.0,0.0,1.0,0.0,0.0,,False,0.0
2018,RN,PSC,2,1.3676148796498908,750000.0,False,0,1,0.5,False,1,0.5,False,1,0.5,False,1.0,1.0,1.0,1.0,1.0,True,1.0,1.0,1.0,1.0,1.0,1.0,True,1.0,1.0,1.0,1.0,1.0,1.0,True,1.0
2018,RN,PSD,2,1.4401036475981661,1275000.0,False,1,1,0.5,False,1,0.5,False,1,0.5,False,1.0,1.0,1.0,1.0,1.0,True,1.0,1.0,1.0,1.0,1.0,1.0,True,1.0,1.0,1.0,1.0,1.0,1.0,True,1.0
2018,RN,PSDB,1,1.0,200100.0,False,0,1,1.0,False,1,1.0,False,0,0.0,False,1.0,1.0,1.0,1.0,1.0,True,1.0,0.0,1.0,0.0,0.0,,False,0.0,0.0,1.0,0.0,0.0,,False,0.0
2018,RN,PSL,1,1.0,4000.0,False,1,1,1.0,False,1,1.0,False,0,0.0,False,1.0,1.0,1.0,1.0,1.0,True,1.0,0.0,1.0,0.0,0.0,,False,0.0,0.0,1.0,0.0,0.0,,False,0.0
2018,RN,PSOL,11,10.991911685472315,44835.4,False,0,11,1.0,False,9,0.8181818181818182,True,2,0.18181818181818182,False,9.0,11.0,0.8181818181818182,0.8181818181818182,1.0,False,0.8181818181818181,2.0,11.0,0.18181818181818182,0.18181818181818182,1.0,False,0.18181818181818177,2.0,9.0,0.2222222222222222,0.2222222222222222,1.0,False,0.36363636363636365
2018,RN,PSTU,1,,0.0,True,0,0,0.0,False,0,0.0,False,0,0.0,False,0.0,0.0,,,,True,1.0,0.0,0.0,,,,True,1.0,0.0,0.0,,,,True,1.0
2018,RN,PT,6,2.705627634597612,947886.2,False,1,3,0.5,False,2,0.3333333333333333,False,2,0.3333333333333333,False,2.0,3.0,0.6666666666666666,0.6666666666666666,1.0,False,0.8333333333333334,2.0,3.0,0.6666666666666666,0.6666666666666666,1.0,False,0.8333333333333334,2.0,2.0,1.0,1.0,1.0,True,1.0
2018,RN,PTB,1,,0.0,True,0,0,0.0,False,0,0.0,False,0,0.0,False,0.0,0.0,,,,True,1.0,0.0,0.0,,,,True,1.0,0.0,0.0,,,,True,1.0
2018,RN,PTC,2,1.110769230769231,855000.0,False,1,1,0.5,False,1,0.5,False,1,0.5,False,1.0,1.0,1.0,1.0,1.0,True,1.0,1.0,1.0,1.0,1.0,1.0,True,1.0,1.0,1.0,1.0,1.0,1.0,True,1.0
2018,RN,PV,1,1.0,336831.73,False,0,1,1.0,False,1,1.0,False,0,0.0,False,1.0,1.0,1.0,1.0,1.0,True,1.0,0.0,1.0,0.0,0.0,,False,0.0,0.0,1.0,0.0,0.0,,False,0.0
2018,RN,REDE,3,1.0,800.0,False,0,1,0.3333333333333333,False,1,0.3333333333333333,False,1,0.3333333333333333,False,1.0,1.0,1.0,1.0,1.0,True,1.0,1.0,1.0,1.0,1.0,1.0,True,1.0,1.0,1.0,1.0,1.0,1.0,True,1.0
2018,RN,SOLIDARIEDADE,11,7.3473113839238176,119892.04,False,0,7,0.6363636363636364,True,7,0.6363636363636364,True,4,0.36363636363636365,False,7.0,7.0,1.0,1.0,1.0,True,1.0,4.0,7.0,0.5714285714285714,0.5714285714285714,1.0,False,0.7272727272727273,4.0,7.0,0.5714285714285714,0.5714285714285714,1.0,False,0.7272727272727273
2018,RO,DEM,7,2.96465485761948,452790.0,False,0,3,0.42857142857142855,False,3,0.42857142857142855,False,2,0.2857142857142857,False,3.0,3.0,1.0,1.0,1.0,True,1.0,2.0,3.0,0.6666666666666666,0.6666666666666666,1.0,False,0.8571428571428572,2.0,3.0,0.6666666666666666,0.6666666666666666,1.0,False,0.8571428571428572
2018,RO,MDB,7,2.1104291273800504,4020000.0,False,1,2,0.2857142857142857,False,2,0.2857142857142857,False,2,0.2857142857142857,False,2.0,2.0,1.0,1.0,1.0,True,1.0,2.0,2.0,1.0,1.0,1.0,True,1.0,2.0,2.0,1.0,1.0,1.0,True,1.0
2018,RO,NOVO,3,3.0,3297.4799999999996,False,0,3,1.0,False,3,1.0,False,0,0.0,False,3.0,3.0,1.0,1.0,1.0,True,1.0,0.0,3.0,0.0,0.0,,False,0.0,0.0,3.0,0.0,0.0,,False,0.0
2018,RO,PATRI,3,,0.0,True,0,0,0.0,False,0,0.0,False,0,0.0,False,0.0,0.0,,,,True,1.0,0.0,0.0,,,,True,1.0,0.0,0.0,,,,True,1.0
2018,RO,PC DO B,2,1.0,15000.0,False,0,1,0.5,False,1,0.5,False,1,0.5,False,1.0,1.0,1.0,1.0,1.0,True,1.0,1.0,1.0,1.0,1.0,1.0,True,1.0,1.0,1.0,1.0,1.0,1.0,True,1.0
2018,RO,PDT,3,1.1399762752075921,124000.0,False,1,1,0.3333333333333333,False,1,0.3333333333333333,False,1,0.3333333333333333,False,1.0,1.0,1.0,1.0,1.0,True,1.0,1.0,1.0,1.0,1.0,1.0,True,1.0,1.0,1.0,1.0,1.0,1.0,True,1.0
2018,RO,PHS,4,2.584954678698613,14311.0,False,0,3,0.75,True,3,0.75,True,1,0.25,False,3.0,3.0,1.0,1.0,1.0,True,1.0,1.0,3.0,0.3333333333333333,0.3333333333333333,1.0,False,0.5,1.0,3.0,0.3333333333333333,0.3333333333333333,1.0,False,0.5
2018,RO,PMB,1,,0.0,True,0,0,0.0,False,0,0.0,False,0,0.0,False,0.0,0.0,,,,True,1.0,0.0,0.0,,,,True,1.0,0.0,0.0,,,,True,1.0
2018,RO,PMN,4,2.194029850746269,210000.0,False,0,2,0.5,False,2,0.5,False,2,0.5,False,2.0,2.0,1.0,1.0,1.0,True,1.0,2.0,2.0,1.0,1.0,1.0,True,1.0,2.0,2.0,1.0,1.0,1.0,True,1.0
2018,RO,PODE,1,1.0,623000.0,False,1,1,1.0,False,1,1.0,False,0,0.0,False,1.0,1.0,1.0,1.0,1.0,True,1.0,0.0,1.0,0.0,0.0,,False,0.0,0.0,1.0,0.0,0.0,,False,0.0
2018,RO,PP,4,1.2787256995662801,2410000.0,False,1,1,0.25,False,1,0.25,False,1,0.25,False,1.0,1.0,1.0,1.0,1.0,True,1.0,1.0,1.0,1.0,1.0,1.0,True,1.0,1.0,1.0,1.0,1.0,1.0,True,1.0
2018,RO,PPS,2,1.0860351988493182,121016.01,False,0,1,0.5,False,1,0.5,False,1,0.5,False,1.0,1.0,1.0,1.0,1.0,True,1.0,1.0,1.0,1.0,1.0,1.0,True,1.0,1.0,1.0,1.0,1.0,1.0,True,1.0
2018,RO,PR,2,1.1803278688524592,2400000.0,False,0,1,0.5,False,1,0.5,False,1,0.5,False,1.0,1.0,1.0,1.0,1.0,True,1.0,1.0,1.0,1.0,1.0,1.0,True,1.0,1.0,1.0,1.0,1.0,1.0,True,1.0
2018,RO,PRB,1,1.0,965994.69,False,0,1,1.0,False,1,1.0,False,0,0.0,False,1.0,1.0,1.0,1.0,1.0,True,1.0,0.0,1.0,0.0,0.0,,False,0.0,0.0,1.0,0.0,0.0,,False,0.0
2018,RO,PROS,4,1.0,833580.0,False,0,1,0.25,False,1,0.25,False,1,0.25,False,1.0,1.0,1.0,1.0,1.0,True,1.0,1.0,1.0,1.0,1.0,1.0,True,1.0,1.0,1.0,1.0,1.0,1.0,True,1.0
2018,RO,PRP,3,1.7608937232804716,36700.0,False,0,2,0.6666666666666666,False,2,0.6666666666666666,False,1,0.3333333333333333,False,2.0,2.0,1.0,1.0,1.0,True,1.0,1.0,2.0,0.5,0.5,1.0,False,0.6666666666666667,1.0,2.0,0.5,0.5,1.0,False,0.6666666666666667
2018,RO,PRTB,2,,0.0,True,0,0,0.0,False,0,0.0,False,0,0.0,False,0.0,0.0,,,,True,1.0,0.0,0.0,,,,True,1.0,0.0,0.0,,,,True,1.0
2018,RO,PSB,1,1.0,500000.0,False,1,1,1.0,False,1,1.0,False,0,0.0,False,1.0,1.0,1.0,1.0,1.0,True,1.0,0.0,1.0,0.0,0.0,,False,0.0,0.0,1.0,0.0,0.0,,False,0.0
2018,RO,PSC,1,1.0,467000.0,False,0,1,1.0,False,1,1.0,False,0,0.0,False,1.0,1.0,1.0,1.0,1.0,True,1.0,0.0,1.0,0.0,0.0,,False,0.0,0.0,1.0,0.0,0.0,,False,0.0
2018,RO,PSD,2,1.31489673700472,718973.05,False,1,1,0.5,False,1,0.5,False,1,0.5,False,1.0,1.0,1.0,1.0,1.0,True,1.0,1.0,1.0,1.0,1.0,1.0,True,1.0,1.0,1.0,1.0,1.0,1.0,True,1.0
2018,RO,PSDB,2,1.0,2300000.0,False,1,1,0.5,False,1,0.5,False,1,0.5,False,1.0,1.0,1.0,1.0,1.0,True,1.0,1.0,1.0,1.0,1.0,1.0,True,1.0,1.0,1.0,1.0,1.0,1.0,True,1.0
2018,RO,PSL,11,,0.0,True,1,0,0.0,False,0,0.0,False,0,0.0,False,0.0,0.0,,,,True,1.0,0.0,0.0,,,,True,1.0,0.0,0.0,,,,True,1.0
2018,RO,PSOL,3,1.4636467139571703,21775.16,False,0,1,0.3333333333333333,False,1,0.3333333333333333,False,1,0.3333333333333333,False,1.0,1.0,1.0,1.0,1.0,True,1.0,1.0,1.0,1.0,1.0,1.0,True,1.0,1.0,1.0,1.0,1.0,1.0,True,1.0
2018,RO,PSTU,1,,0.0,True,0,0,0.0,False,0,0.0,False,0,0.0,False,0.0,0.0,,,,True,1.0,0.0,0.0,,,,True,1.0,0.0,0.0,,,,True,1.0
2018,RO,PT,4,1.8927867560110367,98000.0,False,0,2,0.5,True,2,0.5,True,1,0.25,False,2.0,2.0,1.0,1.0,1.0,True,1.0,1.0,2.0,0.5,0.5,1.0,False,0.75,1.0,2.0,0.5,0.5,1.0,False,0.75
2018,RO,PTB,1,1.0,1644951.0,False,0,1,1.0,False,1,1.0,False,0,0.0,False,1.0,1.0,1.0,1.0,1.0,True,1.0,0.0,1.0,0.0,0.0,,False,0.0,0.0,1.0,0.0,0.0,,False,0.0
2018,RO,PTC,1,1.0,270000.0,False,0,1,1.0,False,1,1.0,False,0,0.0,False,1.0,1.0,1.0,1.0,1.0,True,1.0,0.0,1.0,0.0,0.0,,False,0.0,0.0,1.0,0.0,0.0,,False,0.0
2018,RO,PV,5,2.572942371631164,206010.12,False,0,3,0.6,False,3,0.6,False,1,0.2,False,3.0,3.0,1.0,1.0,1.0,True,1.0,1.0,3.0,0.3333333333333333,0.3333333333333333,1.0,False,0.6,1.0,3.0,0.3333333333333333,0.3333333333333333,1.0,False,0.6
2018,RO,REDE,6,,0.0,True,0,0,0.0,False,0,0.0,False,0,0.0,False,0.0,0.0,,,,True,1.0,0.0,0.0,,,,True,1.0,0.0,0.0,,,,True,1.0
2018,RO,SOLIDARIEDADE,1,1.0,660000.0,False,0,1,1.0,False,1,1.0,False,0,0.0,False,1.0,1.0,1.0,1.0,1.0,True,1.0,0.0,1.0,0.0,0.0,,False,0.0,0.0,1.0,0.0,0.0,,False,0.0
2018,RR,AVANTE,6,1.0,20000.0,False,0,1,0.16666666666666666,False,1,0.16666666666666666,False,1,0.16666666666666666,False,1.0,1.0,1.0,1.0,1.0,True,1.0,1.0,1.0,1.0,1.0,1.0,True,1.0,1.0,1.0,1.0,1.0,1.0,True,1.0
2018,RR,DC,3,1.7991655203698333,110228.56,False,0,2,0.6666666666666666,False,2,0.6666666666666666,False,1,0.3333333333333333,False,2.0,2.0,1.0,1.0,1.0,True,1.0,1.0,2.0,0.5,0.5,1.0,False,0.6666666666666667,1.0,2.0,0.5,0.5,1.0,False,0.6666666666666667
2018,RR,DEM,5,1.2365930599369086,280000.0,False,0,1,0.2,False,1,0.2,False,1,0.2,False,1.0,1.0,1.0,1.0,1.0,True,1.0,1.0,1.0,1.0,1.0,1.0,True,1.0,1.0,1.0,1.0,1.0,1.0,True,1.0
2018,RR,MDB,3,1.3756763555156821,2912160.0,False,0,1,0.3333333333333333,False,1,0.3333333333333333,False,1,0.3333333333333333,False,1.0,1.0,1.0,1.0,1.0,True,1.0,1.0,1.0,1.0,1.0,1.0,True,1.0,1.0,1.0,1.0,1.0,1.0,True,1.0
2018,RR,PATRI,9,3.116253291582701,218029.0,False,0,3,0.3333333333333333,False,4,0.4444444444444444,False,3,0.3333333333333333,False,3.0,4.0,0.75,1.0,0.75,False,0.8888888888888888,3.0,3.0,1.0,1.0,1.0,True,1.0,3.0,4.0,0.75,0.75,1.0,False,0.8888888888888888
2018,RR,PC DO B,4,1.0,25000.0,False,0,1,0.25,False,1,0.25,False,1,0.25,False,1.0,1.0,1.0,1.0,1.0,True,1.0,1.0,1.0,1.0,1.0,1.0,True,1.0,1.0,1.0,1.0,1.0,1.0,True,1.0
2018,RR,PCB,1,1.0,97296.76,False,0,1,1.0,False,1,1.0,False,0,0.0,False,1.0,1.0,1.0,1.0,1.0,True,1.0,0.0,1.0,0.0,0.0,,False,0.0,0.0,1.0,0.0,0.0,,False,0.0
2018,RR,PDT,3,2.0,20000.0,False,0,2,0.6666666666666666,False,2,0.6666666666666666,False,2,0.6666666666666666,False,2.0,2.0,1.0,1.0,1.0,True,1.0,2.0,2.0,1.0,1.0,1.0,True,1.0,2.0,2.0,1.0,1.0,1.0,True,1.0
2018,RR,PHS,7,1.3817776916774414,339592.06999999995,False,0,1,0.14285714285714285,False,1,0.14285714285714285,False,1,0.14285714285714285,False,1.0,1.0,1.0,1.0,1.0,True,1.0,1.0,1.0,1.0,1.0,1.0,True,1.0,1.0,1.0,1.0,1.0,1.0,True,1.0
2018,RR,PMB,2,1.0544343247904626,21120.0,False,0,1,0.5,False,1,0.5,False,1,0.5,False,1.0,1.0,1.0,1.0,1.0,True,1.0,1.0,1.0,1.0,1.0,1.0,True,1.0,1.0,1.0,1.0,1.0,1.0,True,1.0
2018,RR,PODE,6,5.033797201757972,26487.86,False,0,5,0.8333333333333334,False,4,0.6666666666666666,False,2,0.3333333333333333,False,4.0,5.0,0.8,0.8,1.0,False,0.8333333333333334,2.0,5.0,0.4,0.4,1.0,False,0.5,2.0,4.0,0.5,0.5,1.0,False,0.6666666666666667
2018,RR,PP,3,1.0125314097909248,1737097.2,False,1,1,0.3333333333333333,False,1,0.3333333333333333,False,1,0.3333333333333333,False,1.0,1.0,1.0,1.0,1.0,True,1.0,1.0,1.0,1.0,1.0,1.0,True,1.0,1.0,1.0,1.0,1.0,1.0,True,1.0
2018,RR,PPL,1,1.0,1198.5,False,0,1,1.0,False,1,1.0,False,0,0.0,False,1.0,1.0,1.0,1.0,1.0,True,1.0,0.0,1.0,0.0,0.0,,False,0.0,0.0,1.0,0.0,0.0,,False,0.0
2018,RR,PPS,4,2.6172041159798067,147916.72,False,0,3,0.75,False,2,0.5,False,2,0.5,False,2.0,3.0,0.6666666666666666,0.6666666666666666,1.0,False,0.75,2.0,3.0,0.6666666666666666,0.6666666666666666,1.0,False,0.75,2.0,2.0,1.0,1.0,1.0,True,1.0
2018,RR,PR,6,3.0586805949812645,3670000.0,False,1,3,0.5,True,3,0.5,True,2,0.3333333333333333,False,3.0,3.0,1.0,1.0,1.0,True,1.0,2.0,3.0,0.6666666666666666,0.6666666666666666,1.0,False,0.8333333333333334,2.0,3.0,0.6666666666666666,0.6666666666666666,1.0,False,0.8333333333333334
2018,RR,PRB,2,1.0959382998912381,970040.0,False,1,1,0.5,False,1,0.5,False,1,0.5,False,1.0,1.0,1.0,1.0,1.0,True,1.0,1.0,1.0,1.0,1.0,1.0,True,1.0,1.0,1.0,1.0,1.0,1.0,True,1.0
2018,RR,PROS,6,1.0,20000.0,False,0,1,0.16666666666666666,False,1,0.16666666666666666,False,1,0.16666666666666666,False,1.0,1.0,1.0,1.0,1.0,True,1.0,1.0,1.0,1.0,1.0,1.0,True,1.0,1.0,1.0,1.0,1.0,1.0,True,1.0
2018,RR,PRP,4,3.578584104827955,19309.98,False,0,4,1.0,False,3,0.75,False,2,0.5,False,3.0,4.0,0.75,0.75,1.0,False,0.75,2.0,4.0,0.5,0.5,1.0,False,0.5,2.0,3.0,0.6666666666666666,0.6666666666666666,1.0,False,0.75
2018,RR,PRTB,4,3.2346413530316194,7620.0,False,0,3,0.75,False,3,0.75,False,3,0.75,False,3.0,3.0,1.0,1.0,1.0,True,1.0,3.0,3.0,1.0,1.0,1.0,True,1.0,3.0,3.0,1.0,1.0,1.0,True,1.0
2018,RR,PSB,5,2.087280553166364,91468.57,False,0,2,0.4,False,2,0.4,False,1,0.2,False,2.0,2.0,1.0,1.0,1.0,True,1.0,1.0,2.0,0.5,0.5,1.0,False,0.8,1.0,2.0,0.5,0.5,1.0,False,0.8
2018,RR,PSC,2,1.1546698602057595,700960.0,False,0,1,0.5,False,1,0.5,False,1,0.5,False,1.0,1.0,1.0,1.0,1.0,True,1.0,1.0,1.0,1.0,1.0,1.0,True,1.0,1.0,1.0,1.0,1.0,1.0,True,1.0
2018,RR,PSD,4,1.3074893274413386,140870.0,False,1,1,0.25,False,1,0.25,False,1,0.25,False,1.0,1.0,1.0,1.0,1.0,True,1.0,1.0,1.0,1.0,1.0,1.0,True,1.0,1.0,1.0,1.0,1.0,1.0,True,1.0
2018,RR,PSDB,5,1.2106458639757218,2550000.0,False,1,1,0.2,False,1,0.2,False,1,0.2,False,1.0,1.0,1.0,1.0,1.0,True,1.0,1.0,1.0,1.0,1.0,1.0,True,1.0,1.0,1.0,1.0,1.0,1.0,True,1.0
2018,RR,PSL,9,4.481481481481482,110000.0,False,1,4,0.4444444444444444,False,4,0.4444444444444444,False,4,0.4444444444444444,False,4.0,4.0,1.0,1.0,1.0,True,1.0,4.0,4.0,1.0,1.0,1.0,True,1.0,4.0,4.0,1.0,1.0,1.0,True,1.0
2018,RR,PSOL,4,3.7911242050831735,36419.81,False,0,4,1.0,False,3,0.75,False,2,0.5,False,3.0,4.0,0.75,0.75,1.0,False,0.75,2.0,4.0,0.5,0.5,1.0,False,0.5,2.0,3.0,0.6666666666666666,0.6666666666666666,1.0,False,0.75
2018,RR,PSTU,1,1.0,888.8899999999999,False,0,1,1.0,False,1,1.0,False,0,0.0,False,1.0,1.0,1.0,1.0,1.0,True,1.0,0.0,1.0,0.0,0.0,,False,0.0,0.0,1.0,0.0,0.0,,False,0.0
2018,RR,PT,2,1.1115584850968787,389900.41,False,0,1,0.5,False,1,0.5,False,1,0.5,False,1.0,1.0,1.0,1.0,1.0,True,1.0,1.0,1.0,1.0,1.0,1.0,True,1.0,1.0,1.0,1.0,1.0,1.0,True,1.0
2018,RR,PTB,4,1.0314251582566771,107200.0,False,0,1,0.25,False,1,0.25,False,1,0.25,False,1.0,1.0,1.0,1.0,1.0,True,1.0,1.0,1.0,1.0,1.0,1.0,True,1.0,1.0,1.0,1.0,1.0,1.0,True,1.0
2018,RR,PTC,2,1.0127180866255365,303840.0,False,0,1,0.5,False,1,0.5,False,1,0.5,False,1.0,1.0,1.0,1.0,1.0,True,1.0,1.0,1.0,1.0,1.0,1.0,True,1.0,1.0,1.0,1.0,1.0,1.0,True,1.0
2018,RR,PV,6,1.6949807699777588,108309.5,False,0,2,0.3333333333333333,False,2,0.3333333333333333,False,1,0.16666666666666666,False,2.0,2.0,1.0,1.0,1.0,True,1.0,1.0,2.0,0.5,0.5,1.0,False,0.8333333333333334,1.0,2.0,0.5,0.5,1.0,False,0.8333333333333334
2018,RR,REDE,4,1.2882604560123265,171100.0,False,1,1,0.25,False,1,0.25,False,1,0.25,False,1.0,1.0,1.0,1.0,1.0,True,1.0,1.0,1.0,1.0,1.0,1.0,True,1.0,1.0,1.0,1.0,1.0,1.0,True,1.0
2018,RR,SOLIDARIEDADE,6,4.071120872226915,473476.56000000006,False,1,4,0.6666666666666666,False,3,0.5,False,3,0.5,False,3.0,4.0,0.75,0.75,1.0,False,0.8333333333333334,3.0,4.0,0.75,0.75,1.0,False,0.8333333333333334,3.0,3.0,1.0,1.0,1.0,True,1.0
2018,RS,AVANTE,5,1.601956595832746,273150.5,False,0,2,0.4,False,2,0.4,False,1,0.2,False,2.0,2.0,1.0,1.0,1.0,True,1.0,1.0,2.0,0.5,0.5,1.0,False,0.8,1.0,2.0,0.5,0.5,1.0,False,0.8
2018,RS,DC,2,1.8783426132568504,16346.0,False,0,2,1.0,False,2,1.0,False,1,0.5,False,2.0,2.0,1.0,1.0,1.0,True,1.0,1.0,2.0,0.5,0.5,1.0,False,0.5,1.0,2.0,0.5,0.5,1.0,False,0.5
2018,RS,DEM,8,1.1980198019801982,1100000.0,False,1,1,0.125,False,1,0.125,False,1,0.125,False,1.0,1.0,1.0,1.0,1.0,True,1.0,1.0,1.0,1.0,1.0,1.0,True,1.0,1.0,1.0,1.0,1.0,1.0,True,1.0
2018,RS,MDB,25,10.106729122706541,12794450.0,False,4,10,0.4,True,7,0.28,False,7,0.28,False,7.0,10.0,0.7,0.7,1.0,False,0.88,7.0,10.0,0.7,0.7,1.0,False,0.88,7.0,7.0,1.0,1.0,1.0,True,1.0
2018,RS,NOVO,18,10.023453555310468,120818.97,False,1,10,0.5555555555555556,False,9,0.5,False,7,0.3888888888888889,False,9.0,10.0,0.9,0.9,1.0,False,0.9444444444444444,7.0,10.0,0.7,0.7,1.0,False,0.8333333333333334,7.0,9.0,0.7777777777777778,0.7777777777777778,1.0,False,0.8888888888888888
2018,RS,PATRI,5,2.088543815527472,86530.84,False,0,2,0.4,False,2,0.4,False,2,0.4,False,2.0,2.0,1.0,1.0,1.0,True,1.0,2.0,2.0,1.0,1.0,1.0,True,1.0,2.0,2.0,1.0,1.0,1.0,True,1.0
2018,RS,PC DO B,26,3.8478426648946997,908926.75,False,0,4,0.15384615384615385,False,4,0.15384615384615385,False,6,0.23076923076923078,False,4.0,4.0,1.0,1.0,1.0,True,1.0,4.0,6.0,0.6666666666666666,1.0,0.6666666666666666,False,0.9230769230769231,4.0,6.0,0.6666666666666666,1.0,0.6666666666666666,False,0.9230769230769231
2018,RS,PCB,1,1.0,9036.88,False,0,1,1.0,False,1,1.0,False,0,0.0,False,1.0,1.0,1.0,1.0,1.0,True,1.0,0.0,1.0,0.0,0.0,,False,0.0,0.0,1.0,0.0,0.0,,False,0.0
2018,RS,PDT,23,3.9898483666219384,1551220.0,False,3,4,0.17391304347826086,False,4,0.17391304347826086,False,6,0.2608695652173913,False,4.0,4.0,1.0,1.0,1.0,True,1.0,4.0,6.0,0.6666666666666666,1.0,0.6666666666666666,False,0.9130434782608696,4.0,6.0,0.6666666666666666,1.0,0.6666666666666666,False,0.9130434782608696
2018,RS,PHS,3,2.8543844534888057,11031.419999999998,False,0,3,1.0,False,3,1.0,False,1,0.3333333333333333,False,3.0,3.0,1.0,1.0,1.0,True,1.0,1.0,3.0,0.3333333333333333,0.3333333333333333,1.0,False,0.33333333333333337,1.0,3.0,0.3333333333333333,0.3333333333333333,1.0,False,0.33333333333333337
2018,RS,PMB,12,1.0307619498343588,19800.0,False,0,1,0.08333333333333333,False,1,0.08333333333333333,False,1,0.08333333333333333,False,1.0,1.0,1.0,1.0,1.0,True,1.0,1.0,1.0,1.0,1.0,1.0,True,1.0,1.0,1.0,1.0,1.0,1.0,True,1.0
2018,RS,PMN,3,1.0024228672565225,210509.41999999998,False,0,1,0.3333333333333333,False,1,0.3333333333333333,False,1,0.3333333333333333,False,1.0,1.0,1.0,1.0,1.0,True,1.0,1.0,1.0,1.0,1.0,1.0,True,1.0,1.0,1.0,1.0,1.0,1.0,True,1.0
2018,RS,PODE,1,1.0,600000.0,False,0,1,1.0,False,1,1.0,False,0,0.0,False,1.0,1.0,1.0,1.0,1.0,True,1.0,0.0,1.0,0.0,0.0,,False,0.0,0.0,1.0,0.0,0.0,,False,0.0
2018,RS,PP,18,6.564267901109525,10071129.69,False,4,7,0.3888888888888889,False,5,0.2777777777777778,False,6,0.3333333333333333,False,5.0,7.0,0.7142857142857143,0.7142857142857143,1.0,False,0.8888888888888888,6.0,7.0,0.8571428571428571,0.8571428571428571,1.0,False,0.9444444444444444,5.0,6.0,0.8333333333333334,1.0,0.8333333333333334,False,0.9444444444444444
2018,RS,PPL,22,10.040710853676583,42562.590000000004,False,0,10,0.45454545454545453,False,9,0.4090909090909091,False,7,0.3181818181818182,False,9.0,10.0,0.9,0.9,1.0,False,0.9545454545454546,7.0,10.0,0.7,0.7,1.0,False,0.8636363636363636,7.0,9.0,0.7777777777777778,0.7777777777777778,1.0,False,0.9090909090909091
2018,RS,PPS,30,10.932621249765607,580313.5199999999,False,0,11,0.36666666666666664,False,11,0.36666666666666664,False,10,0.3333333333333333,False,11.0,11.0,1.0,1.0,1.0,True,1.0,10.0,11.0,0.9090909090909091,0.9090909090909091,1.0,False,0.9666666666666667,10.0,11.0,0.9090909090909091,0.9090909090909091,1.0,False,0.9666666666666667
2018,RS,PR,7,1.286431747077227,2500000.0,False,1,1,0.14285714285714285,False,1,0.14285714285714285,False,1,0.14285714285714285,False,1.0,1.0,1.0,1.0,1.0,True,1.0,1.0,1.0,1.0,1.0,1.0,True,1.0,1.0,1.0,1.0,1.0,1.0,True,1.0
2018,RS,PRB,7,1.622505709176685,1146816.72,False,1,2,0.2857142857142857,False,2,0.2857142857142857,False,1,0.14285714285714285,False,2.0,2.0,1.0,1.0,1.0,True,1.0,1.0,2.0,0.5,0.5,1.0,False,0.8571428571428572,1.0,2.0,0.5,0.5,1.0,False,0.8571428571428572
2018,RS,PROS,9,1.0,239650.0,False,0,1,0.1111111111111111,False,1,0.1111111111111111,False,1,0.1111111111111111,False,1.0,1.0,1.0,1.0,1.0,True,1.0,1.0,1.0,1.0,1.0,1.0,True,1.0,1.0,1.0,1.0,1.0,1.0,True,1.0
2018,RS,PRP,8,3.2176639435487426,65788.57,False,0,3,0.375,False,4,0.5,False,2,0.25,False,3.0,4.0,0.75,1.0,0.75,False,0.875,2.0,3.0,0.6666666666666666,0.6666666666666666,1.0,False,0.875,2.0,4.0,0.5,0.5,1.0,False,0.75
2018,RS,PSB,29,7.159161143235069,5934790.0,False,2,7,0.2413793103448276,False,6,0.20689655172413793,False,7,0.2413793103448276,False,6.0,7.0,0.8571428571428571,0.8571428571428571,1.0,False,0.9655172413793104,7.0,7.0,1.0,1.0,1.0,True,1.0,6.0,7.0,0.8571428571428571,1.0,0.8571428571428571,False,0.9655172413793104
2018,RS,PSC,9,1.0119166825542951,301782.97000000003,False,0,1,0.1111111111111111,False,1,0.1111111111111111,False,1,0.1111111111111111,False,1.0,1.0,1.0,1.0,1.0,True,1.0,1.0,1.0,1.0,1.0,1.0,True,1.0,1.0,1.0,1.0,1.0,1.0,True,1.0
2018,RS,PSD,17,2.5051849047045445,1694492.45,False,1,3,0.17647058823529413,False,5,0.29411764705882354,True,2,0.11764705882352941,False,3.0,4.999999999999999,0.6000000000000001,1.0,0.6,False,0.8823529411764706,2.0,3.0,0.6666666666666666,0.6666666666666666,1.0,False,0.9411764705882353,2.0,4.999999999999999,0.4000000000000001,0.4,1.0,False,0.8235294117647058
2018,RS,PSDB,7,2.2149821518125887,3548761.07,False,2,2,0.2857142857142857,False,2,0.2857142857142857,False,2,0.2857142857142857,False,2.0,2.0,1.0,1.0,1.0,True,1.0,2.0,2.0,1.0,1.0,1.0,True,1.0,2.0,2.0,1.0,1.0,1.0,True,1.0
2018,RS,PSL,21,4.999999999999999,10000.0,False,3,5,0.23809523809523808,False,4,0.19047619047619047,True,5,0.23809523809523808,False,4.0,5.0,0.8,0.8,1.0,False,0.9523809523809524,5.0,5.0,1.0,1.0,1.0,True,1.0,4.0,5.0,0.8,1.0,0.8,False,0.9523809523809524
2018,RS,PSOL,39,3.9281475392789504,456025.3099999999,False,1,4,0.10256410256410256,False,8,0.20512820512820512,True,6,0.15384615384615385,False,4.0,8.0,0.5,1.0,0.5,False,0.8974358974358975,4.0,6.0,0.6666666666666666,1.0,0.6666666666666666,False,0.9487179487179487,6.0,8.0,0.75,0.75,1.0,False,0.9487179487179487
2018,RS,PSTU,4,,0.0,True,0,0,0.0,False,0,0.0,False,0,0.0,False,0.0,0.0,,,,True,1.0,0.0,0.0,,,,True,1.0,0.0,0.0,,,,True,1.0
2018,RS,PT,20,8.877619000666998,6739261.23,False,5,9,0.45,False,7,0.35,True,8,0.4,False,7.0,9.0,0.7777777777777778,0.7777777777777778,1.0,False,0.9,8.0,9.0,0.8888888888888888,0.8888888888888888,1.0,False,0.95,7.0,8.0,0.875,1.0,0.875,False,0.95
2018,RS,PTB,9,4.66615852608056,3899241.93,False,2,5,0.5555555555555556,False,4,0.4444444444444444,False,4,0.4444444444444444,False,4.0,5.0,0.8,0.8,1.0,False,0.8888888888888888,4.0,5.0,0.8,0.8,1.0,False,0.8888888888888888,4.0,4.0,1.0,1.0,1.0,True,1.0
2018,RS,PTC,7,5.999999999999998,1528.26,False,0,6,0.8571428571428571,False,5,0.7142857142857143,True,6,0.8571428571428571,False,5.0,6.0,0.8333333333333334,0.8333333333333334,1.0,False,0.8571428571428572,6.0,6.0,1.0,1.0,1.0,True,1.0,5.0,6.0,0.8333333333333334,1.0,0.8333333333333334,False,0.8571428571428572
2018,RS,PV,1,1.0,600000.0,False,0,1,1.0,False,1,1.0,False,0,0.0,False,1.0,1.0,1.0,1.0,1.0,True,1.0,0.0,1.0,0.0,0.0,,False,0.0,0.0,1.0,0.0,0.0,,False,0.0
2018,RS,REDE,6,1.0222180960286749,733041.94,False,0,1,0.16666666666666666,False,1,0.16666666666666666,False,1,0.16666666666666666,False,1.0,1.0,1.0,1.0,1.0,True,1.0,1.0,1.0,1.0,1.0,1.0,True,1.0,1.0,1.0,1.0,1.0,1.0,True,1.0
2018,RS,SOLIDARIEDADE,2,1.734586375738033,1150400.0,False,0,2,1.0,False,2,1.0,False,1,0.5,False,2.0,2.0,1.0,1.0,1.0,True,1.0,1.0,2.0,0.5,0.5,1.0,False,0.5,1.0,2.0,0.5,0.5,1.0,False,0.5
2018,SC,AVANTE,9,2.1231389788423694,58141.8,False,0,2,0.2222222222222222,False,2,0.2222222222222222,False,2,0.2222222222222222,False,2.0,2.0,1.0,1.0,1.0,True,1.0,2.0,2.0,1.0,1.0,1.0,True,1.0,2.0,2.0,1.0,1.0,1.0,True,1.0
2018,SC,DC,1,1.0,59380.0,False,0,1,1.0,False,1,1.0,False,0,0.0,False,1.0,1.0,1.0,1.0,1.0,True,1.0,0.0,1.0,0.0,0.0,,False,0.0,0.0,1.0,0.0,0.0,,False,0.0
2018,SC,DEM,2,1.8758790961876546,159080.0,False,0,2,1.0,False,2,1.0,False,1,0.5,False,2.0,2.0,1.0,1.0,1.0,True,1.0,1.0,2.0,0.5,0.5,1.0,False,0.5,1.0,2.0,0.5,0.5,1.0,False,0.5
2018,SC,MDB,15,5.899538357833562,7129000.0,False,3,6,0.4,False,5,0.3333333333333333,False,5,0.3333333333333333,False,5.0,6.0,0.8333333333333334,0.8333333333333334,1.0,False,0.9333333333333333,5.0,6.0,0.8333333333333334,0.8333333333333334,1.0,False,0.9333333333333333,5.0,5.0,1.0,1.0,1.0,True,1.0
2018,SC,NOVO,16,10.499775368265674,68318.4,False,1,10,0.625,False,9,0.5625,False,6,0.375,False,9.0,10.0,0.9,0.9,1.0,False,0.9375,6.0,10.0,0.6,0.6,1.0,False,0.75,6.0,9.0,0.6666666666666666,0.6666666666666666,1.0,False,0.8125
2018,SC,PATRI,16,8.013371782908537,27421.949999999997,False,0,8,0.5,True,10,0.625,False,4,0.25,False,8.0,10.0,0.8,1.0,0.8,False,0.875,4.0,8.0,0.5,0.5,1.0,False,0.75,4.0,10.0,0.4,0.4,1.0,False,0.625
2018,SC,PC DO B,1,1.0,1181207.38,False,0,1,1.0,False,1,1.0,False,0,0.0,False,1.0,1.0,1.0,1.0,1.0,True,1.0,0.0,1.0,0.0,0.0,,False,0.0,0.0,1.0,0.0,0.0,,False,0.0
2018,SC,PCB,3,2.0,10543.02,False,0,2,0.6666666666666666,False,2,0.6666666666666666,False,2,0.6666666666666666,False,2.0,2.0,1.0,1.0,1.0,True,1.0,2.0,2.0,1.0,1.0,1.0,True,1.0,2.0,2.0,1.0,1.0,1.0,True,1.0
2018,SC,PDT,1,1.0,890000.0,False,0,1,1.0,False,1,1.0,False,0,0.0,False,1.0,1.0,1.0,1.0,1.0,True,1.0,0.0,1.0,0.0,0.0,,False,0.0,0.0,1.0,0.0,0.0,,False,0.0
2018,SC,PHS,2,,0.0,True,0,0,0.0,False,0,0.0,False,0,0.0,False,0.0,0.0,,,,True,1.0,0.0,0.0,,,,True,1.0,0.0,0.0,,,,True,1.0
2018,SC,PMN,5,2.256237126844653,66766.5,False,0,2,0.4,False,2,0.4,False,2,0.4,False,2.0,2.0,1.0,1.0,1.0,True,1.0,2.0,2.0,1.0,1.0,1.0,True,1.0,2.0,2.0,1.0,1.0,1.0,True,1.0
2018,SC,PODE,5,1.0,303500.0,False,0,1,0.2,False,1,0.2,False,1,0.2,False,1.0,1.0,1.0,1.0,1.0,True,1.0,1.0,1.0,1.0,1.0,1.0,True,1.0,1.0,1.0,1.0,1.0,1.0,True,1.0
2018,SC,PP,9,3.6102438123502014,6076203.0,False,1,4,0.4444444444444444,False,3,0.3333333333333333,False,3,0.3333333333333333,False,3.0,4.0,0.75,0.75,1.0,False,0.8888888888888888,3.0,4.0,0.75,0.75,1.0,False,0.8888888888888888,3.0,3.0,1.0,1.0,1.0,True,1.0
2018,SC,PPL,2,1.0,3000.0,False,0,1,0.5,False,1,0.5,False,1,0.5,False,1.0,1.0,1.0,1.0,1.0,True,1.0,1.0,1.0,1.0,1.0,1.0,True,1.0,1.0,1.0,1.0,1.0,1.0,True,1.0
2018,SC,PPS,2,1.0504674291576086,1218128.1099999999,False,1,1,0.5,False,1,0.5,False,1,0.5,False,1.0,1.0,1.0,1.0,1.0,True,1.0,1.0,1.0,1.0,1.0,1.0,True,1.0,1.0,1.0,1.0,1.0,1.0,True,1.0
2018,SC,PR,1,1.0,300000.0,False,0,1,1.0,False,1,1.0,False,0,0.0,False,1.0,1.0,1.0,1.0,1.0,True,1.0,0.0,1.0,0.0,0.0,,False,0.0,0.0,1.0,0.0,0.0,,False,0.0
2018,SC,PRB,5,2.2806402248044195,1344643.7599999998,False,1,2,0.4,False,2,0.4,False,2,0.4,False,2.0,2.0,1.0,1.0,1.0,True,1.0,2.0,2.0,1.0,1.0,1.0,True,1.0,2.0,2.0,1.0,1.0,1.0,True,1.0
2018,SC,PROS,2,1.0,341500.0,False,0,1,0.5,False,1,0.5,False,1,0.5,False,1.0,1.0,1.0,1.0,1.0,True,1.0,1.0,1.0,1.0,1.0,1.0,True,1.0,1.0,1.0,1.0,1.0,1.0,True,1.0
2018,SC,PRP,9,2.9260893418344778,62323.0,False,0,3,0.3333333333333333,False,3,0.3333333333333333,False,2,0.2222222222222222,False,3.0,3.0,1.0,1.0,1.0,True,1.0,2.0,3.0,0.6666666666666666,0.6666666666666666,1.0,False,0.8888888888888888,2.0,3.0,0.6666666666666666,0.6666666666666666,1.0,False,0.8888888888888888
2018,SC,PRTB,5,2.1176450242228997,17142.86,False,0,2,0.4,True,3,0.6,True,1,0.2,False,2.0,3.0,0.6666666666666666,1.0,0.6666666666666666,False,0.8,1.0,2.0,0.5,0.5,1.0,False,0.8,1.0,3.0,0.3333333333333333,0.3333333333333333,1.0,False,0.6
2018,SC,PSB,13,4.471300668443869,1814968.0,False,1,4,0.3076923076923077,False,4,0.3076923076923077,False,3,0.23076923076923078,False,4.0,4.0,1.0,1.0,1.0,True,1.0,3.0,4.0,0.75,0.75,1.0,False,0.9230769230769231,3.0,4.0,0.75,0.75,1.0,False,0.9230769230769231
2018,SC,PSC,1,1.0,200000.0,False,0,1,1.0,False,1,1.0,False,0,0.0,False,1.0,1.0,1.0,1.0,1.0,True,1.0,0.0,1.0,0.0,0.0,,False,0.0,0.0,1.0,0.0,0.0,,False,0.0
2018,SC,PSD,9,2.854497771821265,1291484.0,False,2,3,0.3333333333333333,False,3,0.3333333333333333,False,3,0.3333333333333333,False,3.0,3.0,1.0,1.0,1.0,True,1.0,3.0,3.0,1.0,1.0,1.0,True,1.0,3.0,3.0,1.0,1.0,1.0,True,1.0
2018,SC,PSDB,17,4.0033148347122385,4517512.9799999995,False,1,4,0.23529411764705882,False,5,0.29411764705882354,False,4,0.23529411764705882,False,4.0,5.0,0.8,1.0,0.8,False,0.9411764705882353,4.0,4.0,1.0,1.0,1.0,True,1.0,4.0,5.0,0.8,0.8,1.0,False,0.9411764705882353
2018,SC,PSL,19,12.354694332270583,5424.27,False,4,12,0.631578947368421,True,10,0.5263157894736842,True,6,0.3157894736842105,False,10.0,12.0,0.8333333333333334,0.8333333333333334,1.0,False,0.8947368421052632,6.0,12.0,0.5,0.5,1.0,False,0.6842105263157895,6.0,10.0,0.6,0.6,1.0,False,0.7894736842105263
2018,SC,PSOL,16,5.418092229847854,268942.74,False,0,5,0.3125,True,8,0.5,False,2,0.125,False,5.0,8.0,0.625,1.0,0.625,False,0.8125,2.0,5.0,0.4,0.4,1.0,False,0.8125,2.0,8.0,0.25,0.25,1.0,False,0.625
2018,SC,PSTU,2,,0.0,True,0,0,0.0,False,0,0.0,False,0,0.0,False,0.0,0.0,,,,True,1.0,0.0,0.0,,,,True,1.0,0.0,0.0,,,,True,1.0
2018,SC,PT,11,5.0684326549690715,2975500.0,False,1,5,0.45454545454545453,False,5,0.45454545454545453,False,5,0.45454545454545453,False,5.0,5.0,1.0,1.0,1.0,True,1.0,5.0,5.0,1.0,1.0,1.0,True,1.0,5.0,5.0,1.0,1.0,1.0,True,1.0
2018,SC,PTB,1,1.0,90600.0,False,0,1,1.0,False,1,1.0,False,0,0.0,False,1.0,1.0,1.0,1.0,1.0,True,1.0,0.0,1.0,0.0,0.0,,False,0.0,0.0,1.0,0.0,0.0,,False,0.0
2018,SC,PTC,21,1.0,10000.0,False,0,1,0.047619047619047616,False,1,0.047619047619047616,False,1,0.047619047619047616,False,1.0,1.0,1.0,1.0,1.0,True,1.0,1.0,1.0,1.0,1.0,1.0,True,1.0,1.0,1.0,1.0,1.0,1.0,True,1.0
2018,SC,PV,4,1.4506135849674977,548247.01,False,0,1,0.25,False,1,0.25,False,1,0.25,False,1.0,1.0,1.0,1.0,1.0,True,1.0,1.0,1.0,1.0,1.0,1.0,True,1.0,1.0,1.0,1.0,1.0,1.0,True,1.0
2018,SC,REDE,6,2.0,1600.0,False,0,2,0.3333333333333333,False,2,0.3333333333333333,False,2,0.3333333333333333,False,2.0,2.0,1.0,1.0,1.0,True,1.0,2.0,2.0,1.0,1.0,1.0,True,1.0,2.0,2.0,1.0,1.0,1.0,True,1.0
2018,SC,SOLIDARIEDADE,1,1.0,907500.0,False,0,1,1.0,False,1,1.0,False,0,0.0,False,1.0,1.0,1.0,1.0,1.0,True,1.0,0.0,1.0,0.0,0.0,,False,0.0,0.0,1.0,0.0,0.0,,False,0.0
2018,SE,AVANTE,6,4.211432882108881,15850.0,False,0,4,0.6666666666666666,True,4,0.6666666666666666,True,2,0.3333333333333333,False,3.9999999999999996,3.9999999999999996,1.0,0.9999999999999999,0.9999999999999999,True,1.0,2.0,3.9999999999999996,0.5000000000000001,0.5,1.0,False,0.6666666666666667,2.0,3.9999999999999996,0.5000000000000001,0.5,1.0,False,0.6666666666666667
2018,SE,DC,3,1.0,30022.82,False,0,1,0.3333333333333333,False,1,0.3333333333333333,False,1,0.3333333333333333,False,1.0,1.0,1.0,1.0,1.0,True,1.0,1.0,1.0,1.0,1.0,1.0,True,1.0,1.0,1.0,1.0,1.0,1.0,True,1.0
2018,SE,DEM,5,,0.0,True,0,0,0.0,False,0,0.0,False,0,0.0,False,0.0,0.0,,,,True,1.0,0.0,0.0,,,,True,1.0,0.0,0.0,,,,True,1.0
2018,SE,MDB,3,1.2846975088967973,1710000.0,False,1,1,0.3333333333333333,False,1,0.3333333333333333,False,1,0.3333333333333333,False,1.0,1.0,1.0,1.0,1.0,True,1.0,1.0,1.0,1.0,1.0,1.0,True,1.0,1.0,1.0,1.0,1.0,1.0,True,1.0
2018,SE,NOVO,2,2.0,2198.3199999999997,False,0,2,1.0,False,2,1.0,False,0,0.0,False,2.0,2.0,1.0,1.0,1.0,True,1.0,0.0,2.0,0.0,0.0,,False,0.0,0.0,2.0,0.0,0.0,,False,0.0
2018,SE,PATRI,2,1.0,300000.0,False,0,1,0.5,False,1,0.5,False,1,0.5,False,1.0,1.0,1.0,1.0,1.0,True,1.0,1.0,1.0,1.0,1.0,1.0,True,1.0,1.0,1.0,1.0,1.0,1.0,True,1.0
2018,SE,PC DO B,2,1.0556155544702248,554000.0,False,0,1,0.5,False,1,0.5,False,1,0.5,False,1.0,1.0,1.0,1.0,1.0,True,1.0,1.0,1.0,1.0,1.0,1.0,True,1.0,1.0,1.0,1.0,1.0,1.0,True,1.0
2018,SE,PCB,1,,0.0,True,0,0,0.0,False,0,0.0,False,0,0.0,False,0.0,0.0,,,,True,1.0,0.0,0.0,,,,True,1.0,0.0,0.0,,,,True,1.0
2018,SE,PDT,3,2.266294954434877,186850.0,False,1,2,0.6666666666666666,False,2,0.6666666666666666,False,1,0.3333333333333333,False,2.0,2.0,1.0,1.0,1.0,True,1.0,1.0,2.0,0.5,0.5,1.0,False,0.6666666666666667,1.0,2.0,0.5,0.5,1.0,False,0.6666666666666667
2018,SE,PHS,3,2.550766254090418,32298.33,False,0,3,1.0,False,3,1.0,False,1,0.3333333333333333,False,3.0,3.0,1.0,1.0,1.0,True,1.0,1.0,3.0,0.3333333333333333,0.3333333333333333,1.0,False,0.33333333333333337,1.0,3.0,0.3333333333333333,0.3333333333333333,1.0,False,0.33333333333333337
2018,SE,PMN,4,1.0,100000.0,False,0,1,0.25,False,1,0.25,False,1,0.25,False,1.0,1.0,1.0,1.0,1.0,True,1.0,1.0,1.0,1.0,1.0,1.0,True,1.0,1.0,1.0,1.0,1.0,1.0,True,1.0
2018,SE,PODE,4,,0.0,True,0,0,0.0,False,0,0.0,False,0,0.0,False,0.0,0.0,,,,True,1.0,0.0,0.0,,,,True,1.0,0.0,0.0,,,,True,1.0
2018,SE,PP,1,1.0,1731095.1600000001,False,1,1,1.0,False,1,1.0,False,0,0.0,False,1.0,1.0,1.0,1.0,1.0,True,1.0,0.0,1.0,0.0,0.0,,False,0.0,0.0,1.0,0.0,0.0,,False,0.0
2018,SE,PPL,3,2.4237115598855556,50165.17,False,0,2,0.6666666666666666,False,2,0.6666666666666666,False,2,0.6666666666666666,False,2.0,2.0,1.0,1.0,1.0,True,1.0,2.0,2.0,1.0,1.0,1.0,True,1.0,2.0,2.0,1.0,1.0,1.0,True,1.0
2018,SE,PPS,2,1.0,98402.1,False,0,1,0.5,False,1,0.5,False,1,0.5,False,1.0,1.0,1.0,1.0,1.0,True,1.0,1.0,1.0,1.0,1.0,1.0,True,1.0,1.0,1.0,1.0,1.0,1.0,True,1.0
2018,SE,PR,4,1.923076923076923,3500000.0,False,1,2,0.5,False,2,0.5,False,2,0.5,False,2.0,2.0,1.0,1.0,1.0,True,1.0,2.0,2.0,1.0,1.0,1.0,True,1.0,2.0,2.0,1.0,1.0,1.0,True,1.0
2018,SE,PRB,2,1.048572201210349,695500.0,False,0,1,0.5,False,1,0.5,False,1,0.5,False,1.0,1.0,1.0,1.0,1.0,True,1.0,1.0,1.0,1.0,1.0,1.0,True,1.0,1.0,1.0,1.0,1.0,1.0,True,1.0
2018,SE,PROS,1,1.0,43331.5,False,0,1,1.0,False,1,1.0,False,0,0.0,False,1.0,1.0,1.0,1.0,1.0,True,1.0,0.0,1.0,0.0,0.0,,False,0.0,0.0,1.0,0.0,0.0,,False,0.0
2018,SE,PRTB,3,2.1334778569216475,16600.0,False,0,2,0.6666666666666666,False,2,0.6666666666666666,False,2,0.6666666666666666,False,2.0,2.0,1.0,1.0,1.0,True,1.0,2.0,2.0,1.0,1.0,1.0,True,1.0,2.0,2.0,1.0,1.0,1.0,True,1.0
2018,SE,PSB,6,1.6707820026751925,589166.99,False,0,2,0.3333333333333333,False,2,0.3333333333333333,False,2,0.3333333333333333,False,2.0,2.0,1.0,1.0,1.0,True,1.0,2.0,2.0,1.0,1.0,1.0,True,1.0,2.0,2.0,1.0,1.0,1.0,True,1.0
2018,SE,PSC,1,1.0,100000.0,False,0,1,1.0,False,1,1.0,False,0,0.0,False,1.0,1.0,1.0,1.0,1.0,True,1.0,0.0,1.0,0.0,0.0,,False,0.0,0.0,1.0,0.0,0.0,,False,0.0
2018,SE,PSD,1,1.0,670000.0,False,1,1,1.0,False,1,1.0,False,0,0.0,False,1.0,1.0,1.0,1.0,1.0,True,1.0,0.0,1.0,0.0,0.0,,False,0.0,0.0,1.0,0.0,0.0,,False,0.0
2018,SE,PSDB,3,1.973133314222151,450891.44,False,0,2,0.6666666666666666,False,2,0.6666666666666666,False,1,0.3333333333333333,False,2.0,2.0,1.0,1.0,1.0,True,1.0,1.0,2.0,0.5,0.5,1.0,False,0.6666666666666667,1.0,2.0,0.5,0.5,1.0,False,0.6666666666666667
2018,SE,PSL,8,,0.0,True,0,0,0.0,False,0,0.0,False,0,0.0,False,0.0,0.0,,,,True,1.0,0.0,0.0,,,,True,1.0,0.0,0.0,,,,True,1.0
2018,SE,PSOL,9,6.902322536910225,36068.920000000006,False,0,7,0.7777777777777778,True,6,0.6666666666666666,False,5,0.5555555555555556,False,6.0,7.0,0.8571428571428571,0.8571428571428571,1.0,False,0.8888888888888888,5.0,7.0,0.7142857142857143,0.7142857142857143,1.0,False,0.7777777777777778,5.0,6.0,0.8333333333333334,0.8333333333333334,1.0,False,0.8888888888888888
2018,SE,PSTU,2,,0.0,True,0,0,0.0,False,0,0.0,False,0,0.0,False,0.0,0.0,,,,True,1.0,0.0,0.0,,,,True,1.0,0.0,0.0,,,,True,1.0
2018,SE,PT,3,2.1431109376104875,1915000.0,False,2,2,0.6666666666666666,False,2,0.6666666666666666,False,2,0.6666666666666666,False,2.0,2.0,1.0,1.0,1.0,True,1.0,2.0,2.0,1.0,1.0,1.0,True,1.0,2.0,2.0,1.0,1.0,1.0,True,1.0
2018,SE,PTB,2,1.9083090402491785,59763.0,False,0,2,1.0,False,2,1.0,False,1,0.5,False,2.0,2.0,1.0,1.0,1.0,True,1.0,1.0,2.0,0.5,0.5,1.0,False,0.5,1.0,2.0,0.5,0.5,1.0,False,0.5
2018,SE,PV,7,6.107818480937904,108476.44,False,0,6,0.8571428571428571,False,5,0.7142857142857143,False,3,0.42857142857142855,False,5.0,6.0,0.8333333333333334,0.8333333333333334,1.0,False,0.8571428571428572,3.0,6.0,0.5,0.5,1.0,False,0.5714285714285714,3.0,5.0,0.6,0.6,1.0,False,0.7142857142857143
2018,SE,REDE,12,10.27309552130212,11210.0,False,0,10,0.8333333333333334,False,9,0.75,True,4,0.3333333333333333,False,9.0,10.0,0.9,0.9,1.0,False,0.9166666666666667,4.0,10.0,0.4,0.4,1.0,False,0.5,4.0,9.0,0.4444444444444444,0.4444444444444444,1.0,False,0.5833333333333333
2018,SE,SOLIDARIEDADE,2,1.037486821039478,815000.0,False,1,1,0.5,False,1,0.5,False,1,0.5,False,1.0,1.0,1.0,1.0,1.0,True,1.0,1.0,1.0,1.0,1.0,1.0,True,1.0,1.0,1.0,1.0,1.0,1.0,True,1.0
2018,SP,AVANTE,96,9.936327314285148,706224.5900000001,False,0,10,0.10416666666666667,True,43,0.4479166666666667,True,20,0.20833333333333334,False,10.0,43.0,0.23255813953488372,1.0,0.23255813953488372,False,0.65625,10.0,20.0,0.5,1.0,0.5,False,0.8958333333333334,20.0,43.0,0.46511627906976744,0.46511627906976744,1.0,False,0.7604166666666666
2018,SP,DC,26,18.522776061384633,82200.35999999999,False,0,19,0.7307692307692307,False,14,0.5384615384615384,False,12,0.46153846153846156,False,14.0,19.0,0.7368421052631579,0.7368421052631579,1.0,False,0.8076923076923077,12.0,19.0,0.631578947368421,0.631578947368421,1.0,False,0.7307692307692308,12.0,14.0,0.8571428571428571,0.8571428571428571,1.0,False,0.9230769230769231
2018,SP,DEM,14,6.817177052122326,5079400.0,False,5,7,0.5,False,6,0.42857142857142855,False,6,0.42857142857142855,False,6.0,7.0,0.8571428571428571,0.8571428571428571,1.0,False,0.9285714285714286,6.0,7.0,0.8571428571428571,0.8571428571428571,1.0,False,0.9285714285714286,6.0,6.0,1.0,1.0,1.0,True,1.0
2018,SP,MDB,63,9.206030712268596,9587485.440000001,False,2,9,0.14285714285714285,False,10,0.15873015873015872,False,10,0.15873015873015872,False,9.0,10.0,0.9,1.0,0.9,False,0.9841269841269842,9.0,10.0,0.9,1.0,0.9,False,0.9841269841269842,10.0,10.0,1.0,1.0,1.0,True,1.0
2018,SP,NOVO,45,9.97732158325794,25940.08,False,3,10,0.2222222222222222,False,8,0.17777777777777778,False,10,0.2222222222222222,False,8.0,10.0,0.8,0.8,1.0,False,0.9555555555555556,10.0,10.0,1.0,1.0,1.0,True,1.0,8.0,10.0,0.8,1.0,0.8,False,0.9555555555555556
2018,SP,PATRI,91,5.078814537699703,3338917.4000000004,False,0,5,0.054945054945054944,False,10,0.10989010989010989,False,13,0.14285714285714285,False,5.0,10.0,0.5,1.0,0.5,False,0.945054945054945,5.0,13.0,0.38461538461538464,1.0,0.38461538461538464,False,0.9120879120879121,10.0,13.0,0.7692307692307693,1.0,0.7692307692307693,False,0.967032967032967
2018,SP,PC DO B,2,1.001158056594264,1049744.1099999999,False,1,1,0.5,False,1,0.5,False,1,0.5,False,1.0,1.0,1.0,1.0,1.0,True,1.0,1.0,1.0,1.0,1.0,1.0,True,1.0,1.0,1.0,1.0,1.0,1.0,True,1.0
2018,SP,PCB,2,1.7583467412686176,44198.65000000001,False,0,2,1.0,False,2,1.0,False,1,0.5,False,2.0,2.0,1.0,1.0,1.0,True,1.0,1.0,2.0,0.5,0.5,1.0,False,0.5,1.0,2.0,0.5,0.5,1.0,False,0.5
2018,SP,PDT,25,5.190360293232422,631500.0,False,1,5,0.2,False,5,0.2,False,4,0.16,False,5.0,5.0,1.0,1.0,1.0,True,1.0,4.0,5.0,0.8,0.8,1.0,False,0.96,4.0,5.0,0.8,0.8,1.0,False,0.96
2018,SP,PHS,11,3.0253251889503,243642.5,False,0,3,0.2727272727272727,False,3,0.2727272727272727,False,3,0.2727272727272727,False,3.0,3.0,1.0,1.0,1.0,True,1.0,3.0,3.0,1.0,1.0,1.0,True,1.0,3.0,3.0,1.0,1.0,1.0,True,1.0
2018,SP,PMB,10,,0.0,True,0,0,0.0,False,0,0.0,False,0,0.0,False,0.0,0.0,,,,True,1.0,0.0,0.0,,,,True,1.0,0.0,0.0,,,,True,1.0
2018,SP,PMN,44,5.2742683245762105,471000.0,False,0,5,0.11363636363636363,False,5,0.11363636363636363,False,7,0.1590909090909091,False,5.0,5.0,1.0,1.0,1.0,True,1.0,5.0,7.0,0.7142857142857143,1.0,0.7142857142857143,False,0.9545454545454546,5.0,7.0,0.7142857142857143,1.0,0.7142857142857143,False,0.9545454545454546
2018,SP,PODE,73,5.166750526941488,6351061.94,False,3,5,0.0684931506849315,False,5,0.0684931506849315,False,8,0.1095890410958904,False,5.0,5.0,1.0,1.0,1.0,True,1.0,5.0,8.0,0.625,1.0,0.625,False,0.9589041095890412,5.0,8.0,0.625,1.0,0.625,False,0.9589041095890412
2018,SP,PP,6,4.910100590837748,8098442.0,False,4,5,0.8333333333333334,False,4,0.6666666666666666,False,4,0.6666666666666666,False,4.0,5.0,0.8,0.8,1.0,False,0.8333333333333334,4.0,5.0,0.8,0.8,1.0,False,0.8333333333333334,4.0,4.0,1.0,1.0,1.0,True,1.0
2018,SP,PPL,51,26.91578513746165,128998.33,False,0,27,0.5294117647058824,False,22,0.43137254901960786,False,18,0.35294117647058826,False,22.0,27.0,0.8148148148148148,0.8148148148148148,1.0,False,0.9019607843137255,18.0,27.0,0.6666666666666666,0.6666666666666666,1.0,False,0.8235294117647058,18.0,22.0,0.8181818181818182,0.8181818181818182,1.0,False,0.9215686274509804
2018,SP,PPS,11,4.333380215379249,5212047.5600000005,False,2,4,0.36363636363636365,False,4,0.36363636363636365,False,4,0.36363636363636365,False,4.0,4.0,1.0,1.0,1.0,True,1.0,4.0,4.0,1.0,1.0,1.0,True,1.0,4.0,4.0,1.0,1.0,1.0,True,1.0
2018,SP,PR,44,14.631172583326656,19763198.91,False,7,15,0.3409090909090909,False,11,0.25,False,12,0.2727272727272727,False,11.0,15.0,0.7333333333333333,0.7333333333333333,1.0,False,0.9090909090909091,12.0,15.0,0.8,0.8,1.0,False,0.9318181818181819,11.0,12.0,0.9166666666666666,1.0,0.9166666666666666,False,0.9772727272727273
2018,SP,PRB,97,17.367070818903652,22224153.599999998,False,6,17,0.17525773195876287,False,17,0.17525773195876287,False,19,0.1958762886597938,False,17.0,17.0,1.0,1.0,1.0,True,1.0,17.0,19.0,0.8947368421052632,1.0,0.8947368421052632,False,0.979381443298969,17.0,19.0,0.8947368421052632,1.0,0.8947368421052632,False,0.979381443298969
2018,SP,PROS,97,8.793738938426316,1878855.49,False,0,9,0.09278350515463918,False,7,0.07216494845360824,False,12,0.12371134020618557,False,7.0,9.0,0.7777777777777778,0.7777777777777778,1.0,False,0.979381443298969,9.0,12.0,0.75,1.0,0.75,False,0.9690721649484536,7.0,12.0,0.5833333333333334,1.0,0.5833333333333334,False,0.9484536082474226
2018,SP,PRP,78,8.571108879996931,1700515.3699999999,False,0,9,0.11538461538461539,False,7,0.08974358974358974,False,10,0.1282051282051282,False,7.0,9.0,0.7777777777777778,0.7777777777777778,1.0,False,0.9743589743589743,9.0,10.0,0.9,1.0,0.9,False,0.9871794871794872,7.0,10.0,0.7,1.0,0.7,False,0.9615384615384616
2018,SP,PRTB,39,6.424138540913379,320468.87000000005,False,0,6,0.15384615384615385,False,17,0.4358974358974359,False,6,0.15384615384615385,False,6.0,17.0,0.35294117647058826,1.0,0.35294117647058826,False,0.717948717948718,6.0,6.0,1.0,1.0,1.0,True,1.0,6.0,17.0,0.35294117647058826,0.35294117647058826,1.0,False,0.717948717948718
2018,SP,PSB,48,9.31639483722389,8134982.5,False,4,9,0.1875,False,9,0.1875,False,12,0.25,False,9.0,9.0,1.0,1.0,1.0,True,1.0,9.0,12.0,0.75,1.0,0.75,False,0.9375,9.0,12.0,0.75,1.0,0.75,False,0.9375
2018,SP,PSC,3,1.4740721067658193,1490000.0,False,1,1,0.3333333333333333,False,2,0.6666666666666666,False,1,0.3333333333333333,False,1.0,2.0,0.5,1.0,0.5,False,0.6666666666666667,1.0,1.0,1.0,1.0,1.0,True,1.0,1.0,2.0,0.5,0.5,1.0,False,0.6666666666666667
2018,SP,PSD,22,9.953424919535832,9125000.0,False,2,10,0.45454545454545453,False,8,0.36363636363636365,True,9,0.4090909090909091,False,8.0,10.0,0.8,0.8,1.0,False,0.9090909090909091,9.0,10.0,0.9,0.9,1.0,False,0.9545454545454546,8.0,9.0,0.8888888888888888,1.0,0.8888888888888888,False,0.9545454545454546
2018,SP,PSDB,57,18.6483399523665,16237596.94,False,6,19,0.3333333333333333,False,15,0.2631578947368421,False,19,0.3333333333333333,False,15.0,19.0,0.7894736842105263,0.7894736842105263,1.0,False,0.9298245614035088,19.0,19.0,1.0,1.0,1.0,True,1.0,15.0,19.0,0.7894736842105263,1.0,0.7894736842105263,False,0.9298245614035088
2018,SP,PSL,58,15.770774874969328,600403.14,False,10,16,0.27586206896551724,True,24,0.41379310344827586,True,13,0.22413793103448276,False,16.0,24.0,0.6666666666666666,1.0,0.6666666666666666,False,0.8620689655172413,13.0,16.0,0.8125,0.8125,1.0,False,0.9482758620689655,13.0,24.0,0.5416666666666666,0.5416666666666666,1.0,False,0.8103448275862069
2018,SP,PSOL,82,5.80888139323592,1072913.3900000001,False,3,6,0.07317073170731707,False,10,0.12195121951219512,True,9,0.10975609756097561,False,6.0,10.0,0.6,1.0,0.6,False,0.9512195121951219,6.0,9.0,0.6666666666666666,1.0,0.6666666666666666,False,0.9634146341463414,9.0,10.0,0.9,0.9,1.0,False,0.9878048780487805
2018,SP,PSTU,7,2.6855398048396175,28103.0,False,0,3,0.42857142857142855,False,2,0.2857142857142857,False,3,0.42857142857142855,False,2.0,3.0,0.6666666666666666,0.6666666666666666,1.0,False,0.8571428571428572,3.0,3.0,1.0,1.0,1.0,True,1.0,2.0,3.0,0.6666666666666666,1.0,0.6666666666666666,False,0.8571428571428572
2018,SP,PT,72,23.88235737247482,16624381.69,False,8,24,0.3333333333333333,True,18,0.25,False,21,0.2916666666666667,False,18.0,24.0,0.75,0.75,1.0,False,0.9166666666666666,21.0,24.0,0.875,0.875,1.0,False,0.9583333333333334,18.0,21.0,0.8571428571428571,1.0,0.8571428571428571,False,0.9583333333333334
2018,SP,PTB,25,3.3234235082289834,4342000.0,False,0,3,0.12,False,4,0.16,False,4,0.16,False,3.0,4.0,0.75,1.0,0.75,False,0.96,3.0,4.0,0.75,1.0,0.75,False,0.96,4.0,4.0,1.0,1.0,1.0,True,1.0
2018,SP,PTC,29,4.959514170040486,35000.0,False,0,5,0.1724137931034483,True,5,0.1724137931034483,True,7,0.2413793103448276,False,5.0,5.0,1.0,1.0,1.0,True,1.0,5.0,7.0,0.7142857142857143,1.0,0.7142857142857143,False,0.9310344827586207,5.0,7.0,0.7142857142857143,1.0,0.7142857142857143,False,0.9310344827586207
2018,SP,PV,80,6.021361427836158,4587616.63,False,1,6,0.075,True,9,0.1125,False,8,0.1,False,6.0,9.0,0.6666666666666666,1.0,0.6666666666666666,False,0.9625,6.0,8.0,0.75,1.0,0.75,False,0.975,8.0,9.0,0.8888888888888888,0.8888888888888888,1.0,False,0.9875
2018,SP,REDE,30,2.3956599299432266,328500.0,False,0,2,0.06666666666666667,False,2,0.06666666666666667,False,2,0.06666666666666667,False,2.0,2.0,1.0,1.0,1.0,True,1.0,2.0,2.0,1.0,1.0,1.0,True,1.0,2.0,2.0,1.0,1.0,1.0,True,1.0
2018,SP,SOLIDARIEDADE,45,9.326822337349343,3681992.62,False,1,9,0.2,False,14,0.3111111111111111,False,8,0.17777777777777778,False,9.0,14.0,0.6428571428571429,1.0,0.6428571428571429,False,0.8888888888888888,8.0,9.0,0.8888888888888888,0.8888888888888888,1.0,False,0.9777777777777777,8.0,14.0,0.5714285714285714,0.5714285714285714,1.0,False,0.8666666666666667
2018,TO,AVANTE,1,1.0,9972.0,False,0,1,1.0,False,1,1.0,False,0,0.0,False,1.0,1.0,1.0,1.0,1.0,True,1.0,0.0,1.0,0.0,0.0,,False,0.0,0.0,1.0,0.0,0.0,,False,0.0
2018,TO,DC,3,1.0,10000.0,False,0,1,0.3333333333333333,False,1,0.3333333333333333,False,1,0.3333333333333333,False,1.0,1.0,1.0,1.0,1.0,True,1.0,1.0,1.0,1.0,1.0,1.0,True,1.0,1.0,1.0,1.0,1.0,1.0,True,1.0
2018,TO,DEM,2,1.6835945519946935,2760570.0,False,2,2,1.0,False,2,1.0,False,1,0.5,False,2.0,2.0,1.0,1.0,1.0,True,1.0,1.0,2.0,0.5,0.5,1.0,False,0.5,1.0,2.0,0.5,0.5,1.0,False,0.5
2018,TO,MDB,1,1.0,2360000.0,False,1,1,1.0,False,1,1.0,False,0,0.0,False,1.0,1.0,1.0,1.0,1.0,True,1.0,0.0,1.0,0.0,0.0,,False,0.0,0.0,1.0,0.0,0.0,,False,0.0
2018,TO,PATRI,1,1.0,8312.0,False,0,1,1.0,False,1,1.0,False,0,0.0,False,1.0,1.0,1.0,1.0,1.0,True,1.0,0.0,1.0,0.0,0.0,,False,0.0,0.0,1.0,0.0,0.0,,False,0.0
2018,TO,PC DO B,2,1.0,700.0,False,0,1,0.5,False,1,0.5,False,1,0.5,False,1.0,1.0,1.0,1.0,1.0,True,1.0,1.0,1.0,1.0,1.0,1.0,True,1.0,1.0,1.0,1.0,1.0,1.0,True,1.0
2018,TO,PDT,1,1.0,7500.0,False,0,1,1.0,False,1,1.0,False,0,0.0,False,1.0,1.0,1.0,1.0,1.0,True,1.0,0.0,1.0,0.0,0.0,,False,0.0,0.0,1.0,0.0,0.0,,False,0.0
2018,TO,PHS,2,1.9002733284630309,21564.0,False,0,2,1.0,False,2,1.0,False,1,0.5,False,2.0,2.0,1.0,1.0,1.0,True,1.0,1.0,2.0,0.5,0.5,1.0,False,0.5,1.0,2.0,0.5,0.5,1.0,False,0.5
2018,TO,PMB,2,,0.0,True,0,0,0.0,False,0,0.0,False,0,0.0,False,0.0,0.0,,,,True,1.0,0.0,0.0,,,,True,1.0,0.0,0.0,,,,True,1.0
2018,TO,PMN,2,1.0,150000.0,False,0,1,0.5,False,1,0.5,False,1,0.5,False,1.0,1.0,1.0,1.0,1.0,True,1.0,1.0,1.0,1.0,1.0,1.0,True,1.0,1.0,1.0,1.0,1.0,1.0,True,1.0
2018,TO,PODE,1,,0.0,True,0,0,0.0,False,0,0.0,False,0,0.0,False,0.0,0.0,,,,True,1.0,0.0,0.0,,,,True,1.0,0.0,0.0,,,,True,1.0
2018,TO,PP,1,1.0,1756302.35,False,0,1,1.0,False,1,1.0,False,0,0.0,False,1.0,1.0,1.0,1.0,1.0,True,1.0,0.0,1.0,0.0,0.0,,False,0.0,0.0,1.0,0.0,0.0,,False,0.0
2018,TO,PPL,2,,0.0,True,0,0,0.0,False,0,0.0,False,0,0.0,False,0.0,0.0,,,,True,1.0,0.0,0.0,,,,True,1.0,0.0,0.0,,,,True,1.0
2018,TO,PPS,1,1.0,292032.03,False,0,1,1.0,False,1,1.0,False,0,0.0,False,1.0,1.0,1.0,1.0,1.0,True,1.0,0.0,1.0,0.0,0.0,,False,0.0,0.0,1.0,0.0,0.0,,False,0.0
2018,TO,PR,2,1.0470327846175127,870000.0,False,1,1,0.5,False,1,0.5,False,1,0.5,False,1.0,1.0,1.0,1.0,1.0,True,1.0,1.0,1.0,1.0,1.0,1.0,True,1.0,1.0,1.0,1.0,1.0,1.0,True,1.0
2018,TO,PRB,2,1.1431538621929462,868792.49,False,0,1,0.5,False,1,0.5,False,1,0.5,False,1.0,1.0,1.0,1.0,1.0,True,1.0,1.0,1.0,1.0,1.0,1.0,True,1.0,1.0,1.0,1.0,1.0,1.0,True,1.0
2018,TO,PROS,1,1.0,901726.85,False,0,1,1.0,False,1,1.0,False,0,0.0,False,1.0,1.0,1.0,1.0,1.0,True,1.0,0.0,1.0,0.0,0.0,,False,0.0,0.0,1.0,0.0,0.0,,False,0.0
2018,TO,PRP,2,,0.0,True,0,0,0.0,False,0,0.0,False,0,0.0,False,0.0,0.0,,,,True,1.0,0.0,0.0,,,,True,1.0,0.0,0.0,,,,True,1.0
2018,TO,PRTB,10,6.622047244094488,2900.0,False,0,7,0.7,False,6,0.6,True,7,0.7,False,6.0,7.0,0.8571428571428571,0.8571428571428571,1.0,False,0.9,7.0,7.0,1.0,1.0,1.0,True,1.0,6.0,7.0,0.8571428571428571,1.0,0.8571428571428571,False,0.9
2018,TO,PSB,3,1.8779149519890261,740000.0,False,0,2,0.6666666666666666,False,2,0.6666666666666666,False,1,0.3333333333333333,False,2.0,2.0,1.0,1.0,1.0,True,1.0,1.0,2.0,0.5,0.5,1.0,False,0.6666666666666667,1.0,2.0,0.5,0.5,1.0,False,0.6666666666666667
2018,TO,PSC,1,1.0,281824.73,False,1,1,1.0,False,1,1.0,False,0,0.0,False,1.0,1.0,1.0,1.0,1.0,True,1.0,0.0,1.0,0.0,0.0,,False,0.0,0.0,1.0,0.0,0.0,,False,0.0
2018,TO,PSD,2,,0.0,True,0,0,0.0,False,0,0.0,False,0,0.0,False,0.0,0.0,,,,True,1.0,0.0,0.0,,,,True,1.0,0.0,0.0,,,,True,1.0
2018,TO,PSDB,6,3.08610711347882,427641.44,False,0,3,0.5,False,4,0.6666666666666666,True,1,0.16666666666666666,False,3.0,4.0,0.75,1.0,0.75,False,0.8333333333333334,1.0,3.0,0.3333333333333333,0.3333333333333333,1.0,False,0.6666666666666667,1.0,4.0,0.25,0.25,1.0,False,0.5
2018,TO,PSL,10,7.692307692307692,10000.0,False,0,8,0.8,False,6,0.6,True,4,0.4,False,6.0,8.0,0.75,0.75,1.0,False,0.8,4.0,8.0,0.5,0.5,1.0,False,0.6,4.0,6.0,0.6666666666666666,0.6666666666666666,1.0,False,0.8
2018,TO,PSOL,4,3.9701907038378206,38856.98,False,0,4,1.0,False,4,1.0,False,2,0.5,False,4.0,4.0,1.0,1.0,1.0,True,1.0,2.0,4.0,0.5,0.5,1.0,False,0.5,2.0,4.0,0.5,0.5,1.0,False,0.5
2018,TO,PT,8,2.17419631322219,569282.78,False,1,2,0.25,False,3,0.375,False,1,0.125,False,2.0,3.0,0.6666666666666666,1.0,0.6666666666666666,False,0.875,1.0,2.0,0.5,0.5,1.0,False,0.875,1.0,3.0,0.3333333333333333,0.3333333333333333,1.0,False,0.75
2018,TO,PTC,1,,0.0,True,0,0,0.0,False,0,0.0,False,0,0.0,False,0.0,0.0,,,,True,1.0,0.0,0.0,,,,True,1.0,0.0,0.0,,,,True,1.0
2018,TO,PV,3,1.8927038626609443,105000.0,False,0,2,0.6666666666666666,False,2,0.6666666666666666,False,2,0.6666666666666666,False,2.0,2.0,1.0,1.0,1.0,True,1.0,2.0,2.0,1.0,1.0,1.0,True,1.0,2.0,2.0,1.0,1.0,1.0,True,1.0
2018,TO,REDE,1,,0.0,True,0,0,0.0,False,0,0.0,False,0,0.0,False,0.0,0.0,,,,True,1.0,0.0,0.0,,,,True,1.0,0.0,0.0,,,,True,1.0
2018,TO,SOLIDARIEDADE,2,1.977682107731719,1604100.0,False,2,2,1.0,False,2,1.0,False,1,0.5,False,2.0,2.0,1.0,1.0,1.0,True,1.0,1.0,2.0,0.5,0.5,1.0,False,0.5,1.0,2.0,0.5,0.5,1.0,False,0.5
2022,AC,AGIR,7,,0.0,True,0,0,0.0,False,0,0.0,False,0,0.0,False,0.0,0.0,,,,True,1.0,0.0,0.0,,,,True,1.0,0.0,0.0,,,,True,1.0
2022,AC,CIDADANIA,2,1.977805791800572,47200.0,False,0,2,1.0,False,2,1.0,False,1,0.5,False,2.0,2.0,1.0,1.0,1.0,True,1.0,1.0,2.0,0.5,0.5,1.0,False,0.5,1.0,2.0,0.5,0.5,1.0,False,0.5
2022,AC,MDB,9,3.1592037516906544,6645078.5,False,0,3,0.3333333333333333,False,3,0.3333333333333333,False,3,0.3333333333333333,False,3.0,3.0,1.0,1.0,1.0,True,1.0,3.0,3.0,1.0,1.0,1.0,True,1.0,3.0,3.0,1.0,1.0,1.0,True,1.0
2022,AC,PATRIOTA,6,3.417634996582365,500000.0,False,0,3,0.5,False,4,0.6666666666666666,False,1,0.16666666666666666,False,3.0,4.0,0.75,1.0,0.75,False,0.8333333333333334,1.0,3.0,0.3333333333333333,0.3333333333333333,1.0,False,0.6666666666666667,1.0,4.0,0.25,0.25,1.0,False,0.5
2022,AC,PC DO B,2,1.0340811162203973,2193611.23,False,0,1,0.5,False,1,0.5,False,1,0.5,False,1.0,1.0,1.0,1.0,1.0,True,1.0,1.0,1.0,1.0,1.0,1.0,True,1.0,1.0,1.0,1.0,1.0,1.0,True,1.0
2022,AC,PDT,9,2.3179607903216985,2238215.41,False,0,2,0.2222222222222222,False,2,0.2222222222222222,False,2,0.2222222222222222,False,2.0,2.0,1.0,1.0,1.0,True,1.0,2.0,2.0,1.0,1.0,1.0,True,1.0,2.0,2.0,1.0,1.0,1.0,True,1.0
2022,AC,PMN,3,,0.0,True,0,0,0.0,False,0,0.0,False,0,0.0,False,0.0,0.0,,,,True,1.0,0.0,0.0,,,,True,1.0,0.0,0.0,,,,True,1.0
2022,AC,PODE,9,7.581766328936654,2432910.0,False,0,8,0.8888888888888888,False,6,0.6666666666666666,True,4,0.4444444444444444,False,6.0,8.0,0.75,0.75,1.0,False,0.7777777777777778,4.0,8.0,0.5,0.5,1.0,False,0.5555555555555556,4.0,6.0,0.6666666666666666,0.6666666666666666,1.0,False,0.7777777777777778
2022,AC,PP,9,7.449666951323657,4670000.0,False,3,7,0.7777777777777778,False,7,0.7777777777777778,False,2,0.2222222222222222,False,7.0,7.0,1.0,1.0,1.0,True,1.0,2.0,7.0,0.2857142857142857,0.2857142857142857,1.0,False,0.4444444444444444,2.0,7.0,0.2857142857142857,0.2857142857142857,1.0,False,0.4444444444444444
2022,AC,PROS,7,3.5863666963885295,218910.0,False,0,4,0.5714285714285714,False,3,0.42857142857142855,False,2,0.2857142857142857,False,3.0,4.0,0.75,0.75,1.0,False,0.8571428571428572,2.0,4.0,0.5,0.5,1.0,False,0.7142857142857143,2.0,3.0,0.6666666666666666,0.6666666666666666,1.0,False,0.8571428571428572
2022,AC,PSB,7,5.253131465567602,736867.08,False,0,5,0.7142857142857143,False,5,0.7142857142857143,False,2,0.2857142857142857,False,5.0,5.0,1.0,1.0,1.0,True,1.0,2.0,5.0,0.4,0.4,1.0,False,0.5714285714285714,2.0,5.0,0.4,0.4,1.0,False,0.5714285714285714
2022,AC,PSC,3,,0.0,True,0,0,0.0,False,0,0.0,False,0,0.0,False,0.0,0.0,,,,True,1.0,0.0,0.0,,,,True,1.0,0.0,0.0,,,,True,1.0
2022,AC,PSD,9,6.079019073998703,3078441.3200000003,False,0,6,0.6666666666666666,True,6,0.6666666666666666,True,4,0.4444444444444444,False,6.0,6.0,1.0,1.0,1.0,True,1.0,4.0,6.0,0.6666666666666666,0.6666666666666666,1.0,False,0.7777777777777778,4.0,6.0,0.6666666666666666,0.6666666666666666,1.0,False,0.7777777777777778
2022,AC,PSDB,7,3.2814409937651687,6062566.0,False,0,3,0.42857142857142855,False,3,0.42857142857142855,False,2,0.2857142857142857,False,3.0,3.0,1.0,1.0,1.0,True,1.0,2.0,3.0,0.6666666666666666,0.6666666666666666,1.0,False,0.8571428571428572,2.0,3.0,0.6666666666666666,0.6666666666666666,1.0,False,0.8571428571428572
2022,AC,PSOL,5,3.980049589115946,107251.95999999999,False,0,4,0.8,False,4,0.8,False,1,0.2,False,4.0,4.0,1.0,1.0,1.0,True,1.0,1.0,4.0,0.25,0.25,1.0,False,0.4,1.0,4.0,0.25,0.25,1.0,False,0.4
2022,AC,PT,5,1.835417881254365,2488830.0,False,0,2,0.4,False,2,0.4,False,1,0.2,False,2.0,2.0,1.0,1.0,1.0,True,1.0,1.0,2.0,0.5,0.5,1.0,False,0.8,1.0,2.0,0.5,0.5,1.0,False,0.8
2022,AC,PV,2,1.8690379951495555,272000.0,False,0,2,1.0,False,2,1.0,False,1,0.5,False,2.0,2.0,1.0,1.0,1.0,True,1.0,1.0,2.0,0.5,0.5,1.0,False,0.5,1.0,2.0,0.5,0.5,1.0,False,0.5
2022,AC,REDE,2,1.6817951232709933,111500.0,False,0,2,1.0,False,2,1.0,False,1,0.5,False,2.0,2.0,1.0,1.0,1.0,True,1.0,1.0,2.0,0.5,0.5,1.0,False,0.5,1.0,2.0,0.5,0.5,1.0,False,0.5
2022,AC,REPUBLICANOS,7,3.49490079286662,5872820.0,False,2,3,0.42857142857142855,False,3,0.42857142857142855,False,2,0.2857142857142857,False,3.0,3.0,1.0,1.0,1.0,True,1.0,2.0,3.0,0.6666666666666666,0.6666666666666666,1.0,False,0.8571428571428572,2.0,3.0,0.6666666666666666,0.6666666666666666,1.0,False,0.8571428571428572
2022,AC,SOLIDARIEDADE,9,7.740195880403515,871170.0,False,0,8,0.8888888888888888,False,6,0.6666666666666666,False,4,0.4444444444444444,False,6.0,8.0,0.75,0.75,1.0,False,0.7777777777777778,4.0,8.0,0.5,0.5,1.0,False,0.5555555555555556,4.0,6.0,0.6666666666666666,0.6666666666666666,1.0,False,0.7777777777777778
2022,AC,UNIAO,9,7.624442780635297,13025100.0,False,3,8,0.8888888888888888,True,7,0.7777777777777778,False,4,0.4444444444444444,False,7.0,8.0,0.875,0.875,1.0,False,0.8888888888888888,4.0,8.0,0.5,0.5,1.0,False,0.5555555555555556,4.0,7.0,0.5714285714285714,0.5714285714285714,1.0,False,0.6666666666666667
2022,AL,AGIR,7,2.5,30000.0,False,0,3,0.42857142857142855,True,3,0.42857142857142855,True,1,0.14285714285714285,False,3.0,3.0,1.0,1.0,1.0,True,1.0,1.0,3.0,0.3333333333333333,0.3333333333333333,1.0,False,0.7142857142857143,1.0,3.0,0.3333333333333333,0.3333333333333333,1.0,False,0.7142857142857143
2022,AL,AVANTE,9,6.30081971681175,522167.5,False,0,6,0.6666666666666666,False,6,0.6666666666666666,False,3,0.3333333333333333,False,6.0,6.0,1.0,1.0,1.0,True,1.0,3.0,6.0,0.5,0.5,1.0,False,0.6666666666666667,3.0,6.0,0.5,0.5,1.0,False,0.6666666666666667
2022,AL,CIDADANIA,2,1.175503210399193,2461473.0,False,0,1,0.5,False,1,0.5,False,1,0.5,False,1.0,1.0,1.0,1.0,1.0,True,1.0,1.0,1.0,1.0,1.0,1.0,True,1.0,1.0,1.0,1.0,1.0,1.0,True,1.0
2022,AL,DC,2,1.8538498458505028,11112.0,False,0,2,1.0,False,2,1.0,False,1,0.5,False,2.0,2.0,1.0,1.0,1.0,True,1.0,1.0,2.0,0.5,0.5,1.0,False,0.5,1.0,2.0,0.5,0.5,1.0,False,0.5
2022,AL,MDB,10,5.350270026106907,8848300.0,False,2,5,0.5,True,6,0.6,False,2,0.2,False,5.0,6.0,0.8333333333333334,1.0,0.8333333333333334,False,0.9,2.0,5.0,0.4,0.4,1.0,False,0.7,2.0,6.0,0.3333333333333333,0.3333333333333333,1.0,False,0.6
2022,AL,PATRIOTA,9,6.485084306095979,500000.0,False,0,6,0.6666666666666666,True,6,0.6666666666666666,True,2,0.2222222222222222,False,6.0,6.0,1.0,1.0,1.0,True,1.0,2.0,6.0,0.3333333333333333,0.3333333333333333,1.0,False,0.5555555555555556,2.0,6.0,0.3333333333333333,0.3333333333333333,1.0,False,0.5555555555555556
2022,AL,PCO,2,2.0,6000.0,False,0,2,1.0,False,2,1.0,False,0,0.0,False,2.0,2.0,1.0,1.0,1.0,True,1.0,0.0,2.0,0.0,0.0,,False,0.0,0.0,2.0,0.0,0.0,,False,0.0
2022,AL,PDT,10,8.592136150234742,484000.0,False,0,9,0.9,False,7,0.7,False,6,0.6,False,7.0,9.0,0.7777777777777778,0.7777777777777778,1.0,False,0.8,6.0,9.0,0.6666666666666666,0.6666666666666666,1.0,False,0.7,6.0,7.0,0.8571428571428571,0.8571428571428571,1.0,False,0.9
2022,AL,PMB,3,,0.0,True,0,0,0.0,False,0,0.0,False,0,0.0,False,0.0,0.0,,,,True,1.0,0.0,0.0,,,,True,1.0,0.0,0.0,,,,True,1.0
2022,AL,PMN,3,3.0,150000.0,False,0,3,1.0,False,3,1.0,False,0,0.0,False,3.0,3.0,1.0,1.0,1.0,True,1.0,0.0,3.0,0.0,0.0,,False,0.0,0.0,3.0,0.0,0.0,,False,0.0
2022,AL,PP,10,8.525310700212186,18750000.0,False,4,9,0.9,False,7,0.7,False,5,0.5,False,7.0,9.0,0.7777777777777778,0.7777777777777778,1.0,False,0.8,5.0,9.0,0.5555555555555556,0.5555555555555556,1.0,False,0.6,5.0,7.0,0.7142857142857143,0.7142857142857143,1.0,False,0.8
2022,AL,PROS,7,,0.0,True,0,0,0.0,False,0,0.0,False,0,0.0,False,0.0,0.0,,,,True,1.0,0.0,0.0,,,,True,1.0,0.0,0.0,,,,True,1.0
2022,AL,PSB,10,5.588537496392818,4062000.0,False,0,6,0.6,False,7,0.7,False,2,0.2,False,6.0,7.0,0.8571428571428571,1.0,0.8571428571428571,False,0.9,2.0,6.0,0.3333333333333333,0.3333333333333333,1.0,False,0.6,2.0,7.0,0.2857142857142857,0.2857142857142857,1.0,False,0.5
2022,AL,PSD,10,3.6874513196804664,4763125.76,False,0,4,0.4,True,5,0.5,False,5,0.5,False,3.9999999999999996,5.0,0.7999999999999999,0.9999999999999999,0.7999999999999999,False,0.9,3.9999999999999996,5.0,0.7999999999999999,0.9999999999999999,0.7999999999999999,False,0.9,5.0,5.0,1.0,1.0,1.0,True,1.0
2022,AL,PSDB,8,4.362460021752693,4997750.0,False,0,4,0.5,True,5,0.625,True,2,0.25,False,4.0,5.0,0.8,1.0,0.8,False,0.875,2.0,4.0,0.5,0.5,1.0,False,0.75,2.0,5.0,0.4,0.4,1.0,False,0.625
2022,AL,PSOL,5,4.089729364026181,203411.30000000002,False,0,4,0.8,False,4,0.8,False,2,0.4,False,4.0,4.0,1.0,1.0,1.0,True,1.0,2.0,4.0,0.5,0.5,1.0,False,0.6,2.0,4.0,0.5,0.5,1.0,False,0.6
2022,AL,PSTU,1,,0.0,True,0,0,0.0,False,0,0.0,False,0,0.0,False,0.0,0.0,,,,True,1.0,0.0,0.0,,,,True,1.0,0.0,0.0,,,,True,1.0
2022,AL,PT,2,1.2302000548095369,2010000.0,False,1,1,0.5,False,1,0.5,False,1,0.5,False,1.0,1.0,1.0,1.0,1.0,True,1.0,1.0,1.0,1.0,1.0,1.0,True,1.0,1.0,1.0,1.0,1.0,1.0,True,1.0
2022,AL,PTB,9,1.0761333136306894,274986.8,False,0,1,0.1111111111111111,False,1,0.1111111111111111,False,1,0.1111111111111111,False,1.0,1.0,1.0,1.0,1.0,True,1.0,1.0,1.0,1.0,1.0,1.0,True,1.0,1.0,1.0,1.0,1.0,1.0,True,1.0
2022,AL,PV,8,5.025736704331889,1800472.8,False,1,5,0.625,False,4,0.5,False,5,0.625,False,4.0,5.0,0.8,0.8,1.0,False,0.875,5.0,5.0,1.0,1.0,1.0,True,1.0,4.0,5.0,0.8,1.0,0.8,False,0.875
2022,AL,REPUBLICANOS,10,4.30180628644574,4260000.0,False,0,4,0.4,True,5,0.5,False,3,0.3,False,4.0,5.0,0.8,1.0,0.8,False,0.9,3.0,4.0,0.75,0.75,1.0,False,0.9,3.0,5.0,0.6,0.6,1.0,False,0.8
2022,AL,SOLIDARIEDADE,7,,0.0,True,0,0,0.0,False,0,0.0,False,0,0.0,False,0.0,0.0,,,,True,1.0,0.0,0.0,,,,True,1.0,0.0,0.0,,,,True,1.0
2022,AL,UNIAO,9,4.715046624330451,7176829.44,False,1,5,0.5555555555555556,False,4,0.4444444444444444,False,4,0.4444444444444444,False,4.0,5.0,0.8,0.8,1.0,False,0.8888888888888888,4.0,5.0,0.8,0.8,1.0,False,0.8888888888888888,4.0,4.0,1.0,1.0,1.0,True,1.0
2022,AL,UP,1,1.0,6630.0,False,0,1,1.0,False,1,1.0,False,0,0.0,False,1.0,1.0,1.0,1.0,1.0,True,1.0,0.0,1.0,0.0,0.0,,False,0.0,0.0,1.0,0.0,0.0,,False,0.0
2022,AM,AGIR,7,,0.0,True,0,0,0.0,False,0,0.0,False,0,0.0,False,0.0,0.0,,,,True,1.0,0.0,0.0,,,,True,1.0,0.0,0.0,,,,True,1.0
2022,AM,AVANTE,9,7.072968934138431,1526000.0,False,0,7,0.7777777777777778,True,6,0.6666666666666666,True,3,0.3333333333333333,False,6.0,7.0,0.8571428571428571,0.8571428571428571,1.0,False,0.8888888888888888,3.0,7.0,0.42857142857142855,0.42857142857142855,1.0,False,0.5555555555555556,3.0,6.0,0.5,0.5,1.0,False,0.6666666666666667
2022,AM,CIDADANIA,5,3.448687350835322,850000.0,False,1,3,0.6,False,3,0.6,False,2,0.4,False,3.0,3.0,1.0,1.0,1.0,True,1.0,2.0,3.0,0.6666666666666666,0.6666666666666666,1.0,False,0.8,2.0,3.0,0.6666666666666666,0.6666666666666666,1.0,False,0.8
2022,AM,DC,5,1.8576686946974639,173216.4,False,0,2,0.4,False,2,0.4,False,1,0.2,False,2.0,2.0,1.0,1.0,1.0,True,1.0,1.0,2.0,0.5,0.5,1.0,False,0.8,1.0,2.0,0.5,0.5,1.0,False,0.8
2022,AM,MDB,9,3.7751650218694843,4712816.72,False,0,4,0.4444444444444444,False,3,0.3333333333333333,False,3,0.3333333333333333,False,3.0,4.0,0.75,0.75,1.0,False,0.8888888888888888,3.0,4.0,0.75,0.75,1.0,False,0.8888888888888888,3.0,3.0,1.0,1.0,1.0,True,1.0
2022,AM,NOVO,1,1.0,1241.5300000000002,False,0,1,1.0,False,1,1.0,False,0,0.0,False,1.0,1.0,1.0,1.0,1.0,True,1.0,0.0,1.0,0.0,0.0,,False,0.0,0.0,1.0,0.0,0.0,,False,0.0
2022,AM,PATRIOTA,9,5.203824766338159,883650.0,False,0,5,0.5555555555555556,False,5,0.5555555555555556,False,5,0.5555555555555556,False,5.0,5.0,1.0,1.0,1.0,True,1.0,5.0,5.0,1.0,1.0,1.0,True,1.0,5.0,5.0,1.0,1.0,1.0,True,1.0
2022,AM,PC DO B,2,1.1252316108075868,3301322.34,False,0,1,0.5,False,1,0.5,False,1,0.5,False,1.0,1.0,1.0,1.0,1.0,True,1.0,1.0,1.0,1.0,1.0,1.0,True,1.0,1.0,1.0,1.0,1.0,1.0,True,1.0
2022,AM,PDT,9,6.121074192080108,820000.0,False,0,6,0.6666666666666666,False,5,0.5555555555555556,False,4,0.4444444444444444,False,5.0,6.0,0.8333333333333334,0.8333333333333334,1.0,False,0.8888888888888888,4.0,6.0,0.6666666666666666,0.6666666666666666,1.0,False,0.7777777777777778,4.0,5.0,0.8,0.8,1.0,False,0.8888888888888888
2022,AM,PL,9,3.332435033263789,3823011.67,False,1,3,0.3333333333333333,False,3,0.3333333333333333,False,3,0.3333333333333333,False,3.0,3.0,1.0,1.0,1.0,True,1.0,3.0,3.0,1.0,1.0,1.0,True,1.0,3.0,3.0,1.0,1.0,1.0,True,1.0
2022,AM,PMN,9,4.198881836279685,265050.0,False,0,4,0.4444444444444444,True,3,0.3333333333333333,False,3,0.3333333333333333,False,3.0,4.0,0.75,0.75,1.0,False,0.8888888888888888,3.0,4.0,0.75,0.75,1.0,False,0.8888888888888888,3.0,3.0,1.0,1.0,1.0,True,1.0
2022,AM,PODE,1,,0.0,True,0,0,0.0,False,0,0.0,False,0,0.0,False,0.0,0.0,,,,True,1.0,0.0,0.0,,,,True,1.0,0.0,0.0,,,,True,1.0
2022,AM,PROS,5,1.0,3000000.0,False,0,1,0.2,False,1,0.2,False,1,0.2,False,1.0,1.0,1.0,1.0,1.0,True,1.0,1.0,1.0,1.0,1.0,1.0,True,1.0,1.0,1.0,1.0,1.0,1.0,True,1.0
2022,AM,PSB,2,,0.0,True,0,0,0.0,False,0,0.0,False,0,0.0,False,0.0,0.0,,,,True,1.0,0.0,0.0,,,,True,1.0,0.0,0.0,,,,True,1.0
2022,AM,PSC,9,6.670929101454322,249261.0,False,0,7,0.7777777777777778,False,6,0.6666666666666666,False,4,0.4444444444444444,False,6.0,7.0,0.8571428571428571,0.8571428571428571,1.0,False,0.8888888888888888,4.0,7.0,0.5714285714285714,0.5714285714285714,1.0,False,0.6666666666666667,4.0,6.0,0.6666666666666666,0.6666666666666666,1.0,False,0.7777777777777778
2022,AM,PSD,9,6.413768476703732,11022487.7,False,2,6,0.6666666666666666,False,6,0.6666666666666666,False,3,0.3333333333333333,False,6.0,6.0,1.0,1.0,1.0,True,1.0,3.0,6.0,0.5,0.5,1.0,False,0.6666666666666667,3.0,6.0,0.5,0.5,1.0,False,0.6666666666666667
2022,AM,PSDB,4,3.127659574468085,210000.0,False,0,3,0.75,False,3,0.75,False,1,0.25,False,3.0,3.0,1.0,1.0,1.0,True,1.0,1.0,3.0,0.3333333333333333,0.3333333333333333,1.0,False,0.5,1.0,3.0,0.3333333333333333,0.3333333333333333,1.0,False,0.5
2022,AM,PSOL,3,2.941176508862733,180810.06,False,0,3,1.0,False,3,1.0,False,1,0.3333333333333333,False,3.0,3.0,1.0,1.0,1.0,True,1.0,1.0,3.0,0.3333333333333333,0.3333333333333333,1.0,False,0.33333333333333337,1.0,3.0,0.3333333333333333,0.3333333333333333,1.0,False,0.33333333333333337
2022,AM,PT,5,3.486547300340961,4007278.51,False,0,3,0.6,False,3,0.6,False,2,0.4,False,3.0,3.0,1.0,1.0,1.0,True,1.0,2.0,3.0,0.6666666666666666,0.6666666666666666,1.0,False,0.8,2.0,3.0,0.6666666666666666,0.6666666666666666,1.0,False,0.8
2022,AM,PTB,6,3.226654670616814,502250.0,False,0,3,0.5,True,3,0.5,True,2,0.3333333333333333,False,3.0000000000000004,3.0000000000000004,1.0,1.0000000000000002,1.0000000000000002,True,1.0,2.0,3.0000000000000004,0.6666666666666665,0.6666666666666666,1.0,False,0.8333333333333334,2.0,3.0000000000000004,0.6666666666666665,0.6666666666666666,1.0,False,0.8333333333333334
2022,AM,PV,2,1.8615367260088245,100000.07,False,0,2,1.0,False,2,1.0,False,1,0.5,False,2.0,2.0,1.0,1.0,1.0,True,1.0,1.0,2.0,0.5,0.5,1.0,False,0.5,1.0,2.0,0.5,0.5,1.0,False,0.5
2022,AM,REDE,6,2.1370829774220317,1293382.8,False,0,2,0.3333333333333333,False,2,0.3333333333333333,False,2,0.3333333333333333,False,2.0,2.0,1.0,1.0,1.0,True,1.0,2.0,2.0,1.0,1.0,1.0,True,1.0,2.0,2.0,1.0,1.0,1.0,True,1.0
2022,AM,REPUBLICANOS,9,3.476080900388692,6868987.390000001,False,2,3,0.3333333333333333,False,3,0.3333333333333333,False,2,0.2222222222222222,False,3.0,3.0,1.0,1.0,1.0,True,1.0,2.0,3.0,0.6666666666666666,0.6666666666666666,1.0,False,0.8888888888888888,2.0,3.0,0.6666666666666666,0.6666666666666666,1.0,False,0.8888888888888888
2022,AM,SOLIDARIEDADE,5,4.770992366412212,250000.0,False,0,5,1.0,False,4,0.8,True,1,0.2,False,4.0,5.0,0.8,0.8,1.0,False,0.8,1.0,5.0,0.2,0.2,1.0,False,0.19999999999999996,1.0,4.0,0.25,0.25,1.0,False,0.4
2022,AM,UNIAO,9,7.784706602462247,19448227.740000002,False,2,8,0.8888888888888888,False,6,0.6666666666666666,False,7,0.7777777777777778,False,6.0,8.0,0.75,0.75,1.0,False,0.7777777777777778,7.0,8.0,0.875,0.875,1.0,False,0.8888888888888888,6.0,7.0,0.8571428571428571,1.0,0.8571428571428571,False,0.8888888888888888
2022,AP,AGIR,3,,0.0,True,0,0,0.0,False,0,0.0,False,0,0.0,False,0.0,0.0,,,,True,1.0,0.0,0.0,,,,True,1.0,0.0,0.0,,,,True,1.0
2022,AP,AVANTE,5,,0.0,True,0,0,0.0,False,0,0.0,False,0,0.0,False,0.0,0.0,,,,True,1.0,0.0,0.0,,,,True,1.0,0.0,0.0,,,,True,1.0
2022,AP,MDB,9,6.2422738133020355,5105000.0,False,2,6,0.6666666666666666,False,7,0.7777777777777778,True,2,0.2222222222222222,False,6.0,7.0,0.8571428571428571,1.0,0.8571428571428571,False,0.8888888888888888,2.0,6.0,0.3333333333333333,0.3333333333333333,1.0,False,0.5555555555555556,2.0,7.0,0.2857142857142857,0.2857142857142857,1.0,False,0.4444444444444444
2022,AP,PATRIOTA,9,8.667163584045484,500000.0,False,0,9,1.0,False,7,0.7777777777777778,True,2,0.2222222222222222,False,7.0,9.0,0.7777777777777778,0.7777777777777778,1.0,False,0.7777777777777778,2.0,9.0,0.2222222222222222,0.2222222222222222,1.0,False,0.2222222222222222,2.0,7.0,0.2857142857142857,0.2857142857142857,1.0,False,0.4444444444444444
2022,AP,PC DO B,2,1.5933954276037254,2425000.0,False,0,2,1.0,False,2,1.0,False,1,0.5,False,2.0,2.0,1.0,1.0,1.0,True,1.0,1.0,2.0,0.5,0.5,1.0,False,0.5,1.0,2.0,0.5,0.5,1.0,False,0.5
2022,AP,PCO,1,1.0,3000.0,False,0,1,1.0,False,1,1.0,False,0,0.0,False,1.0,1.0,1.0,1.0,1.0,True,1.0,0.0,1.0,0.0,0.0,,False,0.0,0.0,1.0,0.0,0.0,,False,0.0
2022,AP,PDT,9,7.770198601059861,2226380.0,False,3,8,0.8888888888888888,True,7,0.7777777777777778,False,2,0.2222222222222222,False,7.0,8.0,0.875,0.875,1.0,False,0.8888888888888888,2.0,8.0,0.25,0.25,1.0,False,0.33333333333333337,2.0,7.0,0.2857142857142857,0.2857142857142857,1.0,False,0.4444444444444444
2022,AP,PL,9,7.307505424427515,4976000.0,False,3,7,0.7777777777777778,False,6,0.6666666666666666,True,2,0.2222222222222222,False,6.0,7.0,0.8571428571428571,0.8571428571428571,1.0,False,0.888888888888889,2.0,7.0,0.2857142857142857,0.2857142857142857,1.0,False,0.4444444444444444,2.0,6.0,0.3333333333333333,0.3333333333333333,1.0,False,0.5555555555555556
2022,AP,PODE,9,5.437177856091453,4801200.0,False,0,5,0.5555555555555556,False,5,0.5555555555555556,False,3,0.3333333333333333,False,5.0,5.0,1.0,1.0,1.0,True,1.0,3.0,5.0,0.6,0.6,1.0,False,0.7777777777777778,3.0,5.0,0.6,0.6,1.0,False,0.7777777777777778
2022,AP,PP,9,3.9741235392320537,6900000.0,False,0,4,0.4444444444444444,False,4,0.4444444444444444,False,2,0.2222222222222222,False,4.0,4.0,1.0,1.0,1.0,True,1.0,2.0,4.0,0.5,0.5,1.0,False,0.7777777777777778,2.0,4.0,0.5,0.5,1.0,False,0.7777777777777778
2022,AP,PRTB,6,3.0,1303.65,False,0,3,0.5,False,3,0.5,False,3,0.5,False,3.0,3.0,1.0,1.0,1.0,True,1.0,3.0,3.0,1.0,1.0,1.0,True,1.0,3.0,3.0,1.0,1.0,1.0,True,1.0
2022,AP,PSB,5,2.251282775984944,4086000.0,False,0,2,0.4,False,2,0.4,False,2,0.4,False,2.0,2.0,1.0,1.0,1.0,True,1.0,2.0,2.0,1.0,1.0,1.0,True,1.0,2.0,2.0,1.0,1.0,1.0,True,1.0
2022,AP,PSC,9,2.1099024093682837,2499999.96,False,0,2,0.2222222222222222,False,2,0.2222222222222222,False,2,0.2222222222222222,False,2.0,2.0,1.0,1.0,1.0,True,1.0,2.0,2.0,1.0,1.0,1.0,True,1.0,2.0,2.0,1.0,1.0,1.0,True,1.0
2022,AP,PSD,9,6.9633558681179695,2118682.0,False,0,7,0.7777777777777778,False,6,0.6666666666666666,True,3,0.3333333333333333,False,6.0,7.0,0.8571428571428571,0.8571428571428571,1.0,False,0.8888888888888888,3.0,7.0,0.42857142857142855,0.42857142857142855,1.0,False,0.5555555555555556,3.0,6.0,0.5,0.5,1.0,False,0.6666666666666667
2022,AP,PSDB,7,2.827077369297097,3527720.0,False,0,3,0.42857142857142855,False,3,0.42857142857142855,False,2,0.2857142857142857,False,3.0,3.0,1.0,1.0,1.0,True,1.0,2.0,3.0,0.6666666666666666,0.6666666666666666,1.0,False,0.8571428571428572,2.0,3.0,0.6666666666666666,0.6666666666666666,1.0,False,0.8571428571428572
2022,AP,PSOL,3,1.51799917102556,1828205.81,False,0,2,0.6666666666666666,False,2,0.6666666666666666,False,1,0.3333333333333333,False,2.0,2.0,1.0,1.0,1.0,True,1.0,1.0,2.0,0.5,0.5,1.0,False,0.6666666666666667,1.0,2.0,0.5,0.5,1.0,False,0.6666666666666667
2022,AP,PT,4,3.1225842991868045,1153976.3900000001,False,0,3,0.75,False,3,0.75,False,2,0.5,False,3.0,3.0,1.0,1.0,1.0,True,1.0,2.0,3.0,0.6666666666666666,0.6666666666666666,1.0,False,0.75,2.0,3.0,0.6666666666666666,0.6666666666666666,1.0,False,0.75
2022,AP,PTB,9,4.070796243963222,7070000.0,False,0,4,0.4444444444444444,False,5,0.5555555555555556,False,2,0.2222222222222222,False,4.0,5.0,0.8,1.0,0.8,False,0.8888888888888888,2.0,4.0,0.5,0.5,1.0,False,0.7777777777777778,2.0,5.0,0.4,0.4,1.0,False,0.6666666666666667
2022,AP,PV,3,1.0,299998.7,False,0,1,0.3333333333333333,False,1,0.3333333333333333,False,1,0.3333333333333333,False,1.0,1.0,1.0,1.0,1.0,True,1.0,1.0,1.0,1.0,1.0,1.0,True,1.0,1.0,1.0,1.0,1.0,1.0,True,1.0
2022,AP,REDE,6,4.481432405080442,3850980.44,False,0,4,0.6666666666666666,False,4,0.6666666666666666,False,2,0.3333333333333333,False,4.0,4.0,1.0,1.0,1.0,True,1.0,2.0,4.0,0.5,0.5,1.0,False,0.6666666666666667,2.0,4.0,0.5,0.5,1.0,False,0.6666666666666667
2022,AP,REPUBLICANOS,8,3.464812058258373,5455164.27,False,0,3,0.375,False,3,0.375,False,3,0.375,False,3.0,3.0,1.0,1.0,1.0,True,1.0,3.0,3.0,1.0,1.0,1.0,True,1.0,3.0,3.0,1.0,1.0,1.0,True,1.0
2022,BA,AGIR,13,3.2131147540983607,56000.0,False,0,3,0.23076923076923078,True,3,0.23076923076923078,True,4,0.3076923076923077,False,2.9999999999999996,2.9999999999999996,1.0,0.9999999999999999,0.9999999999999999,True,1.0,2.9999999999999996,4.0,0.7499999999999999,0.9999999999999999,0.7499999999999999,False,0.9230769230769231,2.9999999999999996,4.0,0.7499999999999999,0.9999999999999999,0.7499999999999999,False,0.9230769230769231
2022,BA,AVANTE,26,5.645451358724222,4931400.0,False,1,6,0.23076923076923078,False,6,0.23076923076923078,False,6,0.23076923076923078,False,6.0,6.0,1.0,1.0,1.0,True,1.0,6.0,6.0,1.0,1.0,1.0,True,1.0,6.0,6.0,1.0,1.0,1.0,True,1.0
2022,BA,CIDADANIA,12,1.9746524193157915,3259398.5100000007,False,0,2,0.16666666666666666,False,2,0.16666666666666666,False,2,0.16666666666666666,False,2.0,2.0,1.0,1.0,1.0,True,1.0,2.0,2.0,1.0,1.0,1.0,True,1.0,2.0,2.0,1.0,1.0,1.0,True,1.0
2022,BA,DC,15,13.45659086973849,140164.1,False,0,13,0.8666666666666667,True,11,0.7333333333333333,True,7,0.4666666666666667,False,11.0,13.0,0.8461538461538461,0.8461538461538461,1.0,False,0.8666666666666667,7.0,13.0,0.5384615384615384,0.5384615384615384,1.0,False,0.6000000000000001,7.0,11.0,0.6363636363636364,0.6363636363636364,1.0,False,0.7333333333333334
2022,BA,MDB,39,4.40557401294181,5526376.92,False,1,4,0.10256410256410256,False,8,0.20512820512820512,False,9,0.23076923076923078,False,4.0,8.0,0.5,1.0,0.5,False,0.8974358974358975,4.0,9.0,0.4444444444444444,1.0,0.4444444444444444,False,0.8717948717948718,8.0,9.0,0.8888888888888888,1.0,0.8888888888888888,False,0.9743589743589743
2022,BA,NOVO,6,5.999999999999999,7449.180000000002,False,0,6,1.0,False,5,0.8333333333333334,True,0,0.0,False,5.0,6.0,0.8333333333333334,0.8333333333333334,1.0,False,0.8333333333333334,0.0,6.0,0.0,0.0,,False,0.0,0.0,5.0,0.0,0.0,,False,0.16666666666666663
2022,BA,PATRIOTA,24,2.7777250486834997,824000.0,False,0,3,0.125,False,2,0.08333333333333333,False,2,0.08333333333333333,False,2.0,3.0,0.6666666666666666,0.6666666666666666,1.0,False,0.9583333333333334,2.0,3.0,0.6666666666666666,0.6666666666666666,1.0,False,0.9583333333333334,2.0,2.0,1.0,1.0,1.0,True,1.0
2022,BA,PC DO B,3,2.0750179790676526,6037478.58,False,2,2,0.6666666666666666,False,2,0.6666666666666666,False,2,0.6666666666666666,False,2.0,2.0,1.0,1.0,1.0,True,1.0,2.0,2.0,1.0,1.0,1.0,True,1.0,2.0,2.0,1.0,1.0,1.0,True,1.0
2022,BA,PCB,2,,0.0,True,0,0,0.0,False,0,0.0,False,0,0.0,False,0.0,0.0,,,,True,1.0,0.0,0.0,,,,True,1.0,0.0,0.0,,,,True,1.0
2022,BA,PDT,39,9.35630649901071,6228081.77,False,2,9,0.23076923076923078,False,11,0.28205128205128205,False,8,0.20512820512820512,False,9.0,11.0,0.8181818181818182,1.0,0.8181818181818182,False,0.9487179487179487,8.0,9.0,0.8888888888888888,0.8888888888888888,1.0,False,0.9743589743589743,8.0,11.0,0.7272727272727273,0.7272727272727273,1.0,False,0.9230769230769231
2022,BA,PL,37,9.694252960797288,6529980.48,False,3,10,0.2702702702702703,False,8,0.21621621621621623,False,10,0.2702702702702703,False,8.0,10.0,0.8,0.8,1.0,False,0.9459459459459459,10.0,10.0,1.0,1.0,1.0,True,1.0,8.0,10.0,0.8,1.0,0.8,False,0.9459459459459459
2022,BA,PMB,31,30.024769916863466,14027.630000000005,False,0,30,0.967741935483871,True,24,0.7741935483870968,True,22,0.7096774193548387,False,24.0,30.0,0.8,0.8,1.0,False,0.8064516129032258,22.0,30.0,0.7333333333333333,0.7333333333333333,1.0,False,0.7419354838709677,22.0,24.0,0.9166666666666666,0.9166666666666666,1.0,False,0.935483870967742
2022,BA,PODE,39,14.16122150902664,6077237.5,False,1,14,0.358974358974359,False,17,0.4358974358974359,False,9,0.23076923076923078,False,14.0,17.0,0.8235294117647058,1.0,0.8235294117647058,False,0.9230769230769231,9.0,14.0,0.6428571428571429,0.6428571428571429,1.0,False,0.8717948717948718,9.0,17.0,0.5294117647058824,0.5294117647058824,1.0,False,0.7948717948717949
2022,BA,PP,38,13.273462548323685,20060000.0,False,4,13,0.34210526315789475,True,11,0.2894736842105263,False,10,0.2631578947368421,False,11.0,12.999999999999998,0.8461538461538463,0.8461538461538461,1.0,False,0.9473684210526316,10.0,12.999999999999998,0.7692307692307694,0.7692307692307693,1.0,False,0.9210526315789473,10.0,11.0,0.9090909090909091,0.9090909090909091,1.0,False,0.9736842105263158
2022,BA,PROS,23,7.1459084160093855,1950930.0,False,0,7,0.30434782608695654,True,6,0.2608695652173913,False,8,0.34782608695652173,False,6.0,7.0,0.8571428571428571,0.8571428571428571,1.0,False,0.9565217391304348,7.0,8.0,0.875,1.0,0.875,False,0.9565217391304348,6.0,8.0,0.75,1.0,0.75,False,0.9130434782608696
2022,BA,PRTB,11,2.0,12420.0,False,0,2,0.18181818181818182,False,2,0.18181818181818182,False,2,0.18181818181818182,False,2.0,2.0,1.0,1.0,1.0,True,1.0,2.0,2.0,1.0,1.0,1.0,True,1.0,2.0,2.0,1.0,1.0,1.0,True,1.0
2022,BA,PSB,30,3.1512483176388195,5608089.539999998,False,1,3,0.1,False,6,0.2,False,4,0.13333333333333333,False,3.0,6.0,0.5,1.0,0.5,False,0.9,3.0,4.0,0.75,1.0,0.75,False,0.9666666666666667,4.0,6.0,0.6666666666666666,0.6666666666666666,1.0,False,0.9333333333333333
2022,BA,PSC,38,4.973624133991758,5589660.0,False,0,5,0.13157894736842105,False,5,0.13157894736842105,False,5,0.13157894736842105,False,5.0,5.0,1.0,1.0,1.0,True,1.0,5.0,5.0,1.0,1.0,1.0,True,1.0,5.0,5.0,1.0,1.0,1.0,True,1.0
2022,BA,PSD,13,10.876176457338207,18325163.77,False,6,11,0.8461538461538461,False,8,0.6153846153846154,False,8,0.6153846153846154,False,8.0,11.0,0.7272727272727273,0.7272727272727273,1.0,False,0.7692307692307692,8.0,11.0,0.7272727272727273,0.7272727272727273,1.0,False,0.7692307692307692,8.0,8.0,1.0,1.0,1.0,True,1.0
2022,BA,PSDB,17,3.8051802736381384,5999400.0,False,1,4,0.23529411764705882,True,5,0.29411764705882354,False,2,0.11764705882352941,False,4.0,5.0,0.8,1.0,0.8,False,0.9411764705882353,2.0,4.0,0.5,0.5,1.0,False,0.8823529411764706,2.0,5.0,0.4,0.4,1.0,False,0.8235294117647058
2022,BA,PSOL,27,16.379922668795693,1130324.22,False,0,16,0.5925925925925926,True,16,0.5925925925925926,True,10,0.37037037037037035,False,16.0,16.0,1.0,1.0,1.0,True,1.0,10.0,16.0,0.625,0.625,1.0,False,0.7777777777777778,10.0,16.0,0.625,0.625,1.0,False,0.7777777777777778
2022,BA,PT,26,15.512890052380074,25372596.42,False,7,16,0.6153846153846154,False,11,0.4230769230769231,False,11,0.4230769230769231,False,11.0,16.0,0.6875,0.6875,1.0,False,0.8076923076923077,11.0,16.0,0.6875,0.6875,1.0,False,0.8076923076923077,11.0,11.0,1.0,1.0,1.0,True,1.0
2022,BA,PTB,36,5.090969290621638,992000.0,False,0,5,0.1388888888888889,True,9,0.25,True,7,0.19444444444444445,False,5.0,9.0,0.5555555555555556,1.0,0.5555555555555556,False,0.8888888888888888,5.0,7.0,0.7142857142857143,1.0,0.7142857142857143,False,0.9444444444444444,7.0,9.0,0.7777777777777778,0.7777777777777778,1.0,False,0.9444444444444444
2022,BA,PV,3,1.2514026001614889,2373624.52,False,1,1,0.3333333333333333,False,1,0.3333333333333333,False,1,0.3333333333333333,False,1.0,1.0,1.0,1.0,1.0,True,1.0,1.0,1.0,1.0,1.0,1.0,True,1.0,1.0,1.0,1.0,1.0,1.0,True,1.0
2022,BA,REDE,13,7.68586039432578,656831.0,False,0,8,0.6153846153846154,True,6,0.46153846153846156,True,5,0.38461538461538464,False,6.0,8.0,0.75,0.75,1.0,False,0.8461538461538461,5.0,8.0,0.625,0.625,1.0,False,0.7692307692307692,5.0,6.0,0.8333333333333334,0.8333333333333334,1.0,False,0.9230769230769231
2022,BA,REPUBLICANOS,40,13.819603885140065,12106634.44,False,3,14,0.35,False,12,0.3,False,12,0.3,False,12.0,14.0,0.8571428571428571,0.8571428571428571,1.0,False,0.95,12.0,14.0,0.8571428571428571,0.8571428571428571,1.0,False,0.95,12.0,12.0,1.0,1.0,1.0,True,1.0
2022,BA,SOLIDARIEDADE,33,13.677313567829454,2982352.78,False,0,14,0.42424242424242425,False,16,0.48484848484848486,False,8,0.24242424242424243,False,14.0,16.0,0.875,1.0,0.875,False,0.9393939393939394,8.0,14.0,0.5714285714285714,0.5714285714285714,1.0,False,0.8181818181818181,8.0,16.0,0.5,0.5,1.0,False,0.7575757575757576
2022,BA,UNIAO,34,19.77593783264402,46861588.400000006,False,6,20,0.5882352941176471,False,15,0.4411764705882353,False,13,0.38235294117647056,False,15.0,20.0,0.75,0.75,1.0,False,0.8529411764705882,13.0,20.0,0.65,0.65,1.0,False,0.7941176470588236,13.0,15.0,0.8666666666666667,0.8666666666666667,1.0,False,0.9411764705882353
2022,BA,UP,1,1.0,73500.0,False,0,1,1.0,False,1,1.0,False,0,0.0,False,1.0,1.0,1.0,1.0,1.0,True,1.0,0.0,1.0,0.0,0.0,,False,0.0,0.0,1.0,0.0,0.0,,False,0.0
2022,CE,AGIR,14,12.448249571934388,81177.46,False,0,12,0.8571428571428571,False,10,0.7142857142857143,True,6,0.42857142857142855,False,10.0,12.0,0.8333333333333334,0.8333333333333334,1.0,False,0.8571428571428571,6.0,12.0,0.5,0.5,1.0,False,0.5714285714285714,6.0,10.0,0.6,0.6,1.0,False,0.7142857142857143
2022,CE,AVANTE,23,16.816156670746636,3210000.0,False,0,17,0.7391304347826086,True,15,0.6521739130434783,True,9,0.391304347826087,False,15.0,17.0,0.8823529411764706,0.8823529411764706,1.0,False,0.9130434782608696,9.0,17.0,0.5294117647058824,0.5294117647058824,1.0,False,0.6521739130434783,9.0,15.0,0.6,0.6,1.0,False,0.7391304347826086
2022,CE,CIDADANIA,3,1.156954829141692,2370000.0,False,0,1,0.3333333333333333,False,1,0.3333333333333333,False,1,0.3333333333333333,False,1.0,1.0,1.0,1.0,1.0,True,1.0,1.0,1.0,1.0,1.0,1.0,True,1.0,1.0,1.0,1.0,1.0,1.0,True,1.0
2022,CE,MDB,22,3.5436763085474716,5466759.96,False,1,4,0.18181818181818182,False,5,0.22727272727272727,False,4,0.18181818181818182,False,4.0,5.0,0.8,1.0,0.8,False,0.9545454545454546,4.0,4.0,1.0,1.0,1.0,True,1.0,4.0,5.0,0.8,0.8,1.0,False,0.9545454545454546
2022,CE,NOVO,1,1.0,1241.5300000000002,False,0,1,1.0,False,1,1.0,False,0,0.0,False,1.0,1.0,1.0,1.0,1.0,True,1.0,0.0,1.0,0.0,0.0,,False,0.0,0.0,1.0,0.0,0.0,,False,0.0
2022,CE,PATRIOTA,17,15.517241379310349,300000.0,False,0,16,0.9411764705882353,True,12,0.7058823529411765,True,10,0.5882352941176471,False,12.0,16.0,0.75,0.75,1.0,False,0.7647058823529411,10.0,16.0,0.625,0.625,1.0,False,0.6470588235294117,10.0,12.0,0.8333333333333334,0.8333333333333334,1.0,False,0.8823529411764706
2022,CE,PC DO B,2,1.0541974302150672,3030000.0,False,0,1,0.5,False,1,0.5,False,1,0.5,False,1.0,1.0,1.0,1.0,1.0,True,1.0,1.0,1.0,1.0,1.0,1.0,True,1.0,1.0,1.0,1.0,1.0,1.0,True,1.0
2022,CE,PCB,2,,0.0,True,0,0,0.0,False,0,0.0,False,0,0.0,False,0.0,0.0,,,,True,1.0,0.0,0.0,,,,True,1.0,0.0,0.0,,,,True,1.0
2022,CE,PCO,1,1.0,3000.0,False,0,1,1.0,False,1,1.0,False,0,0.0,False,1.0,1.0,1.0,1.0,1.0,True,1.0,0.0,1.0,0.0,0.0,,False,0.0,0.0,1.0,0.0,0.0,,False,0.0
2022,CE,PDT,19,9.164915648732523,10494670.0,False,5,9,0.47368421052631576,False,7,0.3684210526315789,False,7,0.3684210526315789,False,7.0,9.0,0.7777777777777778,0.7777777777777778,1.0,False,0.8947368421052632,7.0,9.0,0.7777777777777778,0.7777777777777778,1.0,False,0.8947368421052632,7.0,7.0,1.0,1.0,1.0,True,1.0
2022,CE,PL,18,6.85948869585589,11083966.38,False,5,7,0.3888888888888889,False,6,0.3333333333333333,False,5,0.2777777777777778,False,6.0,7.0,0.8571428571428571,0.8571428571428571,1.0,False,0.9444444444444444,5.0,7.0,0.7142857142857143,0.7142857142857143,1.0,False,0.8888888888888888,5.0,6.0,0.8333333333333334,0.8333333333333334,1.0,False,0.9444444444444444
2022,CE,PMB,8,7.981900452488689,16800.0,False,0,8,1.0,False,7,0.875,True,4,0.5,False,7.0,8.0,0.875,0.875,1.0,False,0.875,4.0,8.0,0.5,0.5,1.0,False,0.5,4.0,7.0,0.5714285714285714,0.5714285714285714,1.0,False,0.625
2022,CE,PMN,8,3.507255262620069,1310000.0,False,0,4,0.5,False,3,0.375,False,3,0.375,False,3.0,4.0,0.75,0.75,1.0,False,0.875,3.0,4.0,0.75,0.75,1.0,False,0.875,3.0,3.0,1.0,1.0,1.0,True,1.0
2022,CE,PODE,18,15.985636311428953,382964.67999999993,False,0,16,0.8888888888888888,False,13,0.7222222222222222,True,15,0.8333333333333334,False,13.0,16.0,0.8125,0.8125,1.0,False,0.8333333333333334,15.0,16.0,0.9375,0.9375,1.0,False,0.9444444444444444,13.0,15.0,0.8666666666666667,1.0,0.8666666666666667,False,0.8888888888888888
2022,CE,PP,16,6.835913459988796,4631156.37,False,1,7,0.4375,False,6,0.375,False,5,0.3125,False,6.0,7.0,0.8571428571428571,0.8571428571428571,1.0,False,0.9375,5.0,7.0,0.7142857142857143,0.7142857142857143,1.0,False,0.875,5.0,6.0,0.8333333333333334,0.8333333333333334,1.0,False,0.9375
2022,CE,PROS,12,,0.0,True,0,0,0.0,False,0,0.0,False,0,0.0,False,0.0,0.0,,,,True,1.0,0.0,0.0,,,,True,1.0,0.0,0.0,,,,True,1.0
2022,CE,PSB,22,6.3480909920724375,7072305.0,False,0,6,0.2727272727272727,False,10,0.45454545454545453,False,6,0.2727272727272727,False,6.0,10.0,0.6,1.0,0.6,False,0.8181818181818181,6.0,6.0,1.0,1.0,1.0,True,1.0,6.0,10.0,0.6,0.6,1.0,False,0.8181818181818181
2022,CE,PSC,18,10.570824524312895,500000.0,False,0,11,0.6111111111111112,True,9,0.5,True,6,0.3333333333333333,False,9.0,11.0,0.8181818181818182,0.8181818181818182,1.0,False,0.8888888888888888,6.0,11.0,0.5454545454545454,0.5454545454545454,1.0,False,0.7222222222222222,6.0,9.0,0.6666666666666666,0.6666666666666666,1.0,False,0.8333333333333334
2022,CE,PSD,17,7.762879105995708,8299700.0,False,3,8,0.47058823529411764,False,7,0.4117647058823529,False,6,0.35294117647058826,False,7.0,8.0,0.875,0.875,1.0,False,0.9411764705882353,6.0,8.0,0.75,0.75,1.0,False,0.8823529411764706,6.0,7.0,0.8571428571428571,0.8571428571428571,1.0,False,0.9411764705882353
2022,CE,PSDB,11,2.3112356452400986,2377134.5999999996,False,0,2,0.18181818181818182,False,2,0.18181818181818182,False,2,0.18181818181818182,False,2.0,2.0,1.0,1.0,1.0,True,1.0,2.0,2.0,1.0,1.0,1.0,True,1.0,2.0,2.0,1.0,1.0,1.0,True,1.0
2022,CE,PSOL,18,11.950779844472919,1494667.19,False,0,12,0.6666666666666666,False,9,0.5,False,7,0.3888888888888889,False,9.0,12.0,0.75,0.75,1.0,False,0.8333333333333334,7.0,12.0,0.5833333333333334,0.5833333333333334,1.0,False,0.7222222222222222,7.0,9.0,0.7777777777777778,0.7777777777777778,1.0,False,0.8888888888888888
2022,CE,PT,15,5.166959947935653,8184787.68,False,3,5,0.3333333333333333,False,4,0.26666666666666666,False,4,0.26666666666666666,False,4.0,5.0,0.8,0.8,1.0,False,0.9333333333333333,4.0,5.0,0.8,0.8,1.0,False,0.9333333333333333,4.0,4.0,1.0,1.0,1.0,True,1.0
2022,CE,PTB,19,3.218667606549798,762489.0,False,0,3,0.15789473684210525,False,3,0.15789473684210525,False,3,0.15789473684210525,False,3.0,3.0,1.0,1.0,1.0,True,1.0,3.0,3.0,1.0,1.0,1.0,True,1.0,3.0,3.0,1.0,1.0,1.0,True,1.0
2022,CE,PV,2,1.4955015132228402,272371.53,False,0,1,0.5,False,2,1.0,False,1,0.5,False,1.0,2.0,0.5,1.0,0.5,False,0.5,1.0,1.0,1.0,1.0,1.0,True,1.0,1.0,2.0,0.5,0.5,1.0,False,0.5
2022,CE,REDE,4,2.0022720667546263,994230.0,False,0,2,0.5,False,2,0.5,False,2,0.5,False,2.0,2.0,1.0,1.0,1.0,True,1.0,2.0,2.0,1.0,1.0,1.0,True,1.0,2.0,2.0,1.0,1.0,1.0,True,1.0
2022,CE,REPUBLICANOS,16,7.441140984218664,4617498.779999999,False,0,7,0.4375,False,7,0.4375,False,4,0.25,False,7.0,7.0,1.0,1.0,1.0,True,1.0,4.0,7.0,0.5714285714285714,0.5714285714285714,1.0,False,0.8125,4.0,7.0,0.5714285714285714,0.5714285714285714,1.0,False,0.8125
2022,CE,UNIAO,23,12.949579270461577,26729053.960000005,False,4,13,0.5652173913043478,False,10,0.43478260869565216,False,9,0.391304347826087,False,10.0,13.0,0.7692307692307693,0.7692307692307693,1.0,False,0.8695652173913043,9.0,13.0,0.6923076923076923,0.6923076923076923,1.0,False,0.8260869565217391,9.0,10.0,0.9,0.9,1.0,False,0.9565217391304348
2022,CE,UP,1,1.0,10000.0,False,0,1,1.0,False,1,1.0,False,0,0.0,False,1.0,1.0,1.0,1.0,1.0,True,1.0,0.0,1.0,0.0,0.0,,False,0.0,0.0,1.0,0.0,0.0,,False,0.0
2022,DF,AGIR,8,5.103379108156765,953199.1400000001,False,0,5,0.625,False,4,0.5,False,5,0.625,False,4.0,5.0,0.8,0.8,1.0,False,0.875,5.0,5.0,1.0,1.0,1.0,True,1.0,4.0,5.0,0.8,1.0,0.8,False,0.875
2022,DF,AVANTE,9,4.369343443234091,118333.31000000001,False,0,4,0.4444444444444444,True,3,0.3333333333333333,False,3,0.3333333333333333,False,3.0,4.0,0.75,0.75,1.0,False,0.8888888888888888,3.0,4.0,0.75,0.75,1.0,False,0.8888888888888888,3.0,3.0,1.0,1.0,1.0,True,1.0
2022,DF,CIDADANIA,6,2.9893948440627525,983000.0,False,0,3,0.5,True,3,0.5,True,2,0.3333333333333333,False,3.0,3.0,1.0,1.0,1.0,True,1.0,2.0,3.0,0.6666666666666666,0.6666666666666666,1.0,False,0.8333333333333334,2.0,3.0,0.6666666666666666,0.6666666666666666,1.0,False,0.8333333333333334
2022,DF,DC,9,7.198169401913956,99558.84,False,0,7,0.7777777777777778,False,6,0.6666666666666666,False,4,0.4444444444444444,False,6.0,7.0,0.8571428571428571,0.8571428571428571,1.0,False,0.8888888888888888,4.0,7.0,0.5714285714285714,0.5714285714285714,1.0,False,0.6666666666666667,4.0,6.0,0.6666666666666666,0.6666666666666666,1.0,False,0.7777777777777778
2022,DF,MDB,8,3.734783292941858,5482248.220000001,False,1,4,0.5,False,5,0.625,False,1,0.125,False,4.0,5.0,0.8,1.0,0.8,False,0.875,1.0,4.0,0.25,0.25,1.0,False,0.625,1.0,5.0,0.2,0.2,1.0,False,0.5
2022,DF,NOVO,6,1.2183014959584892,222449.18,False,0,1,0.16666666666666666,False,1,0.16666666666666666,False,1,0.16666666666666666,False,1.0,1.0,1.0,1.0,1.0,True,1.0,1.0,1.0,1.0,1.0,1.0,True,1.0,1.0,1.0,1.0,1.0,1.0,True,1.0
2022,DF,PATRIOTA,7,2.0723523243621114,385000.0,False,0,2,0.2857142857142857,False,2,0.2857142857142857,False,1,0.14285714285714285,False,2.0,2.0,1.0,1.0,1.0,True,1.0,1.0,2.0,0.5,0.5,1.0,False,0.8571428571428572,1.0,2.0,0.5,0.5,1.0,False,0.8571428571428572
2022,DF,PC DO B,2,1.7952423553644345,723895.39,False,0,2,1.0,False,2,1.0,False,1,0.5,False,2.0,2.0,1.0,1.0,1.0,True,1.0,1.0,2.0,0.5,0.5,1.0,False,0.5,1.0,2.0,0.5,0.5,1.0,False,0.5
2022,DF,PCO,5,5.000000000000001,60454.55,False,0,5,1.0,False,4,0.8,True,0,0.0,False,4.0,5.0,0.8,0.8,1.0,False,0.8,0.0,5.0,0.0,0.0,,False,0.0,0.0,4.0,0.0,0.0,,False,0.19999999999999996
2022,DF,PDT,9,8.635317402287955,405410.0,False,0,9,1.0,False,7,0.7777777777777778,False,3,0.3333333333333333,False,7.0,9.0,0.7777777777777778,0.7777777777777778,1.0,False,0.7777777777777778,3.0,9.0,0.3333333333333333,0.3333333333333333,1.0,False,0.33333333333333337,3.0,7.0,0.42857142857142855,0.42857142857142855,1.0,False,0.5555555555555556
2022,DF,PL,8,4.065536105106736,5311250.0,False,2,4,0.5,False,4,0.5,False,2,0.25,False,4.0,4.0,1.0,1.0,1.0,True,1.0,2.0,4.0,0.5,0.5,1.0,False,0.75,2.0,4.0,0.5,0.5,1.0,False,0.75
2022,DF,PMN,9,1.412425105142643,724738.24,False,0,1,0.1111111111111111,False,1,0.1111111111111111,False,2,0.2222222222222222,False,1.0,1.0,1.0,1.0,1.0,True,1.0,1.0,2.0,0.5,1.0,0.5,False,0.8888888888888888,1.0,2.0,0.5,1.0,0.5,False,0.8888888888888888
2022,DF,PODE,9,6.693175992058314,917294.0,False,0,7,0.7777777777777778,False,6,0.6666666666666666,False,3,0.3333333333333333,False,6.0,7.0,0.8571428571428571,0.8571428571428571,1.0,False,0.8888888888888888,3.0,7.0,0.42857142857142855,0.42857142857142855,1.0,False,0.5555555555555556,3.0,6.0,0.5,0.5,1.0,False,0.6666666666666667
2022,DF,PP,9,7.248694753885331,9875430.0,False,0,7,0.7777777777777778,False,6,0.6666666666666666,False,4,0.4444444444444444,False,6.0,7.0,0.8571428571428571,0.8571428571428571,1.0,False,0.8888888888888888,4.0,7.0,0.5714285714285714,0.5714285714285714,1.0,False,0.6666666666666667,4.0,6.0,0.6666666666666666,0.6666666666666666,1.0,False,0.7777777777777778
2022,DF,PROS,8,1.7536231884057971,550000.0,False,0,2,0.25,False,2,0.25,False,2,0.25,False,2.0,2.0,1.0,1.0,1.0,True,1.0,2.0,2.0,1.0,1.0,1.0,True,1.0,2.0,2.0,1.0,1.0,1.0,True,1.0
2022,DF,PRTB,3,2.49777217350299,5148.25,False,0,2,0.6666666666666666,True,3,1.0,False,1,0.3333333333333333,False,2.0,3.0,0.6666666666666666,1.0,0.6666666666666666,False,0.6666666666666667,1.0,2.0,0.5,0.5,1.0,False,0.6666666666666667,1.0,3.0,0.3333333333333333,0.3333333333333333,1.0,False,0.33333333333333337
2022,DF,PSB,9,3.527660428396637,6856210.5,False,0,4,0.4444444444444444,False,4,0.4444444444444444,False,2,0.2222222222222222,False,4.0,4.0,1.0,1.0,1.0,True,1.0,2.0,4.0,0.5,0.5,1.0,False,0.7777777777777778,2.0,4.0,0.5,0.5,1.0,False,0.7777777777777778
2022,DF,PSC,9,7.074084144078115,218800.0,False,0,7,0.7777777777777778,True,6,0.6666666666666666,False,4,0.4444444444444444,False,6.0,7.0,0.8571428571428571,0.8571428571428571,1.0,False,0.8888888888888888,4.0,7.0,0.5714285714285714,0.5714285714285714,1.0,False,0.6666666666666667,4.0,6.0,0.6666666666666666,0.6666666666666666,1.0,False,0.7777777777777778
2022,DF,PSD,9,7.742627345844505,3800000.0,False,0,8,0.8888888888888888,False,6,0.6666666666666666,False,5,0.5555555555555556,False,6.0,8.0,0.75,0.75,1.0,False,0.7777777777777778,5.0,8.0,0.625,0.625,1.0,False,0.6666666666666667,5.0,6.0,0.8333333333333334,0.8333333333333334,1.0,False,0.8888888888888888
2022,DF,PSDB,3,1.0332315228299929,1835016.0,False,0,1,0.3333333333333333,False,1,0.3333333333333333,False,1,0.3333333333333333,False,1.0,1.0,1.0,1.0,1.0,True,1.0,1.0,1.0,1.0,1.0,1.0,True,1.0,1.0,1.0,1.0,1.0,1.0,True,1.0
2022,DF,PSOL,6,5.390811286521426,766262.03,False,0,5,0.8333333333333334,False,5,0.8333333333333334,False,3,0.5,False,5.0,5.0,1.0,1.0,1.0,True,1.0,3.0,5.0,0.6,0.6,1.0,False,0.6666666666666667,3.0,5.0,0.6,0.6,1.0,False,0.6666666666666667
2022,DF,PSTU,2,2.0,5160.0,False,0,2,1.0,False,2,1.0,False,0,0.0,False,2.0,2.0,1.0,1.0,1.0,True,1.0,0.0,2.0,0.0,0.0,,False,0.0,0.0,2.0,0.0,0.0,,False,0.0
2022,DF,PT,4,2.444794703094549,3913577.73,False,1,2,0.5,False,3,0.75,False,1,0.25,False,2.0,3.0,0.6666666666666666,1.0,0.6666666666666666,False,0.75,1.0,2.0,0.5,0.5,1.0,False,0.75,1.0,3.0,0.3333333333333333,0.3333333333333333,1.0,False,0.5
2022,DF,PTB,9,4.833957553058677,440000.0,False,0,5,0.5555555555555556,True,4,0.4444444444444444,False,4,0.4444444444444444,False,4.0,5.0,0.8,0.8,1.0,False,0.8888888888888888,4.0,5.0,0.8,0.8,1.0,False,0.8888888888888888,4.0,4.0,1.0,1.0,1.0,True,1.0
2022,DF,PV,2,1.4612567963872953,883525.7,False,1,1,0.5,False,1,0.5,False,1,0.5,False,1.0,1.0,1.0,1.0,1.0,True,1.0,1.0,1.0,1.0,1.0,1.0,True,1.0,1.0,1.0,1.0,1.0,1.0,True,1.0
2022,DF,REDE,3,2.9614361613649436,755625.03,False,0,3,1.0,False,3,1.0,False,2,0.6666666666666666,False,3.0,3.0,1.0,1.0,1.0,True,1.0,2.0,3.0,0.6666666666666666,0.6666666666666666,1.0,False,0.6666666666666667,2.0,3.0,0.6666666666666666,0.6666666666666666,1.0,False,0.6666666666666667
2022,DF,REPUBLICANOS,9,7.008812396821059,5311415.510000001,False,3,7,0.7777777777777778,False,6,0.6666666666666666,False,2,0.2222222222222222,False,6.0,7.0,0.8571428571428571,0.8571428571428571,1.0,False,0.8888888888888888,2.0,7.0,0.2857142857142857,0.2857142857142857,1.0,False,0.4444444444444444,2.0,6.0,0.3333333333333333,0.3333333333333333,1.0,False,0.5555555555555556
2022,DF,SOLIDARIEDADE,7,2.9570957095709574,112000.0,False,0,3,0.42857142857142855,False,3,0.42857142857142855,False,3,0.42857142857142855,False,3.0,3.0,1.0,1.0,1.0,True,1.0,3.0,3.0,1.0,1.0,1.0,True,1.0,3.0,3.0,1.0,1.0,1.0,True,1.0
2022,DF,UNIAO,9,5.794641838282083,8084435.47,False,0,6,0.6666666666666666,False,5,0.5555555555555556,False,3,0.3333333333333333,False,5.0,6.0,0.8333333333333334,0.8333333333333334,1.0,False,0.8888888888888888,3.0,6.0,0.5,0.5,1.0,False,0.6666666666666667,3.0,5.0,0.6,0.6,1.0,False,0.7777777777777778
2022,DF,UP,1,1.0,26078.7,False,0,1,1.0,False,1,1.0,False,0,0.0,False,1.0,1.0,1.0,1.0,1.0,True,1.0,0.0,1.0,0.0,0.0,,False,0.0,0.0,1.0,0.0,0.0,,False,0.0
2022,ES,AGIR,3,,0.0,True,0,0,0.0,False,0,0.0,False,0,0.0,False,0.0,0.0,,,,True,1.0,0.0,0.0,,,,True,1.0,0.0,0.0,,,,True,1.0
2022,ES,AVANTE,7,1.0,2142.0,False,0,1,0.14285714285714285,False,1,0.14285714285714285,False,1,0.14285714285714285,False,1.0,1.0,1.0,1.0,1.0,True,1.0,1.0,1.0,1.0,1.0,1.0,True,1.0,1.0,1.0,1.0,1.0,1.0,True,1.0
2022,ES,CIDADANIA,2,1.0,250000.0,False,0,1,0.5,False,1,0.5,False,1,0.5,False,1.0,1.0,1.0,1.0,1.0,True,1.0,1.0,1.0,1.0,1.0,1.0,True,1.0,1.0,1.0,1.0,1.0,1.0,True,1.0
2022,ES,DC,8,7.78833034823777,90887.2,False,0,8,1.0,False,6,0.75,False,4,0.5,False,6.0,8.0,0.75,0.75,1.0,False,0.75,4.0,8.0,0.5,0.5,1.0,False,0.5,4.0,6.0,0.6666666666666666,0.6666666666666666,1.0,False,0.75
2022,ES,NOVO,1,1.0,117672.77,False,0,1,1.0,False,1,1.0,False,0,0.0,False,1.0,1.0,1.0,1.0,1.0,True,1.0,0.0,1.0,0.0,0.0,,False,0.0,0.0,1.0,0.0,0.0,,False,0.0
2022,ES,PATRIOTA,11,6.486677462093331,3060000.0,False,0,6,0.5454545454545454,False,7,0.6363636363636364,False,3,0.2727272727272727,False,6.0,7.0,0.8571428571428571,1.0,0.8571428571428571,False,0.9090909090909091,3.0,6.0,0.5,0.5,1.0,False,0.7272727272727273,3.0,7.0,0.42857142857142855,0.42857142857142855,1.0,False,0.6363636363636364
2022,ES,PC DO B,2,1.0506004803843076,405000.0,False,0,1,0.5,False,1,0.5,False,1,0.5,False,1.0,1.0,1.0,1.0,1.0,True,1.0,1.0,1.0,1.0,1.0,1.0,True,1.0,1.0,1.0,1.0,1.0,1.0,True,1.0
2022,ES,PDT,11,3.5538809504249125,3371200.0,False,0,4,0.36363636363636365,True,5,0.45454545454545453,True,2,0.18181818181818182,False,4.0,5.0,0.8,1.0,0.8,False,0.9090909090909091,2.0,4.0,0.5,0.5,1.0,False,0.8181818181818181,2.0,5.0,0.4,0.4,1.0,False,0.7272727272727273
2022,ES,PL,11,10.94166177638165,1126000.0,False,1,11,1.0,False,9,0.8181818181818182,True,1,0.09090909090909091,False,9.000000000000002,11.0,0.8181818181818183,0.8181818181818183,1.0000000000000002,False,0.8181818181818182,1.0,11.0,0.09090909090909091,0.09090909090909091,1.0,False,0.09090909090909094,1.0,9.000000000000002,0.11111111111111109,0.1111111111111111,1.0,False,0.2727272727272727
2022,ES,PMB,6,,0.0,True,0,0,0.0,False,0,0.0,False,0,0.0,False,0.0,0.0,,,,True,1.0,0.0,0.0,,,,True,1.0,0.0,0.0,,,,True,1.0
2022,ES,PODE,11,7.507495333912962,7452100.0,False,2,8,0.7272727272727273,False,7,0.6363636363636364,False,3,0.2727272727272727,False,7.0,8.0,0.875,0.875,1.0,False,0.9090909090909091,3.0,8.0,0.375,0.375,1.0,False,0.5454545454545454,3.0,7.0,0.42857142857142855,0.42857142857142855,1.0,False,0.6363636363636364
2022,ES,PP,11,8.796905544572555,12677080.0,False,2,9,0.8181818181818182,False,7,0.6363636363636364,False,6,0.5454545454545454,False,7.0,9.0,0.7777777777777778,0.7777777777777778,1.0,False,0.8181818181818181,6.0,9.0,0.6666666666666666,0.6666666666666666,1.0,False,0.7272727272727273,6.0,7.0,0.8571428571428571,0.8571428571428571,1.0,False,0.9090909090909091
2022,ES,PRTB,8,,0.0,True,0,0,0.0,False,0,0.0,False,0,0.0,False,0.0,0.0,,,,True,1.0,0.0,0.0,,,,True,1.0,0.0,0.0,,,,True,1.0
2022,ES,PSB,11,6.850435913534023,9925202.5,False,1,7,0.6363636363636364,False,6,0.5454545454545454,False,5,0.45454545454545453,False,6.0,7.0,0.8571428571428571,0.8571428571428571,1.0,False,0.9090909090909091,5.0,7.0,0.7142857142857143,0.7142857142857143,1.0,False,0.8181818181818181,5.0,6.0,0.8333333333333334,0.8333333333333334,1.0,False,0.9090909090909091
2022,ES,PSC,10,3.762386248736097,6100000.0,False,0,4,0.4,False,4,0.4,False,3,0.3,False,4.0,4.0,1.0,1.0,1.0,True,1.0,3.0,4.0,0.75,0.75,1.0,False,0.9,3.0,4.0,0.75,0.75,1.0,False,0.9
2022,ES,PSD,5,3.142857142857143,110000.0,False,0,3,0.6,False,3,0.6,False,2,0.4,False,3.0,3.0,1.0,1.0,1.0,True,1.0,2.0,3.0,0.6666666666666666,0.6666666666666666,1.0,False,0.8,2.0,3.0,0.6666666666666666,0.6666666666666666,1.0,False,0.8
2022,ES,PSDB,9,5.51722294038899,4945600.0,False,0,6,0.6666666666666666,False,4,0.4444444444444444,False,4,0.4444444444444444,False,4.0,6.0,0.6666666666666666,0.6666666666666666,1.0,False,0.7777777777777778,4.0,6.0,0.6666666666666666,0.6666666666666666,1.0,False,0.7777777777777778,4.0,4.0,1.0,1.0,1.0,True,1.0
2022,ES,PSOL,3,2.7475860279477535,230733.06,False,0,3,1.0,False,2,0.6666666666666666,False,2,0.6666666666666666,False,2.0,3.0,0.6666666666666666,0.6666666666666666,1.0,False,0.6666666666666667,2.0,3.0,0.6666666666666666,0.6666666666666666,1.0,False,0.6666666666666667,2.0,2.0,1.0,1.0,1.0,True,1.0
2022,ES,PT,7,2.948306201490935,3537506.9699999997,False,2,3,0.42857142857142855,False,3,0.42857142857142855,False,2,0.2857142857142857,False,3.0,3.0,1.0,1.0,1.0,True,1.0,2.0,3.0,0.6666666666666666,0.6666666666666666,1.0,False,0.8571428571428572,2.0,3.0,0.6666666666666666,0.6666666666666666,1.0,False,0.8571428571428572
2022,ES,PTB,11,3.292964371014155,5948021.2,False,0,3,0.2727272727272727,False,3,0.2727272727272727,False,2,0.18181818181818182,False,3.0,3.0,1.0,1.0,1.0,True,1.0,2.0,3.0,0.6666666666666666,0.6666666666666666,1.0,False,0.9090909090909091,2.0,3.0,0.6666666666666666,0.6666666666666666,1.0,False,0.9090909090909091
2022,ES,PV,2,1.996718322698268,148000.0,False,0,2,1.0,False,2,1.0,False,1,0.5,False,2.0,2.0,1.0,1.0,1.0,True,1.0,1.0,2.0,0.5,0.5,1.0,False,0.5,1.0,2.0,0.5,0.5,1.0,False,0.5
2022,ES,REDE,8,4.7262717546319175,1491227.46,False,0,5,0.625,False,5,0.625,False,1,0.125,False,5.0,5.0,1.0,1.0,1.0,True,1.0,1.0,5.0,0.2,0.2,1.0,False,0.5,1.0,5.0,0.2,0.2,1.0,False,0.5
2022,ES,REPUBLICANOS,11,5.505107542243422,6795000.0,False,2,6,0.5454545454545454,False,5,0.45454545454545453,False,5,0.45454545454545453,False,5.0,6.0,0.8333333333333334,0.8333333333333334,1.0,False,0.9090909090909091,5.0,6.0,0.8333333333333334,0.8333333333333334,1.0,False,0.9090909090909091,5.0,5.0,1.0,1.0,1.0,True,1.0
2022,ES,SOLIDARIEDADE,5,2.6264591439688716,225000.0,False,0,3,0.6,False,2,0.4,False,2,0.4,False,2.0,3.0,0.6666666666666666,0.6666666666666666,1.0,False,0.8,2.0,3.0,0.6666666666666666,0.6666666666666666,1.0,False,0.8,2.0,2.0,1.0,1.0,1.0,True,1.0
2022,ES,UNIAO,11,8.606649358261999,7660030.0,False,0,9,0.8181818181818182,False,8,0.7272727272727273,False,4,0.36363636363636365,False,8.0,9.0,0.8888888888888888,0.8888888888888888,1.0,False,0.9090909090909091,4.0,9.0,0.4444444444444444,0.4444444444444444,1.0,False,0.5454545454545454,4.0,8.0,0.5,0.5,1.0,False,0.6363636363636364
2022,GO,AGIR,18,12.317679476321194,787168.0,False,0,12,0.6666666666666666,False,11,0.6111111111111112,False,5,0.2777777777777778,False,11.0,12.0,0.9166666666666666,0.9166666666666666,1.0,False,0.9444444444444444,5.0,12.0,0.4166666666666667,0.4166666666666667,1.0,False,0.6111111111111112,5.0,11.0,0.45454545454545453,0.45454545454545453,1.0,False,0.6666666666666667
2022,GO,AVANTE,18,10.199058888107484,3361992.0,False,0,10,0.5555555555555556,False,9,0.5,False,6,0.3333333333333333,False,9.0,10.0,0.9,0.9,1.0,False,0.9444444444444444,6.0,10.0,0.6,0.6,1.0,False,0.7777777777777778,6.0,9.0,0.6666666666666666,0.6666666666666666,1.0,False,0.8333333333333334
2022,GO,CIDADANIA,3,2.9472551130247577,370000.0,False,0,3,1.0,False,3,1.0,False,2,0.6666666666666666,False,3.0,3.0,1.0,1.0,1.0,True,1.0,2.0,3.0,0.6666666666666666,0.6666666666666666,1.0,False,0.6666666666666667,2.0,3.0,0.6666666666666666,0.6666666666666666,1.0,False,0.6666666666666667
2022,GO,DC,9,7.176501319843151,60046.0,False,0,7,0.7777777777777778,True,7,0.7777777777777778,True,3,0.3333333333333333,False,7.0,7.0,1.0,1.0,1.0,True,1.0,3.0,7.0,0.42857142857142855,0.42857142857142855,1.0,False,0.5555555555555556,3.0,7.0,0.42857142857142855,0.42857142857142855,1.0,False,0.5555555555555556
2022,GO,MDB,12,4.925435304718909,7910516.9799999995,False,2,5,0.4166666666666667,False,5,0.4166666666666667,False,4,0.3333333333333333,False,5.0,5.0,1.0,1.0,1.0,True,1.0,4.0,5.0,0.8,0.8,1.0,False,0.9166666666666666,4.0,5.0,0.8,0.8,1.0,False,0.9166666666666666
2022,GO,NOVO,14,5.763409402869641,218475.66999999998,False,0,6,0.42857142857142855,True,5,0.35714285714285715,False,5,0.35714285714285715,False,5.0,6.0,0.8333333333333334,0.8333333333333334,1.0,False,0.9285714285714286,5.0,6.0,0.8333333333333334,0.8333333333333334,1.0,False,0.9285714285714286,5.0,5.0,1.0,1.0,1.0,True,1.0
2022,GO,PATRIOTA,16,8.325083787640075,10310500.0,False,0,8,0.5,False,8,0.5,False,7,0.4375,False,8.0,8.0,1.0,1.0,1.0,True,1.0,7.0,8.0,0.875,0.875,1.0,False,0.9375,7.0,8.0,0.875,0.875,1.0,False,0.9375
2022,GO,PC DO B,2,1.1890165840163631,402000.0,False,0,1,0.5,False,1,0.5,False,1,0.5,False,1.0,1.0,1.0,1.0,1.0,True,1.0,1.0,1.0,1.0,1.0,1.0,True,1.0,1.0,1.0,1.0,1.0,1.0,True,1.0
2022,GO,PCB,2,,0.0,True,0,0,0.0,False,0,0.0,False,0,0.0,False,0.0,0.0,,,,True,1.0,0.0,0.0,,,,True,1.0,0.0,0.0,,,,True,1.0
2022,GO,PCO,1,1.0,3000.0,False,0,1,1.0,False,1,1.0,False,0,0.0,False,1.0,1.0,1.0,1.0,1.0,True,1.0,0.0,1.0,0.0,0.0,,False,0.0,0.0,1.0,0.0,0.0,,False,0.0
2022,GO,PDT,8,1.9891263647417514,3843375.0,False,1,2,0.25,False,2,0.25,False,2,0.25,False,2.0,2.0,1.0,1.0,1.0,True,1.0,2.0,2.0,1.0,1.0,1.0,True,1.0,2.0,2.0,1.0,1.0,1.0,True,1.0
2022,GO,PL,17,4.003391073228851,6270000.0,False,4,4,0.23529411764705882,False,4,0.23529411764705882,False,4,0.23529411764705882,False,4.0,4.0,1.0,1.0,1.0,True,1.0,4.0,4.0,1.0,1.0,1.0,True,1.0,4.0,4.0,1.0,1.0,1.0,True,1.0
2022,GO,PMN,14,4.122123159859009,705000.0,False,0,4,0.2857142857142857,True,6,0.42857142857142855,True,3,0.21428571428571427,False,4.0,6.0,0.6666666666666666,1.0,0.6666666666666666,False,0.8571428571428572,3.0,4.0,0.75,0.75,1.0,False,0.9285714285714286,3.0,6.0,0.5,0.5,1.0,False,0.7857142857142857
2022,GO,PODE,15,6.906899860182015,3769180.9899999998,False,0,7,0.4666666666666667,False,8,0.5333333333333333,False,3,0.2,False,7.0,8.0,0.875,1.0,0.875,False,0.9333333333333333,3.0,7.0,0.42857142857142855,0.42857142857142855,1.0,False,0.7333333333333334,3.0,8.0,0.375,0.375,1.0,False,0.6666666666666667
2022,GO,PP,14,6.274406356749142,9292958.540000001,False,2,6,0.42857142857142855,False,6,0.42857142857142855,False,7,0.5,False,6.0,6.0,1.0,1.0,1.0,True,1.0,6.0,7.0,0.8571428571428571,1.0,0.8571428571428571,False,0.9285714285714286,6.0,7.0,0.8571428571428571,1.0,0.8571428571428571,False,0.9285714285714286
2022,GO,PROS,13,4.547899270168979,2630000.0,False,0,5,0.38461538461538464,False,4,0.3076923076923077,False,4,0.3076923076923077,False,4.0,5.0,0.8,0.8,1.0,False,0.9230769230769231,4.0,5.0,0.8,0.8,1.0,False,0.9230769230769231,4.0,4.0,1.0,1.0,1.0,True,1.0
2022,GO,PRTB,18,9.597593709455362,394346.2,False,0,10,0.5555555555555556,True,8,0.4444444444444444,False,7,0.3888888888888889,False,8.0,10.0,0.8,0.8,1.0,False,0.8888888888888888,7.0,10.0,0.7,0.7,1.0,False,0.8333333333333334,7.0,8.0,0.875,0.875,1.0,False,0.9444444444444444
2022,GO,PSB,18,7.714673979974584,8365300.0,False,0,8,0.4444444444444444,True,10,0.5555555555555556,False,6,0.3333333333333333,False,8.0,10.0,0.8,1.0,0.8,False,0.8888888888888888,6.0,8.0,0.75,0.75,1.0,False,0.8888888888888888,6.0,10.0,0.6,0.6,1.0,False,0.7777777777777778
2022,GO,PSC,13,3.6600468964319797,6691903.06,False,1,4,0.3076923076923077,False,4,0.3076923076923077,False,3,0.23076923076923078,False,4.0,4.0,1.0,1.0,1.0,True,1.0,3.0,4.0,0.75,0.75,1.0,False,0.9230769230769231,3.0,4.0,0.75,0.75,1.0,False,0.9230769230769231
2022,GO,PSD,13,2.3886254224033405,2885000.0,False,1,2,0.15384615384615385,False,3,0.23076923076923078,False,2,0.15384615384615385,False,2.0,3.0,0.6666666666666666,1.0,0.6666666666666666,False,0.9230769230769231,2.0,2.0,1.0,1.0,1.0,True,1.0,2.0,3.0,0.6666666666666666,0.6666666666666666,1.0,False,0.9230769230769231
2022,GO,PSDB,14,4.6510784854211495,6188080.54,False,1,5,0.35714285714285715,False,5,0.35714285714285715,False,5,0.35714285714285715,False,5.0,5.0,1.0,1.0,1.0,True,1.0,5.0,5.0,1.0,1.0,1.0,True,1.0,5.0,5.0,1.0,1.0,1.0,True,1.0
2022,GO,PSOL,8,7.959458484300394,218552.46,False,0,8,1.0,False,7,0.875,False,3,0.375,False,7.0,8.0,0.875,0.875,1.0,False,0.875,3.0,8.0,0.375,0.375,1.0,False,0.375,3.0,7.0,0.42857142857142855,0.42857142857142855,1.0,False,0.5
2022,GO,PT,14,3.3803644539829847,3939761.24,False,2,3,0.21428571428571427,False,3,0.21428571428571427,False,4,0.2857142857142857,False,3.0,3.0,1.0,1.0,1.0,True,1.0,3.0,4.0,0.75,1.0,0.75,False,0.9285714285714286,3.0,4.0,0.75,1.0,0.75,False,0.9285714285714286
2022,GO,PTB,16,2.386381155274142,4083576.78,False,0,2,0.125,False,4,0.25,False,3,0.1875,False,2.0,4.0,0.5,1.0,0.5,False,0.875,2.0,3.0,0.6666666666666666,1.0,0.6666666666666666,False,0.9375,3.0,4.0,0.75,0.75,1.0,False,0.9375
2022,GO,PV,2,1.9756851210531727,504976.7,False,0,2,1.0,False,2,1.0,False,1,0.5,False,2.0,2.0,1.0,1.0,1.0,True,1.0,1.0,2.0,0.5,0.5,1.0,False,0.5,1.0,2.0,0.5,0.5,1.0,False,0.5
2022,GO,REDE,7,5.680200860003095,119564.2,False,0,6,0.8571428571428571,False,5,0.7142857142857143,False,3,0.42857142857142855,False,5.0,6.0,0.8333333333333334,0.8333333333333334,1.0,False,0.8571428571428572,3.0,6.0,0.5,0.5,1.0,False,0.5714285714285714,3.0,5.0,0.6,0.6,1.0,False,0.7142857142857143
2022,GO,REPUBLICANOS,16,9.65651398039723,11516340.0,False,1,10,0.625,False,9,0.5625,False,8,0.5,False,9.0,10.0,0.9,0.9,1.0,False,0.9375,8.0,10.0,0.8,0.8,1.0,False,0.875,8.0,9.0,0.8888888888888888,0.8888888888888888,1.0,False,0.9375
2022,GO,SOLIDARIEDADE,18,7.5704219958951455,6074643.79,False,0,8,0.4444444444444444,False,10,0.5555555555555556,False,5,0.2777777777777778,False,8.0,10.0,0.8,1.0,0.8,False,0.8888888888888888,5.0,8.0,0.625,0.625,1.0,False,0.8333333333333334,5.0,10.0,0.5,0.5,1.0,False,0.7222222222222222
2022,GO,UNIAO,8,3.993508416801347,8157005.83,False,2,4,0.5,False,4,0.5,False,3,0.375,False,4.0,4.0,1.0,1.0,1.0,True,1.0,3.0,4.0,0.75,0.75,1.0,False,0.875,3.0,4.0,0.75,0.75,1.0,False,0.875
2022,GO,UP,1,1.0,9969.67,False,0,1,1.0,False,1,1.0,False,0,0.0,False,1.0,1.0,1.0,1.0,1.0,True,1.0,0.0,1.0,0.0,0.0,,False,0.0,0.0,1.0,0.0,0.0,,False,0.0
2022,MA,AGIR,17,4.660739806776248,85735.32,False,0,5,0.29411764705882354,True,6,0.35294117647058826,True,7,0.4117647058823529,False,5.0,6.0,0.8333333333333334,1.0,0.8333333333333334,False,0.9411764705882353,5.0,7.0,0.7142857142857143,1.0,0.7142857142857143,False,0.8823529411764706,6.0,7.0,0.8571428571428571,1.0,0.8571428571428571,False,0.9411764705882353
2022,MA,AVANTE,6,,0.0,True,0,0,0.0,False,0,0.0,False,0,0.0,False,0.0,0.0,,,,True,1.0,0.0,0.0,,,,True,1.0,0.0,0.0,,,,True,1.0
2022,MA,CIDADANIA,16,13.249101020622993,2641641.27,False,0,13,0.8125,False,11,0.6875,False,7,0.4375,False,11.0,13.0,0.8461538461538461,0.8461538461538461,1.0,False,0.875,7.0,13.0,0.5384615384615384,0.5384615384615384,1.0,False,0.625,7.0,11.0,0.6363636363636364,0.6363636363636364,1.0,False,0.75
2022,MA,DC,12,11.048182540561964,187799.45,False,0,11,0.9166666666666666,False,9,0.75,True,4,0.3333333333333333,False,9.0,11.0,0.8181818181818182,0.8181818181818182,1.0,False,0.8333333333333334,4.0,11.0,0.36363636363636365,0.36363636363636365,1.0,False,0.41666666666666663,4.0,9.0,0.4444444444444444,0.4444444444444444,1.0,False,0.5833333333333333
2022,MA,MDB,17,5.583216625511733,12554245.0,False,1,6,0.35294117647058826,False,4,0.23529411764705882,False,6,0.35294117647058826,False,4.0,6.0,0.6666666666666666,0.6666666666666666,1.0,False,0.8823529411764706,6.0,6.0,1.0,1.0,1.0,True,1.0,4.0,6.0,0.6666666666666666,1.0,0.6666666666666666,False,0.8823529411764706
2022,MA,NOVO,6,5.630170542505092,17449.18,False,0,6,1.0,False,5,0.8333333333333334,True,3,0.5,False,5.0,6.0,0.8333333333333334,0.8333333333333334,1.0,False,0.8333333333333334,3.0,6.0,0.5,0.5,1.0,False,0.5,3.0,5.0,0.6,0.6,1.0,False,0.6666666666666667
2022,MA,PATRIOTA,19,8.228729727276693,7357000.0,False,1,8,0.42105263157894735,False,9,0.47368421052631576,False,6,0.3157894736842105,False,8.0,9.0,0.8888888888888888,1.0,0.8888888888888888,False,0.9473684210526316,6.0,8.0,0.75,0.75,1.0,False,0.8947368421052632,6.0,9.0,0.6666666666666666,0.6666666666666666,1.0,False,0.8421052631578947
2022,MA,PC DO B,5,1.9619897296632292,4640000.0,False,1,2,0.4,False,2,0.4,False,2,0.4,False,2.0,2.0,1.0,1.0,1.0,True,1.0,2.0,2.0,1.0,1.0,1.0,True,1.0,2.0,2.0,1.0,1.0,1.0,True,1.0
2022,MA,PCO,1,1.0,3000.0,False,0,1,1.0,False,1,1.0,False,0,0.0,False,1.0,1.0,1.0,1.0,1.0,True,1.0,0.0,1.0,0.0,0.0,,False,0.0,0.0,1.0,0.0,0.0,,False,0.0
2022,MA,PDT,16,10.141667117433872,4330000.0,False,1,10,0.625,True,9,0.5625,True,7,0.4375,False,9.0,10.0,0.9,0.9,1.0,False,0.9375,7.0,10.0,0.7,0.7,1.0,False,0.8125,7.0,9.0,0.7777777777777778,0.7777777777777778,1.0,False,0.875
2022,MA,PL,18,7.518446601941747,4400000.0,False,4,8,0.4444444444444444,True,7,0.3888888888888889,True,5,0.2777777777777778,False,7.0,8.0,0.875,0.875,1.0,False,0.9444444444444444,5.0,8.0,0.625,0.625,1.0,False,0.8333333333333334,5.0,7.0,0.7142857142857143,0.7142857142857143,1.0,False,0.8888888888888888
2022,MA,PMB,8,,0.0,True,0,0,0.0,False,0,0.0,False,0,0.0,False,0.0,0.0,,,,True,1.0,0.0,0.0,,,,True,1.0,0.0,0.0,,,,True,1.0
2022,MA,PODE,17,7.054394191636609,10677472.53,False,1,7,0.4117647058823529,False,8,0.47058823529411764,False,5,0.29411764705882354,False,7.0,8.0,0.875,1.0,0.875,False,0.9411764705882353,5.0,7.0,0.7142857142857143,0.7142857142857143,1.0,False,0.8823529411764706,5.0,8.0,0.625,0.625,1.0,False,0.8235294117647058
2022,MA,PP,17,5.722171790131461,9740000.0,False,2,6,0.35294117647058826,False,6,0.35294117647058826,False,5,0.29411764705882354,False,6.0,6.0,1.0,1.0,1.0,True,1.0,5.0,6.0,0.8333333333333334,0.8333333333333334,1.0,False,0.9411764705882353,5.0,6.0,0.8333333333333334,0.8333333333333334,1.0,False,0.9411764705882353
2022,MA,PROS,14,6.832807570977917,1140000.0,False,0,7,0.5,False,6,0.42857142857142855,False,6,0.42857142857142855,False,6.0,7.0,0.8571428571428571,0.8571428571428571,1.0,False,0.9285714285714286,6.0,7.0,0.8571428571428571,0.8571428571428571,1.0,False,0.9285714285714286,6.0,6.0,1.0,1.0,1.0,True,1.0
2022,MA,PRTB,10,2.939140304028476,4985.7,False,0,3,0.3,False,3,0.3,False,3,0.3,False,3.0,3.0,1.0,1.0,1.0,True,1.0,3.0,3.0,1.0,1.0,1.0,True,1.0,3.0,3.0,1.0,1.0,1.0,True,1.0
2022,MA,PSB,13,5.0431890715384275,8017990.0,False,1,5,0.38461538461538464,False,4,0.3076923076923077,False,4,0.3076923076923077,False,4.0,5.0,0.8,0.8,1.0,False,0.9230769230769231,4.0,5.0,0.8,0.8,1.0,False,0.9230769230769231,4.0,4.0,1.0,1.0,1.0,True,1.0
2022,MA,PSC,17,6.180586907449209,3700000.0,False,1,6,0.35294117647058826,True,9,0.5294117647058824,False,2,0.11764705882352941,False,6.0,9.0,0.6666666666666666,1.0,0.6666666666666666,False,0.8235294117647058,2.0,6.0,0.3333333333333333,0.3333333333333333,1.0,False,0.7647058823529411,2.0,9.0,0.2222222222222222,0.2222222222222222,1.0,False,0.5882352941176471
2022,MA,PSD,18,4.239871708426729,4940770.0,False,1,4,0.2222222222222222,False,3,0.16666666666666666,False,3,0.16666666666666666,False,3.0,4.0,0.75,0.75,1.0,False,0.9444444444444444,3.0,4.0,0.75,0.75,1.0,False,0.9444444444444444,3.0,3.0,1.0,1.0,1.0,True,1.0
2022,MA,PSDB,1,1.0,1000.0,False,0,1,1.0,False,1,1.0,False,0,0.0,False,1.0,1.0,1.0,1.0,1.0,True,1.0,0.0,1.0,0.0,0.0,,False,0.0,0.0,1.0,0.0,0.0,,False,0.0
2022,MA,PSOL,14,10.161583021068349,274070.23,False,0,10,0.7142857142857143,True,8,0.5714285714285714,True,7,0.5,False,8.0,10.0,0.8,0.8,1.0,False,0.8571428571428572,7.0,10.0,0.7,0.7,1.0,False,0.7857142857142857,7.0,8.0,0.875,0.875,1.0,False,0.9285714285714286
2022,MA,PSTU,5,2.7460048682400253,13950.0,False,0,3,0.6,False,3,0.6,False,3,0.6,False,3.0,3.0,1.0,1.0,1.0,True,1.0,3.0,3.0,1.0,1.0,1.0,True,1.0,3.0,3.0,1.0,1.0,1.0,True,1.0
2022,MA,PT,9,6.014754123180354,6917437.9,False,1,6,0.6666666666666666,False,5,0.5555555555555556,False,4,0.4444444444444444,False,5.0,6.0,0.8333333333333334,0.8333333333333334,1.0,False,0.8888888888888888,4.0,6.0,0.6666666666666666,0.6666666666666666,1.0,False,0.7777777777777778,4.0,5.0,0.8,0.8,1.0,False,0.8888888888888888
2022,MA,PTB,4,,0.0,True,0,0,0.0,False,0,0.0,False,0,0.0,False,0.0,0.0,,,,True,1.0,0.0,0.0,,,,True,1.0,0.0,0.0,,,,True,1.0
2022,MA,PV,4,3.8225304369141,258908.95,False,0,4,1.0,False,3,0.75,False,2,0.5,False,3.0,4.0,0.75,0.75,1.0,False,0.75,2.0,4.0,0.5,0.5,1.0,False,0.5,2.0,3.0,0.6666666666666666,0.6666666666666666,1.0,False,0.75
2022,MA,REDE,3,1.9672466734902763,62000.0,False,0,2,0.6666666666666666,False,2,0.6666666666666666,False,2,0.6666666666666666,False,2.0,2.0,1.0,1.0,1.0,True,1.0,2.0,2.0,1.0,1.0,1.0,True,1.0,2.0,2.0,1.0,1.0,1.0,True,1.0
2022,MA,REPUBLICANOS,10,5.474462150176212,6835217.39,False,1,5,0.5,False,5,0.5,False,4,0.4,False,5.0,5.0,1.0,1.0,1.0,True,1.0,4.0,5.0,0.8,0.8,1.0,False,0.9,4.0,5.0,0.8,0.8,1.0,False,0.9
2022,MA,SOLIDARIEDADE,8,,0.0,True,0,0,0.0,False,0,0.0,False,0,0.0,False,0.0,0.0,,,,True,1.0,0.0,0.0,,,,True,1.0,0.0,0.0,,,,True,1.0
2022,MA,UNIAO,19,10.219273769987469,17877508.840000004,False,2,10,0.5263157894736842,True,9,0.47368421052631576,False,6,0.3157894736842105,False,9.0,10.0,0.9,0.9,1.0,False,0.9473684210526316,6.0,10.0,0.6,0.6,1.0,False,0.7894736842105263,6.0,9.0,0.6666666666666666,0.6666666666666666,1.0,False,0.8421052631578947
2022,MG,AGIR,19,8.934915162238937,111850.0,False,0,9,0.47368421052631576,True,11,0.5789473684210527,True,4,0.21052631578947367,False,9.0,11.0,0.8181818181818182,1.0,0.8181818181818182,False,0.8947368421052632,4.0,9.0,0.4444444444444444,0.4444444444444444,1.0,False,0.736842105263158,4.0,11.0,0.36363636363636365,0.36363636363636365,1.0,False,0.631578947368421
2022,MG,AVANTE,54,15.383650600649196,21314655.329999994,False,5,15,0.2777777777777778,False,23,0.42592592592592593,False,14,0.25925925925925924,False,15.0,23.0,0.6521739130434783,1.0,0.6521739130434783,False,0.8518518518518519,14.0,15.0,0.9333333333333333,0.9333333333333333,1.0,False,0.9814814814814815,14.0,23.0,0.6086956521739131,0.6086956521739131,1.0,False,0.8333333333333334
2022,MG,CIDADANIA,16,5.042792898711586,4417584.62,False,0,5,0.3125,False,6,0.375,False,4,0.25,False,5.0,6.0,0.8333333333333334,1.0,0.8333333333333334,False,0.9375,4.0,5.0,0.8,0.8,1.0,False,0.9375,4.0,6.0,0.6666666666666666,0.6666666666666666,1.0,False,0.875
2022,MG,DC,1,1.0,10000.0,False,0,1,1.0,False,1,1.0,False,0,0.0,False,1.0,1.0,1.0,1.0,1.0,True,1.0,0.0,1.0,0.0,0.0,,False,0.0,0.0,1.0,0.0,0.0,,False,0.0
2022,MG,MDB,44,7.235532520975347,14465000.0,False,2,7,0.1590909090909091,False,7,0.1590909090909091,False,7,0.1590909090909091,False,7.0,7.0,1.0,1.0,1.0,True,1.0,7.0,7.0,1.0,1.0,1.0,True,1.0,7.0,7.0,1.0,1.0,1.0,True,1.0
2022,MG,NOVO,30,24.32405045098553,2117662.0,False,0,24,0.8,True,22,0.7333333333333333,True,8,0.26666666666666666,False,22.000000000000007,24.0,0.916666666666667,0.916666666666667,1.0000000000000002,False,0.9333333333333333,8.0,24.0,0.3333333333333333,0.3333333333333333,1.0,False,0.46666666666666656,8.0,22.000000000000007,0.36363636363636354,0.36363636363636365,1.0,False,0.5333333333333333
2022,MG,PATRIOTA,51,13.405510791484343,18184094.18,False,3,13,0.2549019607843137,False,15,0.29411764705882354,False,15,0.29411764705882354,False,13.0,15.0,0.8666666666666667,1.0,0.8666666666666667,False,0.9607843137254902,13.0,15.0,0.8666666666666667,1.0,0.8666666666666667,False,0.9607843137254902,15.0,15.0,1.0,1.0,1.0,True,1.0
2022,MG,PC DO B,2,1.0752214532697717,3030554.5,False,0,1,0.5,False,1,0.5,False,1,0.5,False,1.0,1.0,1.0,1.0,1.0,True,1.0,1.0,1.0,1.0,1.0,1.0,True,1.0,1.0,1.0,1.0,1.0,1.0,True,1.0
2022,MG,PCB,9,,0.0,True,0,0,0.0,False,0,0.0,False,0,0.0,False,0.0,0.0,,,,True,1.0,0.0,0.0,,,,True,1.0,0.0,0.0,,,,True,1.0
2022,MG,PCO,3,2.9999999999999996,36272.729999999996,False,0,3,1.0,False,3,1.0,False,0,0.0,False,3.0,3.0,1.0,1.0,1.0,True,1.0,0.0,3.0,0.0,0.0,,False,0.0,0.0,3.0,0.0,0.0,,False,0.0
2022,MG,PDT,45,8.00046014886822,5616148.05,False,2,8,0.17777777777777778,False,9,0.2,False,8,0.17777777777777778,False,8.0,9.0,0.8888888888888888,1.0,0.8888888888888888,False,0.9777777777777777,8.0,8.0,1.0,1.0,1.0,True,1.0,8.0,9.0,0.8888888888888888,0.8888888888888888,1.0,False,0.9777777777777777
2022,MG,PL,45,12.395529530665014,9185374.68,False,11,12,0.26666666666666666,False,11,0.24444444444444444,False,12,0.26666666666666666,False,11.0,12.0,0.9166666666666666,0.9166666666666666,1.0,False,0.9777777777777777,12.0,12.0,1.0,1.0,1.0,True,1.0,11.0,12.0,0.9166666666666666,1.0,0.9166666666666666,False,0.9777777777777777
2022,MG,PMB,5,,0.0,True,0,0,0.0,False,0,0.0,False,0,0.0,False,0.0,0.0,,,,True,1.0,0.0,0.0,,,,True,1.0,0.0,0.0,,,,True,1.0
2022,MG,PMN,53,5.5941677831304695,2215000.0,False,0,6,0.11320754716981132,False,8,0.1509433962264151,False,10,0.18867924528301888,False,6.0,8.0,0.75,1.0,0.75,False,0.9622641509433962,6.0,10.0,0.6,1.0,0.6,False,0.9245283018867925,8.0,10.0,0.8,1.0,0.8,False,0.9622641509433962
2022,MG,PODE,53,7.43014061638701,11906225.68,False,2,7,0.1320754716981132,False,8,0.1509433962264151,False,10,0.18867924528301888,False,7.0,8.0,0.875,1.0,0.875,False,0.9811320754716981,7.0,10.0,0.7,1.0,0.7,False,0.9433962264150944,8.0,10.0,0.8,1.0,0.8,False,0.9622641509433962
2022,MG,PP,53,8.959544669150636,19990060.85,False,3,9,0.16981132075471697,False,7,0.1320754716981132,False,9,0.16981132075471697,False,7.0,9.0,0.7777777777777778,0.7777777777777778,1.0,False,0.9622641509433962,9.0,9.0,1.0,1.0,1.0,True,1.0,7.0,9.0,0.7777777777777778,1.0,0.7777777777777778,False,0.9622641509433962
2022,MG,PROS,53,8.010518387692798,9127770.35,False,1,8,0.1509433962264151,False,18,0.33962264150943394,True,12,0.22641509433962265,False,8.0,18.0,0.4444444444444444,1.0,0.4444444444444444,False,0.8113207547169812,8.0,12.0,0.6666666666666666,1.0,0.6666666666666666,False,0.9245283018867925,12.0,18.0,0.6666666666666666,0.6666666666666666,1.0,False,0.8867924528301887
2022,MG,PRTB,40,8.273399615573629,278762.0,False,0,8,0.2,False,20,0.5,True,8,0.2,False,8.0,20.0,0.4,1.0,0.4,False,0.7,8.0,8.0,1.0,1.0,1.0,True,1.0,8.0,20.0,0.4,0.4,1.0,False,0.7
2022,MG,PSB,41,4.345997661449038,5397139.5,False,0,4,0.0975609756097561,False,10,0.24390243902439024,False,10,0.24390243902439024,False,4.0,10.0,0.4,1.0,0.4,False,0.8536585365853658,4.0,10.0,0.4,1.0,0.4,False,0.8536585365853658,10.0,10.0,1.0,1.0,1.0,True,1.0
2022,MG,PSC,45,4.233950790455463,6683131.749999998,False,1,4,0.08888888888888889,False,4,0.08888888888888889,False,5,0.1111111111111111,False,4.0,4.0,1.0,1.0,1.0,True,1.0,4.0,5.0,0.8,1.0,0.8,False,0.9777777777777777,4.0,5.0,0.8,1.0,0.8,False,0.9777777777777777
2022,MG,PSD,39,11.556006647001693,13943705.77,False,4,12,0.3076923076923077,False,9,0.23076923076923078,False,9,0.23076923076923078,False,9.0,12.0,0.75,0.75,1.0,False,0.9230769230769231,9.0,12.0,0.75,0.75,1.0,False,0.9230769230769231,9.0,9.0,1.0,1.0,1.0,True,1.0
2022,MG,PSDB,37,7.989873471039396,13292550.64,False,2,8,0.21621621621621623,True,7,0.1891891891891892,False,7,0.1891891891891892,False,7.0,8.0,0.875,0.875,1.0,False,0.972972972972973,7.0,8.0,0.875,0.875,1.0,False,0.972972972972973,7.0,7.0,1.0,1.0,1.0,True,1.0
2022,MG,PSOL,23,3.9301620329265083,3848485.09,False,1,4,0.17391304347826086,False,4,0.17391304347826086,False,3,0.13043478260869565,False,4.0,4.0,1.0,1.0,1.0,True,1.0,3.0,4.0,0.75,0.75,1.0,False,0.9565217391304348,3.0,4.0,0.75,0.75,1.0,False,0.9565217391304348
2022,MG,PSTU,6,2.211708645336964,57000.0,False,0,2,0.3333333333333333,True,3,0.5,True,1,0.16666666666666666,False,2.0,3.0,0.6666666666666666,1.0,0.6666666666666666,False,0.8333333333333334,1.0,2.0,0.5,0.5,1.0,False,0.8333333333333334,1.0,3.0,0.3333333333333333,0.3333333333333333,1.0,False,0.6666666666666667
2022,MG,PT,42,18.064253026883044,29181406.61,False,10,18,0.42857142857142855,False,13,0.30952380952380953,False,13,0.30952380952380953,False,13.0,18.0,0.7222222222222222,0.7222222222222222,1.0,False,0.8809523809523809,13.0,18.0,0.7222222222222222,0.7222222222222222,1.0,False,0.8809523809523809,13.0,13.0,1.0,1.0,1.0,True,1.0
2022,MG,PTB,47,8.214149928427656,7247694.56,False,0,8,0.1702127659574468,False,11,0.23404255319148937,False,9,0.19148936170212766,False,8.0,11.0,0.7272727272727273,1.0,0.7272727272727273,False,0.9361702127659575,8.0,9.0,0.8888888888888888,1.0,0.8888888888888888,False,0.9787234042553191,9.0,11.0,0.8181818181818182,0.8181818181818182,1.0,False,0.9574468085106383
2022,MG,PV,9,3.382588599741341,4372482.9,False,0,3,0.3333333333333333,False,4,0.4444444444444444,False,2,0.2222222222222222,False,3.0,4.0,0.75,1.0,0.75,False,0.8888888888888888,2.0,3.0,0.6666666666666666,0.6666666666666666,1.0,False,0.8888888888888888,2.0,4.0,0.5,0.5,1.0,False,0.7777777777777778
2022,MG,REDE,27,2.875239532554859,5098009.76,False,0,3,0.1111111111111111,True,6,0.2222222222222222,True,7,0.25925925925925924,False,3.0,6.0,0.5,1.0,0.5,False,0.888888888888889,3.0,7.0,0.42857142857142855,1.0,0.42857142857142855,False,0.8518518518518519,6.0,7.0,0.8571428571428571,1.0,0.8571428571428571,False,0.962962962962963
2022,MG,REPUBLICANOS,53,9.67645701242275,14850682.120000001,False,2,10,0.18867924528301888,False,9,0.16981132075471697,False,11,0.20754716981132076,False,9.0,10.0,0.9,0.9,1.0,False,0.9811320754716981,10.0,11.0,0.9090909090909091,1.0,0.9090909090909091,False,0.9811320754716981,9.0,11.0,0.8181818181818182,1.0,0.8181818181818182,False,0.9622641509433962
2022,MG,SOLIDARIEDADE,36,10.39477763223749,6667800.0,False,1,10,0.2777777777777778,True,10,0.2777777777777778,True,12,0.3333333333333333,False,10.0,10.0,1.0,1.0,1.0,True,1.0,10.0,12.0,0.8333333333333334,1.0,0.8333333333333334,False,0.9444444444444444,10.0,12.0,0.8333333333333334,1.0,0.8333333333333334,False,0.9444444444444444
2022,MG,UNIAO,53,20.858139420483514,28043578.53,False,3,21,0.39622641509433965,False,19,0.3584905660377358,False,17,0.32075471698113206,False,19.0,21.0,0.9047619047619048,0.9047619047619048,1.0,False,0.9622641509433962,17.0,21.0,0.8095238095238095,0.8095238095238095,1.0,False,0.9245283018867925,17.0,19.0,0.8947368421052632,0.8947368421052632,1.0,False,0.9622641509433962
2022,MG,UP,1,1.0,27449.37,False,0,1,1.0,False,1,1.0,False,0,0.0,False,1.0,1.0,1.0,1.0,1.0,True,1.0,0.0,1.0,0.0,0.0,,False,0.0,0.0,1.0,0.0,0.0,,False,0.0
2022,MS,AGIR,5,3.0,15000.0,False,0,3,0.6,False,3,0.6,False,3,0.6,False,3.0,3.0,1.0,1.0,1.0,True,1.0,3.0,3.0,1.0,1.0,1.0,True,1.0,3.0,3.0,1.0,1.0,1.0,True,1.0
2022,MS,AVANTE,8,3.789473684210527,1200000.0,False,0,4,0.5,True,5,0.625,False,2,0.25,False,3.9999999999999996,5.0,0.7999999999999999,0.9999999999999999,0.7999999999999999,False,0.875,2.0,3.9999999999999996,0.5000000000000001,0.5,1.0,False,0.75,2.0,5.0,0.4,0.4,1.0,False,0.625
2022,MS,DC,3,2.66984126984127,29000.0,False,0,3,1.0,False,2,0.6666666666666666,False,2,0.6666666666666666,False,2.0,3.0,0.6666666666666666,0.6666666666666666,1.0,False,0.6666666666666667,2.0,3.0,0.6666666666666666,0.6666666666666666,1.0,False,0.6666666666666667,2.0,2.0,1.0,1.0,1.0,True,1.0
2022,MS,MDB,9,1.5486966281477732,3130000.0,False,0,2,0.2222222222222222,False,2,0.2222222222222222,False,1,0.1111111111111111,False,2.0,2.0,1.0,1.0,1.0,True,1.0,1.0,2.0,0.5,0.5,1.0,False,0.8888888888888888,1.0,2.0,0.5,0.5,1.0,False,0.8888888888888888
2022,MS,NOVO,6,5.572129110423646,71449.18000000001,False,0,6,1.0,False,5,0.8333333333333334,True,4,0.6666666666666666,False,5.0,6.0,0.8333333333333334,0.8333333333333334,1.0,False,0.8333333333333334,4.0,6.0,0.6666666666666666,0.6666666666666666,1.0,False,0.6666666666666667,4.0,5.0,0.8,0.8,1.0,False,0.8333333333333334
2022,MS,PC DO B,2,1.0857314599143437,170000.0,False,0,1,0.5,False,1,0.5,False,1,0.5,False,1.0,1.0,1.0,1.0,1.0,True,1.0,1.0,1.0,1.0,1.0,1.0,True,1.0,1.0,1.0,1.0,1.0,1.0,True,1.0
2022,MS,PDT,6,4.227341445884656,413000.0,False,0,4,0.6666666666666666,True,3,0.5,False,3,0.5,False,3.0,4.0,0.75,0.75,1.0,False,0.8333333333333334,3.0,4.0,0.75,0.75,1.0,False,0.8333333333333334,3.0,3.0,1.0,1.0,1.0,True,1.0
2022,MS,PL,8,4.755792571986276,2878139.0700000003,False,2,5,0.625,False,5,0.625,False,3,0.375,False,5.0,5.0,1.0,1.0,1.0,True,1.0,3.0,5.0,0.6,0.6,1.0,False,0.75,3.0,5.0,0.6,0.6,1.0,False,0.75
2022,MS,PODE,7,6.680412371134019,3600000.0,False,0,7,1.0,False,6,0.8571428571428571,False,2,0.2857142857142857,False,6.0,7.0,0.8571428571428571,0.8571428571428571,1.0,False,0.8571428571428572,2.0,7.0,0.2857142857142857,0.2857142857142857,1.0,False,0.2857142857142857,2.0,6.0,0.3333333333333333,0.3333333333333333,1.0,False,0.4285714285714286
2022,MS,PP,9,5.917163484516891,7275000.0,False,1,6,0.6666666666666666,False,5,0.5555555555555556,False,4,0.4444444444444444,False,5.0,6.0,0.8333333333333334,0.8333333333333334,1.0,False,0.8888888888888888,4.0,6.0,0.6666666666666666,0.6666666666666666,1.0,False,0.7777777777777778,4.0,5.0,0.8,0.8,1.0,False,0.8888888888888888
2022,MS,PROS,4,,0.0,True,0,0,0.0,False,0,0.0,False,0,0.0,False,0.0,0.0,,,,True,1.0,0.0,0.0,,,,True,1.0,0.0,0.0,,,,True,1.0
2022,MS,PRTB,9,,0.0,True,0,0,0.0,False,0,0.0,False,0,0.0,False,0.0,0.0,,,,True,1.0,0.0,0.0,,,,True,1.0,0.0,0.0,,,,True,1.0
2022,MS,PSB,5,1.0,18000.0,False,0,1,0.2,False,1,0.2,False,1,0.2,False,1.0,1.0,1.0,1.0,1.0,True,1.0,1.0,1.0,1.0,1.0,1.0,True,1.0,1.0,1.0,1.0,1.0,1.0,True,1.0
2022,MS,PSD,9,2.843024564465799,3677681.44,False,0,3,0.3333333333333333,False,5,0.5555555555555556,False,1,0.1111111111111111,False,3.0,5.0,0.6,1.0,0.6,False,0.7777777777777778,1.0,3.0,0.3333333333333333,0.3333333333333333,1.0,False,0.7777777777777778,1.0,5.0,0.2,0.2,1.0,False,0.5555555555555556
2022,MS,PSDB,9,6.026043943802492,9103467.39,False,3,6,0.6666666666666666,False,5,0.5555555555555556,False,4,0.4444444444444444,False,5.0,6.0,0.8333333333333334,0.8333333333333334,1.0,False,0.8888888888888888,4.0,6.0,0.6666666666666666,0.6666666666666666,1.0,False,0.7777777777777778,4.0,5.0,0.8,0.8,1.0,False,0.8888888888888888
2022,MS,PSOL,5,4.477180476876543,195810.03999999998,False,0,4,0.8,False,4,0.8,False,3,0.6,False,4.0,4.0,1.0,1.0,1.0,True,1.0,3.0,4.0,0.75,0.75,1.0,False,0.8,3.0,4.0,0.75,0.75,1.0,False,0.8
2022,MS,PT,5,2.763943566083588,3333755.09,False,2,3,0.6,False,3,0.6,False,2,0.4,False,3.0,3.0,1.0,1.0,1.0,True,1.0,2.0,3.0,0.6666666666666666,0.6666666666666666,1.0,False,0.8,2.0,3.0,0.6666666666666666,0.6666666666666666,1.0,False,0.8
2022,MS,PTB,9,1.9717169284040816,1931146.6800000002,False,0,2,0.2222222222222222,False,3,0.3333333333333333,False,1,0.1111111111111111,False,2.0,3.0,0.6666666666666666,1.0,0.6666666666666666,False,0.8888888888888888,1.0,2.0,0.5,0.5,1.0,False,0.8888888888888888,1.0,3.0,0.3333333333333333,0.3333333333333333,1.0,False,0.7777777777777778
2022,MS,PV,2,1.9999999285649939,499865.73,False,0,2,1.0,False,2,1.0,False,1,0.5,False,2.0,2.0,1.0,1.0,1.0,True,1.0,1.0,2.0,0.5,0.5,1.0,False,0.5,1.0,2.0,0.5,0.5,1.0,False,0.5
2022,MS,REDE,3,1.0,10000.0,False,0,1,0.3333333333333333,False,1,0.3333333333333333,False,1,0.3333333333333333,False,1.0,1.0,1.0,1.0,1.0,True,1.0,1.0,1.0,1.0,1.0,1.0,True,1.0,1.0,1.0,1.0,1.0,1.0,True,1.0
2022,MS,REPUBLICANOS,9,6.924894406044575,1531593.7799999998,False,0,7,0.7777777777777778,True,6,0.6666666666666666,True,3,0.3333333333333333,False,6.0,7.0,0.8571428571428571,0.8571428571428571,1.0,False,0.8888888888888888,3.0,7.0,0.42857142857142855,0.42857142857142855,1.0,False,0.5555555555555556,3.0,6.0,0.5,0.5,1.0,False,0.6666666666666667
2022,MS,SOLIDARIEDADE,7,4.2898777812597935,292500.0,False,0,4,0.5714285714285714,False,4,0.5714285714285714,False,3,0.42857142857142855,False,4.0,4.0,1.0,1.0,1.0,True,1.0,3.0,4.0,0.75,0.75,1.0,False,0.8571428571428572,3.0,4.0,0.75,0.75,1.0,False,0.8571428571428572
2022,MS,UNIAO,9,4.283922554745191,7034500.0,False,0,4,0.4444444444444444,False,5,0.5555555555555556,True,2,0.2222222222222222,False,4.0,5.0,0.8,1.0,0.8,False,0.8888888888888888,2.0,4.0,0.5,0.5,1.0,False,0.7777777777777778,2.0,5.0,0.4,0.4,1.0,False,0.6666666666666667
2022,MT,AGIR,6,,0.0,True,0,0,0.0,False,0,0.0,False,0,0.0,False,0.0,0.0,,,,True,1.0,0.0,0.0,,,,True,1.0,0.0,0.0,,,,True,1.0
2022,MT,CIDADANIA,2,1.3713378669327616,2620046.52,False,0,1,0.5,False,1,0.5,False,1,0.5,False,1.0,1.0,1.0,1.0,1.0,True,1.0,1.0,1.0,1.0,1.0,1.0,True,1.0,1.0,1.0,1.0,1.0,1.0,True,1.0
2022,MT,DC,8,6.721033727871078,54912.0,False,0,7,0.875,False,5,0.625,False,5,0.625,False,5.0,7.0,0.7142857142857143,0.7142857142857143,1.0,False,0.75,5.0,7.0,0.7142857142857143,0.7142857142857143,1.0,False,0.75,5.0,5.0,1.0,1.0,1.0,True,1.0
2022,MT,MDB,9,5.525417938355344,12528433.16,False,2,6,0.6666666666666666,False,4,0.4444444444444444,False,4,0.4444444444444444,False,4.0,6.0,0.6666666666666666,0.6666666666666666,1.0,False,0.7777777777777778,4.0,6.0,0.6666666666666666,0.6666666666666666,1.0,False,0.7777777777777778,4.0,4.0,1.0,1.0,1.0,True,1.0
2022,MT,NOVO,5,4.960525034107515,14827.649999999998,False,0,5,1.0,False,4,0.8,True,3,0.6,False,4.0,5.0,0.8,0.8,1.0,False,0.8,3.0,5.0,0.6,0.6,1.0,False,0.6,3.0,4.0,0.75,0.75,1.0,False,0.8
2022,MT,PATRIOTA,9,7.254626202812733,1485000.0,False,0,7,0.7777777777777778,False,6,0.6666666666666666,False,4,0.4444444444444444,False,6.0,7.0,0.8571428571428571,0.8571428571428571,1.0,False,0.8888888888888888,4.0,7.0,0.5714285714285714,0.5714285714285714,1.0,False,0.6666666666666667,4.0,6.0,0.6666666666666666,0.6666666666666666,1.0,False,0.7777777777777778
2022,MT,PC DO B,2,1.712000798915022,364500.0,False,0,2,1.0,False,2,1.0,False,1,0.5,False,2.0,2.0,1.0,1.0,1.0,True,1.0,1.0,2.0,0.5,0.5,1.0,False,0.5,1.0,2.0,0.5,0.5,1.0,False,0.5
2022,MT,PDT,9,8.56692646560488,159000.0,False,0,9,1.0,False,7,0.7777777777777778,True,8,0.8888888888888888,False,6.999999999999999,9.0,0.7777777777777777,0.7777777777777777,0.9999999999999999,False,0.7777777777777777,8.0,9.0,0.8888888888888888,0.8888888888888888,1.0,False,0.8888888888888888,6.999999999999999,8.0,0.8749999999999999,0.9999999999999999,0.8749999999999999,False,0.8888888888888888
2022,MT,PL,9,6.2239556790172665,7442150.68,False,4,6,0.6666666666666666,False,5,0.5555555555555556,False,5,0.5555555555555556,False,5.0,6.0,0.8333333333333334,0.8333333333333334,1.0,False,0.8888888888888888,5.0,6.0,0.8333333333333334,0.8333333333333334,1.0,False,0.8888888888888888,5.0,5.0,1.0,1.0,1.0,True,1.0
2022,MT,PODE,9,7.323814776867117,561766.68,False,0,7,0.7777777777777778,False,6,0.6666666666666666,False,3,0.3333333333333333,False,6.0,7.0,0.8571428571428571,0.8571428571428571,1.0,False,0.8888888888888888,3.0,7.0,0.42857142857142855,0.42857142857142855,1.0,False,0.5555555555555556,3.0,6.0,0.5,0.5,1.0,False,0.6666666666666667
2022,MT,PROS,9,5.817753026312007,1074496.1600000001,False,0,6,0.6666666666666666,True,6,0.6666666666666666,True,2,0.2222222222222222,False,6.0,6.0,1.0,1.0,1.0,True,1.0,2.0,6.0,0.3333333333333333,0.3333333333333333,1.0,False,0.5555555555555556,2.0,6.0,0.3333333333333333,0.3333333333333333,1.0,False,0.5555555555555556
2022,MT,PSB,9,7.730516113790071,6122442.7,False,0,8,0.8888888888888888,False,6,0.6666666666666666,False,4,0.4444444444444444,False,6.0,8.0,0.75,0.75,1.0,False,0.7777777777777778,4.0,8.0,0.5,0.5,1.0,False,0.5555555555555556,4.0,6.0,0.6666666666666666,0.6666666666666666,1.0,False,0.7777777777777778
2022,MT,PSD,9,6.051793588523612,3605474.68,False,0,6,0.6666666666666666,False,5,0.5555555555555556,False,5,0.5555555555555556,False,5.0,6.0,0.8333333333333334,0.8333333333333334,1.0,False,0.8888888888888888,5.0,6.0,0.8333333333333334,0.8333333333333334,1.0,False,0.8888888888888888,5.0,5.0,1.0,1.0,1.0,True,1.0
2022,MT,PSDB,7,5.18629708178618,3883032.12,False,0,5,0.7142857142857143,False,5,0.7142857142857143,False,3,0.42857142857142855,False,5.0,5.0,1.0,1.0,1.0,True,1.0,3.0,5.0,0.6,0.6,1.0,False,0.7142857142857143,3.0,5.0,0.6,0.6,1.0,False,0.7142857142857143
2022,MT,PSOL,5,3.2451614206139503,239793.01,False,0,3,0.6,False,3,0.6,False,2,0.4,False,3.0,3.0,1.0,1.0,1.0,True,1.0,2.0,3.0,0.6666666666666666,0.6666666666666666,1.0,False,0.8,2.0,3.0,0.6666666666666666,0.6666666666666666,1.0,False,0.8
2022,MT,PT,4,1.387295755719713,2736822.38,False,0,1,0.25,False,1,0.25,False,1,0.25,False,1.0,1.0,1.0,1.0,1.0,True,1.0,1.0,1.0,1.0,1.0,1.0,True,1.0,1.0,1.0,1.0,1.0,1.0,True,1.0
2022,MT,PTB,9,3.42312677585004,2208972.99,False,0,3,0.3333333333333333,False,4,0.4444444444444444,False,3,0.3333333333333333,False,3.0,4.0,0.75,1.0,0.75,False,0.8888888888888888,3.0,3.0,1.0,1.0,1.0,True,1.0,3.0,4.0,0.75,0.75,1.0,False,0.8888888888888888
2022,MT,PV,3,1.0748967332325787,829978.0,False,0,1,0.3333333333333333,False,1,0.3333333333333333,False,1,0.3333333333333333,False,1.0,1.0,1.0,1.0,1.0,True,1.0,1.0,1.0,1.0,1.0,1.0,True,1.0,1.0,1.0,1.0,1.0,1.0,True,1.0
2022,MT,REDE,3,1.869158878504673,100000.0,False,0,2,0.6666666666666666,True,2,0.6666666666666666,True,1,0.3333333333333333,False,2.0,2.0,1.0,1.0,1.0,True,1.0,1.0,2.0,0.5,0.5,1.0,False,0.6666666666666667,1.0,2.0,0.5,0.5,1.0,False,0.6666666666666667
2022,MT,REPUBLICANOS,9,5.644198886175106,8078195.01,False,0,6,0.6666666666666666,False,6,0.6666666666666666,False,2,0.2222222222222222,False,6.0,6.0,1.0,1.0,1.0,True,1.0,2.0,6.0,0.3333333333333333,0.3333333333333333,1.0,False,0.5555555555555556,2.0,6.0,0.3333333333333333,0.3333333333333333,1.0,False,0.5555555555555556
2022,MT,SOLIDARIEDADE,6,4.863940878258176,392468.9,False,0,5,0.8333333333333334,False,4,0.6666666666666666,False,4,0.6666666666666666,False,4.0,5.0,0.8,0.8,1.0,False,0.8333333333333334,4.0,5.0,0.8,0.8,1.0,False,0.8333333333333334,4.0,4.0,1.0,1.0,1.0,True,1.0
2022,MT,UNIAO,9,6.837771137069781,13208395.05,False,2,7,0.7777777777777778,True,6,0.6666666666666666,False,3,0.3333333333333333,False,6.0,7.0,0.8571428571428571,0.8571428571428571,1.0,False,0.8888888888888888,3.0,7.0,0.42857142857142855,0.42857142857142855,1.0,False,0.5555555555555556,3.0,6.0,0.5,0.5,1.0,False,0.6666666666666667
2022,PA,AGIR,13,6.693069306930694,104000.0,False,0,7,0.5384615384615384,True,7,0.5384615384615384,True,4,0.3076923076923077,False,7.0,7.0,1.0,1.0,1.0,True,1.0,4.0,7.0,0.5714285714285714,0.5714285714285714,1.0,False,0.7692307692307692,4.0,7.0,0.5714285714285714,0.5714285714285714,1.0,False,0.7692307692307692
2022,PA,AVANTE,5,,0.0,True,0,0,0.0,False,0,0.0,False,0,0.0,False,0.0,0.0,,,,True,1.0,0.0,0.0,,,,True,1.0,0.0,0.0,,,,True,1.0
2022,PA,CIDADANIA,3,1.406238164024015,3518884.0,False,0,1,0.3333333333333333,False,1,0.3333333333333333,False,1,0.3333333333333333,False,1.0,1.0,1.0,1.0,1.0,True,1.0,1.0,1.0,1.0,1.0,1.0,True,1.0,1.0,1.0,1.0,1.0,1.0,True,1.0
2022,PA,MDB,14,4.709583411155897,9558000.0,False,9,5,0.35714285714285715,True,4,0.2857142857142857,True,3,0.21428571428571427,False,4.0,5.0,0.8,0.8,1.0,False,0.9285714285714286,3.0,5.0,0.6,0.6,1.0,False,0.8571428571428572,3.0,4.0,0.75,0.75,1.0,False,0.9285714285714286
2022,PA,PATRIOTA,1,,0.0,True,0,0,0.0,False,0,0.0,False,0,0.0,False,0.0,0.0,,,,True,1.0,0.0,0.0,,,,True,1.0,0.0,0.0,,,,True,1.0
2022,PA,PC DO B,5,4.698324022346369,290000.0,False,0,5,1.0,False,4,0.8,True,3,0.6,False,4.0,5.0,0.8,0.8,1.0,False,0.8,3.0,5.0,0.6,0.6,1.0,False,0.6,3.0,4.0,0.75,0.75,1.0,False,0.8
2022,PA,PDT,18,4.464452994136693,3259000.0,False,0,4,0.2222222222222222,False,4,0.2222222222222222,False,3,0.16666666666666666,False,4.0,4.0,1.0,1.0,1.0,True,1.0,3.0,4.0,0.75,0.75,1.0,False,0.9444444444444444,3.0,4.0,0.75,0.75,1.0,False,0.9444444444444444
2022,PA,PL,18,1.6139966705759798,2040171.22,False,3,2,0.1111111111111111,False,2,0.1111111111111111,False,2,0.1111111111111111,False,2.0,2.0,1.0,1.0,1.0,True,1.0,2.0,2.0,1.0,1.0,1.0,True,1.0,2.0,2.0,1.0,1.0,1.0,True,1.0
2022,PA,PMB,8,,0.0,True,0,0,0.0,False,0,0.0,False,0,0.0,False,0.0,0.0,,,,True,1.0,0.0,0.0,,,,True,1.0,0.0,0.0,,,,True,1.0
2022,PA,PODE,18,10.246592506544419,4900000.0,False,0,10,0.5555555555555556,False,10,0.5555555555555556,False,6,0.3333333333333333,False,10.0,10.0,1.0,1.0,1.0,True,1.0,6.0,10.0,0.6,0.6,1.0,False,0.7777777777777778,6.0,10.0,0.6,0.6,1.0,False,0.7777777777777778
2022,PA,PP,17,10.009875503051363,3727382.98,False,0,10,0.5882352941176471,True,10,0.5882352941176471,True,5,0.29411764705882354,False,10.0,10.0,1.0,1.0,1.0,True,1.0,5.0,10.0,0.5,0.5,1.0,False,0.7058823529411765,5.0,10.0,0.5,0.5,1.0,False,0.7058823529411765
2022,PA,PROS,10,1.0798722044728435,2600000.0,False,0,1,0.1,False,1,0.1,False,1,0.1,False,1.0,1.0,1.0,1.0,1.0,True,1.0,1.0,1.0,1.0,1.0,1.0,True,1.0,1.0,1.0,1.0,1.0,1.0,True,1.0
2022,PA,PRTB,10,1.0,1000.0,False,0,1,0.1,False,1,0.1,False,1,0.1,False,1.0,1.0,1.0,1.0,1.0,True,1.0,1.0,1.0,1.0,1.0,1.0,True,1.0,1.0,1.0,1.0,1.0,1.0,True,1.0
2022,PA,PSB,18,11.709789861002553,4719549.7299999995,False,0,12,0.6666666666666666,False,12,0.6666666666666666,False,5,0.2777777777777778,False,12.0,12.0,1.0,1.0,1.0,True,1.0,5.0,12.0,0.4166666666666667,0.4166666666666667,1.0,False,0.6111111111111112,5.0,12.0,0.4166666666666667,0.4166666666666667,1.0,False,0.6111111111111112
2022,PA,PSC,18,2.2257266842832557,1515000.0,False,0,2,0.1111111111111111,False,4,0.2222222222222222,True,3,0.16666666666666666,False,2.0,4.0,0.5,1.0,0.5,False,0.8888888888888888,2.0,3.0,0.6666666666666666,1.0,0.6666666666666666,False,0.9444444444444444,3.0,4.0,0.75,0.75,1.0,False,0.9444444444444444
2022,PA,PSD,13,9.005987597379871,4584500.0,False,2,9,0.6923076923076923,False,8,0.6153846153846154,False,6,0.46153846153846156,False,8.0,9.0,0.8888888888888888,0.8888888888888888,1.0,False,0.9230769230769231,6.0,9.0,0.6666666666666666,0.6666666666666666,1.0,False,0.7692307692307692,6.0,8.0,0.75,0.75,1.0,False,0.8461538461538461
2022,PA,PSDB,14,7.401718121427825,5650000.0,False,0,7,0.5,False,8,0.5714285714285714,False,4,0.2857142857142857,False,7.0,8.0,0.875,1.0,0.875,False,0.9285714285714286,4.0,7.0,0.5714285714285714,0.5714285714285714,1.0,False,0.7857142857142857,4.0,8.0,0.5,0.5,1.0,False,0.7142857142857143
2022,PA,PSOL,15,4.256206417649563,4637111.73,False,0,4,0.26666666666666666,False,4,0.26666666666666666,False,3,0.2,False,4.0,4.0,1.0,1.0,1.0,True,1.0,3.0,4.0,0.75,0.75,1.0,False,0.9333333333333333,3.0,4.0,0.75,0.75,1.0,False,0.9333333333333333
2022,PA,PSTU,1,1.0,7500.0,False,0,1,1.0,False,1,1.0,False,0,0.0,False,1.0,1.0,1.0,1.0,1.0,True,1.0,0.0,1.0,0.0,0.0,,False,0.0,0.0,1.0,0.0,0.0,,False,0.0
2022,PA,PT,11,4.669403217251048,5561272.52,False,2,5,0.45454545454545453,False,4,0.36363636363636365,False,4,0.36363636363636365,False,4.0,5.0,0.8,0.8,1.0,False,0.9090909090909091,4.0,5.0,0.8,0.8,1.0,False,0.9090909090909091,4.0,4.0,1.0,1.0,1.0,True,1.0
2022,PA,PTB,18,3.9603737126787024,7324989.0,False,0,4,0.2222222222222222,False,3,0.16666666666666666,False,3,0.16666666666666666,False,3.0,4.0,0.75,0.75,1.0,False,0.9444444444444444,3.0,4.0,0.75,0.75,1.0,False,0.9444444444444444,3.0,3.0,1.0,1.0,1.0,True,1.0
2022,PA,PV,2,1.1462645291739342,729997.3999999999,False,0,1,0.5,False,1,0.5,False,1,0.5,False,1.0,1.0,1.0,1.0,1.0,True,1.0,1.0,1.0,1.0,1.0,1.0,True,1.0,1.0,1.0,1.0,1.0,1.0,True,1.0
2022,PA,REDE,2,1.0,200000.0,False,0,1,0.5,False,1,0.5,False,1,0.5,False,1.0,1.0,1.0,1.0,1.0,True,1.0,1.0,1.0,1.0,1.0,1.0,True,1.0,1.0,1.0,1.0,1.0,1.0,True,1.0
2022,PA,REPUBLICANOS,18,13.629380883446684,2314717.5300000003,False,0,14,0.7777777777777778,False,12,0.6666666666666666,False,7,0.3888888888888889,False,12.0,14.0,0.8571428571428571,0.8571428571428571,1.0,False,0.8888888888888888,7.0,14.0,0.5,0.5,1.0,False,0.6111111111111112,7.0,12.0,0.5833333333333334,0.5833333333333334,1.0,False,0.7222222222222222
2022,PA,SOLIDARIEDADE,10,1.8874747480693739,138700.0,False,0,2,0.2,False,3,0.3,True,1,0.1,False,2.0,3.0,0.6666666666666666,1.0,0.6666666666666666,False,0.9,1.0,2.0,0.5,0.5,1.0,False,0.9,1.0,3.0,0.3333333333333333,0.3333333333333333,1.0,False,0.8
2022,PA,UNIAO,18,9.336980664022876,13942817.649999999,False,1,9,0.5,False,9,0.5,False,5,0.2777777777777778,False,9.0,9.0,1.0,1.0,1.0,True,1.0,5.0,9.0,0.5555555555555556,0.5555555555555556,1.0,False,0.7777777777777778,5.0,9.0,0.5555555555555556,0.5555555555555556,1.0,False,0.7777777777777778
2022,PB,AGIR,8,,0.0,True,0,0,0.0,False,0,0.0,False,0,0.0,False,0.0,0.0,,,,True,1.0,0.0,0.0,,,,True,1.0,0.0,0.0,,,,True,1.0
2022,PB,AVANTE,9,,0.0,True,0,0,0.0,False,0,0.0,False,0,0.0,False,0.0,0.0,,,,True,1.0,0.0,0.0,,,,True,1.0,0.0,0.0,,,,True,1.0
2022,PB,DC,2,1.9999504975001234,20100.0,False,0,2,1.0,False,2,1.0,False,1,0.5,False,2.0,2.0,1.0,1.0,1.0,True,1.0,1.0,2.0,0.5,0.5,1.0,False,0.5,1.0,2.0,0.5,0.5,1.0,False,0.5
2022,PB,MDB,13,5.694371449692697,2782021.61,False,0,6,0.46153846153846156,False,7,0.5384615384615384,False,5,0.38461538461538464,False,6.0,7.0,0.8571428571428571,1.0,0.8571428571428571,False,0.9230769230769231,5.0,6.0,0.8333333333333334,0.8333333333333334,1.0,False,0.9230769230769231,5.0,7.0,0.7142857142857143,0.7142857142857143,1.0,False,0.8461538461538461
2022,PB,PATRIOTA,10,9.189149452326694,500000.0,False,0,9,0.9,False,8,0.8,True,4,0.4,False,8.0,9.0,0.8888888888888888,0.8888888888888888,1.0,False,0.9,4.0,9.0,0.4444444444444444,0.4444444444444444,1.0,False,0.5,4.0,8.0,0.5,0.5,1.0,False,0.6
2022,PB,PC DO B,2,1.292939063772568,368525.0,False,0,1,0.5,False,1,0.5,False,1,0.5,False,1.0,1.0,1.0,1.0,1.0,True,1.0,1.0,1.0,1.0,1.0,1.0,True,1.0,1.0,1.0,1.0,1.0,1.0,True,1.0
2022,PB,PCO,3,3.0,9000.0,False,0,3,1.0,False,3,1.0,False,0,0.0,False,3.0,3.0,1.0,1.0,1.0,True,1.0,0.0,3.0,0.0,0.0,,False,0.0,0.0,3.0,0.0,0.0,,False,0.0
2022,PB,PDT,8,7.04084591061024,432666.69,False,0,7,0.875,True,6,0.75,False,4,0.5,False,6.0,7.0,0.8571428571428571,0.8571428571428571,1.0,False,0.875,4.0,7.0,0.5714285714285714,0.5714285714285714,1.0,False,0.625,4.0,6.0,0.6666666666666666,0.6666666666666666,1.0,False,0.75
2022,PB,PL,12,5.362964813174614,2923400.0,False,2,5,0.4166666666666667,False,7,0.5833333333333334,False,3,0.25,False,5.0,7.0,0.7142857142857143,1.0,0.7142857142857143,False,0.8333333333333334,3.0,5.0,0.6,0.6,1.0,False,0.8333333333333334,3.0,7.0,0.42857142857142855,0.42857142857142855,1.0,False,0.6666666666666667
2022,PB,PMB,9,,0.0,True,0,0,0.0,False,0,0.0,False,0,0.0,False,0.0,0.0,,,,True,1.0,0.0,0.0,,,,True,1.0,0.0,0.0,,,,True,1.0
2022,PB,PODE,3,,0.0,True,0,0,0.0,False,0,0.0,False,0,0.0,False,0.0,0.0,,,,True,1.0,0.0,0.0,,,,True,1.0,0.0,0.0,,,,True,1.0
2022,PB,PP,11,6.0139460994965,9392313.21,False,2,6,0.5454545454545454,False,5,0.45454545454545453,False,4,0.36363636363636365,False,5.0,6.0,0.8333333333333334,0.8333333333333334,1.0,False,0.9090909090909091,4.0,6.0,0.6666666666666666,0.6666666666666666,1.0,False,0.8181818181818181,4.0,5.0,0.8,0.8,1.0,False,0.9090909090909091
2022,PB,PROS,3,2.9999913323105467,41600.0,False,0,3,1.0,False,3,1.0,False,1,0.3333333333333333,False,3.0,3.0,1.0,1.0,1.0,True,1.0,1.0,3.0,0.3333333333333333,0.3333333333333333,1.0,False,0.33333333333333337,1.0,3.0,0.3333333333333333,0.3333333333333333,1.0,False,0.33333333333333337
2022,PB,PRTB,11,3.020166593599298,41500.0,False,0,3,0.2727272727272727,True,4,0.36363636363636365,False,2,0.18181818181818182,False,3.0,4.0,0.75,1.0,0.75,False,0.9090909090909091,2.0,3.0,0.6666666666666666,0.6666666666666666,1.0,False,0.9090909090909091,2.0,4.0,0.5,0.5,1.0,False,0.8181818181818181
2022,PB,PSB,13,5.52318387767571,7679000.0,False,1,6,0.46153846153846156,False,5,0.38461538461538464,False,4,0.3076923076923077,False,5.0,6.0,0.8333333333333334,0.8333333333333334,1.0,False,0.9230769230769231,4.0,6.0,0.6666666666666666,0.6666666666666666,1.0,False,0.8461538461538461,4.0,5.0,0.8,0.8,1.0,False,0.9230769230769231
2022,PB,PSC,13,4.419589281585017,9120820.0,False,2,4,0.3076923076923077,False,3,0.23076923076923078,False,3,0.23076923076923078,False,3.0,4.0,0.75,0.75,1.0,False,0.9230769230769231,3.0,4.0,0.75,0.75,1.0,False,0.9230769230769231,3.0,3.0,1.0,1.0,1.0,True,1.0
2022,PB,PSDB,5,1.856653878917786,438375.0,False,0,2,0.4,False,2,0.4,False,1,0.2,False,2.0,2.0,1.0,1.0,1.0,True,1.0,1.0,2.0,0.5,0.5,1.0,False,0.8,1.0,2.0,0.5,0.5,1.0,False,0.8
2022,PB,PSOL,2,1.7705382511462826,360158.58999999997,False,0,2,1.0,False,2,1.0,False,1,0.5,False,2.0,2.0,1.0,1.0,1.0,True,1.0,1.0,2.0,0.5,0.5,1.0,False,0.5,1.0,2.0,0.5,0.5,1.0,False,0.5
2022,PB,PT,8,4.233392962825376,4949402.7,False,1,4,0.5,False,4,0.5,False,3,0.375,False,4.0,4.0,1.0,1.0,1.0,True,1.0,3.0,4.0,0.75,0.75,1.0,False,0.875,3.0,4.0,0.75,0.75,1.0,False,0.875
2022,PB,PTB,12,3.720738017541074,1889404.0,False,0,4,0.3333333333333333,False,4,0.3333333333333333,False,4,0.3333333333333333,False,4.0,4.0,1.0,1.0,1.0,True,1.0,4.0,4.0,1.0,1.0,1.0,True,1.0,4.0,4.0,1.0,1.0,1.0,True,1.0
2022,PB,PV,2,1.998215746182111,401906.5,False,0,2,1.0,False,2,1.0,False,1,0.5,False,2.0,2.0,1.0,1.0,1.0,True,1.0,1.0,2.0,0.5,0.5,1.0,False,0.5,1.0,2.0,0.5,0.5,1.0,False,0.5
2022,PB,REDE,11,6.655113604429375,821177.78,False,0,7,0.6363636363636364,False,6,0.5454545454545454,False,3,0.2727272727272727,False,6.0,7.0,0.8571428571428571,0.8571428571428571,1.0,False,0.9090909090909091,3.0,7.0,0.42857142857142855,0.42857142857142855,1.0,False,0.6363636363636364,3.0,6.0,0.5,0.5,1.0,False,0.7272727272727273
2022,PB,REPUBLICANOS,13,9.457326951059178,11954119.0,False,3,9,0.6923076923076923,True,7,0.5384615384615384,False,6,0.46153846153846156,False,7.0,9.0,0.7777777777777778,0.7777777777777778,1.0,False,0.8461538461538461,6.0,9.0,0.6666666666666666,0.6666666666666666,1.0,False,0.7692307692307692,6.0,7.0,0.8571428571428571,0.8571428571428571,1.0,False,0.9230769230769231
2022,PB,SOLIDARIEDADE,12,4.794889657403029,878000.0,False,0,5,0.4166666666666667,False,4,0.3333333333333333,False,4,0.3333333333333333,False,4.0,5.0,0.8,0.8,1.0,False,0.9166666666666666,4.0,5.0,0.8,0.8,1.0,False,0.9166666666666666,4.0,4.0,1.0,1.0,1.0,True,1.0
2022,PB,UNIAO,13,7.9109113984125825,14097000.0,False,1,8,0.6153846153846154,False,8,0.6153846153846154,False,4,0.3076923076923077,False,8.0,8.0,1.0,1.0,1.0,True,1.0,4.0,8.0,0.5,0.5,1.0,False,0.6923076923076923,4.0,8.0,0.5,0.5,1.0,False,0.6923076923076923
2022,PB,UP,3,2.7170665743498352,16485.0,False,0,3,1.0,False,2,0.6666666666666666,False,2,0.6666666666666666,False,2.0,3.0,0.6666666666666666,0.6666666666666666,1.0,False,0.6666666666666667,2.0,3.0,0.6666666666666666,0.6666666666666666,1.0,False,0.6666666666666667,2.0,2.0,1.0,1.0,1.0,True,1.0
2022,PE,AGIR,17,9.122098022355976,103000.0,False,0,9,0.5294117647058824,False,8,0.47058823529411764,True,5,0.29411764705882354,False,8.0,9.0,0.8888888888888888,0.8888888888888888,1.0,False,0.9411764705882353,5.0,9.0,0.5555555555555556,0.5555555555555556,1.0,False,0.7647058823529411,5.0,8.0,0.625,0.625,1.0,False,0.8235294117647058
2022,PE,AVANTE,26,8.438518623507964,8836742.0,False,1,8,0.3076923076923077,True,11,0.4230769230769231,False,6,0.23076923076923078,False,8.0,11.0,0.7272727272727273,1.0,0.7272727272727273,False,0.8846153846153846,6.0,8.0,0.75,0.75,1.0,False,0.9230769230769231,6.0,11.0,0.5454545454545454,0.5454545454545454,1.0,False,0.8076923076923077
2022,PE,CIDADANIA,2,1.0079521605609199,2525000.0,False,0,1,0.5,False,1,0.5,False,1,0.5,False,1.0,1.0,1.0,1.0,1.0,True,1.0,1.0,1.0,1.0,1.0,1.0,True,1.0,1.0,1.0,1.0,1.0,1.0,True,1.0
2022,PE,DC,18,13.461538461538462,35000.0,False,0,13,0.7222222222222222,True,11,0.6111111111111112,True,14,0.7777777777777778,False,11.0,13.0,0.8461538461538461,0.8461538461538461,1.0,False,0.888888888888889,13.0,14.0,0.9285714285714286,1.0,0.9285714285714286,False,0.9444444444444444,11.0,14.0,0.7857142857142857,1.0,0.7857142857142857,False,0.8333333333333333
2022,PE,MDB,20,7.240061355215733,9147447.0,False,1,7,0.35,False,7,0.35,False,7,0.35,False,7.0,7.0,1.0,1.0,1.0,True,1.0,7.0,7.0,1.0,1.0,1.0,True,1.0,7.0,7.0,1.0,1.0,1.0,True,1.0
2022,PE,NOVO,6,4.437751172240438,25449.179999999997,False,0,4,0.6666666666666666,True,4,0.6666666666666666,True,3,0.5,False,4.0,4.0,1.0,1.0,1.0,True,1.0,3.0,4.0,0.75,0.75,1.0,False,0.8333333333333334,3.0,4.0,0.75,0.75,1.0,False,0.8333333333333334
2022,PE,PATRIOTA,21,8.925650429503946,940022.0,False,0,9,0.42857142857142855,True,7,0.3333333333333333,True,6,0.2857142857142857,False,7.0,9.0,0.7777777777777778,0.7777777777777778,1.0,False,0.9047619047619048,6.0,9.0,0.6666666666666666,0.6666666666666666,1.0,False,0.8571428571428572,6.0,7.0,0.8571428571428571,0.8571428571428571,1.0,False,0.9523809523809523
2022,PE,PC DO B,3,1.0540140250491963,3089188.76,False,1,1,0.3333333333333333,False,1,0.3333333333333333,False,1,0.3333333333333333,False,1.0,1.0,1.0,1.0,1.0,True,1.0,1.0,1.0,1.0,1.0,1.0,True,1.0,1.0,1.0,1.0,1.0,1.0,True,1.0
2022,PE,PCB,2,,0.0,True,0,0,0.0,False,0,0.0,False,0,0.0,False,0.0,0.0,,,,True,1.0,0.0,0.0,,,,True,1.0,0.0,0.0,,,,True,1.0
2022,PE,PDT,24,5.726690668069302,5438370.0,False,0,6,0.25,False,7,0.2916666666666667,False,6,0.25,False,6.0,7.0,0.8571428571428571,1.0,0.8571428571428571,False,0.9583333333333334,6.0,6.0,1.0,1.0,1.0,True,1.0,6.0,7.0,0.8571428571428571,0.8571428571428571,1.0,False,0.9583333333333334
2022,PE,PL,26,3.018856992021144,5365946.26,False,4,3,0.11538461538461539,False,3,0.11538461538461539,False,3,0.11538461538461539,False,3.0,3.0,1.0,1.0,1.0,True,1.0,3.0,3.0,1.0,1.0,1.0,True,1.0,3.0,3.0,1.0,1.0,1.0,True,1.0
2022,PE,PMB,1,,0.0,True,0,0,0.0,False,0,0.0,False,0,0.0,False,0.0,0.0,,,,True,1.0,0.0,0.0,,,,True,1.0,0.0,0.0,,,,True,1.0
2022,PE,PMN,21,5.632772101104539,1845000.0,False,0,6,0.2857142857142857,False,7,0.3333333333333333,False,4,0.19047619047619047,False,6.0,7.0,0.8571428571428571,1.0,0.8571428571428571,False,0.9523809523809523,4.0,6.0,0.6666666666666666,0.6666666666666666,1.0,False,0.9047619047619048,4.0,7.0,0.5714285714285714,0.5714285714285714,1.0,False,0.8571428571428572
2022,PE,PODE,22,5.1259737275353,8491182.85,False,0,5,0.22727272727272727,False,7,0.3181818181818182,False,4,0.18181818181818182,False,5.0,7.0,0.7142857142857143,1.0,0.7142857142857143,False,0.9090909090909091,4.0,5.0,0.8,0.8,1.0,False,0.9545454545454546,4.0,7.0,0.5714285714285714,0.5714285714285714,1.0,False,0.8636363636363636
2022,PE,PP,21,7.868132857611351,16139674.3,False,4,8,0.38095238095238093,False,6,0.2857142857142857,False,6,0.2857142857142857,False,6.0,8.0,0.75,0.75,1.0,False,0.9047619047619048,6.0,8.0,0.75,0.75,1.0,False,0.9047619047619048,6.0,6.0,1.0,1.0,1.0,True,1.0
2022,PE,PROS,3,,0.0,True,0,0,0.0,False,0,0.0,False,0,0.0,False,0.0,0.0,,,,True,1.0,0.0,0.0,,,,True,1.0,0.0,0.0,,,,True,1.0
2022,PE,PRTB,24,13.060314696692442,86770.57,False,0,13,0.5416666666666666,False,10,0.4166666666666667,False,9,0.375,False,10.0,13.0,0.7692307692307693,0.7692307692307693,1.0,False,0.875,9.0,13.0,0.6923076923076923,0.6923076923076923,1.0,False,0.8333333333333334,9.0,10.0,0.9,0.9,1.0,False,0.9583333333333334
2022,PE,PSB,14,8.169501155595064,17220844.3,False,5,8,0.5714285714285714,False,6,0.42857142857142855,False,6,0.42857142857142855,False,6.0,8.0,0.75,0.75,1.0,False,0.8571428571428572,6.0,8.0,0.75,0.75,1.0,False,0.8571428571428572,6.0,6.0,1.0,1.0,1.0,True,1.0
2022,PE,PSC,9,,0.0,True,0,0,0.0,False,0,0.0,False,0,0.0,False,0.0,0.0,,,,True,1.0,0.0,0.0,,,,True,1.0,0.0,0.0,,,,True,1.0
2022,PE,PSD,2,,0.0,True,0,0,0.0,False,0,0.0,False,0,0.0,False,0.0,0.0,,,,True,1.0,0.0,0.0,,,,True,1.0,0.0,0.0,,,,True,1.0
2022,PE,PSDB,13,7.693329680865635,1185000.0,False,0,8,0.6153846153846154,True,6,0.46153846153846156,False,6,0.46153846153846156,False,6.0,8.0,0.75,0.75,1.0,False,0.8461538461538461,6.0,8.0,0.75,0.75,1.0,False,0.8461538461538461,6.0,6.0,1.0,1.0,1.0,True,1.0
2022,PE,PSOL,17,9.47820375706566,1511562.5399999998,False,0,9,0.5294117647058824,False,9,0.5294117647058824,False,7,0.4117647058823529,False,9.0,9.0,1.0,1.0,1.0,True,1.0,7.0,9.0,0.7777777777777778,0.7777777777777778,1.0,False,0.8823529411764706,7.0,9.0,0.7777777777777778,0.7777777777777778,1.0,False,0.8823529411764706
2022,PE,PSTU,2,2.0,11044.0,False,0,2,1.0,False,2,1.0,False,0,0.0,False,2.0,2.0,1.0,1.0,1.0,True,1.0,0.0,2.0,0.0,0.0,,False,0.0,0.0,2.0,0.0,0.0,,False,0.0
2022,PE,PT,15,6.390713176560139,6374884.23,False,1,6,0.4,False,6,0.4,False,6,0.4,False,6.0,6.0,1.0,1.0,1.0,True,1.0,6.0,6.0,1.0,1.0,1.0,True,1.0,6.0,6.0,1.0,1.0,1.0,True,1.0
2022,PE,PTB,10,4.231007463464461,86841.95000000001,False,0,4,0.4,True,5,0.5,False,2,0.2,False,4.0,5.0,0.8,1.0,0.8,False,0.9,2.0,4.0,0.5,0.5,1.0,False,0.8,2.0,5.0,0.4,0.4,1.0,False,0.7
2022,PE,PV,3,1.9129599009011198,1321987.7,False,1,2,0.6666666666666666,False,2,0.6666666666666666,False,2,0.6666666666666666,False,2.0,2.0,1.0,1.0,1.0,True,1.0,2.0,2.0,1.0,1.0,1.0,True,1.0,2.0,2.0,1.0,1.0,1.0,True,1.0
2022,PE,REDE,9,2.2527505028683286,3746672.8000000003,False,1,2,0.2222222222222222,False,3,0.3333333333333333,False,2,0.2222222222222222,False,2.0,3.0,0.6666666666666666,1.0,0.6666666666666666,False,0.8888888888888888,2.0,2.0,1.0,1.0,1.0,True,1.0,2.0,3.0,0.6666666666666666,0.6666666666666666,1.0,False,0.8888888888888888
2022,PE,REPUBLICANOS,25,8.749965219284935,10718000.0,False,2,9,0.36,False,9,0.36,False,6,0.24,False,9.0,9.0,1.0,1.0,1.0,True,1.0,6.0,9.0,0.6666666666666666,0.6666666666666666,1.0,False,0.88,6.0,9.0,0.6666666666666666,0.6666666666666666,1.0,False,0.88
2022,PE,SOLIDARIEDADE,13,2.8622651131772003,7640000.0,False,1,3,0.23076923076923078,False,2,0.15384615384615385,False,2,0.15384615384615385,False,2.0,3.0,0.6666666666666666,0.6666666666666666,1.0,False,0.9230769230769231,2.0,3.0,0.6666666666666666,0.6666666666666666,1.0,False,0.9230769230769231,2.0,2.0,1.0,1.0,1.0,True,1.0
2022,PE,UNIAO,26,20.681228712693365,29793231.74,False,3,21,0.8076923076923077,False,16,0.6153846153846154,False,14,0.5384615384615384,False,16.0,21.0,0.7619047619047619,0.7619047619047619,1.0,False,0.8076923076923077,14.0,21.0,0.6666666666666666,0.6666666666666666,1.0,False,0.7307692307692308,14.0,16.0,0.875,0.875,1.0,False,0.9230769230769231
2022,PE,UP,2,1.014618290366188,81651.0,False,0,1,0.5,False,1,0.5,False,1,0.5,False,1.0,1.0,1.0,1.0,1.0,True,1.0,1.0,1.0,1.0,1.0,1.0,True,1.0,1.0,1.0,1.0,1.0,1.0,True,1.0
2022,PI,AGIR,6,1.0,5000.0,False,0,1,0.16666666666666666,False,1,0.16666666666666666,False,1,0.16666666666666666,False,1.0,1.0,1.0,1.0,1.0,True,1.0,1.0,1.0,1.0,1.0,1.0,True,1.0,1.0,1.0,1.0,1.0,1.0,True,1.0
2022,PI,CIDADANIA,9,8.646533660847357,130440.0,False,0,9,1.0,False,7,0.7777777777777778,False,7,0.7777777777777778,False,7.0,9.0,0.7777777777777778,0.7777777777777778,1.0,False,0.7777777777777778,7.0,9.0,0.7777777777777778,0.7777777777777778,1.0,False,0.7777777777777778,7.0,7.0,1.0,1.0,1.0,True,1.0
2022,PI,NOVO,6,3.4651365431739247,82441.28,False,0,3,0.5,True,3,0.5,True,2,0.3333333333333333,False,3.0,3.0,1.0,1.0,1.0,True,1.0,2.0,3.0,0.6666666666666666,0.6666666666666666,1.0,False,0.8333333333333334,2.0,3.0,0.6666666666666666,0.6666666666666666,1.0,False,0.8333333333333334
2022,PI,PATRIOTA,9,5.363475177304965,550000.0,False,0,5,0.5555555555555556,False,5,0.5555555555555556,False,5,0.5555555555555556,False,5.0,5.0,1.0,1.0,1.0,True,1.0,5.0,5.0,1.0,1.0,1.0,True,1.0,5.0,5.0,1.0,1.0,1.0,True,1.0
2022,PI,PCB,2,,0.0,True,0,0,0.0,False,0,0.0,False,0,0.0,False,0.0,0.0,,,,True,1.0,0.0,0.0,,,,True,1.0,0.0,0.0,,,,True,1.0
2022,PI,PCO,1,,0.0,True,0,0,0.0,False,0,0.0,False,0,0.0,False,0.0,0.0,,,,True,1.0,0.0,0.0,,,,True,1.0,0.0,0.0,,,,True,1.0
2022,PI,PDT,8,1.6674519355547128,1445000.0,False,0,2,0.25,True,2,0.25,True,1,0.125,False,2.0,2.0,1.0,1.0,1.0,True,1.0,1.0,2.0,0.5,0.5,1.0,False,0.875,1.0,2.0,0.5,0.5,1.0,False,0.875
2022,PI,PL,10,1.296524039364301,1709000.0,False,0,1,0.1,False,1,0.1,False,1,0.1,False,1.0,1.0,1.0,1.0,1.0,True,1.0,1.0,1.0,1.0,1.0,1.0,True,1.0,1.0,1.0,1.0,1.0,1.0,True,1.0
2022,PI,PMN,11,8.19838056680162,225000.0,False,0,8,0.7272727272727273,True,7,0.6363636363636364,False,4,0.36363636363636365,False,7.0,8.0,0.875,0.875,1.0,False,0.9090909090909091,4.0,8.0,0.5,0.5,1.0,False,0.6363636363636364,4.0,7.0,0.5714285714285714,0.5714285714285714,1.0,False,0.7272727272727273
2022,PI,PODE,9,6.764455241052681,1000720.0,False,0,7,0.7777777777777778,False,6,0.6666666666666666,False,5,0.5555555555555556,False,6.0,7.0,0.8571428571428571,0.8571428571428571,1.0,False,0.8888888888888888,5.0,7.0,0.7142857142857143,0.7142857142857143,1.0,False,0.7777777777777778,5.0,6.0,0.8333333333333334,0.8333333333333334,1.0,False,0.8888888888888888
2022,PI,PP,9,7.069032929455043,15134166.67,False,2,7,0.7777777777777778,False,6,0.6666666666666666,False,4,0.4444444444444444,False,6.0,7.0,0.8571428571428571,0.8571428571428571,1.0,False,0.8888888888888888,4.0,7.0,0.5714285714285714,0.5714285714285714,1.0,False,0.6666666666666667,4.0,6.0,0.6666666666666666,0.6666666666666666,1.0,False,0.7777777777777778
2022,PI,PSC,11,,0.0,True,0,0,0.0,False,0,0.0,False,0,0.0,False,0.0,0.0,,,,True,1.0,0.0,0.0,,,,True,1.0,0.0,0.0,,,,True,1.0
2022,PI,PSD,10,5.724803123695437,9764000.0,False,3,6,0.6,False,4,0.4,False,4,0.4,False,4.0,6.0,0.6666666666666666,0.6666666666666666,1.0,False,0.8,4.0,6.0,0.6666666666666666,0.6666666666666666,1.0,False,0.8,4.0,4.0,1.0,1.0,1.0,True,1.0
2022,PI,PSOL,4,3.569119540326305,222301.39,False,0,4,1.0,False,3,0.75,False,2,0.5,False,3.0,4.0,0.75,0.75,1.0,False,0.75,2.0,4.0,0.5,0.5,1.0,False,0.5,2.0,3.0,0.6666666666666666,0.6666666666666666,1.0,False,0.75
2022,PI,PSTU,2,2.0,13400.0,False,0,2,1.0,False,2,1.0,False,0,0.0,False,2.0,2.0,1.0,1.0,1.0,True,1.0,0.0,2.0,0.0,0.0,,False,0.0,0.0,2.0,0.0,0.0,,False,0.0
2022,PI,PT,9,4.613740472038869,7861466.8,False,4,5,0.5555555555555556,False,4,0.4444444444444444,False,4,0.4444444444444444,False,4.0,5.0,0.8,0.8,1.0,False,0.8888888888888888,4.0,5.0,0.8,0.8,1.0,False,0.8888888888888888,4.0,4.0,1.0,1.0,1.0,True,1.0
2022,PI,PTB,10,7.245369962336925,410000.01999999996,False,0,7,0.7,True,6,0.6,False,6,0.6,False,6.0,7.0,0.8571428571428571,0.8571428571428571,1.0,False,0.9,6.0,7.0,0.8571428571428571,0.8571428571428571,1.0,False,0.9,6.0,6.0,1.0,1.0,1.0,True,1.0
2022,PI,PV,2,1.0,79998.7,False,1,1,0.5,False,1,0.5,False,1,0.5,False,1.0,1.0,1.0,1.0,1.0,True,1.0,1.0,1.0,1.0,1.0,1.0,True,1.0,1.0,1.0,1.0,1.0,1.0,True,1.0
2022,PI,REDE,3,2.9928825358341253,48333.34,False,0,3,1.0,False,3,1.0,False,2,0.6666666666666666,False,3.0,3.0,1.0,1.0,1.0,True,1.0,2.0,3.0,0.6666666666666666,0.6666666666666666,1.0,False,0.6666666666666667,2.0,3.0,0.6666666666666666,0.6666666666666666,1.0,False,0.6666666666666667
2022,PI,REPUBLICANOS,11,1.6331977082199467,3229446.9499999993,False,0,2,0.18181818181818182,False,2,0.18181818181818182,False,2,0.18181818181818182,False,2.0,2.0,1.0,1.0,1.0,True,1.0,2.0,2.0,1.0,1.0,1.0,True,1.0,2.0,2.0,1.0,1.0,1.0,True,1.0
2022,PI,SOLIDARIEDADE,11,3.0191262498702676,6300650.0,False,0,3,0.2727272727272727,False,3,0.2727272727272727,False,3,0.2727272727272727,False,3.0,3.0,1.0,1.0,1.0,True,1.0,3.0,3.0,1.0,1.0,1.0,True,1.0,3.0,3.0,1.0,1.0,1.0,True,1.0
2022,PI,UNIAO,10,7.352661891994614,10776000.0,False,0,7,0.7,False,6,0.6,False,4,0.4,False,6.0,7.0,0.8571428571428571,0.8571428571428571,1.0,False,0.9,4.0,7.0,0.5714285714285714,0.5714285714285714,1.0,False,0.7,4.0,6.0,0.6666666666666666,0.6666666666666666,1.0,False,0.8
2022,PI,UP,1,1.0,21030.0,False,0,1,1.0,False,1,1.0,False,0,0.0,False,1.0,1.0,1.0,1.0,1.0,True,1.0,0.0,1.0,0.0,0.0,,False,0.0,0.0,1.0,0.0,0.0,,False,0.0
2022,PR,AGIR,26,5.570380786580528,824417.54,False,0,6,0.23076923076923078,False,5,0.19230769230769232,False,6,0.23076923076923078,False,5.0,6.0,0.8333333333333334,0.8333333333333334,1.0,False,0.9615384615384616,6.0,6.0,1.0,1.0,1.0,True,1.0,5.0,6.0,0.8333333333333334,1.0,0.8333333333333334,False,0.9615384615384616
2022,PR,CIDADANIA,12,1.9795396019957754,3483500.0,False,0,2,0.16666666666666666,False,3,0.25,False,1,0.08333333333333333,False,2.0,3.0,0.6666666666666666,1.0,0.6666666666666666,False,0.9166666666666666,1.0,2.0,0.5,0.5,1.0,False,0.9166666666666666,1.0,3.0,0.3333333333333333,0.3333333333333333,1.0,False,0.8333333333333334
2022,PR,DC,25,12.201752548060366,78508.0,False,0,12,0.48,False,10,0.4,True,13,0.52,False,10.0,12.0,0.8333333333333334,0.8333333333333334,1.0,False,0.92,12.0,13.0,0.9230769230769231,1.0,0.9230769230769231,False,0.96,10.0,13.0,0.7692307692307693,1.0,0.7692307692307693,False,0.88
2022,PR,MDB,30,6.670665291048025,9013666.559999997,False,1,7,0.23333333333333334,False,9,0.3,False,6,0.2,False,7.0,9.0,0.7777777777777778,1.0,0.7777777777777778,False,0.9333333333333333,6.0,7.0,0.8571428571428571,0.8571428571428571,1.0,False,0.9666666666666667,6.0,9.0,0.6666666666666666,0.6666666666666666,1.0,False,0.9
2022,PR,NOVO,26,7.337652234709635,542733.05,False,0,7,0.2692307692307692,False,9,0.34615384615384615,False,7,0.2692307692307692,False,7.0,9.0,0.7777777777777778,1.0,0.7777777777777778,False,0.9230769230769231,7.0,7.0,1.0,1.0,1.0,True,1.0,7.0,9.0,0.7777777777777778,0.7777777777777778,1.0,False,0.9230769230769231
2022,PR,PATRIOTA,20,9.831483808693326,1110700.0,False,0,10,0.5,True,11,0.55,True,6,0.3,False,10.0,11.0,0.9090909090909091,1.0,0.9090909090909091,False,0.95,6.0,10.0,0.6,0.6,1.0,False,0.8,6.0,11.0,0.5454545454545454,0.5454545454545454,1.0,False,0.75
2022,PR,PC DO B,4,3.569536460362222,179842.0,False,0,4,1.0,False,3,0.75,False,2,0.5,False,3.0,4.0,0.75,0.75,1.0,False,0.75,2.0,4.0,0.5,0.5,1.0,False,0.5,2.0,3.0,0.6666666666666666,0.6666666666666666,1.0,False,0.75
2022,PR,PCB,2,,0.0,True,0,0,0.0,False,0,0.0,False,0,0.0,False,0.0,0.0,,,,True,1.0,0.0,0.0,,,,True,1.0,0.0,0.0,,,,True,1.0
2022,PR,PCO,1,1.0,12090.91,False,0,1,1.0,False,1,1.0,False,0,0.0,False,1.0,1.0,1.0,1.0,1.0,True,1.0,0.0,1.0,0.0,0.0,,False,0.0,0.0,1.0,0.0,0.0,,False,0.0
2022,PR,PDT,30,4.5894024534177635,3339312.639999999,False,0,5,0.16666666666666666,False,9,0.3,False,4,0.13333333333333333,False,5.0,9.0,0.5555555555555556,1.0,0.5555555555555556,False,0.8666666666666667,4.0,5.0,0.8,0.8,1.0,False,0.9666666666666667,4.0,9.0,0.4444444444444444,0.4444444444444444,1.0,False,0.8333333333333334
2022,PR,PL,26,3.733384323017526,8094019.0,False,3,4,0.15384615384615385,False,3,0.11538461538461539,False,4,0.15384615384615385,False,3.0,4.0,0.75,0.75,1.0,False,0.9615384615384616,4.0,4.0,1.0,1.0,1.0,True,1.0,3.0,4.0,0.75,1.0,0.75,False,0.9615384615384616
2022,PR,PMB,27,18.3060985103235,67559.0,False,0,18,0.6666666666666666,True,15,0.5555555555555556,True,10,0.37037037037037035,False,15.0,18.0,0.8333333333333334,0.8333333333333334,1.0,False,0.888888888888889,10.0,18.0,0.5555555555555556,0.5555555555555556,1.0,False,0.7037037037037037,10.0,15.0,0.6666666666666666,0.6666666666666666,1.0,False,0.8148148148148149
2022,PR,PMN,18,13.63917525773196,315000.0,False,0,14,0.7777777777777778,True,13,0.7222222222222222,True,3,0.16666666666666666,False,12.999999999999998,14.000000000000002,0.9285714285714284,0.9285714285714285,0.9999999999999999,False,0.9444444444444444,3.0,14.000000000000002,0.21428571428571425,0.21428571428571427,1.0,False,0.38888888888888884,3.0,12.999999999999998,0.2307692307692308,0.23076923076923078,1.0,False,0.44444444444444453
2022,PR,PODE,28,9.766321171261605,5928545.6899999995,False,1,10,0.35714285714285715,False,13,0.4642857142857143,False,7,0.25,False,10.0,13.0,0.7692307692307693,1.0,0.7692307692307693,False,0.8928571428571429,7.0,10.0,0.7,0.7,1.0,False,0.8928571428571429,7.0,13.0,0.5384615384615384,0.5384615384615384,1.0,False,0.7857142857142857
2022,PR,PP,31,16.97303597275909,20115086.629999995,False,4,17,0.5483870967741935,False,15,0.4838709677419355,False,8,0.25806451612903225,False,15.0,17.0,0.8823529411764706,0.8823529411764706,1.0,False,0.935483870967742,8.0,17.0,0.47058823529411764,0.47058823529411764,1.0,False,0.7096774193548387,8.0,15.0,0.5333333333333333,0.5333333333333333,1.0,False,0.7741935483870968
2022,PR,PROS,30,7.876514392571253,10247446.68,False,1,8,0.26666666666666666,False,10,0.3333333333333333,False,7,0.23333333333333334,False,8.0,10.0,0.8,1.0,0.8,False,0.9333333333333333,7.0,8.0,0.875,0.875,1.0,False,0.9666666666666667,7.0,10.0,0.7,0.7,1.0,False,0.9
2022,PR,PRTB,15,7.121650807568433,60688.27,False,0,7,0.4666666666666667,True,8,0.5333333333333333,True,10,0.6666666666666666,False,7.0,8.0,0.875,1.0,0.875,False,0.9333333333333333,7.0,10.0,0.7,1.0,0.7,False,0.8,8.0,10.0,0.8,1.0,0.8,False,0.8666666666666667
2022,PR,PSB,22,5.737028098416534,6580640.55,False,1,6,0.2727272727272727,False,10,0.45454545454545453,False,6,0.2727272727272727,False,6.0,10.0,0.6,1.0,0.6,False,0.8181818181818181,6.0,6.0,1.0,1.0,1.0,True,1.0,6.0,10.0,0.6,0.6,1.0,False,0.8181818181818181
2022,PR,PSC,24,8.867566427667649,725000.0,False,0,9,0.375,False,12,0.5,True,5,0.20833333333333334,False,9.0,12.0,0.75,1.0,0.75,False,0.875,5.0,9.0,0.5555555555555556,0.5555555555555556,1.0,False,0.8333333333333334,5.0,12.0,0.4166666666666667,0.4166666666666667,1.0,False,0.7083333333333333
2022,PR,PSD,29,14.022638735576924,21835389.359999996,False,7,14,0.4827586206896552,False,11,0.3793103448275862,False,9,0.3103448275862069,False,11.0,14.0,0.7857142857142857,0.7857142857142857,1.0,False,0.896551724137931,9.0,14.0,0.6428571428571429,0.6428571428571429,1.0,False,0.8275862068965517,9.0,11.0,0.8181818181818182,0.8181818181818182,1.0,False,0.9310344827586207
2022,PR,PSDB,10,3.1496042517401555,6099287.82,False,1,3,0.3,False,3,0.3,False,3,0.3,False,3.0,3.0,1.0,1.0,1.0,True,1.0,3.0,3.0,1.0,1.0,1.0,True,1.0,3.0,3.0,1.0,1.0,1.0,True,1.0
2022,PR,PSOL,10,7.377045571274072,395674.85,False,0,7,0.7,False,6,0.6,False,5,0.5,False,6.0,7.0,0.8571428571428571,0.8571428571428571,1.0,False,0.9,5.0,7.0,0.7142857142857143,0.7142857142857143,1.0,False,0.8,5.0,6.0,0.8333333333333334,0.8333333333333334,1.0,False,0.9
2022,PR,PSTU,1,,0.0,True,0,0,0.0,False,0,0.0,False,0,0.0,False,0.0,0.0,,,,True,1.0,0.0,0.0,,,,True,1.0,0.0,0.0,,,,True,1.0
2022,PR,PT,23,7.899391148216908,11306807.69,False,5,8,0.34782608695652173,False,7,0.30434782608695654,False,6,0.2608695652173913,False,7.0,8.0,0.875,0.875,1.0,False,0.9565217391304348,6.0,8.0,0.75,0.75,1.0,False,0.9130434782608696,6.0,7.0,0.8571428571428571,0.8571428571428571,1.0,False,0.9565217391304348
2022,PR,PTB,30,1.7462553917472676,2669927.4,False,0,2,0.06666666666666667,False,4,0.13333333333333333,False,1,0.03333333333333333,False,2.0,4.0,0.5,1.0,0.5,False,0.9333333333333333,1.0,2.0,0.5,0.5,1.0,False,0.9666666666666667,1.0,4.0,0.25,0.25,1.0,False,0.9
2022,PR,PV,2,1.3019377940503765,2389794.37,False,1,1,0.5,False,1,0.5,False,1,0.5,False,1.0,1.0,1.0,1.0,1.0,True,1.0,1.0,1.0,1.0,1.0,1.0,True,1.0,1.0,1.0,1.0,1.0,1.0,True,1.0
2022,PR,REDE,21,14.222963431454243,1407948.64,False,0,14,0.6666666666666666,False,13,0.6190476190476191,False,8,0.38095238095238093,False,13.0,14.0,0.9285714285714286,0.9285714285714286,1.0,False,0.9523809523809523,8.0,14.0,0.5714285714285714,0.5714285714285714,1.0,False,0.7142857142857143,8.0,13.0,0.6153846153846154,0.6153846153846154,1.0,False,0.7619047619047619
2022,PR,REPUBLICANOS,28,11.882207068008283,6372486.5,False,1,12,0.42857142857142855,True,11,0.39285714285714285,False,11,0.39285714285714285,False,11.0,12.0,0.9166666666666666,0.9166666666666666,1.0,False,0.9642857142857143,11.0,12.0,0.9166666666666666,0.9166666666666666,1.0,False,0.9642857142857143,11.0,11.0,1.0,1.0,1.0,True,1.0
2022,PR,SOLIDARIEDADE,22,12.180215726585908,3724678.72,False,0,12,0.5454545454545454,False,12,0.5454545454545454,False,8,0.36363636363636365,False,12.0,12.0,1.0,1.0,1.0,True,1.0,8.0,12.0,0.6666666666666666,0.6666666666666666,1.0,False,0.8181818181818181,8.0,12.0,0.6666666666666666,0.6666666666666666,1.0,False,0.8181818181818181
2022,PR,UNIAO,27,10.113235787010938,12956906.73,False,4,10,0.37037037037037035,False,10,0.37037037037037035,False,10,0.37037037037037035,False,10.0,10.0,1.0,1.0,1.0,True,1.0,10.0,10.0,1.0,1.0,1.0,True,1.0,10.0,10.0,1.0,1.0,1.0,True,1.0
2022,RJ,AGIR,45,10.81516466182518,4328000.0,False,0,11,0.24444444444444444,False,16,0.35555555555555557,True,7,0.15555555555555556,False,11.0,16.0,0.6875,1.0,0.6875,False,0.8888888888888888,7.0,11.0,0.6363636363636364,0.6363636363636364,1.0,False,0.9111111111111111,7.0,16.0,0.4375,0.4375,1.0,False,0.8
2022,RJ,AVANTE,43,14.03419648547981,3393273.75,False,0,14,0.32558139534883723,False,14,0.32558139534883723,False,11,0.2558139534883721,False,14.0,14.0,1.0,1.0,1.0,True,1.0,11.0,14.0,0.7857142857142857,0.7857142857142857,1.0,False,0.9302325581395349,11.0,14.0,0.7857142857142857,0.7857142857142857,1.0,False,0.9302325581395349
2022,RJ,CIDADANIA,22,8.265713177762846,3648182.5,False,0,8,0.36363636363636365,False,9,0.4090909090909091,False,6,0.2727272727272727,False,8.0,9.0,0.8888888888888888,1.0,0.8888888888888888,False,0.9545454545454546,6.0,8.0,0.75,0.75,1.0,False,0.9090909090909091,6.0,9.0,0.6666666666666666,0.6666666666666666,1.0,False,0.8636363636363636
2022,RJ,DC,44,30.67208725824835,380318.89999999997,False,0,31,0.7045454545454546,False,25,0.5681818181818182,False,23,0.5227272727272727,False,25.0,31.0,0.8064516129032258,0.8064516129032258,1.0,False,0.8636363636363636,23.0,31.0,0.7419354838709677,0.7419354838709677,1.0,False,0.8181818181818181,23.0,25.0,0.92,0.92,1.0,False,0.9545454545454546
2022,RJ,MDB,45,5.4010783750773985,10475065.0,False,2,5,0.1111111111111111,False,5,0.1111111111111111,False,5,0.1111111111111111,False,5.0,5.0,1.0,1.0,1.0,True,1.0,5.0,5.0,1.0,1.0,1.0,True,1.0,5.0,5.0,1.0,1.0,1.0,True,1.0
2022,RJ,NOVO,21,2.5776938146712958,558847.1300000002,False,0,3,0.14285714285714285,False,4,0.19047619047619047,False,5,0.23809523809523808,False,3.0,4.0,0.75,1.0,0.75,False,0.9523809523809523,3.0,5.0,0.6,1.0,0.6,False,0.9047619047619048,4.0,5.0,0.8,1.0,0.8,False,0.9523809523809523
2022,RJ,PATRIOTA,47,16.266335346900686,2550788.4899999998,False,0,16,0.3404255319148936,False,21,0.44680851063829785,False,11,0.23404255319148937,False,16.0,21.0,0.7619047619047619,1.0,0.7619047619047619,False,0.8936170212765957,11.0,16.0,0.6875,0.6875,1.0,False,0.8936170212765957,11.0,21.0,0.5238095238095238,0.5238095238095238,1.0,False,0.7872340425531915
2022,RJ,PC DO B,3,1.988612538540596,4758000.0,False,1,2,0.6666666666666666,False,2,0.6666666666666666,False,2,0.6666666666666666,False,2.0,2.0,1.0,1.0,1.0,True,1.0,2.0,2.0,1.0,1.0,1.0,True,1.0,2.0,2.0,1.0,1.0,1.0,True,1.0
2022,RJ,PCB,3,,0.0,True,0,0,0.0,False,0,0.0,False,0,0.0,False,0.0,0.0,,,,True,1.0,0.0,0.0,,,,True,1.0,0.0,0.0,,,,True,1.0
2022,RJ,PDT,44,8.75610960561485,5955000.0,False,1,9,0.20454545454545456,True,12,0.2727272727272727,True,10,0.22727272727272727,False,9.0,12.0,0.75,1.0,0.75,False,0.9318181818181818,9.0,10.0,0.9,1.0,0.9,False,0.9772727272727273,10.0,12.0,0.8333333333333334,0.8333333333333334,1.0,False,0.9545454545454546
2022,RJ,PL,46,17.97775805626017,20698969.28,False,11,18,0.391304347826087,True,20,0.43478260869565216,True,23,0.5,False,18.000000000000004,20.0,0.9000000000000001,1.0000000000000002,0.9000000000000001,False,0.9565217391304348,18.000000000000004,23.0,0.7826086956521741,1.0000000000000002,0.7826086956521741,False,0.8913043478260869,20.0,23.0,0.8695652173913043,1.0,0.8695652173913043,False,0.9347826086956522
2022,RJ,PMB,41,9.865592601013876,85768.01999999999,False,0,10,0.24390243902439024,True,18,0.43902439024390244,True,8,0.1951219512195122,False,10.0,18.0,0.5555555555555556,1.0,0.5555555555555556,False,0.8048780487804879,8.0,10.0,0.8,0.8,1.0,False,0.9512195121951219,8.0,18.0,0.4444444444444444,0.4444444444444444,1.0,False,0.7560975609756098
2022,RJ,PMN,47,13.84633821892707,2214012.39,False,0,14,0.2978723404255319,True,16,0.3404255319148936,False,15,0.3191489361702128,False,14.0,16.0,0.875,1.0,0.875,False,0.9574468085106383,14.0,15.0,0.9333333333333333,1.0,0.9333333333333333,False,0.9787234042553191,15.0,16.0,0.9375,0.9375,1.0,False,0.9787234042553191
2022,RJ,PODE,47,24.557810957480005,7272943.0,False,1,25,0.5319148936170213,True,19,0.40425531914893614,False,17,0.3617021276595745,False,19.0,25.0,0.76,0.76,1.0,False,0.8723404255319149,17.0,25.0,0.68,0.68,1.0,False,0.8297872340425532,17.0,19.0,0.8947368421052632,0.8947368421052632,1.0,False,0.9574468085106383
2022,RJ,PP,46,10.336676819580397,18260000.0,False,3,10,0.21739130434782608,False,8,0.17391304347826086,False,11,0.2391304347826087,False,8.0,10.0,0.8,0.8,1.0,False,0.9565217391304348,10.0,11.0,0.9090909090909091,1.0,0.9090909090909091,False,0.9782608695652174,8.0,11.0,0.7272727272727273,1.0,0.7272727272727273,False,0.9347826086956522
2022,RJ,PROS,42,2.656920938237826,3470000.0,False,1,3,0.07142857142857142,True,2,0.047619047619047616,False,4,0.09523809523809523,False,2.0,3.0,0.6666666666666666,0.6666666666666666,1.0,False,0.9761904761904762,3.0,4.0,0.75,1.0,0.75,False,0.9761904761904762,2.0,4.0,0.5,1.0,0.5,False,0.9523809523809523
2022,RJ,PRTB,42,2.0838809600075425,182604.69999999998,False,0,2,0.047619047619047616,False,4,0.09523809523809523,True,5,0.11904761904761904,False,2.0,4.0,0.5,1.0,0.5,False,0.9523809523809523,2.0,5.0,0.4,1.0,0.4,False,0.9285714285714286,4.0,5.0,0.8,1.0,0.8,False,0.9761904761904762
2022,RJ,PSB,36,13.797605225292312,3615740.0,False,1,14,0.3888888888888889,True,15,0.4166666666666667,False,9,0.25,False,14.0,15.0,0.9333333333333333,1.0,0.9333333333333333,False,0.9722222222222222,9.0,14.0,0.6428571428571429,0.6428571428571429,1.0,False,0.8611111111111112,9.0,15.0,0.6,0.6,1.0,False,0.8333333333333334
2022,RJ,PSC,26,2.9315677937001423,5576005.3599999985,False,0,3,0.11538461538461539,False,3,0.11538461538461539,False,3,0.11538461538461539,False,3.0,3.0,1.0,1.0,1.0,True,1.0,3.0,3.0,1.0,1.0,1.0,True,1.0,3.0,3.0,1.0,1.0,1.0,True,1.0
2022,RJ,PSD,47,19.246232432930704,22801163.479999997,False,4,19,0.40425531914893614,False,18,0.3829787234042553,False,16,0.3404255319148936,False,18.0,19.0,0.9473684210526315,0.9473684210526315,1.0,False,0.9787234042553191,16.0,19.0,0.8421052631578947,0.8421052631578947,1.0,False,0.9361702127659575,16.0,18.0,0.8888888888888888,0.8888888888888888,1.0,False,0.9574468085106383
2022,RJ,PSDB,25,4.217719305549774,4707500.0,False,0,4,0.16,False,6,0.24,False,8,0.32,False,4.0,6.0,0.6666666666666666,1.0,0.6666666666666666,False,0.92,4.0,8.0,0.5,1.0,0.5,False,0.84,6.0,8.0,0.75,1.0,0.75,False,0.92
2022,RJ,PSOL,28,10.203362792773314,10689494.75,False,5,10,0.35714285714285715,False,8,0.2857142857142857,False,9,0.32142857142857145,False,8.0,10.0,0.8,0.8,1.0,False,0.9285714285714286,9.0,10.0,0.9,0.9,1.0,False,0.9642857142857143,8.0,9.0,0.8888888888888888,1.0,0.8888888888888888,False,0.9642857142857143
2022,RJ,PSTU,2,1.9997005426753964,18223.0,False,0,2,1.0,False,2,1.0,False,1,0.5,False,2.0,2.0,1.0,1.0,1.0,True,1.0,1.0,2.0,0.5,0.5,1.0,False,0.5,1.0,2.0,0.5,0.5,1.0,False,0.5
2022,RJ,PT,36,9.710044257831095,13333018.5,False,5,10,0.2777777777777778,False,8,0.2222222222222222,False,9,0.25,False,8.0,10.0,0.8,0.8,1.0,False,0.9444444444444444,9.0,10.0,0.9,0.9,1.0,False,0.9722222222222222,8.0,9.0,0.8888888888888888,1.0,0.8888888888888888,False,0.9722222222222222
2022,RJ,PTB,47,4.50241903291348,7207281.95,False,1,5,0.10638297872340426,False,6,0.1276595744680851,False,8,0.1702127659574468,False,5.0,6.0,0.8333333333333334,1.0,0.8333333333333334,False,0.9787234042553191,5.0,8.0,0.625,1.0,0.625,False,0.9361702127659575,6.0,8.0,0.75,1.0,0.75,False,0.9574468085106383
2022,RJ,PV,6,2.9782219330200594,1115099.5,False,0,3,0.5,False,3,0.5,False,2,0.3333333333333333,False,3.0,3.0,1.0,1.0,1.0,True,1.0,2.0,3.0,0.6666666666666666,0.6666666666666666,1.0,False,0.8333333333333334,2.0,3.0,0.6666666666666666,0.6666666666666666,1.0,False,0.8333333333333334
2022,RJ,REDE,3,1.0821710253061843,3305424.47,False,0,1,0.3333333333333333,False,1,0.3333333333333333,False,1,0.3333333333333333,False,1.0,1.0,1.0,1.0,1.0,True,1.0,1.0,1.0,1.0,1.0,1.0,True,1.0,1.0,1.0,1.0,1.0,1.0,True,1.0
2022,RJ,REPUBLICANOS,46,12.133079917379492,11203692.0,False,3,12,0.2608695652173913,False,19,0.41304347826086957,False,9,0.1956521739130435,False,12.0,19.0,0.631578947368421,1.0,0.631578947368421,False,0.8478260869565217,9.0,12.0,0.75,0.75,1.0,False,0.9347826086956522,9.0,19.0,0.47368421052631576,0.47368421052631576,1.0,False,0.782608695652174
2022,RJ,SOLIDARIEDADE,47,4.101454454561155,4788453.5,False,1,4,0.0851063829787234,True,8,0.1702127659574468,True,7,0.14893617021276595,False,4.0,8.0,0.5,1.0,0.5,False,0.9148936170212766,4.0,7.0,0.5714285714285714,1.0,0.5714285714285714,False,0.9361702127659575,7.0,8.0,0.875,0.875,1.0,False,0.9787234042553191
2022,RJ,UNIAO,47,22.619633740391574,39907880.71,False,6,23,0.48936170212765956,False,18,0.3829787234042553,False,15,0.3191489361702128,False,18.0,23.0,0.782608695652174,0.782608695652174,1.0,False,0.8936170212765957,15.0,23.0,0.6521739130434783,0.6521739130434783,1.0,False,0.8297872340425532,15.0,18.0,0.8333333333333334,0.8333333333333334,1.0,False,0.9361702127659575
2022,RN,AVANTE,9,7.390510948905111,225000.0,False,0,7,0.7777777777777778,True,6,0.6666666666666666,False,4,0.4444444444444444,False,6.0,7.0,0.8571428571428571,0.8571428571428571,1.0,False,0.8888888888888888,4.0,7.0,0.5714285714285714,0.5714285714285714,1.0,False,0.6666666666666667,4.0,6.0,0.6666666666666666,0.6666666666666666,1.0,False,0.7777777777777778
2022,RN,CIDADANIA,2,1.9624516141385604,289900.0,False,0,2,1.0,False,2,1.0,False,1,0.5,False,2.0,2.0,1.0,1.0,1.0,True,1.0,1.0,2.0,0.5,0.5,1.0,False,0.5,1.0,2.0,0.5,0.5,1.0,False,0.5
2022,RN,DC,9,5.1016166281755195,11750.0,False,0,5,0.5555555555555556,True,5,0.5555555555555556,True,3,0.3333333333333333,False,5.0,5.0,1.0,1.0,1.0,True,1.0,3.0,5.0,0.6,0.6,1.0,False,0.7777777777777778,3.0,5.0,0.6,0.6,1.0,False,0.7777777777777778
2022,RN,MDB,8,5.600392332290524,8218559.9799999995,False,0,6,0.75,False,5,0.625,False,3,0.375,False,5.0,6.0,0.8333333333333334,0.8333333333333334,1.0,False,0.875,3.0,6.0,0.5,0.5,1.0,False,0.625,3.0,5.0,0.6,0.6,1.0,False,0.75
2022,RN,PATRIOTA,7,3.1133250311332503,1000000.0,False,0,3,0.42857142857142855,False,3,0.42857142857142855,False,3,0.42857142857142855,False,3.0,3.0,1.0,1.0,1.0,True,1.0,3.0,3.0,1.0,1.0,1.0,True,1.0,3.0,3.0,1.0,1.0,1.0,True,1.0
2022,RN,PC DO B,3,2.424624265950035,349000.0,False,0,2,0.6666666666666666,False,2,0.6666666666666666,False,2,0.6666666666666666,False,2.0,2.0,1.0,1.0,1.0,True,1.0,2.0,2.0,1.0,1.0,1.0,True,1.0,2.0,2.0,1.0,1.0,1.0,True,1.0
2022,RN,PDT,9,3.172662550785123,560400.0,False,0,3,0.3333333333333333,False,5,0.5555555555555556,True,1,0.1111111111111111,False,3.0,5.0,0.6,1.0,0.6,False,0.7777777777777778,1.0,3.0,0.3333333333333333,0.3333333333333333,1.0,False,0.7777777777777778,1.0,5.0,0.2,0.2,1.0,False,0.5555555555555556
2022,RN,PL,9,3.5953136022931003,4890000.0,False,4,4,0.4444444444444444,False,3,0.3333333333333333,False,3,0.3333333333333333,False,3.0,4.0,0.75,0.75,1.0,False,0.8888888888888888,3.0,4.0,0.75,0.75,1.0,False,0.8888888888888888,3.0,3.0,1.0,1.0,1.0,True,1.0
2022,RN,PMB,3,,0.0,True,0,0,0.0,False,0,0.0,False,0,0.0,False,0.0,0.0,,,,True,1.0,0.0,0.0,,,,True,1.0,0.0,0.0,,,,True,1.0
2022,RN,PMN,9,2.1256699957583005,525000.0,False,0,2,0.2222222222222222,False,2,0.2222222222222222,False,2,0.2222222222222222,False,2.0,2.0,1.0,1.0,1.0,True,1.0,2.0,2.0,1.0,1.0,1.0,True,1.0,2.0,2.0,1.0,1.0,1.0,True,1.0
2022,RN,PODE,9,8.749914665306992,486386.55999999994,False,0,9,1.0,False,7,0.7777777777777778,False,5,0.5555555555555556,False,7.0,9.0,0.7777777777777778,0.7777777777777778,1.0,False,0.7777777777777778,5.0,9.0,0.5555555555555556,0.5555555555555556,1.0,False,0.5555555555555556,5.0,7.0,0.7142857142857143,0.7142857142857143,1.0,False,0.7777777777777778
2022,RN,PP,9,7.135411197531167,6431482.37,False,0,7,0.7777777777777778,True,6,0.6666666666666666,False,4,0.4444444444444444,False,6.0,7.0,0.8571428571428571,0.8571428571428571,1.0,False,0.8888888888888888,4.0,7.0,0.5714285714285714,0.5714285714285714,1.0,False,0.6666666666666667,4.0,6.0,0.6666666666666666,0.6666666666666666,1.0,False,0.7777777777777778
2022,RN,PRTB,8,1.0,16710.35,False,0,1,0.125,False,1,0.125,False,1,0.125,False,1.0,1.0,1.0,1.0,1.0,True,1.0,1.0,1.0,1.0,1.0,1.0,True,1.0,1.0,1.0,1.0,1.0,1.0,True,1.0
2022,RN,PSB,9,6.614110415583829,5410000.0,False,0,7,0.7777777777777778,False,6,0.6666666666666666,False,3,0.3333333333333333,False,6.0,7.0,0.8571428571428571,0.8571428571428571,1.0,False,0.8888888888888888,3.0,7.0,0.42857142857142855,0.42857142857142855,1.0,False,0.5555555555555556,3.0,6.0,0.5,0.5,1.0,False,0.6666666666666667
2022,RN,PSC,8,5.955774291545054,899970.0,False,0,6,0.75,True,5,0.625,False,3,0.375,False,5.0,6.0,0.8333333333333334,0.8333333333333334,1.0,False,0.875,3.0,6.0,0.5,0.5,1.0,False,0.625,3.0,5.0,0.6,0.6,1.0,False,0.75
2022,RN,PSD,9,1.5377529691525265,497028.5,False,0,2,0.2222222222222222,True,1,0.1111111111111111,False,1,0.1111111111111111,False,1.0,2.0,0.5,0.5,1.0,False,0.8888888888888888,1.0,2.0,0.5,0.5,1.0,False,0.8888888888888888,1.0,1.0,1.0,1.0,1.0,True,1.0
2022,RN,PSDB,7,2.112211221122112,4000000.0,False,0,2,0.2857142857142857,True,3,0.42857142857142855,False,1,0.14285714285714285,False,2.0,3.0,0.6666666666666666,1.0,0.6666666666666666,False,0.8571428571428572,1.0,2.0,0.5,0.5,1.0,False,0.8571428571428572,1.0,3.0,0.3333333333333333,0.3333333333333333,1.0,False,0.7142857142857143
2022,RN,PSOL,4,2.992582580930695,280552.14,False,0,3,0.75,False,3,0.75,False,2,0.5,False,3.0,3.0,1.0,1.0,1.0,True,1.0,2.0,3.0,0.6666666666666666,0.6666666666666666,1.0,False,0.75,2.0,3.0,0.6666666666666666,0.6666666666666666,1.0,False,0.75
2022,RN,PSTU,1,1.0,8300.0,False,0,1,1.0,False,1,1.0,False,0,0.0,False,1.0,1.0,1.0,1.0,1.0,True,1.0,0.0,1.0,0.0,0.0,,False,0.0,0.0,1.0,0.0,0.0,,False,0.0
2022,RN,PT,4,2.6888512845026056,4281970.45,False,2,3,0.75,False,3,0.75,False,1,0.25,False,3.0,3.0,1.0,1.0,1.0,True,1.0,1.0,3.0,0.3333333333333333,0.3333333333333333,1.0,False,0.5,1.0,3.0,0.3333333333333333,0.3333333333333333,1.0,False,0.5
2022,RN,PTB,7,,0.0,True,0,0,0.0,False,0,0.0,False,0,0.0,False,0.0,0.0,,,,True,1.0,0.0,0.0,,,,True,1.0,0.0,0.0,,,,True,1.0
2022,RN,PV,2,1.7066125339389118,819975.4,False,0,2,1.0,False,2,1.0,False,1,0.5,False,2.0,2.0,1.0,1.0,1.0,True,1.0,1.0,2.0,0.5,0.5,1.0,False,0.5,1.0,2.0,0.5,0.5,1.0,False,0.5
2022,RN,REDE,3,,0.0,True,0,0,0.0,False,0,0.0,False,0,0.0,False,0.0,0.0,,,,True,1.0,0.0,0.0,,,,True,1.0,0.0,0.0,,,,True,1.0
2022,RN,REPUBLICANOS,9,5.714320467128619,3601100.0,False,0,6,0.6666666666666666,False,5,0.5555555555555556,False,5,0.5555555555555556,False,5.0,6.0,0.8333333333333334,0.8333333333333334,1.0,False,0.8888888888888888,5.0,6.0,0.8333333333333334,0.8333333333333334,1.0,False,0.8888888888888888,5.0,5.0,1.0,1.0,1.0,True,1.0
2022,RN,SOLIDARIEDADE,9,4.654755328753333,3059201.55,False,0,5,0.5555555555555556,False,5,0.5555555555555556,False,2,0.2222222222222222,False,5.0,5.0,1.0,1.0,1.0,True,1.0,2.0,5.0,0.4,0.4,1.0,False,0.6666666666666667,2.0,5.0,0.4,0.4,1.0,False,0.6666666666666667
2022,RN,UNIAO,9,7.5981211530896955,16127128.709999999,False,2,8,0.8888888888888888,False,6,0.6666666666666666,False,4,0.4444444444444444,False,6.0,8.0,0.75,0.75,1.0,False,0.7777777777777778,4.0,8.0,0.5,0.5,1.0,False,0.5555555555555556,4.0,6.0,0.6666666666666666,0.6666666666666666,1.0,False,0.7777777777777778
2022,RO,AGIR,7,6.4,120000.0,False,0,6,0.8571428571428571,True,6,0.8571428571428571,True,1,0.14285714285714285,False,6.0,6.0,1.0,1.0,1.0,True,1.0,1.0,6.0,0.16666666666666666,0.16666666666666666,1.0,False,0.2857142857142857,1.0,6.0,0.16666666666666666,0.16666666666666666,1.0,False,0.2857142857142857
2022,RO,AVANTE,9,2.4008010553460033,3009000.0,False,0,2,0.2222222222222222,False,3,0.3333333333333333,False,2,0.2222222222222222,False,2.0,3.0,0.6666666666666666,1.0,0.6666666666666666,False,0.8888888888888888,2.0,2.0,1.0,1.0,1.0,True,1.0,2.0,3.0,0.6666666666666666,0.6666666666666666,1.0,False,0.8888888888888888
2022,RO,MDB,9,6.460558704288216,9020000.01,False,2,6,0.6666666666666666,False,6,0.6666666666666666,False,3,0.3333333333333333,False,6.0,6.0,1.0,1.0,1.0,True,1.0,3.0,6.0,0.5,0.5,1.0,False,0.6666666666666667,3.0,6.0,0.5,0.5,1.0,False,0.6666666666666667
2022,RO,PATRIOTA,7,3.2585649644473182,1420000.0,False,0,3,0.42857142857142855,False,3,0.42857142857142855,False,3,0.42857142857142855,False,3.0,3.0,1.0,1.0,1.0,True,1.0,3.0,3.0,1.0,1.0,1.0,True,1.0,3.0,3.0,1.0,1.0,1.0,True,1.0
2022,RO,PC DO B,3,2.419577859772644,154900.0,False,0,2,0.6666666666666666,False,2,0.6666666666666666,False,2,0.6666666666666666,False,2.0,2.0,1.0,1.0,1.0,True,1.0,2.0,2.0,1.0,1.0,1.0,True,1.0,2.0,2.0,1.0,1.0,1.0,True,1.0
2022,RO,PDT,8,6.215378732399907,813600.0,False,0,6,0.75,False,5,0.625,True,4,0.5,False,5.0,6.0,0.8333333333333334,0.8333333333333334,1.0,False,0.875,4.0,6.0,0.6666666666666666,0.6666666666666666,1.0,False,0.75,4.0,5.0,0.8,0.8,1.0,False,0.875
2022,RO,PL,9,3.0851287267175636,5997650.0,False,2,3,0.3333333333333333,False,3,0.3333333333333333,False,3,0.3333333333333333,False,3.0,3.0,1.0,1.0,1.0,True,1.0,3.0,3.0,1.0,1.0,1.0,True,1.0,3.0,3.0,1.0,1.0,1.0,True,1.0
2022,RO,PMB,2,,0.0,True,0,0,0.0,False,0,0.0,False,0,0.0,False,0.0,0.0,,,,True,1.0,0.0,0.0,,,,True,1.0,0.0,0.0,,,,True,1.0
2022,RO,PODE,9,6.384101148499043,3403400.0,False,0,6,0.6666666666666666,False,5,0.5555555555555556,False,4,0.4444444444444444,False,5.0,6.0,0.8333333333333334,0.8333333333333334,1.0,False,0.8888888888888888,4.0,6.0,0.6666666666666666,0.6666666666666666,1.0,False,0.7777777777777778,4.0,5.0,0.8,0.8,1.0,False,0.8888888888888888
2022,RO,PP,6,2.5043478260869563,4800000.0,False,0,3,0.5,False,2,0.3333333333333333,False,2,0.3333333333333333,False,2.0,3.0,0.6666666666666666,0.6666666666666666,1.0,False,0.8333333333333334,2.0,3.0,0.6666666666666666,0.6666666666666666,1.0,False,0.8333333333333334,2.0,2.0,1.0,1.0,1.0,True,1.0
2022,RO,PROS,9,,0.0,True,0,0,0.0,False,0,0.0,False,0,0.0,False,0.0,0.0,,,,True,1.0,0.0,0.0,,,,True,1.0,0.0,0.0,,,,True,1.0
2022,RO,PSB,8,3.8425842785117887,5131487.05,False,0,4,0.5,True,5,0.625,False,2,0.25,False,4.0,5.0,0.8,1.0,0.8,False,0.875,2.0,4.0,0.5,0.5,1.0,False,0.75,2.0,5.0,0.4,0.4,1.0,False,0.625
2022,RO,PSC,9,7.351207636098679,1941388.8899999997,False,0,7,0.7777777777777778,False,7,0.7777777777777778,False,1,0.1111111111111111,False,7.0,7.0,1.0,1.0,1.0,True,1.0,1.0,7.0,0.14285714285714285,0.14285714285714285,1.0,False,0.33333333333333337,1.0,7.0,0.14285714285714285,0.14285714285714285,1.0,False,0.33333333333333337
2022,RO,PSD,8,5.120894905492425,3752234.4,False,0,5,0.625,False,5,0.625,False,4,0.5,False,5.0,5.0,1.0,1.0,1.0,True,1.0,4.0,5.0,0.8,0.8,1.0,False,0.875,4.0,5.0,0.8,0.8,1.0,False,0.875
2022,RO,PSOL,8,6.472663016528628,97432.9,False,0,6,0.75,True,6,0.75,True,2,0.25,False,6.0,6.0,1.0,1.0,1.0,True,1.0,2.0,6.0,0.3333333333333333,0.3333333333333333,1.0,False,0.5,2.0,6.0,0.3333333333333333,0.3333333333333333,1.0,False,0.5
2022,RO,PT,3,2.7949259985765176,1194700.0,False,0,3,1.0,False,3,1.0,False,2,0.6666666666666666,False,3.0,3.0,1.0,1.0,1.0,True,1.0,2.0,3.0,0.6666666666666666,0.6666666666666666,1.0,False,0.6666666666666667,2.0,3.0,0.6666666666666666,0.6666666666666666,1.0,False,0.6666666666666667
2022,RO,PTB,9,7.911763908302169,2415600.0,False,0,8,0.8888888888888888,False,7,0.7777777777777778,True,3,0.3333333333333333,False,7.0,8.0,0.875,0.875,1.0,False,0.8888888888888888,3.0,8.0,0.375,0.375,1.0,False,0.4444444444444444,3.0,7.0,0.42857142857142855,0.42857142857142855,1.0,False,0.5555555555555556
2022,RO,PV,2,1.9962263810321652,574997.4,False,0,2,1.0,False,2,1.0,False,1,0.5,False,2.0,2.0,1.0,1.0,1.0,True,1.0,1.0,2.0,0.5,0.5,1.0,False,0.5,1.0,2.0,0.5,0.5,1.0,False,0.5
2022,RO,REPUBLICANOS,9,4.463840645516008,4698073.42,False,0,4,0.4444444444444444,False,6,0.6666666666666666,False,1,0.1111111111111111,False,4.0,6.0,0.6666666666666666,1.0,0.6666666666666666,False,0.7777777777777778,1.0,4.0,0.25,0.25,1.0,False,0.6666666666666667,1.0,6.0,0.16666666666666666,0.16666666666666666,1.0,False,0.4444444444444444
2022,RO,SOLIDARIEDADE,6,1.47585601404741,205000.0,False,0,1,0.16666666666666666,False,1,0.16666666666666666,False,2,0.3333333333333333,False,1.0,1.0,1.0,1.0,1.0,True,1.0,1.0,2.0,0.5,1.0,0.5,False,0.8333333333333334,1.0,2.0,0.5,1.0,0.5,False,0.8333333333333334
2022,RO,UNIAO,9,7.795408051671323,12908412.5,False,4,8,0.8888888888888888,False,6,0.6666666666666666,False,5,0.5555555555555556,False,6.0,8.0,0.75,0.75,1.0,False,0.7777777777777778,5.0,8.0,0.625,0.625,1.0,False,0.6666666666666667,5.0,6.0,0.8333333333333334,0.8333333333333334,1.0,False,0.8888888888888888
2022,RR,CIDADANIA,6,5.718334116464245,45666.67999999999,False,0,6,1.0,False,5,0.8333333333333334,True,2,0.3333333333333333,False,5.0,6.0,0.8333333333333334,0.8333333333333334,1.0,False,0.8333333333333334,2.0,6.0,0.3333333333333333,0.3333333333333333,1.0,False,0.33333333333333337,2.0,5.0,0.4,0.4,1.0,False,0.5
2022,RR,DC,6,5.30055333866847,118772.83,False,0,5,0.8333333333333334,False,5,0.8333333333333334,False,3,0.5,False,5.0,5.0,1.0,1.0,1.0,True,1.0,3.0,5.0,0.6,0.6,1.0,False,0.6666666666666667,3.0,5.0,0.6,0.6,1.0,False,0.6666666666666667
2022,RR,MDB,8,7.210439630590288,3503997.28,False,2,7,0.875,False,6,0.75,False,4,0.5,False,6.0,7.0,0.8571428571428571,0.8571428571428571,1.0,False,0.875,4.0,7.0,0.5714285714285714,0.5714285714285714,1.0,False,0.625,4.0,6.0,0.6666666666666666,0.6666666666666666,1.0,False,0.75
2022,RR,PATRIOTA,7,4.298054851939683,237750.0,False,0,4,0.5714285714285714,True,5,0.7142857142857143,True,2,0.2857142857142857,False,4.0,5.0,0.8,1.0,0.8,False,0.8571428571428572,2.0,4.0,0.5,0.5,1.0,False,0.7142857142857143,2.0,5.0,0.4,0.4,1.0,False,0.5714285714285714
2022,RR,PCO,1,1.0,3000.0,False,0,1,1.0,False,1,1.0,False,0,0.0,False,1.0,1.0,1.0,1.0,1.0,True,1.0,0.0,1.0,0.0,0.0,,False,0.0,0.0,1.0,0.0,0.0,,False,0.0
2022,RR,PDT,8,2.7621155482205793,385758.68,False,0,3,0.375,False,2,0.25,False,2,0.25,False,2.0,3.0,0.6666666666666666,0.6666666666666666,1.0,False,0.875,2.0,3.0,0.6666666666666666,0.6666666666666666,1.0,False,0.875,2.0,2.0,1.0,1.0,1.0,True,1.0
2022,RR,PL,8,6.720930232558139,1700000.0,False,0,7,0.875,True,6,0.75,False,2,0.25,False,6.0,7.0,0.8571428571428571,0.8571428571428571,1.0,False,0.875,2.0,7.0,0.2857142857142857,0.2857142857142857,1.0,False,0.375,2.0,6.0,0.3333333333333333,0.3333333333333333,1.0,False,0.5
2022,RR,PMB,4,3.981557264639696,14808.9,False,0,4,1.0,False,4,1.0,False,2,0.5,False,4.0,4.0,1.0,1.0,1.0,True,1.0,2.0,4.0,0.5,0.5,1.0,False,0.5,2.0,4.0,0.5,0.5,1.0,False,0.5
2022,RR,PMN,6,5.0,750000.0,False,0,5,0.8333333333333334,True,5,0.8333333333333334,True,1,0.16666666666666666,False,5.0,5.0,1.0,1.0,1.0,True,1.0,1.0,5.0,0.2,0.2,1.0,False,0.33333333333333337,1.0,5.0,0.2,0.2,1.0,False,0.33333333333333337
2022,RR,PODE,8,6.263778790337682,4480000.0,False,0,6,0.75,False,5,0.625,False,3,0.375,False,5.0,6.0,0.8333333333333334,0.8333333333333334,1.0,False,0.875,3.0,6.0,0.5,0.5,1.0,False,0.625,3.0,5.0,0.6,0.6,1.0,False,0.75
2022,RR,PP,9,4.750839036747217,4173999.9899999998,False,0,5,0.5555555555555556,False,6,0.6666666666666666,False,1,0.1111111111111111,False,5.0,6.0,0.8333333333333334,1.0,0.8333333333333334,False,0.8888888888888888,1.0,5.0,0.2,0.2,1.0,False,0.5555555555555556,1.0,6.0,0.16666666666666666,0.16666666666666666,1.0,False,0.4444444444444444
2022,RR,PROS,8,4.290510985985771,1405972.2,False,0,4,0.5,False,5,0.625,False,2,0.25,False,4.0,5.0,0.8,1.0,0.8,False,0.875,2.0,4.0,0.5,0.5,1.0,False,0.75,2.0,5.0,0.4,0.4,1.0,False,0.625
2022,RR,PRTB,7,7.0,4900.0,False,0,7,1.0,False,6,0.8571428571428571,True,0,0.0,False,5.999999999999999,7.0,0.857142857142857,0.857142857142857,0.9999999999999999,False,0.8571428571428571,0.0,7.0,0.0,0.0,,False,0.0,0.0,5.999999999999999,0.0,0.0,,False,0.14285714285714302
2022,RR,PSC,3,,0.0,True,0,0,0.0,False,0,0.0,False,0,0.0,False,0.0,0.0,,,,True,1.0,0.0,0.0,,,,True,1.0,0.0,0.0,,,,True,1.0
2022,RR,PSD,9,5.876090934693003,3849983.1,False,1,6,0.6666666666666666,False,5,0.5555555555555556,False,3,0.3333333333333333,False,5.0,6.0,0.8333333333333334,0.8333333333333334,1.0,False,0.8888888888888888,3.0,6.0,0.5,0.5,1.0,False,0.6666666666666667,3.0,5.0,0.6,0.6,1.0,False,0.7777777777777778
2022,RR,PSDB,1,,0.0,True,0,0,0.0,False,0,0.0,False,0,0.0,False,0.0,0.0,,,,True,1.0,0.0,0.0,,,,True,1.0,0.0,0.0,,,,True,1.0
2022,RR,PSOL,3,2.7172964060529843,210810.06,False,0,3,1.0,False,3,1.0,False,1,0.3333333333333333,False,3.0,3.0,1.0,1.0,1.0,True,1.0,1.0,3.0,0.3333333333333333,0.3333333333333333,1.0,False,0.33333333333333337,1.0,3.0,0.3333333333333333,0.3333333333333333,1.0,False,0.33333333333333337
2022,RR,PT,3,1.5339332453391512,512450.0,False,0,2,0.6666666666666666,False,2,0.6666666666666666,False,1,0.3333333333333333,False,2.0,2.0,1.0,1.0,1.0,True,1.0,1.0,2.0,0.5,0.5,1.0,False,0.6666666666666667,1.0,2.0,0.5,0.5,1.0,False,0.6666666666666667
2022,RR,PTB,9,8.19223770015476,321830.0,False,0,8,0.8888888888888888,False,7,0.7777777777777778,True,4,0.4444444444444444,False,7.0,8.0,0.875,0.875,1.0,False,0.8888888888888888,4.0,8.0,0.5,0.5,1.0,False,0.5555555555555556,4.0,7.0,0.5714285714285714,0.5714285714285714,1.0,False,0.6666666666666667
2022,RR,PV,3,2.17301641947677,149742.4,False,0,2,0.6666666666666666,False,2,0.6666666666666666,False,2,0.6666666666666666,False,2.0,2.0,1.0,1.0,1.0,True,1.0,2.0,2.0,1.0,1.0,1.0,True,1.0,2.0,2.0,1.0,1.0,1.0,True,1.0
2022,RR,REDE,5,3.441698090573845,4268640.0,False,0,3,0.6,True,4,0.8,False,1,0.2,False,3.0,4.0,0.75,1.0,0.75,False,0.8,1.0,3.0,0.3333333333333333,0.3333333333333333,1.0,False,0.6,1.0,4.0,0.25,0.25,1.0,False,0.4
2022,RR,REPUBLICANOS,9,6.787116233992119,5215790.0,False,3,7,0.7777777777777778,False,7,0.7777777777777778,False,1,0.1111111111111111,False,7.0,7.0,1.0,1.0,1.0,True,1.0,1.0,7.0,0.14285714285714285,0.14285714285714285,1.0,False,0.33333333333333337,1.0,7.0,0.14285714285714285,0.14285714285714285,1.0,False,0.33333333333333337
2022,RR,SOLIDARIEDADE,7,4.680621464521969,1369300.0,False,0,5,0.7142857142857143,False,5,0.7142857142857143,False,3,0.42857142857142855,False,5.0,5.0,1.0,1.0,1.0,True,1.0,3.0,5.0,0.6,0.6,1.0,False,0.7142857142857143,3.0,5.0,0.6,0.6,1.0,False,0.7142857142857143
2022,RR,UNIAO,8,6.257137826755669,6863259.279999999,False,2,6,0.75,False,6,0.75,False,3,0.375,False,6.0,6.0,1.0,1.0,1.0,True,1.0,3.0,6.0,0.5,0.5,1.0,False,0.625,3.0,6.0,0.5,0.5,1.0,False,0.625
2022,RS,AGIR,1,,0.0,True,0,0,0.0,False,0,0.0,False,0,0.0,False,0.0,0.0,,,,True,1.0,0.0,0.0,,,,True,1.0,0.0,0.0,,,,True,1.0
2022,RS,AVANTE,30,8.430643911280523,2460592.0,False,0,8,0.26666666666666666,False,13,0.43333333333333335,False,8,0.26666666666666666,False,8.0,13.0,0.6153846153846154,1.0,0.6153846153846154,False,0.8333333333333334,8.0,8.0,1.0,1.0,1.0,True,1.0,8.0,13.0,0.6153846153846154,0.6153846153846154,1.0,False,0.8333333333333334
2022,RS,CIDADANIA,8,1.1145406947206677,2415643.05,False,1,1,0.125,False,1,0.125,False,1,0.125,False,1.0,1.0,1.0,1.0,1.0,True,1.0,1.0,1.0,1.0,1.0,1.0,True,1.0,1.0,1.0,1.0,1.0,1.0,True,1.0
2022,RS,DC,7,1.9218856815688792,150874.46000000002,False,0,2,0.2857142857142857,False,3,0.42857142857142855,False,1,0.14285714285714285,False,2.0,3.0,0.6666666666666666,1.0,0.6666666666666666,False,0.8571428571428572,1.0,2.0,0.5,0.5,1.0,False,0.8571428571428572,1.0,3.0,0.3333333333333333,0.3333333333333333,1.0,False,0.7142857142857143
2022,RS,MDB,24,8.38018547701476,14598763.21,False,3,8,0.3333333333333333,False,7,0.2916666666666667,False,6,0.25,False,7.0,8.0,0.875,0.875,1.0,False,0.9583333333333334,6.0,8.0,0.75,0.75,1.0,False,0.9166666666666666,6.0,7.0,0.8571428571428571,0.8571428571428571,1.0,False,0.9583333333333334
2022,RS,NOVO,6,2.471425836397003,365811.78,False,1,2,0.3333333333333333,False,2,0.3333333333333333,False,2,0.3333333333333333,False,2.0,2.0,1.0,1.0,1.0,True,1.0,2.0,2.0,1.0,1.0,1.0,True,1.0,2.0,2.0,1.0,1.0,1.0,True,1.0
2022,RS,PATRIOTA,23,18.02977905859751,685000.0,False,0,18,0.782608695652174,True,15,0.6521739130434783,True,12,0.5217391304347826,False,15.000000000000002,17.999999999999996,0.8333333333333336,0.8333333333333335,1.0000000000000002,False,0.8695652173913043,12.0,17.999999999999996,0.6666666666666669,0.6666666666666666,1.0,False,0.7391304347826086,12.0,15.000000000000002,0.7999999999999999,0.8,1.0,False,0.8695652173913043
2022,RS,PC DO B,4,2.4443665628778684,1403560.95,False,1,2,0.5,False,2,0.5,False,2,0.5,False,2.0,2.0,1.0,1.0,1.0,True,1.0,2.0,2.0,1.0,1.0,1.0,True,1.0,2.0,2.0,1.0,1.0,1.0,True,1.0
2022,RS,PCB,2,,0.0,True,0,0,0.0,False,0,0.0,False,0,0.0,False,0.0,0.0,,,,True,1.0,0.0,0.0,,,,True,1.0,0.0,0.0,,,,True,1.0
2022,RS,PDT,28,5.673693812818795,6902651.14,False,2,6,0.21428571428571427,False,6,0.21428571428571427,False,4,0.14285714285714285,False,6.0,6.0,1.0,1.0,1.0,True,1.0,4.0,6.0,0.6666666666666666,0.6666666666666666,1.0,False,0.9285714285714286,4.0,6.0,0.6666666666666666,0.6666666666666666,1.0,False,0.9285714285714286
2022,RS,PL,31,4.67944970206504,9104279.150000002,False,4,5,0.16129032258064516,False,4,0.12903225806451613,False,5,0.16129032258064516,False,4.0,5.0,0.8,0.8,1.0,False,0.967741935483871,5.0,5.0,1.0,1.0,1.0,True,1.0,4.0,5.0,0.8,1.0,0.8,False,0.967741935483871
2022,RS,PODE,28,4.661234135138024,5969020.14,False,1,5,0.17857142857142858,False,6,0.21428571428571427,False,5,0.17857142857142858,False,5.0,6.0,0.8333333333333334,1.0,0.8333333333333334,False,0.9642857142857143,5.0,5.0,1.0,1.0,1.0,True,1.0,5.0,6.0,0.8333333333333334,0.8333333333333334,1.0,False,0.9642857142857143
2022,RS,PP,27,5.8145712140222034,10401000.0,False,3,6,0.2222222222222222,False,5,0.18518518518518517,False,5,0.18518518518518517,False,5.0,6.0,0.8333333333333334,0.8333333333333334,1.0,False,0.962962962962963,5.0,6.0,0.8333333333333334,0.8333333333333334,1.0,False,0.962962962962963,5.0,5.0,1.0,1.0,1.0,True,1.0
2022,RS,PROS,3,,0.0,True,0,0,0.0,False,0,0.0,False,0,0.0,False,0.0,0.0,,,,True,1.0,0.0,0.0,,,,True,1.0,0.0,0.0,,,,True,1.0
2022,RS,PRTB,7,4.515938612023571,105205.7,False,0,5,0.7142857142857143,False,5,0.7142857142857143,False,2,0.2857142857142857,False,5.0,5.0,1.0,1.0,1.0,True,1.0,2.0,5.0,0.4,0.4,1.0,False,0.5714285714285714,2.0,5.0,0.4,0.4,1.0,False,0.5714285714285714
2022,RS,PSB,23,7.212632236665323,8521000.0,False,1,7,0.30434782608695654,False,11,0.4782608695652174,False,4,0.17391304347826086,False,7.0,11.0,0.6363636363636364,1.0,0.6363636363636364,False,0.8260869565217391,4.0,7.0,0.5714285714285714,0.5714285714285714,1.0,False,0.8695652173913043,4.0,11.0,0.36363636363636365,0.36363636363636365,1.0,False,0.6956521739130435
2022,RS,PSC,29,20.547842401500933,740000.0,False,0,21,0.7241379310344828,True,16,0.5517241379310345,True,13,0.4482758620689655,False,15.999999999999998,21.0,0.7619047619047619,0.7619047619047619,0.9999999999999999,False,0.8275862068965517,13.0,21.0,0.6190476190476191,0.6190476190476191,1.0,False,0.7241379310344828,13.0,15.999999999999998,0.8125000000000001,0.8125,1.0,False,0.896551724137931
2022,RS,PSD,28,7.600934886800204,6723380.800000001,False,1,8,0.2857142857142857,False,6,0.21428571428571427,False,5,0.17857142857142858,False,6.0,8.0,0.75,0.75,1.0,False,0.9285714285714286,5.0,8.0,0.625,0.625,1.0,False,0.8928571428571429,5.0,6.0,0.8333333333333334,0.8333333333333334,1.0,False,0.9642857142857143
2022,RS,PSDB,23,7.573606909368637,7480370.98,False,2,8,0.34782608695652173,False,7,0.30434782608695654,False,5,0.21739130434782608,False,7.0,8.0,0.875,0.875,1.0,False,0.9565217391304348,5.0,8.0,0.625,0.625,1.0,False,0.8695652173913043,5.0,7.0,0.7142857142857143,0.7142857142857143,1.0,False,0.9130434782608696
2022,RS,PSOL,30,7.5928115280393,5935442.089999999,False,1,8,0.26666666666666666,False,9,0.3,False,9,0.3,False,8.0,9.0,0.8888888888888888,1.0,0.8888888888888888,False,0.9666666666666667,8.0,9.0,0.8888888888888888,1.0,0.8888888888888888,False,0.9666666666666667,9.0,9.0,1.0,1.0,1.0,True,1.0
2022,RS,PSTU,3,1.6575342465753424,5500.0,False,0,2,0.6666666666666666,False,2,0.6666666666666666,False,1,0.3333333333333333,False,2.0,2.0,1.0,1.0,1.0,True,1.0,1.0,2.0,0.5,0.5,1.0,False,0.6666666666666667,1.0,2.0,0.5,0.5,1.0,False,0.6666666666666667
2022,RS,PT,25,9.643977992734676,14464366.43,False,6,10,0.4,False,7,0.28,False,8,0.32,False,7.0,10.0,0.7,0.7,1.0,False,0.88,8.0,10.0,0.8,0.8,1.0,False,0.92,7.0,8.0,0.875,1.0,0.875,False,0.96
2022,RS,PTB,31,8.195181135764429,5234510.0,False,0,8,0.25806451612903225,False,12,0.3870967741935484,False,7,0.22580645161290322,False,8.0,12.0,0.6666666666666666,1.0,0.6666666666666666,False,0.8709677419354839,7.0,8.0,0.875,0.875,1.0,False,0.967741935483871,7.0,12.0,0.5833333333333334,0.5833333333333334,1.0,False,0.8387096774193549
2022,RS,PV,2,1.993048677905413,531584.0,False,0,2,1.0,False,2,1.0,False,1,0.5,False,2.0,2.0,1.0,1.0,1.0,True,1.0,1.0,2.0,0.5,0.5,1.0,False,0.5,1.0,2.0,0.5,0.5,1.0,False,0.5
2022,RS,REDE,2,1.2195121951219512,230000.0,False,0,1,0.5,False,1,0.5,False,1,0.5,False,1.0,1.0,1.0,1.0,1.0,True,1.0,1.0,1.0,1.0,1.0,1.0,True,1.0,1.0,1.0,1.0,1.0,1.0,True,1.0
2022,RS,REPUBLICANOS,32,7.149452145541751,7953634.379999999,False,3,7,0.21875,False,6,0.1875,False,6,0.1875,False,6.0,7.0,0.8571428571428571,0.8571428571428571,1.0,False,0.96875,6.0,7.0,0.8571428571428571,0.8571428571428571,1.0,False,0.96875,6.0,6.0,1.0,1.0,1.0,True,1.0
2022,RS,SOLIDARIEDADE,25,16.625583194295245,573538.28,False,0,17,0.68,False,13,0.52,False,10,0.4,False,13.0,17.0,0.7647058823529411,0.7647058823529411,1.0,False,0.84,10.0,17.0,0.5882352941176471,0.5882352941176471,1.0,False,0.72,10.0,13.0,0.7692307692307693,0.7692307692307693,1.0,False,0.88
2022,RS,UNIAO,28,6.974504114809445,5588794.71,False,1,7,0.25,False,8,0.2857142857142857,False,9,0.32142857142857145,False,7.0,8.0,0.875,1.0,0.875,False,0.9642857142857143,7.0,9.0,0.7777777777777778,1.0,0.7777777777777778,False,0.9285714285714286,8.0,9.0,0.8888888888888888,1.0,0.8888888888888888,False,0.9642857142857143
2022,RS,UP,2,1.9994258714524231,81379.0,False,0,2,1.0,False,2,1.0,False,1,0.5,False,2.0,2.0,1.0,1.0,1.0,True,1.0,1.0,2.0,0.5,0.5,1.0,False,0.5,1.0,2.0,0.5,0.5,1.0,False,0.5
2022,SC,AVANTE,12,6.894871858016101,1575000.0,False,0,7,0.5833333333333334,False,6,0.5,False,5,0.4166666666666667,False,6.0,7.0,0.8571428571428571,0.8571428571428571,1.0,False,0.9166666666666666,5.0,7.0,0.7142857142857143,0.7142857142857143,1.0,False,0.8333333333333334,5.0,6.0,0.8333333333333334,0.8333333333333334,1.0,False,0.9166666666666666
2022,SC,CIDADANIA,5,1.142737278574453,3030477.7800000003,False,1,1,0.2,False,1,0.2,False,1,0.2,False,1.0,1.0,1.0,1.0,1.0,True,1.0,1.0,1.0,1.0,1.0,1.0,True,1.0,1.0,1.0,1.0,1.0,1.0,True,1.0
2022,SC,DC,2,1.8299088311334877,82000.0,False,0,2,1.0,False,2,1.0,False,1,0.5,False,2.0,2.0,1.0,1.0,1.0,True,1.0,1.0,2.0,0.5,0.5,1.0,False,0.5,1.0,2.0,0.5,0.5,1.0,False,0.5
2022,SC,MDB,16,5.263441797591031,6387288.0,False,3,5,0.3125,False,5,0.3125,False,4,0.25,False,5.0,5.0,1.0,1.0,1.0,True,1.0,4.0,5.0,0.8,0.8,1.0,False,0.9375,4.0,5.0,0.8,0.8,1.0,False,0.9375
2022,SC,NOVO,13,2.5031107604269383,356189.52000000014,False,1,3,0.23076923076923078,False,2,0.15384615384615385,False,2,0.15384615384615385,False,2.0,3.0,0.6666666666666666,0.6666666666666666,1.0,False,0.9230769230769231,2.0,3.0,0.6666666666666666,0.6666666666666666,1.0,False,0.9230769230769231,2.0,2.0,1.0,1.0,1.0,True,1.0
2022,SC,PATRIOTA,16,10.92867798503555,1083500.0,False,0,11,0.6875,False,9,0.5625,True,7,0.4375,False,9.0,11.0,0.8181818181818182,0.8181818181818182,1.0,False,0.875,7.0,11.0,0.6363636363636364,0.6363636363636364,1.0,False,0.75,7.0,9.0,0.7777777777777778,0.7777777777777778,1.0,False,0.875
2022,SC,PC DO B,2,1.0273571560055546,555700.0,False,0,1,0.5,False,1,0.5,False,1,0.5,False,1.0,1.0,1.0,1.0,1.0,True,1.0,1.0,1.0,1.0,1.0,1.0,True,1.0,1.0,1.0,1.0,1.0,1.0,True,1.0
2022,SC,PCO,1,1.0,3000.0,False,0,1,1.0,False,1,1.0,False,0,0.0,False,1.0,1.0,1.0,1.0,1.0,True,1.0,0.0,1.0,0.0,0.0,,False,0.0,0.0,1.0,0.0,0.0,,False,0.0
2022,SC,PDT,12,9.188368247177543,274945.87999999995,False,0,9,0.75,False,7,0.5833333333333334,False,5,0.4166666666666667,False,7.0,9.0,0.7777777777777778,0.7777777777777778,1.0,False,0.8333333333333334,5.0,9.0,0.5555555555555556,0.5555555555555556,1.0,False,0.6666666666666667,5.0,7.0,0.7142857142857143,0.7142857142857143,1.0,False,0.8333333333333334
2022,SC,PL,15,4.750930791416097,6723796.28,False,6,5,0.3333333333333333,True,5,0.3333333333333333,True,6,0.4,False,5.0,5.0,1.0,1.0,1.0,True,1.0,5.0,6.0,0.8333333333333334,1.0,0.8333333333333334,False,0.9333333333333333,5.0,6.0,0.8333333333333334,1.0,0.8333333333333334,False,0.9333333333333333
2022,SC,PODE,16,8.265424906714024,6345000.0,False,0,8,0.5,False,7,0.4375,False,6,0.375,False,7.0,8.0,0.875,0.875,1.0,False,0.9375,6.0,8.0,0.75,0.75,1.0,False,0.875,6.0,7.0,0.8571428571428571,0.8571428571428571,1.0,False,0.9375
2022,SC,PP,17,4.642227519894069,6725000.0,False,0,5,0.29411764705882354,False,6,0.35294117647058826,False,5,0.29411764705882354,False,5.0,6.0,0.8333333333333334,1.0,0.8333333333333334,False,0.9411764705882353,5.0,5.0,1.0,1.0,1.0,True,1.0,5.0,6.0,0.8333333333333334,0.8333333333333334,1.0,False,0.9411764705882353
2022,SC,PROS,13,,0.0,True,0,0,0.0,False,0,0.0,False,0,0.0,False,0.0,0.0,,,,True,1.0,0.0,0.0,,,,True,1.0,0.0,0.0,,,,True,1.0
2022,SC,PRTB,3,2.469387755102041,5500.0,False,0,2,0.6666666666666666,False,2,0.6666666666666666,False,1,0.3333333333333333,False,2.0,2.0,1.0,1.0,1.0,True,1.0,1.0,2.0,0.5,0.5,1.0,False,0.6666666666666667,1.0,2.0,0.5,0.5,1.0,False,0.6666666666666667
2022,SC,PSB,17,6.869027294233329,4368091.67,False,0,7,0.4117647058823529,False,8,0.47058823529411764,False,3,0.17647058823529413,False,7.0,8.0,0.875,1.0,0.875,False,0.9411764705882353,3.0,7.0,0.42857142857142855,0.42857142857142855,1.0,False,0.7647058823529411,3.0,8.0,0.375,0.375,1.0,False,0.7058823529411764
2022,SC,PSC,15,5.635187580853818,660000.0,False,0,6,0.4,False,8,0.5333333333333333,True,5,0.3333333333333333,False,6.0,8.0,0.75,1.0,0.75,False,0.8666666666666667,5.0,6.0,0.8333333333333334,0.8333333333333334,1.0,False,0.9333333333333333,5.0,8.0,0.625,0.625,1.0,False,0.8
2022,SC,PSD,13,6.385014983649962,11291400.0,False,2,6,0.46153846153846156,False,5,0.38461538461538464,True,6,0.46153846153846156,False,5.0,6.0,0.8333333333333334,0.8333333333333334,1.0,False,0.9230769230769231,6.0,6.0,1.0,1.0,1.0,True,1.0,5.0,6.0,0.8333333333333334,1.0,0.8333333333333334,False,0.9230769230769231
2022,SC,PSDB,9,1.7332358856736134,4229572.53,False,0,2,0.2222222222222222,False,2,0.2222222222222222,False,1,0.1111111111111111,False,2.0,2.0,1.0,1.0,1.0,True,1.0,1.0,2.0,0.5,0.5,1.0,False,0.8888888888888888,1.0,2.0,0.5,0.5,1.0,False,0.8888888888888888
2022,SC,PSOL,11,6.1812595560267365,478989.70000000007,False,0,6,0.5454545454545454,False,5,0.45454545454545453,False,4,0.36363636363636365,False,5.0,6.0,0.8333333333333334,0.8333333333333334,1.0,False,0.9090909090909091,4.0,6.0,0.6666666666666666,0.6666666666666666,1.0,False,0.8181818181818181,4.0,5.0,0.8,0.8,1.0,False,0.9090909090909091
2022,SC,PSTU,1,1.0,3211.0,False,0,1,1.0,False,1,1.0,False,0,0.0,False,1.0,1.0,1.0,1.0,1.0,True,1.0,0.0,1.0,0.0,0.0,,False,0.0,0.0,1.0,0.0,0.0,,False,0.0
2022,SC,PT,13,5.27034607470836,4846869.390000001,False,2,5,0.38461538461538464,False,6,0.46153846153846156,False,2,0.15384615384615385,False,5.0,6.0,0.8333333333333334,1.0,0.8333333333333334,False,0.9230769230769231,2.0,5.0,0.4,0.4,1.0,False,0.7692307692307692,2.0,6.0,0.3333333333333333,0.3333333333333333,1.0,False,0.6923076923076923
2022,SC,PTB,17,7.741671859585431,1602740.0,False,0,8,0.47058823529411764,True,7,0.4117647058823529,False,6,0.35294117647058826,False,7.0,8.0,0.875,0.875,1.0,False,0.9411764705882353,6.0,8.0,0.75,0.75,1.0,False,0.8823529411764706,6.0,7.0,0.8571428571428571,0.8571428571428571,1.0,False,0.9411764705882353
2022,SC,PV,2,1.8142029942693494,699987.7,False,0,2,1.0,False,2,1.0,False,1,0.5,False,2.0,2.0,1.0,1.0,1.0,True,1.0,1.0,2.0,0.5,0.5,1.0,False,0.5,1.0,2.0,0.5,0.5,1.0,False,0.5
2022,SC,REDE,6,5.999942574632343,59917.09,False,0,6,1.0,False,5,0.8333333333333334,False,5,0.8333333333333334,False,5.0,6.0,0.8333333333333334,0.8333333333333334,1.0,False,0.8333333333333334,5.0,6.0,0.8333333333333334,0.8333333333333334,1.0,False,0.8333333333333334,5.0,5.0,1.0,1.0,1.0,True,1.0
2022,SC,REPUBLICANOS,16,10.165027661392719,3634520.0100000002,False,0,10,0.625,False,8,0.5,False,7,0.4375,False,8.0,10.0,0.8,0.8,1.0,False,0.875,7.0,10.0,0.7,0.7,1.0,False,0.8125,7.0,8.0,0.875,0.875,1.0,False,0.9375
2022,SC,SOLIDARIEDADE,12,2.236383274551557,1683000.0,False,0,2,0.16666666666666666,False,3,0.25,False,2,0.16666666666666666,False,2.0,3.0,0.6666666666666666,1.0,0.6666666666666666,False,0.9166666666666666,2.0,2.0,1.0,1.0,1.0,True,1.0,2.0,3.0,0.6666666666666666,0.6666666666666666,1.0,False,0.9166666666666666
2022,SC,UNIAO,16,9.780468573922851,10809416.67,False,1,10,0.625,False,9,0.5625,False,7,0.4375,False,9.0,10.0,0.9,0.9,1.0,False,0.9375,7.0,10.0,0.7,0.7,1.0,False,0.8125,7.0,9.0,0.7777777777777778,0.7777777777777778,1.0,False,0.875
2022,SC,UP,1,1.0,44000.0,False,0,1,1.0,False,1,1.0,False,0,0.0,False,1.0,1.0,1.0,1.0,1.0,True,1.0,0.0,1.0,0.0,0.0,,False,0.0,0.0,1.0,0.0,0.0,,False,0.0
2022,SE,CIDADANIA,5,2.3105421649339006,117290.23,False,0,2,0.4,True,3,0.6,False,1,0.2,False,2.0,3.0,0.6666666666666666,1.0,0.6666666666666666,False,0.8,1.0,2.0,0.5,0.5,1.0,False,0.8,1.0,3.0,0.3333333333333333,0.3333333333333333,1.0,False,0.6
2022,SE,DC,9,8.798918249829024,81056.93,False,0,9,1.0,False,7,0.7777777777777778,False,5,0.5555555555555556,False,7.0,9.0,0.7777777777777778,0.7777777777777778,1.0,False,0.7777777777777778,5.0,9.0,0.5555555555555556,0.5555555555555556,1.0,False,0.5555555555555556,5.0,7.0,0.7142857142857143,0.7142857142857143,1.0,False,0.7777777777777778
2022,SE,MDB,9,,0.0,True,0,0,0.0,False,0,0.0,False,0,0.0,False,0.0,0.0,,,,True,1.0,0.0,0.0,,,,True,1.0,0.0,0.0,,,,True,1.0
2022,SE,PATRIOTA,8,5.7822765469824295,435000.0,False,0,6,0.75,False,5,0.625,False,3,0.375,False,5.0,6.0,0.8333333333333334,0.8333333333333334,1.0,False,0.875,3.0,6.0,0.5,0.5,1.0,False,0.625,3.0,5.0,0.6,0.6,1.0,False,0.75
2022,SE,PC DO B,2,1.9154901451764283,438000.0,False,0,2,1.0,False,2,1.0,False,1,0.5,False,2.0,2.0,1.0,1.0,1.0,True,1.0,1.0,2.0,0.5,0.5,1.0,False,0.5,1.0,2.0,0.5,0.5,1.0,False,0.5
2022,SE,PDT,9,5.02016222089332,1609574.3699999999,False,0,5,0.5555555555555556,False,5,0.5555555555555556,False,3,0.3333333333333333,False,5.0,5.0,1.0,1.0,1.0,True,1.0,3.0,5.0,0.6,0.6,1.0,False,0.7777777777777778,3.0,5.0,0.6,0.6,1.0,False,0.7777777777777778
2022,SE,PL,7,3.435184594044006,2176000.0,False,1,3,0.42857142857142855,False,3,0.42857142857142855,False,2,0.2857142857142857,False,3.0,3.0,1.0,1.0,1.0,True,1.0,2.0,3.0,0.6666666666666666,0.6666666666666666,1.0,False,0.8571428571428572,2.0,3.0,0.6666666666666666,0.6666666666666666,1.0,False,0.8571428571428572
2022,SE,PMN,8,7.23365269303101,212699.06,False,0,7,0.875,False,6,0.75,False,3,0.375,False,6.0,7.0,0.8571428571428571,0.8571428571428571,1.0,False,0.875,3.0,7.0,0.42857142857142855,0.42857142857142855,1.0,False,0.5,3.0,6.0,0.5,0.5,1.0,False,0.625
2022,SE,PODE,7,1.0451947619351767,2274000.0,False,0,1,0.14285714285714285,False,1,0.14285714285714285,False,1,0.14285714285714285,False,1.0,1.0,1.0,1.0,1.0,True,1.0,1.0,1.0,1.0,1.0,1.0,True,1.0,1.0,1.0,1.0,1.0,1.0,True,1.0
2022,SE,PP,9,6.747696421533658,5815000.0,False,1,7,0.7777777777777778,False,6,0.6666666666666666,False,1,0.1111111111111111,False,6.0,7.0,0.8571428571428571,0.8571428571428571,1.0,False,0.8888888888888888,1.0,7.0,0.14285714285714285,0.14285714285714285,1.0,False,0.33333333333333337,1.0,6.0,0.16666666666666666,0.16666666666666666,1.0,False,0.4444444444444444
2022,SE,PROS,5,,0.0,True,0,0,0.0,False,0,0.0,False,0,0.0,False,0.0,0.0,,,,True,1.0,0.0,0.0,,,,True,1.0,0.0,0.0,,,,True,1.0
2022,SE,PSB,9,2.8682305160344854,52950.0,False,0,3,0.3333333333333333,False,3,0.3333333333333333,False,3,0.3333333333333333,False,3.0,3.0,1.0,1.0,1.0,True,1.0,3.0,3.0,1.0,1.0,1.0,True,1.0,3.0,3.0,1.0,1.0,1.0,True,1.0
2022,SE,PSD,9,4.311710092202146,7492830.37,False,2,4,0.4444444444444444,False,3,0.3333333333333333,False,3,0.3333333333333333,False,3.0,4.0,0.75,0.75,1.0,False,0.8888888888888888,3.0,4.0,0.75,0.75,1.0,False,0.8888888888888888,3.0,3.0,1.0,1.0,1.0,True,1.0
2022,SE,PSDB,4,2.172965278867398,481200.0,False,0,2,0.5,False,2,0.5,False,1,0.25,False,2.0,2.0,1.0,1.0,1.0,True,1.0,1.0,2.0,0.5,0.5,1.0,False,0.75,1.0,2.0,0.5,0.5,1.0,False,0.75
2022,SE,PSOL,7,4.381563951663064,240105.72999999998,False,0,4,0.5714285714285714,True,5,0.7142857142857143,True,2,0.2857142857142857,False,4.0,5.0,0.8,1.0,0.8,False,0.8571428571428572,2.0,4.0,0.5,0.5,1.0,False,0.7142857142857143,2.0,5.0,0.4,0.4,1.0,False,0.5714285714285715
2022,SE,PT,5,2.4291094380392426,3057447.55,False,1,2,0.4,False,2,0.4,False,2,0.4,False,2.0,2.0,1.0,1.0,1.0,True,1.0,2.0,2.0,1.0,1.0,1.0,True,1.0,2.0,2.0,1.0,1.0,1.0,True,1.0
2022,SE,PTB,9,,0.0,True,0,0,0.0,False,0,0.0,False,0,0.0,False,0.0,0.0,,,,True,1.0,0.0,0.0,,,,True,1.0,0.0,0.0,,,,True,1.0
2022,SE,PV,2,1.921624581363378,266777.1,False,0,2,1.0,False,2,1.0,False,1,0.5,False,2.0,2.0,1.0,1.0,1.0,True,1.0,1.0,2.0,0.5,0.5,1.0,False,0.5,1.0,2.0,0.5,0.5,1.0,False,0.5
2022,SE,REDE,1,1.0,101404.18,False,0,1,1.0,False,1,1.0,False,0,0.0,False,1.0,1.0,1.0,1.0,1.0,True,1.0,0.0,1.0,0.0,0.0,,False,0.0,0.0,1.0,0.0,0.0,,False,0.0
2022,SE,REPUBLICANOS,9,5.460996428371688,6127989.800000001,False,1,5,0.5555555555555556,False,5,0.5555555555555556,False,4,0.4444444444444444,False,5.0,5.0,1.0,1.0,1.0,True,1.0,4.0,5.0,0.8,0.8,1.0,False,0.8888888888888888,4.0,5.0,0.8,0.8,1.0,False,0.8888888888888888
2022,SE,SOLIDARIEDADE,4,3.7029516432907683,66500.0,False,0,4,1.0,False,3,0.75,False,1,0.25,False,3.0,4.0,0.75,0.75,1.0,False,0.75,1.0,4.0,0.25,0.25,1.0,False,0.25,1.0,3.0,0.3333333333333333,0.3333333333333333,1.0,False,0.5
2022,SE,UNIAO,9,6.167839670842194,11768930.15,False,2,6,0.6666666666666666,False,6,0.6666666666666666,False,3,0.3333333333333333,False,6.0,6.0,1.0,1.0,1.0,True,1.0,3.0,6.0,0.5,0.5,1.0,False,0.6666666666666667,3.0,6.0,0.5,0.5,1.0,False,0.6666666666666667
2022,SE,UP,2,1.943214919847855,16411.7,False,0,2,1.0,False,2,1.0,False,1,0.5,False,2.0,2.0,1.0,1.0,1.0,True,1.0,1.0,2.0,0.5,0.5,1.0,False,0.5,1.0,2.0,0.5,0.5,1.0,False,0.5
2022,SP,AGIR,68,2.019685434791139,2217124.15,False,0,2,0.029411764705882353,False,5,0.07352941176470588,False,5,0.07352941176470588,False,2.0,5.0,0.4,1.0,0.4,False,0.9558823529411765,2.0,5.0,0.4,1.0,0.4,False,0.9558823529411765,5.0,5.0,1.0,1.0,1.0,True,1.0
2022,SP,AVANTE,70,11.334186369991153,12359402.26,False,0,11,0.15714285714285714,False,11,0.15714285714285714,False,14,0.2,False,11.0,11.0,1.0,1.0,1.0,True,1.0,11.0,14.0,0.7857142857142857,1.0,0.7857142857142857,False,0.9571428571428572,11.0,14.0,0.7857142857142857,1.0,0.7857142857142857,False,0.9571428571428572
2022,SP,CIDADANIA,9,4.324876372363424,10281341.82,False,2,4,0.4444444444444444,False,4,0.4444444444444444,False,4,0.4444444444444444,False,4.0,4.0,1.0,1.0,1.0,True,1.0,4.0,4.0,1.0,1.0,1.0,True,1.0,4.0,4.0,1.0,1.0,1.0,True,1.0
2022,SP,DC,16,14.690603817700687,163459.46000000002,False,0,15,0.9375,False,12,0.75,True,9,0.5625,False,12.0,15.0,0.8,0.8,1.0,False,0.8125,9.0,15.0,0.6,0.6,1.0,False,0.625,9.0,12.0,0.75,0.75,1.0,False,0.8125
2022,SP,MDB,66,21.06255045356453,26534000.0,False,5,21,0.3181818181818182,False,20,0.30303030303030304,True,19,0.2878787878787879,False,20.0,21.0,0.9523809523809523,0.9523809523809523,1.0,False,0.9848484848484849,19.0,21.0,0.9047619047619048,0.9047619047619048,1.0,False,0.9696969696969697,19.0,20.0,0.95,0.95,1.0,False,0.9848484848484849
2022,SP,NOVO,56,7.609844251788944,229437.47999999998,False,1,8,0.14285714285714285,True,20,0.35714285714285715,True,4,0.07142857142857142,False,8.0,20.0,0.4,1.0,0.4,False,0.7857142857142857,4.0,8.0,0.5,0.5,1.0,False,0.9285714285714286,4.0,20.0,0.2,0.2,1.0,False,0.7142857142857143
2022,SP,PATRIOTA,70,31.80544177706546,10566186.01,False,0,32,0.45714285714285713,True,30,0.42857142857142855,False,21,0.3,False,30.0,32.0,0.9375,0.9375,1.0,False,0.9714285714285714,21.0,32.0,0.65625,0.65625,1.0,False,0.8428571428571429,21.0,30.0,0.7,0.7,1.0,False,0.8714285714285714
2022,SP,PC DO B,2,1.9905086064728459,4515834.45,False,0,2,1.0,False,2,1.0,False,1,0.5,False,2.0,2.0,1.0,1.0,1.0,True,1.0,1.0,2.0,0.5,0.5,1.0,False,0.5,1.0,2.0,0.5,0.5,1.0,False,0.5
2022,SP,PCB,9,,0.0,True,0,0,0.0,False,0,0.0,False,0,0.0,False,0.0,0.0,,,,True,1.0,0.0,0.0,,,,True,1.0,0.0,0.0,,,,True,1.0
2022,SP,PCO,9,9.0,107769.24,False,0,9,1.0,False,8,0.8888888888888888,True,0,0.0,False,8.0,9.0,0.8888888888888888,0.8888888888888888,1.0,False,0.8888888888888888,0.0,9.0,0.0,0.0,,False,0.0,0.0,8.0,0.0,0.0,,False,0.11111111111111116
2022,SP,PDT,45,6.476260108899745,4940500.0,False,0,6,0.13333333333333333,True,10,0.2222222222222222,True,7,0.15555555555555556,False,6.0,10.0,0.6,1.0,0.6,False,0.9111111111111111,6.0,7.0,0.8571428571428571,1.0,0.8571428571428571,False,0.9777777777777777,7.0,10.0,0.7,0.7,1.0,False,0.9333333333333333
2022,SP,PL,70,23.132084703147232,32111847.799999997,False,17,23,0.32857142857142857,False,27,0.38571428571428573,True,26,0.37142857142857144,False,23.0,27.0,0.8518518518518519,1.0,0.8518518518518519,False,0.9428571428571428,23.0,26.0,0.8846153846153846,1.0,0.8846153846153846,False,0.9571428571428572,26.0,27.0,0.9629629629629629,0.9629629629629629,1.0,False,0.9857142857142858
2022,SP,PMB,26,,0.0,True,0,0,0.0,False,0,0.0,False,0,0.0,False,0.0,0.0,,,,True,1.0,0.0,0.0,,,,True,1.0,0.0,0.0,,,,True,1.0
2022,SP,PMN,47,12.56787678767877,1195000.0,False,0,13,0.2765957446808511,True,24,0.5106382978723404,True,16,0.3404255319148936,False,13.0,24.0,0.5416666666666666,1.0,0.5416666666666666,False,0.7659574468085106,13.0,16.0,0.8125,1.0,0.8125,False,0.9361702127659575,16.0,24.0,0.6666666666666666,0.6666666666666666,1.0,False,0.8297872340425532
2022,SP,PODE,71,21.799049782426085,23076447.61,False,3,22,0.30985915492957744,False,28,0.39436619718309857,True,19,0.2676056338028169,False,22.0,28.0,0.7857142857142857,1.0,0.7857142857142857,False,0.9154929577464789,19.0,22.0,0.8636363636363636,0.8636363636363636,1.0,False,0.9577464788732395,19.0,28.0,0.6785714285714286,0.6785714285714286,1.0,False,0.8732394366197183
2022,SP,PP,65,8.427784064879944,16092000.0,False,4,8,0.12307692307692308,False,7,0.1076923076923077,True,9,0.13846153846153847,False,7.0,8.0,0.875,0.875,1.0,False,0.9846153846153847,8.0,9.0,0.8888888888888888,1.0,0.8888888888888888,False,0.9846153846153847,7.0,9.0,0.7777777777777778,1.0,0.7777777777777778,False,0.9692307692307692
2022,SP,PROS,59,7.32872332658292,6905000.0,False,0,7,0.11864406779661017,False,8,0.13559322033898305,False,10,0.1694915254237288,False,7.0,8.0,0.875,1.0,0.875,False,0.9830508474576272,7.0,10.0,0.7,1.0,0.7,False,0.9491525423728814,8.0,10.0,0.8,1.0,0.8,False,0.9661016949152542
2022,SP,PRTB,59,30.09952305116875,255025.21999999997,False,0,30,0.5084745762711864,True,39,0.6610169491525424,True,14,0.23728813559322035,False,30.0,39.00000000000001,0.769230769230769,1.0,0.7692307692307693,False,0.8474576271186441,14.0,30.0,0.4666666666666667,0.4666666666666667,1.0,False,0.728813559322034,14.0,39.00000000000001,0.3589743589743589,0.358974358974359,1.0,False,0.576271186440678
2022,SP,PSB,67,11.379591115316131,12795616.929999996,False,2,11,0.16417910447761194,False,25,0.373134328358209,True,12,0.1791044776119403,False,11.0,25.0,0.44,1.0,0.44,False,0.791044776119403,11.0,12.0,0.9166666666666666,1.0,0.9166666666666666,False,0.9850746268656716,12.0,25.0,0.48,0.48,1.0,False,0.8059701492537313
2022,SP,PSC,59,7.925251170094371,3605000.0,False,1,8,0.13559322033898305,False,18,0.3050847457627119,True,10,0.1694915254237288,False,8.0,18.0,0.4444444444444444,1.0,0.4444444444444444,False,0.8305084745762712,8.0,10.0,0.8,1.0,0.8,False,0.9661016949152542,10.0,18.0,0.5555555555555556,0.5555555555555556,1.0,False,0.864406779661017
2022,SP,PSD,48,17.67720032598977,20125932.42,False,3,18,0.375,False,15,0.3125,False,14,0.2916666666666667,False,15.0,18.0,0.8333333333333334,0.8333333333333334,1.0,False,0.9375,14.0,18.0,0.7777777777777778,0.7777777777777778,1.0,False,0.9166666666666666,14.0,15.0,0.9333333333333333,0.9333333333333333,1.0,False,0.9791666666666666
2022,SP,PSDB,43,13.314037165521773,29717086.769999996,False,3,13,0.3023255813953488,False,10,0.23255813953488372,False,12,0.27906976744186046,False,10.0,13.0,0.7692307692307693,0.7692307692307693,1.0,False,0.9302325581395349,12.0,13.0,0.9230769230769231,0.9230769230769231,1.0,False,0.9767441860465116,10.0,12.0,0.8333333333333334,1.0,0.8333333333333334,False,0.9534883720930233
2022,SP,PSOL,38,11.854167858856371,15160151.219999999,False,5,12,0.3157894736842105,False,10,0.2631578947368421,False,10,0.2631578947368421,False,10.0,12.0,0.8333333333333334,0.8333333333333334,1.0,False,0.9473684210526316,10.0,12.0,0.8333333333333334,0.8333333333333334,1.0,False,0.9473684210526316,10.0,10.0,1.0,1.0,1.0,True,1.0
2022,SP,PSTU,9,3.0880109824361606,119022.5,False,0,3,0.3333333333333333,False,3,0.3333333333333333,False,2,0.2222222222222222,False,3.0,3.0,1.0,1.0,1.0,True,1.0,2.0,3.0,0.6666666666666666,0.6666666666666666,1.0,False,0.8888888888888888,2.0,3.0,0.6666666666666666,0.6666666666666666,1.0,False,0.8888888888888888
2022,SP,PT,57,28.26967840189715,43612722.54,False,11,28,0.49122807017543857,False,21,0.3684210526315789,False,23,0.40350877192982454,False,21.0,28.0,0.75,0.75,1.0,False,0.8771929824561404,23.0,28.0,0.8214285714285714,0.8214285714285714,1.0,False,0.9122807017543859,21.0,23.0,0.9130434782608695,1.0,0.9130434782608695,False,0.9649122807017544
2022,SP,PTB,70,5.310698423047312,8881863.23,False,0,5,0.07142857142857142,False,8,0.11428571428571428,False,6,0.08571428571428572,False,5.0,8.0,0.625,1.0,0.625,False,0.9571428571428572,5.0,6.0,0.8333333333333334,1.0,0.8333333333333334,False,0.9857142857142858,6.0,8.0,0.75,0.75,1.0,False,0.9714285714285714
2022,SP,PV,11,3.605065089513666,4955008.2,False,0,4,0.36363636363636365,False,3,0.2727272727272727,False,2,0.18181818181818182,False,3.0,4.0,0.75,0.75,1.0,False,0.9090909090909091,2.0,4.0,0.5,0.5,1.0,False,0.8181818181818181,2.0,3.0,0.6666666666666666,0.6666666666666666,1.0,False,0.9090909090909091
2022,SP,REDE,21,2.838372834155238,4922796.12,False,1,3,0.14285714285714285,False,3,0.14285714285714285,False,4,0.19047619047619047,False,3.0,3.0,1.0,1.0,1.0,True,1.0,3.0,4.0,0.75,1.0,0.75,False,0.9523809523809523,3.0,4.0,0.75,1.0,0.75,False,0.9523809523809523
2022,SP,REPUBLICANOS,68,19.187239077710334,33628013.620000005,False,5,19,0.27941176470588236,False,15,0.22058823529411764,True,18,0.2647058823529412,False,15.0,19.0,0.7894736842105263,0.7894736842105263,1.0,False,0.9411764705882353,18.0,19.0,0.9473684210526315,0.9473684210526315,1.0,False,0.9852941176470589,15.0,18.0,0.8333333333333334,1.0,0.8333333333333334,False,0.9558823529411765
2022,SP,SOLIDARIEDADE,54,15.303993633062348,14824120.840000004,False,1,15,0.2777777777777778,False,17,0.3148148148148148,False,12,0.2222222222222222,False,15.0,17.0,0.8823529411764706,1.0,0.8823529411764706,False,0.962962962962963,12.0,15.0,0.8,0.8,1.0,False,0.9444444444444444,12.0,17.0,0.7058823529411765,0.7058823529411765,1.0,False,0.9074074074074074
2022,SP,UNIAO,66,37.6766117799526,72415441.9,False,6,38,0.5757575757575758,False,29,0.4393939393939394,False,23,0.3484848484848485,False,29.0,38.0,0.7631578947368421,0.7631578947368421,1.0,False,0.8636363636363636,23.0,38.0,0.6052631578947368,0.6052631578947368,1.0,False,0.7727272727272727,23.0,29.0,0.7931034482758621,0.7931034482758621,1.0,False,0.9090909090909091
2022,SP,UP,1,1.0,27830.0,False,0,1,1.0,False,1,1.0,False,0,0.0,False,1.0,1.0,1.0,1.0,1.0,True,1.0,0.0,1.0,0.0,0.0,,False,0.0,0.0,1.0,0.0,0.0,,False,0.0
2022,TO,AVANTE,9,6.602911164517597,2669622.0,False,0,7,0.7777777777777778,False,6,0.6666666666666666,False,5,0.5555555555555556,False,6.0,7.0,0.8571428571428571,0.8571428571428571,1.0,False,0.8888888888888888,5.0,7.0,0.7142857142857143,0.7142857142857143,1.0,False,0.7777777777777778,5.0,6.0,0.8333333333333334,0.8333333333333334,1.0,False,0.8888888888888888
2022,TO,CIDADANIA,2,1.5439620576431958,92000.0,False,0,2,1.0,False,2,1.0,False,1,0.5,False,2.0,2.0,1.0,1.0,1.0,True,1.0,1.0,2.0,0.5,0.5,1.0,False,0.5,1.0,2.0,0.5,0.5,1.0,False,0.5
2022,TO,DC,8,5.826186541346997,132266.6,False,0,6,0.75,True,6,0.75,True,2,0.25,False,6.0,6.0,1.0,1.0,1.0,True,1.0,2.0,6.0,0.3333333333333333,0.3333333333333333,1.0,False,0.5,2.0,6.0,0.3333333333333333,0.3333333333333333,1.0,False,0.5
2022,TO,MDB,8,2.845022312628005,4515000.0,False,0,3,0.375,True,4,0.5,False,2,0.25,False,3.0,4.0,0.75,1.0,0.75,False,0.875,2.0,3.0,0.6666666666666666,0.6666666666666666,1.0,False,0.875,2.0,4.0,0.5,0.5,1.0,False,0.75
2022,TO,PATRIOTA,9,3.3679417122040074,430000.0,False,0,3,0.3333333333333333,False,3,0.3333333333333333,False,3,0.3333333333333333,False,3.0,3.0,1.0,1.0,1.0,True,1.0,3.0,3.0,1.0,1.0,1.0,True,1.0,3.0,3.0,1.0,1.0,1.0,True,1.0
2022,TO,PC DO B,2,1.5198801522390475,274000.0,False,0,2,1.0,False,2,1.0,False,1,0.5,False,2.0,2.0,1.0,1.0,1.0,True,1.0,1.0,2.0,0.5,0.5,1.0,False,0.5,1.0,2.0,0.5,0.5,1.0,False,0.5
2022,TO,PDT,6,3.8360142918711633,441591.80000000005,False,0,4,0.6666666666666666,False,4,0.6666666666666666,False,1,0.16666666666666666,False,4.0,4.0,1.0,1.0,1.0,True,1.0,1.0,4.0,0.25,0.25,1.0,False,0.5,1.0,4.0,0.25,0.25,1.0,False,0.5
2022,TO,PL,9,3.7271515666813793,4306960.0,False,2,4,0.4444444444444444,False,4,0.4444444444444444,False,4,0.4444444444444444,False,4.0,4.0,1.0,1.0,1.0,True,1.0,4.0,4.0,1.0,1.0,1.0,True,1.0,4.0,4.0,1.0,1.0,1.0,True,1.0
2022,TO,PMB,2,,0.0,True,0,0,0.0,False,0,0.0,False,0,0.0,False,0.0,0.0,,,,True,1.0,0.0,0.0,,,,True,1.0,0.0,0.0,,,,True,1.0
2022,TO,PODE,9,6.136271065059725,9921521.0,False,0,6,0.6666666666666666,False,6,0.6666666666666666,False,2,0.2222222222222222,False,6.0,6.0,1.0,1.0,1.0,True,1.0,2.0,6.0,0.3333333333333333,0.3333333333333333,1.0,False,0.5555555555555556,2.0,6.0,0.3333333333333333,0.3333333333333333,1.0,False,0.5555555555555556
2022,TO,PP,9,5.856989852816148,10300000.0,False,2,6,0.6666666666666666,False,5,0.5555555555555556,False,2,0.2222222222222222,False,5.0,6.0,0.8333333333333334,0.8333333333333334,1.0,False,0.8888888888888888,2.0,6.0,0.3333333333333333,0.3333333333333333,1.0,False,0.5555555555555556,2.0,5.0,0.4,0.4,1.0,False,0.6666666666666667
2022,TO,PRTB,4,1.071961901320999,32620.59,False,0,1,0.25,False,1,0.25,False,1,0.25,False,1.0,1.0,1.0,1.0,1.0,True,1.0,1.0,1.0,1.0,1.0,1.0,True,1.0,1.0,1.0,1.0,1.0,1.0,True,1.0
2022,TO,PSB,8,5.807726693939476,2315000.0,False,0,6,0.75,False,5,0.625,False,3,0.375,False,5.0,6.0,0.8333333333333334,0.8333333333333334,1.0,False,0.875,3.0,6.0,0.5,0.5,1.0,False,0.625,3.0,5.0,0.6,0.6,1.0,False,0.75
2022,TO,PSC,9,1.8910627205203954,3102154.71,False,0,2,0.2222222222222222,False,2,0.2222222222222222,False,1,0.1111111111111111,False,2.0,2.0,1.0,1.0,1.0,True,1.0,1.0,2.0,0.5,0.5,1.0,False,0.8888888888888888,1.0,2.0,0.5,0.5,1.0,False,0.8888888888888888
2022,TO,PSD,9,5.313126440478105,4165000.0,False,0,5,0.5555555555555556,False,5,0.5555555555555556,False,4,0.4444444444444444,False,5.0,5.0,1.0,1.0,1.0,True,1.0,4.0,5.0,0.8,0.8,1.0,False,0.8888888888888888,4.0,5.0,0.8,0.8,1.0,False,0.8888888888888888
2022,TO,PSDB,5,4.614406779661017,3300000.0,False,0,5,1.0,False,4,0.8,False,3,0.6,False,4.0,5.0,0.8,0.8,1.0,False,0.8,3.0,5.0,0.6,0.6,1.0,False,0.6,3.0,4.0,0.75,0.75,1.0,False,0.8
2022,TO,PSOL,3,2.862453169524193,180806.15000000002,False,0,3,1.0,False,3,1.0,False,2,0.6666666666666666,False,3.0,3.0,1.0,1.0,1.0,True,1.0,2.0,3.0,0.6666666666666666,0.6666666666666666,1.0,False,0.6666666666666667,2.0,3.0,0.6666666666666666,0.6666666666666666,1.0,False,0.6666666666666667
2022,TO,PT,5,2.8332756786319373,3577269.26,False,0,3,0.6,False,3,0.6,False,2,0.4,False,3.0,3.0,1.0,1.0,1.0,True,1.0,2.0,3.0,0.6666666666666666,0.6666666666666666,1.0,False,0.8,2.0,3.0,0.6666666666666666,0.6666666666666666,1.0,False,0.8
2022,TO,PTB,9,6.158778550572951,2593322.3200000003,False,0,6,0.6666666666666666,False,6,0.6666666666666666,False,1,0.1111111111111111,False,6.0,6.0,1.0,1.0,1.0,True,1.0,1.0,6.0,0.16666666666666666,0.16666666666666666,1.0,False,0.4444444444444444,1.0,6.0,0.16666666666666666,0.16666666666666666,1.0,False,0.4444444444444444
2022,TO,PV,2,1.3845784601230398,59997.399999999994,False,0,1,0.5,False,1,0.5,False,1,0.5,False,1.0,1.0,1.0,1.0,1.0,True,1.0,1.0,1.0,1.0,1.0,1.0,True,1.0,1.0,1.0,1.0,1.0,1.0,True,1.0
2022,TO,REDE,2,2.0,100000.0,False,0,2,1.0,False,2,1.0,False,0,0.0,False,2.0,2.0,1.0,1.0,1.0,True,1.0,0.0,2.0,0.0,0.0,,False,0.0,0.0,2.0,0.0,0.0,,False,0.0
2022,TO,REPUBLICANOS,9,7.438240446256455,3644023.65,False,3,7,0.7777777777777778,False,6,0.6666666666666666,False,5,0.5555555555555556,False,6.0,7.0,0.8571428571428571,0.8571428571428571,1.0,False,0.8888888888888888,5.0,7.0,0.7142857142857143,0.7142857142857143,1.0,False,0.7777777777777778,5.0,6.0,0.8333333333333334,0.8333333333333334,1.0,False,0.8888888888888888
2022,TO,UNIAO,7,5.401684619602764,10216139.559999999,False,1,5,0.7142857142857143,False,4,0.5714285714285714,False,4,0.5714285714285714,False,4.0,5.0,0.8,0.8,1.0,False,0.8571428571428572,4.0,5.0,0.8,0.8,1.0,False,0.8571428571428572,4.0,4.0,1.0,1.0,1.0,True,1.0
