Ano,UF,Partido,Magnitude,tipo,C,F,Mp,E,Recursos,Recebedores,Sem_recursos,NECr,D,Q,NECr_Mp,NECr_E,NECr_menos_E,k_arredondado,eleitos_top_arredondado,Cobertura_pct,Precisao_pct,Competitivos_top,Fracao_nucleo_pct,Aleatoria_pct,Lift,Excedente_pp,Precisao_aleatoria_pct,Cobertura_competitiva_pct,Lift_competitivo
2018,AC,AVANTE,Pequeno (8–12),Menos competitivo,9,0,0,0,25700.050000000003,6,3,5.78668077786618,3.21331922213382,1.5552957464708674,,,5.78668077786618,6,0.0,,0.0,0.0,64.296453087402,,,,0.0,,
2018,AC,DC,Pequeno (8–12),Menos competitivo,3,0,0,0,40800.0,3,0,2.6312594840667685,0.3687405159332315,1.140138408304498,,,2.6312594840667685,3,0.0,,0.0,0.0,87.70864946889229,,,,0.0,,
2018,AC,DEM,Pequeno (8–12),Competitivo,1,1,1,1,825300.0,1,0,1.0,0.0,1.0,1.0,1.0,0.0,1,1.0,100.0,100.0,1.0,100.0,100.0,1.0,0.0,100.0,100.0,1.0
2018,AC,MDB,Pequeno (8–12),Competitivo,3,2,2,2,3657900.0,3,0,2.035560494846385,0.9644395051536154,1.473795550461593,1.0177802474231925,1.0177802474231925,0.0355604948463845,2,2.0,100.0,100.0,2.0,67.85201649487949,66.66666666666667,1.5,33.33333333333333,66.66666666666667,100.0,1.5
2018,AC,PATRI,Pequeno (8–12),Menos competitivo,1,0,0,0,0.0,0,1,,,,,,,0,0.0,,,0.0,,,,,,,
2018,AC,PC DO B,Pequeno (8–12),Menos competitivo,1,1,0,1,899232.95,1,0,1.0,0.0,1.0,,1.0,0.0,1,1.0,100.0,100.0,1.0,100.0,100.0,1.0,0.0,100.0,100.0,1.0
2018,AC,PDT,Pequeno (8–12),Menos competitivo,16,4,0,1,250471.77,14,2,6.764354286202949,9.235645713797052,2.3653403300644262,,6.764354286202949,5.764354286202949,7,1.0,100.0,14.285714285714286,2.0,42.277214288768434,43.75,2.2857142857142856,56.25,6.25,50.0,1.1428571428571428
2018,AC,PHS,Pequeno (8–12),Menos competitivo,2,0,0,0,26974.270000000004,2,0,1.6451850694018162,0.3548149305981838,1.2156687032949998,,,1.6451850694018162,2,0.0,,0.0,0.0,82.25925347009081,,,,0.0,,
2018,AC,PMB,Pequeno (8–12),Menos competitivo,1,0,0,0,30000.0,1,0,1.0,0.0,1.0,,,1.0,1,0.0,,0.0,0.0,100.0,,,,0.0,,
2018,AC,PMN,Pequeno (8–12),Menos competitivo,1,0,0,0,150000.0,1,0,1.0,0.0,1.0,,,1.0,1,0.0,,0.0,0.0,100.0,,,,0.0,,
2018,AC,PODE,Pequeno (8–12),Menos competitivo,2,0,0,0,100000.0,1,1,1.0,1.0,2.0,,,1.0,1,0.0,,0.0,0.0,50.0,,,,0.0,,
2018,AC,PP,Pequeno (8–12),Competitivo,3,1,0,0,1322040.0,3,0,2.066556611607563,0.9334433883924368,1.4516902092831208,,,2.066556611607563,2,0.0,,0.0,1.0,68.88522038691877,,,,0.0,100.0,1.5
2018,AC,PPL,Pequeno (8–12),Menos competitivo,1,1,0,0,4637.5,1,0,1.0,0.0,1.0,,,1.0,1,0.0,,0.0,1.0,100.0,,,,0.0,100.0,1.0
2018,AC,PPS,Pequeno (8–12),Menos competitivo,1,0,0,0,498048.04,1,0,1.0,0.0,1.0,,,1.0,1,0.0,,0.0,0.0,100.0,,,,0.0,,
2018,AC,PR,Pequeno (8–12),Competitivo,1,1,0,0,1500000.0,1,0,1.0,0.0,1.0,,,1.0,1,0.0,,0.0,1.0,100.0,,,,0.0,100.0,1.0
2018,AC,PROS,Pequeno (8–12),Menos competitivo,2,1,0,0,316985.0,1,1,1.0,1.0,2.0,,,1.0,1,0.0,,0.0,1.0,50.0,,,,0.0,100.0,2.0
2018,AC,PRP,Pequeno (8–12),Menos competitivo,3,1,0,0,61883.04,3,0,2.248453185959963,0.751546814040037,1.3342505944677558,,,2.248453185959963,2,0.0,,0.0,1.0,74.94843953199877,,,,0.0,100.0,1.5
2018,AC,PRTB,Pequeno (8–12),Menos competitivo,2,0,0,0,13715.0,1,1,1.0,1.0,2.0,,,1.0,1,0.0,,0.0,0.0,50.0,,,,0.0,,
2018,AC,PSB,Pequeno (8–12),Competitivo,1,1,1,0,1300000.0,1,0,1.0,0.0,1.0,1.0,,1.0,1,0.0,,0.0,1.0,100.0,,,,0.0,100.0,1.0
2018,AC,PSC,Pequeno (8–12),Menos competitivo,1,1,0,0,70000.0,1,0,1.0,0.0,1.0,,,1.0,1,0.0,,0.0,1.0,100.0,,,,0.0,100.0,1.0
2018,AC,PSD,Pequeno (8–12),Competitivo,1,0,0,0,824450.0,1,0,1.0,0.0,1.0,,,1.0,1,0.0,,0.0,0.0,100.0,,,,0.0,,
2018,AC,PSDB,Pequeno (8–12),Competitivo,1,0,1,1,1629365.55,1,0,1.0,0.0,1.0,1.0,1.0,0.0,1,1.0,100.0,100.0,0.0,100.0,100.0,1.0,0.0,100.0,,
2018,AC,PSL,Pequeno (8–12),Menos competitivo,8,3,0,0,261.04,5,3,4.71203274162421,3.28796725837579,1.6977810721328832,,,4.71203274162421,5,0.0,,0.0,1.0,58.900409270302625,,,,0.0,33.333333333333336,0.5333333333333333
2018,AC,PSOL,Pequeno (8–12),Menos competitivo,4,1,0,0,300066.64,4,0,3.4898209751924303,0.5101790248075697,1.146190600731156,,,3.4898209751924303,3,0.0,,0.0,1.0,87.24552437981076,,,,0.0,100.0,1.3333333333333333
2018,AC,PT,Pequeno (8–12),Competitivo,5,3,3,1,2778000.0,5,0,3.169675084321672,1.830324915678328,1.5774487501043115,1.0565583614405574,3.169675084321672,2.169675084321672,3,1.0,100.0,33.333333333333336,3.0,63.393501686433446,60.0,1.6666666666666667,40.0,20.0,100.0,1.6666666666666665
2018,AC,PTB,Pequeno (8–12),Menos competitivo,1,0,0,0,449599.75,1,0,1.0,0.0,1.0,,,1.0,1,0.0,,0.0,0.0,100.0,,,,0.0,,
2018,AC,PTC,Pequeno (8–12),Menos competitivo,1,0,0,0,570000.0,1,0,1.0,0.0,1.0,,,1.0,1,0.0,,0.0,0.0,100.0,,,,0.0,,
2018,AC,PV,Pequeno (8–12),Menos competitivo,2,1,0,0,334343.2,2,0,1.3543842214897526,0.6456157785102474,1.4766858386758992,,,1.3543842214897526,1,0.0,,0.0,1.0,67.71921107448763,,,,0.0,100.0,2.0
2018,AC,REDE,Pequeno (8–12),Menos competitivo,2,0,0,0,190800.0,2,0,1.0084209033413256,0.9915790966586744,1.9832988322367704,,,1.0084209033413256,1,0.0,,0.0,0.0,50.42104516706628,,,,0.0,,
2018,AC,SOLIDARIEDADE,Pequeno (8–12),Menos competitivo,1,1,0,1,1450000.0,1,0,1.0,0.0,1.0,,1.0,0.0,1,1.0,100.0,100.0,1.0,100.0,100.0,1.0,0.0,100.0,100.0,1.0
2018,AL,AVANTE,Pequeno (8–12),Menos competitivo,1,1,1,0,319000.0,1,0,1.0,0.0,1.0,1.0,,1.0,1,0.0,,0.0,1.0,100.0,,,,0.0,100.0,1.0
2018,AL,DC,Pequeno (8–12),Menos competitivo,2,0,0,0,77320.0,2,0,1.888136370690797,0.111863629309203,1.0592455243411665,,,1.888136370690797,2,0.0,,0.0,0.0,94.40681853453985,,,,0.0,,
2018,AL,DEM,Pequeno (8–12),Competitivo,2,0,0,0,0.0,0,2,,,,,,,0,0.0,,,0.0,,,,,,,
2018,AL,MDB,Pequeno (8–12),Competitivo,3,1,0,1,100000.0,2,1,2.0,1.0,1.5,,2.0,1.0,2,0.0,0.0,0.0,0.0,66.66666666666667,66.66666666666667,0.0,-66.66666666666667,33.333333333333336,0.0,0.0
2018,AL,NOVO,Pequeno (8–12),Menos competitivo,3,0,0,0,5797.48,3,0,2.186741048522975,0.813258951477025,1.3719045526795857,,,2.186741048522975,2,0.0,,0.0,0.0,72.89136828409916,,,,0.0,,
2018,AL,PATRI,Pequeno (8–12),Menos competitivo,3,0,0,0,0.0,0,3,,,,,,,0,0.0,,,0.0,,,,,,,
2018,AL,PC DO B,Pequeno (8–12),Menos competitivo,4,0,0,0,64639.4,4,0,2.345359374817703,1.6546406251822972,1.7054955598482244,,,2.345359374817703,2,0.0,,0.0,0.0,58.63398437044257,,,,0.0,,
2018,AL,PDT,Pequeno (8–12),Menos competitivo,2,1,1,0,650000.0,2,0,1.1655172413793102,0.8344827586206898,1.7159763313609468,1.1655172413793102,,1.1655172413793102,1,0.0,,0.0,1.0,58.27586206896551,,,,0.0,100.0,2.0
2018,AL,PHS,Pequeno (8–12),Menos competitivo,6,0,1,0,42249.69,5,1,3.990950190900328,2.009049809099672,1.503401373858401,3.990950190900328,,3.990950190900328,4,0.0,,0.0,0.0,66.51583651500546,,,,0.0,,
2018,AL,PMN,Pequeno (8–12),Menos competitivo,1,0,0,0,900000.0,1,0,1.0,0.0,1.0,,,1.0,1,0.0,,0.0,0.0,100.0,,,,0.0,,
2018,AL,PODE,Pequeno (8–12),Menos competitivo,1,0,0,0,0.0,0,1,,,,,,,0,0.0,,,0.0,,,,,,,
2018,AL,PP,Pequeno (8–12),Competitivo,5,1,1,1,2777758.0,4,1,2.236587246002682,2.763412753997318,2.2355488295554755,2.236587246002682,2.236587246002682,1.236587246002682,2,1.0,100.0,50.0,1.0,44.731744920053636,40.0,2.5,60.0,20.0,100.0,2.5
2018,AL,PPL,Pequeno (8–12),Menos competitivo,2,0,0,0,1340.0,2,0,2.0,0.0,1.0,,,2.0,2,0.0,,0.0,0.0,100.0,,,,0.0,,
2018,AL,PPS,Pequeno (8–12),Menos competitivo,1,1,0,0,654173.8500000001,1,0,1.0,0.0,1.0,,,1.0,1,0.0,,0.0,1.0,100.0,,,,0.0,100.0,1.0
2018,AL,PR,Pequeno (8–12),Competitivo,1,1,0,1,1255557.26,1,0,1.0,0.0,1.0,,1.0,0.0,1,1.0,100.0,100.0,1.0,100.0,100.0,1.0,0.0,100.0,100.0,1.0
2018,AL,PRB,Pequeno (8–12),Competitivo,1,1,0,1,842225.39,1,0,1.0,0.0,1.0,,1.0,0.0,1,1.0,100.0,100.0,1.0,100.0,100.0,1.0,0.0,100.0,100.0,1.0
2018,AL,PROS,Pequeno (8–12),Menos competitivo,1,0,0,0,0.0,0,1,,,,,,,0,0.0,,,0.0,,,,,,,
2018,AL,PRTB,Pequeno (8–12),Menos competitivo,2,1,0,0,200000.0,2,0,1.0512483574244416,0.9487516425755584,1.9025,,,1.0512483574244416,1,0.0,,0.0,0.0,52.56241787122208,,,,0.0,0.0,0.0
2018,AL,PSB,Pequeno (8–12),Competitivo,2,1,1,1,1313000.0,2,0,1.0076451482241104,0.9923548517758896,1.9848257132233813,1.0076451482241104,1.0076451482241104,0.0076451482241104,1,1.0,100.0,100.0,1.0,50.38225741120552,50.0,2.0,50.0,50.0,100.0,2.0
2018,AL,PSC,Pequeno (8–12),Menos competitivo,2,0,0,0,500000.0,2,0,1.923076923076923,0.0769230769230771,1.04,,,1.923076923076923,2,0.0,,0.0,0.0,96.15384615384615,,,,0.0,,
2018,AL,PSD,Pequeno (8–12),Competitivo,2,0,1,1,1499800.0,2,0,1.7242330643047397,0.2757669356952603,1.159935997867236,1.7242330643047397,1.7242330643047397,0.7242330643047397,2,1.0,100.0,50.0,0.0,86.21165321523698,100.0,1.0,0.0,50.0,,
2018,AL,PSDB,Pequeno (8–12),Competitivo,3,1,1,1,2055252.42,3,0,1.9715360675508928,1.0284639324491072,1.5216561590611422,1.9715360675508928,1.9715360675508928,0.9715360675508928,2,1.0,100.0,50.0,1.0,65.7178689183631,66.66666666666667,1.5,33.33333333333333,33.333333333333336,100.0,1.5
2018,AL,PSL,Pequeno (8–12),Menos competitivo,10,1,0,0,0.0,0,10,,,,,,,0,0.0,,,0.0,,,,,,0.0,
2018,AL,PSOL,Pequeno (8–12),Menos competitivo,2,0,0,0,16263.22,2,0,1.1217037725373162,0.8782962274626838,1.783001937736164,,,1.1217037725373162,1,0.0,,0.0,0.0,56.085188626865815,,,,0.0,,
2018,AL,PSTU,Pequeno (8–12),Menos competitivo,1,0,0,0,0.0,0,1,,,,,,,0,0.0,,,0.0,,,,,,,
2018,AL,PT,Pequeno (8–12),Competitivo,1,1,1,1,1000000.0,1,0,1.0,0.0,1.0,1.0,1.0,0.0,1,1.0,100.0,100.0,1.0,100.0,100.0,1.0,0.0,100.0,100.0,1.0
2018,AL,PTB,Pequeno (8–12),Menos competitivo,2,1,1,1,1709057.38,2,0,1.64720372963403,0.3527962703659699,1.2141788923974528,1.64720372963403,1.64720372963403,0.6472037296340301,2,1.0,100.0,50.0,1.0,82.3601864817015,100.0,1.0,0.0,50.0,100.0,1.0
2018,AL,PTC,Pequeno (8–12),Menos competitivo,2,1,0,0,300000.0,1,1,1.0,1.0,2.0,,,1.0,1,0.0,,0.0,0.0,50.0,,,,0.0,0.0,0.0
2018,AL,PV,Pequeno (8–12),Menos competitivo,2,0,0,0,232742.2,2,0,1.1741254662585308,0.8258745337414692,1.703395469628303,,,1.1741254662585308,1,0.0,,0.0,0.0,58.70627331292654,,,,0.0,,
2018,AL,REDE,Pequeno (8–12),Menos competitivo,1,1,0,0,725000.0,1,0,1.0,0.0,1.0,,,1.0,1,0.0,,0.0,1.0,100.0,,,,0.0,100.0,1.0
2018,AL,SOLIDARIEDADE,Pequeno (8–12),Menos competitivo,1,1,0,0,0.0,0,1,,,,,,,0,0.0,,,0.0,,,,,,0.0,
2018,AM,AVANTE,Pequeno (8–12),Menos competitivo,4,0,0,0,34503.2,3,1,2.080793194812673,1.919206805187327,1.9223438494377172,,,2.080793194812673,2,0.0,,0.0,0.0,52.019829870316826,,,,0.0,,
2018,AM,DC,Pequeno (8–12),Menos competitivo,6,0,0,0,75644.0,6,0,2.941752245328261,3.058247754671739,2.039600720804576,,,2.941752245328261,3,0.0,,0.0,0.0,49.029204088804356,,,,0.0,,
2018,AM,DEM,Pequeno (8–12),Competitivo,2,1,1,0,1078000.0,2,0,1.1699531045814149,0.8300468954185853,1.7094702276255416,1.1699531045814149,,1.1699531045814149,1,0.0,,0.0,1.0,58.497655229070745,,,,0.0,100.0,2.0
2018,AM,MDB,Pequeno (8–12),Competitivo,7,0,1,0,1893631.8,7,0,1.139613899378244,5.860386100621756,6.142431225013221,1.139613899378244,,1.139613899378244,1,0.0,,0.0,0.0,16.280198562546342,,,,0.0,,
2018,AM,PATRI,Pequeno (8–12),Menos competitivo,5,0,0,0,280.1,4,1,3.99999847048105,1.0000015295189502,1.2500004779748546,,,3.99999847048105,4,0.0,,0.0,0.0,79.999969409621,,,,0.0,,
2018,AM,PC DO B,Pequeno (8–12),Menos competitivo,8,0,0,0,189848.58,8,0,3.533246765432056,4.466753234567944,2.264206417244604,,,3.533246765432056,4,0.0,,0.0,0.0,44.1655845679007,,,,0.0,,
2018,AM,PDT,Pequeno (8–12),Menos competitivo,3,0,1,0,35000.0,2,1,1.6896551724137931,1.3103448275862069,1.7755102040816326,1.6896551724137931,,1.6896551724137931,2,0.0,,0.0,0.0,56.32183908045977,,,,0.0,,
2018,AM,PHS,Pequeno (8–12),Menos competitivo,2,1,0,0,96485.0,2,0,1.970845925493191,0.029154074506809,1.0147926705632828,,,1.970845925493191,2,0.0,,0.0,1.0,98.54229627465955,,,,0.0,100.0,1.0
2018,AM,PMB,Pequeno (8–12),Menos competitivo,9,0,0,0,3100.0,2,7,1.7763401109057304,7.22365988909427,5.066597294484911,,,1.7763401109057304,2,0.0,,0.0,0.0,19.737112343397005,,,,0.0,,
2018,AM,PMN,Pequeno (8–12),Menos competitivo,7,0,0,0,120000.0,3,4,2.6666666666666665,4.333333333333334,2.625,,,2.6666666666666665,3,0.0,,0.0,0.0,38.09523809523809,,,,0.0,,
2018,AM,PODE,Pequeno (8–12),Menos competitivo,5,1,0,0,19600.0,4,1,2.508554264072091,2.491445735927909,1.993179925031237,,,2.508554264072091,3,0.0,,0.0,1.0,50.17108528144182,,,,0.0,100.0,1.6666666666666667
2018,AM,PP,Pequeno (8–12),Competitivo,2,1,1,1,1897386.0,1,1,1.0,1.0,2.0,1.0,1.0,0.0,1,1.0,100.0,100.0,1.0,50.0,50.0,2.0,50.0,50.0,100.0,2.0
2018,AM,PPL,Pequeno (8–12),Menos competitivo,5,0,0,0,0.0,0,5,,,,,,,0,0.0,,,0.0,,,,,,,
2018,AM,PPS,Pequeno (8–12),Menos competitivo,2,0,0,0,116816.01,1,1,1.0,1.0,2.0,,,1.0,1,0.0,,0.0,0.0,50.0,,,,0.0,,
2018,AM,PR,Pequeno (8–12),Competitivo,3,1,1,1,1989000.0,3,0,1.805850118111584,1.194149881888416,1.6612674384833022,1.805850118111584,1.805850118111584,0.805850118111584,2,1.0,100.0,50.0,1.0,60.1950039370528,66.66666666666667,1.5,33.33333333333333,33.333333333333336,100.0,1.5
2018,AM,PRB,Pequeno (8–12),Competitivo,2,1,1,2,2308380.0,2,0,1.8278675684518504,0.1721324315481498,1.0941711722003695,1.8278675684518504,0.9139337842259252,-0.1721324315481498,2,2.0,100.0,100.0,1.0,91.39337842259252,100.0,1.0,0.0,100.0,100.0,1.0
2018,AM,PROS,Pequeno (8–12),Menos competitivo,2,1,0,0,717250.0,2,0,1.7199021732259607,0.2800978267740392,1.162856836356378,,,1.7199021732259607,2,0.0,,0.0,1.0,85.99510866129803,,,,0.0,100.0,1.0
2018,AM,PRP,Pequeno (8–12),Menos competitivo,4,0,0,0,2000.0,1,3,1.0,3.0,4.0,,,1.0,1,0.0,,0.0,0.0,25.0,,,,0.0,,
2018,AM,PRTB,Pequeno (8–12),Menos competitivo,3,0,0,0,0.0,0,3,,,,,,,0,0.0,,,0.0,,,,,,,
2018,AM,PSB,Pequeno (8–12),Competitivo,2,1,0,0,775000.0,2,0,1.7763401109057304,0.2236598890942696,1.1259105098855358,,,1.7763401109057304,2,0.0,,0.0,1.0,88.81700554528652,,,,0.0,100.0,1.0
2018,AM,PSC,Pequeno (8–12),Menos competitivo,4,1,0,0,100000.0,1,3,1.0,3.0,4.0,,,1.0,1,0.0,,0.0,1.0,25.0,,,,0.0,100.0,4.0
2018,AM,PSD,Pequeno (8–12),Competitivo,4,2,0,1,2520000.0,3,1,3.0,1.0,1.3333333333333333,,3.0,2.0,3,1.0,100.0,33.333333333333336,2.0,75.0,75.0,1.3333333333333333,25.0,25.0,100.0,1.3333333333333333
2018,AM,PSDB,Pequeno (8–12),Competitivo,1,1,2,0,2129609.6,1,0,1.0,0.0,1.0,0.5,,1.0,1,0.0,,0.0,1.0,100.0,,,,0.0,100.0,1.0
2018,AM,PSL,Pequeno (8–12),Menos competitivo,1,0,0,1,5294.0,1,0,1.0,0.0,1.0,,1.0,0.0,1,1.0,100.0,100.0,0.0,100.0,100.0,1.0,0.0,100.0,,
2018,AM,PSOL,Pequeno (8–12),Menos competitivo,13,0,0,0,21316.38,12,1,6.192903925737836,6.807096074262164,2.0991767603517526,,,6.192903925737836,6,0.0,,0.0,0.0,47.63772250567566,,,,0.0,,
2018,AM,PSTU,Pequeno (8–12),Menos competitivo,1,0,0,0,0.0,0,1,,,,,,,0,0.0,,,0.0,,,,,,,
2018,AM,PT,Pequeno (8–12),Competitivo,4,1,0,1,910825.18,4,0,2.460059917850748,1.539940082149252,1.6259766564932423,,2.460059917850748,1.460059917850748,2,1.0,100.0,50.0,1.0,61.5014979462687,50.0,2.0,50.0,25.0,100.0,2.0
2018,AM,PTB,Pequeno (8–12),Menos competitivo,1,1,0,0,1479306.6,1,0,1.0,0.0,1.0,,,1.0,1,0.0,,0.0,1.0,100.0,,,,0.0,100.0,1.0
2018,AM,PTC,Pequeno (8–12),Menos competitivo,4,0,0,0,3529.3500000000004,3,1,3.0,1.0,1.3333333333333333,,,3.0,3,0.0,,0.0,0.0,75.0,,,,0.0,,
2018,AM,PV,Pequeno (8–12),Menos competitivo,2,1,0,0,403955.54,1,1,1.0,1.0,2.0,,,1.0,1,0.0,,0.0,1.0,50.0,,,,0.0,100.0,2.0
2018,AM,REDE,Pequeno (8–12),Menos competitivo,7,0,0,0,2092.0,2,5,2.0,5.0,3.5,,,2.0,2,0.0,,0.0,0.0,28.571428571428573,,,,0.0,,
2018,AM,SOLIDARIEDADE,Pequeno (8–12),Menos competitivo,1,1,0,1,280000.0,1,0,1.0,0.0,1.0,,1.0,0.0,1,1.0,100.0,100.0,1.0,100.0,100.0,1.0,0.0,100.0,100.0,1.0
2018,AP,AVANTE,Pequeno (8–12),Menos competitivo,2,1,0,1,418539.23,2,0,1.9999756378257167,2.43621742828104e-05,1.000012181235522,,1.9999756378257167,0.9999756378257172,2,1.0,100.0,50.0,1.0,99.99878189128583,100.0,1.0,0.0,50.0,100.0,1.0
2018,AP,DC,Pequeno (8–12),Menos competitivo,1,0,0,0,30022.82,1,0,1.0,0.0,1.0,,,1.0,1,0.0,,0.0,0.0,100.0,,,,0.0,,
2018,AP,DEM,Pequeno (8–12),Competitivo,4,2,0,0,750000.0,4,0,3.461538461538461,0.5384615384615388,1.1555555555555557,,,3.461538461538461,3,0.0,,0.0,2.0,86.53846153846152,,,,0.0,100.0,1.3333333333333333
2018,AP,MDB,Pequeno (8–12),Competitivo,4,1,1,0,1686845.0,3,1,1.247250938214065,2.752749061785935,3.207053109719515,1.247250938214065,,1.247250938214065,1,0.0,,0.0,1.0,31.181273455351626,,,,0.0,100.0,4.0
2018,AP,PC DO B,Pequeno (8–12),Menos competitivo,1,1,1,1,896500.0,1,0,1.0,0.0,1.0,1.0,1.0,0.0,1,1.0,100.0,100.0,1.0,100.0,100.0,1.0,0.0,100.0,100.0,1.0
2018,AP,PDT,Pequeno (8–12),Menos competitivo,7,1,0,0,176028.0,7,0,1.3330899049837688,5.666910095016231,5.25095867415276,,,1.3330899049837688,1,0.0,,0.0,0.0,19.044141499768127,,,,0.0,0.0,0.0
2018,AP,PHS,Pequeno (8–12),Menos competitivo,6,0,0,0,520000.0,6,0,4.261623325453113,1.7383766745468874,1.407914201183432,,,4.261623325453113,4,0.0,,0.0,0.0,71.02705542421855,,,,0.0,,
2018,AP,PMN,Pequeno (8–12),Menos competitivo,3,0,0,0,8150.0,3,0,2.8652000431359865,0.1347999568640134,1.047047310775716,,,2.8652000431359865,3,0.0,,0.0,0.0,95.50666810453288,,,,0.0,,
2018,AP,PODE,Pequeno (8–12),Menos competitivo,1,1,1,0,1050000.0,1,0,1.0,0.0,1.0,1.0,,1.0,1,0.0,,0.0,1.0,100.0,,,,0.0,100.0,1.0
2018,AP,PP,Pequeno (8–12),Competitivo,1,1,2,1,1634541.0,1,0,1.0,0.0,1.0,0.5,1.0,0.0,1,1.0,100.0,100.0,1.0,100.0,100.0,1.0,0.0,100.0,100.0,1.0
2018,AP,PPL,Pequeno (8–12),Menos competitivo,3,0,0,0,5870.0,3,0,2.9982597043237647,0.0017402956762353,1.0005804352684078,,,2.9982597043237647,3,0.0,,0.0,0.0,99.9419901441255,,,,0.0,,
2018,AP,PR,Pequeno (8–12),Competitivo,7,4,1,1,3065000.0,7,0,2.811484792937039,4.188515207062961,2.4897876088767306,2.811484792937039,2.811484792937039,1.8114847929370388,3,1.0,100.0,33.333333333333336,3.0,40.16406847052912,42.857142857142854,2.3333333333333335,57.142857142857146,14.285714285714286,75.0,1.75
2018,AP,PRB,Pequeno (8–12),Competitivo,1,0,0,1,1952976.22,1,0,1.0,0.0,1.0,,1.0,0.0,1,1.0,100.0,100.0,0.0,100.0,100.0,1.0,0.0,100.0,,
2018,AP,PROS,Pequeno (8–12),Menos competitivo,2,0,0,1,776466.3,2,0,1.1549621066159304,0.8450378933840696,1.731658544071245,,1.1549621066159304,0.1549621066159303,1,1.0,100.0,100.0,0.0,57.74810533079652,50.0,2.0,50.0,50.0,,
2018,AP,PRP,Pequeno (8–12),Menos competitivo,2,1,0,0,270803.44,2,0,1.005951354709277,0.9940486452907228,1.9881677087437348,,,1.005951354709277,1,0.0,,0.0,1.0,50.29756773546386,,,,0.0,100.0,2.0
2018,AP,PSB,Pequeno (8–12),Competitivo,8,1,1,1,752500.0,6,2,1.9342573259721352,6.065742674027865,4.135954349289743,1.9342573259721352,1.9342573259721352,0.9342573259721352,2,1.0,100.0,50.0,1.0,24.17821657465169,25.0,4.0,75.0,12.5,100.0,4.0
2018,AP,PSC,Pequeno (8–12),Menos competitivo,2,1,0,0,320000.0,2,0,1.1327433628318584,0.8672566371681416,1.765625,,,1.1327433628318584,1,0.0,,0.0,1.0,56.63716814159292,,,,0.0,100.0,2.0
2018,AP,PSD,Pequeno (8–12),Competitivo,3,1,1,0,739000.0,2,1,1.998678821992307,1.001321178007693,1.500991538505203,1.998678821992307,,1.998678821992307,2,0.0,,0.0,1.0,66.62262739974356,,,,0.0,100.0,1.5
2018,AP,PSDB,Pequeno (8–12),Competitivo,2,1,0,1,832050.0,2,0,1.017578661196208,0.982421338803792,1.9654500200003335,,1.017578661196208,0.0175786611962081,1,1.0,100.0,100.0,1.0,50.87893305981041,50.0,2.0,50.0,50.0,100.0,2.0
2018,AP,PSL,Pequeno (8–12),Menos competitivo,1,0,0,0,35000.0,1,0,1.0,0.0,1.0,,,1.0,1,0.0,,0.0,0.0,100.0,,,,0.0,,
2018,AP,PSOL,Pequeno (8–12),Menos competitivo,6,0,0,0,201719.65,6,0,5.666633248948553,0.3333667510514466,1.058829773589689,,,5.666633248948553,6,0.0,,0.0,0.0,94.44388748247589,,,,0.0,,
2018,AP,PSTU,Pequeno (8–12),Menos competitivo,2,0,0,0,0.0,0,2,,,,,,,0,0.0,,,0.0,,,,,,,
2018,AP,PTB,Pequeno (8–12),Menos competitivo,7,1,0,0,431018.8,7,0,6.347433994537348,0.6525660054626519,1.102807844244502,,,6.347433994537348,6,0.0,,0.0,1.0,90.67762849339069,,,,0.0,100.0,1.1666666666666667
2018,AP,PTC,Pequeno (8–12),Menos competitivo,5,0,0,0,80000.0,1,4,1.0,4.0,5.0,,,1.0,1,0.0,,0.0,0.0,20.0,,,,0.0,,
2018,AP,PV,Pequeno (8–12),Menos competitivo,6,0,0,0,72335.17,6,0,5.242591829815275,0.7574081701847248,1.144472084566502,,,5.242591829815275,5,0.0,,0.0,0.0,87.37653049692125,,,,0.0,,
2018,AP,REDE,Pequeno (8–12),Menos competitivo,7,1,0,0,103530.0,7,0,1.2739766676892037,5.726023332310796,5.494606123907211,,,1.2739766676892037,1,0.0,,0.0,1.0,18.19966668127434,,,,0.0,100.0,7.0
2018,AP,SOLIDARIEDADE,Pequeno (8–12),Menos competitivo,3,0,0,0,450000.0,1,2,1.0,2.0,3.0,,,1.0,1,0.0,,0.0,0.0,33.333333333333336,,,,0.0,,
2018,BA,AVANTE,Grande (39–70),Menos competitivo,14,2,0,2,1027600.0,10,4,2.882751119150172,11.117248880849829,4.856471967697012,,1.441375559575086,0.8827511191501722,3,2.0,100.0,66.66666666666667,1.0,20.591079422501227,21.428571428571427,4.666666666666667,78.57142857142857,14.285714285714286,50.0,2.3333333333333335
2018,BA,DC,Grande (39–70),Menos competitivo,15,1,0,0,350000.0,13,2,4.297793214749325,10.702206785250674,3.490163265306122,,,4.297793214749325,4,0.0,,0.0,0.25,28.6519547649955,,,,0.0,25.0,0.9375
2018,BA,DEM,Grande (39–70),Competitivo,38,9,4,4,5892500.0,21,17,8.389786520975568,29.61021347902443,4.52931667629385,2.097446630243892,2.097446630243892,4.389786520975568,8,4.0,100.0,50.0,6.0,22.078385581514652,21.05263157894737,4.75,78.94736842105263,10.526315789473685,66.66666666666667,3.166666666666667
2018,BA,MDB,Grande (39–70),Competitivo,36,4,1,0,2980019.1,29,7,3.643097400133748,32.35690259986625,9.881701213554804,3.643097400133748,,3.643097400133748,4,0.0,,0.0,3.0,10.11971500037152,,,,0.0,75.0,6.75
2018,BA,NOVO,Grande (39–70),Menos competitivo,8,0,0,0,32623.28,8,0,7.119629239106072,0.8803707608939284,1.1236540178326009,,,7.119629239106072,7,0.0,,0.0,0.0,88.9953654888259,,,,0.0,,
2018,BA,PATRI,Grande (39–70),Menos competitivo,39,2,1,0,233950.7099999999,35,4,2.378630717309037,36.62136928269096,16.395987706793342,2.378630717309037,,2.378630717309037,2,0.0,,0.0,1.0,6.099053121305223,,,,0.0,50.0,9.75
2018,BA,PC DO B,Grande (39–70),Menos competitivo,2,2,2,2,2810335.87,2,0,1.998105294913804,0.0018947050861961,1.0009482508709722,0.999052647456902,0.999052647456902,-0.0018947050861961,2,2.0,100.0,100.0,2.0,99.9052647456902,100.0,1.0,0.0,100.0,100.0,1.0
2018,BA,PCO,Grande (39–70),Menos competitivo,2,0,0,0,3700.0,2,0,1.863852961198094,0.1361470388019059,1.0730460189919648,,,1.863852961198094,2,0.0,,0.0,0.0,93.1926480599047,,,,0.0,,
2018,BA,PDT,Grande (39–70),Menos competitivo,36,4,1,2,1258245.52,26,10,2.392532892686549,33.607467107313454,15.046815076208206,2.392532892686549,1.1962664463432746,0.3925328926865492,2,1.0,50.0,50.0,2.0,6.64592470190708,5.555555555555555,9.0,44.44444444444444,5.555555555555555,50.0,9.0
2018,BA,PHS,Grande (39–70),Menos competitivo,25,5,0,2,389985.86,15,10,4.188721392204549,20.81127860779545,5.968408413728933,,2.0943606961022745,2.188721392204549,4,1.0,50.0,25.0,1.0,16.754885568818196,16.0,3.125,34.0,8.0,20.0,1.25
2018,BA,PMB,Grande (39–70),Menos competitivo,1,1,0,0,385000.0,1,0,1.0,0.0,1.0,,,1.0,1,0.0,,0.0,1.0,100.0,,,,0.0,100.0,1.0
2018,BA,PMN,Grande (39–70),Menos competitivo,8,0,0,0,209000.0,7,1,2.31348975160214,5.686510248397861,3.4579794418625944,,,2.31348975160214,2,0.0,,0.0,0.0,28.918621895026753,,,,0.0,,
2018,BA,PODE,Grande (39–70),Menos competitivo,4,1,1,1,865000.0,2,2,1.0594711317214769,2.9405288682785238,3.775468609041398,1.0594711317214769,1.0594711317214769,0.0594711317214768,1,1.0,100.0,100.0,1.0,26.486778293036924,25.0,4.0,75.0,25.0,100.0,4.0
2018,BA,PP,Grande (39–70),Competitivo,8,5,5,4,8470822.0,7,1,5.129202314512814,2.8707976854871857,1.559696714899393,1.0258404629025628,1.2823005786282036,1.1292023145128145,5,4.0,100.0,80.0,5.0,64.11502893141018,62.5,1.6,37.5,50.0,100.0,1.6
2018,BA,PPL,Grande (39–70),Menos competitivo,9,0,1,1,114000.0,2,7,1.3180527383367138,7.681947261663286,6.828254847645431,1.3180527383367138,1.3180527383367138,0.3180527383367137,1,1.0,100.0,100.0,0.0,14.645030425963487,11.11111111111111,9.0,88.88888888888889,11.11111111111111,,
2018,BA,PPS,Grande (39–70),Menos competitivo,1,1,0,0,436587.88,1,0,1.0,0.0,1.0,,,1.0,1,0.0,,0.0,1.0,100.0,,,,0.0,100.0,1.0
2018,BA,PR,Grande (39–70),Competitivo,3,3,3,2,4780000.0,3,0,2.905294745943747,0.0947052540562531,1.0325974685317132,0.9684315819812488,1.4526473729718734,0.9052947459437468,3,2.0,100.0,66.66666666666667,3.0,96.8431581981249,100.0,1.0,0.0,66.66666666666667,100.0,1.0
2018,BA,PRB,Grande (39–70),Competitivo,4,2,2,2,4602549.8100000005,4,0,3.2478317021931464,0.7521682978068536,1.2315909094978477,1.6239158510965732,1.6239158510965732,1.2478317021931464,3,2.0,100.0,66.66666666666667,2.0,81.19579255482866,75.0,1.3333333333333333,25.0,50.0,100.0,1.3333333333333333
2018,BA,PROS,Grande (39–70),Menos competitivo,12,0,0,0,256140.0,1,11,1.0,11.0,12.0,,,1.0,1,0.0,,0.0,0.0,8.333333333333334,,,,0.0,,
2018,BA,PRP,Grande (39–70),Menos competitivo,11,0,0,1,215000.0,7,4,1.1544993631209572,9.845500636879043,9.527939426717143,,1.1544993631209572,0.1544993631209572,1,0.0,0.0,0.0,0.0,10.495448755645066,9.090909090909092,0.0,-9.090909090909092,9.090909090909092,,
2018,BA,PRTB,Grande (39–70),Menos competitivo,9,1,0,0,84712.0,3,6,2.0059389804084797,6.994061019591521,4.48667685702348,,,2.0059389804084797,2,0.0,,0.0,1.0,22.28821089342755,,,,0.0,100.0,4.5
2018,BA,PSB,Grande (39–70),Competitivo,6,2,1,2,2116439.11,5,1,1.7743102674703857,4.225689732529615,3.3815957163761063,1.7743102674703857,0.8871551337351928,-0.2256897325296143,2,2.0,100.0,100.0,2.0,29.571837791173095,33.333333333333336,3.0,66.66666666666666,33.333333333333336,100.0,3.0
2018,BA,PSC,Grande (39–70),Menos competitivo,9,0,1,0,579941.9600000001,9,0,1.5454995927587454,7.454500407241254,5.823359670988223,1.5454995927587454,,1.5454995927587454,2,0.0,,0.0,0.0,17.172217697319393,,,,0.0,,
2018,BA,PSD,Grande (39–70),Competitivo,10,5,5,5,6709773.05,10,0,8.70164949571133,1.2983505042886705,1.149207400841481,1.740329899142266,1.740329899142266,3.7016494957113295,9,5.0,100.0,55.55555555555556,5.0,87.0164949571133,90.0,1.1111111111111112,10.0,50.0,100.0,1.1111111111111112
2018,BA,PSDB,Grande (39–70),Competitivo,8,2,3,1,3375182.21,7,1,3.130518336068981,4.869481663931019,2.555487347838272,1.0435061120229936,3.130518336068981,2.130518336068981,3,1.0,100.0,33.333333333333336,2.0,39.13147920086226,37.5,2.6666666666666665,62.5,12.5,100.0,2.6666666666666665
2018,BA,PSL,Grande (39–70),Menos competitivo,4,0,0,1,484200.0,2,2,1.0033098792260402,2.99669012077396,3.986804159733408,,1.0033098792260402,0.0033098792260402,1,1.0,100.0,100.0,0.0,25.082746980651006,25.0,4.0,75.0,25.0,,
2018,BA,PSOL,Grande (39–70),Menos competitivo,50,0,0,0,214614.28000000003,30,20,12.39578519224496,37.60421480775504,4.033629110585181,,,12.39578519224496,12,0.0,,0.0,0.0,24.79157038448992,,,,0.0,,
2018,BA,PT,Grande (39–70),Competitivo,12,9,7,7,6952204.0,12,0,8.874872316893537,3.125127683106463,1.3521321289499235,1.2678389024133625,1.2678389024133625,1.874872316893537,9,7.0,100.0,77.77777777777777,9.0,73.95726930744614,75.0,1.3333333333333333,25.0,58.333333333333336,100.0,1.3333333333333333
2018,BA,PTB,Grande (39–70),Menos competitivo,3,2,1,0,2768728.64,3,0,1.2680424062845823,1.7319575937154177,2.365851477152192,1.2680424062845823,,1.2680424062845823,1,0.0,,0.0,1.0,42.26808020948608,,,,0.0,50.0,1.5
2018,BA,PTC,Grande (39–70),Menos competitivo,22,2,0,0,295833.28,11,11,1.965572843172548,20.03442715682745,11.192665830939507,,,1.965572843172548,2,0.0,,0.0,1.0,8.934422014420674,,,,0.0,50.0,5.5
2018,BA,PV,Grande (39–70),Menos competitivo,12,2,0,0,1226253.88,11,1,4.174670062981458,7.825329937018542,2.8744786579444943,,,4.174670062981458,4,0.0,,0.0,2.0,34.78891719151215,,,,0.0,100.0,3.0
2018,BA,REDE,Grande (39–70),Menos competitivo,20,0,0,0,138636.44999999998,19,1,2.329581723134746,17.670418276865256,8.585232190561436,,,2.329581723134746,2,0.0,,0.0,0.0,11.64790861567373,,,,0.0,,
2018,BA,SOLIDARIEDADE,Grande (39–70),Menos competitivo,6,0,0,0,1628000.0,4,2,1.067930698518894,4.932069301481106,5.6183420968433255,,,1.067930698518894,1,0.0,,0.0,0.0,17.798844975314903,,,,0.0,,
2018,CE,AVANTE,Médio (16–31),Menos competitivo,6,1,1,0,1162500.0,2,4,1.057474580996024,4.942525419003976,5.673895248005549,1.057474580996024,,1.057474580996024,1,0.0,,0.0,1.0,17.624576349933733,,,,0.0,100.0,6.0
2018,CE,DC,Médio (16–31),Menos competitivo,7,0,0,0,34392.85,7,0,5.529086523414407,1.470913476585593,1.2660319151014572,,,5.529086523414407,6,0.0,,0.0,0.0,78.98695033449154,,,,0.0,,
2018,CE,DEM,Médio (16–31),Competitivo,6,1,1,0,1010000.0,3,3,1.1512894306190395,4.848710569380961,5.211547887462014,1.1512894306190395,,1.1512894306190395,1,0.0,,0.0,1.0,19.188157176983992,,,,0.0,100.0,6.0
2018,CE,MDB,Médio (16–31),Competitivo,6,1,1,1,3458871.4399999995,5,1,3.340938300995489,2.659061699004511,1.7959026654913677,3.340938300995489,3.340938300995489,2.340938300995489,3,1.0,100.0,33.333333333333336,1.0,55.68230501659148,50.0,2.0,50.0,16.666666666666668,100.0,2.0
2018,CE,NOVO,Médio (16–31),Menos competitivo,6,0,0,0,8596.34,5,1,4.289309328097348,1.7106906719026522,1.3988266037836634,,,4.289309328097348,4,0.0,,0.0,0.0,71.48848880162247,,,,0.0,,
2018,CE,PATRI,Médio (16–31),Menos competitivo,19,0,0,1,124704.35,18,1,8.856005948272141,10.14399405172786,2.145436680031477,,8.856005948272141,7.856005948272141,9,0.0,0.0,0.0,0.0,46.610557622484954,47.36842105263158,0.0,-47.36842105263158,5.2631578947368425,,
2018,CE,PC DO B,Médio (16–31),Menos competitivo,3,2,1,0,2110480.51,3,0,1.986100507323122,1.013899492676878,1.5104975749910148,1.986100507323122,,1.986100507323122,2,0.0,,0.0,2.0,66.20335024410407,,,,0.0,100.0,1.5
2018,CE,PDT,Médio (16–31),Menos competitivo,14,6,3,6,1790000.0,6,8,3.1378905102340617,10.862109489765938,4.461596080022471,1.045963503411354,0.522981751705677,-2.8621094897659383,3,2.0,33.333333333333336,66.66666666666667,3.0,22.413503644529012,21.428571428571427,1.5555555555555554,11.904761904761909,42.857142857142854,50.0,2.333333333333333
2018,CE,PHS,Médio (16–31),Menos competitivo,5,0,0,0,47379.5,4,1,2.456857360657282,2.543142639342718,2.0351201824196874,,,2.456857360657282,2,0.0,,0.0,0.0,49.13714721314564,,,,0.0,,
2018,CE,PMN,Médio (16–31),Menos competitivo,3,0,0,0,620000.0,2,1,1.1740989615149666,1.8259010384850332,2.555150884495317,,,1.1740989615149666,1,0.0,,0.0,0.0,39.13663205049889,,,,0.0,,
2018,CE,PODE,Médio (16–31),Menos competitivo,3,1,1,0,700000.0,1,2,1.0,2.0,3.0,1.0,,1.0,1,0.0,,0.0,1.0,33.333333333333336,,,,0.0,100.0,3.0
2018,CE,PP,Médio (16–31),Competitivo,3,0,1,1,3416037.5,3,0,1.8673689498124657,1.1326310501875343,1.606538440248394,1.8673689498124657,1.8673689498124657,0.8673689498124657,2,1.0,100.0,50.0,0.0,62.24563166041552,66.66666666666667,1.5,33.33333333333333,33.333333333333336,,
2018,CE,PPL,Médio (16–31),Menos competitivo,2,0,0,0,0.0,0,2,,,,,,,0,0.0,,,0.0,,,,,,,
2018,CE,PPS,Médio (16–31),Menos competitivo,5,1,0,0,654064.05,5,0,1.247117644876788,3.752882355123212,4.009244853956009,,,1.247117644876788,1,0.0,,0.0,1.0,24.942352897535763,,,,0.0,100.0,5.0
2018,CE,PR,Médio (16–31),Competitivo,4,2,2,1,4126666.67,4,0,1.9686320127447727,2.0313679872552277,2.0318678016532834,0.9843160063723864,1.9686320127447727,0.9686320127447728,2,1.0,100.0,50.0,2.0,49.215800318619316,50.0,2.0,50.0,25.0,100.0,2.0
2018,CE,PRB,Médio (16–31),Competitivo,1,1,1,0,1119020.0,1,0,1.0,0.0,1.0,1.0,,1.0,1,0.0,,0.0,1.0,100.0,,,,0.0,100.0,1.0
2018,CE,PROS,Médio (16–31),Menos competitivo,30,5,2,2,2295818.72,30,0,5.719352282766164,24.28064771723384,5.245349213825749,2.859676141383082,2.859676141383082,3.719352282766164,6,2.0,100.0,33.333333333333336,2.0,19.064507609220545,20.0,5.0,80.0,6.666666666666667,40.0,2.0
2018,CE,PRP,Médio (16–31),Menos competitivo,1,0,0,0,215.0,1,0,1.0,0.0,1.0,,,1.0,1,0.0,,0.0,0.0,100.0,,,,0.0,,
2018,CE,PRTB,Médio (16–31),Menos competitivo,5,1,0,0,49976.25,5,0,3.569244637695571,1.4307553623044291,1.4008566258512822,,,3.569244637695571,4,0.0,,0.0,1.0,71.38489275391142,,,,0.0,100.0,1.25
2018,CE,PSB,Médio (16–31),Competitivo,3,1,1,1,1810000.0,3,0,1.7593577144084631,1.2406422855915369,1.7051677299227743,1.7593577144084631,1.7593577144084631,0.7593577144084633,2,1.0,100.0,50.0,1.0,58.64525714694877,66.66666666666667,1.5,33.33333333333333,33.333333333333336,100.0,1.5
2018,CE,PSC,Médio (16–31),Menos competitivo,1,0,0,0,1272500.0,1,0,1.0,0.0,1.0,,,1.0,1,0.0,,0.0,0.0,100.0,,,,0.0,,
2018,CE,PSD,Médio (16–31),Competitivo,5,2,1,1,1464939.8,4,1,1.9756965538472115,3.024303446152788,2.530753009749224,1.9756965538472115,1.9756965538472115,0.9756965538472115,2,1.0,100.0,50.0,2.0,39.51393107694423,40.0,2.5,60.0,20.0,100.0,2.5
2018,CE,PSDB,Médio (16–31),Competitivo,13,4,2,1,3380620.35,11,2,3.944137577150818,9.05586242284918,3.296031070343898,1.972068788575409,3.944137577150818,2.9441375771508183,4,1.0,100.0,25.0,3.0,30.33951982423706,30.76923076923077,3.25,69.23076923076923,7.6923076923076925,75.0,2.4375
2018,CE,PSL,Médio (16–31),Menos competitivo,21,0,0,1,50000.0,1,20,1.0,20.0,21.0,,1.0,0.0,1,1.0,100.0,100.0,0.0,4.761904761904762,4.761904761904762,21.0,95.23809523809524,4.761904761904762,,
2018,CE,PSOL,Médio (16–31),Menos competitivo,23,0,0,0,241072.21000000005,23,0,5.846991011512567,17.153008988487432,3.9336472306377113,,,5.846991011512567,6,0.0,,0.0,0.0,25.421700050054643,,,,0.0,,
2018,CE,PSTU,Médio (16–31),Menos competitivo,1,0,0,0,0.0,0,1,,,,,,,0,0.0,,,0.0,,,,,,,
2018,CE,PT,Médio (16–31),Competitivo,12,4,3,3,3944432.6,12,0,4.569792451040216,7.430207548959784,2.625939827369721,1.5232641503467388,1.5232641503467388,1.5697924510402164,5,3.0,100.0,60.0,4.0,38.08160375866847,41.666666666666664,2.4,58.333333333333336,25.0,100.0,2.4
2018,CE,PTB,Médio (16–31),Menos competitivo,2,0,0,1,295000.0,2,0,1.653681710213777,0.3463182897862229,1.2094225797184714,,1.653681710213777,0.6536817102137771,2,1.0,100.0,50.0,0.0,82.68408551068886,100.0,1.0,0.0,50.0,,
2018,CE,PV,Médio (16–31),Menos competitivo,2,0,0,1,679688.01,2,0,1.031676969497813,0.968323030502187,1.9385913024437635,,1.031676969497813,0.0316769694978129,1,1.0,100.0,100.0,0.0,51.58384847489065,50.0,2.0,50.0,50.0,,
2018,CE,REDE,Médio (16–31),Menos competitivo,15,0,0,0,23440.0,14,1,13.465453689906678,1.5345463100933223,1.113961723491246,,,13.465453689906678,13,0.0,,0.0,0.0,89.76969126604452,,,,0.0,,
2018,CE,SOLIDARIEDADE,Médio (16–31),Menos competitivo,2,2,1,1,890000.0,2,0,1.5347800813795778,0.4652199186204222,1.3031182931448049,1.5347800813795778,1.5347800813795778,0.5347800813795778,2,1.0,100.0,50.0,2.0,76.73900406897889,100.0,1.0,0.0,50.0,100.0,1.0
2018,DF,AVANTE,Pequeno (8–12),Menos competitivo,8,0,0,0,126989.17,8,0,6.720373540372146,1.2796264596278544,1.19041001991044,,,6.720373540372146,7,0.0,,0.0,0.0,84.00466925465182,,,,0.0,,
2018,DF,DC,Pequeno (8–12),Menos competitivo,10,0,0,0,27961.5,10,0,9.929373971578451,0.0706260284215485,1.0071128379919727,,,9.929373971578451,10,0.0,,0.0,0.0,99.29373971578451,,,,0.0,,
2018,DF,DEM,Pequeno (8–12),Competitivo,3,0,1,1,855000.0,1,2,1.0,2.0,3.0,1.0,1.0,0.0,1,0.0,0.0,0.0,0.0,33.333333333333336,33.333333333333336,0.0,-33.333333333333336,33.333333333333336,,
2018,DF,MDB,Pequeno (8–12),Competitivo,3,2,0,0,2578885.08,3,0,1.3637565986407545,1.6362434013592455,2.199806037961669,,,1.3637565986407545,1,0.0,,0.0,1.0,45.45855328802515,,,,0.0,50.0,1.5
2018,DF,NOVO,Pequeno (8–12),Menos competitivo,6,0,0,0,9404.96,6,0,4.473596548192738,1.526403451807262,1.3412027516034957,,,4.473596548192738,4,0.0,,0.0,0.0,74.55994246987898,,,,0.0,,
2018,DF,PATRI,Pequeno (8–12),Menos competitivo,1,1,0,0,40000.0,1,0,1.0,0.0,1.0,,,1.0,1,0.0,,0.0,1.0,100.0,,,,0.0,100.0,1.0
2018,DF,PC DO B,Pequeno (8–12),Menos competitivo,2,0,0,0,74760.0,2,0,1.1732012610744522,0.8267987389255478,1.7047373424814949,,,1.1732012610744522,1,0.0,,0.0,0.0,58.66006305372261,,,,0.0,,
2018,DF,PCB,Pequeno (8–12),Menos competitivo,1,0,0,0,10101.11,1,0,1.0,0.0,1.0,,,1.0,1,0.0,,0.0,0.0,100.0,,,,0.0,,
2018,DF,PDT,Pequeno (8–12),Menos competitivo,4,0,0,0,25700.0,3,1,2.338100463733229,1.661899536266771,1.710790473739194,,,2.338100463733229,2,0.0,,0.0,0.0,58.452511593330726,,,,0.0,,
2018,DF,PHS,Pequeno (8–12),Menos competitivo,3,1,0,0,297721.36,3,0,2.2889827408019205,0.7110172591980795,1.3106258717132058,,,2.2889827408019205,2,0.0,,0.0,1.0,76.29942469339736,,,,0.0,100.0,1.5
2018,DF,PMB,Pequeno (8–12),Menos competitivo,1,0,0,0,27000.0,1,0,1.0,0.0,1.0,,,1.0,1,0.0,,0.0,0.0,100.0,,,,0.0,,
2018,DF,PMN,Pequeno (8–12),Menos competitivo,5,1,0,0,150000.0,1,4,1.0,4.0,5.0,,,1.0,1,0.0,,0.0,1.0,20.0,,,,0.0,100.0,5.0
2018,DF,PODE,Pequeno (8–12),Menos competitivo,1,1,0,0,750553.6,1,0,1.0,0.0,1.0,,,1.0,1,0.0,,0.0,1.0,100.0,,,,0.0,100.0,1.0
2018,DF,PP,Pequeno (8–12),Competitivo,2,2,1,1,3318490.0,2,0,1.8282762174659832,0.1717237825340167,1.0939266074204197,1.8282762174659832,1.8282762174659832,0.8282762174659832,2,1.0,100.0,50.0,2.0,91.41381087329916,100.0,1.0,0.0,50.0,100.0,1.0
2018,DF,PPL,Pequeno (8–12),Menos competitivo,13,0,0,0,115814.73,10,3,6.050131102092195,6.949868897907805,2.1487137684511453,,,6.050131102092195,6,0.0,,0.0,0.0,46.5394700160938,,,,0.0,,
2018,DF,PPS,Pequeno (8–12),Menos competitivo,4,0,0,1,133040.0,4,0,1.69594797055882,2.30405202944118,2.3585629214096637,,1.69594797055882,0.6959479705588199,2,1.0,100.0,50.0,0.0,42.3986992639705,50.0,2.0,50.0,25.0,,
2018,DF,PR,Pequeno (8–12),Competitivo,5,1,1,1,4885150.0,5,0,2.2014613098550235,2.7985386901449765,2.271218657178796,2.2014613098550235,2.2014613098550235,1.2014613098550235,2,1.0,100.0,50.0,1.0,44.02922619710047,40.0,2.5,60.0,20.0,100.0,2.5
2018,DF,PRB,Pequeno (8–12),Competitivo,3,1,1,1,930951.72,3,0,1.1823617364982388,1.8176382635017607,2.5372945583345747,1.1823617364982388,1.1823617364982388,0.1823617364982388,1,1.0,100.0,100.0,1.0,39.41205788327463,33.333333333333336,3.0,66.66666666666666,33.333333333333336,100.0,3.0
2018,DF,PROS,Pequeno (8–12),Menos competitivo,7,2,0,0,3422291.4800000004,7,0,3.452996120917203,3.547003879082797,2.027224982268623,,,3.452996120917203,3,0.0,,0.0,1.0,49.3285160131029,,,,0.0,50.0,1.1666666666666667
2018,DF,PRP,Pequeno (8–12),Menos competitivo,9,0,0,1,126536.88,5,4,1.802135160778948,7.197864839221052,4.994076024858132,,1.802135160778948,0.802135160778948,2,1.0,100.0,50.0,0.0,20.02372400865498,22.22222222222222,4.5,77.77777777777777,11.11111111111111,,
2018,DF,PRTB,Pequeno (8–12),Menos competitivo,5,0,0,0,29750.0,5,0,4.02644299118567,0.9735570088143302,1.241790833980651,,,4.02644299118567,4,0.0,,0.0,0.0,80.5288598237134,,,,0.0,,
2018,DF,PSB,Pequeno (8–12),Competitivo,2,1,0,0,1349725.64,2,0,1.874173058100142,0.1258269418998578,1.067137312296768,,,1.874173058100142,2,0.0,,0.0,1.0,93.7086529050071,,,,0.0,100.0,1.0
2018,DF,PSC,Pequeno (8–12),Menos competitivo,4,1,0,0,466042.23,4,0,3.4901482125620324,0.5098517874379676,1.146083133547987,,,3.4901482125620324,3,0.0,,0.0,0.0,87.2537053140508,,,,0.0,0.0,0.0
2018,DF,PSD,Pequeno (8–12),Competitivo,1,0,1,0,436278.52,1,0,1.0,0.0,1.0,1.0,,1.0,1,0.0,,0.0,0.0,100.0,,,,0.0,,
2018,DF,PSDB,Pequeno (8–12),Competitivo,8,1,1,0,571920.35,8,0,4.654616118909267,3.345383881090733,1.7187239066826994,4.654616118909267,,4.654616118909267,5,0.0,,0.0,0.0,58.18270148636584,,,,0.0,0.0,0.0
2018,DF,PSL,Pequeno (8–12),Menos competitivo,3,0,0,0,14649.5,3,0,2.3270841297010096,0.6729158702989904,1.2891669715376592,,,2.3270841297010096,2,0.0,,0.0,0.0,77.56947099003365,,,,0.0,,
2018,DF,PSOL,Pequeno (8–12),Menos competitivo,15,1,0,0,279507.34,15,0,6.373153765141243,8.626846234858757,2.353622798502739,,,6.373153765141243,6,0.0,,0.0,1.0,42.48769176760829,,,,0.0,100.0,2.5
2018,DF,PSTU,Pequeno (8–12),Menos competitivo,1,0,0,0,2487.9300000000003,1,0,1.0,0.0,1.0,,,1.0,1,0.0,,0.0,0.0,100.0,,,,0.0,,
2018,DF,PT,Pequeno (8–12),Competitivo,16,1,1,1,2116882.35,16,0,3.3194971682866967,12.680502831713303,4.820007124229039,3.3194971682866967,3.3194971682866967,2.3194971682866967,3,1.0,100.0,33.333333333333336,1.0,20.746857301791856,18.75,5.333333333333333,81.25,6.25,100.0,5.333333333333333
2018,DF,PTB,Pequeno (8–12),Menos competitivo,1,0,0,0,185000.0,1,0,1.0,0.0,1.0,,,1.0,1,0.0,,0.0,0.0,100.0,,,,0.0,,
2018,DF,PTC,Pequeno (8–12),Menos competitivo,6,1,0,0,250000.0,6,0,1.543209876543209,4.456790123456791,3.888000000000002,,,1.543209876543209,2,0.0,,0.0,1.0,25.720164609053484,,,,0.0,100.0,3.0
2018,DF,PV,Pequeno (8–12),Menos competitivo,2,1,0,1,584300.0,2,0,1.5480725661317998,0.4519274338682002,1.2919291018750112,,1.5480725661317998,0.5480725661317998,2,1.0,100.0,50.0,1.0,77.40362830659,100.0,1.0,0.0,50.0,100.0,1.0
2018,DF,REDE,Pequeno (8–12),Menos competitivo,6,0,0,0,91600.0,3,3,1.0357079375111096,4.964292062488891,5.793138956160255,,,1.0357079375111096,1,0.0,,0.0,0.0,17.261798958518494,,,,0.0,,
2018,DF,SOLIDARIEDADE,Pequeno (8–12),Menos competitivo,1,1,1,0,641737.3200000001,1,0,1.0,0.0,1.0,1.0,,1.0,1,0.0,,0.0,1.0,100.0,,,,0.0,100.0,1.0
2018,ES,AVANTE,Pequeno (8–12),Menos competitivo,2,0,0,0,35913.1,2,0,1.999973185488534,2.681451146591129e-05,1.0000134074354898,,,1.999973185488534,2,0.0,,0.0,0.0,99.9986592744267,,,,0.0,,
2018,ES,DC,Pequeno (8–12),Menos competitivo,11,0,0,0,36826.97,9,2,8.980873830739938,2.019126169260062,1.2248251347601558,,,8.980873830739938,9,0.0,,0.0,0.0,81.64430755218126,,,,0.0,,
2018,ES,DEM,Pequeno (8–12),Competitivo,2,1,1,1,1650000.0,1,1,1.0,1.0,2.0,1.0,1.0,0.0,1,1.0,100.0,100.0,1.0,50.0,50.0,2.0,50.0,50.0,100.0,2.0
2018,ES,MDB,Pequeno (8–12),Competitivo,4,1,1,0,2514835.5,3,1,1.1075548826215342,2.892445117378465,3.611559176672287,1.1075548826215342,,1.1075548826215342,1,0.0,,0.0,1.0,27.688872065538355,,,,0.0,100.0,4.0
2018,ES,NOVO,Pequeno (8–12),Menos competitivo,6,0,0,0,10880.64,6,0,5.999999999999999,0.0,1.0000000000000002,,,5.999999999999999,6,0.0,,0.0,0.0,99.99999999999999,,,,0.0,,
2018,ES,PATRI,Pequeno (8–12),Menos competitivo,1,0,0,0,0.0,0,1,,,,,,,0,0.0,,,0.0,,,,,,,
2018,ES,PC DO B,Pequeno (8–12),Menos competitivo,1,1,1,0,1063606.81,1,0,1.0,0.0,1.0,1.0,,1.0,1,0.0,,0.0,1.0,100.0,,,,0.0,100.0,1.0
2018,ES,PDT,Pequeno (8–12),Menos competitivo,5,2,1,1,759896.7,5,0,1.1762816331711787,3.823718366828821,4.250682709820373,1.1762816331711787,1.1762816331711787,0.1762816331711787,1,1.0,100.0,100.0,1.0,23.525632663423572,20.0,5.0,80.0,20.0,50.0,2.5
2018,ES,PHS,Pequeno (8–12),Menos competitivo,3,0,0,0,100000.0,2,1,2.0,1.0,1.5,,,2.0,2,0.0,,0.0,0.0,66.66666666666667,,,,0.0,,
2018,ES,PMB,Pequeno (8–12),Menos competitivo,5,0,0,0,37486.0,5,0,3.658459028321124,1.3415409716788758,1.3666956391457832,,,3.658459028321124,4,0.0,,0.0,0.0,73.16918056642247,,,,0.0,,
2018,ES,PMN,Pequeno (8–12),Menos competitivo,1,0,0,0,300.0,1,0,1.0,0.0,1.0,,,1.0,1,0.0,,0.0,0.0,100.0,,,,0.0,,
2018,ES,PODE,Pequeno (8–12),Menos competitivo,6,1,0,0,1200.0,6,0,5.999999999999999,0.0,1.0000000000000002,,,5.999999999999999,6,0.0,,0.0,1.0,99.99999999999999,,,,0.0,100.0,1.0
2018,ES,PP,Pequeno (8–12),Competitivo,7,1,2,1,2742747.81,7,0,3.432388164756608,3.567611835243392,2.039396380594493,1.716194082378304,3.432388164756608,2.432388164756608,3,1.0,100.0,33.333333333333336,1.0,49.03411663938011,42.857142857142854,2.3333333333333335,57.142857142857146,14.285714285714286,100.0,2.3333333333333335
2018,ES,PPL,Pequeno (8–12),Menos competitivo,1,1,0,0,16000.0,1,0,1.0,0.0,1.0,,,1.0,1,0.0,,0.0,1.0,100.0,,,,0.0,100.0,1.0
2018,ES,PPS,Pequeno (8–12),Menos competitivo,5,2,0,1,1475646.22,4,1,3.3448573986858525,1.6551426013141477,1.494832037373082,,3.3448573986858525,2.3448573986858525,3,1.0,100.0,33.333333333333336,2.0,66.89714797371705,60.0,1.6666666666666667,40.0,20.0,100.0,1.6666666666666667
2018,ES,PR,Pequeno (8–12),Competitivo,3,2,0,1,3857975.71,3,0,1.936422051236024,1.063577948763976,1.5492490379796549,,1.936422051236024,0.936422051236024,2,1.0,100.0,50.0,2.0,64.54740170786746,66.66666666666667,1.5,33.33333333333333,33.333333333333336,100.0,1.5
2018,ES,PRB,Pequeno (8–12),Competitivo,10,3,0,1,3283391.369999999,10,0,3.5257091643356606,6.474290835664339,2.8363088201247795,,3.5257091643356606,2.5257091643356606,4,1.0,100.0,25.0,2.0,35.25709164335661,40.0,2.5,60.0,10.0,66.66666666666667,1.6666666666666667
2018,ES,PROS,Pequeno (8–12),Menos competitivo,3,1,0,0,412656.04,2,1,1.0245267943648109,1.9754732056351887,2.928181104194497,,,1.0245267943648109,1,0.0,,0.0,1.0,34.1508931454937,,,,0.0,100.0,3.0
2018,ES,PRP,Pequeno (8–12),Menos competitivo,3,1,0,0,191365.05,3,0,2.535011468033453,0.4649885319665467,1.1834265989838948,,,2.535011468033453,3,0.0,,0.0,1.0,84.50038226778176,,,,0.0,100.0,1.0
2018,ES,PRTB,Pequeno (8–12),Menos competitivo,6,0,0,0,2000.0,2,4,2.0,4.0,3.0,,,2.0,2,0.0,,0.0,0.0,33.333333333333336,,,,0.0,,
2018,ES,PSB,Pequeno (8–12),Competitivo,10,2,1,2,2351055.0,10,0,2.9299555364783654,7.070044463521635,3.413021076770132,2.9299555364783654,1.464977768239183,0.9299555364783654,3,1.0,50.0,33.333333333333336,2.0,29.29955536478365,30.0,1.6666666666666667,20.0,20.0,100.0,3.3333333333333335
2018,ES,PSC,Pequeno (8–12),Menos competitivo,1,1,0,0,1040000.0,1,0,1.0,0.0,1.0,,,1.0,1,0.0,,0.0,1.0,100.0,,,,0.0,100.0,1.0
2018,ES,PSD,Pequeno (8–12),Competitivo,2,1,0,0,1016500.0,2,0,1.5895952023180746,0.4104047976819254,1.258181955433333,,,1.5895952023180746,2,0.0,,0.0,1.0,79.47976011590373,,,,0.0,100.0,1.0
2018,ES,PSDB,Pequeno (8–12),Competitivo,3,1,0,0,1110350.0,3,0,1.0685305127620035,1.9314694872379965,2.8075941343456963,,,1.0685305127620035,1,0.0,,0.0,1.0,35.61768375873345,,,,0.0,100.0,3.0
2018,ES,PSL,Pequeno (8–12),Menos competitivo,7,0,1,1,310884.65,5,2,1.1717220965184063,5.8282779034815935,5.974112821461192,1.1717220965184063,1.1717220965184063,0.1717220965184063,1,1.0,100.0,100.0,0.0,16.73888709312009,14.285714285714286,7.0,85.71428571428571,14.285714285714286,,
2018,ES,PSOL,Pequeno (8–12),Menos competitivo,7,0,0,0,24604.119999999995,7,0,6.800004164200665,0.199995835799335,1.0294111343125691,,,6.800004164200665,7,0.0,,0.0,0.0,97.14291663143807,,,,0.0,,
2018,ES,PT,Pequeno (8–12),Competitivo,15,2,1,1,1594500.0,15,0,2.589239162896636,12.410760837103364,5.793207601270477,2.589239162896636,2.589239162896636,1.5892391628966362,3,1.0,100.0,33.333333333333336,2.0,17.261594419310903,20.0,5.0,80.0,6.666666666666667,100.0,5.0
2018,ES,PTB,Pequeno (8–12),Menos competitivo,13,1,0,0,190815.0,9,4,3.400822893768848,9.599177106231153,3.822604236115685,,,3.400822893768848,3,0.0,,0.0,1.0,26.160176105914218,,,,0.0,100.0,4.333333333333333
2018,ES,PTC,Pequeno (8–12),Menos competitivo,1,0,0,0,60000.0,1,0,1.0,0.0,1.0,,,1.0,1,0.0,,0.0,0.0,100.0,,,,0.0,,
2018,ES,PV,Pequeno (8–12),Menos competitivo,5,0,0,0,189457.68,5,0,4.382984334650654,0.6170156653493457,1.1407752385677932,,,4.382984334650654,4,0.0,,0.0,0.0,87.65968669301309,,,,0.0,,
2018,ES,REDE,Pequeno (8–12),Menos competitivo,6,1,0,0,190800.0,2,4,1.0084209033413256,4.991579096658675,5.949896496710311,,,1.0084209033413256,1,0.0,,0.0,0.0,16.807015055688762,,,,0.0,0.0,0.0
2018,ES,SOLIDARIEDADE,Pequeno (8–12),Menos competitivo,2,1,1,0,1278000.0,2,0,1.0480491579847075,0.9519508420152925,1.9083074345919016,1.0480491579847075,,1.0480491579847075,1,0.0,,0.0,1.0,52.40245789923538,,,,0.0,100.0,2.0
2018,GO,AVANTE,Médio (16–31),Menos competitivo,6,1,0,0,0.0,0,6,,,,,,,0,0.0,,,0.0,,,,,,0.0,
2018,GO,DC,Médio (16–31),Menos competitivo,12,1,0,0,71489.11,8,4,1.7663041395334491,10.23369586046655,6.7938469550151614,,,1.7663041395334491,2,0.0,,0.0,0.0,14.719201162778743,,,,0.0,0.0,0.0
2018,GO,DEM,Médio (16–31),Competitivo,6,1,0,2,1887150.24,6,0,3.407298400883113,2.592701599116887,1.7609258990773755,,1.7036492004415564,1.4072984008831129,3,2.0,100.0,66.66666666666667,1.0,56.788306681385215,50.0,2.0,50.0,33.333333333333336,100.0,2.0
2018,GO,MDB,Médio (16–31),Competitivo,14,2,2,0,1130250.0,6,8,1.811223441345992,12.188776558654007,7.729581939153816,0.905611720672996,,1.811223441345992,2,0.0,,0.0,1.0,12.937310295328514,,,,0.0,50.0,3.5
2018,GO,NOVO,Médio (16–31),Menos competitivo,6,0,0,0,10094.96,6,0,4.591900645271427,1.4080993547285727,1.3066484803364773,,,4.591900645271427,5,0.0,,0.0,0.0,76.53167742119045,,,,0.0,,
2018,GO,PATRI,Médio (16–31),Menos competitivo,8,0,0,0,0.0,0,8,,,,,,,0,0.0,,,0.0,,,,,,,
2018,GO,PC DO B,Médio (16–31),Menos competitivo,3,1,0,0,175368.65,3,0,1.0045748488831083,1.995425151116892,2.986337955141338,,,1.0045748488831083,1,0.0,,0.0,1.0,33.48582829610361,,,,0.0,100.0,3.0
2018,GO,PCB,Médio (16–31),Menos competitivo,1,0,0,0,3835.98,1,0,1.0,0.0,1.0,,,1.0,1,0.0,,0.0,0.0,100.0,,,,0.0,,
2018,GO,PCO,Médio (16–31),Menos competitivo,1,0,0,0,2350.0,1,0,1.0,0.0,1.0,,,1.0,1,0.0,,0.0,0.0,100.0,,,,0.0,,
2018,GO,PDT,Médio (16–31),Menos competitivo,2,1,1,1,1518566.19,1,1,1.0,1.0,2.0,1.0,1.0,0.0,1,1.0,100.0,100.0,1.0,50.0,50.0,2.0,50.0,50.0,100.0,2.0
2018,GO,PHS,Médio (16–31),Menos competitivo,20,1,0,0,827935.6699999999,20,0,7.996844343058318,12.003155656941685,2.5009865319388207,,,7.996844343058318,8,0.0,,0.0,1.0,39.98422171529159,,,,0.0,100.0,2.5
2018,GO,PMN,Médio (16–31),Menos competitivo,4,2,0,0,81886.19,2,2,1.8995157623588004,2.1004842376412,2.1057998460791074,,,1.8995157623588004,2,0.0,,0.0,2.0,47.48789405897001,,,,0.0,100.0,2.0
2018,GO,PODE,Médio (16–31),Menos competitivo,4,1,0,1,447846.19,3,1,1.6864950264666756,2.313504973533324,2.3717828616312486,,1.6864950264666756,0.6864950264666756,2,1.0,100.0,50.0,1.0,42.16237566166689,50.0,2.0,50.0,25.0,100.0,2.0
2018,GO,PP,Médio (16–31),Competitivo,6,3,3,2,7050887.2,5,1,3.7176348269423087,2.2823651730576917,1.613929360817533,1.2392116089807697,1.8588174134711544,1.7176348269423087,4,2.0,100.0,50.0,3.0,61.96058044903848,66.66666666666667,1.5,33.33333333333333,33.333333333333336,100.0,1.5
2018,GO,PPS,Médio (16–31),Menos competitivo,1,1,1,0,1168128.11,1,0,1.0,0.0,1.0,1.0,,1.0,1,0.0,,0.0,1.0,100.0,,,,0.0,100.0,1.0
2018,GO,PR,Médio (16–31),Competitivo,1,1,1,1,2000000.0,1,0,1.0,0.0,1.0,1.0,1.0,0.0,1,1.0,100.0,100.0,1.0,100.0,100.0,1.0,0.0,100.0,100.0,1.0
2018,GO,PRB,Médio (16–31),Competitivo,1,1,1,1,1315830.0,1,0,1.0,0.0,1.0,1.0,1.0,0.0,1,1.0,100.0,100.0,1.0,100.0,100.0,1.0,0.0,100.0,100.0,1.0
2018,GO,PROS,Médio (16–31),Menos competitivo,1,0,0,0,1793697.52,1,0,1.0,0.0,1.0,,,1.0,1,0.0,,0.0,0.0,100.0,,,,0.0,,
2018,GO,PRP,Médio (16–31),Menos competitivo,4,1,0,1,527987.3200000001,4,0,1.109293190649776,2.890706809350224,3.605899714986056,,1.109293190649776,0.109293190649776,1,1.0,100.0,100.0,1.0,27.7323297662444,25.0,4.0,75.0,25.0,100.0,4.0
2018,GO,PRTB,Médio (16–31),Menos competitivo,10,0,0,0,9910.98,10,0,7.63384745039461,2.36615254960539,1.3099554405535152,,,7.63384745039461,8,0.0,,0.0,0.0,76.3384745039461,,,,0.0,,
2018,GO,PSB,Médio (16–31),Competitivo,2,1,0,1,572117.5,1,1,1.0,1.0,2.0,,1.0,0.0,1,1.0,100.0,100.0,1.0,50.0,50.0,2.0,50.0,50.0,100.0,2.0
2018,GO,PSC,Médio (16–31),Menos competitivo,6,0,0,1,182456.66,3,3,1.39514106442264,4.60485893557736,4.300640381826204,,1.39514106442264,0.3951410644226401,1,1.0,100.0,100.0,0.0,23.252351073710667,16.666666666666668,6.0,83.33333333333333,16.666666666666668,,
2018,GO,PSD,Médio (16–31),Competitivo,5,1,1,1,1620000.0,5,0,2.7486384583158774,2.2513615416841226,1.8190824569425397,2.7486384583158774,2.7486384583158774,1.7486384583158774,3,1.0,100.0,33.333333333333336,1.0,54.97276916631755,60.0,1.6666666666666667,40.0,20.0,100.0,1.6666666666666667
2018,GO,PSDB,Médio (16–31),Competitivo,6,4,3,1,3204500.0,5,1,3.643512080344236,2.3564879196557644,1.6467627573868575,1.2145040267814118,3.643512080344236,2.643512080344236,4,1.0,100.0,25.0,3.0,60.7252013390706,66.66666666666667,1.5,33.33333333333333,16.666666666666668,75.0,1.125
2018,GO,PSL,Médio (16–31),Menos competitivo,9,1,1,2,457294.33,4,5,1.1790044895614054,7.820995510438594,7.633558718125016,1.1790044895614054,0.5895022447807027,-0.8209955104385946,1,1.0,50.0,100.0,1.0,13.100049884015615,11.11111111111111,4.5,38.888888888888886,22.22222222222222,100.0,9.0
2018,GO,PSOL,Médio (16–31),Menos competitivo,16,0,0,0,43886.33,15,1,13.14105051022461,2.858949489775391,1.2175586713977653,,,13.14105051022461,13,0.0,,0.0,0.0,82.1315656889038,,,,0.0,,
2018,GO,PT,Médio (16–31),Competitivo,15,2,1,1,1220715.15,14,1,1.791354459714147,13.208645540285852,8.37355215694922,1.791354459714147,1.791354459714147,0.7913544597141471,2,1.0,100.0,50.0,2.0,11.942363064760979,13.333333333333334,7.5,86.66666666666667,6.666666666666667,100.0,7.5
2018,GO,PTB,Médio (16–31),Menos competitivo,3,1,1,0,1602845.0,3,0,1.7613378910819448,1.2386621089180552,1.703250702315373,1.7613378910819448,,1.7613378910819448,2,0.0,,0.0,1.0,58.71126303606483,,,,0.0,100.0,1.5
2018,GO,PTC,Médio (16–31),Menos competitivo,11,0,0,0,283331.42000000004,7,4,1.461758957832192,9.538241042167808,7.525180496456917,,,1.461758957832192,1,0.0,,0.0,0.0,13.28871779847447,,,,0.0,,
2018,GO,PV,Médio (16–31),Menos competitivo,5,0,0,0,367285.79,5,0,4.361534424354454,0.6384655756455464,1.146385540850121,,,4.361534424354454,4,0.0,,0.0,0.0,87.23068848708907,,,,0.0,,
2018,GO,REDE,Médio (16–31),Menos competitivo,7,0,0,0,3576.48,5,2,4.896995264913722,2.1030047350862784,1.429447982144073,,,4.896995264913722,5,0.0,,0.0,0.0,69.95707521305317,,,,0.0,,
2018,GO,SOLIDARIEDADE,Médio (16–31),Menos competitivo,1,0,1,1,650000.0,1,0,1.0,0.0,1.0,1.0,1.0,0.0,1,1.0,100.0,100.0,0.0,100.0,100.0,1.0,0.0,100.0,,
2018,MA,AVANTE,Médio (16–31),Menos competitivo,1,0,0,0,0.0,0,1,,,,,,,0,0.0,,,0.0,,,,,,,
2018,MA,DC,Médio (16–31),Menos competitivo,2,0,0,0,0.0,0,2,,,,,,,0,0.0,,,0.0,,,,,,,
2018,MA,DEM,Médio (16–31),Competitivo,2,1,1,1,866000.0,2,0,1.4013782896949674,0.5986217103050326,1.4271663937617671,1.4013782896949674,1.4013782896949674,0.4013782896949673,1,1.0,100.0,100.0,1.0,70.06891448474836,50.0,2.0,50.0,50.0,100.0,2.0
2018,MA,MDB,Médio (16–31),Competitivo,8,3,3,2,4872500.0,8,0,3.486935241205785,4.513064758794215,2.2942783408944507,1.162311747068595,1.7434676206028925,1.486935241205785,3,2.0,100.0,66.66666666666667,3.0,43.58669051507231,37.5,2.6666666666666665,62.5,25.0,100.0,2.6666666666666665
2018,MA,PATRI,Médio (16–31),Menos competitivo,6,0,1,1,350000.0,1,5,1.0,5.0,6.0,1.0,1.0,0.0,1,1.0,100.0,100.0,0.0,16.666666666666668,16.666666666666668,6.0,83.33333333333333,16.666666666666668,,
2018,MA,PC DO B,Médio (16–31),Menos competitivo,4,1,1,2,1604300.0,4,0,2.010749922357006,1.989250077642994,1.989307549151209,2.010749922357006,1.005374961178503,0.010749922357006,2,2.0,100.0,100.0,1.0,50.26874805892515,50.0,2.0,50.0,50.0,100.0,2.0
2018,MA,PCB,Médio (16–31),Menos competitivo,2,0,0,0,8119.1,2,0,2.0,0.0,1.0,,,2.0,2,0.0,,0.0,0.0,100.0,,,,0.0,,
2018,MA,PDT,Médio (16–31),Menos competitivo,8,4,2,1,1237200.0,7,1,2.891114581126588,5.108885418873412,2.7670989078830006,1.445557290563294,2.891114581126588,1.891114581126588,3,1.0,100.0,33.333333333333336,2.0,36.13893226408235,37.5,2.6666666666666665,62.5,12.5,50.0,1.3333333333333333
2018,MA,PHS,Médio (16–31),Menos competitivo,12,0,0,0,427300.0,7,5,6.051062020428784,5.948937979571216,1.9831229558525776,,,6.051062020428784,6,0.0,,0.0,0.0,50.42551683690653,,,,0.0,,
2018,MA,PMB,Médio (16–31),Menos competitivo,3,0,0,0,55000.0,2,1,1.095022624434389,1.904977375565611,2.739669421487604,,,1.095022624434389,1,0.0,,0.0,0.0,36.50075414781297,,,,0.0,,
2018,MA,PMN,Médio (16–31),Menos competitivo,12,2,0,2,703000.0,9,3,2.791999276872928,9.208000723127071,4.297995382520351,,1.3959996384364637,0.7919992768729274,3,2.0,100.0,66.66666666666667,2.0,23.26666064060773,25.0,4.0,75.0,16.666666666666668,100.0,4.0
2018,MA,PODE,Médio (16–31),Menos competitivo,5,1,1,1,885000.0,4,1,1.9559842667166136,3.0440157332833864,2.5562577803313222,1.9559842667166136,1.9559842667166136,0.9559842667166136,2,1.0,100.0,50.0,1.0,39.119685334332274,40.0,2.5,60.0,20.0,100.0,2.5
2018,MA,PP,Médio (16–31),Competitivo,4,2,1,1,3570528.0,4,0,1.8879293794206964,2.112070620579304,2.118723318574228,1.8879293794206964,1.8879293794206964,0.8879293794206964,2,1.0,100.0,50.0,2.0,47.19823448551741,50.0,2.0,50.0,25.0,100.0,2.0
2018,MA,PPL,Médio (16–31),Menos competitivo,1,1,0,0,0.0,0,1,,,,,,,0,0.0,,,0.0,,,,,,0.0,
2018,MA,PPS,Médio (16–31),Menos competitivo,1,0,1,0,0.0,0,1,,,,,,,0,0.0,,,0.0,,,,,,,
2018,MA,PR,Médio (16–31),Competitivo,4,2,0,2,4930000.0,4,0,2.972167532864567,1.027832467135433,1.3458191558080883,,1.4860837664322837,0.9721675328645668,3,2.0,100.0,66.66666666666667,2.0,74.30418832161418,75.0,1.3333333333333333,25.0,50.0,100.0,1.3333333333333333
2018,MA,PRB,Médio (16–31),Competitivo,2,1,1,1,975000.0,2,0,1.0634281399446264,0.9365718600553736,1.8807100591715973,1.0634281399446264,1.0634281399446264,0.0634281399446263,1,1.0,100.0,100.0,1.0,53.171406997231315,50.0,2.0,50.0,50.0,100.0,2.0
2018,MA,PROS,Médio (16–31),Menos competitivo,3,1,0,0,1093940.0,3,0,1.8759648455363749,1.1240351544636251,1.599177088599569,,,1.8759648455363749,2,0.0,,0.0,1.0,62.53216151787916,,,,0.0,100.0,1.5
2018,MA,PRP,Médio (16–31),Menos competitivo,1,0,0,0,0.0,0,1,,,,,,,0,0.0,,,0.0,,,,,,,
2018,MA,PRTB,Médio (16–31),Menos competitivo,4,0,0,0,29982.15,1,3,1.0,3.0,4.0,,,1.0,1,0.0,,0.0,0.0,25.0,,,,0.0,,
2018,MA,PSB,Médio (16–31),Competitivo,4,1,0,1,600000.0,3,1,1.4117647058823528,2.588235294117647,2.833333333333333,,1.4117647058823528,0.4117647058823528,1,1.0,100.0,100.0,1.0,35.29411764705882,25.0,4.0,75.0,25.0,100.0,4.0
2018,MA,PSC,Médio (16–31),Menos competitivo,3,1,1,0,1400000.0,1,2,1.0,2.0,3.0,1.0,,1.0,1,0.0,,0.0,1.0,33.333333333333336,,,,0.0,100.0,3.0
2018,MA,PSD,Médio (16–31),Competitivo,2,2,0,1,1399800.0,2,0,1.9983518676324643,0.0016481323675356,1.0008247458289157,,1.9983518676324643,0.9983518676324644,2,1.0,100.0,50.0,2.0,99.91759338162322,100.0,1.0,0.0,50.0,100.0,1.0
2018,MA,PSDB,Médio (16–31),Competitivo,11,2,2,0,2296250.0,10,1,2.6181592338947115,8.381840766105288,4.201425130142547,1.3090796169473558,,2.6181592338947115,3,0.0,,0.0,2.0,23.801447580861012,,,,0.0,100.0,3.666666666666667
2018,MA,PSL,Médio (16–31),Menos competitivo,23,4,0,0,180.0,2,21,2.0,21.0,11.5,,,2.0,2,0.0,,0.0,0.0,8.695652173913043,,,,0.0,0.0,0.0
2018,MA,PSOL,Médio (16–31),Menos competitivo,15,0,0,0,53514.90000000001,15,0,14.989544421430717,0.0104555785692852,1.0006975247729568,,,14.989544421430717,15,0.0,,0.0,0.0,99.93029614287144,,,,0.0,,
2018,MA,PSTU,Médio (16–31),Menos competitivo,3,0,0,0,0.0,0,3,,,,,,,0,0.0,,,0.0,,,,,,,
2018,MA,PT,Médio (16–31),Competitivo,22,3,1,1,1359846.0,21,1,2.296518024396556,19.703481975603445,9.579720152982828,2.296518024396556,2.296518024396556,1.2965180243965562,2,1.0,100.0,50.0,1.5,10.43871829271162,9.090909090909092,11.0,90.9090909090909,4.545454545454546,50.0,5.5
2018,MA,PTB,Médio (16–31),Menos competitivo,3,0,1,1,1330000.0,3,0,1.2191743056034188,1.7808256943965812,2.460681779637062,1.2191743056034188,1.2191743056034188,0.2191743056034187,1,1.0,100.0,100.0,0.0,40.639143520113954,33.333333333333336,3.0,66.66666666666666,33.333333333333336,,
2018,MA,PTC,Médio (16–31),Menos competitivo,3,0,0,0,30000.0,3,0,3.0,0.0,1.0,,,3.0,3,0.0,,0.0,0.0,100.0,,,,0.0,,
2018,MA,PV,Médio (16–31),Menos competitivo,6,1,1,0,353000.0,4,2,2.4415663299795245,3.5584336700204755,2.4574388687815487,2.4415663299795245,,2.4415663299795245,2,0.0,,0.0,1.0,40.692772166325405,,,,0.0,100.0,3.0
2018,MA,REDE,Médio (16–31),Menos competitivo,5,0,0,0,1890.9,2,3,1.6963588787170087,3.3036411212829915,2.9474895098739973,,,1.6963588787170087,2,0.0,,0.0,0.0,33.92717757434018,,,,0.0,,
2018,MA,SOLIDARIEDADE,Médio (16–31),Menos competitivo,2,1,0,0,1250500.0,2,0,1.1734578693047673,0.8265421306952327,1.7043645556571452,,,1.1734578693047673,1,0.0,,0.0,1.0,58.67289346523836,,,,0.0,100.0,2.0
2018,MG,AVANTE,Grande (39–70),Menos competitivo,77,4,1,3,6280452.739999999,73,4,6.202472298517105,70.79752770148289,12.414404497769263,6.202472298517105,2.067490766172368,3.202472298517105,6,2.0,66.66666666666667,33.333333333333336,2.0,8.055158829242993,7.792207792207792,8.555555555555555,58.87445887445888,3.896103896103896,50.0,6.416666666666667
2018,MG,DC,Grande (39–70),Menos competitivo,11,1,0,0,19434.53,8,3,4.717812723557575,6.282187276442425,2.3315889469442945,,,4.717812723557575,5,0.0,,0.0,1.0,42.88920657779614,,,,0.0,100.0,2.2
2018,MG,DEM,Grande (39–70),Competitivo,13,2,4,1,3706092.13,12,1,3.8383070023142576,9.161692997685742,3.386909903809627,0.9595767505785644,3.8383070023142576,2.8383070023142576,4,1.0,100.0,25.0,2.0,29.52543847934044,30.76923076923077,3.25,69.23076923076923,7.6923076923076925,100.0,3.25
2018,MG,MDB,Grande (39–70),Competitivo,20,8,5,4,11365693.78,19,1,8.120222671285726,11.879777328714274,2.4629866457631606,1.6240445342571452,2.0300556678214314,4.120222671285726,8,3.0,75.0,37.5,6.0,40.60111335642863,40.0,1.875,35.0,20.0,75.0,1.875
2018,MG,NOVO,Grande (39–70),Menos competitivo,36,0,0,2,113038.52,36,0,14.888526341174163,21.11147365882584,2.417969325845375,,7.444263170587082,12.888526341174163,15,2.0,100.0,13.333333333333334,0.0,41.35701761437267,41.666666666666664,2.4,58.333333333333336,5.555555555555555,,
2018,MG,PATRI,Grande (39–70),Menos competitivo,33,2,0,2,1679267.4,16,17,1.992227028641935,31.007772971358065,16.56437721482752,,0.9961135143209676,-0.0077729713580649,2,1.0,50.0,50.0,2.0,6.037051601945258,6.0606060606060606,8.25,43.93939393939394,6.0606060606060606,100.0,16.5
2018,MG,PC DO B,Grande (39–70),Menos competitivo,8,2,1,0,1476948.46,1,7,1.0,7.0,8.0,1.0,,1.0,1,0.0,,0.0,1.0,12.5,,,,0.0,50.0,4.0
2018,MG,PCB,Grande (39–70),Menos competitivo,12,0,0,0,164770.0,12,0,3.13026549147838,8.86973450852162,3.833540647803829,,,3.13026549147838,3,0.0,,0.0,0.0,26.085545762319835,,,,0.0,,
2018,MG,PDT,Grande (39–70),Menos competitivo,24,2,2,2,1396833.18,24,0,3.611422180668848,20.388577819331157,6.645581380229302,1.805711090334424,1.805711090334424,1.611422180668848,4,2.0,100.0,50.0,2.0,15.047592419453535,16.666666666666668,6.0,83.33333333333333,8.333333333333334,100.0,6.0
2018,MG,PHS,Grande (39–70),Menos competitivo,71,4,1,2,2779157.16,60,11,2.1755198878304363,68.82448011216957,32.635877243487585,2.1755198878304363,1.087759943915218,0.1755198878304362,2,1.0,50.0,50.0,1.0,3.064112518071037,2.816901408450704,17.75,47.183098591549296,2.816901408450704,25.0,8.875
2018,MG,PMB,Grande (39–70),Menos competitivo,5,0,0,0,0.0,0,5,,,,,,,0,0.0,,,0.0,,,,,,,
2018,MG,PMN,Grande (39–70),Menos competitivo,12,0,0,1,185030.0,4,8,1.4608769995222954,10.539123000477703,8.214243912337576,,1.4608769995222954,0.4608769995222954,1,1.0,100.0,100.0,0.0,12.173974996019128,8.333333333333334,12.0,91.66666666666667,8.333333333333334,,
2018,MG,PODE,Grande (39–70),Menos competitivo,26,2,2,1,2755229.4199999995,17,9,3.68201525605569,22.31798474394431,7.061350426845367,1.841007628027845,3.68201525605569,2.68201525605569,4,0.0,0.0,0.0,2.0,14.16159713867573,15.384615384615385,0.0,-15.384615384615385,3.8461538461538463,100.0,6.5
2018,MG,PP,Grande (39–70),Competitivo,8,2,5,2,10335651.27,6,2,4.932780416872103,3.0672195831278968,1.621803389552222,0.9865560833744208,2.466390208436052,2.9327804168721032,5,2.0,100.0,40.0,2.0,61.65975521090129,62.5,1.6,37.5,25.0,100.0,1.6
2018,MG,PPL,Grande (39–70),Menos competitivo,28,0,0,0,400.0,1,27,1.0,27.0,28.0,,,1.0,1,0.0,,0.0,0.0,3.5714285714285716,,,,0.0,,
2018,MG,PPS,Grande (39–70),Menos competitivo,14,1,0,0,1473011.0,8,6,2.829172756819545,11.170827243180456,4.948442956073951,,,2.829172756819545,3,0.0,,0.0,1.0,20.20837683442532,,,,0.0,100.0,4.666666666666667
2018,MG,PR,Grande (39–70),Competitivo,6,6,5,1,10773013.13,6,0,5.830287347244083,0.1697126527559174,1.0291087973281692,1.1660574694488166,5.830287347244083,4.830287347244083,6,1.0,100.0,16.666666666666668,6.0,97.17145578740138,100.0,1.0,0.0,16.666666666666668,100.0,1.0
2018,MG,PRB,Grande (39–70),Competitivo,8,2,0,2,6507577.279999999,8,0,4.591203211244668,3.408796788755332,1.7424626251363882,,2.295601605622334,2.591203211244668,5,2.0,100.0,40.0,2.0,57.390040140558355,62.5,1.6,37.5,25.0,100.0,1.6
2018,MG,PROS,Grande (39–70),Menos competitivo,33,4,3,2,4083750.26,13,20,3.934154434231291,29.065845565768708,8.38807945942976,1.3113848114104305,1.9670772171156452,1.9341544342312909,4,2.0,100.0,50.0,2.0,11.921680103731184,12.121212121212121,8.25,87.87878787878788,6.0606060606060606,50.0,4.125
2018,MG,PRP,Grande (39–70),Menos competitivo,5,0,0,0,196135.75,5,0,2.066951353322148,2.933048646677852,2.419021614593712,,,2.066951353322148,2,0.0,,0.0,0.0,41.33902706644296,,,,0.0,,
2018,MG,PRTB,Grande (39–70),Menos competitivo,52,1,0,0,224267.96,22,30,1.020555745155322,50.97944425484468,50.95263070816963,,,1.020555745155322,1,0.0,,0.0,0.0,1.962607202221773,,,,0.0,0.0,0.0
2018,MG,PSB,Grande (39–70),Competitivo,26,2,1,3,4904350.0,14,12,6.616167971159441,19.38383202884056,3.929767217721298,6.616167971159441,2.205389323719813,3.6161679711594408,7,3.0,100.0,42.85714285714285,2.0,25.446799889074775,26.923076923076923,3.7142857142857144,73.07692307692308,11.538461538461538,100.0,3.7142857142857144
2018,MG,PSC,Grande (39–70),Menos competitivo,34,1,1,1,3398561.2,13,21,4.173651687246089,29.82634831275391,8.146343429639263,4.173651687246089,4.173651687246089,3.173651687246089,4,1.0,100.0,25.0,1.0,12.275446138959085,11.764705882352942,8.5,88.23529411764706,2.9411764705882355,100.0,8.5
2018,MG,PSD,Grande (39–70),Competitivo,11,5,5,3,5063166.06,11,0,5.223306199089714,5.776693800910286,2.1059458474628605,1.044661239817943,1.741102066363238,2.2233061990897136,5,3.0,100.0,60.0,5.0,47.484601809906486,45.45454545454545,2.2,54.54545454545455,27.272727272727273,100.0,2.1999999999999997
2018,MG,PSDB,Grande (39–70),Competitivo,20,7,6,5,9865844.739999998,20,0,7.979559411491126,12.020440588508874,2.506404046719496,1.3299265685818542,1.5959118822982252,2.9795594114911257,8,5.0,100.0,62.5,7.0,39.897797057455634,40.0,2.5,60.0,25.0,100.0,2.5
2018,MG,PSL,Grande (39–70),Menos competitivo,76,3,1,6,376894.98,44,32,4.003611007259799,71.99638899274021,18.98286318580607,4.003611007259799,0.6672685012099665,-1.9963889927402008,4,1.0,16.666666666666668,25.0,0.0,5.267909220078683,5.2631578947368425,3.166666666666667,11.403508771929825,7.894736842105263,0.0,0.0
2018,MG,PSOL,Grande (39–70),Menos competitivo,33,0,0,1,184621.39,32,1,13.50737832964293,19.492621670357067,2.443109180378777,,13.50737832964293,12.50737832964293,14,1.0,100.0,7.142857142857143,0.0,40.93144948376646,42.42424242424242,2.357142857142857,57.57575757575758,3.0303030303030303,,
2018,MG,PSTU,Grande (39–70),Menos competitivo,5,0,0,0,0.0,0,5,,,,,,,0,0.0,,,0.0,,,,,,,
2018,MG,PT,Grande (39–70),Competitivo,26,13,9,8,10045076.62,26,0,14.088227047997137,11.911772952002863,1.8455125624694064,1.5653585608885707,1.761028380999642,6.088227047997137,14,8.0,100.0,57.142857142857146,11.0,54.18548864614283,53.84615384615385,1.8571428571428572,46.15384615384615,30.76923076923077,84.61538461538461,1.5714285714285714
2018,MG,PTB,Grande (39–70),Menos competitivo,20,4,0,0,2750719.3600000003,13,7,3.56338954214995,16.43661045785005,5.612633635314852,,,3.56338954214995,4,0.0,,0.0,3.0,17.81694771074975,,,,0.0,75.0,3.75
2018,MG,PTC,Grande (39–70),Menos competitivo,25,0,0,0,524401.3,22,3,1.3180125463428425,23.68198745365716,18.96795297538616,,,1.3180125463428425,1,0.0,,0.0,0.0,5.27205018537137,,,,0.0,,
2018,MG,PV,Grande (39–70),Menos competitivo,14,0,0,0,1245770.91,14,0,9.001610366883341,4.998389633116659,1.5552772703321605,,,9.001610366883341,9,0.0,,0.0,0.0,64.29721690630957,,,,0.0,,
2018,MG,REDE,Grande (39–70),Menos competitivo,25,0,0,0,148058.56,19,6,1.1152118329671692,23.88478816703283,22.41726572563724,,,1.1152118329671692,1,0.0,,0.0,0.0,4.460847331868677,,,,0.0,,
2018,MG,SOLIDARIEDADE,Grande (39–70),Menos competitivo,8,1,1,1,1105105.93,4,4,1.0025493284264264,6.997450671573573,7.9796572329828175,1.0025493284264264,1.0025493284264264,0.0025493284264264,1,1.0,100.0,100.0,1.0,12.53186660533033,12.5,8.0,87.5,12.5,100.0,8.0
2018,MS,AVANTE,Pequeno (8–12),Menos competitivo,1,0,0,0,0.0,0,1,,,,,,,0,0.0,,,0.0,,,,,,,
2018,MS,DC,Pequeno (8–12),Menos competitivo,1,0,0,0,17000.0,1,0,1.0,0.0,1.0,,,1.0,1,0.0,,0.0,0.0,100.0,,,,0.0,,
2018,MS,DEM,Pequeno (8–12),Competitivo,5,1,2,1,1550000.0,2,3,1.2899328859060404,3.71006711409396,3.876170655567117,0.6449664429530202,1.2899328859060404,0.2899328859060404,1,1.0,100.0,100.0,1.0,25.798657718120808,20.0,5.0,80.0,20.0,100.0,5.0
2018,MS,MDB,Pequeno (8–12),Competitivo,11,1,0,0,1811960.0,11,0,2.6044711476938387,8.39552885230616,4.223506184639476,,,2.6044711476938387,3,0.0,,0.0,0.0,23.67701043358035,,,,0.0,0.0,0.0
2018,MS,NOVO,Pequeno (8–12),Menos competitivo,5,0,0,0,8311.8,5,0,4.433966123982481,0.566033876017519,1.127658592824142,,,4.433966123982481,4,0.0,,0.0,0.0,88.67932247964963,,,,0.0,,
2018,MS,PATRI,Pequeno (8–12),Menos competitivo,2,0,0,0,0.0,0,2,,,,,,,0,0.0,,,0.0,,,,,,,
2018,MS,PC DO B,Pequeno (8–12),Menos competitivo,4,0,0,0,22000.0,1,3,1.0,3.0,4.0,,,1.0,1,0.0,,0.0,0.0,25.0,,,,0.0,,
2018,MS,PDT,Pequeno (8–12),Menos competitivo,8,1,1,1,730000.0,4,4,1.5326430831176303,6.46735691688237,5.21974103959467,1.5326430831176303,1.5326430831176303,0.5326430831176303,2,1.0,100.0,50.0,1.0,19.15803853897038,25.0,4.0,75.0,12.5,100.0,4.0
2018,MS,PHS,Pequeno (8–12),Menos competitivo,4,0,0,0,36000.0,3,1,2.8421052631578947,1.1578947368421053,1.4074074074074074,,,2.8421052631578947,3,0.0,,0.0,0.0,71.05263157894737,,,,0.0,,
2018,MS,PMB,Pequeno (8–12),Menos competitivo,1,0,0,0,0.0,0,1,,,,,,,0,0.0,,,0.0,,,,,,,
2018,MS,PMN,Pequeno (8–12),Menos competitivo,1,0,0,0,50000.0,1,0,1.0,0.0,1.0,,,1.0,1,0.0,,0.0,0.0,100.0,,,,0.0,,
2018,MS,PODE,Pequeno (8–12),Menos competitivo,5,0,0,0,800.0,4,1,4.0,1.0,1.25,,,4.0,4,0.0,,0.0,0.0,80.0,,,,0.0,,
2018,MS,PPL,Pequeno (8–12),Menos competitivo,3,0,0,0,0.0,0,3,,,,,,,0,0.0,,,0.0,,,,,,,
2018,MS,PPS,Pequeno (8–12),Menos competitivo,2,0,0,0,103008.01,2,0,1.7031077698628982,0.2968922301371017,1.1743238069784638,,,1.7031077698628982,2,0.0,,0.0,0.0,85.15538849314491,,,,0.0,,
2018,MS,PR,Pequeno (8–12),Competitivo,1,0,0,0,100000.0,1,0,1.0,0.0,1.0,,,1.0,1,0.0,,0.0,0.0,100.0,,,,0.0,,
2018,MS,PRB,Pequeno (8–12),Competitivo,3,1,0,0,1673250.71,3,0,1.1489195658016331,1.8510804341983669,2.611148847401529,,,1.1489195658016331,1,0.0,,0.0,1.0,38.29731886005444,,,,0.0,100.0,3.0
2018,MS,PROS,Pequeno (8–12),Menos competitivo,4,1,0,0,858950.0,4,0,3.433138024034709,0.5668619759652911,1.1651148226482024,,,3.433138024034709,3,0.0,,0.0,1.0,85.82845060086773,,,,0.0,100.0,1.3333333333333333
2018,MS,PRP,Pequeno (8–12),Menos competitivo,2,0,0,0,35000.0,1,1,1.0,1.0,2.0,,,1.0,1,0.0,,0.0,0.0,50.0,,,,0.0,,
2018,MS,PRTB,Pequeno (8–12),Menos competitivo,3,0,0,0,0.0,0,3,,,,,,,0,0.0,,,0.0,,,,,,,
2018,MS,PSB,Pequeno (8–12),Competitivo,1,1,1,0,1300000.0,1,0,1.0,0.0,1.0,1.0,,1.0,1,0.0,,0.0,1.0,100.0,,,,0.0,100.0,1.0
2018,MS,PSC,Pequeno (8–12),Menos competitivo,2,0,0,0,0.0,0,2,,,,,,,0,0.0,,,0.0,,,,,,,
2018,MS,PSD,Pequeno (8–12),Competitivo,2,1,1,1,630000.0,2,0,1.2848818387827774,0.7151181612172226,1.5565633660871758,1.2848818387827774,1.2848818387827774,0.2848818387827774,1,1.0,100.0,100.0,1.0,64.24409193913887,50.0,2.0,50.0,50.0,100.0,2.0
2018,MS,PSDB,Pequeno (8–12),Competitivo,5,3,1,2,2745427.75,5,0,3.78454165633766,1.2154583436623403,1.321163949041732,3.78454165633766,1.8922708281688296,1.7845416563376597,4,2.0,100.0,50.0,3.0,75.6908331267532,80.0,1.25,20.0,40.0,100.0,1.25
2018,MS,PSL,Pequeno (8–12),Menos competitivo,4,0,0,2,0.0,0,4,,,,,,,0,0.0,0.0,,0.0,,0.0,,0.0,,,
2018,MS,PSOL,Pequeno (8–12),Menos competitivo,6,0,0,0,23676.85,6,0,5.353472298493993,0.6465277015060069,1.1207679176163636,,,5.353472298493993,5,0.0,,0.0,0.0,89.22453830823322,,,,0.0,,
2018,MS,PT,Pequeno (8–12),Competitivo,16,2,2,1,1915656.13,16,0,4.368071674273304,11.631928325726696,3.662943557962988,2.184035837136652,4.368071674273304,3.3680716742733035,4,1.0,100.0,25.0,2.0,27.300447964208153,25.0,4.0,75.0,6.25,100.0,4.0
2018,MS,PTB,Pequeno (8–12),Menos competitivo,1,0,0,0,39496.7,1,0,1.0,0.0,1.0,,,1.0,1,0.0,,0.0,0.0,100.0,,,,0.0,,
2018,MS,PTC,Pequeno (8–12),Menos competitivo,1,0,0,0,150000.0,1,0,1.0,0.0,1.0,,,1.0,1,0.0,,0.0,0.0,100.0,,,,0.0,,
2018,MS,PV,Pequeno (8–12),Menos competitivo,8,0,0,0,81026.94,8,0,5.063846539294533,2.9361534607054667,1.579826706421975,,,5.063846539294533,5,0.0,,0.0,0.0,63.29808174118167,,,,0.0,,
2018,MS,REDE,Pequeno (8–12),Menos competitivo,3,0,0,0,5280.0,3,0,3.0,0.0,1.0,,,3.0,3,0.0,,0.0,0.0,100.0,,,,0.0,,
2018,MS,SOLIDARIEDADE,Pequeno (8–12),Menos competitivo,2,0,0,0,600000.0,2,0,1.7241379310344829,0.2758620689655171,1.16,,,1.7241379310344829,2,0.0,,0.0,0.0,86.20689655172414,,,,0.0,,
2018,MT,DEM,Pequeno (8–12),Competitivo,2,1,1,0,450000.0,2,0,1.2461538461538462,0.7538461538461538,1.6049382716049383,1.2461538461538462,,1.2461538461538462,1,0.0,,0.0,1.0,62.30769230769231,,,,0.0,100.0,2.0
2018,MT,MDB,Pequeno (8–12),Competitivo,7,3,2,2,5010100.0,7,0,3.179843008567156,3.820156991432844,2.201366539524294,1.589921504283578,1.589921504283578,1.1798430085671558,3,1.0,50.0,33.333333333333336,2.0,45.426328693816515,42.857142857142854,1.1666666666666667,7.142857142857146,28.571428571428573,66.66666666666667,1.5555555555555554
2018,MT,NOVO,Pequeno (8–12),Menos competitivo,13,0,0,0,25689.08,13,0,12.767832554958796,0.2321674450412025,1.0181837789649766,,,12.767832554958796,13,0.0,,0.0,0.0,98.21409657660612,,,,0.0,,
2018,MT,PATRI,Pequeno (8–12),Menos competitivo,3,0,0,0,4800.0,3,0,3.0,0.0,1.0,,,3.0,3,0.0,,0.0,0.0,100.0,,,,0.0,,
2018,MT,PC DO B,Pequeno (8–12),Menos competitivo,2,0,0,0,28334.0,2,0,1.840747778885517,0.1592522211144829,1.086514960355352,,,1.840747778885517,2,0.0,,0.0,0.0,92.03738894427586,,,,0.0,,
2018,MT,PDT,Pequeno (8–12),Menos competitivo,4,1,0,0,1200666.45,4,0,1.939733648399493,2.0602663516005078,2.062138790704831,,,1.939733648399493,2,0.0,,0.0,0.0,48.49334120998732,,,,0.0,0.0,0.0
2018,MT,PHS,Pequeno (8–12),Menos competitivo,3,0,0,0,85000.0,3,0,2.279208570455148,0.7207914295448523,1.316246366782007,,,2.279208570455148,2,0.0,,0.0,0.0,75.97361901517161,,,,0.0,,
2018,MT,PMB,Pequeno (8–12),Menos competitivo,1,0,0,0,0.0,0,1,,,,,,,0,0.0,,,0.0,,,,,,,
2018,MT,PMN,Pequeno (8–12),Menos competitivo,1,0,0,0,40630.0,1,0,1.0,0.0,1.0,,,1.0,1,0.0,,0.0,0.0,100.0,,,,0.0,,
2018,MT,PODE,Pequeno (8–12),Menos competitivo,2,1,0,1,1006574.0,2,0,1.061074074082154,0.938925925917846,1.8848825438789765,,1.061074074082154,0.061074074082154,1,1.0,100.0,100.0,1.0,53.053703704107704,50.0,2.0,50.0,50.0,100.0,2.0
2018,MT,PP,Pequeno (8–12),Competitivo,1,1,1,0,2163379.83,1,0,1.0,0.0,1.0,1.0,,1.0,1,0.0,,0.0,1.0,100.0,,,,0.0,100.0,1.0
2018,MT,PPL,Pequeno (8–12),Menos competitivo,3,0,0,0,1800.0,2,1,1.975609756097561,1.024390243902439,1.5185185185185186,,,1.975609756097561,2,0.0,,0.0,0.0,65.85365853658537,,,,0.0,,
2018,MT,PPS,Pequeno (8–12),Menos competitivo,6,0,0,0,497377.88,5,1,1.2400848064347922,4.759915193565208,4.838378769634172,,,1.2400848064347922,1,0.0,,0.0,0.0,20.66808010724654,,,,0.0,,
2018,MT,PR,Pequeno (8–12),Competitivo,2,1,0,0,1977556.0,2,0,1.999637011860044,0.000362988139956,1.000181527016055,,,1.999637011860044,2,0.0,,0.0,1.0,99.98185059300219,,,,0.0,100.0,1.0
2018,MT,PRB,Pequeno (8–12),Competitivo,1,1,1,0,1325875.64,1,0,1.0,0.0,1.0,1.0,,1.0,1,0.0,,0.0,1.0,100.0,,,,0.0,100.0,1.0
2018,MT,PROS,Pequeno (8–12),Menos competitivo,4,0,0,0,754776.08,4,0,3.873587287640396,0.1264127123596039,1.032634533049753,,,3.873587287640396,4,0.0,,0.0,0.0,96.8396821910099,,,,0.0,,
2018,MT,PRP,Pequeno (8–12),Menos competitivo,2,0,0,0,120000.0,1,1,1.0,1.0,2.0,,,1.0,1,0.0,,0.0,0.0,50.0,,,,0.0,,
2018,MT,PSB,Pequeno (8–12),Competitivo,4,0,0,0,778616.28,4,0,1.3651492772267728,2.634850722773227,2.930082494806564,,,1.3651492772267728,1,0.0,,0.0,0.0,34.12873193066932,,,,0.0,,
2018,MT,PSC,Pequeno (8–12),Menos competitivo,6,0,0,0,830013.2,6,0,2.4987860534772226,3.5012139465227774,2.4011659548245885,,,2.4987860534772226,2,0.0,,0.0,0.0,41.64643422462038,,,,0.0,,
2018,MT,PSD,Pequeno (8–12),Competitivo,2,0,0,0,762299.6799999999,2,0,1.9974268698245707,0.0025731301754292,1.0012882224697697,,,1.9974268698245707,2,0.0,,0.0,0.0,99.87134349122854,,,,0.0,,
2018,MT,PSDB,Pequeno (8–12),Competitivo,4,0,1,1,1095683.68,4,0,2.6282784077257224,1.3717215922742776,1.521908785706322,2.6282784077257224,2.6282784077257224,1.6282784077257224,3,0.0,0.0,0.0,0.0,65.70696019314306,75.0,0.0,-75.0,25.0,,
2018,MT,PSL,Pequeno (8–12),Menos competitivo,5,1,1,1,69416.28,4,1,2.883824823587948,2.1161751764120527,1.733808502896229,2.883824823587948,2.883824823587948,1.8838248235879476,3,1.0,100.0,33.333333333333336,1.0,57.67649647175896,60.0,1.6666666666666667,40.0,20.0,100.0,1.6666666666666667
2018,MT,PSOL,Pequeno (8–12),Menos competitivo,9,0,0,0,111040.30000000002,9,0,1.8955113302744468,7.104488669725553,4.74805919450606,,,1.8955113302744468,2,0.0,,0.0,0.0,21.06123700304941,,,,0.0,,
2018,MT,PT,Pequeno (8–12),Competitivo,2,0,1,1,1056666.97,2,0,1.5152426250020032,0.4847573749979967,1.3199206298709791,1.5152426250020032,1.5152426250020032,0.5152426250020032,2,1.0,100.0,50.0,0.0,75.76213125010017,100.0,1.0,0.0,50.0,,
2018,MT,PTB,Pequeno (8–12),Menos competitivo,2,0,0,1,1872353.68,2,0,1.4454798491114031,0.5545201508885969,1.3836235774780836,,1.4454798491114031,0.4454798491114031,1,1.0,100.0,100.0,0.0,72.27399245557015,50.0,2.0,50.0,50.0,,
2018,MT,PTC,Pequeno (8–12),Menos competitivo,2,0,0,0,80000.0,1,1,1.0,1.0,2.0,,,1.0,1,0.0,,0.0,0.0,50.0,,,,0.0,,
2018,MT,PV,Pequeno (8–12),Menos competitivo,9,0,0,0,177022.0,9,0,7.15142525384827,1.84857474615173,1.2584903960447589,,,7.15142525384827,7,0.0,,0.0,0.0,79.46028059831411,,,,0.0,,
2018,MT,REDE,Pequeno (8–12),Menos competitivo,6,0,0,0,76.36,4,2,4.0,2.0,1.5,,,4.0,4,0.0,,0.0,0.0,66.66666666666667,,,,0.0,,
2018,MT,SOLIDARIEDADE,Pequeno (8–12),Menos competitivo,2,0,0,1,934048.91,2,0,1.0907546252782676,0.9092453747217324,1.8335929581685435,,1.0907546252782676,0.0907546252782676,1,1.0,100.0,100.0,0.0,54.53773126391338,50.0,2.0,50.0,50.0,,
2018,PA,AVANTE,Médio (16–31),Menos competitivo,2,0,0,0,155140.0,2,0,1.0665307172418992,0.9334692827581008,1.8752390040599096,,,1.0665307172418992,1,0.0,,0.0,0.0,53.32653586209496,,,,0.0,,
2018,PA,DC,Médio (16–31),Menos competitivo,1,0,0,0,20828.78,1,0,1.0,0.0,1.0,,,1.0,1,0.0,,0.0,0.0,100.0,,,,0.0,,
2018,PA,DEM,Médio (16–31),Competitivo,5,2,1,2,1483000.0,4,1,1.8042975854795693,3.1957024145204302,2.7711614981023405,1.8042975854795693,0.9021487927397848,-0.1957024145204304,2,2.0,100.0,100.0,2.0,36.085951709591384,40.0,2.5,60.0,40.0,100.0,2.5
2018,PA,MDB,Médio (16–31),Competitivo,6,4,3,2,5568400.0,4,2,3.0237006824327017,2.9762993175672983,1.9843233937999225,1.0079002274775672,1.5118503412163509,1.0237006824327015,3,2.0,100.0,66.66666666666667,3.0,50.39501137387836,50.0,2.0,50.0,33.333333333333336,75.0,1.5
2018,PA,PATRI,Médio (16–31),Menos competitivo,16,0,0,0,0.0,0,16,,,,,,,0,0.0,,,0.0,,,,,,,
2018,PA,PC DO B,Médio (16–31),Menos competitivo,1,1,0,0,1237594.58,1,0,1.0,0.0,1.0,,,1.0,1,0.0,,0.0,1.0,100.0,,,,0.0,100.0,1.0
2018,PA,PCB,Médio (16–31),Menos competitivo,1,0,0,0,10101.11,1,0,1.0,0.0,1.0,,,1.0,1,0.0,,0.0,0.0,100.0,,,,0.0,,
2018,PA,PDT,Médio (16–31),Menos competitivo,4,1,0,0,447000.0,3,1,1.2382118002838216,2.7617881997161784,3.230465094164928,,,1.2382118002838216,1,0.0,,0.0,1.0,30.95529500709554,,,,0.0,100.0,4.0
2018,PA,PHS,Médio (16–31),Menos competitivo,5,1,0,0,26250.0,1,4,1.0,4.0,5.0,,,1.0,1,0.0,,0.0,1.0,20.0,,,,0.0,100.0,5.0
2018,PA,PMB,Médio (16–31),Menos competitivo,1,0,0,0,80000.0,1,0,1.0,0.0,1.0,,,1.0,1,0.0,,0.0,0.0,100.0,,,,0.0,,
2018,PA,PMN,Médio (16–31),Menos competitivo,3,1,0,0,100000.0,1,2,1.0,2.0,3.0,,,1.0,1,0.0,,0.0,0.0,33.333333333333336,,,,0.0,0.0,0.0
2018,PA,PODE,Médio (16–31),Menos competitivo,1,0,1,0,777400.0,1,0,1.0,0.0,1.0,1.0,,1.0,1,0.0,,0.0,0.0,100.0,,,,0.0,,
2018,PA,PP,Médio (16–31),Competitivo,1,1,1,0,1593372.0,1,0,1.0,0.0,1.0,1.0,,1.0,1,0.0,,0.0,1.0,100.0,,,,0.0,100.0,1.0
2018,PA,PPL,Médio (16–31),Menos competitivo,7,0,0,0,4800.0,5,2,3.533742331288344,3.4662576687116564,1.9809027777777777,,,3.533742331288344,4,0.0,,0.0,0.0,50.482033304119206,,,,0.0,,
2018,PA,PPS,Médio (16–31),Menos competitivo,1,1,1,0,1168128.11,1,0,1.0,0.0,1.0,1.0,,1.0,1,0.0,,0.0,1.0,100.0,,,,0.0,100.0,1.0
2018,PA,PR,Médio (16–31),Competitivo,1,0,1,1,888515.03,1,0,1.0,0.0,1.0,1.0,1.0,0.0,1,1.0,100.0,100.0,0.0,100.0,100.0,1.0,0.0,100.0,,
2018,PA,PRB,Médio (16–31),Competitivo,1,0,0,1,789031.0,1,0,1.0,0.0,1.0,,1.0,0.0,1,1.0,100.0,100.0,0.0,100.0,100.0,1.0,0.0,100.0,,
2018,PA,PROS,Médio (16–31),Menos competitivo,1,0,0,0,513885.0,1,0,1.0,0.0,1.0,,,1.0,1,0.0,,0.0,0.0,100.0,,,,0.0,,
2018,PA,PRP,Médio (16–31),Menos competitivo,10,0,0,0,0.0,0,10,,,,,,,0,0.0,,,0.0,,,,,,,
2018,PA,PRTB,Médio (16–31),Menos competitivo,4,0,0,0,4890.0,3,1,3.0,1.0,1.3333333333333333,,,3.0,3,0.0,,0.0,0.0,75.0,,,,0.0,,
2018,PA,PSB,Médio (16–31),Competitivo,1,1,0,1,545600.0,1,0,1.0,0.0,1.0,,1.0,0.0,1,1.0,100.0,100.0,1.0,100.0,100.0,1.0,0.0,100.0,100.0,1.0
2018,PA,PSC,Médio (16–31),Menos competitivo,2,1,1,0,2300013.2,1,1,1.0,1.0,2.0,1.0,,1.0,1,0.0,,0.0,1.0,50.0,,,,0.0,100.0,2.0
2018,PA,PSD,Médio (16–31),Competitivo,4,3,2,3,1406005.15,4,0,2.051687440273143,1.948312559726857,1.9496147032354385,1.0258437201365715,0.683895813424381,-0.9483125597268568,2,2.0,66.66666666666667,100.0,2.0,51.29218600682858,50.0,1.3333333333333333,16.66666666666667,75.0,66.66666666666667,1.3333333333333333
2018,PA,PSDB,Médio (16–31),Competitivo,6,4,1,2,1895869.21,6,0,2.662302229513351,3.337697770486649,2.253688530733325,2.662302229513351,1.3311511147566757,0.6623022295133509,3,1.0,50.0,33.333333333333336,2.0,44.37170382522252,50.0,1.0,0.0,33.333333333333336,50.0,1.0
2018,PA,PSL,Médio (16–31),Menos competitivo,2,0,0,0,1928.0,1,1,1.0,1.0,2.0,,,1.0,1,0.0,,0.0,0.0,50.0,,,,0.0,,
2018,PA,PSOL,Médio (16–31),Menos competitivo,18,1,1,1,977934.68,18,0,3.1088700648733223,14.891129935126678,5.789884949962825,3.1088700648733223,3.1088700648733223,2.1088700648733223,3,1.0,100.0,33.333333333333336,1.0,17.271500360407344,16.666666666666668,6.0,83.33333333333333,5.555555555555555,100.0,6.0
2018,PA,PT,Médio (16–31),Competitivo,7,4,2,2,2411743.59,7,0,4.199652056642575,2.800347943357425,1.66680475086695,2.0998260283212877,2.0998260283212877,2.1996520566425746,4,2.0,100.0,50.0,3.0,59.99502938060821,57.142857142857146,1.75,42.857142857142854,28.571428571428573,75.0,1.3125
2018,PA,PTB,Médio (16–31),Menos competitivo,2,1,1,2,1383538.05,2,0,1.390066742351325,0.6099332576486747,1.4387798362954576,1.390066742351325,0.6950333711756627,-0.6099332576486747,1,1.0,50.0,100.0,0.0,69.50333711756626,50.0,1.0,0.0,100.0,0.0,0.0
2018,PA,PTC,Médio (16–31),Menos competitivo,5,2,0,0,2380.0,2,3,1.1245136186770428,3.875486381322957,4.446366782006921,,,1.1245136186770428,1,0.0,,0.0,1.0,22.490272373540854,,,,0.0,50.0,2.5
2018,PA,PV,Médio (16–31),Menos competitivo,2,1,0,0,258283.39,2,0,1.1228459790087546,0.8771540209912454,1.781188192672333,,,1.1228459790087546,1,0.0,,0.0,1.0,56.14229895043773,,,,0.0,100.0,2.0
2018,PA,REDE,Médio (16–31),Menos competitivo,5,0,0,0,0.0,0,5,,,,,,,0,0.0,,,0.0,,,,,,,
2018,PA,SOLIDARIEDADE,Médio (16–31),Menos competitivo,3,0,1,0,270000.0,3,0,1.1626794258373203,1.8373205741626797,2.580246913580247,1.1626794258373203,,1.1626794258373203,1,0.0,,0.0,0.0,38.75598086124401,,,,0.0,,
2018,PB,AVANTE,Pequeno (8–12),Menos competitivo,11,2,0,0,261750.0,6,5,1.6102099930439264,9.389790006956073,6.831407113059645,,,1.6102099930439264,2,0.0,,0.0,0.0,14.638272664035695,,,,0.0,0.0,0.0
2018,PB,DC,Pequeno (8–12),Menos competitivo,1,0,0,0,11944.56,1,0,1.0,0.0,1.0,,,1.0,1,0.0,,0.0,0.0,100.0,,,,0.0,,
2018,PB,DEM,Pequeno (8–12),Competitivo,2,1,1,1,1110476.36,2,0,1.0366688824026158,0.9633311175973842,1.9292563266341496,1.0366688824026158,1.0366688824026158,0.0366688824026157,1,1.0,100.0,100.0,1.0,51.83344412013079,50.0,2.0,50.0,50.0,100.0,2.0
2018,PB,MDB,Pequeno (8–12),Competitivo,10,3,1,0,2269800.0,10,0,2.125647743878063,7.874352256121937,4.704448339947358,2.125647743878063,,2.125647743878063,2,0.0,,0.0,2.0,21.256477438780628,,,,0.0,66.66666666666667,3.3333333333333335
2018,PB,NOVO,Pequeno (8–12),Menos competitivo,2,0,0,0,4848.06,2,0,1.9746101538070056,0.0253898461929942,1.0128581564031984,,,1.9746101538070056,2,0.0,,0.0,0.0,98.73050769035028,,,,0.0,,
2018,PB,PATRI,Pequeno (8–12),Menos competitivo,10,1,0,0,50000.0,1,9,1.0,9.0,10.0,,,1.0,1,0.0,,0.0,0.0,10.0,,,,0.0,0.0,0.0
2018,PB,PC DO B,Pequeno (8–12),Menos competitivo,4,0,0,0,109590.0,4,0,1.7943790395099877,2.2056209604900125,2.229183417731143,,,1.7943790395099877,2,0.0,,0.0,0.0,44.85947598774969,,,,0.0,,
2018,PB,PDT,Pequeno (8–12),Menos competitivo,1,1,1,1,570000.0,1,0,1.0,0.0,1.0,1.0,1.0,0.0,1,1.0,100.0,100.0,1.0,100.0,100.0,1.0,0.0,100.0,100.0,1.0
2018,PB,PHS,Pequeno (8–12),Menos competitivo,5,0,0,0,42750.0,5,0,3.95095257397649,1.04904742602351,1.2655175951574842,,,3.95095257397649,4,0.0,,0.0,0.0,79.0190514795298,,,,0.0,,
2018,PB,PMN,Pequeno (8–12),Menos competitivo,2,1,0,0,250000.0,1,1,1.0,1.0,2.0,,,1.0,1,0.0,,0.0,1.0,50.0,,,,0.0,100.0,2.0
2018,PB,PODE,Pequeno (8–12),Menos competitivo,2,0,0,0,1000000.0,1,1,1.0,1.0,2.0,,,1.0,1,0.0,,0.0,0.0,50.0,,,,0.0,,
2018,PB,PP,Pequeno (8–12),Competitivo,7,4,1,1,3815103.0100000007,7,0,4.0667005895863015,2.9332994104136985,1.7212971168630091,4.0667005895863015,4.0667005895863015,3.066700589586301,4,1.0,100.0,25.0,2.0,58.09572270837573,57.142857142857146,1.75,42.857142857142854,14.285714285714286,50.0,0.875
2018,PB,PPL,Pequeno (8–12),Menos competitivo,1,0,0,0,0.0,0,1,,,,,,,0,0.0,,,0.0,,,,,,,
2018,PB,PPS,Pequeno (8–12),Menos competitivo,3,1,0,0,174000.0,1,2,1.0,2.0,3.0,,,1.0,1,0.0,,0.0,1.0,33.333333333333336,,,,0.0,100.0,3.0
2018,PB,PR,Pequeno (8–12),Competitivo,2,1,1,1,1760000.0,2,0,1.120046282904252,0.8799537170957479,1.7856404958677687,1.120046282904252,1.120046282904252,0.1200462829042521,1,1.0,100.0,100.0,1.0,56.002314145212594,50.0,2.0,50.0,50.0,100.0,2.0
2018,PB,PRB,Pequeno (8–12),Competitivo,3,2,1,1,1465611.06,3,0,1.915490059084202,1.084509940915798,1.5661788406431634,1.915490059084202,1.915490059084202,0.915490059084202,2,1.0,100.0,50.0,2.0,63.84966863614006,66.66666666666667,1.5,33.33333333333333,33.333333333333336,100.0,1.5
2018,PB,PROS,Pequeno (8–12),Menos competitivo,1,0,0,0,350000.0,1,0,1.0,0.0,1.0,,,1.0,1,0.0,,0.0,0.0,100.0,,,,0.0,,
2018,PB,PRP,Pequeno (8–12),Menos competitivo,5,0,0,0,25000.0,2,3,1.923076923076923,3.076923076923077,2.6,,,1.923076923076923,2,0.0,,0.0,0.0,38.46153846153846,,,,0.0,,
2018,PB,PRTB,Pequeno (8–12),Menos competitivo,7,0,0,0,13695.0,5,2,3.661566326627729,3.338433673372271,1.9117501570555844,,,3.661566326627729,4,0.0,,0.0,0.0,52.30809038039613,,,,0.0,,
2018,PB,PSB,Pequeno (8–12),Competitivo,4,2,1,1,1270000.0,2,2,1.8735044720641187,2.126495527935881,2.1350362700725403,1.8735044720641187,1.8735044720641187,0.8735044720641187,2,1.0,100.0,50.0,1.0,46.83761180160297,50.0,2.0,50.0,25.0,50.0,1.0
2018,PB,PSC,Pequeno (8–12),Menos competitivo,3,2,1,0,1300026.4,2,1,1.5504728696584995,1.4495271303415005,1.934893579054219,1.5504728696584995,,1.5504728696584995,2,0.0,,0.0,2.0,51.68242898861666,,,,0.0,100.0,1.5
2018,PB,PSD,Pequeno (8–12),Competitivo,2,0,0,0,0.0,0,2,,,,,,,0,0.0,,,0.0,,,,,,,
2018,PB,PSDB,Pequeno (8–12),Competitivo,8,1,1,3,3035700.0,7,1,3.621273329363039,4.378726670636961,2.209167680089797,3.621273329363039,1.2070911097876798,0.621273329363039,4,3.0,100.0,75.0,1.0,45.26591661703799,50.0,2.0,50.0,37.5,100.0,2.0
2018,PB,PSL,Pequeno (8–12),Menos competitivo,14,0,0,1,541987.9299999999,13,1,2.177493817366558,11.82250618263344,6.429409759211843,,2.177493817366558,1.177493817366558,2,1.0,100.0,50.0,0.0,15.553527266903986,14.285714285714286,7.0,85.71428571428571,7.142857142857143,,
2018,PB,PSOL,Pequeno (8–12),Menos competitivo,5,1,0,0,27878.65,5,0,4.984218845703945,0.0157811542960546,1.0031662241937185,,,4.984218845703945,5,0.0,,0.0,1.0,99.68437691407891,,,,0.0,100.0,1.0
2018,PB,PT,Pequeno (8–12),Competitivo,4,1,1,1,909826.41,4,0,2.4611712878028293,1.5388287121971709,1.625242428198053,2.4611712878028293,2.4611712878028293,1.4611712878028291,2,1.0,100.0,50.0,1.0,61.529282195070735,50.0,2.0,50.0,25.0,100.0,2.0
2018,PB,PTB,Pequeno (8–12),Menos competitivo,2,1,1,1,1620539.69,2,0,1.5195425232627475,0.4804574767372522,1.3161856080905314,1.5195425232627475,1.5195425232627475,0.5195425232627477,2,1.0,100.0,50.0,1.0,75.97712616313737,100.0,1.0,0.0,50.0,100.0,1.0
2018,PB,PTC,Pequeno (8–12),Menos competitivo,6,0,0,0,65000.0,2,4,1.55045871559633,4.44954128440367,3.869822485207101,,,1.55045871559633,2,0.0,,0.0,0.0,25.84097859327217,,,,0.0,,
2018,PB,PV,Pequeno (8–12),Menos competitivo,5,2,0,0,42700.0,2,3,1.837456791865281,3.1625432081347187,2.721152422269634,,,1.837456791865281,2,0.0,,0.0,0.0,36.74913583730562,,,,0.0,0.0,0.0
2018,PB,REDE,Pequeno (8–12),Menos competitivo,4,1,0,0,140800.0,2,2,1.011428198262914,2.988571801737086,3.954803719008264,,,1.011428198262914,1,0.0,,0.0,1.0,25.28570495657285,,,,0.0,100.0,4.0
2018,PB,SOLIDARIEDADE,Pequeno (8–12),Menos competitivo,1,0,0,0,0.0,0,1,,,,,,,0,0.0,,,0.0,,,,,,,
2018,PE,AVANTE,Médio (16–31),Menos competitivo,6,1,2,0,977000.0,3,3,1.016543219079974,4.983456780920026,5.902356031089679,0.508271609539987,,1.016543219079974,1,0.0,,0.0,1.0,16.942386984666232,,,,0.0,100.0,6.0
2018,PE,DC,Médio (16–31),Menos competitivo,15,0,0,0,57000.0,15,0,8.042079207920791,6.957920792079209,1.865189289012004,,,8.042079207920791,8,0.0,,0.0,0.0,53.61386138613861,,,,0.0,,
2018,PE,DEM,Médio (16–31),Competitivo,4,2,2,1,1690000.0,3,1,2.449275362318841,1.5507246376811592,1.633136094674556,1.2246376811594204,2.449275362318841,1.4492753623188408,2,1.0,100.0,50.0,2.0,61.23188405797102,50.0,2.0,50.0,25.0,100.0,2.0
2018,PE,MDB,Médio (16–31),Competitivo,2,1,1,1,841444.32,1,1,1.0,1.0,2.0,1.0,1.0,0.0,1,1.0,100.0,100.0,1.0,50.0,50.0,2.0,50.0,50.0,100.0,2.0
2018,PE,NOVO,Médio (16–31),Menos competitivo,9,0,0,0,38304.850000000006,9,0,2.926915276309749,6.0730847236902505,3.074909640482381,,,2.926915276309749,3,0.0,,0.0,0.0,32.5212808478861,,,,0.0,,
2018,PE,PATRI,Médio (16–31),Menos competitivo,35,2,1,1,391112.81,24,11,1.5714211163921858,33.42857888360781,22.272832937587246,1.5714211163921858,1.5714211163921858,0.5714211163921858,2,1.0,100.0,50.0,1.0,4.489774618263389,5.714285714285714,17.5,94.28571428571429,2.857142857142857,50.0,8.75
2018,PE,PC DO B,Médio (16–31),Menos competitivo,1,1,1,1,1348940.57,1,0,1.0,0.0,1.0,1.0,1.0,0.0,1,1.0,100.0,100.0,1.0,100.0,100.0,1.0,0.0,100.0,100.0,1.0
2018,PE,PCB,Médio (16–31),Menos competitivo,4,0,0,0,112611.11,4,0,2.167020269368432,1.832979730631568,1.8458526007076903,,,2.167020269368432,2,0.0,,0.0,0.0,54.1755067342108,,,,0.0,,
2018,PE,PDT,Médio (16–31),Menos competitivo,9,1,1,2,794097.96,3,6,1.387356667178817,7.612643332821183,6.487156628800767,1.387356667178817,0.6936783335894083,-0.6126433328211833,1,1.0,50.0,100.0,1.0,15.415074079764631,11.11111111111111,4.5,38.888888888888886,22.22222222222222,100.0,9.0
2018,PE,PHS,Médio (16–31),Menos competitivo,10,1,0,1,445929.67,10,0,6.033103378335058,3.966896621664942,1.657521738465499,,6.033103378335058,5.033103378335058,6,1.0,100.0,16.666666666666668,0.0,60.331033783350584,60.0,1.6666666666666667,40.0,10.0,0.0,0.0
2018,PE,PMN,Médio (16–31),Menos competitivo,11,0,0,0,170000.0,1,10,1.0,10.0,11.0,,,1.0,1,0.0,,0.0,0.0,9.090909090909092,,,,0.0,,
2018,PE,PODE,Médio (16–31),Menos competitivo,2,1,1,1,1000000.0,1,1,1.0,1.0,2.0,1.0,1.0,0.0,1,1.0,100.0,100.0,1.0,50.0,50.0,2.0,50.0,50.0,100.0,2.0
2018,PE,PP,Médio (16–31),Competitivo,8,3,2,2,7431501.15,4,4,3.9360810052949313,4.063918994705069,2.032478495548787,1.9680405026474657,1.9680405026474657,1.9360810052949315,4,2.0,100.0,50.0,3.0,49.20101256618664,50.0,2.0,50.0,25.0,100.0,2.0
2018,PE,PPL,Médio (16–31),Menos competitivo,17,0,0,0,12590.0,11,6,7.5796407386066145,9.420359261393386,2.242850365375649,,,7.5796407386066145,8,0.0,,0.0,0.0,44.586121991803616,,,,0.0,,
2018,PE,PPS,Médio (16–31),Menos competitivo,4,1,1,1,1407997.57,4,0,1.1642292302617177,2.835770769738282,3.4357495036444017,1.1642292302617177,1.1642292302617177,0.1642292302617176,1,1.0,100.0,100.0,1.0,29.10573075654294,25.0,4.0,75.0,25.0,100.0,4.0
2018,PE,PR,Médio (16–31),Competitivo,11,2,1,1,3324000.0,9,2,2.120621374696896,8.879378625303104,5.187158882415892,2.120621374696896,2.120621374696896,1.1206213746968956,2,1.0,100.0,50.0,2.0,19.27837613360815,18.181818181818183,5.5,81.81818181818181,9.090909090909092,100.0,5.5
2018,PE,PRB,Médio (16–31),Competitivo,3,2,0,2,1673075.27,2,1,1.9097643068911916,1.0902356931088086,1.570874473449317,,0.9548821534455956,-0.0902356931088086,2,2.0,100.0,100.0,2.0,63.65881022970638,66.66666666666667,1.5,33.33333333333333,66.66666666666667,100.0,1.5
2018,PE,PROS,Médio (16–31),Menos competitivo,19,1,1,0,1160800.0,1,18,1.0,18.0,19.0,1.0,,1.0,1,0.0,,0.0,1.0,5.2631578947368425,,,,0.0,100.0,19.0
2018,PE,PRP,Médio (16–31),Menos competitivo,14,1,0,0,117200.0,3,11,1.0383975711978903,12.96160242880211,13.48231196635954,,,1.0383975711978903,1,0.0,,0.0,0.0,7.417125508556359,,,,0.0,0.0,0.0
2018,PE,PRTB,Médio (16–31),Menos competitivo,3,0,0,0,24500.0,2,1,1.6896551724137931,1.3103448275862069,1.7755102040816326,,,1.6896551724137931,2,0.0,,0.0,0.0,56.32183908045977,,,,0.0,,
2018,PE,PSB,Médio (16–31),Competitivo,16,6,4,5,9588949.47,13,3,8.016864734448822,7.983135265551178,1.995792685792401,2.004216183612205,1.6033729468897644,3.0168647344488217,8,5.0,100.0,62.5,6.0,50.105404590305135,50.0,2.0,50.0,31.25,100.0,2.0
2018,PE,PSC,Médio (16–31),Menos competitivo,6,1,0,1,480000.0,1,5,1.0,5.0,6.0,,1.0,0.0,1,1.0,100.0,100.0,1.0,16.666666666666668,16.666666666666668,6.0,83.33333333333333,16.666666666666668,100.0,6.0
2018,PE,PSD,Médio (16–31),Competitivo,1,1,1,1,1076019.51,1,0,1.0,0.0,1.0,1.0,1.0,0.0,1,1.0,100.0,100.0,1.0,100.0,100.0,1.0,0.0,100.0,100.0,1.0
2018,PE,PSDB,Médio (16–31),Competitivo,4,2,2,0,1521750.0,4,0,2.256213870518051,1.7437861294819492,1.7728815748666404,1.1281069352590254,,2.256213870518051,2,0.0,,0.0,1.0,56.40534676295127,,,,0.0,50.0,1.0
2018,PE,PSL,Médio (16–31),Menos competitivo,11,2,0,1,2342000.0,11,0,1.61194273730539,9.388057262694607,6.824063749552413,,1.61194273730539,0.6119427373053901,2,1.0,100.0,50.0,1.0,14.654024884594456,18.181818181818183,5.5,81.81818181818181,9.090909090909092,50.0,2.75
2018,PE,PSOL,Médio (16–31),Menos competitivo,31,1,0,0,170750.0,31,0,11.99361604743251,19.00638395256749,2.5847083879791377,,,11.99361604743251,12,0.0,,0.0,1.0,38.68908402397584,,,,0.0,100.0,2.5833333333333335
2018,PE,PSTU,Médio (16–31),Menos competitivo,2,0,0,0,0.0,0,2,,,,,,,0,0.0,,,0.0,,,,,,,
2018,PE,PT,Médio (16–31),Competitivo,16,2,0,2,2455205.0,16,0,3.986003885872765,12.013996114127234,4.014045258888824,,1.9930019429363823,1.986003885872765,4,2.0,100.0,50.0,2.0,24.91252428670478,25.0,4.0,75.0,12.5,100.0,4.0
2018,PE,PTB,Médio (16–31),Menos competitivo,7,1,2,0,1428161.93,4,3,1.470528496429051,5.529471503570949,4.760193370613632,0.7352642482145255,,1.470528496429051,1,0.0,,0.0,1.0,21.007549948986444,,,,0.0,100.0,7.0
2018,PE,PTC,Médio (16–31),Menos competitivo,5,0,0,0,5000.0,5,0,4.999999999999999,0.0,1.0000000000000002,,,4.999999999999999,5,0.0,,0.0,0.0,99.99999999999997,,,,0.0,,
2018,PE,PV,Médio (16–31),Menos competitivo,8,1,0,0,506418.31,8,0,4.965000785715135,3.0349992142848654,1.6112786976825662,,,4.965000785715135,5,0.0,,0.0,1.0,62.062509821439185,,,,0.0,100.0,1.6
2018,PE,REDE,Médio (16–31),Menos competitivo,26,1,0,0,93000.0,15,11,2.679799719905313,23.32020028009469,9.702217597410105,,,2.679799719905313,3,0.0,,0.0,0.0,10.30692199963582,,,,0.0,0.0,0.0
2018,PE,SOLIDARIEDADE,Médio (16–31),Menos competitivo,6,1,2,1,1836400.0,6,0,2.0680925758353923,3.931907424164608,2.9012240893405554,1.034046287917696,2.0680925758353923,1.0680925758353923,2,1.0,100.0,50.0,1.0,34.46820959725654,33.333333333333336,3.0,66.66666666666666,16.666666666666668,100.0,3.0
2018,PI,AVANTE,Pequeno (8–12),Menos competitivo,2,1,0,0,180020.0,2,0,1.0573242581474278,0.9426757418525722,1.8915673073691368,,,1.0573242581474278,1,0.0,,0.0,1.0,52.86621290737139,,,,0.0,100.0,2.0
2018,PI,DC,Pequeno (8–12),Menos competitivo,8,0,0,0,30100.0,3,5,1.9162242761362915,6.083775723863709,4.174876656990541,,,1.9162242761362915,2,0.0,,0.0,0.0,23.952803451703645,,,,0.0,,
2018,PI,DEM,Pequeno (8–12),Competitivo,1,1,1,0,732152.2,1,0,1.0,0.0,1.0,1.0,,1.0,1,0.0,,0.0,1.0,100.0,,,,0.0,100.0,1.0
2018,PI,MDB,Pequeno (8–12),Competitivo,3,1,1,1,647500.0,3,0,2.124665452529892,0.8753345474701084,1.4119870007900897,2.124665452529892,2.124665452529892,1.1246654525298916,2,1.0,100.0,50.0,1.0,70.82218175099639,66.66666666666667,1.5,33.33333333333333,33.333333333333336,100.0,1.5
2018,PI,PATRI,Pequeno (8–12),Menos competitivo,1,0,0,0,5998.2,1,0,1.0,0.0,1.0,,,1.0,1,0.0,,0.0,0.0,100.0,,,,0.0,,
2018,PI,PC DO B,Pequeno (8–12),Menos competitivo,1,0,0,0,33267.5,1,0,1.0,0.0,1.0,,,1.0,1,0.0,,0.0,0.0,100.0,,,,0.0,,
2018,PI,PCB,Pequeno (8–12),Menos competitivo,1,0,0,0,30543.02,1,0,1.0,0.0,1.0,,,1.0,1,0.0,,0.0,0.0,100.0,,,,0.0,,
2018,PI,PDT,Pequeno (8–12),Menos competitivo,1,1,0,1,601500.0,1,0,1.0,0.0,1.0,,1.0,0.0,1,1.0,100.0,100.0,1.0,100.0,100.0,1.0,0.0,100.0,100.0,1.0
2018,PI,PHS,Pequeno (8–12),Menos competitivo,4,1,0,0,139000.0,4,0,1.7270939483328862,2.272906051667114,2.316029191035661,,,1.7270939483328862,2,0.0,,0.0,1.0,43.17734870832216,,,,0.0,100.0,2.0
2018,PI,PMN,Pequeno (8–12),Menos competitivo,4,0,0,0,80000.0,1,3,1.0,3.0,4.0,,,1.0,1,0.0,,0.0,0.0,25.0,,,,0.0,,
2018,PI,PODE,Pequeno (8–12),Menos competitivo,2,1,0,0,0.0,0,2,,,,,,,0,0.0,,,0.0,,,,,,0.0,
2018,PI,PP,Pequeno (8–12),Competitivo,5,3,1,2,7597280.5,5,0,3.3672213377598466,1.6327786622401534,1.4849038713108216,3.3672213377598466,1.6836106688799233,1.3672213377598466,3,2.0,100.0,66.66666666666667,3.0,67.34442675519693,60.0,1.6666666666666667,40.0,40.0,100.0,1.6666666666666665
2018,PI,PPS,Pequeno (8–12),Menos competitivo,4,0,0,0,200926.43,4,0,2.350379951559572,1.6496200484404278,1.7018525014842123,,,2.350379951559572,2,0.0,,0.0,0.0,58.7594987889893,,,,0.0,,
2018,PI,PR,Pequeno (8–12),Competitivo,1,1,1,1,1350000.0,1,0,1.0,0.0,1.0,1.0,1.0,0.0,1,1.0,100.0,100.0,1.0,100.0,100.0,1.0,0.0,100.0,100.0,1.0
2018,PI,PRB,Pequeno (8–12),Competitivo,5,1,0,0,1721043.7799999998,3,2,2.45607303502551,2.54392696497449,2.035770080407266,,,2.45607303502551,2,0.0,,0.0,1.0,49.1214607005102,,,,0.0,100.0,2.5
2018,PI,PROS,Pequeno (8–12),Menos competitivo,6,0,0,0,123500.0,1,5,1.0,5.0,6.0,,,1.0,1,0.0,,0.0,0.0,16.666666666666668,,,,0.0,,
2018,PI,PRP,Pequeno (8–12),Menos competitivo,10,0,0,0,68470.0,7,3,5.144737935167496,4.855262064832504,1.943733602375304,,,5.144737935167496,5,0.0,,0.0,0.0,51.447379351674954,,,,0.0,,
2018,PI,PRTB,Pequeno (8–12),Menos competitivo,8,1,0,0,0.0,0,8,,,,,,,0,0.0,,,0.0,,,,,,0.0,
2018,PI,PSB,Pequeno (8–12),Competitivo,4,3,2,1,1850000.0,4,0,1.7363401146567907,2.263659885343209,2.3036961285609934,0.8681700573283954,1.7363401146567907,0.7363401146567907,2,1.0,100.0,50.0,2.0,43.40850286641977,50.0,2.0,50.0,25.0,66.66666666666667,1.3333333333333333
2018,PI,PSC,Pequeno (8–12),Menos competitivo,6,0,0,0,280000.0,1,5,1.0,5.0,6.0,,,1.0,1,0.0,,0.0,0.0,16.666666666666668,,,,0.0,,
2018,PI,PSD,Pequeno (8–12),Competitivo,1,1,1,1,792013.2,1,0,1.0,0.0,1.0,1.0,1.0,0.0,1,1.0,100.0,100.0,1.0,100.0,100.0,1.0,0.0,100.0,100.0,1.0
2018,PI,PSDB,Pequeno (8–12),Competitivo,5,0,0,0,373009.77,4,1,2.383734118333347,2.616265881666653,2.0975493707728976,,,2.383734118333347,2,0.0,,0.0,0.0,47.67468236666694,,,,0.0,,
2018,PI,PSL,Pequeno (8–12),Menos competitivo,6,1,0,0,0.0,0,6,,,,,,,0,0.0,,,0.0,,,,,,0.0,
2018,PI,PSOL,Pequeno (8–12),Menos competitivo,7,0,0,0,22896.68,7,0,6.493019706459571,0.5069802935404288,1.0780808185498127,,,6.493019706459571,6,0.0,,0.0,0.0,92.75742437799387,,,,0.0,,
2018,PI,PSTU,Pequeno (8–12),Menos competitivo,1,0,0,0,0.0,0,1,,,,,,,0,0.0,,,0.0,,,,,,,
2018,PI,PT,Pequeno (8–12),Competitivo,7,4,2,2,2966500.0,7,0,4.045212551706465,2.9547874482935352,1.730440591322467,2.0226062758532324,2.0226062758532324,2.0452125517064648,4,2.0,100.0,50.0,4.0,57.788750738663786,57.142857142857146,1.75,42.857142857142854,28.571428571428573,100.0,1.75
2018,PI,PTB,Pequeno (8–12),Menos competitivo,1,1,1,0,1877821.74,1,0,1.0,0.0,1.0,1.0,,1.0,1,0.0,,0.0,1.0,100.0,,,,0.0,100.0,1.0
2018,PI,PTC,Pequeno (8–12),Menos competitivo,1,0,0,1,560000.0,1,0,1.0,0.0,1.0,,1.0,0.0,1,1.0,100.0,100.0,0.0,100.0,100.0,1.0,0.0,100.0,,
2018,PI,PV,Pequeno (8–12),Menos competitivo,9,0,0,0,165157.48,9,0,8.205625284740144,0.7943747152598561,1.0968085536073822,,,8.205625284740144,8,0.0,,0.0,0.0,91.17361427489048,,,,0.0,,
2018,PI,REDE,Pequeno (8–12),Menos competitivo,5,0,0,0,190000.0,1,4,1.0,4.0,5.0,,,1.0,1,0.0,,0.0,0.0,20.0,,,,0.0,,
2018,PI,SOLIDARIEDADE,Pequeno (8–12),Menos competitivo,3,1,0,0,630000.0,1,2,1.0,2.0,3.0,,,1.0,1,0.0,,0.0,0.0,33.333333333333336,,,,0.0,0.0,0.0
2018,PR,AVANTE,Médio (16–31),Menos competitivo,6,0,0,0,132704.86,5,1,1.597879069254446,4.4021209307455536,3.754977529557064,,,1.597879069254446,2,0.0,,0.0,0.0,26.63131782090743,,,,0.0,,
2018,PR,DC,Médio (16–31),Menos competitivo,7,0,0,0,68300.0,7,0,3.4522264240307265,3.547773575969273,2.027676965587613,,,3.4522264240307265,3,0.0,,0.0,0.0,49.317520343296096,,,,0.0,,
2018,PR,DEM,Médio (16–31),Competitivo,4,2,1,1,1640000.0,2,2,1.958066394874782,2.0419336051252177,2.042831647828673,1.958066394874782,1.958066394874782,0.958066394874782,2,1.0,100.0,50.0,2.0,48.95165987186955,50.0,2.0,50.0,25.0,100.0,2.0
2018,PR,MDB,Médio (16–31),Competitivo,18,3,3,2,3961000.0,15,3,3.400903922398064,14.599096077601937,5.292710529531143,1.1336346407993547,1.700451961199032,1.4009039223980642,3,2.0,100.0,66.66666666666667,2.0,18.893910679989247,16.666666666666668,6.0,83.33333333333333,11.11111111111111,66.66666666666667,4.0
2018,PR,NOVO,Médio (16–31),Menos competitivo,16,0,0,0,178486.56,16,0,11.11179148961576,4.88820851038424,1.4399118283449064,,,11.11179148961576,11,0.0,,0.0,0.0,69.4486968100985,,,,0.0,,
2018,PR,PATRI,Médio (16–31),Menos competitivo,4,0,0,0,109100.0,1,3,1.0,3.0,4.0,,,1.0,1,0.0,,0.0,0.0,25.0,,,,0.0,,
2018,PR,PC DO B,Médio (16–31),Menos competitivo,15,0,0,0,5000.0,1,14,1.0,14.0,15.0,,,1.0,1,0.0,,0.0,0.0,6.666666666666667,,,,0.0,,
2018,PR,PCO,Médio (16–31),Menos competitivo,1,0,0,0,1600.0,1,0,1.0,0.0,1.0,,,1.0,1,0.0,,0.0,0.0,100.0,,,,0.0,,
2018,PR,PDT,Médio (16–31),Menos competitivo,9,3,1,1,1158000.0,9,0,2.8499980871982555,6.150001912801745,3.157896856291444,2.8499980871982555,2.8499980871982555,1.8499980871982555,3,1.0,100.0,33.333333333333336,3.0,31.666645413313955,33.333333333333336,3.0,66.66666666666666,11.11111111111111,100.0,3.0
2018,PR,PHS,Médio (16–31),Menos competitivo,11,2,0,0,223208.0,8,3,2.4362579861543288,8.56374201384567,4.515121166360411,,,2.4362579861543288,2,0.0,,0.0,2.0,22.14779987413026,,,,0.0,100.0,5.5
2018,PR,PMB,Médio (16–31),Menos competitivo,2,0,0,0,0.0,0,2,,,,,,,0,0.0,,,0.0,,,,,,,
2018,PR,PMN,Médio (16–31),Menos competitivo,3,0,0,0,500000.0,1,2,1.0,2.0,3.0,,,1.0,1,0.0,,0.0,0.0,33.333333333333336,,,,0.0,,
2018,PR,PODE,Médio (16–31),Menos competitivo,9,0,1,1,631174.42,4,5,1.5102172374604046,7.489782762539596,5.959407545324065,1.5102172374604046,1.5102172374604046,0.5102172374604046,2,1.0,100.0,50.0,0.0,16.78019152733783,22.22222222222222,4.5,77.77777777777777,11.11111111111111,,
2018,PR,PP,Médio (16–31),Competitivo,10,5,4,2,8382925.83,10,0,6.245626436889376,3.754373563110624,1.6011204161900665,1.561406609222344,3.122813218444688,4.245626436889376,6,2.0,100.0,33.333333333333336,5.0,62.456264368893756,60.0,1.6666666666666667,40.0,20.0,100.0,1.6666666666666667
2018,PR,PPL,Médio (16–31),Menos competitivo,25,0,0,0,37300.0,24,1,20.39715584225187,4.60284415774813,1.225661077129858,,,20.39715584225187,20,0.0,,0.0,0.0,81.58862336900748,,,,0.0,,
2018,PR,PPS,Médio (16–31),Menos competitivo,4,1,1,1,1388808.4400000002,4,0,1.3826889075292257,2.617311092470774,2.892913928952925,1.3826889075292257,1.3826889075292257,0.3826889075292257,1,1.0,100.0,100.0,1.0,34.56722268823064,25.0,4.0,75.0,25.0,100.0,4.0
2018,PR,PR,Médio (16–31),Competitivo,3,3,3,3,6479092.19,3,0,2.967548285005992,0.032451714994008,1.0109355305718108,0.989182761668664,0.989182761668664,-0.032451714994008,3,3.0,100.0,100.0,3.0,98.9182761668664,100.0,1.0,0.0,100.0,100.0,1.0
2018,PR,PRB,Médio (16–31),Competitivo,22,2,0,2,2049117.01,22,0,4.467662016603606,17.532337983396395,4.92427581098106,,2.233831008301803,2.4676620166036063,4,2.0,100.0,50.0,2.0,20.307554620925483,18.181818181818183,5.5,81.81818181818181,9.090909090909092,100.0,5.5
2018,PR,PROS,Médio (16–31),Menos competitivo,5,2,1,2,881600.0,3,2,2.5768943899046506,2.4231056100953494,1.940320107641279,2.5768943899046506,1.2884471949523253,0.5768943899046506,3,1.0,50.0,33.333333333333336,1.0,51.53788779809302,60.0,0.8333333333333334,-10.0,40.0,50.0,0.8333333333333334
2018,PR,PRP,Médio (16–31),Menos competitivo,5,0,0,0,25000.0,2,3,1.923076923076923,3.076923076923077,2.6,,,1.923076923076923,2,0.0,,0.0,0.0,38.46153846153846,,,,0.0,,
2018,PR,PRTB,Médio (16–31),Menos competitivo,37,1,0,0,11660.0,13,24,11.416014509790749,25.58398549020925,3.2410610522847167,,,11.416014509790749,11,0.0,,0.0,0.0,30.854093269704723,,,,0.0,0.0,0.0
2018,PR,PSB,Médio (16–31),Competitivo,9,2,3,2,4400000.0,6,3,3.1842105263157894,5.815789473684211,2.8264462809917354,1.0614035087719298,1.5921052631578947,1.1842105263157894,3,2.0,100.0,66.66666666666667,2.0,35.38011695906433,33.333333333333336,3.0,66.66666666666666,22.22222222222222,100.0,3.0
2018,PR,PSC,Médio (16–31),Menos competitivo,7,2,1,1,2502652.1,7,0,2.8334396772245936,4.166560322775407,2.4704955098449912,2.8334396772245936,2.8334396772245936,1.8334396772245936,3,1.0,100.0,33.333333333333336,2.0,40.47770967463705,42.857142857142854,2.3333333333333335,57.142857142857146,14.285714285714286,100.0,2.3333333333333335
2018,PR,PSD,Médio (16–31),Competitivo,22,9,4,4,6783374.31,16,6,6.62733593591305,15.372664064086951,3.319584251159445,1.6568339839782624,1.6568339839782624,2.6273359359130497,7,3.0,75.0,42.85714285714285,6.0,30.124254254150227,31.818181818181817,2.357142857142857,43.18181818181819,18.181818181818183,66.66666666666667,2.0952380952380953
2018,PR,PSDB,Médio (16–31),Competitivo,10,2,2,0,1757100.0,7,3,3.6990112634302927,6.300988736569707,2.703425128456208,1.8495056317151464,,3.6990112634302927,4,0.0,,0.0,2.0,36.990112634302925,,,,0.0,100.0,2.5
2018,PR,PSL,Médio (16–31),Menos competitivo,29,2,1,3,175200.0,11,18,2.2336141204687414,26.76638587953126,12.983442276015932,2.2336141204687414,0.7445380401562471,-0.7663858795312586,2,0.0,0.0,0.0,1.0,7.702117656788763,6.896551724137931,0.0,-6.896551724137931,10.344827586206897,50.0,7.25
2018,PR,PSOL,Médio (16–31),Menos competitivo,29,0,0,0,78755.91000000002,29,0,28.999841183986035,0.0001588160139647,1.000005476444266,,,28.999841183986035,29,0.0,,0.0,0.0,99.99945235857254,,,,0.0,,
2018,PR,PT,Médio (16–31),Competitivo,33,5,2,3,4036742.83,30,3,4.654448634498673,28.34555136550133,7.089991230197431,2.3272243172493363,1.5514828781662242,1.6544486344986726,5,3.0,100.0,60.0,4.0,14.10438980151113,15.151515151515152,6.6000000000000005,84.84848484848484,9.090909090909092,80.0,5.28
2018,PR,PTB,Médio (16–31),Menos competitivo,1,0,1,1,2208553.67,1,0,1.0,0.0,1.0,1.0,1.0,0.0,1,1.0,100.0,100.0,0.0,100.0,100.0,1.0,0.0,100.0,,
2018,PR,PTC,Médio (16–31),Menos competitivo,7,0,0,0,11500.0,2,5,1.9665427509293685,5.033457249070632,3.559546313799621,,,1.9665427509293685,2,0.0,,0.0,0.0,28.09346787041955,,,,0.0,,
2018,PR,PV,Médio (16–31),Menos competitivo,40,5,1,1,1930231.32,25,15,2.95157512452607,37.04842487547393,13.552086026074887,2.95157512452607,2.95157512452607,1.95157512452607,3,1.0,100.0,33.333333333333336,2.0,7.378937811315176,7.5,13.333333333333334,92.5,2.5,40.0,5.333333333333333
2018,PR,REDE,Médio (16–31),Menos competitivo,11,0,0,0,9449.99,11,0,9.433770386508536,1.5662296134914635,1.1660237157914473,,,9.433770386508536,9,0.0,,0.0,0.0,85.76154896825942,,,,0.0,,
2018,PR,SOLIDARIEDADE,Médio (16–31),Menos competitivo,1,1,0,0,865000.0,1,0,1.0,0.0,1.0,,,1.0,1,0.0,,0.0,1.0,100.0,,,,0.0,100.0,1.0
2018,RJ,AVANTE,Grande (39–70),Menos competitivo,48,2,0,1,503626.39,20,28,2.4164511595828557,45.58354884041714,19.863840330332227,,2.4164511595828557,1.4164511595828553,2,1.0,100.0,50.0,0.0,5.034273249130949,4.166666666666667,24.0,95.83333333333333,2.0833333333333335,0.0,0.0
2018,RJ,DC,Grande (39–70),Menos competitivo,44,2,0,1,117500.0,24,20,10.243925060285664,33.75607493971434,4.295228610230873,,10.243925060285664,9.243925060285664,10,0.0,0.0,0.0,0.0,23.281647864285603,22.727272727272727,0.0,-22.727272727272727,2.272727272727273,0.0,0.0
2018,RJ,DEM,Grande (39–70),Competitivo,22,8,7,4,8281600.0,16,6,8.08930727327895,13.91069272672105,2.7196395509256552,1.1556153247541356,2.0223268183197374,4.0893072732789495,8,3.0,75.0,37.5,7.0,36.76957851490432,36.36363636363637,2.0625,38.63636363636363,18.181818181818183,87.5,2.40625
2018,RJ,MDB,Grande (39–70),Competitivo,18,7,3,3,11706973.739999998,18,0,8.598708711873206,9.401291288126794,2.0933375699941283,2.866236237291069,2.866236237291069,5.598708711873206,9,2.0,66.66666666666667,22.22222222222222,5.0,47.77060395485115,50.0,1.3333333333333333,16.66666666666667,16.666666666666668,71.42857142857143,1.4285714285714286
2018,RJ,NOVO,Grande (39–70),Menos competitivo,19,0,0,1,73065.71,18,1,11.051439983087064,7.948560016912937,1.7192329713663812,,11.051439983087064,10.051439983087064,11,1.0,100.0,9.090909090909092,0.0,58.165473595195074,57.89473684210526,1.7272727272727273,42.10526315789474,5.2631578947368425,,
2018,RJ,PATRI,Grande (39–70),Menos competitivo,31,1,2,0,753278.0,8,23,2.1734523745312666,28.82654762546873,14.263022444504012,1.0867261872656333,,2.1734523745312666,2,0.0,,0.0,1.0,7.011136692036343,,,,0.0,100.0,15.5
2018,RJ,PC DO B,Grande (39–70),Menos competitivo,9,1,1,1,1384935.0,9,0,1.1015322249192256,7.898467775080775,8.170437320306233,1.1015322249192256,1.1015322249192256,0.1015322249192256,1,1.0,100.0,100.0,1.0,12.239246943546952,11.11111111111111,9.0,88.88888888888889,11.11111111111111,100.0,9.0
2018,RJ,PCB,Grande (39–70),Menos competitivo,1,0,0,0,117035.75,1,0,1.0,0.0,1.0,,,1.0,1,0.0,,0.0,0.0,100.0,,,,0.0,,
2018,RJ,PDT,Grande (39–70),Menos competitivo,49,5,1,2,1169954.31,27,22,4.638521236342301,44.3614787636577,10.563711472546556,4.638521236342301,2.3192606181711506,2.638521236342301,5,2.0,100.0,40.0,3.0,9.466369870086329,10.204081632653061,9.799999999999999,89.79591836734694,4.081632653061225,60.0,5.88
2018,RJ,PHS,Grande (39–70),Menos competitivo,63,2,0,1,228500.0,58,5,2.261399304501338,60.73860069549866,27.85885706898285,,2.261399304501338,1.261399304501338,2,0.0,0.0,0.0,0.0,3.589522705557679,3.1746031746031744,0.0,-3.1746031746031744,1.5873015873015872,0.0,0.0
2018,RJ,PMB,Grande (39–70),Menos competitivo,37,0,0,0,481569.96,19,18,1.3438322581271305,35.65616774187287,27.53319826655009,,,1.3438322581271305,1,0.0,,0.0,0.0,3.6319790760192716,,,,0.0,,
2018,RJ,PMN,Grande (39–70),Menos competitivo,19,1,0,0,679609.8,12,7,1.091985127166723,17.908014872833277,17.399504377223174,,,1.091985127166723,1,0.0,,0.0,1.0,5.747290142982752,,,,0.0,100.0,19.0
2018,RJ,PODE,Grande (39–70),Menos competitivo,38,1,1,0,1338449.3999999997,31,7,2.03891166627524,35.96108833372476,18.63739397274617,2.03891166627524,,2.03891166627524,2,0.0,,0.0,1.0,5.365557016513789,,,,0.0,100.0,19.0
2018,RJ,PP,Grande (39–70),Competitivo,13,3,2,2,6880119.03,12,1,4.171136596573705,8.828863403426295,3.1166565033325893,2.0855682982868524,2.0855682982868524,2.171136596573705,4,2.0,100.0,50.0,3.0,32.085666127490036,30.76923076923077,3.25,69.23076923076923,15.384615384615385,100.0,3.25
2018,RJ,PPL,Grande (39–70),Menos competitivo,40,0,0,0,32778.020000000004,22,18,9.928007399558112,30.071992600441888,4.029005860912268,,,9.928007399558112,10,0.0,,0.0,0.0,24.82001849889528,,,,0.0,,
2018,RJ,PPS,Grande (39–70),Menos competitivo,14,1,0,1,1049841.16,14,0,5.920870905618585,8.079129094381415,2.364517015007836,,5.920870905618585,4.920870905618585,6,1.0,100.0,16.666666666666668,1.0,42.29193504013275,42.857142857142854,2.3333333333333335,57.142857142857146,7.142857142857143,100.0,2.3333333333333335
2018,RJ,PR,Grande (39–70),Competitivo,26,5,6,2,11937126.9,25,1,7.095256148777982,18.90474385122202,3.6644202062356817,1.182542691462997,3.547628074388991,5.095256148777982,7,2.0,100.0,28.571428571428573,5.0,27.28944672606916,26.923076923076923,3.7142857142857144,73.07692307692308,7.6923076923076925,100.0,3.714285714285714
2018,RJ,PRB,Grande (39–70),Competitivo,59,3,1,2,6452805.77,50,9,7.923859361084176,51.076140638915824,7.445866630314268,7.923859361084176,3.961929680542088,5.923859361084176,8,2.0,100.0,25.0,3.0,13.430270103532502,13.559322033898304,7.375,86.4406779661017,3.389830508474576,100.0,7.374999999999999
2018,RJ,PROS,Grande (39–70),Menos competitivo,11,2,2,1,3113022.5,3,8,2.1306370520676072,8.869362947932393,5.162775137757699,1.0653185260338036,2.1306370520676072,1.1306370520676072,2,1.0,100.0,50.0,2.0,19.369427746069157,18.181818181818183,5.5,81.81818181818181,9.090909090909092,100.0,5.5
2018,RJ,PRP,Grande (39–70),Menos competitivo,57,1,0,1,494013.5,32,25,1.6089317884001273,55.39106821159987,35.42723216170591,,1.6089317884001273,0.6089317884001273,2,0.0,0.0,0.0,0.0,2.8226873480703984,3.508771929824561,0.0,-3.508771929824561,1.7543859649122806,0.0,0.0
2018,RJ,PRTB,Grande (39–70),Menos competitivo,52,1,0,0,167788.40000000002,39,13,4.891752436308803,47.1082475636912,10.630137292728152,,,4.891752436308803,5,0.0,,0.0,1.0,9.407216223670774,,,,0.0,100.0,10.399999999999999
2018,RJ,PSB,Grande (39–70),Competitivo,15,2,1,1,2064626.36,8,7,2.2482055763333606,12.75179442366664,6.671987721186856,2.2482055763333606,2.2482055763333606,1.2482055763333606,2,1.0,100.0,50.0,2.0,14.988037175555737,13.333333333333334,7.5,86.66666666666667,6.666666666666667,100.0,7.5
2018,RJ,PSC,Grande (39–70),Menos competitivo,54,1,0,1,962945.4200000002,49,5,4.079172653888584,49.920827346111416,13.237978526974828,,4.079172653888584,3.079172653888584,4,0.0,0.0,0.0,1.0,7.554023433127007,7.407407407407407,0.0,-7.407407407407407,1.8518518518518519,100.0,13.5
2018,RJ,PSD,Grande (39–70),Competitivo,56,7,5,3,6822756.2,17,39,8.655664987166382,47.34433501283362,6.469751322749935,1.7311329974332763,2.885221662388794,5.655664987166382,9,3.0,100.0,33.333333333333336,5.0,15.456544619939967,16.071428571428573,6.222222222222222,83.92857142857143,5.357142857142857,71.42857142857143,4.444444444444445
2018,RJ,PSDB,Grande (39–70),Competitivo,21,2,1,0,1778544.1399999997,20,1,2.9399068387520764,18.060093161247924,7.143083489310166,2.9399068387520764,,2.9399068387520764,3,0.0,,0.0,2.0,13.999556375009888,,,,0.0,100.0,7.0
2018,RJ,PSL,Grande (39–70),Menos competitivo,63,1,1,12,397512.83,43,20,7.395575205900418,55.60442479409958,8.518607173345577,7.395575205900418,0.6162979338250348,-4.6044247940995815,7,4.0,33.333333333333336,57.142857142857146,0.0,11.739008263333996,11.11111111111111,3.0,22.222222222222225,19.047619047619047,0.0,0.0
2018,RJ,PSOL,Grande (39–70),Menos competitivo,44,6,3,4,1608770.47,38,6,7.805872134564798,36.1941278654352,5.636782058620428,2.601957378188266,1.9514680336412,3.8058721345647983,8,4.0,100.0,50.0,5.0,17.740618487647268,18.181818181818183,5.5,81.81818181818181,9.090909090909092,83.33333333333333,4.583333333333334
2018,RJ,PT,Grande (39–70),Competitivo,24,4,3,1,5951712.0,23,1,7.932708694059975,16.067291305940024,3.025448295860308,2.6442362313533248,7.932708694059975,6.932708694059975,8,1.0,100.0,12.5,4.0,33.05295289191656,33.333333333333336,3.0,66.66666666666666,4.166666666666667,100.0,3.0
2018,RJ,PTB,Grande (39–70),Menos competitivo,14,2,2,0,5803485.48,14,0,4.084009562440277,9.915990437559724,3.4280037267186816,2.0420047812201383,,4.084009562440277,4,0.0,,0.0,2.0,29.171496874573403,,,,0.0,100.0,3.5
2018,RJ,PTC,Grande (39–70),Menos competitivo,29,1,0,0,176430.0,11,18,1.403700167695649,27.59629983230435,20.659682649755005,,,1.403700167695649,1,0.0,,0.0,0.0,4.840345405847065,,,,0.0,0.0,0.0
2018,RJ,PV,Grande (39–70),Menos competitivo,14,0,0,0,408813.65,13,1,4.196409703049323,9.803590296950675,3.336185213237614,,,4.196409703049323,4,0.0,,0.0,0.0,29.974355021780877,,,,0.0,,
2018,RJ,REDE,Grande (39–70),Menos competitivo,13,0,1,0,192400.0,5,8,1.535884278099006,11.464115721900994,8.46417935607125,1.535884278099006,,1.535884278099006,2,0.0,,0.0,0.0,11.81449444691543,,,,0.0,,
2018,RJ,SOLIDARIEDADE,Grande (39–70),Menos competitivo,29,4,1,1,1733747.24,18,11,1.5860568936258064,27.413943106374195,18.284337791757604,1.5860568936258064,1.5860568936258064,0.5860568936258064,2,1.0,100.0,50.0,2.0,5.469161702157954,6.896551724137931,14.5,93.10344827586206,3.4482758620689653,50.0,7.25
2018,RN,AVANTE,Pequeno (8–12),Menos competitivo,2,0,0,0,350000.0,1,1,1.0,1.0,2.0,,,1.0,1,0.0,,0.0,0.0,50.0,,,,0.0,,
2018,RN,DC,Pequeno (8–12),Menos competitivo,1,0,0,0,3500.0,1,0,1.0,0.0,1.0,,,1.0,1,0.0,,0.0,0.0,100.0,,,,0.0,,
2018,RN,DEM,Pequeno (8–12),Competitivo,1,0,1,0,1314795.05,1,0,1.0,0.0,1.0,1.0,,1.0,1,0.0,,0.0,0.0,100.0,,,,0.0,,
2018,RN,MDB,Pequeno (8–12),Competitivo,4,1,1,1,2258062.5,4,0,1.8908809100449355,2.1091190899550645,2.115416142154052,1.8908809100449355,1.8908809100449355,0.8908809100449355,2,1.0,100.0,50.0,1.0,47.27202275112339,50.0,2.0,50.0,25.0,100.0,2.0
2018,RN,NOVO,Pequeno (8–12),Menos competitivo,5,0,0,0,20495.8,5,0,4.590233632899758,0.409766367100242,1.089269174484564,,,4.590233632899758,5,0.0,,0.0,0.0,91.80467265799516,,,,0.0,,
2018,RN,PATRI,Pequeno (8–12),Menos competitivo,11,0,0,0,0.0,0,11,,,,,,,0,0.0,,,0.0,,,,,,,
2018,RN,PC DO B,Pequeno (8–12),Menos competitivo,6,0,0,0,29460.0,6,0,1.9806334484453312,4.019366551554668,3.0293338753365044,,,1.9806334484453312,2,0.0,,0.0,0.0,33.01055747408885,,,,0.0,,
2018,RN,PCO,Pequeno (8–12),Menos competitivo,1,0,0,0,600.0,1,0,1.0,0.0,1.0,,,1.0,1,0.0,,0.0,0.0,100.0,,,,0.0,,
2018,RN,PDT,Pequeno (8–12),Menos competitivo,4,0,0,0,420000.0,3,1,2.989830508474576,1.0101694915254238,1.3378684807256236,,,2.989830508474576,3,0.0,,0.0,0.0,74.7457627118644,,,,0.0,,
2018,RN,PHS,Pequeno (8–12),Menos competitivo,4,0,1,0,48350.0,4,0,3.994075662376826,0.0059243376231741,1.0014832812705527,3.994075662376826,,3.994075662376826,4,0.0,,0.0,0.0,99.85189155942065,,,,0.0,,
2018,RN,PMB,Pequeno (8–12),Menos competitivo,2,0,0,0,0.0,0,2,,,,,,,0,0.0,,,0.0,,,,,,,
2018,RN,PMN,Pequeno (8–12),Menos competitivo,1,0,0,0,250000.0,1,0,1.0,0.0,1.0,,,1.0,1,0.0,,0.0,0.0,100.0,,,,0.0,,
2018,RN,PODE,Pequeno (8–12),Menos competitivo,3,0,1,0,300000.0,2,1,1.4705882352941173,1.5294117647058827,2.0400000000000005,1.4705882352941173,,1.4705882352941173,1,0.0,,0.0,0.0,49.019607843137244,,,,0.0,,
2018,RN,PP,Pequeno (8–12),Competitivo,3,0,1,1,1867000.0,3,0,1.8692905016251284,1.1307094983748716,1.604886986475271,1.8692905016251284,1.8692905016251284,0.8692905016251284,2,1.0,100.0,50.0,0.0,62.309683387504286,66.66666666666667,1.5,33.33333333333333,33.333333333333336,,
2018,RN,PPL,Pequeno (8–12),Menos competitivo,4,0,0,0,0.0,0,4,,,,,,,0,0.0,,,0.0,,,,,,,
2018,RN,PPS,Pequeno (8–12),Menos competitivo,1,0,0,0,100751.05,1,0,1.0,0.0,1.0,,,1.0,1,0.0,,0.0,0.0,100.0,,,,0.0,,
2018,RN,PR,Pequeno (8–12),Competitivo,1,1,0,1,2240000.0,1,0,1.0,0.0,1.0,,1.0,0.0,1,1.0,100.0,100.0,1.0,100.0,100.0,1.0,0.0,100.0,100.0,1.0
2018,RN,PRB,Pequeno (8–12),Competitivo,2,1,0,0,1185615.64,2,0,1.968169964584057,0.031830035415943,1.0161724017684977,,,1.968169964584057,2,0.0,,0.0,1.0,98.40849822920285,,,,0.0,100.0,1.0
2018,RN,PROS,Pequeno (8–12),Menos competitivo,1,0,0,0,1405000.0,1,0,1.0,0.0,1.0,,,1.0,1,0.0,,0.0,0.0,100.0,,,,0.0,,
2018,RN,PRP,Pequeno (8–12),Menos competitivo,2,0,0,0,0.0,0,2,,,,,,,0,0.0,,,0.0,,,,,,,
2018,RN,PRTB,Pequeno (8–12),Menos competitivo,11,0,0,0,9613.55,4,7,3.999976160910213,7.000023839089788,2.7500163894719063,,,3.999976160910213,4,0.0,,0.0,0.0,36.3634196446383,,,,0.0,,
2018,RN,PSB,Pequeno (8–12),Competitivo,1,0,1,1,1510000.0,1,0,1.0,0.0,1.0,1.0,1.0,0.0,1,1.0,100.0,100.0,0.0,100.0,100.0,1.0,0.0,100.0,,
2018,RN,PSC,Pequeno (8–12),Menos competitivo,2,1,0,0,750000.0,2,0,1.3676148796498908,0.6323851203501092,1.4623999999999997,,,1.3676148796498908,1,0.0,,0.0,1.0,68.38074398249454,,,,0.0,100.0,2.0
2018,RN,PSD,Pequeno (8–12),Competitivo,2,1,1,1,1275000.0,2,0,1.440103647598166,0.5598963524018339,1.3887889273356402,1.440103647598166,1.440103647598166,0.4401036475981661,1,1.0,100.0,100.0,1.0,72.00518237990829,50.0,2.0,50.0,50.0,100.0,2.0
2018,RN,PSDB,Pequeno (8–12),Competitivo,1,1,1,0,200100.0,1,0,1.0,0.0,1.0,1.0,,1.0,1,0.0,,0.0,1.0,100.0,,,,0.0,100.0,1.0
2018,RN,PSL,Pequeno (8–12),Menos competitivo,1,0,0,1,4000.0,1,0,1.0,0.0,1.0,,1.0,0.0,1,1.0,100.0,100.0,0.0,100.0,100.0,1.0,0.0,100.0,,
2018,RN,PSOL,Pequeno (8–12),Menos competitivo,11,0,0,0,44835.4,11,0,10.991911685472315,0.0080883145276846,1.000735842386577,,,10.991911685472315,11,0.0,,0.0,0.0,99.92646986793012,,,,0.0,,
2018,RN,PSTU,Pequeno (8–12),Menos competitivo,1,0,0,0,0.0,0,1,,,,,,,0,0.0,,,0.0,,,,,,,
2018,RN,PT,Pequeno (8–12),Competitivo,6,2,0,1,947886.2,6,0,2.705627634597612,3.294372365402388,2.2176000582180397,,2.705627634597612,1.705627634597612,3,1.0,100.0,33.333333333333336,1.0,45.0937939099602,50.0,2.0,50.0,16.666666666666668,50.0,1.0
2018,RN,PTB,Pequeno (8–12),Menos competitivo,1,1,0,0,0.0,0,1,,,,,,,0,0.0,,,0.0,,,,,,0.0,
2018,RN,PTC,Pequeno (8–12),Menos competitivo,2,0,0,1,855000.0,2,0,1.110769230769231,0.889230769230769,1.8005540166204983,,1.110769230769231,0.1107692307692309,1,1.0,100.0,100.0,0.0,55.53846153846155,50.0,2.0,50.0,50.0,,
2018,RN,PV,Pequeno (8–12),Menos competitivo,1,0,0,0,336831.73,1,0,1.0,0.0,1.0,,,1.0,1,0.0,,0.0,0.0,100.0,,,,0.0,,
2018,RN,REDE,Pequeno (8–12),Menos competitivo,3,0,0,0,800.0,1,2,1.0,2.0,3.0,,,1.0,1,0.0,,0.0,0.0,33.333333333333336,,,,0.0,,
2018,RN,SOLIDARIEDADE,Pequeno (8–12),Menos competitivo,11,1,0,0,119892.04,11,0,7.3473113839238176,3.6526886160761824,1.4971462927334749,,,7.3473113839238176,7,0.0,,0.0,0.0,66.7937398538529,,,,0.0,0.0,0.0
2018,RO,DEM,Pequeno (8–12),Competitivo,7,0,1,0,452790.0,5,2,2.96465485761948,4.035345142380519,2.3611517482412,2.96465485761948,,2.96465485761948,3,0.0,,0.0,0.0,42.35221225170686,,,,0.0,,
2018,RO,MDB,Pequeno (8–12),Competitivo,7,2,2,1,4020000.0,4,3,2.1104291273800504,4.88957087261995,3.3168609687879016,1.0552145636900252,2.1104291273800504,1.1104291273800504,2,1.0,100.0,50.0,2.0,30.14898753400072,28.571428571428573,3.5,71.42857142857143,14.285714285714286,100.0,3.5
2018,RO,NOVO,Pequeno (8–12),Menos competitivo,3,0,0,0,3297.48,3,0,3.0,0.0,1.0,,,3.0,3,0.0,,0.0,0.0,100.0,,,,0.0,,
2018,RO,PATRI,Pequeno (8–12),Menos competitivo,3,0,0,0,0.0,0,3,,,,,,,0,0.0,,,0.0,,,,,,,
2018,RO,PC DO B,Pequeno (8–12),Menos competitivo,2,0,0,0,15000.0,1,1,1.0,1.0,2.0,,,1.0,1,0.0,,0.0,0.0,50.0,,,,0.0,,
2018,RO,PDT,Pequeno (8–12),Menos competitivo,3,0,0,1,124000.0,3,0,1.139976275207592,1.860023724792408,2.6316337148803326,,1.139976275207592,0.1399762752075921,1,1.0,100.0,100.0,0.0,37.9992091735864,33.333333333333336,3.0,66.66666666666666,33.333333333333336,,
2018,RO,PHS,Pequeno (8–12),Menos competitivo,4,0,0,0,14311.0,4,0,2.584954678698613,1.415045321301387,1.5474159113744257,,,2.584954678698613,3,0.0,,0.0,0.0,64.62386696746533,,,,0.0,,
2018,RO,PMB,Pequeno (8–12),Menos competitivo,1,0,0,0,0.0,0,1,,,,,,,0,0.0,,,0.0,,,,,,,
2018,RO,PMN,Pequeno (8–12),Menos competitivo,4,0,0,0,210000.0,3,1,2.194029850746269,1.805970149253731,1.82312925170068,,,2.194029850746269,2,0.0,,0.0,0.0,54.85074626865673,,,,0.0,,
2018,RO,PODE,Pequeno (8–12),Menos competitivo,1,0,0,1,623000.0,1,0,1.0,0.0,1.0,,1.0,0.0,1,1.0,100.0,100.0,0.0,100.0,100.0,1.0,0.0,100.0,,
2018,RO,PP,Pequeno (8–12),Competitivo,4,0,0,1,2410000.0,2,2,1.27872569956628,2.72127430043372,3.128114185361822,,1.27872569956628,0.2787256995662801,1,1.0,100.0,100.0,0.0,31.968142489156996,25.0,4.0,75.0,25.0,,
2018,RO,PPS,Pequeno (8–12),Menos competitivo,2,0,0,0,121016.01,2,0,1.0860351988493182,0.9139648011506818,1.8415609384659453,,,1.0860351988493182,1,0.0,,0.0,0.0,54.30175994246591,,,,0.0,,
2018,RO,PR,Pequeno (8–12),Competitivo,2,1,1,0,2400000.0,2,0,1.1803278688524592,0.8196721311475408,1.6944444444444442,1.1803278688524592,,1.1803278688524592,1,0.0,,0.0,1.0,59.01639344262296,,,,0.0,100.0,2.0
2018,RO,PRB,Pequeno (8–12),Competitivo,1,1,1,0,965994.69,1,0,1.0,0.0,1.0,1.0,,1.0,1,0.0,,0.0,1.0,100.0,,,,0.0,100.0,1.0
2018,RO,PROS,Pequeno (8–12),Menos competitivo,4,1,0,0,833580.0,1,3,1.0,3.0,4.0,,,1.0,1,0.0,,0.0,1.0,25.0,,,,0.0,100.0,4.0
2018,RO,PRP,Pequeno (8–12),Menos competitivo,3,0,0,0,36700.0,3,0,1.7608937232804716,1.2391062767195284,1.7036803302422618,,,1.7608937232804716,2,0.0,,0.0,0.0,58.69645744268238,,,,0.0,,
2018,RO,PRTB,Pequeno (8–12),Menos competitivo,2,0,0,0,0.0,0,2,,,,,,,0,0.0,,,0.0,,,,,,,
2018,RO,PSB,Pequeno (8–12),Competitivo,1,1,0,1,500000.0,1,0,1.0,0.0,1.0,,1.0,0.0,1,1.0,100.0,100.0,1.0,100.0,100.0,1.0,0.0,100.0,100.0,1.0
2018,RO,PSC,Pequeno (8–12),Menos competitivo,1,1,0,0,467000.0,1,0,1.0,0.0,1.0,,,1.0,1,0.0,,0.0,1.0,100.0,,,,0.0,100.0,1.0
2018,RO,PSD,Pequeno (8–12),Competitivo,2,1,1,1,718973.05,2,0,1.31489673700472,0.68510326299528,1.5210319895963214,1.31489673700472,1.31489673700472,0.31489673700472,1,1.0,100.0,100.0,1.0,65.744836850236,50.0,2.0,50.0,50.0,100.0,2.0
2018,RO,PSDB,Pequeno (8–12),Competitivo,2,1,1,1,2300000.0,1,1,1.0,1.0,2.0,1.0,1.0,0.0,1,1.0,100.0,100.0,1.0,50.0,50.0,2.0,50.0,50.0,100.0,2.0
2018,RO,PSL,Pequeno (8–12),Menos competitivo,11,0,0,1,0.0,0,11,,,,,,,0,0.0,0.0,,0.0,,0.0,,0.0,,,
2018,RO,PSOL,Pequeno (8–12),Menos competitivo,3,0,0,0,21775.16,3,0,1.4636467139571705,1.5363532860428295,2.0496749464145534,,,1.4636467139571705,1,0.0,,0.0,0.0,48.788223798572346,,,,0.0,,
2018,RO,PSTU,Pequeno (8–12),Menos competitivo,1,0,0,0,0.0,0,1,,,,,,,0,0.0,,,0.0,,,,,,,
2018,RO,PT,Pequeno (8–12),Competitivo,4,0,0,0,98000.0,3,1,1.8927867560110367,2.107213243988963,2.113286130778842,,,1.8927867560110367,2,0.0,,0.0,0.0,47.31966890027592,,,,0.0,,
2018,RO,PTB,Pequeno (8–12),Menos competitivo,1,0,1,0,1644951.0,1,0,1.0,0.0,1.0,1.0,,1.0,1,0.0,,0.0,0.0,100.0,,,,0.0,,
2018,RO,PTC,Pequeno (8–12),Menos competitivo,1,0,0,0,270000.0,1,0,1.0,0.0,1.0,,,1.0,1,0.0,,0.0,0.0,100.0,,,,0.0,,
2018,RO,PV,Pequeno (8–12),Menos competitivo,5,1,0,0,206010.12,5,0,2.572942371631164,2.427057628368836,1.943300423332124,,,2.572942371631164,3,0.0,,0.0,0.0,51.45884743262328,,,,0.0,0.0,0.0
2018,RO,REDE,Pequeno (8–12),Menos competitivo,6,0,0,0,0.0,0,6,,,,,,,0,0.0,,,0.0,,,,,,,
2018,RO,SOLIDARIEDADE,Pequeno (8–12),Menos competitivo,1,1,0,0,660000.0,1,0,1.0,0.0,1.0,,,1.0,1,0.0,,0.0,1.0,100.0,,,,0.0,100.0,1.0
2018,RR,AVANTE,Pequeno (8–12),Menos competitivo,6,0,0,0,20000.0,1,5,1.0,5.0,6.0,,,1.0,1,0.0,,0.0,0.0,16.666666666666668,,,,0.0,,
2018,RR,DC,Pequeno (8–12),Menos competitivo,3,0,0,0,110228.56,3,0,1.7991655203698331,1.2008344796301669,1.6674396913649865,,,1.7991655203698331,2,0.0,,0.0,0.0,59.97218401232777,,,,0.0,,
2018,RR,DEM,Pequeno (8–12),Competitivo,5,0,1,0,280000.0,2,3,1.2365930599369086,3.763406940063091,4.043367346938775,1.2365930599369086,,1.2365930599369086,1,0.0,,0.0,0.0,24.731861198738173,,,,0.0,,
2018,RR,MDB,Pequeno (8–12),Competitivo,3,2,1,0,2912160.0,3,0,1.375676355515682,1.624323644484318,2.180745484191613,1.375676355515682,,1.375676355515682,1,0.0,,0.0,1.0,45.8558785171894,,,,0.0,50.0,1.5
2018,RR,PATRI,Pequeno (8–12),Menos competitivo,9,1,0,0,218029.0,8,1,3.116253291582701,5.8837467084172985,2.8880835920205405,,,3.116253291582701,3,0.0,,0.0,1.0,34.625036573141124,,,,0.0,100.0,3.0
2018,RR,PC DO B,Pequeno (8–12),Menos competitivo,4,1,0,0,25000.0,1,3,1.0,3.0,4.0,,,1.0,1,0.0,,0.0,1.0,25.0,,,,0.0,100.0,4.0
2018,RR,PCB,Pequeno (8–12),Menos competitivo,1,0,0,0,97296.76,1,0,1.0,0.0,1.0,,,1.0,1,0.0,,0.0,0.0,100.0,,,,0.0,,
2018,RR,PDT,Pequeno (8–12),Menos competitivo,3,0,0,0,20000.0,2,1,2.0,1.0,1.5,,,2.0,2,0.0,,0.0,0.0,66.66666666666667,,,,0.0,,
2018,RR,PHS,Pequeno (8–12),Menos competitivo,7,1,1,0,339592.06999999995,7,0,1.3817776916774414,5.618222308322559,5.06593791617969,1.3817776916774414,,1.3817776916774414,1,0.0,,0.0,1.0,19.739681309677735,,,,0.0,100.0,7.0
2018,RR,PMB,Pequeno (8–12),Menos competitivo,2,1,0,0,21120.0,2,0,1.0544343247904626,0.9455656752095374,1.89675160697888,,,1.0544343247904626,1,0.0,,0.0,1.0,52.72171623952313,,,,0.0,100.0,2.0
2018,RR,PODE,Pequeno (8–12),Menos competitivo,6,0,0,0,26487.86,6,0,5.033797201757972,0.966202798242028,1.1919431315001323,,,5.033797201757972,5,0.0,,0.0,0.0,83.89662002929954,,,,0.0,,
2018,RR,PP,Pequeno (8–12),Competitivo,3,2,1,1,1737097.2,3,0,1.0125314097909248,1.9874685902090752,2.9628710487306886,1.0125314097909248,1.0125314097909248,0.0125314097909248,1,1.0,100.0,100.0,1.0,33.751046993030826,33.333333333333336,3.0,66.66666666666666,33.333333333333336,50.0,1.5
2018,RR,PPL,Pequeno (8–12),Menos competitivo,1,0,0,0,1198.5,1,0,1.0,0.0,1.0,,,1.0,1,0.0,,0.0,0.0,100.0,,,,0.0,,
2018,RR,PPS,Pequeno (8–12),Menos competitivo,4,0,0,0,147916.72,4,0,2.6172041159798067,1.3827958840201933,1.5283485057880226,,,2.6172041159798067,3,0.0,,0.0,0.0,65.43010289949517,,,,0.0,,
2018,RR,PR,Pequeno (8–12),Competitivo,6,1,2,1,3670000.0,6,0,3.0586805949812645,2.9413194050187355,1.961630125696976,1.5293402974906325,3.0586805949812645,2.0586805949812645,3,1.0,100.0,33.333333333333336,1.0,50.97800991635441,50.0,2.0,50.0,16.666666666666668,100.0,2.0
2018,RR,PRB,Pequeno (8–12),Competitivo,2,1,1,1,970040.0,2,0,1.095938299891238,0.904061700108762,1.8249202534471891,1.095938299891238,1.095938299891238,0.0959382998912381,1,1.0,100.0,100.0,1.0,54.796914994561895,50.0,2.0,50.0,50.0,100.0,2.0
2018,RR,PROS,Pequeno (8–12),Menos competitivo,6,0,0,0,20000.0,1,5,1.0,5.0,6.0,,,1.0,1,0.0,,0.0,0.0,16.666666666666668,,,,0.0,,
2018,RR,PRP,Pequeno (8–12),Menos competitivo,4,0,0,0,19309.98,4,0,3.578584104827955,0.421415895172045,1.117760511651383,,,3.578584104827955,4,0.0,,0.0,0.0,89.46460262069887,,,,0.0,,
2018,RR,PRTB,Pequeno (8–12),Menos competitivo,4,1,0,0,7620.0,4,0,3.23464135303162,0.7653586469683806,1.2366131398929463,,,3.23464135303162,3,0.0,,0.0,0.0,80.8660338257905,,,,0.0,0.0,0.0
2018,RR,PSB,Pequeno (8–12),Competitivo,5,1,0,0,91468.57,5,0,2.087280553166364,2.912719446833636,2.395461401877719,,,2.087280553166364,2,0.0,,0.0,1.0,41.74561106332728,,,,0.0,100.0,2.5
2018,RR,PSC,Pequeno (8–12),Menos competitivo,2,1,0,0,700960.0,2,0,1.1546698602057597,0.8453301397942405,1.732096826051738,,,1.1546698602057597,1,0.0,,0.0,1.0,57.73349301028799,,,,0.0,100.0,2.0
2018,RR,PSD,Pequeno (8–12),Competitivo,4,0,0,1,140870.0,3,1,1.3074893274413386,2.6925106725586616,3.05929839429566,,1.3074893274413386,0.3074893274413386,1,0.0,0.0,0.0,0.0,32.68723318603347,25.0,0.0,-25.0,25.0,,
2018,RR,PSDB,Pequeno (8–12),Competitivo,5,2,1,1,2550000.0,4,1,1.2106458639757218,3.7893541360242784,4.130026912725875,1.2106458639757218,1.2106458639757218,0.2106458639757218,1,1.0,100.0,100.0,1.0,24.212917279514436,20.0,5.0,80.0,20.0,50.0,2.5
2018,RR,PSL,Pequeno (8–12),Menos competitivo,9,0,0,1,110000.0,5,4,4.481481481481482,4.518518518518518,2.008264462809917,,4.481481481481482,3.481481481481482,4,1.0,100.0,25.0,0.0,49.79423868312758,44.44444444444444,2.25,55.55555555555556,11.11111111111111,,
2018,RR,PSOL,Pequeno (8–12),Menos competitivo,4,0,0,0,36419.81,4,0,3.7911242050831735,0.2088757949168265,1.0550960041448296,,,3.7911242050831735,4,0.0,,0.0,0.0,94.77810512707934,,,,0.0,,
2018,RR,PSTU,Pequeno (8–12),Menos competitivo,1,0,0,0,888.8899999999999,1,0,1.0,0.0,1.0,,,1.0,1,0.0,,0.0,0.0,100.0,,,,0.0,,
2018,RR,PT,Pequeno (8–12),Competitivo,2,0,0,0,389900.41,2,0,1.1115584850968787,0.8884415149031213,1.799275545834809,,,1.1115584850968787,1,0.0,,0.0,0.0,55.577924254843936,,,,0.0,,
2018,RR,PTB,Pequeno (8–12),Menos competitivo,4,1,0,0,107200.0,4,0,1.0314251582566771,2.968574841743323,3.878129176876809,,,1.0314251582566771,1,0.0,,0.0,0.0,25.78562895641693,,,,0.0,0.0,0.0
2018,RR,PTC,Pequeno (8–12),Menos competitivo,2,0,0,0,303840.0,2,0,1.0127180866255363,0.9872819133744636,1.9748832635784863,,,1.0127180866255363,1,0.0,,0.0,0.0,50.63590433127681,,,,0.0,,
2018,RR,PV,Pequeno (8–12),Menos competitivo,6,0,0,0,108309.5,6,0,1.6949807699777588,4.305019230022241,3.5398631691135534,,,1.6949807699777588,2,0.0,,0.0,0.0,28.249679499629313,,,,0.0,,
2018,RR,REDE,Pequeno (8–12),Menos competitivo,4,0,0,1,171100.0,3,1,1.2882604560123263,2.7117395439876733,3.104962184728991,,1.2882604560123263,0.2882604560123265,1,1.0,100.0,100.0,0.0,32.20651140030816,25.0,4.0,75.0,25.0,,
2018,RR,SOLIDARIEDADE,Pequeno (8–12),Menos competitivo,6,4,0,1,473476.56000000006,6,0,4.071120872226915,1.9288791277730848,1.473795592985669,,4.071120872226915,3.071120872226915,4,1.0,100.0,25.0,3.0,67.85201453711525,66.66666666666667,1.5,33.33333333333333,16.666666666666668,75.0,1.125
2018,RS,AVANTE,Médio (16–31),Menos competitivo,5,0,0,0,273150.5,4,1,1.601956595832746,3.398043404167254,3.1211831912342465,,,1.601956595832746,2,0.0,,0.0,0.0,32.03913191665492,,,,0.0,,
2018,RS,DC,Médio (16–31),Menos competitivo,2,0,0,0,16346.0,2,0,1.8783426132568504,0.1216573867431496,1.0647684750825137,,,1.8783426132568504,2,0.0,,0.0,0.0,93.91713066284252,,,,0.0,,
2018,RS,DEM,Médio (16–31),Competitivo,8,1,1,1,1100000.0,2,6,1.1980198019801982,6.801980198019802,6.677685950413222,1.1980198019801982,1.1980198019801982,0.1980198019801982,1,1.0,100.0,100.0,1.0,14.975247524752477,12.5,8.0,87.5,12.5,100.0,8.0
2018,RS,MDB,Médio (16–31),Competitivo,25,7,5,4,12794450.0,25,0,10.10672912270654,14.89327087729346,2.473599489654186,2.0213458245413083,2.526682280676636,6.106729122706541,10,4.0,100.0,40.0,7.0,40.42691649082616,40.0,2.5,60.0,16.0,100.0,2.5
2018,RS,NOVO,Médio (16–31),Menos competitivo,18,1,0,1,120818.97,18,0,10.023453555310468,7.976546444689532,1.7957882381231292,,10.023453555310468,9.023453555310468,10,1.0,100.0,10.0,1.0,55.685853085058156,55.55555555555556,1.7999999999999998,44.44444444444444,5.555555555555555,100.0,1.7999999999999998
2018,RS,PATRI,Médio (16–31),Menos competitivo,5,0,0,0,86530.84,5,0,2.088543815527472,2.911456184472528,2.39401249943958,,,2.088543815527472,2,0.0,,0.0,0.0,41.77087631054944,,,,0.0,,
2018,RS,PC DO B,Médio (16–31),Menos competitivo,26,1,0,0,908926.75,24,2,3.8478426648947,22.1521573351053,6.757033034954281,,,3.8478426648947,4,0.0,,0.0,1.0,14.799394864979616,,,,0.0,100.0,6.5
2018,RS,PCB,Médio (16–31),Menos competitivo,1,0,0,0,9036.88,1,0,1.0,0.0,1.0,,,1.0,1,0.0,,0.0,0.0,100.0,,,,0.0,,
2018,RS,PDT,Médio (16–31),Menos competitivo,23,7,2,3,1551220.0,12,11,3.9898483666219375,19.01015163337806,5.7646301028410445,1.9949241833109688,1.329949455540646,0.9898483666219384,4,3.0,100.0,75.0,4.0,17.347166811399727,17.391304347826086,5.75,82.6086956521739,13.043478260869565,57.142857142857146,3.2857142857142856
2018,RS,PHS,Médio (16–31),Menos competitivo,3,0,0,0,11031.419999999998,3,0,2.8543844534888057,0.1456155465111943,1.051014692969342,,,2.8543844534888057,3,0.0,,0.0,0.0,95.14614844962686,,,,0.0,,
2018,RS,PMB,Médio (16–31),Menos competitivo,12,0,0,0,19800.0,2,10,1.0307619498343588,10.96923805016564,11.641873278236917,,,1.0307619498343588,1,0.0,,0.0,0.0,8.589682915286323,,,,0.0,,
2018,RS,PMN,Médio (16–31),Menos competitivo,3,0,0,0,210509.42,2,1,1.0024228672565223,1.9975771327434773,2.992748966522022,,,1.0024228672565223,1,0.0,,0.0,0.0,33.41409557521741,,,,0.0,,
2018,RS,PODE,Médio (16–31),Menos competitivo,1,1,1,0,600000.0,1,0,1.0,0.0,1.0,1.0,,1.0,1,0.0,,0.0,1.0,100.0,,,,0.0,100.0,1.0
2018,RS,PP,Médio (16–31),Competitivo,18,5,6,4,10071129.69,17,1,6.564267901109525,11.435732098890476,2.742118431357372,1.0940446501849208,1.6410669752773812,2.564267901109525,7,4.0,100.0,57.142857142857146,5.0,36.46815500616403,38.888888888888886,2.571428571428571,61.111111111111114,22.22222222222222,100.0,2.5714285714285716
2018,RS,PPL,Médio (16–31),Menos competitivo,22,1,0,0,42562.59,22,0,10.040710853676584,11.959289146323416,2.1910799265715646,,,10.040710853676584,10,0.0,,0.0,1.0,45.639594789439016,,,,0.0,100.0,2.2
2018,RS,PPS,Médio (16–31),Menos competitivo,30,0,0,0,580313.5199999999,30,0,10.932621249765608,19.067378750234397,2.7440811599179105,,,10.932621249765608,11,0.0,,0.0,0.0,36.442070832552034,,,,0.0,,
2018,RS,PR,Médio (16–31),Competitivo,7,2,1,1,2500000.0,7,0,1.286431747077227,5.713568252922773,5.441408,1.286431747077227,1.286431747077227,0.2864317470772271,1,1.0,100.0,100.0,1.0,18.377596386817533,14.285714285714286,7.0,85.71428571428571,14.285714285714286,50.0,3.5
2018,RS,PRB,Médio (16–31),Competitivo,7,2,1,1,1146816.72,7,0,1.622505709176685,5.377494290823315,4.314314557051414,1.622505709176685,1.622505709176685,0.622505709176685,2,1.0,100.0,50.0,1.0,23.17865298823836,28.571428571428573,3.5,71.42857142857143,14.285714285714286,50.0,1.75
2018,RS,PROS,Médio (16–31),Menos competitivo,9,0,0,0,239650.0,1,8,1.0,8.0,9.0,,,1.0,1,0.0,,0.0,0.0,11.11111111111111,,,,0.0,,
2018,RS,PRP,Médio (16–31),Menos competitivo,8,0,0,0,65788.57,8,0,3.217663943548742,4.782336056451257,2.4862758014365065,,,3.217663943548742,3,0.0,,0.0,0.0,40.220799294359274,,,,0.0,,
2018,RS,PSB,Médio (16–31),Competitivo,29,3,2,2,5934790.0,29,0,7.159161143235069,21.840838856764933,4.050753910938724,3.579580571617534,3.579580571617534,5.159161143235069,7,2.0,100.0,28.571428571428573,3.0,24.686762562879547,24.137931034482758,4.142857142857142,75.86206896551724,6.896551724137931,100.0,4.142857142857143
2018,RS,PSC,Médio (16–31),Menos competitivo,9,0,0,0,301782.97000000003,8,1,1.0119166825542951,7.988083317445705,8.894012871970908,,,1.0119166825542951,1,0.0,,0.0,0.0,11.243518695047722,,,,0.0,,
2018,RS,PSD,Médio (16–31),Competitivo,17,1,1,1,1694492.45,16,1,2.5051849047045445,14.494815095295456,6.78592624762959,2.5051849047045445,2.5051849047045445,1.5051849047045445,3,1.0,100.0,33.333333333333336,1.0,14.736381792379674,17.647058823529413,5.666666666666666,82.35294117647058,5.882352941176471,100.0,5.666666666666666
2018,RS,PSDB,Médio (16–31),Competitivo,7,3,1,2,3548761.07,7,0,2.2149821518125887,4.785017848187412,3.160296345625938,2.2149821518125887,1.1074910759062944,0.2149821518125887,2,1.0,50.0,50.0,2.0,31.642602168751267,28.571428571428573,1.75,21.428571428571427,28.571428571428573,66.66666666666667,2.3333333333333335
2018,RS,PSL,Médio (16–31),Menos competitivo,21,0,0,3,10000.0,5,16,4.999999999999999,16.0,4.200000000000001,,1.6666666666666663,1.9999999999999991,5,0.0,0.0,0.0,0.0,23.809523809523803,23.80952380952381,0.0,-23.80952380952381,14.285714285714286,,
2018,RS,PSOL,Médio (16–31),Menos competitivo,39,0,0,1,456025.3099999999,38,1,3.9281475392789504,35.07185246072105,9.928343986580206,,3.9281475392789504,2.9281475392789504,4,1.0,100.0,25.0,0.0,10.072173177638334,10.256410256410257,9.75,89.74358974358974,2.5641025641025643,,
2018,RS,PSTU,Médio (16–31),Menos competitivo,4,0,0,0,0.0,0,4,,,,,,,0,0.0,,,0.0,,,,,,,
2018,RS,PT,Médio (16–31),Competitivo,20,7,7,5,6739261.23,20,0,8.877619000666998,11.122380999333002,2.252856311866656,1.2682312858095712,1.7755238001333995,3.877619000666998,9,5.0,100.0,55.55555555555556,6.0,44.38809500333499,45.0,2.2222222222222223,55.0,25.0,85.71428571428571,1.9047619047619049
2018,RS,PTB,Médio (16–31),Menos competitivo,9,5,2,2,3899241.93,9,0,4.66615852608056,4.33384147391944,1.9287814483147756,2.33307926304028,2.33307926304028,2.66615852608056,5,2.0,100.0,40.0,5.0,51.846205845339554,55.55555555555556,1.7999999999999998,44.44444444444444,22.22222222222222,100.0,1.8
2018,RS,PTC,Médio (16–31),Menos competitivo,7,0,0,0,1528.26,6,1,5.999999999999998,1.0000000000000018,1.166666666666667,,,5.999999999999998,6,0.0,,0.0,0.0,85.71428571428568,,,,0.0,,
2018,RS,PV,Médio (16–31),Menos competitivo,1,1,0,0,600000.0,1,0,1.0,0.0,1.0,,,1.0,1,0.0,,0.0,1.0,100.0,,,,0.0,100.0,1.0
2018,RS,REDE,Médio (16–31),Menos competitivo,6,1,1,0,733041.94,3,3,1.0222180960286749,4.977781903971325,5.869588909949888,1.0222180960286749,,1.0222180960286749,1,0.0,,0.0,1.0,17.03696826714458,,,,0.0,100.0,6.0
2018,RS,SOLIDARIEDADE,Médio (16–31),Menos competitivo,2,1,0,0,1150400.0,2,0,1.734586375738033,0.2654136242619669,1.1530126305465984,,,1.734586375738033,2,0.0,,0.0,1.0,86.72931878690166,,,,0.0,100.0,1.0
2018,SC,AVANTE,Médio (16–31),Menos competitivo,9,0,0,0,58141.8,4,5,2.1231389788423694,6.87686102115763,4.239006532161735,,,2.1231389788423694,2,0.0,,0.0,0.0,23.590433098248546,,,,0.0,,
2018,SC,DC,Médio (16–31),Menos competitivo,1,0,0,0,59380.0,1,0,1.0,0.0,1.0,,,1.0,1,0.0,,0.0,0.0,100.0,,,,0.0,,
2018,SC,DEM,Médio (16–31),Competitivo,2,0,1,0,159080.0,2,0,1.8758790961876544,0.1241209038123454,1.0661667929796734,1.8758790961876544,,1.8758790961876544,2,0.0,,0.0,0.0,93.79395480938271,,,,0.0,,
2018,SC,MDB,Médio (16–31),Competitivo,15,6,5,3,7129000.0,11,4,5.899538357833562,9.100461642166438,2.5425718234516785,1.1799076715667125,1.9665127859445208,2.8995383578335616,6,3.0,100.0,50.0,6.0,39.330255718890406,40.0,2.5,60.0,20.0,100.0,2.5
2018,SC,NOVO,Médio (16–31),Menos competitivo,16,0,0,1,68318.4,16,0,10.499775368265674,5.500224631734326,1.5238421241237317,,10.499775368265674,9.499775368265674,10,1.0,100.0,10.0,0.0,65.62359605166046,62.5,1.6,37.5,6.25,,
2018,SC,PATRI,Médio (16–31),Menos competitivo,16,0,0,0,27421.95,16,0,8.013371782908537,7.986628217091463,1.996662632591924,,,8.013371782908537,8,0.0,,0.0,0.0,50.08357364317836,,,,0.0,,
2018,SC,PC DO B,Médio (16–31),Menos competitivo,1,1,0,0,1181207.38,1,0,1.0,0.0,1.0,,,1.0,1,0.0,,0.0,1.0,100.0,,,,0.0,100.0,1.0
2018,SC,PCB,Médio (16–31),Menos competitivo,3,0,0,0,10543.02,2,1,2.0,1.0,1.5,,,2.0,2,0.0,,0.0,0.0,66.66666666666667,,,,0.0,,
2018,SC,PDT,Médio (16–31),Menos competitivo,1,1,0,0,890000.0,1,0,1.0,0.0,1.0,,,1.0,1,0.0,,0.0,1.0,100.0,,,,0.0,100.0,1.0
2018,SC,PHS,Médio (16–31),Menos competitivo,2,0,0,0,0.0,0,2,,,,,,,0,0.0,,,0.0,,,,,,,
2018,SC,PMN,Médio (16–31),Menos competitivo,5,0,0,0,66766.5,5,0,2.256237126844653,2.743762873155347,2.216079125952731,,,2.256237126844653,2,0.0,,0.0,0.0,45.124742536893066,,,,0.0,,
2018,SC,PODE,Médio (16–31),Menos competitivo,5,0,0,0,303500.0,1,4,1.0,4.0,5.0,,,1.0,1,0.0,,0.0,0.0,20.0,,,,0.0,,
2018,SC,PP,Médio (16–31),Competitivo,9,3,1,1,6076203.0,9,0,3.6102438123502014,5.389756187649798,2.4929064262120204,3.6102438123502014,3.6102438123502014,2.6102438123502014,4,1.0,100.0,25.0,3.0,40.11382013722446,44.44444444444444,2.25,55.55555555555556,11.11111111111111,100.0,2.25
2018,SC,PPL,Médio (16–31),Menos competitivo,2,0,0,0,3000.0,1,1,1.0,1.0,2.0,,,1.0,1,0.0,,0.0,0.0,50.0,,,,0.0,,
2018,SC,PPS,Médio (16–31),Menos competitivo,2,1,1,1,1218128.11,2,0,1.0504674291576086,0.9495325708423914,1.9039143380236367,1.0504674291576086,1.0504674291576086,0.0504674291576086,1,1.0,100.0,100.0,1.0,52.52337145788043,50.0,2.0,50.0,50.0,100.0,2.0
2018,SC,PR,Médio (16–31),Competitivo,1,0,1,0,300000.0,1,0,1.0,0.0,1.0,1.0,,1.0,1,0.0,,0.0,0.0,100.0,,,,0.0,,
2018,SC,PRB,Médio (16–31),Competitivo,5,0,0,1,1344643.7599999998,5,0,2.2806402248044195,2.7193597751955805,2.1923668387585264,,2.2806402248044195,1.2806402248044195,2,1.0,100.0,50.0,0.0,45.612804496088394,40.0,2.5,60.0,20.0,,
2018,SC,PROS,Médio (16–31),Menos competitivo,2,1,0,0,341500.0,1,1,1.0,1.0,2.0,,,1.0,1,0.0,,0.0,1.0,50.0,,,,0.0,100.0,2.0
2018,SC,PRP,Médio (16–31),Menos competitivo,9,0,0,0,62323.0,9,0,2.9260893418344778,6.073910658165522,3.075777581814216,,,2.9260893418344778,3,0.0,,0.0,0.0,32.512103798160865,,,,0.0,,
2018,SC,PRTB,Médio (16–31),Menos competitivo,5,0,0,0,17142.86,5,0,2.1176450242229,2.8823549757771003,2.3611133796301966,,,2.1176450242229,2,0.0,,0.0,0.0,42.352900484458004,,,,0.0,,
2018,SC,PSB,Médio (16–31),Competitivo,13,0,0,1,1814968.0,11,2,4.471300668443869,8.52869933155613,2.9074314084372106,,4.471300668443869,3.4713006684438694,4,1.0,100.0,25.0,0.0,34.3946205264913,30.76923076923077,3.25,69.23076923076923,7.6923076923076925,,
2018,SC,PSC,Médio (16–31),Menos competitivo,1,0,0,0,200000.0,1,0,1.0,0.0,1.0,,,1.0,1,0.0,,0.0,0.0,100.0,,,,0.0,,
2018,SC,PSD,Médio (16–31),Competitivo,9,3,2,2,1291484.0,7,2,2.854497771821265,6.145502228178735,3.1529189088340748,1.4272488859106325,1.4272488859106325,0.854497771821265,3,2.0,100.0,66.66666666666667,3.0,31.716641909125162,33.333333333333336,3.0,66.66666666666666,22.22222222222222,100.0,3.0
2018,SC,PSDB,Médio (16–31),Competitivo,17,3,2,1,4517512.98,17,0,4.003314834712239,12.996685165287762,4.24648090442329,2.0016574173561192,4.003314834712239,3.0033148347122385,4,1.0,100.0,25.0,2.0,23.548910792424937,23.529411764705884,4.25,76.47058823529412,5.882352941176471,66.66666666666667,2.833333333333333
2018,SC,PSL,Médio (16–31),Menos competitivo,19,0,0,4,5424.27,14,5,12.354694332270585,6.645305667729417,1.5378769793091371,,3.0886735830676457,8.354694332270583,12,2.5,62.5,20.83333333333333,0.0,65.02470701195045,63.1578947368421,0.9895833333333334,-0.6578947368421026,21.05263157894737,,
2018,SC,PSOL,Médio (16–31),Menos competitivo,16,2,0,0,268942.74,15,1,5.418092229847854,10.581907770152146,2.953068962513637,,,5.418092229847854,5,0.0,,0.0,1.0,33.863076436549086,,,,0.0,50.0,1.6
2018,SC,PSTU,Médio (16–31),Menos competitivo,2,0,0,0,0.0,0,2,,,,,,,0,0.0,,,0.0,,,,,,,
2018,SC,PT,Médio (16–31),Competitivo,11,5,2,1,2975500.0,11,0,5.068432654969072,5.9315673450309285,2.170296174146784,2.534216327484536,5.068432654969072,4.068432654969072,5,1.0,100.0,20.0,4.0,46.07666049971884,45.45454545454545,2.2,54.54545454545455,9.090909090909092,80.0,1.7599999999999998
2018,SC,PTB,Médio (16–31),Menos competitivo,1,0,0,0,90600.0,1,0,1.0,0.0,1.0,,,1.0,1,0.0,,0.0,0.0,100.0,,,,0.0,,
2018,SC,PTC,Médio (16–31),Menos competitivo,21,0,0,0,10000.0,1,20,1.0,20.0,21.0,,,1.0,1,0.0,,0.0,0.0,4.761904761904762,,,,0.0,,
2018,SC,PV,Médio (16–31),Menos competitivo,4,0,0,0,548247.01,4,0,1.4506135849674977,2.5493864150325023,2.757453839845036,,,1.4506135849674977,1,0.0,,0.0,0.0,36.26533962418744,,,,0.0,,
2018,SC,REDE,Médio (16–31),Menos competitivo,6,0,0,0,1600.0,2,4,2.0,4.0,3.0,,,2.0,2,0.0,,0.0,0.0,33.333333333333336,,,,0.0,,
2018,SC,SOLIDARIEDADE,Médio (16–31),Menos competitivo,1,1,1,0,907500.0,1,0,1.0,0.0,1.0,1.0,,1.0,1,0.0,,0.0,1.0,100.0,,,,0.0,100.0,1.0
2018,SE,AVANTE,Pequeno (8–12),Menos competitivo,6,2,0,0,15850.0,5,1,4.211432882108881,1.7885671178911189,1.4246932500074632,,,4.211432882108881,4,0.0,,0.0,1.0,70.19054803514803,,,,0.0,50.0,0.75
2018,SE,DC,Pequeno (8–12),Menos competitivo,3,0,0,0,30022.82,1,2,1.0,2.0,3.0,,,1.0,1,0.0,,0.0,0.0,33.333333333333336,,,,0.0,,
2018,SE,DEM,Pequeno (8–12),Competitivo,5,0,0,0,0.0,0,5,,,,,,,0,0.0,,,0.0,,,,,,,
2018,SE,MDB,Pequeno (8–12),Competitivo,3,1,1,1,1710000.0,3,0,1.2846975088967971,1.7153024911032029,2.3351800554016617,1.2846975088967971,1.2846975088967971,0.2846975088967973,1,1.0,100.0,100.0,1.0,42.823250296559905,33.333333333333336,3.0,66.66666666666666,33.333333333333336,100.0,3.0
2018,SE,NOVO,Pequeno (8–12),Menos competitivo,2,0,0,0,2198.32,2,0,2.0,0.0,1.0,,,2.0,2,0.0,,0.0,0.0,100.0,,,,0.0,,
2018,SE,PATRI,Pequeno (8–12),Menos competitivo,2,0,0,0,300000.0,1,1,1.0,1.0,2.0,,,1.0,1,0.0,,0.0,0.0,50.0,,,,0.0,,
2018,SE,PC DO B,Pequeno (8–12),Menos competitivo,2,0,0,0,554000.0,2,0,1.0556155544702248,0.9443844455297752,1.8946291493437943,,,1.0556155544702248,1,0.0,,0.0,0.0,52.78077772351124,,,,0.0,,
2018,SE,PCB,Pequeno (8–12),Menos competitivo,1,0,0,0,0.0,0,1,,,,,,,0,0.0,,,0.0,,,,,,,
2018,SE,PDT,Pequeno (8–12),Menos competitivo,3,0,0,1,186850.0,3,0,2.266294954434877,0.7337050455651228,1.3237464938662755,,2.266294954434877,1.2662949544348772,2,1.0,100.0,50.0,0.0,75.54316514782924,66.66666666666667,1.5,33.33333333333333,33.333333333333336,,
2018,SE,PHS,Pequeno (8–12),Menos competitivo,3,0,0,0,32298.33,3,0,2.550766254090418,0.4492337459095821,1.1761171746682744,,,2.550766254090418,3,0.0,,0.0,0.0,85.02554180301392,,,,0.0,,
2018,SE,PMN,Pequeno (8–12),Menos competitivo,4,0,0,0,100000.0,1,3,1.0,3.0,4.0,,,1.0,1,0.0,,0.0,0.0,25.0,,,,0.0,,
2018,SE,PODE,Pequeno (8–12),Menos competitivo,4,0,0,0,0.0,0,4,,,,,,,0,0.0,,,0.0,,,,,,,
2018,SE,PP,Pequeno (8–12),Competitivo,1,1,1,1,1731095.16,1,0,1.0,0.0,1.0,1.0,1.0,0.0,1,1.0,100.0,100.0,1.0,100.0,100.0,1.0,0.0,100.0,100.0,1.0
2018,SE,PPL,Pequeno (8–12),Menos competitivo,3,0,0,0,50165.17,3,0,2.423711559885556,0.5762884401144444,1.2377710490194038,,,2.423711559885556,2,0.0,,0.0,0.0,80.79038532951854,,,,0.0,,
2018,SE,PPS,Pequeno (8–12),Menos competitivo,2,0,0,0,98402.1,1,1,1.0,1.0,2.0,,,1.0,1,0.0,,0.0,0.0,50.0,,,,0.0,,
2018,SE,PR,Pequeno (8–12),Competitivo,4,2,1,1,3500000.0,2,2,1.923076923076923,2.076923076923077,2.08,1.923076923076923,1.923076923076923,0.9230769230769228,2,1.0,100.0,50.0,2.0,48.07692307692307,50.0,2.0,50.0,25.0,100.0,2.0
2018,SE,PRB,Pequeno (8–12),Competitivo,2,1,1,0,695500.0,2,0,1.048572201210349,0.9514277987896508,1.9073555427956548,1.048572201210349,,1.048572201210349,1,0.0,,0.0,1.0,52.42861006051746,,,,0.0,100.0,2.0
2018,SE,PROS,Pequeno (8–12),Menos competitivo,1,0,0,0,43331.5,1,0,1.0,0.0,1.0,,,1.0,1,0.0,,0.0,0.0,100.0,,,,0.0,,
2018,SE,PRTB,Pequeno (8–12),Menos competitivo,3,0,0,0,16600.0,3,0,2.1334778569216475,0.8665221430783525,1.4061547394396865,,,2.1334778569216475,2,0.0,,0.0,0.0,71.11592856405491,,,,0.0,,
2018,SE,PSB,Pequeno (8–12),Competitivo,6,0,1,0,589166.99,6,0,1.6707820026751925,4.329217997324808,3.591132769202104,1.6707820026751925,,1.6707820026751925,2,0.0,,0.0,0.0,27.84636671125321,,,,0.0,,
2018,SE,PSC,Pequeno (8–12),Menos competitivo,1,1,1,0,100000.0,1,0,1.0,0.0,1.0,1.0,,1.0,1,0.0,,0.0,1.0,100.0,,,,0.0,100.0,1.0
2018,SE,PSD,Pequeno (8–12),Competitivo,1,1,1,1,670000.0,1,0,1.0,0.0,1.0,1.0,1.0,0.0,1,1.0,100.0,100.0,1.0,100.0,100.0,1.0,0.0,100.0,100.0,1.0
2018,SE,PSDB,Pequeno (8–12),Competitivo,3,1,0,0,450891.44,3,0,1.973133314222151,1.026866685777849,1.5204243820609054,,,1.973133314222151,2,0.0,,0.0,1.0,65.7711104740717,,,,0.0,100.0,1.5
2018,SE,PSL,Pequeno (8–12),Menos competitivo,8,0,0,0,0.0,0,8,,,,,,,0,0.0,,,0.0,,,,,,,
2018,SE,PSOL,Pequeno (8–12),Menos competitivo,9,0,0,0,36068.920000000006,8,1,6.902322536910225,2.0976774630897754,1.3039089309246892,,,6.902322536910225,7,0.0,,0.0,0.0,76.69247263233584,,,,0.0,,
2018,SE,PSTU,Pequeno (8–12),Menos competitivo,2,0,0,0,0.0,0,2,,,,,,,0,0.0,,,0.0,,,,,,,
2018,SE,PT,Pequeno (8–12),Competitivo,3,2,1,2,1915000.0,3,0,2.1431109376104875,0.8568890623895125,1.3998342070639245,2.1431109376104875,1.0715554688052438,0.1431109376104875,2,2.0,100.0,100.0,2.0,71.43703125368292,66.66666666666667,1.5,33.33333333333333,66.66666666666667,100.0,1.5
2018,SE,PTB,Pequeno (8–12),Menos competitivo,2,0,0,0,59763.0,2,0,1.9083090402491785,0.0916909597508215,1.0480482761528231,,,1.9083090402491785,2,0.0,,0.0,0.0,95.41545201245893,,,,0.0,,
2018,SE,PV,Pequeno (8–12),Menos competitivo,7,1,0,0,108476.44,7,0,6.107818480937904,0.8921815190620963,1.146072042226948,,,6.107818480937904,6,0.0,,0.0,1.0,87.25454972768433,,,,0.0,100.0,1.1666666666666667
2018,SE,REDE,Pequeno (8–12),Menos competitivo,12,0,0,0,11210.0,12,0,10.27309552130212,1.7269044786978809,1.1680997198086012,,,10.27309552130212,10,0.0,,0.0,0.0,85.60912934418432,,,,0.0,,
2018,SE,SOLIDARIEDADE,Pequeno (8–12),Menos competitivo,2,1,0,1,815000.0,2,0,1.037486821039478,0.962513178960522,1.9277353306485008,,1.037486821039478,0.037486821039478,1,1.0,100.0,100.0,1.0,51.87434105197391,50.0,2.0,50.0,50.0,100.0,2.0
2018,SP,AVANTE,Grande (39–70),Menos competitivo,96,1,0,0,706224.5900000001,90,6,9.936327314285148,86.06367268571485,9.661517476581492,,,9.936327314285148,10,0.0,,0.0,1.0,10.350340952380362,,,,0.0,100.0,9.6
2018,SP,DC,Grande (39–70),Menos competitivo,26,0,0,0,82200.35999999999,24,2,18.522776061384636,7.477223938615367,1.403677284324757,,,18.522776061384636,19,0.0,,0.0,0.0,71.2414463899409,,,,0.0,,
2018,SP,DEM,Grande (39–70),Competitivo,14,4,5,5,5079400.0,10,4,6.817177052122326,7.182822947877674,2.053635968812269,1.3634354104244653,1.3634354104244653,1.817177052122326,7,4.0,80.0,57.142857142857146,4.0,48.69412180087376,50.0,1.6,30.0,35.714285714285715,100.0,2.0
2018,SP,MDB,Grande (39–70),Competitivo,63,4,4,2,9587485.44,63,0,9.206030712268596,53.7939692877314,6.843340193949366,2.301507678067149,4.603015356134298,7.206030712268596,9,2.0,100.0,22.22222222222222,4.0,14.612747162331104,14.285714285714286,7.0,85.71428571428571,3.1746031746031744,100.0,7.0
2018,SP,NOVO,Grande (39–70),Menos competitivo,45,1,0,3,25940.08,17,28,9.97732158325794,35.02267841674206,4.51022848411647,,3.32577386108598,6.97732158325794,10,2.0,66.66666666666667,20.0,0.0,22.1718257405732,22.22222222222222,3.0,44.44444444444445,6.666666666666667,0.0,0.0
2018,SP,PATRI,Grande (39–70),Menos competitivo,91,4,0,0,3338917.4000000004,75,16,5.078814537699703,85.9211854623003,17.917567047292838,,,5.078814537699703,5,0.0,,0.0,2.0,5.58111487659308,,,,0.0,50.0,9.1
2018,SP,PC DO B,Grande (39–70),Menos competitivo,2,1,1,1,1049744.11,2,0,1.001158056594264,0.998841943405736,1.997686565899088,1.001158056594264,1.001158056594264,0.0011580565942639,1,1.0,100.0,100.0,1.0,50.0579028297132,50.0,2.0,50.0,50.0,100.0,2.0
2018,SP,PCB,Grande (39–70),Menos competitivo,2,0,0,0,44198.65000000001,2,0,1.7583467412686176,0.2416532587313824,1.1374320849578472,,,1.7583467412686176,2,0.0,,0.0,0.0,87.91733706343088,,,,0.0,,
2018,SP,PDT,Grande (39–70),Menos competitivo,25,2,0,1,631500.0,19,6,5.190360293232422,19.809639706767577,4.816621310970812,,5.190360293232422,4.190360293232422,5,1.0,100.0,20.0,2.0,20.76144117292969,20.0,5.0,80.0,4.0,100.0,5.0
2018,SP,PHS,Grande (39–70),Menos competitivo,11,0,0,0,243642.5,7,4,3.0253251889503,7.974674811049699,3.635972767547901,,,3.0253251889503,3,0.0,,0.0,0.0,27.502956263184544,,,,0.0,,
2018,SP,PMB,Grande (39–70),Menos competitivo,10,1,0,0,0.0,0,10,,,,,,,0,0.0,,,0.0,,,,,,0.0,
2018,SP,PMN,Grande (39–70),Menos competitivo,44,1,0,0,471000.0,8,36,5.2742683245762105,38.72573167542379,8.342389368962456,,,5.2742683245762105,5,0.0,,0.0,1.0,11.986973464945931,,,,0.0,100.0,8.8
2018,SP,PODE,Grande (39–70),Menos competitivo,73,5,4,3,6351061.94,32,41,5.166750526941488,67.83324947305852,14.128802933168346,1.291687631735372,1.7222501756471629,2.166750526941488,5,3.0,100.0,60.0,4.0,7.077740447865052,6.8493150684931505,14.600000000000001,93.15068493150685,4.109589041095891,80.0,11.680000000000001
2018,SP,PP,Grande (39–70),Competitivo,6,4,4,4,8098442.0,6,0,4.910100590837748,1.0898994091622516,1.2219708922452637,1.227525147709437,1.227525147709437,0.9101005908377484,5,4.0,100.0,80.0,4.0,81.83500984729581,83.33333333333333,1.2,16.66666666666667,66.66666666666667,100.0,1.2
2018,SP,PPL,Grande (39–70),Menos competitivo,51,0,0,0,128998.33,45,6,26.91578513746165,24.08421486253835,1.8947988973584764,,,26.91578513746165,27,0.0,,0.0,0.0,52.77604928914049,,,,0.0,,
2018,SP,PPS,Grande (39–70),Menos competitivo,11,4,2,2,5212047.5600000005,10,1,4.333380215379249,6.666619784620751,2.538434075311645,2.1666901076896243,2.1666901076896243,2.3333802153792487,4,2.0,100.0,50.0,4.0,39.394365594356806,36.36363636363637,2.75,63.63636363636363,18.181818181818183,100.0,2.75
2018,SP,PR,Grande (39–70),Competitivo,44,6,6,7,19763198.91,44,0,14.631172583326656,29.368827416673344,3.0072777659762813,2.438528763887776,2.090167511903808,7.631172583326656,15,7.0,100.0,46.66666666666666,6.0,33.25266496210604,34.09090909090909,2.9333333333333336,65.9090909090909,15.909090909090908,100.0,2.9333333333333336
2018,SP,PRB,Grande (39–70),Competitivo,97,7,6,6,22224153.6,95,2,17.367070818903652,79.63292918109634,5.5852826888007945,2.8945118031506087,2.8945118031506087,11.367070818903652,17,6.0,100.0,35.294117647058826,5.0,17.90419672051923,17.52577319587629,5.705882352941177,82.4742268041237,6.185567010309279,71.42857142857143,4.07563025210084
2018,SP,PROS,Grande (39–70),Menos competitivo,97,4,0,0,1878855.49,15,82,8.793738938426316,88.20626106157368,11.03057535357749,,,8.793738938426316,9,0.0,,0.0,2.0,9.065710245800325,,,,0.0,50.0,5.388888888888888
2018,SP,PRP,Grande (39–70),Menos competitivo,78,1,0,0,1700515.37,28,50,8.571108879996931,69.42889112000307,9.100339418395992,,,8.571108879996931,9,0.0,,0.0,1.0,10.988601128201193,,,,0.0,100.0,8.666666666666666
2018,SP,PRTB,Grande (39–70),Menos competitivo,39,0,0,0,320468.87000000005,39,0,6.424138540913379,32.575861459086624,6.070852885818215,,,6.424138540913379,6,0.0,,0.0,0.0,16.472150104906103,,,,0.0,,
2018,SP,PSB,Grande (39–70),Competitivo,48,12,3,4,8134982.5,24,24,9.31639483722389,38.68360516277611,5.152207569414598,3.1054649457412964,2.3290987093059723,5.316394837223889,9,2.0,50.0,22.22222222222222,8.0,19.409155910883104,18.75,2.6666666666666665,31.25,8.333333333333334,66.66666666666667,3.5555555555555554
2018,SP,PSC,Grande (39–70),Menos competitivo,3,1,2,1,1490000.0,2,1,1.4740721067658191,1.5259278932341809,2.035178595558758,0.7370360533829097,1.4740721067658191,0.4740721067658193,1,1.0,100.0,100.0,1.0,49.13573689219397,33.333333333333336,3.0,66.66666666666666,33.333333333333336,100.0,3.0
2018,SP,PSD,Grande (39–70),Competitivo,22,7,1,2,9125000.0,22,0,9.953424919535832,12.046575080464168,2.210294464252205,9.953424919535832,4.976712459767916,7.953424919535832,10,2.0,100.0,20.0,7.0,45.24284054334469,45.45454545454545,2.2,54.54545454545455,9.090909090909092,100.0,2.2
2018,SP,PSDB,Grande (39–70),Competitivo,57,10,13,6,16237596.94,49,8,18.6483399523665,38.3516600476335,3.0565723354247747,1.434487688643577,3.1080566587277496,12.6483399523665,19,5.0,83.33333333333333,26.31578947368421,9.0,32.716385881344735,33.333333333333336,2.5,49.99999999999999,10.526315789473685,90.0,2.6999999999999997
2018,SP,PSL,Grande (39–70),Menos competitivo,58,3,2,10,600403.14,41,17,15.770774874969328,42.22922512503067,3.677688665257344,7.885387437484664,1.5770774874969329,5.770774874969328,16,4.0,40.0,25.0,1.0,27.19099116374022,27.586206896551722,1.45,12.413793103448278,17.24137931034483,33.333333333333336,1.2083333333333333
2018,SP,PSOL,Grande (39–70),Menos competitivo,82,2,2,3,1072913.39,74,8,5.80888139323592,76.19111860676408,14.116315078404575,2.90444069661796,1.9362937977453063,2.80888139323592,6,3.0,100.0,50.0,2.0,7.084001699068195,7.317073170731708,13.666666666666666,92.6829268292683,3.658536585365854,100.0,13.666666666666668
2018,SP,PSTU,Grande (39–70),Menos competitivo,7,0,0,0,28103.0,3,4,2.685539804839617,4.314460195160383,2.6065523167391835,,,2.685539804839617,3,0.0,,0.0,0.0,38.36485435485167,,,,0.0,,
2018,SP,PT,Grande (39–70),Competitivo,72,14,10,8,16624381.69,69,3,23.88235737247482,48.11764262752518,3.014777765740257,2.388235737247482,2.9852946715593527,15.88235737247482,24,8.0,100.0,33.333333333333336,14.0,33.16994079510392,33.333333333333336,3.0,66.66666666666666,11.11111111111111,100.0,3.0
2018,SP,PTB,Grande (39–70),Menos competitivo,25,1,1,0,4342000.0,19,6,3.323423508228984,21.676576491771016,7.522363592271221,3.323423508228984,,3.323423508228984,3,0.0,,0.0,1.0,13.293694032915935,,,,0.0,100.0,8.333333333333334
2018,SP,PTC,Grande (39–70),Menos competitivo,29,0,0,0,35000.0,7,22,4.959514170040486,24.040485829959515,5.84734693877551,,,4.959514170040486,5,0.0,,0.0,0.0,17.10177300013961,,,,0.0,,
2018,SP,PV,Grande (39–70),Menos competitivo,80,3,2,1,4587616.63,70,10,6.021361427836158,73.97863857216385,13.286031898063436,3.010680713918079,6.021361427836158,5.021361427836158,6,0.5,50.0,8.333333333333334,3.0,7.526701784795198,7.5,6.666666666666667,42.5,1.25,100.0,13.333333333333332
2018,SP,REDE,Grande (39–70),Menos competitivo,30,0,0,0,328500.0,22,8,2.395659929943226,27.60434007005677,12.522645482788098,,,2.395659929943226,2,0.0,,0.0,0.0,7.985533099810754,,,,0.0,,
2018,SP,SOLIDARIEDADE,Grande (39–70),Menos competitivo,45,3,1,1,3681992.62,45,0,9.326822337349345,35.67317766265066,4.824794380375093,9.326822337349345,9.326822337349345,8.326822337349343,9,1.0,100.0,11.11111111111111,3.0,20.726271860776322,20.0,5.0,80.0,2.2222222222222223,100.0,5.0
2018,TO,AVANTE,Pequeno (8–12),Menos competitivo,1,0,0,0,9972.0,1,0,1.0,0.0,1.0,,,1.0,1,0.0,,0.0,0.0,100.0,,,,0.0,,
2018,TO,DC,Pequeno (8–12),Menos competitivo,3,0,0,0,10000.0,1,2,1.0,2.0,3.0,,,1.0,1,0.0,,0.0,0.0,33.333333333333336,,,,0.0,,
2018,TO,DEM,Pequeno (8–12),Competitivo,2,2,2,2,2760570.0,2,0,1.6835945519946935,0.3164054480053064,1.1879344689197495,0.8417972759973468,0.8417972759973468,-0.3164054480053064,2,2.0,100.0,100.0,2.0,84.17972759973468,100.0,1.0,0.0,100.0,100.0,1.0
2018,TO,MDB,Pequeno (8–12),Competitivo,1,1,1,1,2360000.0,1,0,1.0,0.0,1.0,1.0,1.0,0.0,1,1.0,100.0,100.0,1.0,100.0,100.0,1.0,0.0,100.0,100.0,1.0
2018,TO,PATRI,Pequeno (8–12),Menos competitivo,1,0,0,0,8312.0,1,0,1.0,0.0,1.0,,,1.0,1,0.0,,0.0,0.0,100.0,,,,0.0,,
2018,TO,PC DO B,Pequeno (8–12),Menos competitivo,2,0,0,0,700.0,1,1,1.0,1.0,2.0,,,1.0,1,0.0,,0.0,0.0,50.0,,,,0.0,,
2018,TO,PDT,Pequeno (8–12),Menos competitivo,1,0,0,0,7500.0,1,0,1.0,0.0,1.0,,,1.0,1,0.0,,0.0,0.0,100.0,,,,0.0,,
2018,TO,PHS,Pequeno (8–12),Menos competitivo,2,1,0,0,21564.0,2,0,1.9002733284630309,0.0997266715369691,1.052480172216925,,,1.9002733284630309,2,0.0,,0.0,1.0,95.01366642315155,,,,0.0,100.0,1.0
2018,TO,PMB,Pequeno (8–12),Menos competitivo,2,0,0,0,0.0,0,2,,,,,,,0,0.0,,,0.0,,,,,,,
2018,TO,PMN,Pequeno (8–12),Menos competitivo,2,0,0,0,150000.0,1,1,1.0,1.0,2.0,,,1.0,1,0.0,,0.0,0.0,50.0,,,,0.0,,
2018,TO,PODE,Pequeno (8–12),Menos competitivo,1,1,0,0,0.0,0,1,,,,,,,0,0.0,,,0.0,,,,,,0.0,
2018,TO,PP,Pequeno (8–12),Competitivo,1,1,1,0,1756302.35,1,0,1.0,0.0,1.0,1.0,,1.0,1,0.0,,0.0,1.0,100.0,,,,0.0,100.0,1.0
2018,TO,PPL,Pequeno (8–12),Menos competitivo,2,0,0,0,0.0,0,2,,,,,,,0,0.0,,,0.0,,,,,,,
2018,TO,PPS,Pequeno (8–12),Menos competitivo,1,0,0,0,292032.03,1,0,1.0,0.0,1.0,,,1.0,1,0.0,,0.0,0.0,100.0,,,,0.0,,
2018,TO,PR,Pequeno (8–12),Competitivo,2,1,1,1,870000.0,2,0,1.0470327846175127,0.9529672153824872,1.910159862597437,1.0470327846175127,1.0470327846175127,0.0470327846175127,1,1.0,100.0,100.0,1.0,52.351639230875634,50.0,2.0,50.0,50.0,100.0,2.0
2018,TO,PRB,Pequeno (8–12),Competitivo,2,0,1,0,868792.49,2,0,1.1431538621929462,0.8568461378070538,1.7495457664494438,1.1431538621929462,,1.1431538621929462,1,0.0,,0.0,0.0,57.15769310964731,,,,0.0,,
2018,TO,PROS,Pequeno (8–12),Menos competitivo,1,1,1,0,901726.85,1,0,1.0,0.0,1.0,1.0,,1.0,1,0.0,,0.0,1.0,100.0,,,,0.0,100.0,1.0
2018,TO,PRP,Pequeno (8–12),Menos competitivo,2,0,0,0,0.0,0,2,,,,,,,0,0.0,,,0.0,,,,,,,
2018,TO,PRTB,Pequeno (8–12),Menos competitivo,10,0,0,0,2900.0,7,3,6.622047244094488,3.377952755905512,1.5101070154577885,,,6.622047244094488,7,0.0,,0.0,0.0,66.22047244094487,,,,0.0,,
2018,TO,PSB,Pequeno (8–12),Competitivo,3,1,0,0,740000.0,3,0,1.877914951989026,1.122085048010974,1.5975164353542732,,,1.877914951989026,2,0.0,,0.0,1.0,62.59716506630087,,,,0.0,100.0,1.5
2018,TO,PSC,Pequeno (8–12),Menos competitivo,1,1,0,1,281824.73,1,0,1.0,0.0,1.0,,1.0,0.0,1,1.0,100.0,100.0,1.0,100.0,100.0,1.0,0.0,100.0,100.0,1.0
2018,TO,PSD,Pequeno (8–12),Competitivo,2,1,1,0,0.0,0,2,,,,,,,0,0.0,,,0.0,,,,,,0.0,
2018,TO,PSDB,Pequeno (8–12),Competitivo,6,1,0,0,427641.44,6,0,3.08610711347882,2.91389288652118,1.944196937881553,,,3.08610711347882,3,0.0,,0.0,1.0,51.43511855798033,,,,0.0,100.0,2.0
2018,TO,PSL,Pequeno (8–12),Menos competitivo,10,0,0,0,10000.0,8,2,7.692307692307692,2.3076923076923084,1.3,,,7.692307692307692,8,0.0,,0.0,0.0,76.92307692307692,,,,0.0,,
2018,TO,PSOL,Pequeno (8–12),Menos competitivo,4,0,0,0,38856.98,4,0,3.9701907038378206,0.0298092961621794,1.0075082781623976,,,3.9701907038378206,4,0.0,,0.0,0.0,99.25476759594551,,,,0.0,,
2018,TO,PT,Pequeno (8–12),Competitivo,8,0,0,1,569282.78,8,0,2.17419631322219,5.82580368677781,3.6795205434526217,,2.17419631322219,1.1741963132221902,2,1.0,100.0,50.0,0.0,27.17745391527738,25.0,4.0,75.0,12.5,,
2018,TO,PTC,Pequeno (8–12),Menos competitivo,1,0,0,0,0.0,0,1,,,,,,,0,0.0,,,0.0,,,,,,,
2018,TO,PV,Pequeno (8–12),Menos competitivo,3,0,0,0,105000.0,2,1,1.8927038626609445,1.1072961373390555,1.5850340136054422,,,1.8927038626609445,2,0.0,,0.0,0.0,63.090128755364816,,,,0.0,,
2018,TO,REDE,Pequeno (8–12),Menos competitivo,1,0,0,0,0.0,0,1,,,,,,,0,0.0,,,0.0,,,,,,,
2018,TO,SOLIDARIEDADE,Pequeno (8–12),Menos competitivo,2,1,0,2,1604100.0,2,0,1.977682107731719,0.0223178922682809,1.0112848734288638,,0.9888410538658596,-0.0223178922682809,2,2.0,100.0,100.0,1.0,98.88410538658596,100.0,1.0,0.0,100.0,100.0,1.0
2022,AC,AGIR,Pequeno (8–12),Menos competitivo,7,0,0,0,0.0,0,7,,,,,,,0,0.0,,,0.0,,,,,,,
2022,AC,CIDADANIA,Pequeno (8–12),Menos competitivo,2,0,0,0,47200.0,2,0,1.977805791800572,0.0221942081994279,1.0112216317150242,,,1.977805791800572,2,0.0,,0.0,0.0,98.8902895900286,,,,0.0,,
2022,AC,MDB,Pequeno (8–12),Competitivo,9,3,3,0,6645078.5,9,0,3.1592037516906544,5.840796248309346,2.848819103605974,1.0530679172302182,,3.1592037516906544,3,0.0,,0.0,3.0,35.10226390767394,,,,0.0,100.0,3.0
2022,AC,PATRIOTA,Pequeno (8–12),Menos competitivo,6,1,0,0,500000.0,6,0,3.417634996582365,2.582365003417635,1.7555999999999998,,,3.417634996582365,3,0.0,,0.0,1.0,56.96058327637275,,,,0.0,100.0,2.0
2022,AC,PC DO B,Pequeno (8–12),Menos competitivo,2,1,1,0,2193611.23,2,0,1.0340811162203971,0.9659188837796028,1.934084249899147,1.0340811162203971,,1.0340811162203971,1,0.0,,0.0,1.0,51.704055811019856,,,,0.0,100.0,2.0
2022,AC,PDT,Pequeno (8–12),Menos competitivo,9,1,1,0,2238215.41,9,0,2.3179607903216985,6.682039209678301,3.8827231407788103,2.3179607903216985,,2.3179607903216985,2,0.0,,0.0,1.0,25.755119892463316,,,,0.0,100.0,4.5
2022,AC,PMN,Pequeno (8–12),Menos competitivo,3,0,0,0,0.0,0,3,,,,,,,0,0.0,,,0.0,,,,,,,
2022,AC,PODE,Pequeno (8–12),Menos competitivo,9,1,0,0,2432910.0,9,0,7.581766328936654,1.418233671063346,1.1870584781346398,,,7.581766328936654,8,0.0,,0.0,1.0,84.24184809929616,,,,0.0,100.0,1.125
2022,AC,PP,Pequeno (8–12),Competitivo,9,2,0,3,4670000.0,9,0,7.449666951323657,1.5503330486763431,1.2081076991503463,,2.4832223171078858,4.449666951323657,7,3.0,100.0,42.85714285714285,2.0,82.77407723692951,77.77777777777777,1.2857142857142856,22.22222222222223,33.333333333333336,100.0,1.2857142857142856
2022,AC,PROS,Pequeno (8–12),Menos competitivo,7,1,1,0,218910.0,6,1,3.586366696388529,3.4136333036114705,1.951836103945812,3.586366696388529,,3.586366696388529,4,0.0,,0.0,0.0,51.233809948407554,,,,0.0,0.0,0.0
2022,AC,PSB,Pequeno (8–12),Competitivo,7,0,0,0,736867.08,7,0,5.253131465567602,1.746868534432398,1.3325385145760194,,,5.253131465567602,5,0.0,,0.0,0.0,75.04473522239432,,,,0.0,,
2022,AC,PSC,Pequeno (8–12),Menos competitivo,3,0,0,0,0.0,0,3,,,,,,,0,0.0,,,0.0,,,,,,,
2022,AC,PSD,Pequeno (8–12),Competitivo,9,2,0,0,3078441.3200000003,9,0,6.079019073998703,2.920980926001297,1.480502016928187,,,6.079019073998703,6,0.0,,0.0,2.0,67.54465637776337,,,,0.0,100.0,1.5
2022,AC,PSDB,Pequeno (8–12),Competitivo,7,2,0,0,6062566.0,5,2,3.2814409937651687,3.7185590062348313,2.1332091642970874,,,3.2814409937651687,3,0.0,,0.0,1.0,46.87772848235955,,,,0.0,50.0,1.1666666666666667
2022,AC,PSOL,Pequeno (8–12),Menos competitivo,5,0,0,0,107251.96,5,0,3.980049589115946,1.019950410884054,1.2562657544954374,,,3.980049589115946,4,0.0,,0.0,0.0,79.60099178231891,,,,0.0,,
2022,AC,PT,Pequeno (8–12),Competitivo,5,2,1,0,2488830.0,5,0,1.835417881254365,3.164582118745635,2.7241752687855967,1.835417881254365,,1.835417881254365,2,0.0,,0.0,1.0,36.708357625087295,,,,0.0,50.0,1.25
2022,AC,PV,Pequeno (8–12),Menos competitivo,2,1,0,0,272000.0,2,0,1.8690379951495557,0.1309620048504445,1.070069204152249,,,1.8690379951495557,2,0.0,,0.0,1.0,93.45189975747779,,,,0.0,100.0,1.0
2022,AC,REDE,Pequeno (8–12),Menos competitivo,2,0,0,0,111500.0,2,0,1.6817951232709931,0.3182048767290066,1.1892054937762673,,,1.6817951232709931,2,0.0,,0.0,0.0,84.08975616354965,,,,0.0,,
2022,AC,REPUBLICANOS,Pequeno (8–12),Competitivo,7,2,1,2,5872820.0,7,0,3.49490079286662,3.50509920713338,2.0029180840519354,3.49490079286662,1.74745039643331,1.4949007928666198,3,2.0,100.0,66.66666666666667,2.0,49.92715418380885,42.857142857142854,2.3333333333333335,57.142857142857146,28.571428571428573,100.0,2.3333333333333335
2022,AC,SOLIDARIEDADE,Pequeno (8–12),Menos competitivo,9,1,0,0,871170.0,9,0,7.740195880403515,1.2598041195964846,1.162761271040444,,,7.740195880403515,8,0.0,,0.0,1.0,86.00217644892795,,,,0.0,100.0,1.125
2022,AC,UNIAO,Pequeno (8–12),Competitivo,9,3,0,3,13025100.0,9,0,7.624442780635297,1.375557219364703,1.180414131096684,,2.541480926878432,4.624442780635297,8,3.0,100.0,37.5,2.5,84.71603089594775,88.88888888888889,1.125,11.111111111111114,33.333333333333336,83.33333333333333,0.9375
2022,AL,AGIR,Pequeno (8–12),Menos competitivo,7,0,0,0,30000.0,5,2,2.5,4.5,2.8,,,2.5,3,0.0,,0.0,0.0,35.714285714285715,,,,0.0,,
2022,AL,AVANTE,Pequeno (8–12),Menos competitivo,9,0,0,0,522167.5,9,0,6.30081971681175,2.69918028318825,1.4283855759253576,,,6.30081971681175,6,0.0,,0.0,0.0,70.009107964575,,,,0.0,,
2022,AL,CIDADANIA,Pequeno (8–12),Menos competitivo,2,1,0,0,2461473.0,2,0,1.175503210399193,0.8244967896008071,1.7013990113398445,,,1.175503210399193,1,0.0,,0.0,1.0,58.77516051995965,,,,0.0,100.0,2.0
2022,AL,DC,Pequeno (8–12),Menos competitivo,2,0,0,0,11112.0,2,0,1.8538498458505028,0.1461501541494971,1.0788360257313323,,,1.8538498458505028,2,0.0,,0.0,0.0,92.69249229252515,,,,0.0,,
2022,AL,MDB,Pequeno (8–12),Competitivo,10,5,2,2,8848300.0,10,0,5.350270026106907,4.649729973893093,1.8690645427622357,2.675135013053453,2.675135013053453,3.350270026106907,5,1.0,50.0,20.0,3.0,53.50270026106907,50.0,1.0,0.0,20.0,60.0,1.2
2022,AL,PATRIOTA,Pequeno (8–12),Menos competitivo,9,0,0,0,500000.0,9,0,6.485084306095979,2.5149156939040207,1.3878,,,6.485084306095979,6,0.0,,0.0,0.0,72.05649228995532,,,,0.0,,
2022,AL,PCO,Pequeno (8–12),Menos competitivo,2,0,0,0,6000.0,2,0,2.0,0.0,1.0,,,2.0,2,0.0,,0.0,0.0,100.0,,,,0.0,,
2022,AL,PDT,Pequeno (8–12),Menos competitivo,10,0,0,0,484000.0,10,0,8.592136150234742,1.407863849765258,1.1638549279420805,,,8.592136150234742,9,0.0,,0.0,0.0,85.92136150234742,,,,0.0,,
2022,AL,PMB,Pequeno (8–12),Menos competitivo,3,0,0,0,0.0,0,3,,,,,,,0,0.0,,,0.0,,,,,,,
2022,AL,PMN,Pequeno (8–12),Menos competitivo,3,0,0,0,150000.0,3,0,3.0,0.0,1.0,,,3.0,3,0.0,,0.0,0.0,100.0,,,,0.0,,
2022,AL,PP,Pequeno (8–12),Competitivo,10,4,2,4,18750000.0,10,0,8.525310700212186,1.4746892997878138,1.1729777777777777,4.262655350106093,2.1313276750530465,4.525310700212186,9,4.0,100.0,44.44444444444444,4.0,85.25310700212187,90.0,1.1111111111111112,10.0,40.0,100.0,1.1111111111111112
2022,AL,PROS,Pequeno (8–12),Menos competitivo,7,0,0,0,0.0,0,7,,,,,,,0,0.0,,,0.0,,,,,,,
2022,AL,PSB,Pequeno (8–12),Competitivo,10,2,0,0,4062000.0,10,0,5.588537496392818,4.411462503607182,1.7893769177454044,,,5.588537496392818,6,0.0,,0.0,2.0,55.88537496392818,,,,0.0,100.0,1.6666666666666667
2022,AL,PSD,Pequeno (8–12),Competitivo,10,3,1,0,4763125.76,7,3,3.6874513196804655,6.312548680319534,2.7119002077745518,3.6874513196804655,,3.6874513196804655,4,0.0,,0.0,1.6666666666666665,36.874513196804656,,,,0.0,55.55555555555555,1.3888888888888888
2022,AL,PSDB,Pequeno (8–12),Competitivo,8,1,1,0,4997750.0,8,0,4.362460021752693,3.6375399782473066,1.833827693574109,4.362460021752693,,4.362460021752693,4,0.0,,0.0,1.0,54.530750271908666,,,,0.0,100.0,2.0
2022,AL,PSOL,Pequeno (8–12),Menos competitivo,5,0,0,0,203411.3,5,0,4.089729364026181,0.9102706359738192,1.222574785505536,,,4.089729364026181,4,0.0,,0.0,0.0,81.79458728052361,,,,0.0,,
2022,AL,PSTU,Pequeno (8–12),Menos competitivo,1,0,0,0,0.0,0,1,,,,,,,0,0.0,,,0.0,,,,,,,
2022,AL,PT,Pequeno (8–12),Competitivo,2,1,1,1,2010000.0,2,0,1.2302000548095369,0.7697999451904631,1.6257518378257965,1.2302000548095369,1.2302000548095369,0.2302000548095368,1,1.0,100.0,100.0,1.0,61.51000274047684,50.0,2.0,50.0,50.0,100.0,2.0
2022,AL,PTB,Pequeno (8–12),Menos competitivo,9,0,0,0,274986.8,3,6,1.0761333136306894,7.92386668636931,8.363276079276407,,,1.0761333136306894,1,0.0,,0.0,0.0,11.957036818118771,,,,0.0,,
2022,AL,PV,Pequeno (8–12),Menos competitivo,8,2,1,1,1800472.8,6,2,5.025736704331889,2.974263295668111,1.5918064297129757,5.025736704331889,5.025736704331889,4.025736704331889,5,0.0,0.0,0.0,1.0,62.821708804148614,62.5,0.0,-62.5,12.5,50.0,0.8
2022,AL,REPUBLICANOS,Pequeno (8–12),Competitivo,10,4,1,0,4260000.0,9,1,4.30180628644574,5.69819371355426,2.3246049064339087,4.30180628644574,,4.30180628644574,4,0.0,,0.0,3.0,43.018062864457406,,,,0.0,75.0,1.875
2022,AL,SOLIDARIEDADE,Pequeno (8–12),Menos competitivo,7,0,0,0,0.0,0,7,,,,,,,0,0.0,,,0.0,,,,,,,
2022,AL,UNIAO,Pequeno (8–12),Competitivo,9,0,0,1,7176829.44,9,0,4.715046624330451,4.284953375669549,1.9087828216922509,,4.715046624330451,3.7150466243304514,5,1.0,100.0,20.0,0.0,52.38940693700502,55.55555555555556,1.7999999999999998,44.44444444444444,11.11111111111111,,
2022,AL,UP,Pequeno (8–12),Menos competitivo,1,0,0,0,6630.0,1,0,1.0,0.0,1.0,,,1.0,1,0.0,,0.0,0.0,100.0,,,,0.0,,
2022,AM,AGIR,Pequeno (8–12),Menos competitivo,7,0,0,0,0.0,0,7,,,,,,,0,0.0,,,0.0,,,,,,,
2022,AM,AVANTE,Pequeno (8–12),Menos competitivo,9,4,0,0,1526000.0,9,0,7.072968934138431,1.927031065861569,1.2724500961061134,,,7.072968934138431,7,0.0,,0.0,3.333333333333333,78.58854371264924,,,,0.0,83.33333333333333,1.0714285714285714
2022,AM,CIDADANIA,Pequeno (8–12),Menos competitivo,5,0,0,1,850000.0,5,0,3.448687350835322,1.5513126491646778,1.4498269896193772,,3.448687350835322,2.448687350835322,3,0.0,0.0,0.0,0.0,68.97374701670644,60.0,0.0,-60.0,20.0,,
2022,AM,DC,Pequeno (8–12),Menos competitivo,5,0,0,0,173216.4,5,0,1.857668694697464,3.142331305302536,2.6915455992083075,,,1.857668694697464,2,0.0,,0.0,0.0,37.15337389394928,,,,0.0,,
2022,AM,MDB,Pequeno (8–12),Competitivo,9,1,0,0,4712816.72,9,0,3.775165021869484,5.224834978130516,2.3840017450530278,,,3.775165021869484,4,0.0,,0.0,0.0,41.94627802077204,,,,0.0,0.0,0.0
2022,AM,NOVO,Pequeno (8–12),Menos competitivo,1,0,0,0,1241.5300000000002,1,0,1.0,0.0,1.0,,,1.0,1,0.0,,0.0,0.0,100.0,,,,0.0,,
2022,AM,PATRIOTA,Pequeno (8–12),Menos competitivo,9,1,0,0,883650.0,9,0,5.203824766338159,3.796175233661841,1.72949713030655,,,5.203824766338159,5,0.0,,0.0,1.0,57.8202751815351,,,,0.0,100.0,1.7999999999999998
2022,AM,PC DO B,Pequeno (8–12),Menos competitivo,2,1,0,0,3301322.34,2,0,1.1252316108075868,0.8747683891924132,1.7774118508496093,,,1.1252316108075868,1,0.0,,0.0,1.0,56.26158054037934,,,,0.0,100.0,2.0
2022,AM,PDT,Pequeno (8–12),Menos competitivo,9,0,0,0,820000.0,9,0,6.121074192080108,2.878925807919892,1.4703301606186796,,,6.121074192080108,6,0.0,,0.0,0.0,68.01193546755675,,,,0.0,,
2022,AM,PL,Pequeno (8–12),Competitivo,9,2,1,1,3823011.67,9,0,3.332435033263789,5.667564966736212,2.700727819196341,3.332435033263789,3.332435033263789,2.332435033263789,3,1.0,100.0,33.333333333333336,1.0,37.02705592515321,33.333333333333336,3.0,66.66666666666666,11.11111111111111,50.0,1.5
2022,AM,PMN,Pequeno (8–12),Menos competitivo,9,0,0,0,265050.0,8,1,4.198881836279685,4.801118163720315,2.1434277864733216,,,4.198881836279685,4,0.0,,0.0,0.0,46.65424262532983,,,,0.0,,
2022,AM,PODE,Pequeno (8–12),Menos competitivo,1,0,0,0,0.0,0,1,,,,,,,0,0.0,,,0.0,,,,,,,
2022,AM,PROS,Pequeno (8–12),Menos competitivo,5,0,0,0,3000000.0,1,4,1.0,4.0,5.0,,,1.0,1,0.0,,0.0,0.0,20.0,,,,0.0,,
2022,AM,PSB,Pequeno (8–12),Competitivo,2,0,0,0,0.0,0,2,,,,,,,0,0.0,,,0.0,,,,,,,
2022,AM,PSC,Pequeno (8–12),Menos competitivo,9,0,0,0,249261.0,8,1,6.670929101454322,2.3290708985456776,1.3491374084665235,,,6.670929101454322,7,0.0,,0.0,0.0,74.12143446060358,,,,0.0,,
2022,AM,PSD,Pequeno (8–12),Competitivo,9,3,3,2,11022487.7,9,0,6.413768476703732,2.5862315232962683,1.4032311943734874,2.1379228255679106,3.206884238351866,4.413768476703732,6,2.0,100.0,33.333333333333336,3.0,71.26409418559702,66.66666666666667,1.5,33.33333333333333,22.22222222222222,100.0,1.5
2022,AM,PSDB,Pequeno (8–12),Competitivo,4,1,0,0,210000.0,4,0,3.127659574468085,0.8723404255319149,1.2789115646258504,,,3.127659574468085,3,0.0,,0.0,1.0,78.19148936170212,,,,0.0,100.0,1.3333333333333333
2022,AM,PSOL,Pequeno (8–12),Menos competitivo,3,0,0,0,180810.06,3,0,2.941176508862733,0.0588234911372671,1.0199999867264045,,,2.941176508862733,3,0.0,,0.0,0.0,98.03921696209109,,,,0.0,,
2022,AM,PT,Pequeno (8–12),Competitivo,5,1,1,0,4007278.51,5,0,3.486547300340961,1.5134526996590392,1.4340835127953186,3.486547300340961,,3.486547300340961,3,0.0,,0.0,1.0,69.73094600681921,,,,0.0,100.0,1.6666666666666667
2022,AM,PTB,Pequeno (8–12),Menos competitivo,6,0,0,0,502250.0,6,0,3.226654670616814,2.773345329383186,1.859511045491902,,,3.226654670616814,3,0.0,,0.0,0.0,53.777577843613564,,,,0.0,,
2022,AM,PV,Pequeno (8–12),Menos competitivo,2,0,0,0,100000.07,2,0,1.8615367260088245,0.1384632739911755,1.0743811669448198,,,1.8615367260088245,2,0.0,,0.0,0.0,93.07683630044123,,,,0.0,,
2022,AM,REDE,Pequeno (8–12),Menos competitivo,6,1,0,0,1293382.8,6,0,2.137082977422032,3.862917022577968,2.807565295025565,,,2.137082977422032,2,0.0,,0.0,1.0,35.618049623700536,,,,0.0,100.0,3.0
2022,AM,REPUBLICANOS,Pequeno (8–12),Competitivo,9,3,1,2,6868987.390000001,8,1,3.476080900388692,5.523919099611308,2.589122709714158,3.476080900388692,1.738040450194346,1.476080900388692,3,2.0,100.0,66.66666666666667,2.0,38.62312111542991,33.333333333333336,3.0,66.66666666666666,22.22222222222222,66.66666666666667,2.0
2022,AM,SOLIDARIEDADE,Pequeno (8–12),Menos competitivo,5,1,1,0,250000.0,5,0,4.770992366412212,0.2290076335877877,1.0480000000000005,4.770992366412212,,4.770992366412212,5,0.0,,0.0,1.0,95.41984732824424,,,,0.0,100.0,1.0
2022,AM,UNIAO,Pequeno (8–12),Competitivo,9,3,1,2,19448227.74,9,0,7.784706602462247,1.215293397537753,1.1561129352201105,7.784706602462247,3.892353301231124,5.784706602462247,8,2.0,100.0,25.0,3.0,86.4967400273583,88.88888888888889,1.125,11.111111111111114,22.22222222222222,100.0,1.125
2022,AP,AGIR,Pequeno (8–12),Menos competitivo,3,0,0,0,0.0,0,3,,,,,,,0,0.0,,,0.0,,,,,,,
2022,AP,AVANTE,Pequeno (8–12),Menos competitivo,5,1,0,0,0.0,0,5,,,,,,,0,0.0,,,0.0,,,,,,0.0,
2022,AP,MDB,Pequeno (8–12),Competitivo,9,1,1,2,5105000.0,9,0,6.242273813302036,2.7577261866979645,1.44178231669706,6.242273813302036,3.1211369066510177,4.242273813302036,6,2.0,100.0,33.333333333333336,1.0,69.35859792557818,66.66666666666667,1.5,33.33333333333333,22.22222222222222,100.0,1.5
2022,AP,PATRIOTA,Pequeno (8–12),Menos competitivo,9,0,0,0,500000.0,9,0,8.667163584045484,0.3328364159545156,1.038402,,,8.667163584045484,9,0.0,,0.0,0.0,96.30181760050539,,,,0.0,,
2022,AP,PC DO B,Pequeno (8–12),Menos competitivo,2,1,1,0,2425000.0,2,0,1.5933954276037254,0.4066045723962745,1.255181209480285,1.5933954276037254,,1.5933954276037254,2,0.0,,0.0,1.0,79.66977138018628,,,,0.0,100.0,1.0
2022,AP,PCO,Pequeno (8–12),Menos competitivo,1,0,0,0,3000.0,1,0,1.0,0.0,1.0,,,1.0,1,0.0,,0.0,0.0,100.0,,,,0.0,,
2022,AP,PDT,Pequeno (8–12),Menos competitivo,9,2,0,3,2226380.0,9,0,7.770198601059861,1.2298013989401388,1.158271552901157,,2.590066200353287,4.770198601059861,8,3.0,100.0,37.5,1.5,86.33554001177623,88.88888888888889,1.125,11.111111111111114,33.333333333333336,75.0,0.84375
2022,AP,PL,Pequeno (8–12),Competitivo,9,4,1,3,4976000.0,9,0,7.307505424427515,1.6924945755724847,1.2316104439573616,7.307505424427515,2.4358351414758386,4.307505424427515,7,2.0,66.66666666666667,28.571428571428573,4.0,81.19450471586129,77.77777777777777,0.8571428571428571,-11.1111111111111,33.333333333333336,100.0,1.2857142857142856
2022,AP,PODE,Pequeno (8–12),Menos competitivo,9,3,0,0,4801200.0,8,1,5.437177856091453,3.562822143908547,1.655270480055567,,,5.437177856091453,5,0.0,,0.0,3.0,60.41308728990503,,,,0.0,100.0,1.7999999999999998
2022,AP,PP,Pequeno (8–12),Competitivo,9,3,2,0,6900000.0,9,0,3.9741235392320537,5.025876460767947,2.264650283553875,1.9870617696160269,,3.9741235392320537,4,0.0,,0.0,2.0,44.15692821368949,,,,0.0,66.66666666666667,1.5
2022,AP,PRTB,Pequeno (8–12),Menos competitivo,6,0,0,0,1303.65,3,3,3.0,3.0,2.0,,,3.0,3,0.0,,0.0,0.0,50.0,,,,0.0,,
2022,AP,PSB,Pequeno (8–12),Competitivo,5,3,1,0,4086000.0,5,0,2.251282775984944,2.748717224015056,2.220956004877034,2.251282775984944,,2.251282775984944,2,0.0,,0.0,2.0,45.02565551969888,,,,0.0,66.66666666666667,1.6666666666666667
2022,AP,PSC,Pequeno (8–12),Menos competitivo,9,1,0,0,2499999.96,7,2,2.109902409368284,6.890097590631717,4.265600133939204,,,2.109902409368284,2,0.0,,0.0,1.0,23.443360104092044,,,,0.0,100.0,4.5
2022,AP,PSD,Pequeno (8–12),Competitivo,9,1,0,0,2118682.0,8,1,6.9633558681179695,2.0366441318820305,1.2924802595838731,,,6.9633558681179695,7,0.0,,0.0,0.0,77.37062075686633,,,,0.0,0.0,0.0
2022,AP,PSDB,Pequeno (8–12),Competitivo,7,2,1,0,3527720.0,7,0,2.827077369297097,4.172922630702903,2.476055334042884,2.827077369297097,,2.827077369297097,3,0.0,,0.0,2.0,40.3868195613871,,,,0.0,100.0,2.3333333333333335
2022,AP,PSOL,Pequeno (8–12),Menos competitivo,3,1,0,0,1828205.81,3,0,1.51799917102556,1.48200082897444,1.97628566422286,,,1.51799917102556,2,0.0,,0.0,1.0,50.59997236751867,,,,0.0,100.0,1.5
2022,AP,PT,Pequeno (8–12),Competitivo,4,2,0,0,1153976.39,4,0,3.1225842991868045,0.8774157008131955,1.280990236529946,,,3.1225842991868045,3,0.0,,0.0,2.0,78.06460747967012,,,,0.0,100.0,1.3333333333333333
2022,AP,PTB,Pequeno (8–12),Menos competitivo,9,1,0,0,7070000.0,9,0,4.070796243963222,4.929203756036778,2.2108696826441583,,,4.070796243963222,4,0.0,,0.0,1.0,45.23106937736913,,,,0.0,100.0,2.25
2022,AP,PV,Pequeno (8–12),Menos competitivo,3,1,0,0,299998.7,1,2,1.0,2.0,3.0,,,1.0,1,0.0,,0.0,0.0,33.333333333333336,,,,0.0,0.0,0.0
2022,AP,REDE,Pequeno (8–12),Menos competitivo,6,2,0,0,3850980.44,6,0,4.481432405080442,1.518567594919558,1.3388576369461718,,,4.481432405080442,4,0.0,,0.0,1.0,74.69054008467403,,,,0.0,50.0,0.75
2022,AP,REPUBLICANOS,Pequeno (8–12),Competitivo,8,4,1,0,5455164.27,5,3,3.464812058258373,4.535187941741627,2.3089275451267306,3.464812058258373,,3.464812058258373,3,0.0,,0.0,2.0,43.310150728229665,,,,0.0,50.0,1.3333333333333333
2022,BA,AGIR,Grande (39–70),Menos competitivo,13,0,0,0,56000.0,4,9,3.2131147540983607,9.78688524590164,4.045918367346939,,,3.2131147540983607,3,0.0,,0.0,0.0,24.71626733921816,,,,0.0,,
2022,BA,AVANTE,Grande (39–70),Menos competitivo,26,4,2,1,4931400.0,26,0,5.645451358724222,20.354548641275777,4.60547763994473,2.822725679362111,5.645451358724222,4.645451358724222,6,1.0,100.0,16.666666666666668,4.0,21.713274456631623,23.076923076923077,4.333333333333333,76.92307692307692,3.8461538461538463,100.0,4.333333333333333
2022,BA,CIDADANIA,Grande (39–70),Menos competitivo,12,1,1,0,3259398.5100000007,12,0,1.9746524193157915,10.025347580684208,6.07701886297435,1.9746524193157915,,1.9746524193157915,2,0.0,,0.0,1.0,16.455436827631598,,,,0.0,100.0,6.0
2022,BA,DC,Grande (39–70),Menos competitivo,15,0,0,0,140164.1,14,1,13.45659086973849,1.5434091302615105,1.114695404296817,,,13.45659086973849,13,0.0,,0.0,0.0,89.7106057982566,,,,0.0,,
2022,BA,MDB,Grande (39–70),Competitivo,39,2,1,1,5526376.92,39,0,4.40557401294181,34.59442598705819,8.852421928546345,4.40557401294181,4.40557401294181,3.40557401294181,4,1.0,100.0,25.0,1.0,11.296343622927717,10.256410256410257,9.75,89.74358974358974,2.5641025641025643,50.0,4.875
2022,BA,NOVO,Grande (39–70),Menos competitivo,6,0,0,0,7449.180000000002,6,0,5.999999999999999,0.0,1.0000000000000002,,,5.999999999999999,6,0.0,,0.0,0.0,99.99999999999999,,,,0.0,,
2022,BA,PATRIOTA,Grande (39–70),Menos competitivo,24,0,0,0,824000.0,10,14,2.7777250486835,21.2222749513165,8.64016401168819,,,2.7777250486835,3,0.0,,0.0,0.0,11.573854369514583,,,,0.0,,
2022,BA,PC DO B,Grande (39–70),Menos competitivo,3,2,2,2,6037478.58,3,0,2.0750179790676526,0.9249820209323474,1.4457706054903487,1.0375089895338263,1.0375089895338263,0.0750179790676526,2,2.0,100.0,100.0,2.0,69.16726596892175,66.66666666666667,1.5,33.33333333333333,66.66666666666667,100.0,1.5
2022,BA,PCB,Grande (39–70),Menos competitivo,2,0,0,0,0.0,0,2,,,,,,,0,0.0,,,0.0,,,,,,,
2022,BA,PDT,Grande (39–70),Menos competitivo,39,6,1,2,6228081.77,39,0,9.35630649901071,29.64369350098929,4.168311502420711,9.35630649901071,4.678153249505355,7.35630649901071,9,2.0,100.0,22.22222222222222,6.0,23.990529484642845,23.076923076923077,4.333333333333333,76.92307692307692,5.128205128205129,100.0,4.333333333333333
2022,BA,PL,Grande (39–70),Competitivo,37,4,2,3,6529980.48,29,8,9.694252960797288,27.305747039202718,3.816694298119181,4.847126480398644,3.231417653599096,6.694252960797288,10,3.0,100.0,30.0,3.0,26.200683677830508,27.027027027027028,3.6999999999999997,72.97297297297297,8.108108108108109,75.0,2.775
2022,BA,PMB,Grande (39–70),Menos competitivo,31,0,0,0,14027.630000000005,31,0,30.024769916863463,0.975230083136534,1.0324808511717785,,,30.024769916863463,30,0.0,,0.0,0.0,96.85409650601116,,,,0.0,,
2022,BA,PODE,Grande (39–70),Menos competitivo,39,4,1,1,6077237.5,37,2,14.16122150902664,24.83877849097336,2.753999715006268,14.16122150902664,14.16122150902664,13.16122150902664,14,1.0,100.0,7.142857142857143,3.0,36.31082438211959,35.8974358974359,2.7857142857142856,64.1025641025641,2.5641025641025643,75.0,2.0892857142857144
2022,BA,PP,Grande (39–70),Competitivo,38,5,4,4,20060000.0,37,1,13.273462548323684,24.726537451676315,2.862855103681974,3.3183656370809214,3.3183656370809214,9.273462548323684,13,4.0,100.0,30.76923076923077,5.0,34.9301646008518,34.21052631578947,2.923076923076923,65.78947368421052,10.526315789473685,100.0,2.923076923076923
2022,BA,PROS,Grande (39–70),Menos competitivo,23,0,0,0,1950930.0,12,11,7.1459084160093855,15.854091583990614,3.2186250734016952,,,7.1459084160093855,7,0.0,,0.0,0.0,31.069167026127765,,,,0.0,,
2022,BA,PRTB,Grande (39–70),Menos competitivo,11,0,0,0,12420.0,2,9,2.0,9.0,5.5,,,2.0,2,0.0,,0.0,0.0,18.181818181818183,,,,0.0,,
2022,BA,PSB,Grande (39–70),Competitivo,30,2,1,1,5608089.539999998,29,1,3.1512483176388195,26.84875168236118,9.520036815911263,3.1512483176388195,3.1512483176388195,2.1512483176388195,3,1.0,100.0,33.333333333333336,2.0,10.504161058796065,10.0,10.0,90.0,3.3333333333333335,100.0,10.0
2022,BA,PSC,Grande (39–70),Menos competitivo,38,3,0,0,5589660.0,35,3,4.973624133991758,33.026375866008244,7.640303926525656,,,4.973624133991758,5,0.0,,0.0,3.0,13.088484563136205,,,,0.0,100.0,7.6
2022,BA,PSD,Grande (39–70),Competitivo,13,7,5,6,18325163.77,13,0,10.876176457338207,2.1238235426617926,1.1952729942358409,2.1752352914676414,1.8126960762230344,4.876176457338207,11,6.0,100.0,54.54545454545455,7.0,83.66289582567853,84.61538461538461,1.1818181818181819,15.384615384615387,46.15384615384615,100.0,1.1818181818181817
2022,BA,PSDB,Grande (39–70),Competitivo,17,3,1,1,5999400.0,17,0,3.8051802736381375,13.194819726361862,4.467593852983548,3.8051802736381375,3.8051802736381375,2.8051802736381384,4,1.0,100.0,25.0,2.5,22.383413374341984,23.529411764705884,4.25,76.47058823529412,5.882352941176471,83.33333333333333,3.5416666666666665
2022,BA,PSOL,Grande (39–70),Menos competitivo,27,0,0,0,1130324.22,27,0,16.379922668795693,10.620077331204309,1.6483594303797242,,,16.379922668795693,16,0.0,,0.0,0.0,60.66638025479887,,,,0.0,,
2022,BA,PT,Grande (39–70),Competitivo,26,8,7,7,25372596.42,26,0,15.512890052380074,10.487109947619926,1.6760255447057033,2.2161271503400104,2.2161271503400104,8.512890052380074,16,7.0,100.0,43.75,8.0,59.664961739923356,61.53846153846154,1.625,38.46153846153846,26.923076923076923,100.0,1.625
2022,BA,PTB,Grande (39–70),Menos competitivo,36,3,0,0,992000.0,25,11,5.090969290621638,30.909030709378364,7.071344953173776,,,5.090969290621638,5,0.0,,0.0,2.0,14.141581362837885,,,,0.0,66.66666666666667,4.8
2022,BA,PV,Grande (39–70),Menos competitivo,3,1,1,1,2373624.52,3,0,1.2514026001614889,1.7485973998385111,2.397310026056252,1.2514026001614889,1.2514026001614889,0.2514026001614888,1,1.0,100.0,100.0,1.0,41.713420005382964,33.333333333333336,3.0,66.66666666666666,33.333333333333336,100.0,3.0
2022,BA,REDE,Grande (39–70),Menos competitivo,13,1,0,0,656831.0,12,1,7.68586039432578,5.31413960567422,1.6914176595762105,,,7.68586039432578,8,0.0,,0.0,1.0,59.12200303327523,,,,0.0,100.0,1.625
2022,BA,REPUBLICANOS,Grande (39–70),Competitivo,40,5,3,3,12106634.44,40,0,13.819603885140063,26.18039611485993,2.894438967459203,4.606534628380022,4.606534628380022,10.819603885140063,14,3.0,100.0,21.428571428571427,4.0,34.54900971285016,35.0,2.857142857142857,65.0,7.5,80.0,2.2857142857142856
2022,BA,SOLIDARIEDADE,Grande (39–70),Menos competitivo,33,0,0,0,2982352.78,33,0,13.677313567829454,19.322686432170546,2.412754510331592,,,13.677313567829454,14,0.0,,0.0,0.0,41.44640475099834,,,,0.0,,
2022,BA,UNIAO,Grande (39–70),Competitivo,34,14,7,6,46861588.400000006,33,1,19.77593783264402,14.224062167355982,1.7192610680579916,2.8251339760920025,3.295989638774003,13.775937832644018,20,6.0,100.0,30.0,14.0,58.16452303718829,58.8235294117647,1.7,41.1764705882353,17.647058823529413,100.0,1.7000000000000002
2022,BA,UP,Grande (39–70),Menos competitivo,1,0,0,0,73500.0,1,0,1.0,0.0,1.0,,,1.0,1,0.0,,0.0,0.0,100.0,,,,0.0,,
2022,CE,AGIR,Médio (16–31),Menos competitivo,14,0,0,0,81177.46,14,0,12.448249571934388,1.5517504280656116,1.1246561148295229,,,12.448249571934388,12,0.0,,0.0,0.0,88.91606837095992,,,,0.0,,
2022,CE,AVANTE,Médio (16–31),Menos competitivo,23,3,0,0,3210000.0,23,0,16.816156670746636,6.183843329253364,1.3677322619151595,,,16.816156670746636,17,0.0,,0.0,3.0,73.11372465542016,,,,0.0,100.0,1.352941176470588
2022,CE,CIDADANIA,Médio (16–31),Menos competitivo,3,1,0,0,2370000.0,3,0,1.156954829141692,1.843045170858308,2.593013940073706,,,1.156954829141692,1,0.0,,0.0,1.0,38.56516097138974,,,,0.0,100.0,3.0
2022,CE,MDB,Médio (16–31),Competitivo,22,2,0,1,5466759.96,22,0,3.543676308547472,18.45632369145253,6.20824197371956,,3.543676308547472,2.543676308547472,4,1.0,100.0,25.0,2.0,16.107619584306693,18.181818181818183,5.5,81.81818181818181,4.545454545454546,100.0,5.5
2022,CE,NOVO,Médio (16–31),Menos competitivo,1,0,0,0,1241.5300000000002,1,0,1.0,0.0,1.0,,,1.0,1,0.0,,0.0,0.0,100.0,,,,0.0,,
2022,CE,PATRIOTA,Médio (16–31),Menos competitivo,17,0,0,0,300000.0,17,0,15.517241379310349,1.4827586206896513,1.0955555555555552,,,15.517241379310349,16,0.0,,0.0,0.0,91.27789046653146,,,,0.0,,
2022,CE,PC DO B,Médio (16–31),Menos competitivo,2,1,0,0,3030000.0,2,0,1.0541974302150672,0.9458025697849328,1.897177836595541,,,1.0541974302150672,1,0.0,,0.0,1.0,52.70987151075336,,,,0.0,100.0,2.0
2022,CE,PCB,Médio (16–31),Menos competitivo,2,0,0,0,0.0,0,2,,,,,,,0,0.0,,,0.0,,,,,,,
2022,CE,PCO,Médio (16–31),Menos competitivo,1,0,0,0,3000.0,1,0,1.0,0.0,1.0,,,1.0,1,0.0,,0.0,0.0,100.0,,,,0.0,,
2022,CE,PDT,Médio (16–31),Menos competitivo,19,9,7,5,10494670.0,19,0,9.164915648732524,9.835084351267476,2.073123281023065,1.309273664104646,1.8329831297465045,4.1649156487325225,9,5.0,100.0,55.55555555555556,8.0,48.23639815122381,47.36842105263158,2.111111111111111,52.63157894736842,26.31578947368421,88.88888888888889,1.876543209876543
2022,CE,PL,Médio (16–31),Competitivo,18,8,3,5,11083966.38,10,8,6.85948869585589,11.140511304144107,2.6241022907253377,2.2864962319519635,1.371897739171178,1.85948869585589,7,3.0,60.0,42.85714285714285,5.0,38.10827053253272,38.888888888888886,1.542857142857143,21.111111111111114,27.77777777777778,62.5,1.6071428571428572
2022,CE,PMB,Médio (16–31),Menos competitivo,8,0,0,0,16800.0,8,0,7.981900452488689,0.0180995475113112,1.002267573696145,,,7.981900452488689,8,0.0,,0.0,0.0,99.7737556561086,,,,0.0,,
2022,CE,PMN,Médio (16–31),Menos competitivo,8,0,0,0,1310000.0,7,1,3.507255262620069,4.492744737379931,2.28098595652934,,,3.507255262620069,4,0.0,,0.0,0.0,43.84069078275086,,,,0.0,,
2022,CE,PODE,Médio (16–31),Menos competitivo,18,1,0,0,382964.67999999993,17,1,15.985636311428951,2.0143636885710468,1.1260108543274483,,,15.985636311428951,16,0.0,,0.0,1.0,88.80909061904974,,,,0.0,100.0,1.125
2022,CE,PP,Médio (16–31),Competitivo,16,4,1,1,4631156.37,15,1,6.835913459988796,9.164086540011205,2.3405796597118163,6.835913459988796,6.835913459988796,5.835913459988796,7,1.0,100.0,14.285714285714286,4.0,42.72445912492998,43.75,2.2857142857142856,56.25,6.25,100.0,2.2857142857142856
2022,CE,PROS,Médio (16–31),Menos competitivo,12,0,0,0,0.0,0,12,,,,,,,0,0.0,,,0.0,,,,,,,
2022,CE,PSB,Médio (16–31),Competitivo,22,3,1,0,7072305.0,22,0,6.3480909920724375,15.651909007927562,3.465608799160855,6.3480909920724375,,6.3480909920724375,6,0.0,,0.0,1.0,28.854959054874715,,,,0.0,33.333333333333336,1.222222222222222
2022,CE,PSC,Médio (16–31),Menos competitivo,18,0,0,0,500000.0,15,3,10.570824524312895,7.429175475687105,1.7028,,,10.570824524312895,11,0.0,,0.0,0.0,58.72680291284942,,,,0.0,,
2022,CE,PSD,Médio (16–31),Competitivo,17,3,2,3,8299700.0,16,1,7.762879105995708,9.237120894004292,2.1899091519884606,3.881439552997854,2.587626368665236,4.762879105995708,8,3.0,100.0,37.5,3.0,45.66399474115122,47.05882352941177,2.125,52.94117647058823,17.647058823529413,100.0,2.125
2022,CE,PSDB,Médio (16–31),Competitivo,11,0,0,0,2377134.6,11,0,2.3112356452400986,8.6887643547599,4.759358926751618,,,2.3112356452400986,2,0.0,,0.0,0.0,21.01123313854635,,,,0.0,,
2022,CE,PSOL,Médio (16–31),Menos competitivo,18,1,0,0,1494667.19,18,0,11.95077984447292,6.049220155527081,1.5061778590394472,,,11.95077984447292,12,0.0,,0.0,1.0,66.39322135818288,,,,0.0,100.0,1.5
2022,CE,PT,Médio (16–31),Competitivo,15,3,3,3,8184787.68,15,0,5.166959947935653,9.833040052064348,2.9030610167576247,1.7223199826452176,1.7223199826452176,2.166959947935653,5,3.0,100.0,60.0,3.0,34.446399652904354,33.333333333333336,3.0,66.66666666666666,20.0,100.0,3.0
2022,CE,PTB,Médio (16–31),Menos competitivo,19,0,0,0,762489.0,10,9,3.218667606549798,15.781332393450205,5.903063727778577,,,3.218667606549798,3,0.0,,0.0,0.0,16.940355823946305,,,,0.0,,
2022,CE,PV,Médio (16–31),Menos competitivo,2,1,0,0,272371.53,2,0,1.4955015132228402,0.5044984867771598,1.3373440162490735,,,1.4955015132228402,1,0.0,,0.0,1.0,74.77507566114201,,,,0.0,100.0,2.0
2022,CE,REDE,Médio (16–31),Menos competitivo,4,0,0,0,994230.0,4,0,2.0022720667546263,1.9977279332453737,1.9977305114601045,,,2.0022720667546263,2,0.0,,0.0,0.0,50.05680166886566,,,,0.0,,
2022,CE,REPUBLICANOS,Médio (16–31),Competitivo,16,1,0,0,4617498.779999999,15,1,7.441140984218664,8.558859015781337,2.15020788262622,,,7.441140984218664,7,0.0,,0.0,1.0,46.50713115136665,,,,0.0,100.0,2.2857142857142856
2022,CE,UNIAO,Médio (16–31),Competitivo,23,8,5,4,26729053.960000005,22,1,12.949579270461577,10.050420729538423,1.7761194799945177,2.5899158540923155,3.237394817615394,8.949579270461577,13,4.0,100.0,30.76923076923077,7.0,56.30251856722425,56.52173913043478,1.7692307692307694,43.47826086956522,17.391304347826086,87.5,1.5480769230769231
2022,CE,UP,Médio (16–31),Menos competitivo,1,0,0,0,10000.0,1,0,1.0,0.0,1.0,,,1.0,1,0.0,,0.0,0.0,100.0,,,,0.0,,
2022,DF,AGIR,Pequeno (8–12),Menos competitivo,8,0,0,0,953199.14,8,0,5.103379108156765,2.8966208918432352,1.5675888133048057,,,5.103379108156765,5,0.0,,0.0,0.0,63.79223885195956,,,,0.0,,
2022,DF,AVANTE,Pequeno (8–12),Menos competitivo,9,1,0,0,118333.31,9,0,4.369343443234091,4.630656556765909,2.05980603651939,,,4.369343443234091,4,0.0,,0.0,0.0,48.54826048037879,,,,0.0,0.0,0.0
2022,DF,CIDADANIA,Pequeno (8–12),Menos competitivo,6,0,1,0,983000.0,6,0,2.9893948440627525,3.0106051559372475,2.0070951858088004,2.9893948440627525,,2.9893948440627525,3,0.0,,0.0,0.0,49.823247401045876,,,,0.0,,
2022,DF,DC,Pequeno (8–12),Menos competitivo,9,0,0,0,99558.84,9,0,7.198169401913956,1.801830598086044,1.2503178929919243,,,7.198169401913956,7,0.0,,0.0,0.0,79.97966002126617,,,,0.0,,
2022,DF,MDB,Pequeno (8–12),Competitivo,8,2,0,1,5482248.220000001,8,0,3.734783292941858,4.265216707058142,2.1420252187372477,,3.734783292941858,2.734783292941858,4,1.0,100.0,25.0,2.0,46.68479116177323,50.0,2.0,50.0,12.5,100.0,2.0
2022,DF,NOVO,Pequeno (8–12),Menos competitivo,6,0,0,0,222449.18,6,0,1.2183014959584892,4.781698504041511,4.924889298670315,,,1.2183014959584892,1,0.0,,0.0,0.0,20.305024932641487,,,,0.0,,
2022,DF,PATRIOTA,Pequeno (8–12),Menos competitivo,7,0,0,0,385000.0,6,1,2.072352324362112,4.927647675637889,3.37780401416765,,,2.072352324362112,2,0.0,,0.0,0.0,29.605033205173026,,,,0.0,,
2022,DF,PC DO B,Pequeno (8–12),Menos competitivo,2,0,0,0,723895.39,2,0,1.7952423553644343,0.2047576446355654,1.1140557117671166,,,1.7952423553644343,2,0.0,,0.0,0.0,89.76211776822171,,,,0.0,,
2022,DF,PCO,Pequeno (8–12),Menos competitivo,5,0,0,0,60454.55,5,0,5.000000000000001,0.0,0.9999999999999998,,,5.000000000000001,5,0.0,,0.0,0.0,100.00000000000003,,,,0.0,,
2022,DF,PDT,Pequeno (8–12),Menos competitivo,9,0,0,0,405410.0,9,0,8.635317402287955,0.3646825977120453,1.0422315220996303,,,8.635317402287955,9,0.0,,0.0,0.0,95.94797113653283,,,,0.0,,
2022,DF,PL,Pequeno (8–12),Competitivo,8,2,2,2,5311250.0,8,0,4.065536105106736,3.934463894893264,1.9677601657383312,2.032768052553368,2.032768052553368,2.065536105106736,4,2.0,100.0,50.0,2.0,50.81920131383419,50.0,2.0,50.0,25.0,100.0,2.0
2022,DF,PMN,Pequeno (8–12),Menos competitivo,9,0,0,0,724738.24,9,0,1.412425105142643,7.587574894857357,6.372019278920333,,,1.412425105142643,1,0.0,,0.0,0.0,15.6936122793627,,,,0.0,,
2022,DF,PODE,Pequeno (8–12),Menos competitivo,9,0,0,0,917294.0,9,0,6.693175992058314,2.306824007941686,1.3446531229238277,,,6.693175992058314,7,0.0,,0.0,0.0,74.36862213398126,,,,0.0,,
2022,DF,PP,Pequeno (8–12),Competitivo,9,3,1,0,9875430.0,9,0,7.248694753885331,1.7513052461146694,1.241602841004715,7.248694753885331,,7.248694753885331,7,0.0,,0.0,3.0,80.54105282094811,,,,0.0,100.0,1.2857142857142856
2022,DF,PROS,Pequeno (8–12),Menos competitivo,8,0,0,0,550000.0,3,5,1.7536231884057971,6.246376811594203,4.56198347107438,,,1.7536231884057971,2,0.0,,0.0,0.0,21.920289855072465,,,,0.0,,
2022,DF,PRTB,Pequeno (8–12),Menos competitivo,3,0,0,0,5148.25,3,0,2.49777217350299,0.5022278264970099,1.201070310505006,,,2.49777217350299,2,0.0,,0.0,0.0,83.25907245009967,,,,0.0,,
2022,DF,PSB,Pequeno (8–12),Competitivo,9,2,1,0,6856210.5,9,0,3.527660428396637,5.472339571603364,2.5512659686722188,3.527660428396637,,3.527660428396637,4,0.0,,0.0,2.0,39.196226982184854,,,,0.0,100.0,2.25
2022,DF,PSC,Pequeno (8–12),Menos competitivo,9,0,0,0,218800.0,9,0,7.074084144078115,1.9259158559218847,1.272249497842645,,,7.074084144078115,7,0.0,,0.0,0.0,78.60093493420128,,,,0.0,,
2022,DF,PSD,Pequeno (8–12),Competitivo,9,2,0,0,3800000.0,9,0,7.742627345844505,1.2573726541554953,1.1623961218836565,,,7.742627345844505,8,0.0,,0.0,2.0,86.02919273160562,,,,0.0,100.0,1.125
2022,DF,PSDB,Pequeno (8–12),Competitivo,3,0,0,0,1835016.0,2,1,1.0332315228299929,1.9667684771700071,2.9035118787153165,,,1.0332315228299929,1,0.0,,0.0,0.0,34.441050760999765,,,,0.0,,
2022,DF,PSOL,Pequeno (8–12),Menos competitivo,6,0,0,0,766262.03,6,0,5.390811286521426,0.6091887134785736,1.1130050155904585,,,5.390811286521426,5,0.0,,0.0,0.0,89.8468547753571,,,,0.0,,
2022,DF,PSTU,Pequeno (8–12),Menos competitivo,2,0,0,0,5160.0,2,0,2.0,0.0,1.0,,,2.0,2,0.0,,0.0,0.0,100.0,,,,0.0,,
2022,DF,PT,Pequeno (8–12),Competitivo,4,2,1,1,3913577.73,4,0,2.444794703094549,1.5552052969054508,1.6361291992889702,2.444794703094549,2.444794703094549,1.4447947030945492,2,1.0,100.0,50.0,1.0,61.11986757736373,50.0,2.0,50.0,25.0,50.0,1.0
2022,DF,PTB,Pequeno (8–12),Menos competitivo,9,0,0,0,440000.0,6,3,4.833957553058677,4.166042446941323,1.8618285123966944,,,4.833957553058677,5,0.0,,0.0,0.0,53.71063947842974,,,,0.0,,
2022,DF,PV,Pequeno (8–12),Menos competitivo,2,1,0,1,883525.7,2,0,1.461256796387295,0.5387432036127047,1.3686848231910052,,1.461256796387295,0.4612567963872953,1,1.0,100.0,100.0,1.0,73.06283981936475,50.0,2.0,50.0,50.0,100.0,2.0
2022,DF,REDE,Pequeno (8–12),Menos competitivo,3,0,0,0,755625.03,3,0,2.961436161364944,0.0385638386350564,1.0130220057207926,,,2.961436161364944,3,0.0,,0.0,0.0,98.71453871216481,,,,0.0,,
2022,DF,REPUBLICANOS,Pequeno (8–12),Competitivo,9,3,2,3,5311415.510000001,9,0,7.008812396821059,1.9911876031789408,1.2840977173368302,3.5044061984105297,2.3362707989403533,4.008812396821059,7,3.0,100.0,42.85714285714285,3.0,77.87569329801177,77.77777777777777,1.2857142857142856,22.22222222222223,33.333333333333336,100.0,1.2857142857142856
2022,DF,SOLIDARIEDADE,Pequeno (8–12),Menos competitivo,7,0,0,0,112000.0,3,4,2.9570957095709574,4.042904290429043,2.3671875,,,2.9570957095709574,3,0.0,,0.0,0.0,42.244224422442244,,,,0.0,,
2022,DF,UNIAO,Pequeno (8–12),Competitivo,9,3,0,0,8084435.47,9,0,5.794641838282083,3.2053581617179168,1.5531589787899984,,,5.794641838282083,6,0.0,,0.0,3.0,64.38490931424536,,,,0.0,100.0,1.5
2022,DF,UP,Pequeno (8–12),Menos competitivo,1,0,0,0,26078.7,1,0,1.0,0.0,1.0,,,1.0,1,0.0,,0.0,0.0,100.0,,,,0.0,,
2022,ES,AGIR,Pequeno (8–12),Menos competitivo,3,0,0,0,0.0,0,3,,,,,,,0,0.0,,,0.0,,,,,,,
2022,ES,AVANTE,Pequeno (8–12),Menos competitivo,7,0,0,0,2142.0,1,6,1.0,6.0,7.0,,,1.0,1,0.0,,0.0,0.0,14.285714285714286,,,,0.0,,
2022,ES,CIDADANIA,Pequeno (8–12),Menos competitivo,2,0,0,0,250000.0,1,1,1.0,1.0,2.0,,,1.0,1,0.0,,0.0,0.0,50.0,,,,0.0,,
2022,ES,DC,Pequeno (8–12),Menos competitivo,8,0,0,0,90887.2,8,0,7.78833034823777,0.2116696517622296,1.0271777957916388,,,7.78833034823777,8,0.0,,0.0,0.0,97.35412935297212,,,,0.0,,
2022,ES,NOVO,Pequeno (8–12),Menos competitivo,1,0,0,0,117672.77,1,0,1.0,0.0,1.0,,,1.0,1,0.0,,0.0,0.0,100.0,,,,0.0,,
2022,ES,PATRIOTA,Pequeno (8–12),Menos competitivo,11,3,0,0,3060000.0,11,0,6.486677462093331,4.513322537906669,1.6957834059549748,,,6.486677462093331,6,0.0,,0.0,3.0,58.969795109939376,,,,0.0,100.0,1.8333333333333333
2022,ES,PC DO B,Pequeno (8–12),Menos competitivo,2,0,0,0,405000.0,2,0,1.0506004803843076,0.9493995196156924,1.903673220545648,,,1.0506004803843076,1,0.0,,0.0,0.0,52.53002401921538,,,,0.0,,
2022,ES,PDT,Pequeno (8–12),Menos competitivo,11,2,0,0,3371200.0,11,0,3.5538809504249125,7.446119049575087,3.0952077892999785,,,3.5538809504249125,4,0.0,,0.0,1.5,32.30800864022648,,,,0.0,75.0,2.0625
2022,ES,PL,Pequeno (8–12),Competitivo,11,0,0,1,1126000.0,11,0,10.94166177638165,0.0583382236183496,1.005331751685496,,10.94166177638165,9.94166177638165,11,1.0,100.0,9.090909090909092,0.0,99.46965251256046,100.0,1.0,0.0,9.090909090909092,,
2022,ES,PMB,Pequeno (8–12),Menos competitivo,6,0,0,0,0.0,0,6,,,,,,,0,0.0,,,0.0,,,,,,,
2022,ES,PODE,Pequeno (8–12),Menos competitivo,11,3,0,2,7452100.0,11,0,7.507495333912962,3.4925046660870382,1.4652023758590496,,3.753747666956481,5.507495333912962,8,2.0,100.0,25.0,2.0,68.24995758102692,72.72727272727273,1.375,27.272727272727266,18.181818181818183,66.66666666666667,0.9166666666666667
2022,ES,PP,Pequeno (8–12),Competitivo,11,6,4,2,12677080.0,11,0,8.796905544572555,2.203094455427445,1.2504397079478355,2.1992263861431387,4.398452772286277,6.796905544572555,9,2.0,100.0,22.22222222222222,6.0,79.97186858702322,81.81818181818181,1.222222222222222,18.181818181818187,18.181818181818183,100.0,1.222222222222222
2022,ES,PRTB,Pequeno (8–12),Menos competitivo,8,0,0,0,0.0,0,8,,,,,,,0,0.0,,,0.0,,,,,,,
2022,ES,PSB,Pequeno (8–12),Competitivo,11,6,1,1,9925202.5,11,0,6.850435913534023,4.149564086465977,1.605737231738482,6.850435913534023,6.850435913534023,5.850435913534023,7,1.0,100.0,14.285714285714286,5.0,62.276690123036566,63.63636363636363,1.5714285714285714,36.36363636363637,9.090909090909092,83.33333333333333,1.3095238095238095
2022,ES,PSC,Pequeno (8–12),Menos competitivo,10,5,1,0,6100000.0,10,0,3.762386248736097,6.237613751263903,2.657887664606289,3.762386248736097,,3.762386248736097,4,0.0,,0.0,4.0,37.62386248736097,,,,0.0,80.0,2.0
2022,ES,PSD,Pequeno (8–12),Competitivo,5,0,0,0,110000.0,5,0,3.142857142857143,1.8571428571428568,1.590909090909091,,,3.142857142857143,3,0.0,,0.0,0.0,62.857142857142854,,,,0.0,,
2022,ES,PSDB,Pequeno (8–12),Competitivo,9,3,0,0,4945600.0,8,1,5.51722294038899,3.48277705961101,1.6312554517446158,,,5.51722294038899,6,0.0,,0.0,3.0,61.30247711543322,,,,0.0,100.0,1.5
2022,ES,PSOL,Pequeno (8–12),Menos competitivo,3,0,0,0,230733.06,3,0,2.747586027947753,0.2524139720522464,1.0918675409922582,,,2.747586027947753,3,0.0,,0.0,0.0,91.58620093159176,,,,0.0,,
2022,ES,PT,Pequeno (8–12),Competitivo,7,2,1,2,3537506.97,7,0,2.948306201490935,4.051693798509065,2.3742445735317976,2.948306201490935,1.4741531007454676,0.9483062014909353,3,2.0,100.0,66.66666666666667,1.0,42.11866002129908,42.857142857142854,2.3333333333333335,57.142857142857146,28.571428571428573,50.0,1.1666666666666667
2022,ES,PTB,Pequeno (8–12),Menos competitivo,11,3,1,0,5948021.2,11,0,3.292964371014155,7.707035628985845,3.3404552131890397,3.292964371014155,,3.292964371014155,3,0.0,,0.0,1.0,29.93603973649232,,,,0.0,33.333333333333336,1.222222222222222
2022,ES,PV,Pequeno (8–12),Menos competitivo,2,0,0,0,148000.0,2,0,1.996718322698268,0.0032816773017319,1.0016435354273192,,,1.996718322698268,2,0.0,,0.0,0.0,99.8359161349134,,,,0.0,,
2022,ES,REDE,Pequeno (8–12),Menos competitivo,8,0,0,0,1491227.46,8,0,4.7262717546319175,3.2737282453680825,1.692666104558992,,,4.7262717546319175,5,0.0,,0.0,0.0,59.07839693289897,,,,0.0,,
2022,ES,REPUBLICANOS,Pequeno (8–12),Competitivo,11,3,1,2,6795000.0,9,2,5.505107542243422,5.494892457756578,1.998144435070803,5.505107542243422,2.752553771121711,3.5051075422434224,6,2.0,100.0,33.333333333333336,3.0,50.046432202212934,54.54545454545455,1.8333333333333335,45.45454545454545,18.181818181818183,100.0,1.8333333333333333
2022,ES,SOLIDARIEDADE,Pequeno (8–12),Menos competitivo,5,0,0,0,225000.0,5,0,2.626459143968872,2.3735408560311284,1.903703703703704,,,2.626459143968872,3,0.0,,0.0,0.0,52.52918287937744,,,,0.0,,
2022,ES,UNIAO,Pequeno (8–12),Competitivo,11,3,1,0,7660030.0,11,0,8.606649358261999,2.3933506417380013,1.2780815788016846,8.606649358261999,,8.606649358261999,9,0.0,,0.0,3.0,78.2422668932909,,,,0.0,100.0,1.222222222222222
2022,GO,AGIR,Médio (16–31),Menos competitivo,18,0,0,0,787168.0,17,1,12.317679476321194,5.682320523678806,1.4613142056993913,,,12.317679476321194,12,0.0,,0.0,0.0,68.43155264622885,,,,0.0,,
2022,GO,AVANTE,Médio (16–31),Menos competitivo,18,1,0,0,3361992.0,18,0,10.199058888107484,7.800941111892516,1.7648687195039858,,,10.199058888107484,10,0.0,,0.0,1.0,56.6614382672638,,,,0.0,100.0,1.7999999999999998
2022,GO,CIDADANIA,Médio (16–31),Menos competitivo,3,0,0,0,370000.0,3,0,2.9472551130247577,0.0527448869752422,1.0178962746530311,,,2.9472551130247577,3,0.0,,0.0,0.0,98.24183710082525,,,,0.0,,
2022,GO,DC,Médio (16–31),Menos competitivo,9,0,0,0,60046.0,9,0,7.176501319843151,1.823498680156849,1.2540929902869025,,,7.176501319843151,7,0.0,,0.0,0.0,79.73890355381279,,,,0.0,,
2022,GO,MDB,Médio (16–31),Competitivo,12,2,2,2,7910516.979999999,12,0,4.925435304718909,7.074564695281091,2.436332883817024,2.4627176523594545,2.4627176523594545,2.925435304718909,5,2.0,100.0,40.0,1.0,41.045294205990906,41.666666666666664,2.4,58.333333333333336,16.666666666666668,50.0,1.2
2022,GO,NOVO,Médio (16–31),Menos competitivo,14,1,0,0,218475.67,14,0,5.763409402869641,8.236590597130359,2.4291177359410394,,,5.763409402869641,6,0.0,,0.0,1.0,41.16721002049743,,,,0.0,100.0,2.3333333333333335
2022,GO,PATRIOTA,Médio (16–31),Menos competitivo,16,5,1,0,10310500.0,16,0,8.325083787640075,7.674916212359925,1.9219025787769932,8.325083787640075,,8.325083787640075,8,0.0,,0.0,4.0,52.03177367275047,,,,0.0,80.0,1.6
2022,GO,PC DO B,Médio (16–31),Menos competitivo,2,0,0,0,402000.0,2,0,1.1890165840163631,0.8109834159836369,1.682062325189971,,,1.1890165840163631,1,0.0,,0.0,0.0,59.450829200818156,,,,0.0,,
2022,GO,PCB,Médio (16–31),Menos competitivo,2,0,0,0,0.0,0,2,,,,,,,0,0.0,,,0.0,,,,,,,
2022,GO,PCO,Médio (16–31),Menos competitivo,1,0,0,0,3000.0,1,0,1.0,0.0,1.0,,,1.0,1,0.0,,0.0,0.0,100.0,,,,0.0,,
2022,GO,PDT,Médio (16–31),Menos competitivo,8,2,1,1,3843375.0,7,1,1.9891263647417516,6.010873635258249,4.02186615280153,1.9891263647417516,1.9891263647417516,0.9891263647417514,2,1.0,100.0,50.0,2.0,24.864079559271897,25.0,4.0,75.0,12.5,100.0,4.0
2022,GO,PL,Médio (16–31),Competitivo,17,4,3,4,6270000.0,13,4,4.003391073228851,12.996608926771149,4.246400036629199,1.3344636910762837,1.0008477683072128,0.0033910732288511,4,2.0,50.0,50.0,3.0,23.54935925428736,23.529411764705884,2.125,26.470588235294116,23.529411764705884,75.0,3.1875
2022,GO,PMN,Médio (16–31),Menos competitivo,14,0,0,0,705000.0,14,0,4.122123159859009,9.877876840140992,3.396308032795131,,,4.122123159859009,4,0.0,,0.0,0.0,29.44373685613578,,,,0.0,,
2022,GO,PODE,Médio (16–31),Menos competitivo,15,1,0,0,3769180.99,15,0,6.906899860182015,8.093100139817984,2.1717413461391506,,,6.906899860182015,7,0.0,,0.0,1.0,46.045999067880096,,,,0.0,100.0,2.142857142857143
2022,GO,PP,Médio (16–31),Competitivo,14,4,2,2,9292958.54,11,3,6.274406356749142,7.725593643250858,2.2312867869867445,3.137203178374571,3.137203178374571,4.274406356749142,6,2.0,100.0,33.333333333333336,3.0,44.81718826249387,42.857142857142854,2.3333333333333335,57.142857142857146,14.285714285714286,75.0,1.75
2022,GO,PROS,Médio (16–31),Menos competitivo,13,1,0,0,2630000.0,6,7,4.547899270168979,8.45210072983102,2.8584626060807587,,,4.547899270168979,5,0.0,,0.0,1.0,34.983840539761374,,,,0.0,100.0,2.5999999999999996
2022,GO,PRTB,Médio (16–31),Menos competitivo,18,1,0,0,394346.2,15,3,9.597593709455362,8.402406290544638,1.8754700964541509,,,9.597593709455362,10,0.0,,0.0,1.0,53.31996505252979,,,,0.0,100.0,1.7999999999999998
2022,GO,PSB,Médio (16–31),Competitivo,18,4,1,0,8365300.0,18,0,7.714673979974584,10.285326020025416,2.3332159008564224,7.714673979974584,,7.714673979974584,8,0.0,,0.0,4.0,42.859299888747685,,,,0.0,100.0,2.25
2022,GO,PSC,Médio (16–31),Menos competitivo,13,3,1,1,6691903.06,13,0,3.66004689643198,9.33995310356802,3.551867057406596,3.66004689643198,3.66004689643198,2.66004689643198,4,1.0,100.0,25.0,2.0,28.154206895630615,30.76923076923077,3.25,69.23076923076923,7.6923076923076925,66.66666666666667,2.1666666666666665
2022,GO,PSD,Médio (16–31),Competitivo,13,1,1,1,2885000.0,8,5,2.3886254224033405,10.61137457759666,5.442460704834965,2.3886254224033405,2.3886254224033405,1.3886254224033403,2,0.0,0.0,0.0,1.0,18.374041710794927,15.384615384615385,0.0,-15.384615384615385,7.6923076923076925,100.0,6.5
2022,GO,PSDB,Médio (16–31),Competitivo,14,4,0,1,6188080.54,13,1,4.6510784854211495,9.348921514578851,3.0100545591486223,,4.6510784854211495,3.6510784854211495,5,1.0,100.0,20.0,3.0,33.22198918157964,35.714285714285715,2.8,64.28571428571428,7.142857142857143,75.0,2.1
2022,GO,PSOL,Médio (16–31),Menos competitivo,8,0,0,0,218552.46,8,0,7.959458484300394,0.0405415156996058,1.005093501747584,,,7.959458484300394,8,0.0,,0.0,0.0,99.49323105375493,,,,0.0,,
2022,GO,PT,Médio (16–31),Competitivo,14,3,1,2,3939761.24,14,0,3.3803644539829847,10.619635546017015,4.141565263326624,3.3803644539829847,1.6901822269914923,1.380364453982985,3,2.0,100.0,66.66666666666667,3.0,24.14546038559275,21.428571428571427,4.666666666666667,78.57142857142857,14.285714285714286,100.0,4.666666666666666
2022,GO,PTB,Médio (16–31),Menos competitivo,16,1,0,0,4083576.78,15,1,2.386381155274142,13.613618844725858,6.704712683738049,,,2.386381155274142,2,0.0,,0.0,0.0,14.914882220463388,,,,0.0,0.0,0.0
2022,GO,PV,Médio (16–31),Menos competitivo,2,0,0,0,504976.7,2,0,1.9756851210531727,0.0243148789468272,1.0123070618327408,,,1.9756851210531727,2,0.0,,0.0,0.0,98.78425605265863,,,,0.0,,
2022,GO,REDE,Médio (16–31),Menos competitivo,7,1,0,0,119564.2,7,0,5.680200860003095,1.3197991399969051,1.232350786974844,,,5.680200860003095,6,0.0,,0.0,1.0,81.14572657147278,,,,0.0,100.0,1.1666666666666667
2022,GO,REPUBLICANOS,Médio (16–31),Competitivo,16,5,1,1,11516340.0,16,0,9.65651398039723,6.34348601960277,1.6569126324965795,9.65651398039723,9.65651398039723,8.65651398039723,10,1.0,100.0,10.0,5.0,60.35321237748269,62.5,1.6,37.5,6.25,100.0,1.6
2022,GO,SOLIDARIEDADE,Médio (16–31),Menos competitivo,18,3,1,0,6074643.79,18,0,7.5704219958951455,10.429578004104854,2.377674587989944,7.5704219958951455,,7.5704219958951455,8,0.0,,0.0,3.0,42.057899977195255,,,,0.0,100.0,2.25
2022,GO,UNIAO,Médio (16–31),Competitivo,8,1,2,2,8157005.83,8,0,3.993508416801347,4.0064915831986525,2.003251067743512,1.9967542084006733,1.9967542084006733,1.993508416801347,4,2.0,100.0,50.0,1.0,49.91885521001684,50.0,2.0,50.0,25.0,100.0,2.0
2022,GO,UP,Médio (16–31),Menos competitivo,1,0,0,0,9969.67,1,0,1.0,0.0,1.0,,,1.0,1,0.0,,0.0,0.0,100.0,,,,0.0,,
2022,MA,AGIR,Médio (16–31),Menos competitivo,17,1,0,0,85735.32,10,7,4.660739806776248,12.339260193223751,3.647489605680992,,,4.660739806776248,5,0.0,,0.0,0.0,27.416116510448518,,,,0.0,0.0,0.0
2022,MA,AVANTE,Médio (16–31),Menos competitivo,6,0,0,0,0.0,0,6,,,,,,,0,0.0,,,0.0,,,,,,,
2022,MA,CIDADANIA,Médio (16–31),Menos competitivo,16,0,0,0,2641641.27,16,0,13.249101020622993,2.750898979377008,1.2076291044271663,,,13.249101020622993,13,0.0,,0.0,0.0,82.8068813788937,,,,0.0,,
2022,MA,DC,Médio (16–31),Menos competitivo,12,0,0,0,187799.45,12,0,11.048182540561964,0.9518174594380362,1.0861514964966918,,,11.048182540561964,11,0.0,,0.0,0.0,92.06818783801636,,,,0.0,,
2022,MA,MDB,Médio (16–31),Competitivo,17,5,2,1,12554245.0,17,0,5.583216625511733,11.416783374488269,3.044839765364084,2.791608312755866,5.583216625511733,4.583216625511733,6,1.0,100.0,16.666666666666668,5.0,32.84245073830431,35.294117647058826,2.833333333333333,64.70588235294117,5.882352941176471,100.0,2.8333333333333335
2022,MA,NOVO,Médio (16–31),Menos competitivo,6,0,0,0,17449.18,6,0,5.630170542505092,0.3698294574949079,1.0656870790507806,,,5.630170542505092,6,0.0,,0.0,0.0,93.8361757084182,,,,0.0,,
2022,MA,PATRIOTA,Médio (16–31),Menos competitivo,19,2,1,1,7357000.0,18,1,8.228729727276693,10.771270272723308,2.3089833582720027,8.228729727276693,8.228729727276693,7.228729727276693,8,1.0,100.0,12.5,2.0,43.30910382777207,42.10526315789474,2.375,57.89473684210526,5.2631578947368425,100.0,2.375
2022,MA,PC DO B,Médio (16–31),Menos competitivo,5,2,1,1,4640000.0,5,0,1.9619897296632287,3.03801027033677,2.5484333197086806,1.9619897296632287,1.9619897296632287,0.9619897296632292,2,1.0,100.0,50.0,1.0,39.23979459326458,40.0,2.5,60.0,20.0,50.0,1.25
2022,MA,PCO,Médio (16–31),Menos competitivo,1,0,0,0,3000.0,1,0,1.0,0.0,1.0,,,1.0,1,0.0,,0.0,0.0,100.0,,,,0.0,,
2022,MA,PDT,Médio (16–31),Menos competitivo,16,4,0,1,4330000.0,16,0,10.141667117433872,5.858332882566128,1.5776498887934758,,10.141667117433872,9.141667117433872,10,1.0,100.0,10.0,4.0,63.385419483961705,62.5,1.6,37.5,6.25,100.0,1.6
2022,MA,PL,Médio (16–31),Competitivo,18,6,3,4,4400000.0,16,2,7.518446601941747,10.481553398058251,2.394111570247934,2.506148867313916,1.8796116504854368,3.518446601941747,8,4.0,100.0,50.0,5.3,41.76914778856526,44.44444444444444,2.25,55.55555555555556,22.22222222222222,88.33333333333333,1.9875
2022,MA,PMB,Médio (16–31),Menos competitivo,8,0,0,0,0.0,0,8,,,,,,,0,0.0,,,0.0,,,,,,,
2022,MA,PODE,Médio (16–31),Menos competitivo,17,7,0,1,10677472.53,16,1,7.054394191636609,9.945605808363393,2.4098454861162253,,7.054394191636609,6.054394191636609,7,1.0,100.0,14.285714285714286,3.0,41.49643642139182,41.1764705882353,2.428571428571429,58.8235294117647,5.882352941176471,42.857142857142854,1.0408163265306123
2022,MA,PP,Médio (16–31),Competitivo,17,2,1,2,9740000.0,16,1,5.722171790131461,11.277828209868538,2.9708999700635417,5.722171790131461,2.8610858950657305,3.722171790131461,6,2.0,100.0,33.333333333333336,2.0,33.659834059596825,35.294117647058826,2.833333333333333,64.70588235294117,11.764705882352942,100.0,2.833333333333333
2022,MA,PROS,Médio (16–31),Menos competitivo,14,0,0,0,1140000.0,12,2,6.832807570977917,7.167192429022083,2.048938134810711,,,6.832807570977917,7,0.0,,0.0,0.0,48.80576836412798,,,,0.0,,
2022,MA,PRTB,Médio (16–31),Menos competitivo,10,0,0,0,4985.7,3,7,2.939140304028476,7.060859695971525,3.402355439205707,,,2.939140304028476,3,0.0,,0.0,0.0,29.391403040284757,,,,0.0,,
2022,MA,PSB,Médio (16–31),Competitivo,13,2,1,1,8017990.0,13,0,5.043189071538428,7.956810928461572,2.577734012267429,5.043189071538428,5.043189071538428,4.043189071538428,5,1.0,100.0,20.0,2.0,38.79376208875714,38.46153846153846,2.5999999999999996,61.53846153846154,7.6923076923076925,100.0,2.5999999999999996
2022,MA,PSC,Médio (16–31),Menos competitivo,17,2,1,1,3700000.0,17,0,6.180586907449209,10.819413092550793,2.75054784514244,6.180586907449209,6.180586907449209,5.180586907449209,6,1.0,100.0,16.666666666666668,2.0,36.35639357323064,35.294117647058826,2.833333333333333,64.70588235294117,5.882352941176471,100.0,2.833333333333333
2022,MA,PSD,Médio (16–31),Competitivo,18,3,2,1,4940770.0,16,2,4.239871708426729,13.76012829157327,4.245411474178586,2.1199358542133644,4.239871708426729,3.239871708426729,4,1.0,100.0,25.0,3.0,23.55484282459294,22.22222222222222,4.5,77.77777777777777,5.555555555555555,100.0,4.5
2022,MA,PSDB,Médio (16–31),Competitivo,1,0,0,0,1000.0,1,0,1.0,0.0,1.0,,,1.0,1,0.0,,0.0,0.0,100.0,,,,0.0,,
2022,MA,PSOL,Médio (16–31),Menos competitivo,14,0,0,0,274070.23,14,0,10.161583021068347,3.838416978931651,1.3777380916903728,,,10.161583021068347,10,0.0,,0.0,0.0,72.58273586477391,,,,0.0,,
2022,MA,PSTU,Médio (16–31),Menos competitivo,5,0,0,0,13950.0,3,2,2.7460048682400253,2.2539951317599747,1.820827070566925,,,2.7460048682400253,3,0.0,,0.0,0.0,54.920097364800505,,,,0.0,,
2022,MA,PT,Médio (16–31),Competitivo,9,5,2,1,6917437.9,9,0,6.014754123180354,2.985245876819646,1.496320517128832,3.007377061590177,6.014754123180354,5.014754123180354,6,1.0,100.0,16.666666666666668,4.0,66.8306013686706,66.66666666666667,1.5,33.33333333333333,11.11111111111111,80.0,1.2
2022,MA,PTB,Médio (16–31),Menos competitivo,4,0,0,0,0.0,0,4,,,,,,,0,0.0,,,0.0,,,,,,,
2022,MA,PV,Médio (16–31),Menos competitivo,4,0,0,0,258908.95,4,0,3.8225304369141,0.1774695630859,1.0464272465621411,,,3.8225304369141,4,0.0,,0.0,0.0,95.56326092285249,,,,0.0,,
2022,MA,REDE,Médio (16–31),Menos competitivo,3,0,0,0,62000.0,2,1,1.9672466734902765,1.0327533265097235,1.5249739854318418,,,1.9672466734902765,2,0.0,,0.0,0.0,65.57488911634255,,,,0.0,,
2022,MA,REPUBLICANOS,Médio (16–31),Competitivo,10,5,2,1,6835217.39,10,0,5.474462150176212,4.525537849823788,1.8266634649539264,2.737231075088106,5.474462150176212,4.474462150176212,5,1.0,100.0,20.0,5.0,54.74462150176212,50.0,2.0,50.0,10.0,100.0,2.0
2022,MA,SOLIDARIEDADE,Médio (16–31),Menos competitivo,8,0,0,0,0.0,0,8,,,,,,,0,0.0,,,0.0,,,,,,,
2022,MA,UNIAO,Médio (16–31),Competitivo,19,2,2,2,17877508.840000004,19,0,10.219273769987469,8.780726230012531,1.8592319207457049,5.109636884993734,5.109636884993734,8.219273769987469,10,2.0,100.0,20.0,2.0,53.78565142098668,52.63157894736842,1.9000000000000001,47.36842105263158,10.526315789473685,100.0,1.9000000000000001
2022,MG,AGIR,Grande (39–70),Menos competitivo,19,0,0,0,111850.0,16,3,8.934915162238937,10.065084837761065,2.126489133360604,,,8.934915162238937,9,0.0,,0.0,0.0,47.025869274941776,,,,0.0,,
2022,MG,AVANTE,Grande (39–70),Menos competitivo,54,14,3,5,21314655.329999994,54,0,15.383650600649196,38.6163493993508,3.5102201292664037,5.127883533549732,3.076730120129839,10.383650600649196,15,5.0,100.0,33.333333333333336,10.0,28.488241853054067,27.77777777777778,3.6,72.22222222222223,9.25925925925926,71.42857142857143,2.5714285714285716
2022,MG,CIDADANIA,Grande (39–70),Menos competitivo,16,0,0,0,4417584.62,16,0,5.042792898711586,10.957207101288414,3.172844953455839,,,5.042792898711586,5,0.0,,0.0,0.0,31.517455616947416,,,,0.0,,
2022,MG,DC,Grande (39–70),Menos competitivo,1,0,0,0,10000.0,1,0,1.0,0.0,1.0,,,1.0,1,0.0,,0.0,0.0,100.0,,,,0.0,,
2022,MG,MDB,Grande (39–70),Competitivo,44,6,3,2,14465000.0,40,4,7.235532520975347,36.76446747902465,6.081100440423259,2.4118441736584493,3.6177662604876737,5.235532520975347,7,2.0,100.0,28.571428571428573,6.0,16.44439209312579,15.909090909090908,6.285714285714286,84.0909090909091,4.545454545454546,100.0,6.285714285714286
2022,MG,NOVO,Grande (39–70),Menos competitivo,30,4,2,0,2117662.0,30,0,24.32405045098553,5.675949549014469,1.233347219882308,12.162025225492766,,24.32405045098553,24,0.0,,0.0,4.0,81.08016816995178,,,,0.0,100.0,1.25
2022,MG,PATRIOTA,Grande (39–70),Menos competitivo,51,8,2,3,18184094.18,49,2,13.405510791484344,37.59448920851565,3.804405575682876,6.702755395742171,4.468503597161448,10.405510791484344,13,3.0,100.0,23.07692307692308,4.0,26.28531527742028,25.49019607843137,3.9230769230769234,74.50980392156863,5.882352941176471,50.0,1.9615384615384617
2022,MG,PC DO B,Grande (39–70),Menos competitivo,2,1,0,0,3030554.5,2,0,1.0752214532697717,0.9247785467302284,1.860081933743004,,,1.0752214532697717,1,0.0,,0.0,1.0,53.761072663488584,,,,0.0,100.0,2.0
2022,MG,PCB,Grande (39–70),Menos competitivo,9,1,0,0,0.0,0,9,,,,,,,0,0.0,,,0.0,,,,,,0.0,
2022,MG,PCO,Grande (39–70),Menos competitivo,3,0,0,0,36272.73,3,0,3.0,0.0,1.0000000000000002,,,3.0,3,0.0,,0.0,0.0,100.0,,,,0.0,,
2022,MG,PDT,Grande (39–70),Menos competitivo,45,2,1,2,5616148.05,44,1,8.00046014886822,36.99953985113178,5.624676476435658,8.00046014886822,4.00023007443411,6.000460148868219,8,2.0,100.0,25.0,2.0,17.778800330818264,17.77777777777778,5.625,82.22222222222223,4.444444444444445,100.0,5.625
2022,MG,PL,Grande (39–70),Competitivo,45,8,7,11,9185374.68,44,1,12.395529530665014,32.604470469334984,3.630341074875062,1.7707899329521448,1.1268663209695466,1.395529530665014,12,10.0,90.9090909090909,83.33333333333333,8.0,27.545621179255587,26.666666666666668,3.409090909090909,64.24242424242424,24.444444444444443,100.0,3.75
2022,MG,PMB,Grande (39–70),Menos competitivo,5,0,0,0,0.0,0,5,,,,,,,0,0.0,,,0.0,,,,,,,
2022,MG,PMN,Grande (39–70),Menos competitivo,53,1,0,0,2215000.0,33,20,5.5941677831304695,47.40583221686953,9.474152734536228,,,5.5941677831304695,6,0.0,,0.0,0.0,10.555033553076358,,,,0.0,0.0,0.0
2022,MG,PODE,Grande (39–70),Menos competitivo,53,5,1,2,11906225.68,45,8,7.43014061638701,45.56985938361299,7.13310860942654,7.43014061638701,3.715070308193505,5.43014061638701,7,2.0,100.0,28.571428571428573,1.0,14.019133238466056,13.20754716981132,7.571428571428571,86.79245283018868,3.7735849056603774,20.0,1.5142857142857145
2022,MG,PP,Grande (39–70),Competitivo,53,10,7,3,19990060.85,49,4,8.959544669150636,44.04045533084936,5.915479185285919,1.2799349527358053,2.986514889716879,5.959544669150636,9,3.0,100.0,33.333333333333336,9.0,16.90480126254837,16.9811320754717,5.888888888888889,83.01886792452831,5.660377358490566,90.0,5.3
2022,MG,PROS,Grande (39–70),Menos competitivo,53,3,1,1,9127770.35,52,1,8.010518387692798,44.9894816123072,6.616300897758147,8.010518387692798,8.010518387692798,7.010518387692798,8,1.0,100.0,12.5,2.0,15.114185637156222,15.09433962264151,6.625,84.90566037735849,1.8867924528301887,66.66666666666667,4.416666666666667
2022,MG,PRTB,Grande (39–70),Menos competitivo,40,0,0,0,278762.0,39,1,8.273399615573629,31.72660038442637,4.834771902556847,,,8.273399615573629,8,0.0,,0.0,0.0,20.683499038934073,,,,0.0,,
2022,MG,PSB,Grande (39–70),Competitivo,41,3,1,0,5397139.5,39,2,4.345997661449038,36.65400233855096,9.433967340500091,4.345997661449038,,4.345997661449038,4,0.0,,0.0,1.0,10.599994296217167,,,,0.0,33.333333333333336,3.416666666666667
2022,MG,PSC,Grande (39–70),Menos competitivo,45,3,1,1,6683131.749999998,39,6,4.233950790455463,40.76604920954453,10.628371048015692,4.233950790455463,4.233950790455463,3.233950790455463,4,1.0,100.0,25.0,2.0,9.408779534345474,8.88888888888889,11.25,91.11111111111111,2.2222222222222223,66.66666666666667,7.5
2022,MG,PSD,Grande (39–70),Competitivo,39,7,4,4,13943705.77,35,4,11.556006647001691,27.443993352998305,3.37486825607866,2.8890016617504237,2.8890016617504237,7.556006647001693,12,4.0,100.0,33.333333333333336,6.0,29.63078627436331,30.76923076923077,3.25,69.23076923076923,10.256410256410257,85.71428571428571,2.785714285714286
2022,MG,PSDB,Grande (39–70),Competitivo,37,3,3,2,13292550.64,32,5,7.989873471039396,29.010126528960605,4.630861819541017,2.663291157013132,3.994936735519698,5.989873471039396,8,2.0,100.0,25.0,3.0,21.5942526244308,21.62162162162162,4.625,78.37837837837839,5.405405405405405,100.0,4.625
2022,MG,PSOL,Grande (39–70),Menos competitivo,23,0,1,1,3848485.09,22,1,3.930162032926508,19.069837967073493,5.852176019031347,3.930162032926508,3.930162032926508,2.9301620329265083,4,1.0,100.0,25.0,0.0,17.08766101272395,17.391304347826086,5.75,82.6086956521739,4.3478260869565215,,
2022,MG,PSTU,Grande (39–70),Menos competitivo,6,0,0,0,57000.0,5,1,2.211708645336964,3.788291354663036,2.7128347183748844,,,2.211708645336964,2,0.0,,0.0,0.0,36.86181075561607,,,,0.0,,
2022,MG,PT,Grande (39–70),Competitivo,42,15,7,10,29181406.61,42,0,18.064253026883044,23.93574697311696,2.325033863149282,2.5806075752690063,1.8064253026883044,8.064253026883044,18,10.0,100.0,55.55555555555556,10.0,43.01012625448344,42.857142857142854,2.3333333333333335,57.142857142857146,23.80952380952381,66.66666666666667,1.5555555555555556
2022,MG,PTB,Grande (39–70),Menos competitivo,47,3,0,0,7247694.56,47,0,8.214149928427656,38.78585007157234,5.721833714933992,,,8.214149928427656,8,0.0,,0.0,3.0,17.476914741335438,,,,0.0,100.0,5.875000000000001
2022,MG,PV,Grande (39–70),Menos competitivo,9,2,1,0,4372482.9,9,0,3.382588599741341,5.617411400258659,2.660684187455788,3.382588599741341,,3.382588599741341,3,0.0,,0.0,2.0,37.58431777490379,,,,0.0,100.0,3.0
2022,MG,REDE,Grande (39–70),Menos competitivo,27,1,0,0,5098009.76,25,2,2.875239532554859,24.124760467445142,9.390521970184704,,,2.875239532554859,3,0.0,,0.0,1.0,10.649035305758737,,,,0.0,100.0,9.0
2022,MG,REPUBLICANOS,Grande (39–70),Competitivo,53,8,4,2,14850682.12,51,2,9.67645701242275,43.32354298757725,5.477211331787862,2.4191142531056875,4.838228506211375,7.67645701242275,10,2.0,100.0,20.0,7.0,18.257466061175,18.867924528301888,5.3,81.13207547169812,3.7735849056603774,87.5,4.637499999999999
2022,MG,SOLIDARIEDADE,Grande (39–70),Menos competitivo,36,3,1,1,6667800.0,35,1,10.39477763223749,25.605222367762508,3.463277548944638,10.39477763223749,10.39477763223749,9.39477763223749,10,1.0,100.0,10.0,3.0,28.874382311770805,27.77777777777778,3.5999999999999996,72.22222222222223,2.7777777777777777,100.0,3.5999999999999996
2022,MG,UNIAO,Grande (39–70),Competitivo,53,4,3,3,28043578.53,53,0,20.858139420483518,32.14186057951649,2.540974481547089,6.952713140161172,6.952713140161172,17.858139420483514,21,3.0,100.0,14.285714285714286,4.0,39.354980038648144,39.62264150943396,2.5238095238095237,60.37735849056604,5.660377358490566,100.0,2.5238095238095237
2022,MG,UP,Grande (39–70),Menos competitivo,1,0,0,0,27449.37,1,0,1.0,0.0,1.0,,,1.0,1,0.0,,0.0,0.0,100.0,,,,0.0,,
2022,MS,AGIR,Pequeno (8–12),Menos competitivo,5,0,0,0,15000.0,3,2,3.0,2.0,1.6666666666666667,,,3.0,3,0.0,,0.0,0.0,60.0,,,,0.0,,
2022,MS,AVANTE,Pequeno (8–12),Menos competitivo,8,1,0,0,1200000.0,8,0,3.789473684210527,4.210526315789473,2.1111111111111107,,,3.789473684210527,4,0.0,,0.0,1.0,47.36842105263159,,,,0.0,100.0,2.0
2022,MS,DC,Pequeno (8–12),Menos competitivo,3,0,0,0,29000.0,3,0,2.66984126984127,0.3301587301587299,1.1236623067776454,,,2.66984126984127,3,0.0,,0.0,0.0,88.994708994709,,,,0.0,,
2022,MS,MDB,Pequeno (8–12),Competitivo,9,3,0,0,3130000.0,8,1,1.5486966281477732,7.451303371852227,5.811338280476478,,,1.5486966281477732,2,0.0,,0.0,2.0,17.207740312753035,,,,0.0,66.66666666666667,3.0
2022,MS,NOVO,Pequeno (8–12),Menos competitivo,6,0,0,0,71449.18000000001,6,0,5.572129110423646,0.4278708895763543,1.0767876840427022,,,5.572129110423646,6,0.0,,0.0,0.0,92.86881850706077,,,,0.0,,
2022,MS,PC DO B,Pequeno (8–12),Menos competitivo,2,0,0,0,170000.0,2,0,1.0857314599143435,0.9142685400856564,1.842076124567474,,,1.0857314599143435,1,0.0,,0.0,0.0,54.28657299571717,,,,0.0,,
2022,MS,PDT,Pequeno (8–12),Menos competitivo,6,0,0,0,413000.0,6,0,4.227341445884656,1.7726585541153437,1.4193317660301696,,,4.227341445884656,4,0.0,,0.0,0.0,70.45569076474428,,,,0.0,,
2022,MS,PL,Pequeno (8–12),Competitivo,8,2,1,2,2878139.0700000003,8,0,4.755792571986276,3.2442074280137243,1.6821591520041357,4.755792571986276,2.377896285993138,2.755792571986276,5,2.0,100.0,40.0,2.0,59.44740714982844,62.5,1.6,37.5,25.0,100.0,1.6
2022,MS,PODE,Pequeno (8–12),Menos competitivo,7,3,0,0,3600000.0,7,0,6.680412371134019,0.3195876288659809,1.0478395061728398,,,6.680412371134019,7,0.0,,0.0,3.0,95.43446244477171,,,,0.0,100.0,1.0
2022,MS,PP,Pequeno (8–12),Competitivo,9,1,2,1,7275000.0,9,0,5.917163484516891,3.082836515483109,1.5209990434690193,2.958581742258445,5.917163484516891,4.917163484516891,6,1.0,100.0,16.666666666666668,1.0,65.74626093907656,66.66666666666667,1.5,33.33333333333333,11.11111111111111,100.0,1.5
2022,MS,PROS,Pequeno (8–12),Menos competitivo,4,0,0,0,0.0,0,4,,,,,,,0,0.0,,,0.0,,,,,,,
2022,MS,PRTB,Pequeno (8–12),Menos competitivo,9,0,0,0,0.0,0,9,,,,,,,0,0.0,,,0.0,,,,,,,
2022,MS,PSB,Pequeno (8–12),Competitivo,5,0,0,0,18000.0,1,4,1.0,4.0,5.0,,,1.0,1,0.0,,0.0,0.0,20.0,,,,0.0,,
2022,MS,PSD,Pequeno (8–12),Competitivo,9,4,1,0,3677681.44,9,0,2.843024564465799,6.156975435534201,3.165642714624623,2.843024564465799,,2.843024564465799,3,0.0,,0.0,2.0,31.58916182739777,,,,0.0,50.0,1.5
2022,MS,PSDB,Pequeno (8–12),Competitivo,9,5,2,3,9103467.39,9,0,6.026043943802492,2.973956056197508,1.49351715386279,3.013021971901246,2.0086813146008304,3.026043943802492,6,3.0,100.0,50.0,5.0,66.95604382002769,66.66666666666667,1.5,33.33333333333333,33.333333333333336,100.0,1.5
2022,MS,PSOL,Pequeno (8–12),Menos competitivo,5,0,0,0,195810.04,5,0,4.477180476876543,0.5228195231234567,1.1167742792196298,,,4.477180476876543,4,0.0,,0.0,0.0,89.54360953753087,,,,0.0,,
2022,MS,PT,Pequeno (8–12),Competitivo,5,3,1,2,3333755.09,5,0,2.763943566083588,2.236056433916412,1.8090094390330935,2.763943566083588,1.381971783041794,0.7639435660835878,3,2.0,100.0,66.66666666666667,2.0,55.27887132167176,60.0,1.6666666666666667,40.0,40.0,66.66666666666667,1.1111111111111112
2022,MS,PTB,Pequeno (8–12),Menos competitivo,9,2,0,0,1931146.68,9,0,1.9717169284040816,7.028283071595919,4.564549743600694,,,1.9717169284040816,2,0.0,,0.0,1.0,21.907965871156463,,,,0.0,50.0,2.25
2022,MS,PV,Pequeno (8–12),Menos competitivo,2,0,0,0,499865.73,2,0,1.9999999285649936,7.143500613260302e-08,1.0000000357175045,,,1.9999999285649936,2,0.0,,0.0,0.0,99.99999642824969,,,,0.0,,
2022,MS,REDE,Pequeno (8–12),Menos competitivo,3,0,0,0,10000.0,1,2,1.0,2.0,3.0,,,1.0,1,0.0,,0.0,0.0,33.333333333333336,,,,0.0,,
2022,MS,REPUBLICANOS,Pequeno (8–12),Competitivo,9,1,0,0,1531593.7799999998,9,0,6.924894406044575,2.075105593955425,1.2996588066590755,,,6.924894406044575,7,0.0,,0.0,1.0,76.94327117827305,,,,0.0,100.0,1.2857142857142856
2022,MS,SOLIDARIEDADE,Pequeno (8–12),Menos competitivo,7,1,0,0,292500.0,7,0,4.2898777812597935,2.7101222187402065,1.631748118927606,,,4.2898777812597935,4,0.0,,0.0,1.0,61.28396830371133,,,,0.0,100.0,1.75
2022,MS,UNIAO,Pequeno (8–12),Competitivo,9,4,1,0,7034500.0,9,0,4.283922554745191,4.716077445254809,2.100878315372656,4.283922554745191,,4.283922554745191,4,0.0,,0.0,2.0,47.599139497168785,,,,0.0,50.0,1.125
2022,MT,AGIR,Pequeno (8–12),Menos competitivo,6,0,0,0,0.0,0,6,,,,,,,0,0.0,,,0.0,,,,,,,
2022,MT,CIDADANIA,Pequeno (8–12),Menos competitivo,2,1,0,0,2620046.52,2,0,1.3713378669327616,0.6286621330672384,1.4584297919763216,,,1.3713378669327616,1,0.0,,0.0,1.0,68.56689334663808,,,,0.0,100.0,2.0
2022,MT,DC,Pequeno (8–12),Menos competitivo,8,0,0,0,54912.0,8,0,6.721033727871078,1.2789662721289217,1.1902930894135002,,,6.721033727871078,7,0.0,,0.0,0.0,84.01292159838847,,,,0.0,,
2022,MT,MDB,Pequeno (8–12),Competitivo,9,5,3,2,12528433.16,9,0,5.525417938355344,3.4745820616446563,1.6288360627936274,1.8418059794517807,2.762708969177672,3.525417938355344,6,2.0,100.0,33.333333333333336,4.0,61.39353264839271,66.66666666666667,1.5,33.33333333333333,22.22222222222222,80.0,1.2
2022,MT,NOVO,Pequeno (8–12),Menos competitivo,5,0,0,0,14827.649999999998,5,0,4.960525034107515,0.0394749658924853,1.007957820114013,,,4.960525034107515,5,0.0,,0.0,0.0,99.2105006821503,,,,0.0,,
2022,MT,PATRIOTA,Pequeno (8–12),Menos competitivo,9,1,0,0,1485000.0,9,0,7.254626202812733,1.7453737971872672,1.2405876951331494,,,7.254626202812733,7,0.0,,0.0,0.0,80.60695780903036,,,,0.0,0.0,0.0
2022,MT,PC DO B,Pequeno (8–12),Menos competitivo,2,0,0,0,364500.0,2,0,1.712000798915022,0.2879992010849779,1.1682237539068303,,,1.712000798915022,2,0.0,,0.0,0.0,85.6000399457511,,,,0.0,,
2022,MT,PDT,Pequeno (8–12),Menos competitivo,9,0,0,0,159000.0,9,0,8.56692646560488,0.4330735343951204,1.050551797792809,,,8.56692646560488,9,0.0,,0.0,0.0,95.1880718400542,,,,0.0,,
2022,MT,PL,Pequeno (8–12),Competitivo,9,4,2,4,7442150.68,9,0,6.2239556790172665,2.776044320982733,1.4460257212855117,3.1119778395086333,1.5559889197543166,2.2239556790172665,6,4.0,100.0,66.66666666666667,3.0,69.15506310019185,66.66666666666667,1.5,33.33333333333333,44.44444444444444,75.0,1.125
2022,MT,PODE,Pequeno (8–12),Menos competitivo,9,0,0,0,561766.68,9,0,7.323814776867117,1.676185223132883,1.2288677791835008,,,7.323814776867117,7,0.0,,0.0,0.0,81.37571974296797,,,,0.0,,
2022,MT,PROS,Pequeno (8–12),Menos competitivo,9,1,0,0,1074496.16,9,0,5.817753026312007,3.1822469736879926,1.5469890109283797,,,5.817753026312007,6,0.0,,0.0,1.0,64.64170029235564,,,,0.0,100.0,1.5
2022,MT,PSB,Pequeno (8–12),Competitivo,9,4,0,0,6122442.7,9,0,7.730516113790071,1.2694838862099287,1.1642172226955665,,,7.730516113790071,8,0.0,,0.0,4.0,85.89462348655634,,,,0.0,100.0,1.125
2022,MT,PSD,Pequeno (8–12),Competitivo,9,2,0,0,3605474.68,8,1,6.051793588523612,2.948206411476388,1.4871624202562448,,,6.051793588523612,6,0.0,,0.0,2.0,67.24215098359569,,,,0.0,100.0,1.5
2022,MT,PSDB,Pequeno (8–12),Competitivo,7,0,0,0,3883032.12,7,0,5.18629708178618,1.81370291821382,1.3497105718419766,,,5.18629708178618,5,0.0,,0.0,0.0,74.08995831123114,,,,0.0,,
2022,MT,PSOL,Pequeno (8–12),Menos competitivo,5,1,0,0,239793.01,5,0,3.2451614206139503,1.7548385793860497,1.5407554053363708,,,3.2451614206139503,3,0.0,,0.0,1.0,64.903228412279,,,,0.0,100.0,1.6666666666666667
2022,MT,PT,Pequeno (8–12),Competitivo,4,1,1,0,2736822.38,4,0,1.387295755719713,2.612704244280287,2.8833073146142847,1.387295755719713,,1.387295755719713,1,0.0,,0.0,1.0,34.68239389299283,,,,0.0,100.0,4.0
2022,MT,PTB,Pequeno (8–12),Menos competitivo,9,2,0,0,2208972.99,8,1,3.42312677585004,5.57687322414996,2.629175192544569,,,3.42312677585004,3,0.0,,0.0,1.0,38.03474195388933,,,,0.0,50.0,1.5
2022,MT,PV,Pequeno (8–12),Menos competitivo,3,1,0,0,829978.0,2,1,1.0748967332325787,1.9251032667674213,2.790965780478264,,,1.0748967332325787,1,0.0,,0.0,1.0,35.82989110775262,,,,0.0,100.0,3.0
2022,MT,REDE,Pequeno (8–12),Menos competitivo,3,0,0,0,100000.0,3,0,1.869158878504673,1.130841121495327,1.6049999999999998,,,1.869158878504673,2,0.0,,0.0,0.0,62.30529595015577,,,,0.0,,
2022,MT,REPUBLICANOS,Pequeno (8–12),Competitivo,9,4,1,0,8078195.01,9,0,5.644198886175106,3.355801113824894,1.5945575592746366,5.644198886175106,,5.644198886175106,6,0.0,,0.0,3.0,62.71332095750118,,,,0.0,75.0,1.125
2022,MT,SOLIDARIEDADE,Pequeno (8–12),Menos competitivo,6,0,0,0,392468.9,6,0,4.863940878258176,1.136059121741824,1.2335676255482484,,,4.863940878258176,5,0.0,,0.0,0.0,81.06568130430293,,,,0.0,,
2022,MT,UNIAO,Pequeno (8–12),Competitivo,9,5,0,2,13208395.05,9,0,6.837771137069781,2.1622288629302187,1.3162183728566277,,3.4188855685348907,4.837771137069781,7,1.5,75.0,21.428571428571427,3.5,75.97523485633091,77.77777777777777,0.9642857142857143,-2.7777777777777715,22.22222222222222,70.0,0.9
2022,PA,AGIR,Médio (16–31),Menos competitivo,13,0,0,0,104000.0,12,1,6.693069306930694,6.306930693069306,1.942307692307692,,,6.693069306930694,7,0.0,,0.0,0.0,51.48514851485149,,,,0.0,,
2022,PA,AVANTE,Médio (16–31),Menos competitivo,5,0,0,0,0.0,0,5,,,,,,,0,0.0,,,0.0,,,,,,,
2022,PA,CIDADANIA,Médio (16–31),Menos competitivo,3,1,0,0,3518884.0,3,0,1.406238164024015,1.593761835975985,2.1333512890984005,,,1.406238164024015,1,0.0,,0.0,1.0,46.87460546746717,,,,0.0,100.0,3.0
2022,PA,MDB,Médio (16–31),Competitivo,14,6,3,9,9558000.0,14,0,4.709583411155897,9.290416588844105,2.972662075978373,1.5698611370519655,0.5232870456839885,-4.290416588844103,5,4.5,50.0,90.0,3.5,33.63988150825641,35.714285714285715,1.4,14.285714285714285,64.28571428571429,58.333333333333336,1.6333333333333333
2022,PA,PATRIOTA,Médio (16–31),Menos competitivo,1,1,0,0,0.0,0,1,,,,,,,0,0.0,,,0.0,,,,,,0.0,
2022,PA,PC DO B,Médio (16–31),Menos competitivo,5,1,0,0,290000.0,5,0,4.698324022346369,0.3016759776536313,1.0642092746730083,,,4.698324022346369,5,0.0,,0.0,1.0,93.96648044692736,,,,0.0,100.0,1.0
2022,PA,PDT,Médio (16–31),Menos competitivo,18,3,0,0,3259000.0,18,0,4.464452994136693,13.535547005863307,4.031848923852478,,,4.464452994136693,4,0.0,,0.0,3.0,24.802516634092736,,,,0.0,100.0,4.5
2022,PA,PL,Médio (16–31),Competitivo,18,4,2,3,2040171.22,3,15,1.6139966705759798,16.38600332942402,11.152439362577136,0.8069983352879899,0.5379988901919933,-1.3860033294240202,2,2.0,66.66666666666667,100.0,2.0,8.966648169866554,11.11111111111111,6.0,55.55555555555556,16.666666666666668,50.0,4.5
2022,PA,PMB,Médio (16–31),Menos competitivo,8,0,0,0,0.0,0,8,,,,,,,0,0.0,,,0.0,,,,,,,
2022,PA,PODE,Médio (16–31),Menos competitivo,18,2,0,0,4900000.0,18,0,10.24659250654442,7.753407493455581,1.7566815493544357,,,10.24659250654442,10,0.0,,0.0,2.0,56.92551392524678,,,,0.0,100.0,1.7999999999999998
2022,PA,PP,Médio (16–31),Competitivo,17,3,1,0,3727382.98,17,0,10.009875503051363,6.990124496948637,1.6983228207801186,10.009875503051363,,10.009875503051363,10,0.0,,0.0,2.0,58.88162060618449,,,,0.0,66.66666666666667,1.1333333333333333
2022,PA,PROS,Médio (16–31),Menos competitivo,10,0,0,0,2600000.0,2,8,1.0798722044728437,8.920127795527156,9.2603550295858,,,1.0798722044728437,1,0.0,,0.0,0.0,10.798722044728438,,,,0.0,,
2022,PA,PRTB,Médio (16–31),Menos competitivo,10,0,0,0,1000.0,1,9,1.0,9.0,10.0,,,1.0,1,0.0,,0.0,0.0,10.0,,,,0.0,,
2022,PA,PSB,Médio (16–31),Competitivo,18,2,1,0,4719549.73,18,0,11.709789861002552,6.290210138997447,1.537175321988135,11.709789861002552,,11.709789861002552,12,0.0,,0.0,2.0,65.05438811668085,,,,0.0,100.0,1.5
2022,PA,PSC,Médio (16–31),Menos competitivo,18,1,0,0,1515000.0,18,0,2.225726684283256,15.774273315716744,8.087246348397215,,,2.225726684283256,2,0.0,,0.0,1.0,12.365148246018089,,,,0.0,100.0,9.0
2022,PA,PSD,Médio (16–31),Competitivo,13,5,2,2,4584500.0,12,1,9.005987597379871,3.994012402620129,1.4434841109243937,4.502993798689936,4.502993798689936,7.005987597379871,9,1.0,50.0,11.11111111111111,4.0,69.27682767215286,69.23076923076923,0.7222222222222222,-19.230769230769226,15.384615384615385,80.0,1.1555555555555554
2022,PA,PSDB,Médio (16–31),Competitivo,14,2,1,0,5650000.0,14,0,7.401718121427825,6.598281878572175,1.8914527370976584,7.401718121427825,,7.401718121427825,7,0.0,,0.0,2.0,52.8694151530559,,,,0.0,100.0,2.0
2022,PA,PSOL,Médio (16–31),Menos competitivo,15,2,1,0,4637111.73,15,0,4.256206417649563,10.743793582350438,3.5242651619992538,4.256206417649563,,4.256206417649563,4,0.0,,0.0,1.0,28.374709450997084,,,,0.0,50.0,1.875
2022,PA,PSTU,Médio (16–31),Menos competitivo,1,0,0,0,7500.0,1,0,1.0,0.0,1.0,,,1.0,1,0.0,,0.0,0.0,100.0,,,,0.0,,
2022,PA,PT,Médio (16–31),Competitivo,11,4,2,2,5561272.52,11,0,4.669403217251048,6.330596782748952,2.355761429931912,2.334701608625524,2.334701608625524,2.669403217251048,5,2.0,100.0,40.0,3.0,42.44912015682771,45.45454545454545,2.2,54.54545454545455,18.181818181818183,75.0,1.6500000000000001
2022,PA,PTB,Médio (16–31),Menos competitivo,18,3,1,0,7324989.0,12,6,3.9603737126787024,14.039626287321298,4.545025622802963,3.9603737126787024,,3.9603737126787024,4,0.0,,0.0,2.0,22.002076181548347,,,,0.0,66.66666666666667,3.0
2022,PA,PV,Médio (16–31),Menos competitivo,2,0,0,0,729997.3999999999,2,0,1.1462645291739342,0.8537354708260658,1.7447979494238717,,,1.1462645291739342,1,0.0,,0.0,0.0,57.31322645869671,,,,0.0,,
2022,PA,REDE,Médio (16–31),Menos competitivo,2,0,0,0,200000.0,1,1,1.0,1.0,2.0,,,1.0,1,0.0,,0.0,0.0,50.0,,,,0.0,,
2022,PA,REPUBLICANOS,Médio (16–31),Competitivo,18,2,1,0,2314717.5300000003,18,0,13.629380883446684,4.370619116553316,1.3206762767824305,13.629380883446684,,13.629380883446684,14,0.0,,0.0,2.0,75.71878268581492,,,,0.0,100.0,1.2857142857142856
2022,PA,SOLIDARIEDADE,Médio (16–31),Menos competitivo,10,0,0,0,138700.0,10,0,1.8874747480693737,8.112525251930625,5.2980841254849205,,,1.8874747480693737,2,0.0,,0.0,0.0,18.874747480693735,,,,0.0,,
2022,PA,UNIAO,Médio (16–31),Competitivo,18,3,2,1,13942817.65,18,0,9.336980664022876,8.663019335977124,1.9278180653578247,4.668490332011438,9.336980664022876,8.336980664022876,9,1.0,100.0,11.11111111111111,3.0,51.87211480012709,50.0,2.0,50.0,5.555555555555555,100.0,2.0
2022,PB,AGIR,Pequeno (8–12),Menos competitivo,8,0,0,0,0.0,0,8,,,,,,,0,0.0,,,0.0,,,,,,,
2022,PB,AVANTE,Pequeno (8–12),Menos competitivo,9,0,0,0,0.0,0,9,,,,,,,0,0.0,,,0.0,,,,,,,
2022,PB,DC,Pequeno (8–12),Menos competitivo,2,0,0,0,20100.0,2,0,1.9999504975001237,4.950249987656363e-05,1.0000247518625778,,,1.9999504975001237,2,0.0,,0.0,0.0,99.99752487500618,,,,0.0,,
2022,PB,MDB,Pequeno (8–12),Competitivo,13,4,0,0,2782021.61,13,0,5.694371449692697,7.305628550307303,2.2829560935477016,,,5.694371449692697,6,0.0,,0.0,2.0,43.80285730532843,,,,0.0,50.0,1.0833333333333333
2022,PB,PATRIOTA,Pequeno (8–12),Menos competitivo,10,0,0,0,500000.0,10,0,9.189149452326694,0.8108505476733061,1.08824,,,9.189149452326694,9,0.0,,0.0,0.0,91.89149452326694,,,,0.0,,
2022,PB,PC DO B,Pequeno (8–12),Menos competitivo,2,0,0,0,368525.0,2,0,1.292939063772568,0.707060936227432,1.5468633101426703,,,1.292939063772568,1,0.0,,0.0,0.0,64.6469531886284,,,,0.0,,
2022,PB,PCO,Pequeno (8–12),Menos competitivo,3,0,0,0,9000.0,3,0,3.0,0.0,1.0,,,3.0,3,0.0,,0.0,0.0,100.0,,,,0.0,,
2022,PB,PDT,Pequeno (8–12),Menos competitivo,8,0,0,0,432666.69,8,0,7.04084591061024,0.9591540893897604,1.1362271098625178,,,7.04084591061024,7,0.0,,0.0,0.0,88.010573882628,,,,0.0,,
2022,PB,PL,Pequeno (8–12),Competitivo,12,3,1,2,2923400.0,11,1,5.362964813174614,6.637035186825386,2.237568288816832,5.362964813174614,2.681482406587307,3.3629648131746137,5,2.0,100.0,40.0,2.0,44.69137344312178,41.666666666666664,2.4,58.333333333333336,16.666666666666668,66.66666666666667,1.6
2022,PB,PMB,Pequeno (8–12),Menos competitivo,9,0,0,0,0.0,0,9,,,,,,,0,0.0,,,0.0,,,,,,,
2022,PB,PODE,Pequeno (8–12),Menos competitivo,3,0,0,0,0.0,0,3,,,,,,,0,0.0,,,0.0,,,,,,,
2022,PB,PP,Pequeno (8–12),Competitivo,11,2,1,2,9392313.21,11,0,6.0139460994965,4.9860539005035,1.8290819069563895,6.0139460994965,3.00697304974825,4.0139460994965,6,2.0,100.0,33.333333333333336,2.0,54.67223726815,54.54545454545455,1.8333333333333335,45.45454545454545,18.181818181818183,100.0,1.8333333333333335
2022,PB,PROS,Pequeno (8–12),Menos competitivo,3,0,0,0,41600.0,3,0,2.9999913323105467,8.667689453289995e-06,1.0000028892381654,,,2.9999913323105467,3,0.0,,0.0,0.0,99.99971107701822,,,,0.0,,
2022,PB,PRTB,Pequeno (8–12),Menos competitivo,11,0,0,0,41500.0,7,4,3.020166593599298,7.979833406400703,3.642183190593701,,,3.020166593599298,3,0.0,,0.0,0.0,27.4560599418118,,,,0.0,,
2022,PB,PSB,Pequeno (8–12),Competitivo,13,5,1,1,7679000.0,12,1,5.52318387767571,7.47681612232429,2.353714865902801,5.52318387767571,5.52318387767571,4.52318387767571,6,1.0,100.0,16.666666666666668,5.0,42.486029828274695,46.15384615384615,2.1666666666666665,53.84615384615385,7.6923076923076925,100.0,2.166666666666667
2022,PB,PSC,Pequeno (8–12),Menos competitivo,13,3,1,2,9120820.0,10,3,4.419589281585017,8.580410718414983,2.941449798099282,4.419589281585017,2.2097946407925084,2.419589281585017,4,2.0,100.0,50.0,3.0,33.99684062757705,30.76923076923077,3.25,69.23076923076923,15.384615384615385,100.0,3.25
2022,PB,PSDB,Pequeno (8–12),Competitivo,5,0,1,0,438375.0,5,0,1.856653878917786,3.143346121082214,2.693016752758689,1.856653878917786,,1.856653878917786,2,0.0,,0.0,0.0,37.133077578355724,,,,0.0,,
2022,PB,PSOL,Pequeno (8–12),Menos competitivo,2,0,0,0,360158.59,2,0,1.7705382511462826,0.2294617488537174,1.1295999952021138,,,1.7705382511462826,2,0.0,,0.0,0.0,88.52691255731413,,,,0.0,,
2022,PB,PT,Pequeno (8–12),Competitivo,8,4,1,1,4949402.7,8,0,4.233392962825376,3.766607037174624,1.8897371612440117,4.233392962825376,4.233392962825376,3.233392962825376,4,1.0,100.0,25.0,3.0,52.9174120353172,50.0,2.0,50.0,12.5,75.0,1.5
2022,PB,PTB,Pequeno (8–12),Menos competitivo,12,0,0,0,1889404.0,12,0,3.720738017541074,8.279261982458927,3.225166604965766,,,3.720738017541074,4,0.0,,0.0,0.0,31.006150146175614,,,,0.0,,
2022,PB,PV,Pequeno (8–12),Menos competitivo,2,0,0,0,401906.5,2,0,1.998215746182111,0.0017842538178889,1.0008929235100354,,,1.998215746182111,2,0.0,,0.0,0.0,99.91078730910556,,,,0.0,,
2022,PB,REDE,Pequeno (8–12),Menos competitivo,11,0,0,0,821177.78,11,0,6.655113604429375,4.344886395570625,1.652864346700084,,,6.655113604429375,7,0.0,,0.0,0.0,60.501032767539776,,,,0.0,,
2022,PB,REPUBLICANOS,Pequeno (8–12),Competitivo,13,7,3,3,11954119.0,13,0,9.457326951059178,3.542673048940822,1.374595598446986,3.152442317019726,3.152442317019726,6.457326951059178,9,3.0,100.0,33.333333333333336,7.0,72.74866885430137,69.23076923076923,1.4444444444444444,30.769230769230774,23.076923076923077,100.0,1.4444444444444446
2022,PB,SOLIDARIEDADE,Pequeno (8–12),Menos competitivo,12,0,0,0,878000.0,9,3,4.794889657403029,7.205110342596971,2.502664473513525,,,4.794889657403029,5,0.0,,0.0,0.0,39.957413811691914,,,,0.0,,
2022,PB,UNIAO,Pequeno (8–12),Competitivo,13,3,3,1,14097000.0,13,0,7.9109113984125825,5.0890886015874175,1.643299911386772,2.6369704661375275,7.9109113984125825,6.910911398412583,8,1.0,100.0,12.5,3.0,60.85316460317371,61.53846153846154,1.625,38.46153846153846,7.6923076923076925,100.0,1.625
2022,PB,UP,Pequeno (8–12),Menos competitivo,3,0,0,0,16485.0,3,0,2.7170665743498352,0.2829334256501647,1.1041319444731927,,,2.7170665743498352,3,0.0,,0.0,0.0,90.56888581166118,,,,0.0,,
2022,PE,AGIR,Médio (16–31),Menos competitivo,17,0,0,0,103000.0,15,2,9.122098022355976,7.877901977644024,1.8636063719483456,,,9.122098022355976,9,0.0,,0.0,0.0,53.65940013150574,,,,0.0,,
2022,PE,AVANTE,Médio (16–31),Menos competitivo,26,1,1,1,8836742.0,26,0,8.438518623507964,17.561481376492036,3.081109512227584,8.438518623507964,8.438518623507964,7.438518623507964,8,1.0,100.0,12.5,0.5,32.45584085964602,30.76923076923077,3.25,69.23076923076923,3.8461538461538463,50.0,1.625
2022,PE,CIDADANIA,Médio (16–31),Menos competitivo,2,1,1,0,2525000.0,2,0,1.00795216056092,0.99204783943908,1.984221154788746,1.00795216056092,,1.00795216056092,1,0.0,,0.0,1.0,50.397608028046,,,,0.0,100.0,2.0
2022,PE,DC,Médio (16–31),Menos competitivo,18,0,0,0,35000.0,14,4,13.461538461538462,4.538461538461538,1.3371428571428572,,,13.461538461538462,13,0.0,,0.0,0.0,74.78632478632478,,,,0.0,,
2022,PE,MDB,Médio (16–31),Competitivo,20,4,1,1,9147447.0,20,0,7.240061355215733,12.759938644784269,2.7624075292665884,7.240061355215733,7.240061355215733,6.240061355215733,7,1.0,100.0,14.285714285714286,4.0,36.20030677607867,35.0,2.857142857142857,65.0,5.0,100.0,2.857142857142857
2022,PE,NOVO,Médio (16–31),Menos competitivo,6,0,0,0,25449.18,6,0,4.437751172240438,1.5622488277595616,1.3520361478426124,,,4.437751172240438,4,0.0,,0.0,0.0,73.96251953734064,,,,0.0,,
2022,PE,PATRIOTA,Médio (16–31),Menos competitivo,21,0,0,0,940022.0,19,2,8.925650429503946,12.074349570496054,2.3527697130714427,,,8.925650429503946,9,0.0,,0.0,0.0,42.503097283352126,,,,0.0,,
2022,PE,PC DO B,Médio (16–31),Menos competitivo,3,1,1,1,3089188.76,3,0,1.0540140250491965,1.945985974950804,2.8462619364670925,1.0540140250491965,1.0540140250491965,0.0540140250491962,1,1.0,100.0,100.0,1.0,35.133800834973215,33.333333333333336,3.0,66.66666666666666,33.333333333333336,100.0,3.0
2022,PE,PCB,Médio (16–31),Menos competitivo,2,0,0,0,0.0,0,2,,,,,,,0,0.0,,,0.0,,,,,,,
2022,PE,PDT,Médio (16–31),Menos competitivo,24,3,1,0,5438370.0,24,0,5.726690668069302,18.273309331930697,4.190902109279,5.726690668069302,,5.726690668069302,6,0.0,,0.0,2.0,23.86121111695542,,,,0.0,66.66666666666667,2.6666666666666665
2022,PE,PL,Médio (16–31),Competitivo,26,7,3,4,5365946.26,10,16,3.018856992021144,22.981143007978854,8.612531189360128,1.006285664007048,0.754714248005286,-0.981143007978856,3,3.0,75.0,100.0,3.0,11.610988430850552,11.538461538461538,6.5,63.46153846153846,15.384615384615385,42.857142857142854,3.7142857142857144
2022,PE,PMB,Médio (16–31),Menos competitivo,1,0,0,0,0.0,0,1,,,,,,,0,0.0,,,0.0,,,,,,,
2022,PE,PMN,Médio (16–31),Menos competitivo,21,0,0,0,1845000.0,20,1,5.632772101104539,15.36722789889546,3.7281820785687527,,,5.632772101104539,6,0.0,,0.0,0.0,26.822724290973994,,,,0.0,,
2022,PE,PODE,Médio (16–31),Menos competitivo,22,3,1,0,8491182.85,22,0,5.1259737275353,16.8740262724647,4.291867490818796,5.1259737275353,,5.1259737275353,5,0.0,,0.0,1.0,23.299880579705906,,,,0.0,33.333333333333336,1.4666666666666668
2022,PE,PP,Médio (16–31),Competitivo,21,5,2,4,16139674.3,21,0,7.868132857611351,13.13186714238865,2.6689940777608183,3.934066428805676,1.9670332144028375,3.868132857611351,8,4.0,100.0,50.0,3.0,37.46729932195882,38.095238095238095,2.625,61.904761904761905,19.047619047619047,60.0,1.5750000000000002
2022,PE,PROS,Médio (16–31),Menos competitivo,3,0,0,0,0.0,0,3,,,,,,,0,0.0,,,0.0,,,,,,,
2022,PE,PRTB,Médio (16–31),Menos competitivo,24,0,0,0,86770.57,23,1,13.060314696692442,10.939685303307558,1.8376280018794693,,,13.060314696692442,13,0.0,,0.0,0.0,54.41797790288518,,,,0.0,,
2022,PE,PSB,Médio (16–31),Competitivo,14,7,5,5,17220844.3,14,0,8.169501155595064,5.830498844404936,1.7136909259645297,1.633900231119013,1.633900231119013,3.1695011555950643,8,5.0,100.0,62.5,7.0,58.35357968282189,57.142857142857146,1.75,42.857142857142854,35.714285714285715,100.0,1.75
2022,PE,PSC,Médio (16–31),Menos competitivo,9,0,0,0,0.0,0,9,,,,,,,0,0.0,,,0.0,,,,,,,
2022,PE,PSD,Médio (16–31),Competitivo,2,0,1,0,0.0,0,2,,,,,,,0,0.0,,,0.0,,,,,,,
2022,PE,PSDB,Médio (16–31),Competitivo,13,0,0,0,1185000.0,10,3,7.693329680865635,5.306670319134365,1.6897754989406968,,,7.693329680865635,8,0.0,,0.0,0.0,59.179459083581804,,,,0.0,,
2022,PE,PSOL,Médio (16–31),Menos competitivo,17,1,0,0,1511562.5399999998,17,0,9.47820375706566,7.5217962429343395,1.7935887891550242,,,9.47820375706566,9,0.0,,0.0,0.0,55.754139747445066,,,,0.0,0.0,0.0
2022,PE,PSTU,Médio (16–31),Menos competitivo,2,0,0,0,11044.0,2,0,2.0,0.0,1.0,,,2.0,2,0.0,,0.0,0.0,100.0,,,,0.0,,
2022,PE,PT,Médio (16–31),Competitivo,15,4,1,1,6374884.23,14,1,6.390713176560139,8.609286823439861,2.347155878473315,6.390713176560139,6.390713176560139,5.390713176560139,6,1.0,100.0,16.666666666666668,3.0,42.60475451040092,40.0,2.5,60.0,6.666666666666667,75.0,1.875
2022,PE,PTB,Médio (16–31),Menos competitivo,10,0,0,0,86841.95000000001,9,1,4.231007463464461,5.768992536535539,2.363503275839588,,,4.231007463464461,4,0.0,,0.0,0.0,42.310074634644614,,,,0.0,,
2022,PE,PV,Médio (16–31),Menos competitivo,3,1,0,1,1321987.7,2,1,1.91295990090112,1.0870400990988802,1.5682503321615986,,1.91295990090112,0.9129599009011198,2,1.0,100.0,50.0,1.0,63.76533003003734,66.66666666666667,1.5,33.33333333333333,33.333333333333336,100.0,1.5
2022,PE,REDE,Médio (16–31),Menos competitivo,9,2,1,1,3746672.8,9,0,2.252750502868329,6.747249497131671,3.995116187318877,2.252750502868329,2.252750502868329,1.2527505028683286,2,1.0,100.0,50.0,2.0,25.030561142981433,22.22222222222222,4.5,77.77777777777777,11.11111111111111,100.0,4.5
2022,PE,REPUBLICANOS,Médio (16–31),Competitivo,25,4,3,2,10718000.0,24,1,8.749965219284935,16.250034780715065,2.857154214156185,2.916655073094978,4.374982609642467,6.749965219284935,9,2.0,100.0,22.22222222222222,4.0,34.99986087713974,36.0,2.7777777777777777,64.0,8.0,100.0,2.7777777777777777
2022,PE,SOLIDARIEDADE,Médio (16–31),Menos competitivo,13,5,1,1,7640000.0,11,2,2.8622651131772003,10.1377348868228,4.541857405224636,2.8622651131772003,2.8622651131772003,1.8622651131772003,3,1.0,100.0,33.333333333333336,2.0,22.017423947516928,23.076923076923077,4.333333333333333,76.92307692307692,7.6923076923076925,40.0,1.7333333333333334
2022,PE,UNIAO,Médio (16–31),Competitivo,26,7,2,3,29793231.74,26,0,20.681228712693365,5.318771287306635,1.2571786890032397,10.340614356346682,6.893742904231122,17.681228712693365,21,3.0,100.0,14.285714285714286,7.0,79.54318735651295,80.76923076923077,1.2380952380952381,19.230769230769226,11.538461538461538,100.0,1.238095238095238
2022,PE,UP,Médio (16–31),Menos competitivo,2,0,0,0,81651.0,2,0,1.014618290366188,0.985381709633812,1.971184650414863,,,1.014618290366188,1,0.0,,0.0,0.0,50.7309145183094,,,,0.0,,
2022,PI,AGIR,Pequeno (8–12),Menos competitivo,6,0,0,0,5000.0,1,5,1.0,5.0,6.0,,,1.0,1,0.0,,0.0,0.0,16.666666666666668,,,,0.0,,
2022,PI,CIDADANIA,Pequeno (8–12),Menos competitivo,9,0,0,0,130440.0,9,0,8.646533660847357,0.3534663391526429,1.040879542371203,,,8.646533660847357,9,0.0,,0.0,0.0,96.0725962316373,,,,0.0,,
2022,PI,NOVO,Pequeno (8–12),Menos competitivo,6,0,0,0,82441.28,6,0,3.4651365431739247,2.5348634568260757,1.731533498101129,,,3.4651365431739247,3,0.0,,0.0,0.0,57.75227571956541,,,,0.0,,
2022,PI,PATRIOTA,Pequeno (8–12),Menos competitivo,9,0,0,0,550000.0,6,3,5.363475177304965,3.6365248226950353,1.6780165289256197,,,5.363475177304965,5,0.0,,0.0,0.0,59.59416863672183,,,,0.0,,
2022,PI,PCB,Pequeno (8–12),Menos competitivo,2,0,0,0,0.0,0,2,,,,,,,0,0.0,,,0.0,,,,,,,
2022,PI,PCO,Pequeno (8–12),Menos competitivo,1,0,0,0,0.0,0,1,,,,,,,0,0.0,,,0.0,,,,,,,
2022,PI,PDT,Pequeno (8–12),Menos competitivo,8,0,0,0,1445000.0,8,0,1.6674519355547128,6.332548064445287,4.797739490667017,,,1.6674519355547128,2,0.0,,0.0,0.0,20.84314919443391,,,,0.0,,
2022,PI,PL,Pequeno (8–12),Competitivo,10,0,0,0,1709000.0,10,0,1.296524039364301,8.7034759606357,7.712930648708298,,,1.296524039364301,1,0.0,,0.0,0.0,12.96524039364301,,,,0.0,,
2022,PI,PMN,Pequeno (8–12),Menos competitivo,11,0,0,0,225000.0,11,0,8.19838056680162,2.801619433198381,1.3417283950617285,,,8.19838056680162,8,0.0,,0.0,0.0,74.53073242546927,,,,0.0,,
2022,PI,PODE,Pequeno (8–12),Menos competitivo,9,0,0,0,1000720.0,9,0,6.764455241052681,2.235544758947319,1.3304840788035763,,,6.764455241052681,7,0.0,,0.0,0.0,75.16061378947423,,,,0.0,,
2022,PI,PP,Pequeno (8–12),Competitivo,9,2,2,2,15134166.67,9,0,7.069032929455043,1.9309670705449573,1.273158590406201,3.5345164647275213,3.5345164647275213,5.069032929455043,7,2.0,100.0,28.571428571428573,2.0,78.54481032727826,77.77777777777777,1.2857142857142856,22.22222222222223,22.22222222222222,100.0,1.2857142857142856
2022,PI,PSC,Pequeno (8–12),Menos competitivo,11,0,0,0,0.0,0,11,,,,,,,0,0.0,,,0.0,,,,,,,
2022,PI,PSD,Pequeno (8–12),Competitivo,10,3,3,3,9764000.0,10,0,5.724803123695437,4.275196876304563,1.746784960797895,1.9082677078984789,1.9082677078984789,2.7248031236954366,6,3.0,100.0,50.0,3.0,57.24803123695436,60.0,1.6666666666666665,40.0,30.0,100.0,1.6666666666666665
2022,PI,PSOL,Pequeno (8–12),Menos competitivo,4,0,0,0,222301.39,4,0,3.569119540326305,0.4308804596736948,1.1207245806158406,,,3.569119540326305,4,0.0,,0.0,0.0,89.22798850815764,,,,0.0,,
2022,PI,PSTU,Pequeno (8–12),Menos competitivo,2,0,0,0,13400.0,2,0,2.0,0.0,1.0,,,2.0,2,0.0,,0.0,0.0,100.0,,,,0.0,,
2022,PI,PT,Pequeno (8–12),Competitivo,9,7,3,4,7861466.8,9,0,4.613740472038869,4.386259527961131,1.950694898107866,1.537913490679623,1.153435118009717,0.6137404720388693,5,3.0,75.0,60.0,4.0,51.2637830226541,55.55555555555556,1.3499999999999999,19.444444444444443,44.44444444444444,57.142857142857146,1.0285714285714287
2022,PI,PTB,Pequeno (8–12),Menos competitivo,10,0,0,0,410000.02,10,0,7.245369962336925,2.754630037663075,1.380191771018218,,,7.245369962336925,7,0.0,,0.0,0.0,72.45369962336926,,,,0.0,,
2022,PI,PV,Pequeno (8–12),Menos competitivo,2,0,0,1,79998.7,1,1,1.0,1.0,2.0,,1.0,0.0,1,0.0,0.0,0.0,0.0,50.0,50.0,0.0,-50.0,50.0,,
2022,PI,REDE,Pequeno (8–12),Menos competitivo,3,0,0,0,48333.34,3,0,2.9928825358341253,0.0071174641658746,1.0023781301406445,,,2.9928825358341253,3,0.0,,0.0,0.0,99.76275119447085,,,,0.0,,
2022,PI,REPUBLICANOS,Pequeno (8–12),Competitivo,11,1,1,0,3229446.9499999997,11,0,1.6331977082199467,9.366802291780054,6.735253144574339,1.6331977082199467,,1.6331977082199467,2,0.0,,0.0,1.0,14.847251892908606,,,,0.0,100.0,5.5
2022,PI,SOLIDARIEDADE,Pequeno (8–12),Menos competitivo,11,3,0,0,6300650.0,5,6,3.019126249870268,7.980873750129732,3.643438230008656,,,3.019126249870268,3,0.0,,0.0,2.0,27.44660227154789,,,,0.0,66.66666666666667,2.444444444444444
2022,PI,UNIAO,Pequeno (8–12),Competitivo,10,5,1,0,10776000.0,10,0,7.352661891994614,2.6473381080053864,1.3600516584188018,7.352661891994614,,7.352661891994614,7,0.0,,0.0,4.0,73.52661891994613,,,,0.0,80.0,1.1428571428571428
2022,PI,UP,Pequeno (8–12),Menos competitivo,1,0,0,0,21030.0,1,0,1.0,0.0,1.0,,,1.0,1,0.0,,0.0,0.0,100.0,,,,0.0,,
2022,PR,AGIR,Médio (16–31),Menos competitivo,26,0,0,0,824417.54,25,1,5.570380786580528,20.42961921341947,4.667544463501666,,,5.570380786580528,6,0.0,,0.0,0.0,21.424541486848184,,,,0.0,,
2022,PR,CIDADANIA,Médio (16–31),Menos competitivo,12,1,1,0,3483500.0,12,0,1.9795396019957756,10.020460398004223,6.062015626210044,1.9795396019957756,,1.9795396019957756,2,0.0,,0.0,1.0,16.496163349964796,,,,0.0,100.0,6.0
2022,PR,DC,Médio (16–31),Menos competitivo,25,1,0,0,78508.0,13,12,12.201752548060366,12.798247451939634,2.0488860023615287,,,12.201752548060366,12,0.0,,0.0,0.0,48.80701019224146,,,,0.0,0.0,0.0
2022,PR,MDB,Médio (16–31),Competitivo,30,3,2,1,9013666.559999997,30,0,6.670665291048025,23.329334708951976,4.497302546458108,3.3353326455240127,6.670665291048025,5.670665291048025,7,1.0,100.0,14.285714285714286,3.0,22.235550970160084,23.333333333333332,4.285714285714286,76.66666666666667,3.3333333333333335,100.0,4.285714285714286
2022,PR,NOVO,Médio (16–31),Menos competitivo,26,0,0,0,542733.05,26,0,7.337652234709635,18.662347765290363,3.543367710588817,,,7.337652234709635,7,0.0,,0.0,0.0,28.221739364267826,,,,0.0,,
2022,PR,PATRIOTA,Médio (16–31),Menos competitivo,20,0,0,0,1110700.0,20,0,9.831483808693326,10.168516191306674,2.0342809273932114,,,9.831483808693326,10,0.0,,0.0,0.0,49.15741904346663,,,,0.0,,
2022,PR,PC DO B,Médio (16–31),Menos competitivo,4,0,0,0,179842.0,4,0,3.569536460362222,0.430463539637778,1.1205936805570818,,,3.569536460362222,4,0.0,,0.0,0.0,89.23841150905555,,,,0.0,,
2022,PR,PCB,Médio (16–31),Menos competitivo,2,0,0,0,0.0,0,2,,,,,,,0,0.0,,,0.0,,,,,,,
2022,PR,PCO,Médio (16–31),Menos competitivo,1,0,0,0,12090.91,1,0,1.0,0.0,1.0,,,1.0,1,0.0,,0.0,0.0,100.0,,,,0.0,,
2022,PR,PDT,Médio (16–31),Menos competitivo,30,3,1,0,3339312.639999999,29,1,4.589402453417764,25.41059754658224,6.536798701900455,4.589402453417764,,4.589402453417764,5,0.0,,0.0,2.0,15.298008178059215,,,,0.0,66.66666666666667,4.0
2022,PR,PL,Médio (16–31),Competitivo,26,3,4,3,8094019.0,26,0,3.733384323017526,22.266615676982475,6.964190597710919,0.9333460807543816,1.244461441005842,0.7333843230175261,4,3.0,100.0,75.0,3.0,14.359170473144331,15.384615384615385,6.5,84.61538461538461,11.538461538461538,100.0,6.5
2022,PR,PMB,Médio (16–31),Menos competitivo,27,1,0,0,67559.0,24,3,18.3060985103235,8.693901489676499,1.4749183166895818,,,18.3060985103235,18,0.0,,0.0,1.0,67.80036485305001,,,,0.0,100.0,1.5
2022,PR,PMN,Médio (16–31),Menos competitivo,18,0,0,0,315000.0,17,1,13.63917525773196,4.36082474226804,1.3197278911564625,,,13.63917525773196,14,0.0,,0.0,0.0,75.77319587628867,,,,0.0,,
2022,PR,PODE,Médio (16–31),Menos competitivo,28,1,0,1,5928545.69,28,0,9.766321171261604,18.233678828738395,2.866995617796479,,9.766321171261604,8.766321171261605,10,1.0,100.0,10.0,1.0,34.87971846879144,35.714285714285715,2.8,64.28571428571428,3.5714285714285716,100.0,2.8
2022,PR,PP,Médio (16–31),Competitivo,31,11,5,4,20115086.629999995,31,0,16.97303597275909,14.026964027240911,1.8264263417430755,3.394607194551818,4.243258993189772,12.973035972759089,17,4.0,100.0,23.529411764705884,10.0,54.75172894438416,54.83870967741935,1.823529411764706,45.16129032258065,12.903225806451612,90.9090909090909,1.6577540106951871
2022,PR,PROS,Médio (16–31),Menos competitivo,30,5,2,1,10247446.68,29,1,7.876514392571253,22.123485607428748,3.808791364400292,3.9382571962856265,7.876514392571253,6.876514392571253,8,1.0,100.0,12.5,4.0,26.25504797523751,26.666666666666668,3.75,73.33333333333333,3.3333333333333335,80.0,3.0
2022,PR,PRTB,Médio (16–31),Menos competitivo,15,0,0,0,60688.27,11,4,7.121650807568433,7.878349192431567,2.1062532277009374,,,7.121650807568433,7,0.0,,0.0,0.0,47.47767205045622,,,,0.0,,
2022,PR,PSB,Médio (16–31),Competitivo,22,4,1,1,6580640.55,22,0,5.737028098416534,16.262971901583466,3.83473805994992,5.737028098416534,5.737028098416534,4.737028098416534,6,1.0,100.0,16.666666666666668,3.0,26.077400447347884,27.272727272727273,3.666666666666667,72.72727272727272,4.545454545454546,75.0,2.75
2022,PR,PSC,Médio (16–31),Menos competitivo,24,0,0,0,725000.0,22,2,8.867566427667649,15.132433572332353,2.706492271105827,,,8.867566427667649,9,0.0,,0.0,0.0,36.94819344861521,,,,0.0,,
2022,PR,PSD,Médio (16–31),Competitivo,29,10,5,7,21835389.36,29,0,14.022638735576924,14.977361264423076,2.0680843703420755,2.804527747115385,2.003234105082418,7.022638735576924,14,7.0,100.0,50.0,10.0,48.35392667440319,48.275862068965516,2.071428571428571,51.724137931034484,24.137931034482758,100.0,2.0714285714285716
2022,PR,PSDB,Médio (16–31),Competitivo,10,2,0,1,6099287.82,10,0,3.1496042517401555,6.850395748259844,3.1750020639815317,,3.1496042517401555,2.1496042517401555,3,1.0,100.0,33.333333333333336,2.0,31.496042517401555,30.0,3.3333333333333335,70.0,10.0,100.0,3.3333333333333335
2022,PR,PSOL,Médio (16–31),Menos competitivo,10,0,0,0,395674.85,10,0,7.377045571274072,2.622954428725928,1.3555562187306542,,,7.377045571274072,7,0.0,,0.0,0.0,73.77045571274073,,,,0.0,,
2022,PR,PSTU,Médio (16–31),Menos competitivo,1,0,0,0,0.0,0,1,,,,,,,0,0.0,,,0.0,,,,,,,
2022,PR,PT,Médio (16–31),Competitivo,23,6,3,5,11306807.69,23,0,7.899391148216908,15.100608851783091,2.91161680292179,2.6331303827389694,1.5798782296433815,2.899391148216908,8,5.0,100.0,62.5,5.0,34.3451789052909,34.78260869565217,2.875,65.21739130434783,21.73913043478261,83.33333333333333,2.3958333333333335
2022,PR,PTB,Médio (16–31),Menos competitivo,30,2,0,0,2669927.4,30,0,1.7462553917472676,28.25374460825273,17.17961767893676,,,1.7462553917472676,2,0.0,,0.0,1.0,5.820851305824225,,,,0.0,50.0,7.5
2022,PR,PV,Médio (16–31),Menos competitivo,2,1,1,1,2389794.37,2,0,1.3019377940503765,0.6980622059496235,1.536171704316169,1.3019377940503765,1.3019377940503765,0.3019377940503764,1,1.0,100.0,100.0,1.0,65.09688970251882,50.0,2.0,50.0,50.0,100.0,2.0
2022,PR,REDE,Médio (16–31),Menos competitivo,21,2,0,0,1407948.64,21,0,14.222963431454245,6.777036568545757,1.4764855510742765,,,14.222963431454245,14,0.0,,0.0,2.0,67.72839729263926,,,,0.0,100.0,1.5
2022,PR,REPUBLICANOS,Médio (16–31),Competitivo,28,3,2,1,6372486.5,28,0,11.882207068008285,16.117792931991715,2.356464572595048,5.941103534004141,11.882207068008285,10.882207068008285,12,1.0,100.0,8.333333333333334,3.0,42.4364538143153,42.857142857142854,2.3333333333333335,57.142857142857146,3.5714285714285716,100.0,2.333333333333333
2022,PR,SOLIDARIEDADE,Médio (16–31),Menos competitivo,22,4,1,0,3724678.72,21,1,12.180215726585908,9.819784273414092,1.8062077465492117,12.180215726585908,,12.180215726585908,12,0.0,,0.0,4.0,55.36461693902686,,,,0.0,100.0,1.8333333333333335
2022,PR,UNIAO,Médio (16–31),Competitivo,27,4,2,4,12956906.73,24,3,10.113235787010938,16.886764212989064,2.6697686644147853,5.056617893505469,2.5283089467527344,6.113235787010938,10,4.0,100.0,40.0,3.0,37.45642884078125,37.03703703703704,2.7,62.96296296296296,14.814814814814815,75.0,2.025
2022,RJ,AGIR,Grande (39–70),Menos competitivo,45,0,0,0,4328000.0,44,1,10.81516466182518,34.18483533817482,4.160824306155848,,,10.81516466182518,11,0.0,,0.0,0.0,24.0336992485004,,,,0.0,,
2022,RJ,AVANTE,Grande (39–70),Menos competitivo,43,2,0,0,3393273.75,36,7,14.03419648547981,28.96580351452019,3.0639445617345498,,,14.03419648547981,14,0.0,,0.0,1.0,32.63766624530189,,,,0.0,50.0,1.5357142857142856
2022,RJ,CIDADANIA,Grande (39–70),Menos competitivo,22,3,0,0,3648182.5,22,0,8.265713177762846,13.734286822237154,2.6615973149402703,,,8.265713177762846,8,0.0,,0.0,3.0,37.57142353528566,,,,0.0,100.0,2.75
2022,RJ,DC,Grande (39–70),Menos competitivo,44,0,0,0,380318.9,41,3,30.67208725824835,13.32791274175165,1.434529043606822,,,30.67208725824835,31,0.0,,0.0,0.0,69.7092892232917,,,,0.0,,
2022,RJ,MDB,Grande (39–70),Competitivo,45,5,2,2,10475065.0,35,10,5.401078375077399,39.5989216249226,8.33166950652797,2.7005391875386997,2.7005391875386997,3.4010783750773985,5,2.0,100.0,40.0,4.0,12.00239638906089,11.11111111111111,9.0,88.88888888888889,4.444444444444445,80.0,7.199999999999999
2022,RJ,NOVO,Grande (39–70),Menos competitivo,21,1,1,0,558847.1300000002,21,0,2.577693814671296,18.422306185328704,8.146817081406503,2.577693814671296,,2.577693814671296,3,0.0,,0.0,1.0,12.274732450815696,,,,0.0,100.0,7.0
2022,RJ,PATRIOTA,Grande (39–70),Menos competitivo,47,3,1,0,2550788.49,45,2,16.266335346900686,30.733664653099314,2.8894031137108684,16.266335346900686,,16.266335346900686,16,0.0,,0.0,2.0,34.60922414234188,,,,0.0,66.66666666666667,1.9583333333333335
2022,RJ,PC DO B,Grande (39–70),Menos competitivo,3,2,1,1,4758000.0,3,0,1.988612538540596,1.011387461459404,1.5085895024083684,1.988612538540596,1.988612538540596,0.988612538540596,2,1.0,100.0,50.0,2.0,66.28708461801986,66.66666666666667,1.5,33.33333333333333,33.333333333333336,100.0,1.5
2022,RJ,PCB,Grande (39–70),Menos competitivo,3,0,0,0,0.0,0,3,,,,,,,0,0.0,,,0.0,,,,,,,
2022,RJ,PDT,Grande (39–70),Menos competitivo,44,7,4,1,5955000.0,43,1,8.75610960561485,35.24389039438515,5.025062725549373,2.1890274014037123,8.75610960561485,7.756109605614849,9,1.0,100.0,11.11111111111111,5.333333333333333,19.900249103670113,20.454545454545453,4.888888888888888,79.54545454545455,2.272727272727273,76.19047619047618,3.7248677248677247
2022,RJ,PL,Grande (39–70),Competitivo,46,18,11,11,20698969.28,44,2,17.97775805626017,28.02224194373983,2.5587172691970896,1.6343416414781975,1.6343416414781975,6.977758056260171,18,7.6923076923076925,69.93006993006993,42.73504273504274,12.923076923076923,39.082082731000376,39.130434782608695,1.7871017871017874,30.799635147461238,23.91304347826087,71.7948717948718,1.8347578347578348
2022,RJ,PMB,Grande (39–70),Menos competitivo,41,0,0,0,85768.01999999999,39,2,9.865592601013876,31.134407398986124,4.155857803796446,,,9.865592601013876,10,0.0,,0.0,0.0,24.062420978082624,,,,0.0,,
2022,RJ,PMN,Grande (39–70),Menos competitivo,47,2,0,0,2214012.39,32,15,13.84633821892707,33.15366178107293,3.39439924526428,,,13.84633821892707,14,0.0,,0.0,2.0,29.46029408282355,,,,0.0,100.0,3.357142857142857
2022,RJ,PODE,Grande (39–70),Menos competitivo,47,7,0,1,7272943.0,47,0,24.557810957480005,22.442189042519995,1.913851364088475,,24.557810957480005,23.557810957480005,25,0.5,50.0,2.0,6.5,52.25066161165959,53.191489361702125,0.9400000000000001,-3.191489361702125,2.127659574468085,92.85714285714286,1.7457142857142858
2022,RJ,PP,Grande (39–70),Competitivo,46,10,6,3,18260000.0,32,14,10.336676819580395,35.6633231804196,4.450172991078124,1.7227794699300665,3.4455589398601325,7.336676819580397,10,3.0,100.0,30.0,8.0,22.47103656430521,21.73913043478261,4.6,78.26086956521739,6.521739130434782,80.0,3.68
2022,RJ,PROS,Grande (39–70),Menos competitivo,42,2,0,1,3470000.0,11,31,2.656920938237826,39.343079061762175,15.807771844297347,,2.656920938237826,1.656920938237826,3,1.0,100.0,33.333333333333336,2.0,6.326002233899586,7.142857142857143,14.0,92.85714285714286,2.380952380952381,100.0,14.0
2022,RJ,PRTB,Grande (39–70),Menos competitivo,42,0,0,0,182604.7,15,27,2.0838809600075425,39.91611903999246,20.15470211880432,,,2.0838809600075425,2,0.0,,0.0,0.0,4.9616213333512915,,,,0.0,,
2022,RJ,PSB,Grande (39–70),Competitivo,36,3,2,1,3615740.0,34,2,13.797605225292312,22.202394774707688,2.6091484291787537,6.898802612646156,13.797605225292312,12.797605225292312,14,1.0,100.0,7.142857142857143,3.0,38.32668118136753,38.888888888888886,2.571428571428571,61.111111111111114,2.7777777777777777,100.0,2.571428571428571
2022,RJ,PSC,Grande (39–70),Menos competitivo,26,0,0,0,5576005.359999999,26,0,2.9315677937001423,23.068432206299857,8.868974497493552,,,2.9315677937001423,3,0.0,,0.0,0.0,11.275260745000548,,,,0.0,,
2022,RJ,PSD,Grande (39–70),Competitivo,47,22,4,4,22801163.48,43,4,19.246232432930704,27.753767567069296,2.4420363914748333,4.811558108232676,4.811558108232676,15.246232432930704,19,4.0,100.0,21.05263157894737,17.0,40.9494307083632,40.42553191489362,2.473684210526316,59.57446808510638,8.51063829787234,77.27272727272727,1.911483253588517
2022,RJ,PSDB,Grande (39–70),Competitivo,25,0,0,0,4707500.0,24,1,4.217719305549774,20.782280694450225,5.927374059033378,,,4.217719305549774,4,0.0,,0.0,0.0,16.870877222199095,,,,0.0,,
2022,RJ,PSOL,Grande (39–70),Menos competitivo,28,7,2,5,10689494.75,28,0,10.203362792773314,17.796637207226688,2.7441933182883025,5.101681396386657,2.040672558554663,5.203362792773314,10,5.0,100.0,50.0,5.0,36.440581402761836,35.714285714285715,2.8,64.28571428571428,17.857142857142858,71.42857142857143,2.0
2022,RJ,PSTU,Grande (39–70),Menos competitivo,2,0,0,0,18223.0,2,0,1.9997005426753964,0.0002994573246035,1.0001497510843314,,,1.9997005426753964,2,0.0,,0.0,0.0,99.98502713376982,,,,0.0,,
2022,RJ,PT,Grande (39–70),Competitivo,36,6,1,5,13333018.5,36,0,9.710044257831097,26.289955742168907,3.707501124000151,9.710044257831097,1.942008851566219,4.710044257831095,10,5.0,100.0,50.0,6.0,26.972345160641936,27.77777777777778,3.6,72.22222222222223,13.88888888888889,100.0,3.5999999999999996
2022,RJ,PTB,Grande (39–70),Menos competitivo,47,3,1,1,7207281.95,45,2,4.50241903291348,42.49758096708652,10.438832915466485,4.50241903291348,4.50241903291348,3.50241903291348,5,0.0,0.0,0.0,2.0,9.579614963645701,10.638297872340425,0.0,-10.638297872340425,2.127659574468085,66.66666666666667,6.266666666666667
2022,RJ,PV,Grande (39–70),Menos competitivo,6,1,0,0,1115099.5,6,0,2.9782219330200594,3.021778066979941,2.014624878514582,,,2.9782219330200594,3,0.0,,0.0,1.0,49.637032217000986,,,,0.0,100.0,2.0
2022,RJ,REDE,Grande (39–70),Menos competitivo,3,1,0,0,3305424.47,3,0,1.0821710253061845,1.917828974693816,2.772205067263924,,,1.0821710253061845,1,0.0,,0.0,1.0,36.07236751020615,,,,0.0,100.0,3.0
2022,RJ,REPUBLICANOS,Grande (39–70),Competitivo,46,6,2,3,11203692.0,46,0,12.133079917379492,33.86692008262051,3.791287975785056,6.066539958689746,4.044359972459831,9.133079917379492,12,3.0,100.0,25.0,4.0,26.376260689955416,26.08695652173913,3.833333333333333,73.91304347826087,6.521739130434782,66.66666666666667,2.5555555555555554
2022,RJ,SOLIDARIEDADE,Grande (39–70),Menos competitivo,47,3,1,1,4788453.5,37,10,4.101454454561155,42.89854554543884,11.459349487041631,4.101454454561155,4.101454454561155,3.1014544545611558,4,1.0,100.0,25.0,3.0,8.72649883949182,8.51063829787234,11.75,91.48936170212767,2.127659574468085,100.0,11.750000000000002
2022,RJ,UNIAO,Grande (39–70),Competitivo,47,20,7,6,39907880.71,47,0,22.61963374039157,24.380366259608422,2.0778408943055844,3.231376248627368,3.769938956731929,16.619633740391574,23,6.0,100.0,26.08695652173913,17.0,48.126880298705466,48.93617021276596,2.0434782608695654,51.06382978723404,12.76595744680851,85.0,1.7369565217391305
2022,RN,AVANTE,Pequeno (8–12),Menos competitivo,9,0,0,0,225000.0,9,0,7.390510948905111,1.6094890510948892,1.2177777777777776,,,7.390510948905111,7,0.0,,0.0,0.0,82.1167883211679,,,,0.0,,
2022,RN,CIDADANIA,Pequeno (8–12),Menos competitivo,2,0,0,0,289900.0,2,0,1.9624516141385604,0.0375483858614396,1.0191334072090852,,,1.9624516141385604,2,0.0,,0.0,0.0,98.12258070692802,,,,0.0,,
2022,RN,DC,Pequeno (8–12),Menos competitivo,9,0,0,0,11750.0,7,2,5.10161662817552,3.898383371824481,1.7641466727025803,,,5.10161662817552,5,0.0,,0.0,0.0,56.68462920195023,,,,0.0,,
2022,RN,MDB,Pequeno (8–12),Competitivo,8,2,1,0,8218559.979999999,8,0,5.600392332290524,2.399607667709476,1.428471350814819,5.600392332290524,,5.600392332290524,6,0.0,,0.0,2.0,70.00490415363156,,,,0.0,100.0,1.3333333333333333
2022,RN,PATRIOTA,Pequeno (8–12),Menos competitivo,7,0,0,0,1000000.0,7,0,3.1133250311332503,3.8866749688667497,2.2484,,,3.1133250311332503,3,0.0,,0.0,0.0,44.47607187333215,,,,0.0,,
2022,RN,PC DO B,Pequeno (8–12),Menos competitivo,3,0,0,0,349000.0,3,0,2.424624265950035,0.575375734049965,1.2373051124375003,,,2.424624265950035,2,0.0,,0.0,0.0,80.82080886500117,,,,0.0,,
2022,RN,PDT,Pequeno (8–12),Menos competitivo,9,0,0,0,560400.0,9,0,3.172662550785123,5.827337449214877,2.8367340856255936,,,3.172662550785123,3,0.0,,0.0,0.0,35.2518061198347,,,,0.0,,
2022,RN,PL,Pequeno (8–12),Competitivo,9,3,2,4,4890000.0,9,0,3.5953136022931003,5.4046863977069,2.503258684933569,1.79765680114655,0.8988284005732751,-0.4046863977068997,4,3.0,75.0,75.0,3.0,39.947928914367786,44.44444444444444,1.6875,30.555555555555557,44.44444444444444,100.0,2.25
2022,RN,PMB,Pequeno (8–12),Menos competitivo,3,0,0,0,0.0,0,3,,,,,,,0,0.0,,,0.0,,,,,,,
2022,RN,PMN,Pequeno (8–12),Menos competitivo,9,0,0,0,525000.0,9,0,2.1256699957583005,6.874330004241699,4.233959183673469,,,2.1256699957583005,2,0.0,,0.0,0.0,23.61855550842556,,,,0.0,,
2022,RN,PODE,Pequeno (8–12),Menos competitivo,9,0,0,0,486386.56,9,0,8.749914665306992,0.2500853346930078,1.0285814598494982,,,8.749914665306992,9,0.0,,0.0,0.0,97.22127405896657,,,,0.0,,
2022,RN,PP,Pequeno (8–12),Competitivo,9,4,1,0,6431482.37,9,0,7.135411197531167,1.864588802468833,1.261314835382434,7.135411197531167,,7.135411197531167,7,0.0,,0.0,3.5,79.28234663923519,,,,0.0,87.5,1.125
2022,RN,PRTB,Pequeno (8–12),Menos competitivo,8,0,0,0,16710.35,1,7,1.0,7.0,8.0,,,1.0,1,0.0,,0.0,0.0,12.5,,,,0.0,,
2022,RN,PSB,Pequeno (8–12),Competitivo,9,1,1,0,5410000.0,9,0,6.614110415583829,2.385889584416171,1.3607272081207868,6.614110415583829,,6.614110415583829,7,0.0,,0.0,1.0,73.49011572870921,,,,0.0,100.0,1.2857142857142856
2022,RN,PSC,Pequeno (8–12),Menos competitivo,8,0,0,0,899970.0,8,0,5.955774291545054,2.0442257084549462,1.343234247704278,,,5.955774291545054,6,0.0,,0.0,0.0,74.44717864431317,,,,0.0,,
2022,RN,PSD,Pequeno (8–12),Competitivo,9,1,0,0,497028.5,9,0,1.5377529691525265,7.4622470308474735,5.852695576299231,,,1.5377529691525265,2,0.0,,0.0,1.0,17.08614410169474,,,,0.0,100.0,4.5
2022,RN,PSDB,Pequeno (8–12),Competitivo,7,0,0,0,4000000.0,7,0,2.112211221122112,4.887788778877888,3.3140625000000004,,,2.112211221122112,2,0.0,,0.0,0.0,30.17444601603017,,,,0.0,,
2022,RN,PSOL,Pequeno (8–12),Menos competitivo,4,0,0,0,280552.14,4,0,2.992582580930695,1.0074174190693048,1.3366381350639278,,,2.992582580930695,3,0.0,,0.0,0.0,74.81456452326738,,,,0.0,,
2022,RN,PSTU,Pequeno (8–12),Menos competitivo,1,0,0,0,8300.0,1,0,1.0,0.0,1.0,,,1.0,1,0.0,,0.0,0.0,100.0,,,,0.0,,
2022,RN,PT,Pequeno (8–12),Competitivo,4,2,1,2,4281970.45,4,0,2.6888512845026056,1.3111487154973944,1.487624110360546,2.6888512845026056,1.3444256422513028,0.6888512845026056,3,2.0,100.0,66.66666666666667,2.0,67.22128211256513,75.0,1.3333333333333333,25.0,50.0,100.0,1.3333333333333333
2022,RN,PTB,Pequeno (8–12),Menos competitivo,7,0,0,0,0.0,0,7,,,,,,,0,0.0,,,0.0,,,,,,,
2022,RN,PV,Pequeno (8–12),Menos competitivo,2,0,0,0,819975.4,2,0,1.7066125339389118,0.2933874660610882,1.1719121711733484,,,1.7066125339389118,2,0.0,,0.0,0.0,85.33062669694559,,,,0.0,,
2022,RN,REDE,Pequeno (8–12),Menos competitivo,3,0,0,0,0.0,0,3,,,,,,,0,0.0,,,0.0,,,,,,,
2022,RN,REPUBLICANOS,Pequeno (8–12),Competitivo,9,1,0,0,3601100.0,9,0,5.714320467128619,3.285679532871381,1.5749904213059296,,,5.714320467128619,6,0.0,,0.0,1.0,63.49244963476244,,,,0.0,100.0,1.5
2022,RN,SOLIDARIEDADE,Pequeno (8–12),Menos competitivo,9,2,0,0,3059201.55,9,0,4.654755328753333,4.345244671246667,1.933506567875919,,,4.654755328753333,5,0.0,,0.0,2.0,51.71950365281481,,,,0.0,100.0,1.7999999999999998
2022,RN,UNIAO,Pequeno (8–12),Competitivo,9,4,2,2,16127128.71,9,0,7.598121153089695,1.4018788469103045,1.184503355324921,3.799060576544848,3.799060576544848,5.598121153089696,8,2.0,100.0,25.0,4.0,84.42356836766328,88.88888888888889,1.125,11.111111111111114,22.22222222222222,100.0,1.125
2022,RO,AGIR,Pequeno (8–12),Menos competitivo,7,1,0,0,120000.0,7,0,6.4,0.5999999999999996,1.09375,,,6.4,6,0.0,,0.0,1.0,91.42857142857143,,,,0.0,100.0,1.1666666666666667
2022,RO,AVANTE,Pequeno (8–12),Menos competitivo,9,1,0,0,3009000.0,8,1,2.4008010553460037,6.599198944653997,3.748748768649188,,,2.4008010553460037,2,0.0,,0.0,1.0,26.675567281622264,,,,0.0,100.0,4.5
2022,RO,MDB,Pequeno (8–12),Competitivo,9,4,1,2,9020000.01,9,0,6.460558704288216,2.539441295711784,1.3930683725582778,6.460558704288216,3.230279352144108,4.460558704288216,6,2.0,100.0,33.333333333333336,3.0,71.7839856032024,66.66666666666667,1.5,33.33333333333333,22.22222222222222,75.0,1.125
2022,RO,PATRIOTA,Pequeno (8–12),Menos competitivo,7,1,0,0,1420000.0,6,1,3.2585649644473182,3.7414350355526818,2.1481848839515965,,,3.2585649644473182,3,0.0,,0.0,1.0,46.550928063533114,,,,0.0,100.0,2.3333333333333335
2022,RO,PC DO B,Pequeno (8–12),Menos competitivo,3,0,0,0,154900.0,3,0,2.419577859772644,0.5804221402273559,1.239885704807158,,,2.419577859772644,2,0.0,,0.0,0.0,80.6525953257548,,,,0.0,,
2022,RO,PDT,Pequeno (8–12),Menos competitivo,8,0,0,0,813600.0,7,1,6.215378732399907,1.7846212676000928,1.287129931165274,,,6.215378732399907,6,0.0,,0.0,0.0,77.69223415499884,,,,0.0,,
2022,RO,PL,Pequeno (8–12),Competitivo,9,5,2,2,5997650.0,9,0,3.085128726717564,5.9148712732824364,2.917220251478968,1.5425643633587818,1.5425643633587818,1.0851287267175636,3,2.0,100.0,66.66666666666667,3.0,34.2792080746396,33.333333333333336,3.0,66.66666666666666,22.22222222222222,60.0,1.7999999999999998
2022,RO,PMB,Pequeno (8–12),Menos competitivo,2,0,0,0,0.0,0,2,,,,,,,0,0.0,,,0.0,,,,,,,
2022,RO,PODE,Pequeno (8–12),Menos competitivo,9,1,1,0,3403400.0,8,1,6.384101148499043,2.6158988515009574,1.4097520998889528,6.384101148499043,,6.384101148499043,6,0.0,,0.0,1.0,70.93445720554492,,,,0.0,100.0,1.5
2022,RO,PP,Pequeno (8–12),Competitivo,6,1,1,0,4800000.0,3,3,2.5043478260869563,3.495652173913044,2.395833333333333,2.5043478260869563,,2.5043478260869563,3,0.0,,0.0,0.0,41.7391304347826,,,,0.0,0.0,0.0
2022,RO,PROS,Pequeno (8–12),Menos competitivo,9,0,0,0,0.0,0,9,,,,,,,0,0.0,,,0.0,,,,,,,
2022,RO,PSB,Pequeno (8–12),Competitivo,8,2,1,0,5131487.05,8,0,3.8425842785117887,4.157415721488212,2.0819322154459954,3.8425842785117887,,3.8425842785117887,4,0.0,,0.0,1.0,48.032303481397356,,,,0.0,50.0,1.0
2022,RO,PSC,Pequeno (8–12),Menos competitivo,9,2,1,0,1941388.89,9,0,7.351207636098679,1.648792363901321,1.224288640114693,7.351207636098679,,7.351207636098679,7,0.0,,0.0,2.0,81.68008484554088,,,,0.0,100.0,1.2857142857142856
2022,RO,PSD,Pequeno (8–12),Competitivo,8,2,1,0,3752234.4,8,0,5.120894905492425,2.879105094507575,1.5622269442435903,5.120894905492425,,5.120894905492425,5,0.0,,0.0,2.0,64.0111863186553,,,,0.0,100.0,1.6
2022,RO,PSOL,Pequeno (8–12),Menos competitivo,8,0,0,0,97432.9,8,0,6.472663016528628,1.527336983471372,1.2359673259014343,,,6.472663016528628,6,0.0,,0.0,0.0,80.90828770660785,,,,0.0,,
2022,RO,PT,Pequeno (8–12),Competitivo,3,1,0,0,1194700.0,3,0,2.7949259985765176,0.2050740014234824,1.0733736784186516,,,2.7949259985765176,3,0.0,,0.0,1.0,93.16419995255059,,,,0.0,100.0,1.0
2022,RO,PTB,Pequeno (8–12),Menos competitivo,9,0,0,0,2415600.0,9,0,7.911763908302169,1.0882360916978309,1.1375465830768656,,,7.911763908302169,8,0.0,,0.0,0.0,87.90848787002409,,,,0.0,,
2022,RO,PV,Pequeno (8–12),Menos competitivo,2,0,0,0,574997.4,2,0,1.9962263810321648,0.0037736189678347,1.00189037626378,,,1.9962263810321648,2,0.0,,0.0,0.0,99.81131905160824,,,,0.0,,
2022,RO,REPUBLICANOS,Pequeno (8–12),Competitivo,9,3,0,0,4698073.42,9,0,4.463840645516008,4.536159354483992,2.016201005974671,,,4.463840645516008,4,0.0,,0.0,2.0,49.59822939462231,,,,0.0,66.66666666666667,1.5
2022,RO,SOLIDARIEDADE,Pequeno (8–12),Menos competitivo,6,0,0,0,205000.0,3,3,1.47585601404741,4.52414398595259,4.065437239738251,,,1.47585601404741,1,0.0,,0.0,0.0,24.5976002341235,,,,0.0,,
2022,RO,UNIAO,Pequeno (8–12),Competitivo,9,4,0,4,12908412.5,9,0,7.795408051671323,1.2045919483286769,1.154525836280041,,1.9488520129178308,3.7954080516713233,8,4.0,100.0,50.0,3.0,86.61564501857026,88.88888888888889,1.125,11.111111111111114,44.44444444444444,75.0,0.84375
2022,RR,CIDADANIA,Pequeno (8–12),Menos competitivo,6,0,0,0,45666.67999999999,6,0,5.718334116464245,0.281665883535755,1.0492566327533717,,,5.718334116464245,6,0.0,,0.0,0.0,95.30556860773741,,,,0.0,,
2022,RR,DC,Pequeno (8–12),Menos competitivo,6,0,0,0,118772.83,6,0,5.30055333866847,0.69944666133153,1.131957291369741,,,5.30055333866847,5,0.0,,0.0,0.0,88.3425556444745,,,,0.0,,
2022,RR,MDB,Pequeno (8–12),Competitivo,8,2,0,2,3503997.28,8,0,7.210439630590288,0.7895603694097124,1.1095023895713658,,3.605219815295144,5.210439630590288,7,2.0,100.0,28.571428571428573,1.0,90.1304953823786,87.5,1.1428571428571428,12.5,25.0,50.0,0.5714285714285714
2022,RR,PATRIOTA,Pequeno (8–12),Menos competitivo,7,0,0,0,237750.0,7,0,4.298054851939683,2.701945148060317,1.6286437100357032,,,4.298054851939683,4,0.0,,0.0,0.0,61.40078359913833,,,,0.0,,
2022,RR,PCO,Pequeno (8–12),Menos competitivo,1,0,0,0,3000.0,1,0,1.0,0.0,1.0,,,1.0,1,0.0,,0.0,0.0,100.0,,,,0.0,,
2022,RR,PDT,Pequeno (8–12),Menos competitivo,8,1,0,0,385758.68,6,2,2.7621155482205797,5.23788445177942,2.8963306785459397,,,2.7621155482205797,3,0.0,,0.0,0.0,34.526444352757245,,,,0.0,0.0,0.0
2022,RR,PL,Pequeno (8–12),Competitivo,8,1,1,0,1700000.0,8,0,6.720930232558139,1.279069767441861,1.1903114186851211,6.720930232558139,,6.720930232558139,7,0.0,,0.0,1.0,84.01162790697674,,,,0.0,100.0,1.1428571428571428
2022,RR,PMB,Pequeno (8–12),Menos competitivo,4,0,0,0,14808.9,4,0,3.981557264639696,0.018442735360304,1.0046320407153488,,,3.981557264639696,4,0.0,,0.0,0.0,99.5389316159924,,,,0.0,,
2022,RR,PMN,Pequeno (8–12),Menos competitivo,6,0,0,0,750000.0,6,0,5.0,1.0,1.2,,,5.0,5,0.0,,0.0,0.0,83.33333333333333,,,,0.0,,
2022,RR,PODE,Pequeno (8–12),Menos competitivo,8,2,0,0,4480000.0,8,0,6.263778790337682,1.7362212096623182,1.2771843112244898,,,6.263778790337682,6,0.0,,0.0,2.0,78.29723487922102,,,,0.0,100.0,1.3333333333333333
2022,RR,PP,Pequeno (8–12),Competitivo,9,3,1,0,4173999.99,9,0,4.750839036747217,4.249160963252783,1.8944022161950744,4.750839036747217,,4.750839036747217,5,0.0,,0.0,3.0,52.78710040830241,,,,0.0,100.0,1.7999999999999998
2022,RR,PROS,Pequeno (8–12),Menos competitivo,8,0,0,0,1405972.2,8,0,4.290510985985771,3.709489014014229,1.8645797729292968,,,4.290510985985771,4,0.0,,0.0,0.0,53.631387324822136,,,,0.0,,
2022,RR,PRTB,Pequeno (8–12),Menos competitivo,7,0,0,0,4900.0,7,0,7.0,0.0,1.0,,,7.0,7,0.0,,0.0,0.0,100.0,,,,0.0,,
2022,RR,PSC,Pequeno (8–12),Menos competitivo,3,0,0,0,0.0,0,3,,,,,,,0,0.0,,,0.0,,,,,,,
2022,RR,PSD,Pequeno (8–12),Competitivo,9,1,1,1,3849983.1,9,0,5.876090934693003,3.1239090653069974,1.531630483603162,5.876090934693003,5.876090934693003,4.876090934693003,6,1.0,100.0,16.666666666666668,1.0,65.28989927436669,66.66666666666667,1.5,33.33333333333333,11.11111111111111,100.0,1.5
2022,RR,PSDB,Pequeno (8–12),Competitivo,1,0,1,0,0.0,0,1,,,,,,,0,0.0,,,0.0,,,,,,,
2022,RR,PSOL,Pequeno (8–12),Menos competitivo,3,0,0,0,210810.06,3,0,2.7172964060529843,0.2827035939470157,1.104038555866512,,,2.7172964060529843,3,0.0,,0.0,0.0,90.5765468684328,,,,0.0,,
2022,RR,PT,Pequeno (8–12),Competitivo,3,0,0,0,512450.0,2,1,1.5339332453391512,1.4660667546608488,1.9557565553230465,,,1.5339332453391512,2,0.0,,0.0,0.0,51.131108177971704,,,,0.0,,
2022,RR,PTB,Pequeno (8–12),Menos competitivo,9,1,0,0,321830.0,9,0,8.19223770015476,0.8077622998452405,1.0986009353500548,,,8.19223770015476,8,0.0,,0.0,1.0,91.02486333505288,,,,0.0,100.0,1.125
2022,RR,PV,Pequeno (8–12),Menos competitivo,3,1,0,0,149742.4,3,0,2.17301641947677,0.8269835805232302,1.3805694117683454,,,2.17301641947677,2,0.0,,0.0,0.0,72.43388064922566,,,,0.0,0.0,0.0
2022,RR,REDE,Pequeno (8–12),Menos competitivo,5,1,1,0,4268640.0,5,0,3.441698090573845,1.558301909426155,1.4527712392013834,3.441698090573845,,3.441698090573845,3,0.0,,0.0,1.0,68.8339618114769,,,,0.0,100.0,1.6666666666666667
2022,RR,REPUBLICANOS,Pequeno (8–12),Competitivo,9,3,1,3,5215790.0,9,0,6.787116233992119,2.212883766007881,1.3260418253816,6.787116233992119,2.262372077997373,3.787116233992119,7,3.0,100.0,42.85714285714285,3.0,75.41240259991244,77.77777777777777,1.2857142857142856,22.22222222222223,33.333333333333336,100.0,1.2857142857142856
2022,RR,SOLIDARIEDADE,Pequeno (8–12),Menos competitivo,7,1,1,0,1369300.0,7,0,4.680621464521969,2.319378535478031,1.4955279022365695,4.680621464521969,,4.680621464521969,5,0.0,,0.0,1.0,66.86602092174242,,,,0.0,100.0,1.4
2022,RR,UNIAO,Pequeno (8–12),Competitivo,8,3,1,2,6863259.279999999,8,0,6.257137826755669,1.7428621732443306,1.2785398406587452,6.257137826755669,3.1285689133778347,4.257137826755669,6,2.0,100.0,33.333333333333336,3.0,78.21422283444586,75.0,1.3333333333333333,25.0,25.0,100.0,1.3333333333333333
2022,RS,AGIR,Médio (16–31),Menos competitivo,1,0,0,0,0.0,0,1,,,,,,,0,0.0,,,0.0,,,,,,,
2022,RS,AVANTE,Médio (16–31),Menos competitivo,30,0,0,0,2460592.0,30,0,8.430643911280523,21.56935608871948,3.558447055255039,,,8.430643911280523,8,0.0,,0.0,0.0,28.102146370935078,,,,0.0,,
2022,RS,CIDADANIA,Médio (16–31),Menos competitivo,8,1,0,1,2415643.05,8,0,1.1145406947206675,6.8854593052793325,7.177844683369774,,1.1145406947206675,0.1145406947206677,1,1.0,100.0,100.0,1.0,13.931758684008344,12.5,8.0,87.5,12.5,100.0,8.0
2022,RS,DC,Médio (16–31),Menos competitivo,7,0,0,0,150874.46000000002,6,1,1.9218856815688792,5.078114318431121,3.642256179506858,,,1.9218856815688792,2,0.0,,0.0,0.0,27.455509736698275,,,,0.0,,
2022,RS,MDB,Médio (16–31),Competitivo,24,8,4,3,14598763.21,24,0,8.38018547701476,15.61981452298524,2.8638984263328533,2.09504636925369,2.79339515900492,5.380185477014759,8,3.0,100.0,37.5,7.0,34.917439487561495,33.333333333333336,3.0,66.66666666666666,12.5,87.5,2.625
2022,RS,NOVO,Médio (16–31),Menos competitivo,6,2,1,1,365811.78,6,0,2.471425836397003,3.528574163602997,2.427748351432293,2.471425836397003,2.471425836397003,1.4714258363970032,2,1.0,100.0,50.0,1.0,41.19043060661672,33.333333333333336,3.0,66.66666666666666,16.666666666666668,50.0,1.5
2022,RS,PATRIOTA,Médio (16–31),Menos competitivo,23,0,0,0,685000.0,22,1,18.02977905859751,4.970220941402491,1.2756673237785705,,,18.02977905859751,18,0.0,,0.0,0.0,78.39034373303264,,,,0.0,,
2022,RS,PC DO B,Médio (16–31),Menos competitivo,4,1,0,1,1403560.95,4,0,2.4443665628778684,1.5556334371221316,1.6364157736189169,,2.4443665628778684,1.4443665628778684,2,1.0,100.0,50.0,1.0,61.10916407194671,50.0,2.0,50.0,25.0,100.0,2.0
2022,RS,PCB,Médio (16–31),Menos competitivo,2,0,0,0,0.0,0,2,,,,,,,0,0.0,,,0.0,,,,,,,
2022,RS,PDT,Médio (16–31),Menos competitivo,28,3,2,2,6902651.14,28,0,5.673693812818795,22.326306187181206,4.935056582845292,2.8368469064093973,2.8368469064093973,3.6736938128187946,6,2.0,100.0,33.333333333333336,3.0,20.263192188638552,21.428571428571427,4.666666666666667,78.57142857142857,7.142857142857143,100.0,4.666666666666666
2022,RS,PL,Médio (16–31),Competitivo,31,7,6,4,9104279.150000002,25,6,4.67944970206504,26.32055029793496,6.624710590717474,0.7799082836775066,1.16986242551626,0.6794497020650399,5,3.0,75.0,60.0,4.0,15.094999038919482,16.129032258064516,4.65,58.87096774193549,12.903225806451612,57.142857142857146,3.5428571428571427
2022,RS,PODE,Médio (16–31),Menos competitivo,28,1,1,1,5969020.14,27,1,4.661234135138024,23.338765864861976,6.006992823837392,4.661234135138024,4.661234135138024,3.661234135138024,5,0.0,0.0,0.0,1.0,16.647264768350084,17.857142857142858,0.0,-17.857142857142858,3.5714285714285716,100.0,5.6
2022,RS,PP,Médio (16–31),Competitivo,27,7,4,3,10401000.0,26,1,5.8145712140222034,21.1854287859778,4.6435066329375765,1.4536428035055509,1.938190404674068,2.8145712140222034,6,3.0,100.0,50.0,6.0,21.535448940822974,22.22222222222222,4.5,77.77777777777777,11.11111111111111,85.71428571428571,3.857142857142857
2022,RS,PROS,Médio (16–31),Menos competitivo,3,0,0,0,0.0,0,3,,,,,,,0,0.0,,,0.0,,,,,,,
2022,RS,PRTB,Médio (16–31),Menos competitivo,7,0,0,0,105205.7,7,0,4.515938612023571,2.4840613879764293,1.5500653577005408,,,4.515938612023571,5,0.0,,0.0,0.0,64.51340874319386,,,,0.0,,
2022,RS,PSB,Médio (16–31),Competitivo,23,3,1,1,8521000.0,23,0,7.212632236665323,15.787367763334675,3.188849680021088,7.212632236665323,7.212632236665323,6.212632236665323,7,1.0,100.0,14.285714285714286,3.0,31.359270594197056,30.434782608695652,3.2857142857142856,69.56521739130434,4.3478260869565215,100.0,3.285714285714286
2022,RS,PSC,Médio (16–31),Menos competitivo,29,1,0,0,740000.0,26,3,20.547842401500933,8.452157598499067,1.4113403944485028,,,20.547842401500933,21,0.0,,0.0,1.0,70.85462897069287,,,,0.0,100.0,1.380952380952381
2022,RS,PSD,Médio (16–31),Competitivo,28,5,2,1,6723380.800000001,28,0,7.600934886800204,20.3990651131998,3.6837573820853073,3.800467443400102,7.600934886800204,6.600934886800204,8,1.0,100.0,12.5,4.0,27.14619602428644,28.571428571428573,3.5,71.42857142857143,3.5714285714285716,80.0,2.8
2022,RS,PSDB,Médio (16–31),Competitivo,23,4,2,2,7480370.98,23,0,7.573606909368637,15.426393090631365,3.036862128604634,3.786803454684319,3.786803454684319,5.573606909368637,8,2.0,100.0,25.0,4.0,32.92872569290712,34.78260869565217,2.875,65.21739130434783,8.695652173913043,100.0,2.875
2022,RS,PSOL,Médio (16–31),Menos competitivo,30,2,1,1,5935442.089999999,30,0,7.5928115280393,22.4071884719607,3.951105580484089,7.5928115280393,7.5928115280393,6.5928115280393,8,1.0,100.0,12.5,2.0,25.309371760131,26.666666666666668,3.75,73.33333333333333,3.3333333333333335,100.0,3.75
2022,RS,PSTU,Médio (16–31),Menos competitivo,3,0,0,0,5500.0,2,1,1.6575342465753424,1.3424657534246576,1.8099173553719008,,,1.6575342465753424,2,0.0,,0.0,0.0,55.25114155251142,,,,0.0,,
2022,RS,PT,Médio (16–31),Competitivo,25,7,5,6,14464366.43,25,0,9.643977992734676,15.356022007265324,2.59229127428887,1.9287955985469352,1.6073296654557794,3.643977992734676,10,6.0,100.0,60.0,7.0,38.575911970938705,40.0,2.5,60.0,24.0,100.0,2.5
2022,RS,PTB,Médio (16–31),Menos competitivo,31,5,0,0,5234510.0,30,1,8.195181135764429,22.80481886423557,3.7827107767897297,,,8.195181135764429,8,0.0,,0.0,5.0,26.436068179885254,,,,0.0,100.0,3.875
2022,RS,PV,Médio (16–31),Menos competitivo,2,0,0,0,531584.0,2,0,1.993048677905413,0.0069513220945869,1.003487783400199,,,1.993048677905413,2,0.0,,0.0,0.0,99.65243389527065,,,,0.0,,
2022,RS,REDE,Médio (16–31),Menos competitivo,2,0,0,0,230000.0,2,0,1.2195121951219512,0.7804878048780488,1.64,,,1.2195121951219512,1,0.0,,0.0,0.0,60.97560975609756,,,,0.0,,
2022,RS,REPUBLICANOS,Médio (16–31),Competitivo,32,7,2,3,7953634.379999999,32,0,7.149452145541751,24.85054785445825,4.475867429919722,3.574726072770876,2.383150715180584,4.149452145541751,7,3.0,100.0,42.85714285714285,6.0,22.34203795481797,21.875,4.571428571428571,78.125,9.375,85.71428571428571,3.9183673469387754
2022,RS,SOLIDARIEDADE,Médio (16–31),Menos competitivo,25,0,0,0,573538.28,25,0,16.625583194295245,8.374416805704755,1.5037066494352076,,,16.625583194295245,17,0.0,,0.0,0.0,66.50233277718098,,,,0.0,,
2022,RS,UNIAO,Médio (16–31),Competitivo,28,3,0,1,5588794.71,25,3,6.974504114809445,21.025495885190555,4.014622335736482,,6.974504114809445,5.974504114809445,7,1.0,100.0,14.285714285714286,3.0,24.90894326717659,25.0,4.0,75.0,3.5714285714285716,100.0,4.0
2022,RS,UP,Médio (16–31),Menos competitivo,2,0,0,0,81379.0,2,0,1.9994258714524231,0.0005741285475768,1.0002871467033485,,,1.9994258714524231,2,0.0,,0.0,0.0,99.97129357262115,,,,0.0,,
2022,SC,AVANTE,Médio (16–31),Menos competitivo,12,0,0,0,1575000.0,12,0,6.894871858016101,5.105128141983899,1.740423933484505,,,6.894871858016101,7,0.0,,0.0,0.0,57.4572654834675,,,,0.0,,
2022,SC,CIDADANIA,Médio (16–31),Menos competitivo,5,1,1,1,3030477.7800000003,3,2,1.142737278574453,3.8572627214255473,4.375458903587553,1.142737278574453,1.142737278574453,0.1427372785744529,1,1.0,100.0,100.0,1.0,22.854745571489058,20.0,5.0,80.0,20.0,100.0,5.0
2022,SC,DC,Médio (16–31),Menos competitivo,2,0,0,0,82000.0,2,0,1.829908831133488,0.1700911688665123,1.0929506246281977,,,1.829908831133488,2,0.0,,0.0,0.0,91.4954415566744,,,,0.0,,
2022,SC,MDB,Médio (16–31),Competitivo,16,4,3,3,6387288.0,16,0,5.263441797591031,10.736558202408968,3.039836026556401,1.7544805991970105,1.7544805991970105,2.263441797591031,5,3.0,100.0,60.0,3.0,32.896511234943944,31.25,3.2,68.75,18.75,75.0,2.4
2022,SC,NOVO,Médio (16–31),Menos competitivo,13,2,1,1,356189.52000000014,13,0,2.5031107604269383,10.49688923957306,5.1935376594292935,2.5031107604269383,2.5031107604269383,1.5031107604269385,3,0.0,0.0,0.0,1.0,19.254698157130296,23.076923076923077,0.0,-23.076923076923077,7.6923076923076925,50.0,2.1666666666666665
2022,SC,PATRIOTA,Médio (16–31),Menos competitivo,16,5,0,0,1083500.0,15,1,10.92867798503555,5.07132201496445,1.4640380128235568,,,10.92867798503555,11,0.0,,0.0,4.0,68.3042374064722,,,,0.0,80.0,1.1636363636363636
2022,SC,PC DO B,Médio (16–31),Menos competitivo,2,0,0,0,555700.0,2,0,1.0273571560055546,0.9726428439944454,1.9467426574183384,,,1.0273571560055546,1,0.0,,0.0,0.0,51.367857800277726,,,,0.0,,
2022,SC,PCO,Médio (16–31),Menos competitivo,1,0,0,0,3000.0,1,0,1.0,0.0,1.0,,,1.0,1,0.0,,0.0,0.0,100.0,,,,0.0,,
2022,SC,PDT,Médio (16–31),Menos competitivo,12,1,0,0,274945.87999999995,12,0,9.188368247177545,2.811631752822457,1.3059990280304803,,,9.188368247177545,9,0.0,,0.0,1.0,76.5697353931462,,,,0.0,100.0,1.3333333333333333
2022,SC,PL,Médio (16–31),Competitivo,15,6,3,6,6723796.28,10,5,4.750930791416097,10.249069208583904,3.1572760493799974,1.583643597138699,0.7918217985693495,-1.2490692085839026,5,4.0,66.66666666666667,80.0,3.5,31.672871942773984,33.333333333333336,2.0,33.333333333333336,40.0,58.333333333333336,1.75
2022,SC,PODE,Médio (16–31),Menos competitivo,16,2,1,0,6345000.0,15,1,8.265424906714024,7.734575093285976,1.9357746492867127,8.265424906714024,,8.265424906714024,8,0.0,,0.0,2.0,51.65890566696265,,,,0.0,100.0,2.0
2022,SC,PP,Médio (16–31),Competitivo,17,3,1,0,6725000.0,16,1,4.642227519894069,12.35777248010593,3.662035074142148,4.642227519894069,,4.642227519894069,5,0.0,,0.0,3.0,27.30722070525923,,,,0.0,100.0,3.4
2022,SC,PROS,Médio (16–31),Menos competitivo,13,0,0,0,0.0,0,13,,,,,,,0,0.0,,,0.0,,,,,,,
2022,SC,PRTB,Médio (16–31),Menos competitivo,3,0,0,0,5500.0,3,0,2.469387755102041,0.5306122448979589,1.2148760330578512,,,2.469387755102041,2,0.0,,0.0,0.0,82.31292517006804,,,,0.0,,
2022,SC,PSB,Médio (16–31),Competitivo,17,2,0,0,4368091.67,17,0,6.869027294233329,10.13097270576667,2.4748773402417257,,,6.869027294233329,7,0.0,,0.0,2.0,40.40604290725488,,,,0.0,100.0,2.428571428571429
2022,SC,PSC,Médio (16–31),Menos competitivo,15,2,0,0,660000.0,14,1,5.635187580853818,9.364812419146183,2.661845730027548,,,5.635187580853818,6,0.0,,0.0,1.0,37.56791720569212,,,,0.0,50.0,1.25
2022,SC,PSD,Médio (16–31),Competitivo,13,6,3,2,11291400.0,13,0,6.385014983649962,6.614985016350038,2.036017148477953,2.128338327883321,3.192507491824981,4.385014983649962,6,2.0,100.0,33.333333333333336,6.0,49.11549987423048,46.15384615384615,2.1666666666666665,53.84615384615385,15.384615384615385,100.0,2.1666666666666665
2022,SC,PSDB,Médio (16–31),Competitivo,9,1,1,0,4229572.53,8,1,1.7332358856736134,7.266764114326387,5.192599619238899,1.7332358856736134,,1.7332358856736134,2,0.0,,0.0,1.0,19.258176507484595,,,,0.0,100.0,4.5
2022,SC,PSOL,Médio (16–31),Menos competitivo,11,0,0,0,478989.70000000007,11,0,6.1812595560267365,4.818740443973264,1.7795725774490387,,,6.1812595560267365,6,0.0,,0.0,0.0,56.193268691152156,,,,0.0,,
2022,SC,PSTU,Médio (16–31),Menos competitivo,1,0,0,0,3211.0,1,0,1.0,0.0,1.0,,,1.0,1,0.0,,0.0,0.0,100.0,,,,0.0,,
2022,SC,PT,Médio (16–31),Competitivo,13,3,1,2,4846869.390000001,13,0,5.27034607470836,7.72965392529164,2.4666311881083383,5.27034607470836,2.63517303735418,3.2703460747083604,5,2.0,100.0,40.0,2.0,40.541123651602774,38.46153846153846,2.5999999999999996,61.53846153846154,15.384615384615385,66.66666666666667,1.7333333333333334
2022,SC,PTB,Médio (16–31),Menos competitivo,17,3,0,0,1602740.0,17,0,7.741671859585431,9.25832814041457,2.195908107232842,,,7.741671859585431,8,0.0,,0.0,2.0,45.539246232855476,,,,0.0,66.66666666666667,1.4166666666666665
2022,SC,PV,Médio (16–31),Menos competitivo,2,0,0,0,699987.7,2,0,1.8142029942693492,0.1857970057306506,1.1024124677985545,,,1.8142029942693492,2,0.0,,0.0,0.0,90.71014971346746,,,,0.0,,
2022,SC,REDE,Médio (16–31),Menos competitivo,6,0,0,0,59917.09,6,0,5.999942574632343,5.74253676566272e-05,1.0000095709862122,,,5.999942574632343,6,0.0,,0.0,0.0,99.99904291053906,,,,0.0,,
2022,SC,REPUBLICANOS,Médio (16–31),Competitivo,16,3,0,0,3634520.01,16,0,10.16502766139272,5.834972338607281,1.5740242459711935,,,10.16502766139272,10,0.0,,0.0,2.0,63.5314228837045,,,,0.0,66.66666666666667,1.0666666666666667
2022,SC,SOLIDARIEDADE,Médio (16–31),Menos competitivo,12,1,0,0,1683000.0,10,2,2.236383274551557,9.763616725448443,5.365806539760613,,,2.236383274551557,2,0.0,,0.0,1.0,18.636527287929642,,,,0.0,100.0,6.0
2022,SC,UNIAO,Médio (16–31),Competitivo,16,4,1,1,10809416.67,16,0,9.780468573922851,6.219531426077149,1.6359134410655904,9.780468573922851,9.780468573922851,8.780468573922851,10,1.0,100.0,10.0,3.0,61.12792858701782,62.5,1.6,37.5,6.25,75.0,1.2
2022,SC,UP,Médio (16–31),Menos competitivo,1,0,0,0,44000.0,1,0,1.0,0.0,1.0,,,1.0,1,0.0,,0.0,0.0,100.0,,,,0.0,,
2022,SE,CIDADANIA,Pequeno (8–12),Menos competitivo,5,0,0,0,117290.23,5,0,2.3105421649339006,2.6894578350661,2.1639942676151245,,,2.3105421649339006,2,0.0,,0.0,0.0,46.210843298678014,,,,0.0,,
2022,SE,DC,Pequeno (8–12),Menos competitivo,9,0,0,0,81056.93,9,0,8.798918249829024,0.2010817501709763,1.0228530081155014,,,8.798918249829024,9,0.0,,0.0,0.0,97.76575833143359,,,,0.0,,
2022,SE,MDB,Pequeno (8–12),Competitivo,9,1,0,0,0.0,0,9,,,,,,,0,0.0,,,0.0,,,,,,0.0,
2022,SE,PATRIOTA,Pequeno (8–12),Menos competitivo,8,1,0,0,435000.0,8,0,5.7822765469824295,2.2177234530175705,1.3835381159994715,,,5.7822765469824295,6,0.0,,0.0,1.0,72.27845683728037,,,,0.0,100.0,1.3333333333333333
2022,SE,PC DO B,Pequeno (8–12),Menos competitivo,2,0,0,0,438000.0,2,0,1.9154901451764283,0.0845098548235716,1.0441191801672192,,,1.9154901451764283,2,0.0,,0.0,0.0,95.77450725882142,,,,0.0,,
2022,SE,PDT,Pequeno (8–12),Menos competitivo,9,0,0,0,1609574.37,9,0,5.02016222089332,3.97983777910668,1.7927707520173486,,,5.02016222089332,5,0.0,,0.0,0.0,55.77958023214799,,,,0.0,,
2022,SE,PL,Pequeno (8–12),Competitivo,7,2,1,1,2176000.0,7,0,3.435184594044006,3.564815405955994,2.0377361997188577,3.435184594044006,3.435184594044006,2.435184594044006,3,1.0,100.0,33.333333333333336,2.0,49.074065629200085,42.857142857142854,2.3333333333333335,57.142857142857146,14.285714285714286,100.0,2.3333333333333335
2022,SE,PMN,Pequeno (8–12),Menos competitivo,8,0,0,0,212699.06,8,0,7.23365269303101,0.7663473069689903,1.105941954844929,,,7.23365269303101,7,0.0,,0.0,0.0,90.42065866288762,,,,0.0,,
2022,SE,PODE,Pequeno (8–12),Menos competitivo,7,0,0,0,2274000.0,3,4,1.045194761935177,5.954805238064823,6.697316380575338,,,1.045194761935177,1,0.0,,0.0,0.0,14.9313537419311,,,,0.0,,
2022,SE,PP,Pequeno (8–12),Competitivo,9,3,1,1,5815000.0,9,0,6.747696421533658,2.252303578466342,1.3337885165193049,6.747696421533658,6.747696421533658,5.747696421533658,7,1.0,100.0,14.285714285714286,3.0,74.9744046837073,77.77777777777777,1.2857142857142856,22.22222222222223,11.11111111111111,100.0,1.2857142857142856
2022,SE,PROS,Pequeno (8–12),Menos competitivo,5,0,0,0,0.0,0,5,,,,,,,0,0.0,,,0.0,,,,,,,
2022,SE,PSB,Pequeno (8–12),Competitivo,9,0,0,0,52950.0,3,6,2.868230516034485,6.131769483965515,3.13782311069024,,,2.868230516034485,3,0.0,,0.0,0.0,31.869227955938722,,,,0.0,,
2022,SE,PSD,Pequeno (8–12),Competitivo,9,5,2,2,7492830.37,9,0,4.311710092202146,4.688289907797854,2.0873388533883026,2.155855046101073,2.155855046101073,2.311710092202146,4,2.0,100.0,50.0,3.0,47.90788991335718,44.44444444444444,2.25,55.55555555555556,22.22222222222222,60.0,1.3499999999999999
2022,SE,PSDB,Pequeno (8–12),Competitivo,4,0,0,0,481200.0,4,0,2.172965278867398,1.827034721132602,1.840802537850442,,,2.172965278867398,2,0.0,,0.0,0.0,54.32413197168495,,,,0.0,,
2022,SE,PSOL,Pequeno (8–12),Menos competitivo,7,0,0,0,240105.73,7,0,4.381563951663064,2.618436048336936,1.597603065303448,,,4.381563951663064,4,0.0,,0.0,0.0,62.593770738043766,,,,0.0,,
2022,SE,PT,Pequeno (8–12),Competitivo,5,2,2,1,3057447.55,5,0,2.4291094380392426,2.5708905619607574,2.058367532438538,1.2145547190196213,2.4291094380392426,1.4291094380392426,2,1.0,100.0,50.0,2.0,48.58218876078485,40.0,2.5,60.0,20.0,100.0,2.5
2022,SE,PTB,Pequeno (8–12),Menos competitivo,9,0,0,0,0.0,0,9,,,,,,,0,0.0,,,0.0,,,,,,,
2022,SE,PV,Pequeno (8–12),Menos competitivo,2,0,0,0,266777.1,2,0,1.921624581363378,0.0783754186366219,1.040786020014906,,,1.921624581363378,2,0.0,,0.0,0.0,96.08122906816891,,,,0.0,,
2022,SE,REDE,Pequeno (8–12),Menos competitivo,1,0,0,0,101404.18,1,0,1.0,0.0,1.0,,,1.0,1,0.0,,0.0,0.0,100.0,,,,0.0,,
2022,SE,REPUBLICANOS,Pequeno (8–12),Competitivo,9,3,1,1,6127989.800000001,9,0,5.460996428371688,3.539003571628312,1.648050885593335,5.460996428371688,5.460996428371688,4.460996428371688,5,1.0,100.0,20.0,3.0,60.67773809301876,55.55555555555556,1.7999999999999998,44.44444444444444,11.11111111111111,100.0,1.7999999999999998
2022,SE,SOLIDARIEDADE,Pequeno (8–12),Menos competitivo,4,0,0,0,66500.0,4,0,3.702951643290768,0.2970483567092317,1.0802193453558708,,,3.702951643290768,4,0.0,,0.0,0.0,92.5737910822692,,,,0.0,,
2022,SE,UNIAO,Pequeno (8–12),Competitivo,9,4,1,2,11768930.15,9,0,6.167839670842194,2.832160329157806,1.459181898411942,6.167839670842194,3.083919835421097,4.167839670842194,6,2.0,100.0,33.333333333333336,4.0,68.5315518982466,66.66666666666667,1.5,33.33333333333333,22.22222222222222,100.0,1.5
2022,SE,UP,Pequeno (8–12),Menos competitivo,2,0,0,0,16411.7,2,0,1.943214919847855,0.056785080152145,1.0292222335121797,,,1.943214919847855,2,0.0,,0.0,0.0,97.16074599239275,,,,0.0,,
2022,SP,AGIR,Grande (39–70),Menos competitivo,68,0,0,0,2217124.15,43,25,2.019685434791139,65.98031456520886,33.66860939264637,,,2.019685434791139,2,0.0,,0.0,0.0,2.9701256393987343,,,,0.0,,
2022,SP,AVANTE,Grande (39–70),Menos competitivo,70,3,0,0,12359402.26,66,4,11.334186369991151,58.66581363000885,6.1760057330038975,,,11.334186369991151,11,0.0,,0.0,2.0,16.191694814273074,,,,0.0,66.66666666666667,4.242424242424242
2022,SP,CIDADANIA,Grande (39–70),Menos competitivo,9,3,2,2,10281341.82,7,2,4.324876372363424,4.675123627636576,2.080984339231355,2.162438186181712,2.162438186181712,2.3248763723634243,4,2.0,100.0,50.0,3.0,48.05418191514916,44.44444444444444,2.25,55.55555555555556,22.22222222222222,100.0,2.25
2022,SP,DC,Grande (39–70),Menos competitivo,16,0,0,0,163459.46000000002,16,0,14.690603817700689,1.309396182299313,1.0891315427567123,,,14.690603817700689,15,0.0,,0.0,0.0,91.81627386062931,,,,0.0,,
2022,SP,MDB,Grande (39–70),Competitivo,66,10,2,5,26534000.0,61,5,21.06255045356453,44.937449546435474,3.133523651160226,10.531275226782263,4.212510090712906,16.06255045356453,21,4.0,80.0,19.047619047619047,7.0,31.912955232673532,31.818181818181817,2.5142857142857142,48.18181818181819,7.575757575757576,70.0,2.2
2022,SP,NOVO,Grande (39–70),Menos competitivo,56,3,3,1,229437.48,56,0,7.609844251788944,48.39015574821106,7.35888911088231,2.5366147505963146,7.609844251788944,6.609844251788944,8,1.0,100.0,12.5,2.0588235294117645,13.589007592480257,14.285714285714286,7.0,85.71428571428571,1.7857142857142858,68.62745098039215,4.803921568627451
2022,SP,PATRIOTA,Grande (39–70),Menos competitivo,70,5,0,0,10566186.01,70,0,31.80544177706546,38.19455822293454,2.200881235690812,,,31.80544177706546,32,0.0,,0.0,5.0,45.436345395807805,,,,0.0,100.0,2.1875
2022,SP,PC DO B,Grande (39–70),Menos competitivo,2,2,1,0,4515834.45,2,0,1.9905086064728457,0.0094913935271541,1.0047683257918552,1.9905086064728457,,1.9905086064728457,2,0.0,,0.0,2.0,99.52543032364228,,,,0.0,100.0,1.0
2022,SP,PCB,Grande (39–70),Menos competitivo,9,0,0,0,0.0,0,9,,,,,,,0,0.0,,,0.0,,,,,,,
2022,SP,PCO,Grande (39–70),Menos competitivo,9,0,0,0,107769.24,9,0,9.0,0.0,1.0,,,9.0,9,0.0,,0.0,0.0,100.0,,,,0.0,,
2022,SP,PDT,Grande (39–70),Menos competitivo,45,0,0,0,4940500.0,43,2,6.476260108899745,38.523739891100256,6.948454701218767,,,6.476260108899745,6,0.0,,0.0,0.0,14.391689130888322,,,,0.0,,
2022,SP,PL,Grande (39–70),Competitivo,70,25,15,17,32111847.8,69,1,23.132084703147232,46.86791529685277,3.026099934282022,1.5421389802098155,1.3607108648910136,6.132084703147232,23,13.0,76.47058823529412,56.52173913043478,18.0,33.045835290210334,32.857142857142854,2.327365728900256,43.61344537815126,24.285714285714285,72.0,2.191304347826087
2022,SP,PMB,Grande (39–70),Menos competitivo,26,0,0,0,0.0,0,26,,,,,,,0,0.0,,,0.0,,,,,,,
2022,SP,PMN,Grande (39–70),Menos competitivo,47,0,0,0,1195000.0,37,10,12.56787678767877,34.43212321232123,3.7396929325466974,,,12.56787678767877,13,0.0,,0.0,0.0,26.740163378039934,,,,0.0,,
2022,SP,PODE,Grande (39–70),Menos competitivo,71,8,1,3,23076447.61,68,3,21.799049782426085,49.20095021757392,3.257022700927021,21.799049782426085,7.266349927475361,18.799049782426085,22,3.0,100.0,13.636363636363637,6.0,30.70288701750153,30.985915492957748,3.2272727272727275,69.01408450704226,4.225352112676056,75.0,2.420454545454546
2022,SP,PP,Grande (39–70),Competitivo,65,4,2,4,16092000.0,36,29,8.427784064879944,56.572215935120056,7.712584885849937,4.213892032439972,2.106946016219986,4.427784064879944,8,4.0,100.0,50.0,3.0,12.965821638276838,12.307692307692308,8.125,87.6923076923077,6.153846153846154,75.0,6.09375
2022,SP,PROS,Grande (39–70),Menos competitivo,59,1,0,0,6905000.0,26,33,7.32872332658292,51.67127667341708,8.05051539959133,,,7.32872332658292,7,0.0,,0.0,1.0,12.421564960310032,,,,0.0,100.0,8.428571428571429
2022,SP,PRTB,Grande (39–70),Menos competitivo,59,0,0,0,255025.22,57,2,30.09952305116875,28.90047694883125,1.9601639500965136,,,30.09952305116875,30,0.0,,0.0,0.0,51.01614076469279,,,,0.0,,
2022,SP,PSB,Grande (39–70),Competitivo,67,7,2,2,12795616.929999996,66,1,11.379591115316131,55.62040888468387,5.887733515295,5.689795557658066,5.689795557658066,9.379591115316131,11,1.0,50.0,9.090909090909092,4.0,16.984464351218108,16.417910447761194,3.0454545454545454,33.582089552238806,2.985074626865672,57.142857142857146,3.4805194805194803
2022,SP,PSC,Grande (39–70),Menos competitivo,59,3,2,1,3605000.0,55,4,7.925251170094371,51.07474882990563,7.444559009389408,3.9626255850471854,7.925251170094371,6.925251170094371,8,1.0,100.0,12.5,2.0,13.432629101854864,13.559322033898304,7.375,86.4406779661017,1.694915254237288,66.66666666666667,4.916666666666666
2022,SP,PSD,Grande (39–70),Competitivo,48,8,4,3,20125932.42,48,0,17.67720032598977,30.32279967401023,2.715362111353593,4.419300081497442,5.8924001086632565,14.67720032598977,18,3.0,100.0,16.666666666666668,8.0,36.82750067914535,37.5,2.6666666666666665,62.5,6.25,100.0,2.6666666666666665
2022,SP,PSDB,Grande (39–70),Competitivo,43,9,7,3,29717086.77,43,0,13.314037165521771,29.685962834478225,3.2296740248970788,1.9020053093602531,4.438012388507258,10.314037165521771,13,2.0,66.66666666666667,15.384615384615383,8.0,30.9628771291204,30.232558139534884,2.2051282051282053,36.434108527131784,6.976744186046512,88.88888888888889,2.9401709401709404
2022,SP,PSOL,Grande (39–70),Menos competitivo,38,4,3,5,15160151.22,37,1,11.854167858856371,26.14583214114363,3.205623579187788,3.951389286285457,2.370833571771274,6.854167858856371,12,5.0,100.0,41.66666666666666,4.0,31.19517857593782,31.57894736842105,3.1666666666666665,68.42105263157895,13.157894736842104,100.0,3.166666666666667
2022,SP,PSTU,Grande (39–70),Menos competitivo,9,0,0,0,119022.5,7,2,3.088010982436161,5.911989017563839,2.9144974066445246,,,3.088010982436161,3,0.0,,0.0,0.0,34.31123313817957,,,,0.0,,
2022,SP,PT,Grande (39–70),Competitivo,57,16,8,11,43612722.54,56,1,28.26967840189715,28.73032159810285,2.016294603343446,3.533709800237144,2.569970763808832,17.26967840189715,28,11.0,100.0,39.285714285714285,16.0,49.59592702087219,49.12280701754386,2.0357142857142856,50.87719298245614,19.29824561403509,100.0,2.035714285714286
2022,SP,PTB,Grande (39–70),Menos competitivo,70,2,0,0,8881863.23,67,3,5.310698423047312,64.68930157695269,13.180940513627124,,,5.310698423047312,5,0.0,,0.0,2.0,7.586712032924732,,,,0.0,100.0,14.0
2022,SP,PV,Grande (39–70),Menos competitivo,11,1,0,0,4955008.2,10,1,3.605065089513666,7.3949349104863344,3.0512625228311574,,,3.605065089513666,4,0.0,,0.0,1.0,32.773318995578784,,,,0.0,100.0,2.75
2022,SP,REDE,Grande (39–70),Menos competitivo,21,1,0,1,4922796.12,20,1,2.838372834155238,18.161627165844763,7.398605196364226,,2.838372834155238,1.838372834155238,3,1.0,100.0,33.333333333333336,1.0,13.516061115024943,14.285714285714286,7.0,85.71428571428571,4.761904761904762,100.0,7.0
2022,SP,REPUBLICANOS,Grande (39–70),Competitivo,68,15,9,5,33628013.620000005,68,0,19.18723907771033,48.81276092228967,3.544022134950884,2.131915453078926,3.837447815542067,14.187239077710334,19,5.0,100.0,26.31578947368421,14.0,28.21652805545637,27.941176470588236,3.5789473684210527,72.05882352941177,7.352941176470588,93.33333333333333,3.340350877192982
2022,SP,SOLIDARIEDADE,Grande (39–70),Menos competitivo,54,3,1,1,14824120.840000004,54,0,15.303993633062348,38.69600636693765,3.528490751808718,15.303993633062348,15.303993633062348,14.303993633062348,15,1.0,100.0,6.666666666666667,3.0,28.34072895011546,27.77777777777778,3.5999999999999996,72.22222222222223,1.8518518518518519,100.0,3.5999999999999996
2022,SP,UNIAO,Grande (39–70),Competitivo,66,14,8,6,72415441.9,66,0,37.6766117799526,28.3233882200474,1.751749875638181,4.709576472494075,6.279435296658767,31.6766117799526,38,6.0,100.0,15.789473684210526,12.0,57.085775424170606,57.57575757575758,1.736842105263158,42.42424242424242,9.090909090909092,85.71428571428571,1.4887218045112782
2022,SP,UP,Grande (39–70),Menos competitivo,1,0,0,0,27830.0,1,0,1.0,0.0,1.0,,,1.0,1,0.0,,0.0,0.0,100.0,,,,0.0,,
2022,TO,AVANTE,Pequeno (8–12),Menos competitivo,9,0,0,0,2669622.0,9,0,6.602911164517597,2.397088835482404,1.3630351485514092,,,6.602911164517597,7,0.0,,0.0,0.0,73.36567960575107,,,,0.0,,
2022,TO,CIDADANIA,Pequeno (8–12),Menos competitivo,2,0,0,0,92000.0,2,0,1.5439620576431958,0.4560379423568041,1.2953686200378072,,,1.5439620576431958,2,0.0,,0.0,0.0,77.19810288215979,,,,0.0,,
2022,TO,DC,Pequeno (8–12),Menos competitivo,8,0,0,0,132266.6,8,0,5.826186541346997,2.1738134586530027,1.3731108578872284,,,5.826186541346997,6,0.0,,0.0,0.0,72.82733176683746,,,,0.0,,
2022,TO,MDB,Pequeno (8–12),Competitivo,8,2,1,0,4515000.0,8,0,2.845022312628005,5.154977687371995,2.811928737602848,2.845022312628005,,2.845022312628005,3,0.0,,0.0,1.5,35.56277890785006,,,,0.0,75.0,2.0
2022,TO,PATRIOTA,Pequeno (8–12),Menos competitivo,9,0,0,0,430000.0,5,4,3.3679417122040074,5.632058287795992,2.672255273120605,,,3.3679417122040074,3,0.0,,0.0,0.0,37.42157458004453,,,,0.0,,
2022,TO,PC DO B,Pequeno (8–12),Menos competitivo,2,1,0,0,274000.0,2,0,1.5198801522390477,0.4801198477609525,1.3158932281954288,,,1.5198801522390477,2,0.0,,0.0,1.0,75.99400761195238,,,,0.0,100.0,1.0
2022,TO,PDT,Pequeno (8–12),Menos competitivo,6,0,0,0,441591.8000000001,6,0,3.8360142918711633,2.1639857081288367,1.5641234738657008,,,3.8360142918711633,4,0.0,,0.0,0.0,63.933571531186054,,,,0.0,,
2022,TO,PL,Pequeno (8–12),Competitivo,9,4,1,2,4306960.0,9,0,3.7271515666813793,5.272848433318621,2.414712640198186,3.7271515666813793,1.8635757833406896,1.7271515666813793,4,2.0,100.0,50.0,3.0,41.412795185348656,44.44444444444444,2.25,55.55555555555556,22.22222222222222,75.0,1.6875
2022,TO,PMB,Pequeno (8–12),Menos competitivo,2,0,0,0,0.0,0,2,,,,,,,0,0.0,,,0.0,,,,,,,
2022,TO,PODE,Pequeno (8–12),Menos competitivo,9,2,1,0,9921521.0,9,0,6.136271065059725,2.8637289349402746,1.4666887926849432,6.136271065059725,,6.136271065059725,6,0.0,,0.0,2.0,68.18078961177473,,,,0.0,100.0,1.5
2022,TO,PP,Pequeno (8–12),Competitivo,9,3,2,2,10300000.0,9,0,5.856989852816148,3.143010147183852,1.536625506645301,2.928494926408074,2.928494926408074,3.856989852816148,6,2.0,100.0,33.333333333333336,2.0,65.07766503129054,66.66666666666667,1.5,33.33333333333333,22.22222222222222,66.66666666666667,1.0
2022,TO,PRTB,Pequeno (8–12),Menos competitivo,4,0,0,0,32620.59,4,0,1.071961901320999,2.928038098679001,3.7314758995359103,,,1.071961901320999,1,0.0,,0.0,0.0,26.79904753302498,,,,0.0,,
2022,TO,PSB,Pequeno (8–12),Competitivo,8,0,1,0,2315000.0,7,1,5.807726693939476,2.192273306060524,1.377475287938088,5.807726693939476,,5.807726693939476,6,0.0,,0.0,0.0,72.59658367424345,,,,0.0,,
2022,TO,PSC,Pequeno (8–12),Menos competitivo,9,2,0,0,3102154.71,9,0,1.8910627205203956,7.108937279479605,4.759228714277293,,,1.8910627205203956,2,0.0,,0.0,1.0,21.011808005782175,,,,0.0,50.0,2.25
2022,TO,PSD,Pequeno (8–12),Competitivo,9,0,0,0,4165000.0,9,0,5.313126440478105,3.686873559521895,1.693917903295772,,,5.313126440478105,5,0.0,,0.0,0.0,59.034738227534504,,,,0.0,,
2022,TO,PSDB,Pequeno (8–12),Competitivo,5,1,0,0,3300000.0,5,0,4.614406779661017,0.3855932203389827,1.08356290174472,,,4.614406779661017,5,0.0,,0.0,1.0,92.28813559322035,,,,0.0,100.0,1.0
2022,TO,PSOL,Pequeno (8–12),Menos competitivo,3,0,0,0,180806.15,3,0,2.862453169524193,0.1375468304758071,1.048052080620998,,,2.862453169524193,3,0.0,,0.0,0.0,95.41510565080642,,,,0.0,,
2022,TO,PT,Pequeno (8–12),Competitivo,5,2,1,0,3577269.26,5,0,2.8332756786319373,2.1667243213680627,1.764741792586268,2.8332756786319373,,2.8332756786319373,3,0.0,,0.0,2.0,56.665513572638744,,,,0.0,100.0,1.6666666666666667
2022,TO,PTB,Pequeno (8–12),Menos competitivo,9,2,0,0,2593322.3200000003,9,0,6.158778550572951,2.8412214494270494,1.4613287238851491,,,6.158778550572951,6,0.0,,0.0,2.0,68.4308727841439,,,,0.0,100.0,1.5
2022,TO,PV,Pequeno (8–12),Menos competitivo,2,0,0,0,59997.4,2,0,1.3845784601230398,0.6154215398769602,1.4444829654668117,,,1.3845784601230398,1,0.0,,0.0,0.0,69.22892300615199,,,,0.0,,
2022,TO,REDE,Pequeno (8–12),Menos competitivo,2,0,0,0,100000.0,2,0,2.0,0.0,1.0,,,2.0,2,0.0,,0.0,0.0,100.0,,,,0.0,,
2022,TO,REPUBLICANOS,Pequeno (8–12),Competitivo,9,2,0,3,3644023.65,9,0,7.438240446256455,1.5617595537435447,1.2099635747227764,,2.479413482085485,4.438240446256455,7,3.0,100.0,42.85714285714285,2.0,82.64711606951617,77.77777777777777,1.2857142857142856,22.22222222222223,33.333333333333336,100.0,1.2857142857142856
2022,TO,UNIAO,Pequeno (8–12),Competitivo,7,2,1,1,10216139.56,7,0,5.401684619602764,1.598315380397236,1.2958920212773872,5.401684619602764,5.401684619602764,4.401684619602764,5,1.0,100.0,20.0,1.0,77.16692313718235,71.42857142857143,1.4,28.57142857142857,14.285714285714286,50.0,0.7
