ano_eleicao,sg_uf,nr_candidato,nm_candidato,sg_partido_norm,eleito,partido,proprios,pessoas_fisicas,coletivo_internet,demais,nao_partidarios,privado_proprio,privado_ampliado,necr,lista_sem_recursos,top_piso,top_arredondado,top_teto,alto_nao_partidarios,alto_privado_proprio
2018,AC,2525,ALAN RICK MIRANDA,DEM,1,825300.0,95000.0,11500.0,980.0,6.4,107486.4,106500.0,107480.0,1.0,False,1.0,1.0,1.0,False,True
2018,AC,1515,JESSICA ROJAS SALES,MDB,1,2000000.0,0.0,157700.0,0.0,251500.0,409200.0,157700.0,157700.0,2.035560494846384,False,1.0,1.0,1.0,True,True
2018,AC,1555,FLAVIANO FLAVIO BAPTISTA DE MELO,MDB,1,1603200.0,3400.0,87600.0,0.0,0.0,91000.0,91000.0,91000.0,2.035560494846384,False,1.0,1.0,1.0,False,False
2018,AC,6513,MARIA PERPETUA DE ALMEIDA ,PC DO B,1,899232.95,0.0,6413.4,1664.0,0.0,8077.4,6413.4,8077.4,1.0,False,1.0,1.0,1.0,False,False
2018,AC,1212,JESUS SERGIO DE MENEZES,PDT,1,53061.66,0.0,8500.0,0.0,5000.0,13500.0,8500.0,8500.0,6.764354286202949,False,1.0,1.0,1.0,False,False
2018,AC,4545,CYLMARA FERNANDES DA ROCHA GRIPP,PSDB,1,1629365.55,0.0,3500.0,0.0,0.0,3500.0,3500.0,3500.0,1.0,False,1.0,1.0,1.0,False,False
2018,AC,1331,LEONARDO CUNHA DE BRITO,PT,1,900000.0,20000.0,286395.0,0.0,0.0,306395.0,306395.0,306395.0,3.1696750843216726,False,1.0,1.0,1.0,True,True
2018,AC,7777,VANDA DENIR MILANI NOGUEIRA,SOLIDARIEDADE,1,1450000.0,0.0,0.0,0.0,0.0,0.0,0.0,0.0,1.0,False,1.0,1.0,1.0,False,False
2018,AL,1515,ISNALDO BULHÕES BARROS JUNIOR,MDB,1,0.0,225653.88,168180.26,0.0,600239.58,994073.72,393834.14,393834.14,2.0,False,0.0,0.0,0.0,True,True
2018,AL,1111,ARTHUR CESAR PEREIRA DE LIRA,PP,1,1677758.0,10400.0,29686.0,0.0,23949.16,64035.16,40086.0,40086.0,2.2365872460026823,False,1.0,1.0,1.0,False,False
2018,AL,2222,SÉRGIO TOLEDO DE ALBUQUERQUE,PR,1,1255557.26,21200.0,174700.0,0.0,6765.42,202665.42,195900.0,195900.0,1.0,False,1.0,1.0,1.0,True,True
2018,AL,1010,SEVERINO DE LIRA PESSÔA,PRB,1,842225.39,10605.07,3865.46,0.0,960.0,15430.529999999999,14470.529999999999,14470.529999999999,1.0,False,1.0,1.0,1.0,False,False
2018,AL,4040,JOÃO HENRIQUE HOLANDA CALDAS,PSB,1,1308000.0,36600.0,50800.0,0.0,0.0,87400.0,87400.0,87400.0,1.0076451482241104,False,1.0,1.0,1.0,False,False
2018,AL,5555,MARX BELTRÃO LIMA SIQUEIRA,PSD,1,1049800.0,0.0,19000.0,0.0,4821.94,23821.94,19000.0,19000.0,1.7242330643047399,False,1.0,1.0,1.0,False,False
2018,AL,4544,TEREZA NELMA DA SILVA PORTO VIANA SOARES,PSDB,1,666867.0,4340.0,153100.0,0.0,396.0,157836.0,157440.0,157440.0,1.9715360675508926,False,0.0,1.0,1.0,True,True
2018,AL,1313,PAULO FERNANDO DOS SANTOS,PT,1,1000000.0,0.0,32000.0,0.0,0.0,32000.0,32000.0,32000.0,1.0,False,1.0,1.0,1.0,False,False
2018,AL,1400,NIVALDO FERREIRA DE ALBUQUERQUE NETO,PTB,1,1250000.0,0.0,32200.0,0.0,422.5,32622.5,32200.0,32200.0,1.6472037296340296,False,1.0,1.0,1.0,False,False
2018,AM,1111,ATILA SIDNEY LINS DE ALBUQUERQUE,PP,1,1897386.0,28000.0,39718.0,0.0,64751.21,132469.21,67718.0,67718.0,1.0,False,1.0,1.0,1.0,True,False
2018,AM,2222,MARCELO RAMOS RODRIGUES,PR,1,1423000.0,0.0,2000.0,0.0,3926.94,5926.9400000000005,2000.0,2000.0,1.805850118111584,False,1.0,1.0,1.0,False,False
2018,AM,1000,ALBERTO BARROS CAVALCANTE NETO,PRB,1,800000.0,0.0,36500.0,0.0,48203.59,84703.59,36500.0,36500.0,1.82786756845185,False,0.0,1.0,1.0,False,False
2018,AM,1010,SILAS CÂMARA,PRB,1,1508380.0,0.0,13.2,0.0,23806.39,23819.59,13.2,13.2,1.82786756845185,False,1.0,1.0,1.0,False,False
2018,AM,5555,SIDNEY RICARDO DE OLIVEIRA LEITE,PSD,1,840000.0,5000.0,500.0,0.0,7650.0,13150.0,5500.0,5500.0,3.0,False,1.0,1.0,1.0,False,False
2018,AM,1717,PABLO OLIVA SOUZA,PSL,1,5294.0,24000.0,23816.0,0.0,3855.15,51671.15,47816.0,47816.0,1.0,False,1.0,1.0,1.0,False,False
2018,AM,1313,JOSE RICARDO WENDLING,PT,1,409193.32,22008.13,40014.36,4484.0,19.26,66525.75,62022.490000000005,66506.49,2.4600599178507476,False,1.0,1.0,1.0,False,False
2018,AM,7777,JOÃO BOSCO GOMES SARAIVA,SOLIDARIEDADE,1,280000.0,39500.0,303199.99,0.0,15814.67,358514.66,342699.99,342699.99,1.0,False,1.0,1.0,1.0,True,True
2018,AP,7070,LEDA MARIA SADALA BRITO,AVANTE,1,210000.0,0.0,14000.0,0.0,1408.45,15408.45,14000.0,14000.0,1.9999756378257174,False,1.0,1.0,1.0,False,False
2018,AP,6565,MARCIVANIA DO SOCORRO DA ROCHA FLEXA,PC DO B,1,896500.0,0.0,34500.0,0.0,0.0,34500.0,34500.0,34500.0,1.0,False,1.0,1.0,1.0,False,False
2018,AP,1111,ANDRE DOS SANTOS ABDON,PP,1,1634541.0,0.0,41976.0,0.0,1408.45,43384.45,41976.0,41976.0,1.0,False,1.0,1.0,1.0,False,False
2018,AP,2222,VINÍCIUS DE AZEVEDO GURGEL,PR,1,1650000.0,0.0,0.0,0.0,0.0,0.0,0.0,0.0,2.8114847929370392,False,1.0,1.0,1.0,False,False
2018,AP,1000,ALINE PARANHOS VARONIL GURGEL,PRB,1,1952976.22,0.0,137000.0,0.0,3000.0,140000.0,137000.0,137000.0,1.0,False,1.0,1.0,1.0,True,True
2018,AP,9000,ACÁCIO DA SILVA FAVACHO NETO,PROS,1,720316.3,0.0,87396.0,0.0,0.0,87396.0,87396.0,87396.0,1.1549621066159306,False,1.0,1.0,1.0,False,False
2018,AP,4040,CARLOS CAMILO GOES CAPIBERIBE,PSB,1,500000.0,0.0,7211.0,0.0,0.0,7211.0,7211.0,7211.0,1.934257325972135,False,1.0,1.0,1.0,False,False
2018,AP,4545,LUIZ CARLOS GOMES DOS SANTOS JUNIOR,PSDB,1,824800.0,0.0,600.0,0.0,26408.45,27008.45,600.0,600.0,1.017578661196208,False,1.0,1.0,1.0,False,False
2018,BA,7000,MANOEL ISIDORIO DE SANTANA JUNIOR,AVANTE,1,532000.0,100829.83,75240.15,0.0,0.0,176069.97999999998,176069.97999999998,176069.97999999998,2.8827511191501722,False,1.0,1.0,1.0,True,True
2018,BA,7070,CARLOS TITO MARQUES CORDEIRO,AVANTE,1,271000.0,5000.0,11180.0,0.0,0.0,16180.0,16180.0,16180.0,2.8827511191501722,False,1.0,1.0,1.0,False,False
2018,BA,2512,ARTHUR DE OLIVEIRA MAIA DA SILVA,DEM,1,940250.0,0.0,511000.0,0.0,0.0,511000.0,511000.0,511000.0,8.389786520975566,False,1.0,1.0,1.0,True,True
2018,BA,2525,LEUR ANTONIO DE BRITTO LOMANTO JUNIOR,DEM,1,500250.0,0.0,237799.99,0.0,810.0,238609.99,237799.99,237799.99,8.389786520975566,False,1.0,1.0,1.0,True,True
2018,BA,2526,PAULO VELLOSO DANTAS AZI,DEM,1,840250.0,18375.0,0.0,0.0,0.0,18375.0,18375.0,18375.0,8.389786520975566,False,1.0,1.0,1.0,False,False
2018,BA,2552,ELMAR JOSÉ VIEIRA NASCIMENTO,DEM,1,1100250.0,140000.0,64500.0,0.0,40000.0,244500.0,204500.0,204500.0,8.389786520975566,False,1.0,1.0,1.0,True,True
2018,BA,6522,ALICE MAZZUCO PORTUGAL,PC DO B,1,1448438.23,99372.57,149262.51,3345.0,12347.59,264327.67000000004,248635.08000000002,251980.08000000002,1.9981052949138036,False,1.0,1.0,1.0,True,True
2018,BA,6565,DANIEL GOMES DE ALMEIDA,PC DO B,1,1361897.64,48000.0,134450.0,5150.0,132501.3,320101.3,182450.0,187600.0,1.9981052949138036,False,0.0,1.0,1.0,True,True
2018,BA,1223,ALEX MARCO SANTANA SOUSA,PDT,1,0.0,45000.0,28650.0,0.0,4100.0,77750.0,73650.0,73650.0,2.3925328926865492,False,0.0,0.0,0.0,False,False
2018,BA,1234,FELIX DE ALMEIDA MENDONÇA JUNIOR,PDT,1,800000.0,240000.0,210000.0,0.0,355.13,450355.13,450000.0,450000.0,2.3925328926865492,False,1.0,1.0,1.0,True,True
2018,BA,3100,JOSE ABILIO SILVA DE SANTANA,PHS,1,34500.0,0.0,3250.0,0.0,0.0,3250.0,3250.0,3250.0,4.18872139220455,False,1.0,1.0,1.0,False,False
2018,BA,3111,ANDERSON MACHADO DE JESUS,PHS,1,4399.0,0.0,28986.0,0.0,2625.0,31611.0,28986.0,28986.0,4.18872139220455,False,0.0,0.0,0.0,False,False
2018,BA,1919,JOÃO CARLOS BACELAR BATISTA,PODE,1,840000.0,21500.0,83940.47,0.0,20310.0,125750.47,105440.47,105440.47,1.0594711317214769,False,1.0,1.0,1.0,False,True
2018,BA,1111,MÁRIO SILVIO MENDES NEGROMONTE JÚNIOR,PP,1,1783274.0,0.0,0.0,0.0,20310.0,20310.0,0.0,0.0,5.129202314512814,False,1.0,1.0,1.0,False,False
2018,BA,1115,CARLOS FELIPE VAZQUEZ DE SOUZA LEÃO,PP,1,1783274.0,0.0,465000.0,0.0,20310.0,485310.0,465000.0,465000.0,5.129202314512814,False,1.0,1.0,1.0,True,True
2018,BA,1122,CLAUDIO CAJADO SAMPAIO,PP,1,2082632.0,132400.0,0.0,0.0,20310.0,152710.0,132400.0,132400.0,5.129202314512814,False,1.0,1.0,1.0,True,True
2018,BA,1144,RONALDO CARLETTO,PP,1,1315252.0,326100.0,0.0,0.0,232.8,326332.8,326100.0,326100.0,5.129202314512814,False,1.0,1.0,1.0,True,True
2018,BA,5400,ULDURICO ALENCAR PINTO,PPL,1,98000.0,135725.9,4000.0,0.0,0.0,139725.9,139725.9,139725.9,1.318052738336714,False,1.0,1.0,1.0,True,True
2018,BA,2222,JOSE ALVES ROCHA,PR,1,1400000.0,12289.54,0.0,0.0,20310.0,32599.54,12289.54,12289.54,2.9052947459437464,False,1.0,1.0,1.0,False,False
2018,BA,2288,JOAO CARLOS PAOLILO BACELAR FILHO,PR,1,2000000.0,140150.0,92000.0,0.0,30553.75,262703.75,232150.0,232150.0,2.9052947459437464,False,1.0,1.0,1.0,True,True
2018,BA,1010,MARCIO CARLOS MARINHO,PRB,1,1649271.21,0.0,10000.0,0.0,0.0,10000.0,10000.0,10000.0,3.2478317021931455,False,1.0,1.0,1.0,False,False
2018,BA,1025,JOÃO INÁCIO RIBEIRO ROMA NETO,PRB,1,1000159.0,0.0,40910.0,0.0,0.0,40910.0,40910.0,40910.0,3.2478317021931455,False,1.0,1.0,1.0,False,False
2018,BA,4422,RAIMUNDO MAGALHÃES COSTA,PRP,1,0.0,57000.0,22600.0,130.0,680.0,80410.0,79600.0,79730.0,1.154499363120957,False,0.0,0.0,0.0,False,False
2018,BA,4000,JOSÉ MARCELO DO NASCIMENTO NILO,PSB,1,400000.0,0.0,37300.0,0.0,20610.0,57910.0,37300.0,37300.0,1.7743102674703857,False,0.0,1.0,1.0,False,False
2018,BA,4040,LÍDICE DA MATA E SOUZA,PSB,1,1530000.0,34950.0,178150.16,10625.4,187.96,223913.52,213100.16,223725.56,1.7743102674703857,False,1.0,1.0,1.0,True,True
2018,BA,5510,ANTONIO LUIZ PARANHOS RIBEIRO LEITE DE BRITO,PSD,1,800000.0,202720.8,0.0,0.0,20700.0,223420.8,202720.8,202720.8,8.70164949571133,False,1.0,1.0,1.0,True,True
2018,BA,5511,CHARLES FERNANDES SILVEIRA SANTANA,PSD,1,800000.0,0.0,134195.96,0.0,25440.47,159636.43,134195.96,134195.96,8.70164949571133,False,1.0,1.0,1.0,True,True
2018,BA,5577,JOSE NUNES SOARES,PSD,1,940000.0,143000.0,110857.53,0.0,50310.0,304167.53,253857.53,253857.53,8.70164949571133,False,1.0,1.0,1.0,True,True
2018,BA,5580,SERGIO LUIS LACERDA BRITO,PSD,1,800000.0,0.0,27000.0,0.0,20408.0,47408.0,27000.0,27000.0,8.70164949571133,False,1.0,1.0,1.0,False,False
2018,BA,5588,OTTO ROBERTO MENDONÇA DE ALENCAR FILHO,PSD,1,874773.05,0.0,51000.0,19124.0,46140.47,116264.47,51000.0,70124.0,8.70164949571133,False,1.0,1.0,1.0,False,False
2018,BA,4545,ADOLFO VIANA DE CASTRO NETO,PSDB,1,1160000.0,7145.0,0.0,0.0,37562.619999999995,44707.619999999995,7145.0,7145.0,3.1305183360689806,False,1.0,1.0,1.0,False,False
2018,BA,1717,DAYANE JAMILLE CARNEIRO DOS SANTOS PIMENTEL,PSL,1,483400.0,0.0,1250.0,300.0,0.0,1550.0,1250.0,1550.0,1.0033098792260402,False,1.0,1.0,1.0,False,False
2018,BA,1301,AFONSO BANDEIRA FLORENCE,PT,1,900000.0,0.0,135130.0,13070.0,28943.55,177143.55,135130.0,148200.0,8.874872316893539,False,1.0,1.0,1.0,True,True
2018,BA,1310,VALMIR CARLOS DA ASSUNÇÃO,PT,1,900000.0,0.0,50750.0,13855.0,23557.5,88162.5,50750.0,64605.0,8.874872316893539,False,1.0,1.0,1.0,False,False
2018,BA,1312,JOSIAS GOMES DA SILVA,PT,1,900000.0,0.0,3900.0,0.0,40460.0,44360.0,3900.0,3900.0,8.874872316893539,False,1.0,1.0,1.0,False,False
2018,BA,1313,JORGE JOSÉ SANTOS PEREIRA SOLLA,PT,1,828604.0,185000.0,158554.54,632.0,20626.21,364812.75000000006,343554.54000000004,344186.54000000004,8.874872316893539,False,1.0,1.0,1.0,True,True
2018,BA,1322,WALDENOR ALVES PEREIRA FILHO,PT,1,900000.0,700.0,27000.0,92.0,20884.18,48676.18,27700.0,27792.0,8.874872316893539,False,1.0,1.0,1.0,False,False
2018,BA,1323,JOSÉ CERQUEIRA DE SANTANA NETO,PT,1,471000.0,208013.27,281300.0,400.0,21769.0,511482.27,489313.27,489713.27,8.874872316893539,False,0.5,1.0,1.0,True,True
2018,BA,1346,NELSON VICENTE PORTELA PELLEGRINO,PT,1,913000.0,3511.8,80000.0,0.0,20621.75,104133.55,83511.8,83511.8,8.874872316893539,False,1.0,1.0,1.0,False,False
2018,CE,1515,MOSES HAENDEL MELO RODRIGUES,MDB,1,1512500.0,531000.0,15000.0,0.0,0.0,546000.0,546000.0,546000.0,3.3409383009954885,False,1.0,1.0,1.0,True,True
2018,CE,5151,ANTÔNIO LUIZ RODRIGUES MANO JÚNIOR,PATRI,1,0.0,536464.0,19000.0,0.0,0.0,555464.0,555464.0,555464.0,8.856005948272141,False,0.0,0.0,0.0,True,True
2018,CE,1212,JOSÉ LEÔNIDAS DE MENEZES CRISTINO,PDT,1,500000.0,36440.0,76020.0,0.0,6890.0,119350.0,112460.0,112460.0,3.1378905102340613,False,1.0,1.0,1.0,False,True
2018,CE,1213,ANTONIO IDILVAN DE LIMA ALENCAR,PDT,1,0.0,27600.0,185500.0,0.0,8.78,213108.78,213100.0,213100.0,3.1378905102340613,False,0.0,0.0,0.0,True,True
2018,CE,1214,EDUARDO HENRIQUE MAIA BISMARCK,PDT,1,0.0,450000.0,59059.14,0.0,1390.0,510449.14,509059.14,509059.14,3.1378905102340613,False,0.0,0.0,0.0,True,True
2018,CE,1221,CARLOS MAURO BENEVIDES FILHO,PDT,1,0.0,10000.0,686846.7,0.0,1390.0,698236.7,696846.7,696846.7,3.1378905102340613,False,0.0,0.0,0.0,True,True
2018,CE,1233,MARCOS ROBERIO RIBEIRO MONTEIRO,PDT,1,0.0,98200.0,83630.0,0.0,0.0,181830.0,181830.0,181830.0,3.1378905102340613,False,0.0,0.0,0.0,True,True
2018,CE,1234,ANDRE PEIXOTO FIGUEIREDO LIMA,PDT,1,720000.0,0.0,88310.0,12915.0,1390.0,102615.0,88310.0,101225.0,3.1378905102340613,False,1.0,1.0,1.0,False,False
2018,CE,1111,ANTONIO JOSE AGUIAR ALBUQUERQUE,PP,1,968077.5,10000.0,3750.0,0.0,0.0,13750.0,13750.0,13750.0,1.8673689498124655,False,0.0,1.0,1.0,False,False
2018,CE,2277,JAZIEL PEREIRA DE SOUSA,PR,1,1700000.0,0.0,0.0,0.0,0.0,0.0,0.0,0.0,1.9686320127447725,False,0.0,1.0,1.0,False,False
2018,CE,9090,WAGNER SOUSA GOMES,PROS,1,257350.0,0.0,32439.0,0.0,42956.6,75395.6,32439.0,32439.0,5.719352282766164,False,1.0,1.0,1.0,False,False
2018,CE,9099,FRANCISCO VAIDON OLIVEIRA,PROS,1,785735.64,0.0,4000.0,0.0,84951.1,88951.1,4000.0,4000.0,5.719352282766164,False,1.0,1.0,1.0,False,False
2018,CE,4000,DENIS ANDERSON DA ROCHA BEZERRA,PSB,1,400000.0,59580.0,161350.0,0.0,1390.0,222320.0,220930.0,220930.0,1.7593577144084636,False,0.0,1.0,1.0,True,True
2018,CE,5555,DOMINGOS GOMES DE AGUIAR NETO,PSD,1,885000.0,18000.0,157520.0,0.0,12500.0,188020.0,175520.0,175520.0,1.9756965538472115,False,1.0,1.0,1.0,True,True
2018,CE,4580,ROBERTO SOARES PESSOA,PSDB,1,500000.0,0.0,96800.0,0.0,3871.0,100671.0,96800.0,96800.0,3.9441375771508183,False,1.0,1.0,1.0,False,False
2018,CE,1717,HEITOR RODRIGO PEREIRA FREIRE,PSL,1,50000.0,0.0,14280.0,0.0,0.0,14280.0,14280.0,14280.0,1.0,False,1.0,1.0,1.0,False,False
2018,CE,1313,LUIZIANNE DE OLIVEIRA LINS,PT,1,1000000.0,0.0,14000.0,5330.0,1390.0,20720.0,14000.0,19330.0,4.5697924510402155,False,1.0,1.0,1.0,False,False
2018,CE,1322,JOSE NOBRE GUIMARAES,PT,1,1129047.8,20000.0,31000.0,1825.0,1390.0,54215.0,51000.0,52825.0,4.5697924510402155,False,1.0,1.0,1.0,False,False
2018,CE,1333,JOSE AIRTON FELIX CIRILO DA SILVA,PT,1,900000.0,119915.72,8510.15,0.0,0.0,128425.87,128425.87,128425.87,4.5697924510402155,False,1.0,1.0,1.0,False,True
2018,CE,1451,PEDRO AUGUSTO GEROMEL BEZERRA DE MENEZES,PTB,1,215000.0,90000.0,428717.55,0.0,0.0,518717.55,518717.55,518717.55,1.6536817102137766,False,1.0,1.0,1.0,True,True
2018,CE,4321,CELIO STUDART BARBOSA,PV,1,669088.01,15000.0,54000.0,0.0,0.0,69000.0,69000.0,69000.0,1.031676969497813,False,1.0,1.0,1.0,False,False
2018,CE,7777,GENECIAS MATEUS NORONHA,SOLIDARIEDADE,1,690000.0,0.0,12750.0,0.0,12500.0,25250.0,12750.0,12750.0,1.5347800813795776,False,1.0,1.0,1.0,False,False
2018,DF,2555,LUIS CLAUDIO FERNANDES MIRANDA,DEM,1,0.0,435000.0,95718.0,0.0,0.0,530718.0,530718.0,530718.0,1.0,False,0.0,0.0,0.0,True,True
2018,DF,1122,CELINA LEAO HIZIM,PP,1,2167761.25,0.0,53225.0,0.0,0.0,53225.0,53225.0,53225.0,1.828276217465983,False,1.0,1.0,1.0,False,False
2018,DF,2345,PAULA MORENO PARO BELMONTE,PPS,1,100000.0,2400000.0,0.0,0.0,0.0,2400000.0,2400000.0,2400000.0,1.6959479705588203,False,1.0,1.0,1.0,True,True
2018,DF,2200,FLAVIA CAROLINA PERES,PR,1,2400000.0,0.0,4000.0,0.0,0.0,4000.0,4000.0,4000.0,2.201461309855023,False,1.0,1.0,1.0,False,False
2018,DF,1010,JULIO CESAR RIBEIRO,PRB,1,853819.19,20000.0,580140.0,520.0,120435.22,721095.22,600140.0,600660.0,1.1823617364982393,False,1.0,1.0,1.0,True,True
2018,DF,4417,BEATRIZ KICIS TORRENTS DE SORDI,PRP,1,90566.03,0.0,223218.0,5960.0,970.0,230148.0,223218.0,229178.0,1.8021351607789482,False,1.0,1.0,1.0,True,True
2018,DF,1331,ERIKA JUCA KOKAY,PT,1,1009000.0,2000.0,70999.13,12303.0,100.0,85402.13,72999.13,85302.13,3.319497168286697,False,1.0,1.0,1.0,False,False
2018,DF,4343,ISRAEL MATOS BATISTA,PV,1,450000.0,61445.2,176761.1,6355.0,2734.0,247295.3,238206.3,244561.3,1.5480725661317998,False,1.0,1.0,1.0,True,True
2018,ES,2500,NORMA AYUB ALVES,DEM,1,1650000.0,2020.0,36800.0,0.0,128.86,38948.86,38820.0,38820.0,1.0,False,1.0,1.0,1.0,False,False
2018,ES,1212,ANTONIO SERGIO ALVES VIDIGAL,PDT,1,699896.7,0.0,82000.0,0.0,121691.87,203691.87,82000.0,82000.0,1.1762816331711785,False,1.0,1.0,1.0,True,False
2018,ES,1143,EVAIR VIEIRA DE MELO,PP,1,1044203.0,0.0,100172.89,0.0,636.49,100809.38,100172.89,100172.89,3.4323881647566075,False,1.0,1.0,1.0,False,False
2018,ES,2323,JOSIAS MARIO DA VITORIA,PPS,1,584064.05,23223.2,106821.01,0.0,128.87,130173.07999999999,130044.20999999999,130044.20999999999,3.344857398685853,False,1.0,1.0,1.0,False,True
2018,ES,2222,LAURIETE RODRIGUES DE JESUS MALTA,PR,1,2300000.0,7500.0,5220.0,0.0,0.0,12720.0,12720.0,12720.0,1.9364220512360235,False,1.0,1.0,1.0,False,False
2018,ES,1010,AMARO ROCHA NASCIMENTO NETO,PRB,1,1365000.0,0.0,86448.0,0.0,0.0,86448.0,86448.0,86448.0,3.5257091643356606,False,1.0,1.0,1.0,False,False
2018,ES,4040,PAULO ROBERTO FOLETTO,PSB,1,1300000.0,13532.53,8635.0,0.0,45900.0,68067.53,22167.53,22167.53,2.929955536478366,False,1.0,1.0,1.0,False,False
2018,ES,4044,FELIPE RIGONI LOPES,PSB,1,150000.0,0.0,727927.57,24087.5,10980.3,762995.37,727927.57,752015.07,2.929955536478366,False,0.0,0.0,0.0,True,True
2018,ES,1717,SORAYA DE SOUZA MANNATO,PSL,1,286884.65,0.0,6.6,0.0,8752.0,8758.6,6.6,6.6,1.1717220965184065,False,1.0,1.0,1.0,False,False
2018,ES,1350,HELDER IGNACIO SALOMÃO,PT,1,900000.0,2252.39,6600.0,2880.0,7317.38,19049.77,8852.39,11732.39,2.5892391628966362,False,1.0,1.0,1.0,False,False
2018,GO,2555,JOSE MARIO SCHREINER,DEM,1,600206.19,0.0,347513.58999999997,0.0,0.0,347513.58999999997,347513.58999999997,347513.58999999997,3.4072984008831133,False,1.0,1.0,1.0,True,True
2018,GO,2580,ZACARIAS CALIL HAMU,DEM,1,501577.74,2700.0,71310.0,3000.0,0.0,77010.0,74010.0,77010.0,3.4072984008831133,False,1.0,1.0,1.0,False,False
2018,GO,1212,FLAVIA CARREIRO ALBUQUERQUE MORAIS,PDT,1,1518566.19,90000.0,38954.0,0.0,321.0,129275.0,128954.0,128954.0,1.0,False,1.0,1.0,1.0,False,True
2018,GO,1919,JOSÉ NELTO LAGARES DAS MERCEZ,PODE,1,321320.0,1991159.15,78734.54000000001,0.0,2973.0,2072866.69,2069893.69,2069893.69,1.6864950264666756,False,1.0,1.0,1.0,True,True
2018,GO,1111,ADRIANO ANTÔNIO AVELAR,PP,1,2255692.0,0.0,144690.0,0.0,0.0,144690.0,144690.0,144690.0,3.717634826942309,False,1.0,1.0,1.0,True,True
2018,GO,1170,ALCIDES RIBEIRO FILHO,PP,1,1156940.0,1314000.0,0.0,0.0,0.0,1314000.0,1314000.0,1314000.0,3.717634826942309,False,0.0,1.0,1.0,True,True
2018,GO,2222,MAGDA MOFATTO HON,PR,1,2000000.0,240293.48,130770.0,0.0,0.0,371063.48,371063.48,371063.48,1.0,False,1.0,1.0,1.0,True,True
2018,GO,1010,JOÃO CAMPOS DE ARAÚJO,PRB,1,1315830.0,0.0,42360.01,4720.0,201404.77,248484.78,42360.01,47080.01,1.0,False,1.0,1.0,1.0,True,False
2018,GO,4444,ALCIDES RODRIGUES FILHO,PRP,1,500898.33,21064.0,236564.0,0.0,321.0,257949.0,257628.0,257628.0,1.109293190649776,False,1.0,1.0,1.0,True,True
2018,GO,4040,ELIAS VAZ DE ANDRADE,PSB,1,572117.5,6500.0,52004.0,0.0,0.0,58504.0,58504.0,58504.0,1.0,False,1.0,1.0,1.0,False,False
2018,GO,2018,GLAUSKSTON BATISTA RIOS,PSC,1,151528.33,1834700.0,27500.0,0.0,0.0,1862200.0,1862200.0,1862200.0,1.3951410644226399,False,1.0,1.0,1.0,True,True
2018,GO,5555,FRANCISCO RODRIGUES VALE JUNIOR,PSD,1,900000.0,155173.97999999998,203400.0,0.0,0.0,358573.98,358573.98,358573.98,2.748638458315878,False,1.0,1.0,1.0,True,True
2018,GO,4599,CÉLIO ANTÔNIO DA SILVEIRA,PSDB,1,1000000.0,0.0,266100.0,0.0,0.0,266100.0,266100.0,266100.0,3.643512080344236,False,1.0,1.0,1.0,True,True
2018,GO,1700,WALDIR SOARES DE OLIVEIRA,PSL,1,420208.33,39426.15,35400.0,0.0,504.77,75330.92,74826.15,74826.15,1.1790044895614054,False,1.0,1.0,1.0,False,False
2018,GO,1701,VITOR HUGO DE ARAUJO ALMEIDA,PSL,1,766.0,36655.63,89228.66,6000.0,288.0,132172.29,125884.29000000001,131884.29,1.1790044895614054,False,0.0,0.0,0.0,False,True
2018,GO,1313,RUBENS OTONI GOMIDE,PT,1,903597.15,0.0,8695.0,600.0,7821.67,17116.67,8695.0,9295.0,1.7913544597141466,False,1.0,1.0,1.0,False,False
2018,GO,7777,LUCAS DE CASTRO SANTOS,SOLIDARIEDADE,1,650000.0,242500.0,888290.73,0.0,0.0,1130790.73,1130790.73,1130790.73,1.0,False,1.0,1.0,1.0,True,True
2018,MA,2510,JOSÉ JUSCELINO DOS SANTOS REZENDE FILHO,DEM,1,716000.0,37000.0,146506.19999999998,0.0,0.0,183506.19999999998,183506.19999999998,183506.19999999998,1.4013782896949674,False,1.0,1.0,1.0,True,True
2018,MA,1513,HILDO AUGUSTO DA ROCHA NETO,MDB,1,1502500.0,4220.0,0.0,0.0,8103.86,12323.86,4220.0,4220.0,3.4869352412057855,False,1.0,1.0,1.0,False,False
2018,MA,1555,JOÃO MARCELO SANTOS SOUZA,MDB,1,1502500.0,0.0,0.0,0.0,0.0,0.0,0.0,0.0,3.4869352412057855,False,1.0,1.0,1.0,False,False
2018,MA,5122,ANTONIO DA CRUZ FILGUEIRA NETO,PATRI,1,350000.0,0.0,130200.0,0.0,0.0,130200.0,130200.0,130200.0,1.0,False,1.0,1.0,1.0,False,True
2018,MA,6513,MÁRCIO JERRY SARAIVA BARROSO,PC DO B,1,800000.0,4323.0,141000.0,0.0,5336.82,150659.82,145323.0,145323.0,2.010749922357006,False,1.0,1.0,1.0,True,True
2018,MA,6565,RUBENS PEREIRA E SILVA JUNIOR,PC DO B,1,800000.0,20000.0,121000.0,0.0,2629.2,143629.2,141000.0,141000.0,2.010749922357006,False,1.0,1.0,1.0,True,True
2018,MA,1234,GILLIANO FRED NASCIMENTO CUTRIM,PDT,1,152400.0,3972.82,87350.0,0.0,362.0,91684.82,91322.82,91322.82,2.8911145811265877,False,0.0,1.0,1.0,False,False
2018,MA,3333,EDUARDO SALIM BRAIDE,PMN,1,400000.0,45000.0,0.0,0.0,3760.0,48760.0,45000.0,45000.0,2.7919992768729274,False,1.0,1.0,1.0,False,False
2018,MA,3344,GILDENEMIR DE LIMA SOUSA,PMN,1,100000.0,0.0,0.0,0.0,7800.0,7800.0,0.0,0.0,2.7919992768729274,False,1.0,1.0,1.0,False,False
2018,MA,1919,ALUISIO GUIMARÃES MENDES FILHO,PODE,1,605000.0,200000.0,67000.0,0.0,2910.7200000000003,269910.72,267000.0,267000.0,1.9559842667166136,False,1.0,1.0,1.0,True,True
2018,MA,1111,ANDRE LUIZ CARVALHO RIBEIRO,PP,1,2308488.0,10000.0,40000.0,0.0,3473.0,53473.0,50000.0,50000.0,1.887929379420696,False,1.0,1.0,1.0,False,False
2018,MA,2200,JOSE LOURENÇO BONFIM JUNIOR,PR,1,1570000.0,14000.0,65912.2,0.0,0.0,79912.2,79912.2,79912.2,2.9721675328645674,False,1.0,1.0,1.0,False,False
2018,MA,2222,JOSIMAR CUNHA RODRIGUES,PR,1,1900000.0,404076.4,182200.0,0.0,7950.0,594226.4,586276.4,586276.4,2.9721675328645674,False,1.0,1.0,1.0,True,True
2018,MA,1010,CLEBER VERDE CORDEIRO MENDES,PRB,1,945000.0,47000.0,100500.0,0.0,400.0,147900.0,147500.0,147500.0,1.0634281399446261,False,1.0,1.0,1.0,True,True
2018,MA,4000,UBIRAJARA DO PINDARÉ ALMEIDA SOUSA,PSB,1,500000.0,27200.0,43000.0,1170.0,2210.0,73580.0,70200.0,71370.0,1.411764705882353,False,1.0,1.0,1.0,False,False
2018,MA,5533,EDILAZIO GOMES DA SILVA JUNIOR,PSD,1,720000.0,87840.0,71194.0,0.0,74213.0,233247.0,159034.0,159034.0,1.9983518676324648,False,1.0,1.0,1.0,True,True
2018,MA,1313,JOSE CARLOS NUNES JUNIOR,PT,1,885120.0,20000.0,14000.0,0.0,956.67,34956.67,34000.0,34000.0,2.296518024396556,False,1.0,1.0,1.0,False,False
2018,MA,1414,PEDRO LUCAS ANDRADE FERNANDES RIBEIRO,PTB,1,1200000.0,3900.0,56203.4,0.0,600.0,60703.4,60103.4,60103.4,1.2191743056034186,False,1.0,1.0,1.0,False,False
2018,MG,7011,GREYCE DE QUEIROZ ELIAS,AVANTE,1,753355.83,116000.0,233100.0,0.0,1591.0,350691.0,349100.0,349100.0,6.202472298517106,False,1.0,1.0,1.0,True,True
2018,MG,7040,ANDRE LUIS GASPAR JANONES,AVANTE,1,200342.1,0.0,0.0,4641.52,5000.0,9641.52,0.0,4641.52,6.202472298517106,False,0.0,0.0,1.0,False,False
2018,MG,7070,LUIS HENRIQUE DE OLIVEIRA RESENDE,AVANTE,1,2269721.96,1500.0,7765.0,0.0,1710.0,10975.0,9265.0,9265.0,6.202472298517106,False,1.0,1.0,1.0,False,False
2018,MG,2545,OLAVO BILAC PINTO NETO,DEM,1,1156820.0,24663.0,309700.0,0.0,2250.0,336613.0,334363.0,334363.0,3.8383070023142576,False,1.0,1.0,1.0,True,True
2018,MG,1510,NEWTON CARDOSO JÚNIOR,MDB,1,1500956.69,20000.0,555523.0,0.0,2398.5,577921.5,575523.0,575523.0,8.120222671285726,False,1.0,1.0,1.0,True,True
2018,MG,1511,MAURO RIBEIRO LOPES,MDB,1,1500956.69,39000.0,54340.0,0.0,1000.0,94340.0,93340.0,93340.0,8.120222671285726,False,1.0,1.0,1.0,False,False
2018,MG,1513,FÁBIO AUGUSTO RAMALHO DOS SANTOS,MDB,1,1500956.69,38000.0,560200.0,500.0,6600.0,605300.0,598200.0,598700.0,8.120222671285726,False,1.0,1.0,1.0,True,True
2018,MG,1515,HERCÍLIO ARAÚJO DINIZ FILHO,MDB,1,956.69,1982000.0,2000.0,0.0,27196.39,2011196.39,1984000.0,1984000.0,8.120222671285726,False,0.0,0.0,0.0,True,True
2018,MG,3022,LUCAS DE VASCONCELOS GONZALEZ,NOVO,1,10000.0,0.0,592728.0,61954.43,0.0,654682.43,592728.0,654682.43,14.888526341174163,False,1.0,1.0,1.0,True,True
2018,MG,3031,TIAGO LIMA MITRAUD DE CASTRO LEITE,NOVO,1,7099.16,5000.0,772427.99,24744.2,5560.5,807732.69,777427.99,802172.19,14.888526341174163,False,1.0,1.0,1.0,True,True
2018,MG,5133,FREDERICO BORGES DA COSTA,PATRI,1,1059230.4,107203.95999999999,266900.0,0.0,10888.5,384992.45999999996,374103.95999999996,374103.95999999996,1.992227028641935,False,1.0,1.0,1.0,True,True
2018,MG,5152,FREDERICO DE CASTRO ESCALEIRA,PATRI,1,4000.0,273700.0,68500.0,0.0,4135.55,346335.55,342200.0,342200.0,1.992227028641935,False,0.0,0.0,0.0,True,True
2018,MG,1231,LUIZ GONZAGA RIBEIRO,PDT,1,500956.69,40000.0,0.0,0.0,88.82,40088.82,40000.0,40000.0,3.6114221806688476,False,1.0,1.0,1.0,False,False
2018,MG,1234,MÁRIO LÚCIO HERINGER,PDT,1,522342.79,1421687.82,312510.58999999997,0.0,9290.5,1743488.9100000001,1734198.4100000001,1734198.4100000001,3.6114221806688476,False,1.0,1.0,1.0,True,True
2018,MG,3132,FRANCO CARTAFINA GOMES,PHS,1,119106.35,31673.13,153900.0,0.0,0.0,185573.13,185573.13,185573.13,2.175519887830436,False,0.0,0.0,1.0,True,True
2018,MG,3133,MARCELO GUILHERME DE ARO FERREIRA,PHS,1,1865546.94,0.0,0.0,0.0,11150.0,11150.0,0.0,0.0,2.175519887830436,False,1.0,1.0,1.0,False,False
2018,MG,3333,JOSE VITOR DE RESENDE AGUIAR,PMN,1,150075.0,10666.66,71300.0,0.0,0.0,81966.66,81966.66,81966.66,1.4608769995222957,False,1.0,1.0,1.0,False,False
2018,MG,1999,IGOR TARCIANO TIMO,PODE,1,956.69,2100000.0,13900.0,0.0,2810.0,2116710.0,2113900.0,2113900.0,3.6820152560556894,False,0.0,0.0,0.0,True,True
2018,MG,1111,DIMAS FABIANO TOLEDO JUNIOR,PP,1,2357207.4,1669.0,9085.0,0.0,0.0,10754.0,10754.0,10754.0,4.932780416872103,False,1.0,1.0,1.0,False,False
2018,MG,1122,ANTÔNIO PINHEIRO NETO,PP,1,1843510.07,100000.0,191750.0,0.0,4161.98,295911.98,291750.0,291750.0,4.932780416872103,False,0.0,1.0,1.0,True,True
2018,MG,2233,LINCOLN DINIZ PORTELA,PR,1,1630000.0,0.0,17100.0,0.0,7750.0,24850.0,17100.0,17100.0,5.830287347244083,False,1.0,1.0,1.0,False,False
2018,MG,1010,GILBERTO APARECIDO ABRAMO,PRB,1,1410405.26,0.0,84863.2,0.0,445.0,85308.2,84863.2,84863.2,4.591203211244667,False,1.0,1.0,1.0,False,False
2018,MG,1080,LAFAYETTE LUIZ DOORGAL DE ANDRADA,PRB,1,1575956.69,0.0,209080.0,0.0,8314.92,217394.92,209080.0,209080.0,4.591203211244667,False,1.0,1.0,1.0,True,True
2018,MG,9033,EROS FERREIRA BIONDINI,PROS,1,1067405.48,0.0,62440.49,0.0,5716.63,68157.12,62440.49,62440.49,3.93415443423129,False,1.0,1.0,1.0,False,False
2018,MG,9090,WELITON FERNANDES PRADO,PROS,1,1633400.0,78441.36,24100.0,0.0,49444.95,151986.31,102541.36,102541.36,3.93415443423129,False,1.0,1.0,1.0,True,False
2018,MG,4050,JULIO CESAR DELGADO,PSB,1,1400600.0,45000.0,168500.0,0.0,3470.0,216970.0,213500.0,213500.0,6.616167971159441,False,1.0,1.0,1.0,True,True
2018,MG,4055,EMIDIO ALVES MADEIRA JUNIOR,PSB,1,800000.0,530872.61,28050.0,0.0,0.0,558922.61,558922.61,558922.61,6.616167971159441,False,1.0,1.0,1.0,True,True
2018,MG,4057,VILSON LUIZ DA SILVA,PSB,1,500000.0,2061.0,47809.0,0.0,2526.11,52396.11,49870.0,49870.0,6.616167971159441,False,1.0,1.0,1.0,False,False
2018,MG,2015,EUCLYDES MARCOS PETTERSEN NETO,PSC,1,1190811.2,100000.0,331126.72,0.0,845.0,431971.72,431126.72,431126.72,4.173651687246089,False,1.0,1.0,1.0,True,True
2018,MG,5505,MISAEL ARTUR FERREIRA VARELLA,PSD,1,1059828.97,914040.0,5100.0,0.0,33856.880000000005,952996.88,919140.0,919140.0,5.2233061990897145,False,1.0,1.0,1.0,True,True
2018,MG,5544,STEFANO AGUIAR DOS SANTOS,PSD,1,351603.75,0.0,23470.0,0.0,0.0,23470.0,23470.0,23470.0,5.2233061990897145,False,1.0,1.0,1.0,False,False
2018,MG,5555,DIEGO LEONARDO DE ANDRADE CARVALHO,PSD,1,1065960.97,350000.0,141799.99,0.0,5000.0,496799.99,491799.99,491799.99,5.2233061990897145,False,1.0,1.0,1.0,True,True
2018,MG,4500,AÉCIO NEVES DA CUNHA,PSDB,1,2161126.03,0.0,312794.98,0.0,15000.0,327794.98,312794.98,312794.98,7.979559411491127,False,1.0,1.0,1.0,True,True
2018,MG,4535,EDUARDO LUIZ BARROS BARBOSA,PSDB,1,507426.03,0.0,55360.0,0.0,700000.0,755360.0,55360.0,55360.0,7.979559411491127,False,0.0,1.0,1.0,True,False
2018,MG,4545,PAULO ABI-ACKEL,PSDB,1,567516.03,289000.0,474600.0,0.0,716342.66,1479942.6600000001,763600.0,763600.0,7.979559411491127,False,1.0,1.0,1.0,True,True
2018,MG,4550,RODRIGO BATISTA DE CASTRO,PSDB,1,1296126.03,69399.16,409650.0,1320.0,0.0,480369.16000000003,479049.16000000003,480369.16000000003,7.979559411491127,False,1.0,1.0,1.0,True,True
2018,MG,4560,DOMINGOS SÁVIO CAMPOS RESENDE,PSDB,1,1002000.0,125309.95,510089.65,0.0,300391.59,935791.19,635399.6,635399.6,7.979559411491127,False,1.0,1.0,1.0,True,True
2018,MG,1704,ALESSANDRA DA SILVA,PSL,1,0.0,49600.0,34100.0,0.0,0.0,83700.0,83700.0,83700.0,4.003611007259798,False,0.0,0.0,0.0,False,False
2018,MG,1707,ELIEL MÁRCIO DO CARMO,PSL,1,1175.0,253500.0,0.0,0.0,0.0,253500.0,253500.0,253500.0,4.003611007259798,False,0.0,0.0,0.0,True,True
2018,MG,1717,MARCELO HENRIQUE TEIXEIRA DIAS,PSL,1,156459.75,383280.0,56830.0,0.0,1500.0,441610.0,440110.0,440110.0,4.003611007259798,False,1.0,1.0,1.0,True,True
2018,MG,1720,GERALDO JUNIO DO AMARAL,PSL,1,5240.0,6500.0,24407.88,0.0,0.0,30907.88,30907.88,30907.88,4.003611007259798,False,0.0,0.0,0.0,False,False
2018,MG,1745,CHARLLES THOMACELLI EVANGELISTA,PSL,1,2745.0,123645.57,27167.0,0.0,0.0,150812.57,150812.57,150812.57,4.003611007259798,False,0.0,0.0,0.0,True,True
2018,MG,1777,MARCELO EDUARDO FREITAS,PSL,1,1401.0,146714.63,216296.0,0.0,0.0,363010.63,363010.63,363010.63,4.003611007259798,False,0.0,0.0,0.0,True,True
2018,MG,5018,ÁUREA CAROLINA DE FREITAS E SILVA,PSOL,1,13653.08,0.0,97245.0,47362.0,28516.95,173123.95,97245.0,144607.0,13.50737832964293,False,1.0,1.0,1.0,True,False
2018,MG,1307,ODAIR JOSÉ DA CUNHA,PT,1,930000.0,200000.0,491020.0,0.0,6634.6900000000005,697654.69,691020.0,691020.0,14.08822704799714,False,1.0,1.0,1.0,True,True
2018,MG,1312,REGINALDO LAZARO DE OLIVEIRA LOPES,PT,1,930000.0,0.0,112750.0,12073.12,1607.5,126430.62,112750.0,124823.12,14.08822704799714,False,1.0,1.0,1.0,False,True
2018,MG,1313,ROGERIO CORREIA DE MOURA BAPTISTA,PT,1,471000.0,18000.0,173363.13,4751.26,3179.9700000000003,199294.36000000002,191363.13,196114.39,14.08822704799714,False,1.0,1.0,1.0,True,True
2018,MG,1314,MARIA MARGARIDA MARTINS SALOMÃO,PT,1,1000000.0,0.0,36850.0,1113.0,0.0,37963.0,36850.0,37963.0,14.08822704799714,False,1.0,1.0,1.0,False,False
2018,MG,1315,JOÃO CARLOS SIQUEIRA,PT,1,934300.0,37000.0,44905.0,5882.47,4894.5,92681.97,81905.0,87787.47,14.08822704799714,False,1.0,1.0,1.0,False,False
2018,MG,1333,PATRUS ANANIAS DE SOUZA,PT,1,900000.0,89500.0,88660.13,13278.0,11781.9,203220.03,178160.13,191438.13,14.08822704799714,False,1.0,1.0,1.0,True,True
2018,MG,1363,JOSÉ LEONARDO COSTA MONTEIRO,PT,1,787048.31,0.0,71700.0,766.89,879.88,73346.77,71700.0,72466.89,14.08822704799714,False,1.0,1.0,1.0,False,False
2018,MG,1378,PAULO JOSÉ CARLOS GUEDES,PT,1,394715.1,66459.55,360555.0,3165.0,41661.36,471840.91,427014.55,430179.55,14.08822704799714,False,1.0,1.0,1.0,True,True
2018,MG,7777,JOSÉ SILVA SOARES,SOLIDARIEDADE,1,1103699.68,173300.0,478686.64,0.0,18973.52,670960.16,651986.64,651986.64,1.0025493284264264,False,1.0,1.0,1.0,True,True
2018,MS,2525,TEREZA CRISTINA CORREA DA COSTA DIAS,DEM,1,1350000.0,0.0,880500.0,0.0,8527.97,889027.97,880500.0,880500.0,1.2899328859060402,False,1.0,1.0,1.0,True,True
2018,MS,1234,DAGOBERTO NOGUEIRA FILHO,PDT,1,580000.0,829854.0,428075.0,0.0,2890.0,1260819.0,1257929.0,1257929.0,1.53264308311763,False,1.0,1.0,1.0,True,True
2018,MS,5555,FABIO RICARDO TRAD,PSD,1,550000.0,0.0,132958.0,0.0,5716.0,138674.0,132958.0,132958.0,1.2848818387827776,False,1.0,1.0,1.0,True,True
2018,MS,4545,HUMBERTO REZENDE PEREIRA,PSDB,1,740036.31,22000.0,66120.0,0.0,5382.99,93502.99,88120.0,88120.0,3.7845416563376597,False,1.0,1.0,1.0,False,False
2018,MS,4555,ROSIANE MODESTO DE OLIVEIRA,PSDB,1,602250.0,10000.0,149459.0,0.0,17036.0,176495.0,159459.0,159459.0,3.7845416563376597,False,1.0,1.0,1.0,True,True
2018,MS,1707,LUIZ ALBERTO OVANDO,PSL,1,0.0,19300.0,1100.0,240.0,1008.0,21648.0,20400.0,20640.0,,True,0.0,0.0,0.0,False,False
2018,MS,1733,LOESTER CARLOS GOMES DE SOUZA,PSL,1,0.0,0.0,10700.0,1375.0,0.0,12075.0,10700.0,12075.0,,True,0.0,0.0,0.0,False,False
2018,MS,1331,VANDER LUIZ DOS SANTOS LOUBET,PT,1,735098.0,0.0,142280.0,100.0,11233.13,153613.13,142280.0,142380.0,4.3680716742733035,False,1.0,1.0,1.0,True,True
2018,MT,1515,CARLOS GOMES BEZERRA,MDB,1,1840100.0,0.0,43872.35,0.0,0.0,43872.35,43872.35,43872.35,3.179843008567156,False,1.0,1.0,1.0,False,False
2018,MT,1520,JUAREZ ALVES DA COSTA,MDB,1,30000.0,0.0,260500.0,0.0,110788.0,371288.0,260500.0,260500.0,3.179843008567156,False,0.0,0.0,0.0,True,True
2018,MT,1900,JOSE ANTONIO DOS SANTOS MEDEIROS,PODE,1,976720.0,0.0,634500.0,3701.0,1.5,638202.5,634500.0,638201.0,1.061074074082154,False,1.0,1.0,1.0,True,True
2018,MT,4522,VANDER ALBERTO MASSON,PSDB,1,2173.91,143737.0,68062.0,0.0,207169.09999999998,418968.1,211799.0,211799.0,2.628278407725723,False,0.0,0.0,0.0,True,True
2018,MT,1700,NELSON NED PREVIDENTE,PSL,1,20000.0,0.0,309815.0,0.0,2000.0,311815.0,309815.0,309815.0,2.8838248235879473,False,1.0,1.0,1.0,True,True
2018,MT,1313,ROSA NEIDE SANDES DE ALMEIDA,PT,1,827166.97,4000.0,17000.0,1000.0,550.0,22550.0,21000.0,22000.0,1.5152426250020037,False,1.0,1.0,1.0,False,False
2018,MT,1414,EMANUEL PINHEIRO DA SILVA PRIMO,PTB,1,1516020.0,2500.0,177400.0,0.0,0.0,179900.0,179900.0,179900.0,1.445479849111403,False,1.0,1.0,1.0,True,True
2018,MT,7700,LEONARDO RIBEIRO ALBUQUERQUE,SOLIDARIEDADE,1,893423.91,50000.0,152317.39,1050.0,25000.0,228367.39,202317.39,203367.39,1.0907546252782676,False,1.0,1.0,1.0,True,True
2018,PA,2500,OLIVAL HENRIQUE MARQUES DE SOUZA,DEM,1,350000.0,12000.0,160846.4,0.0,500.0,173346.4,172846.4,172846.4,1.804297585479569,False,0.0,1.0,1.0,True,True
2018,PA,2525,HÉLIO LEITE DA SILVA,DEM,1,1044000.0,0.0,0.0,0.0,8810.0,8810.0,0.0,0.0,1.804297585479569,False,1.0,1.0,1.0,False,False
2018,PA,1515,ELCIONE THEREZINHA ZAHLUTH BARBALHO,MDB,1,2000000.0,63300.0,1000.0,0.0,10430.0,74730.0,64300.0,64300.0,3.023700682432702,False,1.0,1.0,1.0,False,False
2018,PA,1555,JOSÉ BENITO PRIANTE JUNIOR,MDB,1,1500000.0,0.0,1000.0,0.0,31481.0,32481.0,1000.0,1000.0,3.023700682432702,False,1.0,1.0,1.0,False,False
2018,PA,2222,CRISTIANO DUTRA VALE,PR,1,888515.03,8000.0,0.0,0.0,2820.6,10820.6,8000.0,8000.0,1.0,False,1.0,1.0,1.0,False,False
2018,PA,1010,WAGNER BACH MARTINS,PRB,1,789031.0,0.0,0.0,0.0,1680.0,1680.0,0.0,0.0,1.0,False,1.0,1.0,1.0,False,False
2018,PA,4011,CÁSSIO COELHO ANDRADE,PSB,1,545600.0,0.0,13028.800000000001,0.0,3984.0,17012.800000000003,13028.800000000001,13028.800000000001,1.0,False,1.0,1.0,1.0,False,False
2018,PA,5500,ÉDER MAURO CARDOSO BARRA,PSD,1,915358.8,17288.07,7500.0,0.0,1730.0,26518.07,24788.07,24788.07,2.0516874402731426,False,1.0,1.0,1.0,False,False
2018,PA,5555,JOAQUIM PASSARINHO PINTO DE SOUZA PORTO,PSD,1,5357.6,142355.5,133953.4,0.0,3280.0,279588.9,276308.9,276308.9,2.0516874402731426,False,0.0,0.0,0.0,True,True
2018,PA,5588,JOÃO FERRARI JUNIOR,PSD,1,305338.75,113100.0,51500.0,0.0,19950.0,184550.0,164600.0,164600.0,2.0516874402731426,False,1.0,1.0,1.0,True,True
2018,PA,4567,CELSO SABINO DE OLIVEIRA,PSDB,1,100000.0,80000.0,85164.39,6740.0,8550.0,180454.39,165164.39,171904.39,2.6623022295133505,False,0.0,0.0,0.0,True,True
2018,PA,4590,NILSON PINTO DE OLIVEIRA,PSDB,1,500000.0,67860.2,1500.0,0.0,501925.0,571285.2,69360.2,69360.2,2.6623022295133505,False,1.0,1.0,1.0,True,False
2018,PA,5050,EDMILSON BRITO RODRIGUES,PSOL,1,538946.99,0.0,199720.8,2084.0,0.0,201804.8,199720.8,201804.8,3.108870064873323,False,1.0,1.0,1.0,True,True
2018,PA,1313,JOSE ROBERTO OLIVEIRA FARO,PT,1,900000.0,0.0,23100.0,0.0,0.0,23100.0,23100.0,23100.0,4.199652056642575,False,1.0,1.0,1.0,False,False
2018,PA,1321,AIRTON LUIZ FALEIRO,PT,1,435000.0,9000.0,160250.0,500.0,0.0,169750.0,169250.0,169750.0,4.199652056642575,False,1.0,1.0,1.0,True,True
2018,PA,1444,JOSE EDUARDO PEREIRA DA COSTA,PTB,1,233538.05,4520.0,11700.0,0.0,4000.0,20220.0,16220.0,16220.0,1.3900667423513255,False,0.0,0.0,1.0,False,False
2018,PA,1456,PAULO EDUARDO MAESTRI BENGTSON,PTB,1,1150000.0,30000.0,33050.0,0.0,7930.0,70980.0,63050.0,63050.0,1.3900667423513255,False,1.0,1.0,1.0,False,False
2018,PB,2511,EFRAIM DE ARAUJO MORAIS FILHO,DEM,1,1090476.36,0.0,206000.0,0.0,4876.8,210876.8,206000.0,206000.0,1.0366688824026158,False,1.0,1.0,1.0,True,True
2018,PB,1212,DAMIÃO FELICIANO DA SILVA,PDT,1,570000.0,0.0,7979.2,0.0,4538.0,12517.2,7979.2,7979.2,1.0,False,1.0,1.0,1.0,False,False
2018,PB,1111,AGUINALDO VELLOSO BORGES RIBEIRO,PP,1,1244054.32,30000.0,338500.0,0.0,7984.7,376484.7,368500.0,368500.0,4.0667005895863015,False,1.0,1.0,1.0,True,True
2018,PB,2222,JOSÉ WELLINGTON ROBERTO,PR,1,1660000.0,0.0,0.0,0.0,0.0,0.0,0.0,0.0,1.1200462829042523,False,1.0,1.0,1.0,False,False
2018,PB,1011,HUGO MOTTA WANDERLEY DA NÓBREGA,PRB,1,894538.16,40000.0,66200.0,0.0,4970.0,111170.0,106200.0,106200.0,1.9154900590842021,False,1.0,1.0,1.0,False,True
2018,PB,4040,GERVÁSIO AGRIPINO MAIA,PSB,1,800000.0,40000.0,79944.0,0.0,6870.0,126814.0,119944.0,119944.0,1.873504472064119,False,1.0,1.0,1.0,False,True
2018,PB,4500,EDNACE ALVES SILVESTRE HENRIQUE,PSDB,1,774000.0,50000.0,8000.0,0.0,2073.34,60073.34,58000.0,58000.0,3.62127332936304,False,1.0,1.0,1.0,False,False
2018,PB,4510,PEDRO OLIVEIRA CUNHA LIMA,PSDB,1,1020400.0,0.0,91510.15,0.0,156694.0,248204.15,91510.15,91510.15,3.62127332936304,False,1.0,1.0,1.0,True,False
2018,PB,4567,RUY MANUEL CARNEIRO BARBOSA DE AÇA BELCHIOR,PSDB,1,934550.0,41690.14,16052.5,1069.0,3750.0,62561.64,57742.64,58811.64,3.62127332936304,False,1.0,1.0,1.0,False,False
2018,PB,1717,GULLIEM CHARLES BEZERRA LEMOS,PSL,1,361938.0,0.0,7010.0,0.0,0.0,7010.0,7010.0,7010.0,2.1774938173665572,False,1.0,1.0,1.0,False,False
2018,PB,1345,ANTONIO RIBEIRO,PT,1,398500.0,94048.95,40605.0,0.0,1660.0,136313.95,134653.95,134653.95,2.461171287802829,False,1.0,1.0,1.0,True,True
2018,PB,1411,JOSÉ WILSON SANTIAGO,PTB,1,1265887.69,170000.0,436000.0,0.0,1477.5,607477.5,606000.0,606000.0,1.5195425232627475,False,1.0,1.0,1.0,True,True
2018,PE,2501,FERNANDO BEZERRA DE SOUZA COELHO FILHO,DEM,1,940000.0,0.0,1083103.0,0.0,0.0,1083103.0,1083103.0,1083103.0,2.449275362318841,False,1.0,1.0,1.0,True,True
2018,PE,1515,RAUL JEAN LOUIS HENRY JUNIOR,MDB,1,841444.32,0.0,230067.02,0.0,0.0,230067.02,230067.02,230067.02,1.0,False,1.0,1.0,1.0,True,True
2018,PE,5151,FRANCISCO EURICO DA SILVA,PATRI,1,311500.0,18000.0,45500.0,0.0,100000.0,163500.0,63500.0,63500.0,1.5714211163921852,False,1.0,1.0,1.0,True,False
2018,PE,6513,RENILDO VASCONCELOS CALHEIROS,PC DO B,1,1348940.57,0.0,30000.0,0.0,4854.65,34854.65,30000.0,30000.0,1.0,False,1.0,1.0,1.0,False,False
2018,PE,1212,TÚLIO GADELHA SALES DE MELO,PDT,1,109097.95999999999,11510.0,40945.0,2031.35,0.0,54486.35,52455.0,54486.35,1.3873566671788167,False,0.0,0.0,1.0,False,False
2018,PE,1234,WOLNEY QUEIROZ MACIEL,PDT,1,665000.0,52210.979999999996,36000.0,0.0,0.0,88210.98,88210.98,88210.98,1.3873566671788167,False,1.0,1.0,1.0,False,False
2018,PE,3131,FERNANDO RODOLFO TENORIO DE VASCONCELOS,PHS,1,142250.2,0.0,93442.0,0.0,0.0,93442.0,93442.0,93442.0,6.033103378335057,False,1.0,1.0,1.0,False,False
2018,PE,1919,RICARDO TEOBALDO CAVALCANTI,PODE,1,1000000.0,6400.0,0.0,0.0,1370.0,7770.0,6400.0,6400.0,1.0,False,1.0,1.0,1.0,False,False
2018,PE,1111,EDUARDO HENRIQUE DA FONTE DE ALBUQUERQUE SILVA,PP,1,2028933.15,0.0,4500.0,0.0,0.0,4500.0,4500.0,4500.0,3.936081005294932,False,1.0,1.0,1.0,False,False
2018,PE,1190,FERNANDO MONTEIRO DE ALBUQUERQUE,PP,1,2108488.0,0.0,259101.15,0.0,0.0,259101.15,259101.15,259101.15,3.936081005294932,False,1.0,1.0,1.0,True,True
2018,PE,2323,DANIEL PIRES COELHO,PPS,1,1302797.57,38865.32,109000.0,0.0,0.0,147865.32,147865.32,147865.32,1.1642292302617174,False,1.0,1.0,1.0,True,True
2018,PE,2233,SEBASTIÃO IGNACIO DE OLIVEIRA JUNIOR,PR,1,1400000.0,65000.0,88700.0,0.0,43.12,153743.12,153700.0,153700.0,2.1206213746968956,False,1.0,1.0,1.0,True,True
2018,PE,1010,SILVIO SERAFIM COSTA FILHO,PRB,1,1018375.69,0.0,159050.0,501.25,0.0,159551.25,159050.0,159551.25,1.909764306891191,False,1.0,1.0,1.0,True,True
2018,PE,1012,OSSESIO JOSE DA SILVA,PRB,1,654699.58,9780.0,50700.0,73.15,0.0,60553.15,60480.0,60553.15,1.909764306891191,False,0.0,1.0,1.0,False,False
2018,PE,4000,LUIZ GONZAGA PATRIOTA,PSB,1,1300145.2,138600.0,45500.0,0.0,0.0,184100.0,184100.0,184100.0,8.01686473444882,False,1.0,1.0,1.0,True,True
2018,PE,4004,FELIPE AUGUSTO LYRA CARRERAS,PSB,1,1317279.12,0.0,416970.97,369.23,200.0,417540.19999999995,416970.97,417340.19999999995,8.01686473444882,False,1.0,1.0,1.0,True,True
2018,PE,4010,DANILO JORGE DE BARROS CABRAL,PSB,1,1320973.91,30000.0,2500.0,0.0,2750.0,35250.0,32500.0,32500.0,8.01686473444882,False,1.0,1.0,1.0,False,False
2018,PE,4020,FRANCISCO TADEU BARBOSA DE ALENCAR,PSB,1,1319094.7,0.0,64150.0,0.0,843.5,64993.5,64150.0,64150.0,8.01686473444882,False,1.0,1.0,1.0,False,False
2018,PE,4040,JOÃO HENRIQUE DE ANDRADE LIMA CAMPOS,PSB,1,1537864.46,0.0,244000.0,0.0,9718.64,253718.64,244000.0,244000.0,8.01686473444882,False,1.0,1.0,1.0,True,True
2018,PE,2020,ANDRE FERREIRA RODRIGUES,PSC,1,480000.0,37099.78,178225.56,0.0,202760.7,418086.04000000004,215325.34,215325.34,1.0,False,1.0,1.0,1.0,True,True
2018,PE,5555,ANDRE CARLOS ALVES DE PAULA FILHO,PSD,1,1076019.51,5000.0,192475.0,23188.63,0.0,220663.63,197475.0,220663.63,1.0,False,1.0,1.0,1.0,True,True
2018,PE,1717,LUCIANO CALDAS BIVAR,PSL,1,1800000.0,0.0,150000.0,0.0,0.0,150000.0,150000.0,150000.0,1.61194273730539,False,1.0,1.0,1.0,True,True
2018,PE,1310,MARÍLIA VALENÇA ROCHA ARRAES DE ALENCAR,PT,1,1000000.0,270000.0,6578.26,7019.6900000000005,0.0,283597.95,276578.26,283597.95,3.9860038858727647,False,1.0,1.0,1.0,True,True
2018,PE,1314,JOSÉ CARLOS VERAS DOS SANTOS,PT,1,435000.0,0.0,11000.0,12735.14,0.0,23735.14,11000.0,23735.14,3.9860038858727647,False,1.0,1.0,1.0,False,False
2018,PE,7777,AUGUSTO RODRIGUES COUTINHO DE MELO,SOLIDARIEDADE,1,905400.0,100000.0,98750.59,5510.88,1427.3,205688.77,198750.59,204261.47,2.0680925758353923,False,1.0,1.0,1.0,True,True
2018,PI,1515,MARCOS AURELIO PADUA RIBEIRO GONÇALVES DE SAMPAIO,MDB,1,318750.0,1000.0,223754.03,0.0,1000.0,225754.03,224754.03,224754.03,2.1246654525298916,False,1.0,1.0,1.0,True,True
2018,PI,1212,FLAVIO RODRIGUES NOGUEIRA,PDT,1,601500.0,69540.0,58030.2,0.0,2050.0,129620.2,127570.2,127570.2,1.0,False,1.0,1.0,1.0,False,True
2018,PI,1111,IRACEMA MARIA PORTELLA NUNES NOGUEIRA LIMA,PP,1,2404000.0,87800.0,8700.0,0.0,0.0,96500.0,96500.0,96500.0,3.367221337759846,False,1.0,1.0,1.0,False,False
2018,PI,1122,MARGARETE DE CASTRO COELHO,PP,1,2300000.0,8820.0,109113.19,0.0,4133.33,122066.52,117933.19,117933.19,3.367221337759846,False,1.0,1.0,1.0,False,True
2018,PI,2222,FÁBIO ABREU COSTA,PR,1,1350000.0,98331.78,44063.0,0.0,560.0,142954.78,142394.78,142394.78,1.0,False,1.0,1.0,1.0,True,True
2018,PI,4040,ÁTILA FREITAS LIRA,PSB,1,1300000.0,39119.0,51624.35,0.0,0.0,90743.35,90743.35,90743.35,1.7363401146567907,False,1.0,1.0,1.0,False,False
2018,PI,5555,JULIO CESAR DE CARVALHO LIMA,PSD,1,792013.2,76678.0,41251.8,0.0,26837.5,144767.3,117929.8,117929.8,1.0,False,1.0,1.0,1.0,True,True
2018,PI,1311,REJANE RIBEIRO SOUSA DIAS,PT,1,1005000.0,0.0,144971.1,0.0,0.0,144971.1,144971.1,144971.1,4.045212551706464,False,1.0,1.0,1.0,True,True
2018,PI,1313,FRANCISCO DE ASSIS CARVALHO GONÇALVES,PT,1,905000.0,5000.0,59720.0,0.0,0.0,64720.0,64720.0,64720.0,4.045212551706464,False,1.0,1.0,1.0,False,False
2018,PI,3636,MARINA SANTOS BATISTA DIAS,PTC,1,560000.0,18096.7,21496.8,0.0,3452.66,43046.16,39593.5,39593.5,1.0,False,1.0,1.0,1.0,False,False
2018,PR,2505,PEDRO DEBONI LUPION MELLO,DEM,1,700000.0,0.0,336439.73,0.0,0.0,336439.73,336439.73,336439.73,1.9580663948747816,False,0.0,1.0,1.0,True,True
2018,PR,1512,SERGIO DE SOUZA,MDB,1,1500000.0,36351.97,333000.0,0.0,1592.08,370944.05,369351.97,369351.97,3.4009039223980637,False,1.0,1.0,1.0,True,True
2018,PR,1540,HERMES PARCIANELLO,MDB,1,1500000.0,99441.3,6000.0,0.0,5523.9,110965.2,105441.3,105441.3,3.4009039223980637,False,1.0,1.0,1.0,False,True
2018,PR,1234,GUSTAVO BONATO FRUET,PDT,1,450000.0,131116.21,0.0,0.0,0.0,131116.21,131116.21,131116.21,2.8499980871982555,False,1.0,1.0,1.0,False,True
2018,PR,1919,DIEGO ALEXSANDER GONÇALO PAULA GARCIA,PODE,1,504760.0,1750.0,1600.0,90.0,0.0,3440.0,3350.0,3440.0,1.5102172374604044,False,1.0,1.0,1.0,False,False
2018,PR,1122,JOSE CARLOS SCHIAVINATO,PP,1,1090692.0,2500.0,51605.51,19182.0,0.0,73287.51000000001,54105.51,73287.51000000001,6.245626436889375,False,1.0,1.0,1.0,False,False
2018,PR,1151,RICARDO JOSE MAGALHÃES BARROS,PP,1,1709838.83,0.0,285000.0,0.0,0.0,285000.0,285000.0,285000.0,6.245626436889375,False,1.0,1.0,1.0,True,True
2018,PR,2300,RUBENS BUENO,PPS,1,1168128.11,0.0,88500.0,12034.0,0.0,100534.0,88500.0,100534.0,1.3826889075292257,False,1.0,1.0,1.0,False,False
2018,PR,2200,FERNANDO LUCIO GIACOBO,PR,1,2000000.0,0.0,182716.81,0.0,0.0,182716.81,182716.81,182716.81,2.967548285005992,False,0.5,1.0,1.0,True,True
2018,PR,2222,LUIZ HILOSHI NISHIMORI,PR,1,2000000.0,0.0,430000.0,0.0,1125.0,431125.0,430000.0,430000.0,2.967548285005992,False,0.5,1.0,1.0,True,True
2018,PR,2233,CHRISTIANE DE SOUZA YARED,PR,1,2479092.19,0.0,18321.0,0.0,2270.1299999999997,20591.13,18321.0,18321.0,2.967548285005992,False,1.0,1.0,1.0,False,False
2018,PR,1010,JOSE AROLDO SOUZA MARTINS,PRB,1,657075.16,1050.0,3000.0,0.0,259.91999999999996,4309.92,4050.0,4050.0,4.467662016603607,False,1.0,1.0,1.0,False,False
2018,PR,1080,LUIZ GOULARTE ALVES,PRB,1,650000.0,0.0,142750.0,1080.0,0.0,143830.0,142750.0,143830.0,4.467662016603607,False,1.0,1.0,1.0,True,True
2018,PR,9000,EMERSON MIGUEL PETRIV,PROS,1,0.0,0.0,254200.0,0.0,0.0,254200.0,254200.0,254200.0,2.5768943899046506,False,0.0,0.0,0.0,True,True
2018,PR,9090,ANTONIO WANDSCHEER,PROS,1,441600.0,1473773.39,32380.0,0.0,5000.0,1511153.39,1506153.39,1506153.39,2.5768943899046506,False,1.0,1.0,1.0,True,True
2018,PR,4012,ALIEL MACHADO BARK,PSB,1,1350000.0,82000.0,17902.0,0.0,875.23,100777.23,99902.0,99902.0,3.1842105263157894,False,1.0,1.0,1.0,False,False
2018,PR,4040,LUCIANO DUCCI,PSB,1,1600000.0,71722.04000000001,401703.81,0.0,2296.92,475722.76999999996,473425.85,473425.85,3.1842105263157894,False,1.0,1.0,1.0,True,True
2018,PR,2020,PAULO EDUARDO LIMA MARTINS,PSC,1,1049715.0,0.0,98610.0,11443.0,0.0,110053.0,98610.0,110053.0,2.8334396772245944,False,1.0,1.0,1.0,False,False
2018,PR,5555,SANDRO ALEX CRUZ DE OLIVEIRA,PSD,1,1128000.0,108750.0,100125.0,0.0,0.0,208875.0,208875.0,208875.0,6.62733593591305,False,1.0,1.0,1.0,True,True
2018,PR,5569,NEY LEPREVOST NETO,PSD,1,1099000.0,6459.0,1155585.63,0.0,125.0,1162169.63,1162044.63,1162044.63,6.62733593591305,False,1.0,1.0,1.0,True,True
2018,PR,5577,NELSI COGUETTO MARIA,PSD,1,35715.0,1736500.0,1500.0,0.0,92.92,1738092.92,1738000.0,1738000.0,6.62733593591305,False,0.0,0.0,0.0,True,True
2018,PR,5590,GILSON CARDOSO FAHUR,PSD,1,195715.0,0.0,61430.0,0.0,0.0,61430.0,61430.0,61430.0,6.62733593591305,False,1.0,1.0,1.0,False,False
2018,PR,1700,FILIPE BARROS BAPTISTA DE TOLEDO RIBEIRO,PSL,1,0.0,129000.0,264006.75,0.0,0.0,393006.75,393006.75,393006.75,2.233614120468742,False,0.0,0.0,0.0,True,True
2018,PR,1717,ALINE SLEUTJES,PSL,1,0.0,83135.4,13805.85,2114.1,2205.0,101260.35,96941.25,99055.35,2.233614120468742,False,0.0,0.0,0.0,False,False
2018,PR,1777,LUIS FELIPE BONATTO FRANCISCHINI,PSL,1,0.0,50000.0,500.0,0.0,187429.0,237929.0,50500.0,50500.0,2.233614120468742,False,0.0,0.0,0.0,True,False
2018,PR,1310,JOSE CARLOS BECKER DE OLIVEIRA E SILVA,PT,1,893787.19,247.08,98400.0,0.0,1281.44,99928.52,98647.08,98647.08,4.654448634498673,False,1.0,1.0,1.0,False,False
2018,PR,1313,GLEISI HELENA HOFFMANN,PT,1,1301322.0,0.0,43553.4,190.0,0.0,43743.4,43553.4,43743.4,4.654448634498673,False,1.0,1.0,1.0,False,False
2018,PR,1330,ENIO JOSÉ VERRI,PT,1,894418.0,59905.0,11250.0,490.0,1411.39,73056.39,71155.0,71645.0,4.654448634498673,False,1.0,1.0,1.0,False,False
2018,PR,1414,LUISA DOS SANTOS SILVEIRA,PTB,1,2208553.67,0.0,52250.0,0.0,0.0,52250.0,52250.0,52250.0,1.0,False,1.0,1.0,1.0,False,False
2018,PR,4300,LEANDRE DAL PONTE,PV,1,1100000.0,0.0,113979.40000000001,1450.0,3437.84,118867.24,113979.40000000001,115429.40000000001,2.9515751245260704,False,1.0,1.0,1.0,False,True
2018,RJ,7070,JOÃO FRANCISCO INÁCIO BRAZÃO,AVANTE,1,309385.0,107000.0,2500.0,0.0,42261.0,151761.0,109500.0,109500.0,2.416451159582856,False,1.0,1.0,1.0,True,True
2018,RJ,2727,LUIZ ANTONIO DA COSTA CARVALHO CORREA DA SILVA,DC,1,0.0,157615.27000000002,18000.0,0.0,63540.95,239156.22000000003,175615.27000000002,175615.27000000002,10.243925060285662,False,0.0,0.0,0.0,True,True
2018,RJ,2500,ROGERIO TEIXEIRA JUNIOR,DEM,1,0.0,15000.0,219319.4,0.0,7120.5,241439.9,234319.4,234319.4,8.089307273278951,False,0.0,0.0,0.0,True,True
2018,RJ,2501,PEDRO PAULO CARVALHO TEIXEIRA,DEM,1,940000.0,9001.7,634850.0,550.0,52649.6,697051.2999999999,643851.7,644401.7,8.089307273278951,False,1.0,1.0,1.0,True,True
2018,RJ,2577,SÓSTENES SILVA CAVALCANTE,DEM,1,1150000.0,0.0,0.0,0.0,84317.25,84317.25,0.0,0.0,8.089307273278951,False,1.0,1.0,1.0,False,False
2018,RJ,2587,RODRIGO FELINTO IBARRA EPITÁCIO MAIA,DEM,1,717600.0,0.0,1070000.0,0.0,42216.95,1112216.95,1070000.0,1070000.0,8.089307273278951,False,1.0,1.0,1.0,True,True
2018,RJ,1515,VINICIUS MEDEIROS FARAH,MDB,1,200000.0,240049.9,793775.0,0.0,26466.95,1060291.85,1033824.9,1033824.9,8.598708711873206,False,0.0,0.0,0.0,True,True
2018,RJ,1516,GUTEMBERG REIS DE OLIVEIRA,MDB,1,503662.79,0.0,297580.0,0.0,5552.0,303132.0,297580.0,297580.0,8.598708711873206,False,1.0,1.0,1.0,True,True
2018,RJ,1545,DANIELA MOTE DE SOUZA CARNEIRO,MDB,1,711325.58,0.0,354600.0,0.0,106337.5,460937.5,354600.0,354600.0,8.598708711873206,False,1.0,1.0,1.0,True,True
2018,RJ,3030,PAULO GUSTAVO GANIME ALVES TEIXEIRA,NOVO,1,6099.16,5030.3,245820.0,41885.8,0.0,292736.1,250850.3,292736.1,11.05143998308706,False,1.0,1.0,1.0,True,True
2018,RJ,6565,JANDIRA FEGHALI,PC DO B,1,1319160.0,0.0,2600.0,31740.1,237843.1,272183.2,2600.0,34340.1,1.1015322249192256,False,1.0,1.0,1.0,True,False
2018,RJ,1210,FRANCISCO JOSE D ANGELO PINTO,PDT,1,500000.0,20655.0,68174.08,2850.0,18022.4,109701.48000000001,88829.08,91679.08,4.638521236342301,False,1.0,1.0,1.0,False,False
2018,RJ,1234,PAULO SERGIO RAMOS BARBOZA,PDT,1,150000.0,9999.99,26750.0,0.0,12648.65,49398.64,36749.99,36749.99,4.638521236342301,False,1.0,1.0,1.0,False,False
2018,RJ,3100,GELSON DE AZEVEDO ALMEIDA,PHS,1,300.0,376800.0,2000.0,0.0,0.0,378800.0,378800.0,378800.0,2.261399304501338,False,0.0,0.0,0.0,True,True
2018,RJ,1155,CHRISTINO ÁUREO DA SILVA,PP,1,1030001.54,367350.0,232699.99,0.0,16452.0,616501.99,600049.99,600049.99,4.171136596573705,False,1.0,1.0,1.0,True,True
2018,RJ,1177,LUIZ ANTONIO DE SOUZA TEIXEIRA JÚNIOR,PP,1,980001.54,150000.0,0.0,0.0,16961.45,166961.45,150000.0,150000.0,4.171136596573705,False,1.0,1.0,1.0,True,True
2018,RJ,2323,MARCELO CALERO FARIA GARCIA,PPS,1,346000.0,0.0,775410.0,49425.479999999996,1886.75,826722.23,775410.0,824835.48,5.920870905618586,False,1.0,1.0,1.0,True,True
2018,RJ,2222,SORAYA ALENCAR DOS SANTOS,PR,1,2409096.0,0.0,6000.0,0.0,0.0,6000.0,6000.0,6000.0,7.095256148777982,False,1.0,1.0,1.0,False,False
2018,RJ,2269,ALTINEU CORTES FREITAS COUTINHO,PR,1,1354335.0,1944.71,0.0,0.0,12371.7,14316.41,1944.71,1944.71,7.095256148777982,False,1.0,1.0,1.0,False,False
2018,RJ,1010,WAGNER MONTES DOS SANTOS,PRB,1,758322.5,756.0,0.0,0.0,14000.0,14756.0,756.0,756.0,7.923859361084177,False,1.0,1.0,1.0,False,False
2018,RJ,1033,ROSANGELA DE SOUZA GOMES ,PRB,1,1431242.27,0.0,11080.0,0.0,2250.0,13330.0,11080.0,11080.0,7.923859361084177,False,1.0,1.0,1.0,False,False
2018,RJ,9044,CLARISSA GAROTINHO BARROS ASSED MATHEUS DE OLIVEIRA,PROS,1,1787815.0,0.0,6890.0,0.0,189236.5,196126.5,6890.0,6890.0,2.1306370520676072,False,1.0,1.0,1.0,True,False
2018,RJ,4488,WLADIMIR BARROS ASSED MATHEUS DE OLIVEIRA,PRP,1,266.0,109307.0,8180.0,0.0,16922.5,134409.5,117487.0,117487.0,1.6089317884001273,False,0.0,0.0,0.0,True,True
2018,RJ,4040,ALESSANDRO LUCCIOLA MOLON,PSB,1,1300000.0,0.0,125750.52,18855.489999999998,0.0,144606.01,125750.52,144606.01,2.2482055763333606,False,1.0,1.0,1.0,True,True
2018,RJ,2050,OTONI MOURA DE PAULO JUNIOR,PSC,1,50000.0,5060.0,217816.22,0.0,2466.75,225342.97,222876.22,222876.22,4.079172653888583,False,0.0,0.0,0.0,True,True
2018,RJ,5510,HUGO LEAL MELO DA SILVA,PSD,1,950000.0,185000.0,774847.0,625.99,7186.75,967659.74,959847.0,960472.99,8.655664987166382,False,1.0,1.0,1.0,True,True
2018,RJ,5570,ALEXANDRE AUGUSTUS SERFIOTIS,PSD,1,1050000.0,0.0,12000.0,0.0,11450.93,23450.93,12000.0,12000.0,8.655664987166382,False,1.0,1.0,1.0,False,False
2018,RJ,5593,FLORDELIS DOS SANTOS DE SOUZA,PSD,1,1028000.0,1000.0,64000.0,0.0,8538.05,73538.05,65000.0,65000.0,8.655664987166382,False,1.0,1.0,1.0,False,False
2018,RJ,1714,CHRISTINE NOGUEIRA DOS REIS TONIETTO,PSL,1,74006.33,0.0,1750.01,1975.0,665.0,4390.01,1750.01,3725.01,7.395575205900419,False,1.0,1.0,1.0,False,False
2018,RJ,1716,JOZIEL FERREIRA CARLOS,PSL,1,5474.3,100.0,29575.0,0.0,2375.0,32050.0,29675.0,29675.0,7.395575205900419,False,0.0,0.0,0.0,False,False
2018,RJ,1717,LUIZ EDUARDO CARNEIRO DA SILVA DE SOUZA LIMA,PSL,1,6835.0,26.8,251109.99,2625.0,3065.0,256826.78999999998,251136.78999999998,253761.78999999998,7.395575205900419,False,0.0,0.0,0.0,True,True
2018,RJ,1720,HELIO FERNANDO BARBOSA LOPES,PSL,1,16717.5,0.0,12500.0,0.0,49500.0,62000.0,12500.0,12500.0,7.395575205900419,False,1.0,1.0,1.0,False,False
2018,RJ,1746,FABIANA SILVA DE SOUZA,PSL,1,87140.83,3585.6,0.0,0.0,4840.78,8426.38,3585.6,3585.6,7.395575205900419,False,1.0,1.0,1.0,False,False
2018,RJ,1752,MÁRCIO DA SILVEIRA LABRE,PSL,1,0.0,9200.0,0.0,13395.0,0.0,22595.0,9200.0,22595.0,7.395575205900419,False,0.0,0.0,0.0,False,False
2018,RJ,1767,FELÍCIO LATERÇA DE ALMEIDA,PSL,1,0.0,35000.0,79450.20999999999,0.0,0.0,114450.20999999999,114450.20999999999,114450.20999999999,7.395575205900419,False,0.0,0.0,0.0,False,True
2018,RJ,1777,CARLOS ROBERTO COELHO DE MATTOS JÚNIOR,PSL,1,1965.0,28745.0,21765.08,4745.0,1930.0,57185.08,50510.08,55255.08,7.395575205900419,False,0.0,0.0,0.0,False,False
2018,RJ,1789,LOURIVAL GOMES DE ALMEIDA,PSL,1,0.0,201791.49,0.0,0.0,0.0,201791.49,201791.49,201791.49,7.395575205900419,False,0.0,0.0,0.0,True,True
2018,RJ,1793,ANTÔNIO DA LUZ FURTADO,PSL,1,2155.0,34060.0,29045.0,0.0,12680.3,75785.3,63105.0,63105.0,7.395575205900419,False,0.0,0.0,0.0,False,False
2018,RJ,1796,DANIEL LUCIO DA SILVEIRA,PSL,1,13265.0,0.0,19920.0,0.0,1159.0,21079.0,19920.0,19920.0,7.395575205900419,False,1.0,1.0,1.0,False,False
2018,RJ,1798,JOÃO CARLOS SOARES GURGEL,PSL,1,982.5,6340.55,40500.0,0.0,2657.5,49498.05,46840.55,46840.55,7.395575205900419,False,0.0,0.0,0.0,False,False
2018,RJ,5005,JEAN WYLLYS DE MATOS SANTOS,PSOL,1,304872.53,0.0,25100.0,87738.95,1023.75,113862.7,25100.0,112838.95,7.805872134564799,False,1.0,1.0,1.0,False,False
2018,RJ,5050,MARCELO RIBEIRO FREIXO,PSOL,1,301047.53,7196.16,66352.19,89607.09,64211.240000000005,227366.68,73548.35,163155.44,7.805872134564799,False,1.0,1.0,1.0,True,False
2018,RJ,5077,TALIRIA PETRONE SOARES,PSOL,1,172141.88,5000.0,34165.58,29973.0,26960.64,96099.22,39165.58,69138.58,7.805872134564799,False,1.0,1.0,1.0,False,False
2018,RJ,5080,GLAUBER DE MEDEIROS BRAGA,PSOL,1,304932.53,13232.22,30378.59,8217.0,23958.25,75786.06,43610.81,51827.81,7.805872134564799,False,1.0,1.0,1.0,False,False
2018,RJ,1377,BENEDITA SOUZA DA SILVA SAMPAIO ,PT,1,1000000.0,18500.0,9224.86,870.0,20638.68,49233.54,27724.86,28594.86,7.932708694059974,False,1.0,1.0,1.0,False,False
2018,RJ,7733,AUREO LIDIO MOREIRA RIBEIRO,SOLIDARIEDADE,1,1365372.24,228440.0,206099.99,0.0,133020.25,567560.24,434539.99,434539.99,1.586056893625806,False,1.0,1.0,1.0,True,True
2018,RN,1511,WALTER PEREIRA ALVES,MDB,1,1552000.0,3820.0,52360.0,0.0,3147.83,59327.83,56180.0,56180.0,1.890880910044935,False,1.0,1.0,1.0,False,False
2018,RN,1111,CARLOS ALBERTO DE SOUSA ROSADO SEGUNDO,PP,1,1287550.0,0.0,47736.0,0.0,0.0,47736.0,47736.0,47736.0,1.8692905016251287,False,1.0,1.0,1.0,False,False
2018,RN,2222,JOÃO DA SILVA MAIA,PR,1,2240000.0,0.0,220400.0,0.0,3270.0,223670.0,220400.0,220400.0,1.0,False,1.0,1.0,1.0,True,True
2018,RN,4040,RAFAEL HUETE DA MOTTA,PSB,1,1510000.0,0.0,0.0,0.0,0.0,0.0,0.0,0.0,1.0,False,1.0,1.0,1.0,False,False
2018,RN,5555,FÁBIO SALUSTINO MESQUITA DE FARIA,PSD,1,1035000.0,0.0,349476.0,0.0,8000.0,357476.0,349476.0,349476.0,1.4401036475981663,False,1.0,1.0,1.0,True,True
2018,RN,1777,ELIESER GIRAO MONTEIRO FILHO,PSL,1,4000.0,10253.0,7764.0,11730.0,0.0,29747.0,18017.0,29747.0,1.0,False,1.0,1.0,1.0,False,False
2018,RN,1311,NATALIA BASTOS BONAVIDES,PT,1,406296.2,0.0,148902.9,16323.0,0.0,165225.9,148902.9,165225.9,2.7056276345976116,False,1.0,1.0,1.0,True,True
2018,RN,3666,LUIZ BENES LEOCADIO DE ARAUJO,PTC,1,810000.0,202649.7,87000.0,0.0,10356.0,300005.7,289649.7,289649.7,1.1107692307692307,False,1.0,1.0,1.0,True,True
2018,RO,1555,LUCIO ANTONIO MOSQUINI,MDB,1,1500000.0,132500.0,230600.0,0.0,988.5,364088.5,363100.0,363100.0,2.110429127380051,False,1.0,1.0,1.0,True,True
2018,RO,1234,SILVIA CRISTINA AMANCIO CHAGAS,PDT,1,116000.0,0.0,138200.0,0.0,55817.89,194017.89,138200.0,138200.0,1.139976275207592,False,1.0,1.0,1.0,True,True
2018,RO,1919,LEONARDO BARRETO DE MORAES,PODE,1,623000.0,206010.0,144743.0,0.0,1067.96,351820.96,350753.0,350753.0,1.0,False,1.0,1.0,1.0,True,True
2018,RO,1111,DIRLAINE JAQUELINE CASSOL,PP,1,2110000.0,95000.0,205862.0,0.0,0.0,300862.0,300862.0,300862.0,1.27872569956628,False,1.0,1.0,1.0,True,True
2018,RO,4040,MAURO NAZIF RASUL,PSB,1,500000.0,0.0,80712.0,0.0,10000.0,90712.0,80712.0,80712.0,1.0,False,1.0,1.0,1.0,False,False
2018,RO,5555,EXPEDITO GONÇALVES FERREIRA NETTO,PSD,1,618973.05,0.0,172116.0,0.0,0.0,172116.0,172116.0,172116.0,1.3148967370047202,False,1.0,1.0,1.0,True,True
2018,RO,4545,MARIANA FONSECA RIBEIRO CARVALHO DE MORAES,PSDB,1,2300000.0,8620.0,88544.0,0.0,234.92,97398.92,97164.0,97164.0,1.0,False,1.0,1.0,1.0,False,False
2018,RO,1777,JOAO CHRISÓSTOMO DE MOURA,PSL,1,0.0,5300.0,0.0,0.0,45000.0,50300.0,5300.0,5300.0,,True,0.0,0.0,0.0,False,False
2018,RR,1111,HIRAN MANUEL GONÇALVES DA SILVA,PP,1,1726297.2,0.0,351779.36,11740.0,300.0,363819.36,351779.36,363519.36,1.0125314097909246,False,1.0,1.0,1.0,True,True
2018,RR,2200,EDIO VIEIRA LOPES,PR,1,1800000.0,1064.0,50120.0,0.0,0.0,51184.0,51184.0,51184.0,3.058680594981265,False,1.0,1.0,1.0,False,False
2018,RR,1011,JOHNATHAN PEREIRA DE JESUS,PRB,1,925540.0,0.0,0.0,0.0,20005.0,20005.0,0.0,0.0,1.0959382998912384,False,1.0,1.0,1.0,False,False
2018,RR,5555,HAROLDO ALVES CAMPOS,PSD,1,4290.0,1005942.08,198435.48,0.0,0.0,1204377.56,1204377.56,1204377.56,1.3074893274413388,False,0.0,0.0,0.0,True,True
2018,RR,4545,SHÉRIDAN ESTÉRFANY OLIVEIRA DE ANCHIETA,PSDB,1,2310000.0,0.0,29500.0,0.0,3027.5,32527.5,29500.0,29500.0,1.2106458639757218,False,1.0,1.0,1.0,False,False
2018,RR,1717,ANTONIO CARLOS NICOLETTI,PSL,1,20000.0,35000.0,53440.0,0.0,0.0,88440.0,88440.0,88440.0,4.481481481481482,False,1.0,1.0,1.0,False,False
2018,RR,1818,JOENIA BATISTA DE CARVALHO,REDE,1,150000.0,0.0,87305.13,1720.0,10.0,89035.13,87305.13,89025.13,1.2882604560123267,False,1.0,1.0,1.0,False,False
2018,RR,7777,JOSE OTACI BARROSO DO NASCIMENTO,SOLIDARIEDADE,1,160119.32,0.0,69500.0,0.0,0.0,69500.0,69500.0,69500.0,4.071120872226915,False,1.0,1.0,1.0,False,False
2018,RS,2522,ONYX DORNELLES LORENZONI,DEM,1,1000000.0,2530.0,656500.0,0.0,4600.0,663630.0,659030.0,659030.0,1.198019801980198,False,1.0,1.0,1.0,True,True
2018,RS,1500,ALCEU MOREIRA DA SILVA,MDB,1,1500000.0,193541.85,299490.0,0.0,6878.47,499910.31999999995,493031.85,493031.85,10.106729122706543,False,1.0,1.0,1.0,True,True
2018,RS,1515,GIOVANI BATISTA FELTES,MDB,1,1500000.0,200000.0,155225.0,0.0,6478.469999999999,361703.47,355225.0,355225.0,10.106729122706543,False,1.0,1.0,1.0,True,True
2018,RS,1520,MARCIO DELLA VALLE BIOLCHI,MDB,1,1500000.0,0.0,110000.0,0.0,6478.469999999999,116478.47,110000.0,110000.0,10.106729122706543,False,1.0,1.0,1.0,False,True
2018,RS,1522,OSMAR GASPARINI TERRA,MDB,1,1500000.0,0.0,157250.0,25014.1,0.0,182264.1,157250.0,182264.1,10.106729122706543,False,1.0,1.0,1.0,True,True
2018,RS,3030,MARCEL VAN HATTEM,NOVO,1,7349.16,0.0,607583.97,184340.18,25332.33,817256.4799999999,607583.97,791924.1499999999,10.023453555310468,False,1.0,1.0,1.0,True,True
2018,RS,1200,AFONSO ANTUNES DA MOTTA,PDT,1,500000.0,1052750.0,22836.3,21545.0,1220.0,1098351.3,1075586.3,1097131.3,3.9898483666219384,False,1.0,1.0,1.0,True,True
2018,RS,1208,MARLON ARATOR SANTOS DA ROSA,PDT,1,150000.0,0.0,55720.0,0.0,0.0,55720.0,55720.0,55720.0,3.9898483666219384,False,1.0,1.0,1.0,False,False
2018,RS,1212,DARCI POMPEO DE MATTOS,PDT,1,550000.0,35000.0,18460.0,3100.0,1220.0,57780.0,53460.0,56560.0,3.9898483666219384,False,1.0,1.0,1.0,False,False
2018,RS,1111,LUIS ANTONIO FRANCISCATTO COVATTI,PP,1,1890692.0,260615.95,244600.0,0.0,5000.0,510215.95,505215.95,505215.95,6.564267901109525,False,1.0,1.0,1.0,True,True
2018,RS,1133,JERÔNIMO PIZZOLOTTO GOERGEN,PP,1,1492040.0,1250.0,824508.0,13591.0,5000.0,844349.0,825758.0,839349.0,6.564267901109525,False,1.0,1.0,1.0,True,True
2018,RS,1144,PEDRO BANDARRA WESTPHALEN,PP,1,1172040.0,0.0,268420.0,0.0,5000.0,273420.0,268420.0,268420.0,6.564267901109525,False,1.0,1.0,1.0,True,True
2018,RS,1166,JOSÉ ALFONSO EBERT HAMM,PP,1,1492040.0,3500.0,52300.0,0.0,5000.0,60800.0,55800.0,55800.0,6.564267901109525,False,1.0,1.0,1.0,False,False
2018,RS,2222,GIOVANI CHERINI,PR,1,2200000.0,7224.4,4744.1,1010.0,101478.47,114456.97,11968.5,12978.5,1.286431747077227,False,1.0,1.0,1.0,False,False
2018,RS,1010,ANTONIO CARLOS GOMES DA SILVA,PRB,1,890594.35,0.0,6400.0,770.0,5000.0,12170.0,6400.0,7170.0,1.622505709176685,False,1.0,1.0,1.0,False,False
2018,RS,4012,HEITOR JOSÉ SCHUCH,PSB,1,1300600.0,1800.0,42300.0,0.0,0.0,44100.0,44100.0,44100.0,7.15916114323507,False,1.0,1.0,1.0,False,False
2018,RS,4041,LIZIANE BAYER DA COSTA,PSB,1,500720.0,0.0,24352.85,4329.71,0.0,28682.559999999998,24352.85,28682.559999999998,7.15916114323507,False,1.0,1.0,1.0,False,False
2018,RS,5501,DANRLEI DE DEUS HINTERHOLZ,PSD,1,1050000.0,0.0,0.0,0.0,1478.4699999999998,1478.4699999999998,0.0,0.0,2.505184904704545,False,1.0,1.0,1.0,False,False
2018,RS,4500,DANIEL TRZECIAK DUARTE,PSDB,1,52250.0,66650.0,51865.0,13540.300000000001,8000.0,140055.3,118515.0,132055.3,2.2149821518125887,False,0.0,0.0,0.0,True,True
2018,RS,4511,LUCAS BELLO REDECKER,PSDB,1,1009000.0,1500.0,244871.2,1200.0,6000.0,253571.2,246371.2,247571.2,2.2149821518125887,False,1.0,1.0,1.0,True,True
2018,RS,1700,ALCIBIO MESQUITA BIBO NUNES,PSL,1,0.0,207216.9,30000.0,0.0,0.0,237216.9,237216.9,237216.9,5.0,False,0.0,0.0,0.0,True,True
2018,RS,1720,UBIRATAN ANTUNES SANDERSON,PSL,1,0.0,5000.0,63935.75,26994.0,0.0,95929.75,68935.75,95929.75,5.0,False,0.0,0.0,0.0,False,False
2018,RS,1777,NEREU CRISPIM,PSL,1,0.0,18000.0,20108.36,0.0,0.0,38108.36,38108.36,38108.36,5.0,False,0.0,0.0,0.0,False,False
2018,RS,5050,FERNANDA MELCHIONNA E SILVA,PSOL,1,220077.91,90000.0,23040.0,14196.0,0.0,127236.0,113040.0,127236.0,3.9281475392789478,False,1.0,1.0,1.0,False,True
2018,RS,1307,PAULO ROBERTO SEVERO PIMENTA,PT,1,900000.0,0.0,58016.66,50465.130000000005,0.0,108481.79000000001,58016.66,108481.79000000001,8.877619000667,False,1.0,1.0,1.0,False,False
2018,RS,1313,HENRIQUE FONTANA JÚNIOR,PT,1,900000.0,0.0,73653.0,8191.0,33500.0,115344.0,73653.0,81844.0,8.877619000667,False,1.0,1.0,1.0,False,False
2018,RS,1320,ELVINO JOSÉ BOHN GASS,PT,1,900000.0,75395.1,139980.0,12305.0,5000.0,232680.1,215375.1,227680.1,8.877619000667,False,1.0,1.0,1.0,True,True
2018,RS,1355,DIONILSO MATEUS MARCON,PT,1,900000.0,33333.85,53300.0,1100.0,0.0,87733.85,86633.85,87733.85,8.877619000667,False,1.0,1.0,1.0,False,False
2018,RS,1370,MARIA DO ROSÁRIO NUNES,PT,1,967697.33,8478.23,39054.09,8926.0,0.0,56458.31999999999,47532.31999999999,56458.31999999999,8.877619000667,False,1.0,1.0,1.0,False,False
2018,RS,1412,MARCELO PIRES MORAES,PTB,1,1190000.0,0.0,81400.0,0.0,5000.0,86400.0,81400.0,81400.0,4.66615852608056,False,1.0,1.0,1.0,False,False
2018,RS,1477,MAURÍCIO ALEXANDRE DZIEDRICKI,PTB,1,737000.0,0.0,189559.06,0.0,44810.0,234369.06,189559.06,189559.06,4.66615852608056,False,1.0,1.0,1.0,True,True
2018,SC,1510,ROGERIO MENDONÇA,MDB,1,1300000.0,0.0,68305.5,510.0,0.0,68815.5,68305.5,68815.5,5.899538357833563,False,1.0,1.0,1.0,False,False
2018,SC,1560,CELSO MALDANER,MDB,1,1300000.0,326261.15,120758.73999999999,0.0,0.0,447019.89,447019.89,447019.89,5.899538357833563,False,1.0,1.0,1.0,True,True
2018,SC,1570,CARLOS ALBERTO CHIODINI,MDB,1,384000.0,5000.0,612000.0,0.0,0.0,617000.0,617000.0,617000.0,5.899538357833563,False,0.0,1.0,1.0,True,True
2018,SC,3050,GILSON MARQUES VIEIRA,NOVO,1,3599.16,40520.0,138300.0,2340.0,0.0,181160.0,178820.0,181160.0,10.499775368265675,False,1.0,1.0,1.0,True,True
2018,SC,1133,ANGELA REGINA HEINZEN AMIN HELOU,PP,1,2319720.0,0.0,179092.9,0.0,0.0,179092.9,179092.9,179092.9,3.610243812350202,False,1.0,1.0,1.0,True,True
2018,SC,2323,CARMEN EMILIA BONFÁ ZANOTTO,PPS,1,1188128.1099999999,5000.0,48059.369999999995,3520.0,0.0,56579.369999999995,53059.369999999995,56579.369999999995,1.0504674291576086,False,1.0,1.0,1.0,False,False
2018,SC,1010,HÉLIO FRANCISCO DA COSTA,PRB,1,650327.86,5913.2,11900.0,0.0,135732.0,153545.2,17813.2,17813.2,2.2806402248044195,False,1.0,1.0,1.0,True,False
2018,SC,4050,RODRIGO COELHO,PSB,1,500000.0,7807.75,307192.0,1220.5,38.39,316258.64,314999.75,316220.25,4.471300668443869,False,1.0,1.0,1.0,True,True
2018,SC,5500,DARCI DE MATOS,PSD,1,200230.0,0.0,91809.0,11770.0,0.0,103579.0,91809.0,103579.0,2.8544977718212645,False,1.0,1.0,1.0,False,False
2018,SC,5511,RICARDO ZANATTA GUIDI,PSD,1,700000.0,40533.240000000005,4100.0,3203.0,0.0,47836.240000000005,44633.240000000005,47836.240000000005,2.8544977718212645,False,1.0,1.0,1.0,False,False
2018,SC,4577,GEOVANIA DE SA RODRIGUES,PSDB,1,2000000.0,0.0,18810.0,0.0,50000.0,68810.0,18810.0,18810.0,4.0033148347122385,False,1.0,1.0,1.0,False,False
2018,SC,1717,DANIEL COSTA DE FREITAS,PSL,1,0.0,0.0,329200.0,0.0,0.0,329200.0,329200.0,329200.0,12.354694332270585,False,0.0,0.0,0.0,True,True
2018,SC,1718,CAROLINE RODRIGUES DE TONI,PSL,1,265.0,13761.1,56566.0,7540.0,4505.0,82372.1,70327.1,77867.1,12.354694332270585,False,0.75,0.75,0.875,False,False
2018,SC,1762,LUIZ ARMANDO SCHROEDER REIS,PSL,1,265.0,500.0,46828.0,1330.0,4505.0,53163.0,47328.0,48658.0,12.354694332270585,False,0.75,0.75,0.875,False,False
2018,SC,1777,FABIO LUIZ SCHIOCHET FILHO,PSL,1,550.72,1000.0,238900.0,0.0,4505.0,244405.0,239900.0,239900.0,12.354694332270585,False,1.0,1.0,1.0,True,True
2018,SC,1350,PEDRO FRANCISCO UCZAI,PT,1,900000.0,191893.0,95352.08,3341.0,10940.0,301526.08,287245.08,290586.08,5.068432654969073,False,1.0,1.0,1.0,True,True
2018,SE,1515,FABIO DE ALMEIDA REIS,MDB,1,1500000.0,3000.0,0.0,0.0,2965.96,5965.96,3000.0,3000.0,1.2846975088967971,False,1.0,1.0,1.0,False,False
2018,SE,1212,FABIO HENRIQUE SANTANA DE CARVALHO,PDT,1,112400.0,33750.0,41750.0,0.0,113102.5,188602.5,75500.0,75500.0,2.266294954434878,False,1.0,1.0,1.0,True,False
2018,SE,1111,LAERCIO JOSE DE OLIVEIRA,PP,1,1731095.1600000001,0.0,39589.42,1614.0,2235.0,43438.42,39589.42,41203.42,1.0,False,1.0,1.0,1.0,False,False
2018,SE,2233,JOÃO BOSCO DA COSTA,PR,1,2100000.0,0.0,0.0,0.0,30630.0,30630.0,0.0,0.0,1.9230769230769231,False,1.0,1.0,1.0,False,False
2018,SE,5555,FÁBIO CRUZ MITIDIERI,PSD,1,670000.0,0.0,4000.0,0.0,90546.96,94546.96,4000.0,4000.0,1.0,False,1.0,1.0,1.0,False,False
2018,SE,1311,JOAO SOMARIVA DANIEL,PT,1,903000.0,5880.0,162600.0,0.0,3878.84,172358.84,168480.0,168480.0,2.1431109376104875,False,1.0,1.0,1.0,True,True
2018,SE,1313,MARCIO COSTA MACÊDO,PT,1,944000.0,91123.18,130500.0,0.0,2235.0,223858.18,221623.18,221623.18,2.1431109376104875,False,1.0,1.0,1.0,True,True
2018,SE,7777,LUIZ AUGUSTO CARVALHO RIBEIRO FILHO,SOLIDARIEDADE,1,800000.0,0.0,49900.0,0.0,0.0,49900.0,49900.0,49900.0,1.0374868210394783,False,1.0,1.0,1.0,False,False
2018,SP,2525,ALEXANDRE LEITE DA SILVA,DEM,1,875000.0,520000.0,2273.7,0.0,200000.0,722273.7,522273.7,522273.7,6.817177052122327,False,1.0,1.0,1.0,True,True
2018,SP,2533,DAVID BEZERRA RIBEIRO SOARES,DEM,1,350000.0,37421.08,103140.0,0.0,80000.0,220561.08000000002,140561.08000000002,140561.08000000002,6.817177052122327,False,0.0,1.0,1.0,True,True
2018,SP,2550,EUGENIO JOSÉ ZULIANI,DEM,1,660000.0,5000.0,617068.41,0.0,4411.0,626479.41,622068.41,622068.41,6.817177052122327,False,1.0,1.0,1.0,True,True
2018,SP,2555,KIM PATROCA KATAGUIRI,DEM,1,0.0,0.0,225538.99,65767.0,14190.0,305495.99,225538.99,291305.99,6.817177052122327,False,0.0,0.0,0.0,True,True
2018,SP,2577,ADRIANO ELI CORRÊA,DEM,1,664400.0,62200.0,201277.84,0.0,0.0,263477.83999999997,263477.83999999997,263477.83999999997,6.817177052122327,False,1.0,1.0,1.0,True,True
2018,SP,1515,LUIZ FELIPE BALEIA TENUTO ROSSI,MDB,1,1600000.0,0.0,2000.0,0.0,0.0,2000.0,2000.0,2000.0,9.206030712268593,False,1.0,1.0,1.0,False,False
2018,SP,1551,HERCULANO CASTILHO PASSOS JUNIOR,MDB,1,1500000.0,2000.0,3500.0,0.0,3916.66,9416.66,5500.0,5500.0,9.206030712268593,False,1.0,1.0,1.0,False,False
2018,SP,3000,ALEXIS JOSEPH STEVERLYNCK FONTEYNE,NOVO,1,817.8,52220.0,49296.52,12974.0,0.0,114490.51999999999,101516.51999999999,114490.51999999999,9.97732158325794,False,0.5,1.0,1.0,False,False
2018,SP,3030,VINICIUS LAZZER POIT,NOVO,1,0.0,0.0,1160079.95,93968.02,29000.0,1283047.97,1160079.95,1254047.97,9.97732158325794,False,0.0,0.0,0.0,True,True
2018,SP,3050,ADRIANA MIGUEL VENTURA,NOVO,1,817.8,100000.0,169776.87,6180.0,118300.55,394257.42,269776.87,275956.87,9.97732158325794,False,0.5,1.0,1.0,True,True
2018,SP,6565,ORLANDO SILVA DE JESUS JUNIOR,PC DO B,1,1049136.63,0.0,202701.15,2903.3,158067.0,363671.44999999995,202701.15,205604.44999999998,1.0011580565942644,False,1.0,1.0,1.0,True,True
2018,SP,1200,TABATA CLAUDIA AMARAL DE PONTES,PDT,1,100000.0,0.0,1131593.6,58103.0,1000.0,1190696.6,1131593.6,1189696.6,5.190360293232422,False,1.0,1.0,1.0,True,True
2018,SP,1919,RENATA HELLMEISTER DE ABREU,PODE,1,2030159.55,0.0,0.0,0.0,0.0,0.0,0.0,0.0,5.166750526941487,False,1.0,1.0,1.0,False,False
2018,SP,1920,MARCO ANTONIO FELICIANO,PODE,1,1289772.55,0.0,0.0,0.0,0.0,0.0,0.0,0.0,5.166750526941487,False,1.0,1.0,1.0,False,False
2018,SP,1999,ROBERTO ALVES DE LUCENA,PODE,1,981000.0,10000.0,203938.0,0.0,50000.0,263938.0,213938.0,213938.0,5.166750526941487,False,1.0,1.0,1.0,True,True
2018,SP,1100,GUILHERME MUSSI FERREIRA,PP,1,1767386.0,0.0,0.0,0.0,6015.0,6015.0,0.0,0.0,4.9101005908377475,False,1.0,1.0,1.0,False,False
2018,SP,1111,RICARDO IZAR JUNIOR,PP,1,1960692.0,209950.0,108500.0,0.0,9485.0,327935.0,318450.0,318450.0,4.9101005908377475,False,1.0,1.0,1.0,True,True
2018,SP,1123,FAUSTO RUY PINATO,PP,1,1890692.0,225.0,33132.31,0.0,5775.61,39132.92,33357.31,33357.31,4.9101005908377475,False,1.0,1.0,1.0,False,False
2018,SP,1190,GUILHERME MURARO DERRITE,PP,1,750000.0,0.0,52500.0,0.0,40000.0,92500.0,52500.0,52500.0,4.9101005908377475,False,0.0,1.0,1.0,False,False
2018,SP,2343,ALEX SPINELLI MANENTE,PPS,1,1227228.11,104000.0,18000.0,0.0,21575.0,143575.0,122000.0,122000.0,4.333380215379249,False,1.0,1.0,1.0,True,True
2018,SP,2345,ARNALDO CALIL PEREIRA JARDIM,PPS,1,1228028.11,0.0,1069969.99,0.0,0.0,1069969.99,1069969.99,1069969.99,4.333380215379249,False,1.0,1.0,1.0,True,True
2018,SP,2200,JOSÉ AUGUSTO ROSA,PR,1,2167132.75,7620.0,17600.0,0.0,0.0,25220.0,25220.0,25220.0,14.631172583326654,False,1.0,1.0,1.0,False,False
2018,SP,2222,FRANCISCO EVERARDO OLIVEIRA SILVA,PR,1,1203200.0,0.0,0.0,0.0,0.0,0.0,0.0,0.0,14.631172583326654,False,1.0,1.0,1.0,False,False
2018,SP,2233,PAULO ROBERTO FREIRE DA COSTA,PR,1,2091765.71,0.0,2500.0,0.0,0.0,2500.0,2500.0,2500.0,14.631172583326654,False,1.0,1.0,1.0,False,False
2018,SP,2240,KATIA DA SILVA SASTRE,PR,1,1100000.0,2000.0,2000.0,0.0,0.0,4000.0,4000.0,4000.0,14.631172583326654,False,1.0,1.0,1.0,False,False
2018,SP,2244,LUIZ CARLOS MOTTA,PR,1,1707505.0,132000.0,0.0,0.0,0.0,132000.0,132000.0,132000.0,14.631172583326654,False,1.0,1.0,1.0,False,True
2018,SP,2277,MIGUEL LOMBARDI,PR,1,1912383.75,600.0,64500.0,0.0,9190.0,74290.0,65100.0,65100.0,14.631172583326654,False,1.0,1.0,1.0,False,False
2018,SP,2299,MARCIO LUIZ ALVINO DE SOUZA,PR,1,958855.0,13.2,0.0,0.0,0.0,13.2,13.2,13.2,14.631172583326654,False,1.0,1.0,1.0,False,False
2018,SP,1000,CELSO UBIRAJARA RUSSOMANNO,PRB,1,2028000.0,27500.989999999998,14925.0,0.0,87107.85,129533.84,42425.99,42425.99,17.367070818903656,False,1.0,1.0,1.0,False,False
2018,SP,1010,MARCOS ANTONIO PEREIRA,PRB,1,2480399.0,0.0,15491.0,0.0,323.48,15814.48,15491.0,15491.0,17.367070818903656,False,1.0,1.0,1.0,False,False
2018,SP,1022,MARIA DO PARTO MENDES ROSAS,PRB,1,2423442.36,0.0,0.0,0.0,0.0,0.0,0.0,0.0,17.367070818903656,False,1.0,1.0,1.0,False,False
2018,SP,1055,MILTON VIEIRA PINTO,PRB,1,1303885.8599999999,0.0,16000.0,0.0,0.0,16000.0,16000.0,16000.0,17.367070818903656,False,1.0,1.0,1.0,False,False
2018,SP,1078,BENEDITO ROBERTO ALVES FERREIRA,PRB,1,1241710.8599999999,3000.0,52500.0,0.0,0.0,55500.0,55500.0,55500.0,17.367070818903656,False,1.0,1.0,1.0,False,False
2018,SP,1085,VINICIUS RAPOZO DE CARVALHO,PRB,1,1221650.5,0.0,20000.0,1640.0,0.0,21640.0,20000.0,21640.0,17.367070818903656,False,1.0,1.0,1.0,False,False
2018,SP,4001,LUIZ FLAVIO GOMES,PSB,1,0.0,1590000.0,7950.0,0.0,4578.24,1602528.24,1597950.0,1597950.0,9.31639483722389,False,0.0,0.0,0.0,True,True
2018,SP,4015,RODRIGO ANTONIO DE AGOSTINHO MENDONÇA,PSB,1,100000.0,671.37,143600.0,410.0,2675.71,147357.08,144271.37,144681.37,9.31639483722389,False,0.0,0.0,0.0,True,True
2018,SP,4044,JEFFERSON ALVES DE CAMPOS,PSB,1,1300000.0,5350.0,28646.0,0.0,8600.0,42596.0,33996.0,33996.0,9.31639483722389,False,1.0,1.0,1.0,False,False
2018,SP,4077,ROSANA DE OLIVEIRA VALLE,PSB,1,339982.5,0.0,32200.0,0.0,4965.75,37165.75,32200.0,32200.0,9.31639483722389,False,1.0,1.0,1.0,False,False
2018,SP,2020,GILBERTO NASCIMENTO SILVA,PSC,1,1190000.0,0.0,20000.0,0.0,81060.71,101060.71,20000.0,20000.0,1.474072106765819,False,1.0,1.0,1.0,False,False
2018,SP,5500,MARCO AURELIO BERTAIOLLI,PSD,1,1200000.0,0.0,204725.41,0.0,4222.849999999999,208948.26,204725.41,204725.41,9.953424919535832,False,1.0,1.0,1.0,True,True
2018,SP,5577,ANTONIO CEZAR CORREIA FREIRE,PSD,1,1050000.0,7247.6900000000005,6000.0,0.0,0.0,13247.69,13247.69,13247.69,9.953424919535832,False,1.0,1.0,1.0,False,False
2018,SP,4500,CARLOS HENRIQUE FOCESI SAMPAIO,PSDB,1,0.0,35000.0,1783186.48,0.0,480.0,1818666.48,1818186.48,1818186.48,18.6483399523665,False,0.0,0.0,0.0,True,True
2018,SP,4510,VITOR LIPPI,PSDB,1,1000000.0,0.0,69500.0,6728.0,1000.0,77228.0,69500.0,76228.0,18.6483399523665,False,1.0,1.0,1.0,False,False
2018,SP,4515,EDUARDO PEDROSA CURY,PSDB,1,502250.0,0.0,340000.0,0.0,0.0,340000.0,340000.0,340000.0,18.6483399523665,False,1.0,1.0,1.0,True,True
2018,SP,4551,VANDERLEI MACRIS,PSDB,1,1300000.0,135200.0,767821.0,14545.0,0.0,917566.0,903021.0,917566.0,18.6483399523665,False,1.0,1.0,1.0,True,True
2018,SP,4580,SAMUEL MOREIRA DA SILVA JÚNIOR,PSDB,1,700000.0,0.0,441350.49,0.0,515000.0,956350.49,441350.49,441350.49,18.6483399523665,False,1.0,1.0,1.0,True,True
2018,SP,4585,BRUNA DIAS FURLAN,PSDB,1,1807476.59,0.0,699900.0,0.0,0.0,699900.0,699900.0,699900.0,18.6483399523665,False,1.0,1.0,1.0,True,True
2018,SP,1700,MARCIO TADEU ANHAIA DE LEMOS,PSL,1,3975.24,29500.0,1000.0,36040.0,0.0,66540.0,30500.0,66540.0,15.770774874969328,False,0.0,0.0,0.0,False,False
2018,SP,1701,PAULO SERGIO ABOU ANNI,PSL,1,18474.57,325510.0,103060.0,0.0,0.0,428570.0,428570.0,428570.0,15.770774874969328,False,1.0,1.0,1.0,True,True
2018,SP,1702,LUIZ PHILIPPE DE ORLEANS BRAGANÇA,PSL,1,0.0,62000.0,110000.0,24625.24,0.0,196625.24,172000.0,196625.24,15.770774874969328,False,0.0,0.0,0.0,True,True
2018,SP,1710,CARLA ZAMBELLI SALGADO,PSL,1,25480.239999999998,141.8,462744.72,29101.85,0.0,491988.36999999994,462886.51999999996,491988.36999999994,15.770774874969328,False,1.0,1.0,1.0,True,True
2018,SP,1717,ROBERTO SEBASTIÃO PETERNELLI JUNIOR,PSL,1,6000.0,8712.880000000001,30850.0,7000.0,0.0,46562.880000000005,39562.880000000005,46562.880000000005,15.770774874969328,False,0.0,0.0,0.0,False,False
2018,SP,1720,EDUARDO NANTES BOLSONARO,PSL,1,73093.04000000001,7000.0,12900.0,25337.54,100000.0,145237.54,19900.0,45237.54,15.770774874969328,False,1.0,1.0,1.0,True,False
2018,SP,1770,NICOLINO BOZZELLA JUNIOR,PSL,1,0.0,225000.0,167500.0,0.0,0.0,392500.0,392500.0,392500.0,15.770774874969328,False,0.0,0.0,0.0,True,True
2018,SP,1771,JOICE CRISTINA HASSELMANN,PSL,1,110300.32,0.0,136950.0,15342.0,0.0,152292.0,136950.0,152292.0,15.770774874969328,False,1.0,1.0,1.0,True,True
2018,SP,1777,ALEXANDRE FROTA DE ANDRADE,PSL,1,5300.32,0.0,19457.97,0.0,0.0,19457.97,19457.97,19457.97,15.770774874969328,False,0.0,0.0,0.0,False,False
2018,SP,1790,JOSÉ GUILHERME NEGRÃO PEIXOTO,PSL,1,3975.24,121689.08,9900.0,0.0,2420.0,134009.08000000002,131589.08000000002,131589.08000000002,15.770774874969328,False,0.0,0.0,0.0,True,True
2018,SP,5000,SAMIA DE SOUZA BOMFIM,PSOL,1,110080.92,54832.0,102883.13,82843.0,18681.54,259239.67,157715.13,240558.13,5.808881393235922,False,1.0,1.0,1.0,True,True
2018,SP,5021,LUIZA ERUNDINA DE SOUSA,PSOL,1,298597.53,1502.3,19980.0,5216.0,1437.5,28135.8,21482.3,26698.3,5.808881393235922,False,1.0,1.0,1.0,False,False
2018,SP,5050,IVAN VALENTE,PSOL,1,303855.53,121000.0,150021.28,11961.0,0.0,282982.28,271021.28,282982.28,5.808881393235922,False,1.0,1.0,1.0,True,True
2018,SP,1313,RUI GOETHE DA COSTA FALCÃO,PT,1,902809.43,8000.0,139250.0,16350.0,82.5,163682.5,147250.0,163600.0,23.88235737247483,False,1.0,1.0,1.0,True,True
2018,SP,1322,ARLINDO CHIGNALIA JUNIOR,PT,1,1102796.23,353500.0,285164.0,900.0,1258.85,640822.85,638664.0,639564.0,23.88235737247483,False,1.0,1.0,1.0,True,True
2018,SP,1353,NILTO IGNACIO TATTO,PT,1,902796.23,289620.69,104790.0,2404.0,5245.2,402059.89,394410.69,396814.69,23.88235737247483,False,1.0,1.0,1.0,True,True
2018,SP,1354,ALEXANDRE ROCHA SANTOS PADILHA,PT,1,902796.23,0.0,101864.0,31671.0,200.0,133735.0,101864.0,133535.0,23.88235737247483,False,1.0,1.0,1.0,True,False
2018,SP,1358,ALENCAR SANTANA BRAGA,PT,1,516796.23,3547.04,155864.0,1550.0,6670.849999999999,167631.89,159411.04,160961.04,23.88235737247483,False,1.0,1.0,1.0,True,True
2018,SP,1370,CARLOS ALBERTO ROLIM ZARATTINI,PT,1,902796.23,29000.0,429303.7,21010.0,0.0,479313.7,458303.7,479313.7,23.88235737247483,False,1.0,1.0,1.0,True,True
2018,SP,1390,VICENTE PAULO DA SILVA,PT,1,902796.23,6915.59,21400.0,1510.0,8205.85,38031.44,28315.59,29825.59,23.88235737247483,False,1.0,1.0,1.0,False,False
2018,SP,1398,LUIZ PAULO TEIXEIRA FERREIRA,PT,1,902796.23,794.3,857989.99,20118.0,2300.0,881202.29,858784.29,878902.29,23.88235737247483,False,1.0,1.0,1.0,True,True
2018,SP,4336,ENRICO VAN BLARCUM DE GRAAFF MISASI,PV,1,100000.0,5000.0,266353.02,12069.0,0.0,283422.02,271353.02,283422.02,6.021361427836157,False,0.5,0.5,1.0,True,True
2018,SP,7777,PAULO PEREIRA DA SILVA,SOLIDARIEDADE,1,961890.27,0.0,45700.0,0.0,0.0,45700.0,45700.0,45700.0,9.326822337349343,False,1.0,1.0,1.0,False,False
2018,TO,2525,CARLOS HENRIQUE AMORIM,DEM,1,781912.0,24976.15,22000.0,0.0,200000.0,246976.15,46976.15,46976.15,1.683594551994694,False,0.0,1.0,1.0,True,False
2018,TO,2580,MARIA AUXILIADORA SEABRA REZENDE,DEM,1,1978658.0,0.0,2000.0,2000.0,200000.0,204000.0,2000.0,4000.0,1.683594551994694,False,1.0,1.0,1.0,True,False
2018,TO,1511,DULCE FERREIRA PAGANI MIRANDA,MDB,1,2360000.0,2800.0,5500.0,0.0,100500.0,108800.0,8300.0,8300.0,1.0,False,1.0,1.0,1.0,False,False
2018,TO,2222,VICENTE ALVES DE OLIVEIRA JUNIOR,PR,1,850000.0,8000.0,234500.0,0.0,299984.0,542484.0,242500.0,242500.0,1.0470327846175127,False,1.0,1.0,1.0,True,True
2018,TO,2020,OSIRES RODRIGUES DAMASO,PSC,1,281824.73,234184.49,2500.0,0.0,8530.87,245215.36,236684.49,236684.49,1.0,False,1.0,1.0,1.0,True,True
2018,TO,1303,CELIO ALVES DE MOURA,PT,1,376150.0,9100.0,41100.0,0.0,32695.34,82895.34,50200.0,50200.0,2.17419631322219,False,1.0,1.0,1.0,False,False
2018,TO,7700,ELI DIAS BORGES,SOLIDARIEDADE,1,887252.0,0.0,3000.0,0.0,225020.05,228020.05,3000.0,3000.0,1.9776821077317193,False,1.0,1.0,1.0,True,False
2018,TO,7788,TIAGO BRAGA PEREIRA,SOLIDARIEDADE,1,716848.0,1060014.9,170858.14,0.0,0.0,1230873.04,1230873.04,1230873.04,1.9776821077317193,False,0.0,1.0,1.0,True,True
2022,AC,1101,MARIA DO SOCORRO NERI MEDEIROS DE SOUZA,PP,1,1090000.0,0.0,42000.0,0.0,0.0,42000.0,42000.0,42000.0,7.449666951323655,False,1.0,1.0,1.0,False,False
2022,AC,1111,GEHLEN DINIZ ANDRADE,PP,1,680000.0,0.0,251700.0,0.0,0.0,251700.0,251700.0,251700.0,7.449666951323655,False,1.0,1.0,1.0,True,True
2022,AC,1122,JOSÉ ESTEPHAN BARBARY FILHO,PP,1,480000.0,0.0,71648.0,0.0,0.0,71648.0,71648.0,71648.0,7.449666951323655,False,1.0,1.0,1.0,False,False
2022,AC,1000,ANTÔNIA LUCILEIA CRUZ RAMOS CAMARA,REPUBLICANOS,1,2500000.0,41400.0,201500.35,0.0,0.0,242900.35,242900.35,242900.35,3.4949007928666194,False,1.0,1.0,1.0,True,True
2022,AC,1010,ROBERTO DUARTE JUNIOR,REPUBLICANOS,1,775000.0,20240.0,12000.0,0.0,0.0,32240.0,32240.0,32240.0,3.4949007928666194,False,1.0,1.0,1.0,False,False
2022,AC,4422,ULYSSES FREITAS PEREIRA DE ARAUJO,UNIAO,1,1500000.0,34000.0,22300.38,0.0,10000.0,66300.38,56300.380000000005,56300.380000000005,7.624442780635299,False,1.0,1.0,1.0,False,False
2022,AC,4455,ROZIMEIRE RIBEIRO ANDRADE,UNIAO,1,1500000.0,100000.0,627165.0,0.0,0.0,727165.0,727165.0,727165.0,7.624442780635299,False,1.0,1.0,1.0,True,True
2022,AC,4488,EDUARDO OVIDIO BORGES DE VELLOSO VIANNA,UNIAO,1,1500000.0,100000.0,0.0,0.0,0.0,100000.0,100000.0,100000.0,7.624442780635299,False,1.0,1.0,1.0,False,False
2022,AL,1510,RAFAEL DE GOES BRITO,MDB,1,400000.0,12385.0,120000.0,0.0,300000.0,432385.0,132385.0,132385.0,5.350270026106907,False,0.0,0.0,0.0,True,True
2022,AL,1515,ISNALDO BULHÕES BARROS JÚNIOR,MDB,1,2542300.0,0.0,696000.0,0.0,0.0,696000.0,696000.0,696000.0,5.350270026106907,False,1.0,1.0,1.0,True,True
2022,AL,1111,ARTHUR CESAR PEREIRA DE LIRA,PP,1,3150000.0,4000.0,17500.0,0.0,0.0,21500.0,21500.0,21500.0,8.525310700212186,False,1.0,1.0,1.0,False,False
2022,AL,1155,DANIEL BARBOSA DE ALMEIDA SILVA,PP,1,2300000.0,0.0,96114.58,0.0,0.0,96114.58,96114.58,96114.58,8.525310700212186,False,1.0,1.0,1.0,False,False
2022,AL,1190,FABIO MICHEY COSTA DA SILVA,PP,1,1600000.0,44544.299999999996,28691.52,0.0,0.0,73235.81999999999,73235.81999999999,73235.81999999999,8.525310700212186,False,1.0,1.0,1.0,False,False
2022,AL,1199,MARX BELTRÃO LIMA SIQUEIRA,PP,1,2500000.0,0.0,50100.0,0.0,0.0,50100.0,50100.0,50100.0,8.525310700212186,False,1.0,1.0,1.0,False,False
2022,AL,1313,PAULO FERNANDO DOS SANTOS,PT,1,1800000.0,0.0,7150.0,0.0,0.0,7150.0,7150.0,7150.0,1.2302000548095369,False,1.0,1.0,1.0,False,False
2022,AL,4343,LUCIANO SURUAGY DO AMARAL FILHO,PV,1,30489.0,88535.02,222500.0,0.0,0.0,311035.02,311035.02,311035.02,5.025736704331891,False,0.0,0.0,1.0,True,True
2022,AL,4444,ALFREDO GASPAR DE MENDONÇA NETO,UNIAO,1,2073549.72,0.0,15000.0,0.0,0.0,15000.0,15000.0,15000.0,4.715046624330452,False,1.0,1.0,1.0,False,False
2022,AM,2323,AMOM MANDEL LINS FILHO,CIDADANIA,1,30000.0,10000.0,448232.7,0.0,9000.0,467232.7,458232.7,458232.7,3.448687350835322,False,0.0,0.0,0.0,True,True
2022,AM,2210,ALBERTO BARROS CAVALCANTE NETO,PL,1,1051771.67,0.0,44412.0,0.0,6988.75,51400.75,44412.0,44412.0,3.332435033263789,False,1.0,1.0,1.0,False,False
2022,AM,5525,ATILA SIDNEY LINS DE ALBUQUERQUE,PSD,1,1662500.0,77260.0,14000.0,0.0,0.0,91260.0,91260.0,91260.0,6.413768476703733,False,1.0,1.0,1.0,False,False
2022,AM,5555,SIDNEY RICARDO DE OLIVEIRA LEITE,PSD,1,2400000.0,7000.0,10656.8,0.0,0.0,17656.8,17656.8,17656.8,6.413768476703733,False,1.0,1.0,1.0,False,False
2022,AM,1000,ADAIL JOSÉ FIGUEIREDO PINHEIRO,REPUBLICANOS,1,1778600.0,0.0,52020.0,0.0,0.0,52020.0,52020.0,52020.0,3.4760809003886926,False,1.0,1.0,1.0,False,False
2022,AM,1010,SILAS CÂMARA,REPUBLICANOS,1,3061097.39,0.0,48500.0,0.0,0.0,48500.0,48500.0,48500.0,3.4760809003886926,False,1.0,1.0,1.0,False,False
2022,AM,4455,SAULLO VELAME VIANNA,UNIAO,1,2589079.17,0.0,45230.479999999996,0.0,5100.0,50330.479999999996,45230.479999999996,45230.479999999996,7.784706602462246,False,1.0,1.0,1.0,False,False
2022,AM,4477,FAUSTO VIEIRA DOS SANTOS JÚNIOR,UNIAO,1,2565285.71,0.0,63623.0,0.0,0.0,63623.0,63623.0,63623.0,7.784706602462246,False,1.0,1.0,1.0,False,False
2022,AP,1510,JOSÉ AUGUSTO PUPIO REIS JÚNIOR,MDB,1,450000.0,1800.0,5000.0,0.0,0.0,6800.0,6800.0,6800.0,6.2422738133020355,False,1.0,1.0,1.0,False,False
2022,AP,1515,ACÁCIO DA SILVA FAVACHO NETO,MDB,1,1620000.0,14000.0,190422.0,0.0,5625.0,210047.0,204422.0,204422.0,6.2422738133020355,False,1.0,1.0,1.0,True,True
2022,AP,1212,JOSENILDO SANTOS ABRANTES,PDT,1,519660.0,0.0,18250.0,0.0,0.0,18250.0,18250.0,18250.0,7.770198601059861,False,1.0,1.0,1.0,False,False
2022,AP,1222,DORINALDO BARBOSA MALAFAIA,PDT,1,262060.0,0.0,1500.0,0.0,0.0,1500.0,1500.0,1500.0,7.770198601059861,False,1.0,1.0,1.0,False,False
2022,AP,1234,MARIA GORETH DA SILVA E SOUSA,PDT,1,198180.0,27000.0,58000.0,0.0,0.0,85000.0,85000.0,85000.0,7.770198601059861,False,1.0,1.0,1.0,False,False
2022,AP,2210,SILVIA NOBRE LOPES,PL,1,126000.0,0.0,1100.0,0.0,0.0,1100.0,1100.0,1100.0,7.3075054244275135,False,0.0,0.0,0.0,False,False
2022,AP,2222,VINICIUS DE AZEVEDO GURGEL,PL,1,1000000.0,0.0,0.0,0.0,0.0,0.0,0.0,0.0,7.3075054244275135,False,1.0,1.0,1.0,False,False
2022,AP,2225,SONIZE PIMENTEL DOS SANTOS BARBOSA,PL,1,1000000.0,13000.0,8931.0,0.0,0.0,21931.0,21931.0,21931.0,7.3075054244275135,False,1.0,1.0,1.0,False,False
2022,BA,7000,MANOEL ISIDÓRIO DE SANTANA JÚNIOR,AVANTE,1,1750000.0,2200.0,33800.0,0.0,17000.0,53000.0,36000.0,36000.0,5.645451358724224,False,1.0,1.0,1.0,False,False
2022,BA,1555,RICARDO MAIA CHAVES DE SOUZA,MDB,1,384808.47,297459.27,428900.0,0.0,0.0,726359.27,726359.27,726359.27,4.40557401294181,False,1.0,1.0,1.0,True,True
2022,BA,6522,ALICE MAZZUCO PORTUGAL,PC DO B,1,3064725.27,35396.0,25568.0,0.0,500.0,61464.0,60964.0,60964.0,2.075017979067653,False,1.0,1.0,1.0,False,False
2022,BA,6565,DANIEL GOMES DE ALMEIDA,PC DO B,1,2856685.71,20000.0,118220.35,0.0,181.31,138401.66,138220.35,138220.35,2.075017979067653,False,1.0,1.0,1.0,False,True
2022,BA,1234,FELIX DE ALMEIDA MENDONCA JUNIOR,PDT,1,1370000.0,0.0,0.0,0.0,0.0,0.0,0.0,0.0,9.35630649901071,False,1.0,1.0,1.0,False,False
2022,BA,1244,LEONARDO SILVA PRATES,PDT,1,1100502.43,0.0,98000.0,0.0,0.0,98000.0,98000.0,98000.0,9.35630649901071,False,1.0,1.0,1.0,False,False
2022,BA,2222,ROBERTA DE ARAÚJO COSTA ROMA,PL,1,1157334.16,0.0,84650.0,2096.2200000000003,62000.0,148746.22,84650.0,86746.22,9.69425296079729,False,1.0,1.0,1.0,True,False
2022,BA,2238,ALDEN JOSÉ LÁZARO DA SILVA,PL,1,807309.62,0.0,0.0,0.0,0.0,0.0,0.0,0.0,9.69425296079729,False,1.0,1.0,1.0,False,False
2022,BA,2288,JOÃO CARLOS PAOLILO BACELAR FILHO,PL,1,507334.16000000003,110000.0,400000.0,0.0,16925.0,526925.0,510000.0,510000.0,9.69425296079729,False,1.0,1.0,1.0,True,True
2022,BA,1919,RAIMUNDO MAGALHÃES COSTA,PODE,1,1000000.0,0.0,129000.0,0.0,0.0,129000.0,129000.0,129000.0,14.161221509026637,False,1.0,1.0,1.0,False,True
2022,BA,1111,MÁRIO SÍLVIO MENDES NEGROMONTE JÚNIOR,PP,1,2250000.0,0.0,0.0,0.0,0.0,0.0,0.0,0.0,13.27346254832368,False,1.0,1.0,1.0,False,False
2022,BA,1115,JOÃO FELIPE DE SOUZA LEÃO,PP,1,2000000.0,0.0,367500.0,0.0,0.0,367500.0,367500.0,367500.0,13.27346254832368,False,1.0,1.0,1.0,True,True
2022,BA,1122,CLAUDIO CAJADO SAMPAIO,PP,1,2450000.0,0.0,80000.0,0.0,3570.33,83570.33,80000.0,80000.0,13.27346254832368,False,1.0,1.0,1.0,False,False
2022,BA,1144,ORLANDO SULZ DE ALMEIDA NETO,PP,1,2050000.0,8740.0,33373.66,0.0,0.0,42113.66,42113.66,42113.66,13.27346254832368,False,1.0,1.0,1.0,False,False
2022,BA,4040,LÍDICE DA MATA E SOUZA,PSB,1,3012143.84,0.0,55714.0,0.0,4876.57,60590.57,55714.0,55714.0,3.151248317638818,False,1.0,1.0,1.0,False,False
2022,BA,5500,DIEGO HENRIQUE SILVA CERQUEIRA MARTINS,PSD,1,1724366.67,0.0,482000.0,0.0,298.5,482298.5,482000.0,482000.0,10.876176457338206,False,1.0,1.0,1.0,True,True
2022,BA,5510,ANTONIO LUIZ PARANHOS RIBEIRO LEITE DE BRITO,PSD,1,2024366.67,0.0,0.0,0.0,0.0,0.0,0.0,0.0,10.876176457338206,False,1.0,1.0,1.0,False,False
2022,BA,5529,PAULO SÉRGIO PARANHOS DE MAGALHÃES,PSD,1,1974366.67,50000.0,32000.0,0.0,0.0,82000.0,82000.0,82000.0,10.876176457338206,False,1.0,1.0,1.0,False,False
2022,BA,5577,GABRIEL JOSE MOURA NUNES SOARES,PSD,1,2024366.67,0.0,221270.0,0.0,0.0,221270.0,221270.0,221270.0,10.876176457338206,False,1.0,1.0,1.0,True,True
2022,BA,5580,SÉRGIO LUÍS LACERDA BRITO,PSD,1,2035366.67,0.0,0.0,0.0,3323.32,3323.32,0.0,0.0,10.876176457338206,False,1.0,1.0,1.0,False,False
2022,BA,5588,OTTO ROBERTO MENDONCA DE ALENCAR FILHO,PSD,1,1674366.67,21100.0,21000.0,0.0,0.0,42100.0,42100.0,42100.0,10.876176457338206,False,1.0,1.0,1.0,False,False
2022,BA,4545,ADOLFO VIANA DE CASTRO NETO,PSDB,1,2200700.0,0.0,50000.0,0.0,16000.0,66000.0,50000.0,50000.0,3.805180273638139,False,1.0,1.0,1.0,False,False
2022,BA,1300,IVONEIDE SOUZA CAETANO,PT,1,1766406.78,0.0,249031.13,0.0,4373.030000000001,253404.16,249031.13,249031.13,15.512890052380074,False,1.0,1.0,1.0,True,True
2022,BA,1301,AFONSO BANDEIRA FLORENCE,PT,1,1920000.0,11890.49,86200.0,4578.0,3516.5,106184.99,98090.49,102668.49,15.512890052380074,False,1.0,1.0,1.0,False,False
2022,BA,1310,VALMIR CARLOS DA ASSUNÇÃO,PT,1,2133327.01,0.0,63550.0,1714.0,1451.0,66715.0,63550.0,65264.0,15.512890052380074,False,1.0,1.0,1.0,False,False
2022,BA,1313,JORGE JOSE SANTOS PEREIRA SOLLA,PT,1,1920000.0,34159.0,100705.89,0.0,199.0,135063.89,134864.89,134864.89,15.512890052380074,False,1.0,1.0,1.0,False,True
2022,BA,1322,WALDENOR ALVES PEREIRA FILHO,PT,1,1930299.0,10850.0,17900.0,0.0,48441.29,77191.29000000001,28750.0,28750.0,15.512890052380074,False,1.0,1.0,1.0,False,False
2022,BA,1323,JOSÉ CERQUEIRA DE SANTANA NETO,PT,1,1828234.65,57000.0,99100.0,0.0,1524.0,157624.0,156100.0,156100.0,15.512890052380074,False,1.0,1.0,1.0,True,True
2022,BA,1361,JOSEILDO RIBEIRO RAMOS,PT,1,1930299.0,300100.0,96300.0,0.0,0.0,396400.0,396400.0,396400.0,15.512890052380074,False,1.0,1.0,1.0,True,True
2022,BA,4343,JOÃO CARLOS BACELAR BATISTA,PV,1,2113867.56,20000.0,134690.0,0.0,0.0,154690.0,154690.0,154690.0,1.251402600161489,False,1.0,1.0,1.0,True,True
2022,BA,1000,ROGERIA DE ALMEIDA PEREIRA DOS SANTOS,REPUBLICANOS,1,1011205.53,0.0,108700.0,0.0,0.0,108700.0,108700.0,108700.0,13.819603885140065,False,1.0,1.0,1.0,False,False
2022,BA,1010,MARCIO CARLOS MARINHO,REPUBLICANOS,1,1098042.42,10000.0,30000.0,0.0,0.0,40000.0,40000.0,40000.0,13.819603885140065,False,1.0,1.0,1.0,False,False
2022,BA,1023,ALEX MARCO SANTANA SOUSA,REPUBLICANOS,1,1665705.53,28200.0,4790.0,0.0,0.0,32990.0,32990.0,32990.0,13.819603885140065,False,1.0,1.0,1.0,False,False
2022,BA,4400,PAULO VELLOSO DANTAS AZI,UNIAO,1,2949764.9,10305.27,0.0,0.0,0.0,10305.27,10305.27,10305.27,19.77593783264402,False,1.0,1.0,1.0,False,False
2022,BA,4411,LEUR ANTONIO DE BRITTO LOMANTO JUNIOR,UNIAO,1,3011764.7,0.0,4000.0,0.0,0.0,4000.0,4000.0,4000.0,19.77593783264402,False,1.0,1.0,1.0,False,False
2022,BA,4412,ARTHUR DE OLIVEIRA MAIA DA SILVA,UNIAO,1,2799764.7,3138.89,218000.0,0.0,0.0,221138.89,221138.89,221138.89,19.77593783264402,False,1.0,1.0,1.0,True,True
2022,BA,4422,JOSÉ ALVES ROCHA,UNIAO,1,2961764.7,0.0,0.0,0.0,0.0,0.0,0.0,0.0,19.77593783264402,False,1.0,1.0,1.0,False,False
2022,BA,4433,ELMAR JOSE VIEIRA NASCIMENTO,UNIAO,1,2911764.7,0.0,150000.0,0.0,0.0,150000.0,150000.0,150000.0,19.77593783264402,False,1.0,1.0,1.0,True,True
2022,BA,4488,ADALBERTO ROSA BARRETO,UNIAO,1,2811764.7,132000.0,10000.0,0.0,0.0,142000.0,142000.0,142000.0,19.77593783264402,False,1.0,1.0,1.0,False,True
2022,CE,1533,EUNÍCIO LOPES DE OLIVEIRA,MDB,1,2672282.84,90000.0,203000.0,0.0,0.0,293000.0,293000.0,293000.0,3.5436763085474725,False,1.0,1.0,1.0,True,True
2022,CE,1213,ANTONIO IDILVAN DE LIMA ALENCAR,PDT,1,1400000.0,16319.06,23100.0,0.0,0.0,39419.06,39419.06,39419.06,9.164915648732523,False,1.0,1.0,1.0,False,False
2022,CE,1214,EDUARDO HENRIQUE MAIA BISMARCK,PDT,1,1200000.0,0.0,120000.0,2430.0,800.0,123230.0,120000.0,122430.0,9.164915648732523,False,1.0,1.0,1.0,False,False
2022,CE,1221,CARLOS MAURO BENEVIDES FILHO,PDT,1,1200000.0,22000.0,354000.0,0.0,800.0,376800.0,376000.0,376000.0,9.164915648732523,False,1.0,1.0,1.0,True,True
2022,CE,1233,MARCOS ROBÉRIO RIBEIRO MONTEIRO,PDT,1,1200000.0,10236.0,5500.0,0.0,0.0,15736.0,15736.0,15736.0,9.164915648732523,False,1.0,1.0,1.0,False,False
2022,CE,1234,ANDRÉ PEIXOTO FIGUEIREDO LIMA,PDT,1,1334170.0,18700.0,31000.0,0.0,800.0,50500.0,49700.0,49700.0,9.164915648732523,False,1.0,1.0,1.0,False,False
2022,CE,2211,YURY BRUNO ALENCAR ARAÚJO,PL,1,500000.0,18000.0,324654.08,0.0,0.0,342654.08,342654.08,342654.08,6.85948869585589,False,0.0,0.0,0.0,True,True
2022,CE,2222,ANDRÉ FERNANDES DE MOURA,PL,1,929941.9,10000.0,165300.0,0.0,0.0,175300.0,175300.0,175300.0,6.85948869585589,False,1.0,1.0,1.0,True,True
2022,CE,2255,ANTONIO LUIZ RODRIGUES MANO JUNIOR,PL,1,500000.0,36390.0,31100.0,0.0,0.0,67490.0,67490.0,67490.0,6.85948869585589,False,0.0,0.0,0.0,False,False
2022,CE,2277,JAZIEL PEREIRA DE SOUSA,PL,1,2125000.0,0.0,0.0,0.0,0.0,0.0,0.0,0.0,6.85948869585589,False,1.0,1.0,1.0,False,False
2022,CE,2299,MATHEUS SOARES NORONHA,PL,1,503024.48,0.0,216250.0,0.0,0.0,216250.0,216250.0,216250.0,6.85948869585589,False,0.0,1.0,1.0,True,True
2022,CE,1111,ANTONIO JOSÉ AGUIAR ALBUQUERQUE,PP,1,1111140.0,10000.0,5000.0,0.0,3478.95,18478.95,15000.0,15000.0,6.835913459988795,False,1.0,1.0,1.0,False,False
2022,CE,5511,CÉLIO STUDART BARBOSA,PSD,1,1100000.0,140000.0,203320.09,0.0,800.0,344120.08999999997,343320.08999999997,343320.08999999997,7.762879105995706,False,1.0,1.0,1.0,True,True
2022,CE,5533,LUIZ GASTÃO BITTENCOURT DA SILVA,PSD,1,500000.0,50000.0,616500.0,0.0,800.0,667300.0,666500.0,666500.0,7.762879105995706,False,1.0,1.0,1.0,True,True
2022,CE,5555,DOMINGOS GOMES DE AGUIAR NETO,PSD,1,1100000.0,5000.0,60800.0,0.0,800.0,66600.0,65800.0,65800.0,7.762879105995706,False,1.0,1.0,1.0,False,False
2022,CE,1313,LUIZIANNE DE OLIVEIRA LINS,PT,1,2310000.0,0.0,4000.0,0.0,7481.42,11481.42,4000.0,4000.0,5.166959947935654,False,1.0,1.0,1.0,False,False
2022,CE,1322,JOSE NOBRE GUIMARAES,PT,1,1800000.0,60000.0,187225.17,0.0,4141.33,251366.5,247225.17,247225.17,5.166959947935654,False,1.0,1.0,1.0,True,True
2022,CE,1333,JOSE AIRTON FELIX CIRILO DA SILVA,PT,1,1800000.0,0.0,0.0,0.0,5047.900000000001,5047.900000000001,0.0,0.0,5.166959947935654,False,1.0,1.0,1.0,False,False
2022,CE,4447,FRANCISCO DANILO BASTOS FORTE,UNIAO,1,2675148.19,0.0,250000.0,0.0,0.0,250000.0,250000.0,250000.0,12.949579270461575,False,1.0,1.0,1.0,True,True
2022,CE,4456,DAYANY BITTENCOURT SANTIL,UNIAO,1,2900000.0,0.0,0.0,0.0,6162.9,6162.9,0.0,0.0,12.949579270461575,False,1.0,1.0,1.0,False,False
2022,CE,4477,FERNANDA ENEIDA PESSOA CARACAS DE SOUZA,UNIAO,1,2465286.49,0.0,23000.0,0.0,6162.9,29162.9,23000.0,23000.0,12.949579270461575,False,1.0,1.0,1.0,False,False
2022,CE,4488,MOSES HAENDEL MELO RODRIGUES,UNIAO,1,2750000.0,30000.0,25000.0,0.0,0.0,55000.0,55000.0,55000.0,12.949579270461575,False,1.0,1.0,1.0,False,False
2022,DF,1515,RAFAEL CAVALCANTI PRUDENTE,MDB,1,2566343.95,0.0,481809.87,0.0,0.0,481809.87,481809.87,481809.87,3.734783292941859,False,1.0,1.0,1.0,True,True
2022,DF,2222,BEATRIZ KICIS TORRENTS DE SORDI,PL,1,2008750.0,0.0,118675.09,0.0,0.0,118675.09,118675.09,118675.09,4.065536105106736,False,1.0,1.0,1.0,False,False
2022,DF,2225,JOÃO ALBERTO FRAGA SILVA,PL,1,1500000.0,4000.0,306000.0,0.0,0.0,310000.0,310000.0,310000.0,4.065536105106736,False,1.0,1.0,1.0,True,True
2022,DF,1331,ERIKA JUCÁ KOKAY,PT,1,2313500.0,19700.0,276310.0,5532.0,13701.63,315243.63,296010.0,301542.0,2.4447947030945496,False,1.0,1.0,1.0,True,True
2022,DF,4343,REGINALDO VERAS COELHO,PV,1,709998.7,0.0,128800.0,0.0,208240.27,337040.27,128800.0,128800.0,1.4612567963872953,False,1.0,1.0,1.0,True,True
2022,DF,1010,JULIO CESAR RIBEIRO,REPUBLICANOS,1,1128826.03,20000.0,75500.0,0.0,5220.0,100720.0,95500.0,95500.0,7.008812396821059,False,1.0,1.0,1.0,False,False
2022,DF,1015,GILVAM MAXIMO,REPUBLICANOS,1,1176129.21,135719.4,124500.0,0.0,5220.0,265439.4,260219.4,260219.4,7.008812396821059,False,1.0,1.0,1.0,True,True
2022,DF,1020,DAVYS FREDERICO TEIXEIRA LINHARES,REPUBLICANOS,1,580160.01,0.0,20500.0,0.0,3810.0,24310.0,20500.0,20500.0,7.008812396821059,False,1.0,1.0,1.0,False,False
2022,ES,2222,GILVAN AGUIAR COSTA,PL,1,100000.0,0.0,12000.0,0.0,9855.0,21855.0,12000.0,12000.0,10.941661776381649,False,0.9,1.0,1.0,False,False
2022,ES,1900,VICTOR GAROZI LINHALIS,PODE,1,1415000.0,4000.0,13100.0,0.0,0.0,17100.0,17100.0,17100.0,7.507495333912962,False,1.0,1.0,1.0,False,False
2022,ES,1919,GILSON DANIEL BATISTA,PODE,1,1415000.0,0.0,56530.0,0.0,6161.34,62691.34,56530.0,56530.0,7.507495333912962,False,1.0,1.0,1.0,False,False
2022,ES,1111,JOSIAS MARIO DA VITÓRIA,PP,1,1707160.0,200546.76,572110.0,0.0,883.4,773540.16,772656.76,772656.76,8.796905544572555,False,1.0,1.0,1.0,True,True
2022,ES,1122,EVAIR VIEIRA DE MELO,PP,1,1707880.0,0.0,356060.0,0.0,0.0,356060.0,356060.0,356060.0,8.796905544572555,False,1.0,1.0,1.0,True,True
2022,ES,4040,PAULO ROBERTO FOLETTO,PSB,1,2500000.0,41678.94,5000.0,0.0,0.0,46678.94,46678.94,46678.94,6.850435913534024,False,1.0,1.0,1.0,False,False
2022,ES,1300,JACKELINE OLIVEIRA ROCHA,PT,1,926145.71,2500.0,0.0,0.0,14453.35,16953.35,2500.0,2500.0,2.948306201490935,False,1.0,1.0,1.0,False,False
2022,ES,1350,HELDER IGNÁCIO SALOMÃO,PT,1,1801685.71,0.0,10264.880000000001,0.0,630.0,10894.880000000001,10264.880000000001,10264.880000000001,2.948306201490935,False,1.0,1.0,1.0,False,False
2022,ES,1010,AMARO ROCHA NASCIMENTO NETO,REPUBLICANOS,1,2264999.9899999998,350.0,23360.0,0.0,405250.0,428960.0,23710.0,23710.0,5.505107542243422,False,1.0,1.0,1.0,True,False
2022,ES,1044,MANOEL MESSIAS DONATO BEZERRA,REPUBLICANOS,1,900000.0,80801.2,11250.0,0.0,2400.42,94451.62,92051.2,92051.2,5.505107542243422,False,1.0,1.0,1.0,False,False
2022,GO,1555,MARUSSA CASSIA FAVARO BOLDRIN,MDB,1,1041027.72,0.0,682250.0,0.0,0.0,682250.0,682250.0,682250.0,4.92543530471891,False,1.0,1.0,1.0,True,True
2022,GO,1599,CÉLIO ANTÔNIO DA SILVEIRA,MDB,1,2008027.72,65280.0,506000.0,0.0,4257.75,575537.75,571280.0,571280.0,4.92543530471891,False,1.0,1.0,1.0,True,True
2022,GO,1212,FLÁVIA CARREIRO ALBUQUERQUE MORAIS,PDT,1,2646500.0,0.0,201024.35,0.0,0.0,201024.35,201024.35,201024.35,1.9891263647417514,False,1.0,1.0,1.0,True,True
2022,GO,2210,GUSTAVO GAYER MACHADO DE ARAUJO,PL,1,0.0,40000.0,12709.1,69229.83,0.0,121938.93,52709.1,121938.93,4.003391073228852,False,0.0,0.0,0.0,False,False
2022,GO,2222,MAGDA MOFATTO HON,PL,1,2700000.0,315750.0,145500.0,0.0,0.0,461250.0,461250.0,461250.0,4.003391073228852,False,1.0,1.0,1.0,True,True
2022,GO,2250,ALCIDES RIBEIRO FILHO,PL,1,1000000.0,310000.0,14000.0,0.0,0.0,324000.0,324000.0,324000.0,4.003391073228852,False,1.0,1.0,1.0,True,True
2022,GO,2255,DANIEL VIEIRA RAMOS,PL,1,350000.0,300000.0,686788.98,0.0,3108.1,989897.08,986788.98,986788.98,4.003391073228852,False,0.0,0.0,0.3333333333333333,True,True
2022,GO,1111,ADRIANO ANTONIO AVELAR,PP,1,2087137.5,110000.0,411400.0,0.0,19500.0,540900.0,521400.0,521400.0,6.274406356749143,False,1.0,1.0,1.0,True,True
2022,GO,1123,JOSÉ NELTO LAGARES DAS MERCÊZ,PP,1,2179505.5,314250.39,152056.8,0.0,4.43,466311.62,466307.19,466307.19,6.274406356749143,False,1.0,1.0,1.0,True,True
2022,GO,2022,GLAUSKSTON BATISTA RIOS,PSC,1,3160000.0,6124.5,1300.0,0.0,100725.0,108149.5,7424.5,7424.5,3.6600468964319797,False,1.0,1.0,1.0,False,False
2022,GO,5500,ISMAEL ALEXANDRINO JUNIOR,PSD,1,200000.0,29000.0,481622.12,0.0,102750.0,613372.12,510622.12,510622.12,2.3886254224033405,False,0.0,0.0,0.0,True,True
2022,GO,4545,LÊDA BORGES DE MOURA,PSDB,1,2350000.0,7260.0,546000.0,0.0,0.0,553260.0,553260.0,553260.0,4.6510784854211495,False,1.0,1.0,1.0,True,True
2022,GO,1313,RUBENS OTONI GOMIDE,PT,1,1803498.0,0.0,49700.0,0.0,0.0,49700.0,49700.0,49700.0,3.3803644539829847,False,1.0,1.0,1.0,False,False
2022,GO,1331,ADRIANA SAUTHIER ACCORSI,PT,1,1050000.0,0.0,75500.0,26259.0,500.0,102259.0,75500.0,101759.0,3.3803644539829847,False,1.0,1.0,1.0,False,False
2022,GO,1010,JEFERSON RODRIGUES LEMOS,REPUBLICANOS,1,1032675.0,0.0,516077.87,0.0,0.0,516077.87,516077.87,516077.87,9.65651398039723,False,1.0,1.0,1.0,True,True
2022,GO,4444,SILVYE ALVES DA SILVA,UNIAO,1,3063683.9,60600.0,22605.04,0.0,0.0,83205.04000000001,83205.04000000001,83205.04000000001,3.993508416801346,False,1.0,1.0,1.0,False,False
2022,GO,4480,ZACARIAS CALIL HAMU,UNIAO,1,2373683.9,3150.0,102000.0,0.0,0.0,105150.0,105150.0,105150.0,3.993508416801346,False,1.0,1.0,1.0,False,False
2022,MA,1515,ROSEANA SARNEY MURAD,MDB,1,2500000.0,200000.0,448240.0,0.0,0.0,648240.0,648240.0,648240.0,5.583216625511733,False,1.0,1.0,1.0,True,True
2022,MA,5122,ANTONIO DA CRUZ FILGUEIRA NETO,PATRIOTA,1,2000000.0,0.0,59000.0,0.0,526.32,59526.32,59000.0,59000.0,8.228729727276693,False,1.0,1.0,1.0,False,False
2022,MA,6513,MARCIO JERRY SARAIVA BARROSO,PC DO B,1,2950000.0,1434.22,0.0,0.0,0.0,1434.22,1434.22,1434.22,1.9619897296632296,False,1.0,1.0,1.0,False,False
2022,MA,1212,MARCIO JOSE HONAISER,PDT,1,800000.0,120800.0,43339.66,0.0,26500.0,190639.66,164139.66,164139.66,10.141667117433872,False,1.0,1.0,1.0,True,True
2022,MA,2200,JOSÉ LOURENÇO BONFIM JÚNIOR,PL,1,500000.0,37600.0,16610.5,0.0,4350.0,58560.5,54210.5,54210.5,7.518446601941748,False,1.0,1.0,1.0,False,False
2022,MA,2222,JOSIMAR CUNHA RODRIGUES,PL,1,850000.0,174000.0,313600.0,0.0,836.9,488436.9,487600.0,487600.0,7.518446601941748,False,1.0,1.0,1.0,True,True
2022,MA,2233,MARIA DEUSDETE LIMA CUNHA RODRIGUES,PL,1,1000000.0,100000.0,77850.0,0.0,3850.0,181700.0,177850.0,177850.0,7.518446601941748,False,1.0,1.0,1.0,True,True
2022,MA,2244,GILDENEMIR DE LIMA SOUSA,PL,1,500000.0,36150.0,0.0,0.0,0.0,36150.0,36150.0,36150.0,7.518446601941748,False,1.0,1.0,1.0,False,False
2022,MA,1919,FÁBIO HENRIQUE DIAS DE MACEDO,PODE,1,3176572.53,100000.0,45000.0,0.0,526.32,145526.32,145000.0,145000.0,7.054394191636609,False,1.0,1.0,1.0,True,True
2022,MA,1100,AMANDA KELLY GENTIL GUIMARÃES ROSA,PP,1,2700000.0,0.0,8812.0,0.0,50.0,8862.0,8812.0,8812.0,5.722171790131462,False,1.0,1.0,1.0,False,False
2022,MA,1111,ANDRÉ LUIZ CARVALHO RIBEIRO,PP,1,2600000.0,0.0,577665.05,0.0,555.0,578220.05,577665.05,577665.05,5.722171790131462,False,1.0,1.0,1.0,True,True
2022,MA,4010,HILDELIS SILVA DUARTE JUNIOR,PSB,1,2100000.0,17000.0,32500.0,628.5,0.0,50128.5,49500.0,50128.5,5.0431890715384275,False,1.0,1.0,1.0,False,False
2022,MA,2020,ALUISIO GUIMARAES MENDES FILHO,PSC,1,1300000.0,0.0,5500.0,0.0,0.0,5500.0,5500.0,5500.0,6.18058690744921,False,1.0,1.0,1.0,False,False
2022,MA,5511,JOSIVALDO DOS SANTOS MELO,PSD,1,1301000.0,50000.0,10000.0,0.0,0.0,60000.0,60000.0,60000.0,4.239871708426728,False,1.0,1.0,1.0,False,False
2022,MA,1340,RUBENS PEREIRA E SILVA JUNIOR,PT,1,1800000.0,64548.84,56881.0,0.0,0.0,121429.84,121429.84,121429.84,6.014754123180352,False,1.0,1.0,1.0,False,False
2022,MA,1010,CLEBER VERDE CORDEIRO MENDES,REPUBLICANOS,1,1800217.39,5100.0,122659.19,0.0,0.0,127759.19,127759.19,127759.19,5.474462150176212,False,1.0,1.0,1.0,False,False
2022,MA,4410,JOSÉ JUSCELINO DOS SANTOS REZENDE FILHO,UNIAO,1,2414444.23,51600.0,0.0,0.0,0.0,51600.0,51600.0,51600.0,10.219273769987465,False,1.0,1.0,1.0,False,False
2022,MA,4444,PEDRO LUCAS ANDRADE FERNANDES RIBEIRO,UNIAO,1,2813444.23,0.0,0.0,0.0,8400.0,8400.0,0.0,0.0,10.219273769987465,False,1.0,1.0,1.0,False,False
2022,MG,7010,IONE MARIA MOREIRA DIAS BARBOSA,AVANTE,1,500087.0,0.0,83270.0,0.0,48250.0,131520.0,83270.0,83270.0,15.383650600649197,False,1.0,1.0,1.0,False,False
2022,MG,7011,GREYCE DE QUEIROZ ELIAS,AVANTE,1,2639781.84,0.0,296500.0,0.0,1933.48,298433.48,296500.0,296500.0,15.383650600649197,False,1.0,1.0,1.0,True,True
2022,MG,7040,ANDRE LUIS GASPAR JANONES,AVANTE,1,1990620.0,30000.0,1000.0,0.0,0.0,31000.0,31000.0,31000.0,15.383650600649197,False,1.0,1.0,1.0,False,False
2022,MG,7070,LUIS HENRIQUE DE OLIVEIRA RESENDE,AVANTE,1,3023666.53,0.0,42490.0,0.0,16373.35,58863.35,42490.0,42490.0,15.383650600649197,False,1.0,1.0,1.0,False,False
2022,MG,7077,BRUNO SOUZA FARIAS,AVANTE,1,2441316.15,0.0,50000.0,0.0,0.0,50000.0,50000.0,50000.0,15.383650600649197,False,1.0,1.0,1.0,False,False
2022,MG,1510,NEWTON CARDOSO JÚNIOR,MDB,1,2545000.0,0.0,525062.0,0.0,0.0,525062.0,525062.0,525062.0,7.235532520975348,False,1.0,1.0,1.0,True,True
2022,MG,1515,HERCILIO ARAUJO DINIZ FILHO,MDB,1,2500000.0,300000.0,310000.0,0.0,5564.5,615564.5,610000.0,610000.0,7.235532520975348,False,1.0,1.0,1.0,True,True
2022,MG,5133,FREDERICO BORGES DA COSTA,PATRIOTA,1,2610558.34,0.0,79820.0,0.0,0.0,79820.0,79820.0,79820.0,13.405510791484344,False,1.0,1.0,1.0,False,False
2022,MG,5152,FREDERICO DE CASTRO ESCALEIRA,PATRIOTA,1,2115000.0,317050.0,60806.0,0.0,0.0,377856.0,377856.0,377856.0,13.405510791484344,False,1.0,1.0,1.0,True,True
2022,MG,5193,PEDRO DOSHIKAZU PIANCHAO AIHARA,PATRIOTA,1,950000.0,0.0,254833.33000000002,0.0,0.0,254833.33000000002,254833.33000000002,254833.33000000002,13.405510791484344,False,1.0,1.0,1.0,True,True
2022,MG,1212,DUDA SALABERT ROSA,PDT,1,1253571.66,0.0,91950.4,0.0,0.0,91950.4,91950.4,91950.4,8.000460148868223,False,1.0,1.0,1.0,False,False
2022,MG,1234,MÁRIO LÚCIO HERINGER,PDT,1,1249575.16,310000.0,724055.0,0.0,62.0,1034117.0,1034055.0,1034055.0,8.000460148868223,False,1.0,1.0,1.0,True,True
2022,MG,2200,JOSÉ VITOR DE RESENDE AGUIAR,PL,1,700000.0,0.0,1939089.1,0.0,0.0,1939089.1,1939089.1,1939089.1,12.395529530665014,False,1.0,1.0,1.0,True,True
2022,MG,2210,MAURICIO LUIZ DE SOUZA,PL,1,731979.4199999999,4000.0,41800.0,0.0,0.0,45800.0,45800.0,45800.0,12.395529530665014,False,1.0,1.0,1.0,False,False
2022,MG,2215,ROSÂNGELA DE OLIVEIRA CAMPOS REIS,PL,1,505979.42,310000.0,71000.0,0.0,6865.0,387865.0,381000.0,381000.0,12.395529530665014,False,1.0,1.0,1.0,True,True
2022,MG,2217,MARCELO HENRIQUE TEIXEIRA DIAS,PL,1,555979.4199999999,317000.0,172349.14,0.0,58.09,489407.23000000004,489349.14,489349.14,12.395529530665014,False,1.0,1.0,1.0,True,True
2022,MG,2222,NIKOLAS FERREIRA DE OLIVEIRA,PL,1,5979.42,0.0,249423.5,31124.72,0.0,280548.22,249423.5,280548.22,12.395529530665014,False,0.0,0.0,0.0,True,True
2022,MG,2233,LINCOLN DINIZ PORTELA,PL,1,505979.43,25665.01,303550.0,0.0,0.0,329215.01,329215.01,329215.01,12.395529530665014,False,1.0,1.0,1.0,True,True
2022,MG,2238,GERALDO JUNIO DO AMARAL,PL,1,455995.42,0.0,39431.21,0.0,16378.33,55809.54,39431.21,39431.21,12.395529530665014,False,1.0,1.0,1.0,False,False
2022,MG,2240,EMIDIO ALVES MADEIRA JUNIOR,PL,1,750000.0,275818.18,131400.0,0.0,0.0,407218.18,407218.18,407218.18,12.395529530665014,False,1.0,1.0,1.0,True,True
2022,MG,2244,SAMUEL JOSÉ RODRIGUES DE VIANA,PL,1,505979.42,15000.0,25820.0,0.0,110437.5,151257.5,40820.0,40820.0,12.395529530665014,False,1.0,1.0,1.0,True,False
2022,MG,2260,DOMINGOS SÁVIO CAMPOS RESENDE,PL,1,855979.4199999999,266235.64,1060900.0,0.0,1165.0,1328300.6400000001,1327135.6400000001,1327135.6400000001,12.395529530665014,False,1.0,1.0,1.0,True,True
2022,MG,2277,EROS FERREIRA BIONDINI,PL,1,1700000.0,0.0,145470.0,0.0,0.0,145470.0,145470.0,145470.0,12.395529530665014,False,1.0,1.0,1.0,False,True
2022,MG,1919,NELI PEREIRA DE AQUINO,PODE,1,3038142.5,0.0,0.0,0.0,2249.27,2249.27,0.0,0.0,7.4301406163870105,False,1.0,1.0,1.0,False,False
2022,MG,1999,IGOR TARCIANO TIMO,PODE,1,2500000.0,243889.8,30000.0,0.0,62.0,273951.8,273889.8,273889.8,7.4301406163870105,False,1.0,1.0,1.0,True,True
2022,MG,1111,DIMAS FABIANO TOLEDO JUNIOR,PP,1,2700000.0,4000.0,65838.1,0.0,16857.33,86695.43000000001,69838.1,69838.1,8.959544669150636,False,1.0,1.0,1.0,False,False
2022,MG,1122,ANTONIO PINHEIRO NETO,PP,1,2257000.0,0.0,585213.71,0.0,150.0,585363.71,585213.71,585213.71,8.959544669150636,False,1.0,1.0,1.0,True,True
2022,MG,1199,ANA PAULA PROCOPIO JUNQUEIRA,PP,1,1800000.0,0.0,544489.8,0.0,11470.0,555959.8,544489.8,544489.8,8.959544669150636,False,1.0,1.0,1.0,True,True
2022,MG,9090,WELITON FERNANDES PRADO,PROS,1,2944148.0,0.0,28900.0,0.0,1750.0,30650.0,28900.0,28900.0,8.010518387692798,False,1.0,1.0,1.0,False,False
2022,MG,2015,EUCLYDES MARCOS PETTERSEN NETO,PSC,1,2691000.0,0.0,112497.66,0.0,52100.0,164597.66,112497.66,112497.66,4.233950790455465,False,1.0,1.0,1.0,True,False
2022,MG,5500,LUIZ FERNANDO RAMOS FARIA,PSD,1,1593125.0,0.0,621300.0,0.0,90.0,621390.0,621300.0,621300.0,11.556006647001695,False,1.0,1.0,1.0,True,True
2022,MG,5505,MISAEL ARTUR FERREIRA VARELLA,PSD,1,1620911.33,338000.0,371575.0,0.0,0.0,709575.0,709575.0,709575.0,11.556006647001695,False,1.0,1.0,1.0,True,True
2022,MG,5544,STEFANO AGUIAR DOS SANTOS,PSD,1,1600000.0,0.0,2000.0,0.0,0.0,2000.0,2000.0,2000.0,11.556006647001695,False,1.0,1.0,1.0,False,False
2022,MG,5555,DIEGO LEONARDO DE ANDRADE CARVALHO,PSD,1,1611262.14,0.0,429000.0,0.0,0.0,429000.0,429000.0,429000.0,11.556006647001695,False,1.0,1.0,1.0,True,True
2022,MG,4500,AÉCIO NEVES DA CUNHA,PSDB,1,2450000.0,0.0,702250.0,0.0,1084.55,703334.55,702250.0,702250.0,7.989873471039395,False,1.0,1.0,1.0,True,True
2022,MG,4545,PAULO ABI-ACKEL,PSDB,1,2449991.55,300000.0,437500.0,0.0,0.0,737500.0,737500.0,737500.0,7.989873471039395,False,1.0,1.0,1.0,True,True
2022,MG,5088,CÉLIA NUNES CORREA,PSOL,1,1115838.93,0.0,327650.0,14438.5,34510.479999999996,376598.98,327650.0,342088.5,3.930162032926509,False,1.0,1.0,1.0,True,True
2022,MG,1307,ODAIR JOSÉ DA CUNHA,PT,1,2420450.0,0.0,344186.0,0.0,0.0,344186.0,344186.0,344186.0,18.064253026883044,False,1.0,1.0,1.0,True,True
2022,MG,1312,REGINALDO LÁZARO DE OLIVEIRA LOPES,PT,1,1781906.7,0.0,540200.0,0.0,1012.5,541212.5,540200.0,540200.0,18.064253026883044,False,1.0,1.0,1.0,True,True
2022,MG,1313,ROGÉRIO CORREIA DE MOURA BAPTISTA,PT,1,1862500.0,0.0,33300.0,7496.0,3815.46,44611.46,33300.0,40796.0,18.064253026883044,False,1.0,1.0,1.0,False,False
2022,MG,1314,ANA CRISTINA DE LIMA PIMENTEL,PT,1,1691000.0,0.0,11240.0,15338.0,0.0,26578.0,11240.0,26578.0,18.064253026883044,False,1.0,1.0,1.0,False,False
2022,MG,1315,JOÃO CARLOS SIQUEIRA,PT,1,1862500.0,23379.09,2500.0,0.0,0.0,25879.09,25879.09,25879.09,18.064253026883044,False,1.0,1.0,1.0,False,False
2022,MG,1333,PATRUS ANANIAS DE SOUSA,PT,1,1862500.0,0.0,180663.89,0.0,9346.3,190010.19,180663.89,180663.89,18.064253026883044,False,1.0,1.0,1.0,True,True
2022,MG,1334,DANDARA TONANTZIN SILVA CASTRO,PT,1,1717807.95,0.0,40800.0,1550.0,0.0,42350.0,40800.0,42350.0,18.064253026883044,False,1.0,1.0,1.0,False,False
2022,MG,1339,MIGUEL ÂNGELO MONTEIRO ANDRADE,PT,1,1564949.31,0.0,767930.0,3723.0,0.0,771653.0,767930.0,771653.0,18.064253026883044,False,1.0,1.0,1.0,True,True
2022,MG,1363,JOSÉ LEONARDO COSTA MONTEIRO,PT,1,2113422.44,40000.0,150260.0,0.0,0.0,190260.0,190260.0,190260.0,18.064253026883044,False,1.0,1.0,1.0,True,True
2022,MG,1378,PAULO JOSÉ CARLOS GUEDES,PT,1,2066236.57,154182.09,124450.0,0.0,0.0,278632.08999999997,278632.08999999997,278632.08999999997,18.064253026883044,False,1.0,1.0,1.0,True,True
2022,MG,1010,GILBERTO APARECIDO ABRAMO,REPUBLICANOS,1,1845000.0,0.0,35341.0,0.0,0.0,35341.0,35341.0,35341.0,9.676457012422748,False,1.0,1.0,1.0,False,False
2022,MG,1080,LAFAYETTE LUIZ DOORGAL DE ANDRADA,REPUBLICANOS,1,2184125.88,47094.0,519648.83999999997,0.0,8984.29,575727.13,566742.84,566742.84,9.676457012422748,False,1.0,1.0,1.0,True,True
2022,MG,7777,JOSÉ SILVA SOARES,SOLIDARIEDADE,1,1170000.0,60369.7,372361.0,0.0,2136.89,434867.59,432730.7,432730.7,10.39477763223749,False,1.0,1.0,1.0,True,True
2022,MG,4444,MARCELO EDUARDO FREITAS,UNIAO,1,2903030.3,0.0,54000.0,0.0,0.0,54000.0,54000.0,54000.0,20.85813942048351,False,1.0,1.0,1.0,False,False
2022,MG,4445,RAFAEL TADEU SIMÕES,UNIAO,1,2367694.31,148428.21,225800.0,0.0,77.5,374305.70999999996,374228.20999999996,374228.20999999996,20.85813942048351,False,1.0,1.0,1.0,True,True
2022,MG,4450,RODRIGO BATISTA DE CASTRO,UNIAO,1,2160000.0,6035.02,532500.0,0.0,9156.01,547691.03,538535.02,538535.02,20.85813942048351,False,1.0,1.0,1.0,True,True
2022,MS,2211,RODOLFO OLIVEIRA NOGUEIRA,PL,1,501413.54,35000.0,238600.0,0.0,0.0,273600.0,273600.0,273600.0,4.7557925719862775,False,1.0,1.0,1.0,True,True
2022,MS,2222,MARCOS SBOROWSKI POLLON,PL,1,550000.0,244800.0,86660.0,24060.840000000004,0.0,355520.84,331460.0,355520.84,4.7557925719862775,False,1.0,1.0,1.0,True,True
2022,MS,1122,LUIZ ALBERTO OVANDO,PP,1,2230000.0,0.0,3000.0,0.0,0.0,3000.0,3000.0,3000.0,5.917163484516892,False,1.0,1.0,1.0,False,False
2022,MS,4512,DAGOBERTO NOGUEIRA FILHO,PSDB,1,2276740.12,315000.0,231918.19,0.0,0.0,546918.19,546918.19,546918.19,6.026043943802492,False,1.0,1.0,1.0,True,True
2022,MS,4545,HUMBERTO REZENDE PEREIRA,PSDB,1,1464742.02,0.0,121500.0,0.0,0.0,121500.0,121500.0,121500.0,6.026043943802492,False,1.0,1.0,1.0,False,False
2022,MS,4567,GERALDO RESENDE PEREIRA,PSDB,1,1626718.76,75000.0,146866.66999999998,0.0,0.0,221866.66999999998,221866.66999999998,221866.66999999998,6.026043943802492,False,1.0,1.0,1.0,True,True
2022,MS,1331,VANDER LUIZ DOS SANTOS LOUBET,PT,1,1800000.0,0.0,369800.0,0.0,40970.23,410770.23,369800.0,369800.0,2.7639435660835874,False,1.0,1.0,1.0,True,True
2022,MS,1367,CAMILA BAZACHI JARA MARZOCHI,PT,1,743605.09,0.0,19200.0,8562.0,66150.0,93912.0,19200.0,27762.0,2.7639435660835874,False,1.0,1.0,1.0,False,False
2022,MT,1520,JUAREZ ALVES DA COSTA,MDB,1,2501474.52,500.0,115500.0,0.0,0.0,116000.0,116000.0,116000.0,5.525417938355343,False,1.0,1.0,1.0,False,False
2022,MT,1555,EMANUEL PINHEIRO DA SILVA PRIMO TEIXEIRA,MDB,1,2501472.52,0.0,685936.15,9152.0,0.0,695088.15,685936.15,695088.15,5.525417938355343,False,1.0,1.0,1.0,True,True
2022,MT,2202,AMÁLIA SCUDELER DE BARROS SANTOS,PL,1,1055429.52,0.0,590048.12,6542.0,0.0,596590.12,590048.12,596590.12,6.223955679017267,False,1.0,1.0,1.0,True,True
2022,MT,2210,JOSÉ ANTÔNIO DOS SANTOS MEDEIROS,PL,1,1027474.52,39753.26,1757840.0,0.0,0.0,1797593.26,1797593.26,1797593.26,6.223955679017267,False,1.0,1.0,1.0,True,True
2022,MT,2222,RUBIA FERNANDA DINIZ ROBSON SANTOS DE SIQUEIRA,PL,1,1001474.52,119800.0,1085543.49,1470.0,0.0,1206813.49,1205343.49,1206813.49,6.223955679017267,False,1.0,1.0,1.0,True,True
2022,MT,2230,ABILIO JACQUES BRUNINI MOUMER,PL,1,1013974.52,400.0,96844.0,340.0,5000.0,102584.0,97244.0,97584.0,6.223955679017267,False,1.0,1.0,1.0,False,False
2022,MT,4400,FÁBIO PAULINO GARCIA,UNIAO,1,1080000.0,300000.0,921043.4,0.0,37498.83,1258542.23,1221043.4,1221043.4,6.8377711370697805,False,0.0,0.5,0.5,True,True
2022,MT,4422,JONILDO JOSÉ DE ASSIS,UNIAO,1,1153100.0,20000.0,661852.02,1514.0,0.0,683366.02,681852.02,683366.02,6.8377711370697805,False,1.0,1.0,1.0,True,True
2022,PA,1500,OLIVAL HENRIQUE MARQUES DE SOUZA,MDB,1,2500000.0,25200.0,167700.0,0.0,21300.43,214200.43,192900.0,192900.0,4.709583411155897,False,1.0,1.0,1.0,True,True
2022,PA,1510,ANDREIA BRITO GONÇALVES SIQUEIRA,MDB,1,387500.0,253000.0,286200.0,0.0,39402.25,578602.25,539200.0,539200.0,4.709583411155897,False,0.25,0.5,0.5,True,True
2022,PA,1511,ANTONIO LEOCADIO DOS SANTOS,MDB,1,70000.0,317490.0,606520.73,0.0,17196.0,941206.73,924010.73,924010.73,4.709583411155897,False,0.0,0.0,0.0,True,True
2022,PA,1512,KENISTON DE JESUS REGO BRAGA,MDB,1,70000.0,0.0,1698300.0,0.0,17200.0,1715500.0,1698300.0,1698300.0,4.709583411155897,False,0.0,0.0,0.0,True,True
2022,PA,1515,ELCIONE THEREZINHA ZAHLUTH BARBALHO,MDB,1,2500000.0,0.0,61714.0,0.0,29773.0,91487.0,61714.0,61714.0,4.709583411155897,False,1.0,1.0,1.0,False,False
2022,PA,1522,HENDERSON LIRA PINTO,MDB,1,125000.0,0.0,223997.83000000002,0.0,6200.0,230197.83000000002,223997.83000000002,223997.83000000002,4.709583411155897,False,0.0,0.0,0.0,True,True
2022,PA,1555,JOSE BENITO PRIANTE JUNIOR,MDB,1,2500000.0,0.0,0.0,0.0,15603.5,15603.5,0.0,0.0,4.709583411155897,False,1.0,1.0,1.0,False,False
2022,PA,1567,ALESSANDRA HABER CARVALHO SANTOS,MDB,1,387500.0,190000.0,619829.64,0.0,8186.93,818016.5700000001,809829.64,809829.64,4.709583411155897,False,0.25,0.5,0.5,True,True
2022,PA,1577,RENILCE CONCEIÇÃO NICODEMOS DE ALBUQUERQUE,MDB,1,387500.0,238000.0,811335.98,0.0,57802.6,1107138.58,1049335.98,1049335.98,4.709583411155897,False,0.25,0.5,0.5,True,True
2022,PA,2200,JOAQUIM PASSARINHO PINTO DE SOUZA PORTO,PL,1,0.0,127000.0,329650.0,0.0,0.0,456650.0,456650.0,456650.0,1.6139966705759796,False,0.0,0.0,0.0,True,True
2022,PA,2217,LENILDO MENDES DOS SANTOS SERTÃO,PL,1,500000.0,0.0,51151.13,0.0,11576.1,62727.229999999996,51151.13,51151.13,1.6139966705759796,False,0.0,1.0,1.0,False,False
2022,PA,2222,EDER MAURO CARDOSO BARRA,PL,1,1526000.0,47800.0,20000.0,0.0,3750.01,71550.01,67800.0,67800.0,1.6139966705759796,False,1.0,1.0,1.0,False,False
2022,PA,5522,RAIMUNDO JOSE PEREIRA DOS SANTOS,PSD,1,904000.0,34000.0,67714.68,0.0,14800.0,116514.68,101714.68,101714.68,9.005987597379871,False,1.0,1.0,1.0,False,False
2022,PA,5588,JOÃO FERRARI JÚNIOR,PSD,1,0.0,310000.0,213750.0,0.0,65566.5,589316.5,523750.0,523750.0,9.005987597379871,False,0.0,0.0,0.0,True,True
2022,PA,1313,DILVANDA FURTADO FARO,PT,1,1068420.0,0.0,84100.0,0.0,12041.88,96141.88,84100.0,84100.0,4.669403217251048,False,1.0,1.0,1.0,False,False
2022,PA,1321,AIRTON LUIZ FALEIRO,PT,1,1815280.0,84000.0,273650.0,0.0,15711.56,373361.56,357650.0,357650.0,4.669403217251048,False,1.0,1.0,1.0,True,True
2022,PA,4444,CELSO SABINO DE OLIVEIRA,UNIAO,1,2659400.0,40000.0,293000.0,0.0,38100.6,371100.6,333000.0,333000.0,9.336980664022882,False,1.0,1.0,1.0,True,True
2022,PB,2210,GILBERTO GOMES DA SILVA,PL,1,301400.0,68000.0,309458.32,0.0,0.0,377458.32,377458.32,377458.32,5.362964813174614,False,1.0,1.0,1.0,True,True
2022,PB,2222,JOSÉ WELLINGTON ROBERTO,PL,1,1107400.0,0.0,0.0,0.0,1348.53,1348.53,0.0,0.0,5.362964813174614,False,1.0,1.0,1.0,False,False
2022,PB,1111,AGUINALDO VELLOSO BORGES RIBEIRO,PP,1,2644344.0,0.0,273000.0,0.0,3454.05,276454.05,273000.0,273000.0,6.013946099496498,False,1.0,1.0,1.0,True,True
2022,PB,1144,FRANCISCO EMERSON ASSIS DE LUCENA,PP,1,1540692.3,0.0,280265.67,0.0,7669.0,287934.67,280265.67,280265.67,6.013946099496498,False,1.0,1.0,1.0,True,True
2022,PB,4040,GERVASIO AGRIPINO MAIA,PSB,1,2500000.0,0.0,0.0,0.0,13084.76,13084.76,0.0,0.0,5.52318387767571,False,1.0,1.0,1.0,False,False
2022,PB,2011,ROMERO RODRIGUES VEIGA,PSC,1,2500000.0,23574.11,20011.0,0.0,100635.29,144220.4,43585.11,43585.11,4.419589281585017,False,1.0,1.0,1.0,False,False
2022,PB,2030,RUY MANUEL CARNEIRO BARBOSA DE AÇA BELCHIOR,PSC,1,2500000.0,34500.0,223650.0,0.0,0.0,258150.0,258150.0,258150.0,4.419589281585017,False,1.0,1.0,1.0,True,True
2022,PB,1312,LUIZ ALBUQUERQUE COUTO,PT,1,1080700.0,17000.0,209724.72999999998,0.0,141.16,226865.88999999998,226724.72999999998,226724.72999999998,4.233392962825377,False,1.0,1.0,1.0,True,True
2022,PB,1010,JOSÉ WILSON SANTIAGO,REPUBLICANOS,1,1348764.0,22035.239999999998,108950.0,0.0,7703.92,138689.16,130985.23999999999,130985.23999999999,9.457326951059178,False,1.0,1.0,1.0,False,True
2022,PB,1011,HUGO MOTTA WANDERLEY DA NOBREGA,REPUBLICANOS,1,1616764.0,40000.0,74000.0,0.0,8491.64,122491.64,114000.0,114000.0,9.457326951059178,False,1.0,1.0,1.0,False,False
2022,PB,1044,CÁSSIO MURILO GALDINO DE ARAÚJO,REPUBLICANOS,1,2023431.0,0.0,23846.0,0.0,5655.26,29501.260000000002,23846.0,23846.0,9.457326951059178,False,1.0,1.0,1.0,False,False
2022,PB,4412,DAMIÃO FELICIANO DA SILVA,UNIAO,1,2800000.0,5000.0,30500.0,0.0,564.68,36064.68,35500.0,35500.0,7.9109113984125825,False,1.0,1.0,1.0,False,False
2022,PE,7070,WALDEMAR DE ANDRADA IGNÁCIO DE OLIVEIRA,AVANTE,1,2191742.0,78541.83,0.0,0.0,0.0,78541.83,78541.83,78541.83,8.438518623507962,False,1.0,1.0,1.0,False,False
2022,PE,1555,IZA PAULA DE DEUS E MELLO ALBUQUERQUE ARRUDA,MDB,1,800000.0,0.0,215801.3,0.0,0.0,215801.3,215801.3,215801.3,7.240061355215733,False,1.0,1.0,1.0,True,True
2022,PE,6513,RENILDO VASCONCELOS CALHEIROS,PC DO B,1,3008418.76,0.0,40960.5,0.0,0.0,40960.5,40960.5,40960.5,1.0540140250491963,False,1.0,1.0,1.0,False,False
2022,PE,2200,FRANCISCO EURICO DA SILVA,PL,1,2500000.0,0.0,27260.0,0.0,0.0,27260.0,27260.0,27260.0,3.018856992021144,False,1.0,1.0,1.0,False,False
2022,PE,2210,LUIZ DE FRANÇA E SILVA MEIRA,PL,1,173011.0,0.0,11000.0,0.0,2395.28,13395.28,11000.0,11000.0,3.018856992021144,False,0.0,0.0,1.0,False,False
2022,PE,2222,ANDRÉ FERREIRA RODRIGUES,PL,1,1000000.0,20000.0,297900.0,0.0,0.0,317900.0,317900.0,317900.0,3.018856992021144,False,1.0,1.0,1.0,True,True
2022,PE,2233,FERNANDO RODOLFO TENÓRIO DE VASCONCELOS,PL,1,1500000.0,23550.0,185162.71,0.0,1472.76,210185.47,208712.71,208712.71,3.018856992021144,False,1.0,1.0,1.0,True,True
2022,PE,1100,LUIZ EDUARDO DE QUEIROZ CAMPOS DA FONTE ALBUQUERQUE,PP,1,2771080.0,0.0,11.0,0.0,0.0,11.0,11.0,11.0,7.868132857611351,False,1.0,1.0,1.0,False,False
2022,PE,1111,EDUARDO HENRIQUE DA FONTE DE ALBUQUERQUE SILVA,PP,1,2762520.0,0.0,54000.0,0.0,0.0,54000.0,54000.0,54000.0,7.868132857611351,False,1.0,1.0,1.0,False,False
2022,PE,1122,ERICA CLARISSA BORBA CORDEIRO DE MOURA,PP,1,2700000.0,0.0,0.0,0.0,0.0,0.0,0.0,0.0,7.868132857611351,False,1.0,1.0,1.0,False,False
2022,PE,1190,FERNANDO MONTEIRO DE ALBUQUERQUE,PP,1,2550000.0,0.0,297559.72,0.0,0.0,297559.72,297559.72,297559.72,7.868132857611351,False,1.0,1.0,1.0,True,True
2022,PE,4004,FELIPE AUGUSTO LYRA CARRERAS,PSB,1,2500000.0,4000.0,674304.0,0.0,0.0,678304.0,678304.0,678304.0,8.169501155595063,False,1.0,1.0,1.0,True,True
2022,PE,4011,LUCAS CAVALCANTI RAMOS,PSB,1,1233109.56,30000.0,501839.0,0.0,50000.0,581839.0,531839.0,531839.0,8.169501155595063,False,1.0,1.0,1.0,True,True
2022,PE,4019,GUILHERME ARISTOTELES UCHOA CAVALCANTI PESSOA DE MELO JUNIOR,PSB,1,1020409.56,125000.0,15000.0,0.0,0.0,140000.0,140000.0,140000.0,8.169501155595063,False,1.0,1.0,1.0,False,True
2022,PE,4040,PEDRO HENRIQUE DE ANDRADE LIMA CARNEIRO CAMPOS,PSB,1,2559059.56,0.0,290500.0,0.0,0.0,290500.0,290500.0,290500.0,8.169501155595063,False,1.0,1.0,1.0,True,True
2022,PE,4044,JOSE ERIBERTO MEDEIROS DE OLIVEIRA,PSB,1,1008209.55,52250.0,0.0,0.0,0.0,52250.0,52250.0,52250.0,8.169501155595063,False,1.0,1.0,1.0,False,False
2022,PE,1314,JOSÉ CARLOS VERAS DOS SANTOS,PT,1,1800000.0,2000.0,500.0,0.0,0.0,2500.0,2500.0,2500.0,6.390713176560138,False,1.0,1.0,1.0,False,False
2022,PE,4333,CLODOALDO MAGALHÃES OLIVEIRA LYRA,PV,1,801989.0,30000.0,47800.0,0.0,0.0,77800.0,77800.0,77800.0,1.9129599009011196,False,1.0,1.0,1.0,False,False
2022,PE,1818,TÚLIO GADELHA SALES DE MELO,REDE,1,2416378.7,10000.0,64320.0,0.0,0.0,74320.0,74320.0,74320.0,2.252750502868329,False,1.0,1.0,1.0,False,False
2022,PE,1000,AUGUSTO RODRIGUES COUTINHO DE MELO,REPUBLICANOS,1,1780500.0,0.0,172526.8,0.0,0.0,172526.8,172526.8,172526.8,8.749965219284935,False,1.0,1.0,1.0,True,True
2022,PE,1010,SILVIO SERAFIM COSTA FILHO,REPUBLICANOS,1,2174000.0,0.0,446000.0,0.0,38348.47,484348.47,446000.0,446000.0,8.749965219284935,False,1.0,1.0,1.0,True,True
2022,PE,7713,MARIA LEAL ARRAES DE ALENCAR,SOLIDARIEDADE,1,3170000.0,0.0,0.0,0.0,0.0,0.0,0.0,0.0,2.8622651131772,False,1.0,1.0,1.0,False,False
2022,PE,4401,FERNANDO BEZERRA DE SOUZA COELHO FILHO,UNIAO,1,1627742.44,0.0,1092500.0,0.0,0.0,1092500.0,1092500.0,1092500.0,20.681228712693365,False,1.0,1.0,1.0,True,True
2022,PE,4433,JOSÉ MENDONÇA BEZERRA FILHO,UNIAO,1,1861742.42,0.0,1470667.67,0.0,0.0,1470667.67,1470667.67,1470667.67,20.681228712693365,False,1.0,1.0,1.0,True,True
2022,PE,4444,LUCIANO CALDAS BIVAR,UNIAO,1,2602114.73,0.0,8000.0,0.0,329.16,8329.16,8000.0,8000.0,20.681228712693365,False,1.0,1.0,1.0,False,False
2022,PI,1110,ÁTILA DE MELO LIRA,PP,1,2666666.67,240330.0,15991.6,0.0,4632.83,260954.43,256321.6,256321.6,7.069032929455043,False,1.0,1.0,1.0,True,True
2022,PI,1111,JULIO FERRAZ ARCOVERDE,PP,1,2089250.0,4300.0,243414.35,0.0,3581.25,251295.6,247714.35,247714.35,7.069032929455043,False,1.0,1.0,1.0,True,True
2022,PI,5510,JOSÉ DIAS DE CASTRO NETO,PSD,1,1800000.0,0.0,171534.84,0.0,0.0,171534.84,171534.84,171534.84,5.7248031236954375,False,1.0,1.0,1.0,True,True
2022,PI,5515,MARCOS AURELIO PADUA RIBEIRO GONÇALVES DE SAMPAIO,PSD,1,1800000.0,16208.98,45600.0,0.0,0.0,61808.979999999996,61808.979999999996,61808.979999999996,5.7248031236954375,False,1.0,1.0,1.0,False,False
2022,PI,5555,JULIO CÉSAR DE CARVALHO LIMA,PSD,1,1800000.0,19260.03,213769.35,0.0,0.0,233029.38,233029.38,233029.38,5.7248031236954375,False,1.0,1.0,1.0,True,True
2022,PI,1310,FLORENTINO ALVES VERAS NETO,PT,1,66000.0,0.0,801505.75,0.0,175.29000000000002,801681.04,801505.75,801505.75,4.6137404720388675,False,0.0,0.0,0.0,True,True
2022,PI,1311,REJANE RIBEIRO SOUSA DIAS,PT,1,2310000.0,75000.0,325983.65,100.0,1706.9,402790.55000000005,400983.65,401083.65,4.6137404720388675,False,1.0,1.0,1.0,True,True
2022,PI,1312,FLAVIO RODRIGUES NOGUEIRA,PT,1,1650000.0,57945.65,40038.380000000005,0.0,7084.54,105068.56999999999,97984.03,97984.03,4.6137404720388675,False,1.0,1.0,1.0,False,False
2022,PI,1313,FRANCISCO DE ASSIS DE OLIVEIRA COSTA,PT,1,1398661.3,70000.0,96011.0,0.0,0.0,166011.0,166011.0,166011.0,4.6137404720388675,False,1.0,1.0,1.0,True,True
2022,PI,4333,JADYEL SILVA ALENCAR,PV,1,0.0,290400.0,317926.64,0.0,0.0,608326.64,608326.64,608326.64,1.0,False,0.0,0.0,0.0,True,True
2022,PR,1512,SERGIO DE SOUZA,MDB,1,2102000.0,9000.0,987299.15,0.0,10056.0,1006355.15,996299.15,996299.15,6.6706652910480235,False,1.0,1.0,1.0,True,True
2022,PR,2201,FILIPE BARROS BAPTISTA DE TOLEDO RIBEIRO,PL,1,2700000.0,0.0,312236.76,0.0,0.0,312236.76,312236.76,312236.76,3.733384323017526,False,1.0,1.0,1.0,True,True
2022,PR,2222,FERNANDO LUCIO GIACOBO,PL,1,1461383.0,246000.0,152000.0,0.0,0.0,398000.0,398000.0,398000.0,3.733384323017526,False,1.0,1.0,1.0,True,True
2022,PR,2277,NELSI COGUETTO MARIA,PL,1,2800000.0,0.0,300.0,0.0,0.0,300.0,300.0,300.0,3.733384323017526,False,1.0,1.0,1.0,False,False
2022,PR,1919,DELTAN MARTINAZZO DALLAGNOL,PODE,1,1450000.0,0.0,264870.26,271387.54000000004,0.0,536257.8,264870.26,536257.8,9.766321171261607,False,1.0,1.0,1.0,True,True
2022,PR,1111,PEDRO DEBONI LUPION MELLO,PP,1,1680348.83,1500.0,1041922.15,0.0,0.0,1043422.15,1043422.15,1043422.15,16.973035972759092,False,1.0,1.0,1.0,True,True
2022,PR,1122,DILCEU JOÃO SPERAFICO,PP,1,1100000.0,303000.0,212105.72,0.0,0.0,515105.72,515105.72,515105.72,16.973035972759092,False,1.0,1.0,1.0,True,True
2022,PR,1151,RICARDO JOSÉ MAGALHÃES BARROS,PP,1,750350.0,0.0,1055743.0,0.0,760.0,1056503.0,1055743.0,1055743.0,16.973035972759092,False,1.0,1.0,1.0,True,True
2022,PR,1199,SEBASTIÃO HENRIQUE DE MEDEIROS,PP,1,2000000.0,310000.0,855241.66,0.0,0.0,1165241.6600000001,1165241.6600000001,1165241.6600000001,16.973035972759092,False,1.0,1.0,1.0,True,True
2022,PR,9090,ANTONIO WANDSCHEER,PROS,1,2989951.6799999997,101000.0,0.0,0.0,0.0,101000.0,101000.0,101000.0,7.876514392571254,False,1.0,1.0,1.0,False,False
2022,PR,4040,LUCIANO DUCCI,PSB,1,2518713.0,150000.0,394750.0,0.0,15225.720000000001,559975.72,544750.0,544750.0,5.737028098416535,False,1.0,1.0,1.0,True,True
2022,PR,5500,LEANDRE DAL PONTE,PSD,1,2046557.0,14236.17,346717.02,8209.0,664.0,369826.19,360953.19,369162.19,14.022638735576924,False,1.0,1.0,1.0,True,True
2022,PR,5501,CARLOS ALBERTO GEBRIM PRETO,PSD,1,1766557.0,22572.0,278636.38,0.0,1971.72,303180.1,301208.38,301208.38,14.022638735576924,False,1.0,1.0,1.0,True,True
2022,PR,5511,LUÍSA CANZIANI DOS SANTOS SILVEIRA,PSD,1,2680000.0,0.0,476387.35,0.0,0.0,476387.35,476387.35,476387.35,14.022638735576924,False,1.0,1.0,1.0,True,True
2022,PR,5512,PAULO HENRIQUE COLETTI FERNANDES,PSD,1,1546892.0,0.0,233337.41999999998,0.0,94721.66,328059.07999999996,233337.41999999998,233337.41999999998,14.022638735576924,False,1.0,1.0,1.0,True,True
2022,PR,5522,LUIZ HILOSHI NISHIMORI,PSD,1,1766557.0,0.0,1401857.5,0.0,8227.8,1410085.3,1401857.5,1401857.5,14.022638735576924,False,1.0,1.0,1.0,True,True
2022,PR,5555,SANDRO ALEX CRUZ DE OLIVEIRA,PSD,1,1720000.0,267000.0,371630.0,0.0,0.0,638630.0,638630.0,638630.0,14.022638735576924,False,1.0,1.0,1.0,True,True
2022,PR,5590,GILSON CARDOSO FAHUR,PSD,1,1798557.0,22069.95,85100.0,0.0,687.43,107857.37999999999,107169.95,107169.95,14.022638735576924,False,1.0,1.0,1.0,False,False
2022,PR,4545,CARLOS ALBERTO RICHA,PSDB,1,3062547.28,0.0,86333.0,0.0,1787.6,88120.6,86333.0,86333.0,3.149604251740157,False,1.0,1.0,1.0,False,False
2022,PR,1310,JOSE CARLOS BECKER DE OLIVEIRA E SILVA,PT,1,1800000.0,0.0,936463.71,16832.09,3412.91,956708.71,936463.71,953295.7999999999,7.899391148216906,False,1.0,1.0,1.0,True,True
2022,PR,1313,GLEISI HELENA HOFFMANN,PT,1,2410000.0,0.0,223250.0,0.0,3412.91,226662.91,223250.0,223250.0,7.899391148216906,False,1.0,1.0,1.0,True,True
2022,PR,1330,ENIO JOSÉ VERRI,PT,1,1800654.99,5000.0,293815.69,0.0,3412.91,302228.6,298815.69,298815.69,7.899391148216906,False,1.0,1.0,1.0,True,True
2022,PR,1331,ANTONIO TADEU VENERI,PT,1,1179900.0,33000.0,52863.31,4000.0,3412.91,93276.22,85863.31,89863.31,7.899391148216906,False,1.0,1.0,1.0,False,False
2022,PR,1363,ANA CAROLINA MOURA MELO DARTORA,PT,1,1292460.0,4000.0,17600.0,12477.64,3412.91,37490.55,21600.0,34077.64,7.899391148216906,False,1.0,1.0,1.0,False,False
2022,PR,4343,ALIEL MACHADO BARK,PV,1,2069845.67,0.0,241620.0,0.0,4076.91,245696.91,241620.0,241620.0,1.3019377940503765,False,1.0,1.0,1.0,True,True
2022,PR,1000,DIEGO ALEXSANDER GONÇALO PAULA GARCIA,REPUBLICANOS,1,968183.0,0.0,251569.33000000002,130.0,0.0,251699.33000000002,251569.33000000002,251699.33000000002,11.882207068008285,False,1.0,1.0,1.0,True,True
2022,PR,4411,MATHEUS ARAUJO LAIOLA,UNIAO,1,1523146.03,0.0,65668.0,0.0,0.0,65668.0,65668.0,65668.0,10.113235787010938,False,1.0,1.0,1.0,False,False
2022,PR,4433,NELSON FERNANDO PADOVANI,UNIAO,1,752973.0,0.0,1147510.0,0.0,0.0,1147510.0,1147510.0,1147510.0,10.113235787010938,False,1.0,1.0,1.0,True,True
2022,PR,4444,LUIS FELIPE BONATTO FRANCISCHINI,UNIAO,1,3029786.0300000003,0.0,13530.0,0.0,0.0,13530.0,13530.0,13530.0,10.113235787010938,False,1.0,1.0,1.0,False,False
2022,PR,4455,GERALDO GABRIEL MENDES,UNIAO,1,700000.0,317000.0,33534.020000000004,0.0,0.0,350534.02,350534.02,350534.02,10.113235787010938,False,1.0,1.0,1.0,True,True
2022,RJ,1516,GUTEMBERG REIS DE OLIVEIRA,MDB,1,2700000.0,0.0,196340.0,0.0,0.0,196340.0,196340.0,196340.0,5.4010783750773985,False,1.0,1.0,1.0,True,True
2022,RJ,1522,OTONI MOURA DE PAULO JUNIOR,MDB,1,2500000.0,0.0,71840.0,0.0,0.0,71840.0,71840.0,71840.0,5.4010783750773985,False,1.0,1.0,1.0,False,False
2022,RJ,6565,JANDIRA FEGHALI,PC DO B,1,2790000.0,0.0,19122.0,1727.0,0.0,20849.0,19122.0,20849.0,1.9886125385405962,False,1.0,1.0,1.0,False,False
2022,RJ,1216,MARCOS PAULO BARBOSA TAVARES,PDT,1,800000.0,6628.35,403318.0,0.0,0.0,409946.35,409946.35,409946.35,8.75610960561485,False,1.0,1.0,1.0,True,True
2022,RJ,2211,CARLOS ROBERTO COELHO DE MATTOS JUNIOR,PL,1,500000.0,10000.0,0.0,0.0,0.0,10000.0,10000.0,10000.0,17.977758056260168,False,0.5384615384615384,0.6153846153846154,0.6153846153846154,False,False
2022,RJ,2212,EDUARDO PAZUELLO,PL,1,1020000.0,0.0,42852.63,1225.0,0.0,44077.63,42852.63,44077.63,17.977758056260168,False,1.0,1.0,1.0,False,False
2022,RJ,2214,CHRISTINE NOGUEIRA DOS REIS TONIETTO,PL,1,500000.0,0.0,2720.0,3484.0,0.0,6204.0,2720.0,6204.0,17.977758056260168,False,0.5384615384615384,0.6153846153846154,0.6153846153846154,False,False
2022,RJ,2217,ALEXANDRE RAMAGEM RODRIGUES,PL,1,500000.0,33000.0,245000.0,0.0,0.0,278000.0,278000.0,278000.0,17.977758056260168,False,0.5384615384615384,0.6153846153846154,0.6153846153846154,True,True
2022,RJ,2220,HELIO FERNANDO BARBOSA LOPES,PL,1,805852.65,0.0,64000.0,0.0,121.0,64121.0,64000.0,64000.0,17.977758056260168,False,1.0,1.0,1.0,False,False
2022,RJ,2222,SORAYA ALENCAR DOS SANTOS,PL,1,2500000.0,0.0,12000.0,0.0,0.0,12000.0,12000.0,12000.0,17.977758056260168,False,1.0,1.0,1.0,False,False
2022,RJ,2233,LUIZ EDUARDO CARNEIRO DA SILVA DE SOUZA LIMA,PL,1,500000.0,106756.23,500.0,0.0,0.0,107256.23,107256.23,107256.23,17.977758056260168,False,0.5384615384615384,0.6153846153846154,0.6153846153846154,False,False
2022,RJ,2256,LUCIANO VIEIRA MENDES,PL,1,500000.0,165900.0,74250.0,0.0,0.0,240150.0,240150.0,240150.0,17.977758056260168,False,0.5384615384615384,0.6153846153846154,0.6153846153846154,True,True
2022,RJ,2269,ALTINEU CORTES FREITAS COUTINHO,PL,1,500000.0,60000.0,615000.0,0.0,200000.01,875000.01,675000.0,675000.0,17.977758056260168,False,0.5384615384615384,0.6153846153846154,0.6153846153846154,True,True
2022,RJ,2277,SÓSTENES SILVA CAVALCANTE,PL,1,2000000.0,0.0,10500.0,0.0,0.0,10500.0,10500.0,10500.0,17.977758056260168,False,1.0,1.0,1.0,False,False
2022,RJ,2282,ROBERTO LUIZ RODRIGUES DE OLIVEIRA,PL,1,64385.0,1000.0,0.0,0.0,25.0,1025.0,1000.0,1000.0,17.977758056260168,False,0.0,0.0,0.0,False,False
2022,RJ,1911,JOSE PORTUGAL NETO,PODE,1,100000.0,0.0,0.0,0.0,12730.0,12730.0,0.0,0.0,24.557810957479997,False,0.25,0.5,0.5,False,False
2022,RJ,1100,MARCELO ANDRÉ CID HERÁCLITO DO PORTO QUEIROZ,PP,1,1100000.0,124500.0,60000.0,0.0,8655.0,193155.0,184500.0,184500.0,10.336676819580397,False,1.0,1.0,1.0,True,True
2022,RJ,1111,JULIO LUIZ BAPTISTA LOPES,PP,1,1850000.0,1857.86,454200.0,0.0,0.0,456057.86,456057.86,456057.86,10.336676819580397,False,1.0,1.0,1.0,True,True
2022,RJ,1177,LUIZ ANTONIO DE SOUZA TEIXEIRA JUNIOR,PP,1,1000000.0,250000.0,0.0,0.0,0.0,250000.0,250000.0,250000.0,10.336676819580397,False,1.0,1.0,1.0,True,True
2022,RJ,9090,MAX RODRIGUES LEMOS,PROS,1,1500000.0,0.0,875350.0,0.0,0.0,875350.0,875350.0,875350.0,2.656920938237825,False,1.0,1.0,1.0,True,True
2022,RJ,4000,EDUARDO CARVALHO BANDEIRA DE MELLO,PSB,1,254740.0,2335.27,61800.01,270.0,0.0,64405.28,64135.28,64405.28,13.797605225292308,False,1.0,1.0,1.0,False,False
2022,RJ,5510,HUGO LEAL MELO DA SILVA,PSD,1,1880237.83,30229.0,564100.01,0.0,0.0,594329.01,594329.01,594329.01,19.246232432930704,False,1.0,1.0,1.0,True,True
2022,RJ,5555,PEDRO PAULO CARVALHO TEIXEIRA,PSD,1,1464894.8099999998,0.0,9500.0,0.0,0.0,9500.0,9500.0,9500.0,19.246232432930704,False,1.0,1.0,1.0,False,False
2022,RJ,5566,MARIA LAURA MONTEZA DE SOUZA CARNEIRO,PSD,1,2863392.2199999997,117900.0,58000.0,2190.0,0.0,178090.0,175900.0,178090.0,19.246232432930704,False,1.0,1.0,1.0,True,True
2022,RJ,5588,DANIEL RICARDO SORANZ PINTO,PSD,1,814030.95,0.0,1195300.0,147702.44,0.0,1343002.44,1195300.0,1343002.44,19.246232432930704,False,1.0,1.0,1.0,True,True
2022,RJ,5000,TARCÍSIO MOTTA DE CARVALHO,PSOL,1,1460868.23,0.0,6000.0,4232.0,0.0,10232.0,6000.0,10232.0,10.203362792773314,False,1.0,1.0,1.0,False,False
2022,RJ,5033,HENRIQUE DOS SANTOS VIEIRA LIMA,PSOL,1,1410702.04,0.0,25438.85,8257.0,0.0,33695.85,25438.85,33695.85,10.203362792773314,False,1.0,1.0,1.0,False,False
2022,RJ,5050,FRANCISCO RODRIGUES DE ALENCAR FILHO,PSOL,1,1033129.32,0.0,3780.0,10120.0,50000.0,63900.0,3780.0,13900.0,10.203362792773314,False,1.0,1.0,1.0,False,False
2022,RJ,5077,TALÍRIA PETRONE SOARES,PSOL,1,1559757.0199999998,0.0,44760.0,7139.0,0.0,51899.0,44760.0,51899.0,10.203362792773314,False,1.0,1.0,1.0,False,False
2022,RJ,5080,GLAUBER DE MEDEIROS BRAGA,PSOL,1,1455158.98,0.0,60000.0,0.0,2616.0,62616.0,60000.0,60000.0,10.203362792773314,False,1.0,1.0,1.0,False,False
2022,RJ,1300,LUIZ LINDBERGH FARIAS FILHO,PT,1,1487300.0,0.0,522805.0,10096.0,0.0,532901.0,522805.0,532901.0,9.710044257831095,False,1.0,1.0,1.0,True,True
2022,RJ,1301,DIMAS DE PAIVA GADELHA JUNIOR,PT,1,1070800.0,217.65,51000.0,0.0,0.0,51217.65,51217.65,51217.65,9.710044257831095,False,1.0,1.0,1.0,False,False
2022,RJ,1313,WASHINGTON LUIZ CARDOSO SIQUEIRA,PT,1,1799300.0,0.0,84793.5,0.0,0.0,84793.5,84793.5,84793.5,9.710044257831095,False,1.0,1.0,1.0,False,False
2022,RJ,1333,REIMONT LUIZ OTONI SANTA BÁRBARA,PT,1,660000.0,0.0,94420.0,6943.04,0.0,101363.04,94420.0,101363.04,9.710044257831095,False,1.0,1.0,1.0,False,False
2022,RJ,1377,BENEDITA SOUZA DA SILVA SAMPAIO,PT,1,2671000.0,0.0,100.0,0.0,25000.0,25100.0,100.0,100.0,9.710044257831095,False,1.0,1.0,1.0,False,False
2022,RJ,1433,CARLOS ROBERTO RODRIGUES,PTB,1,353775.0,0.0,73000.0,0.0,0.0,73000.0,73000.0,73000.0,4.502419032913481,False,0.0,0.0,0.0,False,False
2022,RJ,1000,MARCELO BEZERRA CRIVELLA,REPUBLICANOS,1,1696000.0,0.0,16160.0,0.0,0.0,16160.0,16160.0,16160.0,12.13307991737949,False,1.0,1.0,1.0,False,False
2022,RJ,1011,JORGE BRAZ DE OLIVEIRA,REPUBLICANOS,1,1039826.0,9000.0,0.0,0.0,0.0,9000.0,9000.0,9000.0,12.13307991737949,False,1.0,1.0,1.0,False,False
2022,RJ,1033,ROSANGELA DE SOUZA GOMES,REPUBLICANOS,1,2060850.0,0.0,55200.0,0.0,0.0,55200.0,55200.0,55200.0,12.13307991737949,False,1.0,1.0,1.0,False,False
2022,RJ,7733,AUREO LIDIO MOREIRA RIBEIRO,SOLIDARIEDADE,1,2257500.0,15000.0,562900.0,0.0,0.0,577900.0,577900.0,577900.0,4.101454454561155,False,1.0,1.0,1.0,True,True
2022,RJ,4400,ROGÉRIO TEIXEIRA JUNIOR,UNIAO,1,2500000.0,0.0,20000.0,0.0,0.0,20000.0,20000.0,20000.0,22.61963374039158,False,1.0,1.0,1.0,False,False
2022,RJ,4401,JOÃO FRANCISCO INÁCIO BRAZÃO,UNIAO,1,2500000.0,0.35,0.0,0.0,0.0,0.35,0.35,0.35,22.61963374039158,False,1.0,1.0,1.0,False,False
2022,RJ,4412,DANIELA MOTÉ DE SOUZA CARNEIRO,UNIAO,1,3000000.0,27522.0,54000.0,0.0,0.0,81522.0,81522.0,81522.0,22.61963374039158,False,1.0,1.0,1.0,False,False
2022,RJ,4444,MARCOS BEZERRA RIBEIRO SOARES,UNIAO,1,2400000.0,0.0,18600.0,0.0,45593.75,64193.75,18600.0,18600.0,22.61963374039158,False,1.0,1.0,1.0,False,False
2022,RJ,4452,MURILLO GOUVÊA RODRIGUES,UNIAO,1,1100000.0,95000.0,527477.56,0.0,0.0,622477.56,622477.56,622477.56,22.61963374039158,False,1.0,1.0,1.0,True,True
2022,RJ,4477,DANIELLE DYTZ DA CUNHA,UNIAO,1,2550000.0,77990.0,21.95,0.0,0.0,78011.95,78011.95,78011.95,22.61963374039158,False,1.0,1.0,1.0,False,False
2022,RN,2210,ELIESER GIRÃO MONTEIRO FILHO,PL,1,1378000.0,33200.0,40200.0,0.0,0.0,73400.0,73400.0,73400.0,3.5953136022931003,False,1.0,1.0,1.0,False,False
2022,RN,2222,JOÃO DA SILVA MAIA,PL,1,1500000.0,22010.0,397169.4,0.0,0.0,419179.4,419179.4,419179.4,3.5953136022931003,False,1.0,1.0,1.0,True,True
2022,RN,2238,EVANDRO GONÇALVES DA SILVA JUNIOR,PL,1,2000.0,8793.0,2800.0,650.0,100000.0,112243.0,11593.0,12243.0,3.5953136022931003,False,0.0,0.0,0.0,False,False
2022,RN,2255,ROBINSON MESQUITA DE FARIA,PL,1,1500000.0,25439.4,213982.2,0.0,0.0,239421.6,239421.6,239421.6,3.5953136022931003,False,1.0,1.0,1.0,True,True
2022,RN,1311,NATÁLIA BASTOS BONAVIDES,PT,1,2310000.0,0.0,206500.0,0.0,0.0,206500.0,206500.0,206500.0,2.6888512845026047,False,1.0,1.0,1.0,True,True
2022,RN,1333,FERNANDO WANDERLEY VARGAS DA SILVA,PT,1,902300.0,7165.15,15698.58,0.0,0.0,22863.73,22863.73,22863.73,2.6888512845026047,False,1.0,1.0,1.0,False,False
2022,RN,4444,LUIZ BENES LEOCÁDIO DE ARAÚJO,UNIAO,1,2990829.69,0.0,34106.86,0.0,0.0,34106.86,34106.86,34106.86,7.598121153089694,False,1.0,1.0,1.0,False,False
2022,RN,4488,PAULO EDUARDO DA COSTA FREIRE,UNIAO,1,2952154.69,34000.0,97250.0,0.0,0.0,131250.0,131250.0,131250.0,7.598121153089694,False,1.0,1.0,1.0,False,True
2022,RO,1522,THIAGO LEITE FLORES PEREIRA,MDB,1,1220000.0,0.0,229344.30000000002,0.0,0.0,229344.30000000002,229344.30000000002,229344.30000000002,6.460558704288218,False,1.0,1.0,1.0,True,True
2022,RO,1555,LUCIO ANTONIO MOSQUINI,MDB,1,2500000.0,10850.0,375200.0,0.0,0.0,386050.0,386050.0,386050.0,6.460558704288218,False,1.0,1.0,1.0,True,True
2022,RO,2200,SÍLVIA CRISTINA AMANCIO CHAGAS,PL,1,3000000.0,0.0,241700.0,0.0,4123.67,245823.67,241700.0,241700.0,3.085128726717563,False,1.0,1.0,1.0,True,True
2022,RO,2210,JOÃO CHRISÓSTOMO DE MOURA,PL,1,1243150.0,5000.0,212204.0,0.0,0.0,217204.0,217204.0,217204.0,3.085128726717563,False,1.0,1.0,1.0,True,True
2022,RO,4412,CRISTIANE LOPES DA LUZ BENARROSH,UNIAO,1,1475000.0,8000.0,296008.0,0.0,0.0,304008.0,304008.0,304008.0,7.795408051671324,False,1.0,1.0,1.0,True,True
2022,RO,4422,FERNANDO RODRIGUES MÁXIMO,UNIAO,1,2410725.0,0.0,210400.0,0.0,0.0,210400.0,210400.0,210400.0,7.795408051671324,False,1.0,1.0,1.0,True,True
2022,RO,4429,JOSÉ EURIPEDES CLEMENTE,UNIAO,1,1580725.0,0.0,621669.9,0.0,0.0,621669.9,621669.9,621669.9,7.795408051671324,False,1.0,1.0,1.0,True,True
2022,RO,4444,MAURÍCIO FONSECA RIBEIRO CARVALHO DE MORAES,UNIAO,1,1425725.0,347000.0,435280.0,0.0,0.0,782280.0,782280.0,782280.0,7.795408051671324,False,1.0,1.0,1.0,True,True
2022,RR,1510,DUDA BRITO RAMOS,MDB,1,302500.0,100000.0,701569.74,0.0,0.0,801569.74,801569.74,801569.74,7.210439630590288,False,1.0,1.0,1.0,True,True
2022,RR,1515,MARIA HELENA TEIXEIRA LIMA,MDB,1,574500.0,153025.0,403400.0,0.0,0.0,556425.0,556425.0,556425.0,7.210439630590288,False,1.0,1.0,1.0,True,True
2022,RR,5555,JOSÉ HAROLDO FIGUEIREDO CAMPOS,PSD,1,900000.0,0.0,156139.51,0.0,0.0,156139.51,156139.51,156139.51,5.876090934693003,False,1.0,1.0,1.0,True,True
2022,RR,1011,JOHNATHAN PEREIRA DE JESUS,REPUBLICANOS,1,1500000.0,0.0,0.0,0.0,0.0,0.0,0.0,0.0,6.78711623399212,False,1.0,1.0,1.0,False,False
2022,RR,1077,STÉLIO DENER DE SOUZA CRUZ,REPUBLICANOS,1,503000.0,40000.0,131077.0,0.0,0.0,171077.0,171077.0,171077.0,6.78711623399212,False,1.0,1.0,1.0,True,True
2022,RR,1099,JOSÉ FRANCISCO LOPES DE ALBUQUERQUE,REPUBLICANOS,1,500000.0,0.0,29300.0,0.0,0.0,29300.0,29300.0,29300.0,6.78711623399212,False,1.0,1.0,1.0,False,False
2022,RR,4420,RAIMUNDO DINIZ ARAÚJO,UNIAO,1,1022407.41,0.0,0.0,0.0,0.0,0.0,0.0,0.0,6.2571378267556685,False,1.0,1.0,1.0,False,False
2022,RR,4444,ANTONIO CARLOS NICOLETTI,UNIAO,1,1916407.41,0.0,0.0,0.0,0.0,0.0,0.0,0.0,6.2571378267556685,False,1.0,1.0,1.0,False,False
2022,RS,2323,ANY MACHADO ORTIZ,CIDADANIA,1,2287409.38,0.0,39250.0,0.0,26950.0,66200.0,39250.0,39250.0,1.114540694720668,False,1.0,1.0,1.0,False,False
2022,RS,1500,ALCEU MOREIRA DA SILVA,MDB,1,2006499.98,20000.0,592000.0,0.0,0.0,612000.0,612000.0,612000.0,8.380185477014761,False,1.0,1.0,1.0,True,True
2022,RS,1520,MARCIO DELLA VALLE BIOLCHI,MDB,1,2505999.98,0.0,30000.0,0.0,0.0,30000.0,30000.0,30000.0,8.380185477014761,False,1.0,1.0,1.0,False,False
2022,RS,1522,OSMAR GASPARINI TERRA,MDB,1,2505999.98,0.0,541160.0,5346.0,0.0,546506.0,541160.0,546506.0,8.380185477014761,False,1.0,1.0,1.0,True,True
2022,RS,3030,MARCEL VAN HATTEM,NOVO,1,158428.04,0.0,1590276.45,80632.61,40920.0,1711829.06,1590276.45,1670909.06,2.471425836397003,False,1.0,1.0,1.0,True,True
2022,RS,6565,DAIANA SILVA DOS SANTOS,PC DO B,1,683360.95,0.0,28680.16,3250.0,380.0,32310.16,28680.16,31930.16,2.4443665628778684,False,1.0,1.0,1.0,False,False
2022,RS,1200,AFONSO ANTUNES DA MOTTA,PDT,1,1450000.0,150000.0,101622.19,0.0,0.0,251622.19,251622.19,251622.19,5.673693812818795,False,1.0,1.0,1.0,True,True
2022,RS,1212,DARCI POMPEO DE MATTOS,PDT,1,1545000.0,2500.0,0.0,0.0,0.0,2500.0,2500.0,2500.0,5.673693812818795,False,1.0,1.0,1.0,False,False
2022,RS,2200,ALCIBIO MESQUITA BIBO NUNES,PL,1,1451281.58,0.0,126950.0,0.0,4289.56,131239.56,126950.0,126950.0,4.679449702065038,False,1.0,1.0,1.0,False,False
2022,RS,2210,UBIRATAN ANTUNES SANDERSON,PL,1,0.0,0.0,414152.22,0.0,0.0,414152.22,414152.22,414152.22,4.679449702065038,False,0.0,0.0,0.0,True,True
2022,RS,2214,MARCELO PIRES MORAES,PL,1,2001281.58,0.0,46985.31,0.0,3520.9,50506.21,46985.31,46985.31,4.679449702065038,False,1.0,1.0,1.0,False,False
2022,RS,2222,GIOVANI CHERINI,PL,1,3001281.58,0.0,101100.0,0.0,4289.56,105389.56,101100.0,101100.0,4.679449702065038,False,1.0,1.0,1.0,False,False
2022,RS,1922,MAURICIO BEDIN MARCON,PODE,1,0.0,1.0,46287.22,22904.0,2552.7999999999997,71745.02,46288.22,69192.22,4.661234135138024,False,0.0,0.0,0.0,False,False
2022,RS,1111,LUIS ANTONIO FRANCISCATTO COVATTI,PP,1,2350000.0,311369.65,228000.01,0.0,9753.79,549123.4500000001,539369.66,539369.66,5.8145712140222034,False,1.0,1.0,1.0,True,True
2022,RS,1144,PEDRO BANDARRA WESTPHALEN,PP,1,3036000.0,18832.28,126350.0,0.0,9753.79,154936.07,145182.28,145182.28,5.8145712140222034,False,1.0,1.0,1.0,True,True
2022,RS,1166,JOSÉ ALFONSO EBERT HAMM,PP,1,1100000.0,0.0,150190.0,0.0,9753.79,159943.79,150190.0,150190.0,5.8145712140222034,False,1.0,1.0,1.0,True,True
2022,RS,4012,HEITOR JOSÉ SCHUCH,PSB,1,2500000.0,0.0,74500.0,0.0,0.0,74500.0,74500.0,74500.0,7.212632236665324,False,1.0,1.0,1.0,False,False
2022,RS,5501,DANRLEI DE DEUS HINTERHOLZ,PSD,1,1221057.38,0.0,16172.0,0.0,0.0,16172.0,16172.0,16172.0,7.600934886800203,False,1.0,1.0,1.0,False,False
2022,RS,4500,DANIEL TRZECIAK DUARTE,PSDB,1,1927999.98,2000.0,146666.66999999998,0.0,0.0,148666.66999999998,148666.66999999998,148666.66999999998,7.573606909368637,False,1.0,1.0,1.0,True,True
2022,RS,4511,LUCAS BELLO REDECKER,PSDB,1,1029749.98,0.0,649457.13,0.0,0.0,649457.13,649457.13,649457.13,7.573606909368637,False,1.0,1.0,1.0,True,True
2022,RS,5050,FERNANDA MELCHIONNA E SILVA,PSOL,1,1810826.09,0.0,17100.0,8268.130000000001,90.87,25459.0,17100.0,25368.13,7.592811528039297,False,1.0,1.0,1.0,False,False
2022,RS,1307,PAULO ROBERTO SEVERO PIMENTA,PT,1,1800000.0,3000.0,315105.19,15423.0,10392.0,343920.19,318105.19,333528.19,9.643977992734674,False,1.0,1.0,1.0,True,True
2022,RS,1311,ALEXANDRE DUARTE LINDENMEYER,PT,1,1289000.0,10000.0,117216.91,1760.0,4392.0,133368.91,127216.91,128976.91,9.643977992734674,False,1.0,1.0,1.0,False,False
2022,RS,1320,ELVINO JOSÉ BOHN GASS,PT,1,1800000.0,36200.0,118632.6,0.0,4392.0,159224.6,154832.6,154832.6,9.643977992734674,False,1.0,1.0,1.0,True,True
2022,RS,1333,DENISE DA SILVA PESSÔA,PT,1,1407460.0,0.0,42250.0,2143.26,140172.0,184565.26,42250.0,44393.26,9.643977992734674,False,1.0,1.0,1.0,True,False
2022,RS,1355,DIONILSO MATEUS MARCON,PT,1,1800000.0,5000.0,57900.0,773.0,4392.0,68065.0,62900.0,63673.0,9.643977992734674,False,1.0,1.0,1.0,False,False
2022,RS,1370,MARIA DO ROSÁRIO NUNES,PT,1,2313240.0,0.0,10018.23,17461.03,201576.0,229055.26,10018.23,27479.26,9.643977992734674,False,1.0,1.0,1.0,True,False
2022,RS,1010,ANTONIO CARLOS GOMES DA SILVA,REPUBLICANOS,1,1722769.99,0.0,23742.6,0.0,0.0,23742.6,23742.6,23742.6,7.149452145541751,False,1.0,1.0,1.0,False,False
2022,RS,1012,FRANCIANE ABADE BAYER MULLER,REPUBLICANOS,1,731258.0,20160.0,52775.0,0.0,0.0,72935.0,72935.0,72935.0,7.149452145541751,False,1.0,1.0,1.0,False,False
2022,RS,1022,LUCIANO LORENZINI ZUCCO,REPUBLICANOS,1,1649033.19,0.0,158055.0,2564.2,0.0,160619.2,158055.0,160619.2,7.149452145541751,False,1.0,1.0,1.0,True,True
2022,RS,4444,LUIZ CARLOS GHIORZZI BUSATO,UNIAO,1,1765121.05,0.0,29350.0,0.0,0.0,29350.0,29350.0,29350.0,6.974504114809445,False,1.0,1.0,1.0,False,False
2022,SC,2323,CARMEN EMÍLIA BONFÁ ZANOTTO,CIDADANIA,1,2830488.89,11000.0,12457.27,0.0,0.0,23457.27,23457.27,23457.27,1.1427372785744532,False,1.0,1.0,1.0,False,False
2022,SC,1510,RAFAEL PEZENTI,MDB,1,2002674.0,0.0,84199.0,0.0,0.0,84199.0,84199.0,84199.0,5.26344179759103,False,1.0,1.0,1.0,False,False
2022,SC,1560,VALDIR VITAL COBALCHINI,MDB,1,500000.0,8400.0,767174.22,0.0,0.0,775574.22,775574.22,775574.22,5.26344179759103,False,1.0,1.0,1.0,True,True
2022,SC,1570,CARLOS ALBERTO CHIODINI,MDB,1,1602674.0,10000.0,292000.0,0.0,0.0,302000.0,302000.0,302000.0,5.26344179759103,False,1.0,1.0,1.0,True,True
2022,SC,3050,GILSON MARQUES VIEIRA,NOVO,1,13041.53,150.0,974293.92,42513.0,3020.0,1019976.92,974443.92,1016956.92,2.5031107604269396,False,0.0,0.0,0.0,True,True
2022,SC,2200,CAROLINE RODRIGUES DE TONI,PL,1,0.0,13630.0,416250.0,25187.22,13898.14,468965.36,429880.0,455067.22,4.750930791416097,False,0.0,0.0,0.0,True,True
2022,SC,2210,DANIELA CRISTINA REINEHR,PL,1,2526000.0,0.0,1476.0,0.0,13898.14,15374.14,1476.0,1476.0,4.750930791416097,False,1.0,1.0,1.0,False,False
2022,SC,2211,DANIEL COSTA DE FREITAS,PL,1,1000000.0,0.0,785100.0,0.0,13904.88,799004.88,785100.0,785100.0,4.750930791416097,False,1.0,1.0,1.0,True,True
2022,SC,2220,MARCOS ANTONIO PEREIRA GOMES,PL,1,500000.0,0.0,0.0,0.0,13898.14,13898.14,0.0,0.0,4.750930791416097,False,0.0,0.5,0.5,False,False
2022,SC,2222,JORGE GOETTEN DE LIMA,PL,1,500000.0,262780.0,324500.0,0.0,13930.23,601210.23,587280.0,587280.0,4.750930791416097,False,0.0,0.5,0.5,True,True
2022,SC,2233,JULIA PEDROSO ZANATTA,PL,1,1000000.0,2901.1,64000.0,2902.0,13898.14,83701.24,66901.1,69803.1,4.750930791416097,False,1.0,1.0,1.0,False,False
2022,SC,5511,RICARDO ZANATTA GUIDI,PSD,1,1900000.0,32250.2,120479.0,0.0,150000.0,302729.2,152729.2,152729.2,6.385014983649961,False,1.0,1.0,1.0,True,True
2022,SC,5577,ISMAEL DOS SANTOS,PSD,1,1476500.0,70000.0,153972.7,0.0,0.0,223972.7,223972.7,223972.7,6.385014983649961,False,1.0,1.0,1.0,True,True
2022,SC,1313,ANA PAULA DE SOUZA LIMA,PT,1,1050000.0,2162.59,164090.0,9048.0,3621.5,178922.09,166252.59,175300.59,5.2703460747083595,False,1.0,1.0,1.0,True,True
2022,SC,1350,PEDRO FRANCISCO UCZAI,PT,1,1693480.12,4688.17,84300.0,0.0,750.0,89738.17,88988.17,88988.17,5.2703460747083595,False,1.0,1.0,1.0,False,False
2022,SC,4444,FABIO LUIZ SCHIOCHET FILHO,UNIAO,1,2228231.37,5000.0,9600.0,0.0,0.0,14600.0,14600.0,14600.0,9.780468573922851,False,1.0,1.0,1.0,False,False
2022,SE,2244,ICARO BARBOSA COSTA,PL,1,300000.0,800.0,33100.0,0.0,1400.0,35300.0,33900.0,33900.0,3.4351845940440056,False,1.0,1.0,1.0,False,False
2022,SE,1133,JOSE THIAGO ALVES DE CARVALHO,PP,1,610000.0,0.0,133050.0,0.0,26980.0,160030.0,133050.0,133050.0,6.747696421533657,False,1.0,1.0,1.0,True,True
2022,SE,5505,KATARINA FEITOZA LIMA SANTANA,PSD,1,2500000.0,0.0,112348.0,0.0,6795.0,119143.0,112348.0,112348.0,4.311710092202147,False,1.0,1.0,1.0,False,False
2022,SE,5555,FABIO DE ALMEIDA REIS,PSD,1,2000000.0,0.0,0.0,0.0,0.0,0.0,0.0,0.0,4.311710092202147,False,1.0,1.0,1.0,False,False
2022,SE,1311,JOAO SOMARIVA DANIEL,PT,1,1682665.55,0.0,21500.0,0.0,37535.13,59035.13,21500.0,21500.0,2.4291094380392426,False,1.0,1.0,1.0,False,False
2022,SE,1077,LUIZ AUGUSTO CARVALHO RIBEIRO FILHO,REPUBLICANOS,1,1915000.0,0.0,119250.0,0.0,0.0,119250.0,119250.0,119250.0,5.460996428371687,False,1.0,1.0,1.0,False,False
2022,SE,4444,YANDRA BARRETO FERREIRA,UNIAO,1,3018930.15,55000.0,102805.0,0.0,0.0,157805.0,157805.0,157805.0,6.167839670842193,False,1.0,1.0,1.0,True,True
2022,SE,4477,RODRIGO SANTANA VALADARES,UNIAO,1,1800000.0,266950.0,153470.0,0.0,3090.0,423510.0,420420.0,420420.0,6.167839670842193,False,1.0,1.0,1.0,True,True
2022,SP,2323,ALEX SPINELLI MANENTE,CIDADANIA,1,3027160.02,10000.0,70600.0,0.0,0.0,80600.0,80600.0,80600.0,4.324876372363424,False,1.0,1.0,1.0,False,False
2022,SP,2345,ARNALDO CALIL PEREIRA JARDIM,CIDADANIA,1,1939500.0,0.0,1850499.99,0.0,0.0,1850499.99,1850499.99,1850499.99,4.324876372363424,False,1.0,1.0,1.0,True,True
2022,SP,1500,MARIO PALUMBO JUNIOR,MDB,1,0.0,160000.0,420028.0,5303.0,0.0,585331.0,580028.0,585331.0,21.062550453564533,False,0.0,0.0,0.0,True,True
2022,SP,1515,LUIZ FELIPE BALEIA TENUTO ROSSI,MDB,1,2600000.0,0.0,333000.0,0.0,0.0,333000.0,333000.0,333000.0,21.062550453564533,False,1.0,1.0,1.0,True,True
2022,SP,1520,SIMONE APARECIDA CURRALADAS DOS SANTOS,MDB,1,1000000.0,0.0,103000.0,0.0,0.0,103000.0,103000.0,103000.0,21.062550453564533,False,1.0,1.0,1.0,False,False
2022,SP,1580,FÁBIO EDUARDO DE OLIVEIRA TERUEL,MDB,1,1000000.0,0.0,0.0,0.0,0.0,0.0,0.0,0.0,21.062550453564533,False,1.0,1.0,1.0,False,False
2022,SP,1599,ALBERTO PEREIRA MOURÃO,MDB,1,1500000.0,131700.0,1201484.0,0.0,0.0,1333184.0,1333184.0,1333184.0,21.062550453564533,False,1.0,1.0,1.0,True,True
2022,SP,3030,ADRIANA MIGUEL VENTURA,NOVO,1,46841.53,0.0,954467.7,34539.28,0.0,989006.98,954467.7,989006.98,7.609844251788942,False,1.0,1.0,1.0,True,True
2022,SP,2200,JOSÉ AUGUSTO ROSA,PL,1,505240.62,6500.0,369960.0,0.0,0.0,376460.0,376460.0,376460.0,23.132084703147232,False,0.0,0.0,1.0,True,True
2022,SP,2208,MARIO LUIS FRIAS,PL,1,583740.63,3750.0,107995.0,0.0,74728.46,186473.46000000002,111745.0,111745.0,23.132084703147232,False,1.0,1.0,1.0,True,False
2022,SP,2210,CARLA ZAMBELLI SALGADO DE OLIVEIRA,PL,1,2035022.19,0.0,100970.0,10711.0,196.5,111877.5,100970.0,111681.0,23.132084703147232,False,1.0,1.0,1.0,False,False
2022,SP,2211,ANTONIO CARLOS RODRIGUES,PL,1,528345.04,170000.0,337000.0,0.0,0.0,507000.0,507000.0,507000.0,23.132084703147232,False,1.0,1.0,1.0,True,True
2022,SP,2222,EDUARDO NANTES BOLSONARO,PL,1,805240.63,0.0,2000.0,0.0,1.0,2001.0,2000.0,2000.0,23.132084703147232,False,1.0,1.0,1.0,False,False
2022,SP,2227,ROSANA DE OLIVEIRA VALLE,PL,1,3009022.19,14771.18,19935.510000000002,0.0,0.0,34706.69,34706.69,34706.69,23.132084703147232,False,1.0,1.0,1.0,False,False
2022,SP,2233,PAULO ROBERTO FREIRE DA COSTA,PL,1,505240.63,0.0,0.0,0.0,0.0,0.0,0.0,0.0,23.132084703147232,False,1.0,1.0,1.0,False,False
2022,SP,2243,LUIZ PHILIPPE DE ORLEANS E BRAGANÇA,PL,1,5240.63,0.0,404620.0,0.0,0.0,404620.0,404620.0,404620.0,23.132084703147232,False,0.0,0.0,0.0,True,True
2022,SP,2244,LUIZ CARLOS MOTTA,PL,1,505240.63,240000.0,348200.0,0.0,55.760000000000005,588255.76,588200.0,588200.0,23.132084703147232,False,1.0,1.0,1.0,True,True
2022,SP,2247,PAULO FRANCISCO MUNIZ BILYNSKYJ,PL,1,201431.42,0.0,6600.0,13116.220000000001,0.0,19716.22,6600.0,19716.22,23.132084703147232,False,0.0,0.0,0.0,False,False
2022,SP,2250,RICARDO DE AQUINO SALLES,PL,1,555240.63,0.0,1823400.0,0.0,22500.0,1845900.0,1823400.0,1823400.0,23.132084703147232,False,1.0,1.0,1.0,True,True
2022,SP,2255,FRANCISCO EVERARDO TIRIRICA OLIVEIRA SILVA,PL,1,600000.0,0.0,0.0,0.0,0.0,0.0,0.0,0.0,23.132084703147232,False,1.0,1.0,1.0,False,False
2022,SP,2270,MARCO ANTONIO FELICIANO,PL,1,2005240.63,0.0,10830.0,0.0,0.0,10830.0,10830.0,10830.0,23.132084703147232,False,1.0,1.0,1.0,False,False
2022,SP,2274,JEFFERSON ALVES DE CAMPOS,PL,1,505240.63,0.0,37741.5,0.0,182000.0,219741.5,37741.5,37741.5,23.132084703147232,False,1.0,1.0,1.0,True,False
2022,SP,2277,MIGUEL LOMBARDI,PL,1,585240.63,0.0,617750.0,0.0,0.0,617750.0,617750.0,617750.0,23.132084703147232,False,1.0,1.0,1.0,True,True
2022,SP,2290,GUILHERME MURARO DERRITE,PL,1,2005240.6300000001,0.0,351755.0,0.0,0.0,351755.0,351755.0,351755.0,23.132084703147232,False,1.0,1.0,1.0,True,True
2022,SP,2299,MARCIO LUIZ ALVINO DE SOUZA,PL,1,5240.63,40360.0,920420.0,0.0,0.0,960780.0,960780.0,960780.0,23.132084703147232,False,0.0,0.0,0.0,True,True
2022,SP,1910,BRUNO AREVALO GANEM,PODE,1,800000.0,0.0,0.0,0.0,0.0,0.0,0.0,0.0,21.799049782426085,False,1.0,1.0,1.0,False,False
2022,SP,1919,RENATA HELLMEISTER DE ABREU MELO,PODE,1,3311231.9,0.0,0.0,2685.5,0.0,2685.5,0.0,2685.5,21.799049782426085,False,1.0,1.0,1.0,False,False
2022,SP,1977,RODRIGO GAMBALE VIEIRA,PODE,1,1800000.0,0.0,0.0,0.0,0.0,0.0,0.0,0.0,21.799049782426085,False,1.0,1.0,1.0,False,False
2022,SP,1100,MANOEL MAURICIO SILVA NEVES,PP,1,2500000.0,0.0,289100.0,0.0,916.9499999999999,290016.95,289100.0,289100.0,8.427784064879944,False,1.0,1.0,1.0,True,True
2022,SP,1111,BRUNO MARCELLO DE OLIVEIRA LIMA,PP,1,2800000.0,12000.0,2000.0,0.0,0.0,14000.0,14000.0,14000.0,8.427784064879944,False,1.0,1.0,1.0,False,False
2022,SP,1122,CARLOS ALBERTO DA CUNHA,PP,1,2312000.0,0.0,16348.0,0.0,0.0,16348.0,16348.0,16348.0,8.427784064879944,False,1.0,1.0,1.0,False,False
2022,SP,1123,FAUSTO RUY PINATO,PP,1,2500000.0,5000.0,14800.0,0.0,10715.27,30515.27,19800.0,19800.0,8.427784064879944,False,1.0,1.0,1.0,False,False
2022,SP,4000,JONAS DONIZETTE FERREIRA,PSB,1,2506086.96,0.0,641200.0,0.0,0.0,641200.0,641200.0,641200.0,11.379591115316128,False,1.0,1.0,1.0,True,True
2022,SP,4040,TABATA CLAUDIA AMARAL DE PONTES,PSB,1,197935.0,0.0,2016944.78,124586.59,0.0,2141531.37,2016944.78,2141531.37,11.379591115316128,False,0.0,0.0,1.0,True,True
2022,SP,2020,GILBERTO NASCIMENTO SILVA,PSC,1,1125000.0,0.0,327700.0,0.0,0.0,327700.0,327700.0,327700.0,7.92525117009437,False,1.0,1.0,1.0,True,True
2022,SP,5500,MARCO AURELIO BERTAIOLLI,PSD,1,2109056.41,0.0,255000.0,0.0,0.0,255000.0,255000.0,255000.0,17.677200325989766,False,1.0,1.0,1.0,True,True
2022,SP,5512,RICARDO AUGUSTO MACHADO DA SILVA,PSD,1,1506859.8199999998,36325.04,128570.0,2789.0,0.0,167684.04,164895.04,167684.04,17.677200325989766,False,1.0,1.0,1.0,True,True
2022,SP,5577,ANTONIO CEZAR CORREIA FREIRE,PSD,1,1010256.4099999999,900.0,229850.0,0.0,401282.7,632032.7,230750.0,230750.0,17.677200325989766,False,1.0,1.0,1.0,True,True
2022,SP,4500,CARLOS HENRIQUE FOCESI SAMPAIO,PSDB,1,32333.36,0.0,2439328.85,0.0,0.0,2439328.85,2439328.85,2439328.85,13.314037165521773,False,0.0,0.0,0.0,True,True
2022,SP,4510,VITOR LIPPI,PSDB,1,2307333.3600000003,0.0,475100.0,0.0,0.0,475100.0,475100.0,475100.0,13.314037165521773,False,1.0,1.0,1.0,True,True
2022,SP,4533,PAULO ALEXANDRE PEREIRA BARBOSA,PSDB,1,3180963.01,0.0,3000.0,0.0,4178.59,7178.59,3000.0,3000.0,13.314037165521773,False,1.0,1.0,1.0,False,False
2022,SP,5000,SÂMIA DE SOUZA BOMFIM,PSOL,1,1950927.66,20000.0,2000.0,40783.0,0.0,62783.0,22000.0,62783.0,11.85416785885637,False,1.0,1.0,1.0,False,False
2022,SP,5010,GUILHERME CASTRO BOULOS,PSOL,1,1879156.55,0.0,682508.6699999999,267578.0,0.0,950086.6699999999,682508.6699999999,950086.6699999999,11.85416785885637,False,1.0,1.0,1.0,True,True
2022,SP,5021,LUIZA ERUNDINA DE SOUSA,PSOL,1,1943443.57,0.0,2150.0,0.0,0.0,2150.0,2150.0,2150.0,11.85416785885637,False,1.0,1.0,1.0,False,False
2022,SP,5070,ERIKA SANTOS SILVA,PSOL,1,1424107.94,7400.0,49949.1,39479.55,0.0,96828.65,57349.1,96828.65,11.85416785885637,False,1.0,1.0,1.0,False,False
2022,SP,5088,SÔNIA BONE DE SOUSA SILVA SANTOS,PSOL,1,995661.58,0.0,321177.0,23805.47,0.0,344982.47,321177.0,344982.47,11.85416785885637,False,1.0,1.0,1.0,True,True
2022,SP,1301,FRANCISCO DANIEL CELEGUIM DE MORAIS,PT,1,1691911.48,0.0,6500.0,5564.09,4662.35,16726.440000000002,6500.0,12064.09,28.269678401897153,False,1.0,1.0,1.0,False,False
2022,SP,1313,RUI GOETHE DA COSTA FALCÃO,PT,1,1806311.48,50000.0,135000.0,4325.0,0.0,189325.0,185000.0,189325.0,28.269678401897153,False,1.0,1.0,1.0,True,True
2022,SP,1322,ARLINDO CHIGNALIA JUNIOR,PT,1,2031311.48,10000.0,118317.68,3738.0,60000.0,192055.68,128317.68,132055.68,28.269678401897153,False,1.0,1.0,1.0,True,True
2022,SP,1333,JULIANA CARDOSO,PT,1,1928771.47,0.0,587603.0,26839.47,98000.0,712442.47,587603.0,614442.47,28.269678401897153,False,1.0,1.0,1.0,True,True
2022,SP,1353,NILTO IGNÁCIO TATTO,PT,1,1806311.48,22.2,7000.09,5328.0,16791.370000000003,29141.660000000003,7022.29,12350.29,28.269678401897153,False,1.0,1.0,1.0,False,False
2022,SP,1354,ALEXANDRE ROCHA SANTOS PADILHA,PT,1,1806311.48,0.0,374963.8,6727.0,10000.0,391690.8,374963.8,381690.8,28.269678401897153,False,1.0,1.0,1.0,True,True
2022,SP,1355,LUIZ MARINHO,PT,1,1695905.48,0.0,51000.0,5400.0,120000.0,176400.0,51000.0,56400.0,28.269678401897153,False,1.0,1.0,1.0,True,False
2022,SP,1358,ALENCAR SANTANA BRAGA,PT,1,1826311.48,5000.0,17961.05,0.0,10000.0,32961.05,22961.05,22961.05,28.269678401897153,False,1.0,1.0,1.0,False,False
2022,SP,1370,CARLOS ALBERTO ROLIM ZARATTINI,PT,1,1806311.48,1252.0,373800.0,9938.0,10952.57,395942.57,375052.0,384990.0,28.269678401897153,False,1.0,1.0,1.0,True,True
2022,SP,1380,JILMAR AUGUSTINHO TATTO,PT,1,1986311.48,0.0,1.3,0.0,13395.1,13396.4,1.3,1.3,28.269678401897153,False,1.0,1.0,1.0,False,False
2022,SP,1398,LUIZ PAULO TEIXEIRA FERREIRA,PT,1,1551311.48,0.0,1727781.0,2201.0,0.0,1729982.0,1727781.0,1729982.0,28.269678401897153,False,1.0,1.0,1.0,True,True
2022,SP,1818,MARIA OSMARINA MARINA DA SILVA VAZ DE LIMA,REDE,1,2717535.0,0.0,156000.0,48860.58,786.9399999999999,205647.52000000002,156000.0,204860.58000000002,2.838372834155238,False,1.0,1.0,1.0,True,True
2022,SP,1000,CELSO UBIRAJARA RUSSOMANNO,REPUBLICANOS,1,2617024.0,2500.0,106310.0,0.0,0.0,108810.0,108810.0,108810.0,19.18723907771033,False,1.0,1.0,1.0,False,False
2022,SP,1010,MARCOS ANTONIO PEREIRA,REPUBLICANOS,1,2955993.2199999997,0.0,134000.0,0.0,3535.33,137535.33,134000.0,134000.0,19.18723907771033,False,1.0,1.0,1.0,False,True
2022,SP,1022,MARIA DO PARTO MENDES ROSAS,REPUBLICANOS,1,2899135.6,0.0,200.0,0.0,0.0,200.0,200.0,200.0,19.18723907771033,False,1.0,1.0,1.0,False,False
2022,SP,1055,MILTON VIEIRA PINTO,REPUBLICANOS,1,1010538.0,44463.21,20000.0,0.0,0.0,64463.21,64463.21,64463.21,19.18723907771033,False,1.0,1.0,1.0,False,False
2022,SP,1085,VINICIUS RAPOZO DE CARVALHO,REPUBLICANOS,1,1467135.0,0.0,160000.0,0.0,0.0,160000.0,160000.0,160000.0,19.18723907771033,False,1.0,1.0,1.0,True,True
2022,SP,7780,MARCELO DE LIMA FERNANDES,SOLIDARIEDADE,1,1726024.4,0.0,485836.0,0.0,0.0,485836.0,485836.0,485836.0,15.30399363306235,False,1.0,1.0,1.0,True,True
2022,SP,4400,ROSANGELA MARIA WOLFF DE QUADROS MORO,UNIAO,1,2808074.5300000003,0.0,61054.44,0.0,0.0,61054.44,61054.44,61054.44,37.676611779952594,False,1.0,1.0,1.0,False,False
2022,SP,4407,FELIPE BECARI COMENALE,UNIAO,1,2916074.5300000003,2500.0,11550.0,0.0,0.0,14050.0,14050.0,14050.0,37.676611779952594,False,1.0,1.0,1.0,False,False
2022,SP,4411,DAVID BEZERRA RIBEIRO SOARES,UNIAO,1,2532004.01,15000.0,10000.0,0.0,0.0,25000.0,25000.0,25000.0,37.676611779952594,False,1.0,1.0,1.0,False,False
2022,SP,4425,ALEXANDRE LEITE DA SILVA,UNIAO,1,2795173.91,4300.0,8460.0,0.0,0.0,12760.0,12760.0,12760.0,37.676611779952594,False,1.0,1.0,1.0,False,False
2022,SP,4433,KIM PATROCA KATAGUIRI,UNIAO,1,1145503.05,770.76,268158.85,192817.33,18000.0,479746.93999999994,268929.61,461746.93999999994,37.676611779952594,False,1.0,1.0,1.0,True,True
2022,SP,4440,FERNANDO JOSE DE SOUZA MARANGONI,UNIAO,1,2333074.5300000003,235000.0,308633.81,0.0,0.0,543633.81,543633.81,543633.81,37.676611779952594,False,1.0,1.0,1.0,True,True
2022,TO,2200,ELI DIAS BORGES,PL,1,2000840.0,0.0,0.0,0.0,15900.0,15900.0,0.0,0.0,3.7271515666813793,False,1.0,1.0,1.0,False,False
2022,TO,2222,FILIPE MARTINS DOS SANTOS,PL,1,500840.0,299040.0,83300.0,0.0,15900.0,398240.0,382340.0,382340.0,3.7271515666813793,False,1.0,1.0,1.0,True,True
2022,TO,1111,VICENTE ALVES DE OLIVEIRA JUNIOR,PP,1,2620000.0,20000.0,230000.0,0.0,0.0,250000.0,250000.0,250000.0,5.856989852816147,False,1.0,1.0,1.0,True,True
2022,TO,1145,LAZARO BOTELHO MARTINS,PP,1,2660000.0,20000.0,1200.0,0.0,0.0,21200.0,21200.0,21200.0,5.856989852816147,False,1.0,1.0,1.0,False,False
2022,TO,1000,RICARDO AYRES DE CARVALHO,REPUBLICANOS,1,604531.25,10000.0,228600.0,0.0,7600.0,246200.0,238600.0,238600.0,7.438240446256457,False,1.0,1.0,1.0,True,True
2022,TO,1011,ANTONIO POINCARE ANDRADE FILHO,REPUBLICANOS,1,704531.25,136360.0,40000.0,0.0,7600.0,183960.0,176360.0,176360.0,7.438240446256457,False,1.0,1.0,1.0,True,True
2022,TO,1088,JOSÉ ALEXANDRE DOMINGUES GUIMARÃES,REPUBLICANOS,1,603750.0,312000.0,38793.0,0.0,25000.0,375793.0,350793.0,350793.0,7.438240446256457,False,1.0,1.0,1.0,True,True
2022,TO,4444,CARLOS HENRIQUE AMORIM,UNIAO,1,2319441.86,9500.0,16200.0,0.0,0.0,25700.0,25700.0,25700.0,5.401684619602764,False,1.0,1.0,1.0,False,False
