ano_eleicao,sg_uf,sg_partido_norm,C,NECr,total_recursos_partidarios,lista_sem_recursos,E,k_top_necr,proporcao_top_necr,empate_corte_top_necr,k_80,proporcao_nucleo_80,empate_corte_nucleo_80,k_acima_igual,proporcao_acima_divisao_igual,empate_corte_acima_divisao_igual,top_necr__nucleo_80__comum,top_necr__nucleo_80__uniao,top_necr__nucleo_80__jaccard,top_necr__nucleo_80__A_contida_B,top_necr__nucleo_80__B_contida_A,top_necr__nucleo_80__pesos_identicos,top_necr__nucleo_80__concordancia_candidaturas,top_necr__acima_divisao_igual__comum,top_necr__acima_divisao_igual__uniao,top_necr__acima_divisao_igual__jaccard,top_necr__acima_divisao_igual__A_contida_B,top_necr__acima_divisao_igual__B_contida_A,top_necr__acima_divisao_igual__pesos_identicos,top_necr__acima_divisao_igual__concordancia_candidaturas,nucleo_80__acima_divisao_igual__comum,nucleo_80__acima_divisao_igual__uniao,nucleo_80__acima_divisao_igual__jaccard,nucleo_80__acima_divisao_igual__A_contida_B,nucleo_80__acima_divisao_igual__B_contida_A,nucleo_80__acima_divisao_igual__pesos_identicos,nucleo_80__acima_divisao_igual__concordancia_candidaturas,C_ref,E_ref,F,F_validos,recebedores,k_ref,C_sobre_NECr,NECr_sobre_C_pct,k_sobre_C_pct,C_menos_NECr,sem_recursos_candidatos
2018,AC,AVANTE,9,5.78668077786618,25700.050000000003,False,0,6,0.6666666666666666,False,5,0.5555555555555556,False,5,0.5555555555555556,False,5.0,6.0,0.8333333333333334,0.8333333333333334,1.0,False,0.8888888888888888,5.0,6.0,0.8333333333333334,0.8333333333333334,1.0,False,0.8888888888888888,5.0,5.0,1.0,1.0,1.0,True,1.0,9,0,0.0,9,6,6.0,1.5552957464708674,64.296453087402,66.66666666666667,3.21331922213382,3
2018,AC,DC,3,2.6312594840667685,40800.0,False,0,3,1.0,False,3,1.0,False,1,0.3333333333333333,False,3.0,3.0,1.0,1.0,1.0,True,1.0,1.0,3.0,0.3333333333333333,0.3333333333333333,1.0,False,0.33333333333333337,1.0,3.0,0.3333333333333333,0.3333333333333333,1.0,False,0.33333333333333337,3,0,0.0,3,3,3.0,1.140138408304498,87.70864946889229,100.0,0.36874051593323154,0
2018,AC,DEM,1,1.0,825300.0,False,1,1,1.0,False,1,1.0,False,0,0.0,False,1.0,1.0,1.0,1.0,1.0,True,1.0,0.0,1.0,0.0,0.0,,False,0.0,0.0,1.0,0.0,0.0,,False,0.0,1,1,1.0,1,1,1.0,1.0,100.0,100.0,0.0,0
2018,AC,MDB,3,2.0355604948463846,3657900.0,False,2,2,0.6666666666666666,False,2,0.6666666666666666,False,2,0.6666666666666666,False,2.0,2.0,1.0,1.0,1.0,True,1.0,2.0,2.0,1.0,1.0,1.0,True,1.0,2.0,2.0,1.0,1.0,1.0,True,1.0,3,2,2.0,3,3,2.0,1.473795550461593,67.85201649487949,66.66666666666667,0.9644395051536154,0
2018,AC,PATRI,1,,0.0,True,0,0,0.0,False,0,0.0,False,0,0.0,False,0.0,0.0,,,,True,1.0,0.0,0.0,,,,True,1.0,0.0,0.0,,,,True,1.0,1,0,0.0,1,0,0.0,,,0.0,,1
2018,AC,PC DO B,1,1.0,899232.95,False,1,1,1.0,False,1,1.0,False,0,0.0,False,1.0,1.0,1.0,1.0,1.0,True,1.0,0.0,1.0,0.0,0.0,,False,0.0,0.0,1.0,0.0,0.0,,False,0.0,1,1,1.0,1,1,1.0,1.0,100.0,100.0,0.0,0
2018,AC,PDT,16,6.764354286202949,250471.77,False,1,7,0.4375,False,6,0.375,False,6,0.375,False,6.0,7.0,0.8571428571428571,0.8571428571428571,1.0,False,0.9375,6.0,7.0,0.8571428571428571,0.8571428571428571,1.0,False,0.9375,6.0,6.0,1.0,1.0,1.0,True,1.0,16,1,4.0,16,14,7.0,2.3653403300644262,42.277214288768434,43.75,9.235645713797052,2
2018,AC,PHS,2,1.6451850694018162,26974.270000000004,False,0,2,1.0,False,2,1.0,False,1,0.5,False,2.0,2.0,1.0,1.0,1.0,True,1.0,1.0,2.0,0.5,0.5,1.0,False,0.5,1.0,2.0,0.5,0.5,1.0,False,0.5,2,0,0.0,2,2,2.0,1.2156687032949998,82.25925347009081,100.0,0.3548149305981838,0
2018,AC,PMB,1,1.0,30000.0,False,0,1,1.0,False,1,1.0,False,0,0.0,False,1.0,1.0,1.0,1.0,1.0,True,1.0,0.0,1.0,0.0,0.0,,False,0.0,0.0,1.0,0.0,0.0,,False,0.0,1,0,0.0,1,1,1.0,1.0,100.0,100.0,0.0,0
2018,AC,PMN,1,1.0,150000.0,False,0,1,1.0,False,1,1.0,False,0,0.0,False,1.0,1.0,1.0,1.0,1.0,True,1.0,0.0,1.0,0.0,0.0,,False,0.0,0.0,1.0,0.0,0.0,,False,0.0,1,0,0.0,1,1,1.0,1.0,100.0,100.0,0.0,0
2018,AC,PODE,2,1.0,100000.0,False,0,1,0.5,False,1,0.5,False,1,0.5,False,1.0,1.0,1.0,1.0,1.0,True,1.0,1.0,1.0,1.0,1.0,1.0,True,1.0,1.0,1.0,1.0,1.0,1.0,True,1.0,2,0,0.0,2,1,1.0,2.0,50.0,50.0,1.0,1
2018,AC,PP,3,2.066556611607563,1322040.0,False,0,2,0.6666666666666666,False,2,0.6666666666666666,False,1,0.3333333333333333,False,2.0,2.0,1.0,1.0,1.0,True,1.0,1.0,2.0,0.5,0.5,1.0,False,0.6666666666666667,1.0,2.0,0.5,0.5,1.0,False,0.6666666666666667,3,0,1.0,3,3,2.0,1.4516902092831208,68.88522038691877,66.66666666666667,0.9334433883924369,0
2018,AC,PPL,1,1.0,4637.5,False,0,1,1.0,False,1,1.0,False,0,0.0,False,1.0,1.0,1.0,1.0,1.0,True,1.0,0.0,1.0,0.0,0.0,,False,0.0,0.0,1.0,0.0,0.0,,False,0.0,1,0,1.0,1,1,1.0,1.0,100.0,100.0,0.0,0
2018,AC,PPS,1,1.0,498048.04,False,0,1,1.0,False,1,1.0,False,0,0.0,False,1.0,1.0,1.0,1.0,1.0,True,1.0,0.0,1.0,0.0,0.0,,False,0.0,0.0,1.0,0.0,0.0,,False,0.0,1,0,0.0,1,1,1.0,1.0,100.0,100.0,0.0,0
2018,AC,PR,1,1.0,1500000.0,False,0,1,1.0,False,1,1.0,False,0,0.0,False,1.0,1.0,1.0,1.0,1.0,True,1.0,0.0,1.0,0.0,0.0,,False,0.0,0.0,1.0,0.0,0.0,,False,0.0,1,0,1.0,1,1,1.0,1.0,100.0,100.0,0.0,0
2018,AC,PROS,2,1.0,316985.0,False,0,1,0.5,False,1,0.5,False,1,0.5,False,1.0,1.0,1.0,1.0,1.0,True,1.0,1.0,1.0,1.0,1.0,1.0,True,1.0,1.0,1.0,1.0,1.0,1.0,True,1.0,2,0,1.0,2,1,1.0,2.0,50.0,50.0,1.0,1
2018,AC,PRP,3,2.248453185959963,61883.04,False,0,2,0.6666666666666666,False,2,0.6666666666666666,False,2,0.6666666666666666,False,2.0,2.0,1.0,1.0,1.0,True,1.0,2.0,2.0,1.0,1.0,1.0,True,1.0,2.0,2.0,1.0,1.0,1.0,True,1.0,3,0,1.0,3,3,2.0,1.3342505944677558,74.94843953199877,66.66666666666667,0.751546814040037,0
2018,AC,PRTB,2,1.0,13715.0,False,0,1,0.5,False,1,0.5,False,1,0.5,False,1.0,1.0,1.0,1.0,1.0,True,1.0,1.0,1.0,1.0,1.0,1.0,True,1.0,1.0,1.0,1.0,1.0,1.0,True,1.0,2,0,0.0,2,1,1.0,2.0,50.0,50.0,1.0,1
2018,AC,PSB,1,1.0,1300000.0,False,0,1,1.0,False,1,1.0,False,0,0.0,False,1.0,1.0,1.0,1.0,1.0,True,1.0,0.0,1.0,0.0,0.0,,False,0.0,0.0,1.0,0.0,0.0,,False,0.0,1,0,1.0,1,1,1.0,1.0,100.0,100.0,0.0,0
2018,AC,PSC,1,1.0,70000.0,False,0,1,1.0,False,1,1.0,False,0,0.0,False,1.0,1.0,1.0,1.0,1.0,True,1.0,0.0,1.0,0.0,0.0,,False,0.0,0.0,1.0,0.0,0.0,,False,0.0,1,0,1.0,1,1,1.0,1.0,100.0,100.0,0.0,0
2018,AC,PSD,1,1.0,824450.0,False,0,1,1.0,False,1,1.0,False,0,0.0,False,1.0,1.0,1.0,1.0,1.0,True,1.0,0.0,1.0,0.0,0.0,,False,0.0,0.0,1.0,0.0,0.0,,False,0.0,1,0,0.0,1,1,1.0,1.0,100.0,100.0,0.0,0
2018,AC,PSDB,1,1.0,1629365.55,False,1,1,1.0,False,1,1.0,False,0,0.0,False,1.0,1.0,1.0,1.0,1.0,True,1.0,0.0,1.0,0.0,0.0,,False,0.0,0.0,1.0,0.0,0.0,,False,0.0,1,1,0.0,1,1,1.0,1.0,100.0,100.0,0.0,0
2018,AC,PSL,8,4.71203274162421,261.04,False,0,5,0.625,False,4,0.5,False,4,0.5,False,4.0,5.0,0.8,0.8,1.0,False,0.875,4.0,5.0,0.8,0.8,1.0,False,0.875,4.0,4.0,1.0,1.0,1.0,True,1.0,8,0,3.0,8,5,5.0,1.6977810721328832,58.900409270302625,62.5,3.28796725837579,3
2018,AC,PSOL,4,3.4898209751924303,300066.64,False,0,3,0.75,False,3,0.75,False,1,0.25,False,3.0,3.0,1.0,1.0,1.0,True,1.0,1.0,3.0,0.3333333333333333,0.3333333333333333,1.0,False,0.5,1.0,3.0,0.3333333333333333,0.3333333333333333,1.0,False,0.5,4,0,1.0,4,4,3.0,1.146190600731156,87.24552437981076,75.0,0.5101790248075697,0
2018,AC,PT,5,3.169675084321672,2778000.0,False,1,3,0.6,False,3,0.6,False,3,0.6,False,3.0,3.0,1.0,1.0,1.0,True,1.0,3.0,3.0,1.0,1.0,1.0,True,1.0,3.0,3.0,1.0,1.0,1.0,True,1.0,5,1,3.0,5,5,3.0,1.5774487501043115,63.393501686433446,60.0,1.830324915678328,0
2018,AC,PTB,1,1.0,449599.75,False,0,1,1.0,False,1,1.0,False,0,0.0,False,1.0,1.0,1.0,1.0,1.0,True,1.0,0.0,1.0,0.0,0.0,,False,0.0,0.0,1.0,0.0,0.0,,False,0.0,1,0,0.0,1,1,1.0,1.0,100.0,100.0,0.0,0
2018,AC,PTC,1,1.0,570000.0,False,0,1,1.0,False,1,1.0,False,0,0.0,False,1.0,1.0,1.0,1.0,1.0,True,1.0,0.0,1.0,0.0,0.0,,False,0.0,0.0,1.0,0.0,0.0,,False,0.0,1,0,0.0,1,1,1.0,1.0,100.0,100.0,0.0,0
2018,AC,PV,2,1.3543842214897526,334343.2,False,0,1,0.5,False,1,0.5,False,1,0.5,False,1.0,1.0,1.0,1.0,1.0,True,1.0,1.0,1.0,1.0,1.0,1.0,True,1.0,1.0,1.0,1.0,1.0,1.0,True,1.0,2,0,1.0,2,2,1.0,1.4766858386758992,67.71921107448763,50.0,0.6456157785102474,0
2018,AC,REDE,2,1.0084209033413256,190800.0,False,0,1,0.5,False,1,0.5,False,1,0.5,False,1.0,1.0,1.0,1.0,1.0,True,1.0,1.0,1.0,1.0,1.0,1.0,True,1.0,1.0,1.0,1.0,1.0,1.0,True,1.0,2,0,0.0,2,2,1.0,1.9832988322367702,50.42104516706628,50.0,0.9915790966586744,0
2018,AC,SOLIDARIEDADE,1,1.0,1450000.0,False,1,1,1.0,False,1,1.0,False,0,0.0,False,1.0,1.0,1.0,1.0,1.0,True,1.0,0.0,1.0,0.0,0.0,,False,0.0,0.0,1.0,0.0,0.0,,False,0.0,1,1,1.0,1,1,1.0,1.0,100.0,100.0,0.0,0
2018,AL,AVANTE,1,1.0,319000.0,False,0,1,1.0,False,1,1.0,False,0,0.0,False,1.0,1.0,1.0,1.0,1.0,True,1.0,0.0,1.0,0.0,0.0,,False,0.0,0.0,1.0,0.0,0.0,,False,0.0,1,0,1.0,1,1,1.0,1.0,100.0,100.0,0.0,0
2018,AL,DC,2,1.888136370690797,77320.0,False,0,2,1.0,False,2,1.0,False,1,0.5,False,2.0,2.0,1.0,1.0,1.0,True,1.0,1.0,2.0,0.5,0.5,1.0,False,0.5,1.0,2.0,0.5,0.5,1.0,False,0.5,2,0,0.0,2,2,2.0,1.0592455243411663,94.40681853453985,100.0,0.11186362930920302,0
2018,AL,DEM,2,,0.0,True,0,0,0.0,False,0,0.0,False,0,0.0,False,0.0,0.0,,,,True,1.0,0.0,0.0,,,,True,1.0,0.0,0.0,,,,True,1.0,2,0,0.0,2,0,0.0,,,0.0,,2
2018,AL,MDB,3,2.0,100000.0,False,1,2,0.6666666666666666,False,2,0.6666666666666666,False,2,0.6666666666666666,False,2.0,2.0,1.0,1.0,1.0,True,1.0,2.0,2.0,1.0,1.0,1.0,True,1.0,2.0,2.0,1.0,1.0,1.0,True,1.0,3,1,1.0,3,2,2.0,1.5,66.66666666666667,66.66666666666667,1.0,1
2018,AL,NOVO,3,2.186741048522975,5797.48,False,0,2,0.6666666666666666,True,2,0.6666666666666666,True,1,0.3333333333333333,False,2.0,2.0,1.0,1.0,1.0,True,1.0,1.0,2.0,0.5,0.5,1.0,False,0.6666666666666667,1.0,2.0,0.5,0.5,1.0,False,0.6666666666666667,3,0,0.0,3,3,2.0,1.3719045526795857,72.89136828409916,66.66666666666667,0.813258951477025,0
2018,AL,PATRI,3,,0.0,True,0,0,0.0,False,0,0.0,False,0,0.0,False,0.0,0.0,,,,True,1.0,0.0,0.0,,,,True,1.0,0.0,0.0,,,,True,1.0,3,0,0.0,3,0,0.0,,,0.0,,3
2018,AL,PC DO B,4,2.345359374817703,64639.399999999994,False,0,2,0.5,False,2,0.5,False,2,0.5,False,2.0,2.0,1.0,1.0,1.0,True,1.0,2.0,2.0,1.0,1.0,1.0,True,1.0,2.0,2.0,1.0,1.0,1.0,True,1.0,4,0,0.0,4,4,2.0,1.7054955598482244,58.63398437044257,50.0,1.6546406251822972,0
2018,AL,PDT,2,1.1655172413793102,650000.0,False,0,1,0.5,False,1,0.5,False,1,0.5,False,1.0,1.0,1.0,1.0,1.0,True,1.0,1.0,1.0,1.0,1.0,1.0,True,1.0,1.0,1.0,1.0,1.0,1.0,True,1.0,2,0,1.0,2,2,1.0,1.7159763313609468,58.27586206896551,50.0,0.8344827586206898,0
2018,AL,PHS,6,3.990950190900328,42249.69,False,0,4,0.6666666666666666,False,4,0.6666666666666666,False,2,0.3333333333333333,False,4.0,4.0,1.0,1.0,1.0,True,1.0,2.0,4.0,0.5,0.5,1.0,False,0.6666666666666667,2.0,4.0,0.5,0.5,1.0,False,0.6666666666666667,6,0,0.0,6,5,4.0,1.5034013738584007,66.51583651500546,66.66666666666667,2.009049809099672,1
2018,AL,PMN,1,1.0,900000.0,False,0,1,1.0,False,1,1.0,False,0,0.0,False,1.0,1.0,1.0,1.0,1.0,True,1.0,0.0,1.0,0.0,0.0,,False,0.0,0.0,1.0,0.0,0.0,,False,0.0,1,0,0.0,1,1,1.0,1.0,100.0,100.0,0.0,0
2018,AL,PODE,1,,0.0,True,0,0,0.0,False,0,0.0,False,0,0.0,False,0.0,0.0,,,,True,1.0,0.0,0.0,,,,True,1.0,0.0,0.0,,,,True,1.0,1,0,0.0,1,0,0.0,,,0.0,,1
2018,AL,PP,5,2.236587246002682,2777758.0,False,1,2,0.4,False,2,0.4,False,2,0.4,False,2.0,2.0,1.0,1.0,1.0,True,1.0,2.0,2.0,1.0,1.0,1.0,True,1.0,2.0,2.0,1.0,1.0,1.0,True,1.0,5,1,1.0,5,4,2.0,2.2355488295554755,44.731744920053636,40.0,2.763412753997318,1
2018,AL,PPL,2,2.0,1340.0,False,0,2,1.0,False,2,1.0,False,0,0.0,False,2.0,2.0,1.0,1.0,1.0,True,1.0,0.0,2.0,0.0,0.0,,False,0.0,0.0,2.0,0.0,0.0,,False,0.0,2,0,0.0,2,2,2.0,1.0,100.0,100.0,0.0,0
2018,AL,PPS,1,1.0,654173.8500000001,False,0,1,1.0,False,1,1.0,False,0,0.0,False,1.0,1.0,1.0,1.0,1.0,True,1.0,0.0,1.0,0.0,0.0,,False,0.0,0.0,1.0,0.0,0.0,,False,0.0,1,0,1.0,1,1,1.0,1.0,100.0,100.0,0.0,0
2018,AL,PR,1,1.0,1255557.26,False,1,1,1.0,False,1,1.0,False,0,0.0,False,1.0,1.0,1.0,1.0,1.0,True,1.0,0.0,1.0,0.0,0.0,,False,0.0,0.0,1.0,0.0,0.0,,False,0.0,1,1,1.0,1,1,1.0,1.0,100.0,100.0,0.0,0
2018,AL,PRB,1,1.0,842225.39,False,1,1,1.0,False,1,1.0,False,0,0.0,False,1.0,1.0,1.0,1.0,1.0,True,1.0,0.0,1.0,0.0,0.0,,False,0.0,0.0,1.0,0.0,0.0,,False,0.0,1,1,1.0,1,1,1.0,1.0,100.0,100.0,0.0,0
2018,AL,PROS,1,,0.0,True,0,0,0.0,False,0,0.0,False,0,0.0,False,0.0,0.0,,,,True,1.0,0.0,0.0,,,,True,1.0,0.0,0.0,,,,True,1.0,1,0,0.0,1,0,0.0,,,0.0,,1
2018,AL,PRTB,2,1.0512483574244416,200000.0,False,0,1,0.5,False,1,0.5,False,1,0.5,False,1.0,1.0,1.0,1.0,1.0,True,1.0,1.0,1.0,1.0,1.0,1.0,True,1.0,1.0,1.0,1.0,1.0,1.0,True,1.0,2,0,1.0,2,2,1.0,1.9024999999999999,52.56241787122208,50.0,0.9487516425755584,0
2018,AL,PSB,2,1.0076451482241104,1313000.0,False,1,1,0.5,False,1,0.5,False,1,0.5,False,1.0,1.0,1.0,1.0,1.0,True,1.0,1.0,1.0,1.0,1.0,1.0,True,1.0,1.0,1.0,1.0,1.0,1.0,True,1.0,2,1,1.0,2,2,1.0,1.9848257132233815,50.38225741120552,50.0,0.9923548517758896,0
2018,AL,PSC,2,1.923076923076923,500000.0,False,0,2,1.0,False,2,1.0,False,1,0.5,False,2.0,2.0,1.0,1.0,1.0,True,1.0,1.0,2.0,0.5,0.5,1.0,False,0.5,1.0,2.0,0.5,0.5,1.0,False,0.5,2,0,0.0,2,2,2.0,1.04,96.15384615384615,100.0,0.0769230769230771,0
2018,AL,PSD,2,1.7242330643047397,1499800.0,False,1,2,1.0,False,2,1.0,False,1,0.5,False,2.0,2.0,1.0,1.0,1.0,True,1.0,1.0,2.0,0.5,0.5,1.0,False,0.5,1.0,2.0,0.5,0.5,1.0,False,0.5,2,1,0.0,2,2,2.0,1.159935997867236,86.21165321523698,100.0,0.27576693569526034,0
2018,AL,PSDB,3,1.9715360675508928,2055252.42,False,1,2,0.6666666666666666,False,2,0.6666666666666666,False,1,0.3333333333333333,False,2.0,2.0,1.0,1.0,1.0,True,1.0,1.0,2.0,0.5,0.5,1.0,False,0.6666666666666667,1.0,2.0,0.5,0.5,1.0,False,0.6666666666666667,3,1,1.0,3,3,2.0,1.5216561590611422,65.7178689183631,66.66666666666667,1.0284639324491072,0
2018,AL,PSL,10,,0.0,True,0,0,0.0,False,0,0.0,False,0,0.0,False,0.0,0.0,,,,True,1.0,0.0,0.0,,,,True,1.0,0.0,0.0,,,,True,1.0,10,0,1.0,10,0,0.0,,,0.0,,10
2018,AL,PSOL,2,1.1217037725373162,16263.22,False,0,1,0.5,False,1,0.5,False,1,0.5,False,1.0,1.0,1.0,1.0,1.0,True,1.0,1.0,1.0,1.0,1.0,1.0,True,1.0,1.0,1.0,1.0,1.0,1.0,True,1.0,2,0,0.0,2,2,1.0,1.7830019377361639,56.085188626865815,50.0,0.8782962274626838,0
2018,AL,PSTU,1,,0.0,True,0,0,0.0,False,0,0.0,False,0,0.0,False,0.0,0.0,,,,True,1.0,0.0,0.0,,,,True,1.0,0.0,0.0,,,,True,1.0,1,0,0.0,1,0,0.0,,,0.0,,1
2018,AL,PT,1,1.0,1000000.0,False,1,1,1.0,False,1,1.0,False,0,0.0,False,1.0,1.0,1.0,1.0,1.0,True,1.0,0.0,1.0,0.0,0.0,,False,0.0,0.0,1.0,0.0,0.0,,False,0.0,1,1,1.0,1,1,1.0,1.0,100.0,100.0,0.0,0
2018,AL,PTB,2,1.64720372963403,1709057.38,False,1,2,1.0,False,2,1.0,False,1,0.5,False,2.0,2.0,1.0,1.0,1.0,True,1.0,1.0,2.0,0.5,0.5,1.0,False,0.5,1.0,2.0,0.5,0.5,1.0,False,0.5,2,1,1.0,2,2,2.0,1.2141788923974528,82.3601864817015,100.0,0.35279627036596994,0
2018,AL,PTC,2,1.0,300000.0,False,0,1,0.5,False,1,0.5,False,1,0.5,False,1.0,1.0,1.0,1.0,1.0,True,1.0,1.0,1.0,1.0,1.0,1.0,True,1.0,1.0,1.0,1.0,1.0,1.0,True,1.0,2,0,1.0,2,1,1.0,2.0,50.0,50.0,1.0,1
2018,AL,PV,2,1.1741254662585308,232742.2,False,0,1,0.5,False,1,0.5,False,1,0.5,False,1.0,1.0,1.0,1.0,1.0,True,1.0,1.0,1.0,1.0,1.0,1.0,True,1.0,1.0,1.0,1.0,1.0,1.0,True,1.0,2,0,0.0,2,2,1.0,1.703395469628303,58.70627331292654,50.0,0.8258745337414692,0
2018,AL,REDE,1,1.0,725000.0,False,0,1,1.0,False,1,1.0,False,0,0.0,False,1.0,1.0,1.0,1.0,1.0,True,1.0,0.0,1.0,0.0,0.0,,False,0.0,0.0,1.0,0.0,0.0,,False,0.0,1,0,1.0,1,1,1.0,1.0,100.0,100.0,0.0,0
2018,AL,SOLIDARIEDADE,1,,0.0,True,0,0,0.0,False,0,0.0,False,0,0.0,False,0.0,0.0,,,,True,1.0,0.0,0.0,,,,True,1.0,0.0,0.0,,,,True,1.0,1,0,1.0,1,0,0.0,,,0.0,,1
2018,AM,AVANTE,4,2.080793194812673,34503.2,False,0,2,0.5,False,2,0.5,False,2,0.5,False,2.0,2.0,1.0,1.0,1.0,True,1.0,2.0,2.0,1.0,1.0,1.0,True,1.0,2.0,2.0,1.0,1.0,1.0,True,1.0,4,0,0.0,4,3,2.0,1.9223438494377174,52.019829870316826,50.0,1.919206805187327,1
2018,AM,DC,6,2.941752245328261,75644.0,False,0,3,0.5,False,3,0.5,False,2,0.3333333333333333,False,3.0,3.0,1.0,1.0,1.0,True,1.0,2.0,3.0,0.6666666666666666,0.6666666666666666,1.0,False,0.8333333333333334,2.0,3.0,0.6666666666666666,0.6666666666666666,1.0,False,0.8333333333333334,6,0,0.0,6,6,3.0,2.0396007208045757,49.029204088804356,50.0,3.058247754671739,0
2018,AM,DEM,2,1.1699531045814147,1078000.0,False,0,1,0.5,False,1,0.5,False,1,0.5,False,1.0,1.0,1.0,1.0,1.0,True,1.0,1.0,1.0,1.0,1.0,1.0,True,1.0,1.0,1.0,1.0,1.0,1.0,True,1.0,2,0,1.0,2,2,1.0,1.7094702276255416,58.49765522907073,50.0,0.8300468954185853,0
2018,AM,MDB,7,1.1396138993782439,1893631.8,False,0,1,0.14285714285714285,False,1,0.14285714285714285,False,1,0.14285714285714285,False,1.0,1.0,1.0,1.0,1.0,True,1.0,1.0,1.0,1.0,1.0,1.0,True,1.0,1.0,1.0,1.0,1.0,1.0,True,1.0,7,0,0.0,7,7,1.0,6.142431225013221,16.280198562546342,14.285714285714286,5.860386100621756,0
2018,AM,PATRI,5,3.99999847048105,280.1,False,0,4,0.8,False,4,0.8,False,4,0.8,False,4.0,4.0,1.0,1.0,1.0,True,1.0,4.0,4.0,1.0,1.0,1.0,True,1.0,4.0,4.0,1.0,1.0,1.0,True,1.0,5,0,0.0,5,4,4.0,1.2500004779748546,79.999969409621,80.0,1.0000015295189502,1
2018,AM,PC DO B,8,3.5332467654320556,189848.58000000002,False,0,4,0.5,True,5,0.625,False,2,0.25,False,4.0,5.0,0.8,1.0,0.8,False,0.875,2.0,4.0,0.5,0.5,1.0,False,0.75,2.0,5.0,0.4,0.4,1.0,False,0.625,8,0,0.0,8,8,4.0,2.264206417244604,44.165584567900694,50.0,4.466753234567944,0
2018,AM,PDT,3,1.6896551724137931,35000.0,False,0,2,0.6666666666666666,False,2,0.6666666666666666,False,1,0.3333333333333333,False,2.0,2.0,1.0,1.0,1.0,True,1.0,1.0,2.0,0.5,0.5,1.0,False,0.6666666666666667,1.0,2.0,0.5,0.5,1.0,False,0.6666666666666667,3,0,0.0,3,2,2.0,1.7755102040816326,56.32183908045977,66.66666666666667,1.3103448275862069,1
2018,AM,PHS,2,1.970845925493191,96485.0,False,0,2,1.0,False,2,1.0,False,1,0.5,False,2.0,2.0,1.0,1.0,1.0,True,1.0,1.0,2.0,0.5,0.5,1.0,False,0.5,1.0,2.0,0.5,0.5,1.0,False,0.5,2,0,1.0,2,2,2.0,1.0147926705632828,98.54229627465955,100.0,0.02915407450680907,0
2018,AM,PMB,9,1.7763401109057304,3100.0,False,0,2,0.2222222222222222,False,2,0.2222222222222222,False,2,0.2222222222222222,False,2.0,2.0,1.0,1.0,1.0,True,1.0,2.0,2.0,1.0,1.0,1.0,True,1.0,2.0,2.0,1.0,1.0,1.0,True,1.0,9,0,0.0,9,2,2.0,5.066597294484911,19.737112343397005,22.22222222222222,7.22365988909427,7
2018,AM,PMN,7,2.6666666666666665,120000.0,False,0,3,0.42857142857142855,False,2,0.2857142857142857,False,3,0.42857142857142855,False,2.0,3.0,0.6666666666666666,0.6666666666666666,1.0,False,0.8571428571428572,3.0,3.0,1.0,1.0,1.0,True,1.0,2.0,3.0,0.6666666666666666,1.0,0.6666666666666666,False,0.8571428571428572,7,0,0.0,7,3,3.0,2.625,38.09523809523809,42.857142857142854,4.333333333333334,4
2018,AM,PODE,5,2.508554264072091,19600.0,False,0,3,0.6,False,2,0.4,False,2,0.4,False,2.0,3.0,0.6666666666666666,0.6666666666666666,1.0,False,0.8,2.0,3.0,0.6666666666666666,0.6666666666666666,1.0,False,0.8,2.0,2.0,1.0,1.0,1.0,True,1.0,5,0,1.0,5,4,3.0,1.993179925031237,50.17108528144182,60.0,2.491445735927909,1
2018,AM,PP,2,1.0,1897386.0,False,1,1,0.5,False,1,0.5,False,1,0.5,False,1.0,1.0,1.0,1.0,1.0,True,1.0,1.0,1.0,1.0,1.0,1.0,True,1.0,1.0,1.0,1.0,1.0,1.0,True,1.0,2,1,1.0,2,1,1.0,2.0,50.0,50.0,1.0,1
2018,AM,PPL,5,,0.0,True,0,0,0.0,False,0,0.0,False,0,0.0,False,0.0,0.0,,,,True,1.0,0.0,0.0,,,,True,1.0,0.0,0.0,,,,True,1.0,5,0,0.0,5,0,0.0,,,0.0,,5
2018,AM,PPS,2,1.0,116816.01000000001,False,0,1,0.5,False,1,0.5,False,1,0.5,False,1.0,1.0,1.0,1.0,1.0,True,1.0,1.0,1.0,1.0,1.0,1.0,True,1.0,1.0,1.0,1.0,1.0,1.0,True,1.0,2,0,0.0,2,1,1.0,2.0,50.0,50.0,1.0,1
2018,AM,PR,3,1.805850118111584,1989000.0,False,1,2,0.6666666666666666,False,2,0.6666666666666666,False,1,0.3333333333333333,False,2.0,2.0,1.0,1.0,1.0,True,1.0,1.0,2.0,0.5,0.5,1.0,False,0.6666666666666667,1.0,2.0,0.5,0.5,1.0,False,0.6666666666666667,3,1,1.0,3,3,2.0,1.6612674384833022,60.1950039370528,66.66666666666667,1.194149881888416,0
2018,AM,PRB,2,1.8278675684518502,2308380.0,False,2,2,1.0,False,2,1.0,False,1,0.5,False,2.0,2.0,1.0,1.0,1.0,True,1.0,1.0,2.0,0.5,0.5,1.0,False,0.5,1.0,2.0,0.5,0.5,1.0,False,0.5,2,2,1.0,2,2,2.0,1.0941711722003695,91.3933784225925,100.0,0.17213243154814983,0
2018,AM,PROS,2,1.7199021732259607,717250.0,False,0,2,1.0,False,2,1.0,False,1,0.5,False,2.0,2.0,1.0,1.0,1.0,True,1.0,1.0,2.0,0.5,0.5,1.0,False,0.5,1.0,2.0,0.5,0.5,1.0,False,0.5,2,0,1.0,2,2,2.0,1.162856836356378,85.99510866129803,100.0,0.28009782677403927,0
2018,AM,PRP,4,1.0,2000.0,False,0,1,0.25,False,1,0.25,False,1,0.25,False,1.0,1.0,1.0,1.0,1.0,True,1.0,1.0,1.0,1.0,1.0,1.0,True,1.0,1.0,1.0,1.0,1.0,1.0,True,1.0,4,0,0.0,4,1,1.0,4.0,25.0,25.0,3.0,3
2018,AM,PRTB,3,,0.0,True,0,0,0.0,False,0,0.0,False,0,0.0,False,0.0,0.0,,,,True,1.0,0.0,0.0,,,,True,1.0,0.0,0.0,,,,True,1.0,3,0,0.0,3,0,0.0,,,0.0,,3
2018,AM,PSB,2,1.7763401109057304,775000.0,False,0,2,1.0,False,2,1.0,False,1,0.5,False,2.0,2.0,1.0,1.0,1.0,True,1.0,1.0,2.0,0.5,0.5,1.0,False,0.5,1.0,2.0,0.5,0.5,1.0,False,0.5,2,0,1.0,2,2,2.0,1.1259105098855358,88.81700554528652,100.0,0.2236598890942696,0
2018,AM,PSC,4,1.0,100000.0,False,0,1,0.25,False,1,0.25,False,1,0.25,False,1.0,1.0,1.0,1.0,1.0,True,1.0,1.0,1.0,1.0,1.0,1.0,True,1.0,1.0,1.0,1.0,1.0,1.0,True,1.0,4,0,1.0,4,1,1.0,4.0,25.0,25.0,3.0,3
2018,AM,PSD,4,3.0,2520000.0,False,1,3,0.75,False,3,0.75,False,3,0.75,False,3.0,3.0,1.0,1.0,1.0,True,1.0,3.0,3.0,1.0,1.0,1.0,True,1.0,3.0,3.0,1.0,1.0,1.0,True,1.0,4,1,2.0,4,3,3.0,1.3333333333333333,75.0,75.0,1.0,1
2018,AM,PSDB,1,1.0,2129609.6,False,0,1,1.0,False,1,1.0,False,0,0.0,False,1.0,1.0,1.0,1.0,1.0,True,1.0,0.0,1.0,0.0,0.0,,False,0.0,0.0,1.0,0.0,0.0,,False,0.0,1,0,1.0,1,1,1.0,1.0,100.0,100.0,0.0,0
2018,AM,PSL,1,1.0,5294.0,False,1,1,1.0,False,1,1.0,False,0,0.0,False,1.0,1.0,1.0,1.0,1.0,True,1.0,0.0,1.0,0.0,0.0,,False,0.0,0.0,1.0,0.0,0.0,,False,0.0,1,1,0.0,1,1,1.0,1.0,100.0,100.0,0.0,0
2018,AM,PSOL,13,6.192903925737836,21316.379999999997,False,0,6,0.46153846153846156,True,7,0.5384615384615384,True,3,0.23076923076923078,False,5.999999999999999,7.000000000000001,0.8571428571428569,0.9999999999999999,0.857142857142857,False,0.923076923076923,3.0,5.999999999999999,0.5000000000000001,0.5,1.0,False,0.7692307692307692,3.0,7.000000000000001,0.4285714285714285,0.42857142857142855,1.0,False,0.6923076923076923,13,0,0.0,13,12,6.0,2.0991767603517526,47.63772250567566,46.15384615384615,6.807096074262164,1
2018,AM,PSTU,1,,0.0,True,0,0,0.0,False,0,0.0,False,0,0.0,False,0.0,0.0,,,,True,1.0,0.0,0.0,,,,True,1.0,0.0,0.0,,,,True,1.0,1,0,0.0,1,0,0.0,,,0.0,,1
2018,AM,PT,4,2.460059917850748,910825.1799999999,False,1,2,0.5,False,2,0.5,False,2,0.5,False,2.0,2.0,1.0,1.0,1.0,True,1.0,2.0,2.0,1.0,1.0,1.0,True,1.0,2.0,2.0,1.0,1.0,1.0,True,1.0,4,1,1.0,4,4,2.0,1.6259766564932425,61.5014979462687,50.0,1.539940082149252,0
2018,AM,PTB,1,1.0,1479306.6,False,0,1,1.0,False,1,1.0,False,0,0.0,False,1.0,1.0,1.0,1.0,1.0,True,1.0,0.0,1.0,0.0,0.0,,False,0.0,0.0,1.0,0.0,0.0,,False,0.0,1,0,1.0,1,1,1.0,1.0,100.0,100.0,0.0,0
2018,AM,PTC,4,3.0,3529.3500000000004,False,0,3,0.75,False,3,0.75,False,3,0.75,False,3.0,3.0,1.0,1.0,1.0,True,1.0,3.0,3.0,1.0,1.0,1.0,True,1.0,3.0,3.0,1.0,1.0,1.0,True,1.0,4,0,0.0,4,3,3.0,1.3333333333333333,75.0,75.0,1.0,1
2018,AM,PV,2,1.0,403955.54000000004,False,0,1,0.5,False,1,0.5,False,1,0.5,False,1.0,1.0,1.0,1.0,1.0,True,1.0,1.0,1.0,1.0,1.0,1.0,True,1.0,1.0,1.0,1.0,1.0,1.0,True,1.0,2,0,1.0,2,1,1.0,2.0,50.0,50.0,1.0,1
2018,AM,REDE,7,2.0,2092.0,False,0,2,0.2857142857142857,False,2,0.2857142857142857,False,2,0.2857142857142857,False,2.0,2.0,1.0,1.0,1.0,True,1.0,2.0,2.0,1.0,1.0,1.0,True,1.0,2.0,2.0,1.0,1.0,1.0,True,1.0,7,0,0.0,7,2,2.0,3.5,28.571428571428573,28.571428571428573,5.0,5
2018,AM,SOLIDARIEDADE,1,1.0,280000.0,False,1,1,1.0,False,1,1.0,False,0,0.0,False,1.0,1.0,1.0,1.0,1.0,True,1.0,0.0,1.0,0.0,0.0,,False,0.0,0.0,1.0,0.0,0.0,,False,0.0,1,1,1.0,1,1,1.0,1.0,100.0,100.0,0.0,0
2018,AP,AVANTE,2,1.9999756378257172,418539.23,False,1,2,1.0,False,2,1.0,False,1,0.5,False,2.0,2.0,1.0,1.0,1.0,True,1.0,1.0,2.0,0.5,0.5,1.0,False,0.5,1.0,2.0,0.5,0.5,1.0,False,0.5,2,1,1.0,2,2,2.0,1.000012181235522,99.99878189128586,100.0,2.43621742828104e-05,0
2018,AP,DC,1,1.0,30022.82,False,0,1,1.0,False,1,1.0,False,0,0.0,False,1.0,1.0,1.0,1.0,1.0,True,1.0,0.0,1.0,0.0,0.0,,False,0.0,0.0,1.0,0.0,0.0,,False,0.0,1,0,0.0,1,1,1.0,1.0,100.0,100.0,0.0,0
2018,AP,DEM,4,3.4615384615384612,750000.0,False,0,3,0.75,False,3,0.75,False,2,0.5,False,3.0,3.0,1.0,1.0,1.0,True,1.0,2.0,3.0,0.6666666666666666,0.6666666666666666,1.0,False,0.75,2.0,3.0,0.6666666666666666,0.6666666666666666,1.0,False,0.75,4,0,2.0,4,4,3.0,1.1555555555555557,86.53846153846153,75.0,0.5384615384615388,0
2018,AP,MDB,4,1.247250938214065,1686845.0,False,0,1,0.25,False,1,0.25,False,1,0.25,False,1.0,1.0,1.0,1.0,1.0,True,1.0,1.0,1.0,1.0,1.0,1.0,True,1.0,1.0,1.0,1.0,1.0,1.0,True,1.0,4,0,1.0,4,3,1.0,3.207053109719515,31.181273455351626,25.0,2.752749061785935,1
2018,AP,PC DO B,1,1.0,896500.0,False,1,1,1.0,False,1,1.0,False,0,0.0,False,1.0,1.0,1.0,1.0,1.0,True,1.0,0.0,1.0,0.0,0.0,,False,0.0,0.0,1.0,0.0,0.0,,False,0.0,1,1,1.0,1,1,1.0,1.0,100.0,100.0,0.0,0
2018,AP,PDT,7,1.3330899049837688,176028.0,False,0,1,0.14285714285714285,False,1,0.14285714285714285,False,1,0.14285714285714285,False,1.0,1.0,1.0,1.0,1.0,True,1.0,1.0,1.0,1.0,1.0,1.0,True,1.0,1.0,1.0,1.0,1.0,1.0,True,1.0,7,0,1.0,7,7,1.0,5.25095867415276,19.044141499768127,14.285714285714286,5.666910095016231,0
2018,AP,PHS,6,4.261623325453113,520000.0,False,0,4,0.6666666666666666,False,4,0.6666666666666666,False,2,0.3333333333333333,False,4.0,4.0,1.0,1.0,1.0,True,1.0,2.0,4.0,0.5,0.5,1.0,False,0.6666666666666667,2.0,4.0,0.5,0.5,1.0,False,0.6666666666666667,6,0,0.0,6,6,4.0,1.407914201183432,71.02705542421855,66.66666666666667,1.7383766745468874,0
2018,AP,PMN,3,2.8652000431359865,8150.0,False,0,3,1.0,False,3,1.0,False,1,0.3333333333333333,False,3.0,3.0,1.0,1.0,1.0,True,1.0,1.0,3.0,0.3333333333333333,0.3333333333333333,1.0,False,0.33333333333333337,1.0,3.0,0.3333333333333333,0.3333333333333333,1.0,False,0.33333333333333337,3,0,0.0,3,3,3.0,1.047047310775716,95.50666810453288,100.0,0.13479995686401347,0
2018,AP,PODE,1,1.0,1050000.0,False,0,1,1.0,False,1,1.0,False,0,0.0,False,1.0,1.0,1.0,1.0,1.0,True,1.0,0.0,1.0,0.0,0.0,,False,0.0,0.0,1.0,0.0,0.0,,False,0.0,1,0,1.0,1,1,1.0,1.0,100.0,100.0,0.0,0
2018,AP,PP,1,1.0,1634541.0,False,1,1,1.0,False,1,1.0,False,0,0.0,False,1.0,1.0,1.0,1.0,1.0,True,1.0,0.0,1.0,0.0,0.0,,False,0.0,0.0,1.0,0.0,0.0,,False,0.0,1,1,1.0,1,1,1.0,1.0,100.0,100.0,0.0,0
2018,AP,PPL,3,2.9982597043237647,5870.0,False,0,3,1.0,False,3,1.0,False,2,0.6666666666666666,False,3.0,3.0,1.0,1.0,1.0,True,1.0,2.0,3.0,0.6666666666666666,0.6666666666666666,1.0,False,0.6666666666666667,2.0,3.0,0.6666666666666666,0.6666666666666666,1.0,False,0.6666666666666667,3,0,0.0,3,3,3.0,1.0005804352684078,99.9419901441255,100.0,0.0017402956762353483,0
2018,AP,PR,7,2.811484792937039,3065000.0,False,1,3,0.42857142857142855,False,3,0.42857142857142855,False,3,0.42857142857142855,False,3.0,3.0,1.0,1.0,1.0,True,1.0,3.0,3.0,1.0,1.0,1.0,True,1.0,3.0,3.0,1.0,1.0,1.0,True,1.0,7,1,4.0,7,7,3.0,2.4897876088767306,40.16406847052912,42.857142857142854,4.188515207062961,0
2018,AP,PRB,1,1.0,1952976.22,False,1,1,1.0,False,1,1.0,False,0,0.0,False,1.0,1.0,1.0,1.0,1.0,True,1.0,0.0,1.0,0.0,0.0,,False,0.0,0.0,1.0,0.0,0.0,,False,0.0,1,1,0.0,1,1,1.0,1.0,100.0,100.0,0.0,0
2018,AP,PROS,2,1.1549621066159304,776466.3,False,1,1,0.5,False,1,0.5,False,1,0.5,False,1.0,1.0,1.0,1.0,1.0,True,1.0,1.0,1.0,1.0,1.0,1.0,True,1.0,1.0,1.0,1.0,1.0,1.0,True,1.0,2,1,0.0,2,2,1.0,1.731658544071245,57.74810533079652,50.0,0.8450378933840696,0
2018,AP,PRP,2,1.0059513547092773,270803.44,False,0,1,0.5,False,1,0.5,False,1,0.5,False,1.0,1.0,1.0,1.0,1.0,True,1.0,1.0,1.0,1.0,1.0,1.0,True,1.0,1.0,1.0,1.0,1.0,1.0,True,1.0,2,0,1.0,2,2,1.0,1.9881677087437348,50.297567735463865,50.0,0.9940486452907227,0
2018,AP,PSB,8,1.9342573259721352,752500.0,False,1,2,0.25,False,2,0.25,False,2,0.25,False,2.0,2.0,1.0,1.0,1.0,True,1.0,2.0,2.0,1.0,1.0,1.0,True,1.0,2.0,2.0,1.0,1.0,1.0,True,1.0,8,1,1.0,8,6,2.0,4.135954349289743,24.17821657465169,25.0,6.065742674027865,2
2018,AP,PSC,2,1.1327433628318584,320000.0,False,0,1,0.5,False,1,0.5,False,1,0.5,False,1.0,1.0,1.0,1.0,1.0,True,1.0,1.0,1.0,1.0,1.0,1.0,True,1.0,1.0,1.0,1.0,1.0,1.0,True,1.0,2,0,1.0,2,2,1.0,1.765625,56.63716814159292,50.0,0.8672566371681416,0
2018,AP,PSD,3,1.998678821992307,739000.0,False,0,2,0.6666666666666666,False,2,0.6666666666666666,False,2,0.6666666666666666,False,2.0,2.0,1.0,1.0,1.0,True,1.0,2.0,2.0,1.0,1.0,1.0,True,1.0,2.0,2.0,1.0,1.0,1.0,True,1.0,3,0,1.0,3,2,2.0,1.500991538505203,66.62262739974356,66.66666666666667,1.001321178007693,1
2018,AP,PSDB,2,1.017578661196208,832050.0,False,1,1,0.5,False,1,0.5,False,1,0.5,False,1.0,1.0,1.0,1.0,1.0,True,1.0,1.0,1.0,1.0,1.0,1.0,True,1.0,1.0,1.0,1.0,1.0,1.0,True,1.0,2,1,1.0,2,2,1.0,1.9654500200003338,50.87893305981041,50.0,0.9824213388037919,0
2018,AP,PSL,1,1.0,35000.0,False,0,1,1.0,False,1,1.0,False,0,0.0,False,1.0,1.0,1.0,1.0,1.0,True,1.0,0.0,1.0,0.0,0.0,,False,0.0,0.0,1.0,0.0,0.0,,False,0.0,1,0,0.0,1,1,1.0,1.0,100.0,100.0,0.0,0
2018,AP,PSOL,6,5.666633248948553,201719.65,False,0,6,1.0,False,5,0.8333333333333334,False,2,0.3333333333333333,False,5.0,6.0,0.8333333333333334,0.8333333333333334,1.0,False,0.8333333333333334,2.0,6.0,0.3333333333333333,0.3333333333333333,1.0,False,0.33333333333333337,2.0,5.0,0.4,0.4,1.0,False,0.5,6,0,0.0,6,6,6.0,1.058829773589689,94.44388748247589,100.0,0.33336675105144664,0
2018,AP,PSTU,2,,0.0,True,0,0,0.0,False,0,0.0,False,0,0.0,False,0.0,0.0,,,,True,1.0,0.0,0.0,,,,True,1.0,0.0,0.0,,,,True,1.0,2,0,0.0,2,0,0.0,,,0.0,,2
2018,AP,PTB,7,6.347433994537348,431018.8,False,0,6,0.8571428571428571,True,6,0.8571428571428571,True,2,0.2857142857142857,False,6.0,6.0,1.0,1.0,1.0,True,1.0,2.0,6.0,0.3333333333333333,0.3333333333333333,1.0,False,0.4285714285714286,2.0,6.0,0.3333333333333333,0.3333333333333333,1.0,False,0.4285714285714286,7,0,1.0,7,7,6.0,1.102807844244502,90.67762849339069,85.71428571428571,0.6525660054626519,0
2018,AP,PTC,5,1.0,80000.0,False,0,1,0.2,False,1,0.2,False,1,0.2,False,1.0,1.0,1.0,1.0,1.0,True,1.0,1.0,1.0,1.0,1.0,1.0,True,1.0,1.0,1.0,1.0,1.0,1.0,True,1.0,5,0,0.0,5,1,1.0,5.0,20.0,20.0,4.0,4
2018,AP,PV,6,5.242591829815275,72335.17,False,0,5,0.8333333333333334,True,5,0.8333333333333334,True,1,0.16666666666666666,False,5.0,5.0,1.0,1.0,1.0,True,1.0,1.0,5.0,0.2,0.2,1.0,False,0.33333333333333337,1.0,5.0,0.2,0.2,1.0,False,0.33333333333333337,6,0,0.0,6,6,5.0,1.144472084566502,87.37653049692125,83.33333333333333,0.7574081701847248,0
2018,AP,REDE,7,1.2739766676892037,103530.0,False,0,1,0.14285714285714285,False,1,0.14285714285714285,False,1,0.14285714285714285,False,1.0,1.0,1.0,1.0,1.0,True,1.0,1.0,1.0,1.0,1.0,1.0,True,1.0,1.0,1.0,1.0,1.0,1.0,True,1.0,7,0,1.0,7,7,1.0,5.494606123907211,18.19966668127434,14.285714285714286,5.726023332310796,0
2018,AP,SOLIDARIEDADE,3,1.0,450000.0,False,0,1,0.3333333333333333,False,1,0.3333333333333333,False,1,0.3333333333333333,False,1.0,1.0,1.0,1.0,1.0,True,1.0,1.0,1.0,1.0,1.0,1.0,True,1.0,1.0,1.0,1.0,1.0,1.0,True,1.0,3,0,0.0,3,1,1.0,3.0,33.333333333333336,33.333333333333336,2.0,2
2018,BA,AVANTE,14,2.8827511191501722,1027600.0,False,2,3,0.21428571428571427,False,3,0.21428571428571427,False,2,0.14285714285714285,False,3.0,3.0,1.0,1.0,1.0,True,1.0,2.0,3.0,0.6666666666666666,0.6666666666666666,1.0,False,0.9285714285714286,2.0,3.0,0.6666666666666666,0.6666666666666666,1.0,False,0.9285714285714286,14,2,2.0,14,10,3.0,4.856471967697012,20.59107942250123,21.428571428571427,11.117248880849829,4
2018,BA,DC,15,4.297793214749325,350000.0,False,0,4,0.26666666666666666,True,3,0.2,False,3,0.2,False,3.0,4.0,0.75,0.75,1.0,False,0.9333333333333333,3.0,4.0,0.75,0.75,1.0,False,0.9333333333333333,3.0,3.0,1.0,1.0,1.0,True,1.0,15,0,1.0,15,13,4.0,3.490163265306122,28.6519547649955,26.666666666666668,10.702206785250674,2
2018,BA,DEM,38,8.389786520975568,5892500.0,False,4,8,0.21052631578947367,False,7,0.18421052631578946,False,9,0.23684210526315788,False,7.0,8.0,0.875,0.875,1.0,False,0.9736842105263158,8.0,9.0,0.8888888888888888,1.0,0.8888888888888888,False,0.9736842105263158,7.0,9.0,0.7777777777777778,1.0,0.7777777777777778,False,0.9473684210526316,38,4,9.0,38,21,8.0,4.52931667629385,22.078385581514652,21.05263157894737,29.61021347902443,17
2018,BA,MDB,36,3.6430974001337475,2980019.1,False,0,4,0.1111111111111111,False,8,0.2222222222222222,True,7,0.19444444444444445,False,4.0,7.999999999999999,0.5000000000000001,1.0,0.5,False,0.8888888888888888,4.0,7.0,0.5714285714285714,1.0,0.5714285714285714,False,0.9166666666666666,7.0,7.999999999999999,0.8750000000000001,0.875,1.0,False,0.9722222222222222,36,0,4.0,36,29,4.0,9.881701213554804,10.11971500037152,11.11111111111111,32.35690259986625,7
2018,BA,NOVO,8,7.119629239106072,32623.28,False,0,7,0.875,False,6,0.75,False,2,0.25,False,6.0,7.0,0.8571428571428571,0.8571428571428571,1.0,False,0.875,2.0,7.0,0.2857142857142857,0.2857142857142857,1.0,False,0.375,2.0,6.0,0.3333333333333333,0.3333333333333333,1.0,False,0.5,8,0,0.0,8,8,7.0,1.1236540178326009,88.9953654888259,87.5,0.8803707608939284,0
2018,BA,PATRI,39,2.378630717309037,233950.7099999999,False,0,2,0.05128205128205128,False,9,0.23076923076923078,False,3,0.07692307692307693,False,2.0,9.0,0.2222222222222222,1.0,0.2222222222222222,False,0.8205128205128205,2.0,3.0,0.6666666666666666,1.0,0.6666666666666666,False,0.9743589743589743,3.0,9.0,0.3333333333333333,0.3333333333333333,1.0,False,0.8461538461538461,39,0,2.0,39,35,2.0,16.395987706793342,6.099053121305223,5.128205128205129,36.621369282690964,4
2018,BA,PC DO B,2,1.9981052949138038,2810335.87,False,2,2,1.0,False,2,1.0,False,1,0.5,False,2.0,2.0,1.0,1.0,1.0,True,1.0,1.0,2.0,0.5,0.5,1.0,False,0.5,1.0,2.0,0.5,0.5,1.0,False,0.5,2,2,2.0,2,2,2.0,1.0009482508709722,99.90526474569019,100.0,0.0018947050861961579,0
2018,BA,PCO,2,1.863852961198094,3700.0,False,0,2,1.0,False,2,1.0,False,1,0.5,False,2.0,2.0,1.0,1.0,1.0,True,1.0,1.0,2.0,0.5,0.5,1.0,False,0.5,1.0,2.0,0.5,0.5,1.0,False,0.5,2,0,0.0,2,2,2.0,1.0730460189919648,93.1926480599047,100.0,0.13614703880190593,0
2018,BA,PDT,36,2.3925328926865492,1258245.52,False,2,2,0.05555555555555555,False,4,0.1111111111111111,False,5,0.1388888888888889,False,2.0,4.0,0.5,1.0,0.5,False,0.9444444444444444,2.0,5.0,0.4,1.0,0.4,False,0.9166666666666666,4.0,5.0,0.8,1.0,0.8,False,0.9722222222222222,36,2,4.0,36,26,2.0,15.046815076208206,6.645924701907081,5.555555555555555,33.607467107313454,10
2018,BA,PHS,25,4.188721392204549,389985.86,False,2,4,0.16,False,3,0.12,False,4,0.16,False,3.0,4.0,0.75,0.75,1.0,False,0.96,4.0,4.0,1.0,1.0,1.0,True,1.0,3.0,4.0,0.75,1.0,0.75,False,0.96,25,2,5.0,25,15,4.0,5.968408413728933,16.754885568818196,16.0,20.81127860779545,10
2018,BA,PMB,1,1.0,385000.0,False,0,1,1.0,False,1,1.0,False,0,0.0,False,1.0,1.0,1.0,1.0,1.0,True,1.0,0.0,1.0,0.0,0.0,,False,0.0,0.0,1.0,0.0,0.0,,False,0.0,1,0,1.0,1,1,1.0,1.0,100.0,100.0,0.0,0
2018,BA,PMN,8,2.3134897516021398,209000.0,False,0,2,0.25,False,2,0.25,False,2,0.25,False,2.0,2.0,1.0,1.0,1.0,True,1.0,2.0,2.0,1.0,1.0,1.0,True,1.0,2.0,2.0,1.0,1.0,1.0,True,1.0,8,0,0.0,8,7,2.0,3.4579794418625944,28.918621895026746,25.0,5.686510248397861,1
2018,BA,PODE,4,1.0594711317214769,865000.0,False,1,1,0.25,False,1,0.25,False,1,0.25,False,1.0,1.0,1.0,1.0,1.0,True,1.0,1.0,1.0,1.0,1.0,1.0,True,1.0,1.0,1.0,1.0,1.0,1.0,True,1.0,4,1,1.0,4,2,1.0,3.775468609041398,26.486778293036924,25.0,2.9405288682785233,2
2018,BA,PP,8,5.129202314512814,8470822.0,False,4,5,0.625,False,4,0.5,False,5,0.625,False,4.0,5.0,0.8,0.8,1.0,False,0.875,5.0,5.0,1.0,1.0,1.0,True,1.0,4.0,5.0,0.8,1.0,0.8,False,0.875,8,4,5.0,8,7,5.0,1.559696714899393,64.11502893141018,62.5,2.8707976854871857,1
2018,BA,PPL,9,1.3180527383367138,114000.0,False,1,1,0.1111111111111111,False,1,0.1111111111111111,False,2,0.2222222222222222,False,1.0,1.0,1.0,1.0,1.0,True,1.0,1.0,2.0,0.5,1.0,0.5,False,0.8888888888888888,1.0,2.0,0.5,1.0,0.5,False,0.8888888888888888,9,1,0.0,9,2,1.0,6.828254847645431,14.645030425963487,11.11111111111111,7.681947261663286,7
2018,BA,PPS,1,1.0,436587.88,False,0,1,1.0,False,1,1.0,False,0,0.0,False,1.0,1.0,1.0,1.0,1.0,True,1.0,0.0,1.0,0.0,0.0,,False,0.0,0.0,1.0,0.0,0.0,,False,0.0,1,0,1.0,1,1,1.0,1.0,100.0,100.0,0.0,0
2018,BA,PR,3,2.905294745943747,4780000.0,False,2,3,1.0,False,3,1.0,False,1,0.3333333333333333,False,3.0,3.0,1.0,1.0,1.0,True,1.0,1.0,3.0,0.3333333333333333,0.3333333333333333,1.0,False,0.33333333333333337,1.0,3.0,0.3333333333333333,0.3333333333333333,1.0,False,0.33333333333333337,3,2,3.0,3,3,3.0,1.0325974685317132,96.8431581981249,100.0,0.09470525405625319,0
2018,BA,PRB,4,3.2478317021931464,4602549.8100000005,False,2,3,0.75,False,3,0.75,False,2,0.5,False,3.0,3.0,1.0,1.0,1.0,True,1.0,2.0,3.0,0.6666666666666666,0.6666666666666666,1.0,False,0.75,2.0,3.0,0.6666666666666666,0.6666666666666666,1.0,False,0.75,4,2,2.0,4,4,3.0,1.2315909094978477,81.19579255482866,75.0,0.7521682978068536,0
2018,BA,PROS,12,1.0,256140.0,False,0,1,0.08333333333333333,False,1,0.08333333333333333,False,1,0.08333333333333333,False,1.0,1.0,1.0,1.0,1.0,True,1.0,1.0,1.0,1.0,1.0,1.0,True,1.0,1.0,1.0,1.0,1.0,1.0,True,1.0,12,0,0.0,12,1,1.0,12.0,8.333333333333334,8.333333333333334,11.0,11
2018,BA,PRP,11,1.1544993631209572,215000.0,False,1,1,0.09090909090909091,False,1,0.09090909090909091,False,1,0.09090909090909091,False,1.0,1.0,1.0,1.0,1.0,True,1.0,1.0,1.0,1.0,1.0,1.0,True,1.0,1.0,1.0,1.0,1.0,1.0,True,1.0,11,1,0.0,11,7,1.0,9.527939426717143,10.495448755645066,9.090909090909092,9.845500636879043,4
2018,BA,PRTB,9,2.0059389804084793,84712.0,False,0,2,0.2222222222222222,False,2,0.2222222222222222,False,2,0.2222222222222222,False,2.0,2.0,1.0,1.0,1.0,True,1.0,2.0,2.0,1.0,1.0,1.0,True,1.0,2.0,2.0,1.0,1.0,1.0,True,1.0,9,0,1.0,9,3,2.0,4.48667685702348,22.288210893427546,22.22222222222222,6.994061019591521,6
2018,BA,PSB,6,1.7743102674703857,2116439.11,False,2,2,0.3333333333333333,False,2,0.3333333333333333,False,2,0.3333333333333333,False,2.0,2.0,1.0,1.0,1.0,True,1.0,2.0,2.0,1.0,1.0,1.0,True,1.0,2.0,2.0,1.0,1.0,1.0,True,1.0,6,2,2.0,6,5,2.0,3.3815957163761063,29.571837791173095,33.333333333333336,4.225689732529615,1
2018,BA,PSC,9,1.5454995927587454,579941.9600000001,False,0,2,0.2222222222222222,False,1,0.1111111111111111,False,1,0.1111111111111111,False,1.0,2.0,0.5,0.5,1.0,False,0.8888888888888888,1.0,2.0,0.5,0.5,1.0,False,0.8888888888888888,1.0,1.0,1.0,1.0,1.0,True,1.0,9,0,0.0,9,9,2.0,5.823359670988223,17.172217697319393,22.22222222222222,7.454500407241254,0
2018,BA,PSD,10,8.70164949571133,6709773.05,False,5,9,0.9,True,7,0.7,False,7,0.7,False,7.0,9.0,0.7777777777777778,0.7777777777777778,1.0,False,0.8,7.0,9.0,0.7777777777777778,0.7777777777777778,1.0,False,0.8,7.0,7.0,1.0,1.0,1.0,True,1.0,10,5,5.0,10,10,9.0,1.149207400841481,87.0164949571133,90.0,1.2983505042886705,0
2018,BA,PSDB,8,3.1305183360689806,3375182.21,False,1,3,0.375,False,3,0.375,False,2,0.25,False,3.0,3.0,1.0,1.0,1.0,True,1.0,2.0,3.0,0.6666666666666666,0.6666666666666666,1.0,False,0.875,2.0,3.0,0.6666666666666666,0.6666666666666666,1.0,False,0.875,8,1,2.0,8,7,3.0,2.5554873478382722,39.13147920086226,37.5,4.869481663931019,1
2018,BA,PSL,4,1.0033098792260402,484200.0,False,1,1,0.25,False,1,0.25,False,1,0.25,False,1.0,1.0,1.0,1.0,1.0,True,1.0,1.0,1.0,1.0,1.0,1.0,True,1.0,1.0,1.0,1.0,1.0,1.0,True,1.0,4,1,0.0,4,2,1.0,3.9868041597334076,25.082746980651006,25.0,2.99669012077396,2
2018,BA,PSOL,50,12.39578519224496,214614.28000000003,False,0,12,0.24,False,10,0.2,True,11,0.22,False,10.0,12.0,0.8333333333333334,0.8333333333333334,1.0,False,0.96,11.0,12.0,0.9166666666666666,0.9166666666666666,1.0,False,0.98,10.0,11.0,0.9090909090909091,1.0,0.9090909090909091,False,0.98,50,0,0.0,50,30,12.0,4.033629110585181,24.79157038448992,24.0,37.60421480775504,20
2018,BA,PT,12,8.874872316893537,6952204.0,False,7,9,0.75,False,7,0.5833333333333334,False,6,0.5,False,7.0,9.0,0.7777777777777778,0.7777777777777778,1.0,False,0.8333333333333334,6.0,9.0,0.6666666666666666,0.6666666666666666,1.0,False,0.75,6.0,7.0,0.8571428571428571,0.8571428571428571,1.0,False,0.9166666666666666,12,7,9.0,12,12,9.0,1.3521321289499237,73.95726930744614,75.0,3.125127683106463,0
2018,BA,PTB,3,1.2680424062845825,2768728.64,False,0,1,0.3333333333333333,False,1,0.3333333333333333,False,1,0.3333333333333333,False,1.0,1.0,1.0,1.0,1.0,True,1.0,1.0,1.0,1.0,1.0,1.0,True,1.0,1.0,1.0,1.0,1.0,1.0,True,1.0,3,0,2.0,3,3,1.0,2.365851477152192,42.26808020948609,33.333333333333336,1.7319575937154175,0
2018,BA,PTC,22,1.965572843172548,295833.28,False,0,2,0.09090909090909091,False,2,0.09090909090909091,False,3,0.13636363636363635,False,2.0,2.0,1.0,1.0,1.0,True,1.0,2.0,3.0,0.6666666666666666,1.0,0.6666666666666666,False,0.9545454545454546,2.0,3.0,0.6666666666666666,1.0,0.6666666666666666,False,0.9545454545454546,22,0,2.0,22,11,2.0,11.192665830939509,8.934422014420674,9.090909090909092,20.03442715682745,11
2018,BA,PV,12,4.174670062981458,1226253.88,False,0,4,0.3333333333333333,False,4,0.3333333333333333,False,3,0.25,False,4.0,4.0,1.0,1.0,1.0,True,1.0,3.0,4.0,0.75,0.75,1.0,False,0.9166666666666666,3.0,4.0,0.75,0.75,1.0,False,0.9166666666666666,12,0,2.0,12,11,4.0,2.8744786579444943,34.78891719151215,33.333333333333336,7.825329937018542,1
2018,BA,REDE,20,2.329581723134746,138636.44999999998,False,0,2,0.1,False,7,0.35,True,1,0.05,False,2.0,7.0,0.2857142857142857,1.0,0.2857142857142857,False,0.75,1.0,2.0,0.5,0.5,1.0,False,0.95,1.0,7.0,0.14285714285714285,0.14285714285714285,1.0,False,0.7,20,0,0.0,20,19,2.0,8.585232190561436,11.64790861567373,10.0,17.670418276865256,1
2018,BA,SOLIDARIEDADE,6,1.0679306985188939,1628000.0,False,0,1,0.16666666666666666,False,1,0.16666666666666666,False,1,0.16666666666666666,False,1.0,1.0,1.0,1.0,1.0,True,1.0,1.0,1.0,1.0,1.0,1.0,True,1.0,1.0,1.0,1.0,1.0,1.0,True,1.0,6,0,0.0,6,4,1.0,5.6183420968433255,17.798844975314896,16.666666666666668,4.932069301481106,2
2018,CE,AVANTE,6,1.057474580996024,1162500.0,False,0,1,0.16666666666666666,False,1,0.16666666666666666,False,1,0.16666666666666666,False,1.0,1.0,1.0,1.0,1.0,True,1.0,1.0,1.0,1.0,1.0,1.0,True,1.0,1.0,1.0,1.0,1.0,1.0,True,1.0,6,0,1.0,6,2,1.0,5.673895248005549,17.624576349933733,16.666666666666668,4.942525419003976,4
2018,CE,DC,7,5.529086523414407,34392.85,False,0,6,0.8571428571428571,False,5,0.7142857142857143,False,2,0.2857142857142857,False,5.0,6.0,0.8333333333333334,0.8333333333333334,1.0,False,0.8571428571428572,2.0,6.0,0.3333333333333333,0.3333333333333333,1.0,False,0.4285714285714286,2.0,5.0,0.4,0.4,1.0,False,0.5714285714285714,7,0,0.0,7,7,6.0,1.2660319151014572,78.98695033449154,85.71428571428571,1.4709134765855927,0
2018,CE,DEM,6,1.1512894306190395,1010000.0,False,0,1,0.16666666666666666,False,1,0.16666666666666666,False,1,0.16666666666666666,False,1.0,1.0,1.0,1.0,1.0,True,1.0,1.0,1.0,1.0,1.0,1.0,True,1.0,1.0,1.0,1.0,1.0,1.0,True,1.0,6,0,1.0,6,3,1.0,5.211547887462014,19.188157176983992,16.666666666666668,4.848710569380961,3
2018,CE,MDB,6,3.340938300995489,3458871.4399999995,False,1,3,0.5,False,3,0.5,False,3,0.5,False,3.0,3.0,1.0,1.0,1.0,True,1.0,3.0,3.0,1.0,1.0,1.0,True,1.0,3.0,3.0,1.0,1.0,1.0,True,1.0,6,1,1.0,6,5,3.0,1.7959026654913677,55.68230501659148,50.0,2.659061699004511,1
2018,CE,NOVO,6,4.289309328097348,8596.34,False,0,4,0.6666666666666666,True,4,0.6666666666666666,True,2,0.3333333333333333,False,4.0,4.0,1.0,1.0,1.0,True,1.0,2.0,4.0,0.5,0.5,1.0,False,0.6666666666666667,2.0,4.0,0.5,0.5,1.0,False,0.6666666666666667,6,0,0.0,6,5,4.0,1.3988266037836634,71.48848880162247,66.66666666666667,1.7106906719026522,1
2018,CE,PATRI,19,8.856005948272141,124704.34999999999,False,1,9,0.47368421052631576,False,9,0.47368421052631576,False,6,0.3157894736842105,False,9.0,9.0,1.0,1.0,1.0,True,1.0,6.0,9.0,0.6666666666666666,0.6666666666666666,1.0,False,0.8421052631578947,6.0,9.0,0.6666666666666666,0.6666666666666666,1.0,False,0.8421052631578947,19,1,0.0,19,18,9.0,2.1454366800314775,46.610557622484954,47.36842105263158,10.143994051727859,1
2018,CE,PC DO B,3,1.986100507323122,2110480.51,False,0,2,0.6666666666666666,False,2,0.6666666666666666,False,2,0.6666666666666666,False,2.0,2.0,1.0,1.0,1.0,True,1.0,2.0,2.0,1.0,1.0,1.0,True,1.0,2.0,2.0,1.0,1.0,1.0,True,1.0,3,0,2.0,3,3,2.0,1.5104975749910148,66.20335024410407,66.66666666666667,1.013899492676878,0
2018,CE,PDT,14,3.1378905102340617,1790000.0,False,6,3,0.21428571428571427,False,3,0.21428571428571427,False,3,0.21428571428571427,False,3.0,3.0,1.0,1.0,1.0,True,1.0,3.0,3.0,1.0,1.0,1.0,True,1.0,3.0,3.0,1.0,1.0,1.0,True,1.0,14,6,6.0,14,6,3.0,4.4615960800224705,22.413503644529012,21.428571428571427,10.862109489765938,8
2018,CE,PHS,5,2.456857360657282,47379.5,False,0,2,0.4,False,2,0.4,False,2,0.4,False,2.0,2.0,1.0,1.0,1.0,True,1.0,2.0,2.0,1.0,1.0,1.0,True,1.0,2.0,2.0,1.0,1.0,1.0,True,1.0,5,0,0.0,5,4,2.0,2.0351201824196874,49.13714721314564,40.0,2.543142639342718,1
2018,CE,PMN,3,1.1740989615149666,620000.0,False,0,1,0.3333333333333333,False,1,0.3333333333333333,False,1,0.3333333333333333,False,1.0,1.0,1.0,1.0,1.0,True,1.0,1.0,1.0,1.0,1.0,1.0,True,1.0,1.0,1.0,1.0,1.0,1.0,True,1.0,3,0,0.0,3,2,1.0,2.555150884495317,39.13663205049889,33.333333333333336,1.8259010384850334,1
2018,CE,PODE,3,1.0,700000.0,False,0,1,0.3333333333333333,False,1,0.3333333333333333,False,1,0.3333333333333333,False,1.0,1.0,1.0,1.0,1.0,True,1.0,1.0,1.0,1.0,1.0,1.0,True,1.0,1.0,1.0,1.0,1.0,1.0,True,1.0,3,0,1.0,3,1,1.0,3.0,33.333333333333336,33.333333333333336,2.0,2
2018,CE,PP,3,1.8673689498124657,3416037.5,False,1,2,0.6666666666666666,False,2,0.6666666666666666,False,1,0.3333333333333333,False,2.0,2.0,1.0,1.0,1.0,True,1.0,1.0,2.0,0.5,0.5,1.0,False,0.6666666666666667,1.0,2.0,0.5,0.5,1.0,False,0.6666666666666667,3,1,0.0,3,3,2.0,1.606538440248394,62.24563166041552,66.66666666666667,1.1326310501875343,0
2018,CE,PPL,2,,0.0,True,0,0,0.0,False,0,0.0,False,0,0.0,False,0.0,0.0,,,,True,1.0,0.0,0.0,,,,True,1.0,0.0,0.0,,,,True,1.0,2,0,0.0,2,0,0.0,,,0.0,,2
2018,CE,PPS,5,1.247117644876788,654064.05,False,0,1,0.2,False,1,0.2,False,1,0.2,False,1.0,1.0,1.0,1.0,1.0,True,1.0,1.0,1.0,1.0,1.0,1.0,True,1.0,1.0,1.0,1.0,1.0,1.0,True,1.0,5,0,1.0,5,5,1.0,4.009244853956009,24.942352897535763,20.0,3.752882355123212,0
2018,CE,PR,4,1.9686320127447727,4126666.67,False,1,2,0.5,False,2,0.5,False,2,0.5,False,2.0,2.0,1.0,1.0,1.0,True,1.0,2.0,2.0,1.0,1.0,1.0,True,1.0,2.0,2.0,1.0,1.0,1.0,True,1.0,4,1,2.0,4,4,2.0,2.0318678016532834,49.215800318619316,50.0,2.0313679872552273,0
2018,CE,PRB,1,1.0,1119020.0,False,0,1,1.0,False,1,1.0,False,0,0.0,False,1.0,1.0,1.0,1.0,1.0,True,1.0,0.0,1.0,0.0,0.0,,False,0.0,0.0,1.0,0.0,0.0,,False,0.0,1,0,1.0,1,1,1.0,1.0,100.0,100.0,0.0,0
2018,CE,PROS,30,5.719352282766164,2295818.7199999997,False,2,6,0.2,False,6,0.2,False,7,0.23333333333333334,False,6.0,6.0,1.0,1.0,1.0,True,1.0,6.0,7.0,0.8571428571428571,1.0,0.8571428571428571,False,0.9666666666666667,6.0,7.0,0.8571428571428571,1.0,0.8571428571428571,False,0.9666666666666667,30,2,5.0,30,30,6.0,5.245349213825749,19.064507609220545,20.0,24.280647717233837,0
2018,CE,PRP,1,1.0,215.0,False,0,1,1.0,False,1,1.0,False,0,0.0,False,1.0,1.0,1.0,1.0,1.0,True,1.0,0.0,1.0,0.0,0.0,,False,0.0,0.0,1.0,0.0,0.0,,False,0.0,1,0,0.0,1,1,1.0,1.0,100.0,100.0,0.0,0
2018,CE,PRTB,5,3.569244637695571,49976.25,False,0,4,0.8,False,3,0.6,True,2,0.4,False,3.0,4.0,0.75,0.75,1.0,False,0.8,2.0,4.0,0.5,0.5,1.0,False,0.6,2.0,3.0,0.6666666666666666,0.6666666666666666,1.0,False,0.8,5,0,1.0,5,5,4.0,1.4008566258512822,71.38489275391142,80.0,1.4307553623044291,0
2018,CE,PSB,3,1.7593577144084633,1810000.0,False,1,2,0.6666666666666666,False,2,0.6666666666666666,False,1,0.3333333333333333,False,2.0,2.0,1.0,1.0,1.0,True,1.0,1.0,2.0,0.5,0.5,1.0,False,0.6666666666666667,1.0,2.0,0.5,0.5,1.0,False,0.6666666666666667,3,1,1.0,3,3,2.0,1.7051677299227743,58.64525714694878,66.66666666666667,1.2406422855915367,0
2018,CE,PSC,1,1.0,1272500.0,False,0,1,1.0,False,1,1.0,False,0,0.0,False,1.0,1.0,1.0,1.0,1.0,True,1.0,0.0,1.0,0.0,0.0,,False,0.0,0.0,1.0,0.0,0.0,,False,0.0,1,0,0.0,1,1,1.0,1.0,100.0,100.0,0.0,0
2018,CE,PSD,5,1.9756965538472115,1464939.8,False,1,2,0.4,False,2,0.4,False,2,0.4,False,2.0,2.0,1.0,1.0,1.0,True,1.0,2.0,2.0,1.0,1.0,1.0,True,1.0,2.0,2.0,1.0,1.0,1.0,True,1.0,5,1,2.0,5,4,2.0,2.530753009749224,39.51393107694423,40.0,3.0243034461527882,1
2018,CE,PSDB,13,3.9441375771508183,3380620.35,False,1,4,0.3076923076923077,False,3,0.23076923076923078,False,4,0.3076923076923077,False,3.0,4.0,0.75,0.75,1.0,False,0.9230769230769231,4.0,4.0,1.0,1.0,1.0,True,1.0,3.0,4.0,0.75,1.0,0.75,False,0.9230769230769231,13,1,4.0,13,11,4.0,3.296031070343898,30.339519824237065,30.76923076923077,9.05586242284918,2
2018,CE,PSL,21,1.0,50000.0,False,1,1,0.047619047619047616,False,1,0.047619047619047616,False,1,0.047619047619047616,False,1.0,1.0,1.0,1.0,1.0,True,1.0,1.0,1.0,1.0,1.0,1.0,True,1.0,1.0,1.0,1.0,1.0,1.0,True,1.0,21,1,0.0,21,1,1.0,21.0,4.761904761904762,4.761904761904762,20.0,20
2018,CE,PSOL,23,5.846991011512567,241072.21000000005,False,0,6,0.2608695652173913,True,8,0.34782608695652173,False,8,0.34782608695652173,False,6.0,8.0,0.75,1.0,0.75,False,0.9130434782608696,6.0,8.0,0.75,1.0,0.75,False,0.9130434782608696,8.0,8.0,1.0,1.0,1.0,True,1.0,23,0,0.0,23,23,6.0,3.9336472306377113,25.421700050054643,26.08695652173913,17.153008988487432,0
2018,CE,PSTU,1,,0.0,True,0,0,0.0,False,0,0.0,False,0,0.0,False,0.0,0.0,,,,True,1.0,0.0,0.0,,,,True,1.0,0.0,0.0,,,,True,1.0,1,0,0.0,1,0,0.0,,,0.0,,1
2018,CE,PT,12,4.569792451040216,3944432.5999999996,False,3,5,0.4166666666666667,False,4,0.3333333333333333,False,4,0.3333333333333333,False,4.0,5.0,0.8,0.8,1.0,False,0.9166666666666666,4.0,5.0,0.8,0.8,1.0,False,0.9166666666666666,4.0,4.0,1.0,1.0,1.0,True,1.0,12,3,4.0,12,12,5.0,2.625939827369721,38.08160375866847,41.666666666666664,7.430207548959784,0
2018,CE,PTB,2,1.653681710213777,295000.0,False,1,2,1.0,False,2,1.0,False,1,0.5,False,2.0,2.0,1.0,1.0,1.0,True,1.0,1.0,2.0,0.5,0.5,1.0,False,0.5,1.0,2.0,0.5,0.5,1.0,False,0.5,2,1,0.0,2,2,2.0,1.2094225797184714,82.68408551068886,100.0,0.3463182897862229,0
2018,CE,PV,2,1.031676969497813,679688.01,False,1,1,0.5,False,1,0.5,False,1,0.5,False,1.0,1.0,1.0,1.0,1.0,True,1.0,1.0,1.0,1.0,1.0,1.0,True,1.0,1.0,1.0,1.0,1.0,1.0,True,1.0,2,1,0.0,2,2,1.0,1.9385913024437633,51.58384847489065,50.0,0.968323030502187,0
2018,CE,REDE,15,13.465453689906678,23440.0,False,0,13,0.8666666666666667,False,11,0.7333333333333333,True,4,0.26666666666666666,False,11.000000000000002,13.0,0.8461538461538463,0.8461538461538463,1.0000000000000002,False,0.8666666666666667,4.0,13.0,0.3076923076923077,0.3076923076923077,1.0,False,0.4,4.0,11.000000000000002,0.3636363636363636,0.36363636363636365,1.0,False,0.5333333333333333,15,0,0.0,15,14,13.0,1.113961723491246,89.76969126604452,86.66666666666667,1.5345463100933223,1
2018,CE,SOLIDARIEDADE,2,1.5347800813795778,890000.0,False,1,2,1.0,False,2,1.0,False,1,0.5,False,2.0,2.0,1.0,1.0,1.0,True,1.0,1.0,2.0,0.5,0.5,1.0,False,0.5,1.0,2.0,0.5,0.5,1.0,False,0.5,2,1,2.0,2,2,2.0,1.3031182931448049,76.73900406897889,100.0,0.4652199186204222,0
2018,DF,AVANTE,8,6.720373540372146,126989.17000000001,False,0,7,0.875,False,6,0.75,False,3,0.375,False,6.0,7.0,0.8571428571428571,0.8571428571428571,1.0,False,0.875,3.0,7.0,0.42857142857142855,0.42857142857142855,1.0,False,0.5,3.0,6.0,0.5,0.5,1.0,False,0.625,8,0,0.0,8,8,7.0,1.19041001991044,84.00466925465182,87.5,1.2796264596278544,0
2018,DF,DC,10,9.929373971578451,27961.5,False,0,10,1.0,False,8,0.8,True,2,0.2,False,8.0,10.0,0.8,0.8,1.0,False,0.8,2.0,10.0,0.2,0.2,1.0,False,0.19999999999999996,2.0,8.0,0.25,0.25,1.0,False,0.4,10,0,0.0,10,10,10.0,1.0071128379919727,99.29373971578451,100.0,0.07062602842154853,0
2018,DF,DEM,3,1.0,855000.0,False,1,1,0.3333333333333333,False,1,0.3333333333333333,False,1,0.3333333333333333,False,1.0,1.0,1.0,1.0,1.0,True,1.0,1.0,1.0,1.0,1.0,1.0,True,1.0,1.0,1.0,1.0,1.0,1.0,True,1.0,3,1,0.0,3,1,1.0,3.0,33.333333333333336,33.333333333333336,2.0,2
2018,DF,MDB,3,1.3637565986407543,2578885.08,False,0,1,0.3333333333333333,False,1,0.3333333333333333,False,1,0.3333333333333333,False,1.0,1.0,1.0,1.0,1.0,True,1.0,1.0,1.0,1.0,1.0,1.0,True,1.0,1.0,1.0,1.0,1.0,1.0,True,1.0,3,0,2.0,3,3,1.0,2.199806037961669,45.45855328802514,33.333333333333336,1.6362434013592457,0
2018,DF,NOVO,6,4.473596548192738,9404.96,False,0,4,0.6666666666666666,True,5,0.8333333333333334,True,1,0.16666666666666666,False,4.0,5.0,0.8,1.0,0.8,False,0.8333333333333334,1.0,4.0,0.25,0.25,1.0,False,0.5,1.0,5.0,0.2,0.2,1.0,False,0.33333333333333337,6,0,0.0,6,6,4.0,1.3412027516034957,74.55994246987898,66.66666666666667,1.526403451807262,0
2018,DF,PATRI,1,1.0,40000.0,False,0,1,1.0,False,1,1.0,False,0,0.0,False,1.0,1.0,1.0,1.0,1.0,True,1.0,0.0,1.0,0.0,0.0,,False,0.0,0.0,1.0,0.0,0.0,,False,0.0,1,0,1.0,1,1,1.0,1.0,100.0,100.0,0.0,0
2018,DF,PC DO B,2,1.1732012610744522,74760.0,False,0,1,0.5,False,1,0.5,False,1,0.5,False,1.0,1.0,1.0,1.0,1.0,True,1.0,1.0,1.0,1.0,1.0,1.0,True,1.0,1.0,1.0,1.0,1.0,1.0,True,1.0,2,0,0.0,2,2,1.0,1.7047373424814947,58.66006305372261,50.0,0.8267987389255478,0
2018,DF,PCB,1,1.0,10101.11,False,0,1,1.0,False,1,1.0,False,0,0.0,False,1.0,1.0,1.0,1.0,1.0,True,1.0,0.0,1.0,0.0,0.0,,False,0.0,0.0,1.0,0.0,0.0,,False,0.0,1,0,0.0,1,1,1.0,1.0,100.0,100.0,0.0,0
2018,DF,PDT,4,2.338100463733229,25700.0,False,0,2,0.5,False,2,0.5,False,1,0.25,False,2.0,2.0,1.0,1.0,1.0,True,1.0,1.0,2.0,0.5,0.5,1.0,False,0.75,1.0,2.0,0.5,0.5,1.0,False,0.75,4,0,0.0,4,3,2.0,1.710790473739194,58.452511593330726,50.0,1.661899536266771,1
2018,DF,PHS,3,2.2889827408019205,297721.36,False,0,2,0.6666666666666666,False,2,0.6666666666666666,False,2,0.6666666666666666,False,2.0,2.0,1.0,1.0,1.0,True,1.0,2.0,2.0,1.0,1.0,1.0,True,1.0,2.0,2.0,1.0,1.0,1.0,True,1.0,3,0,1.0,3,3,2.0,1.3106258717132058,76.29942469339736,66.66666666666667,0.7110172591980795,0
2018,DF,PMB,1,1.0,27000.0,False,0,1,1.0,False,1,1.0,False,0,0.0,False,1.0,1.0,1.0,1.0,1.0,True,1.0,0.0,1.0,0.0,0.0,,False,0.0,0.0,1.0,0.0,0.0,,False,0.0,1,0,0.0,1,1,1.0,1.0,100.0,100.0,0.0,0
2018,DF,PMN,5,1.0,150000.0,False,0,1,0.2,False,1,0.2,False,1,0.2,False,1.0,1.0,1.0,1.0,1.0,True,1.0,1.0,1.0,1.0,1.0,1.0,True,1.0,1.0,1.0,1.0,1.0,1.0,True,1.0,5,0,1.0,5,1,1.0,5.0,20.0,20.0,4.0,4
2018,DF,PODE,1,1.0,750553.6,False,0,1,1.0,False,1,1.0,False,0,0.0,False,1.0,1.0,1.0,1.0,1.0,True,1.0,0.0,1.0,0.0,0.0,,False,0.0,0.0,1.0,0.0,0.0,,False,0.0,1,0,1.0,1,1,1.0,1.0,100.0,100.0,0.0,0
2018,DF,PP,2,1.8282762174659832,3318490.0,False,1,2,1.0,False,2,1.0,False,1,0.5,False,2.0,2.0,1.0,1.0,1.0,True,1.0,1.0,2.0,0.5,0.5,1.0,False,0.5,1.0,2.0,0.5,0.5,1.0,False,0.5,2,1,2.0,2,2,2.0,1.0939266074204195,91.41381087329916,100.0,0.17172378253401677,0
2018,DF,PPL,13,6.050131102092195,115814.73,False,0,6,0.46153846153846156,False,5,0.38461538461538464,False,4,0.3076923076923077,False,5.0,6.0,0.8333333333333334,0.8333333333333334,1.0,False,0.9230769230769231,4.0,6.0,0.6666666666666666,0.6666666666666666,1.0,False,0.8461538461538461,4.0,5.0,0.8,0.8,1.0,False,0.9230769230769231,13,0,0.0,13,10,6.0,2.1487137684511453,46.5394700160938,46.15384615384615,6.949868897907805,3
2018,DF,PPS,4,1.6959479705588199,133040.0,False,1,2,0.5,False,2,0.5,False,1,0.25,False,2.0,2.0,1.0,1.0,1.0,True,1.0,1.0,2.0,0.5,0.5,1.0,False,0.75,1.0,2.0,0.5,0.5,1.0,False,0.75,4,1,0.0,4,4,2.0,2.3585629214096633,42.3986992639705,50.0,2.30405202944118,0
2018,DF,PR,5,2.2014613098550235,4885150.0,False,1,2,0.4,False,2,0.4,False,2,0.4,False,2.0,2.0,1.0,1.0,1.0,True,1.0,2.0,2.0,1.0,1.0,1.0,True,1.0,2.0,2.0,1.0,1.0,1.0,True,1.0,5,1,1.0,5,5,2.0,2.271218657178796,44.02922619710047,40.0,2.7985386901449765,0
2018,DF,PRB,3,1.1823617364982388,930951.7199999999,False,1,1,0.3333333333333333,False,1,0.3333333333333333,False,1,0.3333333333333333,False,1.0,1.0,1.0,1.0,1.0,True,1.0,1.0,1.0,1.0,1.0,1.0,True,1.0,1.0,1.0,1.0,1.0,1.0,True,1.0,3,1,1.0,3,3,1.0,2.5372945583345747,39.41205788327463,33.333333333333336,1.8176382635017612,0
2018,DF,PROS,7,3.452996120917203,3422291.4800000004,False,0,3,0.42857142857142855,False,3,0.42857142857142855,False,3,0.42857142857142855,False,3.0,3.0,1.0,1.0,1.0,True,1.0,3.0,3.0,1.0,1.0,1.0,True,1.0,3.0,3.0,1.0,1.0,1.0,True,1.0,7,0,2.0,7,7,3.0,2.027224982268623,49.3285160131029,42.857142857142854,3.547003879082797,0
2018,DF,PRP,9,1.802135160778948,126536.87999999999,False,1,2,0.2222222222222222,False,2,0.2222222222222222,False,2,0.2222222222222222,False,2.0,2.0,1.0,1.0,1.0,True,1.0,2.0,2.0,1.0,1.0,1.0,True,1.0,2.0,2.0,1.0,1.0,1.0,True,1.0,9,1,0.0,9,5,2.0,4.994076024858132,20.02372400865498,22.22222222222222,7.197864839221052,4
2018,DF,PRTB,5,4.02644299118567,29750.0,False,0,4,0.8,False,4,0.8,False,2,0.4,False,4.0,4.0,1.0,1.0,1.0,True,1.0,2.0,4.0,0.5,0.5,1.0,False,0.6,2.0,4.0,0.5,0.5,1.0,False,0.6,5,0,0.0,5,5,4.0,1.241790833980651,80.5288598237134,80.0,0.9735570088143302,0
2018,DF,PSB,2,1.8741730581001421,1349725.6400000001,False,0,2,1.0,False,2,1.0,False,1,0.5,False,2.0,2.0,1.0,1.0,1.0,True,1.0,1.0,2.0,0.5,0.5,1.0,False,0.5,1.0,2.0,0.5,0.5,1.0,False,0.5,2,0,1.0,2,2,2.0,1.067137312296768,93.7086529050071,100.0,0.12582694189985788,0
2018,DF,PSC,4,3.4901482125620324,466042.23000000004,False,0,3,0.75,False,3,0.75,False,1,0.25,False,3.0,3.0,1.0,1.0,1.0,True,1.0,1.0,3.0,0.3333333333333333,0.3333333333333333,1.0,False,0.5,1.0,3.0,0.3333333333333333,0.3333333333333333,1.0,False,0.5,4,0,1.0,4,4,3.0,1.146083133547987,87.2537053140508,75.0,0.5098517874379676,0
2018,DF,PSD,1,1.0,436278.52,False,0,1,1.0,False,1,1.0,False,0,0.0,False,1.0,1.0,1.0,1.0,1.0,True,1.0,0.0,1.0,0.0,0.0,,False,0.0,0.0,1.0,0.0,0.0,,False,0.0,1,0,0.0,1,1,1.0,1.0,100.0,100.0,0.0,0
2018,DF,PSDB,8,4.654616118909267,571920.35,False,0,5,0.625,False,5,0.625,False,2,0.25,False,5.0,5.0,1.0,1.0,1.0,True,1.0,2.0,5.0,0.4,0.4,1.0,False,0.625,2.0,5.0,0.4,0.4,1.0,False,0.625,8,0,1.0,8,8,5.0,1.7187239066826994,58.18270148636584,62.5,3.345383881090733,0
2018,DF,PSL,3,2.3270841297010096,14649.5,False,0,2,0.6666666666666666,False,2,0.6666666666666666,False,2,0.6666666666666666,False,2.0,2.0,1.0,1.0,1.0,True,1.0,2.0,2.0,1.0,1.0,1.0,True,1.0,2.0,2.0,1.0,1.0,1.0,True,1.0,3,0,0.0,3,3,2.0,1.2891669715376592,77.56947099003365,66.66666666666667,0.6729158702989904,0
2018,DF,PSOL,15,6.373153765141243,279507.33999999997,False,0,6,0.4,False,6,0.4,False,6,0.4,False,6.0,6.0,1.0,1.0,1.0,True,1.0,6.0,6.0,1.0,1.0,1.0,True,1.0,6.0,6.0,1.0,1.0,1.0,True,1.0,15,0,1.0,15,15,6.0,2.353622798502739,42.48769176760829,40.0,8.626846234858757,0
2018,DF,PSTU,1,1.0,2487.9300000000003,False,0,1,1.0,False,1,1.0,False,0,0.0,False,1.0,1.0,1.0,1.0,1.0,True,1.0,0.0,1.0,0.0,0.0,,False,0.0,0.0,1.0,0.0,0.0,,False,0.0,1,0,0.0,1,1,1.0,1.0,100.0,100.0,0.0,0
2018,DF,PT,16,3.3194971682866967,2116882.35,False,1,3,0.1875,False,3,0.1875,False,3,0.1875,False,3.0,3.0,1.0,1.0,1.0,True,1.0,3.0,3.0,1.0,1.0,1.0,True,1.0,3.0,3.0,1.0,1.0,1.0,True,1.0,16,1,1.0,16,16,3.0,4.820007124229039,20.746857301791856,18.75,12.680502831713303,0
2018,DF,PTB,1,1.0,185000.0,False,0,1,1.0,False,1,1.0,False,0,0.0,False,1.0,1.0,1.0,1.0,1.0,True,1.0,0.0,1.0,0.0,0.0,,False,0.0,0.0,1.0,0.0,0.0,,False,0.0,1,0,0.0,1,1,1.0,1.0,100.0,100.0,0.0,0
2018,DF,PTC,6,1.543209876543209,250000.0,False,0,2,0.3333333333333333,True,1,0.16666666666666666,False,1,0.16666666666666666,False,1.0,1.9999999999999998,0.5000000000000001,0.5,1.0,False,0.8333333333333334,1.0,1.9999999999999998,0.5000000000000001,0.5,1.0,False,0.8333333333333334,1.0,1.0,1.0,1.0,1.0,True,1.0,6,0,1.0,6,6,2.0,3.888000000000002,25.720164609053484,33.333333333333336,4.456790123456791,0
2018,DF,PV,2,1.5480725661317998,584300.0,False,1,2,1.0,False,2,1.0,False,1,0.5,False,2.0,2.0,1.0,1.0,1.0,True,1.0,1.0,2.0,0.5,0.5,1.0,False,0.5,1.0,2.0,0.5,0.5,1.0,False,0.5,2,1,1.0,2,2,2.0,1.2919291018750112,77.40362830659,100.0,0.4519274338682002,0
2018,DF,REDE,6,1.0357079375111096,91600.0,False,0,1,0.16666666666666666,False,1,0.16666666666666666,False,1,0.16666666666666666,False,1.0,1.0,1.0,1.0,1.0,True,1.0,1.0,1.0,1.0,1.0,1.0,True,1.0,1.0,1.0,1.0,1.0,1.0,True,1.0,6,0,0.0,6,3,1.0,5.793138956160255,17.261798958518494,16.666666666666668,4.964292062488891,3
2018,DF,SOLIDARIEDADE,1,1.0,641737.3200000001,False,0,1,1.0,False,1,1.0,False,0,0.0,False,1.0,1.0,1.0,1.0,1.0,True,1.0,0.0,1.0,0.0,0.0,,False,0.0,0.0,1.0,0.0,0.0,,False,0.0,1,0,1.0,1,1,1.0,1.0,100.0,100.0,0.0,0
2018,ES,AVANTE,2,1.999973185488534,35913.1,False,0,2,1.0,False,2,1.0,False,1,0.5,False,2.0,2.0,1.0,1.0,1.0,True,1.0,1.0,2.0,0.5,0.5,1.0,False,0.5,1.0,2.0,0.5,0.5,1.0,False,0.5,2,0,0.0,2,2,2.0,1.0000134074354898,99.9986592744267,100.0,2.6814511465911295e-05,0
2018,ES,DC,11,8.980873830739938,36826.97,False,0,9,0.8181818181818182,False,8,0.7272727272727273,False,9,0.8181818181818182,False,8.0,9.0,0.8888888888888888,0.8888888888888888,1.0,False,0.9090909090909091,9.0,9.0,1.0,1.0,1.0,True,1.0,8.0,9.0,0.8888888888888888,1.0,0.8888888888888888,False,0.9090909090909091,11,0,0.0,11,9,9.0,1.2248251347601558,81.64430755218126,81.81818181818181,2.019126169260062,2
2018,ES,DEM,2,1.0,1650000.0,False,1,1,0.5,False,1,0.5,False,1,0.5,False,1.0,1.0,1.0,1.0,1.0,True,1.0,1.0,1.0,1.0,1.0,1.0,True,1.0,1.0,1.0,1.0,1.0,1.0,True,1.0,2,1,1.0,2,1,1.0,2.0,50.0,50.0,1.0,1
2018,ES,MDB,4,1.1075548826215342,2514835.5,False,0,1,0.25,False,1,0.25,False,1,0.25,False,1.0,1.0,1.0,1.0,1.0,True,1.0,1.0,1.0,1.0,1.0,1.0,True,1.0,1.0,1.0,1.0,1.0,1.0,True,1.0,4,0,1.0,4,3,1.0,3.611559176672287,27.688872065538355,25.0,2.8924451173784655,1
2018,ES,NOVO,6,5.999999999999999,10880.64,False,0,6,1.0,False,5,0.8333333333333334,True,0,0.0,False,5.0,6.0,0.8333333333333334,0.8333333333333334,1.0,False,0.8333333333333334,0.0,6.0,0.0,0.0,,False,0.0,0.0,5.0,0.0,0.0,,False,0.16666666666666663,6,0,0.0,6,6,6.0,1.0000000000000002,99.99999999999999,100.0,8.881784197001252e-16,0
2018,ES,PATRI,1,,0.0,True,0,0,0.0,False,0,0.0,False,0,0.0,False,0.0,0.0,,,,True,1.0,0.0,0.0,,,,True,1.0,0.0,0.0,,,,True,1.0,1,0,0.0,1,0,0.0,,,0.0,,1
2018,ES,PC DO B,1,1.0,1063606.81,False,0,1,1.0,False,1,1.0,False,0,0.0,False,1.0,1.0,1.0,1.0,1.0,True,1.0,0.0,1.0,0.0,0.0,,False,0.0,0.0,1.0,0.0,0.0,,False,0.0,1,0,1.0,1,1,1.0,1.0,100.0,100.0,0.0,0
2018,ES,PDT,5,1.1762816331711787,759896.7,False,1,1,0.2,False,1,0.2,False,1,0.2,False,1.0,1.0,1.0,1.0,1.0,True,1.0,1.0,1.0,1.0,1.0,1.0,True,1.0,1.0,1.0,1.0,1.0,1.0,True,1.0,5,1,2.0,5,5,1.0,4.250682709820373,23.525632663423572,20.0,3.823718366828821,0
2018,ES,PHS,3,2.0,100000.0,False,0,2,0.6666666666666666,False,2,0.6666666666666666,False,2,0.6666666666666666,False,2.0,2.0,1.0,1.0,1.0,True,1.0,2.0,2.0,1.0,1.0,1.0,True,1.0,2.0,2.0,1.0,1.0,1.0,True,1.0,3,0,0.0,3,2,2.0,1.5,66.66666666666667,66.66666666666667,1.0,1
2018,ES,PMB,5,3.6584590283211242,37486.0,False,0,4,0.8,False,3,0.6,False,2,0.4,False,3.0,4.0,0.75,0.75,1.0,False,0.8,2.0,4.0,0.5,0.5,1.0,False,0.6,2.0,3.0,0.6666666666666666,0.6666666666666666,1.0,False,0.8,5,0,0.0,5,5,4.0,1.3666956391457832,73.16918056642248,80.0,1.3415409716788758,0
2018,ES,PMN,1,1.0,300.0,False,0,1,1.0,False,1,1.0,False,0,0.0,False,1.0,1.0,1.0,1.0,1.0,True,1.0,0.0,1.0,0.0,0.0,,False,0.0,0.0,1.0,0.0,0.0,,False,0.0,1,0,0.0,1,1,1.0,1.0,100.0,100.0,0.0,0
2018,ES,PODE,6,5.999999999999999,1200.0,False,0,6,1.0,False,5,0.8333333333333334,True,0,0.0,False,5.0,6.0,0.8333333333333334,0.8333333333333334,1.0,False,0.8333333333333334,0.0,6.0,0.0,0.0,,False,0.0,0.0,5.0,0.0,0.0,,False,0.16666666666666663,6,0,1.0,6,6,6.0,1.0000000000000002,99.99999999999999,100.0,8.881784197001252e-16,0
2018,ES,PP,7,3.432388164756608,2742747.81,False,1,3,0.42857142857142855,False,3,0.42857142857142855,False,2,0.2857142857142857,False,3.0,3.0,1.0,1.0,1.0,True,1.0,2.0,3.0,0.6666666666666666,0.6666666666666666,1.0,False,0.8571428571428572,2.0,3.0,0.6666666666666666,0.6666666666666666,1.0,False,0.8571428571428572,7,1,1.0,7,7,3.0,2.039396380594493,49.03411663938011,42.857142857142854,3.567611835243392,0
2018,ES,PPL,1,1.0,16000.0,False,0,1,1.0,False,1,1.0,False,0,0.0,False,1.0,1.0,1.0,1.0,1.0,True,1.0,0.0,1.0,0.0,0.0,,False,0.0,0.0,1.0,0.0,0.0,,False,0.0,1,0,1.0,1,1,1.0,1.0,100.0,100.0,0.0,0
2018,ES,PPS,5,3.3448573986858525,1475646.22,False,1,3,0.6,False,3,0.6,False,2,0.4,False,3.0,3.0,1.0,1.0,1.0,True,1.0,2.0,3.0,0.6666666666666666,0.6666666666666666,1.0,False,0.8,2.0,3.0,0.6666666666666666,0.6666666666666666,1.0,False,0.8,5,1,2.0,5,4,3.0,1.494832037373082,66.89714797371705,60.0,1.6551426013141475,1
2018,ES,PR,3,1.936422051236024,3857975.71,False,1,2,0.6666666666666666,False,2,0.6666666666666666,False,2,0.6666666666666666,False,2.0,2.0,1.0,1.0,1.0,True,1.0,2.0,2.0,1.0,1.0,1.0,True,1.0,2.0,2.0,1.0,1.0,1.0,True,1.0,3,1,2.0,3,3,2.0,1.5492490379796549,64.54740170786746,66.66666666666667,1.063577948763976,0
2018,ES,PRB,10,3.5257091643356606,3283391.369999999,False,1,4,0.4,False,3,0.3,False,3,0.3,False,3.0,4.0,0.75,0.75,1.0,False,0.9,3.0,4.0,0.75,0.75,1.0,False,0.9,3.0,3.0,1.0,1.0,1.0,True,1.0,10,1,3.0,10,10,4.0,2.8363088201247795,35.25709164335661,40.0,6.474290835664339,0
2018,ES,PROS,3,1.0245267943648109,412656.04,False,0,1,0.3333333333333333,False,1,0.3333333333333333,False,1,0.3333333333333333,False,1.0,1.0,1.0,1.0,1.0,True,1.0,1.0,1.0,1.0,1.0,1.0,True,1.0,1.0,1.0,1.0,1.0,1.0,True,1.0,3,0,1.0,3,2,1.0,2.928181104194497,34.1508931454937,33.333333333333336,1.9754732056351891,1
2018,ES,PRP,3,2.5350114680334532,191365.05,False,0,3,1.0,False,2,0.6666666666666666,False,1,0.3333333333333333,False,2.0,3.0,0.6666666666666666,0.6666666666666666,1.0,False,0.6666666666666667,1.0,3.0,0.3333333333333333,0.3333333333333333,1.0,False,0.33333333333333337,1.0,2.0,0.5,0.5,1.0,False,0.6666666666666667,3,0,1.0,3,3,3.0,1.1834265989838948,84.50038226778177,100.0,0.46498853196654677,0
2018,ES,PRTB,6,2.0,2000.0,False,0,2,0.3333333333333333,False,2,0.3333333333333333,False,2,0.3333333333333333,False,2.0,2.0,1.0,1.0,1.0,True,1.0,2.0,2.0,1.0,1.0,1.0,True,1.0,2.0,2.0,1.0,1.0,1.0,True,1.0,6,0,0.0,6,2,2.0,3.0,33.333333333333336,33.333333333333336,4.0,4
2018,ES,PSB,10,2.9299555364783654,2351055.0,False,2,3,0.3,False,4,0.4,False,3,0.3,False,3.0,4.0,0.75,1.0,0.75,False,0.9,3.0,3.0,1.0,1.0,1.0,True,1.0,3.0,4.0,0.75,0.75,1.0,False,0.9,10,2,2.0,10,10,3.0,3.4130210767701317,29.29955536478365,30.0,7.070044463521635,0
2018,ES,PSC,1,1.0,1040000.0,False,0,1,1.0,False,1,1.0,False,0,0.0,False,1.0,1.0,1.0,1.0,1.0,True,1.0,0.0,1.0,0.0,0.0,,False,0.0,0.0,1.0,0.0,0.0,,False,0.0,1,0,1.0,1,1,1.0,1.0,100.0,100.0,0.0,0
2018,ES,PSD,2,1.5895952023180746,1016500.0,False,0,2,1.0,False,2,1.0,False,1,0.5,False,2.0,2.0,1.0,1.0,1.0,True,1.0,1.0,2.0,0.5,0.5,1.0,False,0.5,1.0,2.0,0.5,0.5,1.0,False,0.5,2,0,1.0,2,2,2.0,1.258181955433333,79.47976011590373,100.0,0.4104047976819254,0
2018,ES,PSDB,3,1.0685305127620035,1110350.0,False,0,1,0.3333333333333333,False,1,0.3333333333333333,False,1,0.3333333333333333,False,1.0,1.0,1.0,1.0,1.0,True,1.0,1.0,1.0,1.0,1.0,1.0,True,1.0,1.0,1.0,1.0,1.0,1.0,True,1.0,3,0,1.0,3,3,1.0,2.8075941343456963,35.61768375873345,33.333333333333336,1.9314694872379965,0
2018,ES,PSL,7,1.1717220965184063,310884.65,False,1,1,0.14285714285714285,False,1,0.14285714285714285,False,1,0.14285714285714285,False,1.0,1.0,1.0,1.0,1.0,True,1.0,1.0,1.0,1.0,1.0,1.0,True,1.0,1.0,1.0,1.0,1.0,1.0,True,1.0,7,1,0.0,7,5,1.0,5.974112821461192,16.73888709312009,14.285714285714286,5.8282779034815935,2
2018,ES,PSOL,7,6.800004164200665,24604.119999999995,False,0,7,1.0,False,6,0.8571428571428571,False,2,0.2857142857142857,False,6.0,7.0,0.8571428571428571,0.8571428571428571,1.0,False,0.8571428571428572,2.0,7.0,0.2857142857142857,0.2857142857142857,1.0,False,0.2857142857142857,2.0,6.0,0.3333333333333333,0.3333333333333333,1.0,False,0.4285714285714286,7,0,0.0,7,7,7.0,1.0294111343125691,97.14291663143807,100.0,0.199995835799335,0
2018,ES,PT,15,2.5892391628966362,1594500.0,False,1,3,0.2,True,2,0.13333333333333333,False,2,0.13333333333333333,False,2.0,3.0,0.6666666666666666,0.6666666666666666,1.0,False,0.9333333333333333,2.0,3.0,0.6666666666666666,0.6666666666666666,1.0,False,0.9333333333333333,2.0,2.0,1.0,1.0,1.0,True,1.0,15,1,2.0,15,15,3.0,5.793207601270477,17.261594419310907,20.0,12.410760837103364,0
2018,ES,PTB,13,3.400822893768848,190815.0,False,0,3,0.23076923076923078,False,5,0.38461538461538464,False,2,0.15384615384615385,False,3.0,5.0,0.6,1.0,0.6,False,0.8461538461538461,2.0,3.0,0.6666666666666666,0.6666666666666666,1.0,False,0.9230769230769231,2.0,5.0,0.4,0.4,1.0,False,0.7692307692307692,13,0,1.0,13,9,3.0,3.822604236115685,26.160176105914218,23.076923076923077,9.599177106231153,4
2018,ES,PTC,1,1.0,60000.0,False,0,1,1.0,False,1,1.0,False,0,0.0,False,1.0,1.0,1.0,1.0,1.0,True,1.0,0.0,1.0,0.0,0.0,,False,0.0,0.0,1.0,0.0,0.0,,False,0.0,1,0,0.0,1,1,1.0,1.0,100.0,100.0,0.0,0
2018,ES,PV,5,4.382984334650654,189457.68,False,0,4,0.8,False,4,0.8,False,2,0.4,False,4.0,4.0,1.0,1.0,1.0,True,1.0,2.0,4.0,0.5,0.5,1.0,False,0.6,2.0,4.0,0.5,0.5,1.0,False,0.6,5,0,0.0,5,5,4.0,1.1407752385677932,87.65968669301309,80.0,0.6170156653493457,0
2018,ES,REDE,6,1.0084209033413256,190800.0,False,0,1,0.16666666666666666,False,1,0.16666666666666666,False,1,0.16666666666666666,False,1.0,1.0,1.0,1.0,1.0,True,1.0,1.0,1.0,1.0,1.0,1.0,True,1.0,1.0,1.0,1.0,1.0,1.0,True,1.0,6,0,1.0,6,2,1.0,5.949896496710311,16.807015055688762,16.666666666666668,4.991579096658675,4
2018,ES,SOLIDARIEDADE,2,1.0480491579847075,1278000.0,False,0,1,0.5,False,1,0.5,False,1,0.5,False,1.0,1.0,1.0,1.0,1.0,True,1.0,1.0,1.0,1.0,1.0,1.0,True,1.0,1.0,1.0,1.0,1.0,1.0,True,1.0,2,0,1.0,2,2,1.0,1.9083074345919018,52.40245789923538,50.0,0.9519508420152925,0
2018,GO,AVANTE,6,,0.0,True,0,0,0.0,False,0,0.0,False,0,0.0,False,0.0,0.0,,,,True,1.0,0.0,0.0,,,,True,1.0,0.0,0.0,,,,True,1.0,6,0,1.0,6,0,0.0,,,0.0,,6
2018,GO,DC,12,1.7663041395334493,71489.11,False,0,2,0.16666666666666666,False,2,0.16666666666666666,False,1,0.08333333333333333,False,2.0,2.0,1.0,1.0,1.0,True,1.0,1.0,2.0,0.5,0.5,1.0,False,0.9166666666666666,1.0,2.0,0.5,0.5,1.0,False,0.9166666666666666,12,0,1.0,12,8,2.0,6.7938469550151614,14.719201162778745,16.666666666666668,10.23369586046655,4
2018,GO,DEM,6,3.407298400883113,1887150.2399999998,False,2,3,0.5,False,3,0.5,False,3,0.5,False,3.0,3.0,1.0,1.0,1.0,True,1.0,3.0,3.0,1.0,1.0,1.0,True,1.0,3.0,3.0,1.0,1.0,1.0,True,1.0,6,2,1.0,6,6,3.0,1.7609258990773757,56.788306681385215,50.0,2.592701599116887,0
2018,GO,MDB,14,1.811223441345992,1130250.0,False,0,2,0.14285714285714285,False,2,0.14285714285714285,False,2,0.14285714285714285,False,2.0,2.0,1.0,1.0,1.0,True,1.0,2.0,2.0,1.0,1.0,1.0,True,1.0,2.0,2.0,1.0,1.0,1.0,True,1.0,14,0,2.0,14,6,2.0,7.729581939153816,12.937310295328514,14.285714285714286,12.188776558654007,8
2018,GO,NOVO,6,4.591900645271427,10094.96,False,0,5,0.8333333333333334,True,5,0.8333333333333334,True,2,0.3333333333333333,False,5.0,5.0,1.0,1.0,1.0,True,1.0,2.0,5.0,0.4,0.4,1.0,False,0.5,2.0,5.0,0.4,0.4,1.0,False,0.5,6,0,0.0,6,6,5.0,1.3066484803364773,76.53167742119045,83.33333333333333,1.4080993547285727,0
2018,GO,PATRI,8,,0.0,True,0,0,0.0,False,0,0.0,False,0,0.0,False,0.0,0.0,,,,True,1.0,0.0,0.0,,,,True,1.0,0.0,0.0,,,,True,1.0,8,0,0.0,8,0,0.0,,,0.0,,8
2018,GO,PC DO B,3,1.0045748488831083,175368.65,False,0,1,0.3333333333333333,False,1,0.3333333333333333,False,1,0.3333333333333333,False,1.0,1.0,1.0,1.0,1.0,True,1.0,1.0,1.0,1.0,1.0,1.0,True,1.0,1.0,1.0,1.0,1.0,1.0,True,1.0,3,0,1.0,3,3,1.0,2.986337955141338,33.48582829610361,33.333333333333336,1.9954251511168917,0
2018,GO,PCB,1,1.0,3835.98,False,0,1,1.0,False,1,1.0,False,0,0.0,False,1.0,1.0,1.0,1.0,1.0,True,1.0,0.0,1.0,0.0,0.0,,False,0.0,0.0,1.0,0.0,0.0,,False,0.0,1,0,0.0,1,1,1.0,1.0,100.0,100.0,0.0,0
2018,GO,PCO,1,1.0,2350.0,False,0,1,1.0,False,1,1.0,False,0,0.0,False,1.0,1.0,1.0,1.0,1.0,True,1.0,0.0,1.0,0.0,0.0,,False,0.0,0.0,1.0,0.0,0.0,,False,0.0,1,0,0.0,1,1,1.0,1.0,100.0,100.0,0.0,0
2018,GO,PDT,2,1.0,1518566.19,False,1,1,0.5,False,1,0.5,False,1,0.5,False,1.0,1.0,1.0,1.0,1.0,True,1.0,1.0,1.0,1.0,1.0,1.0,True,1.0,1.0,1.0,1.0,1.0,1.0,True,1.0,2,1,1.0,2,1,1.0,2.0,50.0,50.0,1.0,1
2018,GO,PHS,20,7.996844343058318,827935.6699999999,False,0,8,0.4,False,7,0.35,True,5,0.25,False,7.0,8.0,0.875,0.875,1.0,False,0.95,5.0,8.0,0.625,0.625,1.0,False,0.85,5.0,7.0,0.7142857142857143,0.7142857142857143,1.0,False,0.9,20,0,1.0,20,20,8.0,2.5009865319388207,39.98422171529159,40.0,12.003155656941683,0
2018,GO,PMN,4,1.8995157623588004,81886.19,False,0,2,0.5,False,2,0.5,False,2,0.5,False,2.0,2.0,1.0,1.0,1.0,True,1.0,2.0,2.0,1.0,1.0,1.0,True,1.0,2.0,2.0,1.0,1.0,1.0,True,1.0,4,0,2.0,4,2,2.0,2.1057998460791074,47.48789405897001,50.0,2.1004842376412,2
2018,GO,PODE,4,1.6864950264666756,447846.19,False,1,2,0.5,False,2,0.5,False,2,0.5,False,2.0,2.0,1.0,1.0,1.0,True,1.0,2.0,2.0,1.0,1.0,1.0,True,1.0,2.0,2.0,1.0,1.0,1.0,True,1.0,4,1,1.0,4,3,2.0,2.3717828616312486,42.16237566166689,50.0,2.313504973533324,1
2018,GO,PP,6,3.7176348269423087,7050887.2,False,2,4,0.6666666666666666,False,3,0.5,False,3,0.5,False,3.0,4.0,0.75,0.75,1.0,False,0.8333333333333334,3.0,4.0,0.75,0.75,1.0,False,0.8333333333333334,3.0,3.0,1.0,1.0,1.0,True,1.0,6,2,3.0,6,5,4.0,1.613929360817533,61.96058044903848,66.66666666666667,2.2823651730576913,1
2018,GO,PPS,1,1.0,1168128.11,False,0,1,1.0,False,1,1.0,False,0,0.0,False,1.0,1.0,1.0,1.0,1.0,True,1.0,0.0,1.0,0.0,0.0,,False,0.0,0.0,1.0,0.0,0.0,,False,0.0,1,0,1.0,1,1,1.0,1.0,100.0,100.0,0.0,0
2018,GO,PR,1,1.0,2000000.0,False,1,1,1.0,False,1,1.0,False,0,0.0,False,1.0,1.0,1.0,1.0,1.0,True,1.0,0.0,1.0,0.0,0.0,,False,0.0,0.0,1.0,0.0,0.0,,False,0.0,1,1,1.0,1,1,1.0,1.0,100.0,100.0,0.0,0
2018,GO,PRB,1,1.0,1315830.0,False,1,1,1.0,False,1,1.0,False,0,0.0,False,1.0,1.0,1.0,1.0,1.0,True,1.0,0.0,1.0,0.0,0.0,,False,0.0,0.0,1.0,0.0,0.0,,False,0.0,1,1,1.0,1,1,1.0,1.0,100.0,100.0,0.0,0
2018,GO,PROS,1,1.0,1793697.52,False,0,1,1.0,False,1,1.0,False,0,0.0,False,1.0,1.0,1.0,1.0,1.0,True,1.0,0.0,1.0,0.0,0.0,,False,0.0,0.0,1.0,0.0,0.0,,False,0.0,1,0,0.0,1,1,1.0,1.0,100.0,100.0,0.0,0
2018,GO,PRP,4,1.109293190649776,527987.3200000001,False,1,1,0.25,False,1,0.25,False,1,0.25,False,1.0,1.0,1.0,1.0,1.0,True,1.0,1.0,1.0,1.0,1.0,1.0,True,1.0,1.0,1.0,1.0,1.0,1.0,True,1.0,4,1,1.0,4,4,1.0,3.6058997149860557,27.7323297662444,25.0,2.890706809350224,0
2018,GO,PRTB,10,7.63384745039461,9910.98,False,0,8,0.8,True,7,0.7,True,4,0.4,False,7.0,8.0,0.875,0.875,1.0,False,0.9,4.0,8.0,0.5,0.5,1.0,False,0.6,4.0,7.0,0.5714285714285714,0.5714285714285714,1.0,False,0.7,10,0,0.0,10,10,8.0,1.3099554405535152,76.3384745039461,80.0,2.36615254960539,0
2018,GO,PSB,2,1.0,572117.5,False,1,1,0.5,False,1,0.5,False,1,0.5,False,1.0,1.0,1.0,1.0,1.0,True,1.0,1.0,1.0,1.0,1.0,1.0,True,1.0,1.0,1.0,1.0,1.0,1.0,True,1.0,2,1,1.0,2,1,1.0,2.0,50.0,50.0,1.0,1
2018,GO,PSC,6,1.39514106442264,182456.65999999997,False,1,1,0.16666666666666666,False,1,0.16666666666666666,False,1,0.16666666666666666,False,1.0,1.0,1.0,1.0,1.0,True,1.0,1.0,1.0,1.0,1.0,1.0,True,1.0,1.0,1.0,1.0,1.0,1.0,True,1.0,6,1,0.0,6,3,1.0,4.300640381826204,23.252351073710667,16.666666666666668,4.60485893557736,3
2018,GO,PSD,5,2.7486384583158774,1620000.0,False,1,3,0.6,False,3,0.6,False,1,0.2,False,3.0,3.0,1.0,1.0,1.0,True,1.0,1.0,3.0,0.3333333333333333,0.3333333333333333,1.0,False,0.6,1.0,3.0,0.3333333333333333,0.3333333333333333,1.0,False,0.6,5,1,1.0,5,5,3.0,1.8190824569425394,54.97276916631755,60.0,2.2513615416841226,0
2018,GO,PSDB,6,3.6435120803442356,3204500.0,False,1,4,0.6666666666666666,False,3,0.5,False,2,0.3333333333333333,False,3.0,4.0,0.75,0.75,1.0,False,0.8333333333333334,2.0,4.0,0.5,0.5,1.0,False,0.6666666666666667,2.0,3.0,0.6666666666666666,0.6666666666666666,1.0,False,0.8333333333333334,6,1,4.0,6,5,4.0,1.6467627573868577,60.725201339070594,66.66666666666667,2.3564879196557644,1
2018,GO,PSL,9,1.1790044895614054,457294.33,False,2,1,0.1111111111111111,False,1,0.1111111111111111,False,1,0.1111111111111111,False,1.0,1.0,1.0,1.0,1.0,True,1.0,1.0,1.0,1.0,1.0,1.0,True,1.0,1.0,1.0,1.0,1.0,1.0,True,1.0,9,2,1.0,9,4,1.0,7.633558718125016,13.100049884015615,11.11111111111111,7.820995510438594,5
2018,GO,PSOL,16,13.14105051022461,43886.33,False,0,13,0.8125,False,10,0.625,False,8,0.5,False,10.0,13.0,0.7692307692307693,0.7692307692307693,1.0,False,0.8125,8.0,13.0,0.6153846153846154,0.6153846153846154,1.0,False,0.6875,8.0,10.0,0.8,0.8,1.0,False,0.875,16,0,0.0,16,15,13.0,1.2175586713977653,82.1315656889038,81.25,2.858949489775391,1
2018,GO,PT,15,1.791354459714147,1220715.15,False,1,2,0.13333333333333333,False,2,0.13333333333333333,False,1,0.06666666666666667,False,2.0,2.0,1.0,1.0,1.0,True,1.0,1.0,2.0,0.5,0.5,1.0,False,0.9333333333333333,1.0,2.0,0.5,0.5,1.0,False,0.9333333333333333,15,1,2.0,15,14,2.0,8.37355215694922,11.942363064760979,13.333333333333334,13.208645540285852,1
2018,GO,PTB,3,1.7613378910819448,1602845.0,False,0,2,0.6666666666666666,False,2,0.6666666666666666,False,1,0.3333333333333333,False,2.0,2.0,1.0,1.0,1.0,True,1.0,1.0,2.0,0.5,0.5,1.0,False,0.6666666666666667,1.0,2.0,0.5,0.5,1.0,False,0.6666666666666667,3,0,1.0,3,3,2.0,1.7032507023153727,58.71126303606483,66.66666666666667,1.2386621089180552,0
2018,GO,PTC,11,1.461758957832192,283331.42000000004,False,0,1,0.09090909090909091,False,1,0.09090909090909091,False,2,0.18181818181818182,False,1.0,1.0,1.0,1.0,1.0,True,1.0,1.0,2.0,0.5,1.0,0.5,False,0.9090909090909091,1.0,2.0,0.5,1.0,0.5,False,0.9090909090909091,11,0,0.0,11,7,1.0,7.525180496456917,13.28871779847447,9.090909090909092,9.538241042167808,4
2018,GO,PV,5,4.361534424354454,367285.79000000004,False,0,4,0.8,False,4,0.8,False,3,0.6,False,4.0,4.0,1.0,1.0,1.0,True,1.0,3.0,4.0,0.75,0.75,1.0,False,0.8,3.0,4.0,0.75,0.75,1.0,False,0.8,5,0,0.0,5,5,4.0,1.1463855408501207,87.23068848708907,80.0,0.6384655756455464,0
2018,GO,REDE,7,4.896995264913722,3576.4799999999996,False,0,5,0.7142857142857143,False,4,0.5714285714285714,True,5,0.7142857142857143,False,4.0,5.0,0.8,0.8,1.0,False,0.8571428571428572,5.0,5.0,1.0,1.0,1.0,True,1.0,4.0,5.0,0.8,1.0,0.8,False,0.8571428571428572,7,0,0.0,7,5,5.0,1.429447982144073,69.95707521305317,71.42857142857143,2.1030047350862784,2
2018,GO,SOLIDARIEDADE,1,1.0,650000.0,False,1,1,1.0,False,1,1.0,False,0,0.0,False,1.0,1.0,1.0,1.0,1.0,True,1.0,0.0,1.0,0.0,0.0,,False,0.0,0.0,1.0,0.0,0.0,,False,0.0,1,1,0.0,1,1,1.0,1.0,100.0,100.0,0.0,0
2018,MA,AVANTE,1,,0.0,True,0,0,0.0,False,0,0.0,False,0,0.0,False,0.0,0.0,,,,True,1.0,0.0,0.0,,,,True,1.0,0.0,0.0,,,,True,1.0,1,0,0.0,1,0,0.0,,,0.0,,1
2018,MA,DC,2,,0.0,True,0,0,0.0,False,0,0.0,False,0,0.0,False,0.0,0.0,,,,True,1.0,0.0,0.0,,,,True,1.0,0.0,0.0,,,,True,1.0,2,0,0.0,2,0,0.0,,,0.0,,2
2018,MA,DEM,2,1.4013782896949674,866000.0,False,1,1,0.5,False,1,0.5,False,1,0.5,False,1.0,1.0,1.0,1.0,1.0,True,1.0,1.0,1.0,1.0,1.0,1.0,True,1.0,1.0,1.0,1.0,1.0,1.0,True,1.0,2,1,1.0,2,2,1.0,1.4271663937617673,70.06891448474836,50.0,0.5986217103050326,0
2018,MA,MDB,8,3.486935241205785,4872500.0,False,2,3,0.375,False,3,0.375,False,3,0.375,False,3.0,3.0,1.0,1.0,1.0,True,1.0,3.0,3.0,1.0,1.0,1.0,True,1.0,3.0,3.0,1.0,1.0,1.0,True,1.0,8,2,3.0,8,8,3.0,2.2942783408944507,43.58669051507231,37.5,4.513064758794215,0
2018,MA,PATRI,6,1.0,350000.0,False,1,1,0.16666666666666666,False,1,0.16666666666666666,False,1,0.16666666666666666,False,1.0,1.0,1.0,1.0,1.0,True,1.0,1.0,1.0,1.0,1.0,1.0,True,1.0,1.0,1.0,1.0,1.0,1.0,True,1.0,6,1,0.0,6,1,1.0,6.0,16.666666666666668,16.666666666666668,5.0,5
2018,MA,PC DO B,4,2.010749922357006,1604300.0,False,2,2,0.5,False,2,0.5,False,2,0.5,False,2.0,2.0,1.0,1.0,1.0,True,1.0,2.0,2.0,1.0,1.0,1.0,True,1.0,2.0,2.0,1.0,1.0,1.0,True,1.0,4,2,1.0,4,4,2.0,1.9893075491512093,50.26874805892515,50.0,1.989250077642994,0
2018,MA,PCB,2,2.0,8119.1,False,0,2,1.0,False,2,1.0,False,0,0.0,False,2.0,2.0,1.0,1.0,1.0,True,1.0,0.0,2.0,0.0,0.0,,False,0.0,0.0,2.0,0.0,0.0,,False,0.0,2,0,0.0,2,2,2.0,1.0,100.0,100.0,0.0,0
2018,MA,PDT,8,2.8911145811265877,1237200.0,False,1,3,0.375,False,2,0.25,False,2,0.25,False,2.0,3.0,0.6666666666666666,0.6666666666666666,1.0,False,0.875,2.0,3.0,0.6666666666666666,0.6666666666666666,1.0,False,0.875,2.0,2.0,1.0,1.0,1.0,True,1.0,8,1,4.0,8,7,3.0,2.7670989078830006,36.13893226408235,37.5,5.108885418873412,1
2018,MA,PHS,12,6.051062020428784,427300.0,False,0,6,0.5,False,5,0.4166666666666667,True,6,0.5,False,5.0,6.0,0.8333333333333334,0.8333333333333334,1.0,False,0.9166666666666667,6.0,6.0,1.0,1.0,1.0,True,1.0,5.0,6.0,0.8333333333333334,1.0,0.8333333333333334,False,0.9166666666666667,12,0,0.0,12,7,6.0,1.9831229558525776,50.42551683690653,50.0,5.948937979571216,5
2018,MA,PMB,3,1.095022624434389,55000.0,False,0,1,0.3333333333333333,False,1,0.3333333333333333,False,1,0.3333333333333333,False,1.0,1.0,1.0,1.0,1.0,True,1.0,1.0,1.0,1.0,1.0,1.0,True,1.0,1.0,1.0,1.0,1.0,1.0,True,1.0,3,0,0.0,3,2,1.0,2.7396694214876036,36.50075414781297,33.333333333333336,1.904977375565611,1
2018,MA,PMN,12,2.7919992768729274,703000.0,False,2,3,0.25,False,4,0.3333333333333333,True,2,0.16666666666666666,False,3.0,4.0,0.75,1.0,0.75,False,0.9166666666666666,2.0,3.0,0.6666666666666666,0.6666666666666666,1.0,False,0.9166666666666666,2.0,4.0,0.5,0.5,1.0,False,0.8333333333333334,12,2,2.0,12,9,3.0,4.297995382520351,23.26666064060773,25.0,9.208000723127073,3
2018,MA,PODE,5,1.9559842667166136,885000.0,False,1,2,0.4,False,2,0.4,False,1,0.2,False,2.0,2.0,1.0,1.0,1.0,True,1.0,1.0,2.0,0.5,0.5,1.0,False,0.8,1.0,2.0,0.5,0.5,1.0,False,0.8,5,1,1.0,5,4,2.0,2.5562577803313222,39.119685334332274,40.0,3.0440157332833864,1
2018,MA,PP,4,1.8879293794206964,3570528.0,False,1,2,0.5,False,2,0.5,False,2,0.5,False,2.0,2.0,1.0,1.0,1.0,True,1.0,2.0,2.0,1.0,1.0,1.0,True,1.0,2.0,2.0,1.0,1.0,1.0,True,1.0,4,1,2.0,4,4,2.0,2.1187233185742276,47.19823448551741,50.0,2.1120706205793036,0
2018,MA,PPL,1,,0.0,True,0,0,0.0,False,0,0.0,False,0,0.0,False,0.0,0.0,,,,True,1.0,0.0,0.0,,,,True,1.0,0.0,0.0,,,,True,1.0,1,0,1.0,1,0,0.0,,,0.0,,1
2018,MA,PPS,1,,0.0,True,0,0,0.0,False,0,0.0,False,0,0.0,False,0.0,0.0,,,,True,1.0,0.0,0.0,,,,True,1.0,0.0,0.0,,,,True,1.0,1,0,0.0,1,0,0.0,,,0.0,,1
2018,MA,PR,4,2.972167532864567,4930000.0,False,2,3,0.75,False,3,0.75,False,3,0.75,False,3.0,3.0,1.0,1.0,1.0,True,1.0,3.0,3.0,1.0,1.0,1.0,True,1.0,3.0,3.0,1.0,1.0,1.0,True,1.0,4,2,2.0,4,4,3.0,1.3458191558080883,74.30418832161418,75.0,1.027832467135433,0
2018,MA,PRB,2,1.0634281399446264,975000.0,False,1,1,0.5,False,1,0.5,False,1,0.5,False,1.0,1.0,1.0,1.0,1.0,True,1.0,1.0,1.0,1.0,1.0,1.0,True,1.0,1.0,1.0,1.0,1.0,1.0,True,1.0,2,1,1.0,2,2,1.0,1.8807100591715973,53.171406997231315,50.0,0.9365718600553736,0
2018,MA,PROS,3,1.8759648455363747,1093940.0,False,0,2,0.6666666666666666,False,2,0.6666666666666666,False,2,0.6666666666666666,False,2.0,2.0,1.0,1.0,1.0,True,1.0,2.0,2.0,1.0,1.0,1.0,True,1.0,2.0,2.0,1.0,1.0,1.0,True,1.0,3,0,1.0,3,3,2.0,1.599177088599569,62.53216151787915,66.66666666666667,1.1240351544636253,0
2018,MA,PRP,1,,0.0,True,0,0,0.0,False,0,0.0,False,0,0.0,False,0.0,0.0,,,,True,1.0,0.0,0.0,,,,True,1.0,0.0,0.0,,,,True,1.0,1,0,0.0,1,0,0.0,,,0.0,,1
2018,MA,PRTB,4,1.0,29982.15,False,0,1,0.25,False,1,0.25,False,1,0.25,False,1.0,1.0,1.0,1.0,1.0,True,1.0,1.0,1.0,1.0,1.0,1.0,True,1.0,1.0,1.0,1.0,1.0,1.0,True,1.0,4,0,0.0,4,1,1.0,4.0,25.0,25.0,3.0,3
2018,MA,PSB,4,1.4117647058823528,600000.0,False,1,1,0.25,False,1,0.25,False,1,0.25,False,1.0,1.0,1.0,1.0,1.0,True,1.0,1.0,1.0,1.0,1.0,1.0,True,1.0,1.0,1.0,1.0,1.0,1.0,True,1.0,4,1,1.0,4,3,1.0,2.8333333333333335,35.29411764705882,25.0,2.588235294117647,1
2018,MA,PSC,3,1.0,1400000.0,False,0,1,0.3333333333333333,False,1,0.3333333333333333,False,1,0.3333333333333333,False,1.0,1.0,1.0,1.0,1.0,True,1.0,1.0,1.0,1.0,1.0,1.0,True,1.0,1.0,1.0,1.0,1.0,1.0,True,1.0,3,0,1.0,3,1,1.0,3.0,33.333333333333336,33.333333333333336,2.0,2
2018,MA,PSD,2,1.9983518676324643,1399800.0,False,1,2,1.0,False,2,1.0,False,1,0.5,False,2.0,2.0,1.0,1.0,1.0,True,1.0,1.0,2.0,0.5,0.5,1.0,False,0.5,1.0,2.0,0.5,0.5,1.0,False,0.5,2,1,2.0,2,2,2.0,1.0008247458289157,99.91759338162322,100.0,0.001648132367535693,0
2018,MA,PSDB,11,2.6181592338947115,2296250.0,False,0,3,0.2727272727272727,True,2,0.18181818181818182,False,2,0.18181818181818182,False,2.0,3.0000000000000004,0.6666666666666665,0.6666666666666666,1.0,False,0.9090909090909091,2.0,3.0000000000000004,0.6666666666666665,0.6666666666666666,1.0,False,0.9090909090909091,2.0,2.0,1.0,1.0,1.0,True,1.0,11,0,2.0,11,10,3.0,4.201425130142547,23.801447580861012,27.272727272727273,8.381840766105288,1
2018,MA,PSL,23,2.0,180.0,False,0,2,0.08695652173913043,False,2,0.08695652173913043,False,2,0.08695652173913043,False,2.0,2.0,1.0,1.0,1.0,True,1.0,2.0,2.0,1.0,1.0,1.0,True,1.0,2.0,2.0,1.0,1.0,1.0,True,1.0,23,0,4.0,23,2,2.0,11.5,8.695652173913043,8.695652173913043,21.0,21
2018,MA,PSOL,15,14.989544421430715,53514.90000000001,False,0,15,1.0,False,12,0.8,True,14,0.9333333333333333,False,12.000000000000002,15.0,0.8000000000000002,0.8000000000000002,1.0000000000000002,False,0.8,14.0,15.0,0.9333333333333333,0.9333333333333333,1.0,False,0.9333333333333333,12.000000000000002,14.0,0.8571428571428573,1.0000000000000002,0.8571428571428573,False,0.8666666666666667,15,0,0.0,15,15,15.0,1.0006975247729568,99.93029614287143,100.0,0.010455578569285251,0
2018,MA,PSTU,3,,0.0,True,0,0,0.0,False,0,0.0,False,0,0.0,False,0.0,0.0,,,,True,1.0,0.0,0.0,,,,True,1.0,0.0,0.0,,,,True,1.0,3,0,0.0,3,0,0.0,,,0.0,,3
2018,MA,PT,22,2.296518024396556,1359846.0,False,1,2,0.09090909090909091,True,4,0.18181818181818182,False,4,0.18181818181818182,False,2.0,4.0,0.5,1.0,0.5,False,0.9090909090909091,2.0,4.0,0.5,1.0,0.5,False,0.9090909090909091,4.0,4.0,1.0,1.0,1.0,True,1.0,22,1,3.0,22,21,2.0,9.579720152982828,10.43871829271162,9.090909090909092,19.703481975603445,1
2018,MA,PTB,3,1.2191743056034188,1330000.0,False,1,1,0.3333333333333333,False,1,0.3333333333333333,False,1,0.3333333333333333,False,1.0,1.0,1.0,1.0,1.0,True,1.0,1.0,1.0,1.0,1.0,1.0,True,1.0,1.0,1.0,1.0,1.0,1.0,True,1.0,3,1,0.0,3,3,1.0,2.460681779637062,40.639143520113954,33.333333333333336,1.7808256943965812,0
2018,MA,PTC,3,3.0,30000.0,False,0,3,1.0,False,3,1.0,False,0,0.0,False,3.0,3.0,1.0,1.0,1.0,True,1.0,0.0,3.0,0.0,0.0,,False,0.0,0.0,3.0,0.0,0.0,,False,0.0,3,0,0.0,3,3,3.0,1.0,100.0,100.0,0.0,0
2018,MA,PV,6,2.4415663299795245,353000.0,False,0,2,0.3333333333333333,False,2,0.3333333333333333,False,2,0.3333333333333333,False,2.0,2.0,1.0,1.0,1.0,True,1.0,2.0,2.0,1.0,1.0,1.0,True,1.0,2.0,2.0,1.0,1.0,1.0,True,1.0,6,0,1.0,6,4,2.0,2.4574388687815487,40.692772166325405,33.333333333333336,3.5584336700204755,2
2018,MA,REDE,5,1.6963588787170087,1890.9,False,0,2,0.4,False,2,0.4,False,2,0.4,False,2.0,2.0,1.0,1.0,1.0,True,1.0,2.0,2.0,1.0,1.0,1.0,True,1.0,2.0,2.0,1.0,1.0,1.0,True,1.0,5,0,0.0,5,2,2.0,2.9474895098739973,33.92717757434018,40.0,3.3036411212829915,3
2018,MA,SOLIDARIEDADE,2,1.1734578693047673,1250500.0,False,0,1,0.5,False,1,0.5,False,1,0.5,False,1.0,1.0,1.0,1.0,1.0,True,1.0,1.0,1.0,1.0,1.0,1.0,True,1.0,1.0,1.0,1.0,1.0,1.0,True,1.0,2,0,1.0,2,2,1.0,1.7043645556571452,58.67289346523836,50.0,0.8265421306952327,0
2018,MG,AVANTE,77,6.202472298517105,6280452.739999999,False,3,6,0.07792207792207792,False,11,0.14285714285714285,False,13,0.16883116883116883,False,6.0,11.0,0.5454545454545454,1.0,0.5454545454545454,False,0.935064935064935,6.0,13.0,0.46153846153846156,1.0,0.46153846153846156,False,0.9090909090909091,11.0,13.0,0.8461538461538461,1.0,0.8461538461538461,False,0.974025974025974,77,3,4.0,77,73,6.0,12.414404497769263,8.055158829242993,7.792207792207792,70.79752770148289,4
2018,MG,DC,11,4.717812723557575,19434.53,False,0,5,0.45454545454545453,True,4,0.36363636363636365,False,4,0.36363636363636365,False,4.0,5.0,0.8,0.8,1.0,False,0.9090909090909091,4.0,5.0,0.8,0.8,1.0,False,0.9090909090909091,4.0,4.0,1.0,1.0,1.0,True,1.0,11,0,1.0,11,8,5.0,2.3315889469442945,42.88920657779614,45.45454545454545,6.282187276442425,3
2018,MG,DEM,13,3.8383070023142576,3706092.13,False,1,4,0.3076923076923077,False,3,0.23076923076923078,False,4,0.3076923076923077,False,3.0,4.0,0.75,0.75,1.0,False,0.9230769230769231,4.0,4.0,1.0,1.0,1.0,True,1.0,3.0,4.0,0.75,1.0,0.75,False,0.9230769230769231,13,1,2.0,13,12,4.0,3.386909903809627,29.52543847934044,30.76923076923077,9.161692997685742,1
2018,MG,MDB,20,8.120222671285726,11365693.78,False,4,8,0.4,False,7,0.35,False,7,0.35,False,7.0,8.0,0.875,0.875,1.0,False,0.95,7.0,8.0,0.875,0.875,1.0,False,0.95,7.0,7.0,1.0,1.0,1.0,True,1.0,20,4,8.0,20,19,8.0,2.4629866457631606,40.60111335642863,40.0,11.879777328714274,1
2018,MG,NOVO,36,14.888526341174165,113038.52,False,2,15,0.4166666666666667,True,16,0.4444444444444444,True,11,0.3055555555555556,False,15.0,16.0,0.9375,1.0,0.9375,False,0.9722222222222222,11.0,15.0,0.7333333333333333,0.7333333333333333,1.0,False,0.8888888888888888,11.0,16.0,0.6875,0.6875,1.0,False,0.8611111111111112,36,2,0.0,36,36,15.0,2.417969325845375,41.35701761437268,41.666666666666664,21.111473658825837,0
2018,MG,PATRI,33,1.992227028641935,1679267.4,False,2,2,0.06060606060606061,False,2,0.06060606060606061,False,2,0.06060606060606061,False,2.0,2.0,1.0,1.0,1.0,True,1.0,2.0,2.0,1.0,1.0,1.0,True,1.0,2.0,2.0,1.0,1.0,1.0,True,1.0,33,2,2.0,33,16,2.0,16.56437721482752,6.037051601945258,6.0606060606060606,31.007772971358065,17
2018,MG,PC DO B,8,1.0,1476948.46,False,0,1,0.125,False,1,0.125,False,1,0.125,False,1.0,1.0,1.0,1.0,1.0,True,1.0,1.0,1.0,1.0,1.0,1.0,True,1.0,1.0,1.0,1.0,1.0,1.0,True,1.0,8,0,2.0,8,1,1.0,8.0,12.5,12.5,7.0,7
2018,MG,PCB,12,3.13026549147838,164770.0,False,0,3,0.25,True,3,0.25,True,2,0.16666666666666666,False,3.0,3.0,1.0,1.0,1.0,True,1.0,2.0,3.0,0.6666666666666666,0.6666666666666666,1.0,False,0.9166666666666666,2.0,3.0,0.6666666666666666,0.6666666666666666,1.0,False,0.9166666666666666,12,0,0.0,12,12,3.0,3.833540647803829,26.085545762319835,25.0,8.86973450852162,0
2018,MG,PDT,24,3.611422180668848,1396833.18,False,2,4,0.16666666666666666,False,4,0.16666666666666666,False,4,0.16666666666666666,False,4.0,4.0,1.0,1.0,1.0,True,1.0,4.0,4.0,1.0,1.0,1.0,True,1.0,4.0,4.0,1.0,1.0,1.0,True,1.0,24,2,2.0,24,24,4.0,6.645581380229302,15.047592419453535,16.666666666666668,20.388577819331154,0
2018,MG,PHS,71,2.1755198878304363,2779157.16,False,2,2,0.028169014084507043,False,4,0.056338028169014086,False,7,0.09859154929577464,False,2.0,4.0,0.5,1.0,0.5,False,0.971830985915493,2.0,7.0,0.2857142857142857,1.0,0.2857142857142857,False,0.9295774647887324,4.0,7.0,0.5714285714285714,1.0,0.5714285714285714,False,0.9577464788732395,71,2,4.0,71,60,2.0,32.635877243487585,3.064112518071037,2.816901408450704,68.82448011216957,11
2018,MG,PMB,5,,0.0,True,0,0,0.0,False,0,0.0,False,0,0.0,False,0.0,0.0,,,,True,1.0,0.0,0.0,,,,True,1.0,0.0,0.0,,,,True,1.0,5,0,0.0,5,0,0.0,,,0.0,,5
2018,MG,PMN,12,1.4608769995222954,185030.0,False,1,1,0.08333333333333333,False,1,0.08333333333333333,False,2,0.16666666666666666,False,1.0,1.0,1.0,1.0,1.0,True,1.0,1.0,2.0,0.5,1.0,0.5,False,0.9166666666666666,1.0,2.0,0.5,1.0,0.5,False,0.9166666666666666,12,1,0.0,12,4,1.0,8.214243912337576,12.173974996019128,8.333333333333334,10.539123000477705,8
2018,MG,PODE,26,3.68201525605569,2755229.4199999995,False,1,4,0.15384615384615385,False,3,0.11538461538461539,False,4,0.15384615384615385,False,3.0,4.0,0.75,0.75,1.0,False,0.9615384615384616,4.0,4.0,1.0,1.0,1.0,True,1.0,3.0,4.0,0.75,1.0,0.75,False,0.9615384615384616,26,1,2.0,26,17,4.0,7.061350426845367,14.16159713867573,15.384615384615385,22.31798474394431,9
2018,MG,PP,8,4.932780416872103,10335651.27,False,2,5,0.625,False,4,0.5,False,5,0.625,False,4.0,5.0,0.8,0.8,1.0,False,0.875,5.0,5.0,1.0,1.0,1.0,True,1.0,4.0,5.0,0.8,1.0,0.8,False,0.875,8,2,2.0,8,6,5.0,1.6218033895522221,61.65975521090129,62.5,3.0672195831278968,2
2018,MG,PPL,28,1.0,400.0,False,0,1,0.03571428571428571,False,1,0.03571428571428571,False,1,0.03571428571428571,False,1.0,1.0,1.0,1.0,1.0,True,1.0,1.0,1.0,1.0,1.0,1.0,True,1.0,1.0,1.0,1.0,1.0,1.0,True,1.0,28,0,0.0,28,1,1.0,28.0,3.5714285714285716,3.5714285714285716,27.0,27
2018,MG,PPS,14,2.8291727568195455,1473011.0,False,0,3,0.21428571428571427,False,2,0.14285714285714285,False,2,0.14285714285714285,False,2.0,3.0,0.6666666666666666,0.6666666666666666,1.0,False,0.9285714285714286,2.0,3.0,0.6666666666666666,0.6666666666666666,1.0,False,0.9285714285714286,2.0,2.0,1.0,1.0,1.0,True,1.0,14,0,1.0,14,8,3.0,4.948442956073951,20.208376834425327,21.428571428571427,11.170827243180455,6
2018,MG,PR,6,5.830287347244083,10773013.129999999,False,1,6,1.0,False,5,0.8333333333333334,False,2,0.3333333333333333,False,5.0,6.0,0.8333333333333334,0.8333333333333334,1.0,False,0.8333333333333334,2.0,6.0,0.3333333333333333,0.3333333333333333,1.0,False,0.33333333333333337,2.0,5.0,0.4,0.4,1.0,False,0.5,6,1,6.0,6,6,6.0,1.0291087973281692,97.17145578740138,100.0,0.1697126527559174,0
2018,MG,PRB,8,4.591203211244668,6507577.279999999,False,2,5,0.625,False,4,0.5,False,4,0.5,False,4.0,5.0,0.8,0.8,1.0,False,0.875,4.0,5.0,0.8,0.8,1.0,False,0.875,4.0,4.0,1.0,1.0,1.0,True,1.0,8,2,2.0,8,8,5.0,1.7424626251363882,57.390040140558355,62.5,3.408796788755332,0
2018,MG,PROS,33,3.934154434231291,4083750.26,False,2,4,0.12121212121212122,False,4,0.12121212121212122,False,6,0.18181818181818182,False,4.0,4.0,1.0,1.0,1.0,True,1.0,4.0,6.0,0.6666666666666666,1.0,0.6666666666666666,False,0.9393939393939394,4.0,6.0,0.6666666666666666,1.0,0.6666666666666666,False,0.9393939393939394,33,2,4.0,33,13,4.0,8.38807945942976,11.921680103731184,12.121212121212121,29.065845565768708,20
2018,MG,PRP,5,2.066951353322148,196135.75,False,0,2,0.4,False,2,0.4,False,2,0.4,False,2.0,2.0,1.0,1.0,1.0,True,1.0,2.0,2.0,1.0,1.0,1.0,True,1.0,2.0,2.0,1.0,1.0,1.0,True,1.0,5,0,0.0,5,5,2.0,2.419021614593712,41.33902706644296,40.0,2.933048646677852,0
2018,MG,PRTB,52,1.020555745155322,224267.96,False,0,1,0.019230769230769232,False,1,0.019230769230769232,False,1,0.019230769230769232,False,1.0,1.0,1.0,1.0,1.0,True,1.0,1.0,1.0,1.0,1.0,1.0,True,1.0,1.0,1.0,1.0,1.0,1.0,True,1.0,52,0,1.0,51,22,1.0,50.95263070816963,1.962607202221773,1.9230769230769231,50.97944425484468,30
2018,MG,PSB,26,6.616167971159441,4904350.0,False,3,7,0.2692307692307692,False,6,0.23076923076923078,False,9,0.34615384615384615,False,6.0,7.0,0.8571428571428571,0.8571428571428571,1.0,False,0.9615384615384616,7.0,9.0,0.7777777777777778,1.0,0.7777777777777778,False,0.9230769230769231,6.0,9.0,0.6666666666666666,1.0,0.6666666666666666,False,0.8846153846153846,26,3,2.0,23,14,7.0,3.929767217721298,25.446799889074775,26.923076923076923,19.38383202884056,12
2018,MG,PSC,34,4.173651687246089,3398561.2,False,1,4,0.11764705882352941,False,4,0.11764705882352941,False,5,0.14705882352941177,False,4.0,4.0,1.0,1.0,1.0,True,1.0,4.0,5.0,0.8,1.0,0.8,False,0.9705882352941176,4.0,5.0,0.8,1.0,0.8,False,0.9705882352941176,34,1,1.0,34,13,4.0,8.146343429639263,12.275446138959085,11.764705882352942,29.82634831275391,21
2018,MG,PSD,11,5.223306199089714,5063166.06,False,3,5,0.45454545454545453,False,4,0.36363636363636365,False,4,0.36363636363636365,False,4.0,5.0,0.8,0.8,1.0,False,0.9090909090909091,4.0,5.0,0.8,0.8,1.0,False,0.9090909090909091,4.0,4.0,1.0,1.0,1.0,True,1.0,11,3,5.0,11,11,5.0,2.1059458474628605,47.484601809906486,45.45454545454545,5.776693800910286,0
2018,MG,PSDB,20,7.979559411491126,9865844.739999998,False,5,8,0.4,False,6,0.3,False,8,0.4,False,6.0,8.0,0.75,0.75,1.0,False,0.9,8.0,8.0,1.0,1.0,1.0,True,1.0,6.0,8.0,0.75,1.0,0.75,False,0.9,20,5,7.0,20,20,8.0,2.506404046719496,39.897797057455634,40.0,12.020440588508874,0
2018,MG,PSL,76,4.003611007259799,376894.98,False,6,4,0.05263157894736842,False,4,0.05263157894736842,False,6,0.07894736842105263,False,4.0,4.0,1.0,1.0,1.0,True,1.0,4.0,6.0,0.6666666666666666,1.0,0.6666666666666666,False,0.9736842105263158,4.0,6.0,0.6666666666666666,1.0,0.6666666666666666,False,0.9736842105263158,76,6,3.0,76,44,4.0,18.98286318580607,5.267909220078683,5.2631578947368425,71.99638899274021,32
2018,MG,PSOL,33,13.50737832964293,184621.39,False,1,14,0.42424242424242425,False,16,0.48484848484848486,False,10,0.30303030303030304,False,14.0,16.0,0.875,1.0,0.875,False,0.9393939393939394,10.0,14.0,0.7142857142857143,0.7142857142857143,1.0,False,0.8787878787878788,10.0,16.0,0.625,0.625,1.0,False,0.8181818181818181,33,1,0.0,33,32,14.0,2.4431091803787774,40.93144948376646,42.42424242424242,19.492621670357067,1
2018,MG,PSTU,5,,0.0,True,0,0,0.0,False,0,0.0,False,0,0.0,False,0.0,0.0,,,,True,1.0,0.0,0.0,,,,True,1.0,0.0,0.0,,,,True,1.0,5,0,0.0,5,0,0.0,,,0.0,,5
2018,MG,PT,26,14.088227047997137,10045076.62,False,8,14,0.5384615384615384,False,11,0.4230769230769231,False,14,0.5384615384615384,False,11.0,14.0,0.7857142857142857,0.7857142857142857,1.0,False,0.8846153846153846,14.0,14.0,1.0,1.0,1.0,True,1.0,11.0,14.0,0.7857142857142857,1.0,0.7857142857142857,False,0.8846153846153846,26,8,13.0,26,26,14.0,1.8455125624694066,54.18548864614283,53.84615384615385,11.911772952002863,0
2018,MG,PTB,20,3.56338954214995,2750719.3600000003,False,0,4,0.2,False,3,0.15,False,4,0.2,False,3.0,4.0,0.75,0.75,1.0,False,0.95,4.0,4.0,1.0,1.0,1.0,True,1.0,3.0,4.0,0.75,1.0,0.75,False,0.95,20,0,4.0,20,13,4.0,5.612633635314852,17.81694771074975,20.0,16.43661045785005,7
2018,MG,PTC,25,1.3180125463428423,524401.3,False,0,1,0.04,False,1,0.04,False,2,0.08,False,1.0,1.0,1.0,1.0,1.0,True,1.0,1.0,2.0,0.5,1.0,0.5,False,0.96,1.0,2.0,0.5,1.0,0.5,False,0.96,25,0,0.0,25,22,1.0,18.967952975386158,5.272050185371369,4.0,23.681987453657158,3
2018,MG,PV,14,9.001610366883341,1245770.91,False,0,9,0.6428571428571429,False,8,0.5714285714285714,False,6,0.42857142857142855,False,8.0,9.0,0.8888888888888888,0.8888888888888888,1.0,False,0.9285714285714286,6.0,9.0,0.6666666666666666,0.6666666666666666,1.0,False,0.7857142857142857,6.0,8.0,0.75,0.75,1.0,False,0.8571428571428572,14,0,0.0,14,14,9.0,1.5552772703321605,64.29721690630957,64.28571428571429,4.998389633116659,0
2018,MG,REDE,25,1.1152118329671692,148058.56,False,0,1,0.04,False,1,0.04,False,1,0.04,False,1.0,1.0,1.0,1.0,1.0,True,1.0,1.0,1.0,1.0,1.0,1.0,True,1.0,1.0,1.0,1.0,1.0,1.0,True,1.0,25,0,0.0,25,19,1.0,22.417265725637236,4.460847331868677,4.0,23.88478816703283,6
2018,MG,SOLIDARIEDADE,8,1.0025493284264264,1105105.93,False,1,1,0.125,False,1,0.125,False,1,0.125,False,1.0,1.0,1.0,1.0,1.0,True,1.0,1.0,1.0,1.0,1.0,1.0,True,1.0,1.0,1.0,1.0,1.0,1.0,True,1.0,8,1,1.0,8,4,1.0,7.9796572329828175,12.53186660533033,12.5,6.997450671573573,4
2018,MS,AVANTE,1,,0.0,True,0,0,0.0,False,0,0.0,False,0,0.0,False,0.0,0.0,,,,True,1.0,0.0,0.0,,,,True,1.0,0.0,0.0,,,,True,1.0,1,0,0.0,1,0,0.0,,,0.0,,1
2018,MS,DC,1,1.0,17000.0,False,0,1,1.0,False,1,1.0,False,0,0.0,False,1.0,1.0,1.0,1.0,1.0,True,1.0,0.0,1.0,0.0,0.0,,False,0.0,0.0,1.0,0.0,0.0,,False,0.0,1,0,0.0,1,1,1.0,1.0,100.0,100.0,0.0,0
2018,MS,DEM,5,1.2899328859060404,1550000.0,False,1,1,0.2,False,1,0.2,False,1,0.2,False,1.0,1.0,1.0,1.0,1.0,True,1.0,1.0,1.0,1.0,1.0,1.0,True,1.0,1.0,1.0,1.0,1.0,1.0,True,1.0,5,1,1.0,5,2,1.0,3.876170655567117,25.798657718120808,20.0,3.7100671140939596,3
2018,MS,MDB,11,2.6044711476938387,1811960.0,False,0,3,0.2727272727272727,False,3,0.2727272727272727,False,2,0.18181818181818182,False,3.0,3.0,1.0,1.0,1.0,True,1.0,2.0,3.0,0.6666666666666666,0.6666666666666666,1.0,False,0.9090909090909091,2.0,3.0,0.6666666666666666,0.6666666666666666,1.0,False,0.9090909090909091,11,0,1.0,11,11,3.0,4.223506184639476,23.67701043358035,27.272727272727273,8.39552885230616,0
2018,MS,NOVO,5,4.433966123982481,8311.8,False,0,4,0.8,True,4,0.8,True,2,0.4,False,4.0,4.0,1.0,1.0,1.0,True,1.0,2.0,4.0,0.5,0.5,1.0,False,0.6,2.0,4.0,0.5,0.5,1.0,False,0.6,5,0,0.0,5,5,4.0,1.127658592824142,88.67932247964963,80.0,0.566033876017519,0
2018,MS,PATRI,2,,0.0,True,0,0,0.0,False,0,0.0,False,0,0.0,False,0.0,0.0,,,,True,1.0,0.0,0.0,,,,True,1.0,0.0,0.0,,,,True,1.0,2,0,0.0,2,0,0.0,,,0.0,,2
2018,MS,PC DO B,4,1.0,22000.0,False,0,1,0.25,False,1,0.25,False,1,0.25,False,1.0,1.0,1.0,1.0,1.0,True,1.0,1.0,1.0,1.0,1.0,1.0,True,1.0,1.0,1.0,1.0,1.0,1.0,True,1.0,4,0,0.0,4,1,1.0,4.0,25.0,25.0,3.0,3
2018,MS,PDT,8,1.5326430831176303,730000.0,False,1,2,0.25,False,2,0.25,False,2,0.25,False,2.0,2.0,1.0,1.0,1.0,True,1.0,2.0,2.0,1.0,1.0,1.0,True,1.0,2.0,2.0,1.0,1.0,1.0,True,1.0,8,1,1.0,8,4,2.0,5.21974103959467,19.15803853897038,25.0,6.46735691688237,4
2018,MS,PHS,4,2.8421052631578947,36000.0,False,0,3,0.75,False,3,0.75,False,3,0.75,False,3.0,3.0,1.0,1.0,1.0,True,1.0,3.0,3.0,1.0,1.0,1.0,True,1.0,3.0,3.0,1.0,1.0,1.0,True,1.0,4,0,0.0,4,3,3.0,1.4074074074074074,71.05263157894737,75.0,1.1578947368421053,1
2018,MS,PMB,1,,0.0,True,0,0,0.0,False,0,0.0,False,0,0.0,False,0.0,0.0,,,,True,1.0,0.0,0.0,,,,True,1.0,0.0,0.0,,,,True,1.0,1,0,0.0,1,0,0.0,,,0.0,,1
2018,MS,PMN,1,1.0,50000.0,False,0,1,1.0,False,1,1.0,False,0,0.0,False,1.0,1.0,1.0,1.0,1.0,True,1.0,0.0,1.0,0.0,0.0,,False,0.0,0.0,1.0,0.0,0.0,,False,0.0,1,0,0.0,1,1,1.0,1.0,100.0,100.0,0.0,0
2018,MS,PODE,5,4.0,800.0,False,0,4,0.8,False,4,0.8,False,4,0.8,False,4.0,4.0,1.0,1.0,1.0,True,1.0,4.0,4.0,1.0,1.0,1.0,True,1.0,4.0,4.0,1.0,1.0,1.0,True,1.0,5,0,0.0,5,4,4.0,1.25,80.0,80.0,1.0,1
2018,MS,PPL,3,,0.0,True,0,0,0.0,False,0,0.0,False,0,0.0,False,0.0,0.0,,,,True,1.0,0.0,0.0,,,,True,1.0,0.0,0.0,,,,True,1.0,3,0,0.0,3,0,0.0,,,0.0,,3
2018,MS,PPS,2,1.7031077698628982,103008.01,False,0,2,1.0,False,2,1.0,False,1,0.5,False,2.0,2.0,1.0,1.0,1.0,True,1.0,1.0,2.0,0.5,0.5,1.0,False,0.5,1.0,2.0,0.5,0.5,1.0,False,0.5,2,0,0.0,2,2,2.0,1.1743238069784638,85.15538849314491,100.0,0.29689223013710175,0
2018,MS,PR,1,1.0,100000.0,False,0,1,1.0,False,1,1.0,False,0,0.0,False,1.0,1.0,1.0,1.0,1.0,True,1.0,0.0,1.0,0.0,0.0,,False,0.0,0.0,1.0,0.0,0.0,,False,0.0,1,0,0.0,1,1,1.0,1.0,100.0,100.0,0.0,0
2018,MS,PRB,3,1.1489195658016333,1673250.71,False,0,1,0.3333333333333333,False,1,0.3333333333333333,False,1,0.3333333333333333,False,1.0,1.0,1.0,1.0,1.0,True,1.0,1.0,1.0,1.0,1.0,1.0,True,1.0,1.0,1.0,1.0,1.0,1.0,True,1.0,3,0,1.0,3,3,1.0,2.611148847401529,38.297318860054446,33.333333333333336,1.8510804341983667,0
2018,MS,PROS,4,3.433138024034709,858950.0,False,0,3,0.75,False,3,0.75,False,1,0.25,False,3.0,3.0,1.0,1.0,1.0,True,1.0,1.0,3.0,0.3333333333333333,0.3333333333333333,1.0,False,0.5,1.0,3.0,0.3333333333333333,0.3333333333333333,1.0,False,0.5,4,0,1.0,4,4,3.0,1.1651148226482024,85.82845060086773,75.0,0.5668619759652911,0
2018,MS,PRP,2,1.0,35000.0,False,0,1,0.5,False,1,0.5,False,1,0.5,False,1.0,1.0,1.0,1.0,1.0,True,1.0,1.0,1.0,1.0,1.0,1.0,True,1.0,1.0,1.0,1.0,1.0,1.0,True,1.0,2,0,0.0,2,1,1.0,2.0,50.0,50.0,1.0,1
2018,MS,PRTB,3,,0.0,True,0,0,0.0,False,0,0.0,False,0,0.0,False,0.0,0.0,,,,True,1.0,0.0,0.0,,,,True,1.0,0.0,0.0,,,,True,1.0,3,0,0.0,3,0,0.0,,,0.0,,3
2018,MS,PSB,1,1.0,1300000.0,False,0,1,1.0,False,1,1.0,False,0,0.0,False,1.0,1.0,1.0,1.0,1.0,True,1.0,0.0,1.0,0.0,0.0,,False,0.0,0.0,1.0,0.0,0.0,,False,0.0,1,0,1.0,1,1,1.0,1.0,100.0,100.0,0.0,0
2018,MS,PSC,2,,0.0,True,0,0,0.0,False,0,0.0,False,0,0.0,False,0.0,0.0,,,,True,1.0,0.0,0.0,,,,True,1.0,0.0,0.0,,,,True,1.0,2,0,0.0,2,0,0.0,,,0.0,,2
2018,MS,PSD,2,1.2848818387827774,630000.0,False,1,1,0.5,False,1,0.5,False,1,0.5,False,1.0,1.0,1.0,1.0,1.0,True,1.0,1.0,1.0,1.0,1.0,1.0,True,1.0,1.0,1.0,1.0,1.0,1.0,True,1.0,2,1,1.0,2,2,1.0,1.5565633660871758,64.24409193913887,50.0,0.7151181612172226,0
2018,MS,PSDB,5,3.7845416563376597,2745427.75,False,2,4,0.8,False,3,0.6,False,3,0.6,False,3.0,4.0,0.75,0.75,1.0,False,0.8,3.0,4.0,0.75,0.75,1.0,False,0.8,3.0,3.0,1.0,1.0,1.0,True,1.0,5,2,3.0,5,5,4.0,1.321163949041732,75.69083312675319,80.0,1.2154583436623403,0
2018,MS,PSL,4,,0.0,True,2,0,0.0,False,0,0.0,False,0,0.0,False,0.0,0.0,,,,True,1.0,0.0,0.0,,,,True,1.0,0.0,0.0,,,,True,1.0,4,2,0.0,4,0,0.0,,,0.0,,4
2018,MS,PSOL,6,5.353472298493993,23676.85,False,0,5,0.8333333333333334,False,4,0.6666666666666666,False,4,0.6666666666666666,False,4.0,5.0,0.8,0.8,1.0,False,0.8333333333333334,4.0,5.0,0.8,0.8,1.0,False,0.8333333333333334,4.0,4.0,1.0,1.0,1.0,True,1.0,6,0,0.0,6,6,5.0,1.1207679176163636,89.22453830823322,83.33333333333333,0.6465277015060069,0
2018,MS,PT,16,4.3680716742733035,1915656.13,False,1,4,0.25,False,4,0.25,False,4,0.25,False,4.0,4.0,1.0,1.0,1.0,True,1.0,4.0,4.0,1.0,1.0,1.0,True,1.0,4.0,4.0,1.0,1.0,1.0,True,1.0,16,1,2.0,16,16,4.0,3.662943557962988,27.300447964208146,25.0,11.631928325726697,0
2018,MS,PTB,1,1.0,39496.7,False,0,1,1.0,False,1,1.0,False,0,0.0,False,1.0,1.0,1.0,1.0,1.0,True,1.0,0.0,1.0,0.0,0.0,,False,0.0,0.0,1.0,0.0,0.0,,False,0.0,1,0,0.0,1,1,1.0,1.0,100.0,100.0,0.0,0
2018,MS,PTC,1,1.0,150000.0,False,0,1,1.0,False,1,1.0,False,0,0.0,False,1.0,1.0,1.0,1.0,1.0,True,1.0,0.0,1.0,0.0,0.0,,False,0.0,0.0,1.0,0.0,0.0,,False,0.0,1,0,0.0,1,1,1.0,1.0,100.0,100.0,0.0,0
2018,MS,PV,8,5.063846539294533,81026.94,False,0,5,0.625,False,4,0.5,False,4,0.5,False,4.0,5.0,0.8,0.8,1.0,False,0.875,4.0,5.0,0.8,0.8,1.0,False,0.875,4.0,4.0,1.0,1.0,1.0,True,1.0,8,0,0.0,8,8,5.0,1.5798267064219753,63.29808174118167,62.5,2.9361534607054667,0
2018,MS,REDE,3,3.0,5280.0,False,0,3,1.0,False,3,1.0,False,0,0.0,False,3.0,3.0,1.0,1.0,1.0,True,1.0,0.0,3.0,0.0,0.0,,False,0.0,0.0,3.0,0.0,0.0,,False,0.0,3,0,0.0,3,3,3.0,1.0,100.0,100.0,0.0,0
2018,MS,SOLIDARIEDADE,2,1.7241379310344829,600000.0,False,0,2,1.0,False,2,1.0,False,1,0.5,False,2.0,2.0,1.0,1.0,1.0,True,1.0,1.0,2.0,0.5,0.5,1.0,False,0.5,1.0,2.0,0.5,0.5,1.0,False,0.5,2,0,0.0,2,2,2.0,1.16,86.20689655172414,100.0,0.2758620689655171,0
2018,MT,DEM,2,1.2461538461538462,450000.0,False,0,1,0.5,False,1,0.5,False,1,0.5,False,1.0,1.0,1.0,1.0,1.0,True,1.0,1.0,1.0,1.0,1.0,1.0,True,1.0,1.0,1.0,1.0,1.0,1.0,True,1.0,2,0,1.0,2,2,1.0,1.6049382716049383,62.30769230769231,50.0,0.7538461538461538,0
2018,MT,MDB,7,3.179843008567156,5010100.0,False,2,3,0.42857142857142855,False,3,0.42857142857142855,False,3,0.42857142857142855,False,3.0,3.0,1.0,1.0,1.0,True,1.0,3.0,3.0,1.0,1.0,1.0,True,1.0,3.0,3.0,1.0,1.0,1.0,True,1.0,7,2,3.0,7,7,3.0,2.201366539524294,45.426328693816515,42.857142857142854,3.820156991432844,0
2018,MT,NOVO,13,12.767832554958797,25689.079999999998,False,0,13,1.0,False,11,0.8461538461538461,True,1,0.07692307692307693,False,11.000000000000002,13.0,0.8461538461538463,0.8461538461538463,1.0000000000000002,False,0.8461538461538463,1.0,13.0,0.07692307692307693,0.07692307692307693,1.0,False,0.07692307692307687,1.0,11.000000000000002,0.0909090909090909,0.09090909090909091,1.0,False,0.23076923076923062,13,0,0.0,13,13,13.0,1.0181837789649766,98.21409657660614,100.0,0.23216744504120257,0
2018,MT,PATRI,3,3.0,4800.0,False,0,3,1.0,False,3,1.0,False,0,0.0,False,3.0,3.0,1.0,1.0,1.0,True,1.0,0.0,3.0,0.0,0.0,,False,0.0,0.0,3.0,0.0,0.0,,False,0.0,3,0,0.0,3,3,3.0,1.0,100.0,100.0,0.0,0
2018,MT,PC DO B,2,1.840747778885517,28334.0,False,0,2,1.0,False,2,1.0,False,1,0.5,False,2.0,2.0,1.0,1.0,1.0,True,1.0,1.0,2.0,0.5,0.5,1.0,False,0.5,1.0,2.0,0.5,0.5,1.0,False,0.5,2,0,0.0,2,2,2.0,1.086514960355352,92.03738894427586,100.0,0.1592522211144829,0
2018,MT,PDT,4,1.939733648399493,1200666.45,False,0,2,0.5,False,2,0.5,False,2,0.5,False,2.0,2.0,1.0,1.0,1.0,True,1.0,2.0,2.0,1.0,1.0,1.0,True,1.0,2.0,2.0,1.0,1.0,1.0,True,1.0,4,0,1.0,4,4,2.0,2.062138790704831,48.49334120998732,50.0,2.0602663516005073,0
2018,MT,PHS,3,2.2792085704551477,85000.0,False,0,2,0.6666666666666666,False,2,0.6666666666666666,False,2,0.6666666666666666,False,2.0,2.0,1.0,1.0,1.0,True,1.0,2.0,2.0,1.0,1.0,1.0,True,1.0,2.0,2.0,1.0,1.0,1.0,True,1.0,3,0,0.0,3,3,2.0,1.316246366782007,75.9736190151716,66.66666666666667,0.7207914295448523,0
2018,MT,PMB,1,,0.0,True,0,0,0.0,False,0,0.0,False,0,0.0,False,0.0,0.0,,,,True,1.0,0.0,0.0,,,,True,1.0,0.0,0.0,,,,True,1.0,1,0,0.0,1,0,0.0,,,0.0,,1
2018,MT,PMN,1,1.0,40630.0,False,0,1,1.0,False,1,1.0,False,0,0.0,False,1.0,1.0,1.0,1.0,1.0,True,1.0,0.0,1.0,0.0,0.0,,False,0.0,0.0,1.0,0.0,0.0,,False,0.0,1,0,0.0,1,1,1.0,1.0,100.0,100.0,0.0,0
2018,MT,PODE,2,1.061074074082154,1006574.0,False,1,1,0.5,False,1,0.5,False,1,0.5,False,1.0,1.0,1.0,1.0,1.0,True,1.0,1.0,1.0,1.0,1.0,1.0,True,1.0,1.0,1.0,1.0,1.0,1.0,True,1.0,2,1,1.0,2,2,1.0,1.8848825438789765,53.053703704107704,50.0,0.938925925917846,0
2018,MT,PP,1,1.0,2163379.83,False,0,1,1.0,False,1,1.0,False,0,0.0,False,1.0,1.0,1.0,1.0,1.0,True,1.0,0.0,1.0,0.0,0.0,,False,0.0,0.0,1.0,0.0,0.0,,False,0.0,1,0,1.0,1,1,1.0,1.0,100.0,100.0,0.0,0
2018,MT,PPL,3,1.975609756097561,1800.0,False,0,2,0.6666666666666666,False,2,0.6666666666666666,False,2,0.6666666666666666,False,2.0,2.0,1.0,1.0,1.0,True,1.0,2.0,2.0,1.0,1.0,1.0,True,1.0,2.0,2.0,1.0,1.0,1.0,True,1.0,3,0,0.0,3,2,2.0,1.5185185185185186,65.85365853658537,66.66666666666667,1.024390243902439,1
2018,MT,PPS,6,1.2400848064347922,497377.88,False,0,1,0.16666666666666666,False,1,0.16666666666666666,False,1,0.16666666666666666,False,1.0,1.0,1.0,1.0,1.0,True,1.0,1.0,1.0,1.0,1.0,1.0,True,1.0,1.0,1.0,1.0,1.0,1.0,True,1.0,6,0,0.0,6,5,1.0,4.838378769634172,20.66808010724654,16.666666666666668,4.759915193565208,1
2018,MT,PR,2,1.999637011860044,1977556.0,False,0,2,1.0,False,2,1.0,False,1,0.5,False,2.0,2.0,1.0,1.0,1.0,True,1.0,1.0,2.0,0.5,0.5,1.0,False,0.5,1.0,2.0,0.5,0.5,1.0,False,0.5,2,0,1.0,2,2,2.0,1.000181527016055,99.98185059300219,100.0,0.0003629881399560553,0
2018,MT,PRB,1,1.0,1325875.64,False,0,1,1.0,False,1,1.0,False,0,0.0,False,1.0,1.0,1.0,1.0,1.0,True,1.0,0.0,1.0,0.0,0.0,,False,0.0,0.0,1.0,0.0,0.0,,False,0.0,1,0,1.0,1,1,1.0,1.0,100.0,100.0,0.0,0
2018,MT,PROS,4,3.873587287640396,754776.08,False,0,4,1.0,False,3,0.75,False,2,0.5,False,3.0,4.0,0.75,0.75,1.0,False,0.75,2.0,4.0,0.5,0.5,1.0,False,0.5,2.0,3.0,0.6666666666666666,0.6666666666666666,1.0,False,0.75,4,0,0.0,4,4,4.0,1.032634533049753,96.8396821910099,100.0,0.12641271235960394,0
2018,MT,PRP,2,1.0,120000.0,False,0,1,0.5,False,1,0.5,False,1,0.5,False,1.0,1.0,1.0,1.0,1.0,True,1.0,1.0,1.0,1.0,1.0,1.0,True,1.0,1.0,1.0,1.0,1.0,1.0,True,1.0,2,0,0.0,2,1,1.0,2.0,50.0,50.0,1.0,1
2018,MT,PSB,4,1.3651492772267728,778616.28,False,0,1,0.25,False,1,0.25,False,1,0.25,False,1.0,1.0,1.0,1.0,1.0,True,1.0,1.0,1.0,1.0,1.0,1.0,True,1.0,1.0,1.0,1.0,1.0,1.0,True,1.0,4,0,0.0,4,4,1.0,2.930082494806564,34.12873193066932,25.0,2.634850722773227,0
2018,MT,PSC,6,2.4987860534772226,830013.2,False,0,2,0.3333333333333333,False,3,0.5,True,1,0.16666666666666666,False,2.0,3.0,0.6666666666666666,1.0,0.6666666666666666,False,0.8333333333333334,1.0,2.0,0.5,0.5,1.0,False,0.8333333333333334,1.0,3.0,0.3333333333333333,0.3333333333333333,1.0,False,0.6666666666666667,6,0,0.0,6,6,2.0,2.4011659548245885,41.64643422462038,33.333333333333336,3.5012139465227774,0
2018,MT,PSD,2,1.9974268698245707,762299.6799999999,False,0,2,1.0,False,2,1.0,False,1,0.5,False,2.0,2.0,1.0,1.0,1.0,True,1.0,1.0,2.0,0.5,0.5,1.0,False,0.5,1.0,2.0,0.5,0.5,1.0,False,0.5,2,0,0.0,2,2,2.0,1.0012882224697695,99.87134349122854,100.0,0.0025731301754292613,0
2018,MT,PSDB,4,2.6282784077257224,1095683.68,False,1,3,0.75,False,2,0.5,False,2,0.5,False,2.0,3.0,0.6666666666666666,0.6666666666666666,1.0,False,0.75,2.0,3.0,0.6666666666666666,0.6666666666666666,1.0,False,0.75,2.0,2.0,1.0,1.0,1.0,True,1.0,4,1,0.0,4,4,3.0,1.521908785706322,65.70696019314306,75.0,1.3717215922742776,0
2018,MT,PSL,5,2.8838248235879473,69416.28,False,1,3,0.6,False,3,0.6,False,2,0.4,False,3.0,3.0,1.0,1.0,1.0,True,1.0,2.0,3.0,0.6666666666666666,0.6666666666666666,1.0,False,0.8,2.0,3.0,0.6666666666666666,0.6666666666666666,1.0,False,0.8,5,1,1.0,5,4,3.0,1.7338085028962287,57.676496471758945,60.0,2.1161751764120527,1
2018,MT,PSOL,9,1.8955113302744468,111040.30000000002,False,0,2,0.2222222222222222,False,3,0.3333333333333333,False,1,0.1111111111111111,False,2.0,3.0,0.6666666666666666,1.0,0.6666666666666666,False,0.8888888888888888,1.0,2.0,0.5,0.5,1.0,False,0.8888888888888888,1.0,3.0,0.3333333333333333,0.3333333333333333,1.0,False,0.7777777777777778,9,0,0.0,9,9,2.0,4.74805919450606,21.06123700304941,22.22222222222222,7.104488669725553,0
2018,MT,PT,2,1.5152426250020032,1056666.97,False,1,2,1.0,False,2,1.0,False,1,0.5,False,2.0,2.0,1.0,1.0,1.0,True,1.0,1.0,2.0,0.5,0.5,1.0,False,0.5,1.0,2.0,0.5,0.5,1.0,False,0.5,2,1,0.0,2,2,2.0,1.3199206298709791,75.76213125010017,100.0,0.48475737499799676,0
2018,MT,PTB,2,1.4454798491114031,1872353.68,False,1,1,0.5,False,1,0.5,False,1,0.5,False,1.0,1.0,1.0,1.0,1.0,True,1.0,1.0,1.0,1.0,1.0,1.0,True,1.0,1.0,1.0,1.0,1.0,1.0,True,1.0,2,1,0.0,2,2,1.0,1.3836235774780836,72.27399245557015,50.0,0.5545201508885969,0
2018,MT,PTC,2,1.0,80000.0,False,0,1,0.5,False,1,0.5,False,1,0.5,False,1.0,1.0,1.0,1.0,1.0,True,1.0,1.0,1.0,1.0,1.0,1.0,True,1.0,1.0,1.0,1.0,1.0,1.0,True,1.0,2,0,0.0,2,1,1.0,2.0,50.0,50.0,1.0,1
2018,MT,PV,9,7.15142525384827,177022.0,False,0,7,0.7777777777777778,False,6,0.6666666666666666,False,4,0.4444444444444444,False,6.0,7.0,0.8571428571428571,0.8571428571428571,1.0,False,0.8888888888888888,4.0,7.0,0.5714285714285714,0.5714285714285714,1.0,False,0.6666666666666667,4.0,6.0,0.6666666666666666,0.6666666666666666,1.0,False,0.7777777777777778,9,0,0.0,9,9,7.0,1.2584903960447589,79.46028059831411,77.77777777777777,1.84857474615173,0
2018,MT,REDE,6,4.0,76.36,False,0,4,0.6666666666666666,False,4,0.6666666666666666,False,4,0.6666666666666666,False,4.0,4.0,1.0,1.0,1.0,True,1.0,4.0,4.0,1.0,1.0,1.0,True,1.0,4.0,4.0,1.0,1.0,1.0,True,1.0,6,0,0.0,6,4,4.0,1.5,66.66666666666667,66.66666666666667,2.0,2
2018,MT,SOLIDARIEDADE,2,1.0907546252782676,934048.91,False,1,1,0.5,False,1,0.5,False,1,0.5,False,1.0,1.0,1.0,1.0,1.0,True,1.0,1.0,1.0,1.0,1.0,1.0,True,1.0,1.0,1.0,1.0,1.0,1.0,True,1.0,2,1,0.0,2,2,1.0,1.8335929581685435,54.53773126391338,50.0,0.9092453747217324,0
2018,PA,AVANTE,2,1.0665307172418992,155140.0,False,0,1,0.5,False,1,0.5,False,1,0.5,False,1.0,1.0,1.0,1.0,1.0,True,1.0,1.0,1.0,1.0,1.0,1.0,True,1.0,1.0,1.0,1.0,1.0,1.0,True,1.0,2,0,0.0,2,2,1.0,1.8752390040599096,53.32653586209496,50.0,0.9334692827581008,0
2018,PA,DC,1,1.0,20828.78,False,0,1,1.0,False,1,1.0,False,0,0.0,False,1.0,1.0,1.0,1.0,1.0,True,1.0,0.0,1.0,0.0,0.0,,False,0.0,0.0,1.0,0.0,0.0,,False,0.0,1,0,0.0,1,1,1.0,1.0,100.0,100.0,0.0,0
2018,PA,DEM,5,1.8042975854795695,1483000.0,False,2,2,0.4,False,2,0.4,False,2,0.4,False,2.0,2.0,1.0,1.0,1.0,True,1.0,2.0,2.0,1.0,1.0,1.0,True,1.0,2.0,2.0,1.0,1.0,1.0,True,1.0,5,2,2.0,5,4,2.0,2.7711614981023405,36.08595170959139,40.0,3.1957024145204302,1
2018,PA,MDB,6,3.0237006824327017,5568400.0,False,2,3,0.5,False,3,0.5,False,3,0.5,False,3.0,3.0,1.0,1.0,1.0,True,1.0,3.0,3.0,1.0,1.0,1.0,True,1.0,3.0,3.0,1.0,1.0,1.0,True,1.0,6,2,4.0,6,4,3.0,1.9843233937999223,50.39501137387836,50.0,2.9762993175672983,2
2018,PA,PATRI,16,,0.0,True,0,0,0.0,False,0,0.0,False,0,0.0,False,0.0,0.0,,,,True,1.0,0.0,0.0,,,,True,1.0,0.0,0.0,,,,True,1.0,16,0,0.0,16,0,0.0,,,0.0,,16
2018,PA,PC DO B,1,1.0,1237594.58,False,0,1,1.0,False,1,1.0,False,0,0.0,False,1.0,1.0,1.0,1.0,1.0,True,1.0,0.0,1.0,0.0,0.0,,False,0.0,0.0,1.0,0.0,0.0,,False,0.0,1,0,1.0,1,1,1.0,1.0,100.0,100.0,0.0,0
2018,PA,PCB,1,1.0,10101.11,False,0,1,1.0,False,1,1.0,False,0,0.0,False,1.0,1.0,1.0,1.0,1.0,True,1.0,0.0,1.0,0.0,0.0,,False,0.0,0.0,1.0,0.0,0.0,,False,0.0,1,0,0.0,1,1,1.0,1.0,100.0,100.0,0.0,0
2018,PA,PDT,4,1.2382118002838216,447000.0,False,0,1,0.25,False,1,0.25,False,1,0.25,False,1.0,1.0,1.0,1.0,1.0,True,1.0,1.0,1.0,1.0,1.0,1.0,True,1.0,1.0,1.0,1.0,1.0,1.0,True,1.0,4,0,1.0,4,3,1.0,3.2304650941649276,30.95529500709554,25.0,2.7617881997161784,1
2018,PA,PHS,5,1.0,26250.0,False,0,1,0.2,False,1,0.2,False,1,0.2,False,1.0,1.0,1.0,1.0,1.0,True,1.0,1.0,1.0,1.0,1.0,1.0,True,1.0,1.0,1.0,1.0,1.0,1.0,True,1.0,5,0,1.0,5,1,1.0,5.0,20.0,20.0,4.0,4
2018,PA,PMB,1,1.0,80000.0,False,0,1,1.0,False,1,1.0,False,0,0.0,False,1.0,1.0,1.0,1.0,1.0,True,1.0,0.0,1.0,0.0,0.0,,False,0.0,0.0,1.0,0.0,0.0,,False,0.0,1,0,0.0,1,1,1.0,1.0,100.0,100.0,0.0,0
2018,PA,PMN,3,1.0,100000.0,False,0,1,0.3333333333333333,False,1,0.3333333333333333,False,1,0.3333333333333333,False,1.0,1.0,1.0,1.0,1.0,True,1.0,1.0,1.0,1.0,1.0,1.0,True,1.0,1.0,1.0,1.0,1.0,1.0,True,1.0,3,0,1.0,3,1,1.0,3.0,33.333333333333336,33.333333333333336,2.0,2
2018,PA,PODE,1,1.0,777400.0,False,0,1,1.0,False,1,1.0,False,0,0.0,False,1.0,1.0,1.0,1.0,1.0,True,1.0,0.0,1.0,0.0,0.0,,False,0.0,0.0,1.0,0.0,0.0,,False,0.0,1,0,0.0,1,1,1.0,1.0,100.0,100.0,0.0,0
2018,PA,PP,1,1.0,1593372.0,False,0,1,1.0,False,1,1.0,False,0,0.0,False,1.0,1.0,1.0,1.0,1.0,True,1.0,0.0,1.0,0.0,0.0,,False,0.0,0.0,1.0,0.0,0.0,,False,0.0,1,0,1.0,1,1,1.0,1.0,100.0,100.0,0.0,0
2018,PA,PPL,7,3.5337423312883436,4800.0,False,0,4,0.5714285714285714,False,3,0.42857142857142855,True,2,0.2857142857142857,False,3.0,4.0,0.75,0.75,1.0,False,0.8571428571428572,2.0,4.0,0.5,0.5,1.0,False,0.7142857142857143,2.0,3.0,0.6666666666666666,0.6666666666666666,1.0,False,0.8571428571428572,7,0,0.0,7,5,4.0,1.9809027777777777,50.48203330411919,57.142857142857146,3.4662576687116564,2
2018,PA,PPS,1,1.0,1168128.11,False,0,1,1.0,False,1,1.0,False,0,0.0,False,1.0,1.0,1.0,1.0,1.0,True,1.0,0.0,1.0,0.0,0.0,,False,0.0,0.0,1.0,0.0,0.0,,False,0.0,1,0,1.0,1,1,1.0,1.0,100.0,100.0,0.0,0
2018,PA,PR,1,1.0,888515.03,False,1,1,1.0,False,1,1.0,False,0,0.0,False,1.0,1.0,1.0,1.0,1.0,True,1.0,0.0,1.0,0.0,0.0,,False,0.0,0.0,1.0,0.0,0.0,,False,0.0,1,1,0.0,1,1,1.0,1.0,100.0,100.0,0.0,0
2018,PA,PRB,1,1.0,789031.0,False,1,1,1.0,False,1,1.0,False,0,0.0,False,1.0,1.0,1.0,1.0,1.0,True,1.0,0.0,1.0,0.0,0.0,,False,0.0,0.0,1.0,0.0,0.0,,False,0.0,1,1,0.0,1,1,1.0,1.0,100.0,100.0,0.0,0
2018,PA,PROS,1,1.0,513885.0,False,0,1,1.0,False,1,1.0,False,0,0.0,False,1.0,1.0,1.0,1.0,1.0,True,1.0,0.0,1.0,0.0,0.0,,False,0.0,0.0,1.0,0.0,0.0,,False,0.0,1,0,0.0,1,1,1.0,1.0,100.0,100.0,0.0,0
2018,PA,PRP,10,,0.0,True,0,0,0.0,False,0,0.0,False,0,0.0,False,0.0,0.0,,,,True,1.0,0.0,0.0,,,,True,1.0,0.0,0.0,,,,True,1.0,10,0,0.0,10,0,0.0,,,0.0,,10
2018,PA,PRTB,4,3.0,4890.0,False,0,3,0.75,False,3,0.75,False,3,0.75,False,3.0,3.0,1.0,1.0,1.0,True,1.0,3.0,3.0,1.0,1.0,1.0,True,1.0,3.0,3.0,1.0,1.0,1.0,True,1.0,4,0,0.0,4,3,3.0,1.3333333333333333,75.0,75.0,1.0,1
2018,PA,PSB,1,1.0,545600.0,False,1,1,1.0,False,1,1.0,False,0,0.0,False,1.0,1.0,1.0,1.0,1.0,True,1.0,0.0,1.0,0.0,0.0,,False,0.0,0.0,1.0,0.0,0.0,,False,0.0,1,1,1.0,1,1,1.0,1.0,100.0,100.0,0.0,0
2018,PA,PSC,2,1.0,2300013.2,False,0,1,0.5,False,1,0.5,False,1,0.5,False,1.0,1.0,1.0,1.0,1.0,True,1.0,1.0,1.0,1.0,1.0,1.0,True,1.0,1.0,1.0,1.0,1.0,1.0,True,1.0,2,0,1.0,2,1,1.0,2.0,50.0,50.0,1.0,1
2018,PA,PSD,4,2.051687440273143,1406005.1500000001,False,3,2,0.5,False,2,0.5,False,1,0.25,False,2.0,2.0,1.0,1.0,1.0,True,1.0,1.0,2.0,0.5,0.5,1.0,False,0.75,1.0,2.0,0.5,0.5,1.0,False,0.75,4,3,3.0,4,4,2.0,1.9496147032354383,51.29218600682858,50.0,1.948312559726857,0
2018,PA,PSDB,6,2.662302229513351,1895869.21,False,2,3,0.5,False,2,0.3333333333333333,False,2,0.3333333333333333,False,2.0,3.0,0.6666666666666666,0.6666666666666666,1.0,False,0.8333333333333334,2.0,3.0,0.6666666666666666,0.6666666666666666,1.0,False,0.8333333333333334,2.0,2.0,1.0,1.0,1.0,True,1.0,6,2,4.0,6,6,3.0,2.253688530733325,44.37170382522252,50.0,3.337697770486649,0
2018,PA,PSL,2,1.0,1928.0,False,0,1,0.5,False,1,0.5,False,1,0.5,False,1.0,1.0,1.0,1.0,1.0,True,1.0,1.0,1.0,1.0,1.0,1.0,True,1.0,1.0,1.0,1.0,1.0,1.0,True,1.0,2,0,0.0,2,1,1.0,2.0,50.0,50.0,1.0,1
2018,PA,PSOL,18,3.1088700648733223,977934.6799999999,False,1,3,0.16666666666666666,False,6,0.3333333333333333,False,2,0.1111111111111111,False,3.0,6.0,0.5,1.0,0.5,False,0.8333333333333334,2.0,3.0,0.6666666666666666,0.6666666666666666,1.0,False,0.9444444444444444,2.0,6.0,0.3333333333333333,0.3333333333333333,1.0,False,0.7777777777777778,18,1,1.0,18,18,3.0,5.789884949962825,17.271500360407344,16.666666666666668,14.891129935126678,0
2018,PA,PT,7,4.199652056642575,2411743.59,False,2,4,0.5714285714285714,False,4,0.5714285714285714,False,4,0.5714285714285714,False,4.0,4.0,1.0,1.0,1.0,True,1.0,4.0,4.0,1.0,1.0,1.0,True,1.0,4.0,4.0,1.0,1.0,1.0,True,1.0,7,2,4.0,7,7,4.0,1.66680475086695,59.99502938060821,57.142857142857146,2.8003479433574254,0
2018,PA,PTB,2,1.3900667423513253,1383538.05,False,2,1,0.5,False,1,0.5,False,1,0.5,False,1.0,1.0,1.0,1.0,1.0,True,1.0,1.0,1.0,1.0,1.0,1.0,True,1.0,1.0,1.0,1.0,1.0,1.0,True,1.0,2,2,1.0,2,2,1.0,1.4387798362954576,69.50333711756626,50.0,0.6099332576486747,0
2018,PA,PTC,5,1.1245136186770428,2380.0,False,0,1,0.2,False,1,0.2,False,1,0.2,False,1.0,1.0,1.0,1.0,1.0,True,1.0,1.0,1.0,1.0,1.0,1.0,True,1.0,1.0,1.0,1.0,1.0,1.0,True,1.0,5,0,2.0,5,2,1.0,4.446366782006921,22.490272373540854,20.0,3.875486381322957,3
2018,PA,PV,2,1.1228459790087546,258283.39,False,0,1,0.5,False,1,0.5,False,1,0.5,False,1.0,1.0,1.0,1.0,1.0,True,1.0,1.0,1.0,1.0,1.0,1.0,True,1.0,1.0,1.0,1.0,1.0,1.0,True,1.0,2,0,1.0,2,2,1.0,1.781188192672333,56.14229895043773,50.0,0.8771540209912454,0
2018,PA,REDE,5,,0.0,True,0,0,0.0,False,0,0.0,False,0,0.0,False,0.0,0.0,,,,True,1.0,0.0,0.0,,,,True,1.0,0.0,0.0,,,,True,1.0,5,0,0.0,5,0,0.0,,,0.0,,5
2018,PA,SOLIDARIEDADE,3,1.1626794258373205,270000.0,False,0,1,0.3333333333333333,False,1,0.3333333333333333,False,1,0.3333333333333333,False,1.0,1.0,1.0,1.0,1.0,True,1.0,1.0,1.0,1.0,1.0,1.0,True,1.0,1.0,1.0,1.0,1.0,1.0,True,1.0,3,0,0.0,3,3,1.0,2.580246913580247,38.75598086124402,33.333333333333336,1.8373205741626795,0
2018,PB,AVANTE,11,1.6102099930439264,261750.0,False,0,2,0.18181818181818182,False,2,0.18181818181818182,False,2,0.18181818181818182,False,2.0,2.0,1.0,1.0,1.0,True,1.0,2.0,2.0,1.0,1.0,1.0,True,1.0,2.0,2.0,1.0,1.0,1.0,True,1.0,11,0,2.0,11,6,2.0,6.831407113059645,14.638272664035695,18.181818181818183,9.389790006956073,5
2018,PB,DC,1,1.0,11944.56,False,0,1,1.0,False,1,1.0,False,0,0.0,False,1.0,1.0,1.0,1.0,1.0,True,1.0,0.0,1.0,0.0,0.0,,False,0.0,0.0,1.0,0.0,0.0,,False,0.0,1,0,0.0,1,1,1.0,1.0,100.0,100.0,0.0,0
2018,PB,DEM,2,1.0366688824026158,1110476.36,False,1,1,0.5,False,1,0.5,False,1,0.5,False,1.0,1.0,1.0,1.0,1.0,True,1.0,1.0,1.0,1.0,1.0,1.0,True,1.0,1.0,1.0,1.0,1.0,1.0,True,1.0,2,1,1.0,2,2,1.0,1.9292563266341498,51.83344412013079,50.0,0.9633311175973842,0
2018,PB,MDB,10,2.125647743878063,2269800.0,False,0,2,0.2,False,2,0.2,False,2,0.2,False,2.0,2.0,1.0,1.0,1.0,True,1.0,2.0,2.0,1.0,1.0,1.0,True,1.0,2.0,2.0,1.0,1.0,1.0,True,1.0,10,0,3.0,10,10,2.0,4.704448339947358,21.256477438780628,20.0,7.874352256121937,0
2018,PB,NOVO,2,1.9746101538070058,4848.0599999999995,False,0,2,1.0,False,2,1.0,False,1,0.5,False,2.0,2.0,1.0,1.0,1.0,True,1.0,1.0,2.0,0.5,0.5,1.0,False,0.5,1.0,2.0,0.5,0.5,1.0,False,0.5,2,0,0.0,2,2,2.0,1.0128581564031984,98.7305076903503,100.0,0.025389846192994225,0
2018,PB,PATRI,10,1.0,50000.0,False,0,1,0.1,False,1,0.1,False,1,0.1,False,1.0,1.0,1.0,1.0,1.0,True,1.0,1.0,1.0,1.0,1.0,1.0,True,1.0,1.0,1.0,1.0,1.0,1.0,True,1.0,10,0,1.0,10,1,1.0,10.0,10.0,10.0,9.0,9
2018,PB,PC DO B,4,1.7943790395099877,109590.0,False,0,2,0.5,False,2,0.5,False,1,0.25,False,2.0,2.0,1.0,1.0,1.0,True,1.0,1.0,2.0,0.5,0.5,1.0,False,0.75,1.0,2.0,0.5,0.5,1.0,False,0.75,4,0,0.0,4,4,2.0,2.229183417731143,44.85947598774969,50.0,2.2056209604900125,0
2018,PB,PDT,1,1.0,570000.0,False,1,1,1.0,False,1,1.0,False,0,0.0,False,1.0,1.0,1.0,1.0,1.0,True,1.0,0.0,1.0,0.0,0.0,,False,0.0,0.0,1.0,0.0,0.0,,False,0.0,1,1,1.0,1,1,1.0,1.0,100.0,100.0,0.0,0
2018,PB,PHS,5,3.95095257397649,42750.0,False,0,4,0.8,True,4,0.8,True,2,0.4,False,3.9999999999999996,3.9999999999999996,1.0,0.9999999999999999,0.9999999999999999,True,1.0,2.0,3.9999999999999996,0.5000000000000001,0.5,1.0,False,0.6,2.0,3.9999999999999996,0.5000000000000001,0.5,1.0,False,0.6,5,0,0.0,5,5,4.0,1.2655175951574842,79.0190514795298,80.0,1.04904742602351,0
2018,PB,PMN,2,1.0,250000.0,False,0,1,0.5,False,1,0.5,False,1,0.5,False,1.0,1.0,1.0,1.0,1.0,True,1.0,1.0,1.0,1.0,1.0,1.0,True,1.0,1.0,1.0,1.0,1.0,1.0,True,1.0,2,0,1.0,2,1,1.0,2.0,50.0,50.0,1.0,1
2018,PB,PODE,2,1.0,1000000.0,False,0,1,0.5,False,1,0.5,False,1,0.5,False,1.0,1.0,1.0,1.0,1.0,True,1.0,1.0,1.0,1.0,1.0,1.0,True,1.0,1.0,1.0,1.0,1.0,1.0,True,1.0,2,0,0.0,2,1,1.0,2.0,50.0,50.0,1.0,1
2018,PB,PP,7,4.0667005895863015,3815103.0100000007,False,1,4,0.5714285714285714,False,4,0.5714285714285714,False,2,0.2857142857142857,False,4.0,4.0,1.0,1.0,1.0,True,1.0,2.0,4.0,0.5,0.5,1.0,False,0.7142857142857143,2.0,4.0,0.5,0.5,1.0,False,0.7142857142857143,7,1,4.0,7,7,4.0,1.7212971168630091,58.09572270837573,57.142857142857146,2.9332994104136985,0
2018,PB,PPL,1,,0.0,True,0,0,0.0,False,0,0.0,False,0,0.0,False,0.0,0.0,,,,True,1.0,0.0,0.0,,,,True,1.0,0.0,0.0,,,,True,1.0,1,0,0.0,1,0,0.0,,,0.0,,1
2018,PB,PPS,3,1.0,174000.0,False,0,1,0.3333333333333333,False,1,0.3333333333333333,False,1,0.3333333333333333,False,1.0,1.0,1.0,1.0,1.0,True,1.0,1.0,1.0,1.0,1.0,1.0,True,1.0,1.0,1.0,1.0,1.0,1.0,True,1.0,3,0,1.0,3,1,1.0,3.0,33.333333333333336,33.333333333333336,2.0,2
2018,PB,PR,2,1.1200462829042521,1760000.0,False,1,1,0.5,False,1,0.5,False,1,0.5,False,1.0,1.0,1.0,1.0,1.0,True,1.0,1.0,1.0,1.0,1.0,1.0,True,1.0,1.0,1.0,1.0,1.0,1.0,True,1.0,2,1,1.0,2,2,1.0,1.7856404958677687,56.00231414521261,50.0,0.8799537170957479,0
2018,PB,PRB,3,1.9154900590842021,1465611.06,False,1,2,0.6666666666666666,False,2,0.6666666666666666,False,2,0.6666666666666666,False,2.0,2.0,1.0,1.0,1.0,True,1.0,2.0,2.0,1.0,1.0,1.0,True,1.0,2.0,2.0,1.0,1.0,1.0,True,1.0,3,1,2.0,3,3,2.0,1.5661788406431634,63.84966863614007,66.66666666666667,1.0845099409157979,0
2018,PB,PROS,1,1.0,350000.0,False,0,1,1.0,False,1,1.0,False,0,0.0,False,1.0,1.0,1.0,1.0,1.0,True,1.0,0.0,1.0,0.0,0.0,,False,0.0,0.0,1.0,0.0,0.0,,False,0.0,1,0,0.0,1,1,1.0,1.0,100.0,100.0,0.0,0
2018,PB,PRP,5,1.923076923076923,25000.0,False,0,2,0.4,False,2,0.4,False,2,0.4,False,2.0,2.0,1.0,1.0,1.0,True,1.0,2.0,2.0,1.0,1.0,1.0,True,1.0,2.0,2.0,1.0,1.0,1.0,True,1.0,5,0,0.0,5,2,2.0,2.6,38.46153846153846,40.0,3.076923076923077,3
2018,PB,PRTB,7,3.661566326627729,13695.0,False,0,4,0.5714285714285714,False,3,0.42857142857142855,False,3,0.42857142857142855,False,3.0,4.0,0.75,0.75,1.0,False,0.8571428571428572,3.0,4.0,0.75,0.75,1.0,False,0.8571428571428572,3.0,3.0,1.0,1.0,1.0,True,1.0,7,0,0.0,7,5,4.0,1.9117501570555844,52.30809038039613,57.142857142857146,3.338433673372271,2
2018,PB,PSB,4,1.8735044720641187,1270000.0,False,1,2,0.5,False,2,0.5,False,2,0.5,False,2.0,2.0,1.0,1.0,1.0,True,1.0,2.0,2.0,1.0,1.0,1.0,True,1.0,2.0,2.0,1.0,1.0,1.0,True,1.0,4,1,2.0,4,2,2.0,2.1350362700725403,46.83761180160297,50.0,2.126495527935881,2
2018,PB,PSC,3,1.5504728696584997,1300026.4,False,0,2,0.6666666666666666,False,2,0.6666666666666666,False,1,0.3333333333333333,False,2.0,2.0,1.0,1.0,1.0,True,1.0,1.0,2.0,0.5,0.5,1.0,False,0.6666666666666667,1.0,2.0,0.5,0.5,1.0,False,0.6666666666666667,3,0,2.0,3,2,2.0,1.934893579054219,51.68242898861666,66.66666666666667,1.4495271303415003,1
2018,PB,PSD,2,,0.0,True,0,0,0.0,False,0,0.0,False,0,0.0,False,0.0,0.0,,,,True,1.0,0.0,0.0,,,,True,1.0,0.0,0.0,,,,True,1.0,2,0,0.0,2,0,0.0,,,0.0,,2
2018,PB,PSDB,8,3.621273329363039,3035700.0,False,3,4,0.5,False,3,0.375,False,3,0.375,False,3.0,4.0,0.75,0.75,1.0,False,0.875,3.0,4.0,0.75,0.75,1.0,False,0.875,3.0,3.0,1.0,1.0,1.0,True,1.0,8,3,1.0,8,7,4.0,2.209167680089797,45.26591661703799,50.0,4.378726670636961,1
2018,PB,PSL,14,2.177493817366558,541987.9299999999,False,1,2,0.14285714285714285,False,4,0.2857142857142857,False,1,0.07142857142857142,False,2.0,4.0,0.5,1.0,0.5,False,0.8571428571428572,1.0,2.0,0.5,0.5,1.0,False,0.9285714285714286,1.0,4.0,0.25,0.25,1.0,False,0.7857142857142857,14,1,0.0,14,13,2.0,6.429409759211843,15.553527266903986,14.285714285714286,11.822506182633441,1
2018,PB,PSOL,5,4.984218845703945,27878.649999999998,False,0,5,1.0,False,4,0.8,False,2,0.4,False,4.0,5.0,0.8,0.8,1.0,False,0.8,2.0,5.0,0.4,0.4,1.0,False,0.4,2.0,4.0,0.5,0.5,1.0,False,0.6,5,0,1.0,5,5,5.0,1.0031662241937183,99.68437691407891,100.0,0.015781154296054645,0
2018,PB,PT,4,2.4611712878028293,909826.4099999999,False,1,2,0.5,False,2,0.5,False,2,0.5,False,2.0,2.0,1.0,1.0,1.0,True,1.0,2.0,2.0,1.0,1.0,1.0,True,1.0,2.0,2.0,1.0,1.0,1.0,True,1.0,4,1,1.0,4,4,2.0,1.625242428198053,61.529282195070735,50.0,1.5388287121971707,0
2018,PB,PTB,2,1.5195425232627477,1620539.69,False,1,2,1.0,False,2,1.0,False,1,0.5,False,2.0,2.0,1.0,1.0,1.0,True,1.0,1.0,2.0,0.5,0.5,1.0,False,0.5,1.0,2.0,0.5,0.5,1.0,False,0.5,2,1,1.0,2,2,2.0,1.3161856080905314,75.97712616313738,100.0,0.48045747673725225,0
2018,PB,PTC,6,1.55045871559633,65000.0,False,0,2,0.3333333333333333,False,2,0.3333333333333333,False,2,0.3333333333333333,False,2.0,2.0,1.0,1.0,1.0,True,1.0,2.0,2.0,1.0,1.0,1.0,True,1.0,2.0,2.0,1.0,1.0,1.0,True,1.0,6,0,0.0,6,2,2.0,3.8698224852071013,25.84097859327217,33.333333333333336,4.44954128440367,4
2018,PB,PV,5,1.837456791865281,42700.0,False,0,2,0.4,False,2,0.4,False,2,0.4,False,2.0,2.0,1.0,1.0,1.0,True,1.0,2.0,2.0,1.0,1.0,1.0,True,1.0,2.0,2.0,1.0,1.0,1.0,True,1.0,5,0,2.0,5,2,2.0,2.721152422269634,36.74913583730562,40.0,3.1625432081347187,3
2018,PB,REDE,4,1.011428198262914,140800.0,False,0,1,0.25,False,1,0.25,False,1,0.25,False,1.0,1.0,1.0,1.0,1.0,True,1.0,1.0,1.0,1.0,1.0,1.0,True,1.0,1.0,1.0,1.0,1.0,1.0,True,1.0,4,0,1.0,4,2,1.0,3.9548037190082637,25.28570495657285,25.0,2.988571801737086,2
2018,PB,SOLIDARIEDADE,1,,0.0,True,0,0,0.0,False,0,0.0,False,0,0.0,False,0.0,0.0,,,,True,1.0,0.0,0.0,,,,True,1.0,0.0,0.0,,,,True,1.0,1,0,0.0,1,0,0.0,,,0.0,,1
2018,PE,AVANTE,6,1.016543219079974,977000.0,False,0,1,0.16666666666666666,False,1,0.16666666666666666,False,1,0.16666666666666666,False,1.0,1.0,1.0,1.0,1.0,True,1.0,1.0,1.0,1.0,1.0,1.0,True,1.0,1.0,1.0,1.0,1.0,1.0,True,1.0,6,0,1.0,6,3,1.0,5.9023560310896785,16.942386984666232,16.666666666666668,4.983456780920026,3
2018,PE,DC,15,8.042079207920791,57000.0,False,0,8,0.5333333333333333,True,10,0.6666666666666666,True,3,0.2,False,8.000000000000002,10.000000000000002,0.8,1.0000000000000002,0.8000000000000002,False,0.8666666666666667,3.0,8.000000000000002,0.37499999999999994,0.375,1.0,False,0.6666666666666665,3.0,10.000000000000002,0.29999999999999993,0.3,1.0,False,0.5333333333333332,15,0,0.0,15,15,8.0,1.8651892890120039,53.61386138613861,53.333333333333336,6.957920792079209,0
2018,PE,DEM,4,2.449275362318841,1690000.0,False,1,2,0.5,False,3,0.75,False,1,0.25,False,2.0,3.0,0.6666666666666666,1.0,0.6666666666666666,False,0.75,1.0,2.0,0.5,0.5,1.0,False,0.75,1.0,3.0,0.3333333333333333,0.3333333333333333,1.0,False,0.5,4,1,2.0,4,3,2.0,1.6331360946745561,61.23188405797102,50.0,1.5507246376811592,1
2018,PE,MDB,2,1.0,841444.32,False,1,1,0.5,False,1,0.5,False,1,0.5,False,1.0,1.0,1.0,1.0,1.0,True,1.0,1.0,1.0,1.0,1.0,1.0,True,1.0,1.0,1.0,1.0,1.0,1.0,True,1.0,2,1,1.0,2,1,1.0,2.0,50.0,50.0,1.0,1
2018,PE,NOVO,9,2.926915276309749,38304.850000000006,False,0,3,0.3333333333333333,False,3,0.3333333333333333,False,2,0.2222222222222222,False,3.0,3.0,1.0,1.0,1.0,True,1.0,2.0,3.0,0.6666666666666666,0.6666666666666666,1.0,False,0.8888888888888888,2.0,3.0,0.6666666666666666,0.6666666666666666,1.0,False,0.8888888888888888,9,0,0.0,9,9,3.0,3.0749096404823812,32.5212808478861,33.333333333333336,6.0730847236902505,0
2018,PE,PATRI,35,1.5714211163921858,391112.80999999994,False,1,2,0.05714285714285714,True,2,0.05714285714285714,True,1,0.02857142857142857,False,2.0,2.0,1.0,1.0,1.0,True,1.0,1.0,2.0,0.5,0.5,1.0,False,0.9714285714285714,1.0,2.0,0.5,0.5,1.0,False,0.9714285714285714,35,1,2.0,35,24,2.0,22.272832937587246,4.489774618263389,5.714285714285714,33.42857888360781,11
2018,PE,PC DO B,1,1.0,1348940.57,False,1,1,1.0,False,1,1.0,False,0,0.0,False,1.0,1.0,1.0,1.0,1.0,True,1.0,0.0,1.0,0.0,0.0,,False,0.0,0.0,1.0,0.0,0.0,,False,0.0,1,1,1.0,1,1,1.0,1.0,100.0,100.0,0.0,0
2018,PE,PCB,4,2.167020269368432,112611.11,False,0,2,0.5,False,2,0.5,False,1,0.25,False,2.0,2.0,1.0,1.0,1.0,True,1.0,1.0,2.0,0.5,0.5,1.0,False,0.75,1.0,2.0,0.5,0.5,1.0,False,0.75,4,0,0.0,4,4,2.0,1.8458526007076905,54.1755067342108,50.0,1.832979730631568,0
2018,PE,PDT,9,1.3873566671788167,794097.96,False,2,1,0.1111111111111111,False,1,0.1111111111111111,False,2,0.2222222222222222,False,1.0,1.0,1.0,1.0,1.0,True,1.0,1.0,2.0,0.5,1.0,0.5,False,0.8888888888888888,1.0,2.0,0.5,1.0,0.5,False,0.8888888888888888,9,2,1.0,9,3,1.0,6.487156628800767,15.41507407976463,11.11111111111111,7.612643332821183,6
2018,PE,PHS,10,6.033103378335058,445929.67000000004,False,1,6,0.6,False,6,0.6,False,4,0.4,False,6.0,6.0,1.0,1.0,1.0,True,1.0,4.0,6.0,0.6666666666666666,0.6666666666666666,1.0,False,0.8,4.0,6.0,0.6666666666666666,0.6666666666666666,1.0,False,0.8,10,1,1.0,10,10,6.0,1.657521738465499,60.331033783350584,60.0,3.966896621664942,0
2018,PE,PMN,11,1.0,170000.0,False,0,1,0.09090909090909091,False,1,0.09090909090909091,False,1,0.09090909090909091,False,1.0,1.0,1.0,1.0,1.0,True,1.0,1.0,1.0,1.0,1.0,1.0,True,1.0,1.0,1.0,1.0,1.0,1.0,True,1.0,11,0,0.0,11,1,1.0,11.0,9.090909090909092,9.090909090909092,10.0,10
2018,PE,PODE,2,1.0,1000000.0,False,1,1,0.5,False,1,0.5,False,1,0.5,False,1.0,1.0,1.0,1.0,1.0,True,1.0,1.0,1.0,1.0,1.0,1.0,True,1.0,1.0,1.0,1.0,1.0,1.0,True,1.0,2,1,1.0,2,1,1.0,2.0,50.0,50.0,1.0,1
2018,PE,PP,8,3.9360810052949313,7431501.15,False,2,4,0.5,False,4,0.5,False,4,0.5,False,4.0,4.0,1.0,1.0,1.0,True,1.0,4.0,4.0,1.0,1.0,1.0,True,1.0,4.0,4.0,1.0,1.0,1.0,True,1.0,8,2,3.0,8,4,4.0,2.032478495548787,49.20101256618664,50.0,4.063918994705069,4
2018,PE,PPL,17,7.5796407386066145,12590.0,False,0,8,0.47058823529411764,True,8,0.47058823529411764,True,3,0.17647058823529413,False,8.0,8.0,1.0,1.0,1.0,True,1.0,3.0,8.0,0.375,0.375,1.0,False,0.7058823529411764,3.0,8.0,0.375,0.375,1.0,False,0.7058823529411764,17,0,0.0,17,11,8.0,2.242850365375649,44.586121991803616,47.05882352941177,9.420359261393386,6
2018,PE,PPS,4,1.1642292302617177,1407997.57,False,1,1,0.25,False,1,0.25,False,1,0.25,False,1.0,1.0,1.0,1.0,1.0,True,1.0,1.0,1.0,1.0,1.0,1.0,True,1.0,1.0,1.0,1.0,1.0,1.0,True,1.0,4,1,1.0,4,4,1.0,3.4357495036444017,29.10573075654294,25.0,2.835770769738282,0
2018,PE,PR,11,2.1206213746968956,3324000.0,False,1,2,0.18181818181818182,False,2,0.18181818181818182,False,2,0.18181818181818182,False,2.0,2.0,1.0,1.0,1.0,True,1.0,2.0,2.0,1.0,1.0,1.0,True,1.0,2.0,2.0,1.0,1.0,1.0,True,1.0,11,1,2.0,11,9,2.0,5.187158882415892,19.27837613360814,18.181818181818183,8.879378625303104,2
2018,PE,PRB,3,1.9097643068911914,1673075.27,False,2,2,0.6666666666666666,False,2,0.6666666666666666,False,2,0.6666666666666666,False,2.0,2.0,1.0,1.0,1.0,True,1.0,2.0,2.0,1.0,1.0,1.0,True,1.0,2.0,2.0,1.0,1.0,1.0,True,1.0,3,2,2.0,3,2,2.0,1.570874473449317,63.658810229706376,66.66666666666667,1.0902356931088086,1
2018,PE,PROS,19,1.0,1160800.0,False,0,1,0.05263157894736842,False,1,0.05263157894736842,False,1,0.05263157894736842,False,1.0,1.0,1.0,1.0,1.0,True,1.0,1.0,1.0,1.0,1.0,1.0,True,1.0,1.0,1.0,1.0,1.0,1.0,True,1.0,19,0,1.0,19,1,1.0,19.0,5.2631578947368425,5.2631578947368425,18.0,18
2018,PE,PRP,14,1.0383975711978903,117200.0,False,0,1,0.07142857142857142,False,1,0.07142857142857142,False,1,0.07142857142857142,False,1.0,1.0,1.0,1.0,1.0,True,1.0,1.0,1.0,1.0,1.0,1.0,True,1.0,1.0,1.0,1.0,1.0,1.0,True,1.0,14,0,1.0,14,3,1.0,13.482311966359541,7.417125508556359,7.142857142857143,12.96160242880211,11
2018,PE,PRTB,3,1.6896551724137931,24500.0,False,0,2,0.6666666666666666,False,2,0.6666666666666666,False,1,0.3333333333333333,False,2.0,2.0,1.0,1.0,1.0,True,1.0,1.0,2.0,0.5,0.5,1.0,False,0.6666666666666667,1.0,2.0,0.5,0.5,1.0,False,0.6666666666666667,3,0,0.0,3,2,2.0,1.7755102040816326,56.32183908045977,66.66666666666667,1.3103448275862069,1
2018,PE,PSB,16,8.016864734448822,9588949.47,False,5,8,0.5,False,6,0.375,False,6,0.375,False,6.0,8.0,0.75,0.75,1.0,False,0.875,6.0,8.0,0.75,0.75,1.0,False,0.875,6.0,6.0,1.0,1.0,1.0,True,1.0,16,5,6.0,16,13,8.0,1.9957926857924013,50.105404590305135,50.0,7.983135265551178,3
2018,PE,PSC,6,1.0,480000.0,False,1,1,0.16666666666666666,False,1,0.16666666666666666,False,1,0.16666666666666666,False,1.0,1.0,1.0,1.0,1.0,True,1.0,1.0,1.0,1.0,1.0,1.0,True,1.0,1.0,1.0,1.0,1.0,1.0,True,1.0,6,1,1.0,6,1,1.0,6.0,16.666666666666668,16.666666666666668,5.0,5
2018,PE,PSD,1,1.0,1076019.51,False,1,1,1.0,False,1,1.0,False,0,0.0,False,1.0,1.0,1.0,1.0,1.0,True,1.0,0.0,1.0,0.0,0.0,,False,0.0,0.0,1.0,0.0,0.0,,False,0.0,1,1,1.0,1,1,1.0,1.0,100.0,100.0,0.0,0
2018,PE,PSDB,4,2.256213870518051,1521750.0,False,0,2,0.5,False,2,0.5,False,1,0.25,False,2.0,2.0,1.0,1.0,1.0,True,1.0,1.0,2.0,0.5,0.5,1.0,False,0.75,1.0,2.0,0.5,0.5,1.0,False,0.75,4,0,2.0,4,4,2.0,1.7728815748666404,56.40534676295127,50.0,1.7437861294819492,0
2018,PE,PSL,11,1.61194273730539,2342000.0,False,1,2,0.18181818181818182,False,2,0.18181818181818182,False,2,0.18181818181818182,False,2.0,2.0,1.0,1.0,1.0,True,1.0,2.0,2.0,1.0,1.0,1.0,True,1.0,2.0,2.0,1.0,1.0,1.0,True,1.0,11,1,2.0,11,11,2.0,6.824063749552413,14.654024884594456,18.181818181818183,9.388057262694609,0
2018,PE,PSOL,31,11.99361604743251,170750.0,False,0,12,0.3870967741935484,False,12,0.3870967741935484,False,10,0.3225806451612903,False,12.0,12.0,1.0,1.0,1.0,True,1.0,10.0,12.0,0.8333333333333334,0.8333333333333334,1.0,False,0.935483870967742,10.0,12.0,0.8333333333333334,0.8333333333333334,1.0,False,0.935483870967742,31,0,1.0,31,31,12.0,2.5847083879791377,38.68908402397584,38.70967741935484,19.00638395256749,0
2018,PE,PSTU,2,,0.0,True,0,0,0.0,False,0,0.0,False,0,0.0,False,0.0,0.0,,,,True,1.0,0.0,0.0,,,,True,1.0,0.0,0.0,,,,True,1.0,2,0,0.0,2,0,0.0,,,0.0,,2
2018,PE,PT,16,3.986003885872765,2455205.0,False,2,4,0.25,False,4,0.25,False,4,0.25,False,4.0,4.0,1.0,1.0,1.0,True,1.0,4.0,4.0,1.0,1.0,1.0,True,1.0,4.0,4.0,1.0,1.0,1.0,True,1.0,16,2,2.0,16,16,4.0,4.014045258888824,24.91252428670478,25.0,12.013996114127234,0
2018,PE,PTB,7,1.470528496429051,1428161.93,False,0,1,0.14285714285714285,False,1,0.14285714285714285,False,2,0.2857142857142857,False,1.0,1.0,1.0,1.0,1.0,True,1.0,1.0,2.0,0.5,1.0,0.5,False,0.8571428571428572,1.0,2.0,0.5,1.0,0.5,False,0.8571428571428572,7,0,1.0,7,4,1.0,4.7601933706136315,21.007549948986444,14.285714285714286,5.529471503570949,3
2018,PE,PTC,5,4.999999999999999,5000.0,False,0,5,1.0,False,4,0.8,True,0,0.0,False,4.0,5.0,0.8,0.8,1.0,False,0.8,0.0,5.0,0.0,0.0,,False,0.0,0.0,4.0,0.0,0.0,,False,0.19999999999999996,5,0,0.0,5,5,5.0,1.0000000000000002,99.99999999999997,100.0,8.881784197001252e-16,0
2018,PE,PV,8,4.965000785715135,506418.31,False,0,5,0.625,False,5,0.625,False,2,0.25,False,5.0,5.0,1.0,1.0,1.0,True,1.0,2.0,5.0,0.4,0.4,1.0,False,0.625,2.0,5.0,0.4,0.4,1.0,False,0.625,8,0,1.0,8,8,5.0,1.6112786976825662,62.062509821439185,62.5,3.0349992142848654,0
2018,PE,REDE,26,2.679799719905313,93000.0,False,0,3,0.11538461538461539,False,2,0.07692307692307693,False,3,0.11538461538461539,False,2.0,3.0,0.6666666666666666,0.6666666666666666,1.0,False,0.9615384615384616,3.0,3.0,1.0,1.0,1.0,True,1.0,2.0,3.0,0.6666666666666666,1.0,0.6666666666666666,False,0.9615384615384616,26,0,1.0,26,15,3.0,9.702217597410105,10.30692199963582,11.538461538461538,23.32020028009469,11
2018,PE,SOLIDARIEDADE,6,2.0680925758353923,1836400.0,False,1,2,0.3333333333333333,False,2,0.3333333333333333,False,2,0.3333333333333333,False,2.0,2.0,1.0,1.0,1.0,True,1.0,2.0,2.0,1.0,1.0,1.0,True,1.0,2.0,2.0,1.0,1.0,1.0,True,1.0,6,1,1.0,6,6,2.0,2.9012240893405554,34.46820959725654,33.333333333333336,3.9319074241646077,0
2018,PI,AVANTE,2,1.0573242581474278,180020.0,False,0,1,0.5,False,1,0.5,False,1,0.5,False,1.0,1.0,1.0,1.0,1.0,True,1.0,1.0,1.0,1.0,1.0,1.0,True,1.0,1.0,1.0,1.0,1.0,1.0,True,1.0,2,0,1.0,2,2,1.0,1.8915673073691366,52.86621290737139,50.0,0.9426757418525722,0
2018,PI,DC,8,1.9162242761362913,30100.0,False,0,2,0.25,False,2,0.25,False,2,0.25,False,2.0,2.0,1.0,1.0,1.0,True,1.0,2.0,2.0,1.0,1.0,1.0,True,1.0,2.0,2.0,1.0,1.0,1.0,True,1.0,8,0,0.0,8,3,2.0,4.174876656990541,23.95280345170364,25.0,6.083775723863709,5
2018,PI,DEM,1,1.0,732152.2,False,0,1,1.0,False,1,1.0,False,0,0.0,False,1.0,1.0,1.0,1.0,1.0,True,1.0,0.0,1.0,0.0,0.0,,False,0.0,0.0,1.0,0.0,0.0,,False,0.0,1,0,1.0,1,1,1.0,1.0,100.0,100.0,0.0,0
2018,PI,MDB,3,2.1246654525298916,647500.0,False,1,2,0.6666666666666666,False,2,0.6666666666666666,False,2,0.6666666666666666,False,2.0,2.0,1.0,1.0,1.0,True,1.0,2.0,2.0,1.0,1.0,1.0,True,1.0,2.0,2.0,1.0,1.0,1.0,True,1.0,3,1,1.0,3,3,2.0,1.4119870007900897,70.82218175099639,66.66666666666667,0.8753345474701084,0
2018,PI,PATRI,1,1.0,5998.2,False,0,1,1.0,False,1,1.0,False,0,0.0,False,1.0,1.0,1.0,1.0,1.0,True,1.0,0.0,1.0,0.0,0.0,,False,0.0,0.0,1.0,0.0,0.0,,False,0.0,1,0,0.0,1,1,1.0,1.0,100.0,100.0,0.0,0
2018,PI,PC DO B,1,1.0,33267.5,False,0,1,1.0,False,1,1.0,False,0,0.0,False,1.0,1.0,1.0,1.0,1.0,True,1.0,0.0,1.0,0.0,0.0,,False,0.0,0.0,1.0,0.0,0.0,,False,0.0,1,0,0.0,1,1,1.0,1.0,100.0,100.0,0.0,0
2018,PI,PCB,1,1.0,30543.02,False,0,1,1.0,False,1,1.0,False,0,0.0,False,1.0,1.0,1.0,1.0,1.0,True,1.0,0.0,1.0,0.0,0.0,,False,0.0,0.0,1.0,0.0,0.0,,False,0.0,1,0,0.0,1,1,1.0,1.0,100.0,100.0,0.0,0
2018,PI,PDT,1,1.0,601500.0,False,1,1,1.0,False,1,1.0,False,0,0.0,False,1.0,1.0,1.0,1.0,1.0,True,1.0,0.0,1.0,0.0,0.0,,False,0.0,0.0,1.0,0.0,0.0,,False,0.0,1,1,1.0,1,1,1.0,1.0,100.0,100.0,0.0,0
2018,PI,PHS,4,1.7270939483328862,139000.0,False,0,2,0.5,False,2,0.5,False,1,0.25,False,2.0,2.0,1.0,1.0,1.0,True,1.0,1.0,2.0,0.5,0.5,1.0,False,0.75,1.0,2.0,0.5,0.5,1.0,False,0.75,4,0,1.0,4,4,2.0,2.316029191035661,43.17734870832216,50.0,2.272906051667114,0
2018,PI,PMN,4,1.0,80000.0,False,0,1,0.25,False,1,0.25,False,1,0.25,False,1.0,1.0,1.0,1.0,1.0,True,1.0,1.0,1.0,1.0,1.0,1.0,True,1.0,1.0,1.0,1.0,1.0,1.0,True,1.0,4,0,0.0,4,1,1.0,4.0,25.0,25.0,3.0,3
2018,PI,PODE,2,,0.0,True,0,0,0.0,False,0,0.0,False,0,0.0,False,0.0,0.0,,,,True,1.0,0.0,0.0,,,,True,1.0,0.0,0.0,,,,True,1.0,2,0,1.0,2,0,0.0,,,0.0,,2
2018,PI,PP,5,3.3672213377598466,7597280.5,False,2,3,0.6,False,3,0.6,False,3,0.6,False,3.0,3.0,1.0,1.0,1.0,True,1.0,3.0,3.0,1.0,1.0,1.0,True,1.0,3.0,3.0,1.0,1.0,1.0,True,1.0,5,2,3.0,5,5,3.0,1.4849038713108216,67.34442675519693,60.0,1.6327786622401534,0
2018,PI,PPS,4,2.3503799515595722,200926.43,False,0,2,0.5,False,2,0.5,False,2,0.5,False,2.0,2.0,1.0,1.0,1.0,True,1.0,2.0,2.0,1.0,1.0,1.0,True,1.0,2.0,2.0,1.0,1.0,1.0,True,1.0,4,0,0.0,4,4,2.0,1.7018525014842123,58.759498788989305,50.0,1.6496200484404278,0
2018,PI,PR,1,1.0,1350000.0,False,1,1,1.0,False,1,1.0,False,0,0.0,False,1.0,1.0,1.0,1.0,1.0,True,1.0,0.0,1.0,0.0,0.0,,False,0.0,0.0,1.0,0.0,0.0,,False,0.0,1,1,1.0,1,1,1.0,1.0,100.0,100.0,0.0,0
2018,PI,PRB,5,2.45607303502551,1721043.7799999998,False,0,2,0.4,False,2,0.4,False,2,0.4,False,2.0,2.0,1.0,1.0,1.0,True,1.0,2.0,2.0,1.0,1.0,1.0,True,1.0,2.0,2.0,1.0,1.0,1.0,True,1.0,5,0,1.0,5,3,2.0,2.035770080407266,49.1214607005102,40.0,2.54392696497449,2
2018,PI,PROS,6,1.0,123500.0,False,0,1,0.16666666666666666,False,1,0.16666666666666666,False,1,0.16666666666666666,False,1.0,1.0,1.0,1.0,1.0,True,1.0,1.0,1.0,1.0,1.0,1.0,True,1.0,1.0,1.0,1.0,1.0,1.0,True,1.0,6,0,0.0,6,1,1.0,6.0,16.666666666666668,16.666666666666668,5.0,5
2018,PI,PRP,10,5.144737935167496,68470.0,False,0,5,0.5,False,4,0.4,False,5,0.5,False,4.0,5.0,0.8,0.8,1.0,False,0.9,5.0,5.0,1.0,1.0,1.0,True,1.0,4.0,5.0,0.8,1.0,0.8,False,0.9,10,0,0.0,10,7,5.0,1.9437336023753042,51.447379351674954,50.0,4.855262064832504,3
2018,PI,PRTB,8,,0.0,True,0,0,0.0,False,0,0.0,False,0,0.0,False,0.0,0.0,,,,True,1.0,0.0,0.0,,,,True,1.0,0.0,0.0,,,,True,1.0,8,0,1.0,8,0,0.0,,,0.0,,8
2018,PI,PSB,4,1.7363401146567907,1850000.0,False,1,2,0.5,False,2,0.5,False,2,0.5,False,2.0,2.0,1.0,1.0,1.0,True,1.0,2.0,2.0,1.0,1.0,1.0,True,1.0,2.0,2.0,1.0,1.0,1.0,True,1.0,4,1,3.0,4,4,2.0,2.3036961285609934,43.40850286641977,50.0,2.263659885343209,0
2018,PI,PSC,6,1.0,280000.0,False,0,1,0.16666666666666666,False,1,0.16666666666666666,False,1,0.16666666666666666,False,1.0,1.0,1.0,1.0,1.0,True,1.0,1.0,1.0,1.0,1.0,1.0,True,1.0,1.0,1.0,1.0,1.0,1.0,True,1.0,6,0,0.0,6,1,1.0,6.0,16.666666666666668,16.666666666666668,5.0,5
2018,PI,PSD,1,1.0,792013.2,False,1,1,1.0,False,1,1.0,False,0,0.0,False,1.0,1.0,1.0,1.0,1.0,True,1.0,0.0,1.0,0.0,0.0,,False,0.0,0.0,1.0,0.0,0.0,,False,0.0,1,1,1.0,1,1,1.0,1.0,100.0,100.0,0.0,0
2018,PI,PSDB,5,2.383734118333347,373009.77,False,0,2,0.4,False,2,0.4,False,2,0.4,False,2.0,2.0,1.0,1.0,1.0,True,1.0,2.0,2.0,1.0,1.0,1.0,True,1.0,2.0,2.0,1.0,1.0,1.0,True,1.0,5,0,0.0,5,4,2.0,2.0975493707728976,47.67468236666694,40.0,2.616265881666653,1
2018,PI,PSL,6,,0.0,True,0,0,0.0,False,0,0.0,False,0,0.0,False,0.0,0.0,,,,True,1.0,0.0,0.0,,,,True,1.0,0.0,0.0,,,,True,1.0,6,0,1.0,6,0,0.0,,,0.0,,6
2018,PI,PSOL,7,6.493019706459571,22896.68,False,0,6,0.8571428571428571,False,5,0.7142857142857143,False,4,0.5714285714285714,False,5.0,6.0,0.8333333333333334,0.8333333333333334,1.0,False,0.8571428571428572,4.0,6.0,0.6666666666666666,0.6666666666666666,1.0,False,0.7142857142857143,4.0,5.0,0.8,0.8,1.0,False,0.8571428571428572,7,0,0.0,7,7,6.0,1.0780808185498127,92.75742437799387,85.71428571428571,0.5069802935404288,0
2018,PI,PSTU,1,,0.0,True,0,0,0.0,False,0,0.0,False,0,0.0,False,0.0,0.0,,,,True,1.0,0.0,0.0,,,,True,1.0,0.0,0.0,,,,True,1.0,1,0,0.0,1,0,0.0,,,0.0,,1
2018,PI,PT,7,4.045212551706465,2966500.0,False,2,4,0.5714285714285714,False,4,0.5714285714285714,False,2,0.2857142857142857,False,4.0,4.0,1.0,1.0,1.0,True,1.0,2.0,4.0,0.5,0.5,1.0,False,0.7142857142857143,2.0,4.0,0.5,0.5,1.0,False,0.7142857142857143,7,2,4.0,7,7,4.0,1.730440591322467,57.788750738663786,57.142857142857146,2.9547874482935352,0
2018,PI,PTB,1,1.0,1877821.74,False,0,1,1.0,False,1,1.0,False,0,0.0,False,1.0,1.0,1.0,1.0,1.0,True,1.0,0.0,1.0,0.0,0.0,,False,0.0,0.0,1.0,0.0,0.0,,False,0.0,1,0,1.0,1,1,1.0,1.0,100.0,100.0,0.0,0
2018,PI,PTC,1,1.0,560000.0,False,1,1,1.0,False,1,1.0,False,0,0.0,False,1.0,1.0,1.0,1.0,1.0,True,1.0,0.0,1.0,0.0,0.0,,False,0.0,0.0,1.0,0.0,0.0,,False,0.0,1,1,0.0,1,1,1.0,1.0,100.0,100.0,0.0,0
2018,PI,PV,9,8.205625284740144,165157.48,False,0,8,0.8888888888888888,False,7,0.7777777777777778,False,4,0.4444444444444444,False,7.0,8.0,0.875,0.875,1.0,False,0.8888888888888888,4.0,8.0,0.5,0.5,1.0,False,0.5555555555555556,4.0,7.0,0.5714285714285714,0.5714285714285714,1.0,False,0.6666666666666667,9,0,0.0,9,9,8.0,1.0968085536073822,91.17361427489048,88.88888888888889,0.7943747152598561,0
2018,PI,REDE,5,1.0,190000.0,False,0,1,0.2,False,1,0.2,False,1,0.2,False,1.0,1.0,1.0,1.0,1.0,True,1.0,1.0,1.0,1.0,1.0,1.0,True,1.0,1.0,1.0,1.0,1.0,1.0,True,1.0,5,0,0.0,5,1,1.0,5.0,20.0,20.0,4.0,4
2018,PI,SOLIDARIEDADE,3,1.0,630000.0,False,0,1,0.3333333333333333,False,1,0.3333333333333333,False,1,0.3333333333333333,False,1.0,1.0,1.0,1.0,1.0,True,1.0,1.0,1.0,1.0,1.0,1.0,True,1.0,1.0,1.0,1.0,1.0,1.0,True,1.0,3,0,1.0,3,1,1.0,3.0,33.333333333333336,33.333333333333336,2.0,2
2018,PR,AVANTE,6,1.597879069254446,132704.86,False,0,2,0.3333333333333333,False,2,0.3333333333333333,False,2,0.3333333333333333,False,2.0,2.0,1.0,1.0,1.0,True,1.0,2.0,2.0,1.0,1.0,1.0,True,1.0,2.0,2.0,1.0,1.0,1.0,True,1.0,6,0,0.0,6,5,2.0,3.7549775295570638,26.63131782090743,33.333333333333336,4.4021209307455536,1
2018,PR,DC,7,3.4522264240307265,68300.0,False,0,3,0.42857142857142855,True,4,0.5714285714285714,False,2,0.2857142857142857,False,3.0,4.0,0.75,1.0,0.75,False,0.8571428571428572,2.0,3.0,0.6666666666666666,0.6666666666666666,1.0,False,0.8571428571428572,2.0,4.0,0.5,0.5,1.0,False,0.7142857142857143,7,0,0.0,7,7,3.0,2.027676965587613,49.317520343296096,42.857142857142854,3.5477735759692735,0
2018,PR,DEM,4,1.958066394874782,1640000.0,False,1,2,0.5,False,2,0.5,False,2,0.5,False,2.0,2.0,1.0,1.0,1.0,True,1.0,2.0,2.0,1.0,1.0,1.0,True,1.0,2.0,2.0,1.0,1.0,1.0,True,1.0,4,1,2.0,4,2,2.0,2.042831647828673,48.95165987186955,50.0,2.0419336051252177,2
2018,PR,MDB,18,3.400903922398064,3961000.0,False,2,3,0.16666666666666666,False,3,0.16666666666666666,False,2,0.1111111111111111,False,3.0,3.0,1.0,1.0,1.0,True,1.0,2.0,3.0,0.6666666666666666,0.6666666666666666,1.0,False,0.9444444444444444,2.0,3.0,0.6666666666666666,0.6666666666666666,1.0,False,0.9444444444444444,18,2,3.0,18,15,3.0,5.292710529531143,18.893910679989247,16.666666666666668,14.599096077601935,3
2018,PR,NOVO,16,11.11179148961576,178486.56,False,0,11,0.6875,False,10,0.625,False,5,0.3125,False,10.0,11.0,0.9090909090909091,0.9090909090909091,1.0,False,0.9375,5.0,11.0,0.45454545454545453,0.45454545454545453,1.0,False,0.625,5.0,10.0,0.5,0.5,1.0,False,0.6875,16,0,0.0,16,16,11.0,1.4399118283449064,69.4486968100985,68.75,4.88820851038424,0
2018,PR,PATRI,4,1.0,109100.0,False,0,1,0.25,False,1,0.25,False,1,0.25,False,1.0,1.0,1.0,1.0,1.0,True,1.0,1.0,1.0,1.0,1.0,1.0,True,1.0,1.0,1.0,1.0,1.0,1.0,True,1.0,4,0,0.0,4,1,1.0,4.0,25.0,25.0,3.0,3
2018,PR,PC DO B,15,1.0,5000.0,False,0,1,0.06666666666666667,False,1,0.06666666666666667,False,1,0.06666666666666667,False,1.0,1.0,1.0,1.0,1.0,True,1.0,1.0,1.0,1.0,1.0,1.0,True,1.0,1.0,1.0,1.0,1.0,1.0,True,1.0,15,0,0.0,15,1,1.0,15.0,6.666666666666667,6.666666666666667,14.0,14
2018,PR,PCO,1,1.0,1600.0,False,0,1,1.0,False,1,1.0,False,0,0.0,False,1.0,1.0,1.0,1.0,1.0,True,1.0,0.0,1.0,0.0,0.0,,False,0.0,0.0,1.0,0.0,0.0,,False,0.0,1,0,0.0,1,1,1.0,1.0,100.0,100.0,0.0,0
2018,PR,PDT,9,2.8499980871982555,1158000.0,False,1,3,0.3333333333333333,False,2,0.2222222222222222,False,3,0.3333333333333333,False,2.0,3.0,0.6666666666666666,0.6666666666666666,1.0,False,0.8888888888888888,3.0,3.0,1.0,1.0,1.0,True,1.0,2.0,3.0,0.6666666666666666,1.0,0.6666666666666666,False,0.8888888888888888,9,1,3.0,9,9,3.0,3.157896856291444,31.666645413313955,33.333333333333336,6.150001912801745,0
2018,PR,PHS,11,2.4362579861543288,223208.0,False,0,2,0.18181818181818182,False,2,0.18181818181818182,False,2,0.18181818181818182,False,2.0,2.0,1.0,1.0,1.0,True,1.0,2.0,2.0,1.0,1.0,1.0,True,1.0,2.0,2.0,1.0,1.0,1.0,True,1.0,11,0,2.0,11,8,2.0,4.515121166360411,22.14779987413026,18.181818181818183,8.56374201384567,3
2018,PR,PMB,2,,0.0,True,0,0,0.0,False,0,0.0,False,0,0.0,False,0.0,0.0,,,,True,1.0,0.0,0.0,,,,True,1.0,0.0,0.0,,,,True,1.0,2,0,0.0,2,0,0.0,,,0.0,,2
2018,PR,PMN,3,1.0,500000.0,False,0,1,0.3333333333333333,False,1,0.3333333333333333,False,1,0.3333333333333333,False,1.0,1.0,1.0,1.0,1.0,True,1.0,1.0,1.0,1.0,1.0,1.0,True,1.0,1.0,1.0,1.0,1.0,1.0,True,1.0,3,0,0.0,3,1,1.0,3.0,33.333333333333336,33.333333333333336,2.0,2
2018,PR,PODE,9,1.5102172374604046,631174.42,False,1,2,0.2222222222222222,False,2,0.2222222222222222,False,2,0.2222222222222222,False,2.0,2.0,1.0,1.0,1.0,True,1.0,2.0,2.0,1.0,1.0,1.0,True,1.0,2.0,2.0,1.0,1.0,1.0,True,1.0,9,1,0.0,9,4,2.0,5.959407545324065,16.78019152733783,22.22222222222222,7.489782762539596,5
2018,PR,PP,10,6.245626436889376,8382925.83,False,2,6,0.6,False,5,0.5,False,4,0.4,False,5.0,6.0,0.8333333333333334,0.8333333333333334,1.0,False,0.9,4.0,6.0,0.6666666666666666,0.6666666666666666,1.0,False,0.8,4.0,5.0,0.8,0.8,1.0,False,0.9,10,2,5.0,10,10,6.0,1.6011204161900665,62.456264368893756,60.0,3.754373563110624,0
2018,PR,PPL,25,20.39715584225187,37300.0,False,0,20,0.8,True,17,0.68,True,12,0.48,False,17.0,20.000000000000004,0.8499999999999999,0.85,1.0,False,0.88,12.0,20.000000000000004,0.5999999999999999,0.6,1.0,False,0.6799999999999999,12.0,17.0,0.7058823529411765,0.7058823529411765,1.0,False,0.8,25,0,0.0,25,24,20.0,1.225661077129858,81.58862336900748,80.0,4.60284415774813,1
2018,PR,PPS,4,1.3826889075292257,1388808.4400000002,False,1,1,0.25,False,1,0.25,False,1,0.25,False,1.0,1.0,1.0,1.0,1.0,True,1.0,1.0,1.0,1.0,1.0,1.0,True,1.0,1.0,1.0,1.0,1.0,1.0,True,1.0,4,1,1.0,4,4,1.0,2.892913928952925,34.56722268823064,25.0,2.617311092470774,0
2018,PR,PR,3,2.967548285005992,6479092.1899999995,False,3,3,1.0,False,3,1.0,False,1,0.3333333333333333,False,3.0,3.0,1.0,1.0,1.0,True,1.0,1.0,3.0,0.3333333333333333,0.3333333333333333,1.0,False,0.33333333333333337,1.0,3.0,0.3333333333333333,0.3333333333333333,1.0,False,0.33333333333333337,3,3,3.0,3,3,3.0,1.0109355305718108,98.9182761668664,100.0,0.03245171499400801,0
2018,PR,PRB,22,4.467662016603606,2049117.01,False,2,4,0.18181818181818182,False,4,0.18181818181818182,False,4,0.18181818181818182,False,4.0,4.0,1.0,1.0,1.0,True,1.0,4.0,4.0,1.0,1.0,1.0,True,1.0,4.0,4.0,1.0,1.0,1.0,True,1.0,22,2,2.0,22,22,4.0,4.92427581098106,20.307554620925483,18.181818181818183,17.532337983396395,0
2018,PR,PROS,5,2.5768943899046506,881600.0,False,2,3,0.6,False,2,0.4,False,2,0.4,False,2.0,3.0,0.6666666666666666,0.6666666666666666,1.0,False,0.8,2.0,3.0,0.6666666666666666,0.6666666666666666,1.0,False,0.8,2.0,2.0,1.0,1.0,1.0,True,1.0,5,2,2.0,5,3,3.0,1.940320107641279,51.53788779809302,60.0,2.4231056100953494,2
2018,PR,PRP,5,1.923076923076923,25000.0,False,0,2,0.4,False,2,0.4,False,2,0.4,False,2.0,2.0,1.0,1.0,1.0,True,1.0,2.0,2.0,1.0,1.0,1.0,True,1.0,2.0,2.0,1.0,1.0,1.0,True,1.0,5,0,0.0,5,2,2.0,2.6,38.46153846153846,40.0,3.076923076923077,3
2018,PR,PRTB,37,11.416014509790749,11660.0,False,0,11,0.2972972972972973,True,10,0.2702702702702703,True,13,0.35135135135135137,False,10.0,11.0,0.9090909090909091,0.9090909090909091,1.0,False,0.972972972972973,11.0,13.0,0.8461538461538461,1.0,0.8461538461538461,False,0.9459459459459459,10.0,13.0,0.7692307692307693,1.0,0.7692307692307693,False,0.9189189189189189,37,0,1.0,37,13,11.0,3.2410610522847167,30.854093269704723,29.72972972972973,25.58398549020925,24
2018,PR,PSB,9,3.1842105263157894,4400000.0,False,2,3,0.3333333333333333,False,3,0.3333333333333333,False,3,0.3333333333333333,False,3.0,3.0,1.0,1.0,1.0,True,1.0,3.0,3.0,1.0,1.0,1.0,True,1.0,3.0,3.0,1.0,1.0,1.0,True,1.0,9,2,2.0,9,6,3.0,2.8264462809917354,35.38011695906433,33.333333333333336,5.815789473684211,3
2018,PR,PSC,7,2.8334396772245936,2502652.1,False,1,3,0.42857142857142855,False,2,0.2857142857142857,False,2,0.2857142857142857,False,2.0,3.0,0.6666666666666666,0.6666666666666666,1.0,False,0.8571428571428572,2.0,3.0,0.6666666666666666,0.6666666666666666,1.0,False,0.8571428571428572,2.0,2.0,1.0,1.0,1.0,True,1.0,7,1,2.0,7,7,3.0,2.4704955098449912,40.47770967463705,42.857142857142854,4.166560322775407,0
2018,PR,PSD,22,6.62733593591305,6783374.31,False,4,7,0.3181818181818182,False,5,0.22727272727272727,False,5,0.22727272727272727,False,5.0,7.0,0.7142857142857143,0.7142857142857143,1.0,False,0.9090909090909091,5.0,7.0,0.7142857142857143,0.7142857142857143,1.0,False,0.9090909090909091,5.0,5.0,1.0,1.0,1.0,True,1.0,22,4,9.0,22,16,7.0,3.319584251159445,30.124254254150227,31.818181818181817,15.372664064086951,6
2018,PR,PSDB,10,3.6990112634302927,1757100.0,False,0,4,0.4,False,3,0.3,False,3,0.3,False,3.0,4.0,0.75,0.75,1.0,False,0.9,3.0,4.0,0.75,0.75,1.0,False,0.9,3.0,3.0,1.0,1.0,1.0,True,1.0,10,0,2.0,10,7,4.0,2.703425128456208,36.990112634302925,40.0,6.300988736569707,3
2018,PR,PSL,29,2.2336141204687414,175200.0,False,3,2,0.06896551724137931,False,4,0.13793103448275862,True,5,0.1724137931034483,False,2.0,3.9999999999999996,0.5000000000000001,1.0,0.5,False,0.9310344827586207,2.0,5.0,0.4,1.0,0.4,False,0.896551724137931,3.9999999999999996,5.0,0.7999999999999999,0.9999999999999999,0.7999999999999999,False,0.9655172413793104,29,3,2.0,29,11,2.0,12.983442276015932,7.702117656788763,6.896551724137931,26.76638587953126,18
2018,PR,PSOL,29,28.999841183986035,78755.91000000002,False,0,29,1.0,False,24,0.8275862068965517,True,1,0.034482758620689655,False,24.00000000000001,29.0,0.827586206896552,0.827586206896552,1.0000000000000004,False,0.8275862068965516,1.0,29.0,0.034482758620689655,0.034482758620689655,1.0,False,0.03448275862068961,1.0,24.00000000000001,0.04166666666666665,0.041666666666666664,1.0,False,0.20689655172413757,29,0,0.0,29,29,29.0,1.0000054764442659,99.99945235857254,100.0,0.00015881601396472433,0
2018,PR,PT,33,4.654448634498673,4036742.83,False,3,5,0.15151515151515152,False,4,0.12121212121212122,False,4,0.12121212121212122,False,4.0,5.0,0.8,0.8,1.0,False,0.9696969696969697,4.0,5.0,0.8,0.8,1.0,False,0.9696969696969697,4.0,4.0,1.0,1.0,1.0,True,1.0,33,3,5.0,33,30,5.0,7.089991230197431,14.10438980151113,15.151515151515152,28.34555136550133,3
2018,PR,PTB,1,1.0,2208553.67,False,1,1,1.0,False,1,1.0,False,0,0.0,False,1.0,1.0,1.0,1.0,1.0,True,1.0,0.0,1.0,0.0,0.0,,False,0.0,0.0,1.0,0.0,0.0,,False,0.0,1,1,0.0,1,1,1.0,1.0,100.0,100.0,0.0,0
2018,PR,PTC,7,1.9665427509293683,11500.0,False,0,2,0.2857142857142857,False,2,0.2857142857142857,False,2,0.2857142857142857,False,2.0,2.0,1.0,1.0,1.0,True,1.0,2.0,2.0,1.0,1.0,1.0,True,1.0,2.0,2.0,1.0,1.0,1.0,True,1.0,7,0,0.0,7,2,2.0,3.5595463137996215,28.093467870419545,28.571428571428573,5.033457249070632,5
2018,PR,PV,40,2.95157512452607,1930231.32,False,1,3,0.075,False,7,0.175,False,7,0.175,False,3.0,7.0,0.42857142857142855,1.0,0.42857142857142855,False,0.9,3.0,7.0,0.42857142857142855,1.0,0.42857142857142855,False,0.9,7.0,7.0,1.0,1.0,1.0,True,1.0,40,1,5.0,40,25,3.0,13.552086026074887,7.378937811315176,7.5,37.04842487547393,15
2018,PR,REDE,11,9.433770386508536,9449.99,False,0,9,0.8181818181818182,True,8,0.7272727272727273,True,3,0.2727272727272727,False,8.0,9.0,0.8888888888888888,0.8888888888888888,1.0,False,0.9090909090909091,3.0,9.0,0.3333333333333333,0.3333333333333333,1.0,False,0.4545454545454546,3.0,8.0,0.375,0.375,1.0,False,0.5454545454545454,11,0,0.0,11,11,9.0,1.1660237157914473,85.76154896825942,81.81818181818181,1.5662296134914637,0
2018,PR,SOLIDARIEDADE,1,1.0,865000.0,False,0,1,1.0,False,1,1.0,False,0,0.0,False,1.0,1.0,1.0,1.0,1.0,True,1.0,0.0,1.0,0.0,0.0,,False,0.0,0.0,1.0,0.0,0.0,,False,0.0,1,0,1.0,1,1,1.0,1.0,100.0,100.0,0.0,0
2018,RJ,AVANTE,48,2.4164511595828553,503626.39,False,1,2,0.041666666666666664,False,3,0.0625,False,7,0.14583333333333334,False,2.0,3.0,0.6666666666666666,1.0,0.6666666666666666,False,0.9791666666666666,2.0,7.0,0.2857142857142857,1.0,0.2857142857142857,False,0.8958333333333334,3.0,7.0,0.42857142857142855,1.0,0.42857142857142855,False,0.9166666666666666,48,1,2.0,48,20,2.0,19.863840330332227,5.0342732491309485,4.166666666666667,45.583548840417144,28
2018,RJ,DC,44,10.243925060285664,117500.0,False,1,10,0.22727272727272727,True,13,0.29545454545454547,True,14,0.3181818181818182,False,10.0,12.999999999999998,0.7692307692307694,1.0,0.7692307692307693,False,0.9318181818181819,10.0,14.0,0.7142857142857143,1.0,0.7142857142857143,False,0.9090909090909091,12.999999999999998,14.0,0.9285714285714285,0.9999999999999999,0.9285714285714285,False,0.9772727272727273,44,1,2.0,44,24,10.0,4.295228610230873,23.281647864285603,22.727272727272727,33.75607493971434,20
2018,RJ,DEM,22,8.08930727327895,8281600.0,False,4,8,0.36363636363636365,False,7,0.3181818181818182,False,8,0.36363636363636365,False,7.0,8.0,0.875,0.875,1.0,False,0.9545454545454546,8.0,8.0,1.0,1.0,1.0,True,1.0,7.0,8.0,0.875,1.0,0.875,False,0.9545454545454546,22,4,8.0,22,16,8.0,2.7196395509256552,36.76957851490432,36.36363636363637,13.91069272672105,6
2018,RJ,MDB,18,8.598708711873206,11706973.739999998,False,3,9,0.5,False,7,0.3888888888888889,False,7,0.3888888888888889,False,7.0,9.0,0.7777777777777778,0.7777777777777778,1.0,False,0.8888888888888888,7.0,9.0,0.7777777777777778,0.7777777777777778,1.0,False,0.8888888888888888,7.0,7.0,1.0,1.0,1.0,True,1.0,18,3,7.0,18,18,9.0,2.0933375699941283,47.77060395485115,50.0,9.401291288126794,0
2018,RJ,NOVO,19,11.051439983087063,73065.71,False,1,11,0.5789473684210527,True,10,0.5263157894736842,True,5,0.2631578947368421,False,10.0,11.0,0.9090909090909091,0.9090909090909091,1.0,False,0.9473684210526315,5.0,11.0,0.45454545454545453,0.45454545454545453,1.0,False,0.6842105263157895,5.0,10.0,0.5,0.5,1.0,False,0.736842105263158,19,1,0.0,19,18,11.0,1.7192329713663812,58.16547359519506,57.89473684210526,7.948560016912937,1
2018,RJ,PATRI,31,2.1734523745312666,753278.0,False,0,2,0.06451612903225806,False,2,0.06451612903225806,False,2,0.06451612903225806,False,2.0,2.0,1.0,1.0,1.0,True,1.0,2.0,2.0,1.0,1.0,1.0,True,1.0,2.0,2.0,1.0,1.0,1.0,True,1.0,31,0,1.0,31,8,2.0,14.263022444504013,7.011136692036343,6.451612903225806,28.826547625468734,23
2018,RJ,PC DO B,9,1.1015322249192256,1384935.0,False,1,1,0.1111111111111111,False,1,0.1111111111111111,False,1,0.1111111111111111,False,1.0,1.0,1.0,1.0,1.0,True,1.0,1.0,1.0,1.0,1.0,1.0,True,1.0,1.0,1.0,1.0,1.0,1.0,True,1.0,9,1,1.0,9,9,1.0,8.170437320306233,12.239246943546952,11.11111111111111,7.898467775080775,0
2018,RJ,PCB,1,1.0,117035.75,False,0,1,1.0,False,1,1.0,False,0,0.0,False,1.0,1.0,1.0,1.0,1.0,True,1.0,0.0,1.0,0.0,0.0,,False,0.0,0.0,1.0,0.0,0.0,,False,0.0,1,0,0.0,1,1,1.0,1.0,100.0,100.0,0.0,0
2018,RJ,PDT,49,4.638521236342301,1169954.31,False,2,5,0.10204081632653061,False,8,0.16326530612244897,True,6,0.12244897959183673,False,5.0,8.0,0.625,1.0,0.625,False,0.9387755102040817,5.0,6.0,0.8333333333333334,1.0,0.8333333333333334,False,0.9795918367346939,6.0,8.0,0.75,0.75,1.0,False,0.9591836734693877,49,2,5.0,49,27,5.0,10.563711472546556,9.466369870086329,10.204081632653061,44.3614787636577,22
2018,RJ,PHS,63,2.261399304501338,228500.0,False,1,2,0.031746031746031744,True,5,0.07936507936507936,False,5,0.07936507936507936,False,2.0,5.0,0.4,1.0,0.4,False,0.9523809523809523,2.0,5.0,0.4,1.0,0.4,False,0.9523809523809523,5.0,5.0,1.0,1.0,1.0,True,1.0,63,1,2.0,63,58,2.0,27.85885706898285,3.589522705557679,3.1746031746031744,60.73860069549866,5
2018,RJ,PMB,37,1.3438322581271303,481569.95999999996,False,0,1,0.02702702702702703,False,1,0.02702702702702703,False,1,0.02702702702702703,False,1.0,1.0,1.0,1.0,1.0,True,1.0,1.0,1.0,1.0,1.0,1.0,True,1.0,1.0,1.0,1.0,1.0,1.0,True,1.0,37,0,0.0,37,19,1.0,27.533198266550095,3.6319790760192707,2.7027027027027026,35.65616774187287,18
2018,RJ,PMN,19,1.091985127166723,679609.8,False,0,1,0.05263157894736842,False,1,0.05263157894736842,False,1,0.05263157894736842,False,1.0,1.0,1.0,1.0,1.0,True,1.0,1.0,1.0,1.0,1.0,1.0,True,1.0,1.0,1.0,1.0,1.0,1.0,True,1.0,19,0,1.0,19,12,1.0,17.399504377223174,5.747290142982752,5.2631578947368425,17.908014872833277,7
2018,RJ,PODE,38,2.0389116662752396,1338449.3999999997,False,0,2,0.05263157894736842,False,2,0.05263157894736842,False,2,0.05263157894736842,False,2.0,2.0,1.0,1.0,1.0,True,1.0,2.0,2.0,1.0,1.0,1.0,True,1.0,2.0,2.0,1.0,1.0,1.0,True,1.0,38,0,1.0,38,31,2.0,18.63739397274617,5.365557016513788,5.2631578947368425,35.96108833372476,7
2018,RJ,PP,13,4.171136596573705,6880119.03,False,2,4,0.3076923076923077,False,4,0.3076923076923077,False,4,0.3076923076923077,False,4.0,4.0,1.0,1.0,1.0,True,1.0,4.0,4.0,1.0,1.0,1.0,True,1.0,4.0,4.0,1.0,1.0,1.0,True,1.0,13,2,3.0,13,12,4.0,3.1166565033325893,32.085666127490036,30.76923076923077,8.828863403426295,1
2018,RJ,PPL,40,9.928007399558112,32778.020000000004,False,0,10,0.25,True,8,0.2,False,11,0.275,False,8.0,10.0,0.8,0.8,1.0,False,0.95,10.0,11.0,0.9090909090909091,1.0,0.9090909090909091,False,0.975,8.0,11.0,0.7272727272727273,1.0,0.7272727272727273,False,0.925,40,0,0.0,40,22,10.0,4.029005860912268,24.82001849889528,25.0,30.071992600441888,18
2018,RJ,PPS,14,5.920870905618585,1049841.1600000001,False,1,6,0.42857142857142855,False,6,0.42857142857142855,False,4,0.2857142857142857,False,6.0,6.0,1.0,1.0,1.0,True,1.0,4.0,6.0,0.6666666666666666,0.6666666666666666,1.0,False,0.8571428571428572,4.0,6.0,0.6666666666666666,0.6666666666666666,1.0,False,0.8571428571428572,14,1,1.0,14,14,6.0,2.364517015007836,42.29193504013275,42.857142857142854,8.079129094381415,0
2018,RJ,PR,26,7.095256148777982,11937126.9,False,2,7,0.2692307692307692,False,6,0.23076923076923078,False,8,0.3076923076923077,False,6.0,7.0,0.8571428571428571,0.8571428571428571,1.0,False,0.9615384615384616,7.0,8.0,0.875,1.0,0.875,False,0.9615384615384616,6.0,8.0,0.75,1.0,0.75,False,0.9230769230769231,26,2,5.0,26,25,7.0,3.6644202062356817,27.28944672606916,26.923076923076923,18.90474385122202,1
2018,RJ,PRB,59,7.923859361084176,6452805.77,False,2,8,0.13559322033898305,False,6,0.1016949152542373,False,9,0.15254237288135594,False,6.0,8.0,0.75,0.75,1.0,False,0.9661016949152542,8.0,9.0,0.8888888888888888,1.0,0.8888888888888888,False,0.9830508474576272,6.0,9.0,0.6666666666666666,1.0,0.6666666666666666,False,0.9491525423728814,59,2,3.0,59,50,8.0,7.445866630314268,13.430270103532502,13.559322033898304,51.076140638915824,9
2018,RJ,PROS,11,2.1306370520676072,3113022.5,False,1,2,0.18181818181818182,False,2,0.18181818181818182,False,2,0.18181818181818182,False,2.0,2.0,1.0,1.0,1.0,True,1.0,2.0,2.0,1.0,1.0,1.0,True,1.0,2.0,2.0,1.0,1.0,1.0,True,1.0,11,1,2.0,11,3,2.0,5.162775137757699,19.369427746069157,18.181818181818183,8.869362947932393,8
2018,RJ,PRP,57,1.6089317884001273,494013.5,False,1,2,0.03508771929824561,False,2,0.03508771929824561,False,2,0.03508771929824561,False,2.0,2.0,1.0,1.0,1.0,True,1.0,2.0,2.0,1.0,1.0,1.0,True,1.0,2.0,2.0,1.0,1.0,1.0,True,1.0,57,1,1.0,57,32,2.0,35.42723216170591,2.8226873480703984,3.508771929824561,55.39106821159987,25
2018,RJ,PRTB,52,4.891752436308803,167788.40000000002,False,0,5,0.09615384615384616,False,18,0.34615384615384615,True,9,0.17307692307692307,False,5.0,18.0,0.2777777777777778,1.0,0.2777777777777778,False,0.75,5.0,9.0,0.5555555555555556,1.0,0.5555555555555556,False,0.9230769230769231,9.0,18.0,0.5,0.5,1.0,False,0.8269230769230769,52,0,1.0,52,39,5.0,10.630137292728152,9.407216223670774,9.615384615384615,47.108247563691194,13
2018,RJ,PSB,15,2.2482055763333606,2064626.3599999999,False,1,2,0.13333333333333333,False,2,0.13333333333333333,False,3,0.2,False,2.0,2.0,1.0,1.0,1.0,True,1.0,2.0,3.0,0.6666666666666666,1.0,0.6666666666666666,False,0.9333333333333333,2.0,3.0,0.6666666666666666,1.0,0.6666666666666666,False,0.9333333333333333,15,1,2.0,15,8,2.0,6.671987721186856,14.988037175555737,13.333333333333334,12.75179442366664,7
2018,RJ,PSC,54,4.079172653888584,962945.4200000002,False,1,4,0.07407407407407407,False,4,0.07407407407407407,False,8,0.14814814814814814,False,4.0,4.0,1.0,1.0,1.0,True,1.0,4.0,8.0,0.5,1.0,0.5,False,0.9259259259259259,4.0,8.0,0.5,1.0,0.5,False,0.9259259259259259,54,1,1.0,54,49,4.0,13.237978526974828,7.554023433127007,7.407407407407407,49.920827346111416,5
2018,RJ,PSD,56,8.655664987166382,6822756.2,False,3,9,0.16071428571428573,False,7,0.125,False,11,0.19642857142857142,False,7.0,9.0,0.7777777777777778,0.7777777777777778,1.0,False,0.9642857142857143,9.0,11.0,0.8181818181818182,1.0,0.8181818181818182,False,0.9642857142857143,7.0,11.0,0.6363636363636364,1.0,0.6363636363636364,False,0.9285714285714286,56,3,7.0,56,17,9.0,6.469751322749935,15.456544619939967,16.071428571428573,47.34433501283362,39
2018,RJ,PSDB,21,2.9399068387520764,1778544.1399999997,False,0,3,0.14285714285714285,False,6,0.2857142857142857,True,3,0.14285714285714285,False,3.0,6.0,0.5,1.0,0.5,False,0.8571428571428572,3.0,3.0,1.0,1.0,1.0,True,1.0,3.0,6.0,0.5,0.5,1.0,False,0.8571428571428572,21,0,2.0,21,20,3.0,7.143083489310166,13.999556375009888,14.285714285714286,18.060093161247924,1
2018,RJ,PSL,63,7.3955752059004185,397512.83,False,12,7,0.1111111111111111,False,11,0.1746031746031746,False,9,0.14285714285714285,False,7.0,11.0,0.6363636363636364,1.0,0.6363636363636364,False,0.9365079365079365,7.0,9.0,0.7777777777777778,1.0,0.7777777777777778,False,0.9682539682539683,9.0,11.0,0.8181818181818182,0.8181818181818182,1.0,False,0.9682539682539683,63,12,1.0,63,43,7.0,8.518607173345577,11.739008263333996,11.11111111111111,55.60442479409958,20
2018,RJ,PSOL,44,7.805872134564798,1608770.47,False,4,8,0.18181818181818182,False,8,0.18181818181818182,False,10,0.22727272727272727,False,8.0,8.0,1.0,1.0,1.0,True,1.0,8.0,10.0,0.8,1.0,0.8,False,0.9545454545454546,8.0,10.0,0.8,1.0,0.8,False,0.9545454545454546,44,4,6.0,44,38,8.0,5.636782058620428,17.740618487647268,18.181818181818183,36.1941278654352,6
2018,RJ,PT,24,7.932708694059975,5951712.0,False,1,8,0.3333333333333333,False,6,0.25,True,8,0.3333333333333333,False,6.0,8.0,0.75,0.75,1.0,False,0.9166666666666666,8.0,8.0,1.0,1.0,1.0,True,1.0,6.0,8.0,0.75,1.0,0.75,False,0.9166666666666666,24,1,4.0,24,23,8.0,3.025448295860308,33.05295289191656,33.333333333333336,16.067291305940024,1
2018,RJ,PTB,14,4.084009562440277,5803485.48,False,0,4,0.2857142857142857,False,4,0.2857142857142857,False,3,0.21428571428571427,False,4.0,4.0,1.0,1.0,1.0,True,1.0,3.0,4.0,0.75,0.75,1.0,False,0.9285714285714286,3.0,4.0,0.75,0.75,1.0,False,0.9285714285714286,14,0,2.0,14,14,4.0,3.4280037267186816,29.171496874573403,28.571428571428573,9.915990437559724,0
2018,RJ,PTC,29,1.4037001676956493,176430.0,False,0,1,0.034482758620689655,False,1,0.034482758620689655,False,2,0.06896551724137931,False,1.0,1.0,1.0,1.0,1.0,True,1.0,1.0,2.0,0.5,1.0,0.5,False,0.9655172413793104,1.0,2.0,0.5,1.0,0.5,False,0.9655172413793104,29,0,1.0,29,11,1.0,20.659682649755005,4.840345405847066,3.4482758620689653,27.59629983230435,18
2018,RJ,PV,14,4.196409703049323,408813.64999999997,False,0,4,0.2857142857142857,False,4,0.2857142857142857,False,3,0.21428571428571427,False,4.0,4.0,1.0,1.0,1.0,True,1.0,3.0,4.0,0.75,0.75,1.0,False,0.9285714285714286,3.0,4.0,0.75,0.75,1.0,False,0.9285714285714286,14,0,0.0,14,13,4.0,3.3361852132376146,29.974355021780877,28.571428571428573,9.803590296950677,1
2018,RJ,REDE,13,1.5358842780990059,192400.0,False,0,2,0.15384615384615385,False,2,0.15384615384615385,False,2,0.15384615384615385,False,2.0,2.0,1.0,1.0,1.0,True,1.0,2.0,2.0,1.0,1.0,1.0,True,1.0,2.0,2.0,1.0,1.0,1.0,True,1.0,13,0,0.0,13,5,2.0,8.46417935607125,11.81449444691543,15.384615384615385,11.464115721900994,8
2018,RJ,SOLIDARIEDADE,29,1.5860568936258064,1733747.24,False,1,2,0.06896551724137931,True,2,0.06896551724137931,True,4,0.13793103448275862,False,2.0,2.0,1.0,1.0,1.0,True,1.0,2.0,4.0,0.5,1.0,0.5,False,0.9310344827586207,2.0,4.0,0.5,1.0,0.5,False,0.9310344827586207,29,1,4.0,29,18,2.0,18.284337791757604,5.469161702157954,6.896551724137931,27.413943106374195,11
2018,RN,AVANTE,2,1.0,350000.0,False,0,1,0.5,False,1,0.5,False,1,0.5,False,1.0,1.0,1.0,1.0,1.0,True,1.0,1.0,1.0,1.0,1.0,1.0,True,1.0,1.0,1.0,1.0,1.0,1.0,True,1.0,2,0,0.0,2,1,1.0,2.0,50.0,50.0,1.0,1
2018,RN,DC,1,1.0,3500.0,False,0,1,1.0,False,1,1.0,False,0,0.0,False,1.0,1.0,1.0,1.0,1.0,True,1.0,0.0,1.0,0.0,0.0,,False,0.0,0.0,1.0,0.0,0.0,,False,0.0,1,0,0.0,1,1,1.0,1.0,100.0,100.0,0.0,0
2018,RN,DEM,1,1.0,1314795.05,False,0,1,1.0,False,1,1.0,False,0,0.0,False,1.0,1.0,1.0,1.0,1.0,True,1.0,0.0,1.0,0.0,0.0,,False,0.0,0.0,1.0,0.0,0.0,,False,0.0,1,0,0.0,1,1,1.0,1.0,100.0,100.0,0.0,0
2018,RN,MDB,4,1.8908809100449355,2258062.5,False,1,2,0.5,False,2,0.5,False,1,0.25,False,2.0,2.0,1.0,1.0,1.0,True,1.0,1.0,2.0,0.5,0.5,1.0,False,0.75,1.0,2.0,0.5,0.5,1.0,False,0.75,4,1,1.0,4,4,2.0,2.115416142154052,47.27202275112339,50.0,2.1091190899550645,0
2018,RN,NOVO,5,4.590233632899758,20495.8,False,0,5,1.0,False,4,0.8,True,2,0.4,False,3.9999999999999996,5.0,0.7999999999999999,0.7999999999999999,0.9999999999999999,False,0.8,2.0,5.0,0.4,0.4,1.0,False,0.4,2.0,3.9999999999999996,0.5000000000000001,0.5,1.0,False,0.6,5,0,0.0,5,5,5.0,1.089269174484564,91.80467265799516,100.0,0.40976636710024206,0
2018,RN,PATRI,11,,0.0,True,0,0,0.0,False,0,0.0,False,0,0.0,False,0.0,0.0,,,,True,1.0,0.0,0.0,,,,True,1.0,0.0,0.0,,,,True,1.0,11,0,0.0,11,0,0.0,,,0.0,,11
2018,RN,PC DO B,6,1.9806334484453312,29460.0,False,0,2,0.3333333333333333,False,2,0.3333333333333333,False,1,0.16666666666666666,False,2.0,2.0,1.0,1.0,1.0,True,1.0,1.0,2.0,0.5,0.5,1.0,False,0.8333333333333334,1.0,2.0,0.5,0.5,1.0,False,0.8333333333333334,6,0,0.0,6,6,2.0,3.0293338753365044,33.01055747408885,33.333333333333336,4.019366551554668,0
2018,RN,PCO,1,1.0,600.0,False,0,1,1.0,False,1,1.0,False,0,0.0,False,1.0,1.0,1.0,1.0,1.0,True,1.0,0.0,1.0,0.0,0.0,,False,0.0,0.0,1.0,0.0,0.0,,False,0.0,1,0,0.0,1,1,1.0,1.0,100.0,100.0,0.0,0
2018,RN,PDT,4,2.989830508474576,420000.0,False,0,3,0.75,False,3,0.75,False,3,0.75,False,3.0,3.0,1.0,1.0,1.0,True,1.0,3.0,3.0,1.0,1.0,1.0,True,1.0,3.0,3.0,1.0,1.0,1.0,True,1.0,4,0,0.0,4,3,3.0,1.3378684807256236,74.7457627118644,75.0,1.0101694915254238,1
2018,RN,PHS,4,3.994075662376826,48350.0,False,0,4,1.0,False,4,1.0,False,2,0.5,False,4.0,4.0,1.0,1.0,1.0,True,1.0,2.0,4.0,0.5,0.5,1.0,False,0.5,2.0,4.0,0.5,0.5,1.0,False,0.5,4,0,0.0,4,4,4.0,1.0014832812705527,99.85189155942065,100.0,0.005924337623174125,0
2018,RN,PMB,2,,0.0,True,0,0,0.0,False,0,0.0,False,0,0.0,False,0.0,0.0,,,,True,1.0,0.0,0.0,,,,True,1.0,0.0,0.0,,,,True,1.0,2,0,0.0,2,0,0.0,,,0.0,,2
2018,RN,PMN,1,1.0,250000.0,False,0,1,1.0,False,1,1.0,False,0,0.0,False,1.0,1.0,1.0,1.0,1.0,True,1.0,0.0,1.0,0.0,0.0,,False,0.0,0.0,1.0,0.0,0.0,,False,0.0,1,0,0.0,1,1,1.0,1.0,100.0,100.0,0.0,0
2018,RN,PODE,3,1.4705882352941173,300000.0,False,0,1,0.3333333333333333,False,1,0.3333333333333333,False,1,0.3333333333333333,False,1.0,1.0,1.0,1.0,1.0,True,1.0,1.0,1.0,1.0,1.0,1.0,True,1.0,1.0,1.0,1.0,1.0,1.0,True,1.0,3,0,0.0,3,2,1.0,2.0400000000000005,49.019607843137244,33.333333333333336,1.5294117647058827,1
2018,RN,PP,3,1.8692905016251284,1867000.0,False,1,2,0.6666666666666666,False,2,0.6666666666666666,False,1,0.3333333333333333,False,2.0,2.0,1.0,1.0,1.0,True,1.0,1.0,2.0,0.5,0.5,1.0,False,0.6666666666666667,1.0,2.0,0.5,0.5,1.0,False,0.6666666666666667,3,1,0.0,3,3,2.0,1.604886986475271,62.309683387504286,66.66666666666667,1.1307094983748716,0
2018,RN,PPL,4,,0.0,True,0,0,0.0,False,0,0.0,False,0,0.0,False,0.0,0.0,,,,True,1.0,0.0,0.0,,,,True,1.0,0.0,0.0,,,,True,1.0,4,0,0.0,4,0,0.0,,,0.0,,4
2018,RN,PPS,1,1.0,100751.05,False,0,1,1.0,False,1,1.0,False,0,0.0,False,1.0,1.0,1.0,1.0,1.0,True,1.0,0.0,1.0,0.0,0.0,,False,0.0,0.0,1.0,0.0,0.0,,False,0.0,1,0,0.0,1,1,1.0,1.0,100.0,100.0,0.0,0
2018,RN,PR,1,1.0,2240000.0,False,1,1,1.0,False,1,1.0,False,0,0.0,False,1.0,1.0,1.0,1.0,1.0,True,1.0,0.0,1.0,0.0,0.0,,False,0.0,0.0,1.0,0.0,0.0,,False,0.0,1,1,1.0,1,1,1.0,1.0,100.0,100.0,0.0,0
2018,RN,PRB,2,1.968169964584057,1185615.6400000001,False,0,2,1.0,False,2,1.0,False,1,0.5,False,2.0,2.0,1.0,1.0,1.0,True,1.0,1.0,2.0,0.5,0.5,1.0,False,0.5,1.0,2.0,0.5,0.5,1.0,False,0.5,2,0,1.0,2,2,2.0,1.0161724017684977,98.40849822920285,100.0,0.03183003541594309,0
2018,RN,PROS,1,1.0,1405000.0,False,0,1,1.0,False,1,1.0,False,0,0.0,False,1.0,1.0,1.0,1.0,1.0,True,1.0,0.0,1.0,0.0,0.0,,False,0.0,0.0,1.0,0.0,0.0,,False,0.0,1,0,0.0,1,1,1.0,1.0,100.0,100.0,0.0,0
2018,RN,PRP,2,,0.0,True,0,0,0.0,False,0,0.0,False,0,0.0,False,0.0,0.0,,,,True,1.0,0.0,0.0,,,,True,1.0,0.0,0.0,,,,True,1.0,2,0,0.0,2,0,0.0,,,0.0,,2
2018,RN,PRTB,11,3.9999761609102125,9613.55,False,0,4,0.36363636363636365,False,4,0.36363636363636365,False,4,0.36363636363636365,False,4.0,4.0,1.0,1.0,1.0,True,1.0,4.0,4.0,1.0,1.0,1.0,True,1.0,4.0,4.0,1.0,1.0,1.0,True,1.0,11,0,0.0,11,4,4.0,2.7500163894719063,36.3634196446383,36.36363636363637,7.0000238390897875,7
2018,RN,PSB,1,1.0,1510000.0,False,1,1,1.0,False,1,1.0,False,0,0.0,False,1.0,1.0,1.0,1.0,1.0,True,1.0,0.0,1.0,0.0,0.0,,False,0.0,0.0,1.0,0.0,0.0,,False,0.0,1,1,0.0,1,1,1.0,1.0,100.0,100.0,0.0,0
2018,RN,PSC,2,1.3676148796498908,750000.0,False,0,1,0.5,False,1,0.5,False,1,0.5,False,1.0,1.0,1.0,1.0,1.0,True,1.0,1.0,1.0,1.0,1.0,1.0,True,1.0,1.0,1.0,1.0,1.0,1.0,True,1.0,2,0,1.0,2,2,1.0,1.4623999999999997,68.38074398249454,50.0,0.6323851203501092,0
2018,RN,PSD,2,1.4401036475981661,1275000.0,False,1,1,0.5,False,1,0.5,False,1,0.5,False,1.0,1.0,1.0,1.0,1.0,True,1.0,1.0,1.0,1.0,1.0,1.0,True,1.0,1.0,1.0,1.0,1.0,1.0,True,1.0,2,1,1.0,2,2,1.0,1.3887889273356402,72.0051823799083,50.0,0.5598963524018339,0
2018,RN,PSDB,1,1.0,200100.0,False,0,1,1.0,False,1,1.0,False,0,0.0,False,1.0,1.0,1.0,1.0,1.0,True,1.0,0.0,1.0,0.0,0.0,,False,0.0,0.0,1.0,0.0,0.0,,False,0.0,1,0,1.0,1,1,1.0,1.0,100.0,100.0,0.0,0
2018,RN,PSL,1,1.0,4000.0,False,1,1,1.0,False,1,1.0,False,0,0.0,False,1.0,1.0,1.0,1.0,1.0,True,1.0,0.0,1.0,0.0,0.0,,False,0.0,0.0,1.0,0.0,0.0,,False,0.0,1,1,0.0,1,1,1.0,1.0,100.0,100.0,0.0,0
2018,RN,PSOL,11,10.991911685472315,44835.4,False,0,11,1.0,False,9,0.8181818181818182,True,2,0.18181818181818182,False,9.0,11.0,0.8181818181818182,0.8181818181818182,1.0,False,0.8181818181818181,2.0,11.0,0.18181818181818182,0.18181818181818182,1.0,False,0.18181818181818177,2.0,9.0,0.2222222222222222,0.2222222222222222,1.0,False,0.36363636363636365,11,0,0.0,11,11,11.0,1.0007358423865773,99.92646986793012,100.0,0.008088314527684659,0
2018,RN,PSTU,1,,0.0,True,0,0,0.0,False,0,0.0,False,0,0.0,False,0.0,0.0,,,,True,1.0,0.0,0.0,,,,True,1.0,0.0,0.0,,,,True,1.0,1,0,0.0,1,0,0.0,,,0.0,,1
2018,RN,PT,6,2.705627634597612,947886.2,False,1,3,0.5,False,2,0.3333333333333333,False,2,0.3333333333333333,False,2.0,3.0,0.6666666666666666,0.6666666666666666,1.0,False,0.8333333333333334,2.0,3.0,0.6666666666666666,0.6666666666666666,1.0,False,0.8333333333333334,2.0,2.0,1.0,1.0,1.0,True,1.0,6,1,2.0,6,6,3.0,2.2176000582180393,45.0937939099602,50.0,3.294372365402388,0
2018,RN,PTB,1,,0.0,True,0,0,0.0,False,0,0.0,False,0,0.0,False,0.0,0.0,,,,True,1.0,0.0,0.0,,,,True,1.0,0.0,0.0,,,,True,1.0,1,0,1.0,1,0,0.0,,,0.0,,1
2018,RN,PTC,2,1.110769230769231,855000.0,False,1,1,0.5,False,1,0.5,False,1,0.5,False,1.0,1.0,1.0,1.0,1.0,True,1.0,1.0,1.0,1.0,1.0,1.0,True,1.0,1.0,1.0,1.0,1.0,1.0,True,1.0,2,1,0.0,2,2,1.0,1.8005540166204983,55.53846153846155,50.0,0.889230769230769,0
2018,RN,PV,1,1.0,336831.73,False,0,1,1.0,False,1,1.0,False,0,0.0,False,1.0,1.0,1.0,1.0,1.0,True,1.0,0.0,1.0,0.0,0.0,,False,0.0,0.0,1.0,0.0,0.0,,False,0.0,1,0,0.0,1,1,1.0,1.0,100.0,100.0,0.0,0
2018,RN,REDE,3,1.0,800.0,False,0,1,0.3333333333333333,False,1,0.3333333333333333,False,1,0.3333333333333333,False,1.0,1.0,1.0,1.0,1.0,True,1.0,1.0,1.0,1.0,1.0,1.0,True,1.0,1.0,1.0,1.0,1.0,1.0,True,1.0,3,0,0.0,3,1,1.0,3.0,33.333333333333336,33.333333333333336,2.0,2
2018,RN,SOLIDARIEDADE,11,7.3473113839238176,119892.04,False,0,7,0.6363636363636364,True,7,0.6363636363636364,True,4,0.36363636363636365,False,7.0,7.0,1.0,1.0,1.0,True,1.0,4.0,7.0,0.5714285714285714,0.5714285714285714,1.0,False,0.7272727272727273,4.0,7.0,0.5714285714285714,0.5714285714285714,1.0,False,0.7272727272727273,11,0,1.0,11,11,7.0,1.4971462927334749,66.7937398538529,63.63636363636363,3.6526886160761824,0
2018,RO,DEM,7,2.96465485761948,452790.0,False,0,3,0.42857142857142855,False,3,0.42857142857142855,False,2,0.2857142857142857,False,3.0,3.0,1.0,1.0,1.0,True,1.0,2.0,3.0,0.6666666666666666,0.6666666666666666,1.0,False,0.8571428571428572,2.0,3.0,0.6666666666666666,0.6666666666666666,1.0,False,0.8571428571428572,7,0,0.0,7,5,3.0,2.3611517482411997,42.35221225170686,42.857142857142854,4.035345142380519,2
2018,RO,MDB,7,2.1104291273800504,4020000.0,False,1,2,0.2857142857142857,False,2,0.2857142857142857,False,2,0.2857142857142857,False,2.0,2.0,1.0,1.0,1.0,True,1.0,2.0,2.0,1.0,1.0,1.0,True,1.0,2.0,2.0,1.0,1.0,1.0,True,1.0,7,1,2.0,7,4,2.0,3.3168609687879016,30.14898753400072,28.571428571428573,4.88957087261995,3
2018,RO,NOVO,3,3.0,3297.4799999999996,False,0,3,1.0,False,3,1.0,False,0,0.0,False,3.0,3.0,1.0,1.0,1.0,True,1.0,0.0,3.0,0.0,0.0,,False,0.0,0.0,3.0,0.0,0.0,,False,0.0,3,0,0.0,3,3,3.0,1.0,100.0,100.0,0.0,0
2018,RO,PATRI,3,,0.0,True,0,0,0.0,False,0,0.0,False,0,0.0,False,0.0,0.0,,,,True,1.0,0.0,0.0,,,,True,1.0,0.0,0.0,,,,True,1.0,3,0,0.0,3,0,0.0,,,0.0,,3
2018,RO,PC DO B,2,1.0,15000.0,False,0,1,0.5,False,1,0.5,False,1,0.5,False,1.0,1.0,1.0,1.0,1.0,True,1.0,1.0,1.0,1.0,1.0,1.0,True,1.0,1.0,1.0,1.0,1.0,1.0,True,1.0,2,0,0.0,2,1,1.0,2.0,50.0,50.0,1.0,1
2018,RO,PDT,3,1.1399762752075921,124000.0,False,1,1,0.3333333333333333,False,1,0.3333333333333333,False,1,0.3333333333333333,False,1.0,1.0,1.0,1.0,1.0,True,1.0,1.0,1.0,1.0,1.0,1.0,True,1.0,1.0,1.0,1.0,1.0,1.0,True,1.0,3,1,0.0,3,3,1.0,2.6316337148803326,37.9992091735864,33.333333333333336,1.8600237247924079,0
2018,RO,PHS,4,2.584954678698613,14311.0,False,0,3,0.75,True,3,0.75,True,1,0.25,False,3.0,3.0,1.0,1.0,1.0,True,1.0,1.0,3.0,0.3333333333333333,0.3333333333333333,1.0,False,0.5,1.0,3.0,0.3333333333333333,0.3333333333333333,1.0,False,0.5,4,0,0.0,4,4,3.0,1.5474159113744257,64.62386696746533,75.0,1.415045321301387,0
2018,RO,PMB,1,,0.0,True,0,0,0.0,False,0,0.0,False,0,0.0,False,0.0,0.0,,,,True,1.0,0.0,0.0,,,,True,1.0,0.0,0.0,,,,True,1.0,1,0,0.0,1,0,0.0,,,0.0,,1
2018,RO,PMN,4,2.194029850746269,210000.0,False,0,2,0.5,False,2,0.5,False,2,0.5,False,2.0,2.0,1.0,1.0,1.0,True,1.0,2.0,2.0,1.0,1.0,1.0,True,1.0,2.0,2.0,1.0,1.0,1.0,True,1.0,4,0,0.0,4,3,2.0,1.82312925170068,54.85074626865673,50.0,1.805970149253731,1
2018,RO,PODE,1,1.0,623000.0,False,1,1,1.0,False,1,1.0,False,0,0.0,False,1.0,1.0,1.0,1.0,1.0,True,1.0,0.0,1.0,0.0,0.0,,False,0.0,0.0,1.0,0.0,0.0,,False,0.0,1,1,0.0,1,1,1.0,1.0,100.0,100.0,0.0,0
2018,RO,PP,4,1.2787256995662801,2410000.0,False,1,1,0.25,False,1,0.25,False,1,0.25,False,1.0,1.0,1.0,1.0,1.0,True,1.0,1.0,1.0,1.0,1.0,1.0,True,1.0,1.0,1.0,1.0,1.0,1.0,True,1.0,4,1,0.0,4,2,1.0,3.128114185361822,31.968142489157003,25.0,2.72127430043372,2
2018,RO,PPS,2,1.0860351988493182,121016.01,False,0,1,0.5,False,1,0.5,False,1,0.5,False,1.0,1.0,1.0,1.0,1.0,True,1.0,1.0,1.0,1.0,1.0,1.0,True,1.0,1.0,1.0,1.0,1.0,1.0,True,1.0,2,0,0.0,2,2,1.0,1.8415609384659453,54.30175994246591,50.0,0.9139648011506818,0
2018,RO,PR,2,1.1803278688524592,2400000.0,False,0,1,0.5,False,1,0.5,False,1,0.5,False,1.0,1.0,1.0,1.0,1.0,True,1.0,1.0,1.0,1.0,1.0,1.0,True,1.0,1.0,1.0,1.0,1.0,1.0,True,1.0,2,0,1.0,2,2,1.0,1.6944444444444442,59.01639344262296,50.0,0.8196721311475408,0
2018,RO,PRB,1,1.0,965994.69,False,0,1,1.0,False,1,1.0,False,0,0.0,False,1.0,1.0,1.0,1.0,1.0,True,1.0,0.0,1.0,0.0,0.0,,False,0.0,0.0,1.0,0.0,0.0,,False,0.0,1,0,1.0,1,1,1.0,1.0,100.0,100.0,0.0,0
2018,RO,PROS,4,1.0,833580.0,False,0,1,0.25,False,1,0.25,False,1,0.25,False,1.0,1.0,1.0,1.0,1.0,True,1.0,1.0,1.0,1.0,1.0,1.0,True,1.0,1.0,1.0,1.0,1.0,1.0,True,1.0,4,0,1.0,4,1,1.0,4.0,25.0,25.0,3.0,3
2018,RO,PRP,3,1.7608937232804716,36700.0,False,0,2,0.6666666666666666,False,2,0.6666666666666666,False,1,0.3333333333333333,False,2.0,2.0,1.0,1.0,1.0,True,1.0,1.0,2.0,0.5,0.5,1.0,False,0.6666666666666667,1.0,2.0,0.5,0.5,1.0,False,0.6666666666666667,3,0,0.0,3,3,2.0,1.7036803302422618,58.69645744268238,66.66666666666667,1.2391062767195284,0
2018,RO,PRTB,2,,0.0,True,0,0,0.0,False,0,0.0,False,0,0.0,False,0.0,0.0,,,,True,1.0,0.0,0.0,,,,True,1.0,0.0,0.0,,,,True,1.0,2,0,0.0,2,0,0.0,,,0.0,,2
2018,RO,PSB,1,1.0,500000.0,False,1,1,1.0,False,1,1.0,False,0,0.0,False,1.0,1.0,1.0,1.0,1.0,True,1.0,0.0,1.0,0.0,0.0,,False,0.0,0.0,1.0,0.0,0.0,,False,0.0,1,1,1.0,1,1,1.0,1.0,100.0,100.0,0.0,0
2018,RO,PSC,1,1.0,467000.0,False,0,1,1.0,False,1,1.0,False,0,0.0,False,1.0,1.0,1.0,1.0,1.0,True,1.0,0.0,1.0,0.0,0.0,,False,0.0,0.0,1.0,0.0,0.0,,False,0.0,1,0,1.0,1,1,1.0,1.0,100.0,100.0,0.0,0
2018,RO,PSD,2,1.31489673700472,718973.05,False,1,1,0.5,False,1,0.5,False,1,0.5,False,1.0,1.0,1.0,1.0,1.0,True,1.0,1.0,1.0,1.0,1.0,1.0,True,1.0,1.0,1.0,1.0,1.0,1.0,True,1.0,2,1,1.0,2,2,1.0,1.5210319895963214,65.744836850236,50.0,0.68510326299528,0
2018,RO,PSDB,2,1.0,2300000.0,False,1,1,0.5,False,1,0.5,False,1,0.5,False,1.0,1.0,1.0,1.0,1.0,True,1.0,1.0,1.0,1.0,1.0,1.0,True,1.0,1.0,1.0,1.0,1.0,1.0,True,1.0,2,1,1.0,2,1,1.0,2.0,50.0,50.0,1.0,1
2018,RO,PSL,11,,0.0,True,1,0,0.0,False,0,0.0,False,0,0.0,False,0.0,0.0,,,,True,1.0,0.0,0.0,,,,True,1.0,0.0,0.0,,,,True,1.0,11,1,0.0,11,0,0.0,,,0.0,,11
2018,RO,PSOL,3,1.4636467139571703,21775.16,False,0,1,0.3333333333333333,False,1,0.3333333333333333,False,1,0.3333333333333333,False,1.0,1.0,1.0,1.0,1.0,True,1.0,1.0,1.0,1.0,1.0,1.0,True,1.0,1.0,1.0,1.0,1.0,1.0,True,1.0,3,0,0.0,3,3,1.0,2.0496749464145534,48.788223798572346,33.333333333333336,1.5363532860428297,0
2018,RO,PSTU,1,,0.0,True,0,0,0.0,False,0,0.0,False,0,0.0,False,0.0,0.0,,,,True,1.0,0.0,0.0,,,,True,1.0,0.0,0.0,,,,True,1.0,1,0,0.0,1,0,0.0,,,0.0,,1
2018,RO,PT,4,1.8927867560110367,98000.0,False,0,2,0.5,True,2,0.5,True,1,0.25,False,2.0,2.0,1.0,1.0,1.0,True,1.0,1.0,2.0,0.5,0.5,1.0,False,0.75,1.0,2.0,0.5,0.5,1.0,False,0.75,4,0,0.0,4,3,2.0,2.113286130778842,47.31966890027592,50.0,2.107213243988963,1
2018,RO,PTB,1,1.0,1644951.0,False,0,1,1.0,False,1,1.0,False,0,0.0,False,1.0,1.0,1.0,1.0,1.0,True,1.0,0.0,1.0,0.0,0.0,,False,0.0,0.0,1.0,0.0,0.0,,False,0.0,1,0,0.0,1,1,1.0,1.0,100.0,100.0,0.0,0
2018,RO,PTC,1,1.0,270000.0,False,0,1,1.0,False,1,1.0,False,0,0.0,False,1.0,1.0,1.0,1.0,1.0,True,1.0,0.0,1.0,0.0,0.0,,False,0.0,0.0,1.0,0.0,0.0,,False,0.0,1,0,0.0,1,1,1.0,1.0,100.0,100.0,0.0,0
2018,RO,PV,5,2.572942371631164,206010.12,False,0,3,0.6,False,3,0.6,False,1,0.2,False,3.0,3.0,1.0,1.0,1.0,True,1.0,1.0,3.0,0.3333333333333333,0.3333333333333333,1.0,False,0.6,1.0,3.0,0.3333333333333333,0.3333333333333333,1.0,False,0.6,5,0,1.0,5,5,3.0,1.943300423332124,51.45884743262328,60.0,2.427057628368836,0
2018,RO,REDE,6,,0.0,True,0,0,0.0,False,0,0.0,False,0,0.0,False,0.0,0.0,,,,True,1.0,0.0,0.0,,,,True,1.0,0.0,0.0,,,,True,1.0,6,0,0.0,6,0,0.0,,,0.0,,6
2018,RO,SOLIDARIEDADE,1,1.0,660000.0,False,0,1,1.0,False,1,1.0,False,0,0.0,False,1.0,1.0,1.0,1.0,1.0,True,1.0,0.0,1.0,0.0,0.0,,False,0.0,0.0,1.0,0.0,0.0,,False,0.0,1,0,1.0,1,1,1.0,1.0,100.0,100.0,0.0,0
2018,RR,AVANTE,6,1.0,20000.0,False,0,1,0.16666666666666666,False,1,0.16666666666666666,False,1,0.16666666666666666,False,1.0,1.0,1.0,1.0,1.0,True,1.0,1.0,1.0,1.0,1.0,1.0,True,1.0,1.0,1.0,1.0,1.0,1.0,True,1.0,6,0,0.0,6,1,1.0,6.0,16.666666666666668,16.666666666666668,5.0,5
2018,RR,DC,3,1.7991655203698333,110228.56,False,0,2,0.6666666666666666,False,2,0.6666666666666666,False,1,0.3333333333333333,False,2.0,2.0,1.0,1.0,1.0,True,1.0,1.0,2.0,0.5,0.5,1.0,False,0.6666666666666667,1.0,2.0,0.5,0.5,1.0,False,0.6666666666666667,3,0,0.0,3,3,2.0,1.6674396913649863,59.97218401232778,66.66666666666667,1.2008344796301667,0
2018,RR,DEM,5,1.2365930599369086,280000.0,False,0,1,0.2,False,1,0.2,False,1,0.2,False,1.0,1.0,1.0,1.0,1.0,True,1.0,1.0,1.0,1.0,1.0,1.0,True,1.0,1.0,1.0,1.0,1.0,1.0,True,1.0,5,0,0.0,5,2,1.0,4.043367346938775,24.731861198738173,20.0,3.763406940063091,3
2018,RR,MDB,3,1.3756763555156821,2912160.0,False,0,1,0.3333333333333333,False,1,0.3333333333333333,False,1,0.3333333333333333,False,1.0,1.0,1.0,1.0,1.0,True,1.0,1.0,1.0,1.0,1.0,1.0,True,1.0,1.0,1.0,1.0,1.0,1.0,True,1.0,3,0,2.0,3,3,1.0,2.180745484191613,45.8558785171894,33.333333333333336,1.6243236444843179,0
2018,RR,PATRI,9,3.116253291582701,218029.0,False,0,3,0.3333333333333333,False,4,0.4444444444444444,False,3,0.3333333333333333,False,3.0,4.0,0.75,1.0,0.75,False,0.8888888888888888,3.0,3.0,1.0,1.0,1.0,True,1.0,3.0,4.0,0.75,0.75,1.0,False,0.8888888888888888,9,0,1.0,9,8,3.0,2.8880835920205405,34.625036573141124,33.333333333333336,5.8837467084172985,1
2018,RR,PC DO B,4,1.0,25000.0,False,0,1,0.25,False,1,0.25,False,1,0.25,False,1.0,1.0,1.0,1.0,1.0,True,1.0,1.0,1.0,1.0,1.0,1.0,True,1.0,1.0,1.0,1.0,1.0,1.0,True,1.0,4,0,1.0,4,1,1.0,4.0,25.0,25.0,3.0,3
2018,RR,PCB,1,1.0,97296.76,False,0,1,1.0,False,1,1.0,False,0,0.0,False,1.0,1.0,1.0,1.0,1.0,True,1.0,0.0,1.0,0.0,0.0,,False,0.0,0.0,1.0,0.0,0.0,,False,0.0,1,0,0.0,1,1,1.0,1.0,100.0,100.0,0.0,0
2018,RR,PDT,3,2.0,20000.0,False,0,2,0.6666666666666666,False,2,0.6666666666666666,False,2,0.6666666666666666,False,2.0,2.0,1.0,1.0,1.0,True,1.0,2.0,2.0,1.0,1.0,1.0,True,1.0,2.0,2.0,1.0,1.0,1.0,True,1.0,3,0,0.0,3,2,2.0,1.5,66.66666666666667,66.66666666666667,1.0,1
2018,RR,PHS,7,1.3817776916774414,339592.06999999995,False,0,1,0.14285714285714285,False,1,0.14285714285714285,False,1,0.14285714285714285,False,1.0,1.0,1.0,1.0,1.0,True,1.0,1.0,1.0,1.0,1.0,1.0,True,1.0,1.0,1.0,1.0,1.0,1.0,True,1.0,7,0,1.0,7,7,1.0,5.06593791617969,19.739681309677735,14.285714285714286,5.618222308322559,0
2018,RR,PMB,2,1.0544343247904626,21120.0,False,0,1,0.5,False,1,0.5,False,1,0.5,False,1.0,1.0,1.0,1.0,1.0,True,1.0,1.0,1.0,1.0,1.0,1.0,True,1.0,1.0,1.0,1.0,1.0,1.0,True,1.0,2,0,1.0,2,2,1.0,1.8967516069788797,52.72171623952313,50.0,0.9455656752095374,0
2018,RR,PODE,6,5.033797201757972,26487.86,False,0,5,0.8333333333333334,False,4,0.6666666666666666,False,2,0.3333333333333333,False,4.0,5.0,0.8,0.8,1.0,False,0.8333333333333334,2.0,5.0,0.4,0.4,1.0,False,0.5,2.0,4.0,0.5,0.5,1.0,False,0.6666666666666667,6,0,0.0,6,6,5.0,1.1919431315001323,83.89662002929954,83.33333333333333,0.966202798242028,0
2018,RR,PP,3,1.0125314097909248,1737097.2,False,1,1,0.3333333333333333,False,1,0.3333333333333333,False,1,0.3333333333333333,False,1.0,1.0,1.0,1.0,1.0,True,1.0,1.0,1.0,1.0,1.0,1.0,True,1.0,1.0,1.0,1.0,1.0,1.0,True,1.0,3,1,2.0,3,3,1.0,2.9628710487306886,33.751046993030826,33.333333333333336,1.9874685902090752,0
2018,RR,PPL,1,1.0,1198.5,False,0,1,1.0,False,1,1.0,False,0,0.0,False,1.0,1.0,1.0,1.0,1.0,True,1.0,0.0,1.0,0.0,0.0,,False,0.0,0.0,1.0,0.0,0.0,,False,0.0,1,0,0.0,1,1,1.0,1.0,100.0,100.0,0.0,0
2018,RR,PPS,4,2.6172041159798067,147916.72,False,0,3,0.75,False,2,0.5,False,2,0.5,False,2.0,3.0,0.6666666666666666,0.6666666666666666,1.0,False,0.75,2.0,3.0,0.6666666666666666,0.6666666666666666,1.0,False,0.75,2.0,2.0,1.0,1.0,1.0,True,1.0,4,0,0.0,4,4,3.0,1.5283485057880226,65.43010289949517,75.0,1.3827958840201933,0
2018,RR,PR,6,3.0586805949812645,3670000.0,False,1,3,0.5,True,3,0.5,True,2,0.3333333333333333,False,3.0,3.0,1.0,1.0,1.0,True,1.0,2.0,3.0,0.6666666666666666,0.6666666666666666,1.0,False,0.8333333333333334,2.0,3.0,0.6666666666666666,0.6666666666666666,1.0,False,0.8333333333333334,6,1,1.0,6,6,3.0,1.9616301256969761,50.97800991635441,50.0,2.9413194050187355,0
2018,RR,PRB,2,1.0959382998912381,970040.0,False,1,1,0.5,False,1,0.5,False,1,0.5,False,1.0,1.0,1.0,1.0,1.0,True,1.0,1.0,1.0,1.0,1.0,1.0,True,1.0,1.0,1.0,1.0,1.0,1.0,True,1.0,2,1,1.0,2,2,1.0,1.8249202534471893,54.79691499456191,50.0,0.9040617001087619,0
2018,RR,PROS,6,1.0,20000.0,False,0,1,0.16666666666666666,False,1,0.16666666666666666,False,1,0.16666666666666666,False,1.0,1.0,1.0,1.0,1.0,True,1.0,1.0,1.0,1.0,1.0,1.0,True,1.0,1.0,1.0,1.0,1.0,1.0,True,1.0,6,0,0.0,6,1,1.0,6.0,16.666666666666668,16.666666666666668,5.0,5
2018,RR,PRP,4,3.578584104827955,19309.98,False,0,4,1.0,False,3,0.75,False,2,0.5,False,3.0,4.0,0.75,0.75,1.0,False,0.75,2.0,4.0,0.5,0.5,1.0,False,0.5,2.0,3.0,0.6666666666666666,0.6666666666666666,1.0,False,0.75,4,0,0.0,4,4,4.0,1.1177605116513827,89.46460262069887,100.0,0.42141589517204503,0
2018,RR,PRTB,4,3.2346413530316194,7620.0,False,0,3,0.75,False,3,0.75,False,3,0.75,False,3.0,3.0,1.0,1.0,1.0,True,1.0,3.0,3.0,1.0,1.0,1.0,True,1.0,3.0,3.0,1.0,1.0,1.0,True,1.0,4,0,1.0,4,4,3.0,1.2366131398929465,80.86603382579048,75.0,0.7653586469683806,0
2018,RR,PSB,5,2.087280553166364,91468.57,False,0,2,0.4,False,2,0.4,False,1,0.2,False,2.0,2.0,1.0,1.0,1.0,True,1.0,1.0,2.0,0.5,0.5,1.0,False,0.8,1.0,2.0,0.5,0.5,1.0,False,0.8,5,0,1.0,5,5,2.0,2.395461401877719,41.74561106332728,40.0,2.912719446833636,0
2018,RR,PSC,2,1.1546698602057595,700960.0,False,0,1,0.5,False,1,0.5,False,1,0.5,False,1.0,1.0,1.0,1.0,1.0,True,1.0,1.0,1.0,1.0,1.0,1.0,True,1.0,1.0,1.0,1.0,1.0,1.0,True,1.0,2,0,1.0,2,2,1.0,1.732096826051738,57.73349301028797,50.0,0.8453301397942405,0
2018,RR,PSD,4,1.3074893274413386,140870.0,False,1,1,0.25,False,1,0.25,False,1,0.25,False,1.0,1.0,1.0,1.0,1.0,True,1.0,1.0,1.0,1.0,1.0,1.0,True,1.0,1.0,1.0,1.0,1.0,1.0,True,1.0,4,1,0.0,4,3,1.0,3.05929839429566,32.68723318603347,25.0,2.6925106725586616,1
2018,RR,PSDB,5,1.2106458639757218,2550000.0,False,1,1,0.2,False,1,0.2,False,1,0.2,False,1.0,1.0,1.0,1.0,1.0,True,1.0,1.0,1.0,1.0,1.0,1.0,True,1.0,1.0,1.0,1.0,1.0,1.0,True,1.0,5,1,2.0,5,4,1.0,4.130026912725875,24.212917279514436,20.0,3.7893541360242784,1
2018,RR,PSL,9,4.481481481481482,110000.0,False,1,4,0.4444444444444444,False,4,0.4444444444444444,False,4,0.4444444444444444,False,4.0,4.0,1.0,1.0,1.0,True,1.0,4.0,4.0,1.0,1.0,1.0,True,1.0,4.0,4.0,1.0,1.0,1.0,True,1.0,9,1,0.0,9,5,4.0,2.008264462809917,49.79423868312758,44.44444444444444,4.518518518518518,4
2018,RR,PSOL,4,3.7911242050831735,36419.81,False,0,4,1.0,False,3,0.75,False,2,0.5,False,3.0,4.0,0.75,0.75,1.0,False,0.75,2.0,4.0,0.5,0.5,1.0,False,0.5,2.0,3.0,0.6666666666666666,0.6666666666666666,1.0,False,0.75,4,0,0.0,4,4,4.0,1.0550960041448296,94.77810512707934,100.0,0.2088757949168265,0
2018,RR,PSTU,1,1.0,888.8899999999999,False,0,1,1.0,False,1,1.0,False,0,0.0,False,1.0,1.0,1.0,1.0,1.0,True,1.0,0.0,1.0,0.0,0.0,,False,0.0,0.0,1.0,0.0,0.0,,False,0.0,1,0,0.0,1,1,1.0,1.0,100.0,100.0,0.0,0
2018,RR,PT,2,1.1115584850968787,389900.41,False,0,1,0.5,False,1,0.5,False,1,0.5,False,1.0,1.0,1.0,1.0,1.0,True,1.0,1.0,1.0,1.0,1.0,1.0,True,1.0,1.0,1.0,1.0,1.0,1.0,True,1.0,2,0,0.0,2,2,1.0,1.799275545834809,55.577924254843936,50.0,0.8884415149031213,0
2018,RR,PTB,4,1.0314251582566771,107200.0,False,0,1,0.25,False,1,0.25,False,1,0.25,False,1.0,1.0,1.0,1.0,1.0,True,1.0,1.0,1.0,1.0,1.0,1.0,True,1.0,1.0,1.0,1.0,1.0,1.0,True,1.0,4,0,1.0,4,4,1.0,3.878129176876809,25.78562895641693,25.0,2.968574841743323,0
2018,RR,PTC,2,1.0127180866255365,303840.0,False,0,1,0.5,False,1,0.5,False,1,0.5,False,1.0,1.0,1.0,1.0,1.0,True,1.0,1.0,1.0,1.0,1.0,1.0,True,1.0,1.0,1.0,1.0,1.0,1.0,True,1.0,2,0,0.0,2,2,1.0,1.9748832635784865,50.635904331276826,50.0,0.9872819133744635,0
2018,RR,PV,6,1.6949807699777588,108309.5,False,0,2,0.3333333333333333,False,2,0.3333333333333333,False,1,0.16666666666666666,False,2.0,2.0,1.0,1.0,1.0,True,1.0,1.0,2.0,0.5,0.5,1.0,False,0.8333333333333334,1.0,2.0,0.5,0.5,1.0,False,0.8333333333333334,6,0,0.0,6,6,2.0,3.5398631691135534,28.249679499629313,33.333333333333336,4.305019230022241,0
2018,RR,REDE,4,1.2882604560123265,171100.0,False,1,1,0.25,False,1,0.25,False,1,0.25,False,1.0,1.0,1.0,1.0,1.0,True,1.0,1.0,1.0,1.0,1.0,1.0,True,1.0,1.0,1.0,1.0,1.0,1.0,True,1.0,4,1,0.0,4,3,1.0,3.104962184728991,32.206511400308166,25.0,2.7117395439876733,1
2018,RR,SOLIDARIEDADE,6,4.071120872226915,473476.56000000006,False,1,4,0.6666666666666666,False,3,0.5,False,3,0.5,False,3.0,4.0,0.75,0.75,1.0,False,0.8333333333333334,3.0,4.0,0.75,0.75,1.0,False,0.8333333333333334,3.0,3.0,1.0,1.0,1.0,True,1.0,6,1,4.0,6,6,4.0,1.473795592985669,67.85201453711525,66.66666666666667,1.9288791277730848,0
2018,RS,AVANTE,5,1.601956595832746,273150.5,False,0,2,0.4,False,2,0.4,False,1,0.2,False,2.0,2.0,1.0,1.0,1.0,True,1.0,1.0,2.0,0.5,0.5,1.0,False,0.8,1.0,2.0,0.5,0.5,1.0,False,0.8,5,0,0.0,5,4,2.0,3.1211831912342465,32.03913191665492,40.0,3.398043404167254,1
2018,RS,DC,2,1.8783426132568504,16346.0,False,0,2,1.0,False,2,1.0,False,1,0.5,False,2.0,2.0,1.0,1.0,1.0,True,1.0,1.0,2.0,0.5,0.5,1.0,False,0.5,1.0,2.0,0.5,0.5,1.0,False,0.5,2,0,0.0,2,2,2.0,1.0647684750825135,93.91713066284252,100.0,0.12165738674314963,0
2018,RS,DEM,8,1.1980198019801982,1100000.0,False,1,1,0.125,False,1,0.125,False,1,0.125,False,1.0,1.0,1.0,1.0,1.0,True,1.0,1.0,1.0,1.0,1.0,1.0,True,1.0,1.0,1.0,1.0,1.0,1.0,True,1.0,8,1,1.0,8,2,1.0,6.677685950413222,14.975247524752477,12.5,6.801980198019802,6
2018,RS,MDB,25,10.106729122706541,12794450.0,False,4,10,0.4,True,7,0.28,False,7,0.28,False,7.0,10.0,0.7,0.7,1.0,False,0.88,7.0,10.0,0.7,0.7,1.0,False,0.88,7.0,7.0,1.0,1.0,1.0,True,1.0,25,4,7.0,25,25,10.0,2.473599489654186,40.426916490826166,40.0,14.893270877293459,0
2018,RS,NOVO,18,10.023453555310468,120818.97,False,1,10,0.5555555555555556,False,9,0.5,False,7,0.3888888888888889,False,9.0,10.0,0.9,0.9,1.0,False,0.9444444444444444,7.0,10.0,0.7,0.7,1.0,False,0.8333333333333334,7.0,9.0,0.7777777777777778,0.7777777777777778,1.0,False,0.8888888888888888,18,1,1.0,18,18,10.0,1.7957882381231292,55.685853085058156,55.55555555555556,7.976546444689532,0
2018,RS,PATRI,5,2.088543815527472,86530.84,False,0,2,0.4,False,2,0.4,False,2,0.4,False,2.0,2.0,1.0,1.0,1.0,True,1.0,2.0,2.0,1.0,1.0,1.0,True,1.0,2.0,2.0,1.0,1.0,1.0,True,1.0,5,0,0.0,5,5,2.0,2.39401249943958,41.77087631054944,40.0,2.911456184472528,0
2018,RS,PC DO B,26,3.8478426648946997,908926.75,False,0,4,0.15384615384615385,False,4,0.15384615384615385,False,6,0.23076923076923078,False,4.0,4.0,1.0,1.0,1.0,True,1.0,4.0,6.0,0.6666666666666666,1.0,0.6666666666666666,False,0.9230769230769231,4.0,6.0,0.6666666666666666,1.0,0.6666666666666666,False,0.9230769230769231,26,0,1.0,26,24,4.0,6.757033034954281,14.799394864979615,15.384615384615385,22.1521573351053,2
2018,RS,PCB,1,1.0,9036.88,False,0,1,1.0,False,1,1.0,False,0,0.0,False,1.0,1.0,1.0,1.0,1.0,True,1.0,0.0,1.0,0.0,0.0,,False,0.0,0.0,1.0,0.0,0.0,,False,0.0,1,0,0.0,1,1,1.0,1.0,100.0,100.0,0.0,0
2018,RS,PDT,23,3.9898483666219384,1551220.0,False,3,4,0.17391304347826086,False,4,0.17391304347826086,False,6,0.2608695652173913,False,4.0,4.0,1.0,1.0,1.0,True,1.0,4.0,6.0,0.6666666666666666,1.0,0.6666666666666666,False,0.9130434782608696,4.0,6.0,0.6666666666666666,1.0,0.6666666666666666,False,0.9130434782608696,23,3,7.0,23,12,4.0,5.7646301028410445,17.347166811399735,17.391304347826086,19.01015163337806,11
2018,RS,PHS,3,2.8543844534888057,11031.419999999998,False,0,3,1.0,False,3,1.0,False,1,0.3333333333333333,False,3.0,3.0,1.0,1.0,1.0,True,1.0,1.0,3.0,0.3333333333333333,0.3333333333333333,1.0,False,0.33333333333333337,1.0,3.0,0.3333333333333333,0.3333333333333333,1.0,False,0.33333333333333337,3,0,0.0,3,3,3.0,1.051014692969342,95.14614844962686,100.0,0.14561554651119435,0
2018,RS,PMB,12,1.0307619498343588,19800.0,False,0,1,0.08333333333333333,False,1,0.08333333333333333,False,1,0.08333333333333333,False,1.0,1.0,1.0,1.0,1.0,True,1.0,1.0,1.0,1.0,1.0,1.0,True,1.0,1.0,1.0,1.0,1.0,1.0,True,1.0,12,0,0.0,12,2,1.0,11.641873278236915,8.589682915286323,8.333333333333334,10.969238050165641,10
2018,RS,PMN,3,1.0024228672565225,210509.41999999998,False,0,1,0.3333333333333333,False,1,0.3333333333333333,False,1,0.3333333333333333,False,1.0,1.0,1.0,1.0,1.0,True,1.0,1.0,1.0,1.0,1.0,1.0,True,1.0,1.0,1.0,1.0,1.0,1.0,True,1.0,3,0,0.0,3,2,1.0,2.992748966522022,33.41409557521742,33.333333333333336,1.9975771327434775,1
2018,RS,PODE,1,1.0,600000.0,False,0,1,1.0,False,1,1.0,False,0,0.0,False,1.0,1.0,1.0,1.0,1.0,True,1.0,0.0,1.0,0.0,0.0,,False,0.0,0.0,1.0,0.0,0.0,,False,0.0,1,0,1.0,1,1,1.0,1.0,100.0,100.0,0.0,0
2018,RS,PP,18,6.564267901109525,10071129.69,False,4,7,0.3888888888888889,False,5,0.2777777777777778,False,6,0.3333333333333333,False,5.0,7.0,0.7142857142857143,0.7142857142857143,1.0,False,0.8888888888888888,6.0,7.0,0.8571428571428571,0.8571428571428571,1.0,False,0.9444444444444444,5.0,6.0,0.8333333333333334,1.0,0.8333333333333334,False,0.9444444444444444,18,4,5.0,18,17,7.0,2.742118431357372,36.46815500616403,38.888888888888886,11.435732098890476,1
2018,RS,PPL,22,10.040710853676583,42562.590000000004,False,0,10,0.45454545454545453,False,9,0.4090909090909091,False,7,0.3181818181818182,False,9.0,10.0,0.9,0.9,1.0,False,0.9545454545454546,7.0,10.0,0.7,0.7,1.0,False,0.8636363636363636,7.0,9.0,0.7777777777777778,0.7777777777777778,1.0,False,0.9090909090909091,22,0,1.0,22,22,10.0,2.1910799265715646,45.63959478943901,45.45454545454545,11.959289146323417,0
2018,RS,PPS,30,10.932621249765607,580313.5199999999,False,0,11,0.36666666666666664,False,11,0.36666666666666664,False,10,0.3333333333333333,False,11.0,11.0,1.0,1.0,1.0,True,1.0,10.0,11.0,0.9090909090909091,0.9090909090909091,1.0,False,0.9666666666666667,10.0,11.0,0.9090909090909091,0.9090909090909091,1.0,False,0.9666666666666667,30,0,0.0,30,30,11.0,2.7440811599179105,36.44207083255203,36.666666666666664,19.067378750234393,0
2018,RS,PR,7,1.286431747077227,2500000.0,False,1,1,0.14285714285714285,False,1,0.14285714285714285,False,1,0.14285714285714285,False,1.0,1.0,1.0,1.0,1.0,True,1.0,1.0,1.0,1.0,1.0,1.0,True,1.0,1.0,1.0,1.0,1.0,1.0,True,1.0,7,1,2.0,7,7,1.0,5.441408,18.377596386817533,14.285714285714286,5.713568252922773,0
2018,RS,PRB,7,1.622505709176685,1146816.72,False,1,2,0.2857142857142857,False,2,0.2857142857142857,False,1,0.14285714285714285,False,2.0,2.0,1.0,1.0,1.0,True,1.0,1.0,2.0,0.5,0.5,1.0,False,0.8571428571428572,1.0,2.0,0.5,0.5,1.0,False,0.8571428571428572,7,1,2.0,7,7,2.0,4.314314557051414,23.17865298823836,28.571428571428573,5.377494290823315,0
2018,RS,PROS,9,1.0,239650.0,False,0,1,0.1111111111111111,False,1,0.1111111111111111,False,1,0.1111111111111111,False,1.0,1.0,1.0,1.0,1.0,True,1.0,1.0,1.0,1.0,1.0,1.0,True,1.0,1.0,1.0,1.0,1.0,1.0,True,1.0,9,0,0.0,9,1,1.0,9.0,11.11111111111111,11.11111111111111,8.0,8
2018,RS,PRP,8,3.2176639435487426,65788.57,False,0,3,0.375,False,4,0.5,False,2,0.25,False,3.0,4.0,0.75,1.0,0.75,False,0.875,2.0,3.0,0.6666666666666666,0.6666666666666666,1.0,False,0.875,2.0,4.0,0.5,0.5,1.0,False,0.75,8,0,0.0,8,8,3.0,2.4862758014365065,40.22079929435928,37.5,4.782336056451257,0
2018,RS,PSB,29,7.159161143235069,5934790.0,False,2,7,0.2413793103448276,False,6,0.20689655172413793,False,7,0.2413793103448276,False,6.0,7.0,0.8571428571428571,0.8571428571428571,1.0,False,0.9655172413793104,7.0,7.0,1.0,1.0,1.0,True,1.0,6.0,7.0,0.8571428571428571,1.0,0.8571428571428571,False,0.9655172413793104,29,2,3.0,29,29,7.0,4.050753910938724,24.686762562879547,24.137931034482758,21.840838856764933,0
2018,RS,PSC,9,1.0119166825542951,301782.97000000003,False,0,1,0.1111111111111111,False,1,0.1111111111111111,False,1,0.1111111111111111,False,1.0,1.0,1.0,1.0,1.0,True,1.0,1.0,1.0,1.0,1.0,1.0,True,1.0,1.0,1.0,1.0,1.0,1.0,True,1.0,9,0,0.0,9,8,1.0,8.894012871970908,11.243518695047722,11.11111111111111,7.988083317445705,1
2018,RS,PSD,17,2.5051849047045445,1694492.45,False,1,3,0.17647058823529413,False,5,0.29411764705882354,True,2,0.11764705882352941,False,3.0,4.999999999999999,0.6000000000000001,1.0,0.6,False,0.8823529411764706,2.0,3.0,0.6666666666666666,0.6666666666666666,1.0,False,0.9411764705882353,2.0,4.999999999999999,0.4000000000000001,0.4,1.0,False,0.8235294117647058,17,1,1.0,17,16,3.0,6.78592624762959,14.736381792379674,17.647058823529413,14.494815095295456,1
2018,RS,PSDB,7,2.2149821518125887,3548761.07,False,2,2,0.2857142857142857,False,2,0.2857142857142857,False,2,0.2857142857142857,False,2.0,2.0,1.0,1.0,1.0,True,1.0,2.0,2.0,1.0,1.0,1.0,True,1.0,2.0,2.0,1.0,1.0,1.0,True,1.0,7,2,3.0,7,7,2.0,3.160296345625938,31.642602168751267,28.571428571428573,4.785017848187412,0
2018,RS,PSL,21,4.999999999999999,10000.0,False,3,5,0.23809523809523808,False,4,0.19047619047619047,True,5,0.23809523809523808,False,4.0,5.0,0.8,0.8,1.0,False,0.9523809523809524,5.0,5.0,1.0,1.0,1.0,True,1.0,4.0,5.0,0.8,1.0,0.8,False,0.9523809523809524,21,3,0.0,21,5,5.0,4.200000000000001,23.809523809523803,23.80952380952381,16.0,16
2018,RS,PSOL,39,3.9281475392789504,456025.3099999999,False,1,4,0.10256410256410256,False,8,0.20512820512820512,True,6,0.15384615384615385,False,4.0,8.0,0.5,1.0,0.5,False,0.8974358974358975,4.0,6.0,0.6666666666666666,1.0,0.6666666666666666,False,0.9487179487179487,6.0,8.0,0.75,0.75,1.0,False,0.9487179487179487,39,1,0.0,39,38,4.0,9.928343986580206,10.072173177638334,10.256410256410257,35.07185246072105,1
2018,RS,PSTU,4,,0.0,True,0,0,0.0,False,0,0.0,False,0,0.0,False,0.0,0.0,,,,True,1.0,0.0,0.0,,,,True,1.0,0.0,0.0,,,,True,1.0,4,0,0.0,4,0,0.0,,,0.0,,4
2018,RS,PT,20,8.877619000666998,6739261.23,False,5,9,0.45,False,7,0.35,True,8,0.4,False,7.0,9.0,0.7777777777777778,0.7777777777777778,1.0,False,0.9,8.0,9.0,0.8888888888888888,0.8888888888888888,1.0,False,0.95,7.0,8.0,0.875,1.0,0.875,False,0.95,20,5,7.0,20,20,9.0,2.2528563118666556,44.38809500333499,45.0,11.122380999333002,0
2018,RS,PTB,9,4.66615852608056,3899241.93,False,2,5,0.5555555555555556,False,4,0.4444444444444444,False,4,0.4444444444444444,False,4.0,5.0,0.8,0.8,1.0,False,0.8888888888888888,4.0,5.0,0.8,0.8,1.0,False,0.8888888888888888,4.0,4.0,1.0,1.0,1.0,True,1.0,9,2,5.0,9,9,5.0,1.9287814483147754,51.846205845339554,55.55555555555556,4.33384147391944,0
2018,RS,PTC,7,5.999999999999998,1528.26,False,0,6,0.8571428571428571,False,5,0.7142857142857143,True,6,0.8571428571428571,False,5.0,6.0,0.8333333333333334,0.8333333333333334,1.0,False,0.8571428571428572,6.0,6.0,1.0,1.0,1.0,True,1.0,5.0,6.0,0.8333333333333334,1.0,0.8333333333333334,False,0.8571428571428572,7,0,0.0,7,6,6.0,1.166666666666667,85.71428571428568,85.71428571428571,1.0000000000000018,1
2018,RS,PV,1,1.0,600000.0,False,0,1,1.0,False,1,1.0,False,0,0.0,False,1.0,1.0,1.0,1.0,1.0,True,1.0,0.0,1.0,0.0,0.0,,False,0.0,0.0,1.0,0.0,0.0,,False,0.0,1,0,1.0,1,1,1.0,1.0,100.0,100.0,0.0,0
2018,RS,REDE,6,1.0222180960286749,733041.94,False,0,1,0.16666666666666666,False,1,0.16666666666666666,False,1,0.16666666666666666,False,1.0,1.0,1.0,1.0,1.0,True,1.0,1.0,1.0,1.0,1.0,1.0,True,1.0,1.0,1.0,1.0,1.0,1.0,True,1.0,6,0,1.0,6,3,1.0,5.869588909949888,17.03696826714458,16.666666666666668,4.977781903971325,3
2018,RS,SOLIDARIEDADE,2,1.734586375738033,1150400.0,False,0,2,1.0,False,2,1.0,False,1,0.5,False,2.0,2.0,1.0,1.0,1.0,True,1.0,1.0,2.0,0.5,0.5,1.0,False,0.5,1.0,2.0,0.5,0.5,1.0,False,0.5,2,0,1.0,2,2,2.0,1.1530126305465984,86.72931878690166,100.0,0.2654136242619669,0
2018,SC,AVANTE,9,2.1231389788423694,58141.8,False,0,2,0.2222222222222222,False,2,0.2222222222222222,False,2,0.2222222222222222,False,2.0,2.0,1.0,1.0,1.0,True,1.0,2.0,2.0,1.0,1.0,1.0,True,1.0,2.0,2.0,1.0,1.0,1.0,True,1.0,9,0,0.0,9,4,2.0,4.239006532161735,23.590433098248546,22.22222222222222,6.87686102115763,5
2018,SC,DC,1,1.0,59380.0,False,0,1,1.0,False,1,1.0,False,0,0.0,False,1.0,1.0,1.0,1.0,1.0,True,1.0,0.0,1.0,0.0,0.0,,False,0.0,0.0,1.0,0.0,0.0,,False,0.0,1,0,0.0,1,1,1.0,1.0,100.0,100.0,0.0,0
2018,SC,DEM,2,1.8758790961876546,159080.0,False,0,2,1.0,False,2,1.0,False,1,0.5,False,2.0,2.0,1.0,1.0,1.0,True,1.0,1.0,2.0,0.5,0.5,1.0,False,0.5,1.0,2.0,0.5,0.5,1.0,False,0.5,2,0,0.0,2,2,2.0,1.0661667929796734,93.79395480938273,100.0,0.12412090381234542,0
2018,SC,MDB,15,5.899538357833562,7129000.0,False,3,6,0.4,False,5,0.3333333333333333,False,5,0.3333333333333333,False,5.0,6.0,0.8333333333333334,0.8333333333333334,1.0,False,0.9333333333333333,5.0,6.0,0.8333333333333334,0.8333333333333334,1.0,False,0.9333333333333333,5.0,5.0,1.0,1.0,1.0,True,1.0,15,3,6.0,15,11,6.0,2.5425718234516785,39.330255718890406,40.0,9.100461642166438,4
2018,SC,NOVO,16,10.499775368265674,68318.4,False,1,10,0.625,False,9,0.5625,False,6,0.375,False,9.0,10.0,0.9,0.9,1.0,False,0.9375,6.0,10.0,0.6,0.6,1.0,False,0.75,6.0,9.0,0.6666666666666666,0.6666666666666666,1.0,False,0.8125,16,1,0.0,16,16,10.0,1.5238421241237317,65.62359605166046,62.5,5.500224631734326,0
2018,SC,PATRI,16,8.013371782908537,27421.949999999997,False,0,8,0.5,True,10,0.625,False,4,0.25,False,8.0,10.0,0.8,1.0,0.8,False,0.875,4.0,8.0,0.5,0.5,1.0,False,0.75,4.0,10.0,0.4,0.4,1.0,False,0.625,16,0,0.0,16,16,8.0,1.9966626325919241,50.08357364317836,50.0,7.986628217091463,0
2018,SC,PC DO B,1,1.0,1181207.38,False,0,1,1.0,False,1,1.0,False,0,0.0,False,1.0,1.0,1.0,1.0,1.0,True,1.0,0.0,1.0,0.0,0.0,,False,0.0,0.0,1.0,0.0,0.0,,False,0.0,1,0,1.0,1,1,1.0,1.0,100.0,100.0,0.0,0
2018,SC,PCB,3,2.0,10543.02,False,0,2,0.6666666666666666,False,2,0.6666666666666666,False,2,0.6666666666666666,False,2.0,2.0,1.0,1.0,1.0,True,1.0,2.0,2.0,1.0,1.0,1.0,True,1.0,2.0,2.0,1.0,1.0,1.0,True,1.0,3,0,0.0,3,2,2.0,1.5,66.66666666666667,66.66666666666667,1.0,1
2018,SC,PDT,1,1.0,890000.0,False,0,1,1.0,False,1,1.0,False,0,0.0,False,1.0,1.0,1.0,1.0,1.0,True,1.0,0.0,1.0,0.0,0.0,,False,0.0,0.0,1.0,0.0,0.0,,False,0.0,1,0,1.0,1,1,1.0,1.0,100.0,100.0,0.0,0
2018,SC,PHS,2,,0.0,True,0,0,0.0,False,0,0.0,False,0,0.0,False,0.0,0.0,,,,True,1.0,0.0,0.0,,,,True,1.0,0.0,0.0,,,,True,1.0,2,0,0.0,2,0,0.0,,,0.0,,2
2018,SC,PMN,5,2.256237126844653,66766.5,False,0,2,0.4,False,2,0.4,False,2,0.4,False,2.0,2.0,1.0,1.0,1.0,True,1.0,2.0,2.0,1.0,1.0,1.0,True,1.0,2.0,2.0,1.0,1.0,1.0,True,1.0,5,0,0.0,5,5,2.0,2.216079125952731,45.124742536893066,40.0,2.743762873155347,0
2018,SC,PODE,5,1.0,303500.0,False,0,1,0.2,False,1,0.2,False,1,0.2,False,1.0,1.0,1.0,1.0,1.0,True,1.0,1.0,1.0,1.0,1.0,1.0,True,1.0,1.0,1.0,1.0,1.0,1.0,True,1.0,5,0,0.0,5,1,1.0,5.0,20.0,20.0,4.0,4
2018,SC,PP,9,3.6102438123502014,6076203.0,False,1,4,0.4444444444444444,False,3,0.3333333333333333,False,3,0.3333333333333333,False,3.0,4.0,0.75,0.75,1.0,False,0.8888888888888888,3.0,4.0,0.75,0.75,1.0,False,0.8888888888888888,3.0,3.0,1.0,1.0,1.0,True,1.0,9,1,3.0,9,9,4.0,2.4929064262120204,40.11382013722446,44.44444444444444,5.389756187649798,0
2018,SC,PPL,2,1.0,3000.0,False,0,1,0.5,False,1,0.5,False,1,0.5,False,1.0,1.0,1.0,1.0,1.0,True,1.0,1.0,1.0,1.0,1.0,1.0,True,1.0,1.0,1.0,1.0,1.0,1.0,True,1.0,2,0,0.0,2,1,1.0,2.0,50.0,50.0,1.0,1
2018,SC,PPS,2,1.0504674291576086,1218128.1099999999,False,1,1,0.5,False,1,0.5,False,1,0.5,False,1.0,1.0,1.0,1.0,1.0,True,1.0,1.0,1.0,1.0,1.0,1.0,True,1.0,1.0,1.0,1.0,1.0,1.0,True,1.0,2,1,1.0,2,2,1.0,1.9039143380236367,52.52337145788043,50.0,0.9495325708423914,0
2018,SC,PR,1,1.0,300000.0,False,0,1,1.0,False,1,1.0,False,0,0.0,False,1.0,1.0,1.0,1.0,1.0,True,1.0,0.0,1.0,0.0,0.0,,False,0.0,0.0,1.0,0.0,0.0,,False,0.0,1,0,0.0,1,1,1.0,1.0,100.0,100.0,0.0,0
2018,SC,PRB,5,2.2806402248044195,1344643.7599999998,False,1,2,0.4,False,2,0.4,False,2,0.4,False,2.0,2.0,1.0,1.0,1.0,True,1.0,2.0,2.0,1.0,1.0,1.0,True,1.0,2.0,2.0,1.0,1.0,1.0,True,1.0,5,1,0.0,5,5,2.0,2.1923668387585264,45.612804496088394,40.0,2.7193597751955805,0
2018,SC,PROS,2,1.0,341500.0,False,0,1,0.5,False,1,0.5,False,1,0.5,False,1.0,1.0,1.0,1.0,1.0,True,1.0,1.0,1.0,1.0,1.0,1.0,True,1.0,1.0,1.0,1.0,1.0,1.0,True,1.0,2,0,1.0,2,1,1.0,2.0,50.0,50.0,1.0,1
2018,SC,PRP,9,2.9260893418344778,62323.0,False,0,3,0.3333333333333333,False,3,0.3333333333333333,False,2,0.2222222222222222,False,3.0,3.0,1.0,1.0,1.0,True,1.0,2.0,3.0,0.6666666666666666,0.6666666666666666,1.0,False,0.8888888888888888,2.0,3.0,0.6666666666666666,0.6666666666666666,1.0,False,0.8888888888888888,9,0,0.0,9,9,3.0,3.075777581814216,32.512103798160865,33.333333333333336,6.073910658165522,0
2018,SC,PRTB,5,2.1176450242228997,17142.86,False,0,2,0.4,True,3,0.6,True,1,0.2,False,2.0,3.0,0.6666666666666666,1.0,0.6666666666666666,False,0.8,1.0,2.0,0.5,0.5,1.0,False,0.8,1.0,3.0,0.3333333333333333,0.3333333333333333,1.0,False,0.6,5,0,0.0,5,5,2.0,2.3611133796301966,42.352900484458,40.0,2.8823549757771003,0
2018,SC,PSB,13,4.471300668443869,1814968.0,False,1,4,0.3076923076923077,False,4,0.3076923076923077,False,3,0.23076923076923078,False,4.0,4.0,1.0,1.0,1.0,True,1.0,3.0,4.0,0.75,0.75,1.0,False,0.9230769230769231,3.0,4.0,0.75,0.75,1.0,False,0.9230769230769231,13,1,0.0,13,11,4.0,2.9074314084372106,34.3946205264913,30.76923076923077,8.52869933155613,2
2018,SC,PSC,1,1.0,200000.0,False,0,1,1.0,False,1,1.0,False,0,0.0,False,1.0,1.0,1.0,1.0,1.0,True,1.0,0.0,1.0,0.0,0.0,,False,0.0,0.0,1.0,0.0,0.0,,False,0.0,1,0,0.0,1,1,1.0,1.0,100.0,100.0,0.0,0
2018,SC,PSD,9,2.854497771821265,1291484.0,False,2,3,0.3333333333333333,False,3,0.3333333333333333,False,3,0.3333333333333333,False,3.0,3.0,1.0,1.0,1.0,True,1.0,3.0,3.0,1.0,1.0,1.0,True,1.0,3.0,3.0,1.0,1.0,1.0,True,1.0,9,2,3.0,9,7,3.0,3.1529189088340748,31.716641909125162,33.333333333333336,6.145502228178735,2
2018,SC,PSDB,17,4.0033148347122385,4517512.9799999995,False,1,4,0.23529411764705882,False,5,0.29411764705882354,False,4,0.23529411764705882,False,4.0,5.0,0.8,1.0,0.8,False,0.9411764705882353,4.0,4.0,1.0,1.0,1.0,True,1.0,4.0,5.0,0.8,0.8,1.0,False,0.9411764705882353,17,1,3.0,17,17,4.0,4.24648090442329,23.548910792424934,23.529411764705884,12.996685165287762,0
2018,SC,PSL,19,12.354694332270583,5424.27,False,4,12,0.631578947368421,True,10,0.5263157894736842,True,6,0.3157894736842105,False,10.0,12.0,0.8333333333333334,0.8333333333333334,1.0,False,0.8947368421052632,6.0,12.0,0.5,0.5,1.0,False,0.6842105263157895,6.0,10.0,0.6,0.6,1.0,False,0.7894736842105263,19,4,0.0,19,14,12.0,1.5378769793091371,65.02470701195044,63.1578947368421,6.645305667729417,5
2018,SC,PSOL,16,5.418092229847854,268942.74,False,0,5,0.3125,True,8,0.5,False,2,0.125,False,5.0,8.0,0.625,1.0,0.625,False,0.8125,2.0,5.0,0.4,0.4,1.0,False,0.8125,2.0,8.0,0.25,0.25,1.0,False,0.625,16,0,2.0,16,15,5.0,2.953068962513637,33.863076436549086,31.25,10.581907770152146,1
2018,SC,PSTU,2,,0.0,True,0,0,0.0,False,0,0.0,False,0,0.0,False,0.0,0.0,,,,True,1.0,0.0,0.0,,,,True,1.0,0.0,0.0,,,,True,1.0,2,0,0.0,2,0,0.0,,,0.0,,2
2018,SC,PT,11,5.0684326549690715,2975500.0,False,1,5,0.45454545454545453,False,5,0.45454545454545453,False,5,0.45454545454545453,False,5.0,5.0,1.0,1.0,1.0,True,1.0,5.0,5.0,1.0,1.0,1.0,True,1.0,5.0,5.0,1.0,1.0,1.0,True,1.0,11,1,5.0,11,11,5.0,2.1702961741467837,46.07666049971883,45.45454545454545,5.9315673450309285,0
2018,SC,PTB,1,1.0,90600.0,False,0,1,1.0,False,1,1.0,False,0,0.0,False,1.0,1.0,1.0,1.0,1.0,True,1.0,0.0,1.0,0.0,0.0,,False,0.0,0.0,1.0,0.0,0.0,,False,0.0,1,0,0.0,1,1,1.0,1.0,100.0,100.0,0.0,0
2018,SC,PTC,21,1.0,10000.0,False,0,1,0.047619047619047616,False,1,0.047619047619047616,False,1,0.047619047619047616,False,1.0,1.0,1.0,1.0,1.0,True,1.0,1.0,1.0,1.0,1.0,1.0,True,1.0,1.0,1.0,1.0,1.0,1.0,True,1.0,21,0,0.0,21,1,1.0,21.0,4.761904761904762,4.761904761904762,20.0,20
2018,SC,PV,4,1.4506135849674977,548247.01,False,0,1,0.25,False,1,0.25,False,1,0.25,False,1.0,1.0,1.0,1.0,1.0,True,1.0,1.0,1.0,1.0,1.0,1.0,True,1.0,1.0,1.0,1.0,1.0,1.0,True,1.0,4,0,0.0,4,4,1.0,2.757453839845036,36.26533962418744,25.0,2.5493864150325023,0
2018,SC,REDE,6,2.0,1600.0,False,0,2,0.3333333333333333,False,2,0.3333333333333333,False,2,0.3333333333333333,False,2.0,2.0,1.0,1.0,1.0,True,1.0,2.0,2.0,1.0,1.0,1.0,True,1.0,2.0,2.0,1.0,1.0,1.0,True,1.0,6,0,0.0,6,2,2.0,3.0,33.333333333333336,33.333333333333336,4.0,4
2018,SC,SOLIDARIEDADE,1,1.0,907500.0,False,0,1,1.0,False,1,1.0,False,0,0.0,False,1.0,1.0,1.0,1.0,1.0,True,1.0,0.0,1.0,0.0,0.0,,False,0.0,0.0,1.0,0.0,0.0,,False,0.0,1,0,1.0,1,1,1.0,1.0,100.0,100.0,0.0,0
2018,SE,AVANTE,6,4.211432882108881,15850.0,False,0,4,0.6666666666666666,True,4,0.6666666666666666,True,2,0.3333333333333333,False,3.9999999999999996,3.9999999999999996,1.0,0.9999999999999999,0.9999999999999999,True,1.0,2.0,3.9999999999999996,0.5000000000000001,0.5,1.0,False,0.6666666666666667,2.0,3.9999999999999996,0.5000000000000001,0.5,1.0,False,0.6666666666666667,6,0,2.0,6,5,4.0,1.4246932500074632,70.19054803514803,66.66666666666667,1.7885671178911187,1
2018,SE,DC,3,1.0,30022.82,False,0,1,0.3333333333333333,False,1,0.3333333333333333,False,1,0.3333333333333333,False,1.0,1.0,1.0,1.0,1.0,True,1.0,1.0,1.0,1.0,1.0,1.0,True,1.0,1.0,1.0,1.0,1.0,1.0,True,1.0,3,0,0.0,3,1,1.0,3.0,33.333333333333336,33.333333333333336,2.0,2
2018,SE,DEM,5,,0.0,True,0,0,0.0,False,0,0.0,False,0,0.0,False,0.0,0.0,,,,True,1.0,0.0,0.0,,,,True,1.0,0.0,0.0,,,,True,1.0,5,0,0.0,5,0,0.0,,,0.0,,5
2018,SE,MDB,3,1.2846975088967973,1710000.0,False,1,1,0.3333333333333333,False,1,0.3333333333333333,False,1,0.3333333333333333,False,1.0,1.0,1.0,1.0,1.0,True,1.0,1.0,1.0,1.0,1.0,1.0,True,1.0,1.0,1.0,1.0,1.0,1.0,True,1.0,3,1,1.0,3,3,1.0,2.3351800554016617,42.82325029655991,33.333333333333336,1.7153024911032027,0
2018,SE,NOVO,2,2.0,2198.3199999999997,False,0,2,1.0,False,2,1.0,False,0,0.0,False,2.0,2.0,1.0,1.0,1.0,True,1.0,0.0,2.0,0.0,0.0,,False,0.0,0.0,2.0,0.0,0.0,,False,0.0,2,0,0.0,2,2,2.0,1.0,100.0,100.0,0.0,0
2018,SE,PATRI,2,1.0,300000.0,False,0,1,0.5,False,1,0.5,False,1,0.5,False,1.0,1.0,1.0,1.0,1.0,True,1.0,1.0,1.0,1.0,1.0,1.0,True,1.0,1.0,1.0,1.0,1.0,1.0,True,1.0,2,0,0.0,2,1,1.0,2.0,50.0,50.0,1.0,1
2018,SE,PC DO B,2,1.0556155544702248,554000.0,False,0,1,0.5,False,1,0.5,False,1,0.5,False,1.0,1.0,1.0,1.0,1.0,True,1.0,1.0,1.0,1.0,1.0,1.0,True,1.0,1.0,1.0,1.0,1.0,1.0,True,1.0,2,0,0.0,2,2,1.0,1.8946291493437946,52.78077772351124,50.0,0.9443844455297752,0
2018,SE,PCB,1,,0.0,True,0,0,0.0,False,0,0.0,False,0,0.0,False,0.0,0.0,,,,True,1.0,0.0,0.0,,,,True,1.0,0.0,0.0,,,,True,1.0,1,0,0.0,1,0,0.0,,,0.0,,1
2018,SE,PDT,3,2.266294954434877,186850.0,False,1,2,0.6666666666666666,False,2,0.6666666666666666,False,1,0.3333333333333333,False,2.0,2.0,1.0,1.0,1.0,True,1.0,1.0,2.0,0.5,0.5,1.0,False,0.6666666666666667,1.0,2.0,0.5,0.5,1.0,False,0.6666666666666667,3,1,0.0,3,3,2.0,1.3237464938662757,75.54316514782924,66.66666666666667,0.7337050455651228,0
2018,SE,PHS,3,2.550766254090418,32298.33,False,0,3,1.0,False,3,1.0,False,1,0.3333333333333333,False,3.0,3.0,1.0,1.0,1.0,True,1.0,1.0,3.0,0.3333333333333333,0.3333333333333333,1.0,False,0.33333333333333337,1.0,3.0,0.3333333333333333,0.3333333333333333,1.0,False,0.33333333333333337,3,0,0.0,3,3,3.0,1.1761171746682744,85.02554180301392,100.0,0.4492337459095821,0
2018,SE,PMN,4,1.0,100000.0,False,0,1,0.25,False,1,0.25,False,1,0.25,False,1.0,1.0,1.0,1.0,1.0,True,1.0,1.0,1.0,1.0,1.0,1.0,True,1.0,1.0,1.0,1.0,1.0,1.0,True,1.0,4,0,0.0,4,1,1.0,4.0,25.0,25.0,3.0,3
2018,SE,PODE,4,,0.0,True,0,0,0.0,False,0,0.0,False,0,0.0,False,0.0,0.0,,,,True,1.0,0.0,0.0,,,,True,1.0,0.0,0.0,,,,True,1.0,4,0,0.0,4,0,0.0,,,0.0,,4
2018,SE,PP,1,1.0,1731095.1600000001,False,1,1,1.0,False,1,1.0,False,0,0.0,False,1.0,1.0,1.0,1.0,1.0,True,1.0,0.0,1.0,0.0,0.0,,False,0.0,0.0,1.0,0.0,0.0,,False,0.0,1,1,1.0,1,1,1.0,1.0,100.0,100.0,0.0,0
2018,SE,PPL,3,2.4237115598855556,50165.17,False,0,2,0.6666666666666666,False,2,0.6666666666666666,False,2,0.6666666666666666,False,2.0,2.0,1.0,1.0,1.0,True,1.0,2.0,2.0,1.0,1.0,1.0,True,1.0,2.0,2.0,1.0,1.0,1.0,True,1.0,3,0,0.0,3,3,2.0,1.2377710490194038,80.79038532951851,66.66666666666667,0.5762884401144444,0
2018,SE,PPS,2,1.0,98402.1,False,0,1,0.5,False,1,0.5,False,1,0.5,False,1.0,1.0,1.0,1.0,1.0,True,1.0,1.0,1.0,1.0,1.0,1.0,True,1.0,1.0,1.0,1.0,1.0,1.0,True,1.0,2,0,0.0,2,1,1.0,2.0,50.0,50.0,1.0,1
2018,SE,PR,4,1.923076923076923,3500000.0,False,1,2,0.5,False,2,0.5,False,2,0.5,False,2.0,2.0,1.0,1.0,1.0,True,1.0,2.0,2.0,1.0,1.0,1.0,True,1.0,2.0,2.0,1.0,1.0,1.0,True,1.0,4,1,2.0,4,2,2.0,2.08,48.07692307692307,50.0,2.076923076923077,2
2018,SE,PRB,2,1.048572201210349,695500.0,False,0,1,0.5,False,1,0.5,False,1,0.5,False,1.0,1.0,1.0,1.0,1.0,True,1.0,1.0,1.0,1.0,1.0,1.0,True,1.0,1.0,1.0,1.0,1.0,1.0,True,1.0,2,0,1.0,2,2,1.0,1.9073555427956548,52.42861006051746,50.0,0.9514277987896509,0
2018,SE,PROS,1,1.0,43331.5,False,0,1,1.0,False,1,1.0,False,0,0.0,False,1.0,1.0,1.0,1.0,1.0,True,1.0,0.0,1.0,0.0,0.0,,False,0.0,0.0,1.0,0.0,0.0,,False,0.0,1,0,0.0,1,1,1.0,1.0,100.0,100.0,0.0,0
2018,SE,PRTB,3,2.1334778569216475,16600.0,False,0,2,0.6666666666666666,False,2,0.6666666666666666,False,2,0.6666666666666666,False,2.0,2.0,1.0,1.0,1.0,True,1.0,2.0,2.0,1.0,1.0,1.0,True,1.0,2.0,2.0,1.0,1.0,1.0,True,1.0,3,0,0.0,3,3,2.0,1.4061547394396865,71.11592856405491,66.66666666666667,0.8665221430783525,0
2018,SE,PSB,6,1.6707820026751925,589166.99,False,0,2,0.3333333333333333,False,2,0.3333333333333333,False,2,0.3333333333333333,False,2.0,2.0,1.0,1.0,1.0,True,1.0,2.0,2.0,1.0,1.0,1.0,True,1.0,2.0,2.0,1.0,1.0,1.0,True,1.0,6,0,0.0,6,6,2.0,3.5911327692021033,27.84636671125321,33.333333333333336,4.3292179973248075,0
2018,SE,PSC,1,1.0,100000.0,False,0,1,1.0,False,1,1.0,False,0,0.0,False,1.0,1.0,1.0,1.0,1.0,True,1.0,0.0,1.0,0.0,0.0,,False,0.0,0.0,1.0,0.0,0.0,,False,0.0,1,0,1.0,1,1,1.0,1.0,100.0,100.0,0.0,0
2018,SE,PSD,1,1.0,670000.0,False,1,1,1.0,False,1,1.0,False,0,0.0,False,1.0,1.0,1.0,1.0,1.0,True,1.0,0.0,1.0,0.0,0.0,,False,0.0,0.0,1.0,0.0,0.0,,False,0.0,1,1,1.0,1,1,1.0,1.0,100.0,100.0,0.0,0
2018,SE,PSDB,3,1.973133314222151,450891.44,False,0,2,0.6666666666666666,False,2,0.6666666666666666,False,1,0.3333333333333333,False,2.0,2.0,1.0,1.0,1.0,True,1.0,1.0,2.0,0.5,0.5,1.0,False,0.6666666666666667,1.0,2.0,0.5,0.5,1.0,False,0.6666666666666667,3,0,1.0,3,3,2.0,1.5204243820609054,65.7711104740717,66.66666666666667,1.026866685777849,0
2018,SE,PSL,8,,0.0,True,0,0,0.0,False,0,0.0,False,0,0.0,False,0.0,0.0,,,,True,1.0,0.0,0.0,,,,True,1.0,0.0,0.0,,,,True,1.0,8,0,0.0,8,0,0.0,,,0.0,,8
2018,SE,PSOL,9,6.902322536910225,36068.920000000006,False,0,7,0.7777777777777778,True,6,0.6666666666666666,False,5,0.5555555555555556,False,6.0,7.0,0.8571428571428571,0.8571428571428571,1.0,False,0.8888888888888888,5.0,7.0,0.7142857142857143,0.7142857142857143,1.0,False,0.7777777777777778,5.0,6.0,0.8333333333333334,0.8333333333333334,1.0,False,0.8888888888888888,9,0,0.0,9,8,7.0,1.3039089309246892,76.69247263233584,77.77777777777777,2.0976774630897754,1
2018,SE,PSTU,2,,0.0,True,0,0,0.0,False,0,0.0,False,0,0.0,False,0.0,0.0,,,,True,1.0,0.0,0.0,,,,True,1.0,0.0,0.0,,,,True,1.0,2,0,0.0,2,0,0.0,,,0.0,,2
2018,SE,PT,3,2.1431109376104875,1915000.0,False,2,2,0.6666666666666666,False,2,0.6666666666666666,False,2,0.6666666666666666,False,2.0,2.0,1.0,1.0,1.0,True,1.0,2.0,2.0,1.0,1.0,1.0,True,1.0,2.0,2.0,1.0,1.0,1.0,True,1.0,3,2,2.0,3,3,2.0,1.3998342070639243,71.43703125368292,66.66666666666667,0.8568890623895125,0
2018,SE,PTB,2,1.9083090402491785,59763.0,False,0,2,1.0,False,2,1.0,False,1,0.5,False,2.0,2.0,1.0,1.0,1.0,True,1.0,1.0,2.0,0.5,0.5,1.0,False,0.5,1.0,2.0,0.5,0.5,1.0,False,0.5,2,0,0.0,2,2,2.0,1.0480482761528231,95.41545201245893,100.0,0.09169095975082153,0
2018,SE,PV,7,6.107818480937904,108476.44,False,0,6,0.8571428571428571,False,5,0.7142857142857143,False,3,0.42857142857142855,False,5.0,6.0,0.8333333333333334,0.8333333333333334,1.0,False,0.8571428571428572,3.0,6.0,0.5,0.5,1.0,False,0.5714285714285714,3.0,5.0,0.6,0.6,1.0,False,0.7142857142857143,7,0,1.0,7,7,6.0,1.1460720422269481,87.25454972768433,85.71428571428571,0.8921815190620963,0
2018,SE,REDE,12,10.27309552130212,11210.0,False,0,10,0.8333333333333334,False,9,0.75,True,4,0.3333333333333333,False,9.0,10.0,0.9,0.9,1.0,False,0.9166666666666667,4.0,10.0,0.4,0.4,1.0,False,0.5,4.0,9.0,0.4444444444444444,0.4444444444444444,1.0,False,0.5833333333333333,12,0,0.0,12,12,10.0,1.1680997198086012,85.60912934418432,83.33333333333333,1.7269044786978807,0
2018,SE,SOLIDARIEDADE,2,1.037486821039478,815000.0,False,1,1,0.5,False,1,0.5,False,1,0.5,False,1.0,1.0,1.0,1.0,1.0,True,1.0,1.0,1.0,1.0,1.0,1.0,True,1.0,1.0,1.0,1.0,1.0,1.0,True,1.0,2,1,1.0,2,2,1.0,1.9277353306485006,51.87434105197391,50.0,0.9625131789605219,0
2018,SP,AVANTE,96,9.936327314285148,706224.5900000001,False,0,10,0.10416666666666667,True,43,0.4479166666666667,True,20,0.20833333333333334,False,10.0,43.0,0.23255813953488372,1.0,0.23255813953488372,False,0.65625,10.0,20.0,0.5,1.0,0.5,False,0.8958333333333334,20.0,43.0,0.46511627906976744,0.46511627906976744,1.0,False,0.7604166666666666,96,0,1.0,96,90,10.0,9.661517476581492,10.350340952380362,10.416666666666666,86.06367268571485,6
2018,SP,DC,26,18.522776061384633,82200.35999999999,False,0,19,0.7307692307692307,False,14,0.5384615384615384,False,12,0.46153846153846156,False,14.0,19.0,0.7368421052631579,0.7368421052631579,1.0,False,0.8076923076923077,12.0,19.0,0.631578947368421,0.631578947368421,1.0,False,0.7307692307692308,12.0,14.0,0.8571428571428571,0.8571428571428571,1.0,False,0.9230769230769231,26,0,0.0,26,24,19.0,1.403677284324757,71.2414463899409,73.07692307692308,7.477223938615367,2
2018,SP,DEM,14,6.817177052122326,5079400.0,False,5,7,0.5,False,6,0.42857142857142855,False,6,0.42857142857142855,False,6.0,7.0,0.8571428571428571,0.8571428571428571,1.0,False,0.9285714285714286,6.0,7.0,0.8571428571428571,0.8571428571428571,1.0,False,0.9285714285714286,6.0,6.0,1.0,1.0,1.0,True,1.0,14,5,4.0,14,10,7.0,2.053635968812269,48.69412180087376,50.0,7.182822947877674,4
2018,SP,MDB,63,9.206030712268596,9587485.440000001,False,2,9,0.14285714285714285,False,10,0.15873015873015872,False,10,0.15873015873015872,False,9.0,10.0,0.9,1.0,0.9,False,0.9841269841269842,9.0,10.0,0.9,1.0,0.9,False,0.9841269841269842,10.0,10.0,1.0,1.0,1.0,True,1.0,63,2,4.0,63,63,9.0,6.843340193949366,14.612747162331104,14.285714285714286,53.7939692877314,0
2018,SP,NOVO,45,9.97732158325794,25940.08,False,3,10,0.2222222222222222,False,8,0.17777777777777778,False,10,0.2222222222222222,False,8.0,10.0,0.8,0.8,1.0,False,0.9555555555555556,10.0,10.0,1.0,1.0,1.0,True,1.0,8.0,10.0,0.8,1.0,0.8,False,0.9555555555555556,45,3,1.0,45,17,10.0,4.51022848411647,22.1718257405732,22.22222222222222,35.02267841674206,28
2018,SP,PATRI,91,5.078814537699703,3338917.4000000004,False,0,5,0.054945054945054944,False,10,0.10989010989010989,False,13,0.14285714285714285,False,5.0,10.0,0.5,1.0,0.5,False,0.945054945054945,5.0,13.0,0.38461538461538464,1.0,0.38461538461538464,False,0.9120879120879121,10.0,13.0,0.7692307692307693,1.0,0.7692307692307693,False,0.967032967032967,91,0,4.0,91,75,5.0,17.917567047292838,5.58111487659308,5.4945054945054945,85.9211854623003,16
2018,SP,PC DO B,2,1.001158056594264,1049744.1099999999,False,1,1,0.5,False,1,0.5,False,1,0.5,False,1.0,1.0,1.0,1.0,1.0,True,1.0,1.0,1.0,1.0,1.0,1.0,True,1.0,1.0,1.0,1.0,1.0,1.0,True,1.0,2,1,1.0,2,2,1.0,1.997686565899088,50.0579028297132,50.0,0.9988419434057361,0
2018,SP,PCB,2,1.7583467412686176,44198.65000000001,False,0,2,1.0,False,2,1.0,False,1,0.5,False,2.0,2.0,1.0,1.0,1.0,True,1.0,1.0,2.0,0.5,0.5,1.0,False,0.5,1.0,2.0,0.5,0.5,1.0,False,0.5,2,0,0.0,2,2,2.0,1.1374320849578472,87.91733706343088,100.0,0.24165325873138244,0
2018,SP,PDT,25,5.190360293232422,631500.0,False,1,5,0.2,False,5,0.2,False,4,0.16,False,5.0,5.0,1.0,1.0,1.0,True,1.0,4.0,5.0,0.8,0.8,1.0,False,0.96,4.0,5.0,0.8,0.8,1.0,False,0.96,25,1,2.0,25,19,5.0,4.816621310970812,20.76144117292969,20.0,19.809639706767577,6
2018,SP,PHS,11,3.0253251889503,243642.5,False,0,3,0.2727272727272727,False,3,0.2727272727272727,False,3,0.2727272727272727,False,3.0,3.0,1.0,1.0,1.0,True,1.0,3.0,3.0,1.0,1.0,1.0,True,1.0,3.0,3.0,1.0,1.0,1.0,True,1.0,11,0,0.0,11,7,3.0,3.6359727675479014,27.502956263184544,27.272727272727273,7.9746748110497006,4
2018,SP,PMB,10,,0.0,True,0,0,0.0,False,0,0.0,False,0,0.0,False,0.0,0.0,,,,True,1.0,0.0,0.0,,,,True,1.0,0.0,0.0,,,,True,1.0,10,0,1.0,10,0,0.0,,,0.0,,10
2018,SP,PMN,44,5.2742683245762105,471000.0,False,0,5,0.11363636363636363,False,5,0.11363636363636363,False,7,0.1590909090909091,False,5.0,5.0,1.0,1.0,1.0,True,1.0,5.0,7.0,0.7142857142857143,1.0,0.7142857142857143,False,0.9545454545454546,5.0,7.0,0.7142857142857143,1.0,0.7142857142857143,False,0.9545454545454546,44,0,1.0,44,8,5.0,8.342389368962456,11.986973464945931,11.363636363636363,38.72573167542379,36
2018,SP,PODE,73,5.166750526941488,6351061.94,False,3,5,0.0684931506849315,False,5,0.0684931506849315,False,8,0.1095890410958904,False,5.0,5.0,1.0,1.0,1.0,True,1.0,5.0,8.0,0.625,1.0,0.625,False,0.9589041095890412,5.0,8.0,0.625,1.0,0.625,False,0.9589041095890412,73,3,5.0,73,32,5.0,14.128802933168346,7.077740447865052,6.8493150684931505,67.83324947305852,41
2018,SP,PP,6,4.910100590837748,8098442.0,False,4,5,0.8333333333333334,False,4,0.6666666666666666,False,4,0.6666666666666666,False,4.0,5.0,0.8,0.8,1.0,False,0.8333333333333334,4.0,5.0,0.8,0.8,1.0,False,0.8333333333333334,4.0,4.0,1.0,1.0,1.0,True,1.0,6,4,4.0,6,6,5.0,1.2219708922452637,81.83500984729581,83.33333333333333,1.0898994091622516,0
2018,SP,PPL,51,26.91578513746165,128998.33,False,0,27,0.5294117647058824,False,22,0.43137254901960786,False,18,0.35294117647058826,False,22.0,27.0,0.8148148148148148,0.8148148148148148,1.0,False,0.9019607843137255,18.0,27.0,0.6666666666666666,0.6666666666666666,1.0,False,0.8235294117647058,18.0,22.0,0.8181818181818182,0.8181818181818182,1.0,False,0.9215686274509804,51,0,0.0,51,45,27.0,1.8947988973584764,52.77604928914049,52.94117647058823,24.08421486253835,6
2018,SP,PPS,11,4.333380215379249,5212047.5600000005,False,2,4,0.36363636363636365,False,4,0.36363636363636365,False,4,0.36363636363636365,False,4.0,4.0,1.0,1.0,1.0,True,1.0,4.0,4.0,1.0,1.0,1.0,True,1.0,4.0,4.0,1.0,1.0,1.0,True,1.0,11,2,4.0,11,10,4.0,2.538434075311645,39.394365594356806,36.36363636363637,6.666619784620751,1
2018,SP,PR,44,14.631172583326656,19763198.91,False,7,15,0.3409090909090909,False,11,0.25,False,12,0.2727272727272727,False,11.0,15.0,0.7333333333333333,0.7333333333333333,1.0,False,0.9090909090909091,12.0,15.0,0.8,0.8,1.0,False,0.9318181818181819,11.0,12.0,0.9166666666666666,1.0,0.9166666666666666,False,0.9772727272727273,44,7,6.0,44,44,15.0,3.0072777659762813,33.25266496210604,34.09090909090909,29.368827416673344,0
2018,SP,PRB,97,17.367070818903652,22224153.599999998,False,6,17,0.17525773195876287,False,17,0.17525773195876287,False,19,0.1958762886597938,False,17.0,17.0,1.0,1.0,1.0,True,1.0,17.0,19.0,0.8947368421052632,1.0,0.8947368421052632,False,0.979381443298969,17.0,19.0,0.8947368421052632,1.0,0.8947368421052632,False,0.979381443298969,97,6,7.0,97,95,17.0,5.5852826888007945,17.90419672051923,17.52577319587629,79.63292918109634,2
2018,SP,PROS,97,8.793738938426316,1878855.49,False,0,9,0.09278350515463918,False,7,0.07216494845360824,False,12,0.12371134020618557,False,7.0,9.0,0.7777777777777778,0.7777777777777778,1.0,False,0.979381443298969,9.0,12.0,0.75,1.0,0.75,False,0.9690721649484536,7.0,12.0,0.5833333333333334,1.0,0.5833333333333334,False,0.9484536082474226,97,0,4.0,97,15,9.0,11.03057535357749,9.065710245800325,9.278350515463918,88.20626106157368,82
2018,SP,PRP,78,8.571108879996931,1700515.3699999999,False,0,9,0.11538461538461539,False,7,0.08974358974358974,False,10,0.1282051282051282,False,7.0,9.0,0.7777777777777778,0.7777777777777778,1.0,False,0.9743589743589743,9.0,10.0,0.9,1.0,0.9,False,0.9871794871794872,7.0,10.0,0.7,1.0,0.7,False,0.9615384615384616,78,0,1.0,78,28,9.0,9.100339418395993,10.988601128201193,11.538461538461538,69.42889112000307,50
2018,SP,PRTB,39,6.424138540913379,320468.87000000005,False,0,6,0.15384615384615385,False,17,0.4358974358974359,False,6,0.15384615384615385,False,6.0,17.0,0.35294117647058826,1.0,0.35294117647058826,False,0.717948717948718,6.0,6.0,1.0,1.0,1.0,True,1.0,6.0,17.0,0.35294117647058826,0.35294117647058826,1.0,False,0.717948717948718,39,0,0.0,39,39,6.0,6.070852885818215,16.472150104906103,15.384615384615385,32.575861459086624,0
2018,SP,PSB,48,9.31639483722389,8134982.5,False,4,9,0.1875,False,9,0.1875,False,12,0.25,False,9.0,9.0,1.0,1.0,1.0,True,1.0,9.0,12.0,0.75,1.0,0.75,False,0.9375,9.0,12.0,0.75,1.0,0.75,False,0.9375,48,4,12.0,48,24,9.0,5.152207569414598,19.409155910883104,18.75,38.68360516277611,24
2018,SP,PSC,3,1.4740721067658193,1490000.0,False,1,1,0.3333333333333333,False,2,0.6666666666666666,False,1,0.3333333333333333,False,1.0,2.0,0.5,1.0,0.5,False,0.6666666666666667,1.0,1.0,1.0,1.0,1.0,True,1.0,1.0,2.0,0.5,0.5,1.0,False,0.6666666666666667,3,1,1.0,3,2,1.0,2.035178595558758,49.13573689219398,33.333333333333336,1.5259278932341807,1
2018,SP,PSD,22,9.953424919535832,9125000.0,False,2,10,0.45454545454545453,False,8,0.36363636363636365,True,9,0.4090909090909091,False,8.0,10.0,0.8,0.8,1.0,False,0.9090909090909091,9.0,10.0,0.9,0.9,1.0,False,0.9545454545454546,8.0,9.0,0.8888888888888888,1.0,0.8888888888888888,False,0.9545454545454546,22,2,7.0,22,22,10.0,2.210294464252205,45.24284054334469,45.45454545454545,12.046575080464168,0
2018,SP,PSDB,57,18.6483399523665,16237596.94,False,6,19,0.3333333333333333,False,15,0.2631578947368421,False,19,0.3333333333333333,False,15.0,19.0,0.7894736842105263,0.7894736842105263,1.0,False,0.9298245614035088,19.0,19.0,1.0,1.0,1.0,True,1.0,15.0,19.0,0.7894736842105263,1.0,0.7894736842105263,False,0.9298245614035088,57,6,10.0,57,49,19.0,3.0565723354247747,32.716385881344735,33.333333333333336,38.3516600476335,8
2018,SP,PSL,58,15.770774874969328,600403.14,False,10,16,0.27586206896551724,True,24,0.41379310344827586,True,13,0.22413793103448276,False,16.0,24.0,0.6666666666666666,1.0,0.6666666666666666,False,0.8620689655172413,13.0,16.0,0.8125,0.8125,1.0,False,0.9482758620689655,13.0,24.0,0.5416666666666666,0.5416666666666666,1.0,False,0.8103448275862069,58,10,3.0,58,41,16.0,3.6776886652573437,27.19099116374022,27.586206896551722,42.22922512503067,17
2018,SP,PSOL,82,5.80888139323592,1072913.3900000001,False,3,6,0.07317073170731707,False,10,0.12195121951219512,True,9,0.10975609756097561,False,6.0,10.0,0.6,1.0,0.6,False,0.9512195121951219,6.0,9.0,0.6666666666666666,1.0,0.6666666666666666,False,0.9634146341463414,9.0,10.0,0.9,0.9,1.0,False,0.9878048780487805,82,3,2.0,82,74,6.0,14.116315078404577,7.084001699068195,7.317073170731708,76.19111860676408,8
2018,SP,PSTU,7,2.6855398048396175,28103.0,False,0,3,0.42857142857142855,False,2,0.2857142857142857,False,3,0.42857142857142855,False,2.0,3.0,0.6666666666666666,0.6666666666666666,1.0,False,0.8571428571428572,3.0,3.0,1.0,1.0,1.0,True,1.0,2.0,3.0,0.6666666666666666,1.0,0.6666666666666666,False,0.8571428571428572,7,0,0.0,7,3,3.0,2.6065523167391835,38.36485435485168,42.857142857142854,4.3144601951603825,4
2018,SP,PT,72,23.88235737247482,16624381.69,False,8,24,0.3333333333333333,True,18,0.25,False,21,0.2916666666666667,False,18.0,24.0,0.75,0.75,1.0,False,0.9166666666666666,21.0,24.0,0.875,0.875,1.0,False,0.9583333333333334,18.0,21.0,0.8571428571428571,1.0,0.8571428571428571,False,0.9583333333333334,72,8,14.0,72,69,24.0,3.014777765740257,33.16994079510392,33.333333333333336,48.11764262752518,3
2018,SP,PTB,25,3.3234235082289834,4342000.0,False,0,3,0.12,False,4,0.16,False,4,0.16,False,3.0,4.0,0.75,1.0,0.75,False,0.96,3.0,4.0,0.75,1.0,0.75,False,0.96,4.0,4.0,1.0,1.0,1.0,True,1.0,25,0,1.0,25,19,3.0,7.522363592271221,13.293694032915932,12.0,21.676576491771016,6
2018,SP,PTC,29,4.959514170040486,35000.0,False,0,5,0.1724137931034483,True,5,0.1724137931034483,True,7,0.2413793103448276,False,5.0,5.0,1.0,1.0,1.0,True,1.0,5.0,7.0,0.7142857142857143,1.0,0.7142857142857143,False,0.9310344827586207,5.0,7.0,0.7142857142857143,1.0,0.7142857142857143,False,0.9310344827586207,29,0,0.0,29,7,5.0,5.84734693877551,17.10177300013961,17.24137931034483,24.040485829959515,22
2018,SP,PV,80,6.021361427836158,4587616.63,False,1,6,0.075,True,9,0.1125,False,8,0.1,False,6.0,9.0,0.6666666666666666,1.0,0.6666666666666666,False,0.9625,6.0,8.0,0.75,1.0,0.75,False,0.975,8.0,9.0,0.8888888888888888,0.8888888888888888,1.0,False,0.9875,80,1,3.0,80,70,6.0,13.286031898063436,7.526701784795198,7.5,73.97863857216385,10
2018,SP,REDE,30,2.3956599299432266,328500.0,False,0,2,0.06666666666666667,False,2,0.06666666666666667,False,2,0.06666666666666667,False,2.0,2.0,1.0,1.0,1.0,True,1.0,2.0,2.0,1.0,1.0,1.0,True,1.0,2.0,2.0,1.0,1.0,1.0,True,1.0,30,0,0.0,30,22,2.0,12.522645482788098,7.985533099810755,6.666666666666667,27.60434007005677,8
2018,SP,SOLIDARIEDADE,45,9.326822337349343,3681992.62,False,1,9,0.2,False,14,0.3111111111111111,False,8,0.17777777777777778,False,9.0,14.0,0.6428571428571429,1.0,0.6428571428571429,False,0.8888888888888888,8.0,9.0,0.8888888888888888,0.8888888888888888,1.0,False,0.9777777777777777,8.0,14.0,0.5714285714285714,0.5714285714285714,1.0,False,0.8666666666666667,45,1,3.0,45,45,9.0,4.824794380375093,20.72627186077632,20.0,35.67317766265066,0
2018,TO,AVANTE,1,1.0,9972.0,False,0,1,1.0,False,1,1.0,False,0,0.0,False,1.0,1.0,1.0,1.0,1.0,True,1.0,0.0,1.0,0.0,0.0,,False,0.0,0.0,1.0,0.0,0.0,,False,0.0,1,0,0.0,1,1,1.0,1.0,100.0,100.0,0.0,0
2018,TO,DC,3,1.0,10000.0,False,0,1,0.3333333333333333,False,1,0.3333333333333333,False,1,0.3333333333333333,False,1.0,1.0,1.0,1.0,1.0,True,1.0,1.0,1.0,1.0,1.0,1.0,True,1.0,1.0,1.0,1.0,1.0,1.0,True,1.0,3,0,0.0,3,1,1.0,3.0,33.333333333333336,33.333333333333336,2.0,2
2018,TO,DEM,2,1.6835945519946935,2760570.0,False,2,2,1.0,False,2,1.0,False,1,0.5,False,2.0,2.0,1.0,1.0,1.0,True,1.0,1.0,2.0,0.5,0.5,1.0,False,0.5,1.0,2.0,0.5,0.5,1.0,False,0.5,2,2,2.0,2,2,2.0,1.1879344689197495,84.17972759973468,100.0,0.31640544800530646,0
2018,TO,MDB,1,1.0,2360000.0,False,1,1,1.0,False,1,1.0,False,0,0.0,False,1.0,1.0,1.0,1.0,1.0,True,1.0,0.0,1.0,0.0,0.0,,False,0.0,0.0,1.0,0.0,0.0,,False,0.0,1,1,1.0,1,1,1.0,1.0,100.0,100.0,0.0,0
2018,TO,PATRI,1,1.0,8312.0,False,0,1,1.0,False,1,1.0,False,0,0.0,False,1.0,1.0,1.0,1.0,1.0,True,1.0,0.0,1.0,0.0,0.0,,False,0.0,0.0,1.0,0.0,0.0,,False,0.0,1,0,0.0,1,1,1.0,1.0,100.0,100.0,0.0,0
2018,TO,PC DO B,2,1.0,700.0,False,0,1,0.5,False,1,0.5,False,1,0.5,False,1.0,1.0,1.0,1.0,1.0,True,1.0,1.0,1.0,1.0,1.0,1.0,True,1.0,1.0,1.0,1.0,1.0,1.0,True,1.0,2,0,0.0,2,1,1.0,2.0,50.0,50.0,1.0,1
2018,TO,PDT,1,1.0,7500.0,False,0,1,1.0,False,1,1.0,False,0,0.0,False,1.0,1.0,1.0,1.0,1.0,True,1.0,0.0,1.0,0.0,0.0,,False,0.0,0.0,1.0,0.0,0.0,,False,0.0,1,0,0.0,1,1,1.0,1.0,100.0,100.0,0.0,0
2018,TO,PHS,2,1.9002733284630309,21564.0,False,0,2,1.0,False,2,1.0,False,1,0.5,False,2.0,2.0,1.0,1.0,1.0,True,1.0,1.0,2.0,0.5,0.5,1.0,False,0.5,1.0,2.0,0.5,0.5,1.0,False,0.5,2,0,1.0,2,2,2.0,1.052480172216925,95.01366642315155,100.0,0.09972667153696912,0
2018,TO,PMB,2,,0.0,True,0,0,0.0,False,0,0.0,False,0,0.0,False,0.0,0.0,,,,True,1.0,0.0,0.0,,,,True,1.0,0.0,0.0,,,,True,1.0,2,0,0.0,2,0,0.0,,,0.0,,2
2018,TO,PMN,2,1.0,150000.0,False,0,1,0.5,False,1,0.5,False,1,0.5,False,1.0,1.0,1.0,1.0,1.0,True,1.0,1.0,1.0,1.0,1.0,1.0,True,1.0,1.0,1.0,1.0,1.0,1.0,True,1.0,2,0,0.0,2,1,1.0,2.0,50.0,50.0,1.0,1
2018,TO,PODE,1,,0.0,True,0,0,0.0,False,0,0.0,False,0,0.0,False,0.0,0.0,,,,True,1.0,0.0,0.0,,,,True,1.0,0.0,0.0,,,,True,1.0,1,0,1.0,1,0,0.0,,,0.0,,1
2018,TO,PP,1,1.0,1756302.35,False,0,1,1.0,False,1,1.0,False,0,0.0,False,1.0,1.0,1.0,1.0,1.0,True,1.0,0.0,1.0,0.0,0.0,,False,0.0,0.0,1.0,0.0,0.0,,False,0.0,1,0,1.0,1,1,1.0,1.0,100.0,100.0,0.0,0
2018,TO,PPL,2,,0.0,True,0,0,0.0,False,0,0.0,False,0,0.0,False,0.0,0.0,,,,True,1.0,0.0,0.0,,,,True,1.0,0.0,0.0,,,,True,1.0,2,0,0.0,2,0,0.0,,,0.0,,2
2018,TO,PPS,1,1.0,292032.03,False,0,1,1.0,False,1,1.0,False,0,0.0,False,1.0,1.0,1.0,1.0,1.0,True,1.0,0.0,1.0,0.0,0.0,,False,0.0,0.0,1.0,0.0,0.0,,False,0.0,1,0,0.0,1,1,1.0,1.0,100.0,100.0,0.0,0
2018,TO,PR,2,1.0470327846175127,870000.0,False,1,1,0.5,False,1,0.5,False,1,0.5,False,1.0,1.0,1.0,1.0,1.0,True,1.0,1.0,1.0,1.0,1.0,1.0,True,1.0,1.0,1.0,1.0,1.0,1.0,True,1.0,2,1,1.0,2,2,1.0,1.910159862597437,52.351639230875634,50.0,0.9529672153824873,0
2018,TO,PRB,2,1.1431538621929462,868792.49,False,0,1,0.5,False,1,0.5,False,1,0.5,False,1.0,1.0,1.0,1.0,1.0,True,1.0,1.0,1.0,1.0,1.0,1.0,True,1.0,1.0,1.0,1.0,1.0,1.0,True,1.0,2,0,0.0,2,2,1.0,1.7495457664494438,57.15769310964731,50.0,0.8568461378070538,0
2018,TO,PROS,1,1.0,901726.85,False,0,1,1.0,False,1,1.0,False,0,0.0,False,1.0,1.0,1.0,1.0,1.0,True,1.0,0.0,1.0,0.0,0.0,,False,0.0,0.0,1.0,0.0,0.0,,False,0.0,1,0,1.0,1,1,1.0,1.0,100.0,100.0,0.0,0
2018,TO,PRP,2,,0.0,True,0,0,0.0,False,0,0.0,False,0,0.0,False,0.0,0.0,,,,True,1.0,0.0,0.0,,,,True,1.0,0.0,0.0,,,,True,1.0,2,0,0.0,2,0,0.0,,,0.0,,2
2018,TO,PRTB,10,6.622047244094488,2900.0,False,0,7,0.7,False,6,0.6,True,7,0.7,False,6.0,7.0,0.8571428571428571,0.8571428571428571,1.0,False,0.9,7.0,7.0,1.0,1.0,1.0,True,1.0,6.0,7.0,0.8571428571428571,1.0,0.8571428571428571,False,0.9,10,0,0.0,10,7,7.0,1.5101070154577885,66.22047244094487,70.0,3.377952755905512,3
2018,TO,PSB,3,1.8779149519890261,740000.0,False,0,2,0.6666666666666666,False,2,0.6666666666666666,False,1,0.3333333333333333,False,2.0,2.0,1.0,1.0,1.0,True,1.0,1.0,2.0,0.5,0.5,1.0,False,0.6666666666666667,1.0,2.0,0.5,0.5,1.0,False,0.6666666666666667,3,0,1.0,3,3,2.0,1.5975164353542732,62.597165066300875,66.66666666666667,1.1220850480109739,0
2018,TO,PSC,1,1.0,281824.73,False,1,1,1.0,False,1,1.0,False,0,0.0,False,1.0,1.0,1.0,1.0,1.0,True,1.0,0.0,1.0,0.0,0.0,,False,0.0,0.0,1.0,0.0,0.0,,False,0.0,1,1,1.0,1,1,1.0,1.0,100.0,100.0,0.0,0
2018,TO,PSD,2,,0.0,True,0,0,0.0,False,0,0.0,False,0,0.0,False,0.0,0.0,,,,True,1.0,0.0,0.0,,,,True,1.0,0.0,0.0,,,,True,1.0,2,0,1.0,2,0,0.0,,,0.0,,2
2018,TO,PSDB,6,3.08610711347882,427641.44,False,0,3,0.5,False,4,0.6666666666666666,True,1,0.16666666666666666,False,3.0,4.0,0.75,1.0,0.75,False,0.8333333333333334,1.0,3.0,0.3333333333333333,0.3333333333333333,1.0,False,0.6666666666666667,1.0,4.0,0.25,0.25,1.0,False,0.5,6,0,1.0,6,6,3.0,1.9441969378815531,51.43511855798033,50.0,2.91389288652118,0
2018,TO,PSL,10,7.692307692307692,10000.0,False,0,8,0.8,False,6,0.6,True,4,0.4,False,6.0,8.0,0.75,0.75,1.0,False,0.8,4.0,8.0,0.5,0.5,1.0,False,0.6,4.0,6.0,0.6666666666666666,0.6666666666666666,1.0,False,0.8,10,0,0.0,10,8,8.0,1.3,76.92307692307692,80.0,2.3076923076923084,2
2018,TO,PSOL,4,3.9701907038378206,38856.98,False,0,4,1.0,False,4,1.0,False,2,0.5,False,4.0,4.0,1.0,1.0,1.0,True,1.0,2.0,4.0,0.5,0.5,1.0,False,0.5,2.0,4.0,0.5,0.5,1.0,False,0.5,4,0,0.0,4,4,4.0,1.0075082781623976,99.25476759594551,100.0,0.02980929616217942,0
2018,TO,PT,8,2.17419631322219,569282.78,False,1,2,0.25,False,3,0.375,False,1,0.125,False,2.0,3.0,0.6666666666666666,1.0,0.6666666666666666,False,0.875,1.0,2.0,0.5,0.5,1.0,False,0.875,1.0,3.0,0.3333333333333333,0.3333333333333333,1.0,False,0.75,8,1,0.0,8,8,2.0,3.6795205434526217,27.17745391527738,25.0,5.82580368677781,0
2018,TO,PTC,1,,0.0,True,0,0,0.0,False,0,0.0,False,0,0.0,False,0.0,0.0,,,,True,1.0,0.0,0.0,,,,True,1.0,0.0,0.0,,,,True,1.0,1,0,0.0,1,0,0.0,,,0.0,,1
2018,TO,PV,3,1.8927038626609443,105000.0,False,0,2,0.6666666666666666,False,2,0.6666666666666666,False,2,0.6666666666666666,False,2.0,2.0,1.0,1.0,1.0,True,1.0,2.0,2.0,1.0,1.0,1.0,True,1.0,2.0,2.0,1.0,1.0,1.0,True,1.0,3,0,0.0,3,2,2.0,1.5850340136054422,63.09012875536481,66.66666666666667,1.1072961373390557,1
2018,TO,REDE,1,,0.0,True,0,0,0.0,False,0,0.0,False,0,0.0,False,0.0,0.0,,,,True,1.0,0.0,0.0,,,,True,1.0,0.0,0.0,,,,True,1.0,1,0,0.0,1,0,0.0,,,0.0,,1
2018,TO,SOLIDARIEDADE,2,1.977682107731719,1604100.0,False,2,2,1.0,False,2,1.0,False,1,0.5,False,2.0,2.0,1.0,1.0,1.0,True,1.0,1.0,2.0,0.5,0.5,1.0,False,0.5,1.0,2.0,0.5,0.5,1.0,False,0.5,2,2,1.0,2,2,2.0,1.0112848734288638,98.88410538658596,100.0,0.02231789226828096,0
2022,AC,AGIR,7,,0.0,True,0,0,0.0,False,0,0.0,False,0,0.0,False,0.0,0.0,,,,True,1.0,0.0,0.0,,,,True,1.0,0.0,0.0,,,,True,1.0,7,0,0.0,7,0,0.0,,,0.0,,7
2022,AC,CIDADANIA,2,1.977805791800572,47200.0,False,0,2,1.0,False,2,1.0,False,1,0.5,False,2.0,2.0,1.0,1.0,1.0,True,1.0,1.0,2.0,0.5,0.5,1.0,False,0.5,1.0,2.0,0.5,0.5,1.0,False,0.5,2,0,0.0,2,2,2.0,1.0112216317150242,98.8902895900286,100.0,0.022194208199427967,0
2022,AC,MDB,9,3.1592037516906544,6645078.5,False,0,3,0.3333333333333333,False,3,0.3333333333333333,False,3,0.3333333333333333,False,3.0,3.0,1.0,1.0,1.0,True,1.0,3.0,3.0,1.0,1.0,1.0,True,1.0,3.0,3.0,1.0,1.0,1.0,True,1.0,9,0,3.0,9,9,3.0,2.848819103605974,35.10226390767394,33.333333333333336,5.840796248309346,0
2022,AC,PATRIOTA,6,3.417634996582365,500000.0,False,0,3,0.5,False,4,0.6666666666666666,False,1,0.16666666666666666,False,3.0,4.0,0.75,1.0,0.75,False,0.8333333333333334,1.0,3.0,0.3333333333333333,0.3333333333333333,1.0,False,0.6666666666666667,1.0,4.0,0.25,0.25,1.0,False,0.5,6,0,1.0,6,6,3.0,1.7555999999999998,56.96058327637275,50.0,2.582365003417635,0
2022,AC,PC DO B,2,1.0340811162203973,2193611.23,False,0,1,0.5,False,1,0.5,False,1,0.5,False,1.0,1.0,1.0,1.0,1.0,True,1.0,1.0,1.0,1.0,1.0,1.0,True,1.0,1.0,1.0,1.0,1.0,1.0,True,1.0,2,0,1.0,2,2,1.0,1.934084249899147,51.70405581101987,50.0,0.9659188837796027,0
2022,AC,PDT,9,2.3179607903216985,2238215.41,False,0,2,0.2222222222222222,False,2,0.2222222222222222,False,2,0.2222222222222222,False,2.0,2.0,1.0,1.0,1.0,True,1.0,2.0,2.0,1.0,1.0,1.0,True,1.0,2.0,2.0,1.0,1.0,1.0,True,1.0,9,0,1.0,9,9,2.0,3.8827231407788108,25.755119892463316,22.22222222222222,6.682039209678301,0
2022,AC,PMN,3,,0.0,True,0,0,0.0,False,0,0.0,False,0,0.0,False,0.0,0.0,,,,True,1.0,0.0,0.0,,,,True,1.0,0.0,0.0,,,,True,1.0,3,0,0.0,3,0,0.0,,,0.0,,3
2022,AC,PODE,9,7.581766328936654,2432910.0,False,0,8,0.8888888888888888,False,6,0.6666666666666666,True,4,0.4444444444444444,False,6.0,8.0,0.75,0.75,1.0,False,0.7777777777777778,4.0,8.0,0.5,0.5,1.0,False,0.5555555555555556,4.0,6.0,0.6666666666666666,0.6666666666666666,1.0,False,0.7777777777777778,9,0,1.0,9,9,8.0,1.1870584781346398,84.24184809929616,88.88888888888889,1.418233671063346,0
2022,AC,PP,9,7.449666951323657,4670000.0,False,3,7,0.7777777777777778,False,7,0.7777777777777778,False,2,0.2222222222222222,False,7.0,7.0,1.0,1.0,1.0,True,1.0,2.0,7.0,0.2857142857142857,0.2857142857142857,1.0,False,0.4444444444444444,2.0,7.0,0.2857142857142857,0.2857142857142857,1.0,False,0.4444444444444444,9,3,2.0,9,9,7.0,1.2081076991503465,82.77407723692951,77.77777777777777,1.5503330486763431,0
2022,AC,PROS,7,3.5863666963885295,218910.0,False,0,4,0.5714285714285714,False,3,0.42857142857142855,False,2,0.2857142857142857,False,3.0,4.0,0.75,0.75,1.0,False,0.8571428571428572,2.0,4.0,0.5,0.5,1.0,False,0.7142857142857143,2.0,3.0,0.6666666666666666,0.6666666666666666,1.0,False,0.8571428571428572,7,0,1.0,7,6,4.0,1.9518361039458119,51.23380994840756,57.142857142857146,3.4136333036114705,1
2022,AC,PSB,7,5.253131465567602,736867.08,False,0,5,0.7142857142857143,False,5,0.7142857142857143,False,2,0.2857142857142857,False,5.0,5.0,1.0,1.0,1.0,True,1.0,2.0,5.0,0.4,0.4,1.0,False,0.5714285714285714,2.0,5.0,0.4,0.4,1.0,False,0.5714285714285714,7,0,0.0,7,7,5.0,1.3325385145760194,75.04473522239432,71.42857142857143,1.746868534432398,0
2022,AC,PSC,3,,0.0,True,0,0,0.0,False,0,0.0,False,0,0.0,False,0.0,0.0,,,,True,1.0,0.0,0.0,,,,True,1.0,0.0,0.0,,,,True,1.0,3,0,0.0,3,0,0.0,,,0.0,,3
2022,AC,PSD,9,6.079019073998703,3078441.3200000003,False,0,6,0.6666666666666666,True,6,0.6666666666666666,True,4,0.4444444444444444,False,6.0,6.0,1.0,1.0,1.0,True,1.0,4.0,6.0,0.6666666666666666,0.6666666666666666,1.0,False,0.7777777777777778,4.0,6.0,0.6666666666666666,0.6666666666666666,1.0,False,0.7777777777777778,9,0,2.0,9,9,6.0,1.480502016928187,67.54465637776337,66.66666666666667,2.920980926001297,0
2022,AC,PSDB,7,3.2814409937651687,6062566.0,False,0,3,0.42857142857142855,False,3,0.42857142857142855,False,2,0.2857142857142857,False,3.0,3.0,1.0,1.0,1.0,True,1.0,2.0,3.0,0.6666666666666666,0.6666666666666666,1.0,False,0.8571428571428572,2.0,3.0,0.6666666666666666,0.6666666666666666,1.0,False,0.8571428571428572,7,0,2.0,7,5,3.0,2.1332091642970874,46.87772848235955,42.857142857142854,3.7185590062348313,2
2022,AC,PSOL,5,3.980049589115946,107251.95999999999,False,0,4,0.8,False,4,0.8,False,1,0.2,False,4.0,4.0,1.0,1.0,1.0,True,1.0,1.0,4.0,0.25,0.25,1.0,False,0.4,1.0,4.0,0.25,0.25,1.0,False,0.4,5,0,0.0,5,5,4.0,1.2562657544954374,79.60099178231891,80.0,1.019950410884054,0
2022,AC,PT,5,1.835417881254365,2488830.0,False,0,2,0.4,False,2,0.4,False,1,0.2,False,2.0,2.0,1.0,1.0,1.0,True,1.0,1.0,2.0,0.5,0.5,1.0,False,0.8,1.0,2.0,0.5,0.5,1.0,False,0.8,5,0,2.0,5,5,2.0,2.7241752687855967,36.708357625087295,40.0,3.164582118745635,0
2022,AC,PV,2,1.8690379951495555,272000.0,False,0,2,1.0,False,2,1.0,False,1,0.5,False,2.0,2.0,1.0,1.0,1.0,True,1.0,1.0,2.0,0.5,0.5,1.0,False,0.5,1.0,2.0,0.5,0.5,1.0,False,0.5,2,0,1.0,2,2,2.0,1.070069204152249,93.45189975747778,100.0,0.1309620048504445,0
2022,AC,REDE,2,1.6817951232709933,111500.0,False,0,2,1.0,False,2,1.0,False,1,0.5,False,2.0,2.0,1.0,1.0,1.0,True,1.0,1.0,2.0,0.5,0.5,1.0,False,0.5,1.0,2.0,0.5,0.5,1.0,False,0.5,2,0,0.0,2,2,2.0,1.1892054937762673,84.08975616354967,100.0,0.31820487672900666,0
2022,AC,REPUBLICANOS,7,3.49490079286662,5872820.0,False,2,3,0.42857142857142855,False,3,0.42857142857142855,False,2,0.2857142857142857,False,3.0,3.0,1.0,1.0,1.0,True,1.0,2.0,3.0,0.6666666666666666,0.6666666666666666,1.0,False,0.8571428571428572,2.0,3.0,0.6666666666666666,0.6666666666666666,1.0,False,0.8571428571428572,7,2,2.0,7,7,3.0,2.0029180840519354,49.92715418380885,42.857142857142854,3.50509920713338,0
2022,AC,SOLIDARIEDADE,9,7.740195880403515,871170.0,False,0,8,0.8888888888888888,False,6,0.6666666666666666,False,4,0.4444444444444444,False,6.0,8.0,0.75,0.75,1.0,False,0.7777777777777778,4.0,8.0,0.5,0.5,1.0,False,0.5555555555555556,4.0,6.0,0.6666666666666666,0.6666666666666666,1.0,False,0.7777777777777778,9,0,1.0,9,9,8.0,1.162761271040444,86.00217644892795,88.88888888888889,1.2598041195964846,0
2022,AC,UNIAO,9,7.624442780635297,13025100.0,False,3,8,0.8888888888888888,True,7,0.7777777777777778,False,4,0.4444444444444444,False,7.0,8.0,0.875,0.875,1.0,False,0.8888888888888888,4.0,8.0,0.5,0.5,1.0,False,0.5555555555555556,4.0,7.0,0.5714285714285714,0.5714285714285714,1.0,False,0.6666666666666667,9,3,3.0,9,9,8.0,1.180414131096684,84.71603089594775,88.88888888888889,1.375557219364703,0
2022,AL,AGIR,7,2.5,30000.0,False,0,3,0.42857142857142855,True,3,0.42857142857142855,True,1,0.14285714285714285,False,3.0,3.0,1.0,1.0,1.0,True,1.0,1.0,3.0,0.3333333333333333,0.3333333333333333,1.0,False,0.7142857142857143,1.0,3.0,0.3333333333333333,0.3333333333333333,1.0,False,0.7142857142857143,7,0,0.0,7,5,3.0,2.8,35.714285714285715,42.857142857142854,4.5,2
2022,AL,AVANTE,9,6.30081971681175,522167.5,False,0,6,0.6666666666666666,False,6,0.6666666666666666,False,3,0.3333333333333333,False,6.0,6.0,1.0,1.0,1.0,True,1.0,3.0,6.0,0.5,0.5,1.0,False,0.6666666666666667,3.0,6.0,0.5,0.5,1.0,False,0.6666666666666667,9,0,0.0,9,9,6.0,1.4283855759253576,70.009107964575,66.66666666666667,2.69918028318825,0
2022,AL,CIDADANIA,2,1.175503210399193,2461473.0,False,0,1,0.5,False,1,0.5,False,1,0.5,False,1.0,1.0,1.0,1.0,1.0,True,1.0,1.0,1.0,1.0,1.0,1.0,True,1.0,1.0,1.0,1.0,1.0,1.0,True,1.0,2,0,1.0,2,2,1.0,1.7013990113398445,58.77516051995965,50.0,0.8244967896008071,0
2022,AL,DC,2,1.8538498458505028,11112.0,False,0,2,1.0,False,2,1.0,False,1,0.5,False,2.0,2.0,1.0,1.0,1.0,True,1.0,1.0,2.0,0.5,0.5,1.0,False,0.5,1.0,2.0,0.5,0.5,1.0,False,0.5,2,0,0.0,2,2,2.0,1.0788360257313325,92.69249229252515,100.0,0.14615015414949717,0
2022,AL,MDB,10,5.350270026106907,8848300.0,False,2,5,0.5,True,6,0.6,False,2,0.2,False,5.0,6.0,0.8333333333333334,1.0,0.8333333333333334,False,0.9,2.0,5.0,0.4,0.4,1.0,False,0.7,2.0,6.0,0.3333333333333333,0.3333333333333333,1.0,False,0.6,10,2,5.0,10,10,5.0,1.8690645427622354,53.50270026106907,50.0,4.649729973893093,0
2022,AL,PATRIOTA,9,6.485084306095979,500000.0,False,0,6,0.6666666666666666,True,6,0.6666666666666666,True,2,0.2222222222222222,False,6.0,6.0,1.0,1.0,1.0,True,1.0,2.0,6.0,0.3333333333333333,0.3333333333333333,1.0,False,0.5555555555555556,2.0,6.0,0.3333333333333333,0.3333333333333333,1.0,False,0.5555555555555556,9,0,0.0,9,9,6.0,1.3878,72.05649228995532,66.66666666666667,2.5149156939040207,0
2022,AL,PCO,2,2.0,6000.0,False,0,2,1.0,False,2,1.0,False,0,0.0,False,2.0,2.0,1.0,1.0,1.0,True,1.0,0.0,2.0,0.0,0.0,,False,0.0,0.0,2.0,0.0,0.0,,False,0.0,2,0,0.0,2,2,2.0,1.0,100.0,100.0,0.0,0
2022,AL,PDT,10,8.592136150234742,484000.0,False,0,9,0.9,False,7,0.7,False,6,0.6,False,7.0,9.0,0.7777777777777778,0.7777777777777778,1.0,False,0.8,6.0,9.0,0.6666666666666666,0.6666666666666666,1.0,False,0.7,6.0,7.0,0.8571428571428571,0.8571428571428571,1.0,False,0.9,10,0,0.0,10,10,9.0,1.1638549279420805,85.92136150234742,90.0,1.407863849765258,0
2022,AL,PMB,3,,0.0,True,0,0,0.0,False,0,0.0,False,0,0.0,False,0.0,0.0,,,,True,1.0,0.0,0.0,,,,True,1.0,0.0,0.0,,,,True,1.0,3,0,0.0,3,0,0.0,,,0.0,,3
2022,AL,PMN,3,3.0,150000.0,False,0,3,1.0,False,3,1.0,False,0,0.0,False,3.0,3.0,1.0,1.0,1.0,True,1.0,0.0,3.0,0.0,0.0,,False,0.0,0.0,3.0,0.0,0.0,,False,0.0,3,0,0.0,3,3,3.0,1.0,100.0,100.0,0.0,0
2022,AL,PP,10,8.525310700212186,18750000.0,False,4,9,0.9,False,7,0.7,False,5,0.5,False,7.0,9.0,0.7777777777777778,0.7777777777777778,1.0,False,0.8,5.0,9.0,0.5555555555555556,0.5555555555555556,1.0,False,0.6,5.0,7.0,0.7142857142857143,0.7142857142857143,1.0,False,0.8,10,4,4.0,10,10,9.0,1.1729777777777777,85.25310700212187,90.0,1.4746892997878138,0
2022,AL,PROS,7,,0.0,True,0,0,0.0,False,0,0.0,False,0,0.0,False,0.0,0.0,,,,True,1.0,0.0,0.0,,,,True,1.0,0.0,0.0,,,,True,1.0,7,0,0.0,7,0,0.0,,,0.0,,7
2022,AL,PSB,10,5.588537496392818,4062000.0,False,0,6,0.6,False,7,0.7,False,2,0.2,False,6.0,7.0,0.8571428571428571,1.0,0.8571428571428571,False,0.9,2.0,6.0,0.3333333333333333,0.3333333333333333,1.0,False,0.6,2.0,7.0,0.2857142857142857,0.2857142857142857,1.0,False,0.5,10,0,2.0,10,10,6.0,1.7893769177454044,55.88537496392818,60.0,4.411462503607182,0
2022,AL,PSD,10,3.6874513196804664,4763125.76,False,0,4,0.4,True,5,0.5,False,5,0.5,False,3.9999999999999996,5.0,0.7999999999999999,0.9999999999999999,0.7999999999999999,False,0.9,3.9999999999999996,5.0,0.7999999999999999,0.9999999999999999,0.7999999999999999,False,0.9,5.0,5.0,1.0,1.0,1.0,True,1.0,10,0,3.0,10,7,4.0,2.7119002077745513,36.87451319680466,40.0,6.312548680319534,3
2022,AL,PSDB,8,4.362460021752693,4997750.0,False,0,4,0.5,True,5,0.625,True,2,0.25,False,4.0,5.0,0.8,1.0,0.8,False,0.875,2.0,4.0,0.5,0.5,1.0,False,0.75,2.0,5.0,0.4,0.4,1.0,False,0.625,8,0,1.0,8,8,4.0,1.8338276935741091,54.530750271908666,50.0,3.6375399782473066,0
2022,AL,PSOL,5,4.089729364026181,203411.30000000002,False,0,4,0.8,False,4,0.8,False,2,0.4,False,4.0,4.0,1.0,1.0,1.0,True,1.0,2.0,4.0,0.5,0.5,1.0,False,0.6,2.0,4.0,0.5,0.5,1.0,False,0.6,5,0,0.0,5,5,4.0,1.222574785505536,81.79458728052361,80.0,0.9102706359738191,0
2022,AL,PSTU,1,,0.0,True,0,0,0.0,False,0,0.0,False,0,0.0,False,0.0,0.0,,,,True,1.0,0.0,0.0,,,,True,1.0,0.0,0.0,,,,True,1.0,1,0,0.0,1,0,0.0,,,0.0,,1
2022,AL,PT,2,1.2302000548095369,2010000.0,False,1,1,0.5,False,1,0.5,False,1,0.5,False,1.0,1.0,1.0,1.0,1.0,True,1.0,1.0,1.0,1.0,1.0,1.0,True,1.0,1.0,1.0,1.0,1.0,1.0,True,1.0,2,1,1.0,2,2,1.0,1.6257518378257965,61.51000274047684,50.0,0.7697999451904631,0
2022,AL,PTB,9,1.0761333136306894,274986.8,False,0,1,0.1111111111111111,False,1,0.1111111111111111,False,1,0.1111111111111111,False,1.0,1.0,1.0,1.0,1.0,True,1.0,1.0,1.0,1.0,1.0,1.0,True,1.0,1.0,1.0,1.0,1.0,1.0,True,1.0,9,0,0.0,9,3,1.0,8.363276079276407,11.957036818118771,11.11111111111111,7.92386668636931,6
2022,AL,PV,8,5.025736704331889,1800472.8,False,1,5,0.625,False,4,0.5,False,5,0.625,False,4.0,5.0,0.8,0.8,1.0,False,0.875,5.0,5.0,1.0,1.0,1.0,True,1.0,4.0,5.0,0.8,1.0,0.8,False,0.875,8,1,2.0,8,6,5.0,1.5918064297129755,62.821708804148614,62.5,2.974263295668111,2
2022,AL,REPUBLICANOS,10,4.30180628644574,4260000.0,False,0,4,0.4,True,5,0.5,False,3,0.3,False,4.0,5.0,0.8,1.0,0.8,False,0.9,3.0,4.0,0.75,0.75,1.0,False,0.9,3.0,5.0,0.6,0.6,1.0,False,0.8,10,0,4.0,10,9,4.0,2.3246049064339087,43.018062864457406,40.0,5.69819371355426,1
2022,AL,SOLIDARIEDADE,7,,0.0,True,0,0,0.0,False,0,0.0,False,0,0.0,False,0.0,0.0,,,,True,1.0,0.0,0.0,,,,True,1.0,0.0,0.0,,,,True,1.0,7,0,0.0,7,0,0.0,,,0.0,,7
2022,AL,UNIAO,9,4.715046624330451,7176829.44,False,1,5,0.5555555555555556,False,4,0.4444444444444444,False,4,0.4444444444444444,False,4.0,5.0,0.8,0.8,1.0,False,0.8888888888888888,4.0,5.0,0.8,0.8,1.0,False,0.8888888888888888,4.0,4.0,1.0,1.0,1.0,True,1.0,9,1,0.0,9,9,5.0,1.9087828216922507,52.38940693700502,55.55555555555556,4.284953375669549,0
2022,AL,UP,1,1.0,6630.0,False,0,1,1.0,False,1,1.0,False,0,0.0,False,1.0,1.0,1.0,1.0,1.0,True,1.0,0.0,1.0,0.0,0.0,,False,0.0,0.0,1.0,0.0,0.0,,False,0.0,1,0,0.0,1,1,1.0,1.0,100.0,100.0,0.0,0
2022,AM,AGIR,7,,0.0,True,0,0,0.0,False,0,0.0,False,0,0.0,False,0.0,0.0,,,,True,1.0,0.0,0.0,,,,True,1.0,0.0,0.0,,,,True,1.0,7,0,0.0,7,0,0.0,,,0.0,,7
2022,AM,AVANTE,9,7.072968934138431,1526000.0,False,0,7,0.7777777777777778,True,6,0.6666666666666666,True,3,0.3333333333333333,False,6.0,7.0,0.8571428571428571,0.8571428571428571,1.0,False,0.8888888888888888,3.0,7.0,0.42857142857142855,0.42857142857142855,1.0,False,0.5555555555555556,3.0,6.0,0.5,0.5,1.0,False,0.6666666666666667,9,0,4.0,9,9,7.0,1.2724500961061134,78.58854371264924,77.77777777777777,1.927031065861569,0
2022,AM,CIDADANIA,5,3.448687350835322,850000.0,False,1,3,0.6,False,3,0.6,False,2,0.4,False,3.0,3.0,1.0,1.0,1.0,True,1.0,2.0,3.0,0.6666666666666666,0.6666666666666666,1.0,False,0.8,2.0,3.0,0.6666666666666666,0.6666666666666666,1.0,False,0.8,5,1,0.0,5,5,3.0,1.4498269896193772,68.97374701670644,60.0,1.5513126491646778,0
2022,AM,DC,5,1.8576686946974639,173216.4,False,0,2,0.4,False,2,0.4,False,1,0.2,False,2.0,2.0,1.0,1.0,1.0,True,1.0,1.0,2.0,0.5,0.5,1.0,False,0.8,1.0,2.0,0.5,0.5,1.0,False,0.8,5,0,0.0,5,5,2.0,2.6915455992083075,37.15337389394928,40.0,3.142331305302536,0
2022,AM,MDB,9,3.7751650218694843,4712816.72,False,0,4,0.4444444444444444,False,3,0.3333333333333333,False,3,0.3333333333333333,False,3.0,4.0,0.75,0.75,1.0,False,0.8888888888888888,3.0,4.0,0.75,0.75,1.0,False,0.8888888888888888,3.0,3.0,1.0,1.0,1.0,True,1.0,9,0,1.0,9,9,4.0,2.3840017450530273,41.94627802077205,44.44444444444444,5.224834978130516,0
2022,AM,NOVO,1,1.0,1241.5300000000002,False,0,1,1.0,False,1,1.0,False,0,0.0,False,1.0,1.0,1.0,1.0,1.0,True,1.0,0.0,1.0,0.0,0.0,,False,0.0,0.0,1.0,0.0,0.0,,False,0.0,1,0,0.0,1,1,1.0,1.0,100.0,100.0,0.0,0
2022,AM,PATRIOTA,9,5.203824766338159,883650.0,False,0,5,0.5555555555555556,False,5,0.5555555555555556,False,5,0.5555555555555556,False,5.0,5.0,1.0,1.0,1.0,True,1.0,5.0,5.0,1.0,1.0,1.0,True,1.0,5.0,5.0,1.0,1.0,1.0,True,1.0,9,0,1.0,9,9,5.0,1.72949713030655,57.8202751815351,55.55555555555556,3.796175233661841,0
2022,AM,PC DO B,2,1.1252316108075868,3301322.34,False,0,1,0.5,False,1,0.5,False,1,0.5,False,1.0,1.0,1.0,1.0,1.0,True,1.0,1.0,1.0,1.0,1.0,1.0,True,1.0,1.0,1.0,1.0,1.0,1.0,True,1.0,2,0,1.0,2,2,1.0,1.7774118508496093,56.26158054037934,50.0,0.8747683891924132,0
2022,AM,PDT,9,6.121074192080108,820000.0,False,0,6,0.6666666666666666,False,5,0.5555555555555556,False,4,0.4444444444444444,False,5.0,6.0,0.8333333333333334,0.8333333333333334,1.0,False,0.8888888888888888,4.0,6.0,0.6666666666666666,0.6666666666666666,1.0,False,0.7777777777777778,4.0,5.0,0.8,0.8,1.0,False,0.8888888888888888,9,0,0.0,9,9,6.0,1.4703301606186796,68.01193546755675,66.66666666666667,2.8789258079198916,0
2022,AM,PL,9,3.332435033263789,3823011.67,False,1,3,0.3333333333333333,False,3,0.3333333333333333,False,3,0.3333333333333333,False,3.0,3.0,1.0,1.0,1.0,True,1.0,3.0,3.0,1.0,1.0,1.0,True,1.0,3.0,3.0,1.0,1.0,1.0,True,1.0,9,1,2.0,9,9,3.0,2.7007278191963415,37.02705592515321,33.333333333333336,5.667564966736212,0
2022,AM,PMN,9,4.198881836279685,265050.0,False,0,4,0.4444444444444444,True,3,0.3333333333333333,False,3,0.3333333333333333,False,3.0,4.0,0.75,0.75,1.0,False,0.8888888888888888,3.0,4.0,0.75,0.75,1.0,False,0.8888888888888888,3.0,3.0,1.0,1.0,1.0,True,1.0,9,0,0.0,9,8,4.0,2.1434277864733216,46.65424262532983,44.44444444444444,4.801118163720315,1
2022,AM,PODE,1,,0.0,True,0,0,0.0,False,0,0.0,False,0,0.0,False,0.0,0.0,,,,True,1.0,0.0,0.0,,,,True,1.0,0.0,0.0,,,,True,1.0,1,0,0.0,1,0,0.0,,,0.0,,1
2022,AM,PROS,5,1.0,3000000.0,False,0,1,0.2,False,1,0.2,False,1,0.2,False,1.0,1.0,1.0,1.0,1.0,True,1.0,1.0,1.0,1.0,1.0,1.0,True,1.0,1.0,1.0,1.0,1.0,1.0,True,1.0,5,0,0.0,5,1,1.0,5.0,20.0,20.0,4.0,4
2022,AM,PSB,2,,0.0,True,0,0,0.0,False,0,0.0,False,0,0.0,False,0.0,0.0,,,,True,1.0,0.0,0.0,,,,True,1.0,0.0,0.0,,,,True,1.0,2,0,0.0,2,0,0.0,,,0.0,,2
2022,AM,PSC,9,6.670929101454322,249261.0,False,0,7,0.7777777777777778,False,6,0.6666666666666666,False,4,0.4444444444444444,False,6.0,7.0,0.8571428571428571,0.8571428571428571,1.0,False,0.8888888888888888,4.0,7.0,0.5714285714285714,0.5714285714285714,1.0,False,0.6666666666666667,4.0,6.0,0.6666666666666666,0.6666666666666666,1.0,False,0.7777777777777778,9,0,0.0,9,8,7.0,1.3491374084665237,74.12143446060358,77.77777777777777,2.3290708985456776,1
2022,AM,PSD,9,6.413768476703732,11022487.7,False,2,6,0.6666666666666666,False,6,0.6666666666666666,False,3,0.3333333333333333,False,6.0,6.0,1.0,1.0,1.0,True,1.0,3.0,6.0,0.5,0.5,1.0,False,0.6666666666666667,3.0,6.0,0.5,0.5,1.0,False,0.6666666666666667,9,2,3.0,9,9,6.0,1.4032311943734874,71.26409418559702,66.66666666666667,2.5862315232962683,0
2022,AM,PSDB,4,3.127659574468085,210000.0,False,0,3,0.75,False,3,0.75,False,1,0.25,False,3.0,3.0,1.0,1.0,1.0,True,1.0,1.0,3.0,0.3333333333333333,0.3333333333333333,1.0,False,0.5,1.0,3.0,0.3333333333333333,0.3333333333333333,1.0,False,0.5,4,0,1.0,4,4,3.0,1.2789115646258504,78.19148936170212,75.0,0.8723404255319149,0
2022,AM,PSOL,3,2.941176508862733,180810.06,False,0,3,1.0,False,3,1.0,False,1,0.3333333333333333,False,3.0,3.0,1.0,1.0,1.0,True,1.0,1.0,3.0,0.3333333333333333,0.3333333333333333,1.0,False,0.33333333333333337,1.0,3.0,0.3333333333333333,0.3333333333333333,1.0,False,0.33333333333333337,3,0,0.0,3,3,3.0,1.0199999867264045,98.03921696209109,100.0,0.05882349113726715,0
2022,AM,PT,5,3.486547300340961,4007278.51,False,0,3,0.6,False,3,0.6,False,2,0.4,False,3.0,3.0,1.0,1.0,1.0,True,1.0,2.0,3.0,0.6666666666666666,0.6666666666666666,1.0,False,0.8,2.0,3.0,0.6666666666666666,0.6666666666666666,1.0,False,0.8,5,0,1.0,5,5,3.0,1.4340835127953186,69.73094600681921,60.0,1.5134526996590392,0
2022,AM,PTB,6,3.226654670616814,502250.0,False,0,3,0.5,True,3,0.5,True,2,0.3333333333333333,False,3.0000000000000004,3.0000000000000004,1.0,1.0000000000000002,1.0000000000000002,True,1.0,2.0,3.0000000000000004,0.6666666666666665,0.6666666666666666,1.0,False,0.8333333333333334,2.0,3.0000000000000004,0.6666666666666665,0.6666666666666666,1.0,False,0.8333333333333334,6,0,0.0,6,6,3.0,1.859511045491902,53.777577843613564,50.0,2.773345329383186,0
2022,AM,PV,2,1.8615367260088245,100000.07,False,0,2,1.0,False,2,1.0,False,1,0.5,False,2.0,2.0,1.0,1.0,1.0,True,1.0,1.0,2.0,0.5,0.5,1.0,False,0.5,1.0,2.0,0.5,0.5,1.0,False,0.5,2,0,0.0,2,2,2.0,1.0743811669448198,93.07683630044123,100.0,0.13846327399117553,0
2022,AM,REDE,6,2.1370829774220317,1293382.8,False,0,2,0.3333333333333333,False,2,0.3333333333333333,False,2,0.3333333333333333,False,2.0,2.0,1.0,1.0,1.0,True,1.0,2.0,2.0,1.0,1.0,1.0,True,1.0,2.0,2.0,1.0,1.0,1.0,True,1.0,6,0,1.0,6,6,2.0,2.807565295025565,35.61804962370053,33.333333333333336,3.8629170225779683,0
2022,AM,REPUBLICANOS,9,3.476080900388692,6868987.390000001,False,2,3,0.3333333333333333,False,3,0.3333333333333333,False,2,0.2222222222222222,False,3.0,3.0,1.0,1.0,1.0,True,1.0,2.0,3.0,0.6666666666666666,0.6666666666666666,1.0,False,0.8888888888888888,2.0,3.0,0.6666666666666666,0.6666666666666666,1.0,False,0.8888888888888888,9,2,3.0,9,8,3.0,2.589122709714158,38.62312111542991,33.333333333333336,5.523919099611308,1
2022,AM,SOLIDARIEDADE,5,4.770992366412212,250000.0,False,0,5,1.0,False,4,0.8,True,1,0.2,False,4.0,5.0,0.8,0.8,1.0,False,0.8,1.0,5.0,0.2,0.2,1.0,False,0.19999999999999996,1.0,4.0,0.25,0.25,1.0,False,0.4,5,0,1.0,5,5,5.0,1.0480000000000003,95.41984732824424,100.0,0.22900763358778775,0
2022,AM,UNIAO,9,7.784706602462247,19448227.740000002,False,2,8,0.8888888888888888,False,6,0.6666666666666666,False,7,0.7777777777777778,False,6.0,8.0,0.75,0.75,1.0,False,0.7777777777777778,7.0,8.0,0.875,0.875,1.0,False,0.8888888888888888,6.0,7.0,0.8571428571428571,1.0,0.8571428571428571,False,0.8888888888888888,9,2,3.0,9,9,8.0,1.1561129352201103,86.4967400273583,88.88888888888889,1.215293397537753,0
2022,AP,AGIR,3,,0.0,True,0,0,0.0,False,0,0.0,False,0,0.0,False,0.0,0.0,,,,True,1.0,0.0,0.0,,,,True,1.0,0.0,0.0,,,,True,1.0,3,0,0.0,3,0,0.0,,,0.0,,3
2022,AP,AVANTE,5,,0.0,True,0,0,0.0,False,0,0.0,False,0,0.0,False,0.0,0.0,,,,True,1.0,0.0,0.0,,,,True,1.0,0.0,0.0,,,,True,1.0,5,0,1.0,5,0,0.0,,,0.0,,5
2022,AP,MDB,9,6.2422738133020355,5105000.0,False,2,6,0.6666666666666666,False,7,0.7777777777777778,True,2,0.2222222222222222,False,6.0,7.0,0.8571428571428571,1.0,0.8571428571428571,False,0.8888888888888888,2.0,6.0,0.3333333333333333,0.3333333333333333,1.0,False,0.5555555555555556,2.0,7.0,0.2857142857142857,0.2857142857142857,1.0,False,0.4444444444444444,9,2,1.0,9,9,6.0,1.44178231669706,69.35859792557818,66.66666666666667,2.7577261866979645,0
2022,AP,PATRIOTA,9,8.667163584045484,500000.0,False,0,9,1.0,False,7,0.7777777777777778,True,2,0.2222222222222222,False,7.0,9.0,0.7777777777777778,0.7777777777777778,1.0,False,0.7777777777777778,2.0,9.0,0.2222222222222222,0.2222222222222222,1.0,False,0.2222222222222222,2.0,7.0,0.2857142857142857,0.2857142857142857,1.0,False,0.4444444444444444,9,0,0.0,9,9,9.0,1.038402,96.30181760050539,100.0,0.33283641595451563,0
2022,AP,PC DO B,2,1.5933954276037254,2425000.0,False,0,2,1.0,False,2,1.0,False,1,0.5,False,2.0,2.0,1.0,1.0,1.0,True,1.0,1.0,2.0,0.5,0.5,1.0,False,0.5,1.0,2.0,0.5,0.5,1.0,False,0.5,2,0,1.0,2,2,2.0,1.255181209480285,79.66977138018628,100.0,0.40660457239627457,0
2022,AP,PCO,1,1.0,3000.0,False,0,1,1.0,False,1,1.0,False,0,0.0,False,1.0,1.0,1.0,1.0,1.0,True,1.0,0.0,1.0,0.0,0.0,,False,0.0,0.0,1.0,0.0,0.0,,False,0.0,1,0,0.0,1,1,1.0,1.0,100.0,100.0,0.0,0
2022,AP,PDT,9,7.770198601059861,2226380.0,False,3,8,0.8888888888888888,True,7,0.7777777777777778,False,2,0.2222222222222222,False,7.0,8.0,0.875,0.875,1.0,False,0.8888888888888888,2.0,8.0,0.25,0.25,1.0,False,0.33333333333333337,2.0,7.0,0.2857142857142857,0.2857142857142857,1.0,False,0.4444444444444444,9,3,2.0,9,9,8.0,1.1582715529011567,86.33554001177623,88.88888888888889,1.2298013989401388,0
2022,AP,PL,9,7.307505424427515,4976000.0,False,3,7,0.7777777777777778,False,6,0.6666666666666666,True,2,0.2222222222222222,False,6.0,7.0,0.8571428571428571,0.8571428571428571,1.0,False,0.888888888888889,2.0,7.0,0.2857142857142857,0.2857142857142857,1.0,False,0.4444444444444444,2.0,6.0,0.3333333333333333,0.3333333333333333,1.0,False,0.5555555555555556,9,3,4.0,9,9,7.0,1.2316104439573616,81.19450471586129,77.77777777777777,1.6924945755724847,0
2022,AP,PODE,9,5.437177856091453,4801200.0,False,0,5,0.5555555555555556,False,5,0.5555555555555556,False,3,0.3333333333333333,False,5.0,5.0,1.0,1.0,1.0,True,1.0,3.0,5.0,0.6,0.6,1.0,False,0.7777777777777778,3.0,5.0,0.6,0.6,1.0,False,0.7777777777777778,9,0,3.0,9,8,5.0,1.6552704800555673,60.41308728990503,55.55555555555556,3.562822143908547,1
2022,AP,PP,9,3.9741235392320537,6900000.0,False,0,4,0.4444444444444444,False,4,0.4444444444444444,False,2,0.2222222222222222,False,4.0,4.0,1.0,1.0,1.0,True,1.0,2.0,4.0,0.5,0.5,1.0,False,0.7777777777777778,2.0,4.0,0.5,0.5,1.0,False,0.7777777777777778,9,0,3.0,9,9,4.0,2.264650283553875,44.15692821368949,44.44444444444444,5.025876460767947,0
2022,AP,PRTB,6,3.0,1303.65,False,0,3,0.5,False,3,0.5,False,3,0.5,False,3.0,3.0,1.0,1.0,1.0,True,1.0,3.0,3.0,1.0,1.0,1.0,True,1.0,3.0,3.0,1.0,1.0,1.0,True,1.0,6,0,0.0,6,3,3.0,2.0,50.0,50.0,3.0,3
2022,AP,PSB,5,2.251282775984944,4086000.0,False,0,2,0.4,False,2,0.4,False,2,0.4,False,2.0,2.0,1.0,1.0,1.0,True,1.0,2.0,2.0,1.0,1.0,1.0,True,1.0,2.0,2.0,1.0,1.0,1.0,True,1.0,5,0,3.0,5,5,2.0,2.220956004877034,45.02565551969888,40.0,2.748717224015056,0
2022,AP,PSC,9,2.1099024093682837,2499999.96,False,0,2,0.2222222222222222,False,2,0.2222222222222222,False,2,0.2222222222222222,False,2.0,2.0,1.0,1.0,1.0,True,1.0,2.0,2.0,1.0,1.0,1.0,True,1.0,2.0,2.0,1.0,1.0,1.0,True,1.0,9,0,1.0,9,7,2.0,4.265600133939204,23.44336010409204,22.22222222222222,6.890097590631717,2
2022,AP,PSD,9,6.9633558681179695,2118682.0,False,0,7,0.7777777777777778,False,6,0.6666666666666666,True,3,0.3333333333333333,False,6.0,7.0,0.8571428571428571,0.8571428571428571,1.0,False,0.8888888888888888,3.0,7.0,0.42857142857142855,0.42857142857142855,1.0,False,0.5555555555555556,3.0,6.0,0.5,0.5,1.0,False,0.6666666666666667,9,0,1.0,9,8,7.0,1.2924802595838731,77.37062075686633,77.77777777777777,2.0366441318820305,1
2022,AP,PSDB,7,2.827077369297097,3527720.0,False,0,3,0.42857142857142855,False,3,0.42857142857142855,False,2,0.2857142857142857,False,3.0,3.0,1.0,1.0,1.0,True,1.0,2.0,3.0,0.6666666666666666,0.6666666666666666,1.0,False,0.8571428571428572,2.0,3.0,0.6666666666666666,0.6666666666666666,1.0,False,0.8571428571428572,7,0,2.0,7,7,3.0,2.4760553340428837,40.3868195613871,42.857142857142854,4.172922630702903,0
2022,AP,PSOL,3,1.51799917102556,1828205.81,False,0,2,0.6666666666666666,False,2,0.6666666666666666,False,1,0.3333333333333333,False,2.0,2.0,1.0,1.0,1.0,True,1.0,1.0,2.0,0.5,0.5,1.0,False,0.6666666666666667,1.0,2.0,0.5,0.5,1.0,False,0.6666666666666667,3,0,1.0,3,3,2.0,1.9762856642228601,50.59997236751867,66.66666666666667,1.48200082897444,0
2022,AP,PT,4,3.1225842991868045,1153976.3900000001,False,0,3,0.75,False,3,0.75,False,2,0.5,False,3.0,3.0,1.0,1.0,1.0,True,1.0,2.0,3.0,0.6666666666666666,0.6666666666666666,1.0,False,0.75,2.0,3.0,0.6666666666666666,0.6666666666666666,1.0,False,0.75,4,0,2.0,4,4,3.0,1.280990236529946,78.06460747967012,75.0,0.8774157008131955,0
2022,AP,PTB,9,4.070796243963222,7070000.0,False,0,4,0.4444444444444444,False,5,0.5555555555555556,False,2,0.2222222222222222,False,4.0,5.0,0.8,1.0,0.8,False,0.8888888888888888,2.0,4.0,0.5,0.5,1.0,False,0.7777777777777778,2.0,5.0,0.4,0.4,1.0,False,0.6666666666666667,9,0,1.0,9,9,4.0,2.2108696826441583,45.23106937736913,44.44444444444444,4.929203756036778,0
2022,AP,PV,3,1.0,299998.7,False,0,1,0.3333333333333333,False,1,0.3333333333333333,False,1,0.3333333333333333,False,1.0,1.0,1.0,1.0,1.0,True,1.0,1.0,1.0,1.0,1.0,1.0,True,1.0,1.0,1.0,1.0,1.0,1.0,True,1.0,3,0,1.0,3,1,1.0,3.0,33.333333333333336,33.333333333333336,2.0,2
2022,AP,REDE,6,4.481432405080442,3850980.44,False,0,4,0.6666666666666666,False,4,0.6666666666666666,False,2,0.3333333333333333,False,4.0,4.0,1.0,1.0,1.0,True,1.0,2.0,4.0,0.5,0.5,1.0,False,0.6666666666666667,2.0,4.0,0.5,0.5,1.0,False,0.6666666666666667,6,0,2.0,6,6,4.0,1.3388576369461718,74.69054008467403,66.66666666666667,1.518567594919558,0
2022,AP,REPUBLICANOS,8,3.464812058258373,5455164.27,False,0,3,0.375,False,3,0.375,False,3,0.375,False,3.0,3.0,1.0,1.0,1.0,True,1.0,3.0,3.0,1.0,1.0,1.0,True,1.0,3.0,3.0,1.0,1.0,1.0,True,1.0,8,0,4.0,8,5,3.0,2.3089275451267306,43.310150728229665,37.5,4.535187941741627,3
2022,BA,AGIR,13,3.2131147540983607,56000.0,False,0,3,0.23076923076923078,True,3,0.23076923076923078,True,4,0.3076923076923077,False,2.9999999999999996,2.9999999999999996,1.0,0.9999999999999999,0.9999999999999999,True,1.0,2.9999999999999996,4.0,0.7499999999999999,0.9999999999999999,0.7499999999999999,False,0.9230769230769231,2.9999999999999996,4.0,0.7499999999999999,0.9999999999999999,0.7499999999999999,False,0.9230769230769231,13,0,0.0,13,4,3.0,4.045918367346939,24.71626733921816,23.076923076923077,9.78688524590164,9
2022,BA,AVANTE,26,5.645451358724222,4931400.0,False,1,6,0.23076923076923078,False,6,0.23076923076923078,False,6,0.23076923076923078,False,6.0,6.0,1.0,1.0,1.0,True,1.0,6.0,6.0,1.0,1.0,1.0,True,1.0,6.0,6.0,1.0,1.0,1.0,True,1.0,26,1,4.0,26,26,6.0,4.60547763994473,21.713274456631623,23.076923076923077,20.354548641275777,0
2022,BA,CIDADANIA,12,1.9746524193157915,3259398.5100000007,False,0,2,0.16666666666666666,False,2,0.16666666666666666,False,2,0.16666666666666666,False,2.0,2.0,1.0,1.0,1.0,True,1.0,2.0,2.0,1.0,1.0,1.0,True,1.0,2.0,2.0,1.0,1.0,1.0,True,1.0,12,0,1.0,12,12,2.0,6.07701886297435,16.455436827631598,16.666666666666668,10.025347580684208,0
2022,BA,DC,15,13.45659086973849,140164.1,False,0,13,0.8666666666666667,True,11,0.7333333333333333,True,7,0.4666666666666667,False,11.0,13.0,0.8461538461538461,0.8461538461538461,1.0,False,0.8666666666666667,7.0,13.0,0.5384615384615384,0.5384615384615384,1.0,False,0.6000000000000001,7.0,11.0,0.6363636363636364,0.6363636363636364,1.0,False,0.7333333333333334,15,0,0.0,15,14,13.0,1.114695404296817,89.7106057982566,86.66666666666667,1.5434091302615105,1
2022,BA,MDB,39,4.40557401294181,5526376.92,False,1,4,0.10256410256410256,False,8,0.20512820512820512,False,9,0.23076923076923078,False,4.0,8.0,0.5,1.0,0.5,False,0.8974358974358975,4.0,9.0,0.4444444444444444,1.0,0.4444444444444444,False,0.8717948717948718,8.0,9.0,0.8888888888888888,1.0,0.8888888888888888,False,0.9743589743589743,39,1,2.0,39,39,4.0,8.852421928546345,11.296343622927717,10.256410256410257,34.59442598705819,0
2022,BA,NOVO,6,5.999999999999999,7449.180000000002,False,0,6,1.0,False,5,0.8333333333333334,True,0,0.0,False,5.0,6.0,0.8333333333333334,0.8333333333333334,1.0,False,0.8333333333333334,0.0,6.0,0.0,0.0,,False,0.0,0.0,5.0,0.0,0.0,,False,0.16666666666666663,6,0,0.0,6,6,6.0,1.0000000000000002,99.99999999999999,100.0,8.881784197001252e-16,0
2022,BA,PATRIOTA,24,2.7777250486834997,824000.0,False,0,3,0.125,False,2,0.08333333333333333,False,2,0.08333333333333333,False,2.0,3.0,0.6666666666666666,0.6666666666666666,1.0,False,0.9583333333333334,2.0,3.0,0.6666666666666666,0.6666666666666666,1.0,False,0.9583333333333334,2.0,2.0,1.0,1.0,1.0,True,1.0,24,0,0.0,24,10,3.0,8.64016401168819,11.573854369514583,12.5,21.2222749513165,14
2022,BA,PC DO B,3,2.0750179790676526,6037478.58,False,2,2,0.6666666666666666,False,2,0.6666666666666666,False,2,0.6666666666666666,False,2.0,2.0,1.0,1.0,1.0,True,1.0,2.0,2.0,1.0,1.0,1.0,True,1.0,2.0,2.0,1.0,1.0,1.0,True,1.0,3,2,2.0,3,3,2.0,1.4457706054903487,69.16726596892175,66.66666666666667,0.9249820209323474,0
2022,BA,PCB,2,,0.0,True,0,0,0.0,False,0,0.0,False,0,0.0,False,0.0,0.0,,,,True,1.0,0.0,0.0,,,,True,1.0,0.0,0.0,,,,True,1.0,2,0,0.0,2,0,0.0,,,0.0,,2
2022,BA,PDT,39,9.35630649901071,6228081.77,False,2,9,0.23076923076923078,False,11,0.28205128205128205,False,8,0.20512820512820512,False,9.0,11.0,0.8181818181818182,1.0,0.8181818181818182,False,0.9487179487179487,8.0,9.0,0.8888888888888888,0.8888888888888888,1.0,False,0.9743589743589743,8.0,11.0,0.7272727272727273,0.7272727272727273,1.0,False,0.9230769230769231,39,2,6.0,39,39,9.0,4.168311502420711,23.990529484642845,23.076923076923077,29.64369350098929,0
2022,BA,PL,37,9.694252960797288,6529980.48,False,3,10,0.2702702702702703,False,8,0.21621621621621623,False,10,0.2702702702702703,False,8.0,10.0,0.8,0.8,1.0,False,0.9459459459459459,10.0,10.0,1.0,1.0,1.0,True,1.0,8.0,10.0,0.8,1.0,0.8,False,0.9459459459459459,37,3,4.0,37,29,10.0,3.8166942981191814,26.200683677830508,27.027027027027028,27.305747039202714,8
2022,BA,PMB,31,30.024769916863466,14027.630000000005,False,0,30,0.967741935483871,True,24,0.7741935483870968,True,22,0.7096774193548387,False,24.0,30.0,0.8,0.8,1.0,False,0.8064516129032258,22.0,30.0,0.7333333333333333,0.7333333333333333,1.0,False,0.7419354838709677,22.0,24.0,0.9166666666666666,0.9166666666666666,1.0,False,0.935483870967742,31,0,0.0,31,31,30.0,1.0324808511717785,96.85409650601117,96.7741935483871,0.9752300831365339,0
2022,BA,PODE,39,14.16122150902664,6077237.5,False,1,14,0.358974358974359,False,17,0.4358974358974359,False,9,0.23076923076923078,False,14.0,17.0,0.8235294117647058,1.0,0.8235294117647058,False,0.9230769230769231,9.0,14.0,0.6428571428571429,0.6428571428571429,1.0,False,0.8717948717948718,9.0,17.0,0.5294117647058824,0.5294117647058824,1.0,False,0.7948717948717949,39,1,4.0,39,37,14.0,2.753999715006268,36.31082438211959,35.8974358974359,24.83877849097336,2
2022,BA,PP,38,13.273462548323685,20060000.0,False,4,13,0.34210526315789475,True,11,0.2894736842105263,False,10,0.2631578947368421,False,11.0,12.999999999999998,0.8461538461538463,0.8461538461538461,1.0,False,0.9473684210526316,10.0,12.999999999999998,0.7692307692307694,0.7692307692307693,1.0,False,0.9210526315789473,10.0,11.0,0.9090909090909091,0.9090909090909091,1.0,False,0.9736842105263158,38,4,5.0,38,37,13.0,2.862855103681974,34.9301646008518,34.21052631578947,24.726537451676315,1
2022,BA,PROS,23,7.1459084160093855,1950930.0,False,0,7,0.30434782608695654,True,6,0.2608695652173913,False,8,0.34782608695652173,False,6.0,7.0,0.8571428571428571,0.8571428571428571,1.0,False,0.9565217391304348,7.0,8.0,0.875,1.0,0.875,False,0.9565217391304348,6.0,8.0,0.75,1.0,0.75,False,0.9130434782608696,23,0,0.0,23,12,7.0,3.2186250734016952,31.069167026127765,30.434782608695652,15.854091583990614,11
2022,BA,PRTB,11,2.0,12420.0,False,0,2,0.18181818181818182,False,2,0.18181818181818182,False,2,0.18181818181818182,False,2.0,2.0,1.0,1.0,1.0,True,1.0,2.0,2.0,1.0,1.0,1.0,True,1.0,2.0,2.0,1.0,1.0,1.0,True,1.0,11,0,0.0,11,2,2.0,5.5,18.181818181818183,18.181818181818183,9.0,9
2022,BA,PSB,30,3.1512483176388195,5608089.539999998,False,1,3,0.1,False,6,0.2,False,4,0.13333333333333333,False,3.0,6.0,0.5,1.0,0.5,False,0.9,3.0,4.0,0.75,1.0,0.75,False,0.9666666666666667,4.0,6.0,0.6666666666666666,0.6666666666666666,1.0,False,0.9333333333333333,30,1,2.0,30,29,3.0,9.520036815911265,10.504161058796065,10.0,26.84875168236118,1
2022,BA,PSC,38,4.973624133991758,5589660.0,False,0,5,0.13157894736842105,False,5,0.13157894736842105,False,5,0.13157894736842105,False,5.0,5.0,1.0,1.0,1.0,True,1.0,5.0,5.0,1.0,1.0,1.0,True,1.0,5.0,5.0,1.0,1.0,1.0,True,1.0,38,0,3.0,38,35,5.0,7.6403039265256565,13.088484563136205,13.157894736842104,33.026375866008244,3
2022,BA,PSD,13,10.876176457338207,18325163.77,False,6,11,0.8461538461538461,False,8,0.6153846153846154,False,8,0.6153846153846154,False,8.0,11.0,0.7272727272727273,0.7272727272727273,1.0,False,0.7692307692307692,8.0,11.0,0.7272727272727273,0.7272727272727273,1.0,False,0.7692307692307692,8.0,8.0,1.0,1.0,1.0,True,1.0,13,6,7.0,13,13,11.0,1.1952729942358409,83.66289582567853,84.61538461538461,2.1238235426617926,0
2022,BA,PSDB,17,3.8051802736381384,5999400.0,False,1,4,0.23529411764705882,True,5,0.29411764705882354,False,2,0.11764705882352941,False,4.0,5.0,0.8,1.0,0.8,False,0.9411764705882353,2.0,4.0,0.5,0.5,1.0,False,0.8823529411764706,2.0,5.0,0.4,0.4,1.0,False,0.8235294117647058,17,1,3.0,17,17,4.0,4.467593852983548,22.383413374341988,23.529411764705884,13.194819726361862,0
2022,BA,PSOL,27,16.379922668795693,1130324.22,False,0,16,0.5925925925925926,True,16,0.5925925925925926,True,10,0.37037037037037035,False,16.0,16.0,1.0,1.0,1.0,True,1.0,10.0,16.0,0.625,0.625,1.0,False,0.7777777777777778,10.0,16.0,0.625,0.625,1.0,False,0.7777777777777778,27,0,0.0,27,27,16.0,1.6483594303797242,60.66638025479887,59.25925925925926,10.620077331204307,0
2022,BA,PT,26,15.512890052380074,25372596.42,False,7,16,0.6153846153846154,False,11,0.4230769230769231,False,11,0.4230769230769231,False,11.0,16.0,0.6875,0.6875,1.0,False,0.8076923076923077,11.0,16.0,0.6875,0.6875,1.0,False,0.8076923076923077,11.0,11.0,1.0,1.0,1.0,True,1.0,26,7,8.0,26,26,16.0,1.6760255447057033,59.664961739923356,61.53846153846154,10.487109947619926,0
2022,BA,PTB,36,5.090969290621638,992000.0,False,0,5,0.1388888888888889,True,9,0.25,True,7,0.19444444444444445,False,5.0,9.0,0.5555555555555556,1.0,0.5555555555555556,False,0.8888888888888888,5.0,7.0,0.7142857142857143,1.0,0.7142857142857143,False,0.9444444444444444,7.0,9.0,0.7777777777777778,0.7777777777777778,1.0,False,0.9444444444444444,36,0,3.0,36,25,5.0,7.071344953173776,14.141581362837885,13.88888888888889,30.909030709378364,11
2022,BA,PV,3,1.2514026001614889,2373624.52,False,1,1,0.3333333333333333,False,1,0.3333333333333333,False,1,0.3333333333333333,False,1.0,1.0,1.0,1.0,1.0,True,1.0,1.0,1.0,1.0,1.0,1.0,True,1.0,1.0,1.0,1.0,1.0,1.0,True,1.0,3,1,1.0,3,3,1.0,2.397310026056252,41.713420005382964,33.333333333333336,1.7485973998385111,0
2022,BA,REDE,13,7.68586039432578,656831.0,False,0,8,0.6153846153846154,True,6,0.46153846153846156,True,5,0.38461538461538464,False,6.0,8.0,0.75,0.75,1.0,False,0.8461538461538461,5.0,8.0,0.625,0.625,1.0,False,0.7692307692307692,5.0,6.0,0.8333333333333334,0.8333333333333334,1.0,False,0.9230769230769231,13,0,1.0,13,12,8.0,1.6914176595762103,59.12200303327523,61.53846153846154,5.31413960567422,1
2022,BA,REPUBLICANOS,40,13.819603885140065,12106634.44,False,3,14,0.35,False,12,0.3,False,12,0.3,False,12.0,14.0,0.8571428571428571,0.8571428571428571,1.0,False,0.95,12.0,14.0,0.8571428571428571,0.8571428571428571,1.0,False,0.95,12.0,12.0,1.0,1.0,1.0,True,1.0,40,3,5.0,40,40,14.0,2.894438967459203,34.549009712850165,35.0,26.180396114859935,0
2022,BA,SOLIDARIEDADE,33,13.677313567829454,2982352.78,False,0,14,0.42424242424242425,False,16,0.48484848484848486,False,8,0.24242424242424243,False,14.0,16.0,0.875,1.0,0.875,False,0.9393939393939394,8.0,14.0,0.5714285714285714,0.5714285714285714,1.0,False,0.8181818181818181,8.0,16.0,0.5,0.5,1.0,False,0.7575757575757576,33,0,0.0,33,33,14.0,2.412754510331592,41.44640475099834,42.42424242424242,19.322686432170546,0
2022,BA,UNIAO,34,19.77593783264402,46861588.400000006,False,6,20,0.5882352941176471,False,15,0.4411764705882353,False,13,0.38235294117647056,False,15.0,20.0,0.75,0.75,1.0,False,0.8529411764705882,13.0,20.0,0.65,0.65,1.0,False,0.7941176470588236,13.0,15.0,0.8666666666666667,0.8666666666666667,1.0,False,0.9411764705882353,34,6,14.0,34,33,20.0,1.7192610680579916,58.16452303718829,58.8235294117647,14.224062167355982,1
2022,BA,UP,1,1.0,73500.0,False,0,1,1.0,False,1,1.0,False,0,0.0,False,1.0,1.0,1.0,1.0,1.0,True,1.0,0.0,1.0,0.0,0.0,,False,0.0,0.0,1.0,0.0,0.0,,False,0.0,1,0,0.0,1,1,1.0,1.0,100.0,100.0,0.0,0
2022,CE,AGIR,14,12.448249571934388,81177.46,False,0,12,0.8571428571428571,False,10,0.7142857142857143,True,6,0.42857142857142855,False,10.0,12.0,0.8333333333333334,0.8333333333333334,1.0,False,0.8571428571428571,6.0,12.0,0.5,0.5,1.0,False,0.5714285714285714,6.0,10.0,0.6,0.6,1.0,False,0.7142857142857143,14,0,0.0,14,14,12.0,1.1246561148295229,88.91606837095992,85.71428571428571,1.5517504280656116,0
2022,CE,AVANTE,23,16.816156670746636,3210000.0,False,0,17,0.7391304347826086,True,15,0.6521739130434783,True,9,0.391304347826087,False,15.0,17.0,0.8823529411764706,0.8823529411764706,1.0,False,0.9130434782608696,9.0,17.0,0.5294117647058824,0.5294117647058824,1.0,False,0.6521739130434783,9.0,15.0,0.6,0.6,1.0,False,0.7391304347826086,23,0,3.0,23,23,17.0,1.3677322619151597,73.11372465542016,73.91304347826087,6.183843329253364,0
2022,CE,CIDADANIA,3,1.156954829141692,2370000.0,False,0,1,0.3333333333333333,False,1,0.3333333333333333,False,1,0.3333333333333333,False,1.0,1.0,1.0,1.0,1.0,True,1.0,1.0,1.0,1.0,1.0,1.0,True,1.0,1.0,1.0,1.0,1.0,1.0,True,1.0,3,0,1.0,3,3,1.0,2.593013940073706,38.56516097138974,33.333333333333336,1.843045170858308,0
2022,CE,MDB,22,3.5436763085474716,5466759.96,False,1,4,0.18181818181818182,False,5,0.22727272727272727,False,4,0.18181818181818182,False,4.0,5.0,0.8,1.0,0.8,False,0.9545454545454546,4.0,4.0,1.0,1.0,1.0,True,1.0,4.0,5.0,0.8,0.8,1.0,False,0.9545454545454546,22,1,2.0,22,22,4.0,6.20824197371956,16.10761958430669,18.181818181818183,18.45632369145253,0
2022,CE,NOVO,1,1.0,1241.5300000000002,False,0,1,1.0,False,1,1.0,False,0,0.0,False,1.0,1.0,1.0,1.0,1.0,True,1.0,0.0,1.0,0.0,0.0,,False,0.0,0.0,1.0,0.0,0.0,,False,0.0,1,0,0.0,1,1,1.0,1.0,100.0,100.0,0.0,0
2022,CE,PATRIOTA,17,15.517241379310349,300000.0,False,0,16,0.9411764705882353,True,12,0.7058823529411765,True,10,0.5882352941176471,False,12.0,16.0,0.75,0.75,1.0,False,0.7647058823529411,10.0,16.0,0.625,0.625,1.0,False,0.6470588235294117,10.0,12.0,0.8333333333333334,0.8333333333333334,1.0,False,0.8823529411764706,17,0,0.0,17,17,16.0,1.0955555555555552,91.27789046653146,94.11764705882354,1.4827586206896513,0
2022,CE,PC DO B,2,1.0541974302150672,3030000.0,False,0,1,0.5,False,1,0.5,False,1,0.5,False,1.0,1.0,1.0,1.0,1.0,True,1.0,1.0,1.0,1.0,1.0,1.0,True,1.0,1.0,1.0,1.0,1.0,1.0,True,1.0,2,0,1.0,2,2,1.0,1.897177836595541,52.70987151075336,50.0,0.9458025697849328,0
2022,CE,PCB,2,,0.0,True,0,0,0.0,False,0,0.0,False,0,0.0,False,0.0,0.0,,,,True,1.0,0.0,0.0,,,,True,1.0,0.0,0.0,,,,True,1.0,2,0,0.0,2,0,0.0,,,0.0,,2
2022,CE,PCO,1,1.0,3000.0,False,0,1,1.0,False,1,1.0,False,0,0.0,False,1.0,1.0,1.0,1.0,1.0,True,1.0,0.0,1.0,0.0,0.0,,False,0.0,0.0,1.0,0.0,0.0,,False,0.0,1,0,0.0,1,1,1.0,1.0,100.0,100.0,0.0,0
2022,CE,PDT,19,9.164915648732523,10494670.0,False,5,9,0.47368421052631576,False,7,0.3684210526315789,False,7,0.3684210526315789,False,7.0,9.0,0.7777777777777778,0.7777777777777778,1.0,False,0.8947368421052632,7.0,9.0,0.7777777777777778,0.7777777777777778,1.0,False,0.8947368421052632,7.0,7.0,1.0,1.0,1.0,True,1.0,19,5,9.0,19,19,9.0,2.073123281023065,48.2363981512238,47.36842105263158,9.835084351267477,0
2022,CE,PL,18,6.85948869585589,11083966.38,False,5,7,0.3888888888888889,False,6,0.3333333333333333,False,5,0.2777777777777778,False,6.0,7.0,0.8571428571428571,0.8571428571428571,1.0,False,0.9444444444444444,5.0,7.0,0.7142857142857143,0.7142857142857143,1.0,False,0.8888888888888888,5.0,6.0,0.8333333333333334,0.8333333333333334,1.0,False,0.9444444444444444,18,5,8.0,18,10,7.0,2.6241022907253377,38.10827053253272,38.888888888888886,11.140511304144109,8
2022,CE,PMB,8,7.981900452488689,16800.0,False,0,8,1.0,False,7,0.875,True,4,0.5,False,7.0,8.0,0.875,0.875,1.0,False,0.875,4.0,8.0,0.5,0.5,1.0,False,0.5,4.0,7.0,0.5714285714285714,0.5714285714285714,1.0,False,0.625,8,0,0.0,8,8,8.0,1.002267573696145,99.7737556561086,100.0,0.018099547511311265,0
2022,CE,PMN,8,3.507255262620069,1310000.0,False,0,4,0.5,False,3,0.375,False,3,0.375,False,3.0,4.0,0.75,0.75,1.0,False,0.875,3.0,4.0,0.75,0.75,1.0,False,0.875,3.0,3.0,1.0,1.0,1.0,True,1.0,8,0,0.0,8,7,4.0,2.28098595652934,43.84069078275086,50.0,4.492744737379931,1
2022,CE,PODE,18,15.985636311428953,382964.67999999993,False,0,16,0.8888888888888888,False,13,0.7222222222222222,True,15,0.8333333333333334,False,13.0,16.0,0.8125,0.8125,1.0,False,0.8333333333333334,15.0,16.0,0.9375,0.9375,1.0,False,0.9444444444444444,13.0,15.0,0.8666666666666667,1.0,0.8666666666666667,False,0.8888888888888888,18,0,1.0,18,17,16.0,1.1260108543274485,88.80909061904974,88.88888888888889,2.0143636885710468,1
2022,CE,PP,16,6.835913459988796,4631156.37,False,1,7,0.4375,False,6,0.375,False,5,0.3125,False,6.0,7.0,0.8571428571428571,0.8571428571428571,1.0,False,0.9375,5.0,7.0,0.7142857142857143,0.7142857142857143,1.0,False,0.875,5.0,6.0,0.8333333333333334,0.8333333333333334,1.0,False,0.9375,16,1,4.0,16,15,7.0,2.3405796597118163,42.72445912492998,43.75,9.164086540011205,1
2022,CE,PROS,12,,0.0,True,0,0,0.0,False,0,0.0,False,0,0.0,False,0.0,0.0,,,,True,1.0,0.0,0.0,,,,True,1.0,0.0,0.0,,,,True,1.0,12,0,0.0,12,0,0.0,,,0.0,,12
2022,CE,PSB,22,6.3480909920724375,7072305.0,False,0,6,0.2727272727272727,False,10,0.45454545454545453,False,6,0.2727272727272727,False,6.0,10.0,0.6,1.0,0.6,False,0.8181818181818181,6.0,6.0,1.0,1.0,1.0,True,1.0,6.0,10.0,0.6,0.6,1.0,False,0.8181818181818181,22,0,3.0,22,22,6.0,3.465608799160855,28.854959054874715,27.272727272727273,15.651909007927562,0
2022,CE,PSC,18,10.570824524312895,500000.0,False,0,11,0.6111111111111112,True,9,0.5,True,6,0.3333333333333333,False,9.0,11.0,0.8181818181818182,0.8181818181818182,1.0,False,0.8888888888888888,6.0,11.0,0.5454545454545454,0.5454545454545454,1.0,False,0.7222222222222222,6.0,9.0,0.6666666666666666,0.6666666666666666,1.0,False,0.8333333333333334,18,0,0.0,18,15,11.0,1.7028,58.72680291284942,61.111111111111114,7.429175475687105,3
2022,CE,PSD,17,7.762879105995708,8299700.0,False,3,8,0.47058823529411764,False,7,0.4117647058823529,False,6,0.35294117647058826,False,7.0,8.0,0.875,0.875,1.0,False,0.9411764705882353,6.0,8.0,0.75,0.75,1.0,False,0.8823529411764706,6.0,7.0,0.8571428571428571,0.8571428571428571,1.0,False,0.9411764705882353,17,3,3.0,17,16,8.0,2.1899091519884606,45.66399474115122,47.05882352941177,9.237120894004292,1
2022,CE,PSDB,11,2.3112356452400986,2377134.5999999996,False,0,2,0.18181818181818182,False,2,0.18181818181818182,False,2,0.18181818181818182,False,2.0,2.0,1.0,1.0,1.0,True,1.0,2.0,2.0,1.0,1.0,1.0,True,1.0,2.0,2.0,1.0,1.0,1.0,True,1.0,11,0,0.0,11,11,2.0,4.759358926751618,21.01123313854635,18.181818181818183,8.6887643547599,0
2022,CE,PSOL,18,11.950779844472919,1494667.19,False,0,12,0.6666666666666666,False,9,0.5,False,7,0.3888888888888889,False,9.0,12.0,0.75,0.75,1.0,False,0.8333333333333334,7.0,12.0,0.5833333333333334,0.5833333333333334,1.0,False,0.7222222222222222,7.0,9.0,0.7777777777777778,0.7777777777777778,1.0,False,0.8888888888888888,18,0,1.0,18,18,12.0,1.5061778590394472,66.39322135818287,66.66666666666667,6.049220155527081,0
2022,CE,PT,15,5.166959947935653,8184787.68,False,3,5,0.3333333333333333,False,4,0.26666666666666666,False,4,0.26666666666666666,False,4.0,5.0,0.8,0.8,1.0,False,0.9333333333333333,4.0,5.0,0.8,0.8,1.0,False,0.9333333333333333,4.0,4.0,1.0,1.0,1.0,True,1.0,15,3,3.0,15,15,5.0,2.9030610167576247,34.446399652904354,33.333333333333336,9.833040052064348,0
2022,CE,PTB,19,3.218667606549798,762489.0,False,0,3,0.15789473684210525,False,3,0.15789473684210525,False,3,0.15789473684210525,False,3.0,3.0,1.0,1.0,1.0,True,1.0,3.0,3.0,1.0,1.0,1.0,True,1.0,3.0,3.0,1.0,1.0,1.0,True,1.0,19,0,0.0,19,10,3.0,5.903063727778577,16.940355823946305,15.789473684210526,15.781332393450203,9
2022,CE,PV,2,1.4955015132228402,272371.53,False,0,1,0.5,False,2,1.0,False,1,0.5,False,1.0,2.0,0.5,1.0,0.5,False,0.5,1.0,1.0,1.0,1.0,1.0,True,1.0,1.0,2.0,0.5,0.5,1.0,False,0.5,2,0,1.0,2,2,1.0,1.3373440162490735,74.77507566114201,50.0,0.5044984867771598,0
2022,CE,REDE,4,2.0022720667546263,994230.0,False,0,2,0.5,False,2,0.5,False,2,0.5,False,2.0,2.0,1.0,1.0,1.0,True,1.0,2.0,2.0,1.0,1.0,1.0,True,1.0,2.0,2.0,1.0,1.0,1.0,True,1.0,4,0,0.0,4,4,2.0,1.9977305114601045,50.05680166886566,50.0,1.9977279332453737,0
2022,CE,REPUBLICANOS,16,7.441140984218664,4617498.779999999,False,0,7,0.4375,False,7,0.4375,False,4,0.25,False,7.0,7.0,1.0,1.0,1.0,True,1.0,4.0,7.0,0.5714285714285714,0.5714285714285714,1.0,False,0.8125,4.0,7.0,0.5714285714285714,0.5714285714285714,1.0,False,0.8125,16,0,1.0,16,15,7.0,2.15020788262622,46.50713115136665,43.75,8.558859015781337,1
2022,CE,UNIAO,23,12.949579270461577,26729053.960000005,False,4,13,0.5652173913043478,False,10,0.43478260869565216,False,9,0.391304347826087,False,10.0,13.0,0.7692307692307693,0.7692307692307693,1.0,False,0.8695652173913043,9.0,13.0,0.6923076923076923,0.6923076923076923,1.0,False,0.8260869565217391,9.0,10.0,0.9,0.9,1.0,False,0.9565217391304348,23,4,8.0,23,22,13.0,1.7761194799945177,56.30251856722425,56.52173913043478,10.050420729538423,1
2022,CE,UP,1,1.0,10000.0,False,0,1,1.0,False,1,1.0,False,0,0.0,False,1.0,1.0,1.0,1.0,1.0,True,1.0,0.0,1.0,0.0,0.0,,False,0.0,0.0,1.0,0.0,0.0,,False,0.0,1,0,0.0,1,1,1.0,1.0,100.0,100.0,0.0,0
2022,DF,AGIR,8,5.103379108156765,953199.1400000001,False,0,5,0.625,False,4,0.5,False,5,0.625,False,4.0,5.0,0.8,0.8,1.0,False,0.875,5.0,5.0,1.0,1.0,1.0,True,1.0,4.0,5.0,0.8,1.0,0.8,False,0.875,8,0,0.0,8,8,5.0,1.5675888133048055,63.79223885195956,62.5,2.8966208918432352,0
2022,DF,AVANTE,9,4.369343443234091,118333.31000000001,False,0,4,0.4444444444444444,True,3,0.3333333333333333,False,3,0.3333333333333333,False,3.0,4.0,0.75,0.75,1.0,False,0.8888888888888888,3.0,4.0,0.75,0.75,1.0,False,0.8888888888888888,3.0,3.0,1.0,1.0,1.0,True,1.0,9,0,1.0,9,9,4.0,2.0598060365193906,48.54826048037879,44.44444444444444,4.630656556765909,0
2022,DF,CIDADANIA,6,2.9893948440627525,983000.0,False,0,3,0.5,True,3,0.5,True,2,0.3333333333333333,False,3.0,3.0,1.0,1.0,1.0,True,1.0,2.0,3.0,0.6666666666666666,0.6666666666666666,1.0,False,0.8333333333333334,2.0,3.0,0.6666666666666666,0.6666666666666666,1.0,False,0.8333333333333334,6,0,0.0,6,6,3.0,2.0070951858088004,49.823247401045876,50.0,3.0106051559372475,0
2022,DF,DC,9,7.198169401913956,99558.84,False,0,7,0.7777777777777778,False,6,0.6666666666666666,False,4,0.4444444444444444,False,6.0,7.0,0.8571428571428571,0.8571428571428571,1.0,False,0.8888888888888888,4.0,7.0,0.5714285714285714,0.5714285714285714,1.0,False,0.6666666666666667,4.0,6.0,0.6666666666666666,0.6666666666666666,1.0,False,0.7777777777777778,9,0,0.0,9,9,7.0,1.2503178929919245,79.97966002126617,77.77777777777777,1.8018305980860436,0
2022,DF,MDB,8,3.734783292941858,5482248.220000001,False,1,4,0.5,False,5,0.625,False,1,0.125,False,4.0,5.0,0.8,1.0,0.8,False,0.875,1.0,4.0,0.25,0.25,1.0,False,0.625,1.0,5.0,0.2,0.2,1.0,False,0.5,8,1,2.0,8,8,4.0,2.1420252187372473,46.68479116177323,50.0,4.265216707058142,0
2022,DF,NOVO,6,1.2183014959584892,222449.18,False,0,1,0.16666666666666666,False,1,0.16666666666666666,False,1,0.16666666666666666,False,1.0,1.0,1.0,1.0,1.0,True,1.0,1.0,1.0,1.0,1.0,1.0,True,1.0,1.0,1.0,1.0,1.0,1.0,True,1.0,6,0,0.0,5,6,1.0,4.924889298670315,20.305024932641487,16.666666666666668,4.781698504041511,0
2022,DF,PATRIOTA,7,2.0723523243621114,385000.0,False,0,2,0.2857142857142857,False,2,0.2857142857142857,False,1,0.14285714285714285,False,2.0,2.0,1.0,1.0,1.0,True,1.0,1.0,2.0,0.5,0.5,1.0,False,0.8571428571428572,1.0,2.0,0.5,0.5,1.0,False,0.8571428571428572,7,0,0.0,7,6,2.0,3.37780401416765,29.60503320517302,28.571428571428573,4.927647675637889,1
2022,DF,PC DO B,2,1.7952423553644345,723895.39,False,0,2,1.0,False,2,1.0,False,1,0.5,False,2.0,2.0,1.0,1.0,1.0,True,1.0,1.0,2.0,0.5,0.5,1.0,False,0.5,1.0,2.0,0.5,0.5,1.0,False,0.5,2,0,0.0,2,2,2.0,1.1140557117671166,89.76211776822173,100.0,0.20475764463556545,0
2022,DF,PCO,5,5.000000000000001,60454.55,False,0,5,1.0,False,4,0.8,True,0,0.0,False,4.0,5.0,0.8,0.8,1.0,False,0.8,0.0,5.0,0.0,0.0,,False,0.0,0.0,4.0,0.0,0.0,,False,0.19999999999999996,5,0,0.0,5,5,5.0,0.9999999999999998,100.00000000000003,100.0,-8.881784197001252e-16,0
2022,DF,PDT,9,8.635317402287955,405410.0,False,0,9,1.0,False,7,0.7777777777777778,False,3,0.3333333333333333,False,7.0,9.0,0.7777777777777778,0.7777777777777778,1.0,False,0.7777777777777778,3.0,9.0,0.3333333333333333,0.3333333333333333,1.0,False,0.33333333333333337,3.0,7.0,0.42857142857142855,0.42857142857142855,1.0,False,0.5555555555555556,9,0,0.0,9,9,9.0,1.0422315220996303,95.94797113653283,100.0,0.36468259771204536,0
2022,DF,PL,8,4.065536105106736,5311250.0,False,2,4,0.5,False,4,0.5,False,2,0.25,False,4.0,4.0,1.0,1.0,1.0,True,1.0,2.0,4.0,0.5,0.5,1.0,False,0.75,2.0,4.0,0.5,0.5,1.0,False,0.75,8,2,2.0,8,8,4.0,1.9677601657383312,50.81920131383419,50.0,3.9344638948932644,0
2022,DF,PMN,9,1.412425105142643,724738.24,False,0,1,0.1111111111111111,False,1,0.1111111111111111,False,2,0.2222222222222222,False,1.0,1.0,1.0,1.0,1.0,True,1.0,1.0,2.0,0.5,1.0,0.5,False,0.8888888888888888,1.0,2.0,0.5,1.0,0.5,False,0.8888888888888888,9,0,0.0,9,9,1.0,6.372019278920333,15.6936122793627,11.11111111111111,7.587574894857357,0
2022,DF,PODE,9,6.693175992058314,917294.0,False,0,7,0.7777777777777778,False,6,0.6666666666666666,False,3,0.3333333333333333,False,6.0,7.0,0.8571428571428571,0.8571428571428571,1.0,False,0.8888888888888888,3.0,7.0,0.42857142857142855,0.42857142857142855,1.0,False,0.5555555555555556,3.0,6.0,0.5,0.5,1.0,False,0.6666666666666667,9,0,0.0,9,9,7.0,1.3446531229238277,74.36862213398126,77.77777777777777,2.306824007941686,0
2022,DF,PP,9,7.248694753885331,9875430.0,False,0,7,0.7777777777777778,False,6,0.6666666666666666,False,4,0.4444444444444444,False,6.0,7.0,0.8571428571428571,0.8571428571428571,1.0,False,0.8888888888888888,4.0,7.0,0.5714285714285714,0.5714285714285714,1.0,False,0.6666666666666667,4.0,6.0,0.6666666666666666,0.6666666666666666,1.0,False,0.7777777777777778,9,0,3.0,9,9,7.0,1.241602841004715,80.54105282094811,77.77777777777777,1.7513052461146694,0
2022,DF,PROS,8,1.7536231884057971,550000.0,False,0,2,0.25,False,2,0.25,False,2,0.25,False,2.0,2.0,1.0,1.0,1.0,True,1.0,2.0,2.0,1.0,1.0,1.0,True,1.0,2.0,2.0,1.0,1.0,1.0,True,1.0,8,0,0.0,8,3,2.0,4.56198347107438,21.920289855072465,25.0,6.246376811594203,5
2022,DF,PRTB,3,2.49777217350299,5148.25,False,0,2,0.6666666666666666,True,3,1.0,False,1,0.3333333333333333,False,2.0,3.0,0.6666666666666666,1.0,0.6666666666666666,False,0.6666666666666667,1.0,2.0,0.5,0.5,1.0,False,0.6666666666666667,1.0,3.0,0.3333333333333333,0.3333333333333333,1.0,False,0.33333333333333337,3,0,0.0,3,3,2.0,1.201070310505006,83.25907245009967,66.66666666666667,0.5022278264970099,0
2022,DF,PSB,9,3.527660428396637,6856210.5,False,0,4,0.4444444444444444,False,4,0.4444444444444444,False,2,0.2222222222222222,False,4.0,4.0,1.0,1.0,1.0,True,1.0,2.0,4.0,0.5,0.5,1.0,False,0.7777777777777778,2.0,4.0,0.5,0.5,1.0,False,0.7777777777777778,9,0,2.0,9,9,4.0,2.5512659686722188,39.196226982184854,44.44444444444444,5.472339571603364,0
2022,DF,PSC,9,7.074084144078115,218800.0,False,0,7,0.7777777777777778,True,6,0.6666666666666666,False,4,0.4444444444444444,False,6.0,7.0,0.8571428571428571,0.8571428571428571,1.0,False,0.8888888888888888,4.0,7.0,0.5714285714285714,0.5714285714285714,1.0,False,0.6666666666666667,4.0,6.0,0.6666666666666666,0.6666666666666666,1.0,False,0.7777777777777778,9,0,0.0,9,9,7.0,1.272249497842645,78.60093493420128,77.77777777777777,1.9259158559218852,0
2022,DF,PSD,9,7.742627345844505,3800000.0,False,0,8,0.8888888888888888,False,6,0.6666666666666666,False,5,0.5555555555555556,False,6.0,8.0,0.75,0.75,1.0,False,0.7777777777777778,5.0,8.0,0.625,0.625,1.0,False,0.6666666666666667,5.0,6.0,0.8333333333333334,0.8333333333333334,1.0,False,0.8888888888888888,9,0,2.0,9,9,8.0,1.1623961218836565,86.02919273160562,88.88888888888889,1.2573726541554953,0
2022,DF,PSDB,3,1.0332315228299929,1835016.0,False,0,1,0.3333333333333333,False,1,0.3333333333333333,False,1,0.3333333333333333,False,1.0,1.0,1.0,1.0,1.0,True,1.0,1.0,1.0,1.0,1.0,1.0,True,1.0,1.0,1.0,1.0,1.0,1.0,True,1.0,3,0,0.0,3,2,1.0,2.9035118787153165,34.441050760999765,33.333333333333336,1.9667684771700071,1
2022,DF,PSOL,6,5.390811286521426,766262.03,False,0,5,0.8333333333333334,False,5,0.8333333333333334,False,3,0.5,False,5.0,5.0,1.0,1.0,1.0,True,1.0,3.0,5.0,0.6,0.6,1.0,False,0.6666666666666667,3.0,5.0,0.6,0.6,1.0,False,0.6666666666666667,6,0,0.0,6,6,5.0,1.1130050155904585,89.8468547753571,83.33333333333333,0.6091887134785736,0
2022,DF,PSTU,2,2.0,5160.0,False,0,2,1.0,False,2,1.0,False,0,0.0,False,2.0,2.0,1.0,1.0,1.0,True,1.0,0.0,2.0,0.0,0.0,,False,0.0,0.0,2.0,0.0,0.0,,False,0.0,2,0,0.0,2,2,2.0,1.0,100.0,100.0,0.0,0
2022,DF,PT,4,2.444794703094549,3913577.73,False,1,2,0.5,False,3,0.75,False,1,0.25,False,2.0,3.0,0.6666666666666666,1.0,0.6666666666666666,False,0.75,1.0,2.0,0.5,0.5,1.0,False,0.75,1.0,3.0,0.3333333333333333,0.3333333333333333,1.0,False,0.5,4,1,2.0,4,4,2.0,1.6361291992889702,61.11986757736373,50.0,1.5552052969054508,0
2022,DF,PTB,9,4.833957553058677,440000.0,False,0,5,0.5555555555555556,True,4,0.4444444444444444,False,4,0.4444444444444444,False,4.0,5.0,0.8,0.8,1.0,False,0.8888888888888888,4.0,5.0,0.8,0.8,1.0,False,0.8888888888888888,4.0,4.0,1.0,1.0,1.0,True,1.0,9,0,0.0,9,6,5.0,1.8618285123966942,53.71063947842974,55.55555555555556,4.166042446941323,3
2022,DF,PV,2,1.4612567963872953,883525.7,False,1,1,0.5,False,1,0.5,False,1,0.5,False,1.0,1.0,1.0,1.0,1.0,True,1.0,1.0,1.0,1.0,1.0,1.0,True,1.0,1.0,1.0,1.0,1.0,1.0,True,1.0,2,1,1.0,2,2,1.0,1.3686848231910052,73.06283981936477,50.0,0.5387432036127047,0
2022,DF,REDE,3,2.9614361613649436,755625.03,False,0,3,1.0,False,3,1.0,False,2,0.6666666666666666,False,3.0,3.0,1.0,1.0,1.0,True,1.0,2.0,3.0,0.6666666666666666,0.6666666666666666,1.0,False,0.6666666666666667,2.0,3.0,0.6666666666666666,0.6666666666666666,1.0,False,0.6666666666666667,3,0,0.0,3,3,3.0,1.0130220057207926,98.71453871216478,100.0,0.03856383863505641,0
2022,DF,REPUBLICANOS,9,7.008812396821059,5311415.510000001,False,3,7,0.7777777777777778,False,6,0.6666666666666666,False,2,0.2222222222222222,False,6.0,7.0,0.8571428571428571,0.8571428571428571,1.0,False,0.8888888888888888,2.0,7.0,0.2857142857142857,0.2857142857142857,1.0,False,0.4444444444444444,2.0,6.0,0.3333333333333333,0.3333333333333333,1.0,False,0.5555555555555556,9,3,3.0,9,9,7.0,1.2840977173368302,77.87569329801177,77.77777777777777,1.9911876031789406,0
2022,DF,SOLIDARIEDADE,7,2.9570957095709574,112000.0,False,0,3,0.42857142857142855,False,3,0.42857142857142855,False,3,0.42857142857142855,False,3.0,3.0,1.0,1.0,1.0,True,1.0,3.0,3.0,1.0,1.0,1.0,True,1.0,3.0,3.0,1.0,1.0,1.0,True,1.0,7,0,0.0,7,3,3.0,2.3671875,42.244224422442244,42.857142857142854,4.042904290429043,4
2022,DF,UNIAO,9,5.794641838282083,8084435.47,False,0,6,0.6666666666666666,False,5,0.5555555555555556,False,3,0.3333333333333333,False,5.0,6.0,0.8333333333333334,0.8333333333333334,1.0,False,0.8888888888888888,3.0,6.0,0.5,0.5,1.0,False,0.6666666666666667,3.0,5.0,0.6,0.6,1.0,False,0.7777777777777778,9,0,3.0,9,9,6.0,1.5531589787899984,64.38490931424536,66.66666666666667,3.2053581617179168,0
2022,DF,UP,1,1.0,26078.7,False,0,1,1.0,False,1,1.0,False,0,0.0,False,1.0,1.0,1.0,1.0,1.0,True,1.0,0.0,1.0,0.0,0.0,,False,0.0,0.0,1.0,0.0,0.0,,False,0.0,1,0,0.0,1,1,1.0,1.0,100.0,100.0,0.0,0
2022,ES,AGIR,3,,0.0,True,0,0,0.0,False,0,0.0,False,0,0.0,False,0.0,0.0,,,,True,1.0,0.0,0.0,,,,True,1.0,0.0,0.0,,,,True,1.0,3,0,0.0,3,0,0.0,,,0.0,,3
2022,ES,AVANTE,7,1.0,2142.0,False,0,1,0.14285714285714285,False,1,0.14285714285714285,False,1,0.14285714285714285,False,1.0,1.0,1.0,1.0,1.0,True,1.0,1.0,1.0,1.0,1.0,1.0,True,1.0,1.0,1.0,1.0,1.0,1.0,True,1.0,7,0,0.0,7,1,1.0,7.0,14.285714285714286,14.285714285714286,6.0,6
2022,ES,CIDADANIA,2,1.0,250000.0,False,0,1,0.5,False,1,0.5,False,1,0.5,False,1.0,1.0,1.0,1.0,1.0,True,1.0,1.0,1.0,1.0,1.0,1.0,True,1.0,1.0,1.0,1.0,1.0,1.0,True,1.0,2,0,0.0,2,1,1.0,2.0,50.0,50.0,1.0,1
2022,ES,DC,8,7.78833034823777,90887.2,False,0,8,1.0,False,6,0.75,False,4,0.5,False,6.0,8.0,0.75,0.75,1.0,False,0.75,4.0,8.0,0.5,0.5,1.0,False,0.5,4.0,6.0,0.6666666666666666,0.6666666666666666,1.0,False,0.75,8,0,0.0,8,8,8.0,1.0271777957916388,97.35412935297212,100.0,0.21166965176222963,0
2022,ES,NOVO,1,1.0,117672.77,False,0,1,1.0,False,1,1.0,False,0,0.0,False,1.0,1.0,1.0,1.0,1.0,True,1.0,0.0,1.0,0.0,0.0,,False,0.0,0.0,1.0,0.0,0.0,,False,0.0,1,0,0.0,1,1,1.0,1.0,100.0,100.0,0.0,0
2022,ES,PATRIOTA,11,6.486677462093331,3060000.0,False,0,6,0.5454545454545454,False,7,0.6363636363636364,False,3,0.2727272727272727,False,6.0,7.0,0.8571428571428571,1.0,0.8571428571428571,False,0.9090909090909091,3.0,6.0,0.5,0.5,1.0,False,0.7272727272727273,3.0,7.0,0.42857142857142855,0.42857142857142855,1.0,False,0.6363636363636364,11,0,3.0,11,11,6.0,1.6957834059549748,58.969795109939376,54.54545454545455,4.513322537906669,0
2022,ES,PC DO B,2,1.0506004803843076,405000.0,False,0,1,0.5,False,1,0.5,False,1,0.5,False,1.0,1.0,1.0,1.0,1.0,True,1.0,1.0,1.0,1.0,1.0,1.0,True,1.0,1.0,1.0,1.0,1.0,1.0,True,1.0,2,0,0.0,2,2,1.0,1.9036732205456481,52.53002401921538,50.0,0.9493995196156924,0
2022,ES,PDT,11,3.5538809504249125,3371200.0,False,0,4,0.36363636363636365,True,5,0.45454545454545453,True,2,0.18181818181818182,False,4.0,5.0,0.8,1.0,0.8,False,0.9090909090909091,2.0,4.0,0.5,0.5,1.0,False,0.8181818181818181,2.0,5.0,0.4,0.4,1.0,False,0.7272727272727273,11,0,2.0,11,11,4.0,3.0952077892999785,32.30800864022648,36.36363636363637,7.4461190495750875,0
2022,ES,PL,11,10.94166177638165,1126000.0,False,1,11,1.0,False,9,0.8181818181818182,True,1,0.09090909090909091,False,9.000000000000002,11.0,0.8181818181818183,0.8181818181818183,1.0000000000000002,False,0.8181818181818182,1.0,11.0,0.09090909090909091,0.09090909090909091,1.0,False,0.09090909090909094,1.0,9.000000000000002,0.11111111111111109,0.1111111111111111,1.0,False,0.2727272727272727,11,1,0.0,11,11,11.0,1.005331751685496,99.46965251256046,100.0,0.058338223618349616,0
2022,ES,PMB,6,,0.0,True,0,0,0.0,False,0,0.0,False,0,0.0,False,0.0,0.0,,,,True,1.0,0.0,0.0,,,,True,1.0,0.0,0.0,,,,True,1.0,6,0,0.0,6,0,0.0,,,0.0,,6
2022,ES,PODE,11,7.507495333912962,7452100.0,False,2,8,0.7272727272727273,False,7,0.6363636363636364,False,3,0.2727272727272727,False,7.0,8.0,0.875,0.875,1.0,False,0.9090909090909091,3.0,8.0,0.375,0.375,1.0,False,0.5454545454545454,3.0,7.0,0.42857142857142855,0.42857142857142855,1.0,False,0.6363636363636364,11,2,3.0,11,11,8.0,1.4652023758590496,68.24995758102692,72.72727272727273,3.4925046660870382,0
2022,ES,PP,11,8.796905544572555,12677080.0,False,2,9,0.8181818181818182,False,7,0.6363636363636364,False,6,0.5454545454545454,False,7.0,9.0,0.7777777777777778,0.7777777777777778,1.0,False,0.8181818181818181,6.0,9.0,0.6666666666666666,0.6666666666666666,1.0,False,0.7272727272727273,6.0,7.0,0.8571428571428571,0.8571428571428571,1.0,False,0.9090909090909091,11,2,6.0,11,11,9.0,1.2504397079478355,79.97186858702322,81.81818181818181,2.203094455427445,0
2022,ES,PRTB,8,,0.0,True,0,0,0.0,False,0,0.0,False,0,0.0,False,0.0,0.0,,,,True,1.0,0.0,0.0,,,,True,1.0,0.0,0.0,,,,True,1.0,8,0,0.0,8,0,0.0,,,0.0,,8
2022,ES,PSB,11,6.850435913534023,9925202.5,False,1,7,0.6363636363636364,False,6,0.5454545454545454,False,5,0.45454545454545453,False,6.0,7.0,0.8571428571428571,0.8571428571428571,1.0,False,0.9090909090909091,5.0,7.0,0.7142857142857143,0.7142857142857143,1.0,False,0.8181818181818181,5.0,6.0,0.8333333333333334,0.8333333333333334,1.0,False,0.9090909090909091,11,1,6.0,11,11,7.0,1.605737231738482,62.276690123036566,63.63636363636363,4.149564086465977,0
2022,ES,PSC,10,3.762386248736097,6100000.0,False,0,4,0.4,False,4,0.4,False,3,0.3,False,4.0,4.0,1.0,1.0,1.0,True,1.0,3.0,4.0,0.75,0.75,1.0,False,0.9,3.0,4.0,0.75,0.75,1.0,False,0.9,10,0,5.0,10,10,4.0,2.657887664606289,37.62386248736097,40.0,6.237613751263903,0
2022,ES,PSD,5,3.142857142857143,110000.0,False,0,3,0.6,False,3,0.6,False,2,0.4,False,3.0,3.0,1.0,1.0,1.0,True,1.0,2.0,3.0,0.6666666666666666,0.6666666666666666,1.0,False,0.8,2.0,3.0,0.6666666666666666,0.6666666666666666,1.0,False,0.8,5,0,0.0,5,5,3.0,1.590909090909091,62.857142857142854,60.0,1.8571428571428572,0
2022,ES,PSDB,9,5.51722294038899,4945600.0,False,0,6,0.6666666666666666,False,4,0.4444444444444444,False,4,0.4444444444444444,False,4.0,6.0,0.6666666666666666,0.6666666666666666,1.0,False,0.7777777777777778,4.0,6.0,0.6666666666666666,0.6666666666666666,1.0,False,0.7777777777777778,4.0,4.0,1.0,1.0,1.0,True,1.0,9,0,3.0,9,8,6.0,1.6312554517446158,61.30247711543322,66.66666666666667,3.48277705961101,1
2022,ES,PSOL,3,2.7475860279477535,230733.06,False,0,3,1.0,False,2,0.6666666666666666,False,2,0.6666666666666666,False,2.0,3.0,0.6666666666666666,0.6666666666666666,1.0,False,0.6666666666666667,2.0,3.0,0.6666666666666666,0.6666666666666666,1.0,False,0.6666666666666667,2.0,2.0,1.0,1.0,1.0,True,1.0,3,0,0.0,3,3,3.0,1.0918675409922582,91.58620093159179,100.0,0.25241397205224647,0
2022,ES,PT,7,2.948306201490935,3537506.9699999997,False,2,3,0.42857142857142855,False,3,0.42857142857142855,False,2,0.2857142857142857,False,3.0,3.0,1.0,1.0,1.0,True,1.0,2.0,3.0,0.6666666666666666,0.6666666666666666,1.0,False,0.8571428571428572,2.0,3.0,0.6666666666666666,0.6666666666666666,1.0,False,0.8571428571428572,7,2,2.0,7,7,3.0,2.3742445735317976,42.11866002129908,42.857142857142854,4.051693798509065,0
2022,ES,PTB,11,3.292964371014155,5948021.2,False,0,3,0.2727272727272727,False,3,0.2727272727272727,False,2,0.18181818181818182,False,3.0,3.0,1.0,1.0,1.0,True,1.0,2.0,3.0,0.6666666666666666,0.6666666666666666,1.0,False,0.9090909090909091,2.0,3.0,0.6666666666666666,0.6666666666666666,1.0,False,0.9090909090909091,11,0,3.0,11,11,3.0,3.3404552131890393,29.93603973649232,27.272727272727273,7.707035628985845,0
2022,ES,PV,2,1.996718322698268,148000.0,False,0,2,1.0,False,2,1.0,False,1,0.5,False,2.0,2.0,1.0,1.0,1.0,True,1.0,1.0,2.0,0.5,0.5,1.0,False,0.5,1.0,2.0,0.5,0.5,1.0,False,0.5,2,0,0.0,2,2,2.0,1.0016435354273192,99.8359161349134,100.0,0.0032816773017319,0
2022,ES,REDE,8,4.7262717546319175,1491227.46,False,0,5,0.625,False,5,0.625,False,1,0.125,False,5.0,5.0,1.0,1.0,1.0,True,1.0,1.0,5.0,0.2,0.2,1.0,False,0.5,1.0,5.0,0.2,0.2,1.0,False,0.5,8,0,0.0,8,8,5.0,1.6926661045589921,59.07839693289897,62.5,3.2737282453680825,0
2022,ES,REPUBLICANOS,11,5.505107542243422,6795000.0,False,2,6,0.5454545454545454,False,5,0.45454545454545453,False,5,0.45454545454545453,False,5.0,6.0,0.8333333333333334,0.8333333333333334,1.0,False,0.9090909090909091,5.0,6.0,0.8333333333333334,0.8333333333333334,1.0,False,0.9090909090909091,5.0,5.0,1.0,1.0,1.0,True,1.0,11,2,3.0,11,9,6.0,1.998144435070803,50.046432202212934,54.54545454545455,5.494892457756578,2
2022,ES,SOLIDARIEDADE,5,2.6264591439688716,225000.0,False,0,3,0.6,False,2,0.4,False,2,0.4,False,2.0,3.0,0.6666666666666666,0.6666666666666666,1.0,False,0.8,2.0,3.0,0.6666666666666666,0.6666666666666666,1.0,False,0.8,2.0,2.0,1.0,1.0,1.0,True,1.0,5,0,0.0,5,5,3.0,1.9037037037037037,52.52918287937744,60.0,2.3735408560311284,0
2022,ES,UNIAO,11,8.606649358261999,7660030.0,False,0,9,0.8181818181818182,False,8,0.7272727272727273,False,4,0.36363636363636365,False,8.0,9.0,0.8888888888888888,0.8888888888888888,1.0,False,0.9090909090909091,4.0,9.0,0.4444444444444444,0.4444444444444444,1.0,False,0.5454545454545454,4.0,8.0,0.5,0.5,1.0,False,0.6363636363636364,11,0,3.0,11,11,9.0,1.2780815788016846,78.2422668932909,81.81818181818181,2.3933506417380013,0
2022,GO,AGIR,18,12.317679476321194,787168.0,False,0,12,0.6666666666666666,False,11,0.6111111111111112,False,5,0.2777777777777778,False,11.0,12.0,0.9166666666666666,0.9166666666666666,1.0,False,0.9444444444444444,5.0,12.0,0.4166666666666667,0.4166666666666667,1.0,False,0.6111111111111112,5.0,11.0,0.45454545454545453,0.45454545454545453,1.0,False,0.6666666666666667,18,0,0.0,18,17,12.0,1.4613142056993913,68.43155264622885,66.66666666666667,5.682320523678806,1
2022,GO,AVANTE,18,10.199058888107484,3361992.0,False,0,10,0.5555555555555556,False,9,0.5,False,6,0.3333333333333333,False,9.0,10.0,0.9,0.9,1.0,False,0.9444444444444444,6.0,10.0,0.6,0.6,1.0,False,0.7777777777777778,6.0,9.0,0.6666666666666666,0.6666666666666666,1.0,False,0.8333333333333334,18,0,1.0,18,18,10.0,1.7648687195039858,56.6614382672638,55.55555555555556,7.8009411118925165,0
2022,GO,CIDADANIA,3,2.9472551130247577,370000.0,False,0,3,1.0,False,3,1.0,False,2,0.6666666666666666,False,3.0,3.0,1.0,1.0,1.0,True,1.0,2.0,3.0,0.6666666666666666,0.6666666666666666,1.0,False,0.6666666666666667,2.0,3.0,0.6666666666666666,0.6666666666666666,1.0,False,0.6666666666666667,3,0,0.0,3,3,3.0,1.0178962746530313,98.24183710082525,100.0,0.05274488697524227,0
2022,GO,DC,9,7.176501319843151,60046.0,False,0,7,0.7777777777777778,True,7,0.7777777777777778,True,3,0.3333333333333333,False,7.0,7.0,1.0,1.0,1.0,True,1.0,3.0,7.0,0.42857142857142855,0.42857142857142855,1.0,False,0.5555555555555556,3.0,7.0,0.42857142857142855,0.42857142857142855,1.0,False,0.5555555555555556,9,0,0.0,9,9,7.0,1.2540929902869025,79.73890355381279,77.77777777777777,1.823498680156849,0
2022,GO,MDB,12,4.925435304718909,7910516.9799999995,False,2,5,0.4166666666666667,False,5,0.4166666666666667,False,4,0.3333333333333333,False,5.0,5.0,1.0,1.0,1.0,True,1.0,4.0,5.0,0.8,0.8,1.0,False,0.9166666666666666,4.0,5.0,0.8,0.8,1.0,False,0.9166666666666666,12,2,2.0,12,12,5.0,2.4363328838170237,41.045294205990906,41.666666666666664,7.074564695281091,0
2022,GO,NOVO,14,5.763409402869641,218475.66999999998,False,0,6,0.42857142857142855,True,5,0.35714285714285715,False,5,0.35714285714285715,False,5.0,6.0,0.8333333333333334,0.8333333333333334,1.0,False,0.9285714285714286,5.0,6.0,0.8333333333333334,0.8333333333333334,1.0,False,0.9285714285714286,5.0,5.0,1.0,1.0,1.0,True,1.0,14,0,1.0,14,14,6.0,2.4291177359410394,41.16721002049743,42.857142857142854,8.236590597130359,0
2022,GO,PATRIOTA,16,8.325083787640075,10310500.0,False,0,8,0.5,False,8,0.5,False,7,0.4375,False,8.0,8.0,1.0,1.0,1.0,True,1.0,7.0,8.0,0.875,0.875,1.0,False,0.9375,7.0,8.0,0.875,0.875,1.0,False,0.9375,16,0,5.0,16,16,8.0,1.9219025787769934,52.03177367275047,50.0,7.674916212359925,0
2022,GO,PC DO B,2,1.1890165840163631,402000.0,False,0,1,0.5,False,1,0.5,False,1,0.5,False,1.0,1.0,1.0,1.0,1.0,True,1.0,1.0,1.0,1.0,1.0,1.0,True,1.0,1.0,1.0,1.0,1.0,1.0,True,1.0,2,0,0.0,2,2,1.0,1.6820623251899707,59.450829200818156,50.0,0.8109834159836369,0
2022,GO,PCB,2,,0.0,True,0,0,0.0,False,0,0.0,False,0,0.0,False,0.0,0.0,,,,True,1.0,0.0,0.0,,,,True,1.0,0.0,0.0,,,,True,1.0,2,0,0.0,2,0,0.0,,,0.0,,2
2022,GO,PCO,1,1.0,3000.0,False,0,1,1.0,False,1,1.0,False,0,0.0,False,1.0,1.0,1.0,1.0,1.0,True,1.0,0.0,1.0,0.0,0.0,,False,0.0,0.0,1.0,0.0,0.0,,False,0.0,1,0,0.0,1,1,1.0,1.0,100.0,100.0,0.0,0
2022,GO,PDT,8,1.9891263647417514,3843375.0,False,1,2,0.25,False,2,0.25,False,2,0.25,False,2.0,2.0,1.0,1.0,1.0,True,1.0,2.0,2.0,1.0,1.0,1.0,True,1.0,2.0,2.0,1.0,1.0,1.0,True,1.0,8,1,2.0,8,7,2.0,4.02186615280153,24.864079559271893,25.0,6.010873635258249,1
2022,GO,PL,17,4.003391073228851,6270000.0,False,4,4,0.23529411764705882,False,4,0.23529411764705882,False,4,0.23529411764705882,False,4.0,4.0,1.0,1.0,1.0,True,1.0,4.0,4.0,1.0,1.0,1.0,True,1.0,4.0,4.0,1.0,1.0,1.0,True,1.0,17,4,4.0,17,13,4.0,4.246400036629199,23.54935925428736,23.529411764705884,12.996608926771149,4
2022,GO,PMN,14,4.122123159859009,705000.0,False,0,4,0.2857142857142857,True,6,0.42857142857142855,True,3,0.21428571428571427,False,4.0,6.0,0.6666666666666666,1.0,0.6666666666666666,False,0.8571428571428572,3.0,4.0,0.75,0.75,1.0,False,0.9285714285714286,3.0,6.0,0.5,0.5,1.0,False,0.7857142857142857,14,0,0.0,14,14,4.0,3.396308032795131,29.44373685613578,28.571428571428573,9.877876840140992,0
2022,GO,PODE,15,6.906899860182015,3769180.9899999998,False,0,7,0.4666666666666667,False,8,0.5333333333333333,False,3,0.2,False,7.0,8.0,0.875,1.0,0.875,False,0.9333333333333333,3.0,7.0,0.42857142857142855,0.42857142857142855,1.0,False,0.7333333333333334,3.0,8.0,0.375,0.375,1.0,False,0.6666666666666667,15,0,1.0,15,15,7.0,2.1717413461391506,46.045999067880096,46.666666666666664,8.093100139817984,0
2022,GO,PP,14,6.274406356749142,9292958.540000001,False,2,6,0.42857142857142855,False,6,0.42857142857142855,False,7,0.5,False,6.0,6.0,1.0,1.0,1.0,True,1.0,6.0,7.0,0.8571428571428571,1.0,0.8571428571428571,False,0.9285714285714286,6.0,7.0,0.8571428571428571,1.0,0.8571428571428571,False,0.9285714285714286,14,2,4.0,14,11,6.0,2.2312867869867445,44.81718826249387,42.857142857142854,7.725593643250858,3
2022,GO,PROS,13,4.547899270168979,2630000.0,False,0,5,0.38461538461538464,False,4,0.3076923076923077,False,4,0.3076923076923077,False,4.0,5.0,0.8,0.8,1.0,False,0.9230769230769231,4.0,5.0,0.8,0.8,1.0,False,0.9230769230769231,4.0,4.0,1.0,1.0,1.0,True,1.0,13,0,1.0,13,6,5.0,2.8584626060807587,34.983840539761374,38.46153846153846,8.45210072983102,7
2022,GO,PRTB,18,9.597593709455362,394346.2,False,0,10,0.5555555555555556,True,8,0.4444444444444444,False,7,0.3888888888888889,False,8.0,10.0,0.8,0.8,1.0,False,0.8888888888888888,7.0,10.0,0.7,0.7,1.0,False,0.8333333333333334,7.0,8.0,0.875,0.875,1.0,False,0.9444444444444444,18,0,1.0,18,15,10.0,1.8754700964541509,53.31996505252979,55.55555555555556,8.402406290544638,3
2022,GO,PSB,18,7.714673979974584,8365300.0,False,0,8,0.4444444444444444,True,10,0.5555555555555556,False,6,0.3333333333333333,False,8.0,10.0,0.8,1.0,0.8,False,0.8888888888888888,6.0,8.0,0.75,0.75,1.0,False,0.8888888888888888,6.0,10.0,0.6,0.6,1.0,False,0.7777777777777778,18,0,4.0,18,18,8.0,2.3332159008564224,42.859299888747685,44.44444444444444,10.285326020025416,0
2022,GO,PSC,13,3.6600468964319797,6691903.06,False,1,4,0.3076923076923077,False,4,0.3076923076923077,False,3,0.23076923076923078,False,4.0,4.0,1.0,1.0,1.0,True,1.0,3.0,4.0,0.75,0.75,1.0,False,0.9230769230769231,3.0,4.0,0.75,0.75,1.0,False,0.9230769230769231,13,1,3.0,13,13,4.0,3.551867057406596,28.154206895630615,30.76923076923077,9.339953103568021,0
2022,GO,PSD,13,2.3886254224033405,2885000.0,False,1,2,0.15384615384615385,False,3,0.23076923076923078,False,2,0.15384615384615385,False,2.0,3.0,0.6666666666666666,1.0,0.6666666666666666,False,0.9230769230769231,2.0,2.0,1.0,1.0,1.0,True,1.0,2.0,3.0,0.6666666666666666,0.6666666666666666,1.0,False,0.9230769230769231,13,1,1.0,13,8,2.0,5.442460704834965,18.374041710794927,15.384615384615385,10.61137457759666,5
2022,GO,PSDB,14,4.6510784854211495,6188080.54,False,1,5,0.35714285714285715,False,5,0.35714285714285715,False,5,0.35714285714285715,False,5.0,5.0,1.0,1.0,1.0,True,1.0,5.0,5.0,1.0,1.0,1.0,True,1.0,5.0,5.0,1.0,1.0,1.0,True,1.0,14,1,4.0,14,13,5.0,3.0100545591486223,33.22198918157964,35.714285714285715,9.348921514578851,1
2022,GO,PSOL,8,7.959458484300394,218552.46,False,0,8,1.0,False,7,0.875,False,3,0.375,False,7.0,8.0,0.875,0.875,1.0,False,0.875,3.0,8.0,0.375,0.375,1.0,False,0.375,3.0,7.0,0.42857142857142855,0.42857142857142855,1.0,False,0.5,8,0,0.0,8,8,8.0,1.005093501747584,99.49323105375493,100.0,0.040541515699605846,0
2022,GO,PT,14,3.3803644539829847,3939761.24,False,2,3,0.21428571428571427,False,3,0.21428571428571427,False,4,0.2857142857142857,False,3.0,3.0,1.0,1.0,1.0,True,1.0,3.0,4.0,0.75,1.0,0.75,False,0.9285714285714286,3.0,4.0,0.75,1.0,0.75,False,0.9285714285714286,14,2,3.0,14,14,3.0,4.1415652633266244,24.14546038559275,21.428571428571427,10.619635546017015,0
2022,GO,PTB,16,2.386381155274142,4083576.78,False,0,2,0.125,False,4,0.25,False,3,0.1875,False,2.0,4.0,0.5,1.0,0.5,False,0.875,2.0,3.0,0.6666666666666666,1.0,0.6666666666666666,False,0.9375,3.0,4.0,0.75,0.75,1.0,False,0.9375,16,0,1.0,16,15,2.0,6.704712683738049,14.914882220463388,12.5,13.613618844725858,1
2022,GO,PV,2,1.9756851210531727,504976.7,False,0,2,1.0,False,2,1.0,False,1,0.5,False,2.0,2.0,1.0,1.0,1.0,True,1.0,1.0,2.0,0.5,0.5,1.0,False,0.5,1.0,2.0,0.5,0.5,1.0,False,0.5,2,0,0.0,2,2,2.0,1.0123070618327408,98.78425605265863,100.0,0.024314878946827267,0
2022,GO,REDE,7,5.680200860003095,119564.2,False,0,6,0.8571428571428571,False,5,0.7142857142857143,False,3,0.42857142857142855,False,5.0,6.0,0.8333333333333334,0.8333333333333334,1.0,False,0.8571428571428572,3.0,6.0,0.5,0.5,1.0,False,0.5714285714285714,3.0,5.0,0.6,0.6,1.0,False,0.7142857142857143,7,0,1.0,7,7,6.0,1.232350786974844,81.14572657147278,85.71428571428571,1.3197991399969053,0
2022,GO,REPUBLICANOS,16,9.65651398039723,11516340.0,False,1,10,0.625,False,9,0.5625,False,8,0.5,False,9.0,10.0,0.9,0.9,1.0,False,0.9375,8.0,10.0,0.8,0.8,1.0,False,0.875,8.0,9.0,0.8888888888888888,0.8888888888888888,1.0,False,0.9375,16,1,5.0,16,16,10.0,1.6569126324965797,60.35321237748269,62.5,6.34348601960277,0
2022,GO,SOLIDARIEDADE,18,7.5704219958951455,6074643.79,False,0,8,0.4444444444444444,False,10,0.5555555555555556,False,5,0.2777777777777778,False,8.0,10.0,0.8,1.0,0.8,False,0.8888888888888888,5.0,8.0,0.625,0.625,1.0,False,0.8333333333333334,5.0,10.0,0.5,0.5,1.0,False,0.7222222222222222,18,0,3.0,18,18,8.0,2.377674587989944,42.057899977195255,44.44444444444444,10.429578004104854,0
2022,GO,UNIAO,8,3.993508416801347,8157005.83,False,2,4,0.5,False,4,0.5,False,3,0.375,False,4.0,4.0,1.0,1.0,1.0,True,1.0,3.0,4.0,0.75,0.75,1.0,False,0.875,3.0,4.0,0.75,0.75,1.0,False,0.875,8,2,1.0,8,8,4.0,2.003251067743512,49.91885521001684,50.0,4.0064915831986525,0
2022,GO,UP,1,1.0,9969.67,False,0,1,1.0,False,1,1.0,False,0,0.0,False,1.0,1.0,1.0,1.0,1.0,True,1.0,0.0,1.0,0.0,0.0,,False,0.0,0.0,1.0,0.0,0.0,,False,0.0,1,0,0.0,1,1,1.0,1.0,100.0,100.0,0.0,0
2022,MA,AGIR,17,4.660739806776248,85735.32,False,0,5,0.29411764705882354,True,6,0.35294117647058826,True,7,0.4117647058823529,False,5.0,6.0,0.8333333333333334,1.0,0.8333333333333334,False,0.9411764705882353,5.0,7.0,0.7142857142857143,1.0,0.7142857142857143,False,0.8823529411764706,6.0,7.0,0.8571428571428571,1.0,0.8571428571428571,False,0.9411764705882353,17,0,1.0,17,10,5.0,3.6474896056809922,27.416116510448518,29.41176470588235,12.339260193223751,7
2022,MA,AVANTE,6,,0.0,True,0,0,0.0,False,0,0.0,False,0,0.0,False,0.0,0.0,,,,True,1.0,0.0,0.0,,,,True,1.0,0.0,0.0,,,,True,1.0,6,0,0.0,6,0,0.0,,,0.0,,6
2022,MA,CIDADANIA,16,13.249101020622993,2641641.27,False,0,13,0.8125,False,11,0.6875,False,7,0.4375,False,11.0,13.0,0.8461538461538461,0.8461538461538461,1.0,False,0.875,7.0,13.0,0.5384615384615384,0.5384615384615384,1.0,False,0.625,7.0,11.0,0.6363636363636364,0.6363636363636364,1.0,False,0.75,16,0,0.0,16,16,13.0,1.2076291044271663,82.8068813788937,81.25,2.7508989793770073,0
2022,MA,DC,12,11.048182540561964,187799.45,False,0,11,0.9166666666666666,False,9,0.75,True,4,0.3333333333333333,False,9.0,11.0,0.8181818181818182,0.8181818181818182,1.0,False,0.8333333333333334,4.0,11.0,0.36363636363636365,0.36363636363636365,1.0,False,0.41666666666666663,4.0,9.0,0.4444444444444444,0.4444444444444444,1.0,False,0.5833333333333333,12,0,0.0,12,12,11.0,1.0861514964966918,92.06818783801636,91.66666666666667,0.9518174594380362,0
2022,MA,MDB,17,5.583216625511733,12554245.0,False,1,6,0.35294117647058826,False,4,0.23529411764705882,False,6,0.35294117647058826,False,4.0,6.0,0.6666666666666666,0.6666666666666666,1.0,False,0.8823529411764706,6.0,6.0,1.0,1.0,1.0,True,1.0,4.0,6.0,0.6666666666666666,1.0,0.6666666666666666,False,0.8823529411764706,17,1,5.0,17,17,6.0,3.044839765364084,32.84245073830431,35.294117647058826,11.416783374488267,0
2022,MA,NOVO,6,5.630170542505092,17449.18,False,0,6,1.0,False,5,0.8333333333333334,True,3,0.5,False,5.0,6.0,0.8333333333333334,0.8333333333333334,1.0,False,0.8333333333333334,3.0,6.0,0.5,0.5,1.0,False,0.5,3.0,5.0,0.6,0.6,1.0,False,0.6666666666666667,6,0,0.0,6,6,6.0,1.0656870790507806,93.8361757084182,100.0,0.3698294574949079,0
2022,MA,PATRIOTA,19,8.228729727276693,7357000.0,False,1,8,0.42105263157894735,False,9,0.47368421052631576,False,6,0.3157894736842105,False,8.0,9.0,0.8888888888888888,1.0,0.8888888888888888,False,0.9473684210526316,6.0,8.0,0.75,0.75,1.0,False,0.8947368421052632,6.0,9.0,0.6666666666666666,0.6666666666666666,1.0,False,0.8421052631578947,19,1,2.0,19,18,8.0,2.3089833582720027,43.30910382777207,42.10526315789474,10.771270272723307,1
2022,MA,PC DO B,5,1.9619897296632292,4640000.0,False,1,2,0.4,False,2,0.4,False,2,0.4,False,2.0,2.0,1.0,1.0,1.0,True,1.0,2.0,2.0,1.0,1.0,1.0,True,1.0,2.0,2.0,1.0,1.0,1.0,True,1.0,5,1,2.0,5,5,2.0,2.5484333197086806,39.239794593264584,40.0,3.0380102703367706,0
2022,MA,PCO,1,1.0,3000.0,False,0,1,1.0,False,1,1.0,False,0,0.0,False,1.0,1.0,1.0,1.0,1.0,True,1.0,0.0,1.0,0.0,0.0,,False,0.0,0.0,1.0,0.0,0.0,,False,0.0,1,0,0.0,1,1,1.0,1.0,100.0,100.0,0.0,0
2022,MA,PDT,16,10.141667117433872,4330000.0,False,1,10,0.625,True,9,0.5625,True,7,0.4375,False,9.0,10.0,0.9,0.9,1.0,False,0.9375,7.0,10.0,0.7,0.7,1.0,False,0.8125,7.0,9.0,0.7777777777777778,0.7777777777777778,1.0,False,0.875,16,1,4.0,16,16,10.0,1.5776498887934758,63.385419483961705,62.5,5.858332882566128,0
2022,MA,PL,18,7.518446601941747,4400000.0,False,4,8,0.4444444444444444,True,7,0.3888888888888889,True,5,0.2777777777777778,False,7.0,8.0,0.875,0.875,1.0,False,0.9444444444444444,5.0,8.0,0.625,0.625,1.0,False,0.8333333333333334,5.0,7.0,0.7142857142857143,0.7142857142857143,1.0,False,0.8888888888888888,18,4,6.0,18,16,8.0,2.394111570247934,41.76914778856526,44.44444444444444,10.481553398058253,2
2022,MA,PMB,8,,0.0,True,0,0,0.0,False,0,0.0,False,0,0.0,False,0.0,0.0,,,,True,1.0,0.0,0.0,,,,True,1.0,0.0,0.0,,,,True,1.0,8,0,0.0,8,0,0.0,,,0.0,,8
2022,MA,PODE,17,7.054394191636609,10677472.53,False,1,7,0.4117647058823529,False,8,0.47058823529411764,False,5,0.29411764705882354,False,7.0,8.0,0.875,1.0,0.875,False,0.9411764705882353,5.0,7.0,0.7142857142857143,0.7142857142857143,1.0,False,0.8823529411764706,5.0,8.0,0.625,0.625,1.0,False,0.8235294117647058,17,1,7.0,17,16,7.0,2.4098454861162253,41.49643642139182,41.1764705882353,9.945605808363391,1
2022,MA,PP,17,5.722171790131461,9740000.0,False,2,6,0.35294117647058826,False,6,0.35294117647058826,False,5,0.29411764705882354,False,6.0,6.0,1.0,1.0,1.0,True,1.0,5.0,6.0,0.8333333333333334,0.8333333333333334,1.0,False,0.9411764705882353,5.0,6.0,0.8333333333333334,0.8333333333333334,1.0,False,0.9411764705882353,17,2,2.0,17,16,6.0,2.9708999700635417,33.659834059596825,35.294117647058826,11.277828209868538,1
2022,MA,PROS,14,6.832807570977917,1140000.0,False,0,7,0.5,False,6,0.42857142857142855,False,6,0.42857142857142855,False,6.0,7.0,0.8571428571428571,0.8571428571428571,1.0,False,0.9285714285714286,6.0,7.0,0.8571428571428571,0.8571428571428571,1.0,False,0.9285714285714286,6.0,6.0,1.0,1.0,1.0,True,1.0,14,0,0.0,14,12,7.0,2.048938134810711,48.80576836412798,50.0,7.167192429022083,2
2022,MA,PRTB,10,2.939140304028476,4985.7,False,0,3,0.3,False,3,0.3,False,3,0.3,False,3.0,3.0,1.0,1.0,1.0,True,1.0,3.0,3.0,1.0,1.0,1.0,True,1.0,3.0,3.0,1.0,1.0,1.0,True,1.0,10,0,0.0,10,3,3.0,3.402355439205707,29.391403040284757,30.0,7.060859695971525,7
2022,MA,PSB,13,5.0431890715384275,8017990.0,False,1,5,0.38461538461538464,False,4,0.3076923076923077,False,4,0.3076923076923077,False,4.0,5.0,0.8,0.8,1.0,False,0.9230769230769231,4.0,5.0,0.8,0.8,1.0,False,0.9230769230769231,4.0,4.0,1.0,1.0,1.0,True,1.0,13,1,2.0,13,13,5.0,2.577734012267429,38.793762088757134,38.46153846153846,7.9568109284615725,0
2022,MA,PSC,17,6.180586907449209,3700000.0,False,1,6,0.35294117647058826,True,9,0.5294117647058824,False,2,0.11764705882352941,False,6.0,9.0,0.6666666666666666,1.0,0.6666666666666666,False,0.8235294117647058,2.0,6.0,0.3333333333333333,0.3333333333333333,1.0,False,0.7647058823529411,2.0,9.0,0.2222222222222222,0.2222222222222222,1.0,False,0.5882352941176471,17,1,2.0,17,17,6.0,2.75054784514244,36.35639357323064,35.294117647058826,10.819413092550791,0
2022,MA,PSD,18,4.239871708426729,4940770.0,False,1,4,0.2222222222222222,False,3,0.16666666666666666,False,3,0.16666666666666666,False,3.0,4.0,0.75,0.75,1.0,False,0.9444444444444444,3.0,4.0,0.75,0.75,1.0,False,0.9444444444444444,3.0,3.0,1.0,1.0,1.0,True,1.0,18,1,3.0,18,16,4.0,4.245411474178586,23.55484282459294,22.22222222222222,13.76012829157327,2
2022,MA,PSDB,1,1.0,1000.0,False,0,1,1.0,False,1,1.0,False,0,0.0,False,1.0,1.0,1.0,1.0,1.0,True,1.0,0.0,1.0,0.0,0.0,,False,0.0,0.0,1.0,0.0,0.0,,False,0.0,1,0,0.0,1,1,1.0,1.0,100.0,100.0,0.0,0
2022,MA,PSOL,14,10.161583021068349,274070.23,False,0,10,0.7142857142857143,True,8,0.5714285714285714,True,7,0.5,False,8.0,10.0,0.8,0.8,1.0,False,0.8571428571428572,7.0,10.0,0.7,0.7,1.0,False,0.7857142857142857,7.0,8.0,0.875,0.875,1.0,False,0.9285714285714286,14,0,0.0,14,14,10.0,1.3777380916903728,72.58273586477392,71.42857142857143,3.838416978931651,0
2022,MA,PSTU,5,2.7460048682400253,13950.0,False,0,3,0.6,False,3,0.6,False,3,0.6,False,3.0,3.0,1.0,1.0,1.0,True,1.0,3.0,3.0,1.0,1.0,1.0,True,1.0,3.0,3.0,1.0,1.0,1.0,True,1.0,5,0,0.0,5,3,3.0,1.820827070566925,54.920097364800505,60.0,2.2539951317599747,2
2022,MA,PT,9,6.014754123180354,6917437.9,False,1,6,0.6666666666666666,False,5,0.5555555555555556,False,4,0.4444444444444444,False,5.0,6.0,0.8333333333333334,0.8333333333333334,1.0,False,0.8888888888888888,4.0,6.0,0.6666666666666666,0.6666666666666666,1.0,False,0.7777777777777778,4.0,5.0,0.8,0.8,1.0,False,0.8888888888888888,9,1,5.0,9,9,6.0,1.4963205171288319,66.8306013686706,66.66666666666667,2.985245876819646,0
2022,MA,PTB,4,,0.0,True,0,0,0.0,False,0,0.0,False,0,0.0,False,0.0,0.0,,,,True,1.0,0.0,0.0,,,,True,1.0,0.0,0.0,,,,True,1.0,4,0,0.0,4,0,0.0,,,0.0,,4
2022,MA,PV,4,3.8225304369141,258908.95,False,0,4,1.0,False,3,0.75,False,2,0.5,False,3.0,4.0,0.75,0.75,1.0,False,0.75,2.0,4.0,0.5,0.5,1.0,False,0.5,2.0,3.0,0.6666666666666666,0.6666666666666666,1.0,False,0.75,4,0,0.0,4,4,4.0,1.0464272465621411,95.56326092285249,100.0,0.1774695630859,0
2022,MA,REDE,3,1.9672466734902763,62000.0,False,0,2,0.6666666666666666,False,2,0.6666666666666666,False,2,0.6666666666666666,False,2.0,2.0,1.0,1.0,1.0,True,1.0,2.0,2.0,1.0,1.0,1.0,True,1.0,2.0,2.0,1.0,1.0,1.0,True,1.0,3,0,0.0,3,2,2.0,1.5249739854318418,65.57488911634255,66.66666666666667,1.0327533265097237,1
2022,MA,REPUBLICANOS,10,5.474462150176212,6835217.39,False,1,5,0.5,False,5,0.5,False,4,0.4,False,5.0,5.0,1.0,1.0,1.0,True,1.0,4.0,5.0,0.8,0.8,1.0,False,0.9,4.0,5.0,0.8,0.8,1.0,False,0.9,10,1,5.0,10,10,5.0,1.8266634649539262,54.74462150176212,50.0,4.525537849823788,0
2022,MA,SOLIDARIEDADE,8,,0.0,True,0,0,0.0,False,0,0.0,False,0,0.0,False,0.0,0.0,,,,True,1.0,0.0,0.0,,,,True,1.0,0.0,0.0,,,,True,1.0,8,0,0.0,8,0,0.0,,,0.0,,8
2022,MA,UNIAO,19,10.219273769987469,17877508.840000004,False,2,10,0.5263157894736842,True,9,0.47368421052631576,False,6,0.3157894736842105,False,9.0,10.0,0.9,0.9,1.0,False,0.9473684210526316,6.0,10.0,0.6,0.6,1.0,False,0.7894736842105263,6.0,9.0,0.6666666666666666,0.6666666666666666,1.0,False,0.8421052631578947,19,2,2.0,19,19,10.0,1.8592319207457046,53.78565142098668,52.63157894736842,8.780726230012531,0
2022,MG,AGIR,19,8.934915162238937,111850.0,False,0,9,0.47368421052631576,True,11,0.5789473684210527,True,4,0.21052631578947367,False,9.0,11.0,0.8181818181818182,1.0,0.8181818181818182,False,0.8947368421052632,4.0,9.0,0.4444444444444444,0.4444444444444444,1.0,False,0.736842105263158,4.0,11.0,0.36363636363636365,0.36363636363636365,1.0,False,0.631578947368421,19,0,0.0,19,16,9.0,2.126489133360604,47.025869274941776,47.36842105263158,10.065084837761063,3
2022,MG,AVANTE,54,15.383650600649196,21314655.329999994,False,5,15,0.2777777777777778,False,23,0.42592592592592593,False,14,0.25925925925925924,False,15.0,23.0,0.6521739130434783,1.0,0.6521739130434783,False,0.8518518518518519,14.0,15.0,0.9333333333333333,0.9333333333333333,1.0,False,0.9814814814814815,14.0,23.0,0.6086956521739131,0.6086956521739131,1.0,False,0.8333333333333334,54,5,14.0,54,54,15.0,3.5102201292664033,28.488241853054067,27.77777777777778,38.6163493993508,0
2022,MG,CIDADANIA,16,5.042792898711586,4417584.62,False,0,5,0.3125,False,6,0.375,False,4,0.25,False,5.0,6.0,0.8333333333333334,1.0,0.8333333333333334,False,0.9375,4.0,5.0,0.8,0.8,1.0,False,0.9375,4.0,6.0,0.6666666666666666,0.6666666666666666,1.0,False,0.875,16,0,0.0,16,16,5.0,3.172844953455839,31.517455616947416,31.25,10.957207101288414,0
2022,MG,DC,1,1.0,10000.0,False,0,1,1.0,False,1,1.0,False,0,0.0,False,1.0,1.0,1.0,1.0,1.0,True,1.0,0.0,1.0,0.0,0.0,,False,0.0,0.0,1.0,0.0,0.0,,False,0.0,1,0,0.0,1,1,1.0,1.0,100.0,100.0,0.0,0
2022,MG,MDB,44,7.235532520975347,14465000.0,False,2,7,0.1590909090909091,False,7,0.1590909090909091,False,7,0.1590909090909091,False,7.0,7.0,1.0,1.0,1.0,True,1.0,7.0,7.0,1.0,1.0,1.0,True,1.0,7.0,7.0,1.0,1.0,1.0,True,1.0,44,2,6.0,44,40,7.0,6.081100440423259,16.44439209312579,15.909090909090908,36.76446747902465,4
2022,MG,NOVO,30,24.32405045098553,2117662.0,False,0,24,0.8,True,22,0.7333333333333333,True,8,0.26666666666666666,False,22.000000000000007,24.0,0.916666666666667,0.916666666666667,1.0000000000000002,False,0.9333333333333333,8.0,24.0,0.3333333333333333,0.3333333333333333,1.0,False,0.46666666666666656,8.0,22.000000000000007,0.36363636363636354,0.36363636363636365,1.0,False,0.5333333333333333,30,0,4.0,30,30,24.0,1.2333472198823079,81.08016816995178,80.0,5.675949549014469,0
2022,MG,PATRIOTA,51,13.405510791484343,18184094.18,False,3,13,0.2549019607843137,False,15,0.29411764705882354,False,15,0.29411764705882354,False,13.0,15.0,0.8666666666666667,1.0,0.8666666666666667,False,0.9607843137254902,13.0,15.0,0.8666666666666667,1.0,0.8666666666666667,False,0.9607843137254902,15.0,15.0,1.0,1.0,1.0,True,1.0,51,3,8.0,51,49,13.0,3.804405575682876,26.285315277420278,25.49019607843137,37.594489208515654,2
2022,MG,PC DO B,2,1.0752214532697717,3030554.5,False,0,1,0.5,False,1,0.5,False,1,0.5,False,1.0,1.0,1.0,1.0,1.0,True,1.0,1.0,1.0,1.0,1.0,1.0,True,1.0,1.0,1.0,1.0,1.0,1.0,True,1.0,2,0,1.0,2,2,1.0,1.8600819337430041,53.761072663488584,50.0,0.9247785467302283,0
2022,MG,PCB,9,,0.0,True,0,0,0.0,False,0,0.0,False,0,0.0,False,0.0,0.0,,,,True,1.0,0.0,0.0,,,,True,1.0,0.0,0.0,,,,True,1.0,9,0,1.0,9,0,0.0,,,0.0,,9
2022,MG,PCO,3,2.9999999999999996,36272.729999999996,False,0,3,1.0,False,3,1.0,False,0,0.0,False,3.0,3.0,1.0,1.0,1.0,True,1.0,0.0,3.0,0.0,0.0,,False,0.0,0.0,3.0,0.0,0.0,,False,0.0,3,0,0.0,3,3,3.0,1.0000000000000002,99.99999999999999,100.0,4.440892098500626e-16,0
2022,MG,PDT,45,8.00046014886822,5616148.05,False,2,8,0.17777777777777778,False,9,0.2,False,8,0.17777777777777778,False,8.0,9.0,0.8888888888888888,1.0,0.8888888888888888,False,0.9777777777777777,8.0,8.0,1.0,1.0,1.0,True,1.0,8.0,9.0,0.8888888888888888,0.8888888888888888,1.0,False,0.9777777777777777,45,2,2.0,45,44,8.0,5.624676476435658,17.778800330818264,17.77777777777778,36.99953985113178,1
2022,MG,PL,45,12.395529530665014,9185374.68,False,11,12,0.26666666666666666,False,11,0.24444444444444444,False,12,0.26666666666666666,False,11.0,12.0,0.9166666666666666,0.9166666666666666,1.0,False,0.9777777777777777,12.0,12.0,1.0,1.0,1.0,True,1.0,11.0,12.0,0.9166666666666666,1.0,0.9166666666666666,False,0.9777777777777777,45,11,8.0,45,44,12.0,3.630341074875062,27.545621179255587,26.666666666666668,32.604470469334984,1
2022,MG,PMB,5,,0.0,True,0,0,0.0,False,0,0.0,False,0,0.0,False,0.0,0.0,,,,True,1.0,0.0,0.0,,,,True,1.0,0.0,0.0,,,,True,1.0,5,0,0.0,5,0,0.0,,,0.0,,5
2022,MG,PMN,53,5.5941677831304695,2215000.0,False,0,6,0.11320754716981132,False,8,0.1509433962264151,False,10,0.18867924528301888,False,6.0,8.0,0.75,1.0,0.75,False,0.9622641509433962,6.0,10.0,0.6,1.0,0.6,False,0.9245283018867925,8.0,10.0,0.8,1.0,0.8,False,0.9622641509433962,53,0,1.0,53,33,6.0,9.474152734536228,10.555033553076358,11.320754716981131,47.40583221686953,20
2022,MG,PODE,53,7.43014061638701,11906225.68,False,2,7,0.1320754716981132,False,8,0.1509433962264151,False,10,0.18867924528301888,False,7.0,8.0,0.875,1.0,0.875,False,0.9811320754716981,7.0,10.0,0.7,1.0,0.7,False,0.9433962264150944,8.0,10.0,0.8,1.0,0.8,False,0.9622641509433962,53,2,5.0,53,45,7.0,7.13310860942654,14.019133238466056,13.20754716981132,45.56985938361299,8
2022,MG,PP,53,8.959544669150636,19990060.85,False,3,9,0.16981132075471697,False,7,0.1320754716981132,False,9,0.16981132075471697,False,7.0,9.0,0.7777777777777778,0.7777777777777778,1.0,False,0.9622641509433962,9.0,9.0,1.0,1.0,1.0,True,1.0,7.0,9.0,0.7777777777777778,1.0,0.7777777777777778,False,0.9622641509433962,53,3,10.0,53,49,9.0,5.9154791852859185,16.90480126254837,16.9811320754717,44.04045533084936,4
2022,MG,PROS,53,8.010518387692798,9127770.35,False,1,8,0.1509433962264151,False,18,0.33962264150943394,True,12,0.22641509433962265,False,8.0,18.0,0.4444444444444444,1.0,0.4444444444444444,False,0.8113207547169812,8.0,12.0,0.6666666666666666,1.0,0.6666666666666666,False,0.9245283018867925,12.0,18.0,0.6666666666666666,0.6666666666666666,1.0,False,0.8867924528301887,53,1,3.0,53,52,8.0,6.616300897758147,15.114185637156222,15.09433962264151,44.9894816123072,1
2022,MG,PRTB,40,8.273399615573629,278762.0,False,0,8,0.2,False,20,0.5,True,8,0.2,False,8.0,20.0,0.4,1.0,0.4,False,0.7,8.0,8.0,1.0,1.0,1.0,True,1.0,8.0,20.0,0.4,0.4,1.0,False,0.7,40,0,0.0,40,39,8.0,4.834771902556847,20.683499038934073,20.0,31.72660038442637,1
2022,MG,PSB,41,4.345997661449038,5397139.5,False,0,4,0.0975609756097561,False,10,0.24390243902439024,False,10,0.24390243902439024,False,4.0,10.0,0.4,1.0,0.4,False,0.8536585365853658,4.0,10.0,0.4,1.0,0.4,False,0.8536585365853658,10.0,10.0,1.0,1.0,1.0,True,1.0,41,0,3.0,41,39,4.0,9.433967340500091,10.599994296217167,9.75609756097561,36.65400233855096,2
2022,MG,PSC,45,4.233950790455463,6683131.749999998,False,1,4,0.08888888888888889,False,4,0.08888888888888889,False,5,0.1111111111111111,False,4.0,4.0,1.0,1.0,1.0,True,1.0,4.0,5.0,0.8,1.0,0.8,False,0.9777777777777777,4.0,5.0,0.8,1.0,0.8,False,0.9777777777777777,45,1,3.0,45,39,4.0,10.628371048015692,9.408779534345474,8.88888888888889,40.76604920954453,6
2022,MG,PSD,39,11.556006647001693,13943705.77,False,4,12,0.3076923076923077,False,9,0.23076923076923078,False,9,0.23076923076923078,False,9.0,12.0,0.75,0.75,1.0,False,0.9230769230769231,9.0,12.0,0.75,0.75,1.0,False,0.9230769230769231,9.0,9.0,1.0,1.0,1.0,True,1.0,39,4,7.0,39,35,12.0,3.3748682560786594,29.630786274363317,30.76923076923077,27.443993352998305,4
2022,MG,PSDB,37,7.989873471039396,13292550.64,False,2,8,0.21621621621621623,True,7,0.1891891891891892,False,7,0.1891891891891892,False,7.0,8.0,0.875,0.875,1.0,False,0.972972972972973,7.0,8.0,0.875,0.875,1.0,False,0.972972972972973,7.0,7.0,1.0,1.0,1.0,True,1.0,37,2,3.0,37,32,8.0,4.630861819541017,21.5942526244308,21.62162162162162,29.010126528960605,5
2022,MG,PSOL,23,3.9301620329265083,3848485.09,False,1,4,0.17391304347826086,False,4,0.17391304347826086,False,3,0.13043478260869565,False,4.0,4.0,1.0,1.0,1.0,True,1.0,3.0,4.0,0.75,0.75,1.0,False,0.9565217391304348,3.0,4.0,0.75,0.75,1.0,False,0.9565217391304348,23,1,0.0,23,22,4.0,5.852176019031347,17.08766101272395,17.391304347826086,19.069837967073493,1
2022,MG,PSTU,6,2.211708645336964,57000.0,False,0,2,0.3333333333333333,True,3,0.5,True,1,0.16666666666666666,False,2.0,3.0,0.6666666666666666,1.0,0.6666666666666666,False,0.8333333333333334,1.0,2.0,0.5,0.5,1.0,False,0.8333333333333334,1.0,3.0,0.3333333333333333,0.3333333333333333,1.0,False,0.6666666666666667,6,0,0.0,6,5,2.0,2.7128347183748844,36.86181075561607,33.333333333333336,3.788291354663036,1
2022,MG,PT,42,18.064253026883044,29181406.61,False,10,18,0.42857142857142855,False,13,0.30952380952380953,False,13,0.30952380952380953,False,13.0,18.0,0.7222222222222222,0.7222222222222222,1.0,False,0.8809523809523809,13.0,18.0,0.7222222222222222,0.7222222222222222,1.0,False,0.8809523809523809,13.0,13.0,1.0,1.0,1.0,True,1.0,42,10,15.0,42,42,18.0,2.325033863149282,43.01012625448344,42.857142857142854,23.935746973116956,0
2022,MG,PTB,47,8.214149928427656,7247694.56,False,0,8,0.1702127659574468,False,11,0.23404255319148937,False,9,0.19148936170212766,False,8.0,11.0,0.7272727272727273,1.0,0.7272727272727273,False,0.9361702127659575,8.0,9.0,0.8888888888888888,1.0,0.8888888888888888,False,0.9787234042553191,9.0,11.0,0.8181818181818182,0.8181818181818182,1.0,False,0.9574468085106383,47,0,3.0,47,47,8.0,5.721833714933992,17.476914741335438,17.02127659574468,38.78585007157234,0
2022,MG,PV,9,3.382588599741341,4372482.9,False,0,3,0.3333333333333333,False,4,0.4444444444444444,False,2,0.2222222222222222,False,3.0,4.0,0.75,1.0,0.75,False,0.8888888888888888,2.0,3.0,0.6666666666666666,0.6666666666666666,1.0,False,0.8888888888888888,2.0,4.0,0.5,0.5,1.0,False,0.7777777777777778,9,0,2.0,9,9,3.0,2.6606841874557876,37.58431777490379,33.333333333333336,5.617411400258659,0
2022,MG,REDE,27,2.875239532554859,5098009.76,False,0,3,0.1111111111111111,True,6,0.2222222222222222,True,7,0.25925925925925924,False,3.0,6.0,0.5,1.0,0.5,False,0.888888888888889,3.0,7.0,0.42857142857142855,1.0,0.42857142857142855,False,0.8518518518518519,6.0,7.0,0.8571428571428571,1.0,0.8571428571428571,False,0.962962962962963,27,0,1.0,27,25,3.0,9.390521970184704,10.649035305758737,11.11111111111111,24.124760467445142,2
2022,MG,REPUBLICANOS,53,9.67645701242275,14850682.120000001,False,2,10,0.18867924528301888,False,9,0.16981132075471697,False,11,0.20754716981132076,False,9.0,10.0,0.9,0.9,1.0,False,0.9811320754716981,10.0,11.0,0.9090909090909091,1.0,0.9090909090909091,False,0.9811320754716981,9.0,11.0,0.8181818181818182,1.0,0.8181818181818182,False,0.9622641509433962,53,2,8.0,53,51,10.0,5.477211331787862,18.257466061175,18.867924528301888,43.32354298757725,2
2022,MG,SOLIDARIEDADE,36,10.39477763223749,6667800.0,False,1,10,0.2777777777777778,True,10,0.2777777777777778,True,12,0.3333333333333333,False,10.0,10.0,1.0,1.0,1.0,True,1.0,10.0,12.0,0.8333333333333334,1.0,0.8333333333333334,False,0.9444444444444444,10.0,12.0,0.8333333333333334,1.0,0.8333333333333334,False,0.9444444444444444,36,1,3.0,36,35,10.0,3.463277548944638,28.874382311770805,27.77777777777778,25.605222367762508,1
2022,MG,UNIAO,53,20.858139420483514,28043578.53,False,3,21,0.39622641509433965,False,19,0.3584905660377358,False,17,0.32075471698113206,False,19.0,21.0,0.9047619047619048,0.9047619047619048,1.0,False,0.9622641509433962,17.0,21.0,0.8095238095238095,0.8095238095238095,1.0,False,0.9245283018867925,17.0,19.0,0.8947368421052632,0.8947368421052632,1.0,False,0.9622641509433962,53,3,4.0,53,53,21.0,2.540974481547089,39.35498003864814,39.62264150943396,32.14186057951649,0
2022,MG,UP,1,1.0,27449.37,False,0,1,1.0,False,1,1.0,False,0,0.0,False,1.0,1.0,1.0,1.0,1.0,True,1.0,0.0,1.0,0.0,0.0,,False,0.0,0.0,1.0,0.0,0.0,,False,0.0,1,0,0.0,1,1,1.0,1.0,100.0,100.0,0.0,0
2022,MS,AGIR,5,3.0,15000.0,False,0,3,0.6,False,3,0.6,False,3,0.6,False,3.0,3.0,1.0,1.0,1.0,True,1.0,3.0,3.0,1.0,1.0,1.0,True,1.0,3.0,3.0,1.0,1.0,1.0,True,1.0,5,0,0.0,5,3,3.0,1.6666666666666667,60.0,60.0,2.0,2
2022,MS,AVANTE,8,3.789473684210527,1200000.0,False,0,4,0.5,True,5,0.625,False,2,0.25,False,3.9999999999999996,5.0,0.7999999999999999,0.9999999999999999,0.7999999999999999,False,0.875,2.0,3.9999999999999996,0.5000000000000001,0.5,1.0,False,0.75,2.0,5.0,0.4,0.4,1.0,False,0.625,8,0,1.0,8,8,4.0,2.1111111111111107,47.36842105263159,50.0,4.210526315789473,0
2022,MS,DC,3,2.66984126984127,29000.0,False,0,3,1.0,False,2,0.6666666666666666,False,2,0.6666666666666666,False,2.0,3.0,0.6666666666666666,0.6666666666666666,1.0,False,0.6666666666666667,2.0,3.0,0.6666666666666666,0.6666666666666666,1.0,False,0.6666666666666667,2.0,2.0,1.0,1.0,1.0,True,1.0,3,0,0.0,3,3,3.0,1.1236623067776454,88.994708994709,100.0,0.3301587301587299,0
2022,MS,MDB,9,1.5486966281477732,3130000.0,False,0,2,0.2222222222222222,False,2,0.2222222222222222,False,1,0.1111111111111111,False,2.0,2.0,1.0,1.0,1.0,True,1.0,1.0,2.0,0.5,0.5,1.0,False,0.8888888888888888,1.0,2.0,0.5,0.5,1.0,False,0.8888888888888888,9,0,3.0,9,8,2.0,5.811338280476478,17.207740312753035,22.22222222222222,7.451303371852227,1
2022,MS,NOVO,6,5.572129110423646,71449.18000000001,False,0,6,1.0,False,5,0.8333333333333334,True,4,0.6666666666666666,False,5.0,6.0,0.8333333333333334,0.8333333333333334,1.0,False,0.8333333333333334,4.0,6.0,0.6666666666666666,0.6666666666666666,1.0,False,0.6666666666666667,4.0,5.0,0.8,0.8,1.0,False,0.8333333333333334,6,0,0.0,6,6,6.0,1.0767876840427022,92.86881850706077,100.0,0.42787088957635433,0
2022,MS,PC DO B,2,1.0857314599143437,170000.0,False,0,1,0.5,False,1,0.5,False,1,0.5,False,1.0,1.0,1.0,1.0,1.0,True,1.0,1.0,1.0,1.0,1.0,1.0,True,1.0,1.0,1.0,1.0,1.0,1.0,True,1.0,2,0,0.0,2,2,1.0,1.842076124567474,54.28657299571719,50.0,0.9142685400856563,0
2022,MS,PDT,6,4.227341445884656,413000.0,False,0,4,0.6666666666666666,True,3,0.5,False,3,0.5,False,3.0,4.0,0.75,0.75,1.0,False,0.8333333333333334,3.0,4.0,0.75,0.75,1.0,False,0.8333333333333334,3.0,3.0,1.0,1.0,1.0,True,1.0,6,0,0.0,6,6,4.0,1.4193317660301696,70.45569076474428,66.66666666666667,1.7726585541153437,0
2022,MS,PL,8,4.755792571986276,2878139.0700000003,False,2,5,0.625,False,5,0.625,False,3,0.375,False,5.0,5.0,1.0,1.0,1.0,True,1.0,3.0,5.0,0.6,0.6,1.0,False,0.75,3.0,5.0,0.6,0.6,1.0,False,0.75,8,2,2.0,8,8,5.0,1.6821591520041355,59.44740714982844,62.5,3.2442074280137243,0
2022,MS,PODE,7,6.680412371134019,3600000.0,False,0,7,1.0,False,6,0.8571428571428571,False,2,0.2857142857142857,False,6.0,7.0,0.8571428571428571,0.8571428571428571,1.0,False,0.8571428571428572,2.0,7.0,0.2857142857142857,0.2857142857142857,1.0,False,0.2857142857142857,2.0,6.0,0.3333333333333333,0.3333333333333333,1.0,False,0.4285714285714286,7,0,3.0,7,7,7.0,1.0478395061728398,95.43446244477171,100.0,0.3195876288659809,0
2022,MS,PP,9,5.917163484516891,7275000.0,False,1,6,0.6666666666666666,False,5,0.5555555555555556,False,4,0.4444444444444444,False,5.0,6.0,0.8333333333333334,0.8333333333333334,1.0,False,0.8888888888888888,4.0,6.0,0.6666666666666666,0.6666666666666666,1.0,False,0.7777777777777778,4.0,5.0,0.8,0.8,1.0,False,0.8888888888888888,9,1,1.0,9,9,6.0,1.5209990434690193,65.74626093907656,66.66666666666667,3.082836515483109,0
2022,MS,PROS,4,,0.0,True,0,0,0.0,False,0,0.0,False,0,0.0,False,0.0,0.0,,,,True,1.0,0.0,0.0,,,,True,1.0,0.0,0.0,,,,True,1.0,4,0,0.0,3,0,0.0,,,0.0,,4
2022,MS,PRTB,9,,0.0,True,0,0,0.0,False,0,0.0,False,0,0.0,False,0.0,0.0,,,,True,1.0,0.0,0.0,,,,True,1.0,0.0,0.0,,,,True,1.0,9,0,0.0,9,0,0.0,,,0.0,,9
2022,MS,PSB,5,1.0,18000.0,False,0,1,0.2,False,1,0.2,False,1,0.2,False,1.0,1.0,1.0,1.0,1.0,True,1.0,1.0,1.0,1.0,1.0,1.0,True,1.0,1.0,1.0,1.0,1.0,1.0,True,1.0,5,0,0.0,5,1,1.0,5.0,20.0,20.0,4.0,4
2022,MS,PSD,9,2.843024564465799,3677681.44,False,0,3,0.3333333333333333,False,5,0.5555555555555556,False,1,0.1111111111111111,False,3.0,5.0,0.6,1.0,0.6,False,0.7777777777777778,1.0,3.0,0.3333333333333333,0.3333333333333333,1.0,False,0.7777777777777778,1.0,5.0,0.2,0.2,1.0,False,0.5555555555555556,9,0,4.0,9,9,3.0,3.165642714624623,31.58916182739777,33.333333333333336,6.156975435534201,0
2022,MS,PSDB,9,6.026043943802492,9103467.39,False,3,6,0.6666666666666666,False,5,0.5555555555555556,False,4,0.4444444444444444,False,5.0,6.0,0.8333333333333334,0.8333333333333334,1.0,False,0.8888888888888888,4.0,6.0,0.6666666666666666,0.6666666666666666,1.0,False,0.7777777777777778,4.0,5.0,0.8,0.8,1.0,False,0.8888888888888888,9,3,5.0,9,9,6.0,1.49351715386279,66.95604382002769,66.66666666666667,2.9739560561975082,0
2022,MS,PSOL,5,4.477180476876543,195810.03999999998,False,0,4,0.8,False,4,0.8,False,3,0.6,False,4.0,4.0,1.0,1.0,1.0,True,1.0,3.0,4.0,0.75,0.75,1.0,False,0.8,3.0,4.0,0.75,0.75,1.0,False,0.8,5,0,0.0,5,5,4.0,1.1167742792196298,89.54360953753087,80.0,0.5228195231234567,0
2022,MS,PT,5,2.763943566083588,3333755.09,False,2,3,0.6,False,3,0.6,False,2,0.4,False,3.0,3.0,1.0,1.0,1.0,True,1.0,2.0,3.0,0.6666666666666666,0.6666666666666666,1.0,False,0.8,2.0,3.0,0.6666666666666666,0.6666666666666666,1.0,False,0.8,5,2,3.0,5,5,3.0,1.8090094390330937,55.27887132167176,60.0,2.236056433916412,0
2022,MS,PTB,9,1.9717169284040816,1931146.6800000002,False,0,2,0.2222222222222222,False,3,0.3333333333333333,False,1,0.1111111111111111,False,2.0,3.0,0.6666666666666666,1.0,0.6666666666666666,False,0.8888888888888888,1.0,2.0,0.5,0.5,1.0,False,0.8888888888888888,1.0,3.0,0.3333333333333333,0.3333333333333333,1.0,False,0.7777777777777778,9,0,2.0,9,9,2.0,4.564549743600694,21.907965871156463,22.22222222222222,7.028283071595919,0
2022,MS,PV,2,1.9999999285649939,499865.73,False,0,2,1.0,False,2,1.0,False,1,0.5,False,2.0,2.0,1.0,1.0,1.0,True,1.0,1.0,2.0,0.5,0.5,1.0,False,0.5,1.0,2.0,0.5,0.5,1.0,False,0.5,2,0,0.0,2,2,2.0,1.0000000357175043,99.99999642824969,100.0,7.143500613260301e-08,0
2022,MS,REDE,3,1.0,10000.0,False,0,1,0.3333333333333333,False,1,0.3333333333333333,False,1,0.3333333333333333,False,1.0,1.0,1.0,1.0,1.0,True,1.0,1.0,1.0,1.0,1.0,1.0,True,1.0,1.0,1.0,1.0,1.0,1.0,True,1.0,3,0,0.0,3,1,1.0,3.0,33.333333333333336,33.333333333333336,2.0,2
2022,MS,REPUBLICANOS,9,6.924894406044575,1531593.7799999998,False,0,7,0.7777777777777778,True,6,0.6666666666666666,True,3,0.3333333333333333,False,6.0,7.0,0.8571428571428571,0.8571428571428571,1.0,False,0.8888888888888888,3.0,7.0,0.42857142857142855,0.42857142857142855,1.0,False,0.5555555555555556,3.0,6.0,0.5,0.5,1.0,False,0.6666666666666667,9,0,1.0,9,9,7.0,1.2996588066590755,76.94327117827305,77.77777777777777,2.075105593955425,0
2022,MS,SOLIDARIEDADE,7,4.2898777812597935,292500.0,False,0,4,0.5714285714285714,False,4,0.5714285714285714,False,3,0.42857142857142855,False,4.0,4.0,1.0,1.0,1.0,True,1.0,3.0,4.0,0.75,0.75,1.0,False,0.8571428571428572,3.0,4.0,0.75,0.75,1.0,False,0.8571428571428572,7,0,1.0,7,7,4.0,1.631748118927606,61.28396830371133,57.142857142857146,2.7101222187402065,0
2022,MS,UNIAO,9,4.283922554745191,7034500.0,False,0,4,0.4444444444444444,False,5,0.5555555555555556,True,2,0.2222222222222222,False,4.0,5.0,0.8,1.0,0.8,False,0.8888888888888888,2.0,4.0,0.5,0.5,1.0,False,0.7777777777777778,2.0,5.0,0.4,0.4,1.0,False,0.6666666666666667,9,0,4.0,9,9,4.0,2.100878315372656,47.599139497168785,44.44444444444444,4.716077445254809,0
2022,MT,AGIR,6,,0.0,True,0,0,0.0,False,0,0.0,False,0,0.0,False,0.0,0.0,,,,True,1.0,0.0,0.0,,,,True,1.0,0.0,0.0,,,,True,1.0,6,0,0.0,6,0,0.0,,,0.0,,6
2022,MT,CIDADANIA,2,1.3713378669327616,2620046.52,False,0,1,0.5,False,1,0.5,False,1,0.5,False,1.0,1.0,1.0,1.0,1.0,True,1.0,1.0,1.0,1.0,1.0,1.0,True,1.0,1.0,1.0,1.0,1.0,1.0,True,1.0,2,0,1.0,2,2,1.0,1.4584297919763216,68.56689334663808,50.0,0.6286621330672384,0
2022,MT,DC,8,6.721033727871078,54912.0,False,0,7,0.875,False,5,0.625,False,5,0.625,False,5.0,7.0,0.7142857142857143,0.7142857142857143,1.0,False,0.75,5.0,7.0,0.7142857142857143,0.7142857142857143,1.0,False,0.75,5.0,5.0,1.0,1.0,1.0,True,1.0,8,0,0.0,8,8,7.0,1.1902930894135002,84.01292159838847,87.5,1.2789662721289217,0
2022,MT,MDB,9,5.525417938355344,12528433.16,False,2,6,0.6666666666666666,False,4,0.4444444444444444,False,4,0.4444444444444444,False,4.0,6.0,0.6666666666666666,0.6666666666666666,1.0,False,0.7777777777777778,4.0,6.0,0.6666666666666666,0.6666666666666666,1.0,False,0.7777777777777778,4.0,4.0,1.0,1.0,1.0,True,1.0,9,2,5.0,9,9,6.0,1.6288360627936274,61.39353264839271,66.66666666666667,3.4745820616446563,0
2022,MT,NOVO,5,4.960525034107515,14827.649999999998,False,0,5,1.0,False,4,0.8,True,3,0.6,False,4.0,5.0,0.8,0.8,1.0,False,0.8,3.0,5.0,0.6,0.6,1.0,False,0.6,3.0,4.0,0.75,0.75,1.0,False,0.8,5,0,0.0,5,5,5.0,1.007957820114013,99.2105006821503,100.0,0.039474965892485336,0
2022,MT,PATRIOTA,9,7.254626202812733,1485000.0,False,0,7,0.7777777777777778,False,6,0.6666666666666666,False,4,0.4444444444444444,False,6.0,7.0,0.8571428571428571,0.8571428571428571,1.0,False,0.8888888888888888,4.0,7.0,0.5714285714285714,0.5714285714285714,1.0,False,0.6666666666666667,4.0,6.0,0.6666666666666666,0.6666666666666666,1.0,False,0.7777777777777778,9,0,1.0,9,9,7.0,1.2405876951331494,80.60695780903036,77.77777777777777,1.7453737971872672,0
2022,MT,PC DO B,2,1.712000798915022,364500.0,False,0,2,1.0,False,2,1.0,False,1,0.5,False,2.0,2.0,1.0,1.0,1.0,True,1.0,1.0,2.0,0.5,0.5,1.0,False,0.5,1.0,2.0,0.5,0.5,1.0,False,0.5,2,0,0.0,2,2,2.0,1.1682237539068305,85.6000399457511,100.0,0.2879992010849779,0
2022,MT,PDT,9,8.56692646560488,159000.0,False,0,9,1.0,False,7,0.7777777777777778,True,8,0.8888888888888888,False,6.999999999999999,9.0,0.7777777777777777,0.7777777777777777,0.9999999999999999,False,0.7777777777777777,8.0,9.0,0.8888888888888888,0.8888888888888888,1.0,False,0.8888888888888888,6.999999999999999,8.0,0.8749999999999999,0.9999999999999999,0.8749999999999999,False,0.8888888888888888,9,0,0.0,9,9,9.0,1.050551797792809,95.1880718400542,100.0,0.4330735343951204,0
2022,MT,PL,9,6.2239556790172665,7442150.68,False,4,6,0.6666666666666666,False,5,0.5555555555555556,False,5,0.5555555555555556,False,5.0,6.0,0.8333333333333334,0.8333333333333334,1.0,False,0.8888888888888888,5.0,6.0,0.8333333333333334,0.8333333333333334,1.0,False,0.8888888888888888,5.0,5.0,1.0,1.0,1.0,True,1.0,9,4,4.0,9,9,6.0,1.4460257212855117,69.15506310019185,66.66666666666667,2.7760443209827335,0
2022,MT,PODE,9,7.323814776867117,561766.68,False,0,7,0.7777777777777778,False,6,0.6666666666666666,False,3,0.3333333333333333,False,6.0,7.0,0.8571428571428571,0.8571428571428571,1.0,False,0.8888888888888888,3.0,7.0,0.42857142857142855,0.42857142857142855,1.0,False,0.5555555555555556,3.0,6.0,0.5,0.5,1.0,False,0.6666666666666667,9,0,0.0,9,9,7.0,1.2288677791835008,81.37571974296797,77.77777777777777,1.676185223132883,0
2022,MT,PROS,9,5.817753026312007,1074496.1600000001,False,0,6,0.6666666666666666,True,6,0.6666666666666666,True,2,0.2222222222222222,False,6.0,6.0,1.0,1.0,1.0,True,1.0,2.0,6.0,0.3333333333333333,0.3333333333333333,1.0,False,0.5555555555555556,2.0,6.0,0.3333333333333333,0.3333333333333333,1.0,False,0.5555555555555556,9,0,1.0,9,9,6.0,1.5469890109283797,64.64170029235564,66.66666666666667,3.1822469736879926,0
2022,MT,PSB,9,7.730516113790071,6122442.7,False,0,8,0.8888888888888888,False,6,0.6666666666666666,False,4,0.4444444444444444,False,6.0,8.0,0.75,0.75,1.0,False,0.7777777777777778,4.0,8.0,0.5,0.5,1.0,False,0.5555555555555556,4.0,6.0,0.6666666666666666,0.6666666666666666,1.0,False,0.7777777777777778,9,0,4.0,9,9,8.0,1.1642172226955665,85.89462348655634,88.88888888888889,1.2694838862099287,0
2022,MT,PSD,9,6.051793588523612,3605474.68,False,0,6,0.6666666666666666,False,5,0.5555555555555556,False,5,0.5555555555555556,False,5.0,6.0,0.8333333333333334,0.8333333333333334,1.0,False,0.8888888888888888,5.0,6.0,0.8333333333333334,0.8333333333333334,1.0,False,0.8888888888888888,5.0,5.0,1.0,1.0,1.0,True,1.0,9,0,2.0,9,8,6.0,1.4871624202562448,67.24215098359569,66.66666666666667,2.948206411476388,1
2022,MT,PSDB,7,5.18629708178618,3883032.12,False,0,5,0.7142857142857143,False,5,0.7142857142857143,False,3,0.42857142857142855,False,5.0,5.0,1.0,1.0,1.0,True,1.0,3.0,5.0,0.6,0.6,1.0,False,0.7142857142857143,3.0,5.0,0.6,0.6,1.0,False,0.7142857142857143,7,0,0.0,7,7,5.0,1.3497105718419766,74.08995831123114,71.42857142857143,1.8137029182138198,0
2022,MT,PSOL,5,3.2451614206139503,239793.01,False,0,3,0.6,False,3,0.6,False,2,0.4,False,3.0,3.0,1.0,1.0,1.0,True,1.0,2.0,3.0,0.6666666666666666,0.6666666666666666,1.0,False,0.8,2.0,3.0,0.6666666666666666,0.6666666666666666,1.0,False,0.8,5,0,1.0,5,5,3.0,1.5407554053363708,64.903228412279,60.0,1.7548385793860497,0
2022,MT,PT,4,1.387295755719713,2736822.38,False,0,1,0.25,False,1,0.25,False,1,0.25,False,1.0,1.0,1.0,1.0,1.0,True,1.0,1.0,1.0,1.0,1.0,1.0,True,1.0,1.0,1.0,1.0,1.0,1.0,True,1.0,4,0,1.0,4,4,1.0,2.8833073146142847,34.68239389299283,25.0,2.612704244280287,0
2022,MT,PTB,9,3.42312677585004,2208972.99,False,0,3,0.3333333333333333,False,4,0.4444444444444444,False,3,0.3333333333333333,False,3.0,4.0,0.75,1.0,0.75,False,0.8888888888888888,3.0,3.0,1.0,1.0,1.0,True,1.0,3.0,4.0,0.75,0.75,1.0,False,0.8888888888888888,9,0,2.0,9,8,3.0,2.629175192544569,38.03474195388933,33.333333333333336,5.57687322414996,1
2022,MT,PV,3,1.0748967332325787,829978.0,False,0,1,0.3333333333333333,False,1,0.3333333333333333,False,1,0.3333333333333333,False,1.0,1.0,1.0,1.0,1.0,True,1.0,1.0,1.0,1.0,1.0,1.0,True,1.0,1.0,1.0,1.0,1.0,1.0,True,1.0,3,0,1.0,3,2,1.0,2.7909657804782637,35.82989110775262,33.333333333333336,1.9251032667674213,1
2022,MT,REDE,3,1.869158878504673,100000.0,False,0,2,0.6666666666666666,True,2,0.6666666666666666,True,1,0.3333333333333333,False,2.0,2.0,1.0,1.0,1.0,True,1.0,1.0,2.0,0.5,0.5,1.0,False,0.6666666666666667,1.0,2.0,0.5,0.5,1.0,False,0.6666666666666667,3,0,0.0,3,3,2.0,1.6049999999999998,62.30529595015577,66.66666666666667,1.130841121495327,0
2022,MT,REPUBLICANOS,9,5.644198886175106,8078195.01,False,0,6,0.6666666666666666,False,6,0.6666666666666666,False,2,0.2222222222222222,False,6.0,6.0,1.0,1.0,1.0,True,1.0,2.0,6.0,0.3333333333333333,0.3333333333333333,1.0,False,0.5555555555555556,2.0,6.0,0.3333333333333333,0.3333333333333333,1.0,False,0.5555555555555556,9,0,4.0,9,9,6.0,1.5945575592746366,62.71332095750118,66.66666666666667,3.355801113824894,0
2022,MT,SOLIDARIEDADE,6,4.863940878258176,392468.9,False,0,5,0.8333333333333334,False,4,0.6666666666666666,False,4,0.6666666666666666,False,4.0,5.0,0.8,0.8,1.0,False,0.8333333333333334,4.0,5.0,0.8,0.8,1.0,False,0.8333333333333334,4.0,4.0,1.0,1.0,1.0,True,1.0,6,0,0.0,6,6,5.0,1.2335676255482484,81.06568130430293,83.33333333333333,1.136059121741824,0
2022,MT,UNIAO,9,6.837771137069781,13208395.05,False,2,7,0.7777777777777778,True,6,0.6666666666666666,False,3,0.3333333333333333,False,6.0,7.0,0.8571428571428571,0.8571428571428571,1.0,False,0.8888888888888888,3.0,7.0,0.42857142857142855,0.42857142857142855,1.0,False,0.5555555555555556,3.0,6.0,0.5,0.5,1.0,False,0.6666666666666667,9,2,5.0,9,9,7.0,1.3162183728566277,75.97523485633091,77.77777777777777,2.1622288629302187,0
2022,PA,AGIR,13,6.693069306930694,104000.0,False,0,7,0.5384615384615384,True,7,0.5384615384615384,True,4,0.3076923076923077,False,7.0,7.0,1.0,1.0,1.0,True,1.0,4.0,7.0,0.5714285714285714,0.5714285714285714,1.0,False,0.7692307692307692,4.0,7.0,0.5714285714285714,0.5714285714285714,1.0,False,0.7692307692307692,13,0,0.0,13,12,7.0,1.942307692307692,51.48514851485149,53.84615384615385,6.306930693069306,1
2022,PA,AVANTE,5,,0.0,True,0,0,0.0,False,0,0.0,False,0,0.0,False,0.0,0.0,,,,True,1.0,0.0,0.0,,,,True,1.0,0.0,0.0,,,,True,1.0,5,0,0.0,5,0,0.0,,,0.0,,5
2022,PA,CIDADANIA,3,1.406238164024015,3518884.0,False,0,1,0.3333333333333333,False,1,0.3333333333333333,False,1,0.3333333333333333,False,1.0,1.0,1.0,1.0,1.0,True,1.0,1.0,1.0,1.0,1.0,1.0,True,1.0,1.0,1.0,1.0,1.0,1.0,True,1.0,3,0,1.0,3,3,1.0,2.1333512890984005,46.87460546746717,33.333333333333336,1.593761835975985,0
2022,PA,MDB,14,4.709583411155897,9558000.0,False,9,5,0.35714285714285715,True,4,0.2857142857142857,True,3,0.21428571428571427,False,4.0,5.0,0.8,0.8,1.0,False,0.9285714285714286,3.0,5.0,0.6,0.6,1.0,False,0.8571428571428572,3.0,4.0,0.75,0.75,1.0,False,0.9285714285714286,14,9,6.0,14,14,5.0,2.9726620759783735,33.63988150825641,35.714285714285715,9.290416588844103,0
2022,PA,PATRIOTA,1,,0.0,True,0,0,0.0,False,0,0.0,False,0,0.0,False,0.0,0.0,,,,True,1.0,0.0,0.0,,,,True,1.0,0.0,0.0,,,,True,1.0,1,0,1.0,1,0,0.0,,,0.0,,1
2022,PA,PC DO B,5,4.698324022346369,290000.0,False,0,5,1.0,False,4,0.8,True,3,0.6,False,4.0,5.0,0.8,0.8,1.0,False,0.8,3.0,5.0,0.6,0.6,1.0,False,0.6,3.0,4.0,0.75,0.75,1.0,False,0.8,5,0,1.0,5,5,5.0,1.0642092746730083,93.96648044692736,100.0,0.3016759776536313,0
2022,PA,PDT,18,4.464452994136693,3259000.0,False,0,4,0.2222222222222222,False,4,0.2222222222222222,False,3,0.16666666666666666,False,4.0,4.0,1.0,1.0,1.0,True,1.0,3.0,4.0,0.75,0.75,1.0,False,0.9444444444444444,3.0,4.0,0.75,0.75,1.0,False,0.9444444444444444,18,0,3.0,18,18,4.0,4.031848923852478,24.802516634092736,22.22222222222222,13.535547005863307,0
2022,PA,PL,18,1.6139966705759798,2040171.22,False,3,2,0.1111111111111111,False,2,0.1111111111111111,False,2,0.1111111111111111,False,2.0,2.0,1.0,1.0,1.0,True,1.0,2.0,2.0,1.0,1.0,1.0,True,1.0,2.0,2.0,1.0,1.0,1.0,True,1.0,18,3,4.0,18,3,2.0,11.152439362577136,8.966648169866554,11.11111111111111,16.38600332942402,15
2022,PA,PMB,8,,0.0,True,0,0,0.0,False,0,0.0,False,0,0.0,False,0.0,0.0,,,,True,1.0,0.0,0.0,,,,True,1.0,0.0,0.0,,,,True,1.0,8,0,0.0,8,0,0.0,,,0.0,,8
2022,PA,PODE,18,10.246592506544419,4900000.0,False,0,10,0.5555555555555556,False,10,0.5555555555555556,False,6,0.3333333333333333,False,10.0,10.0,1.0,1.0,1.0,True,1.0,6.0,10.0,0.6,0.6,1.0,False,0.7777777777777778,6.0,10.0,0.6,0.6,1.0,False,0.7777777777777778,18,0,2.0,18,18,10.0,1.7566815493544357,56.92551392524677,55.55555555555556,7.7534074934555814,0
2022,PA,PP,17,10.009875503051363,3727382.98,False,0,10,0.5882352941176471,True,10,0.5882352941176471,True,5,0.29411764705882354,False,10.0,10.0,1.0,1.0,1.0,True,1.0,5.0,10.0,0.5,0.5,1.0,False,0.7058823529411765,5.0,10.0,0.5,0.5,1.0,False,0.7058823529411765,17,0,3.0,17,17,10.0,1.6983228207801186,58.88162060618449,58.8235294117647,6.990124496948637,0
2022,PA,PROS,10,1.0798722044728435,2600000.0,False,0,1,0.1,False,1,0.1,False,1,0.1,False,1.0,1.0,1.0,1.0,1.0,True,1.0,1.0,1.0,1.0,1.0,1.0,True,1.0,1.0,1.0,1.0,1.0,1.0,True,1.0,10,0,0.0,10,2,1.0,9.2603550295858,10.798722044728434,10.0,8.920127795527156,8
2022,PA,PRTB,10,1.0,1000.0,False,0,1,0.1,False,1,0.1,False,1,0.1,False,1.0,1.0,1.0,1.0,1.0,True,1.0,1.0,1.0,1.0,1.0,1.0,True,1.0,1.0,1.0,1.0,1.0,1.0,True,1.0,10,0,0.0,10,1,1.0,10.0,10.0,10.0,9.0,9
2022,PA,PSB,18,11.709789861002553,4719549.7299999995,False,0,12,0.6666666666666666,False,12,0.6666666666666666,False,5,0.2777777777777778,False,12.0,12.0,1.0,1.0,1.0,True,1.0,5.0,12.0,0.4166666666666667,0.4166666666666667,1.0,False,0.6111111111111112,5.0,12.0,0.4166666666666667,0.4166666666666667,1.0,False,0.6111111111111112,18,0,2.0,18,18,12.0,1.537175321988135,65.05438811668085,66.66666666666667,6.2902101389974465,0
2022,PA,PSC,18,2.2257266842832557,1515000.0,False,0,2,0.1111111111111111,False,4,0.2222222222222222,True,3,0.16666666666666666,False,2.0,4.0,0.5,1.0,0.5,False,0.8888888888888888,2.0,3.0,0.6666666666666666,1.0,0.6666666666666666,False,0.9444444444444444,3.0,4.0,0.75,0.75,1.0,False,0.9444444444444444,18,0,1.0,18,18,2.0,8.087246348397215,12.365148246018087,11.11111111111111,15.774273315716744,0
2022,PA,PSD,13,9.005987597379871,4584500.0,False,2,9,0.6923076923076923,False,8,0.6153846153846154,False,6,0.46153846153846156,False,8.0,9.0,0.8888888888888888,0.8888888888888888,1.0,False,0.9230769230769231,6.0,9.0,0.6666666666666666,0.6666666666666666,1.0,False,0.7692307692307692,6.0,8.0,0.75,0.75,1.0,False,0.8461538461538461,13,2,5.0,13,12,9.0,1.4434841109243937,69.27682767215286,69.23076923076923,3.994012402620129,1
2022,PA,PSDB,14,7.401718121427825,5650000.0,False,0,7,0.5,False,8,0.5714285714285714,False,4,0.2857142857142857,False,7.0,8.0,0.875,1.0,0.875,False,0.9285714285714286,4.0,7.0,0.5714285714285714,0.5714285714285714,1.0,False,0.7857142857142857,4.0,8.0,0.5,0.5,1.0,False,0.7142857142857143,14,0,2.0,14,14,7.0,1.8914527370976586,52.8694151530559,50.0,6.598281878572175,0
2022,PA,PSOL,15,4.256206417649563,4637111.73,False,0,4,0.26666666666666666,False,4,0.26666666666666666,False,3,0.2,False,4.0,4.0,1.0,1.0,1.0,True,1.0,3.0,4.0,0.75,0.75,1.0,False,0.9333333333333333,3.0,4.0,0.75,0.75,1.0,False,0.9333333333333333,15,0,2.0,15,15,4.0,3.5242651619992538,28.374709450997084,26.666666666666668,10.743793582350438,0
2022,PA,PSTU,1,1.0,7500.0,False,0,1,1.0,False,1,1.0,False,0,0.0,False,1.0,1.0,1.0,1.0,1.0,True,1.0,0.0,1.0,0.0,0.0,,False,0.0,0.0,1.0,0.0,0.0,,False,0.0,1,0,0.0,1,1,1.0,1.0,100.0,100.0,0.0,0
2022,PA,PT,11,4.669403217251048,5561272.52,False,2,5,0.45454545454545453,False,4,0.36363636363636365,False,4,0.36363636363636365,False,4.0,5.0,0.8,0.8,1.0,False,0.9090909090909091,4.0,5.0,0.8,0.8,1.0,False,0.9090909090909091,4.0,4.0,1.0,1.0,1.0,True,1.0,11,2,4.0,11,11,5.0,2.355761429931912,42.44912015682771,45.45454545454545,6.330596782748952,0
2022,PA,PTB,18,3.9603737126787024,7324989.0,False,0,4,0.2222222222222222,False,3,0.16666666666666666,False,3,0.16666666666666666,False,3.0,4.0,0.75,0.75,1.0,False,0.9444444444444444,3.0,4.0,0.75,0.75,1.0,False,0.9444444444444444,3.0,3.0,1.0,1.0,1.0,True,1.0,18,0,3.0,18,12,4.0,4.545025622802963,22.002076181548347,22.22222222222222,14.039626287321298,6
2022,PA,PV,2,1.1462645291739342,729997.3999999999,False,0,1,0.5,False,1,0.5,False,1,0.5,False,1.0,1.0,1.0,1.0,1.0,True,1.0,1.0,1.0,1.0,1.0,1.0,True,1.0,1.0,1.0,1.0,1.0,1.0,True,1.0,2,0,0.0,2,2,1.0,1.7447979494238717,57.31322645869671,50.0,0.8537354708260658,0
2022,PA,REDE,2,1.0,200000.0,False,0,1,0.5,False,1,0.5,False,1,0.5,False,1.0,1.0,1.0,1.0,1.0,True,1.0,1.0,1.0,1.0,1.0,1.0,True,1.0,1.0,1.0,1.0,1.0,1.0,True,1.0,2,0,0.0,2,1,1.0,2.0,50.0,50.0,1.0,1
2022,PA,REPUBLICANOS,18,13.629380883446684,2314717.5300000003,False,0,14,0.7777777777777778,False,12,0.6666666666666666,False,7,0.3888888888888889,False,12.0,14.0,0.8571428571428571,0.8571428571428571,1.0,False,0.8888888888888888,7.0,14.0,0.5,0.5,1.0,False,0.6111111111111112,7.0,12.0,0.5833333333333334,0.5833333333333334,1.0,False,0.7222222222222222,18,0,2.0,18,18,14.0,1.3206762767824305,75.71878268581492,77.77777777777777,4.370619116553316,0
2022,PA,SOLIDARIEDADE,10,1.8874747480693739,138700.0,False,0,2,0.2,False,3,0.3,True,1,0.1,False,2.0,3.0,0.6666666666666666,1.0,0.6666666666666666,False,0.9,1.0,2.0,0.5,0.5,1.0,False,0.9,1.0,3.0,0.3333333333333333,0.3333333333333333,1.0,False,0.8,10,0,0.0,10,10,2.0,5.2980841254849205,18.87474748069374,20.0,8.112525251930625,0
2022,PA,UNIAO,18,9.336980664022876,13942817.649999999,False,1,9,0.5,False,9,0.5,False,5,0.2777777777777778,False,9.0,9.0,1.0,1.0,1.0,True,1.0,5.0,9.0,0.5555555555555556,0.5555555555555556,1.0,False,0.7777777777777778,5.0,9.0,0.5555555555555556,0.5555555555555556,1.0,False,0.7777777777777778,18,1,3.0,18,18,9.0,1.9278180653578247,51.87211480012709,50.0,8.663019335977124,0
2022,PB,AGIR,8,,0.0,True,0,0,0.0,False,0,0.0,False,0,0.0,False,0.0,0.0,,,,True,1.0,0.0,0.0,,,,True,1.0,0.0,0.0,,,,True,1.0,8,0,0.0,8,0,0.0,,,0.0,,8
2022,PB,AVANTE,9,,0.0,True,0,0,0.0,False,0,0.0,False,0,0.0,False,0.0,0.0,,,,True,1.0,0.0,0.0,,,,True,1.0,0.0,0.0,,,,True,1.0,9,0,0.0,9,0,0.0,,,0.0,,9
2022,PB,DC,2,1.9999504975001234,20100.0,False,0,2,1.0,False,2,1.0,False,1,0.5,False,2.0,2.0,1.0,1.0,1.0,True,1.0,1.0,2.0,0.5,0.5,1.0,False,0.5,1.0,2.0,0.5,0.5,1.0,False,0.5,2,0,0.0,2,2,2.0,1.0000247518625778,99.99752487500618,100.0,4.950249987656363e-05,0
2022,PB,MDB,13,5.694371449692697,2782021.61,False,0,6,0.46153846153846156,False,7,0.5384615384615384,False,5,0.38461538461538464,False,6.0,7.0,0.8571428571428571,1.0,0.8571428571428571,False,0.9230769230769231,5.0,6.0,0.8333333333333334,0.8333333333333334,1.0,False,0.9230769230769231,5.0,7.0,0.7142857142857143,0.7142857142857143,1.0,False,0.8461538461538461,13,0,4.0,13,13,6.0,2.2829560935477016,43.80285730532843,46.15384615384615,7.305628550307303,0
2022,PB,PATRIOTA,10,9.189149452326694,500000.0,False,0,9,0.9,False,8,0.8,True,4,0.4,False,8.0,9.0,0.8888888888888888,0.8888888888888888,1.0,False,0.9,4.0,9.0,0.4444444444444444,0.4444444444444444,1.0,False,0.5,4.0,8.0,0.5,0.5,1.0,False,0.6,10,0,0.0,10,10,9.0,1.0882399999999999,91.89149452326694,90.0,0.8108505476733061,0
2022,PB,PC DO B,2,1.292939063772568,368525.0,False,0,1,0.5,False,1,0.5,False,1,0.5,False,1.0,1.0,1.0,1.0,1.0,True,1.0,1.0,1.0,1.0,1.0,1.0,True,1.0,1.0,1.0,1.0,1.0,1.0,True,1.0,2,0,0.0,2,2,1.0,1.5468633101426705,64.6469531886284,50.0,0.707060936227432,0
2022,PB,PCO,3,3.0,9000.0,False,0,3,1.0,False,3,1.0,False,0,0.0,False,3.0,3.0,1.0,1.0,1.0,True,1.0,0.0,3.0,0.0,0.0,,False,0.0,0.0,3.0,0.0,0.0,,False,0.0,3,0,0.0,3,3,3.0,1.0,100.0,100.0,0.0,0
2022,PB,PDT,8,7.04084591061024,432666.69,False,0,7,0.875,True,6,0.75,False,4,0.5,False,6.0,7.0,0.8571428571428571,0.8571428571428571,1.0,False,0.875,4.0,7.0,0.5714285714285714,0.5714285714285714,1.0,False,0.625,4.0,6.0,0.6666666666666666,0.6666666666666666,1.0,False,0.75,8,0,0.0,8,8,7.0,1.1362271098625178,88.010573882628,87.5,0.9591540893897603,0
2022,PB,PL,12,5.362964813174614,2923400.0,False,2,5,0.4166666666666667,False,7,0.5833333333333334,False,3,0.25,False,5.0,7.0,0.7142857142857143,1.0,0.7142857142857143,False,0.8333333333333334,3.0,5.0,0.6,0.6,1.0,False,0.8333333333333334,3.0,7.0,0.42857142857142855,0.42857142857142855,1.0,False,0.6666666666666667,12,2,3.0,12,11,5.0,2.237568288816832,44.69137344312178,41.666666666666664,6.637035186825386,1
2022,PB,PMB,9,,0.0,True,0,0,0.0,False,0,0.0,False,0,0.0,False,0.0,0.0,,,,True,1.0,0.0,0.0,,,,True,1.0,0.0,0.0,,,,True,1.0,9,0,0.0,9,0,0.0,,,0.0,,9
2022,PB,PODE,3,,0.0,True,0,0,0.0,False,0,0.0,False,0,0.0,False,0.0,0.0,,,,True,1.0,0.0,0.0,,,,True,1.0,0.0,0.0,,,,True,1.0,3,0,0.0,3,0,0.0,,,0.0,,3
2022,PB,PP,11,6.0139460994965,9392313.21,False,2,6,0.5454545454545454,False,5,0.45454545454545453,False,4,0.36363636363636365,False,5.0,6.0,0.8333333333333334,0.8333333333333334,1.0,False,0.9090909090909091,4.0,6.0,0.6666666666666666,0.6666666666666666,1.0,False,0.8181818181818181,4.0,5.0,0.8,0.8,1.0,False,0.9090909090909091,11,2,2.0,11,11,6.0,1.8290819069563897,54.67223726815,54.54545454545455,4.9860539005035,0
2022,PB,PROS,3,2.9999913323105467,41600.0,False,0,3,1.0,False,3,1.0,False,1,0.3333333333333333,False,3.0,3.0,1.0,1.0,1.0,True,1.0,1.0,3.0,0.3333333333333333,0.3333333333333333,1.0,False,0.33333333333333337,1.0,3.0,0.3333333333333333,0.3333333333333333,1.0,False,0.33333333333333337,3,0,0.0,3,3,3.0,1.0000028892381654,99.99971107701822,100.0,8.667689453289995e-06,0
2022,PB,PRTB,11,3.020166593599298,41500.0,False,0,3,0.2727272727272727,True,4,0.36363636363636365,False,2,0.18181818181818182,False,3.0,4.0,0.75,1.0,0.75,False,0.9090909090909091,2.0,3.0,0.6666666666666666,0.6666666666666666,1.0,False,0.9090909090909091,2.0,4.0,0.5,0.5,1.0,False,0.8181818181818181,11,0,0.0,11,7,3.0,3.642183190593701,27.4560599418118,27.272727272727273,7.979833406400703,4
2022,PB,PSB,13,5.52318387767571,7679000.0,False,1,6,0.46153846153846156,False,5,0.38461538461538464,False,4,0.3076923076923077,False,5.0,6.0,0.8333333333333334,0.8333333333333334,1.0,False,0.9230769230769231,4.0,6.0,0.6666666666666666,0.6666666666666666,1.0,False,0.8461538461538461,4.0,5.0,0.8,0.8,1.0,False,0.9230769230769231,13,1,5.0,13,12,6.0,2.3537148659028015,42.486029828274695,46.15384615384615,7.47681612232429,1
2022,PB,PSC,13,4.419589281585017,9120820.0,False,2,4,0.3076923076923077,False,3,0.23076923076923078,False,3,0.23076923076923078,False,3.0,4.0,0.75,0.75,1.0,False,0.9230769230769231,3.0,4.0,0.75,0.75,1.0,False,0.9230769230769231,3.0,3.0,1.0,1.0,1.0,True,1.0,13,2,3.0,13,10,4.0,2.941449798099282,33.99684062757705,30.76923076923077,8.580410718414983,3
2022,PB,PSDB,5,1.856653878917786,438375.0,False,0,2,0.4,False,2,0.4,False,1,0.2,False,2.0,2.0,1.0,1.0,1.0,True,1.0,1.0,2.0,0.5,0.5,1.0,False,0.8,1.0,2.0,0.5,0.5,1.0,False,0.8,5,0,0.0,5,5,2.0,2.693016752758689,37.133077578355724,40.0,3.143346121082214,0
2022,PB,PSOL,2,1.7705382511462826,360158.58999999997,False,0,2,1.0,False,2,1.0,False,1,0.5,False,2.0,2.0,1.0,1.0,1.0,True,1.0,1.0,2.0,0.5,0.5,1.0,False,0.5,1.0,2.0,0.5,0.5,1.0,False,0.5,2,0,0.0,2,2,2.0,1.1295999952021138,88.52691255731413,100.0,0.2294617488537174,0
2022,PB,PT,8,4.233392962825376,4949402.7,False,1,4,0.5,False,4,0.5,False,3,0.375,False,4.0,4.0,1.0,1.0,1.0,True,1.0,3.0,4.0,0.75,0.75,1.0,False,0.875,3.0,4.0,0.75,0.75,1.0,False,0.875,8,1,4.0,8,8,4.0,1.8897371612440113,52.9174120353172,50.0,3.766607037174624,0
2022,PB,PTB,12,3.720738017541074,1889404.0,False,0,4,0.3333333333333333,False,4,0.3333333333333333,False,4,0.3333333333333333,False,4.0,4.0,1.0,1.0,1.0,True,1.0,4.0,4.0,1.0,1.0,1.0,True,1.0,4.0,4.0,1.0,1.0,1.0,True,1.0,12,0,0.0,12,12,4.0,3.225166604965766,31.006150146175614,33.333333333333336,8.279261982458927,0
2022,PB,PV,2,1.998215746182111,401906.5,False,0,2,1.0,False,2,1.0,False,1,0.5,False,2.0,2.0,1.0,1.0,1.0,True,1.0,1.0,2.0,0.5,0.5,1.0,False,0.5,1.0,2.0,0.5,0.5,1.0,False,0.5,2,0,0.0,2,2,2.0,1.0008929235100354,99.91078730910556,100.0,0.0017842538178889367,0
2022,PB,REDE,11,6.655113604429375,821177.78,False,0,7,0.6363636363636364,False,6,0.5454545454545454,False,3,0.2727272727272727,False,6.0,7.0,0.8571428571428571,0.8571428571428571,1.0,False,0.9090909090909091,3.0,7.0,0.42857142857142855,0.42857142857142855,1.0,False,0.6363636363636364,3.0,6.0,0.5,0.5,1.0,False,0.7272727272727273,11,0,0.0,11,11,7.0,1.6528643467000839,60.501032767539776,63.63636363636363,4.344886395570625,0
2022,PB,REPUBLICANOS,13,9.457326951059178,11954119.0,False,3,9,0.6923076923076923,True,7,0.5384615384615384,False,6,0.46153846153846156,False,7.0,9.0,0.7777777777777778,0.7777777777777778,1.0,False,0.8461538461538461,6.0,9.0,0.6666666666666666,0.6666666666666666,1.0,False,0.7692307692307692,6.0,7.0,0.8571428571428571,0.8571428571428571,1.0,False,0.9230769230769231,13,3,7.0,13,13,9.0,1.374595598446986,72.74866885430137,69.23076923076923,3.542673048940822,0
2022,PB,SOLIDARIEDADE,12,4.794889657403029,878000.0,False,0,5,0.4166666666666667,False,4,0.3333333333333333,False,4,0.3333333333333333,False,4.0,5.0,0.8,0.8,1.0,False,0.9166666666666666,4.0,5.0,0.8,0.8,1.0,False,0.9166666666666666,4.0,4.0,1.0,1.0,1.0,True,1.0,12,0,0.0,12,9,5.0,2.5026644735135255,39.957413811691914,41.666666666666664,7.205110342596971,3
2022,PB,UNIAO,13,7.9109113984125825,14097000.0,False,1,8,0.6153846153846154,False,8,0.6153846153846154,False,4,0.3076923076923077,False,8.0,8.0,1.0,1.0,1.0,True,1.0,4.0,8.0,0.5,0.5,1.0,False,0.6923076923076923,4.0,8.0,0.5,0.5,1.0,False,0.6923076923076923,13,1,3.0,13,13,8.0,1.643299911386772,60.85316460317371,61.53846153846154,5.0890886015874175,0
2022,PB,UP,3,2.7170665743498352,16485.0,False,0,3,1.0,False,2,0.6666666666666666,False,2,0.6666666666666666,False,2.0,3.0,0.6666666666666666,0.6666666666666666,1.0,False,0.6666666666666667,2.0,3.0,0.6666666666666666,0.6666666666666666,1.0,False,0.6666666666666667,2.0,2.0,1.0,1.0,1.0,True,1.0,3,0,0.0,3,3,3.0,1.1041319444731927,90.56888581166118,100.0,0.28293342565016477,0
2022,PE,AGIR,17,9.122098022355976,103000.0,False,0,9,0.5294117647058824,False,8,0.47058823529411764,True,5,0.29411764705882354,False,8.0,9.0,0.8888888888888888,0.8888888888888888,1.0,False,0.9411764705882353,5.0,9.0,0.5555555555555556,0.5555555555555556,1.0,False,0.7647058823529411,5.0,8.0,0.625,0.625,1.0,False,0.8235294117647058,17,0,0.0,17,15,9.0,1.8636063719483458,53.65940013150574,52.94117647058823,7.877901977644024,2
2022,PE,AVANTE,26,8.438518623507964,8836742.0,False,1,8,0.3076923076923077,True,11,0.4230769230769231,False,6,0.23076923076923078,False,8.0,11.0,0.7272727272727273,1.0,0.7272727272727273,False,0.8846153846153846,6.0,8.0,0.75,0.75,1.0,False,0.9230769230769231,6.0,11.0,0.5454545454545454,0.5454545454545454,1.0,False,0.8076923076923077,26,1,1.0,26,26,8.0,3.0811095122275836,32.45584085964602,30.76923076923077,17.561481376492036,0
2022,PE,CIDADANIA,2,1.0079521605609199,2525000.0,False,0,1,0.5,False,1,0.5,False,1,0.5,False,1.0,1.0,1.0,1.0,1.0,True,1.0,1.0,1.0,1.0,1.0,1.0,True,1.0,1.0,1.0,1.0,1.0,1.0,True,1.0,2,0,1.0,2,2,1.0,1.984221154788746,50.397608028045994,50.0,0.9920478394390801,0
2022,PE,DC,18,13.461538461538462,35000.0,False,0,13,0.7222222222222222,True,11,0.6111111111111112,True,14,0.7777777777777778,False,11.0,13.0,0.8461538461538461,0.8461538461538461,1.0,False,0.888888888888889,13.0,14.0,0.9285714285714286,1.0,0.9285714285714286,False,0.9444444444444444,11.0,14.0,0.7857142857142857,1.0,0.7857142857142857,False,0.8333333333333333,18,0,0.0,18,14,13.0,1.3371428571428572,74.78632478632478,72.22222222222223,4.538461538461538,4
2022,PE,MDB,20,7.240061355215733,9147447.0,False,1,7,0.35,False,7,0.35,False,7,0.35,False,7.0,7.0,1.0,1.0,1.0,True,1.0,7.0,7.0,1.0,1.0,1.0,True,1.0,7.0,7.0,1.0,1.0,1.0,True,1.0,20,1,4.0,20,20,7.0,2.7624075292665884,36.20030677607867,35.0,12.759938644784267,0
2022,PE,NOVO,6,4.437751172240438,25449.179999999997,False,0,4,0.6666666666666666,True,4,0.6666666666666666,True,3,0.5,False,4.0,4.0,1.0,1.0,1.0,True,1.0,3.0,4.0,0.75,0.75,1.0,False,0.8333333333333334,3.0,4.0,0.75,0.75,1.0,False,0.8333333333333334,6,0,0.0,6,6,4.0,1.3520361478426124,73.96251953734064,66.66666666666667,1.5622488277595616,0
2022,PE,PATRIOTA,21,8.925650429503946,940022.0,False,0,9,0.42857142857142855,True,7,0.3333333333333333,True,6,0.2857142857142857,False,7.0,9.0,0.7777777777777778,0.7777777777777778,1.0,False,0.9047619047619048,6.0,9.0,0.6666666666666666,0.6666666666666666,1.0,False,0.8571428571428572,6.0,7.0,0.8571428571428571,0.8571428571428571,1.0,False,0.9523809523809523,21,0,0.0,21,19,9.0,2.3527697130714427,42.503097283352126,42.857142857142854,12.074349570496054,2
2022,PE,PC DO B,3,1.0540140250491963,3089188.76,False,1,1,0.3333333333333333,False,1,0.3333333333333333,False,1,0.3333333333333333,False,1.0,1.0,1.0,1.0,1.0,True,1.0,1.0,1.0,1.0,1.0,1.0,True,1.0,1.0,1.0,1.0,1.0,1.0,True,1.0,3,1,1.0,3,3,1.0,2.8462619364670925,35.13380083497321,33.333333333333336,1.9459859749508037,0
2022,PE,PCB,2,,0.0,True,0,0,0.0,False,0,0.0,False,0,0.0,False,0.0,0.0,,,,True,1.0,0.0,0.0,,,,True,1.0,0.0,0.0,,,,True,1.0,2,0,0.0,2,0,0.0,,,0.0,,2
2022,PE,PDT,24,5.726690668069302,5438370.0,False,0,6,0.25,False,7,0.2916666666666667,False,6,0.25,False,6.0,7.0,0.8571428571428571,1.0,0.8571428571428571,False,0.9583333333333334,6.0,6.0,1.0,1.0,1.0,True,1.0,6.0,7.0,0.8571428571428571,0.8571428571428571,1.0,False,0.9583333333333334,24,0,3.0,24,24,6.0,4.1909021092789995,23.86121111695542,25.0,18.273309331930697,0
2022,PE,PL,26,3.018856992021144,5365946.26,False,4,3,0.11538461538461539,False,3,0.11538461538461539,False,3,0.11538461538461539,False,3.0,3.0,1.0,1.0,1.0,True,1.0,3.0,3.0,1.0,1.0,1.0,True,1.0,3.0,3.0,1.0,1.0,1.0,True,1.0,26,4,7.0,26,10,3.0,8.612531189360128,11.610988430850552,11.538461538461538,22.981143007978858,16
2022,PE,PMB,1,,0.0,True,0,0,0.0,False,0,0.0,False,0,0.0,False,0.0,0.0,,,,True,1.0,0.0,0.0,,,,True,1.0,0.0,0.0,,,,True,1.0,1,0,0.0,1,0,0.0,,,0.0,,1
2022,PE,PMN,21,5.632772101104539,1845000.0,False,0,6,0.2857142857142857,False,7,0.3333333333333333,False,4,0.19047619047619047,False,6.0,7.0,0.8571428571428571,1.0,0.8571428571428571,False,0.9523809523809523,4.0,6.0,0.6666666666666666,0.6666666666666666,1.0,False,0.9047619047619048,4.0,7.0,0.5714285714285714,0.5714285714285714,1.0,False,0.8571428571428572,21,0,0.0,21,20,6.0,3.7281820785687527,26.822724290973994,28.571428571428573,15.367227898895461,1
2022,PE,PODE,22,5.1259737275353,8491182.85,False,0,5,0.22727272727272727,False,7,0.3181818181818182,False,4,0.18181818181818182,False,5.0,7.0,0.7142857142857143,1.0,0.7142857142857143,False,0.9090909090909091,4.0,5.0,0.8,0.8,1.0,False,0.9545454545454546,4.0,7.0,0.5714285714285714,0.5714285714285714,1.0,False,0.8636363636363636,22,0,3.0,22,22,5.0,4.291867490818796,23.299880579705906,22.727272727272727,16.8740262724647,0
2022,PE,PP,21,7.868132857611351,16139674.3,False,4,8,0.38095238095238093,False,6,0.2857142857142857,False,6,0.2857142857142857,False,6.0,8.0,0.75,0.75,1.0,False,0.9047619047619048,6.0,8.0,0.75,0.75,1.0,False,0.9047619047619048,6.0,6.0,1.0,1.0,1.0,True,1.0,21,4,5.0,21,21,8.0,2.6689940777608183,37.46729932195882,38.095238095238095,13.13186714238865,0
2022,PE,PROS,3,,0.0,True,0,0,0.0,False,0,0.0,False,0,0.0,False,0.0,0.0,,,,True,1.0,0.0,0.0,,,,True,1.0,0.0,0.0,,,,True,1.0,3,0,0.0,3,0,0.0,,,0.0,,3
2022,PE,PRTB,24,13.060314696692442,86770.57,False,0,13,0.5416666666666666,False,10,0.4166666666666667,False,9,0.375,False,10.0,13.0,0.7692307692307693,0.7692307692307693,1.0,False,0.875,9.0,13.0,0.6923076923076923,0.6923076923076923,1.0,False,0.8333333333333334,9.0,10.0,0.9,0.9,1.0,False,0.9583333333333334,24,0,0.0,24,23,13.0,1.8376280018794693,54.41797790288518,54.166666666666664,10.939685303307558,1
2022,PE,PSB,14,8.169501155595064,17220844.3,False,5,8,0.5714285714285714,False,6,0.42857142857142855,False,6,0.42857142857142855,False,6.0,8.0,0.75,0.75,1.0,False,0.8571428571428572,6.0,8.0,0.75,0.75,1.0,False,0.8571428571428572,6.0,6.0,1.0,1.0,1.0,True,1.0,14,5,7.0,14,14,8.0,1.7136909259645297,58.35357968282189,57.142857142857146,5.830498844404936,0
2022,PE,PSC,9,,0.0,True,0,0,0.0,False,0,0.0,False,0,0.0,False,0.0,0.0,,,,True,1.0,0.0,0.0,,,,True,1.0,0.0,0.0,,,,True,1.0,9,0,0.0,9,0,0.0,,,0.0,,9
2022,PE,PSD,2,,0.0,True,0,0,0.0,False,0,0.0,False,0,0.0,False,0.0,0.0,,,,True,1.0,0.0,0.0,,,,True,1.0,0.0,0.0,,,,True,1.0,2,0,0.0,2,0,0.0,,,0.0,,2
2022,PE,PSDB,13,7.693329680865635,1185000.0,False,0,8,0.6153846153846154,True,6,0.46153846153846156,False,6,0.46153846153846156,False,6.0,8.0,0.75,0.75,1.0,False,0.8461538461538461,6.0,8.0,0.75,0.75,1.0,False,0.8461538461538461,6.0,6.0,1.0,1.0,1.0,True,1.0,13,0,0.0,13,10,8.0,1.6897754989406968,59.179459083581804,61.53846153846154,5.306670319134365,3
2022,PE,PSOL,17,9.47820375706566,1511562.5399999998,False,0,9,0.5294117647058824,False,9,0.5294117647058824,False,7,0.4117647058823529,False,9.0,9.0,1.0,1.0,1.0,True,1.0,7.0,9.0,0.7777777777777778,0.7777777777777778,1.0,False,0.8823529411764706,7.0,9.0,0.7777777777777778,0.7777777777777778,1.0,False,0.8823529411764706,17,0,1.0,17,17,9.0,1.7935887891550242,55.754139747445066,52.94117647058823,7.5217962429343395,0
2022,PE,PSTU,2,2.0,11044.0,False,0,2,1.0,False,2,1.0,False,0,0.0,False,2.0,2.0,1.0,1.0,1.0,True,1.0,0.0,2.0,0.0,0.0,,False,0.0,0.0,2.0,0.0,0.0,,False,0.0,2,0,0.0,2,2,2.0,1.0,100.0,100.0,0.0,0
2022,PE,PT,15,6.390713176560139,6374884.23,False,1,6,0.4,False,6,0.4,False,6,0.4,False,6.0,6.0,1.0,1.0,1.0,True,1.0,6.0,6.0,1.0,1.0,1.0,True,1.0,6.0,6.0,1.0,1.0,1.0,True,1.0,15,1,4.0,15,14,6.0,2.347155878473315,42.60475451040092,40.0,8.609286823439861,1
2022,PE,PTB,10,4.231007463464461,86841.95000000001,False,0,4,0.4,True,5,0.5,False,2,0.2,False,4.0,5.0,0.8,1.0,0.8,False,0.9,2.0,4.0,0.5,0.5,1.0,False,0.8,2.0,5.0,0.4,0.4,1.0,False,0.7,10,0,0.0,10,9,4.0,2.3635032758395877,42.310074634644614,40.0,5.768992536535539,1
2022,PE,PV,3,1.9129599009011198,1321987.7,False,1,2,0.6666666666666666,False,2,0.6666666666666666,False,2,0.6666666666666666,False,2.0,2.0,1.0,1.0,1.0,True,1.0,2.0,2.0,1.0,1.0,1.0,True,1.0,2.0,2.0,1.0,1.0,1.0,True,1.0,3,1,1.0,3,2,2.0,1.5682503321615986,63.765330030037326,66.66666666666667,1.0870400990988802,1
2022,PE,REDE,9,2.2527505028683286,3746672.8000000003,False,1,2,0.2222222222222222,False,3,0.3333333333333333,False,2,0.2222222222222222,False,2.0,3.0,0.6666666666666666,1.0,0.6666666666666666,False,0.8888888888888888,2.0,2.0,1.0,1.0,1.0,True,1.0,2.0,3.0,0.6666666666666666,0.6666666666666666,1.0,False,0.8888888888888888,9,1,2.0,9,9,2.0,3.995116187318877,25.030561142981426,22.22222222222222,6.747249497131671,0
2022,PE,REPUBLICANOS,25,8.749965219284935,10718000.0,False,2,9,0.36,False,9,0.36,False,6,0.24,False,9.0,9.0,1.0,1.0,1.0,True,1.0,6.0,9.0,0.6666666666666666,0.6666666666666666,1.0,False,0.88,6.0,9.0,0.6666666666666666,0.6666666666666666,1.0,False,0.88,25,2,4.0,25,24,9.0,2.857154214156185,34.99986087713974,36.0,16.250034780715065,1
2022,PE,SOLIDARIEDADE,13,2.8622651131772003,7640000.0,False,1,3,0.23076923076923078,False,2,0.15384615384615385,False,2,0.15384615384615385,False,2.0,3.0,0.6666666666666666,0.6666666666666666,1.0,False,0.9230769230769231,2.0,3.0,0.6666666666666666,0.6666666666666666,1.0,False,0.9230769230769231,2.0,2.0,1.0,1.0,1.0,True,1.0,13,1,5.0,13,11,3.0,4.541857405224636,22.017423947516928,23.076923076923077,10.1377348868228,2
2022,PE,UNIAO,26,20.681228712693365,29793231.74,False,3,21,0.8076923076923077,False,16,0.6153846153846154,False,14,0.5384615384615384,False,16.0,21.0,0.7619047619047619,0.7619047619047619,1.0,False,0.8076923076923077,14.0,21.0,0.6666666666666666,0.6666666666666666,1.0,False,0.7307692307692308,14.0,16.0,0.875,0.875,1.0,False,0.9230769230769231,26,3,7.0,26,26,21.0,1.2571786890032395,79.54318735651295,80.76923076923077,5.318771287306635,0
2022,PE,UP,2,1.014618290366188,81651.0,False,0,1,0.5,False,1,0.5,False,1,0.5,False,1.0,1.0,1.0,1.0,1.0,True,1.0,1.0,1.0,1.0,1.0,1.0,True,1.0,1.0,1.0,1.0,1.0,1.0,True,1.0,2,0,0.0,2,2,1.0,1.9711846504148627,50.7309145183094,50.0,0.985381709633812,0
2022,PI,AGIR,6,1.0,5000.0,False,0,1,0.16666666666666666,False,1,0.16666666666666666,False,1,0.16666666666666666,False,1.0,1.0,1.0,1.0,1.0,True,1.0,1.0,1.0,1.0,1.0,1.0,True,1.0,1.0,1.0,1.0,1.0,1.0,True,1.0,6,0,0.0,6,1,1.0,6.0,16.666666666666668,16.666666666666668,5.0,5
2022,PI,CIDADANIA,9,8.646533660847357,130440.0,False,0,9,1.0,False,7,0.7777777777777778,False,7,0.7777777777777778,False,7.0,9.0,0.7777777777777778,0.7777777777777778,1.0,False,0.7777777777777778,7.0,9.0,0.7777777777777778,0.7777777777777778,1.0,False,0.7777777777777778,7.0,7.0,1.0,1.0,1.0,True,1.0,9,0,0.0,9,9,9.0,1.040879542371203,96.0725962316373,100.0,0.3534663391526429,0
2022,PI,NOVO,6,3.4651365431739247,82441.28,False,0,3,0.5,True,3,0.5,True,2,0.3333333333333333,False,3.0,3.0,1.0,1.0,1.0,True,1.0,2.0,3.0,0.6666666666666666,0.6666666666666666,1.0,False,0.8333333333333334,2.0,3.0,0.6666666666666666,0.6666666666666666,1.0,False,0.8333333333333334,6,0,0.0,6,6,3.0,1.731533498101129,57.75227571956541,50.0,2.5348634568260753,0
2022,PI,PATRIOTA,9,5.363475177304965,550000.0,False,0,5,0.5555555555555556,False,5,0.5555555555555556,False,5,0.5555555555555556,False,5.0,5.0,1.0,1.0,1.0,True,1.0,5.0,5.0,1.0,1.0,1.0,True,1.0,5.0,5.0,1.0,1.0,1.0,True,1.0,9,0,0.0,9,6,5.0,1.6780165289256197,59.59416863672183,55.55555555555556,3.6365248226950353,3
2022,PI,PCB,2,,0.0,True,0,0,0.0,False,0,0.0,False,0,0.0,False,0.0,0.0,,,,True,1.0,0.0,0.0,,,,True,1.0,0.0,0.0,,,,True,1.0,2,0,0.0,2,0,0.0,,,0.0,,2
2022,PI,PCO,1,,0.0,True,0,0,0.0,False,0,0.0,False,0,0.0,False,0.0,0.0,,,,True,1.0,0.0,0.0,,,,True,1.0,0.0,0.0,,,,True,1.0,1,0,0.0,1,0,0.0,,,0.0,,1
2022,PI,PDT,8,1.6674519355547128,1445000.0,False,0,2,0.25,True,2,0.25,True,1,0.125,False,2.0,2.0,1.0,1.0,1.0,True,1.0,1.0,2.0,0.5,0.5,1.0,False,0.875,1.0,2.0,0.5,0.5,1.0,False,0.875,8,0,0.0,8,8,2.0,4.797739490667017,20.84314919443391,25.0,6.332548064445287,0
2022,PI,PL,10,1.296524039364301,1709000.0,False,0,1,0.1,False,1,0.1,False,1,0.1,False,1.0,1.0,1.0,1.0,1.0,True,1.0,1.0,1.0,1.0,1.0,1.0,True,1.0,1.0,1.0,1.0,1.0,1.0,True,1.0,10,0,0.0,10,10,1.0,7.712930648708298,12.96524039364301,10.0,8.7034759606357,0
2022,PI,PMN,11,8.19838056680162,225000.0,False,0,8,0.7272727272727273,True,7,0.6363636363636364,False,4,0.36363636363636365,False,7.0,8.0,0.875,0.875,1.0,False,0.9090909090909091,4.0,8.0,0.5,0.5,1.0,False,0.6363636363636364,4.0,7.0,0.5714285714285714,0.5714285714285714,1.0,False,0.7272727272727273,11,0,0.0,11,11,8.0,1.3417283950617285,74.53073242546927,72.72727272727273,2.801619433198381,0
2022,PI,PODE,9,6.764455241052681,1000720.0,False,0,7,0.7777777777777778,False,6,0.6666666666666666,False,5,0.5555555555555556,False,6.0,7.0,0.8571428571428571,0.8571428571428571,1.0,False,0.8888888888888888,5.0,7.0,0.7142857142857143,0.7142857142857143,1.0,False,0.7777777777777778,5.0,6.0,0.8333333333333334,0.8333333333333334,1.0,False,0.8888888888888888,9,0,0.0,9,9,7.0,1.3304840788035763,75.16061378947423,77.77777777777777,2.235544758947319,0
2022,PI,PP,9,7.069032929455043,15134166.67,False,2,7,0.7777777777777778,False,6,0.6666666666666666,False,4,0.4444444444444444,False,6.0,7.0,0.8571428571428571,0.8571428571428571,1.0,False,0.8888888888888888,4.0,7.0,0.5714285714285714,0.5714285714285714,1.0,False,0.6666666666666667,4.0,6.0,0.6666666666666666,0.6666666666666666,1.0,False,0.7777777777777778,9,2,2.0,9,9,7.0,1.273158590406201,78.54481032727826,77.77777777777777,1.9309670705449573,0
2022,PI,PSC,11,,0.0,True,0,0,0.0,False,0,0.0,False,0,0.0,False,0.0,0.0,,,,True,1.0,0.0,0.0,,,,True,1.0,0.0,0.0,,,,True,1.0,11,0,0.0,11,0,0.0,,,0.0,,11
2022,PI,PSD,10,5.724803123695437,9764000.0,False,3,6,0.6,False,4,0.4,False,4,0.4,False,4.0,6.0,0.6666666666666666,0.6666666666666666,1.0,False,0.8,4.0,6.0,0.6666666666666666,0.6666666666666666,1.0,False,0.8,4.0,4.0,1.0,1.0,1.0,True,1.0,10,3,3.0,10,10,6.0,1.746784960797895,57.24803123695436,60.0,4.275196876304563,0
2022,PI,PSOL,4,3.569119540326305,222301.39,False,0,4,1.0,False,3,0.75,False,2,0.5,False,3.0,4.0,0.75,0.75,1.0,False,0.75,2.0,4.0,0.5,0.5,1.0,False,0.5,2.0,3.0,0.6666666666666666,0.6666666666666666,1.0,False,0.75,4,0,0.0,4,4,4.0,1.1207245806158406,89.22798850815764,100.0,0.4308804596736948,0
2022,PI,PSTU,2,2.0,13400.0,False,0,2,1.0,False,2,1.0,False,0,0.0,False,2.0,2.0,1.0,1.0,1.0,True,1.0,0.0,2.0,0.0,0.0,,False,0.0,0.0,2.0,0.0,0.0,,False,0.0,2,0,0.0,2,2,2.0,1.0,100.0,100.0,0.0,0
2022,PI,PT,9,4.613740472038869,7861466.8,False,4,5,0.5555555555555556,False,4,0.4444444444444444,False,4,0.4444444444444444,False,4.0,5.0,0.8,0.8,1.0,False,0.8888888888888888,4.0,5.0,0.8,0.8,1.0,False,0.8888888888888888,4.0,4.0,1.0,1.0,1.0,True,1.0,9,4,7.0,9,9,5.0,1.950694898107866,51.2637830226541,55.55555555555556,4.386259527961131,0
2022,PI,PTB,10,7.245369962336925,410000.01999999996,False,0,7,0.7,True,6,0.6,False,6,0.6,False,6.0,7.0,0.8571428571428571,0.8571428571428571,1.0,False,0.9,6.0,7.0,0.8571428571428571,0.8571428571428571,1.0,False,0.9,6.0,6.0,1.0,1.0,1.0,True,1.0,10,0,0.0,10,10,7.0,1.380191771018218,72.45369962336926,70.0,2.754630037663075,0
2022,PI,PV,2,1.0,79998.7,False,1,1,0.5,False,1,0.5,False,1,0.5,False,1.0,1.0,1.0,1.0,1.0,True,1.0,1.0,1.0,1.0,1.0,1.0,True,1.0,1.0,1.0,1.0,1.0,1.0,True,1.0,2,1,0.0,2,1,1.0,2.0,50.0,50.0,1.0,1
2022,PI,REDE,3,2.9928825358341253,48333.34,False,0,3,1.0,False,3,1.0,False,2,0.6666666666666666,False,3.0,3.0,1.0,1.0,1.0,True,1.0,2.0,3.0,0.6666666666666666,0.6666666666666666,1.0,False,0.6666666666666667,2.0,3.0,0.6666666666666666,0.6666666666666666,1.0,False,0.6666666666666667,3,0,0.0,3,3,3.0,1.0023781301406443,99.76275119447085,100.0,0.007117464165874665,0
2022,PI,REPUBLICANOS,11,1.6331977082199467,3229446.9499999993,False,0,2,0.18181818181818182,False,2,0.18181818181818182,False,2,0.18181818181818182,False,2.0,2.0,1.0,1.0,1.0,True,1.0,2.0,2.0,1.0,1.0,1.0,True,1.0,2.0,2.0,1.0,1.0,1.0,True,1.0,11,0,1.0,11,11,2.0,6.735253144574339,14.847251892908606,18.181818181818183,9.366802291780054,0
2022,PI,SOLIDARIEDADE,11,3.0191262498702676,6300650.0,False,0,3,0.2727272727272727,False,3,0.2727272727272727,False,3,0.2727272727272727,False,3.0,3.0,1.0,1.0,1.0,True,1.0,3.0,3.0,1.0,1.0,1.0,True,1.0,3.0,3.0,1.0,1.0,1.0,True,1.0,11,0,3.0,11,5,3.0,3.6434382300086563,27.446602271547885,27.272727272727273,7.980873750129732,6
2022,PI,UNIAO,10,7.352661891994614,10776000.0,False,0,7,0.7,False,6,0.6,False,4,0.4,False,6.0,7.0,0.8571428571428571,0.8571428571428571,1.0,False,0.9,4.0,7.0,0.5714285714285714,0.5714285714285714,1.0,False,0.7,4.0,6.0,0.6666666666666666,0.6666666666666666,1.0,False,0.8,10,0,5.0,10,10,7.0,1.3600516584188018,73.52661891994613,70.0,2.6473381080053864,0
2022,PI,UP,1,1.0,21030.0,False,0,1,1.0,False,1,1.0,False,0,0.0,False,1.0,1.0,1.0,1.0,1.0,True,1.0,0.0,1.0,0.0,0.0,,False,0.0,0.0,1.0,0.0,0.0,,False,0.0,1,0,0.0,1,1,1.0,1.0,100.0,100.0,0.0,0
2022,PR,AGIR,26,5.570380786580528,824417.54,False,0,6,0.23076923076923078,False,5,0.19230769230769232,False,6,0.23076923076923078,False,5.0,6.0,0.8333333333333334,0.8333333333333334,1.0,False,0.9615384615384616,6.0,6.0,1.0,1.0,1.0,True,1.0,5.0,6.0,0.8333333333333334,1.0,0.8333333333333334,False,0.9615384615384616,26,0,0.0,26,25,6.0,4.667544463501666,21.424541486848184,23.076923076923077,20.42961921341947,1
2022,PR,CIDADANIA,12,1.9795396019957754,3483500.0,False,0,2,0.16666666666666666,False,3,0.25,False,1,0.08333333333333333,False,2.0,3.0,0.6666666666666666,1.0,0.6666666666666666,False,0.9166666666666666,1.0,2.0,0.5,0.5,1.0,False,0.9166666666666666,1.0,3.0,0.3333333333333333,0.3333333333333333,1.0,False,0.8333333333333334,12,0,1.0,12,12,2.0,6.0620156262100435,16.496163349964796,16.666666666666668,10.020460398004225,0
2022,PR,DC,25,12.201752548060366,78508.0,False,0,12,0.48,False,10,0.4,True,13,0.52,False,10.0,12.0,0.8333333333333334,0.8333333333333334,1.0,False,0.92,12.0,13.0,0.9230769230769231,1.0,0.9230769230769231,False,0.96,10.0,13.0,0.7692307692307693,1.0,0.7692307692307693,False,0.88,25,0,1.0,25,13,12.0,2.0488860023615287,48.80701019224146,48.0,12.798247451939634,12
2022,PR,MDB,30,6.670665291048025,9013666.559999997,False,1,7,0.23333333333333334,False,9,0.3,False,6,0.2,False,7.0,9.0,0.7777777777777778,1.0,0.7777777777777778,False,0.9333333333333333,6.0,7.0,0.8571428571428571,0.8571428571428571,1.0,False,0.9666666666666667,6.0,9.0,0.6666666666666666,0.6666666666666666,1.0,False,0.9,30,1,3.0,30,30,7.0,4.497302546458108,22.235550970160084,23.333333333333332,23.329334708951976,0
2022,PR,NOVO,26,7.337652234709635,542733.05,False,0,7,0.2692307692307692,False,9,0.34615384615384615,False,7,0.2692307692307692,False,7.0,9.0,0.7777777777777778,1.0,0.7777777777777778,False,0.9230769230769231,7.0,7.0,1.0,1.0,1.0,True,1.0,7.0,9.0,0.7777777777777778,0.7777777777777778,1.0,False,0.9230769230769231,26,0,0.0,26,26,7.0,3.5433677105888175,28.221739364267826,26.923076923076923,18.662347765290363,0
2022,PR,PATRIOTA,20,9.831483808693326,1110700.0,False,0,10,0.5,True,11,0.55,True,6,0.3,False,10.0,11.0,0.9090909090909091,1.0,0.9090909090909091,False,0.95,6.0,10.0,0.6,0.6,1.0,False,0.8,6.0,11.0,0.5454545454545454,0.5454545454545454,1.0,False,0.75,20,0,0.0,20,20,10.0,2.0342809273932114,49.15741904346663,50.0,10.168516191306674,0
2022,PR,PC DO B,4,3.569536460362222,179842.0,False,0,4,1.0,False,3,0.75,False,2,0.5,False,3.0,4.0,0.75,0.75,1.0,False,0.75,2.0,4.0,0.5,0.5,1.0,False,0.5,2.0,3.0,0.6666666666666666,0.6666666666666666,1.0,False,0.75,4,0,0.0,4,4,4.0,1.1205936805570818,89.23841150905555,100.0,0.43046353963777806,0
2022,PR,PCB,2,,0.0,True,0,0,0.0,False,0,0.0,False,0,0.0,False,0.0,0.0,,,,True,1.0,0.0,0.0,,,,True,1.0,0.0,0.0,,,,True,1.0,2,0,0.0,2,0,0.0,,,0.0,,2
2022,PR,PCO,1,1.0,12090.91,False,0,1,1.0,False,1,1.0,False,0,0.0,False,1.0,1.0,1.0,1.0,1.0,True,1.0,0.0,1.0,0.0,0.0,,False,0.0,0.0,1.0,0.0,0.0,,False,0.0,1,0,0.0,1,1,1.0,1.0,100.0,100.0,0.0,0
2022,PR,PDT,30,4.5894024534177635,3339312.639999999,False,0,5,0.16666666666666666,False,9,0.3,False,4,0.13333333333333333,False,5.0,9.0,0.5555555555555556,1.0,0.5555555555555556,False,0.8666666666666667,4.0,5.0,0.8,0.8,1.0,False,0.9666666666666667,4.0,9.0,0.4444444444444444,0.4444444444444444,1.0,False,0.8333333333333334,30,0,3.0,30,29,5.0,6.536798701900455,15.298008178059211,16.666666666666668,25.41059754658224,1
2022,PR,PL,26,3.733384323017526,8094019.0,False,3,4,0.15384615384615385,False,3,0.11538461538461539,False,4,0.15384615384615385,False,3.0,4.0,0.75,0.75,1.0,False,0.9615384615384616,4.0,4.0,1.0,1.0,1.0,True,1.0,3.0,4.0,0.75,1.0,0.75,False,0.9615384615384616,26,3,3.0,26,26,4.0,6.964190597710919,14.359170473144331,15.384615384615385,22.266615676982475,0
2022,PR,PMB,27,18.3060985103235,67559.0,False,0,18,0.6666666666666666,True,15,0.5555555555555556,True,10,0.37037037037037035,False,15.0,18.0,0.8333333333333334,0.8333333333333334,1.0,False,0.888888888888889,10.0,18.0,0.5555555555555556,0.5555555555555556,1.0,False,0.7037037037037037,10.0,15.0,0.6666666666666666,0.6666666666666666,1.0,False,0.8148148148148149,27,0,1.0,27,24,18.0,1.4749183166895818,67.80036485305001,66.66666666666667,8.693901489676499,3
2022,PR,PMN,18,13.63917525773196,315000.0,False,0,14,0.7777777777777778,True,13,0.7222222222222222,True,3,0.16666666666666666,False,12.999999999999998,14.000000000000002,0.9285714285714284,0.9285714285714285,0.9999999999999999,False,0.9444444444444444,3.0,14.000000000000002,0.21428571428571425,0.21428571428571427,1.0,False,0.38888888888888884,3.0,12.999999999999998,0.2307692307692308,0.23076923076923078,1.0,False,0.44444444444444453,18,0,0.0,18,17,14.0,1.3197278911564625,75.77319587628867,77.77777777777777,4.36082474226804,1
2022,PR,PODE,28,9.766321171261605,5928545.6899999995,False,1,10,0.35714285714285715,False,13,0.4642857142857143,False,7,0.25,False,10.0,13.0,0.7692307692307693,1.0,0.7692307692307693,False,0.8928571428571429,7.0,10.0,0.7,0.7,1.0,False,0.8928571428571429,7.0,13.0,0.5384615384615384,0.5384615384615384,1.0,False,0.7857142857142857,28,1,1.0,28,28,10.0,2.866995617796479,34.879718468791445,35.714285714285715,18.233678828738395,0
2022,PR,PP,31,16.97303597275909,20115086.629999995,False,4,17,0.5483870967741935,False,15,0.4838709677419355,False,8,0.25806451612903225,False,15.0,17.0,0.8823529411764706,0.8823529411764706,1.0,False,0.935483870967742,8.0,17.0,0.47058823529411764,0.47058823529411764,1.0,False,0.7096774193548387,8.0,15.0,0.5333333333333333,0.5333333333333333,1.0,False,0.7741935483870968,31,4,11.0,31,31,17.0,1.8264263417430753,54.75172894438416,54.83870967741935,14.026964027240911,0
2022,PR,PROS,30,7.876514392571253,10247446.68,False,1,8,0.26666666666666666,False,10,0.3333333333333333,False,7,0.23333333333333334,False,8.0,10.0,0.8,1.0,0.8,False,0.9333333333333333,7.0,8.0,0.875,0.875,1.0,False,0.9666666666666667,7.0,10.0,0.7,0.7,1.0,False,0.9,30,1,5.0,30,29,8.0,3.808791364400292,26.25504797523751,26.666666666666668,22.123485607428748,1
2022,PR,PRTB,15,7.121650807568433,60688.27,False,0,7,0.4666666666666667,True,8,0.5333333333333333,True,10,0.6666666666666666,False,7.0,8.0,0.875,1.0,0.875,False,0.9333333333333333,7.0,10.0,0.7,1.0,0.7,False,0.8,8.0,10.0,0.8,1.0,0.8,False,0.8666666666666667,15,0,0.0,15,11,7.0,2.1062532277009374,47.47767205045622,46.666666666666664,7.878349192431567,4
2022,PR,PSB,22,5.737028098416534,6580640.55,False,1,6,0.2727272727272727,False,10,0.45454545454545453,False,6,0.2727272727272727,False,6.0,10.0,0.6,1.0,0.6,False,0.8181818181818181,6.0,6.0,1.0,1.0,1.0,True,1.0,6.0,10.0,0.6,0.6,1.0,False,0.8181818181818181,22,1,4.0,22,22,6.0,3.8347380599499203,26.077400447347884,27.272727272727273,16.262971901583466,0
2022,PR,PSC,24,8.867566427667649,725000.0,False,0,9,0.375,False,12,0.5,True,5,0.20833333333333334,False,9.0,12.0,0.75,1.0,0.75,False,0.875,5.0,9.0,0.5555555555555556,0.5555555555555556,1.0,False,0.8333333333333334,5.0,12.0,0.4166666666666667,0.4166666666666667,1.0,False,0.7083333333333333,24,0,0.0,24,22,9.0,2.706492271105827,36.94819344861521,37.5,15.132433572332351,2
2022,PR,PSD,29,14.022638735576924,21835389.359999996,False,7,14,0.4827586206896552,False,11,0.3793103448275862,False,9,0.3103448275862069,False,11.0,14.0,0.7857142857142857,0.7857142857142857,1.0,False,0.896551724137931,9.0,14.0,0.6428571428571429,0.6428571428571429,1.0,False,0.8275862068965517,9.0,11.0,0.8181818181818182,0.8181818181818182,1.0,False,0.9310344827586207,29,7,10.0,29,29,14.0,2.0680843703420755,48.35392667440319,48.275862068965516,14.977361264423076,0
2022,PR,PSDB,10,3.1496042517401555,6099287.82,False,1,3,0.3,False,3,0.3,False,3,0.3,False,3.0,3.0,1.0,1.0,1.0,True,1.0,3.0,3.0,1.0,1.0,1.0,True,1.0,3.0,3.0,1.0,1.0,1.0,True,1.0,10,1,2.0,10,10,3.0,3.1750020639815313,31.496042517401555,30.0,6.850395748259844,0
2022,PR,PSOL,10,7.377045571274072,395674.85,False,0,7,0.7,False,6,0.6,False,5,0.5,False,6.0,7.0,0.8571428571428571,0.8571428571428571,1.0,False,0.9,5.0,7.0,0.7142857142857143,0.7142857142857143,1.0,False,0.8,5.0,6.0,0.8333333333333334,0.8333333333333334,1.0,False,0.9,10,0,0.0,10,10,7.0,1.3555562187306542,73.77045571274073,70.0,2.6229544287259277,0
2022,PR,PSTU,1,,0.0,True,0,0,0.0,False,0,0.0,False,0,0.0,False,0.0,0.0,,,,True,1.0,0.0,0.0,,,,True,1.0,0.0,0.0,,,,True,1.0,1,0,0.0,1,0,0.0,,,0.0,,1
2022,PR,PT,23,7.899391148216908,11306807.69,False,5,8,0.34782608695652173,False,7,0.30434782608695654,False,6,0.2608695652173913,False,7.0,8.0,0.875,0.875,1.0,False,0.9565217391304348,6.0,8.0,0.75,0.75,1.0,False,0.9130434782608696,6.0,7.0,0.8571428571428571,0.8571428571428571,1.0,False,0.9565217391304348,23,5,6.0,23,23,8.0,2.91161680292179,34.3451789052909,34.78260869565217,15.100608851783093,0
2022,PR,PTB,30,1.7462553917472676,2669927.4,False,0,2,0.06666666666666667,False,4,0.13333333333333333,False,1,0.03333333333333333,False,2.0,4.0,0.5,1.0,0.5,False,0.9333333333333333,1.0,2.0,0.5,0.5,1.0,False,0.9666666666666667,1.0,4.0,0.25,0.25,1.0,False,0.9,30,0,2.0,30,30,2.0,17.17961767893676,5.820851305824225,6.666666666666667,28.25374460825273,0
2022,PR,PV,2,1.3019377940503765,2389794.37,False,1,1,0.5,False,1,0.5,False,1,0.5,False,1.0,1.0,1.0,1.0,1.0,True,1.0,1.0,1.0,1.0,1.0,1.0,True,1.0,1.0,1.0,1.0,1.0,1.0,True,1.0,2,1,1.0,2,2,1.0,1.536171704316169,65.09688970251882,50.0,0.6980622059496235,0
2022,PR,REDE,21,14.222963431454243,1407948.64,False,0,14,0.6666666666666666,False,13,0.6190476190476191,False,8,0.38095238095238093,False,13.0,14.0,0.9285714285714286,0.9285714285714286,1.0,False,0.9523809523809523,8.0,14.0,0.5714285714285714,0.5714285714285714,1.0,False,0.7142857142857143,8.0,13.0,0.6153846153846154,0.6153846153846154,1.0,False,0.7619047619047619,21,0,2.0,21,21,14.0,1.4764855510742765,67.72839729263926,66.66666666666667,6.777036568545757,0
2022,PR,REPUBLICANOS,28,11.882207068008283,6372486.5,False,1,12,0.42857142857142855,True,11,0.39285714285714285,False,11,0.39285714285714285,False,11.0,12.0,0.9166666666666666,0.9166666666666666,1.0,False,0.9642857142857143,11.0,12.0,0.9166666666666666,0.9166666666666666,1.0,False,0.9642857142857143,11.0,11.0,1.0,1.0,1.0,True,1.0,28,1,3.0,28,28,12.0,2.356464572595048,42.4364538143153,42.857142857142854,16.117792931991715,0
2022,PR,SOLIDARIEDADE,22,12.180215726585908,3724678.72,False,0,12,0.5454545454545454,False,12,0.5454545454545454,False,8,0.36363636363636365,False,12.0,12.0,1.0,1.0,1.0,True,1.0,8.0,12.0,0.6666666666666666,0.6666666666666666,1.0,False,0.8181818181818181,8.0,12.0,0.6666666666666666,0.6666666666666666,1.0,False,0.8181818181818181,22,0,4.0,22,21,12.0,1.8062077465492115,55.36461693902686,54.54545454545455,9.819784273414092,1
2022,PR,UNIAO,27,10.113235787010938,12956906.73,False,4,10,0.37037037037037035,False,10,0.37037037037037035,False,10,0.37037037037037035,False,10.0,10.0,1.0,1.0,1.0,True,1.0,10.0,10.0,1.0,1.0,1.0,True,1.0,10.0,10.0,1.0,1.0,1.0,True,1.0,27,4,4.0,27,24,10.0,2.6697686644147853,37.45642884078125,37.03703703703704,16.886764212989064,3
2022,RJ,AGIR,45,10.81516466182518,4328000.0,False,0,11,0.24444444444444444,False,16,0.35555555555555557,True,7,0.15555555555555556,False,11.0,16.0,0.6875,1.0,0.6875,False,0.8888888888888888,7.0,11.0,0.6363636363636364,0.6363636363636364,1.0,False,0.9111111111111111,7.0,16.0,0.4375,0.4375,1.0,False,0.8,45,0,0.0,45,44,11.0,4.160824306155848,24.0336992485004,24.444444444444443,34.18483533817482,1
2022,RJ,AVANTE,43,14.03419648547981,3393273.75,False,0,14,0.32558139534883723,False,14,0.32558139534883723,False,11,0.2558139534883721,False,14.0,14.0,1.0,1.0,1.0,True,1.0,11.0,14.0,0.7857142857142857,0.7857142857142857,1.0,False,0.9302325581395349,11.0,14.0,0.7857142857142857,0.7857142857142857,1.0,False,0.9302325581395349,43,0,2.0,43,36,14.0,3.0639445617345498,32.63766624530189,32.55813953488372,28.96580351452019,7
2022,RJ,CIDADANIA,22,8.265713177762846,3648182.5,False,0,8,0.36363636363636365,False,9,0.4090909090909091,False,6,0.2727272727272727,False,8.0,9.0,0.8888888888888888,1.0,0.8888888888888888,False,0.9545454545454546,6.0,8.0,0.75,0.75,1.0,False,0.9090909090909091,6.0,9.0,0.6666666666666666,0.6666666666666666,1.0,False,0.8636363636363636,22,0,3.0,22,22,8.0,2.6615973149402703,37.57142353528566,36.36363636363637,13.734286822237154,0
2022,RJ,DC,44,30.67208725824835,380318.89999999997,False,0,31,0.7045454545454546,False,25,0.5681818181818182,False,23,0.5227272727272727,False,25.0,31.0,0.8064516129032258,0.8064516129032258,1.0,False,0.8636363636363636,23.0,31.0,0.7419354838709677,0.7419354838709677,1.0,False,0.8181818181818181,23.0,25.0,0.92,0.92,1.0,False,0.9545454545454546,44,0,0.0,44,41,31.0,1.434529043606822,69.7092892232917,70.45454545454545,13.32791274175165,3
2022,RJ,MDB,45,5.4010783750773985,10475065.0,False,2,5,0.1111111111111111,False,5,0.1111111111111111,False,5,0.1111111111111111,False,5.0,5.0,1.0,1.0,1.0,True,1.0,5.0,5.0,1.0,1.0,1.0,True,1.0,5.0,5.0,1.0,1.0,1.0,True,1.0,45,2,5.0,45,35,5.0,8.33166950652797,12.002396389060886,11.11111111111111,39.5989216249226,10
2022,RJ,NOVO,21,2.5776938146712958,558847.1300000002,False,0,3,0.14285714285714285,False,4,0.19047619047619047,False,5,0.23809523809523808,False,3.0,4.0,0.75,1.0,0.75,False,0.9523809523809523,3.0,5.0,0.6,1.0,0.6,False,0.9047619047619048,4.0,5.0,0.8,1.0,0.8,False,0.9523809523809523,21,0,1.0,21,21,3.0,8.146817081406503,12.274732450815694,14.285714285714286,18.422306185328704,0
2022,RJ,PATRIOTA,47,16.266335346900686,2550788.4899999998,False,0,16,0.3404255319148936,False,21,0.44680851063829785,False,11,0.23404255319148937,False,16.0,21.0,0.7619047619047619,1.0,0.7619047619047619,False,0.8936170212765957,11.0,16.0,0.6875,0.6875,1.0,False,0.8936170212765957,11.0,21.0,0.5238095238095238,0.5238095238095238,1.0,False,0.7872340425531915,47,0,3.0,47,45,16.0,2.8894031137108684,34.60922414234188,34.04255319148936,30.733664653099314,2
2022,RJ,PC DO B,3,1.988612538540596,4758000.0,False,1,2,0.6666666666666666,False,2,0.6666666666666666,False,2,0.6666666666666666,False,2.0,2.0,1.0,1.0,1.0,True,1.0,2.0,2.0,1.0,1.0,1.0,True,1.0,2.0,2.0,1.0,1.0,1.0,True,1.0,3,1,2.0,3,3,2.0,1.5085895024083684,66.28708461801986,66.66666666666667,1.011387461459404,0
2022,RJ,PCB,3,,0.0,True,0,0,0.0,False,0,0.0,False,0,0.0,False,0.0,0.0,,,,True,1.0,0.0,0.0,,,,True,1.0,0.0,0.0,,,,True,1.0,3,0,0.0,3,0,0.0,,,0.0,,3
2022,RJ,PDT,44,8.75610960561485,5955000.0,False,1,9,0.20454545454545456,True,12,0.2727272727272727,True,10,0.22727272727272727,False,9.0,12.0,0.75,1.0,0.75,False,0.9318181818181818,9.0,10.0,0.9,1.0,0.9,False,0.9772727272727273,10.0,12.0,0.8333333333333334,0.8333333333333334,1.0,False,0.9545454545454546,44,1,7.0,44,43,9.0,5.025062725549373,19.900249103670113,20.454545454545453,35.24389039438515,1
2022,RJ,PL,46,17.97775805626017,20698969.28,False,11,18,0.391304347826087,True,20,0.43478260869565216,True,23,0.5,False,18.000000000000004,20.0,0.9000000000000001,1.0000000000000002,0.9000000000000001,False,0.9565217391304348,18.000000000000004,23.0,0.7826086956521741,1.0000000000000002,0.7826086956521741,False,0.8913043478260869,20.0,23.0,0.8695652173913043,1.0,0.8695652173913043,False,0.9347826086956522,46,11,18.0,46,44,18.0,2.5587172691970896,39.082082731000376,39.130434782608695,28.02224194373983,2
2022,RJ,PMB,41,9.865592601013876,85768.01999999999,False,0,10,0.24390243902439024,True,18,0.43902439024390244,True,8,0.1951219512195122,False,10.0,18.0,0.5555555555555556,1.0,0.5555555555555556,False,0.8048780487804879,8.0,10.0,0.8,0.8,1.0,False,0.9512195121951219,8.0,18.0,0.4444444444444444,0.4444444444444444,1.0,False,0.7560975609756098,41,0,0.0,41,39,10.0,4.155857803796446,24.062420978082624,24.390243902439025,31.134407398986124,2
2022,RJ,PMN,47,13.84633821892707,2214012.39,False,0,14,0.2978723404255319,True,16,0.3404255319148936,False,15,0.3191489361702128,False,14.0,16.0,0.875,1.0,0.875,False,0.9574468085106383,14.0,15.0,0.9333333333333333,1.0,0.9333333333333333,False,0.9787234042553191,15.0,16.0,0.9375,0.9375,1.0,False,0.9787234042553191,47,0,2.0,47,32,14.0,3.39439924526428,29.46029408282355,29.78723404255319,33.15366178107293,15
2022,RJ,PODE,47,24.557810957480005,7272943.0,False,1,25,0.5319148936170213,True,19,0.40425531914893614,False,17,0.3617021276595745,False,19.0,25.0,0.76,0.76,1.0,False,0.8723404255319149,17.0,25.0,0.68,0.68,1.0,False,0.8297872340425532,17.0,19.0,0.8947368421052632,0.8947368421052632,1.0,False,0.9574468085106383,47,1,7.0,47,47,25.0,1.913851364088475,52.25066161165959,53.191489361702125,22.442189042519995,0
2022,RJ,PP,46,10.336676819580397,18260000.0,False,3,10,0.21739130434782608,False,8,0.17391304347826086,False,11,0.2391304347826087,False,8.0,10.0,0.8,0.8,1.0,False,0.9565217391304348,10.0,11.0,0.9090909090909091,1.0,0.9090909090909091,False,0.9782608695652174,8.0,11.0,0.7272727272727273,1.0,0.7272727272727273,False,0.9347826086956522,46,3,10.0,46,32,10.0,4.450172991078124,22.471036564305212,21.73913043478261,35.6633231804196,14
2022,RJ,PROS,42,2.656920938237826,3470000.0,False,1,3,0.07142857142857142,True,2,0.047619047619047616,False,4,0.09523809523809523,False,2.0,3.0,0.6666666666666666,0.6666666666666666,1.0,False,0.9761904761904762,3.0,4.0,0.75,1.0,0.75,False,0.9761904761904762,2.0,4.0,0.5,1.0,0.5,False,0.9523809523809523,42,1,2.0,42,11,3.0,15.807771844297347,6.326002233899586,7.142857142857143,39.343079061762175,31
2022,RJ,PRTB,42,2.0838809600075425,182604.69999999998,False,0,2,0.047619047619047616,False,4,0.09523809523809523,True,5,0.11904761904761904,False,2.0,4.0,0.5,1.0,0.5,False,0.9523809523809523,2.0,5.0,0.4,1.0,0.4,False,0.9285714285714286,4.0,5.0,0.8,1.0,0.8,False,0.9761904761904762,42,0,0.0,42,15,2.0,20.15470211880432,4.9616213333512915,4.761904761904762,39.91611903999246,27
2022,RJ,PSB,36,13.797605225292312,3615740.0,False,1,14,0.3888888888888889,True,15,0.4166666666666667,False,9,0.25,False,14.0,15.0,0.9333333333333333,1.0,0.9333333333333333,False,0.9722222222222222,9.0,14.0,0.6428571428571429,0.6428571428571429,1.0,False,0.8611111111111112,9.0,15.0,0.6,0.6,1.0,False,0.8333333333333334,36,1,3.0,36,34,14.0,2.6091484291787537,38.32668118136753,38.888888888888886,22.202394774707688,2
2022,RJ,PSC,26,2.9315677937001423,5576005.3599999985,False,0,3,0.11538461538461539,False,3,0.11538461538461539,False,3,0.11538461538461539,False,3.0,3.0,1.0,1.0,1.0,True,1.0,3.0,3.0,1.0,1.0,1.0,True,1.0,3.0,3.0,1.0,1.0,1.0,True,1.0,26,0,0.0,26,26,3.0,8.868974497493552,11.275260745000548,11.538461538461538,23.068432206299857,0
2022,RJ,PSD,47,19.246232432930704,22801163.479999997,False,4,19,0.40425531914893614,False,18,0.3829787234042553,False,16,0.3404255319148936,False,18.0,19.0,0.9473684210526315,0.9473684210526315,1.0,False,0.9787234042553191,16.0,19.0,0.8421052631578947,0.8421052631578947,1.0,False,0.9361702127659575,16.0,18.0,0.8888888888888888,0.8888888888888888,1.0,False,0.9574468085106383,47,4,22.0,47,43,19.0,2.4420363914748333,40.9494307083632,40.42553191489362,27.753767567069296,4
2022,RJ,PSDB,25,4.217719305549774,4707500.0,False,0,4,0.16,False,6,0.24,False,8,0.32,False,4.0,6.0,0.6666666666666666,1.0,0.6666666666666666,False,0.92,4.0,8.0,0.5,1.0,0.5,False,0.84,6.0,8.0,0.75,1.0,0.75,False,0.92,25,0,0.0,25,24,4.0,5.927374059033378,16.870877222199095,16.0,20.782280694450225,1
2022,RJ,PSOL,28,10.203362792773314,10689494.75,False,5,10,0.35714285714285715,False,8,0.2857142857142857,False,9,0.32142857142857145,False,8.0,10.0,0.8,0.8,1.0,False,0.9285714285714286,9.0,10.0,0.9,0.9,1.0,False,0.9642857142857143,8.0,9.0,0.8888888888888888,1.0,0.8888888888888888,False,0.9642857142857143,28,5,7.0,28,28,10.0,2.7441933182883025,36.440581402761836,35.714285714285715,17.796637207226688,0
2022,RJ,PSTU,2,1.9997005426753964,18223.0,False,0,2,1.0,False,2,1.0,False,1,0.5,False,2.0,2.0,1.0,1.0,1.0,True,1.0,1.0,2.0,0.5,0.5,1.0,False,0.5,1.0,2.0,0.5,0.5,1.0,False,0.5,2,0,0.0,2,2,2.0,1.0001497510843314,99.98502713376982,100.0,0.0002994573246035692,0
2022,RJ,PT,36,9.710044257831095,13333018.5,False,5,10,0.2777777777777778,False,8,0.2222222222222222,False,9,0.25,False,8.0,10.0,0.8,0.8,1.0,False,0.9444444444444444,9.0,10.0,0.9,0.9,1.0,False,0.9722222222222222,8.0,9.0,0.8888888888888888,1.0,0.8888888888888888,False,0.9722222222222222,36,5,6.0,36,36,10.0,3.707501124000151,26.97234516064193,27.77777777777778,26.289955742168907,0
2022,RJ,PTB,47,4.50241903291348,7207281.95,False,1,5,0.10638297872340426,False,6,0.1276595744680851,False,8,0.1702127659574468,False,5.0,6.0,0.8333333333333334,1.0,0.8333333333333334,False,0.9787234042553191,5.0,8.0,0.625,1.0,0.625,False,0.9361702127659575,6.0,8.0,0.75,1.0,0.75,False,0.9574468085106383,47,1,3.0,47,45,5.0,10.438832915466483,9.579614963645701,10.638297872340425,42.49758096708652,2
2022,RJ,PV,6,2.9782219330200594,1115099.5,False,0,3,0.5,False,3,0.5,False,2,0.3333333333333333,False,3.0,3.0,1.0,1.0,1.0,True,1.0,2.0,3.0,0.6666666666666666,0.6666666666666666,1.0,False,0.8333333333333334,2.0,3.0,0.6666666666666666,0.6666666666666666,1.0,False,0.8333333333333334,6,0,1.0,6,6,3.0,2.014624878514582,49.637032217000986,50.0,3.0217780669799406,0
2022,RJ,REDE,3,1.0821710253061843,3305424.47,False,0,1,0.3333333333333333,False,1,0.3333333333333333,False,1,0.3333333333333333,False,1.0,1.0,1.0,1.0,1.0,True,1.0,1.0,1.0,1.0,1.0,1.0,True,1.0,1.0,1.0,1.0,1.0,1.0,True,1.0,3,0,1.0,3,3,1.0,2.772205067263924,36.07236751020614,33.333333333333336,1.9178289746938157,0
2022,RJ,REPUBLICANOS,46,12.133079917379492,11203692.0,False,3,12,0.2608695652173913,False,19,0.41304347826086957,False,9,0.1956521739130435,False,12.0,19.0,0.631578947368421,1.0,0.631578947368421,False,0.8478260869565217,9.0,12.0,0.75,0.75,1.0,False,0.9347826086956522,9.0,19.0,0.47368421052631576,0.47368421052631576,1.0,False,0.782608695652174,46,3,6.0,46,46,12.0,3.7912879757850555,26.376260689955416,26.08695652173913,33.86692008262051,0
2022,RJ,SOLIDARIEDADE,47,4.101454454561155,4788453.5,False,1,4,0.0851063829787234,True,8,0.1702127659574468,True,7,0.14893617021276595,False,4.0,8.0,0.5,1.0,0.5,False,0.9148936170212766,4.0,7.0,0.5714285714285714,1.0,0.5714285714285714,False,0.9361702127659575,7.0,8.0,0.875,0.875,1.0,False,0.9787234042553191,47,1,3.0,47,37,4.0,11.459349487041633,8.72649883949182,8.51063829787234,42.89854554543884,10
2022,RJ,UNIAO,47,22.619633740391574,39907880.71,False,6,23,0.48936170212765956,False,18,0.3829787234042553,False,15,0.3191489361702128,False,18.0,23.0,0.782608695652174,0.782608695652174,1.0,False,0.8936170212765957,15.0,23.0,0.6521739130434783,0.6521739130434783,1.0,False,0.8297872340425532,15.0,18.0,0.8333333333333334,0.8333333333333334,1.0,False,0.9361702127659575,47,6,20.0,47,47,23.0,2.0778408943055844,48.12688029870547,48.93617021276596,24.380366259608426,0
2022,RN,AVANTE,9,7.390510948905111,225000.0,False,0,7,0.7777777777777778,True,6,0.6666666666666666,False,4,0.4444444444444444,False,6.0,7.0,0.8571428571428571,0.8571428571428571,1.0,False,0.8888888888888888,4.0,7.0,0.5714285714285714,0.5714285714285714,1.0,False,0.6666666666666667,4.0,6.0,0.6666666666666666,0.6666666666666666,1.0,False,0.7777777777777778,9,0,0.0,9,9,7.0,1.2177777777777776,82.1167883211679,77.77777777777777,1.6094890510948892,0
2022,RN,CIDADANIA,2,1.9624516141385604,289900.0,False,0,2,1.0,False,2,1.0,False,1,0.5,False,2.0,2.0,1.0,1.0,1.0,True,1.0,1.0,2.0,0.5,0.5,1.0,False,0.5,1.0,2.0,0.5,0.5,1.0,False,0.5,2,0,0.0,2,2,2.0,1.0191334072090852,98.12258070692802,100.0,0.037548385861439604,0
2022,RN,DC,9,5.1016166281755195,11750.0,False,0,5,0.5555555555555556,True,5,0.5555555555555556,True,3,0.3333333333333333,False,5.0,5.0,1.0,1.0,1.0,True,1.0,3.0,5.0,0.6,0.6,1.0,False,0.7777777777777778,3.0,5.0,0.6,0.6,1.0,False,0.7777777777777778,9,0,0.0,9,7,5.0,1.7641466727025803,56.684629201950216,55.55555555555556,3.8983833718244805,2
2022,RN,MDB,8,5.600392332290524,8218559.9799999995,False,0,6,0.75,False,5,0.625,False,3,0.375,False,5.0,6.0,0.8333333333333334,0.8333333333333334,1.0,False,0.875,3.0,6.0,0.5,0.5,1.0,False,0.625,3.0,5.0,0.6,0.6,1.0,False,0.75,8,0,2.0,8,8,6.0,1.428471350814819,70.00490415363156,75.0,2.3996076677094758,0
2022,RN,PATRIOTA,7,3.1133250311332503,1000000.0,False,0,3,0.42857142857142855,False,3,0.42857142857142855,False,3,0.42857142857142855,False,3.0,3.0,1.0,1.0,1.0,True,1.0,3.0,3.0,1.0,1.0,1.0,True,1.0,3.0,3.0,1.0,1.0,1.0,True,1.0,7,0,0.0,7,7,3.0,2.2484,44.47607187333215,42.857142857142854,3.8866749688667497,0
2022,RN,PC DO B,3,2.424624265950035,349000.0,False,0,2,0.6666666666666666,False,2,0.6666666666666666,False,2,0.6666666666666666,False,2.0,2.0,1.0,1.0,1.0,True,1.0,2.0,2.0,1.0,1.0,1.0,True,1.0,2.0,2.0,1.0,1.0,1.0,True,1.0,3,0,0.0,3,3,2.0,1.2373051124375005,80.82080886500117,66.66666666666667,0.575375734049965,0
2022,RN,PDT,9,3.172662550785123,560400.0,False,0,3,0.3333333333333333,False,5,0.5555555555555556,True,1,0.1111111111111111,False,3.0,5.0,0.6,1.0,0.6,False,0.7777777777777778,1.0,3.0,0.3333333333333333,0.3333333333333333,1.0,False,0.7777777777777778,1.0,5.0,0.2,0.2,1.0,False,0.5555555555555556,9,0,0.0,9,9,3.0,2.8367340856255936,35.2518061198347,33.333333333333336,5.827337449214877,0
2022,RN,PL,9,3.5953136022931003,4890000.0,False,4,4,0.4444444444444444,False,3,0.3333333333333333,False,3,0.3333333333333333,False,3.0,4.0,0.75,0.75,1.0,False,0.8888888888888888,3.0,4.0,0.75,0.75,1.0,False,0.8888888888888888,3.0,3.0,1.0,1.0,1.0,True,1.0,9,4,3.0,9,9,4.0,2.503258684933569,39.947928914367786,44.44444444444444,5.4046863977069,0
2022,RN,PMB,3,,0.0,True,0,0,0.0,False,0,0.0,False,0,0.0,False,0.0,0.0,,,,True,1.0,0.0,0.0,,,,True,1.0,0.0,0.0,,,,True,1.0,3,0,0.0,3,0,0.0,,,0.0,,3
2022,RN,PMN,9,2.1256699957583005,525000.0,False,0,2,0.2222222222222222,False,2,0.2222222222222222,False,2,0.2222222222222222,False,2.0,2.0,1.0,1.0,1.0,True,1.0,2.0,2.0,1.0,1.0,1.0,True,1.0,2.0,2.0,1.0,1.0,1.0,True,1.0,9,0,0.0,9,9,2.0,4.233959183673469,23.61855550842556,22.22222222222222,6.874330004241699,0
2022,RN,PODE,9,8.749914665306992,486386.55999999994,False,0,9,1.0,False,7,0.7777777777777778,False,5,0.5555555555555556,False,7.0,9.0,0.7777777777777778,0.7777777777777778,1.0,False,0.7777777777777778,5.0,9.0,0.5555555555555556,0.5555555555555556,1.0,False,0.5555555555555556,5.0,7.0,0.7142857142857143,0.7142857142857143,1.0,False,0.7777777777777778,9,0,0.0,9,9,9.0,1.0285814598494982,97.22127405896657,100.0,0.25008533469300787,0
2022,RN,PP,9,7.135411197531167,6431482.37,False,0,7,0.7777777777777778,True,6,0.6666666666666666,False,4,0.4444444444444444,False,6.0,7.0,0.8571428571428571,0.8571428571428571,1.0,False,0.8888888888888888,4.0,7.0,0.5714285714285714,0.5714285714285714,1.0,False,0.6666666666666667,4.0,6.0,0.6666666666666666,0.6666666666666666,1.0,False,0.7777777777777778,9,0,4.0,9,9,7.0,1.261314835382434,79.28234663923519,77.77777777777777,1.864588802468833,0
2022,RN,PRTB,8,1.0,16710.35,False,0,1,0.125,False,1,0.125,False,1,0.125,False,1.0,1.0,1.0,1.0,1.0,True,1.0,1.0,1.0,1.0,1.0,1.0,True,1.0,1.0,1.0,1.0,1.0,1.0,True,1.0,8,0,0.0,8,1,1.0,8.0,12.5,12.5,7.0,7
2022,RN,PSB,9,6.614110415583829,5410000.0,False,0,7,0.7777777777777778,False,6,0.6666666666666666,False,3,0.3333333333333333,False,6.0,7.0,0.8571428571428571,0.8571428571428571,1.0,False,0.8888888888888888,3.0,7.0,0.42857142857142855,0.42857142857142855,1.0,False,0.5555555555555556,3.0,6.0,0.5,0.5,1.0,False,0.6666666666666667,9,0,1.0,9,9,7.0,1.3607272081207868,73.49011572870921,77.77777777777777,2.385889584416171,0
2022,RN,PSC,8,5.955774291545054,899970.0,False,0,6,0.75,True,5,0.625,False,3,0.375,False,5.0,6.0,0.8333333333333334,0.8333333333333334,1.0,False,0.875,3.0,6.0,0.5,0.5,1.0,False,0.625,3.0,5.0,0.6,0.6,1.0,False,0.75,8,0,0.0,8,8,6.0,1.343234247704278,74.44717864431317,75.0,2.0442257084549462,0
2022,RN,PSD,9,1.5377529691525265,497028.5,False,0,2,0.2222222222222222,True,1,0.1111111111111111,False,1,0.1111111111111111,False,1.0,2.0,0.5,0.5,1.0,False,0.8888888888888888,1.0,2.0,0.5,0.5,1.0,False,0.8888888888888888,1.0,1.0,1.0,1.0,1.0,True,1.0,9,0,1.0,9,9,2.0,5.852695576299231,17.08614410169474,22.22222222222222,7.4622470308474735,0
2022,RN,PSDB,7,2.112211221122112,4000000.0,False,0,2,0.2857142857142857,True,3,0.42857142857142855,False,1,0.14285714285714285,False,2.0,3.0,0.6666666666666666,1.0,0.6666666666666666,False,0.8571428571428572,1.0,2.0,0.5,0.5,1.0,False,0.8571428571428572,1.0,3.0,0.3333333333333333,0.3333333333333333,1.0,False,0.7142857142857143,7,0,0.0,7,7,2.0,3.3140625000000004,30.17444601603017,28.571428571428573,4.887788778877888,0
2022,RN,PSOL,4,2.992582580930695,280552.14,False,0,3,0.75,False,3,0.75,False,2,0.5,False,3.0,3.0,1.0,1.0,1.0,True,1.0,2.0,3.0,0.6666666666666666,0.6666666666666666,1.0,False,0.75,2.0,3.0,0.6666666666666666,0.6666666666666666,1.0,False,0.75,4,0,0.0,4,4,3.0,1.3366381350639278,74.81456452326738,75.0,1.0074174190693048,0
2022,RN,PSTU,1,1.0,8300.0,False,0,1,1.0,False,1,1.0,False,0,0.0,False,1.0,1.0,1.0,1.0,1.0,True,1.0,0.0,1.0,0.0,0.0,,False,0.0,0.0,1.0,0.0,0.0,,False,0.0,1,0,0.0,1,1,1.0,1.0,100.0,100.0,0.0,0
2022,RN,PT,4,2.6888512845026056,4281970.45,False,2,3,0.75,False,3,0.75,False,1,0.25,False,3.0,3.0,1.0,1.0,1.0,True,1.0,1.0,3.0,0.3333333333333333,0.3333333333333333,1.0,False,0.5,1.0,3.0,0.3333333333333333,0.3333333333333333,1.0,False,0.5,4,2,2.0,4,4,3.0,1.487624110360546,67.22128211256513,75.0,1.3111487154973944,0
2022,RN,PTB,7,,0.0,True,0,0,0.0,False,0,0.0,False,0,0.0,False,0.0,0.0,,,,True,1.0,0.0,0.0,,,,True,1.0,0.0,0.0,,,,True,1.0,7,0,0.0,7,0,0.0,,,0.0,,7
2022,RN,PV,2,1.7066125339389118,819975.4,False,0,2,1.0,False,2,1.0,False,1,0.5,False,2.0,2.0,1.0,1.0,1.0,True,1.0,1.0,2.0,0.5,0.5,1.0,False,0.5,1.0,2.0,0.5,0.5,1.0,False,0.5,2,0,0.0,2,2,2.0,1.1719121711733484,85.33062669694559,100.0,0.29338746606108823,0
2022,RN,REDE,3,,0.0,True,0,0,0.0,False,0,0.0,False,0,0.0,False,0.0,0.0,,,,True,1.0,0.0,0.0,,,,True,1.0,0.0,0.0,,,,True,1.0,3,0,0.0,3,0,0.0,,,0.0,,3
2022,RN,REPUBLICANOS,9,5.714320467128619,3601100.0,False,0,6,0.6666666666666666,False,5,0.5555555555555556,False,5,0.5555555555555556,False,5.0,6.0,0.8333333333333334,0.8333333333333334,1.0,False,0.8888888888888888,5.0,6.0,0.8333333333333334,0.8333333333333334,1.0,False,0.8888888888888888,5.0,5.0,1.0,1.0,1.0,True,1.0,9,0,1.0,9,9,6.0,1.5749904213059296,63.49244963476244,66.66666666666667,3.285679532871381,0
2022,RN,SOLIDARIEDADE,9,4.654755328753333,3059201.55,False,0,5,0.5555555555555556,False,5,0.5555555555555556,False,2,0.2222222222222222,False,5.0,5.0,1.0,1.0,1.0,True,1.0,2.0,5.0,0.4,0.4,1.0,False,0.6666666666666667,2.0,5.0,0.4,0.4,1.0,False,0.6666666666666667,9,0,2.0,9,9,5.0,1.9335065678759187,51.71950365281481,55.55555555555556,4.345244671246667,0
2022,RN,UNIAO,9,7.5981211530896955,16127128.709999999,False,2,8,0.8888888888888888,False,6,0.6666666666666666,False,4,0.4444444444444444,False,6.0,8.0,0.75,0.75,1.0,False,0.7777777777777778,4.0,8.0,0.5,0.5,1.0,False,0.5555555555555556,4.0,6.0,0.6666666666666666,0.6666666666666666,1.0,False,0.7777777777777778,9,2,4.0,9,9,8.0,1.1845033553249207,84.42356836766328,88.88888888888889,1.4018788469103045,0
2022,RO,AGIR,7,6.4,120000.0,False,0,6,0.8571428571428571,True,6,0.8571428571428571,True,1,0.14285714285714285,False,6.0,6.0,1.0,1.0,1.0,True,1.0,1.0,6.0,0.16666666666666666,0.16666666666666666,1.0,False,0.2857142857142857,1.0,6.0,0.16666666666666666,0.16666666666666666,1.0,False,0.2857142857142857,7,0,1.0,7,7,6.0,1.09375,91.42857142857143,85.71428571428571,0.5999999999999996,0
2022,RO,AVANTE,9,2.4008010553460033,3009000.0,False,0,2,0.2222222222222222,False,3,0.3333333333333333,False,2,0.2222222222222222,False,2.0,3.0,0.6666666666666666,1.0,0.6666666666666666,False,0.8888888888888888,2.0,2.0,1.0,1.0,1.0,True,1.0,2.0,3.0,0.6666666666666666,0.6666666666666666,1.0,False,0.8888888888888888,9,0,1.0,9,8,2.0,3.748748768649188,26.67556728162226,22.22222222222222,6.599198944653997,1
2022,RO,MDB,9,6.460558704288216,9020000.01,False,2,6,0.6666666666666666,False,6,0.6666666666666666,False,3,0.3333333333333333,False,6.0,6.0,1.0,1.0,1.0,True,1.0,3.0,6.0,0.5,0.5,1.0,False,0.6666666666666667,3.0,6.0,0.5,0.5,1.0,False,0.6666666666666667,9,2,4.0,9,9,6.0,1.3930683725582778,71.7839856032024,66.66666666666667,2.539441295711784,0
2022,RO,PATRIOTA,7,3.2585649644473182,1420000.0,False,0,3,0.42857142857142855,False,3,0.42857142857142855,False,3,0.42857142857142855,False,3.0,3.0,1.0,1.0,1.0,True,1.0,3.0,3.0,1.0,1.0,1.0,True,1.0,3.0,3.0,1.0,1.0,1.0,True,1.0,7,0,1.0,7,6,3.0,2.1481848839515965,46.550928063533114,42.857142857142854,3.7414350355526818,1
2022,RO,PC DO B,3,2.419577859772644,154900.0,False,0,2,0.6666666666666666,False,2,0.6666666666666666,False,2,0.6666666666666666,False,2.0,2.0,1.0,1.0,1.0,True,1.0,2.0,2.0,1.0,1.0,1.0,True,1.0,2.0,2.0,1.0,1.0,1.0,True,1.0,3,0,0.0,3,3,2.0,1.239885704807158,80.6525953257548,66.66666666666667,0.5804221402273559,0
2022,RO,PDT,8,6.215378732399907,813600.0,False,0,6,0.75,False,5,0.625,True,4,0.5,False,5.0,6.0,0.8333333333333334,0.8333333333333334,1.0,False,0.875,4.0,6.0,0.6666666666666666,0.6666666666666666,1.0,False,0.75,4.0,5.0,0.8,0.8,1.0,False,0.875,8,0,0.0,8,7,6.0,1.287129931165274,77.69223415499884,75.0,1.7846212676000928,1
2022,RO,PL,9,3.0851287267175636,5997650.0,False,2,3,0.3333333333333333,False,3,0.3333333333333333,False,3,0.3333333333333333,False,3.0,3.0,1.0,1.0,1.0,True,1.0,3.0,3.0,1.0,1.0,1.0,True,1.0,3.0,3.0,1.0,1.0,1.0,True,1.0,9,2,5.0,9,9,3.0,2.9172202514789682,34.27920807463959,33.333333333333336,5.9148712732824364,0
2022,RO,PMB,2,,0.0,True,0,0,0.0,False,0,0.0,False,0,0.0,False,0.0,0.0,,,,True,1.0,0.0,0.0,,,,True,1.0,0.0,0.0,,,,True,1.0,2,0,0.0,2,0,0.0,,,0.0,,2
2022,RO,PODE,9,6.384101148499043,3403400.0,False,0,6,0.6666666666666666,False,5,0.5555555555555556,False,4,0.4444444444444444,False,5.0,6.0,0.8333333333333334,0.8333333333333334,1.0,False,0.8888888888888888,4.0,6.0,0.6666666666666666,0.6666666666666666,1.0,False,0.7777777777777778,4.0,5.0,0.8,0.8,1.0,False,0.8888888888888888,9,0,1.0,9,8,6.0,1.4097520998889528,70.93445720554492,66.66666666666667,2.6158988515009574,1
2022,RO,PP,6,2.5043478260869563,4800000.0,False,0,3,0.5,False,2,0.3333333333333333,False,2,0.3333333333333333,False,2.0,3.0,0.6666666666666666,0.6666666666666666,1.0,False,0.8333333333333334,2.0,3.0,0.6666666666666666,0.6666666666666666,1.0,False,0.8333333333333334,2.0,2.0,1.0,1.0,1.0,True,1.0,6,0,1.0,6,3,3.0,2.3958333333333335,41.7391304347826,50.0,3.4956521739130437,3
2022,RO,PROS,9,,0.0,True,0,0,0.0,False,0,0.0,False,0,0.0,False,0.0,0.0,,,,True,1.0,0.0,0.0,,,,True,1.0,0.0,0.0,,,,True,1.0,9,0,0.0,9,0,0.0,,,0.0,,9
2022,RO,PSB,8,3.8425842785117887,5131487.05,False,0,4,0.5,True,5,0.625,False,2,0.25,False,4.0,5.0,0.8,1.0,0.8,False,0.875,2.0,4.0,0.5,0.5,1.0,False,0.75,2.0,5.0,0.4,0.4,1.0,False,0.625,8,0,2.0,8,8,4.0,2.0819322154459954,48.032303481397356,50.0,4.157415721488212,0
2022,RO,PSC,9,7.351207636098679,1941388.8899999997,False,0,7,0.7777777777777778,False,7,0.7777777777777778,False,1,0.1111111111111111,False,7.0,7.0,1.0,1.0,1.0,True,1.0,1.0,7.0,0.14285714285714285,0.14285714285714285,1.0,False,0.33333333333333337,1.0,7.0,0.14285714285714285,0.14285714285714285,1.0,False,0.33333333333333337,9,0,2.0,9,9,7.0,1.224288640114693,81.68008484554088,77.77777777777777,1.648792363901321,0
2022,RO,PSD,8,5.120894905492425,3752234.4,False,0,5,0.625,False,5,0.625,False,4,0.5,False,5.0,5.0,1.0,1.0,1.0,True,1.0,4.0,5.0,0.8,0.8,1.0,False,0.875,4.0,5.0,0.8,0.8,1.0,False,0.875,8,0,2.0,8,8,5.0,1.5622269442435903,64.0111863186553,62.5,2.879105094507575,0
2022,RO,PSOL,8,6.472663016528628,97432.9,False,0,6,0.75,True,6,0.75,True,2,0.25,False,6.0,6.0,1.0,1.0,1.0,True,1.0,2.0,6.0,0.3333333333333333,0.3333333333333333,1.0,False,0.5,2.0,6.0,0.3333333333333333,0.3333333333333333,1.0,False,0.5,8,0,0.0,8,8,6.0,1.2359673259014343,80.90828770660785,75.0,1.527336983471372,0
2022,RO,PT,3,2.7949259985765176,1194700.0,False,0,3,1.0,False,3,1.0,False,2,0.6666666666666666,False,3.0,3.0,1.0,1.0,1.0,True,1.0,2.0,3.0,0.6666666666666666,0.6666666666666666,1.0,False,0.6666666666666667,2.0,3.0,0.6666666666666666,0.6666666666666666,1.0,False,0.6666666666666667,3,0,1.0,3,3,3.0,1.0733736784186516,93.16419995255059,100.0,0.20507400142348242,0
2022,RO,PTB,9,7.911763908302169,2415600.0,False,0,8,0.8888888888888888,False,7,0.7777777777777778,True,3,0.3333333333333333,False,7.0,8.0,0.875,0.875,1.0,False,0.8888888888888888,3.0,8.0,0.375,0.375,1.0,False,0.4444444444444444,3.0,7.0,0.42857142857142855,0.42857142857142855,1.0,False,0.5555555555555556,9,0,0.0,9,9,8.0,1.1375465830768656,87.90848787002409,88.88888888888889,1.0882360916978309,0
2022,RO,PV,2,1.9962263810321652,574997.4,False,0,2,1.0,False,2,1.0,False,1,0.5,False,2.0,2.0,1.0,1.0,1.0,True,1.0,1.0,2.0,0.5,0.5,1.0,False,0.5,1.0,2.0,0.5,0.5,1.0,False,0.5,2,0,0.0,2,2,2.0,1.00189037626378,99.81131905160827,100.0,0.003773618967834791,0
2022,RO,REPUBLICANOS,9,4.463840645516008,4698073.42,False,0,4,0.4444444444444444,False,6,0.6666666666666666,False,1,0.1111111111111111,False,4.0,6.0,0.6666666666666666,1.0,0.6666666666666666,False,0.7777777777777778,1.0,4.0,0.25,0.25,1.0,False,0.6666666666666667,1.0,6.0,0.16666666666666666,0.16666666666666666,1.0,False,0.4444444444444444,9,0,3.0,9,9,4.0,2.016201005974671,49.59822939462231,44.44444444444444,4.536159354483992,0
2022,RO,SOLIDARIEDADE,6,1.47585601404741,205000.0,False,0,1,0.16666666666666666,False,1,0.16666666666666666,False,2,0.3333333333333333,False,1.0,1.0,1.0,1.0,1.0,True,1.0,1.0,2.0,0.5,1.0,0.5,False,0.8333333333333334,1.0,2.0,0.5,1.0,0.5,False,0.8333333333333334,6,0,0.0,6,3,1.0,4.065437239738251,24.5976002341235,16.666666666666668,4.52414398595259,3
2022,RO,UNIAO,9,7.795408051671323,12908412.5,False,4,8,0.8888888888888888,False,6,0.6666666666666666,False,5,0.5555555555555556,False,6.0,8.0,0.75,0.75,1.0,False,0.7777777777777778,5.0,8.0,0.625,0.625,1.0,False,0.6666666666666667,5.0,6.0,0.8333333333333334,0.8333333333333334,1.0,False,0.8888888888888888,9,4,4.0,9,9,8.0,1.154525836280041,86.61564501857026,88.88888888888889,1.2045919483286767,0
2022,RR,CIDADANIA,6,5.718334116464245,45666.67999999999,False,0,6,1.0,False,5,0.8333333333333334,True,2,0.3333333333333333,False,5.0,6.0,0.8333333333333334,0.8333333333333334,1.0,False,0.8333333333333334,2.0,6.0,0.3333333333333333,0.3333333333333333,1.0,False,0.33333333333333337,2.0,5.0,0.4,0.4,1.0,False,0.5,6,0,0.0,6,6,6.0,1.0492566327533717,95.30556860773741,100.0,0.28166588353575506,0
2022,RR,DC,6,5.30055333866847,118772.83,False,0,5,0.8333333333333334,False,5,0.8333333333333334,False,3,0.5,False,5.0,5.0,1.0,1.0,1.0,True,1.0,3.0,5.0,0.6,0.6,1.0,False,0.6666666666666667,3.0,5.0,0.6,0.6,1.0,False,0.6666666666666667,6,0,0.0,6,6,5.0,1.1319572913697413,88.3425556444745,83.33333333333333,0.69944666133153,0
2022,RR,MDB,8,7.210439630590288,3503997.28,False,2,7,0.875,False,6,0.75,False,4,0.5,False,6.0,7.0,0.8571428571428571,0.8571428571428571,1.0,False,0.875,4.0,7.0,0.5714285714285714,0.5714285714285714,1.0,False,0.625,4.0,6.0,0.6666666666666666,0.6666666666666666,1.0,False,0.75,8,2,2.0,8,8,7.0,1.1095023895713658,90.1304953823786,87.5,0.7895603694097124,0
2022,RR,PATRIOTA,7,4.298054851939683,237750.0,False,0,4,0.5714285714285714,True,5,0.7142857142857143,True,2,0.2857142857142857,False,4.0,5.0,0.8,1.0,0.8,False,0.8571428571428572,2.0,4.0,0.5,0.5,1.0,False,0.7142857142857143,2.0,5.0,0.4,0.4,1.0,False,0.5714285714285714,7,0,0.0,7,7,4.0,1.6286437100357032,61.40078359913833,57.142857142857146,2.701945148060317,0
2022,RR,PCO,1,1.0,3000.0,False,0,1,1.0,False,1,1.0,False,0,0.0,False,1.0,1.0,1.0,1.0,1.0,True,1.0,0.0,1.0,0.0,0.0,,False,0.0,0.0,1.0,0.0,0.0,,False,0.0,1,0,0.0,1,1,1.0,1.0,100.0,100.0,0.0,0
2022,RR,PDT,8,2.7621155482205793,385758.68,False,0,3,0.375,False,2,0.25,False,2,0.25,False,2.0,3.0,0.6666666666666666,0.6666666666666666,1.0,False,0.875,2.0,3.0,0.6666666666666666,0.6666666666666666,1.0,False,0.875,2.0,2.0,1.0,1.0,1.0,True,1.0,8,0,1.0,8,6,3.0,2.8963306785459393,34.52644435275724,37.5,5.23788445177942,2
2022,RR,PL,8,6.720930232558139,1700000.0,False,0,7,0.875,True,6,0.75,False,2,0.25,False,6.0,7.0,0.8571428571428571,0.8571428571428571,1.0,False,0.875,2.0,7.0,0.2857142857142857,0.2857142857142857,1.0,False,0.375,2.0,6.0,0.3333333333333333,0.3333333333333333,1.0,False,0.5,8,0,1.0,8,8,7.0,1.1903114186851211,84.01162790697674,87.5,1.279069767441861,0
2022,RR,PMB,4,3.981557264639696,14808.9,False,0,4,1.0,False,4,1.0,False,2,0.5,False,4.0,4.0,1.0,1.0,1.0,True,1.0,2.0,4.0,0.5,0.5,1.0,False,0.5,2.0,4.0,0.5,0.5,1.0,False,0.5,4,0,0.0,4,4,4.0,1.0046320407153488,99.5389316159924,100.0,0.018442735360304052,0
2022,RR,PMN,6,5.0,750000.0,False,0,5,0.8333333333333334,True,5,0.8333333333333334,True,1,0.16666666666666666,False,5.0,5.0,1.0,1.0,1.0,True,1.0,1.0,5.0,0.2,0.2,1.0,False,0.33333333333333337,1.0,5.0,0.2,0.2,1.0,False,0.33333333333333337,6,0,0.0,6,6,5.0,1.2,83.33333333333333,83.33333333333333,1.0,0
2022,RR,PODE,8,6.263778790337682,4480000.0,False,0,6,0.75,False,5,0.625,False,3,0.375,False,5.0,6.0,0.8333333333333334,0.8333333333333334,1.0,False,0.875,3.0,6.0,0.5,0.5,1.0,False,0.625,3.0,5.0,0.6,0.6,1.0,False,0.75,8,0,2.0,8,8,6.0,1.2771843112244898,78.29723487922102,75.0,1.7362212096623182,0
2022,RR,PP,9,4.750839036747217,4173999.9899999998,False,0,5,0.5555555555555556,False,6,0.6666666666666666,False,1,0.1111111111111111,False,5.0,6.0,0.8333333333333334,1.0,0.8333333333333334,False,0.8888888888888888,1.0,5.0,0.2,0.2,1.0,False,0.5555555555555556,1.0,6.0,0.16666666666666666,0.16666666666666666,1.0,False,0.4444444444444444,9,0,3.0,9,9,5.0,1.8944022161950744,52.78710040830241,55.55555555555556,4.249160963252783,0
2022,RR,PROS,8,4.290510985985771,1405972.2,False,0,4,0.5,False,5,0.625,False,2,0.25,False,4.0,5.0,0.8,1.0,0.8,False,0.875,2.0,4.0,0.5,0.5,1.0,False,0.75,2.0,5.0,0.4,0.4,1.0,False,0.625,8,0,0.0,8,8,4.0,1.8645797729292966,53.631387324822136,50.0,3.7094890140142294,0
2022,RR,PRTB,7,7.0,4900.0,False,0,7,1.0,False,6,0.8571428571428571,True,0,0.0,False,5.999999999999999,7.0,0.857142857142857,0.857142857142857,0.9999999999999999,False,0.8571428571428571,0.0,7.0,0.0,0.0,,False,0.0,0.0,5.999999999999999,0.0,0.0,,False,0.14285714285714302,7,0,0.0,7,7,7.0,1.0,100.0,100.0,0.0,0
2022,RR,PSC,3,,0.0,True,0,0,0.0,False,0,0.0,False,0,0.0,False,0.0,0.0,,,,True,1.0,0.0,0.0,,,,True,1.0,0.0,0.0,,,,True,1.0,3,0,0.0,3,0,0.0,,,0.0,,3
2022,RR,PSD,9,5.876090934693003,3849983.1,False,1,6,0.6666666666666666,False,5,0.5555555555555556,False,3,0.3333333333333333,False,5.0,6.0,0.8333333333333334,0.8333333333333334,1.0,False,0.8888888888888888,3.0,6.0,0.5,0.5,1.0,False,0.6666666666666667,3.0,5.0,0.6,0.6,1.0,False,0.7777777777777778,9,1,1.0,9,9,6.0,1.531630483603162,65.28989927436669,66.66666666666667,3.1239090653069974,0
2022,RR,PSDB,1,,0.0,True,0,0,0.0,False,0,0.0,False,0,0.0,False,0.0,0.0,,,,True,1.0,0.0,0.0,,,,True,1.0,0.0,0.0,,,,True,1.0,1,0,0.0,1,0,0.0,,,0.0,,1
2022,RR,PSOL,3,2.7172964060529843,210810.06,False,0,3,1.0,False,3,1.0,False,1,0.3333333333333333,False,3.0,3.0,1.0,1.0,1.0,True,1.0,1.0,3.0,0.3333333333333333,0.3333333333333333,1.0,False,0.33333333333333337,1.0,3.0,0.3333333333333333,0.3333333333333333,1.0,False,0.33333333333333337,3,0,0.0,3,3,3.0,1.104038555866512,90.5765468684328,100.0,0.2827035939470157,0
2022,RR,PT,3,1.5339332453391512,512450.0,False,0,2,0.6666666666666666,False,2,0.6666666666666666,False,1,0.3333333333333333,False,2.0,2.0,1.0,1.0,1.0,True,1.0,1.0,2.0,0.5,0.5,1.0,False,0.6666666666666667,1.0,2.0,0.5,0.5,1.0,False,0.6666666666666667,3,0,0.0,3,2,2.0,1.9557565553230465,51.131108177971704,66.66666666666667,1.4660667546608488,1
2022,RR,PTB,9,8.19223770015476,321830.0,False,0,8,0.8888888888888888,False,7,0.7777777777777778,True,4,0.4444444444444444,False,7.0,8.0,0.875,0.875,1.0,False,0.8888888888888888,4.0,8.0,0.5,0.5,1.0,False,0.5555555555555556,4.0,7.0,0.5714285714285714,0.5714285714285714,1.0,False,0.6666666666666667,9,0,1.0,9,9,8.0,1.0986009353500548,91.02486333505288,88.88888888888889,0.8077622998452405,0
2022,RR,PV,3,2.17301641947677,149742.4,False,0,2,0.6666666666666666,False,2,0.6666666666666666,False,2,0.6666666666666666,False,2.0,2.0,1.0,1.0,1.0,True,1.0,2.0,2.0,1.0,1.0,1.0,True,1.0,2.0,2.0,1.0,1.0,1.0,True,1.0,3,0,1.0,3,3,2.0,1.3805694117683454,72.43388064922566,66.66666666666667,0.8269835805232302,0
2022,RR,REDE,5,3.441698090573845,4268640.0,False,0,3,0.6,True,4,0.8,False,1,0.2,False,3.0,4.0,0.75,1.0,0.75,False,0.8,1.0,3.0,0.3333333333333333,0.3333333333333333,1.0,False,0.6,1.0,4.0,0.25,0.25,1.0,False,0.4,5,0,1.0,5,5,3.0,1.4527712392013834,68.8339618114769,60.0,1.558301909426155,0
2022,RR,REPUBLICANOS,9,6.787116233992119,5215790.0,False,3,7,0.7777777777777778,False,7,0.7777777777777778,False,1,0.1111111111111111,False,7.0,7.0,1.0,1.0,1.0,True,1.0,1.0,7.0,0.14285714285714285,0.14285714285714285,1.0,False,0.33333333333333337,1.0,7.0,0.14285714285714285,0.14285714285714285,1.0,False,0.33333333333333337,9,3,3.0,9,9,7.0,1.3260418253816,75.41240259991244,77.77777777777777,2.212883766007881,0
2022,RR,SOLIDARIEDADE,7,4.680621464521969,1369300.0,False,0,5,0.7142857142857143,False,5,0.7142857142857143,False,3,0.42857142857142855,False,5.0,5.0,1.0,1.0,1.0,True,1.0,3.0,5.0,0.6,0.6,1.0,False,0.7142857142857143,3.0,5.0,0.6,0.6,1.0,False,0.7142857142857143,7,0,1.0,7,7,5.0,1.4955279022365695,66.86602092174242,71.42857142857143,2.319378535478031,0
2022,RR,UNIAO,8,6.257137826755669,6863259.279999999,False,2,6,0.75,False,6,0.75,False,3,0.375,False,6.0,6.0,1.0,1.0,1.0,True,1.0,3.0,6.0,0.5,0.5,1.0,False,0.625,3.0,6.0,0.5,0.5,1.0,False,0.625,8,2,3.0,8,8,6.0,1.2785398406587452,78.21422283444586,75.0,1.7428621732443306,0
2022,RS,AGIR,1,,0.0,True,0,0,0.0,False,0,0.0,False,0,0.0,False,0.0,0.0,,,,True,1.0,0.0,0.0,,,,True,1.0,0.0,0.0,,,,True,1.0,1,0,0.0,1,0,0.0,,,0.0,,1
2022,RS,AVANTE,30,8.430643911280523,2460592.0,False,0,8,0.26666666666666666,False,13,0.43333333333333335,False,8,0.26666666666666666,False,8.0,13.0,0.6153846153846154,1.0,0.6153846153846154,False,0.8333333333333334,8.0,8.0,1.0,1.0,1.0,True,1.0,8.0,13.0,0.6153846153846154,0.6153846153846154,1.0,False,0.8333333333333334,30,0,0.0,30,30,8.0,3.558447055255039,28.102146370935078,26.666666666666668,21.569356088719477,0
2022,RS,CIDADANIA,8,1.1145406947206677,2415643.05,False,1,1,0.125,False,1,0.125,False,1,0.125,False,1.0,1.0,1.0,1.0,1.0,True,1.0,1.0,1.0,1.0,1.0,1.0,True,1.0,1.0,1.0,1.0,1.0,1.0,True,1.0,8,1,1.0,8,8,1.0,7.177844683369774,13.931758684008347,12.5,6.8854593052793325,0
2022,RS,DC,7,1.9218856815688792,150874.46000000002,False,0,2,0.2857142857142857,False,3,0.42857142857142855,False,1,0.14285714285714285,False,2.0,3.0,0.6666666666666666,1.0,0.6666666666666666,False,0.8571428571428572,1.0,2.0,0.5,0.5,1.0,False,0.8571428571428572,1.0,3.0,0.3333333333333333,0.3333333333333333,1.0,False,0.7142857142857143,7,0,0.0,7,6,2.0,3.642256179506858,27.455509736698275,28.571428571428573,5.078114318431121,1
2022,RS,MDB,24,8.38018547701476,14598763.21,False,3,8,0.3333333333333333,False,7,0.2916666666666667,False,6,0.25,False,7.0,8.0,0.875,0.875,1.0,False,0.9583333333333334,6.0,8.0,0.75,0.75,1.0,False,0.9166666666666666,6.0,7.0,0.8571428571428571,0.8571428571428571,1.0,False,0.9583333333333334,24,3,8.0,24,24,8.0,2.8638984263328533,34.917439487561495,33.333333333333336,15.61981452298524,0
2022,RS,NOVO,6,2.471425836397003,365811.78,False,1,2,0.3333333333333333,False,2,0.3333333333333333,False,2,0.3333333333333333,False,2.0,2.0,1.0,1.0,1.0,True,1.0,2.0,2.0,1.0,1.0,1.0,True,1.0,2.0,2.0,1.0,1.0,1.0,True,1.0,6,1,2.0,6,6,2.0,2.427748351432293,41.19043060661672,33.333333333333336,3.528574163602997,0
2022,RS,PATRIOTA,23,18.02977905859751,685000.0,False,0,18,0.782608695652174,True,15,0.6521739130434783,True,12,0.5217391304347826,False,15.000000000000002,17.999999999999996,0.8333333333333336,0.8333333333333335,1.0000000000000002,False,0.8695652173913043,12.0,17.999999999999996,0.6666666666666669,0.6666666666666666,1.0,False,0.7391304347826086,12.0,15.000000000000002,0.7999999999999999,0.8,1.0,False,0.8695652173913043,23,0,0.0,23,22,18.0,1.2756673237785705,78.39034373303264,78.26086956521739,4.970220941402491,1
2022,RS,PC DO B,4,2.4443665628778684,1403560.95,False,1,2,0.5,False,2,0.5,False,2,0.5,False,2.0,2.0,1.0,1.0,1.0,True,1.0,2.0,2.0,1.0,1.0,1.0,True,1.0,2.0,2.0,1.0,1.0,1.0,True,1.0,4,1,1.0,4,4,2.0,1.6364157736189169,61.10916407194671,50.0,1.5556334371221316,0
2022,RS,PCB,2,,0.0,True,0,0,0.0,False,0,0.0,False,0,0.0,False,0.0,0.0,,,,True,1.0,0.0,0.0,,,,True,1.0,0.0,0.0,,,,True,1.0,2,0,0.0,2,0,0.0,,,0.0,,2
2022,RS,PDT,28,5.673693812818795,6902651.14,False,2,6,0.21428571428571427,False,6,0.21428571428571427,False,4,0.14285714285714285,False,6.0,6.0,1.0,1.0,1.0,True,1.0,4.0,6.0,0.6666666666666666,0.6666666666666666,1.0,False,0.9285714285714286,4.0,6.0,0.6666666666666666,0.6666666666666666,1.0,False,0.9285714285714286,28,2,3.0,28,28,6.0,4.935056582845292,20.263192188638552,21.428571428571427,22.326306187181206,0
2022,RS,PL,31,4.67944970206504,9104279.150000002,False,4,5,0.16129032258064516,False,4,0.12903225806451613,False,5,0.16129032258064516,False,4.0,5.0,0.8,0.8,1.0,False,0.967741935483871,5.0,5.0,1.0,1.0,1.0,True,1.0,4.0,5.0,0.8,1.0,0.8,False,0.967741935483871,31,4,7.0,31,25,5.0,6.624710590717474,15.094999038919482,16.129032258064516,26.32055029793496,6
2022,RS,PODE,28,4.661234135138024,5969020.14,False,1,5,0.17857142857142858,False,6,0.21428571428571427,False,5,0.17857142857142858,False,5.0,6.0,0.8333333333333334,1.0,0.8333333333333334,False,0.9642857142857143,5.0,5.0,1.0,1.0,1.0,True,1.0,5.0,6.0,0.8333333333333334,0.8333333333333334,1.0,False,0.9642857142857143,28,1,1.0,28,27,5.0,6.0069928238373915,16.647264768350084,17.857142857142858,23.338765864861976,1
2022,RS,PP,27,5.8145712140222034,10401000.0,False,3,6,0.2222222222222222,False,5,0.18518518518518517,False,5,0.18518518518518517,False,5.0,6.0,0.8333333333333334,0.8333333333333334,1.0,False,0.962962962962963,5.0,6.0,0.8333333333333334,0.8333333333333334,1.0,False,0.962962962962963,5.0,5.0,1.0,1.0,1.0,True,1.0,27,3,7.0,27,26,6.0,4.6435066329375765,21.535448940822974,22.22222222222222,21.1854287859778,1
2022,RS,PROS,3,,0.0,True,0,0,0.0,False,0,0.0,False,0,0.0,False,0.0,0.0,,,,True,1.0,0.0,0.0,,,,True,1.0,0.0,0.0,,,,True,1.0,3,0,0.0,3,0,0.0,,,0.0,,3
2022,RS,PRTB,7,4.515938612023571,105205.7,False,0,5,0.7142857142857143,False,5,0.7142857142857143,False,2,0.2857142857142857,False,5.0,5.0,1.0,1.0,1.0,True,1.0,2.0,5.0,0.4,0.4,1.0,False,0.5714285714285714,2.0,5.0,0.4,0.4,1.0,False,0.5714285714285714,7,0,0.0,7,7,5.0,1.5500653577005408,64.51340874319386,71.42857142857143,2.4840613879764293,0
2022,RS,PSB,23,7.212632236665323,8521000.0,False,1,7,0.30434782608695654,False,11,0.4782608695652174,False,4,0.17391304347826086,False,7.0,11.0,0.6363636363636364,1.0,0.6363636363636364,False,0.8260869565217391,4.0,7.0,0.5714285714285714,0.5714285714285714,1.0,False,0.8695652173913043,4.0,11.0,0.36363636363636365,0.36363636363636365,1.0,False,0.6956521739130435,23,1,3.0,23,23,7.0,3.188849680021088,31.359270594197056,30.434782608695652,15.787367763334677,0
2022,RS,PSC,29,20.547842401500933,740000.0,False,0,21,0.7241379310344828,True,16,0.5517241379310345,True,13,0.4482758620689655,False,15.999999999999998,21.0,0.7619047619047619,0.7619047619047619,0.9999999999999999,False,0.8275862068965517,13.0,21.0,0.6190476190476191,0.6190476190476191,1.0,False,0.7241379310344828,13.0,15.999999999999998,0.8125000000000001,0.8125,1.0,False,0.896551724137931,29,0,1.0,29,26,21.0,1.4113403944485028,70.85462897069287,72.41379310344827,8.452157598499067,3
2022,RS,PSD,28,7.600934886800204,6723380.800000001,False,1,8,0.2857142857142857,False,6,0.21428571428571427,False,5,0.17857142857142858,False,6.0,8.0,0.75,0.75,1.0,False,0.9285714285714286,5.0,8.0,0.625,0.625,1.0,False,0.8928571428571429,5.0,6.0,0.8333333333333334,0.8333333333333334,1.0,False,0.9642857142857143,28,1,5.0,28,28,8.0,3.6837573820853073,27.14619602428644,28.571428571428573,20.399065113199796,0
2022,RS,PSDB,23,7.573606909368637,7480370.98,False,2,8,0.34782608695652173,False,7,0.30434782608695654,False,5,0.21739130434782608,False,7.0,8.0,0.875,0.875,1.0,False,0.9565217391304348,5.0,8.0,0.625,0.625,1.0,False,0.8695652173913043,5.0,7.0,0.7142857142857143,0.7142857142857143,1.0,False,0.9130434782608696,23,2,4.0,23,23,8.0,3.036862128604634,32.92872569290712,34.78260869565217,15.426393090631363,0
2022,RS,PSOL,30,7.5928115280393,5935442.089999999,False,1,8,0.26666666666666666,False,9,0.3,False,9,0.3,False,8.0,9.0,0.8888888888888888,1.0,0.8888888888888888,False,0.9666666666666667,8.0,9.0,0.8888888888888888,1.0,0.8888888888888888,False,0.9666666666666667,9.0,9.0,1.0,1.0,1.0,True,1.0,30,1,2.0,30,30,8.0,3.951105580484089,25.309371760131,26.666666666666668,22.4071884719607,0
2022,RS,PSTU,3,1.6575342465753424,5500.0,False,0,2,0.6666666666666666,False,2,0.6666666666666666,False,1,0.3333333333333333,False,2.0,2.0,1.0,1.0,1.0,True,1.0,1.0,2.0,0.5,0.5,1.0,False,0.6666666666666667,1.0,2.0,0.5,0.5,1.0,False,0.6666666666666667,3,0,0.0,3,2,2.0,1.8099173553719008,55.25114155251142,66.66666666666667,1.3424657534246576,1
2022,RS,PT,25,9.643977992734676,14464366.43,False,6,10,0.4,False,7,0.28,False,8,0.32,False,7.0,10.0,0.7,0.7,1.0,False,0.88,8.0,10.0,0.8,0.8,1.0,False,0.92,7.0,8.0,0.875,1.0,0.875,False,0.96,25,6,7.0,25,25,10.0,2.5922912742888706,38.575911970938705,40.0,15.356022007265324,0
2022,RS,PTB,31,8.195181135764429,5234510.0,False,0,8,0.25806451612903225,False,12,0.3870967741935484,False,7,0.22580645161290322,False,8.0,12.0,0.6666666666666666,1.0,0.6666666666666666,False,0.8709677419354839,7.0,8.0,0.875,0.875,1.0,False,0.967741935483871,7.0,12.0,0.5833333333333334,0.5833333333333334,1.0,False,0.8387096774193549,31,0,5.0,31,30,8.0,3.7827107767897297,26.436068179885254,25.806451612903224,22.80481886423557,1
2022,RS,PV,2,1.993048677905413,531584.0,False,0,2,1.0,False,2,1.0,False,1,0.5,False,2.0,2.0,1.0,1.0,1.0,True,1.0,1.0,2.0,0.5,0.5,1.0,False,0.5,1.0,2.0,0.5,0.5,1.0,False,0.5,2,0,0.0,2,2,2.0,1.003487783400199,99.65243389527065,100.0,0.006951322094586931,0
2022,RS,REDE,2,1.2195121951219512,230000.0,False,0,1,0.5,False,1,0.5,False,1,0.5,False,1.0,1.0,1.0,1.0,1.0,True,1.0,1.0,1.0,1.0,1.0,1.0,True,1.0,1.0,1.0,1.0,1.0,1.0,True,1.0,2,0,0.0,2,2,1.0,1.6400000000000001,60.97560975609756,50.0,0.7804878048780488,0
2022,RS,REPUBLICANOS,32,7.149452145541751,7953634.379999999,False,3,7,0.21875,False,6,0.1875,False,6,0.1875,False,6.0,7.0,0.8571428571428571,0.8571428571428571,1.0,False,0.96875,6.0,7.0,0.8571428571428571,0.8571428571428571,1.0,False,0.96875,6.0,6.0,1.0,1.0,1.0,True,1.0,32,3,7.0,32,32,7.0,4.475867429919722,22.34203795481797,21.875,24.85054785445825,0
2022,RS,SOLIDARIEDADE,25,16.625583194295245,573538.28,False,0,17,0.68,False,13,0.52,False,10,0.4,False,13.0,17.0,0.7647058823529411,0.7647058823529411,1.0,False,0.84,10.0,17.0,0.5882352941176471,0.5882352941176471,1.0,False,0.72,10.0,13.0,0.7692307692307693,0.7692307692307693,1.0,False,0.88,25,0,0.0,25,25,17.0,1.5037066494352076,66.50233277718098,68.0,8.374416805704755,0
2022,RS,UNIAO,28,6.974504114809445,5588794.71,False,1,7,0.25,False,8,0.2857142857142857,False,9,0.32142857142857145,False,7.0,8.0,0.875,1.0,0.875,False,0.9642857142857143,7.0,9.0,0.7777777777777778,1.0,0.7777777777777778,False,0.9285714285714286,8.0,9.0,0.8888888888888888,1.0,0.8888888888888888,False,0.9642857142857143,28,1,3.0,28,25,7.0,4.014622335736482,24.90894326717659,25.0,21.025495885190555,3
2022,RS,UP,2,1.9994258714524231,81379.0,False,0,2,1.0,False,2,1.0,False,1,0.5,False,2.0,2.0,1.0,1.0,1.0,True,1.0,1.0,2.0,0.5,0.5,1.0,False,0.5,1.0,2.0,0.5,0.5,1.0,False,0.5,2,0,0.0,2,2,2.0,1.0002871467033483,99.97129357262115,100.0,0.0005741285475768798,0
2022,SC,AVANTE,12,6.894871858016101,1575000.0,False,0,7,0.5833333333333334,False,6,0.5,False,5,0.4166666666666667,False,6.0,7.0,0.8571428571428571,0.8571428571428571,1.0,False,0.9166666666666666,5.0,7.0,0.7142857142857143,0.7142857142857143,1.0,False,0.8333333333333334,5.0,6.0,0.8333333333333334,0.8333333333333334,1.0,False,0.9166666666666666,12,0,0.0,12,12,7.0,1.740423933484505,57.4572654834675,58.333333333333336,5.105128141983899,0
2022,SC,CIDADANIA,5,1.142737278574453,3030477.7800000003,False,1,1,0.2,False,1,0.2,False,1,0.2,False,1.0,1.0,1.0,1.0,1.0,True,1.0,1.0,1.0,1.0,1.0,1.0,True,1.0,1.0,1.0,1.0,1.0,1.0,True,1.0,5,1,1.0,5,3,1.0,4.375458903587553,22.854745571489058,20.0,3.8572627214255473,2
2022,SC,DC,2,1.8299088311334877,82000.0,False,0,2,1.0,False,2,1.0,False,1,0.5,False,2.0,2.0,1.0,1.0,1.0,True,1.0,1.0,2.0,0.5,0.5,1.0,False,0.5,1.0,2.0,0.5,0.5,1.0,False,0.5,2,0,0.0,2,2,2.0,1.0929506246281975,91.49544155667438,100.0,0.17009116886651232,0
2022,SC,MDB,16,5.263441797591031,6387288.0,False,3,5,0.3125,False,5,0.3125,False,4,0.25,False,5.0,5.0,1.0,1.0,1.0,True,1.0,4.0,5.0,0.8,0.8,1.0,False,0.9375,4.0,5.0,0.8,0.8,1.0,False,0.9375,16,3,4.0,16,16,5.0,3.039836026556401,32.896511234943944,31.25,10.736558202408968,0
2022,SC,NOVO,13,2.5031107604269383,356189.52000000014,False,1,3,0.23076923076923078,False,2,0.15384615384615385,False,2,0.15384615384615385,False,2.0,3.0,0.6666666666666666,0.6666666666666666,1.0,False,0.9230769230769231,2.0,3.0,0.6666666666666666,0.6666666666666666,1.0,False,0.9230769230769231,2.0,2.0,1.0,1.0,1.0,True,1.0,13,1,2.0,13,13,3.0,5.1935376594292935,19.254698157130296,23.076923076923077,10.496889239573061,0
2022,SC,PATRIOTA,16,10.92867798503555,1083500.0,False,0,11,0.6875,False,9,0.5625,True,7,0.4375,False,9.0,11.0,0.8181818181818182,0.8181818181818182,1.0,False,0.875,7.0,11.0,0.6363636363636364,0.6363636363636364,1.0,False,0.75,7.0,9.0,0.7777777777777778,0.7777777777777778,1.0,False,0.875,16,0,5.0,16,15,11.0,1.4640380128235568,68.3042374064722,68.75,5.07132201496445,1
2022,SC,PC DO B,2,1.0273571560055546,555700.0,False,0,1,0.5,False,1,0.5,False,1,0.5,False,1.0,1.0,1.0,1.0,1.0,True,1.0,1.0,1.0,1.0,1.0,1.0,True,1.0,1.0,1.0,1.0,1.0,1.0,True,1.0,2,0,0.0,2,2,1.0,1.9467426574183386,51.367857800277726,50.0,0.9726428439944454,0
2022,SC,PCO,1,1.0,3000.0,False,0,1,1.0,False,1,1.0,False,0,0.0,False,1.0,1.0,1.0,1.0,1.0,True,1.0,0.0,1.0,0.0,0.0,,False,0.0,0.0,1.0,0.0,0.0,,False,0.0,1,0,0.0,1,1,1.0,1.0,100.0,100.0,0.0,0
2022,SC,PDT,12,9.188368247177543,274945.87999999995,False,0,9,0.75,False,7,0.5833333333333334,False,5,0.4166666666666667,False,7.0,9.0,0.7777777777777778,0.7777777777777778,1.0,False,0.8333333333333334,5.0,9.0,0.5555555555555556,0.5555555555555556,1.0,False,0.6666666666666667,5.0,7.0,0.7142857142857143,0.7142857142857143,1.0,False,0.8333333333333334,12,0,1.0,12,12,9.0,1.3059990280304803,76.56973539314619,75.0,2.811631752822457,0
2022,SC,PL,15,4.750930791416097,6723796.28,False,6,5,0.3333333333333333,True,5,0.3333333333333333,True,6,0.4,False,5.0,5.0,1.0,1.0,1.0,True,1.0,5.0,6.0,0.8333333333333334,1.0,0.8333333333333334,False,0.9333333333333333,5.0,6.0,0.8333333333333334,1.0,0.8333333333333334,False,0.9333333333333333,15,6,6.0,15,10,5.0,3.1572760493799974,31.672871942773984,33.333333333333336,10.249069208583903,5
2022,SC,PODE,16,8.265424906714024,6345000.0,False,0,8,0.5,False,7,0.4375,False,6,0.375,False,7.0,8.0,0.875,0.875,1.0,False,0.9375,6.0,8.0,0.75,0.75,1.0,False,0.875,6.0,7.0,0.8571428571428571,0.8571428571428571,1.0,False,0.9375,16,0,2.0,16,15,8.0,1.9357746492867127,51.65890566696265,50.0,7.734575093285976,1
2022,SC,PP,17,4.642227519894069,6725000.0,False,0,5,0.29411764705882354,False,6,0.35294117647058826,False,5,0.29411764705882354,False,5.0,6.0,0.8333333333333334,1.0,0.8333333333333334,False,0.9411764705882353,5.0,5.0,1.0,1.0,1.0,True,1.0,5.0,6.0,0.8333333333333334,0.8333333333333334,1.0,False,0.9411764705882353,17,0,3.0,17,16,5.0,3.6620350741421483,27.30722070525923,29.41176470588235,12.35777248010593,1
2022,SC,PROS,13,,0.0,True,0,0,0.0,False,0,0.0,False,0,0.0,False,0.0,0.0,,,,True,1.0,0.0,0.0,,,,True,1.0,0.0,0.0,,,,True,1.0,13,0,0.0,13,0,0.0,,,0.0,,13
2022,SC,PRTB,3,2.469387755102041,5500.0,False,0,2,0.6666666666666666,False,2,0.6666666666666666,False,1,0.3333333333333333,False,2.0,2.0,1.0,1.0,1.0,True,1.0,1.0,2.0,0.5,0.5,1.0,False,0.6666666666666667,1.0,2.0,0.5,0.5,1.0,False,0.6666666666666667,3,0,0.0,3,3,2.0,1.2148760330578512,82.31292517006804,66.66666666666667,0.5306122448979589,0
2022,SC,PSB,17,6.869027294233329,4368091.67,False,0,7,0.4117647058823529,False,8,0.47058823529411764,False,3,0.17647058823529413,False,7.0,8.0,0.875,1.0,0.875,False,0.9411764705882353,3.0,7.0,0.42857142857142855,0.42857142857142855,1.0,False,0.7647058823529411,3.0,8.0,0.375,0.375,1.0,False,0.7058823529411764,17,0,2.0,17,17,7.0,2.4748773402417257,40.40604290725488,41.1764705882353,10.13097270576667,0
2022,SC,PSC,15,5.635187580853818,660000.0,False,0,6,0.4,False,8,0.5333333333333333,True,5,0.3333333333333333,False,6.0,8.0,0.75,1.0,0.75,False,0.8666666666666667,5.0,6.0,0.8333333333333334,0.8333333333333334,1.0,False,0.9333333333333333,5.0,8.0,0.625,0.625,1.0,False,0.8,15,0,2.0,15,14,6.0,2.6618457300275478,37.56791720569212,40.0,9.364812419146183,1
2022,SC,PSD,13,6.385014983649962,11291400.0,False,2,6,0.46153846153846156,False,5,0.38461538461538464,True,6,0.46153846153846156,False,5.0,6.0,0.8333333333333334,0.8333333333333334,1.0,False,0.9230769230769231,6.0,6.0,1.0,1.0,1.0,True,1.0,5.0,6.0,0.8333333333333334,1.0,0.8333333333333334,False,0.9230769230769231,13,2,6.0,13,13,6.0,2.036017148477953,49.11549987423048,46.15384615384615,6.614985016350038,0
2022,SC,PSDB,9,1.7332358856736134,4229572.53,False,0,2,0.2222222222222222,False,2,0.2222222222222222,False,1,0.1111111111111111,False,2.0,2.0,1.0,1.0,1.0,True,1.0,1.0,2.0,0.5,0.5,1.0,False,0.8888888888888888,1.0,2.0,0.5,0.5,1.0,False,0.8888888888888888,9,0,1.0,9,8,2.0,5.192599619238899,19.258176507484595,22.22222222222222,7.266764114326387,1
2022,SC,PSOL,11,6.1812595560267365,478989.70000000007,False,0,6,0.5454545454545454,False,5,0.45454545454545453,False,4,0.36363636363636365,False,5.0,6.0,0.8333333333333334,0.8333333333333334,1.0,False,0.9090909090909091,4.0,6.0,0.6666666666666666,0.6666666666666666,1.0,False,0.8181818181818181,4.0,5.0,0.8,0.8,1.0,False,0.9090909090909091,11,0,0.0,11,11,6.0,1.7795725774490387,56.193268691152156,54.54545454545455,4.8187404439732635,0
2022,SC,PSTU,1,1.0,3211.0,False,0,1,1.0,False,1,1.0,False,0,0.0,False,1.0,1.0,1.0,1.0,1.0,True,1.0,0.0,1.0,0.0,0.0,,False,0.0,0.0,1.0,0.0,0.0,,False,0.0,1,0,0.0,1,1,1.0,1.0,100.0,100.0,0.0,0
2022,SC,PT,13,5.27034607470836,4846869.390000001,False,2,5,0.38461538461538464,False,6,0.46153846153846156,False,2,0.15384615384615385,False,5.0,6.0,0.8333333333333334,1.0,0.8333333333333334,False,0.9230769230769231,2.0,5.0,0.4,0.4,1.0,False,0.7692307692307692,2.0,6.0,0.3333333333333333,0.3333333333333333,1.0,False,0.6923076923076923,13,2,3.0,13,13,5.0,2.4666311881083383,40.541123651602774,38.46153846153846,7.72965392529164,0
2022,SC,PTB,17,7.741671859585431,1602740.0,False,0,8,0.47058823529411764,True,7,0.4117647058823529,False,6,0.35294117647058826,False,7.0,8.0,0.875,0.875,1.0,False,0.9411764705882353,6.0,8.0,0.75,0.75,1.0,False,0.8823529411764706,6.0,7.0,0.8571428571428571,0.8571428571428571,1.0,False,0.9411764705882353,17,0,3.0,17,17,8.0,2.195908107232842,45.539246232855476,47.05882352941177,9.25832814041457,0
2022,SC,PV,2,1.8142029942693494,699987.7,False,0,2,1.0,False,2,1.0,False,1,0.5,False,2.0,2.0,1.0,1.0,1.0,True,1.0,1.0,2.0,0.5,0.5,1.0,False,0.5,1.0,2.0,0.5,0.5,1.0,False,0.5,2,0,0.0,2,2,2.0,1.1024124677985543,90.71014971346747,100.0,0.1857970057306506,0
2022,SC,REDE,6,5.999942574632343,59917.09,False,0,6,1.0,False,5,0.8333333333333334,False,5,0.8333333333333334,False,5.0,6.0,0.8333333333333334,0.8333333333333334,1.0,False,0.8333333333333334,5.0,6.0,0.8333333333333334,0.8333333333333334,1.0,False,0.8333333333333334,5.0,5.0,1.0,1.0,1.0,True,1.0,6,0,0.0,6,6,6.0,1.0000095709862122,99.99904291053906,100.0,5.74253676566272e-05,0
2022,SC,REPUBLICANOS,16,10.165027661392719,3634520.0100000002,False,0,10,0.625,False,8,0.5,False,7,0.4375,False,8.0,10.0,0.8,0.8,1.0,False,0.875,7.0,10.0,0.7,0.7,1.0,False,0.8125,7.0,8.0,0.875,0.875,1.0,False,0.9375,16,0,3.0,16,16,10.0,1.5740242459711937,63.531422883704494,62.5,5.834972338607281,0
2022,SC,SOLIDARIEDADE,12,2.236383274551557,1683000.0,False,0,2,0.16666666666666666,False,3,0.25,False,2,0.16666666666666666,False,2.0,3.0,0.6666666666666666,1.0,0.6666666666666666,False,0.9166666666666666,2.0,2.0,1.0,1.0,1.0,True,1.0,2.0,3.0,0.6666666666666666,0.6666666666666666,1.0,False,0.9166666666666666,12,0,1.0,12,10,2.0,5.365806539760613,18.636527287929642,16.666666666666668,9.763616725448443,2
2022,SC,UNIAO,16,9.780468573922851,10809416.67,False,1,10,0.625,False,9,0.5625,False,7,0.4375,False,9.0,10.0,0.9,0.9,1.0,False,0.9375,7.0,10.0,0.7,0.7,1.0,False,0.8125,7.0,9.0,0.7777777777777778,0.7777777777777778,1.0,False,0.875,16,1,4.0,16,16,10.0,1.6359134410655904,61.12792858701782,62.5,6.219531426077149,0
2022,SC,UP,1,1.0,44000.0,False,0,1,1.0,False,1,1.0,False,0,0.0,False,1.0,1.0,1.0,1.0,1.0,True,1.0,0.0,1.0,0.0,0.0,,False,0.0,0.0,1.0,0.0,0.0,,False,0.0,1,0,0.0,1,1,1.0,1.0,100.0,100.0,0.0,0
2022,SE,CIDADANIA,5,2.3105421649339006,117290.23,False,0,2,0.4,True,3,0.6,False,1,0.2,False,2.0,3.0,0.6666666666666666,1.0,0.6666666666666666,False,0.8,1.0,2.0,0.5,0.5,1.0,False,0.8,1.0,3.0,0.3333333333333333,0.3333333333333333,1.0,False,0.6,5,0,0.0,5,5,2.0,2.1639942676151245,46.210843298678014,40.0,2.6894578350660994,0
2022,SE,DC,9,8.798918249829024,81056.93,False,0,9,1.0,False,7,0.7777777777777778,False,5,0.5555555555555556,False,7.0,9.0,0.7777777777777778,0.7777777777777778,1.0,False,0.7777777777777778,5.0,9.0,0.5555555555555556,0.5555555555555556,1.0,False,0.5555555555555556,5.0,7.0,0.7142857142857143,0.7142857142857143,1.0,False,0.7777777777777778,9,0,0.0,9,9,9.0,1.0228530081155014,97.76575833143359,100.0,0.2010817501709763,0
2022,SE,MDB,9,,0.0,True,0,0,0.0,False,0,0.0,False,0,0.0,False,0.0,0.0,,,,True,1.0,0.0,0.0,,,,True,1.0,0.0,0.0,,,,True,1.0,9,0,1.0,9,0,0.0,,,0.0,,9
2022,SE,PATRIOTA,8,5.7822765469824295,435000.0,False,0,6,0.75,False,5,0.625,False,3,0.375,False,5.0,6.0,0.8333333333333334,0.8333333333333334,1.0,False,0.875,3.0,6.0,0.5,0.5,1.0,False,0.625,3.0,5.0,0.6,0.6,1.0,False,0.75,8,0,1.0,8,8,6.0,1.3835381159994715,72.27845683728037,75.0,2.2177234530175705,0
2022,SE,PC DO B,2,1.9154901451764283,438000.0,False,0,2,1.0,False,2,1.0,False,1,0.5,False,2.0,2.0,1.0,1.0,1.0,True,1.0,1.0,2.0,0.5,0.5,1.0,False,0.5,1.0,2.0,0.5,0.5,1.0,False,0.5,2,0,0.0,2,2,2.0,1.0441191801672192,95.77450725882142,100.0,0.08450985482357165,0
2022,SE,PDT,9,5.02016222089332,1609574.3699999999,False,0,5,0.5555555555555556,False,5,0.5555555555555556,False,3,0.3333333333333333,False,5.0,5.0,1.0,1.0,1.0,True,1.0,3.0,5.0,0.6,0.6,1.0,False,0.7777777777777778,3.0,5.0,0.6,0.6,1.0,False,0.7777777777777778,9,0,0.0,9,9,5.0,1.7927707520173486,55.77958023214799,55.55555555555556,3.9798377791066804,0
2022,SE,PL,7,3.435184594044006,2176000.0,False,1,3,0.42857142857142855,False,3,0.42857142857142855,False,2,0.2857142857142857,False,3.0,3.0,1.0,1.0,1.0,True,1.0,2.0,3.0,0.6666666666666666,0.6666666666666666,1.0,False,0.8571428571428572,2.0,3.0,0.6666666666666666,0.6666666666666666,1.0,False,0.8571428571428572,7,1,2.0,7,7,3.0,2.0377361997188577,49.074065629200085,42.857142857142854,3.564815405955994,0
2022,SE,PMN,8,7.23365269303101,212699.06,False,0,7,0.875,False,6,0.75,False,3,0.375,False,6.0,7.0,0.8571428571428571,0.8571428571428571,1.0,False,0.875,3.0,7.0,0.42857142857142855,0.42857142857142855,1.0,False,0.5,3.0,6.0,0.5,0.5,1.0,False,0.625,8,0,0.0,8,8,7.0,1.105941954844929,90.42065866288762,87.5,0.7663473069689903,0
2022,SE,PODE,7,1.0451947619351767,2274000.0,False,0,1,0.14285714285714285,False,1,0.14285714285714285,False,1,0.14285714285714285,False,1.0,1.0,1.0,1.0,1.0,True,1.0,1.0,1.0,1.0,1.0,1.0,True,1.0,1.0,1.0,1.0,1.0,1.0,True,1.0,7,0,0.0,7,3,1.0,6.697316380575338,14.931353741931096,14.285714285714286,5.954805238064823,4
2022,SE,PP,9,6.747696421533658,5815000.0,False,1,7,0.7777777777777778,False,6,0.6666666666666666,False,1,0.1111111111111111,False,6.0,7.0,0.8571428571428571,0.8571428571428571,1.0,False,0.8888888888888888,1.0,7.0,0.14285714285714285,0.14285714285714285,1.0,False,0.33333333333333337,1.0,6.0,0.16666666666666666,0.16666666666666666,1.0,False,0.4444444444444444,9,1,3.0,9,9,7.0,1.3337885165193049,74.9744046837073,77.77777777777777,2.252303578466342,0
2022,SE,PROS,5,,0.0,True,0,0,0.0,False,0,0.0,False,0,0.0,False,0.0,0.0,,,,True,1.0,0.0,0.0,,,,True,1.0,0.0,0.0,,,,True,1.0,5,0,0.0,5,0,0.0,,,0.0,,5
2022,SE,PSB,9,2.8682305160344854,52950.0,False,0,3,0.3333333333333333,False,3,0.3333333333333333,False,3,0.3333333333333333,False,3.0,3.0,1.0,1.0,1.0,True,1.0,3.0,3.0,1.0,1.0,1.0,True,1.0,3.0,3.0,1.0,1.0,1.0,True,1.0,9,0,0.0,9,3,3.0,3.1378231106902397,31.86922795593873,33.333333333333336,6.131769483965515,6
2022,SE,PSD,9,4.311710092202146,7492830.37,False,2,4,0.4444444444444444,False,3,0.3333333333333333,False,3,0.3333333333333333,False,3.0,4.0,0.75,0.75,1.0,False,0.8888888888888888,3.0,4.0,0.75,0.75,1.0,False,0.8888888888888888,3.0,3.0,1.0,1.0,1.0,True,1.0,9,2,5.0,9,9,4.0,2.0873388533883026,47.90788991335718,44.44444444444444,4.688289907797854,0
2022,SE,PSDB,4,2.172965278867398,481200.0,False,0,2,0.5,False,2,0.5,False,1,0.25,False,2.0,2.0,1.0,1.0,1.0,True,1.0,1.0,2.0,0.5,0.5,1.0,False,0.75,1.0,2.0,0.5,0.5,1.0,False,0.75,4,0,0.0,4,4,2.0,1.840802537850442,54.32413197168495,50.0,1.827034721132602,0
2022,SE,PSOL,7,4.381563951663064,240105.72999999998,False,0,4,0.5714285714285714,True,5,0.7142857142857143,True,2,0.2857142857142857,False,4.0,5.0,0.8,1.0,0.8,False,0.8571428571428572,2.0,4.0,0.5,0.5,1.0,False,0.7142857142857143,2.0,5.0,0.4,0.4,1.0,False,0.5714285714285715,7,0,0.0,7,7,4.0,1.597603065303448,62.593770738043766,57.142857142857146,2.618436048336936,0
2022,SE,PT,5,2.4291094380392426,3057447.55,False,1,2,0.4,False,2,0.4,False,2,0.4,False,2.0,2.0,1.0,1.0,1.0,True,1.0,2.0,2.0,1.0,1.0,1.0,True,1.0,2.0,2.0,1.0,1.0,1.0,True,1.0,5,1,2.0,5,5,2.0,2.058367532438538,48.58218876078485,40.0,2.5708905619607574,0
2022,SE,PTB,9,,0.0,True,0,0,0.0,False,0,0.0,False,0,0.0,False,0.0,0.0,,,,True,1.0,0.0,0.0,,,,True,1.0,0.0,0.0,,,,True,1.0,9,0,0.0,9,0,0.0,,,0.0,,9
2022,SE,PV,2,1.921624581363378,266777.1,False,0,2,1.0,False,2,1.0,False,1,0.5,False,2.0,2.0,1.0,1.0,1.0,True,1.0,1.0,2.0,0.5,0.5,1.0,False,0.5,1.0,2.0,0.5,0.5,1.0,False,0.5,2,0,0.0,2,2,2.0,1.040786020014906,96.08122906816891,100.0,0.0783754186366219,0
2022,SE,REDE,1,1.0,101404.18,False,0,1,1.0,False,1,1.0,False,0,0.0,False,1.0,1.0,1.0,1.0,1.0,True,1.0,0.0,1.0,0.0,0.0,,False,0.0,0.0,1.0,0.0,0.0,,False,0.0,1,0,0.0,1,1,1.0,1.0,100.0,100.0,0.0,0
2022,SE,REPUBLICANOS,9,5.460996428371688,6127989.800000001,False,1,5,0.5555555555555556,False,5,0.5555555555555556,False,4,0.4444444444444444,False,5.0,5.0,1.0,1.0,1.0,True,1.0,4.0,5.0,0.8,0.8,1.0,False,0.8888888888888888,4.0,5.0,0.8,0.8,1.0,False,0.8888888888888888,9,1,3.0,9,9,5.0,1.648050885593335,60.67773809301876,55.55555555555556,3.539003571628312,0
2022,SE,SOLIDARIEDADE,4,3.7029516432907683,66500.0,False,0,4,1.0,False,3,0.75,False,1,0.25,False,3.0,4.0,0.75,0.75,1.0,False,0.75,1.0,4.0,0.25,0.25,1.0,False,0.25,1.0,3.0,0.3333333333333333,0.3333333333333333,1.0,False,0.5,4,0,0.0,4,4,4.0,1.0802193453558708,92.57379108226921,100.0,0.2970483567092317,0
2022,SE,UNIAO,9,6.167839670842194,11768930.15,False,2,6,0.6666666666666666,False,6,0.6666666666666666,False,3,0.3333333333333333,False,6.0,6.0,1.0,1.0,1.0,True,1.0,3.0,6.0,0.5,0.5,1.0,False,0.6666666666666667,3.0,6.0,0.5,0.5,1.0,False,0.6666666666666667,9,2,4.0,9,9,6.0,1.459181898411942,68.5315518982466,66.66666666666667,2.832160329157806,0
2022,SE,UP,2,1.943214919847855,16411.7,False,0,2,1.0,False,2,1.0,False,1,0.5,False,2.0,2.0,1.0,1.0,1.0,True,1.0,1.0,2.0,0.5,0.5,1.0,False,0.5,1.0,2.0,0.5,0.5,1.0,False,0.5,2,0,0.0,2,2,2.0,1.0292222335121795,97.16074599239275,100.0,0.05678508015214501,0
2022,SP,AGIR,68,2.019685434791139,2217124.15,False,0,2,0.029411764705882353,False,5,0.07352941176470588,False,5,0.07352941176470588,False,2.0,5.0,0.4,1.0,0.4,False,0.9558823529411765,2.0,5.0,0.4,1.0,0.4,False,0.9558823529411765,5.0,5.0,1.0,1.0,1.0,True,1.0,68,0,0.0,68,43,2.0,33.66860939264637,2.9701256393987343,2.9411764705882355,65.98031456520886,25
2022,SP,AVANTE,70,11.334186369991153,12359402.26,False,0,11,0.15714285714285714,False,11,0.15714285714285714,False,14,0.2,False,11.0,11.0,1.0,1.0,1.0,True,1.0,11.0,14.0,0.7857142857142857,1.0,0.7857142857142857,False,0.9571428571428572,11.0,14.0,0.7857142857142857,1.0,0.7857142857142857,False,0.9571428571428572,70,0,3.0,70,66,11.0,6.1760057330038975,16.191694814273074,15.714285714285714,58.66581363000885,4
2022,SP,CIDADANIA,9,4.324876372363424,10281341.82,False,2,4,0.4444444444444444,False,4,0.4444444444444444,False,4,0.4444444444444444,False,4.0,4.0,1.0,1.0,1.0,True,1.0,4.0,4.0,1.0,1.0,1.0,True,1.0,4.0,4.0,1.0,1.0,1.0,True,1.0,9,2,3.0,9,7,4.0,2.080984339231355,48.05418191514916,44.44444444444444,4.675123627636576,2
2022,SP,DC,16,14.690603817700687,163459.46000000002,False,0,15,0.9375,False,12,0.75,True,9,0.5625,False,12.0,15.0,0.8,0.8,1.0,False,0.8125,9.0,15.0,0.6,0.6,1.0,False,0.625,9.0,12.0,0.75,0.75,1.0,False,0.8125,16,0,0.0,16,16,15.0,1.0891315427567125,91.8162738606293,93.75,1.309396182299313,0
2022,SP,MDB,66,21.06255045356453,26534000.0,False,5,21,0.3181818181818182,False,20,0.30303030303030304,True,19,0.2878787878787879,False,20.0,21.0,0.9523809523809523,0.9523809523809523,1.0,False,0.9848484848484849,19.0,21.0,0.9047619047619048,0.9047619047619048,1.0,False,0.9696969696969697,19.0,20.0,0.95,0.95,1.0,False,0.9848484848484849,66,5,10.0,66,61,21.0,3.133523651160226,31.912955232673532,31.818181818181817,44.937449546435474,5
2022,SP,NOVO,56,7.609844251788944,229437.47999999998,False,1,8,0.14285714285714285,True,20,0.35714285714285715,True,4,0.07142857142857142,False,8.0,20.0,0.4,1.0,0.4,False,0.7857142857142857,4.0,8.0,0.5,0.5,1.0,False,0.9285714285714286,4.0,20.0,0.2,0.2,1.0,False,0.7142857142857143,56,1,3.0,55,56,8.0,7.35888911088231,13.589007592480257,14.285714285714286,48.39015574821106,0
2022,SP,PATRIOTA,70,31.80544177706546,10566186.01,False,0,32,0.45714285714285713,True,30,0.42857142857142855,False,21,0.3,False,30.0,32.0,0.9375,0.9375,1.0,False,0.9714285714285714,21.0,32.0,0.65625,0.65625,1.0,False,0.8428571428571429,21.0,30.0,0.7,0.7,1.0,False,0.8714285714285714,70,0,5.0,70,70,32.0,2.2008812356908116,45.436345395807805,45.714285714285715,38.19455822293454,0
2022,SP,PC DO B,2,1.9905086064728459,4515834.45,False,0,2,1.0,False,2,1.0,False,1,0.5,False,2.0,2.0,1.0,1.0,1.0,True,1.0,1.0,2.0,0.5,0.5,1.0,False,0.5,1.0,2.0,0.5,0.5,1.0,False,0.5,2,0,2.0,2,2,2.0,1.0047683257918552,99.5254303236423,100.0,0.009491393527154113,0
2022,SP,PCB,9,,0.0,True,0,0,0.0,False,0,0.0,False,0,0.0,False,0.0,0.0,,,,True,1.0,0.0,0.0,,,,True,1.0,0.0,0.0,,,,True,1.0,9,0,0.0,9,0,0.0,,,0.0,,9
2022,SP,PCO,9,9.0,107769.24,False,0,9,1.0,False,8,0.8888888888888888,True,0,0.0,False,8.0,9.0,0.8888888888888888,0.8888888888888888,1.0,False,0.8888888888888888,0.0,9.0,0.0,0.0,,False,0.0,0.0,8.0,0.0,0.0,,False,0.11111111111111116,9,0,0.0,9,9,9.0,1.0,100.0,100.0,0.0,0
2022,SP,PDT,45,6.476260108899745,4940500.0,False,0,6,0.13333333333333333,True,10,0.2222222222222222,True,7,0.15555555555555556,False,6.0,10.0,0.6,1.0,0.6,False,0.9111111111111111,6.0,7.0,0.8571428571428571,1.0,0.8571428571428571,False,0.9777777777777777,7.0,10.0,0.7,0.7,1.0,False,0.9333333333333333,45,0,0.0,45,43,6.0,6.948454701218767,14.391689130888322,13.333333333333334,38.523739891100256,2
2022,SP,PL,70,23.132084703147232,32111847.799999997,False,17,23,0.32857142857142857,False,27,0.38571428571428573,True,26,0.37142857142857144,False,23.0,27.0,0.8518518518518519,1.0,0.8518518518518519,False,0.9428571428571428,23.0,26.0,0.8846153846153846,1.0,0.8846153846153846,False,0.9571428571428572,26.0,27.0,0.9629629629629629,0.9629629629629629,1.0,False,0.9857142857142858,70,17,25.0,70,69,23.0,3.026099934282022,33.045835290210334,32.857142857142854,46.86791529685277,1
2022,SP,PMB,26,,0.0,True,0,0,0.0,False,0,0.0,False,0,0.0,False,0.0,0.0,,,,True,1.0,0.0,0.0,,,,True,1.0,0.0,0.0,,,,True,1.0,26,0,0.0,26,0,0.0,,,0.0,,26
2022,SP,PMN,47,12.56787678767877,1195000.0,False,0,13,0.2765957446808511,True,24,0.5106382978723404,True,16,0.3404255319148936,False,13.0,24.0,0.5416666666666666,1.0,0.5416666666666666,False,0.7659574468085106,13.0,16.0,0.8125,1.0,0.8125,False,0.9361702127659575,16.0,24.0,0.6666666666666666,0.6666666666666666,1.0,False,0.8297872340425532,47,0,0.0,47,37,13.0,3.7396929325466983,26.740163378039934,27.659574468085108,34.43212321232123,10
2022,SP,PODE,71,21.799049782426085,23076447.61,False,3,22,0.30985915492957744,False,28,0.39436619718309857,True,19,0.2676056338028169,False,22.0,28.0,0.7857142857142857,1.0,0.7857142857142857,False,0.9154929577464789,19.0,22.0,0.8636363636363636,0.8636363636363636,1.0,False,0.9577464788732395,19.0,28.0,0.6785714285714286,0.6785714285714286,1.0,False,0.8732394366197183,71,3,8.0,71,68,22.0,3.257022700927021,30.70288701750153,30.985915492957748,49.20095021757392,3
2022,SP,PP,65,8.427784064879944,16092000.0,False,4,8,0.12307692307692308,False,7,0.1076923076923077,True,9,0.13846153846153847,False,7.0,8.0,0.875,0.875,1.0,False,0.9846153846153847,8.0,9.0,0.8888888888888888,1.0,0.8888888888888888,False,0.9846153846153847,7.0,9.0,0.7777777777777778,1.0,0.7777777777777778,False,0.9692307692307692,65,4,4.0,65,36,8.0,7.712584885849937,12.965821638276838,12.307692307692308,56.572215935120056,29
2022,SP,PROS,59,7.32872332658292,6905000.0,False,0,7,0.11864406779661017,False,8,0.13559322033898305,False,10,0.1694915254237288,False,7.0,8.0,0.875,1.0,0.875,False,0.9830508474576272,7.0,10.0,0.7,1.0,0.7,False,0.9491525423728814,8.0,10.0,0.8,1.0,0.8,False,0.9661016949152542,59,0,1.0,59,26,7.0,8.05051539959133,12.421564960310032,11.864406779661017,51.67127667341708,33
2022,SP,PRTB,59,30.09952305116875,255025.21999999997,False,0,30,0.5084745762711864,True,39,0.6610169491525424,True,14,0.23728813559322035,False,30.0,39.00000000000001,0.769230769230769,1.0,0.7692307692307693,False,0.8474576271186441,14.0,30.0,0.4666666666666667,0.4666666666666667,1.0,False,0.728813559322034,14.0,39.00000000000001,0.3589743589743589,0.358974358974359,1.0,False,0.576271186440678,59,0,0.0,59,57,30.0,1.9601639500965136,51.01614076469279,50.847457627118644,28.90047694883125,2
2022,SP,PSB,67,11.379591115316131,12795616.929999996,False,2,11,0.16417910447761194,False,25,0.373134328358209,True,12,0.1791044776119403,False,11.0,25.0,0.44,1.0,0.44,False,0.791044776119403,11.0,12.0,0.9166666666666666,1.0,0.9166666666666666,False,0.9850746268656716,12.0,25.0,0.48,0.48,1.0,False,0.8059701492537313,67,2,7.0,67,66,11.0,5.887733515295,16.984464351218108,16.417910447761194,55.62040888468387,1
2022,SP,PSC,59,7.925251170094371,3605000.0,False,1,8,0.13559322033898305,False,18,0.3050847457627119,True,10,0.1694915254237288,False,8.0,18.0,0.4444444444444444,1.0,0.4444444444444444,False,0.8305084745762712,8.0,10.0,0.8,1.0,0.8,False,0.9661016949152542,10.0,18.0,0.5555555555555556,0.5555555555555556,1.0,False,0.864406779661017,59,1,3.0,59,55,8.0,7.444559009389408,13.432629101854864,13.559322033898304,51.07474882990563,4
2022,SP,PSD,48,17.67720032598977,20125932.42,False,3,18,0.375,False,15,0.3125,False,14,0.2916666666666667,False,15.0,18.0,0.8333333333333334,0.8333333333333334,1.0,False,0.9375,14.0,18.0,0.7777777777777778,0.7777777777777778,1.0,False,0.9166666666666666,14.0,15.0,0.9333333333333333,0.9333333333333333,1.0,False,0.9791666666666666,48,3,8.0,48,48,18.0,2.715362111353593,36.82750067914535,37.5,30.32279967401023,0
2022,SP,PSDB,43,13.314037165521773,29717086.769999996,False,3,13,0.3023255813953488,False,10,0.23255813953488372,False,12,0.27906976744186046,False,10.0,13.0,0.7692307692307693,0.7692307692307693,1.0,False,0.9302325581395349,12.0,13.0,0.9230769230769231,0.9230769230769231,1.0,False,0.9767441860465116,10.0,12.0,0.8333333333333334,1.0,0.8333333333333334,False,0.9534883720930233,43,3,9.0,43,43,13.0,3.2296740248970788,30.9628771291204,30.232558139534884,29.685962834478225,0
2022,SP,PSOL,38,11.854167858856371,15160151.219999999,False,5,12,0.3157894736842105,False,10,0.2631578947368421,False,10,0.2631578947368421,False,10.0,12.0,0.8333333333333334,0.8333333333333334,1.0,False,0.9473684210526316,10.0,12.0,0.8333333333333334,0.8333333333333334,1.0,False,0.9473684210526316,10.0,10.0,1.0,1.0,1.0,True,1.0,38,5,4.0,38,37,12.0,3.205623579187788,31.19517857593782,31.57894736842105,26.14583214114363,1
2022,SP,PSTU,9,3.0880109824361606,119022.5,False,0,3,0.3333333333333333,False,3,0.3333333333333333,False,2,0.2222222222222222,False,3.0,3.0,1.0,1.0,1.0,True,1.0,2.0,3.0,0.6666666666666666,0.6666666666666666,1.0,False,0.8888888888888888,2.0,3.0,0.6666666666666666,0.6666666666666666,1.0,False,0.8888888888888888,9,0,0.0,9,7,3.0,2.9144974066445246,34.31123313817957,33.333333333333336,5.911989017563839,2
2022,SP,PT,57,28.26967840189715,43612722.54,False,11,28,0.49122807017543857,False,21,0.3684210526315789,False,23,0.40350877192982454,False,21.0,28.0,0.75,0.75,1.0,False,0.8771929824561404,23.0,28.0,0.8214285714285714,0.8214285714285714,1.0,False,0.9122807017543859,21.0,23.0,0.9130434782608695,1.0,0.9130434782608695,False,0.9649122807017544,57,11,16.0,57,56,28.0,2.016294603343446,49.59592702087219,49.12280701754386,28.73032159810285,1
2022,SP,PTB,70,5.310698423047312,8881863.23,False,0,5,0.07142857142857142,False,8,0.11428571428571428,False,6,0.08571428571428572,False,5.0,8.0,0.625,1.0,0.625,False,0.9571428571428572,5.0,6.0,0.8333333333333334,1.0,0.8333333333333334,False,0.9857142857142858,6.0,8.0,0.75,0.75,1.0,False,0.9714285714285714,70,0,2.0,70,67,5.0,13.180940513627124,7.586712032924732,7.142857142857143,64.68930157695269,3
2022,SP,PV,11,3.605065089513666,4955008.2,False,0,4,0.36363636363636365,False,3,0.2727272727272727,False,2,0.18181818181818182,False,3.0,4.0,0.75,0.75,1.0,False,0.9090909090909091,2.0,4.0,0.5,0.5,1.0,False,0.8181818181818181,2.0,3.0,0.6666666666666666,0.6666666666666666,1.0,False,0.9090909090909091,11,0,1.0,11,10,4.0,3.0512625228311574,32.773318995578784,36.36363636363637,7.3949349104863344,1
2022,SP,REDE,21,2.838372834155238,4922796.12,False,1,3,0.14285714285714285,False,3,0.14285714285714285,False,4,0.19047619047619047,False,3.0,3.0,1.0,1.0,1.0,True,1.0,3.0,4.0,0.75,1.0,0.75,False,0.9523809523809523,3.0,4.0,0.75,1.0,0.75,False,0.9523809523809523,21,1,1.0,21,20,3.0,7.398605196364226,13.516061115024943,14.285714285714286,18.161627165844763,1
2022,SP,REPUBLICANOS,68,19.187239077710334,33628013.620000005,False,5,19,0.27941176470588236,False,15,0.22058823529411764,True,18,0.2647058823529412,False,15.0,19.0,0.7894736842105263,0.7894736842105263,1.0,False,0.9411764705882353,18.0,19.0,0.9473684210526315,0.9473684210526315,1.0,False,0.9852941176470589,15.0,18.0,0.8333333333333334,1.0,0.8333333333333334,False,0.9558823529411765,68,5,15.0,68,68,19.0,3.5440221349508834,28.216528055456376,27.941176470588236,48.81276092228967,0
2022,SP,SOLIDARIEDADE,54,15.303993633062348,14824120.840000004,False,1,15,0.2777777777777778,False,17,0.3148148148148148,False,12,0.2222222222222222,False,15.0,17.0,0.8823529411764706,1.0,0.8823529411764706,False,0.962962962962963,12.0,15.0,0.8,0.8,1.0,False,0.9444444444444444,12.0,17.0,0.7058823529411765,0.7058823529411765,1.0,False,0.9074074074074074,54,1,3.0,54,54,15.0,3.528490751808718,28.34072895011546,27.77777777777778,38.69600636693765,0
2022,SP,UNIAO,66,37.6766117799526,72415441.9,False,6,38,0.5757575757575758,False,29,0.4393939393939394,False,23,0.3484848484848485,False,29.0,38.0,0.7631578947368421,0.7631578947368421,1.0,False,0.8636363636363636,23.0,38.0,0.6052631578947368,0.6052631578947368,1.0,False,0.7727272727272727,23.0,29.0,0.7931034482758621,0.7931034482758621,1.0,False,0.9090909090909091,66,6,14.0,66,66,38.0,1.751749875638181,57.085775424170606,57.57575757575758,28.3233882200474,0
2022,SP,UP,1,1.0,27830.0,False,0,1,1.0,False,1,1.0,False,0,0.0,False,1.0,1.0,1.0,1.0,1.0,True,1.0,0.0,1.0,0.0,0.0,,False,0.0,0.0,1.0,0.0,0.0,,False,0.0,1,0,0.0,1,1,1.0,1.0,100.0,100.0,0.0,0
2022,TO,AVANTE,9,6.602911164517597,2669622.0,False,0,7,0.7777777777777778,False,6,0.6666666666666666,False,5,0.5555555555555556,False,6.0,7.0,0.8571428571428571,0.8571428571428571,1.0,False,0.8888888888888888,5.0,7.0,0.7142857142857143,0.7142857142857143,1.0,False,0.7777777777777778,5.0,6.0,0.8333333333333334,0.8333333333333334,1.0,False,0.8888888888888888,9,0,0.0,9,9,7.0,1.3630351485514092,73.36567960575107,77.77777777777777,2.3970888354824034,0
2022,TO,CIDADANIA,2,1.5439620576431958,92000.0,False,0,2,1.0,False,2,1.0,False,1,0.5,False,2.0,2.0,1.0,1.0,1.0,True,1.0,1.0,2.0,0.5,0.5,1.0,False,0.5,1.0,2.0,0.5,0.5,1.0,False,0.5,2,0,0.0,2,2,2.0,1.2953686200378072,77.19810288215979,100.0,0.45603794235680417,0
2022,TO,DC,8,5.826186541346997,132266.6,False,0,6,0.75,True,6,0.75,True,2,0.25,False,6.0,6.0,1.0,1.0,1.0,True,1.0,2.0,6.0,0.3333333333333333,0.3333333333333333,1.0,False,0.5,2.0,6.0,0.3333333333333333,0.3333333333333333,1.0,False,0.5,8,0,0.0,8,8,6.0,1.3731108578872284,72.82733176683746,75.0,2.1738134586530027,0
2022,TO,MDB,8,2.845022312628005,4515000.0,False,0,3,0.375,True,4,0.5,False,2,0.25,False,3.0,4.0,0.75,1.0,0.75,False,0.875,2.0,3.0,0.6666666666666666,0.6666666666666666,1.0,False,0.875,2.0,4.0,0.5,0.5,1.0,False,0.75,8,0,2.0,8,8,3.0,2.8119287376028477,35.56277890785006,37.5,5.154977687371995,0
2022,TO,PATRIOTA,9,3.3679417122040074,430000.0,False,0,3,0.3333333333333333,False,3,0.3333333333333333,False,3,0.3333333333333333,False,3.0,3.0,1.0,1.0,1.0,True,1.0,3.0,3.0,1.0,1.0,1.0,True,1.0,3.0,3.0,1.0,1.0,1.0,True,1.0,9,0,0.0,9,5,3.0,2.6722552731206055,37.42157458004453,33.333333333333336,5.632058287795992,4
2022,TO,PC DO B,2,1.5198801522390475,274000.0,False,0,2,1.0,False,2,1.0,False,1,0.5,False,2.0,2.0,1.0,1.0,1.0,True,1.0,1.0,2.0,0.5,0.5,1.0,False,0.5,1.0,2.0,0.5,0.5,1.0,False,0.5,2,0,1.0,2,2,2.0,1.3158932281954288,75.99400761195237,100.0,0.4801198477609525,0
2022,TO,PDT,6,3.8360142918711633,441591.80000000005,False,0,4,0.6666666666666666,False,4,0.6666666666666666,False,1,0.16666666666666666,False,4.0,4.0,1.0,1.0,1.0,True,1.0,1.0,4.0,0.25,0.25,1.0,False,0.5,1.0,4.0,0.25,0.25,1.0,False,0.5,6,0,0.0,6,6,4.0,1.5641234738657008,63.933571531186054,66.66666666666667,2.1639857081288367,0
2022,TO,PL,9,3.7271515666813793,4306960.0,False,2,4,0.4444444444444444,False,4,0.4444444444444444,False,4,0.4444444444444444,False,4.0,4.0,1.0,1.0,1.0,True,1.0,4.0,4.0,1.0,1.0,1.0,True,1.0,4.0,4.0,1.0,1.0,1.0,True,1.0,9,2,4.0,9,9,4.0,2.414712640198186,41.412795185348656,44.44444444444444,5.272848433318621,0
2022,TO,PMB,2,,0.0,True,0,0,0.0,False,0,0.0,False,0,0.0,False,0.0,0.0,,,,True,1.0,0.0,0.0,,,,True,1.0,0.0,0.0,,,,True,1.0,2,0,0.0,2,0,0.0,,,0.0,,2
2022,TO,PODE,9,6.136271065059725,9921521.0,False,0,6,0.6666666666666666,False,6,0.6666666666666666,False,2,0.2222222222222222,False,6.0,6.0,1.0,1.0,1.0,True,1.0,2.0,6.0,0.3333333333333333,0.3333333333333333,1.0,False,0.5555555555555556,2.0,6.0,0.3333333333333333,0.3333333333333333,1.0,False,0.5555555555555556,9,0,2.0,9,9,6.0,1.4666887926849432,68.18078961177473,66.66666666666667,2.8637289349402746,0
2022,TO,PP,9,5.856989852816148,10300000.0,False,2,6,0.6666666666666666,False,5,0.5555555555555556,False,2,0.2222222222222222,False,5.0,6.0,0.8333333333333334,0.8333333333333334,1.0,False,0.8888888888888888,2.0,6.0,0.3333333333333333,0.3333333333333333,1.0,False,0.5555555555555556,2.0,5.0,0.4,0.4,1.0,False,0.6666666666666667,9,2,3.0,9,9,6.0,1.536625506645301,65.07766503129054,66.66666666666667,3.143010147183852,0
2022,TO,PRTB,4,1.071961901320999,32620.59,False,0,1,0.25,False,1,0.25,False,1,0.25,False,1.0,1.0,1.0,1.0,1.0,True,1.0,1.0,1.0,1.0,1.0,1.0,True,1.0,1.0,1.0,1.0,1.0,1.0,True,1.0,4,0,0.0,4,4,1.0,3.7314758995359103,26.79904753302498,25.0,2.928038098679001,0
2022,TO,PSB,8,5.807726693939476,2315000.0,False,0,6,0.75,False,5,0.625,False,3,0.375,False,5.0,6.0,0.8333333333333334,0.8333333333333334,1.0,False,0.875,3.0,6.0,0.5,0.5,1.0,False,0.625,3.0,5.0,0.6,0.6,1.0,False,0.75,8,0,0.0,8,7,6.0,1.377475287938088,72.59658367424345,75.0,2.1922733060605237,1
2022,TO,PSC,9,1.8910627205203954,3102154.71,False,0,2,0.2222222222222222,False,2,0.2222222222222222,False,1,0.1111111111111111,False,2.0,2.0,1.0,1.0,1.0,True,1.0,1.0,2.0,0.5,0.5,1.0,False,0.8888888888888888,1.0,2.0,0.5,0.5,1.0,False,0.8888888888888888,9,0,2.0,9,9,2.0,4.759228714277293,21.01180800578217,22.22222222222222,7.108937279479605,0
2022,TO,PSD,9,5.313126440478105,4165000.0,False,0,5,0.5555555555555556,False,5,0.5555555555555556,False,4,0.4444444444444444,False,5.0,5.0,1.0,1.0,1.0,True,1.0,4.0,5.0,0.8,0.8,1.0,False,0.8888888888888888,4.0,5.0,0.8,0.8,1.0,False,0.8888888888888888,9,0,0.0,9,9,5.0,1.693917903295772,59.034738227534504,55.55555555555556,3.686873559521895,0
2022,TO,PSDB,5,4.614406779661017,3300000.0,False,0,5,1.0,False,4,0.8,False,3,0.6,False,4.0,5.0,0.8,0.8,1.0,False,0.8,3.0,5.0,0.6,0.6,1.0,False,0.6,3.0,4.0,0.75,0.75,1.0,False,0.8,5,0,1.0,5,5,5.0,1.08356290174472,92.28813559322035,100.0,0.3855932203389827,0
2022,TO,PSOL,3,2.862453169524193,180806.15000000002,False,0,3,1.0,False,3,1.0,False,2,0.6666666666666666,False,3.0,3.0,1.0,1.0,1.0,True,1.0,2.0,3.0,0.6666666666666666,0.6666666666666666,1.0,False,0.6666666666666667,2.0,3.0,0.6666666666666666,0.6666666666666666,1.0,False,0.6666666666666667,3,0,0.0,3,3,3.0,1.0480520806209979,95.41510565080642,100.0,0.13754683047580718,0
2022,TO,PT,5,2.8332756786319373,3577269.26,False,0,3,0.6,False,3,0.6,False,2,0.4,False,3.0,3.0,1.0,1.0,1.0,True,1.0,2.0,3.0,0.6666666666666666,0.6666666666666666,1.0,False,0.8,2.0,3.0,0.6666666666666666,0.6666666666666666,1.0,False,0.8,5,0,2.0,5,5,3.0,1.764741792586268,56.665513572638744,60.0,2.1667243213680627,0
2022,TO,PTB,9,6.158778550572951,2593322.3200000003,False,0,6,0.6666666666666666,False,6,0.6666666666666666,False,1,0.1111111111111111,False,6.0,6.0,1.0,1.0,1.0,True,1.0,1.0,6.0,0.16666666666666666,0.16666666666666666,1.0,False,0.4444444444444444,1.0,6.0,0.16666666666666666,0.16666666666666666,1.0,False,0.4444444444444444,9,0,2.0,9,9,6.0,1.4613287238851493,68.4308727841439,66.66666666666667,2.8412214494270494,0
2022,TO,PV,2,1.3845784601230398,59997.399999999994,False,0,1,0.5,False,1,0.5,False,1,0.5,False,1.0,1.0,1.0,1.0,1.0,True,1.0,1.0,1.0,1.0,1.0,1.0,True,1.0,1.0,1.0,1.0,1.0,1.0,True,1.0,2,0,0.0,2,2,1.0,1.4444829654668117,69.22892300615199,50.0,0.6154215398769602,0
2022,TO,REDE,2,2.0,100000.0,False,0,2,1.0,False,2,1.0,False,0,0.0,False,2.0,2.0,1.0,1.0,1.0,True,1.0,0.0,2.0,0.0,0.0,,False,0.0,0.0,2.0,0.0,0.0,,False,0.0,2,0,0.0,2,2,2.0,1.0,100.0,100.0,0.0,0
2022,TO,REPUBLICANOS,9,7.438240446256455,3644023.65,False,3,7,0.7777777777777778,False,6,0.6666666666666666,False,5,0.5555555555555556,False,6.0,7.0,0.8571428571428571,0.8571428571428571,1.0,False,0.8888888888888888,5.0,7.0,0.7142857142857143,0.7142857142857143,1.0,False,0.7777777777777778,5.0,6.0,0.8333333333333334,0.8333333333333334,1.0,False,0.8888888888888888,9,3,2.0,9,9,7.0,1.2099635747227764,82.64711606951617,77.77777777777777,1.5617595537435447,0
2022,TO,UNIAO,7,5.401684619602764,10216139.559999999,False,1,5,0.7142857142857143,False,4,0.5714285714285714,False,4,0.5714285714285714,False,4.0,5.0,0.8,0.8,1.0,False,0.8571428571428572,4.0,5.0,0.8,0.8,1.0,False,0.8571428571428572,4.0,4.0,1.0,1.0,1.0,True,1.0,7,1,2.0,7,7,5.0,1.2958920212773872,77.16692313718235,71.42857142857143,1.5983153803972359,0
