ano_eleicao,sg_uf,sg_partido,nr_candidato,nm_candidato,comp_rrd,comp_texto,comp_cod_ok,comp_cod_kf,vit_texto,qe_texto,vit_prefeito_rrd,vit_prefeito_ok,vit_distrital,qe_majoritario,qe_rrd,qe_prop_ok,eleito,vr_receita_recursos_partidos
2018,AC,AVANTE,7000,TATIANI DE SOUZA STARKE,False,False,False,False,False,False,False,False,False,False,False,False,0,
2018,AC,AVANTE,7001,ELDO PONTES HALL,False,False,False,False,False,False,False,False,False,False,False,False,0,4651.13
2018,AC,AVANTE,7007,LENO BERNARDINO DE SOUSA,False,False,False,False,False,False,False,False,False,False,False,False,0,4651.13
2018,AC,AVANTE,7010,JOÃO DOS SANTOS MATIAS MORAIS,False,False,False,False,False,False,False,False,False,False,False,False,0,
2018,AC,AVANTE,7012,JAIRO DE OLIVEIRA PEREIRA,False,False,False,False,False,False,False,False,False,False,False,False,0,4651.13
2018,AC,AVANTE,7018,DANILO DE MELO MEDEIROS,False,False,False,False,False,False,False,False,False,False,False,False,0,4651.13
2018,AC,AVANTE,7070,CEZAR HILDO PEREIRA,False,False,False,False,False,False,False,False,False,False,False,False,0,4651.13
2018,AC,AVANTE,7071,MARIA PEREGRINA SOUZA E SILVA,False,False,False,False,False,False,False,False,False,False,False,False,0,2444.4
2018,AC,AVANTE,7077,ANA PAULA BATISTA POZENATTO,False,False,False,False,False,False,False,False,False,False,False,False,0,
2018,AC,DC,2713,FELIPE RIBEIRO DA SILVA LIMA,False,False,False,False,False,False,False,False,False,False,False,False,0,10000.0
2018,AC,DC,2722,ANDRESA DA SILVA CASTRO BARROS,False,False,False,False,False,False,False,False,False,False,False,False,0,20800.0
2018,AC,DC,2727,FRANCISCO OLIVEIRA DA SILVA RIBEIRO ,False,False,False,False,False,False,False,False,False,False,False,False,0,10000.0
2018,AC,DEM,2525,ALAN RICK MIRANDA,True,True,True,True,True,True,False,False,False,False,True,True,1,825300.0
2018,AC,MDB,1515,JESSICA ROJAS SALES,True,True,True,True,True,True,False,False,False,False,True,True,1,2000000.0
2018,AC,MDB,1551,ROBERTO FERES,False,False,False,False,False,False,False,False,False,False,False,False,0,54700.0
2018,AC,MDB,1555,FLAVIANO FLAVIO BAPTISTA DE MELO,True,True,True,True,True,True,False,True,False,True,True,True,1,1603200.0
2018,AC,PATRI,5127,JOSE BIBIANO DE QUEIROZ,False,False,False,False,False,False,False,False,False,False,False,False,0,
2018,AC,PC do B,6513,MARIA PERPETUA DE ALMEIDA ,True,True,True,True,True,True,False,False,False,True,True,True,1,899232.95
2018,AC,PDT,1200,EURICO CARVALHO CORDEIRO ,False,False,False,False,False,False,False,False,False,False,False,False,0,3581.66
2018,AC,PDT,1207,MARIA DE JESUS GOMES DA SILVA CAVALCANTE,False,False,False,False,False,False,False,False,False,False,False,False,0,19513.239999999998
2018,AC,PDT,1211,PAULO SORIANO DA SILVA,False,False,False,False,False,False,False,False,False,False,False,False,0,1666.66
2018,AC,PDT,1212,JESUS SERGIO DE MENEZES,True,True,True,True,True,True,False,False,False,False,True,True,1,53061.66
2018,AC,PDT,1213,FRANCISCO DE ASSIS DANTAS CASTRO,False,False,False,False,False,False,False,False,False,False,False,False,0,3882.86
2018,AC,PDT,1217,JONILSON CABRAL DOS SANTOS ,False,False,False,False,False,False,False,False,False,False,False,False,0,7083.66
2018,AC,PDT,1220,DINEIA ANDRADE PINHEIRO,False,False,False,False,False,False,False,False,False,False,False,False,0,9216.03
2018,AC,PDT,1222,PEDRO RAIMUNDO DE OLIVEIRA,False,False,False,False,False,False,False,False,False,False,False,False,0,
2018,AC,PDT,1223,DARLENE SILVA DE SOUZA,False,False,False,False,False,False,False,False,False,False,False,False,0,18042.05
2018,AC,PDT,1224,RAIMUNDO NONATO DE CASTRO,True,True,True,True,False,True,False,False,False,False,True,True,0,4354.26
2018,AC,PDT,1233,EBER SILVA MACHADO,True,True,True,True,True,True,False,False,False,False,True,True,0,50000.0
2018,AC,PDT,1234,JOSE ADRIANO RIBEIRO DA SILVA,True,True,True,True,False,True,False,False,False,False,True,True,0,
2018,AC,PDT,1244,JOSÉ ELISSANDRO LOPES REGO,False,False,False,False,False,False,False,False,False,False,False,False,0,4773.66
2018,AC,PDT,1250,SANDRA MARIA SILVA FERREIRA,False,False,False,False,False,False,False,False,False,False,False,False,0,6826.64
2018,AC,PDT,1255,CRISTOVAM PONTES DE MOURA,False,False,False,False,False,False,False,False,False,False,False,False,0,52325.0
2018,AC,PDT,1277,CLEIDE MARIA FERREIRA DE ARAUJO,False,False,False,False,False,False,False,False,False,False,False,False,0,16144.390000000001
2018,AC,PHS,3131,JEFFERSON BARROSO DE ARAÚJO ,False,False,False,False,False,False,False,False,False,False,False,False,0,19750.58
2018,AC,PHS,3133,SEBASTIAO ALVES RODRIGUES MANCHINERY ,False,False,False,False,False,False,False,False,False,False,False,False,0,7223.6900000000005
2018,AC,PMB,3535,SILVIA MONTEIRO E SILVA,False,False,False,False,False,False,False,False,False,False,False,False,0,30000.0
2018,AC,PMN,3333,EMILIO VIRGILIO LIMA DE OLIVEIRA,False,False,False,False,False,False,False,False,False,False,False,False,0,150000.0
2018,AC,PODE,1910,RAILSON CORREIA DA COSTA,False,False,False,False,False,False,False,False,False,False,False,False,0,100000.0
2018,AC,PODE,1944,MARIA JOSÉ DA SILVA LIMA,False,False,False,False,False,False,False,False,False,False,False,False,0,
2018,AC,PP,1111,JOSÉ CAVALCANTE DAMASCENO JÚNIOR,False,False,False,False,False,False,False,False,False,False,False,False,0,100000.0
2018,AC,PP,1122,RUDILEI SOARES DE SOUZA,False,False,False,False,False,False,False,False,False,False,False,False,0,400000.0
2018,AC,PP,1144,NELSON RODRIGUES SALES,True,True,True,True,True,True,False,False,False,False,True,True,0,822040.0
2018,AC,PPL,5454,FRANCISCO BRIGIDO DA COSTA,True,True,True,True,True,True,False,False,False,False,True,True,0,4637.5
2018,AC,PPS,2323,ROSANA SOUSA DO NASCIMENTO,False,False,False,False,False,False,False,False,False,False,False,False,0,498048.04
2018,AC,PR,2222,ANTÔNIA LUCILÉIA CRUZ RAMOS CÂMARA,True,True,True,True,True,True,False,False,False,False,True,True,0,1500000.0
2018,AC,PROS,9010,ANTONIO PAULINO DA SILVA,False,False,False,False,False,False,False,False,False,False,False,False,0,
2018,AC,PROS,9090,FERNANDO MELO DA COSTA,True,True,True,True,True,True,False,False,False,False,True,True,0,316985.0
2018,AC,PRP,4423,ROSE-LANE ALVES JARDIM,False,False,False,False,False,False,False,False,False,False,False,False,0,35100.0
2018,AC,PRP,4444,FRANCISCO CARLOS OLIVEIRA DE LIMA,True,True,True,True,False,True,False,False,False,False,True,True,0,20891.52
2018,AC,PRP,4466,GILMAR FONTES,False,False,False,False,False,False,False,False,False,False,False,False,0,5891.5199999999995
2018,AC,PRTB,2800,MARIA DO SOCORRO FIRMO DA SILVA,False,False,False,False,False,False,False,False,False,False,False,False,0,
2018,AC,PRTB,2828,FRANCISCO ANTONIO LIRA DA SILVA MONTEIRO,False,False,False,False,False,False,False,False,False,False,False,False,0,13715.0
2018,AC,PSB,4040,CARLOS CÉSAR CORREIA DE MESSIAS,True,True,True,True,True,True,False,True,False,False,True,True,0,1300000.0
2018,AC,PSC,2020,JAMYL ASFURY MARTINS OLIVEIRA,True,True,True,True,True,True,False,False,False,False,True,True,0,70000.0
2018,AC,PSD,5555,MARIVALDO GONÇALVES DE MELO,False,False,False,False,False,False,False,False,False,False,False,False,0,824450.0
2018,AC,PSDB,4545,CYLMARA FERNANDES DA ROCHA GRIPP,False,False,False,False,False,False,False,False,False,False,False,False,1,1629365.55
2018,AC,PSL,1700,MICHELA BATISTA LACERDA,False,False,False,False,False,False,False,False,False,False,False,False,0,58.18
2018,AC,PSL,1712,DANIELA PAIVA DE OLIVEIRA,False,False,False,False,False,False,False,False,False,False,False,False,0,
2018,AC,PSL,1717,SEBASTIÃO BOCALOM RODRIGUES,True,True,True,True,True,False,False,True,False,True,True,False,0,
2018,AC,PSL,1718,JOSE MARIA DE FREITAS MOREIRA,True,True,True,True,False,True,False,False,False,False,True,True,0,
2018,AC,PSL,1755,MANOEL JOSE NOGUEIRA LIMA,True,True,True,True,True,True,False,False,False,False,True,True,0,26.4
2018,AC,PSL,1771,RAIMUNDO RICARDO GOMES DA SILVA,False,False,False,False,False,False,False,False,False,False,False,False,0,58.82
2018,AC,PSL,1777,ADRIANO JOSÉ CALDAS DE AGUIAR CAMPELLO,False,False,False,False,False,False,False,False,False,False,False,False,0,58.82
2018,AC,PSL,1788,BERENICE NASCIMENTO DE SOUZA,False,False,False,False,False,False,False,False,False,False,False,False,0,58.82
2018,AC,PSOL,5012,GLÓRIA THAÍS SOUZA DE MELO,False,False,False,False,False,False,False,False,False,False,False,False,0,122266.66
2018,AC,PSOL,5013,HAMMERLY DA SILVA ALBUQUERQUE,True,True,True,True,True,True,False,True,False,True,True,True,0,58266.66
2018,AC,PSOL,5050,FRANCISCO DA SILVA PIYÃKO,False,False,False,False,False,False,False,False,False,False,False,False,0,72266.66
2018,AC,PSOL,5055,GILDOMAR OLIVEIRA GOMES,False,False,False,False,False,False,False,False,False,False,False,False,0,47266.66
2018,AC,PT,1300,DARLA CRISTINA PENHA ALMEIDA DE OLIVEIRA,False,False,False,False,False,False,False,False,False,False,False,False,0,10000.0
2018,AC,PT,1313,SEBASTIÃO SIBA MACHADO OLIVEIRA,True,True,True,True,True,True,False,False,False,False,True,True,0,900000.0
2018,AC,PT,1314,RAIMUNDO ANGELIM VASCONCELOS,True,True,True,True,True,True,False,True,False,True,True,True,0,900000.0
2018,AC,PT,1331,LEONARDO CUNHA DE BRITO,True,True,True,True,True,True,False,False,False,False,True,True,1,900000.0
2018,AC,PT,1377,RAQUEL GLEYCIANE SANTOS DE SOUZA,False,False,False,False,False,False,False,False,False,False,False,False,0,68000.0
2018,AC,PTB,1414,CHARLENE MARIA DE LIMA,False,False,False,False,False,False,False,False,False,False,False,False,0,449599.75
2018,AC,PTC,3611,JOSÉ EDIMAR SANTIAGO DE MELO JUNIOR,False,False,False,False,False,False,False,False,False,False,False,False,0,570000.0
2018,AC,PV,4300,ITAMARA SOUZA DA COSTA,False,False,False,False,False,False,False,False,False,False,False,False,0,51752.25
2018,AC,PV,4343,HENRIQUE AFONSO SOARES LIMA,True,True,True,True,True,True,False,False,False,True,True,True,0,282590.95
2018,AC,REDE,1800,IUNA BARROS CHAVES,False,False,False,False,False,False,False,False,False,False,False,False,0,800.0
2018,AC,REDE,1818,CARLOS GOMES DA COSTA SOUZA,False,False,False,False,False,False,False,False,False,False,False,False,0,190000.0
2018,AC,SOLIDARIEDADE,7777,VANDA DENIR MILANI NOGUEIRA,True,True,True,True,False,True,False,False,False,False,True,True,1,1450000.0
2018,AL,AVANTE,7070,GIVALDO DE SA GOUVEIA CARIMBÃO,True,True,True,True,True,True,False,False,False,True,True,True,0,319000.0
2018,AL,DC,2700,VILMA LINS DA SILVA,False,False,False,False,False,False,False,False,False,False,False,False,0,48070.0
2018,AL,DC,2727,RORYERTON FREIRE DE OLIVEIRA,False,False,False,False,False,False,False,False,False,False,False,False,0,29250.0
2018,AL,DEM,2500,ELIELZA MELQUIADES DOS SANTOS,False,False,False,False,False,False,False,False,False,False,False,False,0,
2018,AL,DEM,2511,ROSINEIDE SILVA DE CARVALHO,False,False,False,False,False,False,False,False,False,False,False,False,0,
2018,AL,MDB,1514,FERNANDA DA SILVA MONTEIRO,False,False,False,False,False,False,False,False,False,False,False,False,0,50000.0
2018,AL,MDB,1515,ISNALDO BULHÕES BARROS JUNIOR,True,True,True,True,True,True,False,False,False,False,True,True,1,
2018,AL,MDB,1577,JOSIENE MARIA DA SILVA,False,False,False,False,False,False,False,False,False,False,False,False,0,50000.0
2018,AL,NOVO,3000,ADELMO JOSÉ SILVA DE ASSIS,False,False,False,False,False,False,False,False,False,False,False,False,0,1099.1599999999999
2018,AL,NOVO,3001,TIBÉRIO DA SILVA ROCHA JÚNIOR,False,False,False,False,False,False,False,False,False,False,False,False,0,1099.1599999999999
2018,AL,NOVO,3030,MARIA TAVARES FERRO,False,False,False,False,False,False,False,False,False,False,False,False,0,3599.16
2018,AL,PATRI,5123,JOSILDO BRAZ COSTA,False,False,False,False,False,False,False,False,False,False,False,False,0,
2018,AL,PATRI,5153,ADEMARIO DE OLIVEIRA,False,False,False,False,False,False,False,False,False,False,False,False,0,
2018,AL,PATRI,5154,BRUNA DUARTE HONÓRIO,False,False,False,False,False,False,False,False,False,False,False,False,0,
2018,AL,PC do B,6500,FELICIANO DOMINGOS DA SILVA,False,False,False,False,False,False,False,False,False,False,False,False,0,1288.5
2018,AL,PC do B,6544,MARIA DAS GRAÇAS SOARES DE ARAUJO,False,False,False,False,False,False,False,False,False,False,False,False,0,36942.34
2018,AL,PC do B,6555,EMERSON MAMEDE FERREIRA,False,False,False,False,False,False,False,False,False,False,False,False,0,7442.5599999999995
2018,AL,PC do B,6565,ROBSON DA SILVA LIMA,False,False,False,False,False,False,False,False,False,False,False,False,0,18966.0
2018,AL,PDT,1212,RONALDO AUGUSTO LESSA SANTOS,True,True,True,True,True,False,False,False,False,True,True,False,0,600000.0
2018,AL,PDT,1234,MARCELO TADEU LEMOS DE OLIVEIRA,False,False,False,False,False,False,False,False,False,False,False,False,0,50000.0
2018,AL,PHS,3100,MARCOS ANTONIO FERNANDES DA SILVA ALMEIDA,False,False,False,False,False,False,False,False,False,False,False,False,0,3758.82
2018,AL,PHS,3110,MARIO JORGE PONTES DE OLIVEIRA,False,False,False,False,False,False,False,False,False,False,False,False,0,6499.56
2018,AL,PHS,3111,EDVALDO GOUVEIA DA ROCHA JUNIOR,False,False,False,False,False,False,False,False,False,False,False,False,0,
2018,AL,PHS,3122,ERALDO FERREIRA DA SILVA,False,False,False,False,False,False,False,False,False,False,False,False,0,5240.3
2018,AL,PHS,3131,FLAVIO HENRIQUE CATAO NOGUEIRA,False,False,False,False,False,False,False,False,False,False,False,False,0,11697.86
2018,AL,PHS,3133,MARIA SUELI DA SILVA,False,False,False,False,False,False,False,False,False,False,False,False,0,15053.15
2018,AL,PMN,3333,OLÍVIA COIMBRA CERQUEIRA TENÓRIO,False,False,False,False,False,False,False,False,False,False,False,False,0,900000.0
2018,AL,PODE,1999,ALVARO JOSÉ DO MONTE VASCONCELOS,False,False,False,False,False,False,False,False,False,False,False,False,0,
2018,AL,PP,1100,MARIA DOS PRAZERES DA ROCHA BRANDÃO,False,False,False,False,False,False,False,False,False,False,False,False,0,250000.0
2018,AL,PP,1110,HEMERSON CASADO GAMA,False,False,False,False,False,False,False,False,False,False,False,False,0,100000.0
2018,AL,PP,1111,ARTHUR CESAR PEREIRA DE LIRA,True,True,True,True,True,True,False,False,False,False,True,True,1,1677758.0
2018,AL,PP,1119,ALIETE DE OLIVEIRA SILVA,False,False,False,False,False,False,False,False,False,False,False,False,0,
2018,AL,PP,1144,JOSÉ LUIZ VASCONCELLOS DOS ANJOS,False,False,False,False,False,False,False,False,False,False,False,False,0,750000.0
2018,AL,PPL,5444,PEROLINA JOANA DA SILVA LINS,False,False,False,False,False,False,False,False,False,False,False,False,0,670.0
2018,AL,PPL,5454,JOÃO SILVIO PONTES,False,False,False,False,False,False,False,False,False,False,False,False,0,670.0
2018,AL,PPS,2323,JOSE REGIS BARROS CAVALCANTE,True,True,True,True,True,True,False,False,False,False,True,True,0,654173.8500000001
2018,AL,PR,2222,SÉRGIO TOLEDO DE ALBUQUERQUE,True,True,True,True,True,True,False,False,False,False,True,True,1,1255557.26
2018,AL,PRB,1010,SEVERINO DE LIRA PESSÔA,True,True,True,True,True,True,False,False,False,False,True,True,1,842225.39
2018,AL,PROS,9090,GEOBERTO OMENA DE OLIVEIRA,False,False,False,False,False,False,False,False,False,False,False,False,0,
2018,AL,PRTB,2800,EMMANUEL FORTES SILVEIRA CAVALCANTI,False,False,False,False,False,False,False,False,False,False,False,False,0,195000.0
2018,AL,PRTB,2828,FRANCISCO JOSÉ DA SILVA,True,True,True,True,False,True,False,False,False,False,True,True,0,5000.0
2018,AL,PSB,4011,EDUARDO JORGE VASCONCELOS DE LIMA,False,False,False,False,False,False,False,False,False,False,False,False,0,5000.0
2018,AL,PSB,4040,JOÃO HENRIQUE HOLANDA CALDAS,True,True,True,True,False,True,False,False,False,False,True,True,1,1308000.0
2018,AL,PSC,2000,WALTER DO VALLE DE MELO JÚNIOR,False,False,False,False,False,False,False,False,False,False,False,False,0,200000.0
2018,AL,PSC,2020,IVANISE GUIMARÃES DA SILVA,False,False,False,False,False,False,False,False,False,False,False,False,0,300000.0
2018,AL,PSD,5555,MARX BELTRÃO LIMA SIQUEIRA,False,True,True,False,True,False,False,True,False,True,False,False,1,1049800.0
2018,AL,PSD,5577,MARIA APARECIDA LISBOA,False,False,False,False,False,False,False,False,False,False,False,False,0,450000.0
2018,AL,PSDB,4500,JOSE EDUARDO ACCIOLY CANUTO,False,False,False,False,False,False,False,False,False,False,False,False,0,88385.42
2018,AL,PSDB,4544,TEREZA NELMA DA SILVA PORTO VIANA SOARES,True,True,True,True,False,True,False,False,False,False,True,True,1,666867.0
2018,AL,PSDB,4566,PEDRO TORRES BRANDAO VILELA,False,False,False,False,False,False,False,False,False,False,False,False,0,1300000.0
2018,AL,PSL,1700,LUCIANO VALDOMIRO SILVA FONTES,False,False,False,False,False,False,False,False,False,False,False,False,0,
2018,AL,PSL,1706,LOUISE CHRISTIANE DE VASCONCELOS SILVA,False,False,False,False,False,False,False,False,False,False,False,False,0,
2018,AL,PSL,1707,JAMMES STENIO SOBREIRA,False,False,False,False,False,False,False,False,False,False,False,False,0,
2018,AL,PSL,1717,ANTONIO CARLOS RAMOS,True,True,True,True,False,True,False,False,False,False,True,True,0,
2018,AL,PSL,1718,ANDERSON PIMENTEL ANDRADE,False,False,False,False,False,False,False,False,False,False,False,False,0,
2018,AL,PSL,1777,VALGETAN FERREIRA DE OLIVEIRA,False,False,False,False,False,False,False,False,False,False,False,False,0,
2018,AL,PSL,1778,QUITERIA SOUZA DOS SANTOS,False,False,False,False,False,False,False,False,False,False,False,False,0,
2018,AL,PSL,1780,JOSE ABELARDO DA SILVA,False,False,False,False,False,False,False,False,False,False,False,False,0,
2018,AL,PSL,1788,GILVAN DA SILVA MENEZES,False,False,False,False,False,False,False,False,False,False,False,False,0,
2018,AL,PSL,1789,TULIO OSTILIO PEIXOTO CAVALCANTE,False,False,False,False,False,False,False,False,False,False,False,False,0,
2018,AL,PSOL,5000,ABELARDO PEDRO NOBRE JUNIOR,False,False,False,False,False,False,False,False,False,False,False,False,0,936.16
2018,AL,PSOL,5050,LUCIANE CRISTINE DOS SANTOS ARAUJO,False,False,False,False,False,False,False,False,False,False,False,False,0,15327.06
2018,AL,PSTU,1616,PAULO SÉRGIO DA SILVA FALCÃO,False,False,False,False,False,False,False,False,False,False,False,False,0,
2018,AL,PT,1313,PAULO FERNANDO DOS SANTOS,True,True,True,True,True,True,False,False,False,False,True,True,1,1000000.0
2018,AL,PTB,1400,NIVALDO FERREIRA DE ALBUQUERQUE NETO,False,False,False,False,False,False,False,False,False,False,False,False,1,1250000.0
2018,AL,PTB,1444,ROSEANE CAVALCANTE DE FREITAS ESTRELA,True,True,True,True,True,True,False,False,False,False,True,True,0,459057.38
2018,AL,PTC,3600,WAGNER SIMAS FILHO,True,True,True,True,False,True,False,False,False,False,True,True,0,
2018,AL,PTC,3636,FERNANDO JAMES BRAZ COLLOR DE MELLO,False,False,True,False,False,False,False,False,False,True,False,False,0,300000.0
2018,AL,PV,4315,SANDRA MARIA LIMA LOPES,False,False,False,False,False,False,False,False,False,False,False,False,0,213970.0
2018,AL,PV,4343,HENRIQUE DE MELO MACHADO,False,False,False,False,False,False,False,False,False,False,False,False,0,18772.2
2018,AL,REDE,1818,HELOISA HELENA LIMA DE MORAES,True,True,True,True,True,False,False,False,False,True,True,False,0,725000.0
2018,AL,SOLIDARIEDADE,7777,EMANUEL PAULO DA SILVA,True,True,True,True,False,True,False,False,False,True,True,True,0,
2018,AM,AVANTE,7000,GUSTAVO ALEXANDRE PEREIRA GARCIA,False,False,False,False,False,False,False,False,False,False,False,False,0,18382.8
2018,AM,AVANTE,7006,FLAVIO TADEU TOMAS DE ARAUJO,False,False,False,False,False,False,False,False,False,False,False,False,0,840.0
2018,AM,AVANTE,7070,WILLACE OLIVEIRA DE SOUZA,False,False,False,False,False,False,False,False,False,False,False,False,0,
2018,AM,AVANTE,7077,DAVID LIMA DA SILVA,False,False,False,False,False,False,False,False,False,False,False,False,0,15280.4
2018,AM,DC,2700,JEFFERSON QUEIROZ FONTES DA CONCEIÇÃO,False,False,False,False,False,False,False,False,False,False,False,False,0,4258.0
2018,AM,DC,2727,ANTONIO MARCOS DE OLIVEIRA APURINÃ,False,False,False,False,False,False,False,False,False,False,False,False,0,19233.0
2018,AM,DC,2755,ALEX FERREIRA ALMEIDA,False,False,False,False,False,False,False,False,False,False,False,False,0,4090.0
2018,AM,DC,2777,JEAN NEDER MARTINIANO BARBOSA,False,False,False,False,False,False,False,False,False,False,False,False,0,38677.0
2018,AM,DC,2788,ALBERTO NASCIMENTO CABRAL,False,False,False,False,False,False,False,False,False,False,False,False,0,4258.0
2018,AM,DC,2799,DAVI RAMOS DE MORAES,False,False,False,False,False,False,False,False,False,False,False,False,0,5128.0
2018,AM,DEM,2525,PAUDERNEY TOMAZ AVELINO,True,True,True,True,True,True,False,False,False,True,True,True,0,993000.0
2018,AM,DEM,2555,SARAH KALILAH FERNANDES FURTADO ,False,False,False,False,False,False,False,False,False,False,False,False,0,85000.0
2018,AM,MDB,1500,JOÃO BOSCO DA SILVA BARROS,False,False,False,False,False,False,False,False,False,False,False,False,0,11970.0
2018,AM,MDB,1512,NELIA CONCEIÇÃO MADY,False,False,False,False,False,False,False,False,False,False,False,False,0,24480.0
2018,AM,MDB,1515,GEDEAO TIMOTEO AMORIM,False,False,False,False,False,False,False,False,False,False,False,False,0,1773090.0
2018,AM,MDB,1522,MARIA DO PERPETUO SOCORRO CARDOSO ALMEIDA,False,False,False,False,False,False,False,False,False,False,False,False,0,26762.8
2018,AM,MDB,1545,JANILSON LUIZ MENDES PEREIRA,False,False,False,False,False,False,False,False,False,False,False,False,0,9930.0
2018,AM,MDB,1551,ANA MARIA DE SOUZA MOREIRA,False,False,False,False,False,False,False,False,False,False,False,False,0,26119.0
2018,AM,MDB,1565,SIDENY FREITAS DA COSTA,False,False,False,False,False,False,False,False,False,False,False,False,0,21280.0
2018,AM,PATRI,5100,JAMYS CASTELO BRANCO SCHMIDT,False,False,False,False,False,False,False,False,False,False,False,False,0,70.1
2018,AM,PATRI,5111,CINTIA GERALDA OLIVEIRA FRAGA,False,False,False,False,False,False,False,False,False,False,False,False,0,70.0
2018,AM,PATRI,5122,WANDERSON MENDES FERREIRA,False,False,False,False,False,False,False,False,False,False,False,False,0,
2018,AM,PATRI,5123,JEVERSON VARGAS LOBO,False,False,False,False,False,False,False,False,False,False,False,False,0,70.0
2018,AM,PATRI,5151,ANTONIO CESAR NEGREIROS DE SOUZA,False,False,False,False,False,False,False,False,False,False,False,False,0,70.0
2018,AM,PC do B,6511,MIRIAM MORAES DA SILVA,False,False,False,False,False,False,False,False,False,False,False,False,0,11081.78
2018,AM,PC do B,6514,JAILDO DE OLIVEIRA SILVA,False,False,False,False,False,False,False,False,False,False,False,False,0,91410.91
2018,AM,PC do B,6522,RITA FERREIRA DE SOUZA,False,False,False,False,False,False,False,False,False,False,False,False,0,10200.49
2018,AM,PC do B,6530,ANTONIVALDO DE  SOUSA,False,False,False,False,False,False,False,False,False,False,False,False,0,10196.09
2018,AM,PC do B,6533,LUIZ CARLOS DE JESUS CHAGAS,False,False,False,False,False,False,False,False,False,False,False,False,0,10881.779999999999
2018,AM,PC do B,6555,TALY NAYANDRA FIGUEIRA DOS SANTOS,False,False,False,False,False,False,False,False,False,False,False,False,0,11081.779999999999
2018,AM,PC do B,6556,JULIO ALBERTO CORREA SALAS,False,False,False,False,False,False,False,False,False,False,False,False,0,11081.779999999999
2018,AM,PC do B,6565,YANN EVANOVICK LEITÃO FURTADO,False,False,False,False,False,False,False,False,False,False,False,False,0,33913.97
2018,AM,PDT,1212,WESLEY SIRLAM LIMA DE AGUIAR,False,False,False,False,False,False,False,False,False,False,False,False,0,25000.0
2018,AM,PDT,1233,EDILENE COELHO PERES PINTO,False,False,False,False,False,False,False,False,False,False,False,False,0,10000.0
2018,AM,PDT,1244,CRISTOVAM LUIZ MARTINS CARLOS,False,False,False,False,False,False,False,False,False,False,False,False,0,
2018,AM,PHS,3131,MARCEL ALEXANDRE DA SILVA,True,True,True,True,False,True,False,False,False,False,True,True,0,54110.0
2018,AM,PHS,3147,JUCI PAULA GOES DE ARAUJO,False,False,False,False,False,False,False,False,False,False,False,False,0,42375.0
2018,AM,PMB,3500,ALEXANDRE ANDRADE CAVALCANTE,False,False,False,False,False,False,False,False,False,False,False,False,0,1000.0
2018,AM,PMB,3511,VALERIA SOUZA DA SILVA,False,False,False,False,False,False,False,False,False,False,False,False,0,
2018,AM,PMB,3522,ELISANGELA LIRA DE SOUZA,False,False,False,False,False,False,False,False,False,False,False,False,0,
2018,AM,PMB,3535,MARCIO OLIVEIRA SOARES,False,False,False,False,False,False,False,False,False,False,False,False,0,
2018,AM,PMB,3540,PETER SCHMIDT,False,False,False,False,False,False,False,False,False,False,False,False,0,
2018,AM,PMB,3551,MARILENE DOS SANTOS,False,False,False,False,False,False,False,False,False,False,False,False,0,
2018,AM,PMB,3555,MARCO ANTONIO PASSOS MESQUITA DA SILVA,False,False,False,False,False,False,False,False,False,False,False,False,0,
2018,AM,PMB,3577,ISRAEL SEVALHO DE JESUS,False,False,False,False,False,False,False,False,False,False,False,False,0,2100.0
2018,AM,PMB,3599,ALEXANDRE MATIAS DE MOURA,False,False,False,False,False,False,False,False,False,False,False,False,0,
2018,AM,PMN,3310,FABIANA LEANDRO DE SOUZA,False,False,False,False,False,False,False,False,False,False,False,False,0,
2018,AM,PMN,3312,CRISTIANA RODRIGUES MARINHO,False,False,False,False,False,False,False,False,False,False,False,False,0,20000.0
2018,AM,PMN,3321,ELSON MARCELO LIMA DE SOUZA,False,False,False,False,False,False,False,False,False,False,False,False,0,50000.0
2018,AM,PMN,3322,SERGIO RAIMUNDO ERNESTO MACHADO,False,False,False,False,False,False,False,False,False,False,False,False,0,
2018,AM,PMN,3333,RONILDO NOGUEIRA PALMERE,False,False,False,False,False,False,False,False,False,False,False,False,0,50000.0
2018,AM,PMN,3340,AUGUSTO CEZAR SILVA DE MENEZES,False,False,False,False,False,False,False,False,False,False,False,False,0,
2018,AM,PMN,3345,MAURICIO MARTINS MONTEIRO,False,False,False,False,False,False,False,False,False,False,False,False,0,
2018,AM,PODE,1900,ARONE DO NASCIMENTO BENTES,False,False,False,False,False,False,False,False,False,False,False,False,0,2000.0
2018,AM,PODE,1912,FRANCISCO DE SOUZA,True,True,True,True,True,True,False,False,False,True,True,True,0,11100.0
2018,AM,PODE,1919,BENAE PEREIRA LIMOEIRO,False,False,False,False,False,False,False,False,False,False,False,False,0,4800.0
2018,AM,PODE,1922,RAIMUNDO NONATO DO NASCIMENTO CRUZ ,False,False,False,False,False,False,False,False,False,False,False,False,0,
2018,AM,PODE,1969,MARIA NATALI DA SILVA VASCONCELOS,False,False,False,False,False,False,False,False,False,False,False,False,0,1700.0
2018,AM,PP,1111,ATILA SIDNEY LINS DE ALBUQUERQUE,True,True,True,True,True,True,False,False,False,False,True,True,1,1897386.0
2018,AM,PP,1122,ALBERTO D ALMEIDA COELHO,False,False,False,False,False,False,False,False,False,False,False,False,0,
2018,AM,PPL,5400,FRANCISCO CHAGAS COSTA,False,False,False,False,False,False,False,False,False,False,False,False,0,
2018,AM,PPL,5412,AMANDA GRAZIELA MATOZINHO GOMES,False,False,False,False,False,False,False,False,False,False,False,False,0,
2018,AM,PPL,5450,FABIANA CAMPOS SILVA WILKENS,False,False,False,False,False,False,False,False,False,False,False,False,0,
2018,AM,PPL,5454,JADSON HONORIO DOS SANTOS,False,False,False,False,False,False,False,False,False,False,False,False,0,
2018,AM,PPL,5477,MARIO COSTA RODRIGUES,False,False,False,False,False,False,False,False,False,False,False,False,0,
2018,AM,PPS,2323,ROSIDALVA PINTO DE AQUINO,False,False,False,False,False,False,False,False,False,False,False,False,0,116816.01000000001
2018,AM,PPS,2332,ARNOLDO FONSECA PAES,False,False,False,False,False,False,False,False,False,False,False,False,0,
2018,AM,PR,2222,MARCELO RAMOS RODRIGUES,True,True,True,True,True,True,False,False,False,False,True,True,1,1423000.0
2018,AM,PR,2233,PATRICIA DEL PILAR SUAREZ SICCHAR,False,False,False,False,False,False,False,False,False,False,False,False,0,336000.0
2018,AM,PR,2292,MICHELLE GUIMARÃES SOUZA CORREA,False,False,False,False,False,False,False,False,False,False,False,False,0,230000.0
2018,AM,PRB,1000,ALBERTO BARROS CAVALCANTE NETO,False,False,False,False,False,False,False,False,False,False,False,False,1,800000.0
2018,AM,PRB,1010,SILAS CÂMARA,True,True,True,True,True,True,False,False,False,False,True,True,1,1508380.0
2018,AM,PROS,9040,MASSAMI MIKI,False,False,False,False,False,False,False,False,False,False,False,False,0,213900.0
2018,AM,PROS,9090,JOSÉ HENRIQUE OLIVEIRA,True,True,True,True,True,True,False,False,False,False,True,True,0,503350.0
2018,AM,PRP,4413,MARIA DAS DORES OLIVEIRA DA SILVA,False,False,False,False,False,False,False,False,False,False,False,False,0,
2018,AM,PRP,4434,HARBEN GOMES AVELAR,False,False,False,False,False,False,False,False,False,False,False,False,0,
2018,AM,PRP,4444,ELIAS TORRES DA SILVA,False,False,False,False,False,False,False,False,False,False,False,False,0,
2018,AM,PRP,4455,JONATHAS TURY DE OLIVEIRA,False,False,False,False,False,False,False,False,False,False,False,False,0,2000.0
2018,AM,PRTB,2800,MARIA CLARA FERREIRA MOTTA,False,False,False,False,False,False,False,False,False,False,False,False,0,
2018,AM,PRTB,2828,JUCINEI SOUZA SILVA,False,False,False,False,False,False,False,False,False,False,False,False,0,
2018,AM,PRTB,2860,ROBERTO DA SILVA,False,False,False,False,False,False,False,False,False,False,False,False,0,
2018,AM,PSB,4010,CRISTIANE JEAN BALIEIRO,False,False,False,False,False,False,False,False,False,False,False,False,0,250000.0
2018,AM,PSB,4040,MARCELO AUGUSTO DA EIRA CORRÊA,True,True,True,True,True,True,False,False,False,False,True,True,0,525000.0
2018,AM,PSC,2000,JAILENE COELHO DA SILVA,False,False,False,False,False,False,False,False,False,False,False,False,0,
2018,AM,PSC,2020,JOSÉ NILMAR ALVES DE OLIVEIRA,True,True,True,True,False,True,False,False,False,False,True,True,0,100000.0
2018,AM,PSC,2028,RAYANE CHAVES BEZERRA,False,False,False,False,False,False,False,False,False,False,False,False,0,
2018,AM,PSC,2055,JONATHAN DE MENEZES LAVAREDA,False,False,False,False,False,False,False,False,False,False,False,False,0,
2018,AM,PSD,5500,LUIZ FERNANDO SARMENTO NICOLAU,True,True,True,True,True,True,False,False,False,False,True,True,0,840000.0
2018,AM,PSD,5505,RAIDI AUGUSTO MONTEIRO REBELLO DE SOUZA,False,False,False,False,False,False,False,False,False,False,False,False,0,
2018,AM,PSD,5555,SIDNEY RICARDO DE OLIVEIRA LEITE,True,True,True,True,True,True,False,True,False,True,True,True,1,840000.0
2018,AM,PSD,5588,CLAUDOMIRO PICANCO CARVALHO FILHO,False,False,False,False,False,False,False,False,False,False,False,False,0,840000.0
2018,AM,PSDB,4545,MARIA DA CONCEIÇÃO SAMPAIO MOURA,True,True,True,True,True,True,False,False,False,False,True,True,0,2129609.6
2018,AM,PSL,1717,PABLO OLIVA SOUZA,False,False,False,False,False,False,False,False,False,False,False,False,1,5294.0
2018,AM,PSOL,5000,MICHELLE BARBOSA ANDREWS,False,False,False,False,False,False,False,False,False,False,False,False,0,
2018,AM,PSOL,5001,MARCELO FURTADO MACHADO LEITÃO,False,False,False,False,False,False,False,False,False,False,False,False,0,783.24
2018,AM,PSOL,5010,ARQLEYDSSON DE LIMA PINHEIRO,False,False,False,False,False,False,False,False,False,False,False,False,0,783.24
2018,AM,PSOL,5011,MARCELO AUGUSTO LEMOS DOS SANTOS,False,False,False,False,False,False,False,False,False,False,False,False,0,783.24
2018,AM,PSOL,5016,MARTA LUISA MORAES MASSULO,False,False,False,False,False,False,False,False,False,False,False,False,0,4755.74
2018,AM,PSOL,5022,ROBERTO SANTINO DE AZEVEDO GOMES,False,False,False,False,False,False,False,False,False,False,False,False,0,783.24
2018,AM,PSOL,5025,ALEXANDRE MACHADO MAIA,False,False,False,False,False,False,False,False,False,False,False,False,0,783.24
2018,AM,PSOL,5027,PERPÉTUA PEREIRA CERQUEIRA,False,False,False,False,False,False,False,False,False,False,False,False,0,4755.74
2018,AM,PSOL,5044,JOSÉ LUIZ DA SILVA VASQUES,False,False,False,False,False,False,False,False,False,False,False,False,0,783.24
2018,AM,PSOL,5050,JOSÉ ROBERTO DOS SANTOS,False,False,False,False,False,False,False,False,False,False,False,False,0,783.24
2018,AM,PSOL,5051,MARCOS ANTÔNIO DE QUEIROZ,False,False,False,False,False,False,False,False,False,False,False,False,0,783.24
2018,AM,PSOL,5055,EDSON FERREIRA CAMPOS,False,False,False,False,False,False,False,False,False,False,False,False,0,783.24
2018,AM,PSOL,5088,ALZIRA ANTONIA DE SOUZA NOGUEIRA,False,False,False,False,False,False,False,False,False,False,False,False,0,4755.74
2018,AM,PSTU,1616,JOSÉ EVANDRO DE OLIVEIRA,False,False,False,False,False,False,False,False,False,False,False,False,0,
2018,AM,PT,1300,REBECA RODRIGUES DE OLIVEIRA QUEIROZ,False,False,False,False,False,False,False,False,False,False,False,False,0,17938.54
2018,AM,PT,1307,MARIA ODIMAR DA SILVA GUIMARAES,False,False,False,False,False,False,False,False,False,False,False,False,0,79846.66
2018,AM,PT,1313,JOSE RICARDO WENDLING,True,True,True,True,True,True,False,False,False,False,True,True,1,409193.32
2018,AM,PT,1318,CICERO CUSTÓDIO DA SILVA,False,False,False,False,False,False,False,False,False,False,False,False,0,403846.66
2018,AM,PTB,1414,REIZO FELICIO DA SILVA CASTELO BRANCO MAUES,True,True,True,True,False,True,False,False,False,False,True,True,0,1479306.6
2018,AM,PTC,3600,FRANCISCO WALLACE DANTAS DA SILVA,False,False,False,False,False,False,False,False,False,False,False,False,0,1176.45
2018,AM,PTC,3601,AGATHA REBECA DOS SANTOS,False,False,False,False,False,False,False,False,False,False,False,False,0,1176.45
2018,AM,PTC,3612,FABIANA CARNEIRO LIMA,False,False,False,False,False,False,False,False,False,False,False,False,0,1176.45
2018,AM,PTC,3636,ALESSANDRO MAGNO DE FIGUEIREDO LACERDA,False,False,False,False,False,False,False,False,False,False,False,False,0,
2018,AM,PV,4321,GEORGE OLIVEIRA REIS,False,False,False,False,False,False,False,False,False,False,False,False,0,
2018,AM,PV,4343,ORLANDO GUALBERTO CIDADE FILHO,True,True,True,True,True,True,False,False,False,False,True,True,0,403955.54000000004
2018,AM,REDE,1800,MAILSON GOMES DE MACEDO,False,False,False,False,False,False,False,False,False,False,False,False,0,
2018,AM,REDE,1812,FRANCISCO DAS CHAGAS COSTA,False,False,False,False,False,False,False,False,False,False,False,False,0,
2018,AM,REDE,1818,FRANCISCO CARLOS BORGES DE SOUZA,False,False,False,False,False,False,False,False,False,False,False,False,0,
2018,AM,REDE,1823,RENATO DE ALMEIDA SOUTO,False,False,False,False,False,False,False,False,False,False,False,False,0,
2018,AM,REDE,1855,ELIANE ALVES CARDOSO,False,False,False,False,False,False,False,False,False,False,False,False,0,1046.0
2018,AM,REDE,1877,MARIA ELISABETE MACIEL DA SILVA,False,False,False,False,False,False,False,False,False,False,False,False,0,1046.0
2018,AM,REDE,1899,ALZENIR ARAUJO DA CRUZ,False,False,False,False,False,False,False,False,False,False,False,False,0,
2018,AM,SOLIDARIEDADE,7777,JOÃO BOSCO GOMES SARAIVA,True,True,True,True,True,True,False,False,False,False,True,True,1,280000.0
2018,AP,AVANTE,7066,EVANDRO COSTA MILHOMEN,True,True,True,True,True,True,False,False,False,False,True,True,0,208539.23
2018,AP,AVANTE,7070,LEDA MARIA SADALA BRITO,False,False,False,False,False,False,False,False,False,False,False,False,1,210000.0
2018,AP,DC,2727,MARIA D ARC SÁ DA SILVA MARQUES,False,False,False,False,False,False,False,False,False,False,False,False,0,30022.82
2018,AP,DEM,2500,KASSYO SANTOS RAMOS,True,True,True,True,False,True,False,False,False,False,True,True,0,200000.0
2018,AP,DEM,2525,RICARDO AUGUSTO LEITE FALCÃO,False,False,False,False,False,False,False,False,False,False,False,False,0,100000.0
2018,AP,DEM,2555,PALMIRA DAS NEVES BITTENCOURT,False,False,False,False,False,False,False,False,False,False,False,False,0,150000.0
2018,AP,DEM,2598,JURANDIL DOS SANTOS JUAREZ,True,True,True,True,True,True,False,False,False,False,True,True,0,300000.0
2018,AP,MDB,1512,LUIZ GIONILSON PINHEIRO BORGES,True,True,True,True,True,True,False,False,False,False,True,True,0,1500000.0
2018,AP,MDB,1515,WAGNER BARBOSA DE ALELUIA,False,False,False,False,False,False,False,False,False,False,False,False,0,
2018,AP,MDB,1533,NELSON MENDES DA SILVA JÚNIOR,False,False,False,False,False,False,False,False,False,False,False,False,0,10000.0
2018,AP,MDB,1577,THARCILA CARDOSO CASTELO,False,False,False,False,False,False,False,False,False,False,False,False,0,176845.0
2018,AP,PC do B,6565,MARCIVANIA DO SOCORRO DA ROCHA FLEXA,True,True,True,True,True,True,False,False,False,True,True,True,1,896500.0
2018,AP,PDT,1210,RAFAEL PONTES LIMA,False,False,False,False,False,False,False,False,False,False,False,False,0,1550.0
2018,AP,PDT,1234,ANTÔNIO PINHEIRO TELES JUNIOR,False,False,False,False,False,False,False,False,False,False,False,False,0,3150.0
2018,AP,PDT,1236,JOELMA DE MORAIS SANTOS,False,False,False,False,False,False,False,False,False,False,False,False,0,151908.0
2018,AP,PDT,1245,JAILSON LOURENÇO MAFRA,False,False,False,False,False,False,False,False,False,False,False,False,0,3458.0
2018,AP,PDT,1270,ANTONIO DOS SANTOS FREITAS,False,False,False,False,False,False,False,False,False,False,False,False,0,1908.0
2018,AP,PDT,1290,ZILMA CORREA BALIEIRO DOS SANTOS,True,True,True,True,False,True,False,False,False,False,True,True,0,11550.0
2018,AP,PDT,1296,RAFAEL CAMBRAIA BARBOSA,False,False,False,False,False,False,False,False,False,False,False,False,0,2504.0
2018,AP,PHS,3111,ELTON SANDOKAN LIMA RIBEIRO,False,False,False,False,False,False,False,False,False,False,False,False,0,70000.0
2018,AP,PHS,3131,MARIO DA SILVA BRANDÃO,False,False,False,False,False,False,False,False,False,False,False,False,0,180000.0
2018,AP,PHS,3133,ANA MARGARIDA MARQUES FASCIO,False,False,False,False,False,False,False,False,False,False,False,False,0,80000.0
2018,AP,PHS,3147,MARCELI RIBEIRO DOS SANTOS BOULAND,False,False,False,False,False,False,False,False,False,False,False,False,0,30000.0
2018,AP,PHS,3190,MARINALVA DE SENA GOMES,False,False,False,False,False,False,False,False,False,False,False,False,0,25000.0
2018,AP,PHS,3199,CLEUDO PEREIRA DA TRINDADE,False,False,False,False,False,False,False,False,False,False,False,False,0,135000.0
2018,AP,PMN,3333,ADILSON PEREIRA DA COSTA,False,False,False,False,False,False,False,False,False,False,False,False,0,2300.0
2018,AP,PMN,3377,MARIA ELISIA CARMO SILVA,False,False,False,False,False,False,False,False,False,False,False,False,0,3550.0
2018,AP,PMN,3390,GILDOVAL FARIAS BARBOSA,False,False,False,False,False,False,False,False,False,False,False,False,0,2300.0
2018,AP,PODE,1919,JOZIANE ARAÚJO NASCIMENTO,True,True,True,True,True,True,False,False,False,False,True,True,0,1050000.0
2018,AP,PP,1111,ANDRE DOS SANTOS ABDON,True,True,True,True,True,True,False,False,False,False,True,True,1,1634541.0
2018,AP,PPL,5421,EUDES GOMES DA COSTA,False,False,False,False,False,False,False,False,False,False,False,False,0,1890.0
2018,AP,PPL,5444,ANNE CHRYSTIANE DA SILVA MARQUES,False,False,False,False,False,False,False,False,False,False,False,False,0,1990.0
2018,AP,PPL,5498,CLEOBERNALDO RIBEIRO LEITE ,False,False,False,False,False,False,False,False,False,False,False,False,0,1990.0
2018,AP,PR,2211,PATRICIA LIMA FERRAZ,True,True,True,True,False,True,False,False,False,False,True,True,0,565000.0
2018,AP,PR,2222,VINÍCIUS DE AZEVEDO GURGEL,True,True,True,True,True,True,False,False,False,False,True,True,1,1650000.0
2018,AP,PR,2223,RAIMUNDO DE DEUS LOIOLA BELAIR,True,True,True,True,False,True,False,False,False,False,True,True,0,185000.0
2018,AP,PR,2232,ESTEFANY CAROLINE MONTEIRO DUARTE,False,False,False,False,False,False,False,False,False,False,False,False,0,20000.0
2018,AP,PR,2233,JORIELSON BRITO NASCIMENTO,False,False,False,False,False,False,False,False,False,False,False,False,0,120000.0
2018,AP,PR,2255,ERALDO DA SILVA TRINDADE,True,True,True,True,False,True,False,False,False,False,True,True,0,500000.0
2018,AP,PR,2288,MARCELO PADILHA AGUIAR,False,False,False,False,False,False,False,False,False,False,False,False,0,25000.0
2018,AP,PRB,1000,ALINE PARANHOS VARONIL GURGEL,False,False,False,False,False,False,False,False,False,False,False,False,1,1952976.22
2018,AP,PROS,9000,ACÁCIO DA SILVA FAVACHO NETO,False,False,False,False,False,False,False,False,False,False,False,False,1,720316.3
2018,AP,PROS,9012,MANOEL DO NASCIMENTO CAMARA SOUZA,False,False,False,False,False,False,False,False,False,False,False,False,0,56150.0
2018,AP,PRP,4418,MARIA ROSA DA SILVA FONSECA,False,False,False,False,False,False,False,False,False,False,False,False,0,803.44
2018,AP,PRP,4477,ARISTIDES DA SILVA LOPES,True,True,True,True,False,True,False,False,False,False,True,True,0,270000.0
2018,AP,PSB,4000,IACY FURTADO GONÇALVES,False,False,False,False,False,False,False,False,False,False,False,False,0,50500.0
2018,AP,PSB,4010,JOSE ROBERVAL RANGEL DE ANDRADE,False,False,False,False,False,False,False,False,False,False,False,False,0,500.0
2018,AP,PSB,4013,JOSE ADAUTO FILHO,False,False,False,False,False,False,False,False,False,False,False,False,0,500.0
2018,AP,PSB,4023,NELCEIA MARGARETH DA SILVA FIGUEIREDO CHERMONT,False,False,False,False,False,False,False,False,False,False,False,False,0,200500.0
2018,AP,PSB,4040,CARLOS CAMILO GOES CAPIBERIBE,True,True,True,True,True,True,False,False,False,False,True,True,1,500000.0
2018,AP,PSB,4044,SONIA MARIA DE MATOS DIAS,False,False,False,False,False,False,False,False,False,False,False,False,0,
2018,AP,PSB,4090,AILTON SILVA DOS SANTOS,False,False,False,False,False,False,False,False,False,False,False,False,0,
2018,AP,PSB,4099,EUDASIO ALMEIDA DA SILVA,False,False,False,False,False,False,False,False,False,False,False,False,0,500.0
2018,AP,PSC,2025,PAULO MOISES DA SILVA RUY SECCO,False,False,False,False,False,False,False,False,False,False,False,False,0,20000.0
2018,AP,PSC,2080,PEDRO DOS SANTOS MARTINS,True,True,True,True,True,True,False,False,False,False,True,True,0,300000.0
2018,AP,PSD,5555,JOÃO CARLOS CALAGE ALVARENGA,False,False,False,False,False,False,False,False,False,False,False,False,0,
2018,AP,PSD,5566,RICELY COSTA SANTOS,False,False,False,False,False,False,False,False,False,False,False,False,0,360000.0
2018,AP,PSD,5577,MARCOS JOSE REATEGUI DE SOUZA,True,True,True,True,True,True,False,False,False,False,True,True,0,379000.0
2018,AP,PSDB,4501,ALZENIR DE SOUZA SANTOS,False,False,False,False,False,False,False,False,False,False,False,False,0,7250.0
2018,AP,PSDB,4545,LUIZ CARLOS GOMES DOS SANTOS JUNIOR,True,True,True,True,True,True,False,False,False,False,True,True,1,824800.0
2018,AP,PSL,1717,JOEZER REZENDE DAS CHAGAS,False,False,False,False,False,False,False,False,False,False,False,False,0,35000.0
2018,AP,PSOL,5010,SATH FALCONY VAZ LEITE DOS SANTOS,False,False,False,False,False,False,False,False,False,False,False,False,0,36646.95
2018,AP,PSOL,5011,ALINNE DO ROSARIO BRITO ,False,False,False,False,False,False,False,False,False,False,False,False,0,28688.339999999997
2018,AP,PSOL,5020,LARISSA DA SILVA GOMES,False,False,False,False,False,False,False,False,False,False,False,False,0,27438.339999999997
2018,AP,PSOL,5033,ANDRÉ HENRIQUE DA SILVA,False,False,False,False,False,False,False,False,False,False,False,False,0,29683.17
2018,AP,PSOL,5050,AROLDO RABELO DA SILVA FILHO,False,False,False,False,False,False,False,False,False,False,False,False,0,50574.51
2018,AP,PSOL,5051,ROSANGELA LEMOS DA SILVA,False,False,False,False,False,False,False,False,False,False,False,False,0,28688.339999999997
2018,AP,PSTU,1606,ALCILEIDE DOS SANTOS DE SOUZA,False,False,False,False,False,False,False,False,False,False,False,False,0,
2018,AP,PSTU,1616,JAIRO PALHETA DA SILVA MARQUÊS,False,False,False,False,False,False,False,False,False,False,False,False,0,
2018,AP,PTB,1400,JOSE ARANHA NETO,False,False,False,False,False,False,False,False,False,False,False,False,0,50000.0
2018,AP,PTB,1414,EDUARDO SEABRA DA COSTA,True,True,True,True,True,True,False,False,False,False,True,True,0,104369.0
2018,AP,PTB,1415,MARCOS MARCIANO CASTRO RIBEIRO,False,False,False,False,False,False,False,False,False,False,False,False,0,50000.0
2018,AP,PTB,1444,RINALDO RYAN DE AMORIM VIEIRA,False,False,False,False,False,False,False,False,False,False,False,False,0,50000.0
2018,AP,PTB,1456,ACHILES EDUARDO PONTES CAMPOS,False,False,False,False,False,False,False,False,False,False,False,False,0,50000.0
2018,AP,PTB,1470,KARLENE AGUIAR LAMBERG,False,False,False,False,False,False,False,False,False,False,False,False,0,76649.8
2018,AP,PTB,1477,PAULO HENRIQUE CAMPELO BARBOSA,False,False,False,False,False,False,False,False,False,False,False,False,0,50000.0
2018,AP,PTC,3635,NEIDE CORREA BELEM,False,False,False,False,False,False,False,False,False,False,False,False,0,
2018,AP,PTC,3636,PAULO SERGIO GAHMA DOS SANTOS,False,False,False,False,False,False,False,False,False,False,False,False,0,
2018,AP,PTC,3677,JOSE LUIS MERCURIO,False,False,False,False,False,False,False,False,False,False,False,False,0,80000.0
2018,AP,PTC,3678,TIAGO DOS SANTOS E SILVA,False,False,False,False,False,False,False,False,False,False,False,False,0,
2018,AP,PTC,3699,MARIO TEIXEIRA DE MENDONÇA NETO,False,False,False,False,False,False,False,False,False,False,False,False,0,
2018,AP,PV,4312,ANTONIO FLEXA SOARES,False,False,False,False,False,False,False,False,False,False,False,False,0,11455.32
2018,AP,PV,4331,ADIMAR BARRETO DE MELO,False,False,False,False,False,False,False,False,False,False,False,False,0,8955.32
2018,AP,PV,4334,ILKA PEREIRA DE SOUZA,False,False,False,False,False,False,False,False,False,False,False,False,0,22109.79
2018,AP,PV,4343,ASDRUBAL SILVA DE OLIVEIRA,False,False,False,False,False,False,False,False,False,False,False,False,0,10554.51
2018,AP,PV,4344,ACENILDO FURTADO DA COSTA,False,False,False,False,False,False,False,False,False,False,False,False,0,8955.32
2018,AP,PV,4389,VALDEIR GONÇALVES DE MIRANDA,False,False,False,False,False,False,False,False,False,False,False,False,0,10304.91
2018,AP,REDE,1800,JANE SELMA ALMEIDA DE SOUZA,False,False,False,False,False,False,False,False,False,False,False,False,0,2790.0
2018,AP,REDE,1818,LUCAS ABRAHAO ROSA CEZARIO DE ALMEIDA,True,True,True,True,False,True,False,False,False,False,True,True,0,91590.0
2018,AP,REDE,1823,DIEGO CASTRO SILVA,False,False,False,False,False,False,False,False,False,False,False,False,0,1890.0
2018,AP,REDE,1825,EDUARDO JACINTHO FLEURY,False,False,False,False,False,False,False,False,False,False,False,False,0,1590.0
2018,AP,REDE,1834,JAWARUWA WAIAPI,False,False,False,False,False,False,False,False,False,False,False,False,0,1990.0
2018,AP,REDE,1877,EMANUEL TOCANTINS RODRIGUES,False,False,False,False,False,False,False,False,False,False,False,False,0,1690.0
2018,AP,REDE,1888,EDENILSON ALENCAR MENDONCA,False,False,False,False,False,False,False,False,False,False,False,False,0,1990.0
2018,AP,SOLIDARIEDADE,7722,ALANDY PATRICIA DO SOCORRO SOUSA CAVALCANTE,False,False,False,False,False,False,False,False,False,False,False,False,0,
2018,AP,SOLIDARIEDADE,7755,LEIDINALDO LUIZ GAMA DE PAULA,False,False,False,False,False,False,False,False,False,False,False,False,0,
2018,AP,SOLIDARIEDADE,7777,ODILSON SERRA NUNES,False,False,False,False,False,False,False,False,False,False,False,False,0,450000.0
2018,BA,AVANTE,7000,MANOEL ISIDORIO DE SANTANA JUNIOR,True,True,True,True,True,True,False,False,False,True,True,True,1,532000.0
2018,BA,AVANTE,7007,CHARLSTON SOARES DOS SANTOS,False,False,False,False,False,False,False,False,False,False,False,False,0,
2018,BA,AVANTE,7010,JADSON LUIZ DOS SANTOS,False,False,False,False,False,False,False,False,False,False,False,False,0,4590.0
2018,BA,AVANTE,7011,ADNA LEAL PEREIRA,False,False,False,False,False,False,False,False,False,False,False,False,0,50190.0
2018,BA,AVANTE,7012,SERGIO LIMA PORTELLA,False,False,False,False,False,False,False,False,False,False,False,False,0,840.0
2018,BA,AVANTE,7013,LAURO AMORIM DANTAS DO ROSARIO,False,False,False,False,False,False,False,False,False,False,False,False,0,
2018,BA,AVANTE,7015,MARIA SANTANA GABRIEL DOS REIS,False,False,False,False,False,False,False,False,False,False,False,False,0,45600.0
2018,BA,AVANTE,7033,LUIZ CARLOS BASSUMA,True,True,True,True,True,True,False,False,False,False,True,True,0,22710.0
2018,BA,AVANTE,7044,BETANIA DE SOUZA REIS,False,False,False,False,False,False,False,False,False,False,False,False,0,51060.0
2018,BA,AVANTE,7060,JULIO CESAR RIBEIRO DIAS,False,False,False,False,False,False,False,False,False,False,False,False,0,4010.0
2018,BA,AVANTE,7065,MARIA LUCIA DA COSTA DE SOUZA,False,False,False,False,False,False,False,False,False,False,False,False,0,45600.0
2018,BA,AVANTE,7066,VALMIR DE FIGUEIREDO,False,False,False,False,False,False,False,False,False,False,False,False,0,
2018,BA,AVANTE,7070,CARLOS TITO MARQUES CORDEIRO,False,False,True,False,False,False,False,False,False,True,False,False,1,271000.0
2018,BA,AVANTE,7088,LUCAS CONCEIÇÃO LEITE,False,False,False,False,False,False,False,False,False,False,False,False,0,
2018,BA,DC,2700,MARCELINO JOSÉ GUIMARAES SANTANA,False,False,False,False,False,False,False,False,False,False,False,False,0,8000.0
2018,BA,DC,2701,MAURO TORRES BARBOSA,False,False,False,False,False,False,False,False,False,False,False,False,0,
2018,BA,DC,2706,NEIVA MARIA SANTANA GUERRA,False,False,False,False,False,False,False,False,False,False,False,False,0,100000.0
2018,BA,DC,2707,JOSÉ ALVARO FRANÇA RIOS,False,False,False,False,False,False,False,False,False,False,False,False,0,8000.0
2018,BA,DC,2711,NYCOLLE BRAZ DA SILVA,False,False,False,False,False,False,False,False,False,False,False,False,0,7000.0
2018,BA,DC,2712,SIMONE BISINOTTO GOMES,False,False,False,False,False,False,False,False,False,False,False,False,0,90000.0
2018,BA,DC,2717,ALÍRIO CAVALCANTI FERREIRA,False,False,False,False,False,False,False,False,False,False,False,False,0,3500.0
2018,BA,DC,2722,RAFLE MUNIZ SALUME,False,False,False,False,False,False,False,False,False,False,False,False,0,8000.0
2018,BA,DC,2727,AZIZ ALBERTO RAMOS SANTOS,True,True,True,True,False,True,False,False,False,False,True,True,0,8000.0
2018,BA,DC,2728,ROMERIO DA CRUZ PEREIRA,False,False,False,False,False,False,False,False,False,False,False,False,0,3500.0
2018,BA,DC,2729,ANGELITA ALVES DOS SANTOS,False,False,False,False,False,False,False,False,False,False,False,False,0,7000.0
2018,BA,DC,2733,EMILIO CARNEIRO BACELAR,False,False,False,False,False,False,False,False,False,False,False,False,0,3500.0
2018,BA,DC,2744,ANA CLAUDIA DA SILVA LIMA,False,False,False,False,False,False,False,False,False,False,False,False,0,100000.0
2018,BA,DC,2777,ADALTO DE SANTANA FILHO,False,False,False,False,False,False,False,False,False,False,False,False,0,
2018,BA,DC,2789,DJALMA BISPO SILVA,False,False,False,False,False,False,False,False,False,False,False,False,0,3500.0
2018,BA,DEM,2500,REGINALDO DA SILVA DE ANDRADE,False,False,False,False,False,False,False,False,False,False,False,False,0,
2018,BA,DEM,2502,JOSÉ RODRIGUES DA SILVA,False,False,False,False,False,False,False,False,False,False,False,False,0,
2018,BA,DEM,2503,KATIA MARIA ALVES SANTOS,False,False,False,False,False,False,False,False,False,False,False,False,0,260250.0
2018,BA,DEM,2505,RUBENILSON JESUS DE SOUZA,False,False,False,False,False,False,False,False,False,False,False,False,0,
2018,BA,DEM,2509,JORGE AUGUSTO FERREIRA DE ARAGÃO,False,False,False,False,False,False,False,False,False,False,False,False,0,
2018,BA,DEM,2510,FRANCISCO PEREIRA FRANCO JÚNIOR,True,True,True,True,False,True,False,False,False,False,True,True,0,50000.0
2018,BA,DEM,2511,ORLANDO PEREIRA PALHINHA,True,True,True,True,False,True,False,False,False,False,True,True,0,80250.0
2018,BA,DEM,2512,ARTHUR DE OLIVEIRA MAIA DA SILVA,True,True,True,True,True,True,False,False,False,False,True,True,1,940250.0
2018,BA,DEM,2515,ANA SHEILA LEMOS ANDRADE,False,False,False,False,False,False,False,False,False,False,False,False,0,170000.0
2018,BA,DEM,2516,GENILSON GONCALVES SANTOS,False,False,False,False,False,False,False,False,False,False,False,False,0,
2018,BA,DEM,2519,SAULO ROBERIO LEAL DIAS,False,False,True,False,False,False,False,False,False,True,False,False,0,20000.0
2018,BA,DEM,2520,JOSÉ WELDON DE CARVALHO SANTANA,False,True,True,False,True,False,False,True,False,True,False,False,0,40000.0
2018,BA,DEM,2522,ANTONIA MAGALHÃES DA CRUZ,True,True,True,True,True,True,False,True,False,True,True,True,0,500000.0
2018,BA,DEM,2524,LEO KRET DO BRASIL DE SOUZA SANTOS,True,True,True,True,False,True,False,False,False,False,True,True,0,30000.0
2018,BA,DEM,2525,LEUR ANTONIO DE BRITTO LOMANTO JUNIOR,True,True,True,True,True,True,False,False,False,False,True,True,1,500250.0
2018,BA,DEM,2526,PAULO VELLOSO DANTAS AZI,True,True,True,True,True,True,False,False,False,False,True,True,1,840250.0
2018,BA,DEM,2527,VERA LÚCIA GOMES DE JESUS,False,False,False,False,False,False,False,False,False,False,False,False,0,
2018,BA,DEM,2533,MARILEIDE DE FRANÇA SANTOS,False,False,False,False,False,False,False,False,False,False,False,False,0,
2018,BA,DEM,2535,ERICA ALVES DE JESUS,False,False,False,False,False,False,False,False,False,False,False,False,0,20000.0
2018,BA,DEM,2540,RILZA COSTA GALLO,False,False,False,False,False,False,False,False,False,False,False,False,0,
2018,BA,DEM,2541,UBIRAJARA TAVARES GOMES DOS SANTOS,False,False,False,False,False,False,False,False,False,False,False,False,0,
2018,BA,DEM,2544,EDIVALDO RIBEIRO E SILVA,False,False,False,False,False,False,False,False,False,False,False,False,0,80250.0
2018,BA,DEM,2545,AVANI DAS VIRGENS DE ALMEIDA,False,False,False,False,False,False,False,False,False,False,False,False,0,
2018,BA,DEM,2550,SAULO WANDERSON BARROS CALMON DE OLIVEIRA,False,False,False,False,False,False,False,False,False,False,False,False,0,
2018,BA,DEM,2552,ELMAR JOSÉ VIEIRA NASCIMENTO,True,True,True,True,True,True,False,False,False,False,True,True,1,1100250.0
2018,BA,DEM,2555,JOSÉ CARLOS ALELUIA COSTA,True,True,True,True,True,True,False,False,False,True,True,True,0,790250.0
2018,BA,DEM,2558,MÁRCIO ROGÉRIO DE SOUZA,False,False,False,False,False,False,False,False,False,False,False,False,0,50000.0
2018,BA,DEM,2560,VALDENIR BRITO GUIMARÃES,False,False,False,False,False,False,False,False,False,False,False,False,0,10000.0
2018,BA,DEM,2565,QUÉLEM CÁSSIA ALVES ROSA,False,False,False,False,False,False,False,False,False,False,False,False,0,
2018,BA,DEM,2566,PAULO MENESES DA FONSECA,False,False,False,False,False,False,False,False,False,False,False,False,0,
2018,BA,DEM,2574,MARINALVA DOS SANTOS FERREIRA,False,False,False,False,False,False,False,False,False,False,False,False,0,
2018,BA,DEM,2576,JOÃO CARLOS SILVA DE JESUS,False,False,False,False,False,False,False,False,False,False,False,False,0,
2018,BA,DEM,2577,GERUSA MARIA BASTOS SILVA SAMPAIO,False,False,False,False,False,False,False,False,False,False,False,False,0,300250.0
2018,BA,DEM,2578,ANTONIO RIBEIRO NEIVA,False,False,False,False,False,False,False,False,False,False,False,False,0,
2018,BA,DEM,2580,MÁRCIO JANDIR SILVA SOARES,False,False,True,False,False,False,False,False,False,True,False,False,0,50000.0
2018,BA,DEM,2588,ADALBERTO DUTRA ROCHA,False,False,False,False,False,False,False,False,False,False,False,False,0,50000.0
2018,BA,DEM,2598,ANA VIRGINIA TAVARES LISBOA DE CERQUEIRA,False,False,False,False,False,False,False,False,False,False,False,False,0,
2018,BA,DEM,2599,JONATAS DAYAN LISBOA DOS SANTOS,False,False,False,False,False,False,False,False,False,False,False,False,0,10250.0
2018,BA,MDB,1500,MARCOS AURELIO SANTOS MARQUES DOURADO,False,False,False,False,False,False,False,False,False,False,False,False,0,76000.0
2018,BA,MDB,1502,GISLENE PEREIRA DOS SANTOS,False,False,False,False,False,False,False,False,False,False,False,False,0,10000.0
2018,BA,MDB,1503,MARUSE DANTAS XAVIER,False,False,False,False,False,False,False,False,False,False,False,False,0,80000.0
2018,BA,MDB,1505,ANTONIO MOREIRA DE MATOS,False,False,False,False,False,False,False,False,False,False,False,False,0,30000.0
2018,BA,MDB,1506,RITA DE CASSIA MACHADO CARREGOSA,False,False,False,False,False,False,False,False,False,False,False,False,0,10000.0
2018,BA,MDB,1510,RUI REI MATOS MACEDO,True,True,True,True,True,True,False,True,False,True,True,True,0,120000.0
2018,BA,MDB,1511,CASSIO REQUIÃO BARRETO,False,False,True,False,False,False,False,False,False,True,False,False,0,20000.0
2018,BA,MDB,1512,GERSON SILVA GABRIELLI,True,True,True,True,True,True,False,False,False,False,True,True,0,300000.0
2018,BA,MDB,1514,JOSE ALMEIDA ROCHA,False,False,False,False,False,False,False,False,False,False,False,False,0,30000.0
2018,BA,MDB,1516,JANDIRA RODRIGUES DE SANTANA,False,False,False,False,False,False,False,False,False,False,False,False,0,10000.0
2018,BA,MDB,1518,LÚCIO QUADROS VIEIRA LIMA,True,True,True,True,True,True,False,False,False,False,True,True,0,1500000.0
2018,BA,MDB,1520,LUCIANE LIMA DA SILVA,False,False,False,False,False,False,False,False,False,False,False,False,0,10000.0
2018,BA,MDB,1522,PEDRO ARNALDO ANDRADE MARTINS,False,False,False,False,False,False,False,False,False,False,False,False,0,
2018,BA,MDB,1525,ANTONIO CARLOS COSTA REIS,False,False,False,False,False,False,False,False,False,False,False,False,0,20000.0
2018,BA,MDB,1526,KLEBER DE CARVALHO,False,False,False,False,False,False,False,False,False,False,False,False,0,
2018,BA,MDB,1533,LUCIANO DE SOUSA SANTOS,False,False,False,False,False,False,False,False,False,False,False,False,0,
2018,BA,MDB,1535,PERILIA CORREIA BULCÃO,False,False,False,False,False,False,False,False,False,False,False,False,0,10000.0
2018,BA,MDB,1543,VALDEMIR ALMEIDA DO ROSARIO,False,False,False,False,False,False,False,False,False,False,False,False,0,20000.0
2018,BA,MDB,1544,PRISCILA CARVALHO SOUZA,False,False,False,False,False,False,False,False,False,False,False,False,0,10000.0
2018,BA,MDB,1550,VALDEMAR BORGES VIEIRA JUNIOR,False,False,False,False,False,False,False,False,False,False,False,False,0,
2018,BA,MDB,1554,MILTON JOÃO SOARES BARBOSA,True,True,True,True,True,True,False,False,False,False,True,True,0,100000.0
2018,BA,MDB,1556,ANA PAULA CUNHA DE OLIVEIRA,False,False,False,False,False,False,False,False,False,False,False,False,0,25000.0
2018,BA,MDB,1559,HERNANI LOPES DE SÁ,False,False,False,False,False,False,False,False,False,False,False,False,0,20000.0
2018,BA,MDB,1560,JANSER SOARES MESQUITA,False,True,True,False,True,False,False,True,False,True,False,False,0,
2018,BA,MDB,1561,DEISILANE CAROLINA DOS SANTOS,False,False,False,False,False,False,False,False,False,False,False,False,0,10000.0
2018,BA,MDB,1563,RUY LIMA ARAGÃO,False,False,False,False,False,False,False,False,False,False,False,False,0,
2018,BA,MDB,1565,ELIEL AMANCIO BISPO,False,False,False,False,False,False,False,False,False,False,False,False,0,20000.0
2018,BA,MDB,1567,ANTONIO NORONHA OLIVEIRA JUNIOR,False,False,False,False,False,False,False,False,False,False,False,False,0,
2018,BA,MDB,1569,LUIZ HENRIQUE UAQUIM DA SILVA,False,False,False,False,False,False,False,False,False,False,False,False,0,80000.0
2018,BA,MDB,1577,MONICA CORREA MARAPARA,False,False,False,False,False,False,False,False,False,False,False,False,0,80000.0
2018,BA,MDB,1578,NESTOR JOSE MARIA NETO,False,False,False,False,False,False,False,False,False,False,False,False,0,140019.0
2018,BA,MDB,1580,ANDRE LUIZ ELOY COSTA,False,False,False,False,False,False,False,False,False,False,False,False,0,114000.1
2018,BA,MDB,1581,CARLOS HUMBERTO DE GOES SANTIAGO,False,False,False,False,False,False,False,False,False,False,False,False,0,5000.0
2018,BA,MDB,1587,VIONICE DA SILVA PEDREIRA,False,False,False,False,False,False,False,False,False,False,False,False,0,10000.0
2018,BA,MDB,1588,MARINALVA RODRIGUES GUIMARÃES,False,False,False,False,False,False,False,False,False,False,False,False,0,20000.0
2018,BA,MDB,1599,MIGUEL TANURE CORREIA,False,False,False,False,False,False,False,False,False,False,False,False,0,100000.0
2018,BA,NOVO,3000,CEZAR MENEZES ALMEIDA,False,False,False,False,False,False,False,False,False,False,False,False,0,7349.16
2018,BA,NOVO,3010,NUBIA NAJARA DA SILVA SIMÕES ESTRELA,False,False,False,False,False,False,False,False,False,False,False,False,0,2349.16
2018,BA,NOVO,3021,LEONARDO PRAZERES ALVES,False,False,False,False,False,False,False,False,False,False,False,False,0,3849.16
2018,BA,NOVO,3024,JEFFERSON LEITE DE MELO,False,False,False,False,False,False,False,False,False,False,False,False,0,3849.16
2018,BA,NOVO,3030,PRISCILA CHAMMAS DÁU,False,False,False,False,False,False,False,False,False,False,False,False,0,4849.16
2018,BA,NOVO,3033,EDIMAR AGUIAR SILES,False,False,False,False,False,False,False,False,False,False,False,False,0,2679.16
2018,BA,NOVO,3040,TEREZA MARIA MENSITIERI MIRANDA,False,False,False,False,False,False,False,False,False,False,False,False,0,3849.16
2018,BA,NOVO,3077,JARDEL ARAUJO DE BARROS,False,False,False,False,False,False,False,False,False,False,False,False,0,3849.16
2018,BA,PATRI,5100,PAULO ALMEIDA,False,False,False,False,False,False,False,False,False,False,False,False,0,1650.61
2018,BA,PATRI,5101,MANDYRA DE OLIVEIRA RAMOS,False,False,False,False,False,False,False,False,False,False,False,False,0,1726.88
2018,BA,PATRI,5102,JACSON BOSCO DOS SANTOS,False,False,False,False,False,False,False,False,False,False,False,False,0,1650.61
2018,BA,PATRI,5105,ANTONIO SILVA DOS SANTOS,False,False,False,False,False,False,False,False,False,False,False,False,0,
2018,BA,PATRI,5106,ROBSON PEREIRA DA SILVA,False,False,False,False,False,False,False,False,False,False,False,False,0,1650.61
2018,BA,PATRI,5107,LAZARO BATISTA DO AMARAL FILHO,False,False,False,False,False,False,False,False,False,False,False,False,0,1715.61
2018,BA,PATRI,5109,AMANDA MANOELE DOS SANTOS GONÇALVES,False,False,False,False,False,False,False,False,False,False,False,False,0,235.0
2018,BA,PATRI,5110,EMANOEL ARAÚJO LIMA,False,False,False,False,False,False,False,False,False,False,False,False,0,
2018,BA,PATRI,5111,ROGERIO BOMFIM LEMOS ARAGÃO,False,False,False,False,False,False,False,False,False,False,False,False,0,4093.1099999999997
2018,BA,PATRI,5112,ELI SAMUEL SANTANA PEREIRA,False,False,False,False,False,False,False,False,False,False,False,False,0,2040.61
2018,BA,PATRI,5114,PATRICIA SOUZA SILVA,False,False,False,False,False,False,False,False,False,False,False,False,0,1729.88
2018,BA,PATRI,5115,JOÃO ALCIDES REIS DE FREITAS,False,False,False,False,False,False,False,False,False,False,False,False,0,
2018,BA,PATRI,5116,DANIELE DE MELO GONÇALVES,False,False,False,False,False,False,False,False,False,False,False,False,0,1121.88
2018,BA,PATRI,5117,SINVAL ALENCAR SILVA,False,False,False,False,False,False,False,False,False,False,False,False,0,
2018,BA,PATRI,5118,JOSEANE CARVALHO DAS VIRGENS,False,False,False,False,False,False,False,False,False,False,False,False,0,2731.88
2018,BA,PATRI,5120,JULIANA FERREIRA CARNEIRO,False,False,False,False,False,False,False,False,False,False,False,False,0,6051.88
2018,BA,PATRI,5121,JOSE CARLOS GUILHERME SANTOS,True,False,False,True,False,False,True,False,False,False,True,False,0,2918.1099999999997
2018,BA,PATRI,5122,WALDEMAR BRITES DOS SANTOS PORTUGAL FILHO,False,False,False,False,False,False,False,False,False,False,False,False,0,1650.61
2018,BA,PATRI,5123,DIRAN OLIVEIRA SANTOS FILHO,False,False,False,False,False,False,False,False,False,False,False,False,0,8443.11
2018,BA,PATRI,5125,ALEXANDRA PEREIRA DE OLIVEIRA GARRIDO,False,False,False,False,False,False,False,False,False,False,False,False,0,1121.88
2018,BA,PATRI,5130,MARCO AURÉLIO DO AMARAL VARJÃO,False,False,False,False,False,False,False,False,False,False,False,False,0,2040.61
2018,BA,PATRI,5133,ROZANIA RIBEIRO LOPES MACEDO,False,False,False,False,False,False,False,False,False,False,False,False,0,5871.88
2018,BA,PATRI,5134,PRICILA ARAPONGA PIRES LEAL,False,False,False,False,False,False,False,False,False,False,False,False,0,1521.88
2018,BA,PATRI,5135,MARIA MADALENA MATA MOURA,False,False,False,False,False,False,False,False,False,False,False,False,0,2121.88
2018,BA,PATRI,5136,MARLON SANTOS SILVA,False,False,False,False,False,False,False,False,False,False,False,False,0,1650.61
2018,BA,PATRI,5138,MARCIO DE JESUS BEZERRA,False,False,False,False,False,False,False,False,False,False,False,False,0,2268.1099999999997
2018,BA,PATRI,5141,ELIAN TAVARES DE MELO,False,False,False,False,False,False,False,False,False,False,False,False,0,2040.61
2018,BA,PATRI,5144,FRANCISCO ANTONIO DA SILVA FILHO,False,False,False,False,False,False,False,False,False,False,False,False,0,2040.61
2018,BA,PATRI,5150,ALEXANDRE ABUTRAB NASCIMENTO GUERRA,False,False,False,False,False,False,False,False,False,False,False,False,0,5443.11
2018,BA,PATRI,5151,ERIVELTON LIMA SANTANA,True,True,True,True,True,True,False,False,False,False,True,True,0,150710.11
2018,BA,PATRI,5152,ALBERTO MARIO CONCEIÇÃO SANTOS CAMPOS,False,False,False,False,False,False,False,False,False,False,False,False,0,1700.61
2018,BA,PATRI,5155,ROBERTO GIBSON FERREIRA COSTA,False,False,False,False,False,False,False,False,False,False,False,False,0,1650.61
2018,BA,PATRI,5157,EVERALDO ROCHA SANTOS,False,False,False,False,False,False,False,False,False,False,False,False,0,1650.61
2018,BA,PATRI,5166,JOSE GERALDO DE QUEIROS,False,False,False,False,False,False,False,False,False,False,False,False,0,1650.61
2018,BA,PATRI,5167,NILTON DE SENA OLIVEIRA,False,False,False,False,False,False,False,False,False,False,False,False,0,2528.1099999999997
2018,BA,PATRI,5170,EDCHARLES ALVINO DE OLIVEIRA,False,False,False,False,False,False,False,False,False,False,False,False,0,1650.61
2018,BA,PATRI,5177,SONJA MARIA SILVA VASCONCELOS,False,False,False,False,False,False,False,False,False,False,False,False,0,1121.88
2018,BA,PATRI,5188,ANA PAULA PAZ SILVA,False,False,False,False,False,False,False,False,False,False,False,False,0,3227.88
2018,BA,PATRI,5199,RUITER FRANCO,False,False,False,False,False,False,False,False,False,False,False,False,0,2528.1099999999997
2018,BA,PC do B,6522,ALICE MAZZUCO PORTUGAL,True,True,True,True,True,True,False,False,False,True,True,True,1,1448438.23
2018,BA,PC do B,6565,DANIEL GOMES DE ALMEIDA,True,True,True,True,True,True,False,False,False,False,True,True,1,1361897.64
2018,BA,PCO,2900,FLORIANO DIAS DE ANDRADE FILHO,False,False,False,False,False,False,False,False,False,False,False,False,0,1350.0
2018,BA,PCO,2929,DANIELLY CRESPI,False,False,False,False,False,False,False,False,False,False,False,False,0,2350.0
2018,BA,PDT,1200,FABRICIO ARGOLO FIGUEREDO,False,False,False,False,False,False,False,False,False,False,False,False,0,
2018,BA,PDT,1201,GUILHERME VITORIO BRANDÃO MARIANI DA SILVEIRA,False,False,False,False,False,False,False,False,False,False,False,False,0,
2018,BA,PDT,1205,EDNA SANTOS PEREIRA,False,False,False,False,False,False,False,False,False,False,False,False,0,10975.0
2018,BA,PDT,1207,ROBERTO DIAS DA SILVA,False,False,False,False,False,False,False,False,False,False,False,False,0,20000.0
2018,BA,PDT,1210,ANTONIO TADEU NASCIMENTO FERNANDES,True,True,True,True,True,True,False,False,False,False,True,True,0,78990.0
2018,BA,PDT,1211,ALESSANDRA CONCEIÇÃO DOS SANTOS,False,False,False,False,False,False,False,False,False,False,False,False,0,20975.0
2018,BA,PDT,1212,ODIOSVALDO BOMFIM VIGAS,True,True,True,True,False,True,False,False,False,False,True,True,0,
2018,BA,PDT,1213,JORGE LUIS ARAÚJO COSTA,False,False,False,False,False,False,False,False,False,False,False,False,0,3470.02
2018,BA,PDT,1214,WILLY CUNHA TEIXEIRA DA SILVA,False,False,False,False,False,False,False,False,False,False,False,False,0,4736.0
2018,BA,PDT,1217,IVALDO SANTOS FERREIRA,False,False,False,False,False,False,False,False,False,False,False,False,0,279.0
2018,BA,PDT,1222,COSME ARAÚJO SANTOS,False,False,True,False,False,False,False,False,False,True,False,False,0,50000.0
2018,BA,PDT,1223,ALEX MARCO SANTANA SOUSA,False,False,False,False,False,False,False,False,False,False,False,False,1,
2018,BA,PDT,1230,ARLICE GOMES DA SILVA,False,False,False,False,False,False,False,False,False,False,False,False,0,23780.0
2018,BA,PDT,1231,NIVALDO TEIXEIRA LIMA FILHO,False,False,False,False,False,False,False,False,False,False,False,False,0,2974.0
2018,BA,PDT,1232,PEDRO ANTONIO FERREIRA AMORIM,False,False,False,False,False,False,False,False,False,False,False,False,0,2904.0
2018,BA,PDT,1233,WALSON GAGLIANO DE ALVARENGA,False,False,False,False,False,False,False,False,False,False,False,False,0,
2018,BA,PDT,1234,FELIX DE ALMEIDA MENDONÇA JUNIOR,True,True,True,True,True,True,False,False,False,False,True,True,1,800000.0
2018,BA,PDT,1235,ANDRÉA CONCEIÇÃO DOS SANTOS,False,False,False,False,False,False,False,False,False,False,False,False,0,10457.0
2018,BA,PDT,1236,ANTONIO MANGABEIRA FRANÇA,False,False,True,False,False,False,False,False,False,True,False,False,0,
2018,BA,PDT,1238,ANA PAULA DOS SANTOS,False,False,False,False,False,False,False,False,False,False,False,False,0,10975.0
2018,BA,PDT,1239,WASHINGTON LUIZ AIRES VELOSO,False,False,False,False,False,False,False,False,False,False,False,False,0,2974.0
2018,BA,PDT,1240,IPORAN SOUTO BENJAMIM,False,False,False,False,False,False,False,False,False,False,False,False,0,
2018,BA,PDT,1244,JOAQUIM ALMEIDA TORQUATO JUNIOR,False,False,False,False,False,False,False,False,False,False,False,False,0,404.0
2018,BA,PDT,1245,MARCELO LIMA DOURADO MATOS,False,False,False,False,False,False,False,False,False,False,False,False,0,489.0
2018,BA,PDT,1250,RAIMUNDO MIRANDA DE OLIVEIRA,False,False,False,False,False,False,False,False,False,False,False,False,0,
2018,BA,PDT,1253,TEREZINHA DE JESUS NASCIMENTO,False,False,False,False,False,False,False,False,False,False,False,False,0,17650.0
2018,BA,PDT,1256,ADEMAR FRANCISCO RIBEIRO,False,False,False,False,False,False,False,False,False,False,False,False,0,776.0
2018,BA,PDT,1266,PÂMELA CHAGAS CIRQUEIRA,False,False,False,False,False,False,False,False,False,False,False,False,0,10000.0
2018,BA,PDT,1267,CARMEN SENTO SÉ SOUZA,False,False,False,False,False,False,False,False,False,False,False,False,0,11254.0
2018,BA,PDT,1268,MARIA CRISPINA DE JESUS,False,False,False,False,False,False,False,False,False,False,False,False,0,
2018,BA,PDT,1277,ALFREDO BRAGA DE CASTRO,False,False,False,False,False,False,False,False,False,False,False,False,0,61983.5
2018,BA,PDT,1283,MARIA CELIA CARVALHO DA SILVA,False,False,False,False,False,False,False,False,False,False,False,False,0,10975.0
2018,BA,PDT,1287,NIVALDO SANTANA MATEO,False,False,False,False,False,False,False,False,False,False,False,False,0,
2018,BA,PDT,1288,RITA DE CÁSSIA SANTANA SOUSA,False,False,False,False,False,False,False,False,False,False,False,False,0,10975.0
2018,BA,PDT,1291,FABIANE SANTOS SANTANA,False,False,False,False,False,False,False,False,False,False,False,False,0,10000.0
2018,BA,PDT,1299,ACELINO FREITAS,True,True,True,True,False,True,False,False,False,False,True,True,0,80250.0
2018,BA,PHS,3100,JOSE ABILIO SILVA DE SANTANA,True,True,True,True,False,True,False,False,False,False,True,True,1,34500.0
2018,BA,PHS,3101,VALDENOR MILITAO VILELA DOURADO,True,True,True,True,False,True,False,False,False,True,True,True,0,
2018,BA,PHS,3110,JOAO EDSON SANTANA SOUZA,False,False,False,False,False,False,False,False,False,False,False,False,0,
2018,BA,PHS,3111,ANDERSON MACHADO DE JESUS,False,False,False,False,False,False,False,False,False,False,False,False,1,4399.0
2018,BA,PHS,3113,EDSON SAMPAIO PIMENTA,True,True,True,True,True,True,False,False,False,False,True,True,0,
2018,BA,PHS,3115,IZA DIAS BARBOSA,False,False,False,False,False,False,False,False,False,False,False,False,0,3000.0
2018,BA,PHS,3123,MARCOS ANTONIO DO MONTE,False,False,False,False,False,False,False,False,False,False,False,False,0,3581.81
2018,BA,PHS,3125,LUCIANE APARECIDA SILVA BRITO VIEIRA,False,False,False,False,False,False,False,False,False,False,False,False,0,104671.81
2018,BA,PHS,3131,CLAUDIO SOUZA DA SILVA,False,False,False,False,False,False,False,False,False,False,False,False,0,104031.81
2018,BA,PHS,3132,PAULO FERREIRA MARTINS,False,False,False,False,False,False,False,False,False,False,False,False,0,
2018,BA,PHS,3133,CUSTODIO LACERDA BRITO,False,False,False,False,False,False,False,False,False,False,False,False,0,1250.0
2018,BA,PHS,3134,ALAN BRUNO FREITAS MIRANDA,False,False,False,False,False,False,False,False,False,False,False,False,0,600.0
2018,BA,PHS,3144,VALTER LUIZ PEREIRA DAS VIRGENS,False,False,False,False,False,False,False,False,False,False,False,False,0,
2018,BA,PHS,3145,JOÃO PEDRO LABRIOLA CARDOZO,False,False,True,False,False,False,False,False,False,True,False,False,0,4431.8099999999995
2018,BA,PHS,3155,CEZAR FERREIRA DOS SANTOS SILVA,False,True,True,False,True,False,False,True,False,True,False,False,0,4856.0
2018,BA,PHS,3161,ROSIMEIRE SILVA DOS SANTOS,False,False,False,False,False,False,False,False,False,False,False,False,0,
2018,BA,PHS,3163,VALDIR RIBEIRO DE SOUZA,False,False,False,False,False,False,False,False,False,False,False,False,0,1250.0
2018,BA,PHS,3169,VALTERIO LIMA DE BRITO,False,False,False,False,False,False,False,False,False,False,False,False,0,3581.81
2018,BA,PHS,3177,RUI MENDES SILVA,False,False,False,False,False,False,False,False,False,False,False,False,0,1250.0
2018,BA,PHS,3180,ALBA REGINA CABRAL DE SANTANA RIBEIRO,False,False,False,False,False,False,False,False,False,False,False,False,0,115000.0
2018,BA,PHS,3188,MARCELO DE MELO SILVA,True,True,True,True,False,True,False,False,False,False,True,True,0,
2018,BA,PHS,3189,MEIREVANIA DOS SANTOS NASCIMENTO,False,False,False,False,False,False,False,False,False,False,False,False,0,
2018,BA,PHS,3190,JOSAFÁ RAMOS DOS SANTOS,True,True,True,True,False,True,False,False,False,False,True,True,0,3581.81
2018,BA,PHS,3191,RITA DE CASSIA OLIVEIRA DA SILVA,False,False,False,False,False,False,False,False,False,False,False,False,0,
2018,BA,PHS,3199,JOUSE CARMO DE JESUS,False,False,False,False,False,False,False,False,False,False,False,False,0,
2018,BA,PMB,3535,ANA RITA TAVARES TEIXEIRA,True,True,True,True,False,True,False,False,False,False,True,True,0,385000.0
2018,BA,PMN,3300,FERNANDO DE SOUZA E LIMA CORRÊLO,False,False,False,False,False,False,False,False,False,False,False,False,0,94000.0
2018,BA,PMN,3313,WILSON GOMES LIMA,False,False,False,False,False,False,False,False,False,False,False,False,0,3000.0
2018,BA,PMN,3315,ANTONIO BATISTA SANTOS,False,False,False,False,False,False,False,False,False,False,False,False,0,3000.0
2018,BA,PMN,3322,FABIANO ALMEIDA RESENDE,False,False,False,False,False,False,False,False,False,False,False,False,0,
2018,BA,PMN,3325,GUIMARINA MARIA DE OLIVEIRA DOS SANTOS,False,False,False,False,False,False,False,False,False,False,False,False,0,3000.0
2018,BA,PMN,3333,HECKEL HERBERT PEDREIRA SANTOS,False,False,False,False,False,False,False,False,False,False,False,False,0,100000.0
2018,BA,PMN,3377,ANDRE SANTOS DE OLIVEIRA,False,False,False,False,False,False,False,False,False,False,False,False,0,3000.0
2018,BA,PMN,3388,JANAINA SANTOS DE OLIVEIRA DOS SANTOS,False,False,False,False,False,False,False,False,False,False,False,False,0,3000.0
2018,BA,PODE,1900,ADRIANA MARIA DE ARAUJO MENEZES,False,False,False,False,False,False,False,False,False,False,False,False,0,25000.0
2018,BA,PODE,1919,JOÃO CARLOS BACELAR BATISTA,True,True,True,True,True,True,False,False,False,False,True,True,1,840000.0
2018,BA,PODE,1930,CLAUDIO EMANUEL ABDALA DE SANTANA,False,False,False,False,False,False,False,False,False,False,False,False,0,
2018,BA,PODE,1955,AURENIA ARAUJO TORRES,False,False,False,False,False,False,False,False,False,False,False,False,0,
2018,BA,PP,1111,MÁRIO SILVIO MENDES NEGROMONTE JÚNIOR,True,True,True,True,True,True,False,False,False,False,True,True,1,1783274.0
2018,BA,PP,1115,CARLOS FELIPE VAZQUEZ DE SOUZA LEÃO,True,True,True,True,True,True,False,False,False,True,True,True,1,1783274.0
2018,BA,PP,1116,SILVANA RIBEIRO MENDES,False,False,False,False,False,False,False,False,False,False,False,False,0,80000.0
2018,BA,PP,1122,CLAUDIO CAJADO SAMPAIO,True,True,True,True,True,True,False,False,False,False,True,True,1,2082632.0
2018,BA,PP,1123,MARCOS ANTONIO MEDRADO,True,True,True,True,True,True,False,False,False,False,True,True,0,1232040.0
2018,BA,PP,1133,ERICA BATISTA DE SANTANA,False,False,False,False,False,False,False,False,False,False,False,False,0,194350.0
2018,BA,PP,1144,RONALDO CARLETTO,True,True,True,True,True,True,False,False,False,False,True,True,1,1315252.0
2018,BA,PP,1199,KÁTIA MARIA NOVAES DE LIMA,False,False,False,False,False,False,False,False,False,False,False,False,0,
2018,BA,PPL,5400,ULDURICO ALENCAR PINTO,False,False,False,False,False,False,False,False,False,False,False,False,1,98000.0
2018,BA,PPL,5411,LUIZ FERREIRA DIAS,False,False,False,False,False,False,False,False,False,False,False,False,0,
2018,BA,PPL,5413,LENI GOMES,False,False,False,False,False,False,False,False,False,False,False,False,0,
2018,BA,PPL,5433,NELIA MARIA MOREIRA CLEMENTE CARVALHO,False,False,False,False,False,False,False,False,False,False,False,False,0,
2018,BA,PPL,5445,SELMARIA DE ALMEIDA BRITO LEMOS,False,False,False,False,False,False,False,False,False,False,False,False,0,16000.0
2018,BA,PPL,5454,LINDIMAK VITOR DE OLIVEIRA,False,False,False,False,False,False,False,False,False,False,False,False,0,
2018,BA,PPL,5477,ALDINEIA BARRETTO FONTES,False,False,False,False,False,False,False,False,False,False,False,False,0,
2018,BA,PPL,5488,ANA MARIA SANTANA DE JESUS,False,False,False,False,False,False,False,False,False,False,False,False,0,
2018,BA,PPL,5490,NEEMIAS DA COSTA GONÇALVES,False,False,False,False,False,False,False,False,False,False,False,False,0,
2018,BA,PPS,2300,JOCEVAL RODRIGUES DOS SANTOS,True,True,True,True,False,True,False,False,False,False,True,True,0,436587.88
2018,BA,PR,2200,JOSE CARLOS LEAO DE ARAUJO,True,True,True,True,True,True,False,False,False,False,True,True,0,1380000.0
2018,BA,PR,2222,JOSE ALVES ROCHA,True,True,True,True,True,True,False,False,False,False,True,True,1,1400000.0
2018,BA,PR,2288,JOAO CARLOS PAOLILO BACELAR FILHO,True,True,True,True,True,True,False,False,False,False,True,True,1,2000000.0
2018,BA,PRB,1000,CRISTIANE BACELAR TEGOURTI,False,False,False,False,False,False,False,False,False,False,False,False,0,307759.0
2018,BA,PRB,1010,MARCIO CARLOS MARINHO,True,True,True,True,True,True,False,False,False,False,True,True,1,1649271.21
2018,BA,PRB,1012,ERONILDES VASCONCELOS CARVALHO,True,True,True,True,True,True,False,False,False,False,True,True,0,1645360.6
2018,BA,PRB,1025,JOÃO INÁCIO RIBEIRO ROMA NETO,False,False,False,False,False,False,False,False,False,False,False,False,1,1000159.0
2018,BA,PROS,9000,ANTONIO ROBERVAL FRANÇA BARBOSA DOS SANTOS,False,False,False,False,False,False,False,False,False,False,False,False,0,
2018,BA,PROS,9010,DEOCLECIANO JOSE DE SOUZA FILHO,False,False,False,False,False,False,False,False,False,False,False,False,0,
2018,BA,PROS,9012,MARCOS SANTOS VIEIRA,False,False,False,False,False,False,False,False,False,False,False,False,0,
2018,BA,PROS,9013,CLAUDIA OLIVEIRA DE JESUS,False,False,False,False,False,False,False,False,False,False,False,False,0,
2018,BA,PROS,9018,PRINCE ARAUJO KERNER,False,False,False,False,False,False,False,False,False,False,False,False,0,
2018,BA,PROS,9035,VICTOR THIAGO PORTO DOS SANTOS,False,False,False,False,False,False,False,False,False,False,False,False,0,
2018,BA,PROS,9049,NUBIA SILVA CARDOSO GOMES,False,False,False,False,False,False,False,False,False,False,False,False,0,
2018,BA,PROS,9055,FERNANDO HENRIQUE DA CONCEIÇÃO SANTOS,False,False,False,False,False,False,False,False,False,False,False,False,0,
2018,BA,PROS,9056,PATRICIA VANZIN CARDOSO,False,False,False,False,False,False,False,False,False,False,False,False,0,
2018,BA,PROS,9077,MARCELO DE SOUZA CAMPOS,False,False,False,False,False,False,False,False,False,False,False,False,0,
2018,BA,PROS,9090,JOÃO ANTONIO HOLANDA CALDAS,False,False,False,False,False,False,False,False,False,False,False,False,0,256140.0
2018,BA,PROS,9099,ADAILTON SANTOS DIAS,False,False,False,False,False,False,False,False,False,False,False,False,0,
2018,BA,PRP,4415,EZEQUIAS SILVANO DA SILVA,False,False,False,False,False,False,False,False,False,False,False,False,0,
2018,BA,PRP,4422,RAIMUNDO MAGALHÃES COSTA,False,False,False,False,False,False,False,False,False,False,False,False,1,
2018,BA,PRP,4423,VIVIANE PAIM DOS SANTOS,False,False,False,False,False,False,False,False,False,False,False,False,0,2000.0
2018,BA,PRP,4434,ZEZILDA DE SOUZA RANGEL,False,False,False,False,False,False,False,False,False,False,False,False,0,2000.0
2018,BA,PRP,4445,ARLINDO SOUZA DA SILVA,False,False,False,False,False,False,False,False,False,False,False,False,0,
2018,BA,PRP,4455,CRISTIANE ALVES DA SILVA,False,False,False,False,False,False,False,False,False,False,False,False,0,2000.0
2018,BA,PRP,4456,MARIA LUCIA DOS SANTOS LIMA,False,False,False,False,False,False,False,False,False,False,False,False,0,3000.0
2018,BA,PRP,4460,CELENE EPITACIO MIRANDA,False,False,False,False,False,False,False,False,False,False,False,False,0,3000.0
2018,BA,PRP,4470,MARCOS ANTONIO DOS SANTOS LIMA,False,False,False,False,False,False,False,False,False,False,False,False,0,
2018,BA,PRP,4477,ALEXANDRE GOMES MARQUES,False,False,False,False,False,False,False,False,False,False,False,False,0,200000.0
2018,BA,PRP,4478,ELIANA CABRAL DOS SANTOS,False,False,False,False,False,False,False,False,False,False,False,False,0,3000.0
2018,BA,PRTB,2800,LUCIANO FRED BRAGA PENHA,True,True,True,True,False,True,False,False,False,False,True,True,0,55460.0
2018,BA,PRTB,2824,DAVID SALOMÃO DOS SANTOS LIMA,False,False,False,False,False,False,False,False,False,False,False,False,0,
2018,BA,PRTB,2827,ROSEANE DOS SANTOS DIAS,False,False,False,False,False,False,False,False,False,False,False,False,0,8552.0
2018,BA,PRTB,2828,ROGÉRIO TADEU DA LUZ,False,False,False,False,False,False,False,False,False,False,False,False,0,20700.0
2018,BA,PRTB,2833,NELSON ROBERTO DE OLIVEIRA SILVA,False,False,False,False,False,False,False,False,False,False,False,False,0,
2018,BA,PRTB,2856,JOSÉ CALASANS DE SOUSA JUNIOR,False,False,False,False,False,False,False,False,False,False,False,False,0,
2018,BA,PRTB,2888,JOSÉ ERICO RIBEIRO FERREIRA,False,False,False,False,False,False,False,False,False,False,False,False,0,
2018,BA,PRTB,2890,DANIELA CARDOSO DE CARVALHO,False,False,False,False,False,False,False,False,False,False,False,False,0,
2018,BA,PRTB,2899,JOSE ROBERIO MENDES GOMES,False,False,False,False,False,False,False,False,False,False,False,False,0,
2018,BA,PSB,4000,JOSÉ MARCELO DO NASCIMENTO NILO,True,True,True,True,True,True,False,False,False,False,True,True,1,400000.0
2018,BA,PSB,4004,PAULO ROBERTO CRUZ OLIVEIRA,False,False,False,False,False,False,False,False,False,False,False,False,0,5000.0
2018,BA,PSB,4012,SILVIO HUMBERTO DOS PASSOS CUNHA,False,False,False,False,False,False,False,False,False,False,False,False,0,150525.0
2018,BA,PSB,4013,AROLDO PINTO DE AZEREDO,False,False,False,False,False,False,False,False,False,False,False,False,0,
2018,BA,PSB,4022,MARIA DA LUZ LIMA NUNES,False,False,False,False,False,False,False,False,False,False,False,False,0,30914.11
2018,BA,PSB,4040,LÍDICE DA MATA E SOUZA,True,True,True,True,True,True,False,False,False,True,True,True,1,1530000.0
2018,BA,PSC,2000,GIVALDO FIUZA DE ALMEIDA,False,False,False,False,False,False,False,False,False,False,False,False,0,12070.97
2018,BA,PSC,2005,SIMONE DOS SANTOS OLIVEIRA,False,False,False,False,False,False,False,False,False,False,False,False,0,8816.54
2018,BA,PSC,2018,EUNAPIO VIANA GOMES,False,False,False,False,False,False,False,False,False,False,False,False,0,26970.97
2018,BA,PSC,2020,HEBER DE SOUSA SANTANA,False,False,False,False,False,False,False,False,False,False,False,False,0,464271.17
2018,BA,PSC,2022,GEOVANA DA SILVA AMENO,False,False,False,False,False,False,False,False,False,False,False,False,0,9816.54
2018,BA,PSC,2025,DEUSDETE MARTINS OLIVEIRA,False,False,False,False,False,False,False,False,False,False,False,False,0,9816.54
2018,BA,PSC,2044,ROSE KATIANI OLIVEIRA DA SILVA,False,False,False,False,False,False,False,False,False,False,False,False,0,7816.610000000001
2018,BA,PSC,2050,LUIZ NOGUEIRA COUTINHO DE NOVAIS,False,False,False,False,False,False,False,False,False,False,False,False,0,15000.0
2018,BA,PSC,2077,OTAVIO JOEL DE ARAUJO,False,False,False,False,False,False,False,False,False,False,False,False,0,25362.62
2018,BA,PSD,5500,MARCOS ANTONIO NOVAIS,True,True,True,True,True,True,False,False,False,False,True,True,0,800000.0
2018,BA,PSD,5510,ANTONIO LUIZ PARANHOS RIBEIRO LEITE DE BRITO,True,True,True,True,True,True,False,False,False,False,True,True,1,800000.0
2018,BA,PSD,5511,CHARLES FERNANDES SILVEIRA SANTANA,False,True,True,False,True,False,False,True,False,True,False,False,1,800000.0
2018,BA,PSD,5520,TAILANDIA DE SOUZA MACHADO,False,False,True,False,False,False,False,False,False,True,False,False,0,200000.0
2018,BA,PSD,5529,PAULO SERGIO PARANHOS DE MAGALHÃES,True,True,True,True,True,True,False,False,False,False,True,True,0,800000.0
2018,BA,PSD,5533,MIRIAN CHAVES MARTINEZ,False,False,False,False,False,False,False,False,False,False,False,False,0,495000.0
2018,BA,PSD,5566,SIMONE MARIA DOS SANTOS MACEDO MENDES,False,False,False,False,False,False,False,False,False,False,False,False,0,200000.0
2018,BA,PSD,5577,JOSE NUNES SOARES,True,True,True,True,True,True,False,False,False,False,True,True,1,940000.0
2018,BA,PSD,5580,SERGIO LUIS LACERDA BRITO,True,True,True,True,True,True,False,False,False,False,True,True,1,800000.0
2018,BA,PSD,5588,OTTO ROBERTO MENDONÇA DE ALENCAR FILHO,False,False,False,False,False,False,False,False,False,False,False,False,1,874773.05
2018,BA,PSDB,4510,CEZAR FERREIRA LEITE,False,False,False,False,False,False,False,False,False,False,False,False,0,
2018,BA,PSDB,4511,AURENICE BRAGA SANTOS,False,False,False,False,False,False,False,False,False,False,False,False,0,15000.0
2018,BA,PSDB,4522,LUCINEA SOUZA CERQUEIRA,False,False,False,False,False,False,False,False,False,False,False,False,0,102250.0
2018,BA,PSDB,4545,ADOLFO VIANA DE CASTRO NETO,True,True,True,True,True,True,False,False,False,False,True,True,1,1160000.0
2018,BA,PSDB,4555,ANTONIO JOSÉ IMBASSAHY DA SILVA,True,True,True,True,True,True,False,True,False,True,True,True,0,1450000.0
2018,BA,PSDB,4560,LUIZ ROGERIO BASTOS LEAL,False,False,False,False,False,False,False,False,False,False,False,False,0,302250.0
2018,BA,PSDB,4564,MARCOS RIBEIRO ARAUJO,False,False,False,False,False,False,False,False,False,False,False,False,0,52250.0
2018,BA,PSDB,4567,MARIA MÁRCIA GOMES DA SILVA DOS SANTOS,False,False,False,False,False,False,False,False,False,False,False,False,0,293432.21
2018,BA,PSL,1717,DAYANE JAMILLE CARNEIRO DOS SANTOS PIMENTEL,False,False,False,False,False,False,False,False,False,False,False,False,1,483400.0
2018,BA,PSL,1755,JOÃO FERNANDO SILVEIRA BARROS,False,False,False,False,False,False,False,False,False,False,False,False,0,800.0
2018,BA,PSL,1765,LUIZA CAROLINE DOS SANTOS BARBOSA,False,False,False,False,False,False,False,False,False,False,False,False,0,
2018,BA,PSL,1777,ADILSON VICENTE DA SILVA,False,False,False,False,False,False,False,False,False,False,False,False,0,
2018,BA,PSOL,5000,MARIO DINIZ XAVIER DE OLIVEIRA,False,False,False,False,False,False,False,False,False,False,False,False,0,20400.0
2018,BA,PSOL,5001,AVONI FERREIRA DA SILVA,False,False,False,False,False,False,False,False,False,False,False,False,0,
2018,BA,PSOL,5004,JOSÉ FERREIRA GUIRRA,False,False,False,False,False,False,False,False,False,False,False,False,0,
2018,BA,PSOL,5005,MARIA RUBIANA DOS SANTOS,False,False,False,False,False,False,False,False,False,False,False,False,0,13630.0
2018,BA,PSOL,5009,CLARICE ALVES DOS SANTOS,False,False,False,False,False,False,False,False,False,False,False,False,0,1000.0
2018,BA,PSOL,5010,CARLOS ALBERTO ARAUJO DOCIO,False,False,False,False,False,False,False,False,False,False,False,False,0,1328.5700000000002
2018,BA,PSOL,5011,CLAUDIO MAURICIO DA SILVA,False,False,False,False,False,False,False,False,False,False,False,False,0,
2018,BA,PSOL,5012,GILDASIO CARVALHO DA CUNHA,False,False,False,False,False,False,False,False,False,False,False,False,0,1300.0
2018,BA,PSOL,5013,LAINA CRISOSTOMO SOUZA DE QUEIROZ,False,False,False,False,False,False,False,False,False,False,False,False,0,20400.0
2018,BA,PSOL,5014,CRISLANE CONCEIÇÃO DE SOUZA,False,False,False,False,False,False,False,False,False,False,False,False,0,
2018,BA,PSOL,5015,CLEIDE MERCÊS COUTINHO,False,False,False,False,False,False,False,False,False,False,False,False,0,25600.0
2018,BA,PSOL,5018,PAULO MORAES NETO,False,False,False,False,False,False,False,False,False,False,False,False,0,
2018,BA,PSOL,5020,ENOQUE ALVES DE MATOS,False,False,False,False,False,False,False,False,False,False,False,False,0,
2018,BA,PSOL,5021,ELAINE AMARAL DE SOUZA,False,False,False,False,False,False,False,False,False,False,False,False,0,27980.0
2018,BA,PSOL,5022,BERNARDA SILVA DOS SANTOS,False,False,False,False,False,False,False,False,False,False,False,False,0,1000.0
2018,BA,PSOL,5023,DULCE TAMARA DA ROCHA LAMEGO DA SILVA,False,False,False,False,False,False,False,False,False,False,False,False,0,10400.0
2018,BA,PSOL,5024,ISRAEL FERREIRA SANTOS,False,False,False,False,False,False,False,False,False,False,False,False,0,
2018,BA,PSOL,5025,WALISSON JESUS DA PAIXAO,False,False,False,False,False,False,False,False,False,False,False,False,0,
2018,BA,PSOL,5030,MARIA JOSE ALVES MENEZES,False,False,False,False,False,False,False,False,False,False,False,False,0,1050.0
2018,BA,PSOL,5033,JOSE MOZART TANAJURA JUNIOR,False,False,False,False,False,False,False,False,False,False,False,False,0,20000.0
2018,BA,PSOL,5040,CHRISTIANO PABLO ALVES NEIVA,False,False,False,False,False,False,False,False,False,False,False,False,0,1300.0
2018,BA,PSOL,5042,CARLOS EDUARDO SANTOS DA SILVA,False,False,False,False,False,False,False,False,False,False,False,False,0,1700.0
2018,BA,PSOL,5044,JAMILTON FERNANDES DE ALMEIDA SERAFIM,False,False,False,False,False,False,False,False,False,False,False,False,0,10000.0
2018,BA,PSOL,5046,EDSON JUNIOR DOURADO,False,False,False,False,False,False,False,False,False,False,False,False,0,
2018,BA,PSOL,5049,ITAMAR ALVES,False,False,False,False,False,False,False,False,False,False,False,False,0,
2018,BA,PSOL,5050,FRANDERRAK DOS SANTOS MASCARENHAS,False,False,False,False,False,False,False,False,False,False,False,False,0,1300.0
2018,BA,PSOL,5051,DAMIAO DOS SANTOS,False,False,False,False,False,False,False,False,False,False,False,False,0,
2018,BA,PSOL,5052,MAGNO OLIVEIRA ROCHA,False,False,False,False,False,False,False,False,False,False,False,False,0,1300.0
2018,BA,PSOL,5054,PAULO SERGIO FERREIRA RIBEIRO,False,False,False,False,False,False,False,False,False,False,False,False,0,
2018,BA,PSOL,5055,ALDEINO GUIMARÃES DOS SANTOS,False,False,False,False,False,False,False,False,False,False,False,False,0,400.0
2018,BA,PSOL,5056,GERSON AVELINO DA SILVA,False,False,False,False,False,False,False,False,False,False,False,False,0,
2018,BA,PSOL,5060,EUDES OLIVEIRA DE SOUZA,False,False,False,False,False,False,False,False,False,False,False,False,0,10400.0
2018,BA,PSOL,5062,MARCELA PEREIRA DAS VIRGENS SANTOS,False,False,False,False,False,False,False,False,False,False,False,False,0,1328.5700000000002
2018,BA,PSOL,5065,MARCIA PEREIRA DA SILVA VIRGENS,False,False,False,False,False,False,False,False,False,False,False,False,0,1000.0
2018,BA,PSOL,5067,ALTALANO ANDRADE DOS SANTOS,False,False,False,False,False,False,False,False,False,False,False,False,0,
2018,BA,PSOL,5068,IAGO GOMES DA SILVA,False,False,False,False,False,False,False,False,False,False,False,False,0,
2018,BA,PSOL,5070,WALDEYR NOVAES SCHRAMM FILHO,False,False,False,False,False,False,False,False,False,False,False,False,0,
2018,BA,PSOL,5075,MIGUEL ARCANJO BISPO,False,False,False,False,False,False,False,False,False,False,False,False,0,
2018,BA,PSOL,5076,ROSANA SANTOS LIMA,False,False,False,False,False,False,False,False,False,False,False,False,0,1040.0
2018,BA,PSOL,5077,EDVANIA SANTOS MOURA,False,False,False,False,False,False,False,False,False,False,False,False,0,1328.5700000000002
2018,BA,PSOL,5078,NOELIA SANTA ROSA DOS SANTOS,False,False,False,False,False,False,False,False,False,False,False,False,0,1000.0
2018,BA,PSOL,5079,RONALDO SANTOS SILVA,False,False,False,False,False,False,False,False,False,False,False,False,0,10000.0
2018,BA,PSOL,5081,RENAN SAO PEDRO DE SOUZA,False,False,False,False,False,False,False,False,False,False,False,False,0,
2018,BA,PSOL,5088,CARLOS GOMES DA SILVA,False,False,False,False,False,False,False,False,False,False,False,False,0,
2018,BA,PSOL,5089,UILSON MAGALHAES SILVA,False,False,False,False,False,False,False,False,False,False,False,False,0,
2018,BA,PSOL,5090,HAMILTON MOREIRA DE ASSIS,False,False,False,False,False,False,False,False,False,False,False,False,0,20000.0
2018,BA,PSOL,5091,MARIA BARBOSA DE DEUS,False,False,False,False,False,False,False,False,False,False,False,False,0,1000.0
2018,BA,PSOL,5095,TELMA REGINA ARAUJO NONATO,False,False,False,False,False,False,False,False,False,False,False,False,0,2600.0
2018,BA,PSOL,5098,AURICEIA SILVA FERREIRA,False,False,False,False,False,False,False,False,False,False,False,False,0,1328.5700000000002
2018,BA,PSOL,5099,JOSÉ MARCOS LISBOA DOS SANTOS,False,False,False,False,False,False,False,False,False,False,False,False,0,3500.0
2018,BA,PT,1301,AFONSO BANDEIRA FLORENCE,True,True,True,True,True,True,False,False,False,False,True,True,1,900000.0
2018,BA,PT,1310,VALMIR CARLOS DA ASSUNÇÃO,True,True,True,True,True,True,False,False,False,False,True,True,1,900000.0
2018,BA,PT,1312,JOSIAS GOMES DA SILVA,True,True,True,True,True,True,False,False,False,False,True,True,1,900000.0
2018,BA,PT,1313,JORGE JOSÉ SANTOS PEREIRA SOLLA,True,True,True,True,True,True,False,False,False,False,True,True,1,828604.0
2018,BA,PT,1322,WALDENOR ALVES PEREIRA FILHO,True,True,True,True,True,True,False,False,False,False,True,True,1,900000.0
2018,BA,PT,1323,JOSÉ CERQUEIRA DE SANTANA NETO,True,True,True,True,True,True,False,False,False,True,True,True,1,471000.0
2018,BA,PT,1331,CRISTINA BATISTA PORTO,False,False,False,False,False,False,False,False,False,False,False,False,0,13200.0
2018,BA,PT,1334,ELISANGELA DOS SANTOS ARAUJO,True,True,True,True,False,True,False,False,False,False,True,True,0,475200.0
2018,BA,PT,1346,NELSON VICENTE PORTELA PELLEGRINO,True,True,True,True,True,True,False,False,False,False,True,True,1,913000.0
2018,BA,PT,1361,JOSEILDO RIBEIRO RAMOS,True,True,True,True,True,True,False,True,False,True,True,True,0,471000.0
2018,BA,PT,1363,CARLOS MARTINS MARQUES DE SANTANA,False,False,False,False,False,False,False,False,False,False,False,False,0,88500.0
2018,BA,PT,1369,MANUELA CRISTINA BISPO DA CRUZ,False,False,False,False,False,False,False,False,False,False,False,False,0,91700.0
2018,BA,PTB,1400,BENITO DA GAMA SANTOS,True,True,True,True,True,True,False,False,False,False,True,True,0,2446652.75
2018,BA,PTB,1410,LUCILENE FERREIRA SANTOS,False,False,False,False,False,False,False,False,False,False,False,False,0,222075.89
2018,BA,PTB,1414,SEVERIANO ALVES DE SOUZA,True,True,True,True,True,True,False,False,False,False,True,True,0,100000.0
2018,BA,PTC,3600,JOÃO ALESSANDRO DO MONTE,False,False,False,False,False,False,False,False,False,False,False,False,0,
2018,BA,PTC,3606,PRAXEDES OLIVEIRA DANTAS,False,False,False,False,False,False,False,False,False,False,False,False,0,133.32
2018,BA,PTC,3610,TEODORO RIBEIRO GUIMARAES NETO,False,False,False,False,False,False,False,False,False,False,False,False,0,5000.0
2018,BA,PTC,3611,RAIMUNDO NONATO MIRANDA DA SILVA,False,False,False,False,False,False,False,False,False,False,False,False,0,100.0
2018,BA,PTC,3614,LUIS CARLOS MOURA MATOS,False,False,False,False,False,False,False,False,False,False,False,False,0,
2018,BA,PTC,3622,MARCOS ANTONIO RAMOS DA HORA,True,True,True,True,True,True,False,False,False,False,True,True,0,
2018,BA,PTC,3630,POLIDINA FRANCISCA SILVA DE LIMA,False,False,False,False,False,False,False,False,False,False,False,False,0,100.0
2018,BA,PTC,3631,SILVANDIRA ASSIS DA LUZ,False,False,False,False,False,False,False,False,False,False,False,False,0,133.32
2018,BA,PTC,3633,GILDENBERGUE MARINHO DOS SANTOS,False,False,False,False,False,False,False,False,False,False,False,False,0,
2018,BA,PTC,3634,DENILSON OLIVEIRA DE SOUZA,False,False,False,False,False,False,False,False,False,False,False,False,0,
2018,BA,PTC,3635,AILTON SANTOS SOUZA,False,False,False,False,False,False,False,False,False,False,False,False,0,133.32
2018,BA,PTC,3636,RIVAILTON PINTO VELOSO DA SILVA,False,False,False,False,False,False,False,False,False,False,False,False,0,30000.0
2018,BA,PTC,3637,ANDERSON DA SILVA MUNIZ,True,True,True,True,False,True,False,False,False,False,True,True,0,200000.0
2018,BA,PTC,3644,KLEBER AVELINO DA CRUZ,False,False,False,False,False,False,False,False,False,False,False,False,0,
2018,BA,PTC,3645,FRANK CERQUEIRA ARAUJO,False,False,False,False,False,False,False,False,False,False,False,False,0,133.32
2018,BA,PTC,3655,JOSE ALDEMAR GOMES SILVA,False,False,False,False,False,False,False,False,False,False,False,False,0,
2018,BA,PTC,3663,EVANEILMO DE MORGADO SANTOS,False,False,False,False,False,False,False,False,False,False,False,False,0,
2018,BA,PTC,3670,REINALDO SATURNINO DA COSTA,False,False,False,False,False,False,False,False,False,False,False,False,0,
2018,BA,PTC,3677,VICTOR BORIS SANTOS MACIEL,False,False,False,False,False,False,False,False,False,False,False,False,0,60000.0
2018,BA,PTC,3678,CLAUDIO MARTINS DE LISBOA,False,False,False,False,False,False,False,False,False,False,False,False,0,
2018,BA,PTC,3690,TATIANE DOS SANTOS MORAES,False,False,False,False,False,False,False,False,False,False,False,False,0,100.0
2018,BA,PTC,3698,JOSE EMIDIO TAVARES DE ALMEIDA SANTOS,False,True,True,False,True,False,False,True,False,True,False,False,0,
2018,BA,PV,4300,SOLON PINHEIRO DE BRITO LIMA,False,False,False,False,False,False,False,False,False,False,False,False,0,30000.0
2018,BA,PV,4303,NAIÁ GARCIA DOLBEAU,False,False,False,False,False,False,False,False,False,False,False,False,0,7000.0
2018,BA,PV,4310,SERGIO BARRADAS CARNEIRO,True,True,True,True,True,True,False,False,False,True,True,True,0,480253.88
2018,BA,PV,4313,EDIGAR EVANGELISTA DOS ANJOS,True,True,True,True,False,True,False,False,False,False,True,True,0,195000.0
2018,BA,PV,4320,TATIANE BOMFIM SANTOS,False,False,False,False,False,False,False,False,False,False,False,False,0,27000.0
2018,BA,PV,4333,ADEMILTON SANTANA DE MIRANDA,False,False,False,False,False,False,False,False,False,False,False,False,0,
2018,BA,PV,4334,LUCINEIDE DE MATOS SANTOS,False,False,False,False,False,False,False,False,False,False,False,False,0,7000.0
2018,BA,PV,4338,ARIOSVALDO PEREIRA BEZERRA FILHO,False,False,False,False,False,False,False,False,False,False,False,False,0,20000.0
2018,BA,PV,4343,ANTONIO WALDIR DOS SANTOS CONCEIÇÃO,False,False,False,False,False,False,False,False,False,False,False,False,0,80000.0
2018,BA,PV,4345,MARCELLE CARVALHO DE MORAES,False,False,False,False,False,False,False,False,False,False,False,False,0,270000.0
2018,BA,PV,4355,FRANCISCA DE ARAUJO DANTAS,False,False,False,False,False,False,False,False,False,False,False,False,0,10000.0
2018,BA,PV,4363,TARGINO ALVES GONDIM FILHO,False,False,False,False,False,False,False,False,False,False,False,False,0,100000.0
2018,BA,REDE,1800,MEIRE JOYCE SOUZA FIGUEIREDO,False,False,False,False,False,False,False,False,False,False,False,False,0,90000.0
2018,BA,REDE,1801,ENOQUE MENESES SILVA,False,False,False,False,False,False,False,False,False,False,False,False,0,5040.61
2018,BA,REDE,1803,RAMON SOUZA SANTOS,False,False,False,False,False,False,False,False,False,False,False,False,0,2918.1099999999997
2018,BA,REDE,1805,ALAN XAVIER LINO,False,False,False,False,False,False,False,False,False,False,False,False,0,2040.61
2018,BA,REDE,1809,CAMILA ARGOLO GODINHO,False,False,False,False,False,False,False,False,False,False,False,False,0,1795.0
2018,BA,REDE,1810,VILMA COSTA CARNEIRO,False,False,False,False,False,False,False,False,False,False,False,False,0,2921.88
2018,BA,REDE,1811,CLEISSON DA SILVA RIOS,False,False,False,False,False,False,False,False,False,False,False,False,0,2918.1099999999997
2018,BA,REDE,1812,ANILTON ARAUJO DE SOUSA,False,False,False,False,False,False,False,False,False,False,False,False,0,2918.1099999999997
2018,BA,REDE,1815,HUGO FRANCISCO DA SILVA MELO,False,False,False,False,False,False,False,False,False,False,False,False,0,2918.1099999999997
2018,BA,REDE,1817,JESSICA TALITA GARCIA PIRES,False,False,False,False,False,False,False,False,False,False,False,False,0,2322.88
2018,BA,REDE,1818,ROBERTO JOSE DA SILVA,False,False,False,False,False,False,False,False,False,False,False,False,0,
2018,BA,REDE,1833,ALEXSANDRO BRITO SANTOS,False,False,False,False,False,False,False,False,False,False,False,False,0,2918.1099999999997
2018,BA,REDE,1845,ANDRÉA FARIAS REIS,False,False,False,False,False,False,False,False,False,False,False,False,0,3146.88
2018,BA,REDE,1848,JORGE ANTONIO DE FARIAS FRANÇA,False,False,False,False,False,False,False,False,False,False,False,False,0,1650.61
2018,BA,REDE,1870,GENIVALDO DE JESUS AZEVEDO,False,False,False,False,False,False,False,False,False,False,False,False,0,2040.61
2018,BA,REDE,1877,EFRAIM SOUZA SOARES,False,False,False,False,False,False,False,False,False,False,False,False,0,5443.11
2018,BA,REDE,1881,JULIO CESAR DOS SANTOS,False,False,False,False,False,False,False,False,False,False,False,False,0,2040.61
2018,BA,REDE,1887,JOVENICE SANTANA ANDRÉ,False,False,False,False,False,False,False,False,False,False,False,False,0,1921.88
2018,BA,REDE,1888,MARCOS ANTONIO COSTA LEMOS,False,False,False,False,False,False,False,False,False,False,False,False,0,2040.61
2018,BA,REDE,1890,TONISLEI SANTA CRUZ DO NASCIMENTO,False,False,False,False,False,False,False,False,False,False,False,False,0,1640.61
2018,BA,SOLIDARIEDADE,7711,ANTONIO CARLOS DE SOUZA LEAL,False,False,False,False,False,False,False,False,False,False,False,False,0,13000.0
2018,BA,SOLIDARIEDADE,7725,JOSÉ CARLOS CHECON,False,False,True,False,False,False,False,False,False,True,False,False,0,30000.0
2018,BA,SOLIDARIEDADE,7733,RAUL LEONARDO DE OLIVEIRA ARRAZ,False,False,False,False,False,False,False,False,False,False,False,False,0,
2018,BA,SOLIDARIEDADE,7744,EDSON RIGAUD CERQUEIRA,False,False,False,False,False,False,False,False,False,False,False,False,0,10000.0
2018,BA,SOLIDARIEDADE,7755,DANIEL PEREIRA LIMA,False,False,False,False,False,False,False,False,False,False,False,False,0,
2018,BA,SOLIDARIEDADE,7777,LUCIANO ARAUJO DE OLIVEIRA,False,False,False,False,False,False,False,False,False,False,False,False,0,1575000.0
2018,CE,AVANTE,7000,CÍCERO ANTONIO PINHEIRO DOS SANTOS,False,False,False,False,False,False,False,False,False,False,False,False,0,
2018,CE,AVANTE,7011,CLAUDIO AUGUSTO DA SILVA DANTAS,False,False,False,False,False,False,False,False,False,False,False,False,0,
2018,CE,AVANTE,7066,ROBSON TASCA LACERDA,False,False,False,False,False,False,False,False,False,False,False,False,0,
2018,CE,AVANTE,7070,FLAVIO ALVES SABINO,True,True,True,True,True,True,False,False,False,False,True,True,0,1130000.0
2018,CE,AVANTE,7077,MONICA SILVA SANTOS DE SOUSA,False,False,False,False,False,False,False,False,False,False,False,False,0,32500.0
2018,CE,AVANTE,7080,DIMAS MATIAS DA SILVA,False,False,False,False,False,False,False,False,False,False,False,False,0,
2018,CE,DC,2700,ROBERIO CAVALCANTE DA PONTE,False,False,False,False,False,False,False,False,False,False,False,False,0,9875.0
2018,CE,DC,2707,LUIZ VALMIR OLIVEIRA CRUZ,False,False,False,False,False,False,False,False,False,False,False,False,0,4875.0
2018,CE,DC,2710,FERNANDO ANTONIO GUIMARAES,False,False,False,False,False,False,False,False,False,False,False,False,0,6875.0
2018,CE,DC,2711,FERNANDES NOGUEIRA CAMELO,False,False,False,False,False,False,False,False,False,False,False,False,0,3017.85
2018,CE,DC,2727,THIAGO MARQUES SILVA,False,False,False,False,False,False,False,False,False,False,False,False,0,4875.0
2018,CE,DC,2737,FRANCISCO UBIRATAN CASTRO VIANA JUNIOR,False,False,False,False,False,False,False,False,False,False,False,False,0,1875.0
2018,CE,DC,2772,PAULO HENRIQUE HIPPOLYTO DE AGUIAR,False,False,False,False,False,False,False,False,False,False,False,False,0,3000.0
2018,CE,DEM,2500,ANÍBAL FERREIRA GOMES,True,True,True,True,True,True,False,False,False,False,True,True,0,940000.0
2018,CE,DEM,2516,CRISTIANO SIQUEIRA DE ARAUJO CHAVES,False,False,False,False,False,False,False,False,False,False,False,False,0,
2018,CE,DEM,2522,MARIA JULIA MENDES DOS SANTOS,False,False,False,False,False,False,False,False,False,False,False,False,0,
2018,CE,DEM,2533,JUACKELINE DE CASTRO LIMA,False,False,False,False,False,False,False,False,False,False,False,False,0,35000.0
2018,CE,DEM,2580,MARIA GORETTI DIAS AZEVEDO,False,False,False,False,False,False,False,False,False,False,False,False,0,35000.0
2018,CE,DEM,2588,FRANCISCO TEOGINES FERREIRA MOTA,False,False,False,False,False,False,False,False,False,False,False,False,0,
2018,CE,MDB,1509,JOÃO LOURENÇO DE SOUSA,False,False,False,False,False,False,False,False,False,False,False,False,0,
2018,CE,MDB,1515,MOSES HAENDEL MELO RODRIGUES,True,True,True,True,True,True,False,False,False,True,True,True,1,1512500.0
2018,CE,MDB,1522,GISELE FELIPE BRAGA,False,False,False,False,False,False,False,False,False,False,False,False,0,414782.86
2018,CE,MDB,1533,ESMERALDA ROBERTO DE SOUSA LIMA,False,False,False,False,False,False,False,False,False,False,False,False,0,702742.86
2018,CE,MDB,1555,LINDALVA BATISTA LINHARES,False,False,False,False,False,False,False,False,False,False,False,False,0,791202.86
2018,CE,MDB,1566,MARIA CREZILDA TEIXEIRA PIRES,False,False,False,False,False,False,False,False,False,False,False,False,0,37642.86
2018,CE,NOVO,3000,FREDY BEZERRA DE MENEZES,False,False,False,False,False,False,False,False,False,False,False,False,0,1148.87
2018,CE,NOVO,3003,SAMARA NOBREGA SILVA PONTES,False,False,False,False,False,False,False,False,False,False,False,False,0,1148.87
2018,CE,NOVO,3011,RODRIGO MAGALHÃES NÓBREGA,False,False,False,False,False,False,False,False,False,False,False,False,0,2648.87
2018,CE,NOVO,3030,MARCELO MEDEIROS DE OLIVEIRA,False,False,False,False,False,False,False,False,False,False,False,False,0,
2018,CE,NOVO,3033,RODRIGO SARAIVA MARINHO,False,False,False,False,False,False,False,False,False,False,False,False,0,2500.0
2018,CE,NOVO,3035,JEANNE FREITAS DE CASTELO BRANCO THENÓRIO,False,False,False,False,False,False,False,False,False,False,False,False,0,1149.7299999999998
2018,CE,PATRI,5111,ALDEMIR GARCIA DOS SANTOS,False,False,False,False,False,False,False,False,False,False,False,False,0,14100.0
2018,CE,PATRI,5112,MARIA DE FATIMA DA SILVA,False,False,False,False,False,False,False,False,False,False,False,False,0,5820.0
2018,CE,PATRI,5113,VERONICA GURGEL SILVA,False,False,False,False,False,False,False,False,False,False,False,False,0,12036.15
2018,CE,PATRI,5115,FRANCISCO ANTÔNIO DO CARMO,False,False,True,False,False,False,False,False,False,True,False,False,0,1800.0
2018,CE,PATRI,5121,ADEMIR CUNHA BRANDÃO,False,False,False,False,False,False,False,False,False,False,False,False,0,1800.0
2018,CE,PATRI,5122,ORIEL MOTA FILHO,False,False,False,False,False,False,False,False,False,False,False,False,0,3820.0
2018,CE,PATRI,5124,CRISTIANE COLARES MUNIZ,False,False,False,False,False,False,False,False,False,False,False,False,0,6840.0
2018,CE,PATRI,5130,ALEXANDRI FIGUEIREDO,False,False,False,False,False,False,False,False,False,False,False,False,0,1800.0
2018,CE,PATRI,5133,ANTONIO CLÉCIO BATISTA DE OLIVEIRA,False,False,False,False,False,False,False,False,False,False,False,False,0,3800.0
2018,CE,PATRI,5144,ATILA CORDEIRO CAMARA,False,True,True,False,True,False,False,True,False,True,False,False,0,14000.0
2018,CE,PATRI,5151,ANTÔNIO LUIZ RODRIGUES MANO JÚNIOR,False,False,False,False,False,False,False,False,False,False,False,False,1,
2018,CE,PATRI,5152,PEDRO MANOEL PERES PINTO,False,False,False,False,False,False,False,False,False,False,False,False,0,1800.0
2018,CE,PATRI,5155,CÉLIA MARIA MAIA RODRIGUES,False,False,False,False,False,False,False,False,False,False,False,False,0,5200.0
2018,CE,PATRI,5161,ALZERMIRIAN ALVES FREITAS,False,False,False,False,False,False,False,False,False,False,False,False,0,5005.0
2018,CE,PATRI,5166,CARLOS ALBERTO GUILHERME CAVALCANTE,False,False,False,False,False,False,False,False,False,False,False,False,0,1800.0
2018,CE,PATRI,5177,MARCOS ROBERTO BRITO PAIXÃO,False,True,True,False,True,False,False,True,False,True,False,False,0,1800.0
2018,CE,PATRI,5190,ADRIANO BENTO DA SILVA,False,False,False,False,False,False,False,False,False,False,False,False,0,1800.0
2018,CE,PATRI,5192,ANA PAULA BRANDÃO DA SILVA FARIAS,False,False,False,False,False,False,False,False,False,False,False,False,0,30000.0
2018,CE,PATRI,5199,ALIPIO RODRIGUES DE OLIVEIRA NETO,False,False,False,False,False,False,False,False,False,False,False,False,0,11483.2
2018,CE,PC do B,6510,INACIO FRANCISCO DE ASSIS NUNES ARRUDA,True,True,True,True,True,True,False,False,False,True,True,True,0,832400.0
2018,CE,PC do B,6555,SILVIA CAVALLEIRE ARAUJO DA SILVA,False,False,False,False,False,False,False,False,False,False,False,False,0,33641.55
2018,CE,PC do B,6565,FRANCISCO LOPES DA SILVA,True,True,True,True,True,True,False,False,False,False,True,True,0,1244438.96
2018,CE,PDT,1200,ANTONIO BALHMANN CARDOSO NUNES FILHO,True,True,True,True,True,True,False,False,False,False,True,True,0,500000.0
2018,CE,PDT,1212,JOSÉ LEÔNIDAS DE MENEZES CRISTINO,True,True,True,True,True,True,False,True,False,True,True,True,1,500000.0
2018,CE,PDT,1213,ANTONIO IDILVAN DE LIMA ALENCAR,False,False,False,False,False,False,False,False,False,False,False,False,1,
2018,CE,PDT,1214,EDUARDO HENRIQUE MAIA BISMARCK,False,False,False,False,False,False,False,False,False,False,False,False,1,
2018,CE,PDT,1221,CARLOS MAURO BENEVIDES FILHO,True,True,True,True,True,True,False,False,False,True,True,True,1,
2018,CE,PDT,1223,FRANCISCA MARIA DOS SANTOS CABRAL,False,False,False,False,False,False,False,False,False,False,False,False,0,10000.0
2018,CE,PDT,1225,MOSIAH DE CALDAS TORGAN,False,False,False,False,False,False,False,False,False,False,False,False,0,
2018,CE,PDT,1233,MARCOS ROBERIO RIBEIRO MONTEIRO,True,True,True,True,True,True,False,True,False,True,True,True,1,
2018,CE,PDT,1234,ANDRE PEIXOTO FIGUEIREDO LIMA,True,True,True,True,True,True,False,False,False,False,True,True,1,720000.0
2018,CE,PDT,1235,LAVOISIER FÉRRER LIMA,True,True,True,True,False,True,False,False,False,False,True,True,0,
2018,CE,PDT,1263,MARIA DE FATIMA SOBREIRA ,False,False,False,False,False,False,False,False,False,False,False,False,0,50000.0
2018,CE,PDT,1265,FRANCISCA PATRICIA DA SILVA PEREIRA ,False,False,False,False,False,False,False,False,False,False,False,False,0,
2018,CE,PDT,1277,FRANCISCO ANTONIO LOPES DE PAULA BEZERRA,False,False,False,False,False,False,False,False,False,False,False,False,0,
2018,CE,PDT,1288,TUANE KELLY GIRAO,False,False,False,False,False,False,False,False,False,False,False,False,0,10000.0
2018,CE,PHS,3100,JOSE WALTER CARNEIRO PIMENTEL,False,False,False,False,False,False,False,False,False,False,False,False,0,
2018,CE,PHS,3111,LUIZ CRESCENCIO PEREIRA JUNIOR,False,False,False,False,False,False,False,False,False,False,False,False,0,26943.5
2018,CE,PHS,3123,EDSON BEZERRA DA COSTA,False,False,False,False,False,False,False,False,False,False,False,False,0,4001.5
2018,CE,PHS,3132,FRANCISCA GEANY FELIPE DO NASCIMENTO,False,False,False,False,False,False,False,False,False,False,False,False,0,12500.0
2018,CE,PHS,3153,ORLANDO AUGUSTO DA SILVA JUNIOR,False,False,False,False,False,False,False,False,False,False,False,False,0,3934.5
2018,CE,PMN,3313,ANTONIO REGINALDO COSTA MOREIRA,False,False,False,False,False,False,False,False,False,False,False,False,0,570000.0
2018,CE,PMN,3322,JOAO OGENILSON MACEDO LEITE,False,False,False,False,False,False,False,False,False,False,False,False,0,
2018,CE,PMN,3369,EDVANIA MATIAS DE GOES,False,False,False,False,False,False,False,False,False,False,False,False,0,50000.0
2018,CE,PODE,1900,JOSÉ ADAIL CARNEIRO SILVA,True,True,True,True,True,True,False,False,False,False,True,True,0,700000.0
2018,CE,PODE,1909,FRANCISCO HAROLDO DE ARAÚJO MELO,False,False,False,False,False,False,False,False,False,False,False,False,0,
2018,CE,PODE,1911,ANTONIO FERNANDES DA SILVA FILHO,False,False,False,False,False,False,False,False,False,False,False,False,0,
2018,CE,PP,1111,ANTONIO JOSE AGUIAR ALBUQUERQUE,False,True,True,False,True,False,False,True,False,True,False,False,1,968077.5
2018,CE,PP,1113,POLLYANA LUZIA BARBOSA DE MOURA MACEDO,False,False,False,False,False,False,False,False,False,False,False,False,0,2300000.0
2018,CE,PP,1151,MARIA EDIENE MONTEIRO DO NASCIMENTO DE CASTRO,False,True,True,False,True,False,False,True,False,True,False,False,0,147960.0
2018,CE,PPL,5412,ALANDERSON DE CASTRO MANGUEIRA,False,False,False,False,False,False,False,False,False,False,False,False,0,
2018,CE,PPL,5488,ANTONIO MARCOS ARAÚJO PIMENTEL,False,False,False,False,False,False,False,False,False,False,False,False,0,
2018,CE,PPS,2300,ITALO RIBEIRO ALVES,False,False,False,False,False,False,False,False,False,False,False,False,0,40000.0
2018,CE,PPS,2313,CLAUDIA CRISTINA DOS SANTOS SANO,False,False,False,False,False,False,False,False,False,False,False,False,0,10000.0
2018,CE,PPS,2323,TOMAZ HOLANDA DE LIMA,True,True,True,True,True,True,False,False,False,False,True,True,0,584064.05
2018,CE,PPS,2333,ANDREA ROSSATI FARIAS CHAVES,False,False,False,False,False,False,False,False,False,False,False,False,0,10000.0
2018,CE,PPS,2345,AMILTON ALVES GOMES,False,False,False,False,False,False,False,False,False,False,False,False,0,10000.0
2018,CE,PR,2207,MARIA ELIANE DO NASCIMENTO CRUZ,False,False,False,False,False,False,False,False,False,False,False,False,0,15000.0
2018,CE,PR,2222,JOAO VERISSIMO DE MORAIS NETO,False,False,False,False,False,False,False,False,False,False,False,False,0,11666.67
2018,CE,PR,2233,MARIA GORETE PEREIRA,True,True,True,True,True,True,False,False,False,False,True,True,0,2400000.0
2018,CE,PR,2277,JAZIEL PEREIRA DE SOUSA,True,True,True,True,True,True,False,False,False,False,True,True,1,1700000.0
2018,CE,PRB,1010,RONALDO MANCHADO MARTINS,True,True,True,True,True,True,False,False,False,False,True,True,0,1119020.0
2018,CE,PROS,9000,FRANCISCO WELLINGTON SABÓIA VITORINO,True,True,True,True,False,True,False,False,False,False,True,True,0,100000.0
2018,CE,PROS,9003,FRANCISCO CLEYTON RODRIGUES VERAS,False,False,False,False,False,False,False,False,False,False,False,False,0,653.64
2018,CE,PROS,9005,ROSA MARTINS ALVES,False,False,False,False,False,False,False,False,False,False,False,False,0,61033.64
2018,CE,PROS,9009,ALEXANDRE PAIVA DAMASCENO,False,False,False,False,False,False,False,False,False,False,False,False,0,30463.64
2018,CE,PROS,9010,VALÉCIO BATISTA SOARES,False,False,False,False,False,False,False,False,False,False,False,False,0,304600.0
2018,CE,PROS,9011,FRANCISCO DAS CHAGAS ALCANTARA MACEDO,True,False,False,True,False,False,False,False,False,False,True,False,0,30350.0
2018,CE,PROS,9012,AGRIPINO RODRIGUES GOMES MAGALHÃES,False,False,False,False,False,False,False,False,False,False,False,False,0,30537.64
2018,CE,PROS,9013,JULIERME LIMA DE SENA,False,False,False,False,False,False,False,False,False,False,False,False,0,302250.0
2018,CE,PROS,9015,MÁRIO CÉSAR DO NASCIMENTO GONÇALVES,False,False,False,False,False,False,False,False,False,False,False,False,0,463.64
2018,CE,PROS,9016,CLEIDE MOURA CAVALCANTE,False,False,False,False,False,False,False,False,False,False,False,False,0,20537.64
2018,CE,PROS,9017,DANIELE SILVA DO NASCIMENTO,False,False,False,False,False,False,False,False,False,False,False,False,0,11413.64
2018,CE,PROS,9018,VANTUIL PEREIRA GUEDES,False,False,False,False,False,False,False,False,False,False,False,False,0,537.64
2018,CE,PROS,9019,FRANCISCO DEUZINHO DE OLIVEIRA FILHO,True,True,True,True,False,True,False,False,False,False,True,True,0,109500.0
2018,CE,PROS,9020,ALINE DA SILVA GONÇALVES RIBEIRO,False,False,False,False,False,False,False,False,False,False,False,False,0,10653.64
2018,CE,PROS,9022,CAMILA BOTELHO DE CASTRO,False,False,False,False,False,False,False,False,False,False,False,False,0,150000.0
2018,CE,PROS,9030,HUDSON CLEDIO ARAUJO RIBEIRO,False,False,False,False,False,False,False,False,False,False,False,False,0,463.64
2018,CE,PROS,9033,VALCELIO ABREU RODRIGUES,False,False,False,False,False,False,False,False,False,False,False,False,0,611.64
2018,CE,PROS,9040,CARLOS CÉSAR ARAÚJO TEIXEIRA,False,False,False,False,False,False,False,False,False,False,False,False,0,537.64
2018,CE,PROS,9044,RICARDO ALVES DE ALMEIDA,True,True,True,True,True,True,False,False,False,True,True,True,0,31413.64
2018,CE,PROS,9050,REGINA DUARTE DA SILVA,False,False,False,False,False,False,False,False,False,False,False,False,0,10537.64
2018,CE,PROS,9070,HERLITO JOSÉ LOPES FREIRE,False,False,False,False,False,False,False,False,False,False,False,False,0,537.64
2018,CE,PROS,9071,LAENES RABELO NOGUEIRA,False,False,False,False,False,False,False,False,False,False,False,False,0,653.64
2018,CE,PROS,9077,IZAURA TAVARES SOARES,False,False,False,False,False,False,False,False,False,False,False,False,0,11413.64
2018,CE,PROS,9078,RIBAMAR VIANA DA SILVA,False,False,False,False,False,False,False,False,False,False,False,False,0,537.64
2018,CE,PROS,9086,IVONETE SOARES DE ALMEIDA,False,False,False,False,False,False,False,False,False,False,False,False,0,653.64
2018,CE,PROS,9087,FRANCISCO GOMES FILHO,False,False,False,False,False,False,False,False,False,False,False,False,0,500.64
2018,CE,PROS,9088,FRANCISCO NELHO BEZERRA,False,False,False,False,False,False,False,False,False,False,False,False,0,1413.64
2018,CE,PROS,9090,WAGNER SOUSA GOMES,True,True,True,True,True,True,False,False,False,False,True,True,1,257350.0
2018,CE,PROS,9093,HOMERO CATUNDA BATISTA,False,False,False,False,False,False,False,False,False,False,False,False,0,30463.64
2018,CE,PROS,9099,FRANCISCO VAIDON OLIVEIRA,False,False,False,False,False,False,False,False,False,False,False,False,1,785735.64
2018,CE,PRP,4410,FRANCISCO ORLANCY MARQUES SILVA,False,False,False,False,False,False,False,False,False,False,False,False,0,215.0
2018,CE,PRTB,2800,FRANCISCO ALBUQUERQUE MOURA,False,False,False,False,False,False,False,False,False,False,False,False,0,15000.0
2018,CE,PRTB,2822,JOÃO CARLOS PATRICIO CRUZ,False,False,False,False,False,False,False,False,False,False,False,False,0,4976.25
2018,CE,PRTB,2828,PRISCILA BEZERRA DA COSTA,False,False,False,False,False,False,False,False,False,False,False,False,0,20000.0
2018,CE,PRTB,2882,PÁRMENAS PEREIRA COELHO,False,False,False,False,False,False,False,False,False,False,False,False,0,5000.0
2018,CE,PRTB,2896,JOSE VALBERTO LEITE ESMERALDO,True,True,True,True,False,True,False,False,False,False,True,True,0,5000.0
2018,CE,PSB,4000,DENIS ANDERSON DA ROCHA BEZERRA,False,False,False,False,False,False,False,False,False,False,False,False,1,400000.0
2018,CE,PSB,4004,LUISA GONÇALVES DA SILVA,False,False,False,False,False,False,False,False,False,False,False,False,0,110000.0
2018,CE,PSB,4040,LUIZ ODORICO MONTEIRO DE ANDRADE,True,True,True,True,True,True,False,False,False,False,True,True,0,1300000.0
2018,CE,PSC,2020,VIVIAN NICOLLE BARBOSA DE ALCÂNTARA,False,False,False,False,False,False,False,False,False,False,False,False,0,1272500.0
2018,CE,PSD,5500,FRANCISCO EVANDO DELFINO MARREIRO,False,False,False,False,False,False,False,False,False,False,False,False,0,9939.8
2018,CE,PSD,5517,NORMANDO SÓRACLES GONÇALVES DAMASCENA,True,True,True,True,False,True,False,False,False,True,True,True,0,550000.0
2018,CE,PSD,5522,ANTONIO MARCOS JANUARIO DE SOUZA,False,False,False,False,False,False,False,False,False,False,False,False,0,20000.0
2018,CE,PSD,5533,MARIA JARBENIA MOURA DE OLIVERA,False,False,False,False,False,False,False,False,False,False,False,False,0,
2018,CE,PSD,5555,DOMINGOS GOMES DE AGUIAR NETO,True,True,True,True,True,True,False,False,False,False,True,True,1,885000.0
2018,CE,PSDB,4500,RAIMUNDO COELHO BEZERRA DE FARIAS FILHO,True,True,True,True,False,True,False,False,False,False,True,True,0,100000.0
2018,CE,PSDB,4510,MOEMA CORREIA SÃO THIAGO,False,False,False,False,False,False,False,False,False,False,False,False,0,290120.35
2018,CE,PSDB,4511,RAIMUNDO GOMES DE MATOS,True,True,True,True,True,True,False,False,False,False,True,True,0,1200000.0
2018,CE,PSDB,4512,RAIMUNDO GERSON DOS SANTOS LIMA,False,False,False,False,False,False,False,False,False,False,False,False,0,
2018,CE,PSDB,4518,ANTONIA JANE MARIA DO VALE SOUZA,False,False,False,False,False,False,False,False,False,False,False,False,0,13000.0
2018,CE,PSDB,4533,CELIO MATIAS LOBO NETO,False,False,False,False,False,False,False,False,False,False,False,False,0,50000.0
2018,CE,PSDB,4542,ANA VITÓRIA MENDES MOURA DA SILVA,False,False,False,False,False,False,False,False,False,False,False,False,0,27250.0
2018,CE,PSDB,4544,VICTOR LUIZ MONTEIRO PONTES,False,False,False,False,False,False,False,False,False,False,False,False,0,52250.0
2018,CE,PSDB,4554,FRANCISCA GILMARA CAMPELO GIRÃO,False,False,False,False,False,False,False,False,False,False,False,False,0,48000.0
2018,CE,PSDB,4555,FRANCISCO DANILO BASTOS FORTE,True,True,True,True,True,True,False,False,False,False,True,True,0,1050000.0
2018,CE,PSDB,4565,PAULO ROMERITO DE ARAUJO MONTENEGRO,False,False,False,False,False,False,False,False,False,False,False,False,0,50000.0
2018,CE,PSDB,4567,ANTONIO ARNALDO FORTE DOS SANTOS,False,False,True,False,False,False,False,False,False,True,False,False,0,
2018,CE,PSDB,4580,ROBERTO SOARES PESSOA,True,True,True,True,True,True,False,True,False,True,True,True,1,500000.0
2018,CE,PSL,1700,RICARDO CELIO CHAGAS BEZERRA,False,False,False,False,False,False,False,False,False,False,False,False,0,
2018,CE,PSL,1703,ANA MARIA TAUCHMANN ROCHA MOURA,False,False,False,False,False,False,False,False,False,False,False,False,0,
2018,CE,PSL,1707,DALTRO PEDROSA VERAS FILHO,False,False,False,False,False,False,False,False,False,False,False,False,0,
2018,CE,PSL,1709,CRISTIANE ROBERTA CARVALHO MARTINS,False,False,False,False,False,False,False,False,False,False,False,False,0,
2018,CE,PSL,1710,JOSE WILLINS DE CASTRO DA SILVA,False,False,False,False,False,False,False,False,False,False,False,False,0,
2018,CE,PSL,1711,FRANCISCO FERNANDES DA SILVA,False,False,False,False,False,False,False,False,False,False,False,False,0,
2018,CE,PSL,1717,HEITOR RODRIGO PEREIRA FREIRE,False,False,False,False,False,False,False,False,False,False,False,False,1,50000.0
2018,CE,PSL,1718,EDMILSON DE ALMEIDA BARROS JUNIOR,False,False,False,False,False,False,False,False,False,False,False,False,0,
2018,CE,PSL,1720,CARLOS ALBERTO SOARES DA CRUZ,False,False,False,False,False,False,False,False,False,False,False,False,0,
2018,CE,PSL,1727,FRANCISCO SIMOES DE SOUSA,False,False,False,False,False,False,False,False,False,False,False,False,0,
2018,CE,PSL,1731,REGINA MAURA VILLELA BARBOZA,False,False,False,False,False,False,False,False,False,False,False,False,0,
2018,CE,PSL,1733,DIMARAES NUNES PEREIRA,False,False,False,False,False,False,False,False,False,False,False,False,0,
2018,CE,PSL,1750,ALEX BENTO ALVES,False,False,False,False,False,False,False,False,False,False,False,False,0,
2018,CE,PSL,1751,MARCOS ANTONIO DE ARAUJO MENDONÇA,False,False,False,False,False,False,False,False,False,False,False,False,0,
2018,CE,PSL,1755,ERASMO CARLOS GOMES SILVA,False,False,False,False,False,False,False,False,False,False,False,False,0,
2018,CE,PSL,1770,ANTONIO IVAN MACEDO,False,False,False,False,False,False,False,False,False,False,False,False,0,
2018,CE,PSL,1771,JESSICA NAIARA ALMEIDA DA SILVA RAQUEL,False,False,False,False,False,False,False,False,False,False,False,False,0,
2018,CE,PSL,1777,JORGE ALLAN FONTENELLE LEITAO,False,False,False,False,False,False,False,False,False,False,False,False,0,
2018,CE,PSL,1789,FRANCISCO LUCAS DE OLIVEIRA,False,False,False,False,False,False,False,False,False,False,False,False,0,
2018,CE,PSL,1790,MARCELO WAGNER VASCONCELOS,False,False,False,False,False,False,False,False,False,False,False,False,0,
2018,CE,PSL,1794,MARIA DO SOCORRO MAIA LANDIM,False,False,False,False,False,False,False,False,False,False,False,False,0,
2018,CE,PSOL,5000,ADELITTA MONTEIRO NUNES,False,False,False,False,False,False,False,False,False,False,False,False,0,89832.78
2018,CE,PSOL,5001,FERNANDO DANTAS VIEIRA,False,False,False,False,False,False,False,False,False,False,False,False,0,19074.08
2018,CE,PSOL,5003,AMAURI COSTA SALES DA SILVA,False,False,False,False,False,False,False,False,False,False,False,False,0,2605.95
2018,CE,PSOL,5005,REBECA NUNES VELOSO,False,False,False,False,False,False,False,False,False,False,False,False,0,11895.66
2018,CE,PSOL,5010,JOSÉ LUCIANO MUNIZ LIMA,False,False,False,False,False,False,False,False,False,False,False,False,0,2609.96
2018,CE,PSOL,5011,EDMILSON BARBOSA FRANCELINO FILHO,False,False,False,False,False,False,False,False,False,False,False,False,0,2605.95
2018,CE,PSOL,5012,PAULO ALVES DE SOUSA,False,False,False,False,False,False,False,False,False,False,False,False,0,2605.95
2018,CE,PSOL,5013,JANAINA ARAÚJO DE OLIVEIRA,False,False,False,False,False,False,False,False,False,False,False,False,0,2605.95
2018,CE,PSOL,5015,VICENTE LINHARES DOS SANTOS,False,False,False,False,False,False,False,False,False,False,False,False,0,2605.95
2018,CE,PSOL,5020,RODRIGO SANTAELLA GONÇALVES,False,False,False,False,False,False,False,False,False,False,False,False,0,11895.66
2018,CE,PSOL,5022,VALDIR BARBOSA DE MEDEIROS,False,False,False,False,False,False,False,False,False,False,False,False,0,11895.66
2018,CE,PSOL,5025,WANDERGLAUCIA OLIVEIRA NUNES,False,False,False,False,False,False,False,False,False,False,False,False,0,2605.95
2018,CE,PSOL,5030,ALEXANDRE ARAUJO COSTA,False,False,False,False,False,False,False,False,False,False,False,False,0,19074.08
2018,CE,PSOL,5033,FRANCISCO EDSON VERIATO DA SILVA,False,False,False,False,False,False,False,False,False,False,False,False,0,7768.82
2018,CE,PSOL,5040,FRANCISCO MARDONIO BRASILEIRO ABREU,False,False,False,False,False,False,False,False,False,False,False,False,0,2605.95
2018,CE,PSOL,5044,ZULEIDE FERNANDES DE QUEIROZ,False,False,False,False,False,False,False,False,False,False,False,False,0,19074.08
2018,CE,PSOL,5050,FRANCISCO JOSE GOMES,False,False,False,False,False,False,False,False,False,False,False,False,0,14074.08
2018,CE,PSOL,5055,MARIA DO CEU DE LIMA,False,False,False,False,False,False,False,False,False,False,False,False,0,2605.95
2018,CE,PSOL,5060,ANTONIO ERONILDO MOREIRA DA SILVA,False,False,False,False,False,False,False,False,False,False,False,False,0,2605.95
2018,CE,PSOL,5070,JOSÉ MACIO ALVES,False,False,False,False,False,False,False,False,False,False,False,False,0,2605.95
2018,CE,PSOL,5088,PAULO VITOR NOGUEIRA DE OLIVEIRA,False,False,False,False,False,False,False,False,False,False,False,False,0,2605.95
2018,CE,PSOL,5090,ADILENE DE LIMA NOBRE ,False,False,False,False,False,False,False,False,False,False,False,False,0,2605.95
2018,CE,PSOL,5099,LUCIANTONIO ALMEIDA FALCÃO,False,False,False,False,False,False,False,False,False,False,False,False,0,2605.95
2018,CE,PSTU,1600,ANTONIO FERREIRA FELIX,False,False,False,False,False,False,False,False,False,False,False,False,0,
2018,CE,PT,1300,CARLOS EDUARDO BEZERRA MARQUES,False,False,False,False,False,False,False,False,False,False,False,False,0,81500.0
2018,CE,PT,1310,RAFAEL TOMYAMA TOLEDO,False,False,False,False,False,False,False,False,False,False,False,False,0,27913.4
2018,CE,PT,1311,MARIA DE LOURDES PAZ FELIX,False,False,False,False,False,False,False,False,False,False,False,False,0,21394.4
2018,CE,PT,1313,LUIZIANNE DE OLIVEIRA LINS,True,True,True,True,True,True,False,True,False,True,True,True,1,1000000.0
2018,CE,PT,1322,JOSE NOBRE GUIMARAES,True,True,True,True,True,True,False,False,False,False,True,True,1,1129047.8
2018,CE,PT,1323,ANIZIO SANTOS DE MELO,False,False,False,False,False,False,False,False,False,False,False,False,0,90743.4
2018,CE,PT,1331,RACHEL XIMENES MARQUES,True,True,True,True,True,True,False,False,False,False,True,True,0,542572.0
2018,CE,PT,1333,JOSE AIRTON FELIX CIRILO DA SILVA,True,True,True,True,True,True,False,False,False,False,True,True,1,900000.0
2018,CE,PT,1335,AMILCAR XIMENES PONTE,False,False,False,False,False,False,False,False,False,False,False,False,0,15003.0
2018,CE,PT,1344,MARIA DE FATIMA OLIVEIRA SILVA,False,False,False,False,False,False,False,False,False,False,False,False,0,21394.4
2018,CE,PT,1351,ALBA CRISTINA NOGUEIRA LOPES,False,False,False,False,False,False,False,False,False,False,False,False,0,90024.4
2018,CE,PT,1355,FRANCISCO CESAR NOGUEIRA DA SILVA,False,False,False,False,False,False,False,False,False,False,False,False,0,24839.8
2018,CE,PTB,1414,FRANCISCA AURINEIDE E SILVA,False,False,False,False,False,False,False,False,False,False,False,False,0,80000.0
2018,CE,PTB,1451,PEDRO AUGUSTO GEROMEL BEZERRA DE MENEZES,False,False,False,False,False,False,False,False,False,False,False,False,1,215000.0
2018,CE,PV,4321,CELIO STUDART BARBOSA,False,False,False,False,False,False,False,False,False,False,False,False,1,669088.01
2018,CE,PV,4399,ANDREIA GALDINO DE MORAIS,False,False,False,False,False,False,False,False,False,False,False,False,0,10600.0
2018,CE,REDE,1800,DAMIÃO GONÇALVES D OLIVEIRA JÚNIOR,False,False,False,False,False,False,False,False,False,False,False,False,0,
2018,CE,REDE,1801,DIOMARCOS CAVALCANTE DE OLIVEIRA,False,False,False,False,False,False,False,False,False,False,False,False,0,1480.0
2018,CE,REDE,1808,JOANA DARC DA SILVA,False,False,False,False,False,False,False,False,False,False,False,False,0,2280.0
2018,CE,REDE,1818,LAÉRCIO NOGUEIRA LOPES,False,False,False,False,False,False,False,False,False,False,False,False,0,1480.0
2018,CE,REDE,1823,MANOEL ROSA FILHO,False,False,False,False,False,False,False,False,False,False,False,False,0,1480.0
2018,CE,REDE,1824,JOSÉ MILSON SILVA COSTA,False,False,False,False,False,False,False,False,False,False,False,False,0,1480.0
2018,CE,REDE,1830,FRANCISCA BRUNA SILVA,False,False,False,False,False,False,False,False,False,False,False,False,0,2280.0
2018,CE,REDE,1833,ANTÔNIA NAZIDE DA SILVA PINHEIRO,False,False,False,False,False,False,False,False,False,False,False,False,0,2280.0
2018,CE,REDE,1844,SAMUEL RAMON DA SILVA,False,False,False,False,False,False,False,False,False,False,False,False,0,1480.0
2018,CE,REDE,1850,DOMINGOS SÁVIO BEZERRA GONÇALVES,False,False,False,False,False,False,False,False,False,False,False,False,0,1480.0
2018,CE,REDE,1855,JOÃO JACKSON LIMA GOMES,False,False,False,False,False,False,False,False,False,False,False,False,0,1480.0
2018,CE,REDE,1870,ALBENOR SILVANO RIBEIRO,False,False,False,False,False,False,False,False,False,False,False,False,0,1400.0
2018,CE,REDE,1877,AUZELITA CRESCÊNCIO GRANJEIRO,False,False,False,False,False,False,False,False,False,False,False,False,0,1880.0
2018,CE,REDE,1881,FRANCISCO EDSON DE SOUSA SIMÃO,False,False,False,False,False,False,False,False,False,False,False,False,0,1480.0
2018,CE,REDE,1888,JOSÉ CLAUDIO BARBOSA GONÇALVES,False,False,False,False,False,False,False,False,False,False,False,False,0,1480.0
2018,CE,SOLIDARIEDADE,7777,GENECIAS MATEUS NORONHA,True,True,True,True,True,True,False,True,False,True,True,True,1,690000.0
2018,CE,SOLIDARIEDADE,7793,ODECIO RODRIGUES CARNEIRO,True,True,True,True,False,True,False,False,False,False,True,True,0,200000.0
2018,DF,AVANTE,7000,ISANIL FRANCISCO GUALBERTO,False,False,False,False,False,False,False,False,False,False,False,False,0,14483.09
2018,DF,AVANTE,7007,FRANCISCO PEREIRA DE SOUSA,False,False,False,False,False,False,False,False,False,False,False,False,0,20818.29
2018,DF,AVANTE,7018,EVERALDO ANTONIO DA CRUZ,False,False,False,False,False,False,False,False,False,False,False,False,0,13316.84
2018,DF,AVANTE,7030,ANA ELIZA CAMARGO CHACEL,False,False,False,False,False,False,False,False,False,False,False,False,0,8061.04
2018,DF,AVANTE,7044,ALEXANDRE LIRA DE SOUZA,False,False,False,False,False,False,False,False,False,False,False,False,0,23101.39
2018,DF,AVANTE,7070,KLEBER VINICIUS BEZERRA CAMELO DE MELO,False,False,False,False,False,False,False,False,False,False,False,False,0,28320.19
2018,DF,AVANTE,7077,GIULIANE SAMPAIO DIAS DE OLIVEIRA,False,False,False,False,False,False,False,False,False,False,False,False,0,9312.79
2018,DF,AVANTE,7099,ANDREIA DE MEDEIROS GOMES,False,False,False,False,False,False,False,False,False,False,False,False,0,9575.54
2018,DF,DC,2700,CARLOS ALBERTO NUNES DA CUNHA,False,False,False,False,False,False,False,False,False,False,False,False,0,2700.0
2018,DF,DC,2706,FLAVIO PIKANA LEMOS,False,False,False,False,False,False,False,False,False,False,False,False,0,2700.0
2018,DF,DC,2710,JOSIVALDO FEITOSA DA SILVA,False,False,False,False,False,False,False,False,False,False,False,False,0,2750.0
2018,DF,DC,2711,GILDETE SANTANA NETO,False,False,False,False,False,False,False,False,False,False,False,False,0,3484.0
2018,DF,DC,2727,VIRGILIO MACEDO DE SOUZA,False,False,False,False,False,False,False,False,False,False,False,False,0,2750.0
2018,DF,DC,2740,RODGER ROBERTO ALVES DE SOUSA,False,False,False,False,False,False,False,False,False,False,False,False,0,2750.0
2018,DF,DC,2756,MAICON CARVALHO COSTA,False,False,False,False,False,False,False,False,False,False,False,False,0,2750.0
2018,DF,DC,2772,FELLIPE PASSOS DOS SANTOS,False,False,False,False,False,False,False,False,False,False,False,False,0,2700.0
2018,DF,DC,2792,JOEL OLIVEIRA AMARAL,False,False,False,False,False,False,False,False,False,False,False,False,0,2580.0
2018,DF,DC,2799,FRANCISCO JOAO PINTO DA SILVA,False,False,False,False,False,False,False,False,False,False,False,False,0,2797.5
2018,DF,DEM,2500,VIRNA MARIA SMITH SOARES DUTRA,False,False,False,False,False,False,False,False,False,False,False,False,0,855000.0
2018,DF,DEM,2525,WELLINGTON CORSINO DO NASCIMENTO,False,False,False,False,False,False,False,False,False,False,False,False,0,
2018,DF,DEM,2555,LUIS CLAUDIO FERNANDES MIRANDA,False,False,False,False,False,False,False,False,False,False,False,False,1,
2018,DF,MDB,1515,NELSON TADEU FILIPPELLI,True,True,True,True,True,True,False,False,False,False,True,True,0,2184411.18
2018,DF,MDB,1555,MEIRE LÚCIA GOMES MONTEIRO MOTA COELHO,False,False,False,False,False,False,False,False,False,False,False,False,0,313973.89999999997
2018,DF,MDB,1577,EDIMAR PIRENEUS CARDOSO,True,False,True,True,False,False,False,False,True,False,False,False,0,80500.0
2018,DF,NOVO,3000,ANNEBELLE FERREIRA BORGES,False,False,False,False,False,False,False,False,False,False,False,False,0,1099.1599999999999
2018,DF,NOVO,3010,THIAGO DE ARAUJO MACIEIRA MANZONI,False,False,False,False,False,False,False,False,False,False,False,False,0,3599.16
2018,DF,NOVO,3023,GISELIA FERREIRA,False,False,False,False,False,False,False,False,False,False,False,False,0,1099.1599999999999
2018,DF,NOVO,3030,RODRIGO FREIRE DE ARAGÃO,False,False,False,False,False,False,False,False,False,False,False,False,0,1099.1599999999999
2018,DF,NOVO,3033,ASSIS MARINHO CARVALHO,False,False,False,False,False,False,False,False,False,False,False,False,0,1099.1599999999999
2018,DF,NOVO,3034,DIEGO BARROS MAIA,False,False,False,False,False,False,False,False,False,False,False,False,0,1409.1599999999999
2018,DF,PATRI,5151,PAULO FERNANDO MELO DA COSTA,True,True,True,True,False,True,False,False,False,False,True,True,0,40000.0
2018,DF,PC do B,6544,MANOEL ALVES DA SILVA FILHO,False,False,False,False,False,False,False,False,False,False,False,False,0,6000.0
2018,DF,PC do B,6565,ANA MARIA PRESTES RABELO,False,False,False,False,False,False,False,False,False,False,False,False,0,68760.0
2018,DF,PCB,2121,JAMIL MAGARI,False,False,False,False,False,False,False,False,False,False,False,False,0,10101.11
2018,DF,PDT,1212,WANDERSON MAIA NASCIMENTO,False,False,False,False,False,False,False,False,False,False,False,False,0,5000.0
2018,DF,PDT,1221,ESTÉFANE CELIS ARAUJO,False,False,False,False,False,False,False,False,False,False,False,False,0,15000.0
2018,DF,PDT,1234,LEIRSON TRIGUEIRO MATOS,False,False,False,False,False,False,False,False,False,False,False,False,0,
2018,DF,PDT,1236,JOSE GADELHA LOUREIRO,False,False,False,False,False,False,False,False,False,False,False,False,0,5700.0
2018,DF,PHS,3100,CHARLES ROBERTO DE LIMA,True,False,True,True,False,False,False,False,True,False,False,False,0,120000.0
2018,DF,PHS,3131,FLÁVIO WERNECK MENEGUELLI,False,False,False,False,False,False,False,False,False,False,False,False,0,154172.68
2018,DF,PHS,3199,MARIA DA CONSOLAÇÃO FERREIRA DA PONTE LIMA,False,False,False,False,False,False,False,False,False,False,False,False,0,23548.68
2018,DF,PMB,3535,HAMILTON TEIXEIRA DOS SANTOS,False,False,False,False,False,False,False,False,False,False,False,False,0,27000.0
2018,DF,PMN,3310,JOÃO BATISTA DE SÁ E SÁ,False,False,False,False,False,False,False,False,False,False,False,False,0,
2018,DF,PMN,3322,LOURIVAL DE AZEVEDO RAMOS FILHO,False,False,False,False,False,False,False,False,False,False,False,False,0,
2018,DF,PMN,3333,MARIA DE FATIMA DAMASIO ROQUE,False,False,False,False,False,False,False,False,False,False,False,False,0,
2018,DF,PMN,3340,CIRO JOSÉ DE FREITAS,False,False,False,False,False,False,False,False,False,False,False,False,0,
2018,DF,PMN,3390,JOSE EDMAR DE CASTRO CORDEIRO,True,True,True,True,False,True,False,False,True,False,True,True,0,150000.0
2018,DF,PODE,1919,MARCOS PACCO RIBEIRO COELHO,True,True,True,True,False,True,False,False,False,False,True,True,0,750553.6
2018,DF,PP,1111,OLAIR FRANCISCO,True,False,True,True,False,False,False,False,True,False,False,False,0,1150728.75
2018,DF,PP,1122,CELINA LEAO HIZIM,True,False,True,True,False,False,False,False,True,False,False,False,1,2167761.25
2018,DF,PPL,5400,VALDIR DE CASTRO MIRANDA,False,False,False,False,False,False,False,False,False,False,False,False,0,5276.85
2018,DF,PPL,5411,EDUARDO ATILA DA SILVA,False,False,False,False,False,False,False,False,False,False,False,False,0,
2018,DF,PPL,5412,HENRIQUE ANTONIO RODRIGUES DE OLIVEIRA,False,False,False,False,False,False,False,False,False,False,False,False,0,4250.0
2018,DF,PPL,5413,JOAO DE AQUINO VIEIRA,False,False,False,False,False,False,False,False,False,False,False,False,0,
2018,DF,PPL,5422,FRANCISCA MARIA ROCHA SILVA,False,False,False,False,False,False,False,False,False,False,False,False,0,5824.7
2018,DF,PPL,5433,VIVIANE GOMES LIMA,False,False,False,False,False,False,False,False,False,False,False,False,0,1500.0
2018,DF,PPL,5441,DINAIR BARROS DOS SANTOS,False,False,False,False,False,False,False,False,False,False,False,False,0,7250.0
2018,DF,PPL,5454,FERNANDO LUIS CAMPANELLA,False,False,False,False,False,False,False,False,False,False,False,False,0,24084.37
2018,DF,PPL,5455,ETIENO DE SOUSA PEREIRA,False,False,False,False,False,False,False,False,False,False,False,False,0,14192.53
2018,DF,PPL,5464,VERONICA THEML FIALHO GOULART,False,False,False,False,False,False,False,False,False,False,False,False,0,26732.5
2018,DF,PPL,5490,ISAAC ANANIAS DA SILVA,False,False,False,False,False,False,False,False,False,False,False,False,0,
2018,DF,PPL,5493,JEFERSON MAXIMINO PINTO,False,False,False,False,False,False,False,False,False,False,False,False,0,2635.5299999999997
2018,DF,PPL,5499,FLAUZINO ANTUNES NETO,False,False,False,False,False,False,False,False,False,False,False,False,0,24068.25
2018,DF,PPS,2300,EDUARDO MAIA DA SILVEIRA,False,False,False,False,False,False,False,False,False,False,False,False,0,17140.0
2018,DF,PPS,2323,LUCIANO SOARES LEIRO,False,False,False,False,False,False,False,False,False,False,False,False,0,10800.0
2018,DF,PPS,2345,PAULA MORENO PARO BELMONTE,False,False,False,False,False,False,False,False,False,False,False,False,1,100000.0
2018,DF,PPS,2377,GILDOVAN VIEIRA DA CONCEIÇÃO,False,False,False,False,False,False,False,False,False,False,False,False,0,5100.0
2018,DF,PR,2200,FLAVIA CAROLINA PERES,False,False,False,False,False,False,False,False,False,False,False,False,1,2400000.0
2018,DF,PR,2215,JUSTINO CARVALHO DA SILVA,False,False,False,False,False,False,False,False,False,False,False,False,0,20000.0
2018,DF,PR,2222,LAERTE RODRIGUES DE BESSA,True,True,True,True,True,True,False,False,False,False,True,True,0,2244900.0
2018,DF,PR,2233,RAQUEL COSTA RIBEIRO,False,False,False,False,False,False,False,False,False,False,False,False,0,20250.0
2018,DF,PR,2277,FRANCISCO LUCIO PEREIRA FILHO,False,False,False,False,False,False,False,False,False,False,False,False,0,200000.0
2018,DF,PRB,1000,WILSON EURICO NOBRE DA SILVA,False,False,False,False,False,False,False,False,False,False,False,False,0,61127.7
2018,DF,PRB,1010,JULIO CESAR RIBEIRO,True,False,True,True,False,False,False,False,True,False,False,False,1,853819.19
2018,DF,PRB,1017,CLEMENTINA DE LAS MERCEDES CAMPOS RIVAS,False,False,False,False,False,False,False,False,False,False,False,False,0,16004.830000000002
2018,DF,PROS,9000,NEVITON PEREIRA JUNIOR,True,True,True,True,False,True,False,False,False,False,True,True,0,142967.0
2018,DF,PROS,9001,MARIA DE FATIMA BRITO VOGT,False,False,False,False,False,False,False,False,False,False,False,False,0,100000.0
2018,DF,PROS,9010,LINEUDA FERREIRA DE MELO,False,False,False,False,False,False,False,False,False,False,False,False,0,35059.15
2018,DF,PROS,9015,JOAQUIM DOMINGOS RORIZ NETO,False,False,False,False,False,False,False,False,False,False,False,False,0,801590.01
2018,DF,PROS,9017,CHARLES DE MAGALHAES ARAUJO JUNIOR,False,False,False,False,False,False,False,False,False,False,False,False,0,268480.0
2018,DF,PROS,9033,MANOEL PEREIRA XAVIER,False,False,False,False,False,False,False,False,False,False,False,False,0,539895.49
2018,DF,PROS,9090,HELIO JOSE DA SILVA LIMA,True,False,False,True,False,False,False,False,False,False,True,False,0,1534299.83
2018,DF,PRP,4417,BEATRIZ KICIS TORRENTS DE SORDI,False,False,False,False,False,False,False,False,False,False,False,False,1,90566.03
2018,DF,PRP,4420,JANETE ALMEIDA DO NASCIMENTO,False,False,False,False,False,False,False,False,False,False,False,False,0,7066.03
2018,DF,PRP,4422,JOAO DE DEUS CARVALHO MARTINS,False,False,False,False,False,False,False,False,False,False,False,False,0,
2018,DF,PRP,4444,ADALBERTO IMBROSIO OLIVEIRA,False,False,False,False,False,False,False,False,False,False,False,False,0,
2018,DF,PRP,4447,CARLOS HENRIQUE AROUCK DE SOUZA,False,False,False,False,False,False,False,False,False,False,False,False,0,
2018,DF,PRP,4455,JOSE OSCAR DA SILVA,False,False,False,False,False,False,False,False,False,False,False,False,0,
2018,DF,PRP,4477,ELISÂNGELA MACHADO DOS SANTOS DE FREITAS,False,False,False,False,False,False,False,False,False,False,False,False,0,25000.0
2018,DF,PRP,4488,FRANCISCO WELLINGTON SANTOS RAMOS,False,False,False,False,False,False,False,False,False,False,False,False,0,2066.0299999999997
2018,DF,PRP,4493,ADRIANO CANDIDO DE OLIVEIRA,False,False,False,False,False,False,False,False,False,False,False,False,0,1838.79
2018,DF,PRTB,2800,ROBERTO CARLOS RODRIGUES AGUIAR,False,False,False,False,False,False,False,False,False,False,False,False,0,8750.0
2018,DF,PRTB,2811,PAULO THIAGO LIMA COSTA BARRETO,False,False,False,False,False,False,False,False,False,False,False,False,0,750.0
2018,DF,PRTB,2818,WILSON PEREIRA DA SILVA,False,False,False,False,False,False,False,False,False,False,False,False,0,8750.0
2018,DF,PRTB,2828,IRACEMA CHRISTIANE GALVÃO TABOSA,False,False,False,False,False,False,False,False,False,False,False,False,0,5750.0
2018,DF,PRTB,2882,MIRIAM CRISTINA DIENSTMANN STEIN,False,False,False,False,False,False,False,False,False,False,False,False,0,5750.0
2018,DF,PSB,4012,MARIA DE LOURDES ABADIA,True,True,True,True,True,False,False,False,False,True,False,False,0,849725.64
2018,DF,PSB,4040,MARCOS DE ALENCAR DANTAS,False,False,False,False,False,False,False,False,False,False,False,False,0,500000.0
2018,DF,PSC,2017,JOSE RAIMUNDO LOPES DE SOUZA,True,False,False,True,False,False,False,False,False,False,True,False,0,85340.92
2018,DF,PSC,2020,EDNILSON MIRA DOS SANTOS,False,False,False,False,False,False,False,False,False,False,False,False,0,93696.67
2018,DF,PSC,2022,FRANCIMAR NAVA VILARINDO,False,False,False,False,False,False,False,False,False,False,False,False,0,93587.32
2018,DF,PSC,2030,SUZANGELA MARIA ALEXANDRE COSTA,False,False,False,False,False,False,False,False,False,False,False,False,0,193417.32
2018,DF,PSD,5555,RENATO SANTANA DA SILVA,False,False,False,False,False,False,False,False,False,False,False,False,0,436278.52
2018,DF,PSDB,4500,ROMUALDO AMARO ALVES,False,False,False,False,False,False,False,False,False,False,False,False,0,2250.0
2018,DF,PSDB,4510,LEONARDO SILVA BORGES,False,False,False,False,False,False,False,False,False,False,False,False,0,52250.0
2018,DF,PSDB,4515,PAULO ROBERTO RORIZ,True,False,True,True,False,False,False,False,True,False,False,False,0,50000.0
2018,DF,PSDB,4545,CLAUDIA AIRES BARBOSA RIBEIRO,False,False,False,False,False,False,False,False,False,False,False,False,0,92750.0
2018,DF,PSDB,4548,ANDRÉIA MOURA ZEMUNER,False,False,False,False,False,False,False,False,False,False,False,False,0,220170.35
2018,DF,PSDB,4550,MARCELO ALVES ENEAS DANTAS,False,False,False,False,False,False,False,False,False,False,False,False,0,52250.0
2018,DF,PSDB,4555,LEANDRO NARDY DE ALMEIDA,False,False,False,False,False,False,False,False,False,False,False,False,0,50000.0
2018,DF,PSDB,4590,HERLAN INACIO DE MOURA,False,False,False,False,False,False,False,False,False,False,False,False,0,52250.0
2018,DF,PSL,1717,NEWTON LINS TEIXEIRA DE CARVALHO,False,False,False,False,False,False,False,False,False,False,False,False,0,7990.25
2018,DF,PSL,1733,SERGIO FERNANDO PEDROSO ABOUD,False,False,False,False,False,False,False,False,False,False,False,False,0,5091.0
2018,DF,PSL,1777,WILL GODOY RODRIGUES,False,False,False,False,False,False,False,False,False,False,False,False,0,1568.25
2018,DF,PSOL,5000,OSVALDO ROSA DA SILVA JUNIOR,False,False,False,False,False,False,False,False,False,False,False,False,0,31874.28
2018,DF,PSOL,5001,ANTONIO JORGE CARDOSO DE OLIVEIRA,False,False,False,False,False,False,False,False,False,False,False,False,0,3501.87
2018,DF,PSOL,5005,ANJULI TOSTES FARIA,False,False,False,False,False,False,False,False,False,False,False,False,0,31874.28
2018,DF,PSOL,5011,NATHAN BELCAVELLO DE OLIVEIRA,False,False,False,False,False,False,False,False,False,False,False,False,0,2268.29
2018,DF,PSOL,5013,EDISON PINTO DE OLIVEIRA,False,False,False,False,False,False,False,False,False,False,False,False,0,3501.87
2018,DF,PSOL,5016,ANGELO BALBINO SOARES PEREIRA,False,False,False,False,False,False,False,False,False,False,False,False,0,3501.87
2018,DF,PSOL,5033,ITAMAR ALVES DE OLIVEIRA,False,False,False,False,False,False,False,False,False,False,False,False,0,3501.87
2018,DF,PSOL,5044,TALITA VICTOR SILVA,False,False,False,False,False,False,False,False,False,False,False,False,0,31874.28
2018,DF,PSOL,5050,MARIA JOSÉ DA CONCEIÇÃO MANINHA,True,True,True,True,True,True,False,False,True,False,True,True,0,83684.77
2018,DF,PSOL,5051,JOSÉ GONÇALVES DE ALMEIDA,False,False,False,False,False,False,False,False,False,False,False,False,0,31874.28
2018,DF,PSOL,5055,ERICK VINICIUS ANDRADE DA ROCHA,False,False,False,False,False,False,False,False,False,False,False,False,0,31874.28
2018,DF,PSOL,5060,HELOÍSA PIRES ZAMPROGNO GOZZI,False,False,False,False,False,False,False,False,False,False,False,False,0,3501.87
2018,DF,PSOL,5061,ROGÉRIO DA VEIGA,False,False,False,False,False,False,False,False,False,False,False,False,0,7202.62
2018,DF,PSOL,5077,INOCÊNCIO CALTAGIRONI DANTAS,False,False,False,False,False,False,False,False,False,False,False,False,0,2268.29
2018,DF,PSOL,5088,EVELIN MACIEL BRISOLLA,False,False,False,False,False,False,False,False,False,False,False,False,0,7202.62
2018,DF,PSTU,1616,ELCIMARA AUGUSTO DE SOUZA,False,False,False,False,False,False,False,False,False,False,False,False,0,2487.9300000000003
2018,DF,PT,1300,ABIAS DE SOUSA SILVA,False,False,False,False,False,False,False,False,False,False,False,False,0,15000.0
2018,DF,PT,1303,ANA CRISTINA ROBERTO,False,False,False,False,False,False,False,False,False,False,False,False,0,74500.0
2018,DF,PT,1307,WALTER CELIO DE ALMEIDA,False,False,False,False,False,False,False,False,False,False,False,False,0,15000.0
2018,DF,PT,1310,MARIA AMERICA MENEZES BONFIM HAMU,False,False,False,False,False,False,False,False,False,False,False,False,0,399000.0
2018,DF,PT,1311,OSNI DE SOUZA CALIXTO,False,False,False,False,False,False,False,False,False,False,False,False,0,15000.0
2018,DF,PT,1312,EXPEDITO AFONSO VELOSO,False,False,False,False,False,False,False,False,False,False,False,False,0,15000.0
2018,DF,PT,1313,ANTONIO SABINO DE VASCONCELOS NETO,False,False,False,False,False,False,False,False,False,False,False,False,0,15882.35
2018,DF,PT,1317,LUIZ FERNANDO CASTELO BRANCO REBELLO HORTA,False,False,False,False,False,False,False,False,False,False,False,False,0,15000.0
2018,DF,PT,1318,GERALDO MAGELLA ALMEIDA SALVADO,False,False,False,False,False,False,False,False,False,False,False,False,0,15000.0
2018,DF,PT,1320,GÉSSYCA ALVES DE SOUZA,False,False,False,False,False,False,False,False,False,False,False,False,0,399000.0
2018,DF,PT,1321,REBECA GOMES DE FREITAS,False,False,False,False,False,False,False,False,False,False,False,False,0,10000.0
2018,DF,PT,1322,ROBERTO CARLOS PINHEIRO SOUSA,False,False,False,False,False,False,False,False,False,False,False,False,0,15000.0
2018,DF,PT,1324,VANESSA NEGRINI,False,False,False,False,False,False,False,False,False,False,False,False,0,74500.0
2018,DF,PT,1331,ERIKA JUCA KOKAY,True,True,True,True,True,True,False,False,True,False,True,True,1,1009000.0
2018,DF,PT,1333,JOAQUIM RODRIGUES DOS SANTOS FILHO,False,False,False,False,False,False,False,False,False,False,False,False,0,15000.0
2018,DF,PT,1369,DANIEL QUEIROZ GALVÃO,False,False,False,False,False,False,False,False,False,False,False,False,0,15000.0
2018,DF,PTB,1444,MIGUEL LUCENA FILHO,False,False,False,False,False,False,False,False,False,False,False,False,0,185000.0
2018,DF,PTC,3600,GEORGIOS STAIKOS TZEMOS,True,True,True,True,False,True,False,False,False,False,True,True,0,200000.0
2018,DF,PTC,3617,NAIARA LOURENÇO,False,False,False,False,False,False,False,False,False,False,False,False,0,10000.0
2018,DF,PTC,3635,LURI SAEKI,False,False,False,False,False,False,False,False,False,False,False,False,0,10000.0
2018,DF,PTC,3636,ELIOMAR RODRIGUES DE SOUZA,False,False,False,False,False,False,False,False,False,False,False,False,0,10000.0
2018,DF,PTC,3663,GERARDO ALVES LIMA FILHO,False,False,False,False,False,False,False,False,False,False,False,False,0,10000.0
2018,DF,PTC,3677,SAMIA WALESKA PEREIRA BARBOSA DE CARVALHO,False,False,False,False,False,False,False,False,False,False,False,False,0,10000.0
2018,DF,PV,4333,RAYSSA LEITE DE CASTRO TOMAZ DA SILVA,False,False,False,False,False,False,False,False,False,False,False,False,0,134300.0
2018,DF,PV,4343,ISRAEL MATOS BATISTA,True,False,True,True,False,False,False,False,True,False,False,False,1,450000.0
2018,DF,REDE,1800,MAURÍLIO BRAZ SANTANA JUNIOR,False,False,False,False,False,False,False,False,False,False,False,False,0,
2018,DF,REDE,1808,THAYNARA MELO RODRIGUES,False,False,False,False,False,False,False,False,False,False,False,False,0,800.0
2018,DF,REDE,1813,OLAVO BATISTA DA SILVA,False,False,False,False,False,False,False,False,False,False,False,False,0,
2018,DF,REDE,1818,LEOCLIDES MILTON ARRUDA,False,False,False,False,False,False,False,False,False,False,False,False,0,90000.0
2018,DF,REDE,1819,ADRIANA BARBOSA ROCHA DE FARIA,False,False,False,False,False,False,False,False,False,False,False,False,0,800.0
2018,DF,REDE,1881,ANGELO SARAIVA DONGA,False,False,False,False,False,False,False,False,False,False,False,False,0,
2018,DF,SOLIDARIEDADE,7777,AUGUSTO SILVEIRA DE CARVALHO,True,True,True,True,True,True,False,False,True,False,True,True,0,641737.3200000001
2018,ES,AVANTE,7000,JORGE LUIZ CARRETA,False,False,False,False,False,False,False,False,False,False,False,False,0,17890.8
2018,ES,AVANTE,7007,ALEXANDRE MAGNO COLA,False,False,False,False,False,False,False,False,False,False,False,False,0,18022.3
2018,ES,DC,2701,RAMONE LINA TAVARES MENEZES,False,False,False,False,False,False,False,False,False,False,False,False,0,
2018,ES,DC,2707,ROSANGELA DE OLIVEIRA,False,False,False,False,False,False,False,False,False,False,False,False,0,4163.79
2018,ES,DC,2723,CLEONICE FERREIRA PINHEIRO,False,False,False,False,False,False,False,False,False,False,False,False,0,4157.91
2018,ES,DC,2727,VINICIUS ANDRE TEIXEIRA CARAN,False,False,False,False,False,False,False,False,False,False,False,False,0,3557.81
2018,ES,DC,2733,SILVESTRE SOARES OLIVEIRA,False,False,False,False,False,False,False,False,False,False,False,False,0,4157.91
2018,ES,DC,2744,WANDERSON ARAUJO COSTA,False,False,False,False,False,False,False,False,False,False,False,False,0,4157.91
2018,ES,DC,2755,CANDIDA CASSIA DE JESUS,False,False,False,False,False,False,False,False,False,False,False,False,0,4157.91
2018,ES,DC,2757,JOVANIL ALMEIDA COUTINHO,False,False,False,False,False,False,False,False,False,False,False,False,0,4157.91
2018,ES,DC,2780,AURELIANO PIRES FILHO,False,False,False,False,False,False,False,False,False,False,False,False,0,4157.91
2018,ES,DC,2788,RODRIGO BARBOSA RODRIGUES,False,False,False,False,False,False,False,False,False,False,False,False,0,
2018,ES,DC,2799,WANDERLEY HENRIQUE WOLFFGRAMM,False,False,False,False,False,False,False,False,False,False,False,False,0,4157.91
2018,ES,DEM,2500,NORMA AYUB ALVES,True,True,True,True,True,True,False,True,False,True,True,True,1,1650000.0
2018,ES,DEM,2551,ELOILSOM CAETANO SABADINE,False,False,False,False,False,False,False,False,False,False,False,False,0,
2018,ES,MDB,1512,JOÃO LUIZ COSER,False,False,False,False,False,False,False,False,False,False,False,False,0,
2018,ES,MDB,1515,WELINGTON COIMBRA,True,True,True,True,True,True,False,False,False,False,True,True,0,2387918.8
2018,ES,MDB,1555,WERISON RISPERI,False,False,False,False,False,False,False,False,False,False,False,False,0,60000.0
2018,ES,MDB,1566,ALCIONE TONINI DA SILVA,False,False,False,False,False,False,False,False,False,False,False,False,0,66916.7
2018,ES,NOVO,3000,RICARDO SMARZARO DA SILVA,False,False,False,False,False,False,False,False,False,False,False,False,0,1813.4399999999998
2018,ES,NOVO,3003,JADIR EDUARDO SOUZA LUCAS,False,False,False,False,False,False,False,False,False,False,False,False,0,1813.4399999999998
2018,ES,NOVO,3010,MARIA RAQUEL GOMES GERLIN PUGGINA,False,False,False,False,False,False,False,False,False,False,False,False,0,1813.4399999999998
2018,ES,NOVO,3030,JOSE ANTONIO VERVLOET DO AMARAL,False,False,False,False,False,False,False,False,False,False,False,False,0,1813.4399999999998
2018,ES,NOVO,3050,FABYANNA PONTINI MIRANDA PEREIRA,False,False,False,False,False,False,False,False,False,False,False,False,0,1813.4399999999998
2018,ES,NOVO,3066,ALEXANDRE MAGNO DE ANDRADE,False,False,False,False,False,False,False,False,False,False,False,False,0,1813.4399999999998
2018,ES,PATRI,5123,OTAVIO CORREA DE MEIRELES FILHO,False,False,False,False,False,False,False,False,False,False,False,False,0,
2018,ES,PC do B,6565,GIVALDO VIEIRA DA SILVA,True,True,True,True,True,True,False,False,False,False,True,True,0,1063606.81
2018,ES,PDT,1200,LEONARDO DEPTULSKI,True,True,True,True,True,False,True,True,False,True,True,False,0,20000.0
2018,ES,PDT,1210,LUIZ ROBERTO DA SILVA,False,False,False,False,False,False,False,False,False,False,False,False,0,20000.0
2018,ES,PDT,1212,ANTONIO SERGIO ALVES VIDIGAL,True,True,True,True,True,True,False,True,False,True,True,True,1,699896.7
2018,ES,PDT,1221,OSMANDO MARCELO DE QUADROS PORTELLA,False,False,False,False,False,False,False,False,False,False,False,False,0,5000.0
2018,ES,PDT,1233,ERONDINA MARIA GOMES,False,False,False,False,False,False,False,False,False,False,False,False,0,15000.0
2018,ES,PHS,3100,VALDOMIRO MOREIRA DA SILVA,False,False,False,False,False,False,False,False,False,False,False,False,0,
2018,ES,PHS,3133,CARLOS ALBERTO FORESTI,False,False,False,False,False,False,False,False,False,False,False,False,0,50000.0
2018,ES,PHS,3177,ELY BLUNCK SILVEIRA,False,False,False,False,False,False,False,False,False,False,False,False,0,50000.0
2018,ES,PMB,3500,ANTONIO BELMIRO GONCALVES,False,False,False,False,False,False,False,False,False,False,False,False,0,5000.0
2018,ES,PMB,3534,SILVIO TEIXEIRA LEITE,False,False,False,False,False,False,False,False,False,False,False,False,0,2000.0
2018,ES,PMB,3535,JACQUELINE ALVES NONATO,False,False,False,False,False,False,False,False,False,False,False,False,0,15000.0
2018,ES,PMB,3555,HERMANN MORAES MIRINDIBA,False,False,False,False,False,False,False,False,False,False,False,False,0,5486.0
2018,ES,PMB,3577,MICHELLE ELAINE DE OLIVEIRA,False,False,False,False,False,False,False,False,False,False,False,False,0,10000.0
2018,ES,PMN,3300,ANDERSON CYRILLO RODRIGUES,False,False,False,False,False,False,False,False,False,False,False,False,0,300.0
2018,ES,PODE,1905,PATRICIA MESQUIATI DE OLIVEIRA QUEIROZ,False,False,False,False,False,False,False,False,False,False,False,False,0,200.0
2018,ES,PODE,1907,JULIANO NASCIMENTO BROETTO,False,False,False,False,False,False,False,False,False,False,False,False,0,200.0
2018,ES,PODE,1912,RENATA SANTOS MORAES,False,False,False,False,False,False,False,False,False,False,False,False,0,200.0
2018,ES,PODE,1919,LEDIR DA SILVA PORTO,True,True,True,True,False,True,False,False,False,True,True,True,0,200.0
2018,ES,PODE,1970,EDICARLOS GIRALDI GELAIN,False,False,False,False,False,False,False,False,False,False,False,False,0,200.0
2018,ES,PODE,1999,SONIA MARIA BUENO DA VITORIA,False,False,False,False,False,False,False,False,False,False,False,False,0,200.0
2018,ES,PP,1111,MAX DAIBERT DE CASTRO SALES,False,False,False,False,False,False,False,False,False,False,False,False,0,206300.0
2018,ES,PP,1112,FAYDA BELO DA COSTA GOMES,False,False,False,False,False,False,False,False,False,False,False,False,0,173755.0
2018,ES,PP,1122,VERINA DA PENHA RODRIGUES,False,False,False,False,False,False,False,False,False,False,False,False,0,46112.5
2018,ES,PP,1133,CATARINA DOS SANTOS FERREIRA FELIPE,False,False,False,False,False,False,False,False,False,False,False,False,0,66112.5
2018,ES,PP,1140,JONAS NOGUEIRA DIAS JUNIOR,False,False,False,False,False,False,False,False,False,False,False,False,0,219383.81
2018,ES,PP,1143,EVAIR VIEIRA DE MELO,False,False,True,False,False,False,False,False,False,True,False,False,1,1044203.0
2018,ES,PP,1145,MARCUS ANTÔNIO VICENTE,True,True,True,True,True,True,False,False,False,False,True,True,0,986881.0
2018,ES,PPL,5400,VASCO ALVES DE OLIVEIRA JUNIOR,True,True,True,True,False,True,False,False,False,True,True,True,0,16000.0
2018,ES,PPS,2300,LEONIL DIAS DA SILVA,False,False,False,False,False,False,False,False,False,False,False,False,0,150000.0
2018,ES,PPS,2323,JOSIAS MARIO DA VITORIA,True,True,True,True,True,True,False,False,False,True,True,True,1,584064.05
2018,ES,PPS,2333,LENISE MENEZES LOUREIRO,False,False,False,False,False,False,False,False,False,False,False,False,0,449550.14
2018,ES,PPS,2340,JANDIR FRAGA,False,False,False,False,False,False,False,False,False,False,False,False,0,
2018,ES,PPS,2345,LUIZ PAULO VELLOZO LUCAS,True,True,True,True,True,True,False,True,False,True,True,True,0,292032.03
2018,ES,PR,2200,GILSON DOS SANTOS LOPES FILHO,True,True,True,True,True,True,False,False,False,False,True,True,0,1547975.71
2018,ES,PR,2222,LAURIETE RODRIGUES DE JESUS MALTA,True,True,True,True,True,True,False,False,False,False,True,True,1,2300000.0
2018,ES,PR,2244,ALCEBIADES MILTON CABRAL,False,False,False,False,False,False,False,False,False,False,False,False,0,10000.0
2018,ES,PRB,1000,RODNEY ROCHA MIRANDA,True,True,True,True,True,True,False,False,False,False,True,True,0,971385.47
2018,ES,PRB,1010,AMARO ROCHA NASCIMENTO NETO,True,False,False,True,False,False,True,False,False,False,True,False,1,1365000.0
2018,ES,PRB,1011,ELVIS DA SILVA MARTINS,False,False,False,False,False,False,False,False,False,False,False,False,0,36127.32
2018,ES,PRB,1012,MARIA ADELINA DINIZ,False,False,False,False,False,False,False,False,False,False,False,False,0,361340.99
2018,ES,PRB,1015,ROSANI CHAGAS TURETA,False,False,False,False,False,False,False,False,False,False,False,False,0,40127.32
2018,ES,PRB,1017,ANASTACIO DANTAS,False,False,False,False,False,False,False,False,False,False,False,False,0,6127.320000000001
2018,ES,PRB,1040,MARIA APARECIDA DE MELLO,False,False,False,False,False,False,False,False,False,False,False,False,0,141127.32
2018,ES,PRB,1070,VILMAR DE ANDRADE AVELAR,False,False,False,False,False,False,False,False,False,False,False,False,0,20127.32
2018,ES,PRB,1077,DÉLIO PARRINI IGLESIAS,True,True,True,True,True,True,False,False,False,False,True,True,0,32127.32
2018,ES,PRB,1080,CARLA SILVA XAVIER,False,False,False,False,False,False,False,False,False,False,False,False,0,309900.99
2018,ES,PROS,9000,THIAGO GOMES MAGALHAES,False,False,False,False,False,False,False,False,False,False,False,False,0,
2018,ES,PROS,9013,MARIA GONÇALVES DE ARAUJO,False,False,False,False,False,False,False,False,False,False,False,False,0,5000.0
2018,ES,PROS,9090,SANDRO HELENO GOMES DE SOUZA,True,True,True,True,True,True,False,False,False,False,True,True,0,407656.04
2018,ES,PRP,4421,MARIA APARECIDA BOTELHO,False,False,False,False,False,False,False,False,False,False,False,False,0,63721.25
2018,ES,PRP,4433,CHARLES DA SILVA MARTINS,True,True,True,True,False,True,False,False,False,False,True,True,0,97281.25
2018,ES,PRP,4480,NIVALDO GONÇALVES DE SOUZA,False,False,False,False,False,False,False,False,False,False,False,False,0,30362.55
2018,ES,PRTB,2814,INACIO HENRIQUE GARCIA DOS SANTOS,False,False,False,False,False,False,False,False,False,False,False,False,0,
2018,ES,PRTB,2817,LEANDRO DE OLIVEIRA MACHADO,False,False,False,False,False,False,False,False,False,False,False,False,0,
2018,ES,PRTB,2820,GETULIO SANTOS CORTES,False,False,False,False,False,False,False,False,False,False,False,False,0,
2018,ES,PRTB,2828,GABRIEL ELIAS DE OLIVEIRA RUY,False,False,False,False,False,False,False,False,False,False,False,False,0,
2018,ES,PRTB,2829,MARIA DA PENHA LIMA DE ANDRADE,False,False,False,False,False,False,False,False,False,False,False,False,0,1000.0
2018,ES,PRTB,2888,MAGDA LEONEL CARDOSO,False,False,False,False,False,False,False,False,False,False,False,False,0,1000.0
2018,ES,PSB,4000,EDMAR MOREIRA CAMATA,False,False,False,False,False,False,False,False,False,False,False,False,0,250000.0
2018,ES,PSB,4001,FERNANDA PEREIRA,False,False,False,False,False,False,False,False,False,False,False,False,0,50700.0
2018,ES,PSB,4004,CONCEIÇÃO REGINA PINTO DE OLIVEIRA,False,False,False,False,False,False,False,False,False,False,False,False,0,50000.0
2018,ES,PSB,4011,IZOLINA MARCIA LAMAS SILVA,True,True,True,True,False,True,False,False,False,False,True,True,0,300355.0
2018,ES,PSB,4022,NATHAN NAEL NASCIMENTO MEDEIROS,False,False,False,False,False,False,False,False,False,False,False,False,0,75000.0
2018,ES,PSB,4023,DILEUZA MARINS DEL CARO,False,False,False,False,False,False,False,False,False,False,False,False,0,50000.0
2018,ES,PSB,4026,ANTÔNIO CARLOS FREITAS SANTOS,False,False,False,False,False,False,False,False,False,False,False,False,0,50000.0
2018,ES,PSB,4040,PAULO ROBERTO FOLETTO,True,True,True,True,True,True,False,False,False,True,True,True,1,1300000.0
2018,ES,PSB,4044,FELIPE RIGONI LOPES,False,False,False,False,False,False,False,False,False,False,False,False,1,150000.0
2018,ES,PSB,4080,JOÃO BATISTA CONTI,False,False,False,False,False,False,False,False,False,False,False,False,0,75000.0
2018,ES,PSC,2020,REGINALDO DE ALMEIDA,True,True,True,True,True,True,False,False,False,False,True,True,0,1040000.0
2018,ES,PSD,5500,LENILDA MARIA DA SILVA DESTEFANI,False,False,False,False,False,False,False,False,False,False,False,False,0,250000.0
2018,ES,PSD,5555,NEUCIMAR FERREIRA FRAGA,True,True,True,True,True,True,False,False,False,True,True,True,0,766500.0
2018,ES,PSDB,4550,IZAIAS CORREA BARBOZA JUNIOR,False,False,False,False,False,False,False,False,False,False,False,False,0,11500.0
2018,ES,PSDB,4555,NEUZINETE GONÇALVES PEREIRA,False,False,False,False,False,False,False,False,False,False,False,False,0,25050.0
2018,ES,PSDB,4567,CÉSAR ROBERTO COLNAGHI,True,True,True,True,True,True,False,False,False,False,True,True,0,1073800.0
2018,ES,PSL,1700,JOSÉ RODRIGUES PINHEIRO,False,False,False,False,False,False,False,False,False,False,False,False,0,
2018,ES,PSL,1711,VAILSON GRECCO,False,False,False,False,False,False,False,False,False,False,False,False,0,3000.0
2018,ES,PSL,1717,SORAYA DE SOUZA MANNATO,False,False,False,False,False,False,False,False,False,False,False,False,1,286884.65
2018,ES,PSL,1733,RAFAEL MONTEIRO TEIXEIRA ARNDT,False,False,False,False,False,False,False,False,False,False,False,False,0,8000.0
2018,ES,PSL,1770,ADRIANA GONÇALVES BOAS FALK,False,False,False,False,False,False,False,False,False,False,False,False,0,10000.0
2018,ES,PSL,1777,MARCOS GUERRA,False,False,False,False,False,False,False,False,False,False,False,False,0,
2018,ES,PSL,1778,HANS DETTMANN JUNIOR,False,False,True,False,False,False,False,False,False,True,False,False,0,3000.0
2018,ES,PSOL,5000,JOSÉ ANEZIO FERNANDES DO VALE,False,False,False,False,False,False,False,False,False,False,False,False,0,4798.6
2018,ES,PSOL,5025,ADRIANO ROSA,False,False,False,False,False,False,False,False,False,False,False,False,0,3167.92
2018,ES,PSOL,5027,MARCOS DIAS NUNES,False,False,False,False,False,False,False,False,False,False,False,False,0,4018.92
2018,ES,PSOL,5050,BRUNA MESQUITA GATI,False,False,False,False,False,False,False,False,False,False,False,False,0,3114.92
2018,ES,PSOL,5051,MONICA ALVES FARIA,False,False,False,False,False,False,False,False,False,False,False,False,0,3167.92
2018,ES,PSOL,5079,SEBASTIAO PEDRO DAS CHAGAS,False,False,False,False,False,False,False,False,False,False,False,False,0,3167.92
2018,ES,PSOL,5080,JOELMA DOS SANTOS LOPES,False,False,False,False,False,False,False,False,False,False,False,False,0,3167.92
2018,ES,PT,1313,JOÃO CARLOS COSER,True,True,True,True,True,False,False,True,False,True,True,False,0,398500.0
2018,ES,PT,1314,VALTER PIRES PEREIRA SCHIAVO,False,False,False,False,False,False,False,False,False,False,False,False,0,15000.0
2018,ES,PT,1319,ANTONIO CARVALHO,False,False,False,False,False,False,False,False,False,False,False,False,0,15000.0
2018,ES,PT,1320,DANIEL SIDNEY COSTA,False,False,False,False,False,False,False,False,False,False,False,False,0,15000.0
2018,ES,PT,1330,THIAGO MAGNO SILVA DE ALMEIDA,False,False,False,False,False,False,False,False,False,False,False,False,0,15000.0
2018,ES,PT,1331,MARCELA ROMÃO SILVA,False,False,False,False,False,False,False,False,False,False,False,False,0,10000.0
2018,ES,PT,1333,JOSINETE MARA DA FONSECA,False,False,False,False,False,False,False,False,False,False,False,False,0,74500.0
2018,ES,PT,1340,INÊS SIMON FERREIRA,False,False,False,False,False,False,False,False,False,False,False,False,0,10000.0
2018,ES,PT,1344,MARIA DE LOURDES BARCELLOS,False,False,False,False,False,False,False,False,False,False,False,False,0,12000.0
2018,ES,PT,1350,HELDER IGNACIO SALOMÃO,True,True,True,True,True,True,False,True,False,True,True,True,1,900000.0
2018,ES,PT,1355,LEIDE MARIA FAGUNDES ALVES,False,False,False,False,False,False,False,False,False,False,False,False,0,10000.0
2018,ES,PT,1356,LUARA RAMOS SOUZA,False,False,False,False,False,False,False,False,False,False,False,False,0,74500.0
2018,ES,PT,1360,LOURIVAL ZEFERINO PEREIRA,False,False,False,False,False,False,False,False,False,False,False,False,0,15000.0
2018,ES,PT,1365,EDUARDO DA COSTA PAIVA,False,False,False,False,False,False,False,False,False,False,False,False,0,15000.0
2018,ES,PT,1377,JOSE IZIDORO RODRIGUES,False,False,False,False,False,False,False,False,False,False,False,False,0,15000.0
2018,ES,PTB,1400,GUSTAVO PEIXOTO SOARES MIGUEL,False,False,False,False,False,False,False,False,False,False,False,False,0,
2018,ES,PTB,1401,JOSENILTON COSTA SILVA,False,False,False,False,False,False,False,False,False,False,False,False,0,
2018,ES,PTB,1410,SEBASTIÃO DEMUNER,False,False,False,False,False,False,False,False,False,False,False,False,0,22486.0
2018,ES,PTB,1412,MARIO NEI SOUZA DA COSTA,False,False,False,False,False,False,False,False,False,False,False,False,0,2000.0
2018,ES,PTB,1414,SERGIO AUGUSTO DE MAGALHAES E SOUZA,True,True,True,True,False,True,False,False,False,False,True,True,0,96871.0
2018,ES,PTB,1415,WALMA RODRIGUES PEREIRA BARROS,False,False,False,False,False,False,False,False,False,False,False,False,0,13000.0
2018,ES,PTB,1420,LICIA REZENDE NARCISO,False,False,False,False,False,False,False,False,False,False,False,False,0,10000.0
2018,ES,PTB,1441,MARINETE FERNANDES,False,False,False,False,False,False,False,False,False,False,False,False,0,10000.0
2018,ES,PTB,1444,BENEDITO PORTO PESTANA,False,False,False,False,False,False,False,False,False,False,False,False,0,
2018,ES,PTB,1445,JAMES DE JESUS OLIVEIRA,False,False,False,False,False,False,False,False,False,False,False,False,0,12486.0
2018,ES,PTB,1450,JOAO BATISTA GUSMAO DA SILVA,False,False,False,False,False,False,False,False,False,False,False,False,0,11486.0
2018,ES,PTB,1456,WILLIAM BARBOSA DE LIMA,False,False,False,False,False,False,False,False,False,False,False,False,0,12486.0
2018,ES,PTB,1477,ORESTE RODRIGUES CAMPOS,False,False,False,False,False,False,False,False,False,False,False,False,0,
2018,ES,PTC,3640,MIGUEL MATES SANTOS,False,False,False,False,False,False,False,False,False,False,False,False,0,60000.0
2018,ES,PV,4321,MARIANGELA ZACCHE DE AGUIAR BRINCO,False,False,False,False,False,False,False,False,False,False,False,False,0,43609.17
2018,ES,PV,4322,LUIZ CARLOS BEZERRA,False,False,False,False,False,False,False,False,False,False,False,False,0,29990.3
2018,ES,PV,4323,MARIA ANTONIA FREITAS ULTRAMAR,False,False,False,False,False,False,False,False,False,False,False,False,0,29332.969999999998
2018,ES,PV,4333,FABIANO ELER DOS SANTOS,False,False,False,False,False,False,False,False,False,False,False,False,0,63068.380000000005
2018,ES,PV,4343,LEONARDO MARCHEZI DOS REIS,False,False,False,False,False,False,False,False,False,False,False,False,0,23456.86
2018,ES,REDE,1800,MAURO JORGE PERUCHI,True,True,True,True,False,True,False,False,False,False,True,True,0,
2018,ES,REDE,1810,WEMERSON DA SILVA NOGUEIRA,False,False,False,False,False,False,False,False,False,False,False,False,0,
2018,ES,REDE,1818,CARLOS AUGUSTO LORENZONI,False,False,False,False,False,False,False,False,False,False,False,False,0,
2018,ES,REDE,1870,EDILAMARA RANGEL GOMES ALVES FRANCISCO,False,False,False,False,False,False,False,False,False,False,False,False,0,800.0
2018,ES,REDE,1888,SERGIO GABRIEL PESSOTTI,False,False,False,False,False,False,False,False,False,False,False,False,0,
2018,ES,REDE,1899,GUSTAVO DE BIASE NUNES DA ROCHA,False,False,False,False,False,False,False,False,False,False,False,False,0,190000.0
2018,ES,SOLIDARIEDADE,7777,JORGE SILVA,True,True,True,True,True,True,False,False,False,True,True,True,0,1248000.0
2018,ES,SOLIDARIEDADE,7788,LUCINEIA THOMAZ MARQUES,False,False,False,False,False,False,False,False,False,False,False,False,0,30000.0
2018,GO,AVANTE,7000,CRISTIANO QUINTINO SOARES,False,False,False,False,False,False,False,False,False,False,False,False,0,
2018,GO,AVANTE,7010,WILLIAM LUDOVICO DE ALMEIDA,True,True,True,True,False,True,False,False,False,False,True,True,0,
2018,GO,AVANTE,7015,FLÁVIA REZENDE CALIL ALVES SILVA,False,False,False,False,False,False,False,False,False,False,False,False,0,
2018,GO,AVANTE,7055,RENER BUENO MARINHO BILAC,False,False,False,False,False,False,False,False,False,False,False,False,0,
2018,GO,AVANTE,7070,DARIO ALVES PAIVA NETO,False,False,False,False,False,False,False,False,False,False,False,False,0,
2018,GO,AVANTE,7077,MAGNO MARCIEL RAMOS BARBOSA,False,False,False,False,False,False,False,False,False,False,False,False,0,
2018,GO,DC,2700,KELLY MORGANA AFIUNE,False,False,False,False,False,False,False,False,False,False,False,False,0,53277.11
2018,GO,DC,2701,JAYRO GONÇALVES COSTA,False,False,False,False,False,False,False,False,False,False,False,False,0,
2018,GO,DC,2707,LUCIANE CHAVES DE OLIVEIRA CASTRO,False,False,False,False,False,False,False,False,False,False,False,False,0,2000.0
2018,GO,DC,2710,ALISSON ANTONIO SEVERO DE MOURA,False,False,False,False,False,False,False,False,False,False,False,False,0,
2018,GO,DC,2715,IZABEL MARTINE FLORA LUSO,False,False,False,False,False,False,False,False,False,False,False,False,0,4390.0
2018,GO,DC,2717,WALTER CAIXETA DE ARAUJO,False,False,False,False,False,False,False,False,False,False,False,False,0,2390.0
2018,GO,DC,2725,EVELLYN DINARCY KAROLINE NOGUEIRA CINTRA MATOS,True,False,False,True,False,False,False,False,False,False,True,False,0,3480.0
2018,GO,DC,2727,JOAO PAULO SANT ANA,False,False,False,False,False,False,False,False,False,False,False,False,0,
2018,GO,DC,2728,JOÃO BATISTA RIBEIRO DE QUEIROZ,False,False,False,False,False,False,False,False,False,False,False,False,0,1552.0
2018,GO,DC,2737,ANAILSON RODRIGUES DA SILVA,False,False,False,False,False,False,False,False,False,False,False,False,0,
2018,GO,DC,2755,LEANDRO MORO DE MATOS,False,False,False,False,False,False,False,False,False,False,False,False,0,1250.0
2018,GO,DC,2770,GISZELLE CHEILA PESSOA SILVA,False,False,False,False,False,False,False,False,False,False,False,False,0,3150.0
2018,GO,DEM,2510,FLAVIA SILVA E SOUZA CUNHA KRASUCKI,False,False,False,False,False,False,False,False,False,False,False,False,0,651446.19
2018,GO,DEM,2512,ROSELI MARIA DE OLIVEIRA SILVEIRA,False,False,False,False,False,False,False,False,False,False,False,False,0,72267.74
2018,GO,DEM,2525,CARLOS HENRIQUE FERREIRA,False,False,False,False,False,False,False,False,False,False,False,False,0,206.19
2018,GO,DEM,2555,JOSE MARIO SCHREINER,True,True,True,True,False,True,False,False,False,False,True,True,1,600206.19
2018,GO,DEM,2577,LORENA TELLES DE MENESES,False,False,False,False,False,False,False,False,False,False,False,False,0,61446.19
2018,GO,DEM,2580,ZACARIAS CALIL HAMU,False,False,False,False,False,False,False,False,False,False,False,False,1,501577.74
2018,GO,MDB,1500,WDINEIA PEREIRA DE OLIVEIRA,False,False,False,False,False,False,False,False,False,False,False,False,0,250000.0
2018,GO,MDB,1504,JOAO REIS DE ARAÚJO,False,False,False,False,False,False,False,False,False,False,False,False,0,50000.0
2018,GO,MDB,1505,MARIA DIVINA MENDES,False,False,False,False,False,False,False,False,False,False,False,False,0,10250.0
2018,GO,MDB,1510,MARIA DAS DORES ARRIEL BRAGA,False,False,False,False,False,False,False,False,False,False,False,False,0,10000.0
2018,GO,MDB,1511,EDWAL FREITAS PORTILHO,True,True,True,True,False,True,False,False,False,False,True,True,0,
2018,GO,MDB,1512,MARCOS VINÍCIUS NUNES DA SILVA,False,False,False,False,False,False,False,False,False,False,False,False,0,
2018,GO,MDB,1515,IRIS DE ARAÚJO REZENDE MACHADO,True,True,True,True,True,True,False,False,False,False,True,True,0,800000.0
2018,GO,MDB,1518,DANTE GUIMARÃES SANTOS DO AMARAL,False,False,False,False,False,False,False,False,False,False,False,False,0,
2018,GO,MDB,1525,GLEITON MARCOS JESUS DA SILVA,False,False,False,False,False,False,False,False,False,False,False,False,0,
2018,GO,MDB,1560,LUCIANO ALVES CUSTODIO,False,False,False,False,False,False,False,False,False,False,False,False,0,
2018,GO,MDB,1567,DILMAR FERREIRA,False,False,False,False,False,False,False,False,False,False,False,False,0,
2018,GO,MDB,1570,BENEDITO BALBINO DA COSTA,False,False,False,False,False,False,False,False,False,False,False,False,0,
2018,GO,MDB,1577,MARIA NAJLA ALVES SANTOS ARAUJO,False,False,False,False,False,False,False,False,False,False,False,False,0,10000.0
2018,GO,MDB,1593,JUSSIMAR PINTO VIEIRA,False,False,False,False,False,False,False,False,False,False,False,False,0,
2018,GO,NOVO,3000,HELIO RODRIGUES DE ALMEIDA,False,False,False,False,False,False,False,False,False,False,False,False,0,1099.1599999999999
2018,GO,NOVO,3007,ELIANA DE ANDRADE SARMENTO TAVARES,False,False,False,False,False,False,False,False,False,False,False,False,0,1099.1599999999999
2018,GO,NOVO,3010,ALANO RIBEIRO DE QUEIROZ FILHO,False,False,False,False,False,False,False,False,False,False,False,False,0,3599.16
2018,GO,NOVO,3030,EDUARDO COSTA BORGES,False,False,False,False,False,False,False,False,False,False,False,False,0,1099.1599999999999
2018,GO,NOVO,3060,ROSANA MAZETTI PEREIRA PASSOS,False,False,False,False,False,False,False,False,False,False,False,False,0,1099.1599999999999
2018,GO,NOVO,3077,EDER DE PAULA BENTO,False,False,False,False,False,False,False,False,False,False,False,False,0,2099.16
2018,GO,PATRI,5100,DIVINO ETERNO ROSA DA SILVA,False,False,False,False,False,False,False,False,False,False,False,False,0,
2018,GO,PATRI,5122,LUCAS GABRIEL CARVALHO MORAIS,False,False,False,False,False,False,False,False,False,False,False,False,0,
2018,GO,PATRI,5123,ALISSON MEIRELES DE OLIVEIRA,False,False,False,False,False,False,False,False,False,False,False,False,0,
2018,GO,PATRI,5133,EDUARDO PEREIRA DE SOUSA,False,False,False,False,False,False,False,False,False,False,False,False,0,
2018,GO,PATRI,5151,FRANCISCO WELLINGTON LEITE BRAGA,False,False,False,False,False,False,False,False,False,False,False,False,0,
2018,GO,PATRI,5155,LAUDEMI TORRES CABRAL,False,False,False,False,False,False,False,False,False,False,False,False,0,
2018,GO,PATRI,5177,DOUGLAS ALMEIDA BUCALEM,False,False,False,False,False,False,False,False,False,False,False,False,0,
2018,GO,PATRI,5192,RUBIA MARIA DA SILVA,False,False,False,False,False,False,False,False,False,False,False,False,0,
2018,GO,PC do B,6544,GERCIONIR QUIRINO DOS SANTOS,False,False,False,False,False,False,False,False,False,False,False,False,0,200.0
2018,GO,PC do B,6565,MARIA ISAURA LEMOS,True,True,True,True,True,True,False,False,False,False,True,True,0,174968.65
2018,GO,PC do B,6577,ANÁLIA FRANCO GRANATO,False,False,False,False,False,False,False,False,False,False,False,False,0,200.0
2018,GO,PCB,2121,ANDRIELE FERREIRA QUALHATO,False,False,False,False,False,False,False,False,False,False,False,False,0,3835.98
2018,GO,PCO,2939,ÉRIKA NUNES DE MEDEIROS FERREIRA BORGES,False,False,False,False,False,False,False,False,False,False,False,False,0,2350.0
2018,GO,PDT,1212,FLAVIA CARREIRO ALBUQUERQUE MORAIS,True,True,True,True,True,True,False,False,False,True,True,True,1,1518566.19
2018,GO,PDT,1234,FRANCISCO MOACIR BARROS,False,False,False,False,False,False,False,False,False,False,False,False,0,
2018,GO,PHS,3101,OSÓRIO FERNANDO DE SOUSA,False,False,False,False,False,False,False,False,False,False,False,False,0,40600.0
2018,GO,PHS,3105,RENACI HENRIQUE ALVES,False,False,False,False,False,False,False,False,False,False,False,False,0,5600.0
2018,GO,PHS,3107,VALÉRIA SILVA RIOS,False,False,False,False,False,False,False,False,False,False,False,False,0,5600.0
2018,GO,PHS,3110,JOSE CARLOS ARAUJO DA ROCHA,False,False,False,False,False,False,False,False,False,False,False,False,0,10600.0
2018,GO,PHS,3111,JEOVAN CAVALCANTE ALENCAR,False,False,False,False,False,False,False,False,False,False,False,False,0,30600.0
2018,GO,PHS,3112,GERALDO VIEIRA ROCHA,False,False,False,False,False,False,False,False,False,False,False,False,0,150600.0
2018,GO,PHS,3113,MARIO HENRIQUE BORGES DE QUEIROZ,False,False,False,False,False,False,False,False,False,False,False,False,0,5600.0
2018,GO,PHS,3121,XISTO PEREIRA DAMAS,False,False,False,False,False,False,False,False,False,False,False,False,0,30600.0
2018,GO,PHS,3122,NEDIR RODRIGUES TAVARES,False,False,False,False,False,False,False,False,False,False,False,False,0,10600.0
2018,GO,PHS,3123,DÁRIA CRISTINA SATHLER GARCIA,False,False,False,False,False,False,False,False,False,False,False,False,0,100600.0
2018,GO,PHS,3131,JEOVANE LOPES DA SILVA,False,False,False,False,False,False,False,False,False,False,False,False,0,150600.0
2018,GO,PHS,3132,MARIA CRISTINA ALVES BORGES,False,False,False,False,False,False,False,False,False,False,False,False,0,10600.0
2018,GO,PHS,3133,DAMIÃO SILVA DE OLIVEIRA,False,False,False,False,False,False,False,False,False,False,False,False,0,20600.0
2018,GO,PHS,3140,ELOÍSO ALVES DE MATOS,False,False,False,False,False,False,False,False,False,False,False,False,0,45600.0
2018,GO,PHS,3141,VALMIR ANDRADE,False,False,False,False,False,False,False,False,False,False,False,False,0,600.0
2018,GO,PHS,3144,MARCELO AUGUSTO SAMPAIO MARTINS,True,True,True,True,False,True,False,False,False,False,True,True,0,150935.66999999998
2018,GO,PHS,3177,DANIELSON DIAS,False,False,False,False,False,False,False,False,False,False,False,False,0,20600.0
2018,GO,PHS,3188,CLÁUDIA CELINA DA SILVA LEMOS,False,False,False,False,False,False,False,False,False,False,False,False,0,10600.0
2018,GO,PHS,3190,NADYENE DE SOUSA,False,False,False,False,False,False,False,False,False,False,False,False,0,6200.0
2018,GO,PHS,3191,WERLEN CALASSI DE OLIVEIRA,False,False,False,False,False,False,False,False,False,False,False,False,0,20600.0
2018,GO,PMN,3300,SAMANTHA AUGUSTA DA VEIGA,False,False,False,False,False,False,False,False,False,False,False,False,0,
2018,GO,PMN,3310,MARCIELA RODRIGUES DE JESUS,False,False,False,False,False,False,False,False,False,False,False,False,0,
2018,GO,PMN,3333,HERMES TRALDI NETO,True,True,True,True,False,True,False,False,False,False,True,True,0,50360.0
2018,GO,PMN,3360,EDSON VIEIRA DA SILVA,True,True,True,True,False,True,False,False,False,False,True,True,0,31526.19
2018,GO,PODE,1900,WALLACE COSTA LANDIM,False,False,False,False,False,False,False,False,False,False,False,False,0,1320.0
2018,GO,PODE,1919,JOSÉ NELTO LAGARES DAS MERCEZ,True,True,True,True,True,True,False,False,False,False,True,True,1,321320.0
2018,GO,PODE,1920,VALERIANO PEREIRA DE ABREU,False,False,False,False,False,False,False,False,False,False,False,False,0,125206.19
2018,GO,PODE,1977,LEONARDO ALVES DE ARAUJO,False,False,False,False,False,False,False,False,False,False,False,False,0,
2018,GO,PP,1105,ROBERTO EGIDIO BALESTRA,True,True,True,True,True,True,False,False,False,False,True,True,0,1387550.0
2018,GO,PP,1111,ADRIANO ANTÔNIO AVELAR,False,False,False,False,False,False,False,False,False,False,False,False,1,2255692.0
2018,GO,PP,1122,JOÃO SANDES JUNIOR,True,True,True,True,True,True,False,False,False,True,True,True,0,2240692.0
2018,GO,PP,1140,FERNANDO LEMES ROCHA,False,False,False,False,False,False,False,False,False,False,False,False,0,
2018,GO,PP,1170,ALCIDES RIBEIRO FILHO,True,True,True,True,False,True,False,False,False,True,True,True,1,1156940.0
2018,GO,PP,1188,PATRICIA VALENTE BARRA,False,False,False,False,False,False,False,False,False,False,False,False,0,10013.2
2018,GO,PPS,2345,MARCOS ABRÃO RORIZ SOARES DE CARVALHO,True,True,True,True,True,True,False,False,False,False,True,True,0,1168128.11
2018,GO,PR,2222,MAGDA MOFATTO HON,True,True,True,True,True,True,False,True,False,True,True,True,1,2000000.0
2018,GO,PRB,1010,JOÃO CAMPOS DE ARAÚJO,True,True,True,True,True,True,False,False,False,False,True,True,1,1315830.0
2018,GO,PROS,9090,MARIA APARECIDA DOS SANTOS,False,False,False,False,False,False,False,False,False,False,False,False,0,1793697.52
2018,GO,PRP,4400,ITAMAR MARTINS GOMES,False,False,False,False,False,False,False,False,False,False,False,False,0,428.33000000000004
2018,GO,PRP,4411,KESLEI GALVÃO CARLOS,False,False,False,False,False,False,False,False,False,False,False,False,0,8330.33
2018,GO,PRP,4425,FERNANDA CRISTINA DE ABREU MENDES,False,False,False,False,False,False,False,False,False,False,False,False,0,18330.33
2018,GO,PRP,4444,ALCIDES RODRIGUES FILHO,True,False,False,True,False,False,False,False,False,False,True,False,1,500898.33
2018,GO,PRTB,2800,WALDINEI ALBERTO DOS SANTOS,False,False,False,False,False,False,False,False,False,False,False,False,0,1190.31
2018,GO,PRTB,2810,MARCELO REZENDE PARREIRA,False,False,False,False,False,False,False,False,False,False,False,False,0,500.31
2018,GO,PRTB,2822,HAMILTON JOSÉ DA ROCHA,False,False,False,False,False,False,False,False,False,False,False,False,0,792.31
2018,GO,PRTB,2825,THULIO DE QUEIROZ NOVAIS,False,False,False,False,False,False,False,False,False,False,False,False,0,500.31
2018,GO,PRTB,2828,WALTER PAULO DE OLIVEIRA SANTIAGO,False,False,False,False,False,False,False,False,False,False,False,False,0,2166.19
2018,GO,PRTB,2829,WILSON SODRE DE OLIVEIRA,False,False,False,False,False,False,False,False,False,False,False,False,0,1702.31
2018,GO,PRTB,2830,NAIR FRANCISCO PIRES,False,False,False,False,False,False,False,False,False,False,False,False,0,1266.31
2018,GO,PRTB,2888,MARIA DAS DORES DIAS DOS REIS,False,False,False,False,False,False,False,False,False,False,False,False,0,500.31
2018,GO,PRTB,2889,MARTA PEREIRA FERREIRA,False,False,False,False,False,False,False,False,False,False,False,False,0,500.31
2018,GO,PRTB,2893,JACQUELINE FERREIRA DO PRADO CARDOSO ,False,False,False,False,False,False,False,False,False,False,False,False,0,792.31
2018,GO,PSB,4040,ELIAS VAZ DE ANDRADE,True,True,True,True,False,True,False,False,False,False,True,True,1,572117.5
2018,GO,PSB,4044,ANTONIO FERNANDO LANDÓ CONTART,False,False,False,False,False,False,False,False,False,False,False,False,0,
2018,GO,PSC,2000,CARLOS PEDROSA DA SILVA,False,False,False,False,False,False,False,False,False,False,False,False,0,
2018,GO,PSC,2010,PATRICK MEDEIROS DA CRUZ,False,False,False,False,False,False,False,False,False,False,False,False,0,
2018,GO,PSC,2018,GLAUSKSTON BATISTA RIOS,False,False,False,False,False,False,False,False,False,False,False,False,1,151528.33
2018,GO,PSC,2020,WENNER PATRICK DE SOUSA,False,False,False,False,False,False,False,False,False,False,False,False,0,
2018,GO,PSC,2025,REGINA TAVARES BRITO ROSA,False,False,False,False,False,False,False,False,False,False,False,False,0,30000.0
2018,GO,PSC,2030,WELBER XAVIER DE SOUZA,False,False,False,False,False,False,False,False,False,False,False,False,0,928.33
2018,GO,PSD,5500,VICTOR LUSTOSA RODRIGUES,False,False,False,False,False,False,False,False,False,False,False,False,0,140000.0
2018,GO,PSD,5510,LUDYMILLA PAULA ROCHA LOPES,False,False,False,False,False,False,False,False,False,False,False,False,0,240000.0
2018,GO,PSD,5544,EULINA DE SOUSA BRITO DORNELLES BERNI,False,False,False,False,False,False,False,False,False,False,False,False,0,240000.0
2018,GO,PSD,5555,FRANCISCO RODRIGUES VALE JUNIOR,True,True,True,True,True,True,False,False,False,False,True,True,1,900000.0
2018,GO,PSD,5579,FABRICIA DE FATIMA GONÇALVES,False,False,False,False,False,False,False,False,False,False,False,False,0,100000.0
2018,GO,PSDB,4500,JEAN CARLO DOS SANTOS,True,True,True,True,True,True,False,False,False,False,True,True,0,250000.0
2018,GO,PSDB,4501,ARACELLY CANTUÁRIO PIRES,False,False,False,False,False,False,False,False,False,False,False,False,0,
2018,GO,PSDB,4540,ALESSANDRI DA ROCHA ALMEIDA,False,False,False,False,False,False,False,False,False,False,False,False,0,252250.0
2018,GO,PSDB,4545,GIUSEPPE VECCI,True,True,True,True,True,True,False,False,False,False,True,True,0,1200000.0
2018,GO,PSDB,4578,FÁBIO FERNANDES DE SOUSA,True,True,True,True,True,True,False,False,False,False,True,True,0,502250.0
2018,GO,PSDB,4599,CÉLIO ANTÔNIO DA SILVEIRA,True,True,True,True,True,True,False,True,False,True,True,True,1,1000000.0
2018,GO,PSL,1700,WALDIR SOARES DE OLIVEIRA,True,True,True,True,True,True,False,False,False,False,True,True,1,420208.33
2018,GO,PSL,1701,VITOR HUGO DE ARAUJO ALMEIDA,False,False,False,False,False,False,False,False,False,False,False,False,1,766.0
2018,GO,PSL,1717,ZAMOR DE MAGALHÃES ALMEIDA,False,False,False,False,False,False,False,False,False,False,False,False,0,
2018,GO,PSL,1718,JONATHANS SILVA DE MEDEIROS,False,False,False,False,False,False,False,False,False,False,False,False,0,
2018,GO,PSL,1740,DENISE BRASIL MENEZES,False,False,False,False,False,False,False,False,False,False,False,False,0,26320.0
2018,GO,PSL,1747,SÂMELA GABRIELLY MACHADO DE LACERDA,False,False,False,False,False,False,False,False,False,False,False,False,0,10000.0
2018,GO,PSL,1767,DAVI NOGUEIRA DE SOUZA,False,False,False,False,False,False,False,False,False,False,False,False,0,
2018,GO,PSL,1777,CÉLIO EDUARDO LEMOS DE ASSIS,False,False,False,False,False,False,False,False,False,False,False,False,0,
2018,GO,PSL,1788,DILVO DE ARAÚJO CONSTANTINO,False,False,False,False,False,False,False,False,False,False,False,False,0,
2018,GO,PSOL,5000,REINALDO ASSIS PANTALEAO,False,False,False,False,False,False,False,False,False,False,False,False,0,4564.280000000001
2018,GO,PSOL,5002,MESSIAS RODRIGUES DOS SANTOS,False,False,False,False,False,False,False,False,False,False,False,False,0,2822.08
2018,GO,PSOL,5005,ADMILSON MARINHO DE LIMA,False,False,False,False,False,False,False,False,False,False,False,False,0,4606.08
2018,GO,PSOL,5007,CARLOS ROBERTO GONÇALVES DA SILVA ,False,False,False,False,False,False,False,False,False,False,False,False,0,3946.1800000000003
2018,GO,PSOL,5008,ALESSANDRA DE ABREU MINADAKIS BARBOSA,False,False,False,False,False,False,False,False,False,False,False,False,0,1291.4
2018,GO,PSOL,5012,THAIS CRISTINA ALVES,False,False,False,False,False,False,False,False,False,False,False,False,0,4057.1100000000006
2018,GO,PSOL,5018,WALTENIS ALVES DE OLIVEIRA,False,False,False,False,False,False,False,False,False,False,False,False,0,1927.76
2018,GO,PSOL,5030,LEANDRO SOARES,False,False,False,False,False,False,False,False,False,False,False,False,0,
2018,GO,PSOL,5033,JOELSON DOS SANTOS SILVA,False,False,False,False,False,False,False,False,False,False,False,False,0,3183.1800000000003
2018,GO,PSOL,5055,LANA PAULA LUNA DE SOUSA,False,False,False,False,False,False,False,False,False,False,False,False,0,2599.13
2018,GO,PSOL,5058,ELIZABETH NUNES DOS SANTOS,False,False,False,False,False,False,False,False,False,False,False,False,0,3626.88
2018,GO,PSOL,5062,MANOEL CORDEIRO LIMA,False,False,False,False,False,False,False,False,False,False,False,False,0,1877.76
2018,GO,PSOL,5068,RICARDO ALVES PERES MOREIRA,False,False,False,False,False,False,False,False,False,False,False,False,0,1760.78
2018,GO,PSOL,5075,JOSE PEDRO CARDOSO,False,False,False,False,False,False,False,False,False,False,False,False,0,2312.76
2018,GO,PSOL,5089,LAURINDO SOUZA ITACARAMBI,False,False,False,False,False,False,False,False,False,False,False,False,0,3883.1800000000003
2018,GO,PSOL,5090,VERALUCIA RODRIGUES BENTO,False,False,False,False,False,False,False,False,False,False,False,False,0,1427.77
2018,GO,PT,1300,ARQUIDONES BITES LEÃO LEITE,False,False,False,False,False,False,False,False,False,False,False,False,0,15000.0
2018,GO,PT,1307,ISABEL CRISTINE DIAS DOS SANTOS,False,False,False,False,False,False,False,False,False,False,False,False,0,80808.0
2018,GO,PT,1310,NELSON GONÇALVES GALVÃO,False,False,False,False,False,False,False,False,False,False,False,False,0,15000.0
2018,GO,PT,1311,EMERSON SOARES MOREIRA,False,False,False,False,False,False,False,False,False,False,False,False,0,15000.0
2018,GO,PT,1313,RUBENS OTONI GOMIDE,True,True,True,True,True,True,False,False,False,False,True,True,1,903597.15
2018,GO,PT,1314,JOSE DO CARMO ALVES SIQUEIRA,True,True,True,True,False,True,False,False,False,True,True,True,0,81310.0
2018,GO,PT,1317,CILMAR MARQUES PEREIRA,False,False,False,False,False,False,False,False,False,False,False,False,0,10000.0
2018,GO,PT,1318,JULIO ANDERSON ALVES BUENO,False,False,False,False,False,False,False,False,False,False,False,False,0,15000.0
2018,GO,PT,1322,GERALDO NUNES DOS SANTOS,False,False,False,False,False,False,False,False,False,False,False,False,0,15000.0
2018,GO,PT,1324,ALANNA HOSANA ALBERNAZ,False,False,False,False,False,False,False,False,False,False,False,False,0,10000.0
2018,GO,PT,1333,GUILHERME OLIVEIRA BORGES,False,False,False,False,False,False,False,False,False,False,False,False,0,15000.0
2018,GO,PT,1344,RAIMUNDO MARTINS DE LOIOLA FILHO,False,False,False,False,False,False,False,False,False,False,False,False,0,15000.0
2018,GO,PT,1370,ALTAMIR GUALBERTO SALGADO,False,False,False,False,False,False,False,False,False,False,False,False,0,15000.0
2018,GO,PT,1377,JOÃO RODRIGUES DA COSTA,False,False,False,False,False,False,False,False,False,False,False,False,0,15000.0
2018,GO,PT,1399,THAIS GONDIM COSTA,False,False,False,False,False,False,False,False,False,False,False,False,0,
2018,GO,PTB,1400,CARLOS ALBINO DE REZENDE JÚNIOR ,False,False,False,False,False,False,False,False,False,False,False,False,0,100505.0
2018,GO,PTB,1414,JOVAIR DE OLIVEIRA ARANTES,True,True,True,True,True,True,False,False,False,False,True,True,0,1151170.0
2018,GO,PTB,1444,DEMÓSTENES LÁZARO XAVIER TORRES,False,True,True,False,True,False,False,False,False,True,False,False,0,351170.0
2018,GO,PTC,3600,BEATRIZ IOLANDA PEIXOTO DE FREITAS,False,False,False,False,False,False,False,False,False,False,False,False,0,20318.33
2018,GO,PTC,3608,JOSE AUGUSTO DE OLIVEIRA,False,False,False,False,False,False,False,False,False,False,False,False,0,
2018,GO,PTC,3618,JOELMA AGUIAR BATISTA DA COSTA,False,False,False,False,False,False,False,False,False,False,False,False,0,206.19
2018,GO,PTC,3633,SAMUEL JOSE DOS SANTOS,False,False,False,False,False,False,False,False,False,False,False,False,0,231526.19
2018,GO,PTC,3636,JOSE MARIA MARTINS DOS SANTOS,False,False,False,False,False,False,False,False,False,False,False,False,0,206.19
2018,GO,PTC,3637,ELES REIS DE FREITAS,False,False,True,False,False,False,False,False,False,True,False,False,0,30000.0
2018,GO,PTC,3660,ACENIL GUERRA DA COSTA,False,False,False,False,False,False,False,False,False,False,False,False,0,536.19
2018,GO,PTC,3666,WILMAR ARAUJO SILVA,False,False,False,False,False,False,False,False,False,False,False,False,0,538.33
2018,GO,PTC,3677,BEATRIS PEREIRA DE MACEDO,False,False,False,False,False,False,False,False,False,False,False,False,0,
2018,GO,PTC,3690,LUIZ CARLOS VIEIRA TELES,False,False,False,False,False,False,False,False,False,False,False,False,0,
2018,GO,PTC,3699,LAZARO LUCIANO DI FRANCO LIMA E SOUZA,False,False,False,False,False,False,False,False,False,False,False,False,0,
2018,GO,PV,4300,GUILHERME AZAMBUJA CASTELO BRANCO,False,False,False,False,False,False,False,False,False,False,False,False,0,78741.5
2018,GO,PV,4321,LUCIANO MENDES CAIXETA,False,False,False,False,False,False,False,False,False,False,False,False,0,73961.5
2018,GO,PV,4333,MARCELITA MANZE,False,False,False,False,False,False,False,False,False,False,False,False,0,114841.29000000001
2018,GO,PV,4343,SILVÉRIO CORRÊA DOS SANTOS,False,False,False,False,False,False,False,False,False,False,False,False,0,73280.0
2018,GO,PV,4345,JUSCILENE LARA DA CUNHA,False,False,False,False,False,False,False,False,False,False,False,False,0,26461.5
2018,GO,REDE,1800,MIRELLI UANA MARQUES SANTOS,False,False,False,False,False,False,False,False,False,False,False,False,0,800.0
2018,GO,REDE,1801,ANNA PAULA GLÜCK DE PODESTÀ,False,False,False,False,False,False,False,False,False,False,False,False,0,800.0
2018,GO,REDE,1808,JOSE FREDERICO LYRA NETTO,False,False,False,False,False,False,False,False,False,False,False,False,0,
2018,GO,REDE,1810,LILIA DE FÁTIMA PENA MONTEIRO,False,False,False,False,False,False,False,False,False,False,False,False,0,800.0
2018,GO,REDE,1818,GILSON GOMES DE OLIVEIRA,False,False,False,False,False,False,False,False,False,False,False,False,0,588.24
2018,GO,REDE,1877,JOSE ROBERTO GOMES DOS SANTOS,False,False,False,False,False,False,False,False,False,False,False,False,0,588.24
2018,GO,REDE,1899,VALMIRO BATISTA DO NASCIMENTO,False,False,False,False,False,False,False,False,False,False,False,False,0,
2018,GO,SOLIDARIEDADE,7777,LUCAS DE CASTRO SANTOS,False,False,False,False,False,False,False,False,False,False,False,False,1,650000.0
2018,MA,AVANTE,7000,ANTONIO ELIZABETH GONÇALO DE SOUSA,False,True,True,False,True,False,False,True,False,False,False,False,0,
2018,MA,DC,2712,MISSECLEY DA SILVA ARAUJO,False,False,False,False,False,False,False,False,False,False,False,False,0,
2018,MA,DC,2727,JOSE DA SILVA MATIAS,False,False,False,False,False,False,False,False,False,False,False,False,0,
2018,MA,DEM,2510,JOSÉ JUSCELINO DOS SANTOS REZENDE FILHO,True,True,True,True,True,True,False,False,False,False,True,True,1,716000.0
2018,MA,DEM,2525,LEANDRO BELLO DE SÁ ROSAS COSTA,False,False,False,False,False,False,False,False,False,False,False,False,0,150000.0
2018,MA,MDB,1500,JOSE DE ARIMATEA GONCALVES VIEGAS,False,False,False,False,False,False,False,False,False,False,False,False,0,52500.0
2018,MA,MDB,1510,CARLOS VICTOR GUTERRES MENDES,True,True,True,True,True,True,False,False,False,False,True,True,0,1502500.0
2018,MA,MDB,1513,HILDO AUGUSTO DA ROCHA NETO,True,True,True,True,True,True,False,True,False,True,True,True,1,1502500.0
2018,MA,MDB,1522,MARIA ELINE BARBOSA OLIVEIRA,False,False,False,False,False,False,False,False,False,False,False,False,0,160000.0
2018,MA,MDB,1555,JOÃO MARCELO SANTOS SOUZA,True,True,True,True,True,True,False,False,False,False,True,True,1,1502500.0
2018,MA,MDB,1566,SONIA BANDEIRA DOS SANTOS,False,False,False,False,False,False,False,False,False,False,False,False,0,50000.0
2018,MA,MDB,1577,GECILDA MENDES FREITAS,False,False,False,False,False,False,False,False,False,False,False,False,0,50000.0
2018,MA,MDB,1588,ROSA CARVALHO MESQUITA,False,False,False,False,False,False,False,False,False,False,False,False,0,52500.0
2018,MA,PATRI,5111,GUSTAVO CARDOSO DA SILVA NEVES,False,False,False,False,False,False,False,False,False,False,False,False,0,
2018,MA,PATRI,5112,JOSE PEREIRA DA SILVA FILHO,False,False,False,False,False,False,False,False,False,False,False,False,0,
2018,MA,PATRI,5122,ANTONIO DA CRUZ FILGUEIRA NETO,False,False,False,False,False,False,False,False,False,False,False,False,1,350000.0
2018,MA,PATRI,5123,SILVANA DA SILVA COSTA,False,False,False,False,False,False,False,False,False,False,False,False,0,
2018,MA,PATRI,5133,MARIO CARVALHO RIBEIRO JUNIOR,False,False,False,False,False,False,False,False,False,False,False,False,0,
2018,MA,PATRI,5151,JOSE COSMO FRAZAO FERRAZ,False,False,False,False,False,False,False,False,False,False,False,False,0,
2018,MA,PC do B,6513,MÁRCIO JERRY SARAIVA BARROSO,False,False,False,False,False,False,False,False,False,False,False,False,1,800000.0
2018,MA,PC do B,6528,ROSEMEIRE COSTA MADEIRA,False,False,False,False,False,False,False,False,False,False,False,False,0,2150.0
2018,MA,PC do B,6565,RUBENS PEREIRA E SILVA JUNIOR,True,True,True,True,True,True,False,False,False,False,True,True,1,800000.0
2018,MA,PC do B,6588,ANDREA PEREIRA ALVES,False,False,False,False,False,False,False,False,False,False,False,False,0,2150.0
2018,MA,PCB,2121,VALUZIA MARIA CUNHA SANTOS,False,False,False,False,False,False,False,False,False,False,False,False,0,4059.55
2018,MA,PCB,2177,JOSE MOREIRA DA SILVA,False,False,False,False,False,False,False,False,False,False,False,False,0,4059.55
2018,MA,PDT,1200,JACIMARA COLARES MACIEL BRITTO,False,False,False,False,False,False,False,False,False,False,False,False,0,10000.0
2018,MA,PDT,1211,JULIÃO AMIN CASTRO,True,True,True,True,True,True,False,False,False,False,True,True,0,502400.0
2018,MA,PDT,1212,JOÃO PAVÃO FILHO,True,True,True,True,True,True,False,False,False,True,True,True,0,2400.0
2018,MA,PDT,1221,DILMA SILVA DO NASCIMENTO,False,False,False,False,False,False,False,False,False,False,False,False,0,60000.0
2018,MA,PDT,1222,RAIMUNDO COELHO DE SOUSA,True,True,True,True,True,True,False,True,False,True,True,True,0,
2018,MA,PDT,1233,DEOCLIDES ANTONIO SANTOS NETO MACEDO,True,True,True,True,True,True,False,True,False,True,True,True,0,500000.0
2018,MA,PDT,1234,GILLIANO FRED NASCIMENTO CUTRIM,False,True,True,False,True,False,False,True,False,True,False,False,1,152400.0
2018,MA,PDT,1244,RAIMUNDA BELFORT DIAS,False,False,False,False,False,False,False,False,False,False,False,False,0,10000.0
2018,MA,PHS,3100,ANTONIO EDUARDO DANTAS DE SA,False,False,False,False,False,False,False,False,False,False,False,False,0,70000.0
2018,MA,PHS,3111,JOSIVALDO DOS SANTOS MELO,False,False,False,False,False,False,False,False,False,False,False,False,0,70000.0
2018,MA,PHS,3113,FRANCISCA ANDRESSA CARDOSO NORANTE,False,False,False,False,False,False,False,False,False,False,False,False,0,
2018,MA,PHS,3122,JARDEL BOMJARDIM MARTINS,False,False,False,False,False,False,False,False,False,False,False,False,0,70000.0
2018,MA,PHS,3131,BATISTA LUZARDO PINHEIRO BARROS SEGUNDO,False,False,False,False,False,False,False,False,False,False,False,False,0,75300.0
2018,MA,PHS,3133,CELIO SA DE SOUSA,False,False,False,False,False,False,False,False,False,False,False,False,0,70000.0
2018,MA,PHS,3134,FABIANA RODRIGUES BARROSO MENDES,False,False,False,False,False,False,False,False,False,False,False,False,0,
2018,MA,PHS,3144,JOSE RAIMUNDO DE SÁ MARQUES,False,False,False,False,False,False,False,False,False,False,False,False,0,70000.0
2018,MA,PHS,3145,BARBARA RODRIGUES DA SILVA,False,False,False,False,False,False,False,False,False,False,False,False,0,
2018,MA,PHS,3155,JOSÉ RICARDO COSTA MENDES CATEB,False,False,False,False,False,False,False,False,False,False,False,False,0,
2018,MA,PHS,3156,LEIDIANIA PEREIRA DA SILVA VELOSO,False,False,False,False,False,False,False,False,False,False,False,False,0,
2018,MA,PHS,3178,ANA ELVIRA SANTOS SA,False,False,False,False,False,False,False,False,False,False,False,False,0,2000.0
2018,MA,PMB,3500,EFIGENIA LUCILIA SILVA TAVARES,False,False,False,False,False,False,False,False,False,False,False,False,0,52500.0
2018,MA,PMB,3535,SELMA CARVALHO PEREIRA DA SILVA,False,False,False,False,False,False,False,False,False,False,False,False,0,
2018,MA,PMB,3567,CLAUDIA REGINA DAS CHAGAS SOUSA,False,False,False,False,False,False,False,False,False,False,False,False,0,2500.0
2018,MA,PMN,3300,ANTONIO ESMERAHDSON DE PINHO DA SILVA,False,False,False,False,False,False,False,False,False,False,False,False,0,30000.0
2018,MA,PMN,3310,GRACILIANO REIS DA SILVA,False,False,False,False,False,False,False,False,False,False,False,False,0,30000.0
2018,MA,PMN,3311,DISNEY NUNES TEIXEIRA,False,False,False,False,False,False,False,False,False,False,False,False,0,30000.0
2018,MA,PMN,3312,IVAN PACHECO DE SOUSA,False,False,False,False,False,False,False,False,False,False,False,False,0,
2018,MA,PMN,3313,GIOVANE AMBRÓSIO DE SOUSA,False,False,False,False,False,False,False,False,False,False,False,False,0,
2018,MA,PMN,3317,LUCENILDE LAGO ARAUJO GOMES,False,False,False,False,False,False,False,False,False,False,False,False,0,3000.0
2018,MA,PMN,3322,JOSÉ RENATO SANTOS COSTA,False,False,False,False,False,False,False,False,False,False,False,False,0,30000.0
2018,MA,PMN,3333,EDUARDO SALIM BRAIDE,True,True,True,True,True,True,True,False,False,False,True,True,1,400000.0
2018,MA,PMN,3344,GILDENEMIR DE LIMA SOUSA,False,False,False,False,False,False,False,False,False,False,False,False,1,100000.0
2018,MA,PMN,3345,JULYFRAN FREIRES DE SOUSA,False,False,False,False,False,False,False,False,False,False,False,False,0,30000.0
2018,MA,PMN,3360,LUCENILTON DE JESUS BARROS MARTINS,False,False,False,False,False,False,False,False,False,False,False,False,0,
2018,MA,PMN,3380,PRISCYLLA BONIFÁCIO DE OLIVEIRA SÁ,True,True,True,True,False,True,False,False,False,False,True,True,0,50000.0
2018,MA,PODE,1900,RONALDO DOS SANTOS SERRA,False,False,False,False,False,False,False,False,False,False,False,False,0,20000.0
2018,MA,PODE,1919,ALUISIO GUIMARÃES MENDES FILHO,True,True,True,True,True,True,False,False,False,False,True,True,1,605000.0
2018,MA,PODE,1920,NESTOR DA SILVA ALMEIDA,False,False,False,False,False,False,False,False,False,False,False,False,0,
2018,MA,PODE,1955,MARIA DE JESUS CASTRO REIS,False,False,False,False,False,False,False,False,False,False,False,False,0,140000.0
2018,MA,PODE,1999,MARIA DAS GRAÇAS CARVALHO DE SOUZA MAGALHÃES,False,False,False,False,False,False,False,False,False,False,False,False,0,120000.0
2018,MA,PP,1100,DEUSILENE DINIZ MELO,False,False,False,False,False,False,False,False,False,False,False,False,0,45000.0
2018,MA,PP,1111,ANDRE LUIZ CARVALHO RIBEIRO,True,True,True,True,True,True,False,False,False,False,True,True,1,2308488.0
2018,MA,PP,1122,ANTONIA SOARES DOS SANTOS,False,False,False,False,False,False,False,False,False,False,False,False,0,25000.0
2018,MA,PP,1123,PAULO CELSO FONSECA MARINHO JUNIOR,True,True,True,True,False,True,False,False,False,True,True,True,0,1192040.0
2018,MA,PPL,5454,JOSÉ LIMA DOS SANTOS FILHO,True,True,True,True,True,True,False,False,False,False,True,True,0,
2018,MA,PPS,2300,TAIANA PENHA SILVA,False,False,False,False,False,False,False,False,False,False,False,False,0,
2018,MA,PR,2200,JOSE LOURENÇO BONFIM JUNIOR,False,True,True,False,True,False,False,True,False,True,False,False,1,1570000.0
2018,MA,PR,2211,DAVI ALVES SILVA JUNIOR,True,True,True,True,True,True,False,False,False,False,True,True,0,1450000.0
2018,MA,PR,2222,JOSIMAR CUNHA RODRIGUES,True,True,True,True,True,True,False,True,False,True,True,True,1,1900000.0
2018,MA,PR,2277,ANA LUCIA RIBEIRO SERRA,False,False,False,False,False,False,False,False,False,False,False,False,0,10000.0
2018,MA,PRB,1010,CLEBER VERDE CORDEIRO MENDES,True,True,True,True,True,True,False,False,False,False,True,True,1,945000.0
2018,MA,PRB,1033,DILTON CARVALHO RIBEIRO,False,False,False,False,False,False,False,False,False,False,False,False,0,30000.0
2018,MA,PROS,9000,ISABEL CRISTINA LOPES BULHÕES,False,False,False,False,False,False,False,False,False,False,False,False,0,373850.0
2018,MA,PROS,9011,JECONIAS DA SILVA MORAES,False,False,False,False,False,False,False,False,False,False,False,False,0,14440.0
2018,MA,PROS,9090,GASTÃO DIAS VIEIRA,True,True,True,True,True,True,False,False,False,False,True,True,0,705650.0
2018,MA,PRP,4422,WERBETH SILVA DOS SANTOS,False,False,False,False,False,False,False,False,False,False,False,False,0,
2018,MA,PRTB,2800,WELLINGTON LUIS MORAES DE ALBUQUERQUE,False,False,False,False,False,False,False,False,False,False,False,False,0,
2018,MA,PRTB,2807,JANUARIO GOMES COELHO,False,False,False,False,False,False,False,False,False,False,False,False,0,
2018,MA,PRTB,2828,MARCIO AUGUSTO VASCONCELOS COUTINHO,False,False,False,False,False,False,False,False,False,False,False,False,0,29982.15
2018,MA,PRTB,2888,JOSÉ CAMPOS DE MEDEIROS,False,False,False,False,False,False,False,False,False,False,False,False,0,
2018,MA,PSB,4000,UBIRAJARA DO PINDARÉ ALMEIDA SOUSA,True,True,True,True,True,True,False,False,False,True,True,True,1,500000.0
2018,MA,PSB,4011,MARIA DO SOCORRO NASCIMENTO BARBOSA,False,False,False,False,False,False,False,False,False,False,False,False,0,50000.0
2018,MA,PSB,4040,JAIME MARTINS DURANS NETO,False,False,False,False,False,False,False,False,False,False,False,False,0,
2018,MA,PSB,4065,SHIRLEY REGINA RIBEIRO DA SILVA PINTO,False,False,True,False,False,False,False,False,False,True,False,False,0,50000.0
2018,MA,PSC,2000,JOSÉ HEMETERIO COELHO MOTA,False,False,False,False,False,False,False,False,False,False,False,False,0,
2018,MA,PSC,2018,MARIANO GARCIA DA CONCEIÇÃO,False,False,False,False,False,False,False,False,False,False,False,False,0,
2018,MA,PSC,2020,LUANA MARIA DA SILVA COSTA,True,True,True,True,False,True,False,False,False,True,True,True,0,1400000.0
2018,MA,PSD,5533,EDILAZIO GOMES DA SILVA JUNIOR,True,True,True,True,True,True,False,False,False,False,True,True,1,720000.0
2018,MA,PSD,5555,CLÁUDIO JOSÉ TRINCHÃO SANTOS,True,True,True,True,False,True,False,False,False,False,True,True,0,679800.0
2018,MA,PSDB,4500,ALEXSANDRA VIANA PEREIRA,False,False,True,False,False,False,False,False,False,True,False,False,0,7250.0
2018,MA,PSDB,4511,WALDIR MARANHÃO CARDOSO,True,True,True,True,True,True,False,False,False,False,True,True,0,1000000.0
2018,MA,PSDB,4512,SEBASTIÃO TORRES MADEIRA,True,True,True,True,True,True,False,True,False,True,True,True,0,1000000.0
2018,MA,PSDB,4522,AUDILENE MONTEIRO RODRIGUES,False,False,False,False,False,False,False,False,False,False,False,False,0,25000.0
2018,MA,PSDB,4525,JOAO CANCIO DA SILVA,False,False,False,False,False,False,False,False,False,False,False,False,0,50000.0
2018,MA,PSDB,4533,ANNA CLAUDIA COSTA BARBOSA GONCALVES GOMES,False,False,False,False,False,False,False,False,False,False,False,False,0,7250.0
2018,MA,PSDB,4543,ANTONIO JOSE SILVA ROCHA,False,True,True,False,True,False,False,True,False,True,False,False,0,50000.0
2018,MA,PSDB,4545,JULIO SIMÕES FILHO,False,False,False,False,False,False,False,False,False,False,False,False,0,52250.0
2018,MA,PSDB,4554,JOSE LUIS TEIXEIRA DO LAGO NETO,False,False,False,False,False,False,False,False,False,False,False,False,0,
2018,MA,PSDB,4555,CELSO CORREA PINHO,False,False,False,False,False,False,False,False,False,False,False,False,0,52250.0
2018,MA,PSDB,4577,FRANCISCO DE ASSIS PAIVA BRITO,False,False,False,False,False,False,False,False,False,False,False,False,0,52250.0
2018,MA,PSL,1700,SILVIO ANTONIO GUIMARAES MACHADO,True,True,True,True,False,True,False,False,False,False,True,True,0,
2018,MA,PSL,1701,ALLAN QUADROS GARCÊS,False,False,False,False,False,False,False,False,False,False,False,False,0,
2018,MA,PSL,1705,ANTONIO ROBERTO SANTOS JUNIOR,False,False,False,False,False,False,False,False,False,False,False,False,0,
2018,MA,PSL,1706,TELMA DE JESUS CORREA MORAES,False,False,False,False,False,False,False,False,False,False,False,False,0,
2018,MA,PSL,1707,MARILIA LIMA MENDONÇA,True,True,True,True,False,True,False,False,False,False,True,True,0,
2018,MA,PSL,1710,JERONIMO MIRANDA DE FERRY,False,False,False,False,False,False,False,False,False,False,False,False,0,
2018,MA,PSL,1717,ANTONIO RAIMUNDO SILVA TORRES,False,False,False,False,False,False,False,False,False,False,False,False,0,
2018,MA,PSL,1718,ESTELMO MORAIS CARVALHO,True,False,False,True,False,False,True,False,False,False,True,False,0,
2018,MA,PSL,1723,ELMY LIMA SILVA,False,False,False,False,False,False,False,False,False,False,False,False,0,
2018,MA,PSL,1725,DEMOSTHENIS EVANGELISTA BARBOSA,False,False,False,False,False,False,False,False,False,False,False,False,0,
2018,MA,PSL,1733,LUIZ CARLOS MOURA,False,False,False,False,False,False,False,False,False,False,False,False,0,
2018,MA,PSL,1741,OSVALDO JUNIOR CESAR DAMASCENO,False,False,False,False,False,False,False,False,False,False,False,False,0,
2018,MA,PSL,1744,JOSÉ CARLOS GABRIEL,False,False,False,False,False,False,False,False,False,False,False,False,0,
2018,MA,PSL,1750,LOURDES CONCEIÇÃO GAYA DE OLIVEIRA,False,False,False,False,False,False,False,False,False,False,False,False,0,
2018,MA,PSL,1755,BRUNNA DE SOUZA AMORIM MARCIEL,False,False,False,False,False,False,False,False,False,False,False,False,0,
2018,MA,PSL,1760,MARIA CONCEIÇÃO DO NASCIMENTO SANTOS,False,False,False,False,False,False,False,False,False,False,False,False,0,
2018,MA,PSL,1770,PATRICIA SOUZA DA SILVA,False,False,False,False,False,False,False,False,False,False,False,False,0,
2018,MA,PSL,1773,AURILENE BARROS GASPAR SODRÉ,False,False,False,False,False,False,False,False,False,False,False,False,0,
2018,MA,PSL,1777,LUIS VANNUCCI CANTANHEDE CARDOSO,False,False,False,False,False,False,False,False,False,False,False,False,0,
2018,MA,PSL,1785,ZAQUEU SOARES BARROS,False,False,False,False,False,False,False,False,False,False,False,False,0,
2018,MA,PSL,1787,SHEILA RAQUEL FLOR DA SILVA,False,False,False,False,False,False,False,False,False,False,False,False,0,90.0
2018,MA,PSL,1789,IVO NOGUEIRA,False,False,False,False,False,False,False,False,False,False,False,False,0,90.0
2018,MA,PSL,1798,RAIMUNDO NONATO AMARAL ARAGÃO,True,True,True,True,True,True,False,False,False,False,True,True,0,
2018,MA,PSOL,5000,ANTONIO ALVES DE OLIVEIRA,False,False,False,False,False,False,False,False,False,False,False,False,0,3570.66
2018,MA,PSOL,5001,SEBASTIÃO DA SILVA,False,False,False,False,False,False,False,False,False,False,False,False,0,3570.66
2018,MA,PSOL,5005,MARIA DOS MILAGRES MONSÃO GONÇALVES,False,False,False,False,False,False,False,False,False,False,False,False,0,3570.66
2018,MA,PSOL,5011,ELOI FILHO ROCHA DE OLIVEIRA,False,False,False,False,False,False,False,False,False,False,False,False,0,3270.66
2018,MA,PSOL,5013,SONÁLIA DO NASCIMENTO LEAL,False,False,False,False,False,False,False,False,False,False,False,False,0,3570.66
2018,MA,PSOL,5020,WAGNER AQUINO REIS FERREIRA,False,False,False,False,False,False,False,False,False,False,False,False,0,3772.16
2018,MA,PSOL,5021,REUCIANE BARBOSA DA SILVA,False,False,False,False,False,False,False,False,False,False,False,False,0,3572.16
2018,MA,PSOL,5022,SARA DA SILVA RODRIGUES,False,False,False,False,False,False,False,False,False,False,False,False,0,3570.66
2018,MA,PSOL,5033,FRANCISCO SALES COSTA DE SOUSA,False,False,False,False,False,False,False,False,False,False,False,False,0,3622.66
2018,MA,PSOL,5050,MILTON TEIXEIRA SANTOS FILHO,False,False,False,False,False,False,False,False,False,False,False,False,0,3570.66
2018,MA,PSOL,5051,ALINE MARIA DOS SANTOS PEREIRA,False,False,False,False,False,False,False,False,False,False,False,False,0,3570.66
2018,MA,PSOL,5055,JAKELANE DA SILVA MAGALHÃES,False,False,False,False,False,False,False,False,False,False,False,False,0,3570.66
2018,MA,PSOL,5060,FELICIANO DA COSTA CORRÊA JÚNIOR,False,False,False,False,False,False,False,False,False,False,False,False,0,3570.66
2018,MA,PSOL,5077,ALDAIR ALVES DA SILVA,False,False,False,False,False,False,False,False,False,False,False,False,0,3570.66
2018,MA,PSOL,5099,ANTONIO JOSÉ DA CONCEIÇÃO SOUSA,False,False,False,False,False,False,False,False,False,False,False,False,0,3570.66
2018,MA,PSTU,1611,DOMINGOS LOPES DA SILVA FILHO,False,False,False,False,False,False,False,False,False,False,False,False,0,
2018,MA,PSTU,1616,KATIA MARIA DE ALMEIDA RIBEIRO,False,False,False,False,False,False,False,False,False,False,False,False,0,
2018,MA,PSTU,1678,OSMAR WALCACER DE OLIVEIRA FILHO,False,False,False,False,False,False,False,False,False,False,False,False,0,
2018,MA,PT,1300,GENILSON ROBERTO ALVES SILVA,False,False,True,False,False,False,False,False,False,True,False,False,0,17500.0
2018,MA,PT,1302,ELPIDIA PEREIRA DOS SANTOS,False,False,False,False,False,False,False,False,False,False,False,False,0,13500.0
2018,MA,PT,1311,RAIMUNDO MONTEIRO DOS SANTOS,True,True,True,True,False,True,False,False,False,False,True,True,0,81500.0
2018,MA,PT,1312,FRANCINETE TORRES DO VALE ROCHA,False,False,False,False,False,False,False,False,False,False,False,False,0,81500.0
2018,MA,PT,1313,JOSE CARLOS NUNES JUNIOR,True,True,True,True,True,True,False,False,False,False,True,True,1,885120.0
2018,MA,PT,1314,CARLA MARIA MOREIRA MACHADO,False,False,False,False,False,False,False,False,False,False,False,False,0,10000.0
2018,MA,PT,1315,NEY JEFFERSON PEREIRA TEIXEIRA,False,False,False,False,False,False,False,False,False,False,False,False,0,15875.0
2018,MA,PT,1316,MARIA HELENA DA SILVA FREITAS,False,False,False,False,False,False,False,False,False,False,False,False,0,11000.0
2018,MA,PT,1321,ANIBAL DA SILVA LINS,False,False,False,False,False,False,False,False,False,False,False,False,0,16000.0
2018,MA,PT,1322,RAIMUNDO PEREIRA DE SOUZA,False,False,False,False,False,False,False,False,False,False,False,False,0,
2018,MA,PT,1323,ORLANDO SOUSA PINTO FILHO,False,False,False,False,False,False,False,False,False,False,False,False,0,70476.0
2018,MA,PT,1324,JOAO VITOR DE SENA CAMPOS,False,False,False,False,False,False,False,False,False,False,False,False,0,15000.0
2018,MA,PT,1330,IEDA MARIA SILVA,False,False,False,False,False,False,False,False,False,False,False,False,0,10875.0
2018,MA,PT,1333,JOAB JEREMIAS PEREIRA DE CASTRO,False,False,False,False,False,False,False,False,False,False,False,False,0,15000.0
2018,MA,PT,1340,HENRIQUE ELIAS COELHO CARNEIRO,False,False,False,False,False,False,False,False,False,False,False,False,0,15000.0
2018,MA,PT,1344,MARIA CLARA BATA FARIAS,False,False,False,False,False,False,False,False,False,False,False,False,0,12000.0
2018,MA,PT,1347,JEAN MARCELO SILVA PINHEIRO,False,False,False,False,False,False,False,False,False,False,False,False,0,17000.0
2018,MA,PT,1350,IVAN SRUTROVSKI VIEIRA,False,False,False,False,False,False,False,False,False,False,False,False,0,15000.0
2018,MA,PT,1358,FRANCISCO ROGERIO SOUSA,False,False,False,False,False,False,False,False,False,False,False,False,0,16500.0
2018,MA,PT,1360,CATIA MARIA DO SOCORRO PAZ,False,False,False,False,False,False,False,False,False,False,False,False,0,10000.0
2018,MA,PT,1365,LUIZ PEDRO DE OLIVEIRA E SILVA,True,True,True,True,True,True,False,False,False,False,True,True,0,15000.0
2018,MA,PT,1380,JOSE FRANCISCO LIMA NERES,False,False,True,False,False,False,False,False,False,True,False,False,0,16000.0
2018,MA,PTB,1414,PEDRO LUCAS ANDRADE FERNANDES RIBEIRO,False,False,False,False,False,False,False,False,False,False,False,False,1,1200000.0
2018,MA,PTB,1415,RAIMUNDO MOURA CARVALHO,False,False,False,False,False,False,False,False,False,False,False,False,0,100000.0
2018,MA,PTB,1444,MARIA DO LIVRAMENTO BRANDÃO FERREIRA,False,False,False,False,False,False,False,False,False,False,False,False,0,30000.0
2018,MA,PTC,3636,JOÃO BATISTA MATOS VIANA PEREIRA,False,False,False,False,False,False,False,False,False,False,False,False,0,10000.0
2018,MA,PTC,3645,LINDALVA SEREJO CARDOSO,False,False,False,False,False,False,False,False,False,False,False,False,0,10000.0
2018,MA,PTC,3677,CIRO PEDRO NOLASCO NETO,False,False,False,False,False,False,False,False,False,False,False,False,0,10000.0
2018,MA,PV,4300,NELSON LUIZ BRAGATTO,False,False,False,False,False,False,False,False,False,False,False,False,0,105000.0
2018,MA,PV,4321,MARLY GONÇALVES ABDALLA,True,True,True,True,True,True,False,False,False,False,True,True,0,193000.0
2018,MA,PV,4322,LUIZ GONZAGA LEITE SILVA,False,False,False,False,False,False,False,False,False,False,False,False,0,
2018,MA,PV,4333,DANIEL PEREIRA DA SILVA,False,False,False,False,False,False,False,False,False,False,False,False,0,52500.0
2018,MA,PV,4343,WOLMER DE AZEVEDO ARAÚJO,False,False,False,False,False,False,False,False,False,False,False,False,0,2500.0
2018,MA,PV,4355,JAMES MOREIRA NUNES,False,False,False,False,False,False,False,False,False,False,False,False,0,
2018,MA,REDE,1800,JAIRO DA COSTA PEREIRA,False,False,False,False,False,False,False,False,False,False,False,False,0,
2018,MA,REDE,1818,JOSE RIBAMAR FRAZAO OLIVEIRA,False,False,False,False,False,False,False,False,False,False,False,False,0,
2018,MA,REDE,1867,MARIA LUCIA SERRA FONTES,False,False,False,False,False,False,False,False,False,False,False,False,0,545.45
2018,MA,REDE,1881,MARIA VITORIA SENA DA SILVA LEAL,False,False,False,False,False,False,False,False,False,False,False,False,0,1345.45
2018,MA,REDE,1888,DACIO ALVES VIANA,False,False,False,False,False,False,False,False,False,False,False,False,0,
2018,MA,SOLIDARIEDADE,7777,JOSE SIMPLICIO ALVES DE ARAUJO,True,True,True,True,False,True,True,False,False,True,True,True,0,1150000.0
2018,MA,SOLIDARIEDADE,7778,LAIRTON PAULINO DA SILVA,False,False,False,False,False,False,False,False,False,False,False,False,0,100500.0
2018,MG,AVANTE,7000,LEONARDO JOSE DE MATTOS,True,True,True,True,True,True,False,False,False,False,True,True,0,204512.5
2018,MG,AVANTE,7001,RUI ANTONIO DA SILVA,False,False,False,False,False,False,False,False,False,False,False,False,0,20655.22
2018,MG,AVANTE,7002,MARLON ANTONIO BESSA DOS REIS,False,False,False,False,False,False,False,False,False,False,False,False,0,10308.98
2018,MG,AVANTE,7003,CONCEIÇÃO APARECIDA DUARTE ARRUDA SEBASTIAO,False,False,False,False,False,False,False,False,False,False,False,False,0,33175.0
2018,MG,AVANTE,7005,ANTONIO PACIFICO ALVES PEREIRA,False,False,False,False,False,False,False,False,False,False,False,False,0,7084.8
2018,MG,AVANTE,7007,GERALDO SEBASTIAO MAGELA DIAS,False,False,False,False,False,False,False,False,False,False,False,False,0,123097.6
2018,MG,AVANTE,7008,HELOISA VIEIRA CERRI,False,False,True,False,False,False,False,False,False,True,False,False,0,76525.0
2018,MG,AVANTE,7009,ANA CAROLINA PONTELO CANABRAVA,False,False,False,False,False,False,False,False,False,False,False,False,0,241535.91
2018,MG,AVANTE,7010,ELVIMAR MONTEIRO,False,False,False,False,False,False,False,False,False,False,False,False,0,64039.6
2018,MG,AVANTE,7011,GREYCE DE QUEIROZ ELIAS,False,False,True,False,False,False,False,False,False,True,False,False,1,753355.83
2018,MG,AVANTE,7012,WAGNER CARDOSO DE PADUA FILHO,False,False,False,False,False,False,False,False,False,False,False,False,0,21510.0
2018,MG,AVANTE,7013,EDVALDO BAIAO ALBINO,True,True,True,True,True,True,False,True,False,True,True,True,0,196976.25
2018,MG,AVANTE,7014,EDIE OLIVEIRA REZENDE,False,False,False,False,False,False,False,False,False,False,False,False,0,5400.0
2018,MG,AVANTE,7015,FREDERICO AISC ATAIDE SILVA CARVALHO,False,False,False,False,False,False,False,False,False,False,False,False,0,150.0
2018,MG,AVANTE,7016,CARLOS DE FREITAS COSTA,False,False,False,False,False,False,False,False,False,False,False,False,0,
2018,MG,AVANTE,7017,IAGO SOUZA SANTIAGO,False,False,False,False,False,False,False,False,False,False,False,False,0,27685.2
2018,MG,AVANTE,7018,CASSIO ANTONIO MARQUES DA SILVA,False,False,False,False,False,False,False,False,False,False,False,False,0,18500.0
2018,MG,AVANTE,7019,IGOR CRISTIANO SILVEIRA VASCONCELOS,False,False,False,False,False,False,False,False,False,False,False,False,0,1425.0
2018,MG,AVANTE,7020,ROBERTO CARLOS MUNIZ,False,False,True,False,False,False,False,False,False,True,False,False,0,441872.8
2018,MG,AVANTE,7022,ANTONIO CESAR PIRES DE MIRANDA JUNIOR,False,True,True,False,True,False,False,True,False,True,False,False,0,31361.1
2018,MG,AVANTE,7023,LAZARO ELIAS CAMILO,False,False,False,False,False,False,False,False,False,False,False,False,0,30192.41
2018,MG,AVANTE,7024,PERLA CRISTINA ALCIATI BOESE,False,False,False,False,False,False,False,False,False,False,False,False,0,14218.2
2018,MG,AVANTE,7025,JULIANO SANTOS BARBOSA,False,False,False,False,False,False,False,False,False,False,False,False,0,
2018,MG,AVANTE,7026,RICARDO PEREIRA LIMA,False,False,False,False,False,False,False,False,False,False,False,False,0,1425.0
2018,MG,AVANTE,7027,ELIAS PEREIRA DIAS,False,False,False,False,False,False,False,False,False,False,False,False,0,34941.0
2018,MG,AVANTE,7028,PAULO HENRIQUE MENDANHA,False,False,False,False,False,False,False,False,False,False,False,False,0,2925.0
2018,MG,AVANTE,7030,LINDOMAR GOMES DA SILVA,False,False,False,False,False,False,False,False,False,False,False,False,0,77813.64
2018,MG,AVANTE,7032,DIRCEU ALVES DA ROCHA,False,False,False,False,False,False,False,False,False,False,False,False,0,7108.0
2018,MG,AVANTE,7033,JOSE CARLOS CARNEIRO GOMES,False,False,False,False,False,False,False,False,False,False,False,False,0,27534.45
2018,MG,AVANTE,7035,HOMERO FLAVIO DA SILVA,False,False,False,False,False,False,False,False,False,False,False,False,0,9253.759999999998
2018,MG,AVANTE,7037,CLESSIA SANTANA DA MATTA ROCHA,False,False,False,False,False,False,False,False,False,False,False,False,0,
2018,MG,AVANTE,7039,MONICA MARIA MENDES NADU,False,False,False,False,False,False,False,False,False,False,False,False,0,2868.42
2018,MG,AVANTE,7040,ANDRE LUIS GASPAR JANONES,False,False,True,False,False,False,False,False,False,True,False,False,1,200342.1
2018,MG,AVANTE,7044,ANDERSON RODRIGUES NEVES,False,False,False,False,False,False,False,False,False,False,False,False,0,18250.3
2018,MG,AVANTE,7045,DOMINGOS SIQUEIRA RAMALHO,False,False,False,False,False,False,False,False,False,False,False,False,0,10088.0
2018,MG,AVANTE,7046,EMANUELLE RODRIGUES GONÇALVES,False,False,False,False,False,False,False,False,False,False,False,False,0,4143.42
2018,MG,AVANTE,7048,ADRIANO BATISTA DE MORAES,False,False,False,False,False,False,False,False,False,False,False,False,0,11808.0
2018,MG,AVANTE,7049,IZABELLA ANDRADA DE FARIA,False,False,False,False,False,False,False,False,False,False,False,False,0,5868.42
2018,MG,AVANTE,7050,WAGNER MARIANO JUNIOR,False,False,False,False,False,False,False,False,False,False,False,False,0,138483.1
2018,MG,AVANTE,7051,MAURO DA SILVEIRA CHAVES,False,False,True,False,False,False,False,False,False,True,False,False,0,100290.51
2018,MG,AVANTE,7052,DEBORA CONSUELO SILVA,False,False,False,False,False,False,False,False,False,False,False,False,0,2868.42
2018,MG,AVANTE,7053,RUBEN DE SOUSA,False,False,False,False,False,False,False,False,False,False,False,False,0,14717.0
2018,MG,AVANTE,7054,LEIDIANE FELIPE DO NASCIMENTO ROCHA,False,False,False,False,False,False,False,False,False,False,False,False,0,2868.42
2018,MG,AVANTE,7055,RAMON MOREIRA,False,False,False,False,False,False,False,False,False,False,False,False,0,19732.0
2018,MG,AVANTE,7056,VANDERLEI ANTONIO DOS SANTOS,False,False,False,False,False,False,False,False,False,False,False,False,0,1275.0
2018,MG,AVANTE,7057,EDUARDO TERTULIANO OLIVEIRA SANTOS,False,False,False,False,False,False,False,False,False,False,False,False,0,7093.0
2018,MG,AVANTE,7058,DESCIO CORDEIRO BRANDAO,False,False,False,False,False,False,False,False,False,False,False,False,0,6928.0
2018,MG,AVANTE,7059,ROSEMIRIA ARACI DE LIMA SOUZA,False,False,False,False,False,False,False,False,False,False,False,False,0,468.42
2018,MG,AVANTE,7060,ROBERT COSTA MIRANDA,False,False,False,False,False,False,False,False,False,False,False,False,0,15513.0
2018,MG,AVANTE,7061,LUCIA HELENA DE MORAIS DA SILVA,False,False,False,False,False,False,False,False,False,False,False,False,0,2400.0
2018,MG,AVANTE,7063,MARIA DAS DORES DE JESUS,False,False,False,False,False,False,False,False,False,False,False,False,0,20517.9
2018,MG,AVANTE,7064,APARECIDA GELDA DE OLIVEIRA,False,False,False,False,False,False,False,False,False,False,False,False,0,900.0
2018,MG,AVANTE,7066,JOSE VILSON AMARAL,False,False,False,False,False,False,False,False,False,False,False,False,0,11646.5
2018,MG,AVANTE,7067,ANDREIA VERNER DE OLIVEIRA FELIX,False,False,False,False,False,False,False,False,False,False,False,False,0,5785.62
2018,MG,AVANTE,7068,LAURECI HELENA DOS REIS,False,False,False,False,False,False,False,False,False,False,False,False,0,11264.36
2018,MG,AVANTE,7069,JOAO GONÇALVES FILHO,False,False,False,False,False,False,False,False,False,False,False,False,0,7902.0
2018,MG,AVANTE,7070,LUIS HENRIQUE DE OLIVEIRA RESENDE,True,True,True,True,True,True,False,False,False,False,True,True,1,2269721.96
2018,MG,AVANTE,7071,ROMULO VICTOR PINHEIRO VENEROSO,True,True,True,True,True,True,False,False,False,True,True,True,0,187150.0
2018,MG,AVANTE,7072,ALMIRA FRANCISCA DOS SANTOS,False,False,False,False,False,False,False,False,False,False,False,False,0,
2018,MG,AVANTE,7073,ADILSON PINHEIRO DA SILVA,False,False,False,False,False,False,False,False,False,False,False,False,0,12455.4
2018,MG,AVANTE,7074,HELDER MOTA FERREIRA,False,False,False,False,False,False,False,False,False,False,False,False,0,5613.0
2018,MG,AVANTE,7075,GENESIO MARTINS NETO,False,False,False,False,False,False,False,False,False,False,False,False,0,9654.6
2018,MG,AVANTE,7076,JULIO CEZAR RODRIGUES NERY,False,False,False,False,False,False,False,False,False,False,False,False,0,7025.0
2018,MG,AVANTE,7077,FERNANDO BORJA PINTO,False,False,False,False,False,False,False,False,False,False,False,False,0,83079.81
2018,MG,AVANTE,7078,MARCOS AURELIO DE PAULA TERRINHA,False,False,False,False,False,False,False,False,False,False,False,False,0,35495.9
2018,MG,AVANTE,7079,EDUARDO GOMES VIEIRA,False,False,False,False,False,False,False,False,False,False,False,False,0,5733.35
2018,MG,AVANTE,7080,ALFREDO CARDOSO TEIXEIRA FILHO,False,False,False,False,False,False,False,False,False,False,False,False,0,39210.1
2018,MG,AVANTE,7081,CLAUDIO ANTONIO DE SOUZA,False,False,True,False,False,False,False,False,False,True,False,False,0,40000.0
2018,MG,AVANTE,7082,CACILDA ARRUDA DE ALVARENGA,False,False,False,False,False,False,False,False,False,False,False,False,0,3000.0
2018,MG,AVANTE,7085,GRAZIELA SILVA SANTOS,False,False,False,False,False,False,False,False,False,False,False,False,0,2868.42
2018,MG,AVANTE,7088,MICHELE GUIMARAES BRETAS,False,False,False,False,False,False,False,False,False,False,False,False,0,383640.2
2018,MG,AVANTE,7089,CARLOS AUGUSTO DA SILVA,False,False,False,False,False,False,False,False,False,False,False,False,0,21018.4
2018,MG,AVANTE,7090,FERNANDO ROLLA,False,True,True,False,True,False,False,True,False,True,False,False,0,20170.1
2018,MG,AVANTE,7091,DANIEL COSTA FIUZA,False,False,False,False,False,False,False,False,False,False,False,False,0,12736.0
2018,MG,AVANTE,7092,MAGNA APARECIDA DA SILVA,False,False,False,False,False,False,False,False,False,False,False,False,0,2868.42
2018,MG,AVANTE,7093,VANESSA MARIA BARBOSA ABREU,False,False,False,False,False,False,False,False,False,False,False,False,0,4741.32
2018,MG,AVANTE,7099,ARNALDO QUEIROZ DE MELO JUNIOR,False,False,False,False,False,False,False,False,False,False,False,False,0,25666.6
2018,MG,DC,2700,ANDRÉ BEZERRA RIBEIRO SOARES,True,True,True,True,True,True,False,False,False,False,True,True,0,3643.37
2018,MG,DC,2707,WELLINGTON LUIZ DA CONCEIÇÃO,False,False,False,False,False,False,False,False,False,False,False,False,0,
2018,MG,DC,2710,ANDERSON CARLOS DA SILVA,False,False,False,False,False,False,False,False,False,False,False,False,0,500.0
2018,MG,DC,2727,ELISEU GABRIEL DA SILVA,False,False,False,False,False,False,False,False,False,False,False,False,0,3643.37
2018,MG,DC,2730,MARIA DAS GRAÇAS LIMA PAULINO,False,False,False,False,False,False,False,False,False,False,False,False,0,5788.52
2018,MG,DC,2737,JOÃO APARECIDO RIBEIRO LEAL,False,False,False,False,False,False,False,False,False,False,False,False,0,
2018,MG,DC,2744,VALDETE DE JESUS ALMEIDA,False,False,False,False,False,False,False,False,False,False,False,False,0,4359.2699999999995
2018,MG,DC,2755,CHARLES FELIZARDO DA CUNHA,False,False,False,False,False,False,False,False,False,False,False,False,0,500.0
2018,MG,DC,2777,RICARDO LUIZ FERREIRA DE MELLO,False,False,True,False,False,False,False,False,False,True,False,False,0,
2018,MG,DC,2780,JUAREZ FRANCISCO TAVARES,False,False,False,False,False,False,False,False,False,False,False,False,0,500.0
2018,MG,DC,2782,LUCAS DE JESUS SILVA,False,False,False,False,False,False,False,False,False,False,False,False,0,500.0
2018,MG,DEM,2500,ÁLVARO DAMIÃO VIEIRA DA PAZ,False,False,False,False,False,False,False,False,False,False,False,False,0,626186.13
2018,MG,DEM,2501,JOÃO VALDOMIRO DE JESUS PERPÉTUO,False,False,False,False,False,False,False,False,False,False,False,False,0,
2018,MG,DEM,2505,OTARCIZIO JOSE DUTRA,False,False,False,False,False,False,False,False,False,False,False,False,0,1240.0
2018,MG,DEM,2510,DANILO THADEU DIAS ALVES,False,False,False,False,False,False,False,False,False,False,False,False,0,3062.8
2018,MG,DEM,2515,ECLAIR GONCALVES GOMES,False,False,False,False,False,False,False,False,False,False,False,False,0,52000.0
2018,MG,DEM,2525,ANTÔNIO CARLOS SANTOS,False,False,True,False,False,False,False,False,False,True,False,False,0,367176.2
2018,MG,DEM,2545,OLAVO BILAC PINTO NETO,True,True,True,True,True,True,False,False,False,False,True,True,1,1156820.0
2018,MG,DEM,2546,PAULO HENRIQUE AZEREDO NASCIMENTO,False,False,False,False,False,False,False,False,False,False,False,False,0,5300.0
2018,MG,DEM,2552,SEBASTIÃO RODRIGUES DA CUNHA,False,False,False,False,False,False,False,False,False,False,False,False,0,1240.0
2018,MG,DEM,2555,CARLOS DO CARMO ANDRADE MELLES,True,True,True,True,True,True,False,False,False,False,True,True,0,1297398.6
2018,MG,DEM,2557,CLAUDIONOR SILVA MIRANDA,False,False,False,False,False,False,False,False,False,False,False,False,0,3270.0
2018,MG,DEM,2577,ANA CAROLINA SILVEIRA RIVELLI MEDEIROS DE OLIVEIRA,False,False,False,False,False,False,False,False,False,False,False,False,0,30000.0
2018,MG,DEM,2580,JOÃO WELLINGTON ESTEVES,False,False,False,False,False,False,False,False,False,False,False,False,0,162398.4
2018,MG,MDB,1500,LEONARDO LEMOS BARROS QUINTÃO,True,True,True,True,True,True,False,False,False,False,True,True,0,1501116.69
2018,MG,MDB,1501,EIDA MARIA DE CAMPOS SILVA,False,False,False,False,False,False,False,False,False,False,False,False,0,131045.86
2018,MG,MDB,1505,MAYSA MARIA DAS GRAÇAS DOMINGOS,False,False,False,False,False,False,False,False,False,False,False,False,0,71045.83
2018,MG,MDB,1510,NEWTON CARDOSO JÚNIOR,False,False,False,False,False,False,False,False,False,False,False,False,1,1500956.69
2018,MG,MDB,1511,MAURO RIBEIRO LOPES,True,True,True,True,True,True,False,False,False,False,True,True,1,1500956.69
2018,MG,MDB,1512,MARINICE SANTOS,False,False,False,False,False,False,False,False,False,False,False,False,0,71045.83
2018,MG,MDB,1513,FÁBIO AUGUSTO RAMALHO DOS SANTOS,True,True,True,True,True,True,False,True,False,False,True,True,1,1500956.69
2018,MG,MDB,1515,HERCÍLIO ARAÚJO DINIZ FILHO,False,False,False,False,False,False,False,False,False,False,False,False,1,956.69
2018,MG,MDB,1516,SOLANGE VITORIA LOURENÇO OLIVEIRA MACIEL,False,False,False,False,False,False,False,False,False,False,False,False,0,101045.83
2018,MG,MDB,1518,ANTÔNIO EUSTÁQUIO ANDRADE FERREIRA,True,True,True,True,True,True,False,False,False,False,True,True,0,
2018,MG,MDB,1520,MAÍRA DOS SANTOS CARLOS,False,False,False,False,False,False,False,False,False,False,False,False,0,71045.83
2018,MG,MDB,1525,MICHELINE FRANCIS TEIXEIRA FERREIRA,False,False,False,False,False,False,False,False,False,False,False,False,0,89864.58
2018,MG,MDB,1531,ADEMIR CAMILO PRATES RODRIGUES,True,True,True,True,True,True,False,False,False,False,True,True,0,1519894.49
2018,MG,MDB,1533,MARIEL APARECIDA DE OLIVEIRA BOLINA,False,False,False,False,False,False,False,False,False,False,False,False,0,131045.83
2018,MG,MDB,1540,HAMILTON DIAS DE MOURA,False,False,True,False,False,False,False,False,False,True,False,False,0,39932.799999999996
2018,MG,MDB,1550,JOÃO CRUZ REIS FILHO,False,False,False,False,False,False,False,False,False,False,False,False,0,100956.69
2018,MG,MDB,1555,ADRIANO ZAGO,True,True,True,True,False,True,False,False,False,False,True,True,0,30956.69
2018,MG,MDB,1570,SILAS BRASILEIRO,True,True,True,True,True,True,False,False,False,False,True,True,0,1500956.69
2018,MG,MDB,1580,JOSÉ MARIA FERREIRA DE CASTRO,False,False,False,False,False,False,False,False,False,False,False,False,0,956.69
2018,MG,MDB,1590,JOSÉ SARAIVA FELIPE,True,True,True,True,True,True,False,False,False,False,True,True,0,1500956.69
2018,MG,NOVO,3000,CARLOS EDUARDO AMARAL PEREIRA DA SILVA,False,False,False,False,False,False,False,False,False,False,False,False,0,5349.16
2018,MG,NOVO,3001,WALTER NERY HILEL CARDOSO,False,False,False,False,False,False,False,False,False,False,False,False,0,1099.1599999999999
2018,MG,NOVO,3003,VÍVIA PAULA DINIZ ABREU,False,False,False,False,False,False,False,False,False,False,False,False,0,1099.1599999999999
2018,MG,NOVO,3006,ORLANDO JOSÉ LEITE DE CASTRO,False,False,False,False,False,False,False,False,False,False,False,False,0,1099.1599999999999
2018,MG,NOVO,3007,ELIANE CRISTINA CABRAL TURRA,False,False,False,False,False,False,False,False,False,False,False,False,0,1099.1599999999999
2018,MG,NOVO,3008,FÁBIA SUELANE DE FREITAS,False,False,False,False,False,False,False,False,False,False,False,False,0,1099.1599999999999
2018,MG,NOVO,3010,RICARDO ZEMA GUIMARÃES,False,False,False,False,False,False,False,False,False,False,False,False,0,1099.1599999999999
2018,MG,NOVO,3011,ALESSANDRO RODRIGUES BACKX,False,False,False,False,False,False,False,False,False,False,False,False,0,5349.16
2018,MG,NOVO,3012,ANTÔNIO CARLOS CALDEIRA RAMOS,False,False,False,False,False,False,False,False,False,False,False,False,0,2099.16
2018,MG,NOVO,3013,LUIZ MARCELO CABRAL TAVARES,False,False,False,False,False,False,False,False,False,False,False,False,0,5349.16
2018,MG,NOVO,3015,BERNARDO LUIZ FORNACIARI RAMOS,False,False,False,False,False,False,False,False,False,False,False,False,0,3099.16
2018,MG,NOVO,3016,MÁRCIA DE PAULA WIESEN,False,False,False,False,False,False,False,False,False,False,False,False,0,1099.1599999999999
2018,MG,NOVO,3017,SUELLEM AGLIO CARNEIRO CHAVES,False,False,False,False,False,False,False,False,False,False,False,False,0,1099.1599999999999
2018,MG,NOVO,3020,MARCUS VINÍCIUS SOARES DANTAS,False,False,False,False,False,False,False,False,False,False,False,False,0,1099.1599999999999
2018,MG,NOVO,3022,LUCAS DE VASCONCELOS GONZALEZ,False,False,False,False,False,False,False,False,False,False,False,False,1,10000.0
2018,MG,NOVO,3030,VICTOR MAGALHÃES CEZARINI,False,False,False,False,False,False,False,False,False,False,False,False,0,13599.16
2018,MG,NOVO,3031,TIAGO LIMA MITRAUD DE CASTRO LEITE,False,False,False,False,False,False,False,False,False,False,False,False,1,7099.16
2018,MG,NOVO,3032,HELBER MARQUES CORREA,False,False,False,False,False,False,False,False,False,False,False,False,0,3599.16
2018,MG,NOVO,3033,ROGERIO ALCANTARA DE MELO,False,False,False,False,False,False,False,False,False,False,False,False,0,1099.1599999999999
2018,MG,NOVO,3034,GABRIEL LEITE MENDES,False,False,False,False,False,False,False,False,False,False,False,False,0,1099.1599999999999
2018,MG,NOVO,3035,GUADALUPE MACHADO DIAS ,False,False,False,False,False,False,False,False,False,False,False,False,0,1099.1599999999999
2018,MG,NOVO,3040,LEONARDO DA CUNHA PINTO MESQUITA,False,False,False,False,False,False,False,False,False,False,False,False,0,17467.08
2018,MG,NOVO,3042,LIVIA MURTA TANURE,False,False,False,False,False,False,False,False,False,False,False,False,0,1099.1599999999999
2018,MG,NOVO,3044,ALEXANDRE RAIMUNDO BARROS LIMA,False,False,False,False,False,False,False,False,False,False,False,False,0,1099.1599999999999
2018,MG,NOVO,3050,HÉLIO LOPES DE OLIVEIRA FILHO,False,False,False,False,False,False,False,False,False,False,False,False,0,1099.1599999999999
2018,MG,NOVO,3053,RÔMULO BULDRINI FILOGÔNIO,False,False,False,False,False,False,False,False,False,False,False,False,0,1099.1599999999999
2018,MG,NOVO,3055,LUCIANA LOPES NOMINATO BRAGA,False,False,False,False,False,False,False,False,False,False,False,False,0,1099.1599999999999
2018,MG,NOVO,3060,ELISA CLÁUDIA LOPES ,False,False,False,False,False,False,False,False,False,False,False,False,0,1099.1599999999999
2018,MG,NOVO,3063,LEANDRA MACHADO SANTOS,False,False,False,False,False,False,False,False,False,False,False,False,0,1099.1599999999999
2018,MG,NOVO,3066,FABRICIA NEVES DE  ABREU,False,False,False,False,False,False,False,False,False,False,False,False,0,1099.1599999999999
2018,MG,NOVO,3070,DANIEL TINOCO FERREIRA,False,False,False,False,False,False,False,False,False,False,False,False,0,4549.16
2018,MG,NOVO,3077,FELIPE AUGUSTO FERRAREZ DA MATA,False,False,False,False,False,False,False,False,False,False,False,False,0,6599.16
2018,MG,NOVO,3080,RAPHAEL TAVARES PINTO,False,False,False,False,False,False,False,False,False,False,False,False,0,1099.1599999999999
2018,MG,NOVO,3088,WARLEY DE ARAÚJO MÓL,False,False,False,False,False,False,False,False,False,False,False,False,0,3599.16
2018,MG,NOVO,3090,MARTA HELENA MARQUES JACOMINI,False,False,False,False,False,False,False,False,False,False,False,False,0,1099.1599999999999
2018,MG,NOVO,3099,MARCO AURÉLIO ROCHA,False,False,False,False,False,False,False,False,False,False,False,False,0,1099.1599999999999
2018,MG,PATRI,5100,ELTON GERALDO TAVARES,False,False,False,False,False,False,False,False,False,False,False,False,0,240.0
2018,MG,PATRI,5101,MARIO FERNANDO GONÇALVES NOGUEIRA,False,False,False,False,False,False,False,False,False,False,False,False,0,
2018,MG,PATRI,5102,SERGIO SILVA BALBINO,False,False,False,False,False,False,False,False,False,False,False,False,0,
2018,MG,PATRI,5106,DANILO NEY DEPS MARTINS,False,False,False,False,False,False,False,False,False,False,False,False,0,320.0
2018,MG,PATRI,5110,CASSIA SIMONE DA SILVA,False,False,False,False,False,False,False,False,False,False,False,False,0,6307.0
2018,MG,PATRI,5111,WILSON MELO CUNHA,False,False,False,False,False,False,False,False,False,False,False,False,0,
2018,MG,PATRI,5112,ANTONIO FERNANDO PEREIRA DOS SANTOS,False,False,False,False,False,False,False,False,False,False,False,False,0,
2018,MG,PATRI,5113,CARLOS ALBERTO ALVES,False,False,False,False,False,False,False,False,False,False,False,False,0,415.0
2018,MG,PATRI,5115,EMERSON AFONSO FERNANDES,False,False,False,False,False,False,False,False,False,False,False,False,0,735.0
2018,MG,PATRI,5117,AUGUSTA ISABEL JUNQUEIRA FAGUNDES,False,False,False,False,False,False,False,False,False,False,False,False,0,10690.0
2018,MG,PATRI,5120,LUIZA AUGUSTA CASTRO SATHELER FURTADO,False,False,False,False,False,False,False,False,False,False,False,False,0,10690.0
2018,MG,PATRI,5121,MARCO ANTONIO MACEDO GRINET,False,False,False,False,False,False,False,False,False,False,False,False,0,
2018,MG,PATRI,5122,JOAQUIM SOARES DA COSTA FILHO,False,False,False,False,False,False,False,False,False,False,False,False,0,
2018,MG,PATRI,5123,ANDRÉ BASÍLIO FERNANDES,False,False,False,False,False,False,False,False,False,False,False,False,0,
2018,MG,PATRI,5128,KATHREIN FERREIRA PIRES,False,False,False,False,False,False,False,False,False,False,False,False,0,
2018,MG,PATRI,5130,MARIA DULCE TEOFILO DE OLIVEIRA,False,False,False,False,False,False,False,False,False,False,False,False,0,1380.0
2018,MG,PATRI,5131,EMANUEL FERREIRA DA CUNHA,False,False,False,False,False,False,False,False,False,False,False,False,0,
2018,MG,PATRI,5133,FREDERICO BORGES DA COSTA,True,True,True,True,True,True,False,False,False,False,True,True,1,1059230.4
2018,MG,PATRI,5141,RICARDO ANTUNES GOMES DE OLIVEIRA,False,False,False,False,False,False,False,False,False,False,False,False,0,
2018,MG,PATRI,5144,PEDRO PAULO FERREIRA,False,False,False,False,False,False,False,False,False,False,False,False,0,40000.0
2018,MG,PATRI,5150,IVANIR ROSA DE OLIVEIRA,False,False,False,False,False,False,False,False,False,False,False,False,0,
2018,MG,PATRI,5151,DUILIO DE CASTRO FARIA,True,True,True,True,True,True,False,False,False,False,True,True,0,540000.0
2018,MG,PATRI,5152,FREDERICO DE CASTRO ESCALEIRA,False,False,False,False,False,False,False,False,False,False,False,False,1,4000.0
2018,MG,PATRI,5155,JOSE MARIA AMORIM DA SILVA,False,False,False,False,False,False,False,False,False,False,False,False,0,
2018,MG,PATRI,5157,JOSE ARTEIRO CAVALCANTE LIMA,False,False,False,False,False,False,False,False,False,False,False,False,0,
2018,MG,PATRI,5159,ADRIANA KUTRAS,False,False,False,False,False,False,False,False,False,False,False,False,0,690.0
2018,MG,PATRI,5161,LILIAM ANTONIA SALES ALMEIDA,False,False,False,False,False,False,False,False,False,False,False,False,0,3690.0
2018,MG,PATRI,5167,EDIVALDO ALVES,False,False,False,False,False,False,False,False,False,False,False,False,0,
2018,MG,PATRI,5177,FABIO EUSTAQUIO SACCHETTO GUIMARÃES FONSECA,False,False,False,False,False,False,False,False,False,False,False,False,0,640.0
2018,MG,PATRI,5180,TADEU DA SILVA,False,False,False,False,False,False,False,False,False,False,False,False,0,
2018,MG,PATRI,5188,JOELSON PEREIRA DE MATOS,False,False,False,False,False,False,False,False,False,False,False,False,0,240.0
2018,MG,PATRI,5190,CARLOS ALBERTO BARBOSA SIQUEIRA,False,False,False,False,False,False,False,False,False,False,False,False,0,
2018,MG,PATRI,5199,ROGER DANTAS RODRIGUES CESAR,False,False,False,False,False,False,False,False,False,False,False,False,0,
2018,MG,PC do B,6500,EDILSON JOSÉ GRACIOLLI,False,False,False,False,False,False,False,False,False,False,False,False,0,
2018,MG,PC do B,6505,ELYOENA JANULA VIEIRA CHAVES FERREIRA,False,False,False,False,False,False,False,False,False,False,False,False,0,
2018,MG,PC do B,6513,ISMAEL DE OLIVEIRA,False,False,False,False,False,False,False,False,False,False,False,False,0,
2018,MG,PC do B,6515,TELMA MARIA DE OLIVEIRA,False,False,False,False,False,False,False,False,False,False,False,False,0,
2018,MG,PC do B,6544,CARLOS MAGNO DE MOURA SOARES,True,True,True,True,True,True,False,False,False,False,True,True,0,
2018,MG,PC do B,6555,JOSÉ DE SOUZA BARBOSA JUNIOR,False,False,False,False,False,False,False,False,False,False,False,False,0,
2018,MG,PC do B,6565,WADSON NATHANIEL RIBEIRO,True,True,True,True,False,True,False,False,False,False,True,True,0,1476948.46
2018,MG,PC do B,6569,MARIA APARECIDA MENEZES VIEIRA,False,False,False,False,False,False,False,False,False,False,False,False,0,
2018,MG,PCB,2100,PALOMA JULIANA SILVA,False,False,False,False,False,False,False,False,False,False,False,False,0,12963.89
2018,MG,PCB,2101,PEDRO HENRIQUE FRANCO,False,False,False,False,False,False,False,False,False,False,False,False,0,2000.0
2018,MG,PCB,2102,GABRIELA FERREIRA MARRECO,False,False,False,False,False,False,False,False,False,False,False,False,0,41929.0
2018,MG,PCB,2110,WAGNER NOGUEIRA DE FREITAS,False,False,False,False,False,False,False,False,False,False,False,False,0,2000.0
2018,MG,PCB,2111,JOSÉ AUGUSTO BERNARDES,False,False,False,False,False,False,False,False,False,False,False,False,0,2000.0
2018,MG,PCB,2121,BRUNA THARINY DUARTE PRATES,False,False,False,False,False,False,False,False,False,False,False,False,0,12963.89
2018,MG,PCB,2122,AGNALDO SILVA ALEXANDRE,False,False,False,False,False,False,False,False,False,False,False,False,0,2000.0
2018,MG,PCB,2123,LUÍS FERNANDO DE BARROS COSTA,False,False,False,False,False,False,False,False,False,False,False,False,0,2000.0
2018,MG,PCB,2150,FABRICIO JUNIOR DE OLIVEIRA AVELINO,False,False,False,False,False,False,False,False,False,False,False,False,0,2000.0
2018,MG,PCB,2158,FERNANDO LEITÃO ROCHA JUNIOR,False,False,False,False,False,False,False,False,False,False,False,False,0,2000.0
2018,MG,PCB,2161,ARTHUR MIRANDA MOTTA ALKMIM,False,False,False,False,False,False,False,False,False,False,False,False,0,2000.0
2018,MG,PCB,2180,RENATA REGINA DE ABREU RODRIGUES,False,False,False,False,False,False,False,False,False,False,False,False,0,80913.22
2018,MG,PDT,1202,ÉDER ANTÔNIO DA SILVA,False,False,False,False,False,False,False,False,False,False,False,False,0,9396.14
2018,MG,PDT,1207,ELISETE INÁCIO DOS SANTOS,False,False,False,False,False,False,False,False,False,False,False,False,0,13333.66
2018,MG,PDT,1210,EDNA DIAS SANTOS,False,False,False,False,False,False,False,False,False,False,False,False,0,82681.11
2018,MG,PDT,1214,POLLYANNA CRISTINA SILVA,False,False,False,False,False,False,False,False,False,False,False,False,0,33096.11
2018,MG,PDT,1220,MARCELO LARANJEIRA FRAGA,False,False,False,False,False,False,False,False,False,False,False,False,0,6441.6900000000005
2018,MG,PDT,1221,JOSÉ GABRIEL VILAS BOAS,False,False,False,False,False,False,False,False,False,False,False,False,0,9636.14
2018,MG,PDT,1222,JÚLIO CÉSAR DE OLIVEIRA,False,False,False,False,False,False,False,False,False,False,False,False,0,7023.6900000000005
2018,MG,PDT,1223,GABRIEL QUINTÃO NUNES,False,False,False,False,False,False,False,False,False,False,False,False,0,22130.69
2018,MG,PDT,1224,EDILSON RUMBELSPERGER RODRIGUES,False,False,False,False,False,False,False,False,False,False,False,False,0,11928.14
2018,MG,PDT,1225,PAULO AFONSO LOUREIRO,False,False,False,False,False,False,False,False,False,False,False,False,0,6013.0
2018,MG,PDT,1231,LUIZ GONZAGA RIBEIRO,True,True,True,True,True,True,False,False,False,False,True,True,1,500956.69
2018,MG,PDT,1233,KÁTIA GERALDA SILVA GOYATA,False,False,False,False,False,False,False,False,False,False,False,False,0,80000.0
2018,MG,PDT,1234,MÁRIO LÚCIO HERINGER,True,True,True,True,True,True,False,False,False,False,True,True,1,522342.79
2018,MG,PDT,1236,NATHALYA THAYS MOREIRA SANTOS OLIVEIRA,False,False,False,False,False,False,False,False,False,False,False,False,0,12441.11
2018,MG,PDT,1240,SÁVIO TARSO PEREIRA DA SILVA,False,False,False,False,False,False,False,False,False,False,False,False,0,12960.69
2018,MG,PDT,1244,EDUARDO LIMA CALDEIRA,False,False,False,False,False,False,False,False,False,False,False,False,0,2396.1400000000003
2018,MG,PDT,1245,NADIR GRACIANO BRANDAO,False,False,False,False,False,False,False,False,False,False,False,False,0,4963.6900000000005
2018,MG,PDT,1251,JOSIMAR JOSÉ ROCHA,False,False,False,False,False,False,False,False,False,False,False,False,0,10649.69
2018,MG,PDT,1256,ANÍZIO GONÇALVES DE  SOUZA,False,False,False,False,False,False,False,False,False,False,False,False,0,1585.14
2018,MG,PDT,1258,LUCIANA APARECIDA ROQUE DE SÁ ,False,False,False,False,False,False,False,False,False,False,False,False,0,11416.66
2018,MG,PDT,1261,MARCELO MOURÃO MOTTA GROSSI MOUTA,False,False,False,False,False,False,False,False,False,False,False,False,0,7720.6900000000005
2018,MG,PDT,1271,CLAUDINEI VIEIRA DE MOURA,False,False,False,False,False,False,False,False,False,False,False,False,0,5023.6900000000005
2018,MG,PDT,1280,ADÃO FERREIRA DA SILVA,False,False,False,False,False,False,False,False,False,False,False,False,0,17636.14
2018,MG,PDT,1282,PABLO SOUSA PINHEIRO,False,False,False,False,False,False,False,False,False,False,False,False,0,5059.6900000000005
2018,MG,PHS,3100,BRUNO MOREIRA SANTOS,False,False,False,False,False,False,False,False,False,False,False,False,0,18565.0
2018,MG,PHS,3101,LEONARDO NASCIMENTO MOREIRA,False,False,False,False,False,False,False,False,False,False,False,False,0,
2018,MG,PHS,3102,FABIO DOS SANTOS,False,False,False,False,False,False,False,False,False,False,False,False,0,87.5
2018,MG,PHS,3104,JUARES DE SOUZA FERREIRA,False,False,False,False,False,False,False,False,False,False,False,False,0,31035.0
2018,MG,PHS,3105,GIOVANI SOUZA RODRIGUES,False,False,False,False,False,False,False,False,False,False,False,False,0,1341.5
2018,MG,PHS,3106,VICTOR ALESSANDRO AGOSTINI DE CARVALHO,False,False,False,False,False,False,False,False,False,False,False,False,0,
2018,MG,PHS,3108,ANDRÉA LIMA ROCHA,False,False,False,False,False,False,False,False,False,False,False,False,0,5810.75
2018,MG,PHS,3110,MARCO ANTONIO REIS CARVALHO,False,False,False,False,False,False,False,False,False,False,False,False,0,
2018,MG,PHS,3111,HANDERSON FÁBIO ALVES,False,False,False,False,False,False,False,False,False,False,False,False,0,235.12
2018,MG,PHS,3112,REINALDO SOARES DE LACERDA,False,False,False,False,False,False,False,False,False,False,False,False,0,
2018,MG,PHS,3113,TIAGO LIMA DE ALCANTARA,False,False,False,False,False,False,False,False,False,False,False,False,0,361.25
2018,MG,PHS,3116,IVANILDO DA CONCEIÇÃO TEIXEIRA,False,False,False,False,False,False,False,False,False,False,False,False,0,597.5
2018,MG,PHS,3117,RUBENS SCHRODER SOBRINHO,False,False,False,False,False,False,False,False,False,False,False,False,0,19652.5
2018,MG,PHS,3119,ELIZA PEREIRA DE SOUZA,False,False,False,False,False,False,False,False,False,False,False,False,0,2585.75
2018,MG,PHS,3120,ADRIANA PINHEIRO GODINHO,False,False,False,False,False,False,False,False,False,False,False,False,0,5437.75
2018,MG,PHS,3121,BENEDITO RUBENS RENO BENE GUEDES,True,True,True,True,True,True,False,True,False,True,True,True,0,10898.25
2018,MG,PHS,3122,BRUNA JULIANA BUENO E SILVA,False,False,False,False,False,False,False,False,False,False,False,False,0,37953.4
2018,MG,PHS,3123,IGOR DE MATOS MONTEIRO,False,False,False,False,False,False,False,False,False,False,False,False,0,4777.08
2018,MG,PHS,3125,CLÁUDIA DE SOUZA RODRIGUES OLIVEIRA,False,False,False,False,False,False,False,False,False,False,False,False,0,7785.75
2018,MG,PHS,3126,GABRIEL LAFETÁ PRATES TUPINAMBÁ DE LELIS,False,False,False,False,False,False,False,False,False,False,False,False,0,
2018,MG,PHS,3127,ALEXANDRE JOSE PINHEIRO RODRIGUES,False,False,False,False,False,False,False,False,False,False,False,False,0,3449.0
2018,MG,PHS,3128,PAULA DE CASTRO MAIA,False,False,False,False,False,False,False,False,False,False,False,False,0,5732.5
2018,MG,PHS,3129,CERGIO CARLOS DA SILVA MELLO,False,False,False,False,False,False,False,False,False,False,False,False,0,380.0
2018,MG,PHS,3130,JUSSARA MENICUCCI DE OLIVEIRA,True,True,True,True,True,True,False,True,False,True,True,True,0,165000.0
2018,MG,PHS,3131,LUCAS GARCIA RABELLO,False,False,False,False,False,False,False,False,False,False,False,False,0,
2018,MG,PHS,3132,FRANCO CARTAFINA GOMES,False,False,False,False,False,False,False,False,False,False,False,False,1,119106.35
2018,MG,PHS,3133,MARCELO GUILHERME DE ARO FERREIRA,False,False,False,False,False,False,False,False,False,False,False,False,1,1865546.94
2018,MG,PHS,3134,CRISTIANO GIMENES DE CARVALHO,False,False,False,False,False,False,False,False,False,False,False,False,0,10912.5
2018,MG,PHS,3135,ROSANIA APARECIDA RIBEIRO,False,False,False,False,False,False,False,False,False,False,False,False,0,645.75
2018,MG,PHS,3136,MARIA DAS GRAÇAS COSTA,False,False,False,False,False,False,False,False,False,False,False,False,0,2315.75
2018,MG,PHS,3137,MARCÍLIO DE ASSIS,False,False,False,False,False,False,False,False,False,False,False,False,0,357.5
2018,MG,PHS,3139,ALEXANDRE DE MELO BAIA,False,False,False,False,False,False,False,False,False,False,False,False,0,3145.75
2018,MG,PHS,3140,DANIEL CESÁRIO GONÇALVES,False,False,False,False,False,False,False,False,False,False,False,False,0,52233.75
2018,MG,PHS,3141,EDER SOUZA NEVES,False,False,False,False,False,False,False,False,False,False,False,False,0,2500.0
2018,MG,PHS,3142,EVERARDO ANGELO JOSE OLIVEIRA,False,False,False,False,False,False,False,False,False,False,False,False,0,2500.0
2018,MG,PHS,3144,MARLEY VASQUES PECANHA,False,False,False,False,False,False,False,False,False,False,False,False,0,9768.75
2018,MG,PHS,3145,MÁRCIO DOS SANTOS MARINHO,False,False,False,False,False,False,False,False,False,False,False,False,0,
2018,MG,PHS,3146,WESLEY MARTINS DA SILVA,False,False,False,False,False,False,False,False,False,False,False,False,0,445.0
2018,MG,PHS,3147,MARLUCE RODRIGUES PEREIRA DE PAIVA,False,False,False,False,False,False,False,False,False,False,False,False,0,10780.75
2018,MG,PHS,3149,HELESIR MARIA DE FATIMA,False,False,False,False,False,False,False,False,False,False,False,False,0,17745.4
2018,MG,PHS,3150,HELIO CARLOS DE OLIVEIRA,False,False,False,False,False,False,False,False,False,False,False,False,0,10930.0
2018,MG,PHS,3151,ERNANI MARCOS DO CARMO,False,False,False,False,False,False,False,False,False,False,False,False,0,24885.75
2018,MG,PHS,3155,ROBERTO DA VEIGA FELIPPE,False,False,False,False,False,False,False,False,False,False,False,False,0,
2018,MG,PHS,3156,WELLINGTON ANTÔNIO VIEIRA,False,False,False,False,False,False,False,False,False,False,False,False,0,16157.25
2018,MG,PHS,3157,ANTÔNIO AUGUSTO COELHO TAVARES,False,False,False,False,False,False,False,False,False,False,False,False,0,398.75
2018,MG,PHS,3158,ELMANO PIO DOS SANTOS,False,False,False,False,False,False,False,False,False,False,False,False,0,375.75
2018,MG,PHS,3160,RODRIGO CABREIRA DE MATTOS,True,True,True,True,False,True,False,False,False,False,True,True,0,
2018,MG,PHS,3161,JUSSARA APARECIDA SIMPLÍCIO,False,False,False,False,False,False,False,False,False,False,False,False,0,77213.75
2018,MG,PHS,3162,CLEVIA ALVES PEREIRA,False,False,False,False,False,False,False,False,False,False,False,False,0,450.75
2018,MG,PHS,3163,VERA LUCIA DE CASTRO,False,False,False,False,False,False,False,False,False,False,False,False,0,5250.75
2018,MG,PHS,3165,ANTONIO JOSE BARBOSA,False,False,False,False,False,False,False,False,False,False,False,False,0,1313.0
2018,MG,PHS,3166,CELSO GUILHERME PROCOPIO DE MORAIS,False,False,False,False,False,False,False,False,False,False,False,False,0,2612.0
2018,MG,PHS,3169,ANDREIA JACQUELINE PACHECO,False,False,False,False,False,False,False,False,False,False,False,False,0,5645.75
2018,MG,PHS,3170,ANDRÉ CLEBSON ALVES VIEIRA,False,False,False,False,False,False,False,False,False,False,False,False,0,10794.0
2018,MG,PHS,3176,ANDREIA SUELI ARAUJO LOPES,False,False,False,False,False,False,False,False,False,False,False,False,0,3731.5
2018,MG,PHS,3177,ELVES RODRIGUES CORTES,False,False,False,False,False,False,False,False,False,False,False,False,0,50000.0
2018,MG,PHS,3178,ROSILENE DO CARMO CARDOSO,False,False,False,False,False,False,False,False,False,False,False,False,0,106193.75
2018,MG,PHS,3179,RONALDO RÉGIO MATOS DE OLIVEIRA,False,False,False,False,False,False,False,False,False,False,False,False,0,1000.0
2018,MG,PHS,3180,MAURO JORGE DE PAULA BOMFIM,True,True,True,True,False,True,False,False,False,False,True,True,0,776.0
2018,MG,PHS,3181,ADRIANO VIEIRA CHAVES,False,False,False,False,False,False,False,False,False,False,False,False,0,2769.0
2018,MG,PHS,3182,ANNA CAROLINA COSTA QUELOTTI GONÇALVES,False,False,False,False,False,False,False,False,False,False,False,False,0,27841.87
2018,MG,PHS,3183,MARIA DE FÁTIMA SOUZA RODRIGUES,False,False,False,False,False,False,False,False,False,False,False,False,0,1941.5
2018,MG,PHS,3187,JORGE LUIZ DE SOUZA REIS,False,False,False,False,False,False,False,False,False,False,False,False,0,3770.0
2018,MG,PHS,3188,OSWALDO JOSE TEIXEIRA,False,False,False,False,False,False,False,False,False,False,False,False,0,274.5
2018,MG,PHS,3190,SILVIO CESAR CAMARGO DE OLIVEIRA,False,False,False,False,False,False,False,False,False,False,False,False,0,422.5
2018,MG,PHS,3191,BRUNO CAMPELO COSTA,False,False,False,False,False,False,False,False,False,False,False,False,0,612.0
2018,MG,PHS,3194,MIRIAN FERREIRA DUARTE,False,False,False,False,False,False,False,False,False,False,False,False,0,645.75
2018,MG,PHS,3195,MARIA DE LOURDES DIAS DA SILVA,False,False,False,False,False,False,False,False,False,False,False,False,0,
2018,MG,PHS,3197,ALIPIO JOSE DE BARROS NETO,False,False,False,False,False,False,False,False,False,False,False,False,0,
2018,MG,PHS,3198,HELOISA HELENA CABRAL DE CARVALHO,False,False,False,False,False,False,False,False,False,False,False,False,0,315.75
2018,MG,PHS,3199,EDSON LOPES DA SILVA,False,False,False,False,False,False,False,False,False,False,False,False,0,3145.75
2018,MG,PMB,3500,FLAVIA RITA COUTINHO SARMENTO,False,False,False,False,False,False,False,False,False,False,False,False,0,
2018,MG,PMB,3507,MICHAEL SANDER SILVA,False,False,False,False,False,False,False,False,False,False,False,False,0,
2018,MG,PMB,3575,LEONIDAS JOSÉ VIEIRA FILHO,False,False,False,False,False,False,False,False,False,False,False,False,0,
2018,MG,PMB,3588,RONALDO RICARDO DE ANDRADE,False,False,False,False,False,False,False,False,False,False,False,False,0,
2018,MG,PMB,3589,PATRÍCIA MONTEIRO GOMES,False,False,False,False,False,False,False,False,False,False,False,False,0,
2018,MG,PMN,3300,DOUGLAS MIKE KENNEDY NASCIMENTO,False,False,False,False,False,False,False,False,False,False,False,False,0,30000.0
2018,MG,PMN,3301,RAMSÉS MACIEL DE CASTRO,False,False,False,False,False,False,False,False,False,False,False,False,0,
2018,MG,PMN,3311,FERNANDO DE SOUZA MEIRA,False,False,False,False,False,False,False,False,False,False,False,False,0,
2018,MG,PMN,3312,VANDERLIN MARTINS DE PAULA,False,False,False,False,False,False,False,False,False,False,False,False,0,2990.0
2018,MG,PMN,3313,CLAUDIO MOREIRA RIBEIRO,False,False,False,False,False,False,False,False,False,False,False,False,0,1965.0
2018,MG,PMN,3314,JESUS FERREIRA DE MELLO,False,False,False,False,False,False,False,False,False,False,False,False,0,
2018,MG,PMN,3315,LUIS CARLOS DONIZETTI BORGES,False,False,False,False,False,False,False,False,False,False,False,False,0,
2018,MG,PMN,3321,JOSE RAIMUNDO CORDEIRO,False,False,False,False,False,False,False,False,False,False,False,False,0,
2018,MG,PMN,3333,JOSE VITOR DE RESENDE AGUIAR,False,False,False,False,False,False,False,False,False,False,False,False,1,150075.0
2018,MG,PMN,3345,SIMONE ALBANO DE MACEDO ,False,False,False,False,False,False,False,False,False,False,False,False,0,
2018,MG,PMN,3355,CLOVIS GUIMARÃES,False,False,False,False,False,False,False,False,False,False,False,False,0,
2018,MG,PMN,3377,ELIAS DOS REIS DE LIMA,False,False,False,False,False,False,False,False,False,False,False,False,0,
2018,MG,PODE,1900,FRANCISCO MARQUES DA SILVA,False,False,False,False,False,False,False,False,False,False,False,False,0,956.69
2018,MG,PODE,1903,RAMON GOMES BARROS,False,False,False,False,False,False,False,False,False,False,False,False,0,1454.19
2018,MG,PODE,1904,WANDERSON RAMOS DOS SANTOS ROSA,False,False,False,False,False,False,False,False,False,False,False,False,0,
2018,MG,PODE,1909,ANA LÚCIA FERNANDES DA MATA RESENDE,False,False,False,False,False,False,False,False,False,False,False,False,0,21416.66
2018,MG,PODE,1910,ROGÉRIO ANTONIO GONÇALVES,False,False,False,False,False,False,False,False,False,False,False,False,0,
2018,MG,PODE,1912,ALEXANDRE DELÃO DA SILVA,False,False,False,False,False,False,False,False,False,False,False,False,0,956.69
2018,MG,PODE,1913,JULIARINA APARECIDA DA CRUZ PEREIRA,False,False,False,False,False,False,False,False,False,False,False,False,0,271416.66
2018,MG,PODE,1917,MARCIO ARANTES LIMONGI,False,False,False,False,False,False,False,False,False,False,False,False,0,956.69
2018,MG,PODE,1919,DÂMINA DE CARVALHO PEREIRA,True,True,True,True,True,True,False,False,False,False,True,True,0,986891.66
2018,MG,PODE,1920,RICARDO MUNIZ BARRETO,False,False,False,False,False,False,False,False,False,False,False,False,0,
2018,MG,PODE,1921,RONALDO GRANATA NOGUEIRA DE SOUZA,False,False,False,False,False,False,False,False,False,False,False,False,0,956.69
2018,MG,PODE,1923,JOSÉ CARLOS FERREIRA,False,False,False,False,False,False,False,False,False,False,False,False,0,
2018,MG,PODE,1925,MÁRCIO LUIZ DA SILVA,False,False,False,False,False,False,False,False,False,False,False,False,0,956.69
2018,MG,PODE,1927,SUSANA CASSIA MIGUEL,False,False,False,False,False,False,False,False,False,False,False,False,0,
2018,MG,PODE,1934,JUSCELINO DE OLIVEIRA FERNANDES,False,False,False,False,False,False,False,False,False,False,False,False,0,
2018,MG,PODE,1944,JOSE GERALDO DE FARIAS,False,False,False,False,False,False,False,False,False,False,False,False,0,956.69
2018,MG,PODE,1951,LUCIRENE LOPES TREVENZOLI BRANDAO,False,False,False,False,False,False,False,False,False,False,False,False,0,22411.66
2018,MG,PODE,1966,OMAR NEVES JUNIOR,False,False,False,False,False,False,False,False,False,False,False,False,0,956.69
2018,MG,PODE,1968,JOSÉ CARLOS GOMES,False,False,False,False,False,False,False,False,False,False,False,False,0,
2018,MG,PODE,1970,EUCLIDES RODRIGUES DOS SANTOS,False,False,False,False,False,False,False,False,False,False,False,False,0,
2018,MG,PODE,1977,LAUDIVIO ALVARENGA CARVALHO,True,True,True,True,True,True,False,False,False,False,True,True,0,700956.69
2018,MG,PODE,1978,JACQUELINE MARIA VERDE,False,False,False,False,False,False,False,False,False,False,False,False,0,20000.0
2018,MG,PODE,1988,RONALDO DORNELAS,False,False,False,False,False,False,False,False,False,False,False,False,0,956.69
2018,MG,PODE,1990,ALLEFE BRUCE DE OLIVEIRA MARTINS,False,False,False,False,False,False,False,False,False,False,False,False,0,722071.69
2018,MG,PODE,1991,LEIDIVIANE APARECIDA DA SILVA FERREIRA,False,False,False,False,False,False,False,False,False,False,False,False,0,
2018,MG,PODE,1999,IGOR TARCIANO TIMO,False,False,False,False,False,False,False,False,False,False,False,False,1,956.69
2018,MG,PP,1100,RENATO BARBOSA DE ANDRADE,True,True,True,True,False,True,False,False,False,False,True,True,0,1850219.8
2018,MG,PP,1111,DIMAS FABIANO TOLEDO JUNIOR,True,True,True,True,True,True,False,False,False,False,True,True,1,2357207.4
2018,MG,PP,1121,PAULO SERGIO PIRES DO AMARAL,False,False,False,False,False,False,False,False,False,False,False,False,0,1919441.0
2018,MG,PP,1122,ANTÔNIO PINHEIRO NETO,False,True,True,False,True,False,False,True,False,True,False,False,1,1843510.07
2018,MG,PP,1123,MANOEL BISPO DOS SANTOS,False,False,False,False,False,False,False,False,False,False,False,False,0,
2018,MG,PP,1125,LEANDRO JESUS SANTOS,False,False,False,False,False,False,False,False,False,False,False,False,0,160.0
2018,MG,PP,1133,CARLOS EDUARDO BERNARDES DE SOUZA,False,False,False,False,False,False,False,False,False,False,False,False,0,
2018,MG,PP,1199,ANA PAULA PROCOPIO JUNQUEIRA,False,False,False,False,False,False,False,False,False,False,False,False,0,2365113.0
2018,MG,PPL,5400,EDMAR WASHINGTON XAVIER PEREIRA,False,False,False,False,False,False,False,False,False,False,False,False,0,
2018,MG,PPL,5404,CELIA MAGDA GUSMAO,False,False,False,False,False,False,False,False,False,False,False,False,0,
2018,MG,PPL,5406,RENATO FABIANO MATHEUS,False,False,False,False,False,False,False,False,False,False,False,False,0,
2018,MG,PPL,5407,BELARMINO RIBEIRO DA SILVA,False,False,False,False,False,False,False,False,False,False,False,False,0,
2018,MG,PPL,5408,ELVENIR CARVALHO DE NORONHA,False,False,False,False,False,False,False,False,False,False,False,False,0,
2018,MG,PPL,5410,ALEXSANDER LUIZ DA PAIXAO FERREIRA,False,False,False,False,False,False,False,False,False,False,False,False,0,
2018,MG,PPL,5411,ROBSON DE SOUZA BITTENCOURT,False,False,False,False,False,False,False,False,False,False,False,False,0,
2018,MG,PPL,5412,EDNA TOMAINO MIRANDA,False,False,False,False,False,False,False,False,False,False,False,False,0,
2018,MG,PPL,5414,JARLEIS CELESTINO BRITO,False,False,False,False,False,False,False,False,False,False,False,False,0,
2018,MG,PPL,5416,PALOMA CAROLINA PEREIRA,False,False,False,False,False,False,False,False,False,False,False,False,0,
2018,MG,PPL,5417,ROGERIO ALVES FERNANDES,False,False,False,False,False,False,False,False,False,False,False,False,0,
2018,MG,PPL,5419,ANDREIA MARIA TEOTONIO,False,False,False,False,False,False,False,False,False,False,False,False,0,
2018,MG,PPL,5421,ODAIR SANTOS JUNIOR,False,False,False,False,False,False,False,False,False,False,False,False,0,
2018,MG,PPL,5429,CIRLANE PEREIRA DOS SANTOS,False,False,False,False,False,False,False,False,False,False,False,False,0,
2018,MG,PPL,5432,CARLOS ANTONIO POUÇAS,False,False,False,False,False,False,False,False,False,False,False,False,0,
2018,MG,PPL,5433,REGI LISANDRO ALVES COSTA,False,False,False,False,False,False,False,False,False,False,False,False,0,
2018,MG,PPL,5440,DIORDEN DIOFFTTO PAIVA DA SILVA,False,False,False,False,False,False,False,False,False,False,False,False,0,
2018,MG,PPL,5444,GLEDSTON MORELI DA SILVA,False,False,False,False,False,False,False,False,False,False,False,False,0,
2018,MG,PPL,5445,VANTUIL SILVA OLIVEIRA,False,False,False,False,False,False,False,False,False,False,False,False,0,
2018,MG,PPL,5450,CLEBER TADEU SILVA SIQUEIRA,False,False,False,False,False,False,False,False,False,False,False,False,0,
2018,MG,PPL,5454,LUIS AUGUSTO VECCHIO SALOMON,False,False,False,False,False,False,False,False,False,False,False,False,0,
2018,MG,PPL,5455,LEONEL EUSTAQUIO ROCHA SILVA,False,False,False,False,False,False,False,False,False,False,False,False,0,
2018,MG,PPL,5466,INGRYD GOMES VIEIRA TOMAINO,False,False,False,False,False,False,False,False,False,False,False,False,0,
2018,MG,PPL,5467,GISLAINE DE SOUZA LIMA,False,False,False,False,False,False,False,False,False,False,False,False,0,
2018,MG,PPL,5468,CARMEN LUCIA PEREIRA DOS SANTOS CAETANO,False,False,False,False,False,False,False,False,False,False,False,False,0,
2018,MG,PPL,5469,HAMILTON DE OLIVEIRA LISBOA,False,False,False,False,False,False,False,False,False,False,False,False,0,
2018,MG,PPL,5485,ANDRE LUIZ DOS SANTOS,False,False,False,False,False,False,False,False,False,False,False,False,0,
2018,MG,PPL,5499,ALEXIS RANGEL DE MATOS,False,False,False,False,False,False,False,False,False,False,False,False,0,400.0
2018,MG,PPS,2300,FABIANO GALLETTI TOLENTINO,True,True,True,True,True,True,False,False,False,False,True,True,0,602366.43
2018,MG,PPS,2303,WILLIAN BUENO E SILVA,False,False,False,False,False,False,False,False,False,False,False,False,0,90292.37
2018,MG,PPS,2323,ANIBAL HENRIQUE DE OLIVEIRA MACEDO,False,False,False,False,False,False,False,False,False,False,False,False,0,75292.38
2018,MG,PPS,2324,ERNANE NELES DE RESENDE PINTO,False,False,False,False,False,False,False,False,False,False,False,False,0,
2018,MG,PPS,2330,MARCIO FERREIRA DA COSTA,False,False,False,False,False,False,False,False,False,False,False,False,0,5292.38
2018,MG,PPS,2332,ANTONIO GONÇALVES FERNANDES DA SILVA,False,False,False,False,False,False,False,False,False,False,False,False,0,70000.0
2018,MG,PPS,2340,MARIA ROSANA DE PAIVA CAMPOS,False,False,False,False,False,False,False,False,False,False,False,False,0,
2018,MG,PPS,2344,ROMEU PEREIRA GONÇALVES,False,False,False,False,False,False,False,False,False,False,False,False,0,
2018,MG,PPS,2345,HELGA GREINER CORREA DE OLIVEIRA,False,False,False,False,False,False,False,False,False,False,False,False,0,
2018,MG,PPS,2350,ALYPIO ANTONIO DA COSTA,False,False,False,False,False,False,False,False,False,False,False,False,0,
2018,MG,PPS,2360,RAIMUNDO BENONI FRANCO,False,False,False,False,False,False,False,False,False,False,False,False,0,620715.07
2018,MG,PPS,2377,MARGARETE DAS DORES OLIVEIRA,False,False,False,False,False,False,False,False,False,False,False,False,0,3760.0
2018,MG,PPS,2380,FERNANDO EUSTÁQUIO PEIXOTO DE MAGALHÃES,False,False,False,False,False,False,False,False,False,False,False,False,0,
2018,MG,PPS,2399,SILVANA REGINA LOPES DA SILVA,False,False,False,False,False,False,False,False,False,False,False,False,0,5292.37
2018,MG,PR,2207,EDSON MOREIRA DA SILVA,True,True,True,True,True,True,False,False,False,False,True,True,0,1510580.0
2018,MG,PR,2210,SÉRGIO LUCIO DE ALMEIDA,True,True,True,True,True,True,False,False,False,False,True,True,0,1900283.13
2018,MG,PR,2222,AELTON JOSÉ DE FREITAS,True,True,True,True,True,True,False,False,False,False,True,True,0,1601560.0
2018,MG,PR,2233,LINCOLN DINIZ PORTELA,True,True,True,True,True,True,False,False,False,False,True,True,1,1630000.0
2018,MG,PR,2234,WALTER DA ROCHA TOSTA,True,True,True,True,True,True,False,False,False,False,True,True,0,1704525.0
2018,MG,PR,2280,JOSÉ SANTANA DE VASCONCELLOS MOREIRA,True,True,True,True,True,True,False,False,False,False,True,True,0,2426065.0
2018,MG,PRB,1000,ARNALDO GONTIJO DE FREITAS,False,False,False,False,False,False,False,False,False,False,False,False,0,1330623.35
2018,MG,PRB,1002,CLEIDE SOARES DOS SANTOS,False,False,False,False,False,False,False,False,False,False,False,False,0,26666.66
2018,MG,PRB,1009,MÁRIO JUSTINO DA SILVA,False,False,False,False,False,False,False,False,False,False,False,False,0,24885.27
2018,MG,PRB,1010,GILBERTO APARECIDO ABRAMO,True,True,True,True,True,True,False,False,False,False,True,True,1,1410405.26
2018,MG,PRB,1015,ANGELA MAIRINK DE SOUZA PEREIRA,False,False,False,False,False,False,False,False,False,False,False,False,0,1661416.66
2018,MG,PRB,1020,MARCO ANTÔNIO BADARÓ BIANCHINI,False,False,False,False,False,False,False,False,False,False,False,False,0,467623.39
2018,MG,PRB,1070,MARIO BRAZ SILVEIRA,False,False,False,False,False,False,False,False,False,False,False,False,0,10000.0
2018,MG,PRB,1080,LAFAYETTE LUIZ DOORGAL DE ANDRADA,True,True,True,True,True,True,False,False,False,False,True,True,1,1575956.69
2018,MG,PROS,9000,CLAUDIO SOARES DO CARMO,False,False,False,False,False,False,False,False,False,False,False,False,0,
2018,MG,PROS,9001,JOSÉ GERALDO MACHADO ROCHA,False,False,False,False,False,False,False,False,False,False,False,False,0,20000.0
2018,MG,PROS,9002,MARLEI ARAUJO COSTA,False,False,False,False,False,False,False,False,False,False,False,False,0,
2018,MG,PROS,9005,ANTONIO FERREIRA PINTO ,False,False,False,False,False,False,False,False,False,False,False,False,0,
2018,MG,PROS,9007,JAEL RODRIGUES DE OLIVEIRA,True,True,True,True,False,True,False,False,False,False,True,True,0,47500.0
2018,MG,PROS,9008,MARLI ALVES DOS SANTOS,False,False,False,False,False,False,False,False,False,False,False,False,0,
2018,MG,PROS,9009,FABIANO LOPES FERREIRA,False,False,False,False,False,False,False,False,False,False,False,False,0,
2018,MG,PROS,9010,NILTON CESAR RODRIGUES ,False,False,False,False,False,False,False,False,False,False,False,False,0,238000.0
2018,MG,PROS,9012,PATRICIA MAGALHAES ROCHA,False,False,False,False,False,False,False,False,False,False,False,False,0,295417.78
2018,MG,PROS,9013,CORNÉLIO HERMES DE MORAIS FONSECA,False,False,False,False,False,False,False,False,False,False,False,False,0,33800.0
2018,MG,PROS,9019,FABIANO FERREIRA DOS SANTOS,False,False,False,False,False,False,False,False,False,False,False,False,0,
2018,MG,PROS,9020,ADRIANA APARECIDA MONTE DE JESUS REIS,False,False,False,False,False,False,False,False,False,False,False,False,0,
2018,MG,PROS,9021,VANDA XAVIER SILVA,False,False,False,False,False,False,False,False,False,False,False,False,0,
2018,MG,PROS,9023,JAMERSON FELIPE DE OLIVEIRA SOUZA,False,False,False,False,False,False,False,False,False,False,False,False,0,7742.0
2018,MG,PROS,9030,JOÃO OLIVEIRA NETO,False,False,False,False,False,False,False,False,False,False,False,False,0,
2018,MG,PROS,9033,EROS FERREIRA BIONDINI,True,True,True,True,True,True,False,False,False,False,True,True,1,1067405.48
2018,MG,PROS,9035,ADALTON PASCOAL BISPO,False,False,False,False,False,False,False,False,False,False,False,False,0,
2018,MG,PROS,9039,ANDRÉ GARCIA VIEIRA,False,False,False,False,False,False,False,False,False,False,False,False,0,
2018,MG,PROS,9040,ADELINA RODRIGUES MARTINS,False,False,False,False,False,False,False,False,False,False,False,False,0,
2018,MG,PROS,9050,NEUBERT VIEIRA GONÇALVES,False,False,False,False,False,False,False,False,False,False,False,False,0,7055.0
2018,MG,PROS,9052,FLORINDO DA COSTA BRASIL,False,False,False,False,False,False,False,False,False,False,False,False,0,
2018,MG,PROS,9055,GERALDO MAGELO AUDRIANO,False,False,False,False,False,False,False,False,False,False,False,False,0,
2018,MG,PROS,9060,BENJAMIM JOSÉ OLIVEIRA SANTOS NETO,False,False,False,False,False,False,False,False,False,False,False,False,0,
2018,MG,PROS,9070,JOÃO BATISTA FERREIRA RIBEIRO,False,False,False,False,False,False,False,False,False,False,False,False,0,
2018,MG,PROS,9074,JACIRA DO CARMO FERREIRA,False,False,False,False,False,False,False,False,False,False,False,False,0,35000.0
2018,MG,PROS,9075,AILTON GUEDES DA SILVA,False,False,False,False,False,False,False,False,False,False,False,False,0,3800.0
2018,MG,PROS,9077,GUSTAVO DA SILVA PIRES,False,False,False,False,False,False,False,False,False,False,False,False,0,491130.0
2018,MG,PROS,9079,MARIA MARLY SOARES DE MORAIS,False,False,False,False,False,False,False,False,False,False,False,False,0,
2018,MG,PROS,9080,GERALDO WAGNER VASCONCELOS LOPES,False,False,False,False,False,False,False,False,False,False,False,False,0,
2018,MG,PROS,9088,VILMAR JOANES CANUTO,False,False,False,False,False,False,False,False,False,False,False,False,0,
2018,MG,PROS,9090,WELITON FERNANDES PRADO,True,True,True,True,True,True,False,False,False,True,True,True,1,1633400.0
2018,MG,PROS,9098,CRISTIANE MENDES EUZÉBIO,False,False,False,False,False,False,False,False,False,False,False,False,0,
2018,MG,PROS,9099,WAGNER DO NASCIMENTO JUNIOR,True,True,True,True,False,True,False,False,False,True,True,True,0,203500.0
2018,MG,PRP,4411,GLAYDSON DIAS DE PAULA,False,False,False,False,False,False,False,False,False,False,False,False,0,2500.0
2018,MG,PRP,4433,THIAGO FERNANDES MENDES DA SILVA,False,False,False,False,False,False,False,False,False,False,False,False,0,122263.75
2018,MG,PRP,4444,CIRES BREIDE DE MELO MARTINS,False,False,False,False,False,False,False,False,False,False,False,False,0,59872.0
2018,MG,PRP,4445,GLADIS FREITAS OLIVEIRA,False,False,False,False,False,False,False,False,False,False,False,False,0,4000.0
2018,MG,PRP,4451,MILTON MARTINS DOS SANTOS,False,False,False,False,False,False,False,False,False,False,False,False,0,7500.0
2018,MG,PRTB,2800,RODRIGO ALEXANDRE ASSIS SILVA,False,False,False,False,False,False,False,False,False,False,False,False,0,
2018,MG,PRTB,2801,GLAUCIENE NOGUEIRA,False,False,False,False,False,False,False,False,False,False,False,False,0,100.0
2018,MG,PRTB,2802,DANIEL SANTOS RAMOS,False,False,False,False,False,False,False,False,False,False,False,False,0,
2018,MG,PRTB,2803,PEDRO DOS SANTOS MOREIRA,False,True,True,False,True,False,False,True,False,True,False,False,0,20.0
2018,MG,PRTB,2806,MARIA LUCIA SOARES MAYER,False,False,False,False,False,False,False,False,False,False,False,False,0,
2018,MG,PRTB,2807,MARCELO FREITAS DE OLIVEIRA,False,False,False,False,False,False,False,False,False,False,False,False,0,
2018,MG,PRTB,2808,IGOR FERREIRA DE JESUS ARAUJO,False,False,False,False,False,False,False,False,False,False,False,False,0,
2018,MG,PRTB,2810,JOAO DOS REIS DE SOUZA,False,False,False,False,False,False,False,False,False,False,False,False,0,
2018,MG,PRTB,2811,EDICARLOS SOUSA PIRES JUNIOR,False,False,False,False,False,False,False,False,False,False,False,False,0,
2018,MG,PRTB,2815,JARI TRINDADE MENDONÇA,False,False,False,False,False,False,False,False,False,False,False,False,0,
2018,MG,PRTB,2816,ERICK SANTOS NAZARETH,False,False,False,False,False,False,False,False,False,False,False,False,0,
2018,MG,PRTB,2817,CLAYTON CESAR RIBEIRO DA SILVA,False,False,False,False,False,False,False,False,False,False,False,False,0,
2018,MG,PRTB,2818,JULIO MARCIO LIMA E CUNHA,False,False,False,False,False,False,False,False,False,False,False,False,0,
2018,MG,PRTB,2819,LILIAN BERNARDINO DA SILVA,False,False,False,False,False,False,False,False,False,False,False,False,0,120.0
2018,MG,PRTB,2820,SERGIO RODRIGUES GODINHO,False,False,False,False,False,False,False,False,False,False,False,False,0,
2018,MG,PRTB,2822,FERNANDA DAIBERT ESCOBAR DE ALBUQUERQUE,False,False,False,False,False,False,False,False,False,False,False,False,0,120.0
2018,MG,PRTB,2823,WANDERSON FERREIRA,False,False,False,False,False,False,False,False,False,False,False,False,0,265.75
2018,MG,PRTB,2824,MARCOS ANTONIO DO NASCIMENTO,False,False,False,False,False,False,False,False,False,False,False,False,0,20.0
2018,MG,PRTB,2825,NILSA ANTÔNIA DA SILVA,False,False,False,False,False,False,False,False,False,False,False,False,0,20.0
2018,MG,PRTB,2828,LUIZ HENRIQUE RABELO PIRES,False,False,False,False,False,False,False,False,False,False,False,False,0,221996.81
2018,MG,PRTB,2830,JOAQUIM XAVIER DE SOUZA,False,False,False,False,False,False,False,False,False,False,False,False,0,
2018,MG,PRTB,2831,MARCOS JUNIOR DE OLIVEIRA SILVA,False,False,False,False,False,False,False,False,False,False,False,False,0,
2018,MG,PRTB,2832,MARIA DA CONCEIÇÃO SALES,False,False,False,False,False,False,False,False,False,False,False,False,0,120.0
2018,MG,PRTB,2833,RONALDO MARTINS ROCHA,False,False,False,False,False,False,False,False,False,False,False,False,0,
2018,MG,PRTB,2835,ELVIRA PIRES RAMOS,False,False,False,False,False,False,False,False,False,False,False,False,0,120.0
2018,MG,PRTB,2836,JOSE AFONSO GOMES FERREIRA,False,False,False,False,False,False,False,False,False,False,False,False,0,20.0
2018,MG,PRTB,2838,DALVA PEREIRA DE OLIVEIRA,False,False,False,False,False,False,False,False,False,False,False,False,0,120.0
2018,MG,PRTB,2839,CARLA CRISTIANE DE CASTRO,False,False,False,False,False,False,False,False,False,False,False,False,0,505.40000000000003
2018,MG,PRTB,2840,ALESSANDRO OTAVIO DE SOUZA RIBEIRO NEVES,False,False,False,False,False,False,False,False,False,False,False,False,0,20.0
2018,MG,PRTB,2844,ROQUE SALDANHA ROSA,False,False,False,False,False,False,False,False,False,False,False,False,0,
2018,MG,PRTB,2851,MARY ELLEN DA SILVA CUNHA,False,False,False,False,False,False,False,False,False,False,False,False,0,
2018,MG,PRTB,2856,HEZIO HENRIQUE DA SILVA,True,False,False,True,False,False,True,False,False,False,True,False,0,
2018,MG,PRTB,2860,JUAREZ DE SOUSA DA ROCHA,False,False,False,False,False,False,False,False,False,False,False,False,0,
2018,MG,PRTB,2861,MARIA DAS GRAÇAS OLIVEIRA,False,False,False,False,False,False,False,False,False,False,False,False,0,120.0
2018,MG,PRTB,2863,ANGELA MARIA DE PAIVA SILVA,False,False,False,False,False,False,False,False,False,False,False,False,0,100.0
2018,MG,PRTB,2865,IVANICE CALDEIRA DO AMARAL,False,False,False,False,False,False,False,False,False,False,False,False,0,100.0
2018,MG,PRTB,2866,MARILEI SANTOS PEREIRA,False,False,False,False,False,False,False,False,False,False,False,False,0,120.0
2018,MG,PRTB,2867,ZILDA APARECIDA DE OLIVEIRA DIAS,False,False,False,False,False,False,False,False,False,False,False,False,0,
2018,MG,PRTB,2868,FERNANDO LUIZ FRANCO,False,False,False,False,False,False,False,False,False,False,False,False,0,
2018,MG,PRTB,2870,OSAIR JOSE FERNANDES SANTIAGO,False,False,False,False,False,False,False,False,False,False,False,False,0,
2018,MG,PRTB,2871,JAZIEL SOUSA CARDOSO,False,False,False,False,False,False,False,False,False,False,False,False,0,
2018,MG,PRTB,2875,MARCELO ALVES DE OLIVEIRA,False,False,False,False,False,False,False,False,False,False,False,False,0,20.0
2018,MG,PRTB,2877,ANA PAULA BORONI REIS,False,False,False,False,False,False,False,False,False,False,False,False,0,100.0
2018,MG,PRTB,2878,RAIANE SANTOS FRANCO DO PRADO,False,False,False,False,False,False,False,False,False,False,False,False,0,
2018,MG,PRTB,2880,NEILSON GONÇALVES DE OLIVEIRA,False,False,False,False,False,False,False,False,False,False,False,False,0,
2018,MG,PRTB,2882,EDERSON BATISTA BALBINO,False,False,False,False,False,False,False,False,False,False,False,False,0,
2018,MG,PRTB,2883,SILVERIO JOSE DA SILVA,False,False,False,False,False,False,False,False,False,False,False,False,0,20.0
2018,MG,PRTB,2885,MARCELA DE JESUS COSTA,False,False,False,False,False,False,False,False,False,False,False,False,0,
2018,MG,PRTB,2889,JOSE CARLOS PEREIRA DA SILVA,False,False,False,False,False,False,False,False,False,False,False,False,0,
2018,MG,PRTB,2890,EMANUEL DA PAIXAO KAPPEL,False,False,False,False,False,False,False,False,False,False,False,False,0,
2018,MG,PRTB,2891,MARCIA FERREIRA RAMOS,False,False,False,False,False,False,False,False,False,False,False,False,0,120.0
2018,MG,PRTB,2898,MAYCON ARIEL DA SILVA,False,False,False,False,False,False,False,False,False,False,False,False,0,
2018,MG,PSB,4000,RITA DE CASSIA SOUZA CARVALHO,False,False,False,False,False,False,False,False,False,False,False,False,0,
2018,MG,PSB,4010,LUCIA RODRIGUES DE ALMEIDA MARCELINO DOS SANTOS,False,False,False,False,False,False,False,False,False,False,False,False,0,200000.0
2018,MG,PSB,4011,MARILUCIA ANTONIA DO CARMO,False,False,False,False,False,False,False,False,False,False,False,False,0,
2018,MG,PSB,4013,ELZA GERALDA DA PAIXÃO,False,False,False,False,False,False,False,False,False,False,False,False,0,
2018,MG,PSB,4015,WELANY FERREIRA LEITE,False,False,False,False,False,False,False,False,False,False,False,False,0,
2018,MG,PSB,4020,ESTER PEREIRA SANCHES,False,False,False,False,False,False,False,False,False,False,False,False,0,
2018,MG,PSB,4021,ELISANGELA DUARTE ROCHA,False,False,False,False,False,False,False,False,False,False,False,False,0,
2018,MG,PSB,4022,ANTONIO GERALDO CAMPOS DE JESUS,False,False,False,False,False,False,False,False,False,False,False,False,0,1250.0
2018,MG,PSB,4023,GILMAR DE ASSIS,False,False,False,False,False,False,False,False,False,False,False,False,0,400000.0
2018,MG,PSB,4025,JOÃO BATISTA DOS SANTOS,False,False,False,False,False,False,False,False,False,False,False,False,0,
2018,MG,PSB,4026,ROGERIO LUIS FERNANDES,False,False,False,False,False,False,False,False,False,False,False,False,0,1250.0
2018,MG,PSB,4030,REGIANE APARECIDA DE OLIVEIRA,False,False,False,False,False,False,False,False,False,False,False,False,0,
2018,MG,PSB,4033,ELOISA RODRIGUES DA CUNHA,False,False,False,False,False,False,False,False,False,False,False,False,0,75000.0
2018,MG,PSB,4040,ALEXANDRE DE SOUZA ANDRADE,False,False,True,False,False,False,False,False,False,True,False,False,0,500000.0
2018,MG,PSB,4044,JEFERSON TADEU COSTA SOUZA VASQUEZ,False,False,False,False,False,False,False,False,False,False,False,False,0,200000.0
2018,MG,PSB,4045,ADENOR  LUIZ SIMÕES COELHO,False,False,True,False,False,False,False,False,False,True,False,False,0,350000.0
2018,MG,PSB,4050,JULIO CESAR DELGADO,True,True,True,True,True,True,False,False,False,False,True,True,1,1400600.0
2018,MG,PSB,4054,JOÃO DOMINGOS SOUZA DA SILVA,False,False,False,False,False,False,False,False,False,False,False,False,0,
2018,MG,PSB,4055,EMIDIO ALVES MADEIRA JUNIOR,True,True,True,True,True,True,False,False,False,False,True,True,1,800000.0
2018,MG,PSB,4057,VILSON LUIZ DA SILVA,False,False,False,False,False,False,False,False,False,False,False,False,1,500000.0
2018,MG,PSB,4069,LUCIENE BEATRIZ FACHINELLI BARBOSA,False,False,False,False,False,False,False,False,False,False,False,False,0,
2018,MG,PSB,4070,ELIANE PERPETUA BARROSO,False,False,False,False,False,False,False,False,False,False,False,False,0,75000.0
2018,MG,PSB,4077,CILENE RIBEIRO RAULINO,False,False,False,False,False,False,False,False,False,False,False,False,0,
2018,MG,PSB,4080,RICARDO FERNANDO PEDROSA,False,False,True,False,False,False,False,False,False,True,False,False,0,400000.0
2018,MG,PSB,4090,GILVAM ALMEIDA SÁ,False,False,False,False,False,False,False,False,False,False,False,False,0,1250.0
2018,MG,PSB,4099,ANGELICA CONCEIÇÃO PELUZO DA SILVA,False,False,False,False,False,False,False,False,False,False,False,False,0,
2018,MG,PSC,2000,NELQUIADES FERNANDES,False,False,False,False,False,False,False,False,False,False,False,False,0,251800.0
2018,MG,PSC,2001,MOACIR PEREIRA COIMBRA,False,False,False,False,False,False,False,False,False,False,False,False,0,
2018,MG,PSC,2009,MAX NEVES GONÇALVES,False,False,False,False,False,False,False,False,False,False,False,False,0,
2018,MG,PSC,2012,JOSE DO CARMO DE LIMA BARBOSA,False,False,False,False,False,False,False,False,False,False,False,False,0,
2018,MG,PSC,2013,MARCELO VIEGAS,False,False,False,False,False,False,False,False,False,False,False,False,0,
2018,MG,PSC,2014,BARBARA SILVA DE OLIVEIRA PINTO,False,False,False,False,False,False,False,False,False,False,False,False,0,5450.0
2018,MG,PSC,2015,EUCLYDES MARCOS PETTERSEN NETO,False,False,False,False,False,False,False,False,False,False,False,False,1,1190811.2
2018,MG,PSC,2018,ANTONIO SERGIO DA SILVA MENDES JUNIOR,False,False,False,False,False,False,False,False,False,False,False,False,0,600000.0
2018,MG,PSC,2019,RENATO WILLIAN DA SILVA,False,False,False,False,False,False,False,False,False,False,False,False,0,
2018,MG,PSC,2020,GEORGE HILTON DOS SANTOS CECÍLIO,True,True,True,True,True,True,False,False,False,False,True,True,0,925000.0
2018,MG,PSC,2021,JOSÉ XAVIER BRANDÃO TEIXEIRA,False,False,False,False,False,False,False,False,False,False,False,False,0,
2018,MG,PSC,2022,ADRIANA FRANCISCA SILVA DE ALMEIDA,False,False,False,False,False,False,False,False,False,False,False,False,0,3125.0
2018,MG,PSC,2024,VITAL HONORATO DA SILVA,False,False,False,False,False,False,False,False,False,False,False,False,0,
2018,MG,PSC,2028,ELIZETE LOIDE GONÇALVES TAVARES,False,False,False,False,False,False,False,False,False,False,False,False,0,
2018,MG,PSC,2030,GERALDA APARECIDA RODRIGUES DE ARAUJO,False,False,False,False,False,False,False,False,False,False,False,False,0,5000.0
2018,MG,PSC,2031,ELIANI BERNARDES ROSA DE MIRANDA,False,False,False,False,False,False,False,False,False,False,False,False,0,50000.0
2018,MG,PSC,2033,RICARDO FERNANDES MOREIRA,False,False,False,False,False,False,False,False,False,False,False,False,0,
2018,MG,PSC,2034,ADRIANA ASSIS FERREIRA DA SILVA,False,False,False,False,False,False,False,False,False,False,False,False,0,5850.0
2018,MG,PSC,2040,CLERIA LUCIA DE SOUZA SALOME,False,False,False,False,False,False,False,False,False,False,False,False,0,
2018,MG,PSC,2044,EDINA TEIXEIRA BARBOSA,False,False,False,False,False,False,False,False,False,False,False,False,0,
2018,MG,PSC,2045,AURELIO APARECIDO SANTOS VIDAL,False,False,False,False,False,False,False,False,False,False,False,False,0,
2018,MG,PSC,2050,ADRIANA ALVES RIBEIRO,False,False,False,False,False,False,False,False,False,False,False,False,0,50000.0
2018,MG,PSC,2051,ANDRÉ LUIS DE JESUS,False,False,False,False,False,False,False,False,False,False,False,False,0,
2018,MG,PSC,2060,ANDREA RIBEIRO DE ABRANTES MOREIRA,False,False,False,False,False,False,False,False,False,False,False,False,0,51525.0
2018,MG,PSC,2069,GERALDO MARQUES DOS SANTOS,False,False,False,False,False,False,False,False,False,False,False,False,0,
2018,MG,PSC,2070,VITHOR RODRIGUES DE ARAUJO,False,False,False,False,False,False,False,False,False,False,False,False,0,
2018,MG,PSC,2074,RENATO HERBERT OLIVEIRA,False,False,False,False,False,False,False,False,False,False,False,False,0,
2018,MG,PSC,2075,FRANCISCO ANTÔNIO LIBORIO COSTA,False,False,False,False,False,False,False,False,False,False,False,False,0,
2018,MG,PSC,2077,WANDERLEY FERREIRA DE SOUSA,False,False,False,False,False,False,False,False,False,False,False,False,0,
2018,MG,PSC,2080,DELMIRO GENESIO DOS SANTOS,False,False,False,False,False,False,False,False,False,False,False,False,0,250000.0
2018,MG,PSC,2089,GLAYSON JOHNNY GONÇALVES COELHO,False,False,False,False,False,False,False,False,False,False,False,False,0,
2018,MG,PSC,2091,CLARA LUCIA DE ANDRADE,False,False,False,False,False,False,False,False,False,False,False,False,0,
2018,MG,PSC,2095,CELIA REGINA DE SOUSA PEREIRA,False,False,False,False,False,False,False,False,False,False,False,False,0,
2018,MG,PSC,2097,MIRIAM LIMA PAIVA DE SOUSA,False,False,False,False,False,False,False,False,False,False,False,False,0,10000.0
2018,MG,PSD,5500,EDUARDO SULZ,False,False,False,False,False,False,False,False,False,False,False,False,0,31603.75
2018,MG,PSD,5505,MISAEL ARTUR FERREIRA VARELLA,True,True,True,True,True,True,False,False,False,False,True,True,1,1059828.97
2018,MG,PSD,5510,TANIA RAQUEL DE QUEIROZ MUNIZ,True,True,True,True,True,True,False,False,False,False,True,True,0,1345938.4
2018,MG,PSD,5512,SILVANA MAIA DA SILVA,False,False,False,False,False,False,False,False,False,False,False,False,0,28603.75
2018,MG,PSD,5514,ELOIZA DE FATIMA SOUZA DALLA VECCHIA,False,False,False,False,False,False,False,False,False,False,False,False,0,63603.75
2018,MG,PSD,5521,JOSÉ HUMBERTO SOARES,True,True,True,True,True,True,False,True,False,True,True,True,0,800000.0
2018,MG,PSD,5523,ALEXANDRE FELIPE DUARTE CORRADI,False,False,False,False,False,False,False,False,False,False,False,False,0,31250.0
2018,MG,PSD,5533,JOAO BATISTA DE LIMA,False,False,False,False,False,False,False,False,False,False,False,False,0,28668.97
2018,MG,PSD,5544,STEFANO AGUIAR DOS SANTOS,True,True,True,True,False,True,False,False,False,False,True,True,1,351603.75
2018,MG,PSD,5545,FLAVIA DINIZ LEROY,False,False,False,False,False,False,False,False,False,False,False,False,0,256103.75
2018,MG,PSD,5555,DIEGO LEONARDO DE ANDRADE CARVALHO,True,True,True,True,True,True,False,False,False,False,True,True,1,1065960.97
2018,MG,PSDB,4500,AÉCIO NEVES DA CUNHA,True,True,True,True,True,False,False,False,False,True,True,False,1,2161126.03
2018,MG,PSDB,4501,TEÓFILA SALES DA SILVA,False,False,False,False,False,False,False,False,False,False,False,False,0,161028.24
2018,MG,PSDB,4511,JOÃO BATISTA FERREIRA ARAÚJO,False,False,False,False,False,False,False,False,False,False,False,False,0,54876.03
2018,MG,PSDB,4512,KALIOPI SOFIA MAVROUDIS,False,False,False,False,False,False,False,False,False,False,False,False,0,17000.0
2018,MG,PSDB,4519,MARIA APARECIDA VIEIRA,False,False,False,False,False,False,False,False,False,False,False,False,0,14376.029999999999
2018,MG,PSDB,4520,CAIO NARCIO RODRIGUES DA SILVEIRA,False,False,False,False,False,False,False,False,False,False,False,False,0,1337038.83
2018,MG,PSDB,4522,MARIA EUNICE DE LIMA PRADO,False,False,False,False,False,False,False,False,False,False,False,False,0,203048.24000000002
2018,MG,PSDB,4534,MIRELLE ALVES SOARES,False,False,False,False,False,False,False,False,False,False,False,False,0,19876.03
2018,MG,PSDB,4535,EDUARDO LUIZ BARROS BARBOSA,True,True,True,True,True,True,False,False,False,False,True,True,1,507426.03
2018,MG,PSDB,4544,JEFERSON BOTELHO PEREIRA,False,False,False,False,False,False,False,False,False,False,False,False,0,2126.0299999999997
2018,MG,PSDB,4545,PAULO ABI-ACKEL,True,True,True,True,True,True,False,False,False,False,True,True,1,567516.03
2018,MG,PSDB,4550,RODRIGO BATISTA DE CASTRO,True,True,True,True,True,True,False,False,False,False,True,True,1,1296126.03
2018,MG,PSDB,4555,MARCUS VINÍCIUS CAETANO PESTANA DA SILVA,True,True,True,True,True,True,False,False,False,False,True,True,0,1272476.03
2018,MG,PSDB,4560,DOMINGOS SÁVIO CAMPOS RESENDE,True,True,True,True,True,True,False,False,False,False,True,True,1,1002000.0
2018,MG,PSDB,4566,CARLOS EDUARDO VENTURELLI MOSCONI,True,True,True,True,True,True,False,False,False,False,True,True,0,851606.03
2018,MG,PSDB,4567,ELIECI FERNANDES DE SOUZA,False,False,False,False,False,False,False,False,False,False,False,False,0,13250.0
2018,MG,PSDB,4570,GEILA LÚCIA MIRANDA,False,False,False,False,False,False,False,False,False,False,False,False,0,28376.03
2018,MG,PSDB,4577,MÁRIO DE ASSIS,False,False,False,False,False,False,False,False,False,False,False,False,0,12668.83
2018,MG,PSDB,4588,CLÊNEA DE FÁTIMA RESENDE,False,False,False,False,False,False,False,False,False,False,False,False,0,189528.24000000002
2018,MG,PSDB,4599,MARIA APARECIDA MARQUES CAMPOS,False,False,False,False,False,False,False,False,False,False,False,False,0,154376.03
2018,MG,PSL,1700,GLEISER LÚCIO BORONI SOARES,True,True,True,True,False,True,False,False,False,False,True,True,0,1420.0
2018,MG,PSL,1701,ADRIANA MARIA MOREIRA BORGES,False,False,False,False,False,False,False,False,False,False,False,False,0,4000.0
2018,MG,PSL,1702,CARLOS ANTONIO DE OLIVEIRA,False,False,False,False,False,False,False,False,False,False,False,False,0,
2018,MG,PSL,1704,ALESSANDRA DA SILVA,False,False,False,False,False,False,False,False,False,False,False,False,1,
2018,MG,PSL,1705,ITAMAR DOS SANTOS,False,False,True,False,False,False,False,False,False,True,False,False,0,
2018,MG,PSL,1706,RÔMULO CALIXTO MAGALHÃES,False,False,False,False,False,False,False,False,False,False,False,False,0,915.0
2018,MG,PSL,1707,ELIEL MÁRCIO DO CARMO,False,False,False,False,False,False,False,False,False,False,False,False,1,1175.0
2018,MG,PSL,1708,GABRIEL TOLEDO GARCIA,False,False,False,False,False,False,False,False,False,False,False,False,0,225.5
2018,MG,PSL,1709,STEPHANY CRISTHINY MOREIRA SILVA,False,False,False,False,False,False,False,False,False,False,False,False,0,331.0
2018,MG,PSL,1710,MAURÍCIO MIGUEL GADBEM,False,False,False,False,False,False,False,False,False,False,False,False,0,
2018,MG,PSL,1711,MARCIO GONÇALVES PINTO,False,False,False,False,False,False,False,False,False,False,False,False,0,
2018,MG,PSL,1712,JOSÉ DAMASCO BENTO,False,False,False,False,False,False,False,False,False,False,False,False,0,
2018,MG,PSL,1715,JOSÉ MILTON DOS SANTOS,False,False,False,False,False,False,False,False,False,False,False,False,0,
2018,MG,PSL,1716,JOSÉ DEOLINDO MASCARENHAS MENCK,False,False,False,False,False,False,False,False,False,False,False,False,0,
2018,MG,PSL,1717,MARCELO HENRIQUE TEIXEIRA DIAS,False,False,False,False,False,False,False,False,False,False,False,False,1,156459.75
2018,MG,PSL,1718,PEDRO ALENCAR AZEVEDO,False,False,False,False,False,False,False,False,False,False,False,False,0,
2018,MG,PSL,1719,ANDREICO PATRICIO DE SOUZA,False,False,False,False,False,False,False,False,False,False,False,False,0,
2018,MG,PSL,1720,GERALDO JUNIO DO AMARAL,False,False,False,False,False,False,False,False,False,False,False,False,1,5240.0
2018,MG,PSL,1721,DOMINGOS SALVIO TEIXEIRA,False,False,False,False,False,False,False,False,False,False,False,False,0,
2018,MG,PSL,1722,RUBENS BASTOS,False,False,False,False,False,False,False,False,False,False,False,False,0,549.0
2018,MG,PSL,1723,ELIAS ANDRADE DE OLIVEIRA,False,False,False,False,False,False,False,False,False,False,False,False,0,
2018,MG,PSL,1724,ZAQUEU RODRIGUES EVANGELISTA,False,False,False,False,False,False,False,False,False,False,False,False,0,
2018,MG,PSL,1725,ANTONIO MARCOS LIMA MACIEL,False,False,False,False,False,False,False,False,False,False,False,False,0,349.0
2018,MG,PSL,1726,GEISSON ALVES DE OLIVEIRA,False,False,False,False,False,False,False,False,False,False,False,False,0,549.0
2018,MG,PSL,1727,ROMEU BORGES DE ARAUJO JUNIOR,False,False,False,False,False,False,False,False,False,False,False,False,0,
2018,MG,PSL,1728,OZENIL GONSALVES,False,False,False,False,False,False,False,False,False,False,False,False,0,163.0
2018,MG,PSL,1729,EDUARDO TAVARES MACIEL,False,False,False,False,False,False,False,False,False,False,False,False,0,435.0
2018,MG,PSL,1730,SYLLAS VALADAO FERREIRA,False,False,False,False,False,False,False,False,False,False,False,False,0,
2018,MG,PSL,1731,REGIANY MARIA VIEIRA NETTO,False,False,False,False,False,False,False,False,False,False,False,False,0,1263.0
2018,MG,PSL,1732,PAULO TRISTAO PINTO,False,False,False,False,False,False,False,False,False,False,False,False,0,
2018,MG,PSL,1733,EDIVALDO MACHADO,False,False,False,False,False,False,False,False,False,False,False,False,0,1255.0
2018,MG,PSL,1734,KELLY ANDRESSA FERREIRA SALVADOR,False,False,False,False,False,False,False,False,False,False,False,False,0,
2018,MG,PSL,1735,JULIANA MICHELE PAIXAO DE ANDRADE,False,False,False,False,False,False,False,False,False,False,False,False,0,4875.0
2018,MG,PSL,1736,DANIELLE SANTOS LOPES,False,False,False,False,False,False,False,False,False,False,False,False,0,263.0
2018,MG,PSL,1737,WILLIAN FERREIRA DA COSTA,False,False,False,False,False,False,False,False,False,False,False,False,0,1745.0
2018,MG,PSL,1738,ROGERIO DE MELO FRANCO ASSIS ARAUJO,False,False,False,False,False,False,False,False,False,False,False,False,0,
2018,MG,PSL,1739,NAFTALI TAMAR DE OLIVEIRA NERES,False,False,False,False,False,False,False,False,False,False,False,False,0,70312.22
2018,MG,PSL,1741,JAQUELINE DE CARVALHO FERREIRA,False,False,False,False,False,False,False,False,False,False,False,False,0,770.0
2018,MG,PSL,1742,PRISCILA CERDEIRA NOVAIS GONÇALVES,False,False,False,False,False,False,False,False,False,False,False,False,0,263.0
2018,MG,PSL,1743,GISLEY DA SILVA,False,False,False,False,False,False,False,False,False,False,False,False,0,651.01
2018,MG,PSL,1744,SEBASTIAO JOAQUIM VIEIRA,True,True,True,True,False,True,False,False,False,False,True,True,0,
2018,MG,PSL,1745,CHARLLES THOMACELLI EVANGELISTA,False,False,False,False,False,False,False,False,False,False,False,False,1,2745.0
2018,MG,PSL,1746,TÂMARA FEITOZA DE ALVARENGA,False,False,False,False,False,False,False,False,False,False,False,False,0,263.0
2018,MG,PSL,1747,MARCUS SALVIO PIERONI,False,False,False,False,False,False,False,False,False,False,False,False,0,263.0
2018,MG,PSL,1748,SIMONE CRISTINA CLARO FERNANDES,False,False,False,False,False,False,False,False,False,False,False,False,0,195.0
2018,MG,PSL,1749,SANIVIA PIRES AVELAR,False,False,False,False,False,False,False,False,False,False,False,False,0,1000.0
2018,MG,PSL,1750,CARLOS LINDOMAR DE SOUSA,False,False,False,False,False,False,False,False,False,False,False,False,0,
2018,MG,PSL,1751,AUREO RODRIGUES MOREIRA JUNIOR,False,False,False,False,False,False,False,False,False,False,False,False,0,1402.5
2018,MG,PSL,1753,MARIA DE LOURDES RODRIGUES DE OLIVEIRA,False,False,False,False,False,False,False,False,False,False,False,False,0,263.0
2018,MG,PSL,1754,NAIANA COLLEM SILVA ,False,False,False,False,False,False,False,False,False,False,False,False,0,263.0
2018,MG,PSL,1756,ALISON MARQUES VIEIRA,False,False,False,False,False,False,False,False,False,False,False,False,0,
2018,MG,PSL,1757,WALKIRIA LUIZ FERNANDES APPS,False,False,False,False,False,False,False,False,False,False,False,False,0,
2018,MG,PSL,1758,ANTÔNIO RODRIGUES VAZ,False,False,False,False,False,False,False,False,False,False,False,False,0,
2018,MG,PSL,1759,ANA ELISABETE FERREIRA BARBOSA,False,False,False,False,False,False,False,False,False,False,False,False,0,1263.0
2018,MG,PSL,1760,MARCO ANTONIO FELICIO DA SILVA,False,False,False,False,False,False,False,False,False,False,False,False,0,
2018,MG,PSL,1761,MILTON ALVES DE ASSUNCAO,False,False,False,False,False,False,False,False,False,False,False,False,0,651.0
2018,MG,PSL,1763,SILVIA MARA DE OLIVEIRA CAETANO,False,False,False,False,False,False,False,False,False,False,False,False,0,2315.0
2018,MG,PSL,1764,EMANOEL DA SILVA SADY,False,False,False,False,False,False,False,False,False,False,False,False,0,
2018,MG,PSL,1765,PEDRO BANDEIRA NETO,False,False,False,False,False,False,False,False,False,False,False,False,0,
2018,MG,PSL,1766,KEMPES FERREIRA LIMA,False,False,False,False,False,False,False,False,False,False,False,False,0,
2018,MG,PSL,1767,ERASMO RODRIGUES DINIZ,False,False,False,False,False,False,False,False,False,False,False,False,0,125.0
2018,MG,PSL,1768,THARCILA CRISTINA DA SILVA,False,False,False,False,False,False,False,False,False,False,False,False,0,420.5
2018,MG,PSL,1770,KELMA MELO GONÇALVES COSTA,False,False,False,False,False,False,False,False,False,False,False,False,0,11102.5
2018,MG,PSL,1776,CAMILA FERNANDES ROSA,False,False,False,False,False,False,False,False,False,False,False,False,0,72263.0
2018,MG,PSL,1777,MARCELO EDUARDO FREITAS,False,False,False,False,False,False,False,False,False,False,False,False,1,1401.0
2018,MG,PSL,1778,ÉSIO DE JESUS VIANA,False,False,False,False,False,False,False,False,False,False,False,False,0,469.0
2018,MG,PSL,1780,ENEIAS JOSÉ DOS REIS,False,False,False,False,False,False,False,False,False,False,False,False,0,24660.0
2018,MG,PSL,1785,ELISANGELA BARBANTI DE ANDRADE,False,False,False,False,False,False,False,False,False,False,False,False,0,401.5
2018,MG,PSL,1787,MARIO LUCIO ALVES DE ARAUJO,False,False,False,False,False,False,False,False,False,False,False,False,0,
2018,MG,PSL,1788,RUBENS FERREIRA DA COSTA,False,False,False,False,False,False,False,False,False,False,False,False,0,
2018,MG,PSL,1789,PAULO GUSTAVO DIAS LOPES,True,True,True,True,False,True,False,False,False,False,True,True,0,
2018,MG,PSL,1790,DAVIDSON SALUSTIANO DA SILVA,False,False,False,False,False,False,False,False,False,False,False,False,0,
2018,MG,PSL,1791,ERLEI GONÇALVES AMARAL,False,False,False,False,False,False,False,False,False,False,False,False,0,1685.0
2018,MG,PSL,1793,FLAVIO AUGUSTO GUIMARAES DOS SANTOS,False,False,False,False,False,False,False,False,False,False,False,False,0,
2018,MG,PSL,1798,POLIANA CHILES DA COSTA,False,False,False,False,False,False,False,False,False,False,False,False,0,272.5
2018,MG,PSL,1799,SEBASTIÃO CESAR GRAZZIA DA SILVA,False,False,False,False,False,False,False,False,False,False,False,False,0,263.0
2018,MG,PSOL,5001,LEANDRA DU ART,False,False,False,False,False,False,False,False,False,False,False,False,0,6796.75
2018,MG,PSOL,5002,JOSÉ EUSTAQUIO DOS REIS ,False,False,False,False,False,False,False,False,False,False,False,False,0,9089.49
2018,MG,PSOL,5003,JOSÉ ARTUR GUIMARÃES,False,False,False,False,False,False,False,False,False,False,False,False,0,3499.2799999999997
2018,MG,PSOL,5004,JOSELENE BARBOSA DOS SANTOS ,False,False,False,False,False,False,False,False,False,False,False,False,0,3063.87
2018,MG,PSOL,5005,JORGETANIA DA SILVA FERREIRA,False,False,False,False,False,False,False,False,False,False,False,False,0,5488.84
2018,MG,PSOL,5010,DANIEL AUGUSTO MARÇAL DOS SANTOS,False,False,False,False,False,False,False,False,False,False,False,False,0,4766.76
2018,MG,PSOL,5011,HALLEY MENDES CUNHA,False,False,False,False,False,False,False,False,False,False,False,False,0,4278.56
2018,MG,PSOL,5012,JORGE LUIS CANHESTRO SANTOS,False,False,False,False,False,False,False,False,False,False,False,False,0,2118.56
2018,MG,PSOL,5013,SANDRA MARIA DA SILVA,False,False,False,False,False,False,False,False,False,False,False,False,0,7130.08
2018,MG,PSOL,5015,GUSTAVO LUIZ FERREIRA DETOMI,False,False,False,False,False,False,False,False,False,False,False,False,0,1216.0
2018,MG,PSOL,5017,VALDIR TIAGO DIAS,False,False,False,False,False,False,False,False,False,False,False,False,0,2778.56
2018,MG,PSOL,5018,ÁUREA CAROLINA DE FREITAS E SILVA,False,False,False,False,False,False,False,False,False,False,False,False,1,13653.08
2018,MG,PSOL,5020,ALVARO DE ARAUJO LOBO,False,False,False,False,False,False,False,False,False,False,False,False,0,2931.56
2018,MG,PSOL,5021,MAURA GERBI VEIGA ,False,False,False,False,False,False,False,False,False,False,False,False,0,
2018,MG,PSOL,5022,ADRIANA CRISTINA ARAUJO,False,False,False,False,False,False,False,False,False,False,False,False,0,4735.06
2018,MG,PSOL,5030,CLESIO ANDRE TOMAZ,False,False,False,False,False,False,False,False,False,False,False,False,0,1715.5600000000002
2018,MG,PSOL,5031,LUIZ CARLOS SILVA DA CUNHA,False,False,False,False,False,False,False,False,False,False,False,False,0,12421.67
2018,MG,PSOL,5033,WILSON RIBEIRO DE SOUSA,False,False,False,False,False,False,False,False,False,False,False,False,0,3388.31
2018,MG,PSOL,5038,ITALO OLIVEIRA MENDES ,False,False,False,False,False,False,False,False,False,False,False,False,0,1715.5600000000002
2018,MG,PSOL,5040,SANTA SOARES DOS REIS SILVA,False,False,False,False,False,False,False,False,False,False,False,False,0,3405.12
2018,MG,PSOL,5043,SERGIO APARECIDO CRUZ CARVALHO,False,False,False,False,False,False,False,False,False,False,False,False,0,227.27
2018,MG,PSOL,5044,JORGE TARCISIO TORQUATO,False,False,False,False,False,False,False,False,False,False,False,False,0,3351.87
2018,MG,PSOL,5050,MARIA DA CONSOLAÇÃO ROCHA ,False,False,False,False,False,False,False,False,False,False,False,False,0,38270.32000000001
2018,MG,PSOL,5055,LORENE FIGUEIREDO DE OLIVEIRA ,False,False,False,False,False,False,False,False,False,False,False,False,0,7398.71
2018,MG,PSOL,5060,JOÃO BATISTA DE QUEIROZ,False,False,False,False,False,False,False,False,False,False,False,False,0,2094.87
2018,MG,PSOL,5067,GERALDO FELIPE DA SILVA ,False,False,False,False,False,False,False,False,False,False,False,False,0,1271.67
2018,MG,PSOL,5068,ANDERSON CUNHA SANTOS,False,False,False,False,False,False,False,False,False,False,False,False,0,12541.67
2018,MG,PSOL,5075,JOSÉ ANTÔNIO EPIFÂNIO,False,False,False,False,False,False,False,False,False,False,False,False,0,1450.75
2018,MG,PSOL,5077,JUSSARA CAMPOS MACHADO,False,False,False,False,False,False,False,False,False,False,False,False,0,4461.0
2018,MG,PSOL,5078,CLAUDINEY FRANCISCO DA SILVA,False,False,False,False,False,False,False,False,False,False,False,False,0,5134.87
2018,MG,PSOL,5088,FLAVIA VALLE VERNASCHI,False,False,False,False,False,False,False,False,False,False,False,False,0,571.02
2018,MG,PSOL,5090,ELTON CRUVINEL BORGES,False,False,False,False,False,False,False,False,False,False,False,False,0,6209.52
2018,MG,PSOL,5099,BRUNO HENRIQUE NOGUEIRA CARDOSO,False,False,False,False,False,False,False,False,False,False,False,False,0,7445.18
2018,MG,PSTU,1600,GILBERTO ANTONIO GOMES,False,False,False,False,False,False,False,False,False,False,False,False,0,
2018,MG,PSTU,1610,ANDREA CARLA FERREIRA,False,False,False,False,False,False,False,False,False,False,False,False,0,
2018,MG,PSTU,1616,VALÉRIO VIEIRA DOS SANTOS,False,False,False,False,False,False,False,False,False,False,False,False,0,
2018,MG,PSTU,1620,ANA LETÍCIA MEDEIROS GODOI SILVA,False,False,False,False,False,False,False,False,False,False,False,False,0,
2018,MG,PSTU,1633,HUENDER FRANCO DIAS,False,False,False,False,False,False,False,False,False,False,False,False,0,
2018,MG,PT,1300,JESUS MARIO DE ALMEIDA LIMA,True,True,True,True,False,True,False,False,False,False,True,True,0,88500.0
2018,MG,PT,1301,ROBERTO VIEIRA DE CARVALHO,True,True,True,True,True,True,False,False,False,True,True,True,0,88500.0
2018,MG,PT,1307,ODAIR JOSÉ DA CUNHA,True,True,True,True,True,True,False,False,False,False,True,True,1,930000.0
2018,MG,PT,1310,GILMAR ALVES MACHADO,True,True,True,True,True,True,False,True,False,True,True,True,0,472200.0
2018,MG,PT,1311,RAFAELA ANDRADE SILVA,False,False,False,False,False,False,False,False,False,False,False,False,0,88500.0
2018,MG,PT,1312,REGINALDO LAZARO DE OLIVEIRA LOPES,True,True,True,True,True,True,False,False,False,False,True,True,1,930000.0
2018,MG,PT,1313,ROGERIO CORREIA DE MOURA BAPTISTA,True,True,True,True,True,True,False,False,False,False,True,True,1,471000.0
2018,MG,PT,1314,MARIA MARGARIDA MARTINS SALOMÃO,True,True,True,True,True,True,False,False,False,False,True,True,1,1000000.0
2018,MG,PT,1315,JOÃO CARLOS SIQUEIRA,True,True,True,True,True,True,False,False,False,False,True,True,1,934300.0
2018,MG,PT,1317,CRISTINA DEL PAPA,False,False,False,False,False,False,False,False,False,False,False,False,0,88500.0
2018,MG,PT,1322,MARIA CECILIA FIGUEIREDO OPIPARI,False,False,False,False,False,False,False,False,False,False,False,False,0,537731.25
2018,MG,PT,1323,SABRINA PALMELA BRAUN,False,False,False,False,False,False,False,False,False,False,False,False,0,11000.0
2018,MG,PT,1324,REGINALDO EUCLIDES DOS SANTOS,False,False,False,False,False,False,False,False,False,False,False,False,0,15000.0
2018,MG,PT,1325,LUIS DO NASCIMENTO,False,False,False,False,False,False,False,False,False,False,False,False,0,15000.0
2018,MG,PT,1330,MIRIAN CRISTINA CORREA ALVES,False,False,False,False,False,False,False,False,False,False,False,False,0,472000.0
2018,MG,PT,1331,NILMARIO DE MIRANDA,True,True,True,True,True,True,False,False,False,True,True,True,0,471000.0
2018,MG,PT,1333,PATRUS ANANIAS DE SOUZA,True,True,True,True,True,True,False,False,False,False,True,True,1,900000.0
2018,MG,PT,1334,FRANCISCO DE SOUZA VIEIRA,False,False,False,False,False,False,False,False,False,False,False,False,0,15000.0
2018,MG,PT,1344,JOSÉ CÉSAR DE PAULA,False,False,False,False,False,False,False,False,False,False,False,False,0,15000.0
2018,MG,PT,1345,MANOEL VESPUCIO DA COSTA VASCONCELOS,False,False,False,False,False,False,False,False,False,False,False,False,0,15000.0
2018,MG,PT,1350,ADELMO CARNEIRO LEÃO,True,True,True,True,True,True,False,False,False,False,True,True,0,729581.96
2018,MG,PT,1355,ENIR FONSECA,False,False,False,False,False,False,False,False,False,False,False,False,0,15000.0
2018,MG,PT,1356,BERENICE SOUZA DA SILVA,False,False,False,False,False,False,False,False,False,False,False,False,0,88500.0
2018,MG,PT,1363,JOSÉ LEONARDO COSTA MONTEIRO,True,True,True,True,True,True,False,False,False,False,True,True,1,787048.31
2018,MG,PT,1377,OFÉLIA DE LOURDES HILÁRIO,False,False,False,False,False,False,False,False,False,False,False,False,0,472000.0
2018,MG,PT,1378,PAULO JOSÉ CARLOS GUEDES,True,True,True,True,True,True,False,False,False,False,True,True,1,394715.1
2018,MG,PTB,1400,ANTONIO CARLOS DE SOUZA OLIVEIRA,False,False,False,False,False,False,False,False,False,False,False,False,0,10000.0
2018,MG,PTB,1403,MARIA APARECIDA DE JESUS,False,False,False,False,False,False,False,False,False,False,False,False,0,45000.0
2018,MG,PTB,1404,PETRINA PEREIRA ROSA,False,False,False,False,False,False,False,False,False,False,False,False,0,
2018,MG,PTB,1412,ALVARO RODRIGUES COELHO,True,True,True,True,False,True,False,False,False,False,True,True,0,57897.28
2018,MG,PTB,1414,FELIPE JOSÉ FONSECA ATTIÊ,True,True,True,True,True,True,False,False,False,False,True,True,0,1009734.56
2018,MG,PTB,1415,FÁBIO ROBERTO DE LIMA SOUZA,False,False,False,False,False,False,False,False,False,False,False,False,0,
2018,MG,PTB,1417,AMARILDO DE OLIVEIRA PEREIRA ROSA,False,False,False,False,False,False,False,False,False,False,False,False,0,
2018,MG,PTB,1418,RICARDO ROSA MELONI,False,False,False,False,False,False,False,False,False,False,False,False,0,20000.0
2018,MG,PTB,1422,ANTONIO CATARINO MARTINS,False,False,False,False,False,False,False,False,False,False,False,False,0,10000.0
2018,MG,PTB,1430,JUAREZ CARDOSO DA SILVA,False,False,False,False,False,False,False,False,False,False,False,False,0,
2018,MG,PTB,1433,CLÁUDIO RIBEIRO PRATES,True,True,True,True,False,True,False,False,False,False,True,True,0,226325.68
2018,MG,PTB,1441,ANTÔNIO KADAR GARZEDIN ABO GANEM,False,False,False,False,False,False,False,False,False,False,False,False,0,176837.28
2018,MG,PTB,1444,WILLIAN CARLOS FERREIRA BARCELOS,False,False,False,False,False,False,False,False,False,False,False,False,0,31250.0
2018,MG,PTB,1450,ELAINE MATOZINHOS RIBEIRO GONÇALVES,True,True,True,True,True,True,False,False,False,False,True,True,0,1001837.28
2018,MG,PTB,1455,MARONNE QUADROS ANTUNES,False,False,False,False,False,False,False,False,False,False,False,False,0,81837.28
2018,MG,PTB,1466,PRISCILLA CAROLINA SOARES LEAL,False,False,False,False,False,False,False,False,False,False,False,False,0,20000.0
2018,MG,PTB,1476,MÁRCIO LÚCIO FERREIRA CARNEIRO,False,False,False,False,False,False,False,False,False,False,False,False,0,
2018,MG,PTB,1478,ADILSON JORGE ROSSY DOS SANTOS,False,False,False,False,False,False,False,False,False,False,False,False,0,
2018,MG,PTB,1480,LORENA DO CARMO HONORATO,False,False,False,False,False,False,False,False,False,False,False,False,0,60000.0
2018,MG,PTB,1489,CELSO FRANCISCO OLIVEIRA DA SILVA,False,False,False,False,False,False,False,False,False,False,False,False,0,
2018,MG,PTC,3600,MOACIR DA SILVA PINTO,False,False,False,False,False,False,False,False,False,False,False,False,0,103.5
2018,MG,PTC,3603,ELIZABETH SIMÕES,False,False,False,False,False,False,False,False,False,False,False,False,0,373.5
2018,MG,PTC,3605,MARIO RAIMUNDO DE SOUZA,False,False,False,False,False,False,False,False,False,False,False,False,0,1373.5
2018,MG,PTC,3606,SIMONE APARECIDA ALVES DA SILVA,False,False,False,False,False,False,False,False,False,False,False,False,0,1293.5
2018,MG,PTC,3610,EMERSON GUIMARÃES TEIXEIRA,False,False,False,False,False,False,False,False,False,False,False,False,0,4500.0
2018,MG,PTC,3612,DERLY FERREIRA,False,False,False,False,False,False,False,False,False,False,False,False,0,
2018,MG,PTC,3615,MARIA BERNADETE DOS SANTOS,False,False,False,False,False,False,False,False,False,False,False,False,0,1373.5
2018,MG,PTC,3618,RAISSA IZABEL SALUSTIANO RESENDE,False,False,False,False,False,False,False,False,False,False,False,False,0,2373.5
2018,MG,PTC,3620,VANIA HILÁRIO DE JESUS CASTRO,False,False,False,False,False,False,False,False,False,False,False,False,0,
2018,MG,PTC,3621,ROZANGELA GONÇALVES,False,False,False,False,False,False,False,False,False,False,False,False,0,2293.5
2018,MG,PTC,3622,ELCI PEDRO OZORIO,False,False,False,False,False,False,False,False,False,False,False,False,0,373.5
2018,MG,PTC,3626,SANDRA PEREIRA BITARAES,False,False,False,False,False,False,False,False,False,False,False,False,0,1873.5
2018,MG,PTC,3627,HELDER GOMES NEIVA,False,False,False,False,False,False,False,False,False,False,False,False,0,30000.0
2018,MG,PTC,3633,LUIZ ANTÔNIO DA SILVA,False,False,False,False,False,False,False,False,False,False,False,False,0,1293.5
2018,MG,PTC,3636,JULIANO LOPES LOBATO,False,False,False,False,False,False,False,False,False,False,False,False,0,455607.8
2018,MG,PTC,3650,LAERTE CESARIO MATEUS,False,False,False,False,False,False,False,False,False,False,False,False,0,373.5
2018,MG,PTC,3653,MARIA REALINA MORAES,False,False,False,False,False,False,False,False,False,False,False,False,0,293.5
2018,MG,PTC,3658,WANDERLEI FERNANDES BATISTA,False,False,False,False,False,False,False,False,False,False,False,False,0,373.5
2018,MG,PTC,3662,PEDRINHO DA MATA,False,False,False,False,False,False,False,False,False,False,False,False,0,800.0
2018,MG,PTC,3668,JOÃO MOREIRA DE SOUSA,False,False,False,False,False,False,False,False,False,False,False,False,0,373.5
2018,MG,PTC,3673,MIRIAM LOPES SILVA OLIVEIRA,False,False,False,False,False,False,False,False,False,False,False,False,0,4293.5
2018,MG,PTC,3680,FÁBIO PEREIRA DA SILVA,False,False,False,False,False,False,False,False,False,False,False,False,0,9394.0
2018,MG,PTC,3692,MOABE SIDONIO DA SILVA,False,False,False,False,False,False,False,False,False,False,False,False,0,3373.5
2018,MG,PTC,3696,JAINE SOLANGE MARTINS,False,False,False,False,False,False,False,False,False,False,False,False,0,2293.5
2018,MG,PTC,3698,JOSE CELIO DE OLIVEIRA FAQUIM,False,False,False,False,False,False,False,False,False,False,False,False,0,
2018,MG,PV,4300,PALMÉRIO CARDOSO FERREIRA,False,False,False,False,False,False,False,False,False,False,False,False,0,197786.09
2018,MG,PV,4301,ALINE SOARES NOGUEIRA,False,False,False,False,False,False,False,False,False,False,False,False,0,57850.51
2018,MG,PV,4303,GILBERTO GONÇALVES DE LIMA,False,False,False,False,False,False,False,False,False,False,False,False,0,50956.69
2018,MG,PV,4305,MARIA APARECIDA DA CONCEIÇÃO ROSSI,False,False,False,False,False,False,False,False,False,False,False,False,0,109675.48
2018,MG,PV,4307,LUIS GUSTAVO D AVILA RIANI,False,False,False,False,False,False,False,False,False,False,False,False,0,100255.04
2018,MG,PV,4310,DALTON PESSOA SOARES,False,False,False,False,False,False,False,False,False,False,False,False,0,15000.0
2018,MG,PV,4316,ISMENIA APARECIDA DE FREITAS,False,False,False,False,False,False,False,False,False,False,False,False,0,64964.68
2018,MG,PV,4321,PEDRO CLAUDIO COUTINHO LEITÃO,False,False,False,False,False,False,False,False,False,False,False,False,0,100255.04000000001
2018,MG,PV,4333,ANDERSON RACILAN SOUTO,False,False,False,False,False,False,False,False,False,False,False,False,0,143246.69
2018,MG,PV,4336,JACKSON INÁCIO DE OLIVEIRA,False,False,False,False,False,False,False,False,False,False,False,False,0,10000.0
2018,MG,PV,4343,RÔMULO DE CARVALHO  FERRAZ ,False,False,False,False,False,False,False,False,False,False,False,False,0,250255.04
2018,MG,PV,4350,ISOLDA KARLA VASCONCELOS DE ALMEIDA RINCON,False,False,False,False,False,False,False,False,False,False,False,False,0,57500.479999999996
2018,MG,PV,4366,PAULO LEONARDO BENÍCIO PRAXEDES,False,False,False,False,False,False,False,False,False,False,False,False,0,30956.69
2018,MG,PV,4373,ROSANA CLÁUDIA ZEFERINO DE SOUZA,False,False,False,False,False,False,False,False,False,False,False,False,0,57068.479999999996
2018,MG,REDE,1800,RODINEI FERREIRA DIAS,False,False,False,False,False,False,False,False,False,False,False,False,0,140172.41
2018,MG,REDE,1801,FABIO SILVA NUNES,False,False,False,False,False,False,False,False,False,False,False,False,0,
2018,MG,REDE,1804,CICERO ALVES,False,False,False,False,False,False,False,False,False,False,False,False,0,172.41000000000003
2018,MG,REDE,1810,RAPHAEL PAIVA RODRIGUES,False,False,False,False,False,False,False,False,False,False,False,False,0,172.41000000000003
2018,MG,REDE,1811,GABRIEL DE OLIVEIRA BITARAES,False,False,False,False,False,False,False,False,False,False,False,False,0,172.41000000000003
2018,MG,REDE,1812,GERALDO MAGELA MARQUES,False,False,False,False,False,False,False,False,False,False,False,False,0,172.41000000000003
2018,MG,REDE,1813,MARA CRISTINA PESSOA,False,False,False,False,False,False,False,False,False,False,False,False,0,1672.41
2018,MG,REDE,1818,LEANDRO LEME SANTANA,False,False,False,False,False,False,False,False,False,False,False,False,0,172.41000000000003
2018,MG,REDE,1819,ALLAN EMMANUEL BARBOSA OTONI GONÇALVES GUEDES,False,False,False,False,False,False,False,False,False,False,False,False,0,
2018,MG,REDE,1820,BRUNO BORGES MAGELLA,False,False,False,False,False,False,False,False,False,False,False,False,0,1500.0
2018,MG,REDE,1822,MARCIO MARQUES DA SILVA,False,False,False,False,False,False,False,False,False,False,False,False,0,172.41000000000003
2018,MG,REDE,1830,CARLOS JOSE NUNES DA SILVA,False,False,False,False,False,False,False,False,False,False,False,False,0,172.41000000000003
2018,MG,REDE,1844,LUIZ ALDO DA SILVA SANTOS,False,False,False,False,False,False,False,False,False,False,False,False,0,172.41000000000003
2018,MG,REDE,1850,JORGE GUEDES DE CARVALHO,False,False,False,False,False,False,False,False,False,False,False,False,0,172.41000000000003
2018,MG,REDE,1851,MARCO AURELIO ALVES DA SILVA,False,False,False,False,False,False,False,False,False,False,False,False,0,172.41000000000003
2018,MG,REDE,1854,EDUARDO ELIAS DE LIMA,False,False,False,False,False,False,False,False,False,False,False,False,0,172.41000000000003
2018,MG,REDE,1855,LYNALDO DE PAULA SILVA,False,False,False,False,False,False,False,False,False,False,False,False,0,
2018,MG,REDE,1865,MARCIO VICENTE TEIXEIRA LIMA,False,False,False,False,False,False,False,False,False,False,False,False,0,
2018,MG,REDE,1866,VITORIA DOS SANTOS,False,False,False,False,False,False,False,False,False,False,False,False,0,800.0
2018,MG,REDE,1877,ALAN DE CARVALHO BERNARDES,False,False,False,False,False,False,False,False,False,False,False,False,0,172.41000000000003
2018,MG,REDE,1881,LIDIANE CRISTINA BARBOSA,False,False,False,False,False,False,False,False,False,False,False,False,0,1500.0
2018,MG,REDE,1883,SERGIO ANTONIO DE OLIVEIRA,False,False,False,False,False,False,False,False,False,False,False,False,0,
2018,MG,REDE,1888,GERALDO VIEIRA SANTOS,False,False,False,False,False,False,False,False,False,False,False,False,0,172.41000000000003
2018,MG,REDE,1889,MAX VALMIR FERREIRA,False,False,False,False,False,False,False,False,False,False,False,False,0,
2018,MG,REDE,1899,EMANUEL MARTINS CORREA,False,False,False,False,False,False,False,False,False,False,False,False,0,172.41000000000003
2018,MG,SOLIDARIEDADE,7700,ILTON SARAIVA DA SILVA FILHO,False,False,False,False,False,False,False,False,False,False,False,False,0,468.75
2018,MG,SOLIDARIEDADE,7707,FRANCISCO RODRIGUES DA CUNHA NETO,False,False,False,False,False,False,False,False,False,False,False,False,0,468.75
2018,MG,SOLIDARIEDADE,7711,ECLAIR DO ESPIRITO SANTO,False,False,False,False,False,False,False,False,False,False,False,False,0,468.75
2018,MG,SOLIDARIEDADE,7720,PEDRO WILSON ROCHA,False,False,False,False,False,False,False,False,False,False,False,False,0,
2018,MG,SOLIDARIEDADE,7733,JOSE JARBAS PIMENTA,False,False,False,False,False,False,False,False,False,False,False,False,0,
2018,MG,SOLIDARIEDADE,7739,ANTÔNIO BRANDÃO FILHO,False,False,False,False,False,False,False,False,False,False,False,False,0,
2018,MG,SOLIDARIEDADE,7777,JOSÉ SILVA SOARES,True,True,True,True,True,True,False,False,False,False,True,True,1,1103699.68
2018,MG,SOLIDARIEDADE,7789,JAQUELINE ELIANE DOS SANTOS,False,False,False,False,False,False,False,False,False,False,False,False,0,
2018,MS,AVANTE,7080,LEONISE PEREIRA DE ARAUJO,False,False,False,False,False,False,False,False,False,False,False,False,0,
2018,MS,DC,2727,SAMUEL MESSIAS DA SILVA OLIVEIRA,False,False,False,False,False,False,False,False,False,False,False,False,0,17000.0
2018,MS,DEM,2500,MARCELO PEREIRA MOURAO,False,False,False,False,False,False,False,False,False,False,False,False,0,
2018,MS,DEM,2511,APARECIDO MEDEIROS DA SILVA,False,False,False,False,False,False,False,False,False,False,False,False,0,
2018,MS,DEM,2522,ALAN AQUINO GUEDES DE MENDONÇA,False,False,False,False,False,False,False,False,False,False,False,False,0,200000.0
2018,MS,DEM,2525,TEREZA CRISTINA CORREA DA COSTA DIAS,True,True,True,True,True,True,False,False,False,True,True,True,1,1350000.0
2018,MS,DEM,2526,ELSON CESAR GARCIA,False,False,False,False,False,False,False,False,False,False,False,False,0,
2018,MS,MDB,1500,WILSON SAMI SAAUMA IBRAHIM,False,False,False,False,False,False,False,False,False,False,False,False,0,10000.0
2018,MS,MDB,1510,ZELIA RAMONA NOLASCO DOS SANTOS FREIRE,False,False,False,False,False,False,False,False,False,False,False,False,0,88000.0
2018,MS,MDB,1511,VALDINIR NOBRE DE OLIVEIRA,False,False,False,False,False,False,False,False,False,False,False,False,0,25000.0
2018,MS,MDB,1515,CARLA CHARBEL STEPHANINI,False,False,False,False,False,False,False,False,False,False,False,False,0,1070000.0
2018,MS,MDB,1516,GEORGE TAKIMOTO,True,True,True,True,True,True,False,False,False,False,True,True,0,15000.0
2018,MS,MDB,1550,ANDREIA NUNES ZANELATO OLARTE,False,False,False,False,False,False,False,False,False,False,False,False,0,88000.0
2018,MS,MDB,1555,SANDRA CARDOSO MARTINS CASSONE,False,True,True,False,True,False,False,True,False,True,False,False,0,112000.0
2018,MS,MDB,1566,BRUNO ALBERTO GONZALES REICHARDT,False,False,False,False,False,False,False,False,False,False,False,False,0,10000.0
2018,MS,MDB,1567,MICHELA MARGARIDA DA SILVA DUTRA,False,False,False,False,False,False,False,False,False,False,False,False,0,272000.0
2018,MS,MDB,1577,NEWTON LUIZ DE OLIVEIRA,False,False,False,False,False,False,False,False,False,False,False,False,0,111960.0
2018,MS,MDB,1588,IDEVALDO CLAUDINO DA SILVA,False,False,False,False,False,False,False,False,False,False,False,False,0,10000.0
2018,MS,NOVO,3000,RUBIO SÉRGIO ALMEIDA DE MORAIS,False,False,False,False,False,False,False,False,False,False,False,False,0,1415.1599999999999
2018,MS,NOVO,3023,EDUARDO FERRUFINO GUZMAN,False,False,False,False,False,False,False,False,False,False,False,False,0,2599.16
2018,MS,NOVO,3030,PRISCILA DE SOUZA AFONSO BAGGIO,False,False,False,False,False,False,False,False,False,False,False,False,0,2099.16
2018,MS,NOVO,3033,LUIS AUGUSTO LIMA SCARPANTI,False,False,False,False,False,False,False,False,False,False,False,False,0,1099.1599999999999
2018,MS,NOVO,3050,MIRIAM NORONHA MOTA GIMENEZ,False,False,False,False,False,False,False,False,False,False,False,False,0,1099.1599999999999
2018,MS,PATRI,5100,RONALDO FRANCO MENDES,False,False,False,False,False,False,False,False,False,False,False,False,0,
2018,MS,PATRI,5151,SANDRO TRINDADE BENITES,False,False,False,False,False,False,False,False,False,False,False,False,0,
2018,MS,PC do B,6510,ERISVALDO BATISTA AJALA,False,False,False,False,False,False,False,False,False,False,False,False,0,
2018,MS,PC do B,6543,TIAGO RODA DE OLIVEIRA,False,False,False,False,False,False,False,False,False,False,False,False,0,
2018,MS,PC do B,6556,EMERSON OLIVEIRA COSTA,False,False,False,False,False,False,False,False,False,False,False,False,0,
2018,MS,PC do B,6565,MARINA GARCIA DE ALMEIDA,False,False,False,False,False,False,False,False,False,False,False,False,0,22000.0
2018,MS,PDT,1200,ODILON DE OLIVEIRA JUNIOR,False,False,False,False,False,False,False,False,False,False,False,False,0,100000.0
2018,MS,PDT,1204,WELLINGTON RICARDO DE JESUS,False,False,False,False,False,False,False,False,False,False,False,False,0,
2018,MS,PDT,1212,TIAGO HENRIQUE VARGAS,False,False,False,False,False,False,False,False,False,False,False,False,0,
2018,MS,PDT,1222,MARIA ALVES MELEIRO,False,False,False,False,False,False,False,False,False,False,False,False,0,
2018,MS,PDT,1223,CLEODETE CANDIDA GOMES,False,False,False,False,False,False,False,False,False,False,False,False,0,30000.0
2018,MS,PDT,1234,DAGOBERTO NOGUEIRA FILHO,True,True,True,True,True,True,False,False,False,True,True,True,1,580000.0
2018,MS,PDT,1267,HEDYL MARCOS BENZI FILHO,False,False,True,False,False,False,False,False,False,True,False,False,0,
2018,MS,PDT,1277,RITVA CECILIA DE QUEIROZ GARCIA VIEIRA,False,False,False,False,False,False,False,False,False,False,False,False,0,20000.0
2018,MS,PHS,3100,CICERO DOS SANTOS BENEDITO,False,False,False,False,False,False,False,False,False,False,False,False,0,10000.0
2018,MS,PHS,3113,JEFFERSON BORGES SILVEIRA,False,False,False,False,False,False,False,False,False,False,False,False,0,10000.0
2018,MS,PHS,3131,UBIRAJARA BORGES MARTINS,False,False,False,False,False,False,False,False,False,False,False,False,0,
2018,MS,PHS,3190,THIAGO MONACO MARQUES,False,False,False,False,False,False,False,False,False,False,False,False,0,16000.0
2018,MS,PMB,3500,MARILEA PREZA DE SIQUEIRA ELIAS,False,False,False,False,False,False,False,False,False,False,False,False,0,
2018,MS,PMN,3333,ALEXANDRE LOPES DE REZENDE,False,False,False,False,False,False,False,False,False,False,False,False,0,50000.0
2018,MS,PODE,1900,EDUARDO GAÚNA,False,False,False,False,False,False,False,False,False,False,False,False,0,200.0
2018,MS,PODE,1910,ANTÔNIO NERES DA SILVA,False,False,False,False,False,False,False,False,False,False,False,False,0,
2018,MS,PODE,1919,ANDREIA UMBELINA DE SOUZA,False,False,False,False,False,False,False,False,False,False,False,False,0,200.0
2018,MS,PODE,1990,JOELSON SEBASTIÃO BALEJO DE ARRUDA,False,False,False,False,False,False,False,False,False,False,False,False,0,200.0
2018,MS,PODE,1999,CELSO LUIZ DE PAULO,False,False,False,False,False,False,False,False,False,False,False,False,0,200.0
2018,MS,PPL,5400,MIGUEL REZENDE DA SILVA RODRIGUES,False,False,False,False,False,False,False,False,False,False,False,False,0,
2018,MS,PPL,5444,ROMÁRIO MARQUES DA SILVA JUNIOR,False,False,False,False,False,False,False,False,False,False,False,False,0,
2018,MS,PPL,5454,MARLUCE BRUNO DA SILVA BUENO,False,False,False,False,False,False,False,False,False,False,False,False,0,
2018,MS,PPS,2323,ALISCINDA TIBÉRIO,False,False,False,False,False,False,False,False,False,False,False,False,0,73008.01
2018,MS,PPS,2345,MARISVALDO ZEULI,False,False,False,False,False,False,False,False,False,False,False,False,0,30000.0
2018,MS,PR,2233,JOÃO LUCAS MARTINS,False,False,False,False,False,False,False,False,False,False,False,False,0,100000.0
2018,MS,PRB,1000,HELIOMAR CANGUSSÚ DA SILVA,False,False,False,False,False,False,False,False,False,False,False,False,0,25000.0
2018,MS,PRB,1010,WILTON MELO ACOSTA,True,True,True,True,False,True,False,False,False,False,True,True,0,1558250.71
2018,MS,PRB,1077,DANIELA GEUMARCI RODRIGUES,False,False,False,False,False,False,False,False,False,False,False,False,0,90000.0
2018,MS,PROS,9000,KELIANA FERNANDES MANGUEIRAS,True,True,True,True,False,True,False,False,False,True,True,True,0,207500.0
2018,MS,PROS,9001,MARCOS DA SILVA,False,False,False,False,False,False,False,False,False,False,False,False,0,99000.0
2018,MS,PROS,9090,FABRÍCIO VENTUROLI LUNARDI,False,False,False,False,False,False,False,False,False,False,False,False,0,344950.0
2018,MS,PROS,9099,MARIA APARECIDA DE OLIVEIRA DO AMARAL,False,False,False,False,False,False,False,False,False,False,False,False,0,207500.0
2018,MS,PRP,4444,NILSON PAULO RICARTES DE OLIVEIRA,False,False,False,False,False,False,False,False,False,False,False,False,0,35000.0
2018,MS,PRP,4477,MAURICIO DOS SANTOS,False,False,False,False,False,False,False,False,False,False,False,False,0,
2018,MS,PRTB,2800,SONIA MARINHO DE SOUZA SILVA,False,False,False,False,False,False,False,False,False,False,False,False,0,
2018,MS,PRTB,2828,PRISCILA FERNANDA ALENCAR PESSOA,False,False,False,False,False,False,False,False,False,False,False,False,0,
2018,MS,PRTB,2831,SANDRA CARRILHO DE OLIVEIRA VIRGILIO,False,False,False,False,False,False,False,False,False,False,False,False,0,
2018,MS,PSB,4077,ELIZEU DIONIZIO SOUZA DA SILVA,True,True,True,True,False,True,False,False,False,False,True,True,0,1300000.0
2018,MS,PSC,2018,FRANCISCO DEMONTIE GONÇALVES MACEDO,False,False,False,False,False,False,False,False,False,False,False,False,0,
2018,MS,PSC,2020,FABIO LUIS DA SILVA,False,False,False,False,False,False,False,False,False,False,False,False,0,
2018,MS,PSD,5501,CARLOS RENEE DE OLIVEIRA VENÂNCIO,False,False,False,False,False,False,False,False,False,False,False,False,0,80000.0
2018,MS,PSD,5555,FABIO RICARDO TRAD,True,True,True,True,True,True,False,False,False,False,True,True,1,550000.0
2018,MS,PSDB,4500,BEATRIZ ROSALIA RIBEIRO CAVASSA DE OLIVEIRA,False,False,False,False,False,False,False,False,False,False,False,False,0,202250.0
2018,MS,PSDB,4511,ANA CRISTINA ESPINOLA CANDIA,False,False,False,False,False,False,False,False,False,False,False,False,0,200891.44
2018,MS,PSDB,4545,HUMBERTO REZENDE PEREIRA,True,True,True,True,True,True,False,True,False,True,True,True,1,740036.31
2018,MS,PSDB,4555,ROSIANE MODESTO DE OLIVEIRA,True,False,False,False,False,False,False,False,False,False,False,False,1,602250.0
2018,MS,PSDB,4567,GERALDO RESENDE PEREIRA,True,True,True,True,True,True,False,False,False,True,True,True,0,1000000.0
2018,MS,PSL,1707,LUIZ ALBERTO OVANDO,False,False,False,False,False,False,False,False,False,False,False,False,1,
2018,MS,PSL,1717,SINDOLEY LUIZ DE SOUZA MORAIS,False,False,False,False,False,False,False,False,False,False,False,False,0,
2018,MS,PSL,1722,JOSÉ ALVES DOS SANTOS,False,False,False,False,False,False,False,False,False,False,False,False,0,
2018,MS,PSL,1733,LOESTER CARLOS GOMES DE SOUZA,False,False,False,False,False,False,False,False,False,False,False,False,1,
2018,MS,PSOL,5000,AGNES CRISTINE DUAILIBI VIANA,False,False,False,False,False,False,False,False,False,False,False,False,0,2103.28
2018,MS,PSOL,5007,GEORGE MAIA MISTRAL,False,False,False,False,False,False,False,False,False,False,False,False,0,4857.69
2018,MS,PSOL,5011,ALVERINO BATISTA LEMOS,False,False,False,False,False,False,False,False,False,False,False,False,0,4974.74
2018,MS,PSOL,5044,ALTINO MENDES DA COSTA SOBRINHO,False,False,False,False,False,False,False,False,False,False,False,False,0,4975.04
2018,MS,PSOL,5050,LUCIEN ROBERTO GARCIA DE REZENDE,False,False,False,False,False,False,False,False,False,False,False,False,0,4850.32
2018,MS,PSOL,5060,ROSA MARIA DA SILVA,False,False,False,False,False,False,False,False,False,False,False,False,0,1915.78
2018,MS,PT,1300,SERGIO CARLOS MARTINS RIGO,False,False,False,False,False,False,False,False,False,False,False,False,0,16857.76
2018,MS,PT,1301,MARIA REGINA DE MORAES,False,False,False,False,False,False,False,False,False,False,False,False,0,72545.46
2018,MS,PT,1310,LEILA APARECIDA PINTO,False,False,False,False,False,False,False,False,False,False,False,False,0,14545.45
2018,MS,PT,1311,JAIRO ARRUDA DE SOUZA,False,False,False,False,False,False,False,False,False,False,False,False,0,19545.47
2018,MS,PT,1313,ILMAR RENATO GRANJA FONSECA,False,False,False,False,False,False,False,False,False,False,False,False,0,76495.47
2018,MS,PT,1322,LUIZ ALBERTO AVILA SILVA JUNIOR,False,False,False,False,False,False,False,False,False,False,False,False,0,17153.91
2018,MS,PT,1325,JAIME TEIXEIRA,False,False,False,False,False,False,False,False,False,False,False,False,0,367045.47
2018,MS,PT,1330,FERMINA CRISTALDO,False,False,False,False,False,False,False,False,False,False,False,False,0,14545.45
2018,MS,PT,1331,VANDER LUIZ DOS SANTOS LOUBET,True,True,True,True,True,True,False,False,False,True,True,True,1,735098.0
2018,MS,PT,1333,GERSON FACCINA,False,False,False,False,False,False,False,False,False,False,False,False,0,23495.47
2018,MS,PT,1340,CARLOS ALBERTO MACHADO,True,True,True,True,False,True,False,False,False,False,True,True,0,122545.47
2018,MS,PT,1344,VANDERLEI JOSE DA SILVA,False,False,False,False,False,False,False,False,False,False,False,False,0,19545.46
2018,MS,PT,1345,JOSE RODRIGUES DE MATOS,False,False,False,False,False,False,False,False,False,False,False,False,0,16896.370000000003
2018,MS,PT,1346,SILVIA DENIZ DE CARVALHO,False,False,False,False,False,False,False,False,False,False,False,False,0,14545.45
2018,MS,PT,1377,GLEICE JANE BARBOSA,False,False,False,False,False,False,False,False,False,False,False,False,0,368545.47
2018,MS,PT,1399,MILTON MILHOMEM SANTOS FILHO,False,False,False,False,False,False,False,False,False,False,False,False,0,16250.0
2018,MS,PTB,1414,VICTOR CABRERA DE EUGENIO FILHO,False,False,False,False,False,False,False,False,False,False,False,False,0,39496.7
2018,MS,PTC,3600,DARILSA BARRACA REZENDE DE SOUZA,False,False,False,False,False,False,False,False,False,False,False,False,0,150000.0
2018,MS,PV,4300,DEVANE VALÉRIO DA SILVA,False,False,False,False,False,False,False,False,False,False,False,False,0,14793.68
2018,MS,PV,4302,AMANDA ALICE PRADO CHEIDA BILESKI,False,False,False,False,False,False,False,False,False,False,False,False,0,14483.18
2018,MS,PV,4322,JOSÉ CARLOS FERREIRA ALVARENGA,False,False,False,False,False,False,False,False,False,False,False,False,0,567.1800000000001
2018,MS,PV,4323,LAERCIO VOLPI,False,False,False,False,False,False,False,False,False,False,False,False,0,3822.1800000000003
2018,MS,PV,4330,ÂNGELO ANTONIO MARCON,False,False,False,False,False,False,False,False,False,False,False,False,0,4260.18
2018,MS,PV,4333,LEILA ÁVILA DE ALENCAR,False,False,False,False,False,False,False,False,False,False,False,False,0,14553.18
2018,MS,PV,4343,ORDÁLIA ALVES DE ALMEIDA,False,False,False,False,False,False,False,False,False,False,False,False,0,24655.18
2018,MS,PV,4355,JACINTO NUNES GOUVEIA,False,False,False,False,False,False,False,False,False,False,False,False,0,3892.1800000000003
2018,MS,REDE,1801,ANDRÉ LUIS SOARES DA FONSECA,False,False,False,False,False,False,False,False,False,False,False,False,0,1760.0
2018,MS,REDE,1818,LAÉRCIO MACHADO DE SOUSA,False,False,False,False,False,False,False,False,False,False,False,False,0,1760.0
2018,MS,REDE,1888,ALEXANDRE FIGUEIREDO DE ARAUJO,False,False,False,False,False,False,False,False,False,False,False,False,0,1760.0
2018,MS,SOLIDARIEDADE,7777,PAULO JORGE SALOMÃO DA CAMARA NERY,False,False,False,False,False,False,False,False,False,False,False,False,0,420000.0
2018,MS,SOLIDARIEDADE,7789,MABEL CARNEIRO DA SILVA,False,False,False,False,False,False,False,False,False,False,False,False,0,180000.0
2018,MT,DEM,2511,ANA CLAUDIA QUEIROZ DE LIMA,False,False,False,False,False,False,False,False,False,False,False,False,0,50000.0
2018,MT,DEM,2525,ADRIANO APARECIDO SILVA,True,True,True,True,False,True,False,False,False,True,True,True,0,400000.0
2018,MT,MDB,1500,VALTENIR LUIZ PEREIRA,True,True,True,True,True,True,False,False,False,False,True,True,0,1500000.0
2018,MT,MDB,1515,CARLOS GOMES BEZERRA,True,True,True,True,True,True,False,False,False,True,True,True,1,1840100.0
2018,MT,MDB,1516,GILVANETE DA SILVA TOMAS,False,False,False,False,False,False,False,False,False,False,False,False,0,30000.0
2018,MT,MDB,1520,JUAREZ ALVES DA COSTA,True,True,True,True,True,True,False,True,False,True,True,True,1,30000.0
2018,MT,MDB,1525,ROGÉRIO SILVA SANTOS,False,False,False,False,False,False,False,False,False,False,False,False,0,1500000.0
2018,MT,MDB,1534,ELENILZA PEREIRA DE SOUZA,False,False,False,False,False,False,False,False,False,False,False,False,0,55000.0
2018,MT,MDB,1567,MYLENE DE NAZARE FURTADO LUSTOSA DA SILVA,False,False,False,False,False,False,False,False,False,False,False,False,0,55000.0
2018,MT,NOVO,3001,PAULO HENRIQUE DA SILVA GRANDO,False,False,False,False,False,False,False,False,False,False,False,False,0,1899.1599999999999
2018,MT,NOVO,3003,MARCOS FERNANDES DA ROSA,False,False,False,False,False,False,False,False,False,False,False,False,0,2899.16
2018,MT,NOVO,3010,HEITOR PALHARINI JOAQUIM SANTANA,False,False,False,False,False,False,False,False,False,False,False,False,0,1899.1599999999999
2018,MT,NOVO,3011,ANTONIO CARLOS REZENDE,False,False,False,False,False,False,False,False,False,False,False,False,0,1899.1599999999999
2018,MT,NOVO,3015,EMERSON JOSE DISTEFANO RIBEIRO,False,False,False,False,False,False,False,False,False,False,False,False,0,1899.1599999999999
2018,MT,NOVO,3020,EDUARDO AUGUSTO DOSSA,False,False,False,False,False,False,False,False,False,False,False,False,0,1899.1599999999999
2018,MT,NOVO,3030,FLAVIO MULLER,False,False,False,False,False,False,False,False,False,False,False,False,0,1899.1599999999999
2018,MT,NOVO,3032,ROBERTA VIEIRA LANGE,False,False,False,False,False,False,False,False,False,False,False,False,0,1899.1599999999999
2018,MT,NOVO,3033,ANDREA REBELLATTO ADORNO,False,False,False,False,False,False,False,False,False,False,False,False,0,1899.1599999999999
2018,MT,NOVO,3040,VANESSA TOMIZAWA BATISTA DO NASCIMENTO,False,False,False,False,False,False,False,False,False,False,False,False,0,1899.1599999999999
2018,MT,NOVO,3060,FELICIANO LHANOS AZUAGA,False,False,False,False,False,False,False,False,False,False,False,False,0,1899.1599999999999
2018,MT,NOVO,3070,ROGÉRIO MENDES PIMENTA,False,False,False,False,False,False,False,False,False,False,False,False,0,1899.1599999999999
2018,MT,NOVO,3077,JULIANA FERREIRA LOBO DOS SANTOS,False,False,False,False,False,False,False,False,False,False,False,False,0,1899.1599999999999
2018,MT,PATRI,5100,JOSÉ ADEILDO ALVES DO NASCIMENTO,False,False,False,False,False,False,False,False,False,False,False,False,0,1600.0
2018,MT,PATRI,5133,ANTONIO CARLOS FIGUEIREDO PAZ,False,False,False,False,False,False,False,False,False,False,False,False,0,1600.0
2018,MT,PATRI,5151,JOÃO PIROZZI,False,False,False,False,False,False,False,False,False,False,False,False,0,1600.0
2018,MT,PC do B,6522,VINICIUS SANTOS FERNANDES,False,False,False,False,False,False,False,False,False,False,False,False,0,10000.0
2018,MT,PC do B,6565,ELIETE DOMINGOS DA COSTA,False,False,False,False,False,False,False,False,False,False,False,False,0,18334.0
2018,MT,PDT,1210,CREUDSON PEREIRA DE ÁVILA,False,False,False,False,False,False,False,False,False,False,False,False,0,44340.0
2018,MT,PDT,1212,RENATA DO CARMO VIANA MALACRIDA,False,False,False,False,False,False,False,False,False,False,False,False,0,790000.0
2018,MT,PDT,1225,FÁBIO ROBERTO RIBEIRO CARDOZO,False,False,False,False,False,False,False,False,False,False,False,False,0,341326.45
2018,MT,PDT,1277,NATANIEL NAZARENO FERREIRA,True,True,True,True,True,True,False,False,False,False,True,True,0,25000.0
2018,MT,PHS,3100,JAIR DA SILVA,False,False,False,False,False,False,False,False,False,False,False,False,0,39600.0
2018,MT,PHS,3177,JOSÉ ADEVALDO DE OLIVEIRA,False,False,False,False,False,False,False,False,False,False,False,False,0,5800.0
2018,MT,PHS,3190,SANDRO BARBOSA DA SILVA,False,False,False,False,False,False,False,False,False,False,False,False,0,39600.0
2018,MT,PMB,3535,GILBERTO VIEIRA DE MELO,False,False,False,False,False,False,False,False,False,False,False,False,0,
2018,MT,PMN,3300,JULIANO DE SOUZA RABELO,False,False,False,False,False,False,False,False,False,False,False,False,0,40630.0
2018,MT,PODE,1900,JOSE ANTONIO DOS SANTOS MEDEIROS,True,False,False,True,False,False,False,False,False,False,True,False,1,976720.0
2018,MT,PODE,1920,KASSIO EDUARDO DA SILVA COELHO,False,False,False,False,False,False,False,False,False,False,False,False,0,29854.0
2018,MT,PP,1111,EZEQUIEL ANGELO FONSECA,True,True,True,True,True,True,False,True,False,False,True,True,0,2163379.83
2018,MT,PPL,5400,AGUINALDO GRATIERI,False,False,False,False,False,False,False,False,False,False,False,False,0,800.0
2018,MT,PPL,5411,JOSIANY DUQUE GOMES SIMAS,False,False,False,False,False,False,False,False,False,False,False,False,0,1000.0
2018,MT,PPL,5444,RENATA NARCIZO DE ALMEIDA,False,False,False,False,False,False,False,False,False,False,False,False,0,
2018,MT,PPS,2312,GILMAR ANTONIO BRUNETTO,False,False,False,False,False,False,False,False,False,False,False,False,0,
2018,MT,PPS,2322,VALDIR ADÃO MACAGNAM JUNIOR,False,False,False,False,False,False,False,False,False,False,False,False,0,7258.58
2018,MT,PPS,2323,MARCO AURELIO MARRAFON,False,False,False,False,False,False,False,False,False,False,False,False,0,445006.89
2018,MT,PPS,2324,LEILA MARIA DE ALMEIDA,False,False,False,False,False,False,False,False,False,False,False,False,0,6637.55
2018,MT,PPS,2344,RUTE CRISTINA GOMES EVANGELISTA,False,False,False,False,False,False,False,False,False,False,False,False,0,1600.0
2018,MT,PPS,2345,WERLEY SILVA PERES,False,False,False,False,False,False,False,False,False,False,False,False,0,36874.86
2018,MT,PR,2222,JOSE BISPO BARBOSA,False,False,False,False,False,False,False,False,False,False,False,False,0,975456.0
2018,MT,PR,2290,ELIENE JOSE DE LIMA,True,True,True,True,True,True,False,False,False,False,True,True,0,1002100.0
2018,MT,PRB,1010,SERYS MARLY SLHESSARENKO,True,True,True,True,True,True,True,False,False,True,True,True,0,1325875.64
2018,MT,PROS,9000,JOQUEBEDY RIBEIRO MOURÃO ALVES,False,False,False,False,False,False,False,False,False,False,False,False,0,138140.0
2018,MT,PROS,9011,GISELA SIMONA VIANA DE SOUZA,False,False,False,False,False,False,False,False,False,False,False,False,0,200740.58
2018,MT,PROS,9017,RAFAEL BEAL RANALLI,False,False,False,False,False,False,False,False,False,False,False,False,0,183395.5
2018,MT,PROS,9090,ADAUTON CESAR DE ALMEIDA,False,False,False,False,False,False,False,False,False,False,False,False,0,232500.0
2018,MT,PRP,4455,PAULO CORREIA DE MELO,False,False,False,False,False,False,False,False,False,False,False,False,0,
2018,MT,PRP,4456,ANA EMILIA IPONEMA BRASIL SOTERO,False,False,False,False,False,False,False,False,False,False,False,False,0,120000.0
2018,MT,PSB,4000,JOSAIR JEREMIAS LOPES,False,True,True,False,True,False,False,True,False,True,False,False,0,2116.28
2018,MT,PSB,4010,MARILDES FERREIRA,False,False,False,False,False,False,False,False,False,False,False,False,0,655500.0
2018,MT,PSB,4040,MAX MAGNO DE CAMPOS,False,False,False,False,False,False,False,False,False,False,False,False,0,1000.0
2018,MT,PSB,4050,ICARO GIBRAN REVELES DE ANDRADE,False,False,False,False,False,False,False,False,False,False,False,False,0,120000.0
2018,MT,PSC,2011,ELTON MAZETTE,False,False,False,False,False,False,False,False,False,False,False,False,0,80000.0
2018,MT,PSC,2017,VANA PAULA DE MATOS FALCÃO,False,False,False,False,False,False,False,False,False,False,False,False,0,100013.2
2018,MT,PSC,2018,MARCOS DE OLIVEIRA HARTER,False,False,False,False,False,False,False,False,False,False,False,False,0,80000.0
2018,MT,PSC,2019,CARLOS JOSE LIMA DE ALMEIDA ,False,False,False,False,False,False,False,False,False,False,False,False,0,20000.0
2018,MT,PSC,2020,ELIANE PEREIRA BORGES DOS SANTOS,False,False,False,False,False,False,False,False,False,False,False,False,0,500000.0
2018,MT,PSC,2030,MARGARETH MARTA SILVA DE ANDRADE,False,False,False,False,False,False,False,False,False,False,False,False,0,50000.0
2018,MT,PSD,5555,GASPAR DOMINGOS LAZARI,False,True,True,False,True,False,False,True,False,True,False,False,0,394830.0
2018,MT,PSD,5590,JORGE LUIZ DE MAGALHAES,False,False,False,False,False,False,False,False,False,False,False,False,0,367469.68
2018,MT,PSDB,4500,DILMAIR CALLEGARO,False,False,False,False,False,False,False,False,False,False,False,False,0,435000.0
2018,MT,PSDB,4522,VANDER ALBERTO MASSON,False,False,True,False,False,False,False,False,False,True,False,False,1,2173.91
2018,MT,PSDB,4566,EUNICE TEODORA DOS SANTOS CRECÊNCIO,False,False,False,False,False,False,False,False,False,False,False,False,0,488509.77
2018,MT,PSDB,4577,JULIO CESAR GOMES DOS SANTOS,False,False,False,False,False,False,False,False,False,False,False,False,0,170000.0
2018,MT,PSL,1700,NELSON NED PREVIDENTE,False,False,False,False,False,False,False,False,False,False,False,False,1,20000.0
2018,MT,PSL,1717,VICTORIO GALLI FILHO,True,True,True,True,True,True,False,False,False,False,True,True,0,33800.0
2018,MT,PSL,1750,MARIA DIVINA PEREIRA SOUSA,False,False,False,False,False,False,False,False,False,False,False,False,0,
2018,MT,PSL,1770,ELAINE CANDIDA DA SILVA SOUZA,False,False,False,False,False,False,False,False,False,False,False,False,0,9616.28
2018,MT,PSL,1789,GINA CARLOTA ROCHA DEFANTI,False,False,False,False,False,False,False,False,False,False,False,False,0,6000.0
2018,MT,PSOL,5000,ADRIANO LIARIO,False,False,False,False,False,False,False,False,False,False,False,False,0,6048.43
2018,MT,PSOL,5001,EDSON LUIS DE ARRUDA PINTO,False,False,False,False,False,False,False,False,False,False,False,False,0,3766.47
2018,MT,PSOL,5005,ELISANGELA DO ESPIRITO SANTO SILVA,False,False,False,False,False,False,False,False,False,False,False,False,0,5862.43
2018,MT,PSOL,5015,MILTON JORGE TURI RONDON,False,False,False,False,False,False,False,False,False,False,False,False,0,4808.02
2018,MT,PSOL,5033,MILTON DANTAS OLIVEIRA,False,False,False,False,False,False,False,False,False,False,False,False,0,2606.47
2018,MT,PSOL,5050,RUBENS APARECIDO CANTUÁRIO DA SILVA,False,False,False,False,False,False,False,False,False,False,False,False,0,2606.47
2018,MT,PSOL,5051,GONÇALINA PEREIRA DE SOUZA MELO,False,False,False,False,False,False,False,False,False,False,False,False,0,79796.88
2018,MT,PSOL,5055,ANTONIO CARLOS DE JESUS FERNANDES,False,False,False,False,False,False,False,False,False,False,False,False,0,2938.66
2018,MT,PSOL,5099,CESAR VICENTE DA COSTA,False,False,False,False,False,False,False,False,False,False,False,False,0,2606.47
2018,MT,PT,1310,EDNA LUZIA ALMEIDA SAMPAIO,False,False,False,False,False,False,False,False,False,False,False,False,0,229500.0
2018,MT,PT,1313,ROSA NEIDE SANDES DE ALMEIDA,False,False,False,False,False,False,False,False,False,False,False,False,1,827166.97
2018,MT,PTB,1414,EMANUEL PINHEIRO DA SILVA PRIMO,False,False,False,False,False,False,False,False,False,False,False,False,1,1516020.0
2018,MT,PTB,1456,IDILENE RODRIGUES DOS SANTOS,False,False,False,False,False,False,False,False,False,False,False,False,0,356333.68
2018,MT,PTC,3602,SIMONE APARECIDA DE SOUZA SILVA,False,False,False,False,False,False,False,False,False,False,False,False,0,
2018,MT,PTC,3636,MANOEL OLEGÁRIO DE SOUZA NETO,False,False,False,False,False,False,False,False,False,False,False,False,0,80000.0
2018,MT,PV,4300,WANDERSON NUNES DE SIQUEIRA,False,False,False,False,False,False,False,False,False,False,False,False,0,35580.0
2018,MT,PV,4303,YVA PAES DE BARROS,False,False,False,False,False,False,False,False,False,False,False,False,0,24910.0
2018,MT,PV,4321,IVAN GUIMARAES DA SILVA,False,False,False,False,False,False,False,False,False,False,False,False,0,9000.0
2018,MT,PV,4333,NEDILSON MACIEL DOS SANTOS,False,False,False,False,False,False,False,False,False,False,False,False,0,35029.0
2018,MT,PV,4343,GREGORIO WARINATSÉ ABHOODI,False,False,False,False,False,False,False,False,False,False,False,False,0,8000.0
2018,MT,PV,4344,RENATA RITA BARROS E SILVA,False,False,False,False,False,False,False,False,False,False,False,False,0,17000.0
2018,MT,PV,4355,CARLOS NAVES DE RESENDE,False,False,False,False,False,False,False,False,False,False,False,False,0,10000.0
2018,MT,PV,4366,LUCELIA PEREIRA NEVES,False,False,False,False,False,False,False,False,False,False,False,False,0,14803.0
2018,MT,PV,4390,MIRIAM DE OLIVEIRA,False,False,False,False,False,False,False,False,False,False,False,False,0,22700.0
2018,MT,REDE,1800,MAURÍCIO SANTINO DE OLIVEIRA,False,False,False,False,False,False,False,False,False,False,False,False,0,19.09
2018,MT,REDE,1812,FELIPE PEREIRA CORREA,False,False,False,False,False,False,False,False,False,False,False,False,0,19.09
2018,MT,REDE,1818,WELLINGTON SILVA,False,False,False,False,False,False,False,False,False,False,False,False,0,19.09
2018,MT,REDE,1833,ANDREA BEZERRA VIEIRA,False,False,False,False,False,False,False,False,False,False,False,False,0,
2018,MT,REDE,1881,RAFAELE GOMES DE OLIVEIRA,False,False,False,False,False,False,False,False,False,False,False,False,0,
2018,MT,REDE,1888,JOÃO RENATO ALVES BETINI,False,False,False,False,False,False,False,False,False,False,False,False,0,19.09
2018,MT,SOLIDARIEDADE,7700,LEONARDO RIBEIRO ALBUQUERQUE,False,False,False,False,False,False,False,False,False,False,False,False,1,893423.91
2018,MT,SOLIDARIEDADE,7744,SANDRA REGINA PIOVESAN,False,False,False,False,False,False,False,False,False,False,False,False,0,40625.0
2018,PA,AVANTE,7070,ELENILSON JOSÉ SANTOS DA COSTA,False,False,False,False,False,False,False,False,False,False,False,False,0,150140.0
2018,PA,AVANTE,7077,LUIZ GUILHERME LESSA DE FRANÇA,False,False,False,False,False,False,False,False,False,False,False,False,0,5000.0
2018,PA,DC,2700,JOSE ROBERTO PANTOJA DOS SANTOS,False,False,False,False,False,False,False,False,False,False,False,False,0,20828.78
2018,PA,DEM,2500,OLIVAL HENRIQUE MARQUES DE SOUZA,True,True,True,True,True,True,False,False,False,False,True,True,1,350000.0
2018,PA,DEM,2525,HÉLIO LEITE DA SILVA,True,True,True,True,True,True,False,True,False,True,True,True,1,1044000.0
2018,PA,DEM,2533,ROSA MARIA DOS SANTOS ALMEIDA,False,False,False,False,False,False,False,False,False,False,False,False,0,9000.0
2018,PA,DEM,2555,FRANCISCA CIZA PINHEIRO MARTINS,False,False,False,False,False,False,False,False,False,False,False,False,0,80000.0
2018,PA,DEM,2591,DIVONSIR JOSÉ PANATTO,False,False,False,False,False,False,False,False,False,False,False,False,0,
2018,PA,MDB,1515,ELCIONE THEREZINHA ZAHLUTH BARBALHO,True,True,True,True,True,True,False,False,False,True,True,True,1,2000000.0
2018,PA,MDB,1522,HENDERSON LIRA PINTO,True,True,True,True,False,True,False,False,False,False,True,True,0,
2018,PA,MDB,1555,JOSÉ BENITO PRIANTE JUNIOR,True,True,True,True,True,True,False,False,False,False,True,True,1,1500000.0
2018,PA,MDB,1577,JOSÉ MARIA CARVALHO,False,False,False,False,False,False,False,False,False,False,False,False,0,
2018,PA,MDB,1588,SIMONE MARIA MORGADO FERREIRA,True,True,True,True,True,True,False,False,False,False,True,True,0,2000000.0
2018,PA,MDB,1590,ADRIANA PEREIRA NACIF,False,False,False,False,False,False,False,False,False,False,False,False,0,68400.0
2018,PA,PATRI,5100,FRANCISCO CARLOS SANTOS DIAS,False,False,False,False,False,False,False,False,False,False,False,False,0,
2018,PA,PATRI,5107,KLEBER ALMEIDA DA SILVA,False,False,False,False,False,False,False,False,False,False,False,False,0,
2018,PA,PATRI,5110,ELANE COSTA SILVA PINHEIRO,False,False,False,False,False,False,False,False,False,False,False,False,0,
2018,PA,PATRI,5112,MARIA DE NAZARE LAURIDO,False,False,False,False,False,False,False,False,False,False,False,False,0,
2018,PA,PATRI,5115,ALEANDRO MONTEIRO DE OLIVEIRA,False,False,False,False,False,False,False,False,False,False,False,False,0,
2018,PA,PATRI,5118,ROSIANE COSTA CORREA DE SOUZA,False,False,False,False,False,False,False,False,False,False,False,False,0,
2018,PA,PATRI,5123,SHEILA PATRICIA SANTANA RODRIGUES,False,False,False,False,False,False,False,False,False,False,False,False,0,
2018,PA,PATRI,5138,MIRIAM DA SILVA BARBOSA,False,False,False,False,False,False,False,False,False,False,False,False,0,
2018,PA,PATRI,5151,LEANDRO DO COUTO DAMASCENO,False,False,False,False,False,False,False,False,False,False,False,False,0,
2018,PA,PATRI,5154,EDER LUIZ NASCIMENTO DOS SANTOS,False,False,False,False,False,False,False,False,False,False,False,False,0,
2018,PA,PATRI,5155,EDINA DE JESUS PINHEIRO CASTRO,False,False,False,False,False,False,False,False,False,False,False,False,0,
2018,PA,PATRI,5156,ENOCK FARIAS DE SOUSA,False,False,False,False,False,False,False,False,False,False,False,False,0,
2018,PA,PATRI,5178,ENILDE DE FIGUEIREDO PINHEIRO,False,False,False,False,False,False,False,False,False,False,False,False,0,
2018,PA,PATRI,5180,BETTY DAVIS DA SILVA LIMA,False,False,False,False,False,False,False,False,False,False,False,False,0,
2018,PA,PATRI,5190,MANOEL RAIMUNDO MORAES FERREIRA,False,False,False,False,False,False,False,False,False,False,False,False,0,
2018,PA,PATRI,5198,FRANCISCO DAS CHAGAS VIEIRA DE SOUSA,False,False,False,False,False,False,False,False,False,False,False,False,0,
2018,PA,PC do B,6565,ANA JULIA DE VASCONCELOS CAREPA,True,True,True,True,True,True,False,False,False,True,True,True,0,1237594.58
2018,PA,PCB,2100,CESAR BORGES OLIVEIRA,False,False,False,False,False,False,False,False,False,False,False,False,0,10101.11
2018,PA,PDT,1200,SARAH RAISSA FREITAS MODESTO,False,False,False,False,False,False,False,False,False,False,False,False,0,12000.0
2018,PA,PDT,1212,GIOVANNI CORRÊA QUEIROZ,True,True,True,True,True,True,False,False,False,False,True,True,0,400000.0
2018,PA,PDT,1222,CÍCERA MARTINS ANTUNES FONSECA,False,False,False,False,False,False,False,False,False,False,False,False,0,35000.0
2018,PA,PDT,1234,EVERSON CARLOS QUARESMA DA SILVA,False,False,False,False,False,False,False,False,False,False,False,False,0,
2018,PA,PHS,3111,JOAQUIM ARISTIDES ARAUJO CAMPOS,True,True,True,True,False,True,False,False,False,False,True,True,0,26250.0
2018,PA,PHS,3112,DEYSE ARAUJO MENDES,False,False,False,False,False,False,False,False,False,False,False,False,0,
2018,PA,PHS,3113,JOÃO MACHADO FURTADO,False,False,False,False,False,False,False,False,False,False,False,False,0,
2018,PA,PHS,3131,MARISA ALVES ROMÃO,False,False,False,False,False,False,False,False,False,False,False,False,0,
2018,PA,PHS,3133,JOÃO CARLOS BERINA MELO,False,False,False,False,False,False,False,False,False,False,False,False,0,
2018,PA,PMB,3535,HENRIETTE WALDÍVIA TEIXEIRA DE BARROS,False,False,False,False,False,False,False,False,False,False,False,False,0,80000.0
2018,PA,PMN,3333,FABRICIO PEREIRA DA GAMA,False,False,False,False,False,False,False,False,False,False,False,False,0,100000.0
2018,PA,PMN,3334,ELIVAN CAMPOS FAUSTINO,True,True,True,True,False,True,False,False,False,True,True,True,0,
2018,PA,PMN,3390,FRANCISCO EDVALDO XAVIER BEZERRA,False,False,False,False,False,False,False,False,False,False,False,False,0,
2018,PA,PODE,1977,FRANCISCO ALVES DE AGUIAR,False,False,False,False,False,False,False,False,False,False,False,False,0,777400.0
2018,PA,PP,1111,ROBERTO SALAME FILHO,True,True,True,True,True,True,False,False,False,False,True,True,0,1593372.0
2018,PA,PPL,5400,ANAGIBE RODRIGUES VIANA,False,False,False,False,False,False,False,False,False,False,False,False,0,
2018,PA,PPL,5401,SERGIO ROBERTO BALBI DA COSTA,False,False,False,False,False,False,False,False,False,False,False,False,0,500.0
2018,PA,PPL,5422,MITERRAN LOPES FEITOSA,False,False,False,False,False,False,False,False,False,False,False,False,0,
2018,PA,PPL,5444,KELLY CRISTINA DE ANDRADE,False,False,False,False,False,False,False,False,False,False,False,False,0,1900.0
2018,PA,PPL,5454,MIGUEL DOS SANTOS CORREA,False,False,False,False,False,False,False,False,False,False,False,False,0,400.0
2018,PA,PPL,5470,GUSTAVO EZEQUIEL DA SILVA ROCHA,False,False,False,False,False,False,False,False,False,False,False,False,0,500.0
2018,PA,PPL,5477,CLAUDIMARA MARQUES DE LIMA,False,False,False,False,False,False,False,False,False,False,False,False,0,1500.0
2018,PA,PPS,2323,ARNALDO JORDY FIGUEIREDO,True,True,True,True,True,True,True,False,False,False,True,True,0,1168128.11
2018,PA,PR,2222,CRISTIANO DUTRA VALE,False,True,True,False,True,False,False,True,False,True,False,False,1,888515.03
2018,PA,PRB,1010,WAGNER BACH MARTINS,False,False,False,False,False,False,False,False,False,False,False,False,1,789031.0
2018,PA,PROS,9090,JOSÉ ANTÔNIO AZEVEDO LEÃO,False,True,True,False,True,False,False,True,False,True,False,False,0,513885.0
2018,PA,PRP,4400,ALESSANDRO LIMA DE ARAUJO,False,False,False,False,False,False,False,False,False,False,False,False,0,
2018,PA,PRP,4405,RUBENICE DE NAZARÉ DIAS MARTINS,False,False,False,False,False,False,False,False,False,False,False,False,0,
2018,PA,PRP,4410,SUANE MAUES PANTOJA,False,False,False,False,False,False,False,False,False,False,False,False,0,
2018,PA,PRP,4412,PAULO CESAR DE CARVALHO SILVA,False,False,False,False,False,False,False,False,False,False,False,False,0,
2018,PA,PRP,4417,DIOGO RICARDO DE SANTANA  SEDORKO,False,False,False,False,False,False,False,False,False,False,False,False,0,
2018,PA,PRP,4422,ROBERTO DE ANDRADE SHINKAI,False,False,False,False,False,False,False,False,False,False,False,False,0,
2018,PA,PRP,4433,JORGE NUNES VIEIRA,False,False,False,False,False,False,False,False,False,False,False,False,0,
2018,PA,PRP,4444,ELSON JOSÉ SOARES COELHO,False,False,False,False,False,False,False,False,False,False,False,False,0,
2018,PA,PRP,4455,FRANCISCO ALDEANO DE LIMA,False,False,False,False,False,False,False,False,False,False,False,False,0,
2018,PA,PRP,4477,JOÃO BATISTA DA SILVA SERRA,False,False,False,False,False,False,False,False,False,False,False,False,0,
2018,PA,PRTB,2800,FRANCISCO JAMES CANARIO DOS SANTOS,False,False,False,False,False,False,False,False,False,False,False,False,0,1630.0
2018,PA,PRTB,2812,JOSE ARMINDO PINTO,False,False,False,False,False,False,False,False,False,False,False,False,0,
2018,PA,PRTB,2815,ROMILDA ALVES MASCARENHAS BARBOSA,False,False,False,False,False,False,False,False,False,False,False,False,0,1630.0
2018,PA,PRTB,2828,SAMUEL AUGUSTO SIQUEIRA FILHO,False,False,False,False,False,False,False,False,False,False,False,False,0,1630.0
2018,PA,PSB,4011,CÁSSIO COELHO ANDRADE,True,True,True,True,True,True,False,False,False,False,True,True,1,545600.0
2018,PA,PSC,2018,EMANOEL DO LIVRAMENTO PIRES JÚNIOR,False,False,False,False,False,False,False,False,False,False,False,False,0,
2018,PA,PSC,2020,JULIA MARIA GODINHO DA CRUZ MARINHO,True,True,True,True,True,True,False,False,False,False,True,True,0,2300013.2
2018,PA,PSD,5500,ÉDER MAURO CARDOSO BARRA,True,True,True,True,True,True,False,False,False,False,True,True,1,915358.8
2018,PA,PSD,5510,JOELMA DE MOURA LEITE,False,False,False,False,False,False,False,False,False,False,False,False,0,179950.0
2018,PA,PSD,5555,JOAQUIM PASSARINHO PINTO DE SOUZA PORTO,True,True,True,True,True,True,False,False,False,False,True,True,1,5357.6
2018,PA,PSD,5588,JOÃO FERRARI JUNIOR,True,True,True,True,True,True,False,False,False,True,True,True,1,305338.75
2018,PA,PSDB,4500,WESLEY MARTINS DE SOUSA,False,False,False,False,False,False,False,False,False,False,False,False,0,50000.0
2018,PA,PSDB,4518,FRANCILDA PEREIRA DA SILVA,False,False,False,False,False,False,False,False,False,False,False,False,0,167120.35
2018,PA,PSDB,4522,ORLANEI AMARAL SANTANA,True,True,True,True,False,True,False,False,False,False,True,True,0,50600.0
2018,PA,PSDB,4545,MARIA ALVES DOS SANTOS,True,True,True,True,True,True,False,False,False,False,True,True,0,1028148.86
2018,PA,PSDB,4567,CELSO SABINO DE OLIVEIRA,True,True,True,True,True,True,False,False,False,False,True,True,1,100000.0
2018,PA,PSDB,4590,NILSON PINTO DE OLIVEIRA,True,True,True,True,True,True,False,False,False,False,True,True,1,500000.0
2018,PA,PSL,1700,EVERALDO JORGE MARTINS EGUCHI,False,False,False,False,False,False,False,False,False,False,False,False,0,1928.0
2018,PA,PSL,1717,MANOEL CLAUDIO FURTADO VELOSO,False,False,False,False,False,False,False,False,False,False,False,False,0,
2018,PA,PSOL,5000,RUBENIXSON RIBEIRO FARIAS,False,False,False,False,False,False,False,False,False,False,False,False,0,18773.239999999998
2018,PA,PSOL,5005,CARLOS RENILTON FREITAS CRUZ,False,False,False,False,False,False,False,False,False,False,False,False,0,20446.88
2018,PA,PSOL,5010,KEILIANE DE LIMA BANDEIRA,False,False,False,False,False,False,False,False,False,False,False,False,0,57133.09
2018,PA,PSOL,5011,CARLOS DO SOCORRO GUERREIRO VAZ,False,False,False,False,False,False,False,False,False,False,False,False,0,19523.239999999998
2018,PA,PSOL,5012,FABIANO DE OLIVEIRA VITORIANO PEREIRA,False,False,False,False,False,False,False,False,False,False,False,False,0,8236.88
2018,PA,PSOL,5015,RIGLER DA COSTA ARAGÃO,False,False,False,False,False,False,False,False,False,False,False,False,0,19794.04
2018,PA,PSOL,5020,REGINA MARIA MARTINS BRITO,False,False,False,False,False,False,False,False,False,False,False,False,0,43367.939999999995
2018,PA,PSOL,5023,VIVIANE DA COSTA REIS,False,False,False,False,False,False,False,False,False,False,False,False,0,52789.65
2018,PA,PSOL,5033,MARIA DE NAZARÉ ALVES DE LIMA,False,False,False,False,False,False,False,False,False,False,False,False,0,50889.65
2018,PA,PSOL,5044,JOSÉ MATEUS ROCHA DA COSTA FERREIRA,False,False,False,False,False,False,False,False,False,False,False,False,0,6168.07
2018,PA,PSOL,5050,EDMILSON BRITO RODRIGUES,True,True,True,True,True,True,False,False,False,False,True,True,1,538946.99
2018,PA,PSOL,5051,SEBASTIÃO CONCEIÇÃO MARTINS,False,False,False,False,False,False,False,False,False,False,False,False,0,8936.44
2018,PA,PSOL,5055,LEONICE DE OLIVEIRA,False,False,False,False,False,False,False,False,False,False,False,False,0,49552.09
2018,PA,PSOL,5065,JOSÉ EMILIO HERMES DE ALMEIDA,False,False,False,False,False,False,False,False,False,False,False,False,0,9023.24
2018,PA,PSOL,5077,HELENO RIBEIRO SANCHES,False,False,False,False,False,False,False,False,False,False,False,False,0,3188.38
2018,PA,PSOL,5080,PEDRO PAULO CAVALERO DOS SANTOS,False,False,False,False,False,False,False,False,False,False,False,False,0,19273.239999999998
2018,PA,PSOL,5088,ADRIANE CARDOSO SERRÃO,False,False,False,False,False,False,False,False,False,False,False,False,0,43868.38
2018,PA,PSOL,5099,ANDRÉ OLIVEIRA SILVA,False,False,False,False,False,False,False,False,False,False,False,False,0,8023.24
2018,PA,PT,1310,CLAUDIO ALBERTO CASTELO BRANCO PUTY,True,True,True,True,True,True,False,False,False,False,True,True,0,414790.29000000004
2018,PA,PT,1311,ISRAEL PEREIRA BARROS,False,False,False,False,False,False,False,False,False,False,False,False,0,15000.0
2018,PA,PT,1313,JOSE ROBERTO OLIVEIRA FARO,True,True,True,True,True,True,False,False,False,False,True,True,1,900000.0
2018,PA,PT,1321,AIRTON LUIZ FALEIRO,True,True,True,True,True,True,False,False,False,False,True,True,1,435000.0
2018,PA,PT,1333,MARIA MARTA SOUZA COSTA,False,False,False,False,False,False,False,False,False,False,False,False,0,81500.0
2018,PA,PT,1369,MILENE RISUENHO LAUANDE,False,False,False,False,False,False,False,False,False,False,False,False,0,436000.0
2018,PA,PT,1380,ESMERINO NERI BATISTA FILHO,True,True,True,True,True,True,False,False,False,False,True,True,0,129453.3
2018,PA,PTB,1444,JOSE EDUARDO PEREIRA DA COSTA,True,True,True,True,True,True,False,False,False,False,True,True,1,233538.05
2018,PA,PTB,1456,PAULO EDUARDO MAESTRI BENGTSON,False,False,False,False,False,False,False,False,False,False,False,False,1,1150000.0
2018,PA,PTC,3600,ANTONIO CARLOS DOS SANTOS GOMES,False,False,False,False,False,False,False,False,False,False,False,False,0,
2018,PA,PTC,3611,CLAUDIOMAR DIAS DE ALMEIDA,True,True,True,True,True,True,False,False,False,True,True,True,0,2240.0
2018,PA,PTC,3621,ELIEL NINA DE AZEVEDO,True,False,False,True,False,False,True,False,False,False,False,False,0,
2018,PA,PTC,3636,RONILSON CORREA DE SENA,False,False,False,True,False,False,False,False,False,False,False,False,0,140.0
2018,PA,PTC,3677,CLAUDIO BOTELHO CAVALCANTE,False,False,False,False,False,False,False,False,False,False,False,False,0,
2018,PA,PV,4300,JANAINA RENEE ARGUELHES DOS SANTOS DIAS,False,False,False,False,False,False,False,False,False,False,False,False,0,15000.0
2018,PA,PV,4343,JOSE CARLOS LIMA DA COSTA,True,True,True,True,False,True,False,False,False,False,True,True,0,243283.39
2018,PA,REDE,1800,IRAN DA SILVA PEREIRA,False,False,False,False,False,False,False,False,False,False,False,False,0,
2018,PA,REDE,1807,HEBER RICHES MEDEIROS BRITO,False,False,False,False,False,False,False,False,False,False,False,False,0,
2018,PA,REDE,1818,DARCILETE DA SILVA CANTE,False,False,False,False,False,False,False,False,False,False,False,False,0,
2018,PA,REDE,1823,TIAGO SOARES FERNANDES,False,False,False,False,False,False,False,False,False,False,False,False,0,
2018,PA,REDE,1888,GILENO DO NASCIMENTO BRITO,False,False,False,False,False,False,False,False,False,False,False,False,0,
2018,PA,SOLIDARIEDADE,7700,BRUNA QUADROS TOMÉ,False,False,False,False,False,False,False,False,False,False,False,False,0,10000.0
2018,PA,SOLIDARIEDADE,7777,YORANN CHRISTIE BRAGA DA COSTA,False,False,False,False,False,False,False,False,False,False,False,False,0,250000.0
2018,PA,SOLIDARIEDADE,7788,EVERALDO NASCIMENTO DE SOUSA,False,False,False,False,False,False,False,False,False,False,False,False,0,10000.0
2018,PB,AVANTE,7000,EMERSON MACHADO LIMA,False,False,False,False,False,False,False,False,False,False,False,False,0,200000.0
2018,PB,AVANTE,7007,JULIANA KARLA FALCÃO DE ARAÚJO MATIAS,False,False,False,False,False,False,False,False,False,False,False,False,0,50000.0
2018,PB,AVANTE,7011,MILENA BATISTA CRISPIM DA SILVA,False,False,False,False,False,False,False,False,False,False,False,False,0,
2018,PB,AVANTE,7013,FABRINNI GAUDENCIO BRITO,False,False,False,False,False,False,False,False,False,False,False,False,0,6150.0
2018,PB,AVANTE,7015,ARI SANTOS SILVA,False,False,False,False,False,False,False,False,False,False,False,False,0,2000.0
2018,PB,AVANTE,7017,DJALMA BENTO FERNANDES JUNIOR,True,True,True,True,False,True,False,False,False,False,True,True,0,2450.0
2018,PB,AVANTE,7022,LUCIA DE FATIMA MATIAS DE OLIVEIRA,False,False,False,False,False,False,False,False,False,False,False,False,0,
2018,PB,AVANTE,7040,ALVARO GAUDÊNCIO NETO,True,True,True,True,False,True,False,False,False,False,True,True,0,1150.0
2018,PB,AVANTE,7070,BRUNO AUGUSTO DERIU,False,False,False,False,False,False,False,False,False,False,False,False,0,
2018,PB,AVANTE,7077,AUTO TEOTONIO DE QUEIROZ NETO,False,False,False,False,False,False,False,False,False,False,False,False,0,
2018,PB,AVANTE,7088,AILTON GALVÃO DA SILVA,False,False,False,False,False,False,False,False,False,False,False,False,0,
2018,PB,DC,2700,JOSÉ ROBERTO DE OLIVEIRA,False,False,False,False,False,False,False,False,False,False,False,False,0,11944.56
2018,PB,DEM,2511,EFRAIM DE ARAUJO MORAIS FILHO,True,True,True,True,True,True,False,False,False,False,True,True,1,1090476.36
2018,PB,DEM,2544,SUZANNE FERNANDA FREIRE DE CARVALHO DIAS ALBUQUERQUE,False,False,False,False,False,False,False,False,False,False,False,False,0,20000.0
2018,PB,MDB,1500,EVISNALDO CRUZ DE ANDRADE,False,False,False,False,False,False,False,False,False,False,False,False,0,30000.0
2018,PB,MDB,1510,TATIANA DE OLIVEIRA MEDEIROS,True,True,True,True,False,True,False,False,False,False,True,True,0,350000.0
2018,PB,MDB,1511,ANDRÉ MADRUGA BEZERRA CAVALCANTI,False,False,False,False,False,False,False,False,False,False,False,False,0,10000.0
2018,PB,MDB,1515,BENJAMIN GOMES MARANHÃO NETO,True,True,True,True,True,True,False,True,False,False,True,True,0,1500000.0
2018,PB,MDB,1522,RICARDO DA SILVA ALMEIDA,False,False,False,False,False,False,False,False,False,False,False,False,0,25000.0
2018,PB,MDB,1544,CLAUDIA ARNALDO DE ALENCAR ARAUJO,False,True,True,False,True,False,False,True,False,True,False,False,0,80000.0
2018,PB,MDB,1555,WALTER GALDINO DA SILVA JUNIOR,False,False,False,False,False,False,False,False,False,False,False,False,0,10000.0
2018,PB,MDB,1558,ALZENI RODRIGUES DOS SANTOS,False,False,False,False,False,False,False,False,False,False,False,False,0,10000.0
2018,PB,MDB,1577,NADJA DIOGENES PALITOT Y PALITOT,True,True,True,True,False,True,False,False,False,False,True,True,0,200000.0
2018,PB,MDB,1599,ALEXINA BEZERRA CAVALCANTI ALVES,False,False,False,False,False,False,False,False,False,False,False,False,0,54800.0
2018,PB,NOVO,3000,MARILIA DE ALMEIDA DANTAS,False,False,False,False,False,False,False,False,False,False,False,False,0,2149.16
2018,PB,NOVO,3030,DIEGO ERICK AIRES DE MIRANDA,False,False,False,False,False,False,False,False,False,False,False,False,0,2698.8999999999996
2018,PB,PATRI,5100,EDVANILSON ALVES,False,False,False,False,False,False,False,False,False,False,False,False,0,
2018,PB,PATRI,5110,LUCIANO MEDEIROS LIMA,False,False,False,False,False,False,False,False,False,False,False,False,0,
2018,PB,PATRI,5111,JOSÉ VIEIRA FILHO,False,False,False,False,False,False,False,False,False,False,False,False,0,
2018,PB,PATRI,5113,JONATHA ROSSI VIANA DE OLIVEIRA,False,False,False,False,False,False,False,False,False,False,False,False,0,
2018,PB,PATRI,5115,LUCICLEIA ELEUTERIO DE OLIVEIRA NEVES,False,False,False,False,False,False,False,False,False,False,False,False,0,50000.0
2018,PB,PATRI,5122,LUIZ BATISTA DE OLIVEIRA,True,False,False,True,False,False,False,False,False,False,True,False,0,
2018,PB,PATRI,5123,LAERCIO GONCALVES BRAGA,False,False,False,False,False,False,False,False,False,False,False,False,0,
2018,PB,PATRI,5151,SERGIO FRANCISCO MAXIMO,False,False,False,False,False,False,False,False,False,False,False,False,0,
2018,PB,PATRI,5177,SILVANO DE MORAIS ARAÚJO,False,False,False,False,False,False,False,False,False,False,False,False,0,
2018,PB,PATRI,5199,FRANCISCO MARINHO DA NOBREGA JUNIOR,False,False,False,False,False,False,False,False,False,False,False,False,0,
2018,PB,PC do B,6521,ERIVAM PEREIRA DA SILVA,False,False,False,False,False,False,False,False,False,False,False,False,0,8234.0
2018,PB,PC do B,6555,JOSIAS RIBEIRO DE OLIVEIRA,False,False,False,False,False,False,False,False,False,False,False,False,0,13233.0
2018,PB,PC do B,6565,GREGORIA BENARIO LINS E SILVA,False,False,False,False,False,False,False,False,False,False,False,False,0,79890.0
2018,PB,PC do B,6599,HELENA UEMA,False,False,False,False,False,False,False,False,False,False,False,False,0,8233.0
2018,PB,PDT,1212,DAMIÃO FELICIANO DA SILVA,True,True,True,True,True,True,False,False,False,False,True,True,1,570000.0
2018,PB,PHS,3100,RICARDO DA COSTA RAMALHO,False,False,False,False,False,False,False,False,False,False,False,False,0,12750.0
2018,PB,PHS,3101,TELMA MARIA FERNANDES DE SOUZA,False,False,False,False,False,False,False,False,False,False,False,False,0,15000.0
2018,PB,PHS,3111,MASSILON CORDEIRO LEITE,False,False,False,False,False,False,False,False,False,False,False,False,0,5000.0
2018,PB,PHS,3131,ANTONIO DE SOUZA SOARES,False,False,False,False,False,False,False,False,False,False,False,False,0,5000.0
2018,PB,PHS,3169,ALEXANDRE FERNANDES DA SILVA,False,False,False,False,False,False,False,False,False,False,False,False,0,5000.0
2018,PB,PMN,3333,LIDIA DE MOURA SILVA CRONEMBERGER,True,False,False,True,False,False,True,False,False,False,True,False,0,250000.0
2018,PB,PMN,3344,FRANCISCO ANTONIO BRAGA ROLIM,False,False,False,False,False,False,False,False,False,False,False,False,0,
2018,PB,PODE,1900,ANA CLÁUDIA OLIVEIRA DA NÓBREGA VITAL DO RÊGO,False,False,False,False,False,False,False,False,False,False,False,False,0,1000000.0
2018,PB,PODE,1940,ANDERSON MARINHO DE ALMEIDA,False,False,False,False,False,False,False,False,False,False,False,False,0,
2018,PB,PP,1100,ELIZA VIRGINIA DE SOUZA FERNANDES,True,True,True,True,False,True,False,False,False,False,True,True,0,1266000.0
2018,PB,PP,1101,HELENA MARIA DUARTE DE HOLANDA,False,False,False,False,False,False,False,False,False,False,False,False,0,200000.0
2018,PB,PP,1110,FABIO RODRIGUES DE OLIVEIRA,True,True,True,True,False,True,False,False,False,False,True,True,0,150000.0
2018,PB,PP,1111,AGUINALDO VELLOSO BORGES RIBEIRO,True,True,True,True,True,True,False,False,False,False,True,True,1,1244054.32
2018,PB,PP,1122,GUILHERME AUGUSTO FIGUEIREDO DE ALMEIDA,True,True,True,True,True,True,False,False,False,False,True,True,0,150000.0
2018,PB,PP,1133,EITEL SANTIAGO DE BRITO PEREIRA,False,False,False,False,False,False,False,False,False,False,False,False,0,501499.99
2018,PB,PP,1177,HILTON SOUTO MAIOR NETO,False,False,False,False,False,False,False,False,False,False,False,False,0,303548.7
2018,PB,PPL,5444,LUCIANO BRENO CHAVES PEREIRA,False,False,False,False,False,False,False,False,False,False,False,False,0,
2018,PB,PPS,2322,JOÃO DE ARAUJO DANTAS,False,False,False,False,False,False,False,False,False,False,False,False,0,
2018,PB,PPS,2323,RAIMUNDO NONATO COSTA BANDEIRA,True,True,True,True,False,True,False,False,False,False,True,True,0,174000.0
2018,PB,PPS,2333,JOSÉ CUSTÓDIO CARNEIRO JUNIOR,False,False,False,False,False,False,False,False,False,False,False,False,0,
2018,PB,PR,2222,JOSÉ WELLINGTON ROBERTO,True,True,True,True,True,True,False,False,False,False,True,True,1,1660000.0
2018,PB,PR,2223,SEVERINO ALVES BARBOSA FILHO,False,False,False,False,False,False,False,False,False,False,False,False,0,100000.0
2018,PB,PRB,1001,ANTONIO DANTAS PINHEIRO,False,False,False,False,False,False,False,False,False,False,False,False,0,4350.0
2018,PB,PRB,1010,JOSÉ LUIZ PEREIRA GONÇALVES,True,True,True,True,False,True,False,False,False,False,True,True,0,566722.9
2018,PB,PRB,1011,HUGO MOTTA WANDERLEY DA NÓBREGA,True,True,True,True,True,True,False,False,False,False,True,True,1,894538.16
2018,PB,PROS,9090,ANDRÉ AUGUSTO CASTRO DO AMARAL FILHO,False,False,False,False,False,False,False,False,False,False,False,False,0,350000.0
2018,PB,PRP,4400,ADEILTON FERREIRA DE LIMA,False,False,False,False,False,False,False,False,False,False,False,False,0,
2018,PB,PRP,4411,MAURILIO JOCA CABRAL,False,False,False,False,False,False,False,False,False,False,False,False,0,
2018,PB,PRP,4412,PLÍNIO DE OLIVEIRA TAVARES,False,False,False,False,False,False,False,False,False,False,False,False,0,
2018,PB,PRP,4455,ALINE DA SILVA GOMES,False,False,False,False,False,False,False,False,False,False,False,False,0,10000.0
2018,PB,PRP,4488,SAMARA SOARES SILVA,False,False,False,False,False,False,False,False,False,False,False,False,0,15000.0
2018,PB,PRTB,2810,EMMANUELLE MARINA ALVES DA SILVA,False,False,False,False,False,False,False,False,False,False,False,False,0,
2018,PB,PRTB,2815,CLAUDEMIRA EURIQUES DE VASCONCELOS,False,False,False,False,False,False,False,False,False,False,False,False,0,
2018,PB,PRTB,2822,CRISTIANE FEITOSA DA SILVA,False,False,False,False,False,False,False,False,False,False,False,False,0,2335.0
2018,PB,PRTB,2828,FERNANDO ANTONIO BORGES DE SOUZA,False,False,False,False,False,False,False,False,False,False,False,False,0,5685.0
2018,PB,PRTB,2877,RENATA PRISCILLA BEZERRA DA SILVA,False,False,False,False,False,False,False,False,False,False,False,False,0,3150.0
2018,PB,PRTB,2880,JOSÉ CARLOS FIRMINO DA SILVA,False,False,False,False,False,False,False,False,False,False,False,False,0,1675.0
2018,PB,PRTB,2888,WELTON CARDOSO SILVA,False,False,False,False,False,False,False,False,False,False,False,False,0,850.0
2018,PB,PSB,4000,MARIA SANDRA PEREIRA DE MARROCOS,False,False,False,False,False,False,False,False,False,False,False,False,0,470000.0
2018,PB,PSB,4010,FRANCISCO LOPES DA SILVA,True,True,True,True,False,True,False,False,False,False,True,True,0,
2018,PB,PSB,4022,VALTEMIRA CLEY AVELINO DA SILVA,False,False,False,False,False,False,False,False,False,False,False,False,0,
2018,PB,PSB,4040,GERVÁSIO AGRIPINO MAIA,True,True,True,True,True,True,False,False,False,False,True,True,1,800000.0
2018,PB,PSC,2000,MANOEL ALVES DA SILVA JUNIOR,True,True,True,True,True,True,False,True,False,False,True,True,0,300013.2
2018,PB,PSC,2002,ROSITÂNIA MARIA DA SILVA,False,False,False,False,False,False,False,False,False,False,False,False,0,
2018,PB,PSC,2020,LEONARDO DE MELO GADELHA,True,True,True,True,True,True,False,False,False,False,True,True,0,1000013.2
2018,PB,PSD,5500,ARTHUR DA GAMA FRANÇA,False,False,False,False,False,False,False,False,False,False,False,False,0,
2018,PB,PSD,5566,ANTONIO ALVES PIMENTEL FILHO,False,False,False,False,False,False,False,False,False,False,False,False,0,
2018,PB,PSDB,4500,EDNACE ALVES SILVESTRE HENRIQUE,False,True,True,False,True,False,False,True,False,True,False,False,1,774000.0
2018,PB,PSDB,4510,PEDRO OLIVEIRA CUNHA LIMA,False,False,False,False,False,False,False,False,False,False,False,False,1,1020400.0
2018,PB,PSDB,4511,PATRICK TEIXEIRA DORNELES PIRES,False,False,False,False,False,False,False,False,False,False,False,False,0,52250.0
2018,PB,PSDB,4515,MONICA NOBREGA FIGUEIREDO,False,False,False,False,False,False,False,False,False,False,False,False,0,152250.0
2018,PB,PSDB,4533,ANTONIO ARAÚJO DO NASCIMENTO,False,False,False,False,False,False,False,False,False,False,False,False,0,50000.0
2018,PB,PSDB,4555,EDIRCE DE OLIVEIRA SILVA,False,False,False,False,False,False,False,False,False,False,False,False,0,
2018,PB,PSDB,4567,RUY MANUEL CARNEIRO BARBOSA DE AÇA BELCHIOR,True,True,True,True,True,True,False,False,False,True,True,True,1,934550.0
2018,PB,PSDB,4569,RAFAEL PEREIRA SOUSA,False,False,False,False,False,False,False,False,False,False,False,False,0,52250.0
2018,PB,PSL,1700,LUCINEIDE DA SILVA,False,False,False,False,False,False,False,False,False,False,False,False,0,2000.0
2018,PB,PSL,1711,ARIONALDO PINHEIRO DO NASCIMENTO,False,False,False,False,False,False,False,False,False,False,False,False,0,12000.0
2018,PB,PSL,1715,RIVALDO ALVES DE SOUSA,False,False,False,False,False,False,False,False,False,False,False,False,0,3000.0
2018,PB,PSL,1717,GULLIEM CHARLES BEZERRA LEMOS,False,False,False,False,False,False,False,False,False,False,False,False,1,361938.0
2018,PB,PSL,1718,SERGIO HENRIQUE AMARAL GOUVEIA MONIZ,False,False,False,False,False,False,False,False,False,False,False,False,0,13999.99
2018,PB,PSL,1722,ANTONIO DE SOUZA SANTOS FILHO,False,False,False,False,False,False,False,False,False,False,False,False,0,21050.0
2018,PB,PSL,1727,GENILSON LUCENA DE MORAIS,False,False,False,False,False,False,False,False,False,False,False,False,0,13000.0
2018,PB,PSL,1744,CICERO JOSE FERNANDES DO CARMO,False,False,False,False,False,False,False,False,False,False,False,False,0,
2018,PB,PSL,1755,FRANCISCO MARCIO EUGENIO VIEIRA SARAIVA,False,False,False,False,False,False,False,False,False,False,False,False,0,5000.0
2018,PB,PSL,1767,JOSÉ CÍCERO DOS SANTOS,False,False,False,False,False,False,False,False,False,False,False,False,0,12999.99
2018,PB,PSL,1770,RUI DA SILVA NOBREGA,False,False,False,False,False,False,False,False,False,False,False,False,0,24999.98
2018,PB,PSL,1777,MORGANA MACENA DE SANTANA,False,False,False,False,False,False,False,False,False,False,False,False,0,33999.979999999996
2018,PB,PSL,1789,EDUARDO CAVALCANTI DE MELLO,False,False,False,False,False,False,False,False,False,False,False,False,0,8000.0
2018,PB,PSL,1790,IRIS OLIVEIRA DO NASCIMENTO,False,False,False,False,False,False,False,False,False,False,False,False,0,29999.989999999998
2018,PB,PSOL,5000,JÚLIO CÉSAR FERREIRA DA SILVA,False,False,False,False,False,False,False,False,False,False,False,False,0,5437.23
2018,PB,PSOL,5005,SILVIO ROBERTO CALAÇO,False,False,False,False,False,False,False,False,False,False,False,False,0,5437.23
2018,PB,PSOL,5010,CICERO EZEQUIEL FILHO,True,True,True,True,False,True,False,False,False,False,True,True,0,5197.23
2018,PB,PSOL,5013,JÉSSICA FERREIRA DE ALMEIDA MONTEIRO,False,False,False,False,False,False,False,False,False,False,False,False,0,5684.73
2018,PB,PSOL,5015,JOSEFA PAULINO AMORIM,False,False,False,False,False,False,False,False,False,False,False,False,0,6122.23
2018,PB,PT,1300,MARCOS HENRIQUES E SILVA,False,False,False,False,False,False,False,False,False,False,False,False,0,413076.13
2018,PB,PT,1313,MOISES VIRGINIO DE BARROS,False,False,False,False,False,False,False,False,False,False,False,False,0,16901.23
2018,PB,PT,1340,MARIA DO SOCORRO DE PONTES BEZERRA,False,False,False,False,False,False,False,False,False,False,False,False,0,81349.05
2018,PB,PT,1345,ANTONIO RIBEIRO,True,True,True,True,True,True,False,False,False,False,True,True,1,398500.0
2018,PB,PTB,1411,JOSÉ WILSON SANTIAGO,True,True,True,True,True,True,False,False,False,True,True,True,1,1265887.69
2018,PB,PTB,1414,EVA VILMA ALVES PIRES MENDES,False,False,False,False,False,False,False,False,False,False,False,False,0,354652.0
2018,PB,PTC,3600,MAURO LUIZ DA SILVA VERISSIMO,False,False,False,False,False,False,False,False,False,False,False,False,0,
2018,PB,PTC,3607,MARCELO GUIMARAES SILVA,False,False,False,False,False,False,False,False,False,False,False,False,0,
2018,PB,PTC,3610,JOSE ALVES DE BRITO JUNIOR,False,False,False,False,False,False,False,False,False,False,False,False,0,
2018,PB,PTC,3611,MARIA LUCIA ARAUJO DE MEDEIROS,False,False,False,False,False,False,False,False,False,False,False,False,0,50000.0
2018,PB,PTC,3655,MARIA VITORIA PAIVA CHAVES,False,False,False,False,False,False,False,False,False,False,False,False,0,
2018,PB,PTC,3678,CLOTILDE DE MENESES DANTAS,False,False,False,False,False,False,False,False,False,False,False,False,0,15000.0
2018,PB,PV,4300,EXPEDITO LEITE DA SILVA,True,True,True,True,False,True,False,False,False,False,True,True,0,
2018,PB,PV,4310,VALDEMIR JOAQUIM DE SOUZA,False,False,False,False,False,False,False,False,False,False,False,False,0,
2018,PB,PV,4321,VALDENI GOMES DE ARAÚJO,False,False,False,False,False,False,False,False,False,False,False,False,0,15000.0
2018,PB,PV,4334,GERALDO AMORIM DE SOUSA,True,True,True,True,False,True,False,False,False,False,True,True,0,
2018,PB,PV,4377,MILANA SALES DE MELO,False,False,False,False,False,False,False,False,False,False,False,False,0,27700.0
2018,PB,REDE,1800,LUIZ ANTONIO LUCIO RANGEL,True,True,True,True,False,True,False,False,False,False,True,True,0,140000.0
2018,PB,REDE,1808,DANIELA CARLOS DA SILVA,False,False,False,False,False,False,False,False,False,False,False,False,0,
2018,PB,REDE,1888,JACOB SILVA SOUTO,False,False,False,False,False,False,False,False,False,False,False,False,0,
2018,PB,REDE,1899,MARILUZIA PEREIRA DE SOUZA,False,False,False,False,False,False,False,False,False,False,False,False,0,800.0
2018,PB,SOLIDARIEDADE,7777,BRUNO CUNHA LIMA BRANCO,False,False,False,False,False,False,False,False,False,False,False,False,0,
2018,PE,AVANTE,7000,ADALBERTO CAVALCANTI RODRIGUES,True,True,True,True,True,True,False,True,False,True,True,True,0,969000.0
2018,PE,AVANTE,7002,MARIA SILVANIA DA SILVA,False,False,False,False,False,False,False,False,False,False,False,False,0,5000.0
2018,PE,AVANTE,7017,ANA EVELINE MARQUES DE SANTANA,False,False,False,False,False,False,False,False,False,False,False,False,0,3000.0
2018,PE,AVANTE,7022,MARIA FERNANDA DA CONCEIÇÃO COSMO,False,False,False,False,False,False,False,False,False,False,False,False,0,
2018,PE,AVANTE,7042,JAQUELINE TENORIO DE ANDRADE,False,False,False,False,False,False,False,False,False,False,False,False,0,
2018,PE,AVANTE,7070,FABIO ANDRE DE MEDEIROS LIRA,False,False,False,False,False,False,False,False,False,False,False,False,0,
2018,PE,DC,2700,FRED DE ALBUQUERQUE MASIERO PINHEIRO,False,False,False,False,False,False,False,False,False,False,False,False,0,4600.0
2018,PE,DC,2708,JOAO AGRIPINO DA SILVA,False,False,False,False,False,False,False,False,False,False,False,False,0,2600.0
2018,PE,DC,2712,SONJA MARQUES FERREIRA,False,False,False,False,False,False,False,False,False,False,False,False,0,3100.0
2018,PE,DC,2722,SILVIO DINIZ ARAUJO,False,False,False,False,False,False,False,False,False,False,False,False,0,2600.0
2018,PE,DC,2727,JOSÉ GERALDO LINS DE QUEIRÓS,False,False,False,False,False,False,False,False,False,False,False,False,0,16600.0
2018,PE,DC,2733,POTYRA VIEIRA DOS SANTOS,False,False,False,False,False,False,False,False,False,False,False,False,0,3100.0
2018,PE,DC,2734,GILDA MARIA DA SILVA,False,False,False,False,False,False,False,False,False,False,False,False,0,3100.0
2018,PE,DC,2741,WELLINGTON DA SILVA BARBOSA,False,False,False,False,False,False,False,False,False,False,False,False,0,2600.0
2018,PE,DC,2742,SEVERINA MARIA DA SILVA,False,False,False,False,False,False,False,False,False,False,False,False,0,600.0
2018,PE,DC,2755,VALDENICE MACIEL FERREIRA,False,False,False,False,False,False,False,False,False,False,False,False,0,3100.0
2018,PE,DC,2766,ABDIAS DE OLIVEIRA SILVA,False,False,False,False,False,False,False,False,False,False,False,False,0,2600.0
2018,PE,DC,2770,GEORGE SAULO DE ANDRADE COSTA,False,False,False,False,False,False,False,False,False,False,False,False,0,4600.0
2018,PE,DC,2777,AUSLE SOARES LUCENA,False,False,False,False,False,False,False,False,False,False,False,False,0,2600.0
2018,PE,DC,2788,JACKSON NERY DE LISBOA,False,False,False,False,False,False,False,False,False,False,False,False,0,2600.0
2018,PE,DC,2789,GILMAR FERREIRA DE AMADEUS,False,False,False,False,False,False,False,False,False,False,False,False,0,2600.0
2018,PE,DEM,2501,FERNANDO BEZERRA DE SOUZA COELHO FILHO,True,True,True,True,True,True,False,False,False,False,True,True,1,940000.0
2018,PE,DEM,2525,VINICIUS VILAÇA BEZERRA MENDONÇA,False,False,False,False,False,False,False,False,False,False,False,False,0,350000.0
2018,PE,DEM,2555,ANTONIO CARLOS VIEIRA DOS SANTOS,True,True,True,True,True,True,False,False,False,True,True,True,0,400000.0
2018,PE,DEM,2577,MARIO JORGE LEMOS DE CASTRO LOBO,False,False,False,False,False,False,False,False,False,False,False,False,0,
2018,PE,MDB,1515,RAUL JEAN LOUIS HENRY JUNIOR,True,True,True,True,True,True,False,False,False,True,True,True,1,841444.32
2018,PE,MDB,1524,BAIARDO DE ANDRADE LIMA,False,False,False,False,False,False,False,False,False,False,False,False,0,
2018,PE,NOVO,3000,RENATO GOMES CARVALHO,False,False,False,False,False,False,False,False,False,False,False,False,0,1296.6599999999999
2018,PE,NOVO,3001,ANDRÉ DE SOUZA MELO TEIXEIRA,False,False,False,False,False,False,False,False,False,False,False,False,0,1099.1599999999999
2018,PE,NOVO,3003,JOSÉ ELIAS FERREIRA DA SILVA,False,False,False,False,False,False,False,False,False,False,False,False,0,1099.1599999999999
2018,PE,NOVO,3010,SARA BARBOSA RODRIGUES DOS SANTOS NOEL-BOUTON,False,False,False,False,False,False,False,False,False,False,False,False,0,1099.1599999999999
2018,PE,NOVO,3021,MARIA PENÉLOPE CAMINHA PORTELA SIQUEIRA,False,False,False,False,False,False,False,False,False,False,False,False,0,1099.1599999999999
2018,PE,NOVO,3030,CHARBEL ELIAS MAROUN,False,False,False,False,False,False,False,False,False,False,False,False,0,20814.07
2018,PE,NOVO,3031,JOÃO ANTONIO CARNEIRO LEÃO GOMES DE CARVALHO,False,False,False,False,False,False,False,False,False,False,False,False,0,6599.16
2018,PE,NOVO,3033,ANDRÉA CRISTINA CARVALHEIRA GUTHMANN,False,False,False,False,False,False,False,False,False,False,False,False,0,1099.1599999999999
2018,PE,NOVO,3040,ALEXANDRA KARLA SOARES DE MORAIS,False,False,False,False,False,False,False,False,False,False,False,False,0,4099.16
2018,PE,PATRI,5100,JEOSAFA SANTOS DA SILVA,False,False,False,False,False,False,False,False,False,False,False,False,0,3000.0
2018,PE,PATRI,5101,JOSE NILTON BARBOSA DA SILVA,False,False,False,False,False,False,False,False,False,False,False,False,0,3000.0
2018,PE,PATRI,5102,MARIA APARECIDA DA CONCEIÇÃO SILVA,False,False,False,False,False,False,False,False,False,False,False,False,0,3108.9700000000003
2018,PE,PATRI,5104,LUCIANA LEAO URQUIZA GONÇALVES,False,False,False,False,False,False,False,False,False,False,False,False,0,1500.0
2018,PE,PATRI,5105,JOSE GOMES DA SILVA FILHO,False,False,False,False,False,False,False,False,False,False,False,False,0,
2018,PE,PATRI,5107,ANSELMO LUIZ RAMOS SANTIAGO,False,False,False,False,False,False,False,False,False,False,False,False,0,3108.9700000000003
2018,PE,PATRI,5110,ERIVAN MAIA DOS SANTOS,False,False,False,False,False,False,False,False,False,False,False,False,0,3000.0
2018,PE,PATRI,5111,GILSON FRANCELINO DE ARAUJO SILVA,False,False,False,False,False,False,False,False,False,False,False,False,0,
2018,PE,PATRI,5112,SAMUEL VICENTE DA SILVA ,False,False,False,False,False,False,False,False,False,False,False,False,0,3000.0
2018,PE,PATRI,5113,MARIA DAS GRAÇAS DE ALMEIDA CASTRO ANDRADE,False,False,False,False,False,False,False,False,False,False,False,False,0,
2018,PE,PATRI,5115,SERGIO RICARDO PEREIRA DA SILVA,False,False,False,False,False,False,False,False,False,False,False,False,0,3108.97
2018,PE,PATRI,5120,MOISES FRANCISCO DA SILVA,True,True,True,True,False,True,False,False,False,False,True,True,0,
2018,PE,PATRI,5122,DAVI BERNARDO MUNIZ,False,False,False,False,False,False,False,False,False,False,False,False,0,
2018,PE,PATRI,5123,WELLINGTON DUARTE CARNEIRO,False,False,False,False,False,False,False,False,False,False,False,False,0,3108.97
2018,PE,PATRI,5124,VICTORIA DE SOUZA TRAVASSOS,False,False,False,False,False,False,False,False,False,False,False,False,0,3000.0
2018,PE,PATRI,5125,MARILIA MARIA VIANA DE SOUZA,False,False,False,False,False,False,False,False,False,False,False,False,0,6608.97
2018,PE,PATRI,5131,EDILENE PEREIRA DA SILVA,False,False,False,False,False,False,False,False,False,False,False,False,0,6608.97
2018,PE,PATRI,5132,FRANCISCA VIEIRA DO REGO ,False,False,False,False,False,False,False,False,False,False,False,False,0,
2018,PE,PATRI,5133,CARLOS MANUEL FLORENCIO,False,False,False,False,False,False,False,False,False,False,False,False,0,3000.0
2018,PE,PATRI,5135,ADEILSON COELHO DE LIMA,False,False,False,False,False,False,False,False,False,False,False,False,0,3000.0
2018,PE,PATRI,5136,JOSE DE OLIVEIRA BRITO,False,False,False,False,False,False,False,False,False,False,False,False,0,
2018,PE,PATRI,5144,JAILTON BATISTA CAVALCANTI,False,False,False,False,False,False,False,False,False,False,False,False,0,
2018,PE,PATRI,5145,LUCIANA NUNES DE ARRUDA CABRAL,False,False,False,False,False,False,False,False,False,False,False,False,0,
2018,PE,PATRI,5150,LUIZ GERALDO CABOCLO DOS SANTOS,False,False,False,False,False,False,False,False,False,False,False,False,0,3414.14
2018,PE,PATRI,5151,FRANCISCO EURICO DA SILVA,True,True,True,True,True,True,False,False,False,False,True,True,1,311500.0
2018,PE,PATRI,5152,PAULO ROBERTO LEITE DE ARRUDA,False,False,True,False,False,False,False,False,False,True,False,False,0,
2018,PE,PATRI,5153,NIVALDO FELIPE DE LIRA,False,False,False,False,False,False,False,False,False,False,False,False,0,3000.0
2018,PE,PATRI,5155,CÁSSIA COELHO DE SOUZA NASCIMENTO,False,False,False,False,False,False,False,False,False,False,False,False,0,3000.0
2018,PE,PATRI,5160,PEDRO PAULO MARQUES DE OLIVEIRA,False,False,False,False,False,False,False,False,False,False,False,False,0,3108.97
2018,PE,PATRI,5161,MARIA CRISTIANE DE ALBUQUERQUE,False,False,False,False,False,False,False,False,False,False,False,False,0,3000.0
2018,PE,PATRI,5166,GERALDO DOMINGOS DA SILVA,False,False,False,False,False,False,False,False,False,False,False,False,0,3108.97
2018,PE,PATRI,5175,JOACI DE FREITAS VALENTIM DA SILVA,False,False,False,False,False,False,False,False,False,False,False,False,0,6608.97
2018,PE,PATRI,5177,ANDRE LUIZ RIZERIO DE SIQUEIRA CAVALCANTI,False,False,False,False,False,False,False,False,False,False,False,False,0,3108.97
2018,PE,PATRI,5188,ROSILANE ALVES DA SILVA,False,False,False,False,False,False,False,False,False,False,False,False,0,
2018,PE,PATRI,5199,JOSE DINIZ FERREIRA,False,False,False,False,False,False,False,False,False,False,False,False,0,3108.97
2018,PE,PC do B,6513,RENILDO VASCONCELOS CALHEIROS,True,True,True,True,True,True,False,True,False,True,True,True,1,1348940.57
2018,PE,PCB,2100,JOSIAS LEANDRO DOS SANTOS,False,False,False,False,False,False,False,False,False,False,False,False,0,6490.0
2018,PE,PCB,2111,ELVIRA DE SIQUEIRA CAVALCANTI,False,False,False,False,False,False,False,False,False,False,False,False,0,24713.38
2018,PE,PCB,2121,PAULO CAMELO DE HOLANDA CAVALCANTI,False,False,False,False,False,False,False,False,False,False,False,False,0,10000.0
2018,PE,PCB,2122,VITOR ZAPAROLI BORGHERESI,False,False,False,False,False,False,False,False,False,False,False,False,0,71407.73
2018,PE,PDT,1200,WASHINGTON JOSÉ GADELHA,False,False,False,False,False,False,False,False,False,False,False,False,0,
2018,PE,PDT,1212,TÚLIO GADELHA SALES DE MELO,False,False,False,False,False,False,False,False,False,False,False,False,1,109097.95999999999
2018,PE,PDT,1213,DEVANILDO ANTONIO DOS ANJOS,False,False,False,False,False,False,False,False,False,False,False,False,0,
2018,PE,PDT,1220,JAIR DA COSTA SILVA,False,False,False,False,False,False,False,False,False,False,False,False,0,
2018,PE,PDT,1223,JOSILENE DOS SANTOS SILVA,False,False,False,False,False,False,False,False,False,False,False,False,0,20000.0
2018,PE,PDT,1224,JOSÉ JOAQUIM DE MELO FILHO,False,False,False,False,False,False,False,False,False,False,False,False,0,
2018,PE,PDT,1231,MARIA REBEKA LINARES DE OLIVEIRA,False,False,False,False,False,False,False,False,False,False,False,False,0,
2018,PE,PDT,1234,WOLNEY QUEIROZ MACIEL,True,True,True,True,True,True,False,False,False,False,True,True,1,665000.0
2018,PE,PDT,1244,ROBSON BEZERRA RODRIGUES,False,False,False,False,False,False,False,False,False,False,False,False,0,
2018,PE,PHS,3100,ANDRÉ LOURENÇO DA SILVA,False,False,False,False,False,False,False,False,False,False,False,False,0,52000.0
2018,PE,PHS,3110,GERSON ANTONIO DA SILVA,False,False,False,False,False,False,False,False,False,False,False,False,0,12000.0
2018,PE,PHS,3111,NUNES RAFAEL MENDES COELHO,False,False,False,False,False,False,False,False,False,False,False,False,0,47000.0
2018,PE,PHS,3120,ERICA FABIULA BARBOSA GOMES,False,False,False,False,False,False,False,False,False,False,False,False,0,60000.0
2018,PE,PHS,3122,GILVAN OLIVEIRA COSTA,True,True,True,True,True,True,False,False,False,False,True,True,0,22000.0
2018,PE,PHS,3131,FERNANDO RODOLFO TENORIO DE VASCONCELOS,False,False,False,False,False,False,False,False,False,False,False,False,1,142250.2
2018,PE,PHS,3145,AIDE BATISTA DE SANTANA,False,False,False,False,False,False,False,False,False,False,False,False,0,27000.0
2018,PE,PHS,3171,MARILIA GABRIELLA PEDROSA DE SOUSA,False,False,False,False,False,False,False,False,False,False,False,False,0,27405.6
2018,PE,PHS,3177,ZENILSON BONFIM DA COSTA,False,False,False,False,False,False,False,False,False,False,False,False,0,44273.869999999995
2018,PE,PHS,3188,BENEDITO JOSÉ ALVES DA SILVA JUNIOR,False,False,False,False,False,False,False,False,False,False,False,False,0,12000.0
2018,PE,PMN,3300,FABIO JOSE SILVA,False,False,False,False,False,False,False,False,False,False,False,False,0,
2018,PE,PMN,3311,RONEI APRIGIO FREITAS DOS SANTOS,False,False,False,False,False,False,False,False,False,False,False,False,0,
2018,PE,PMN,3318,JOSÉ CARLOS DE SOUZA AGUIAR,False,False,False,False,False,False,False,False,False,False,False,False,0,
2018,PE,PMN,3322,JORGE MAURICIO DE LIMA SANTOS,False,False,False,False,False,False,False,False,False,False,False,False,0,
2018,PE,PMN,3332,AÇUCENA LIRA LINS,False,False,False,False,False,False,False,False,False,False,False,False,0,
2018,PE,PMN,3333,JAILSON FRANCISCO DE TORRES,False,False,False,False,False,False,False,False,False,False,False,False,0,170000.0
2018,PE,PMN,3344,SEVERINO HONORIO DA SILVA FILHO,False,False,False,False,False,False,False,False,False,False,False,False,0,
2018,PE,PMN,3356,SEVERINA FIDELIS DOS SANTOS,False,False,False,False,False,False,False,False,False,False,False,False,0,
2018,PE,PMN,3363,MARIA DULCINEIDE SANTOS DE CASTRO,False,False,False,False,False,False,False,False,False,False,False,False,0,
2018,PE,PMN,3366,RUTH LOURENÇO GOMES DA SILVA,False,False,False,False,False,False,False,False,False,False,False,False,0,
2018,PE,PMN,3377,CLODOALDO SOTERO DA SILVA,False,False,False,False,False,False,False,False,False,False,False,False,0,
2018,PE,PODE,1919,RICARDO TEOBALDO CAVALCANTI,True,True,True,True,True,True,False,True,False,True,True,True,1,1000000.0
2018,PE,PODE,1990,EDIVALDO CASSIMIRO LINS FILHO,False,False,True,False,False,False,False,False,False,True,False,False,0,
2018,PE,PP,1101,FLAVIO BARRETO DO REGO BARROS,False,False,False,False,False,False,False,False,False,False,False,False,0,
2018,PE,PP,1111,EDUARDO HENRIQUE DA FONTE DE ALBUQUERQUE SILVA,True,True,True,True,True,True,False,False,False,False,True,True,1,2028933.15
2018,PE,PP,1113,GILBERTO MARIO FEIJO DE MELO,False,False,False,False,False,False,False,False,False,False,False,False,0,
2018,PE,PP,1115,SILVESTRE MONTEIRO NETO,False,False,False,False,False,False,False,False,False,False,False,False,0,
2018,PE,PP,1122,CLARICE LEMOS CORRÊA DE OLIVEIRA ANDRADE,False,False,False,False,False,False,False,False,False,False,False,False,0,1500000.0
2018,PE,PP,1133,MARINALDO ROSENDO DE ALBUQUERQUE,True,True,True,True,True,True,False,True,False,True,True,True,0,1794080.0
2018,PE,PP,1177,JONATHAS DE SIQUEIRA FERREIRA,False,False,False,False,False,False,False,False,False,False,False,False,0,
2018,PE,PP,1190,FERNANDO MONTEIRO DE ALBUQUERQUE,True,True,True,True,False,True,False,False,False,False,True,True,1,2108488.0
2018,PE,PPL,5400,FRANCISCO DE ASSIS GONZAGA,False,False,False,False,False,False,False,False,False,False,False,False,0,715.0
2018,PE,PPL,5410,CIDINEZ CUSTÓDIO DA SILVA,False,False,False,False,False,False,False,False,False,False,False,False,0,650.0
2018,PE,PPL,5411,KLEBER BARBOSA DA SILVA,False,False,False,False,False,False,False,False,False,False,False,False,0,
2018,PE,PPL,5412,IRA GERDENIA VASCONCELOS ALVES,False,False,False,False,False,False,False,False,False,False,False,False,0,3000.0
2018,PE,PPL,5420,HERALDO LIMA DOS SANTOS,False,False,False,False,False,False,False,False,False,False,False,False,0,715.0
2018,PE,PPL,5421,JOSIAS GOMES DOS SANTOS,False,False,False,False,False,False,False,False,False,False,False,False,0,715.0
2018,PE,PPL,5422,RISOLENE DE LIMA MACEDO,False,False,False,False,False,False,False,False,False,False,False,False,0,
2018,PE,PPL,5432,ROBERTO RIBEIRO CORRÊA DE OLIVEIRA ANDRADE,False,False,False,False,False,False,False,False,False,False,False,False,0,
2018,PE,PPL,5433,MABEL IRIS DA SILVA,False,False,False,False,False,False,False,False,False,False,False,False,0,2000.0
2018,PE,PPL,5440,ANDERSON DEVON FERNANDES DO NASCIMENTO,False,False,False,False,False,False,False,False,False,False,False,False,0,
2018,PE,PPL,5444,CÍCERO JÚNIOR DA SILVA MARTINS,False,False,False,False,False,False,False,False,False,False,False,False,0,715.0
2018,PE,PPL,5445,JUSSARA MARIA DE SOUSA PESSÔA,False,False,False,False,False,False,False,False,False,False,False,False,0,
2018,PE,PPL,5454,NAASSAM GOMES DOS SANTOS,False,False,False,False,False,False,False,False,False,False,False,False,0,715.0
2018,PE,PPL,5465,WICTOR WINICIUS SANTANA ALMEIDA,False,False,False,False,False,False,False,False,False,False,False,False,0,650.0
2018,PE,PPL,5466,CLEIDE MARIA ASSIS DE MELO,False,False,False,False,False,False,False,False,False,False,False,False,0,2000.0
2018,PE,PPL,5477,EDVALDO CUNHA BARRETO FILHO,False,False,False,False,False,False,False,False,False,False,False,False,0,
2018,PE,PPL,5488,DOUGLAS DE MARCOS RABELO MELLO MATTOS,False,False,False,False,False,False,False,False,False,False,False,False,0,715.0
2018,PE,PPS,2300,FELIPE SIMÕES DA MOTA ORIÁ,False,False,False,False,False,False,False,False,False,False,False,False,0,55000.0
2018,PE,PPS,2320,ANDRÉ FELIPE COSTA CARVALHO,False,False,False,False,False,False,False,False,False,False,False,False,0,50000.0
2018,PE,PPS,2323,DANIEL PIRES COELHO,True,True,True,True,True,True,False,False,False,False,True,True,1,1302797.57
2018,PE,PPS,2393,TACIANA VICENTE GOUVEIA,False,False,False,False,False,False,False,False,False,False,False,False,0,200.0
2018,PE,PR,2210,WALDECY FELIPE DE SANTANA,False,False,False,False,False,False,False,False,False,False,False,False,0,
2018,PE,PR,2211,JOSE GENECI DE QUEIROZ,False,False,False,False,False,False,False,False,False,False,False,False,0,5000.0
2018,PE,PR,2213,RODOLFO DONIZETI CARNEIRO DE ALBUQUERQUE ROCHA,False,False,False,False,False,False,False,False,False,False,False,False,0,100000.0
2018,PE,PR,2222,HENRIQUE JOSE QUEIROZ COSTA,True,True,True,True,True,True,False,False,False,False,True,True,0,1800000.0
2018,PE,PR,2233,SEBASTIÃO IGNACIO DE OLIVEIRA JUNIOR,True,True,True,True,True,True,False,False,False,True,True,True,1,1400000.0
2018,PE,PR,2245,FARNEY LINO DE FRANÇA IRMÃO,False,False,False,False,False,False,False,False,False,False,False,False,0,15000.0
2018,PE,PR,2255,SEVERINA EDNA GONÇALVES DA COSTA,False,False,False,False,False,False,False,False,False,False,False,False,0,1000.0
2018,PE,PR,2266,OSMARINA DA CRUZ GOMES,False,False,False,False,False,False,False,False,False,False,False,False,0,1000.0
2018,PE,PR,2277,ANA CRISTINA JOSE DE SANTANA,False,False,False,False,False,False,False,False,False,False,False,False,0,1000.0
2018,PE,PR,2288,KATIANE DE MELO CORNÉLIO,False,False,False,False,False,False,False,False,False,False,False,False,0,
2018,PE,PR,2299,MARIA VANIA SILVA DE FARIAS,False,False,False,False,False,False,False,False,False,False,False,False,0,1000.0
2018,PE,PRB,1000,PÉRICLES DE MEDEIROS CAVALCANTI DA SILVA,False,False,False,False,False,False,False,False,False,False,False,False,0,
2018,PE,PRB,1010,SILVIO SERAFIM COSTA FILHO,True,True,True,True,True,True,False,False,False,False,True,True,1,1018375.69
2018,PE,PRB,1012,OSSESIO JOSE DA SILVA,True,True,True,True,True,True,False,False,False,False,True,True,1,654699.58
2018,PE,PROS,9000,DOALCEY FRANCELINO DE LIMA,False,False,False,False,False,False,False,False,False,False,False,False,0,
2018,PE,PROS,9001,ARNALDO ALVARO RIBEIRO,False,False,False,False,False,False,False,False,False,False,False,False,0,
2018,PE,PROS,9003,MARCIA DE CARCIA SANTOS DA SILVA,False,False,False,False,False,False,False,False,False,False,False,False,0,
2018,PE,PROS,9004,JOANA PAULA CAVALCANTE PIMENTEL DE MACEDO SANTOS,False,False,False,False,False,False,False,False,False,False,False,False,0,
2018,PE,PROS,9006,SAMUEL MARIANO DA SILVA,False,False,False,False,False,False,False,False,False,False,False,False,0,
2018,PE,PROS,9007,ALEXANDRE RODRIGUES EVANGELISTA,False,False,False,False,False,False,False,False,False,False,False,False,0,
2018,PE,PROS,9010,SILVIA GERALDA SANTOS DE FREITAS,False,False,False,False,False,False,False,False,False,False,False,False,0,
2018,PE,PROS,9012,CLOVES ANDRE DOS SANTOS SÁ,False,False,False,False,False,False,False,False,False,False,False,False,0,
2018,PE,PROS,9013,FABIO DA SILVA NETO,False,False,False,False,False,False,False,False,False,False,False,False,0,
2018,PE,PROS,9015,ALBERICO DA SILVA REGO NETO,False,False,False,False,False,False,False,False,False,False,False,False,0,
2018,PE,PROS,9030,EDINEIDE FERREIRA DE LIMA,False,False,False,False,False,False,False,False,False,False,False,False,0,
2018,PE,PROS,9033,OSVALDO LUIS FERREIRA DE SOUZA,False,False,False,False,False,False,False,False,False,False,False,False,0,
2018,PE,PROS,9040,JOSÉ MARCOS BATISTA DA SILVA,False,False,False,False,False,False,False,False,False,False,False,False,0,
2018,PE,PROS,9044,JOSE ARAUJO DA SILVA,False,False,False,False,False,False,False,False,False,False,False,False,0,
2018,PE,PROS,9070,JAILTON PEREIRA DE LIMA,False,False,False,False,False,False,False,False,False,False,False,False,0,
2018,PE,PROS,9077,JORGE FERNANDO PINTO LAPA,False,False,False,False,False,False,False,False,False,False,False,False,0,
2018,PE,PROS,9080,HENRIQUE ALVES DE LUCENA,False,False,False,False,False,False,False,False,False,False,False,False,0,
2018,PE,PROS,9090,JOÃO FERNANDO PONTUAL COUTINHO,True,True,True,True,True,True,False,False,False,False,True,True,0,1160800.0
2018,PE,PROS,9099,JOSÉ SEVERINO DE PAULA,False,False,False,False,False,False,False,False,False,False,False,False,0,
2018,PE,PRP,4400,NICODEMOS PEDRO DA SILVA,False,False,False,False,False,False,False,False,False,False,False,False,0,
2018,PE,PRP,4401,DANIELA DE JESUS SOARES,False,False,False,False,False,False,False,False,False,False,False,False,0,
2018,PE,PRP,4411,JOAQUIM CARNEIRO DE MORAIS JUNIOR,False,False,False,False,False,False,False,False,False,False,False,False,0,
2018,PE,PRP,4413,GENIVALDO JOSÉ GOMES,False,False,False,False,False,False,False,False,False,False,False,False,0,
2018,PE,PRP,4414,MARIA JOSE DE SANTANA LIMA,False,False,False,False,False,False,False,False,False,False,False,False,0,
2018,PE,PRP,4417,ALBERISSON CARLOS DA SILVA,False,False,False,False,False,False,False,False,False,False,False,False,0,115000.0
2018,PE,PRP,4424,ANDERSON ABREU DO NASCIMENTO,False,False,False,False,False,False,False,False,False,False,False,False,0,
2018,PE,PRP,4433,ARNALDO DELMONDES OLIVEIRA,False,False,False,False,False,False,False,False,False,False,False,False,0,
2018,PE,PRP,4455,SIDNEY JOSE DA SILVA,False,False,False,False,False,False,False,False,False,False,False,False,0,1600.0
2018,PE,PRP,4456,ROSILENE MARIA DA SILVA,False,False,False,False,False,False,False,False,False,False,False,False,0,
2018,PE,PRP,4466,PAULO GERALDO DA SILVA,False,False,False,False,False,False,False,False,False,False,False,False,0,
2018,PE,PRP,4477,MARIA JOSE CORDEIRO,False,False,False,False,False,False,False,False,False,False,False,False,0,
2018,PE,PRP,4490,LUIZ DE FRANÇA E SILVA MEIRA,True,True,True,True,False,True,False,False,False,False,True,True,0,
2018,PE,PRP,4499,LUCINEIDE TERESA DA SILVA,False,False,False,False,False,False,False,False,False,False,False,False,0,600.0
2018,PE,PRTB,2823,SAULO BARROS DE ALBUQUERQUE,False,False,False,False,False,False,False,False,False,False,False,False,0,17500.0
2018,PE,PRTB,2888,EVANDRO DE ALENCAR CARVALHO,False,False,False,False,False,False,False,False,False,False,False,False,0,
2018,PE,PRTB,2899,OTAVIO DE SOUZA ANDRE,False,False,False,False,False,False,False,False,False,False,False,False,0,7000.0
2018,PE,PSB,4000,LUIZ GONZAGA PATRIOTA,True,True,True,True,True,True,False,False,False,True,True,True,1,1300145.2
2018,PE,PSB,4004,FELIPE AUGUSTO LYRA CARRERAS,True,True,True,True,True,True,False,False,False,False,True,True,1,1317279.12
2018,PE,PSB,4010,DANILO JORGE DE BARROS CABRAL,True,True,True,True,True,True,False,False,False,False,True,True,1,1320973.91
2018,PE,PSB,4013,RISOLENE RITA DE MELO FERRAZ BARRETO,False,False,False,False,False,False,False,False,False,False,False,False,0,216211.28
2018,PE,PSB,4020,FRANCISCO TADEU BARBOSA DE ALENCAR,True,True,True,True,True,True,False,False,False,False,True,True,1,1319094.7
2018,PE,PSB,4022,FABIO BARROS E SILVA,False,False,False,False,False,False,False,False,False,False,False,False,0,3376.73
2018,PE,PSB,4033,MILTON COELHO DA SILVA NETO,True,True,True,True,False,True,False,False,False,False,True,True,0,1311005.06
2018,PE,PSB,4034,MARCELO MOTA GOMES,False,False,False,False,False,False,False,False,False,False,False,False,0,
2018,PE,PSB,4040,JOÃO HENRIQUE DE ANDRADE LIMA CAMPOS,False,False,False,False,False,False,False,False,False,False,False,False,1,1537864.46
2018,PE,PSB,4041,MARIA DE OLIVEIRA,False,False,False,False,False,False,False,False,False,False,False,False,0,318381.19
2018,PE,PSB,4044,MIRIAM VIEIRA DA CUNHA,False,False,False,False,False,False,False,False,False,False,False,False,0,
2018,PE,PSB,4046,LUCIA MARIA CRISPINIANO DA SILVA,False,False,False,False,False,False,False,False,False,False,False,False,0,119321.68
2018,PE,PSB,4050,PATRÍCIA GONÇALVES BRASIL,False,False,False,False,False,False,False,False,False,False,False,False,0,215752.23
2018,PE,PSB,4077,POLINY DE AGUIAR E SILVA,False,False,False,False,False,False,False,False,False,False,False,False,0,104415.2
2018,PE,PSB,4080,SEVERINO DE SOUZA SILVA,True,True,True,True,True,True,False,True,False,True,True,True,0,505128.71
2018,PE,PSB,4088,EDVAL CARLOS DE SOUSA JUNIOR,False,False,False,False,False,False,False,False,False,False,False,False,0,
2018,PE,PSC,2000,JOÃO FRANCISCO CARNEIRO DE ALMEIDA FERRAZ,False,False,False,False,False,False,False,False,False,False,False,False,0,
2018,PE,PSC,2011,ROSANGELA CAMILO DE LIMA,False,False,False,False,False,False,False,False,False,False,False,False,0,
2018,PE,PSC,2013,JOSE RINALDO FERNANDES DE BARROS,False,False,False,False,False,False,False,False,False,False,False,False,0,
2018,PE,PSC,2020,ANDRE FERREIRA RODRIGUES,True,True,True,True,True,True,False,False,False,False,True,True,1,480000.0
2018,PE,PSC,2023,SEVERINO JOSE RIBEIRO,False,False,False,False,False,False,False,False,False,False,False,False,0,
2018,PE,PSC,2030,MARIA DOS PRAZERES GOMES DA SILVA,False,False,False,False,False,False,False,False,False,False,False,False,0,
2018,PE,PSD,5555,ANDRE CARLOS ALVES DE PAULA FILHO,True,True,True,True,True,True,False,False,False,False,True,True,1,1076019.51
2018,PE,PSDB,4500,HEBERTE LAMARCK GOMES DA SILVA,True,True,True,True,True,True,False,False,False,True,True,True,0,919250.0
2018,PE,PSDB,4511,CLAUCIONE BARROS DE SOUSA LEMOS,False,False,False,False,False,False,False,False,False,False,False,False,0,302250.0
2018,PE,PSDB,4560,ANDRÉ REGIS DE CARVALHO,True,True,True,True,False,True,False,False,False,False,True,True,0,300000.0
2018,PE,PSDB,4577,EMANUEL MESSIAS DE CARVALHO DUARTE FONSECA,False,False,False,False,False,False,False,False,False,False,False,False,0,250.0
2018,PE,PSL,1707,CARLOS FREDERICO RIBEIRO COUTINHO TEIXEIRA,False,False,False,False,False,False,False,False,False,False,False,False,0,15000.0
2018,PE,PSL,1710,DAVID BATISTA SANTIAGO,False,False,False,False,False,False,False,False,False,False,False,False,0,15000.0
2018,PE,PSL,1711,PEDRO MENDES DA SILVA FILHO,False,False,False,False,False,False,False,False,False,False,False,False,0,30000.0
2018,PE,PSL,1717,LUCIANO CALDAS BIVAR,True,True,True,True,True,False,False,False,False,False,False,False,1,1800000.0
2018,PE,PSL,1722,MARIA JOSÉ DE OLIVEIRA,False,False,False,False,False,False,False,False,False,False,False,False,0,10000.0
2018,PE,PSL,1726,NADELSON LEITE COSTA,False,False,False,False,False,False,False,False,False,False,False,False,0,20000.0
2018,PE,PSL,1730,MARIA DE LOURDES PAIXÃO SANTOS,False,False,False,False,False,False,False,False,False,False,False,False,0,400000.0
2018,PE,PSL,1755,FRANCISCO GERAERTES CALDAS DA SILVA,False,False,False,False,False,False,False,False,False,False,False,False,0,15000.0
2018,PE,PSL,1770,BRUNA KARINA ANASTÁCIA GOMES DA SILVA,False,False,False,False,False,False,False,False,False,False,False,False,0,2000.0
2018,PE,PSL,1777,FREDERICO FERRAZ VIEIRA DE FRANÇA,False,False,False,False,False,False,False,False,False,False,False,False,0,15000.0
2018,PE,PSL,1799,JOSE ARNALDO AMARAL,True,True,True,True,False,True,True,False,False,False,True,True,0,20000.0
2018,PE,PSOL,5000,GABRIELLE CONDE Y MARTIN QUIRINO,False,False,False,False,False,False,False,False,False,False,False,False,0,10600.0
2018,PE,PSOL,5001,ALEXSANDRO VIEIRA DE SOUZA,False,False,False,False,False,False,False,False,False,False,False,False,0,4500.0
2018,PE,PSOL,5004,FLÁVIO DOS SANTOS BARBOSA,False,False,False,False,False,False,False,False,False,False,False,False,0,1740.0
2018,PE,PSOL,5005,MICHELLE CARINE DOS SANTOS SIQUEIRA,False,False,False,False,False,False,False,False,False,False,False,False,0,12190.0
2018,PE,PSOL,5010,IVAN VASCONCELLOS DE MORAES FILHO,False,False,False,False,False,False,False,False,False,False,False,False,0,29945.0
2018,PE,PSOL,5011,EDSON DO NASCIMENTO FRAGA,False,False,False,False,False,False,False,False,False,False,False,False,0,2350.0
2018,PE,PSOL,5013,RUTE MARIA FERREIRA DA SILVA,False,False,False,False,False,False,False,False,False,False,False,False,0,1740.0
2018,PE,PSOL,5014,FABIANO DE CASTRO PEREIRA,False,False,False,False,False,False,False,False,False,False,False,False,0,1740.0
2018,PE,PSOL,5015,RAIMUNDO LINO PEREIRA,False,False,False,False,False,False,False,False,False,False,False,False,0,1000.0
2018,PE,PSOL,5020,DIEGO LIBERALINO DOS SANTOS SILVA,False,False,False,False,False,False,False,False,False,False,False,False,0,2190.0
2018,PE,PSOL,5022,RODRIGO PATRIOTA PIRES,False,False,False,False,False,False,False,False,False,False,False,False,0,2040.0
2018,PE,PSOL,5023,ALDIERIZE BARBOSA DA SILVA,False,False,False,False,False,False,False,False,False,False,False,False,0,490.0
2018,PE,PSOL,5025,EDIÊR LUIZ SABINO,False,False,False,False,False,False,False,False,False,False,False,False,0,2100.0
2018,PE,PSOL,5030,CARLOS MANOEL VIEIRA,False,False,False,False,False,False,False,False,False,False,False,False,0,1740.0
2018,PE,PSOL,5032,DIEGO SOARES BARROS,False,False,False,False,False,False,False,False,False,False,False,False,0,1740.0
2018,PE,PSOL,5033,ANDRÉ CECÍLIO BRANQUINHO NUNES,False,False,False,False,False,False,False,False,False,False,False,False,0,5790.0
2018,PE,PSOL,5034,JOSÉ HÉLDER MONTEIRO DA ROCHA,False,False,False,False,False,False,False,False,False,False,False,False,0,5790.0
2018,PE,PSOL,5037,EDJA ROBERTA SANTOS DA SILVA MORAIS,False,False,False,False,False,False,False,False,False,False,False,False,0,2040.0
2018,PE,PSOL,5040,ANTONIO CARLOS ALVES DA SILVA,False,False,False,False,False,False,False,False,False,False,False,False,0,1740.0
2018,PE,PSOL,5041,LUCICLEIDE ANDRADE DE SANTANA,False,False,False,False,False,False,False,False,False,False,False,False,0,12440.0
2018,PE,PSOL,5044,SERGIO SINESIO DE LIMA,False,False,False,False,False,False,False,False,False,False,False,False,0,1740.0
2018,PE,PSOL,5050,PAULO RUBEM SANTIAGO FERREIRA,True,True,True,True,True,True,False,False,False,False,True,True,0,27125.0
2018,PE,PSOL,5051,MARIA PERPETUA RODRIGUES,False,False,False,False,False,False,False,False,False,False,False,False,0,2880.0
2018,PE,PSOL,5052,ERINALDO AMORIM DA SILVA,False,False,False,False,False,False,False,False,False,False,False,False,0,5240.0
2018,PE,PSOL,5055,LEVI COSTA DE OLIVEIRA PONTES,False,False,False,False,False,False,False,False,False,False,False,False,0,2540.0
2018,PE,PSOL,5064,SIMONE FRANCISCA SOARES,False,False,False,False,False,False,False,False,False,False,False,False,0,740.0
2018,PE,PSOL,5066,RENATA DE SÁ MOURA,False,False,False,False,False,False,False,False,False,False,False,False,0,1740.0
2018,PE,PSOL,5077,ROBSON DE OLIVEIRA,False,False,False,False,False,False,False,False,False,False,False,False,0,1740.0
2018,PE,PSOL,5087,ROSALVO ANTONIO DA SILVA,False,False,False,False,False,False,False,False,False,False,False,False,0,5730.0
2018,PE,PSOL,5088,ADALBERTO ALENCAR ALVES,False,False,False,False,False,False,False,False,False,False,False,False,0,5730.0
2018,PE,PSOL,5099,JOSEFA RENE SANTOS PATRIOTA,False,False,False,False,False,False,False,False,False,False,False,False,0,11640.0
2018,PE,PSTU,1606,KELLY CRISTINA SILVA,False,False,False,False,False,False,False,False,False,False,False,False,0,
2018,PE,PSTU,1616,AMARO LOURENCO DA SILVA,False,False,False,False,False,False,False,False,False,False,False,False,0,
2018,PE,PT,1300,JOÃO ALFREDO DE ARAÚJO,False,False,False,False,False,False,False,False,False,False,False,False,0,15000.0
2018,PE,PT,1310,MARÍLIA VALENÇA ROCHA ARRAES DE ALENCAR,False,False,False,False,False,False,False,False,False,False,False,False,1,1000000.0
2018,PE,PT,1311,FLÁVIA HELLEN DE OLIVEIRA GOMES,False,False,False,False,False,False,False,False,False,False,False,False,0,81500.0
2018,PE,PT,1312,ERNESTO LÁZARO MAIA,False,False,False,False,False,False,False,False,False,False,False,False,0,15000.0
2018,PE,PT,1313,FERNANDO DANTAS FERRO,True,True,True,True,True,True,False,False,False,False,True,True,0,435000.0
2018,PE,PT,1314,JOSÉ CARLOS VERAS DOS SANTOS,False,False,False,False,False,False,False,False,False,False,False,False,1,435000.0
2018,PE,PT,1316,GEOVANI DE MORAES NASCIMENTO,False,False,False,False,False,False,False,False,False,False,False,False,0,15000.0
2018,PE,PT,1321,JOSÉ FRANCIS HERBERT DA CONCEIÇÃO,False,False,False,False,False,False,False,False,False,False,False,False,0,15000.0
2018,PE,PT,1322,JOSÉ WELLINGTON ALVES DE CARVALHO,False,False,False,False,False,False,False,False,False,False,False,False,0,15000.0
2018,PE,PT,1330,PRISCILA DA SILVA RAMOS,False,False,False,False,False,False,False,False,False,False,False,False,0,10000.0
2018,PE,PT,1331,JANAINA FERNANDES DA SILVA,False,False,False,False,False,False,False,False,False,False,False,False,0,10000.0
2018,PE,PT,1333,MARCOS HERIDIJANIO MOURA BEZERRA,False,False,False,False,False,False,False,False,False,False,False,False,0,15000.0
2018,PE,PT,1340,MARIA LUCINEIDE DO NASCIMENTO SANTANA,False,False,False,False,False,False,False,False,False,False,False,False,0,10000.0
2018,PE,PT,1344,ODACY AMORIM DE SOUZA,True,True,True,True,True,True,False,False,False,True,True,True,0,353705.0
2018,PE,PT,1370,CÍCERO ROMÃO DE OLIVEIRA,False,False,False,False,False,False,False,False,False,False,False,False,0,15000.0
2018,PE,PT,1390,GERALDO FERREIRA DE LUCENA,False,False,False,False,False,False,False,False,False,False,False,False,0,15000.0
2018,PE,PTB,1400,JOSE CAVALCANTI ALVES JUNIOR,True,True,True,True,True,True,False,True,False,True,True,True,0,1150000.0
2018,PE,PTB,1401,MARIA OLGA ARAÚJO DE CARVALHO E SÁ,False,False,False,False,False,False,False,False,False,False,False,False,0,
2018,PE,PTB,1414,LUANA RODRIGUES DE SANTANA,False,False,False,False,False,False,False,False,False,False,False,False,0,253161.93
2018,PE,PTB,1441,FERNANDA DE CÁSSIA DE SANTANA,False,False,False,False,False,False,False,False,False,False,False,False,0,
2018,PE,PTB,1470,JEFFERSON SOARES DOS SANTOS,False,False,False,False,False,False,False,False,False,False,False,False,0,20000.0
2018,PE,PTB,1471,MARINALVA DE CASTRO,False,False,False,False,False,False,False,False,False,False,False,False,0,5000.0
2018,PE,PTB,1480,AMANDA CROCIA ALHEIROS LEAL,False,False,False,False,False,False,False,False,False,False,False,False,0,
2018,PE,PTC,3600,JOSE MARCOS LOUREIRO LAPENDA,False,False,False,False,False,False,False,False,False,False,False,False,0,1000.0
2018,PE,PTC,3611,GENTIL DE MELO PEREIRA,False,False,False,False,False,False,False,False,False,False,False,False,0,1000.0
2018,PE,PTC,3633,SEVERINO GONÇALVES DE SANTANA,False,False,False,False,False,False,False,False,False,False,False,False,0,1000.0
2018,PE,PTC,3655,ANA SUELI PADILHA DANTAS,False,False,False,False,False,False,False,False,False,False,False,False,0,1000.0
2018,PE,PTC,3666,LOURENÇO DE FREITAS RODRIGUES COELHO,False,False,False,False,False,False,False,False,False,False,False,False,0,1000.0
2018,PE,PV,4300,LADELÇO GOMES NUNES,False,False,False,False,False,False,False,False,False,False,False,False,0,47733.33
2018,PE,PV,4315,MARIA DA GRAÇA DE VASCONCELOS,False,False,False,False,False,False,False,False,False,False,False,False,0,36333.33
2018,PE,PV,4321,GUSTAVO CARVALHO ROSAS,False,False,False,False,False,False,False,False,False,False,False,False,0,47733.33
2018,PE,PV,4333,MARCILAY DIAS DOS SANTOS,False,False,False,False,False,False,False,False,False,False,False,False,0,75048.33
2018,PE,PV,4334,POLLYANA CRISTHINE ALVES,False,False,False,False,False,False,False,False,False,False,False,False,0,61703.33
2018,PE,PV,4342,FERNANDO JOSÉ DE ANDRADE LIMA,False,False,True,False,False,False,False,False,False,True,False,False,0,45333.33
2018,PE,PV,4343,JORGE LUIS CARREIRO DE BARROS,True,True,True,True,False,True,False,False,False,False,True,True,0,185000.0
2018,PE,PV,4393,IZAC GOMES DA SILVA,False,False,False,False,False,False,False,False,False,False,False,False,0,7533.33
2018,PE,REDE,1800,ELIZABETH VIEGA DO NASCIMENTO,False,False,False,False,False,False,False,False,False,False,False,False,0,4200.0
2018,PE,REDE,1801,JARIBE SILVA DE NOBAIA CARNEIRO,False,False,False,False,False,False,False,False,False,False,False,False,0,400.0
2018,PE,REDE,1802,SEVERINO OLIVEIRA DE LIMA,False,False,False,False,False,False,False,False,False,False,False,False,0,
2018,PE,REDE,1808,MICHELLE FRANCIS ALBUQUERQUE LIMA DE ANDRADE,False,False,False,False,False,False,False,False,False,False,False,False,0,
2018,PE,REDE,1809,JOSÉLIA MARIA DA SILVA,False,False,False,False,False,False,False,False,False,False,False,False,0,800.0
2018,PE,REDE,1810,JANETE BATISTA SOBRINHO,False,False,False,False,False,False,False,False,False,False,False,False,0,2200.0
2018,PE,REDE,1811,SÉRGIO RODRIGUES DE PAULA,False,False,False,False,False,False,False,False,False,False,False,False,0,
2018,PE,REDE,1812,EDVALDO JOSÉ DE OLIVEIRA,False,False,False,False,False,False,False,False,False,False,False,False,0,
2018,PE,REDE,1813,ANTONIO RICARDO CABRAL DE SOUZA,True,True,True,True,False,True,False,False,False,False,True,True,0,
2018,PE,REDE,1818,ALICE DOS SANTOS GABINO,False,False,False,False,False,False,False,False,False,False,False,False,0,40000.0
2018,PE,REDE,1819,ZULENO LAURENTINO DOS SANTOS,False,False,False,False,False,False,False,False,False,False,False,False,0,400.0
2018,PE,REDE,1820,MICHELL ANDRADE LIMEIRA,False,False,False,False,False,False,False,False,False,False,False,False,0,400.0
2018,PE,REDE,1829,JOSÉ LUIZ DE SOUZA,False,False,False,False,False,False,False,False,False,False,False,False,0,
2018,PE,REDE,1833,MARCONI RODRIGUES DE LIRA,False,False,False,False,False,False,False,False,False,False,False,False,0,
2018,PE,REDE,1834,MONALISA GOMES DA SILVA,False,False,False,False,False,False,False,False,False,False,False,False,0,400.0
2018,PE,REDE,1836,WELLINGTON CANDIDO DA SILVA,False,False,False,False,False,False,False,False,False,False,False,False,0,400.0
2018,PE,REDE,1840,JONAS PEREIRA,False,False,False,False,False,False,False,False,False,False,False,False,0,
2018,PE,REDE,1842,SAMUEL JOSÉ TAVARES DE OLIVEIRA,False,False,False,False,False,False,False,False,False,False,False,False,0,1400.0
2018,PE,REDE,1845,LAFAETE JOSÉ DA SILVA,False,False,False,False,False,False,False,False,False,False,False,False,0,400.0
2018,PE,REDE,1850,ALEXSANDRA GREGORIO DA SILVA,False,False,False,False,False,False,False,False,False,False,False,False,0,800.0
2018,PE,REDE,1856,RAFAEL ANDRADE VERAS,False,False,False,False,False,False,False,False,False,False,False,False,0,
2018,PE,REDE,1877,MILLENA TAISA SILVA DOS REIS,False,False,False,False,False,False,False,False,False,False,False,False,0,800.0
2018,PE,REDE,1878,JOSIVALDO MANOEL BARROS,False,False,False,False,False,False,False,False,False,False,False,False,0,
2018,PE,REDE,1887,GENALDO DE SOUZA BARROS,False,False,False,False,False,False,False,False,False,False,False,False,0,
2018,PE,REDE,1888,VALMIR RAIMUNDO FRANCO,False,False,False,False,False,False,False,False,False,False,False,False,0,400.0
2018,PE,REDE,1899,LUIZ CARLOS BATISTA SILVA,False,False,False,False,False,False,False,False,False,False,False,False,0,40000.0
2018,PE,SOLIDARIEDADE,7700,KAIO CÉSAR DE MOURA MANIÇOBA NOVAES FERRAZ,False,False,False,False,False,False,False,False,False,False,False,False,0,900000.0
2018,PE,SOLIDARIEDADE,7733,ADALGISA SEVERINA DOS SANTOS,False,False,False,False,False,False,False,False,False,False,False,False,0,250.0
2018,PE,SOLIDARIEDADE,7755,LEONARDO BARBOSA DOS SANTOS,False,False,False,False,False,False,False,False,False,False,False,False,0,30250.0
2018,PE,SOLIDARIEDADE,7770,RUI JOSÉ DO MONTE LEITE,False,False,False,False,False,False,False,False,False,False,False,False,0,250.0
2018,PE,SOLIDARIEDADE,7777,AUGUSTO RODRIGUES COUTINHO DE MELO,True,True,True,True,True,True,False,False,False,False,True,True,1,905400.0
2018,PE,SOLIDARIEDADE,7789,RUBENITA FERREIRA DOS SANTOS DAS CHAGAS,False,False,False,False,False,False,False,False,False,False,False,False,0,250.0
2018,PI,AVANTE,7012,FRANCISCA DANIELLY MESQUITA MEDEIROS,False,False,False,False,False,False,False,False,False,False,False,False,0,5020.0
2018,PI,AVANTE,7045,JONAS DOS SANTOS FILHO,True,True,True,True,False,True,False,False,False,False,True,True,0,175000.0
2018,PI,DC,2700,VALDY JOSE PORTELA DA COSTA,False,False,False,False,False,False,False,False,False,False,False,False,0,
2018,PI,DC,2707,HERYANE THIERES DOS SANTOS SILVA,False,False,False,False,False,False,False,False,False,False,False,False,0,3000.0
2018,PI,DC,2711,RAIMUNDO PEREIRA OLIVEIRA,False,False,False,False,False,False,False,False,False,False,False,False,0,
2018,PI,DC,2712,JOFRAN SANTOS MOURA,False,False,False,False,False,False,False,False,False,False,False,False,0,
2018,PI,DC,2715,ANTONIO DAS GRACAS DOS SANTOS,False,False,False,False,False,False,False,False,False,False,False,False,0,
2018,PI,DC,2727,EDINA CRUZ DE SOUSA LIMA,False,False,False,False,False,False,False,False,False,False,False,False,0,20500.0
2018,PI,DC,2770,ANDREA DA ROCHA OLIVEIRA,False,False,False,False,False,False,False,False,False,False,False,False,0,6600.0
2018,PI,DC,2786,LUIZ ANTONIO CAMPOS DE ARAUJO,False,False,False,False,False,False,False,False,False,False,False,False,0,
2018,PI,DEM,2525,HERÁCLITO DE SOUSA FORTES,True,True,True,True,True,False,False,False,False,True,True,False,0,732152.2
2018,PI,MDB,1500,RODNEY OLIVEIRA SPÍNDOLA,False,False,False,False,False,False,False,False,False,False,False,False,0,20000.0
2018,PI,MDB,1515,MARCOS AURELIO PADUA RIBEIRO GONÇALVES DE SAMPAIO,False,False,False,False,False,False,False,False,False,False,False,False,1,318750.0
2018,PI,MDB,1580,ISMAR AGUIAR MARQUES,True,True,True,True,True,True,False,True,False,False,True,True,0,308750.0
2018,PI,PATRI,5122,GUSTAVO CROMWELL DE CARVALHO PACIFICO,False,False,False,False,False,False,False,False,False,False,False,False,0,5998.2
2018,PI,PC do B,6565,ISADORA MAGALDA MORAIS CORTEZ,False,False,False,False,False,False,False,False,False,False,False,False,0,33267.5
2018,PI,PCB,2121,JOSÉ RODRIGUES DOS SANTOS NETO,False,False,False,False,False,False,False,False,False,False,False,False,0,30543.02
2018,PI,PDT,1212,FLAVIO RODRIGUES NOGUEIRA,True,True,True,True,True,True,False,False,False,False,True,True,1,601500.0
2018,PI,PHS,3100,MARIA APARECIDA OLIVEIRA MOURA SANTIAGO,True,True,True,True,False,True,False,False,False,False,True,True,0,101000.0
2018,PI,PHS,3131,IDONEIL SANTANA MESQUITA,False,False,False,False,False,False,False,False,False,False,False,False,0,31000.0
2018,PI,PHS,3132,JOÃO CORREIA DA SILVA,False,False,False,False,False,False,False,False,False,False,False,False,0,4000.0
2018,PI,PHS,3133,FRANCISCO ALVES DO NASCIMENTO,False,False,False,False,False,False,False,False,False,False,False,False,0,3000.0
2018,PI,PMN,3310,JOSÉ SEVERINO DOS SANTOS FILHO,False,False,False,False,False,False,False,False,False,False,False,False,0,
2018,PI,PMN,3311,VICENTE CARLOS SOARES NETO,False,False,False,False,False,False,False,False,False,False,False,False,0,
2018,PI,PMN,3333,JEAN CARLOS RODRIGUES DE ABREU,False,False,False,False,False,False,False,False,False,False,False,False,0,80000.0
2018,PI,PMN,3369,SUEDNA MARIA DO NASCIMENTO,False,False,False,False,False,False,False,False,False,False,False,False,0,
2018,PI,PODE,1900,ESTELLA MARIA MENDES MOTA,False,False,False,False,False,False,False,False,False,False,False,False,0,
2018,PI,PODE,1919,RENATO PIRES BERGER,True,True,True,True,False,True,False,False,False,False,True,True,0,
2018,PI,PP,1110,GUSTAVO COSTA E SILVA,False,False,False,False,False,False,False,False,False,False,False,False,0,200000.0
2018,PI,PP,1111,IRACEMA MARIA PORTELLA NUNES NOGUEIRA LIMA,True,True,True,True,True,True,False,False,False,False,True,True,1,2404000.0
2018,PI,PP,1122,MARGARETE DE CASTRO COELHO,True,True,True,True,True,True,False,False,False,False,True,True,1,2300000.0
2018,PI,PP,1133,PAULO EDUARDO ANDRADE BACELAR,False,False,False,False,False,False,False,False,False,False,False,False,0,250000.0
2018,PI,PP,1144,JOSE DE ANDRADE MAIA FILHO,True,True,True,True,True,True,False,True,False,True,True,True,0,2443280.5
2018,PI,PPS,2307,MARIA DO SOCORRO CARDOSO DOS SANTOS,False,False,False,False,False,False,False,False,False,False,False,False,0,73008.01
2018,PI,PPS,2323,CELSO HENRIQUE BARBOSA LIMA,False,False,False,False,False,False,False,False,False,False,False,False,0,107918.42
2018,PI,PPS,2333,PAULO ROBERTO NOGUEIRA,False,False,False,False,False,False,False,False,False,False,False,False,0,10000.0
2018,PI,PPS,2344,FRANCISCO DAS CHAGAS SANTANA,False,False,False,False,False,False,False,False,False,False,False,False,0,10000.0
2018,PI,PR,2222,FÁBIO ABREU COSTA,True,True,True,True,True,True,False,False,False,False,True,True,1,1350000.0
2018,PI,PRB,1000,SILAS FREIRE PEREIRA E SILVA,True,True,True,True,True,True,False,False,False,False,True,True,0,948849.27
2018,PI,PRB,1010,CÉLIO DA SILVA ALMENDRA,False,False,False,False,False,False,False,False,False,False,False,False,0,
2018,PI,PRB,1011,SORAYA CARVALHO SANTOS COELHO,False,False,False,False,False,False,False,False,False,False,False,False,0,447455.61
2018,PI,PRB,1012,FRANCISCO DAS CHAGAS CIRILO OLIVEIRA,False,False,False,False,False,False,False,False,False,False,False,False,0,
2018,PI,PRB,1013,RAIMUNDA MARQUES DO NASCIMENTO,False,False,False,False,False,False,False,False,False,False,False,False,0,324738.9
2018,PI,PROS,9000,ILDEMAR FERREIRA LIMA,False,False,False,False,False,False,False,False,False,False,False,False,0,
2018,PI,PROS,9009,ORLANDO MATIAS DO NASCIMENTO,False,False,False,False,False,False,False,False,False,False,False,False,0,
2018,PI,PROS,9044,THUYLA KAYNARA DE OLIVEIRA MARTINS,False,False,False,False,False,False,False,False,False,False,False,False,0,
2018,PI,PROS,9077,CLÁUDIA REGINA DA SILVA LEAL NUNES,False,False,False,False,False,False,False,False,False,False,False,False,0,
2018,PI,PROS,9080,FRANCISCO DAS CHAGAS FERREIRA,False,False,False,False,False,False,False,False,False,False,False,False,0,
2018,PI,PROS,9090,DIEGO GOMES MELO,False,False,False,False,False,False,False,False,False,False,False,False,0,123500.0
2018,PI,PRP,4411,UBIRATAN BENVINDO DE FIGUEIREDO,False,False,False,False,False,False,False,False,False,False,False,False,0,
2018,PI,PRP,4422,GILMAR GOMES DE NEGREIROS,False,False,False,False,False,False,False,False,False,False,False,False,0,
2018,PI,PRP,4433,FRANKLANE PIEROTE DA CRUZ LIMA,False,False,False,False,False,False,False,False,False,False,False,False,0,10000.0
2018,PI,PRP,4444,MARCOS SAMARONNE FERREIRA DE OLIVEIRA,False,False,False,False,False,False,False,False,False,False,False,False,0,19040.0
2018,PI,PRP,4455,MOISES AUGUSTO LEAL BARBOSA,False,True,True,False,True,False,False,True,False,True,False,False,0,10000.0
2018,PI,PRP,4456,FRANCISCO DAS CHAGAS FERREIRA,False,False,False,False,False,False,False,False,False,False,False,False,0,1710.0
2018,PI,PRP,4466,HEDILENE DO NASCIMENTO SILVA,False,False,False,False,False,False,False,False,False,False,False,False,0,8440.0
2018,PI,PRP,4477,ODONIAS LEAL DA LUZ,False,False,False,False,False,False,False,False,False,False,False,False,0,
2018,PI,PRP,4478,ROBERTO WAGNER CALIXTO TORRES,False,False,False,False,False,False,False,False,False,False,False,False,0,16300.0
2018,PI,PRP,4488,NADJA CHARLYANA BARBOSA COELHO,False,False,False,False,False,False,False,False,False,False,False,False,0,2980.0
2018,PI,PRTB,2800,ANTÔNIO UCHÔA DE OLIVEIRA,True,True,True,True,True,True,False,False,False,False,True,True,0,
2018,PI,PRTB,2810,JARDELINA MARIA OLIVEIRA PIRES DE MELO,False,False,False,False,False,False,False,False,False,False,False,False,0,
2018,PI,PRTB,2818,LUZENI CARVALHO DE SOUSA,False,False,False,False,False,False,False,False,False,False,False,False,0,
2018,PI,PRTB,2822,FRANCISCO FEITOSA COSTA SOBRINHO,False,False,False,False,False,False,False,False,False,False,False,False,0,
2018,PI,PRTB,2828,CÂNDIDO INÁCIO DA SILVA JÚNIOR,False,False,False,False,False,False,False,False,False,False,False,False,0,
2018,PI,PRTB,2838,MARCOS AURÉLIO MONTEIRO ARAÚJO,False,False,False,False,False,False,False,False,False,False,False,False,0,
2018,PI,PRTB,2855,EDUARDO ALVES FERREIRA,False,False,False,False,False,False,False,False,False,False,False,False,0,
2018,PI,PRTB,2888,MARIA DO PERPÉTUO SOCORRO ARAÚJO MELO,False,False,False,False,False,False,False,False,False,False,False,False,0,
2018,PI,PSB,4010,JULIANA DE MELO FALCÃO,True,True,True,True,True,True,False,False,False,False,True,True,0,530000.0
2018,PI,PSB,4012,JOSÉ GERALDO ALENCAR FILHO,False,False,False,False,False,False,False,False,False,False,False,False,0,10000.0
2018,PI,PSB,4040,ÁTILA FREITAS LIRA,True,True,True,True,True,True,False,False,False,False,True,True,1,1300000.0
2018,PI,PSB,4041,MARCOS DANIEL SOARES DE SOUZA,True,True,True,True,True,True,False,False,False,False,True,True,0,10000.0
2018,PI,PSC,2000,JOSÉ DE RIBAMAR SOARES,False,False,False,False,False,False,False,False,False,False,False,False,0,
2018,PI,PSC,2002,JOSÉ MARCOS ARAUJO DE SOUSA,False,False,False,False,False,False,False,False,False,False,False,False,0,
2018,PI,PSC,2018,IZETE RODRIGUES DE ABREU,False,False,False,False,False,False,False,False,False,False,False,False,0,280000.0
2018,PI,PSC,2019,ERIKA MICHELLE OLIVEIRA SOUSA,False,False,False,False,False,False,False,False,False,False,False,False,0,
2018,PI,PSC,2020,FRANCISCO ANDRÉ ALVES DE MESQUITA,False,False,False,False,False,False,False,False,False,False,False,False,0,
2018,PI,PSC,2055,ROGÉRIO TENÓRIO DA SILVA,False,False,False,False,False,False,False,False,False,False,False,False,0,
2018,PI,PSD,5555,JULIO CESAR DE CARVALHO LIMA,True,True,True,True,True,True,False,False,False,False,True,True,1,792013.2
2018,PI,PSDB,4500,JOILSON PEREIRA MARTINS,False,False,False,False,False,False,False,False,False,False,False,False,0,
2018,PI,PSDB,4545,LÚCIA MARIA DE SOUSA AGUIAR DOS SANTOS,False,False,False,False,False,False,False,False,False,False,False,False,0,213509.77000000002
2018,PI,PSDB,4555,LOURIVALDO DE OLIVEIRA LEITE,False,False,False,False,False,False,False,False,False,False,False,False,0,52250.0
2018,PI,PSDB,4566,HÉLIO SAMPAIO MELO NETO,False,False,False,False,False,False,False,False,False,False,False,False,0,100000.0
2018,PI,PSDB,4567,MARIA DO SOCORRO QUADROS GRAMOSA,False,False,False,False,False,False,False,False,False,False,False,False,0,7250.0
2018,PI,PSL,1700,MAURO PEREIRA DA SILVA,False,False,False,False,False,False,False,False,False,False,False,False,0,
2018,PI,PSL,1707,NIELSEN DE MOURA SILVA,False,False,False,False,False,False,False,False,False,False,False,False,0,
2018,PI,PSL,1717,CLEITON RAFAEL DE MORAES RUFINO,True,False,False,True,False,False,True,False,False,False,True,False,0,
2018,PI,PSL,1722,JOSE EVERTON SOUSA ARAUJO,False,False,False,False,False,False,False,False,False,False,False,False,0,
2018,PI,PSL,1767,IZABEL MARIA DO ESPIRITO SANTO GROSSE,False,False,False,False,False,False,False,False,False,False,False,False,0,
2018,PI,PSL,1777,ADRIANA DA SILVA E SOUSA,False,False,False,False,False,False,False,False,False,False,False,False,0,
2018,PI,PSOL,5000,EDMUNDO DOS SANTOS GALVÃO,False,False,False,False,False,False,False,False,False,False,False,False,0,4225.3
2018,PI,PSOL,5001,ABENONIZA MARIA MOURA,False,False,False,False,False,False,False,False,False,False,False,False,0,2320.0
2018,PI,PSOL,5005,MAKLANDEL AQUINO MATOS,False,False,False,False,False,False,False,False,False,False,False,False,0,4027.43
2018,PI,PSOL,5010,LEANDRO RODRIGO RIBEIRO DE AQUINO,False,False,False,False,False,False,False,False,False,False,False,False,0,3484.0
2018,PI,PSOL,5040,JOSÉLIA MARIA BARBOSA DOS SANTOS,False,False,False,False,False,False,False,False,False,False,False,False,0,1664.0
2018,PI,PSOL,5051,MARIA MADALENA NUNES,False,False,False,False,False,False,False,False,False,False,False,False,0,3025.9500000000003
2018,PI,PSOL,5055,MARCELO RAIMUNDO DE SOUZA FILHO,False,False,False,False,False,False,False,False,False,False,False,False,0,4150.0
2018,PI,PSTU,1616,DOUGLAS MORAES BEZERRA,False,False,False,False,False,False,False,False,False,False,False,False,0,
2018,PI,PT,1311,REJANE RIBEIRO SOUSA DIAS,True,True,True,True,True,True,False,False,False,False,True,True,1,1005000.0
2018,PI,PT,1313,FRANCISCO DE ASSIS CARVALHO GONÇALVES,True,True,True,True,True,True,False,False,False,False,True,True,1,905000.0
2018,PI,PT,1320,NEIDE DE JESUS CARVALHO,False,False,False,False,False,False,False,False,False,False,False,False,0,86500.0
2018,PI,PT,1322,ANTONIO JOSE CASTELO BRANCO MEDEIROS,True,True,True,True,True,True,False,False,False,True,True,True,0,403500.0
2018,PI,PT,1333,MERLONG SOLANO NOGUEIRA,True,True,True,True,True,True,False,False,False,False,True,True,0,403500.0
2018,PI,PT,1344,LEIDA MARIA DE OLIVEIRA DINIZ,False,False,False,False,False,False,False,False,False,False,False,False,0,81500.0
2018,PI,PT,1377,FABIOLA DE AZEVEDO LEMOS,False,False,False,False,False,False,False,False,False,False,False,False,0,81500.0
2018,PI,PTB,1410,JOSÉ FRANCISCO PAES LANDIM,True,True,True,True,True,True,False,False,False,False,True,True,0,1877821.74
2018,PI,PTC,3636,MARINA SANTOS BATISTA DIAS,False,False,False,False,False,False,False,False,False,False,False,False,1,560000.0
2018,PI,PV,4311,SERVULO CARVALHO DE SOUSA,False,False,False,False,False,False,False,False,False,False,False,False,0,21632.0
2018,PI,PV,4312,ALICE LOPES DE ANDRADE E SILVA LEBRE,False,False,False,False,False,False,False,False,False,False,False,False,0,15493.96
2018,PI,PV,4315,JOSSELENE BRITO MUNIZ BASTOS,False,False,False,False,False,False,False,False,False,False,False,False,0,12816.0
2018,PI,PV,4319,MARIA DAGMAR DA CONCEIÇÃO DOS ANJOS,False,False,False,False,False,False,False,False,False,False,False,False,0,20816.0
2018,PI,PV,4321,JULIANA CASTELO BRANCO PAZ DA SILVA,False,False,False,False,False,False,False,False,False,False,False,False,0,27532.0
2018,PI,PV,4322,FRANCISCO DO NASCIMENTO SILVA,False,False,False,False,False,False,False,False,False,False,False,False,0,15605.82
2018,PI,PV,4323,JOSÉ SOLON DE SOUZA,False,False,False,False,False,False,False,False,False,False,False,False,0,10816.0
2018,PI,PV,4343,ULISSES NOGUEIRA DE AGUIAR,False,False,False,False,False,False,False,False,False,False,False,False,0,26632.0
2018,PI,PV,4355,ROBERTO ARRAIS,False,False,False,False,False,False,False,False,False,False,False,False,0,13813.7
2018,PI,REDE,1800,MARCIO ARAUJO DE SOUSA,False,False,False,False,False,False,False,False,False,False,False,False,0,
2018,PI,REDE,1811,NIXON DARIO LAGES TELES DE OLIVEIRA,False,False,False,False,False,False,False,False,False,False,False,False,0,
2018,PI,REDE,1818,DIONISIO CARVALHO NETO,False,False,False,False,False,False,False,False,False,False,False,False,0,
2018,PI,REDE,1877,FRANCISCO ROBERSON MARCELO DA SILVA,False,False,False,False,False,False,False,False,False,False,False,False,0,
2018,PI,REDE,1888,MARIA DAS GRAÇAS HERMES DA COSTA NUNES,False,False,False,False,False,False,False,False,False,False,False,False,0,190000.0
2018,PI,SOLIDARIEDADE,7700,FRANCISCO JORGE LOPES SOUSA,True,True,True,True,False,True,False,False,False,True,True,True,0,
2018,PI,SOLIDARIEDADE,7777,MARIA ELIZETE DE LIMA SILVA,False,False,False,False,False,False,False,False,False,False,False,False,0,630000.0
2018,PI,SOLIDARIEDADE,7788,JOSE FRANCISCO DE LIMA,False,False,False,False,False,False,False,False,False,False,False,False,0,
2018,PR,AVANTE,7000,ADEMIR MANES,False,False,False,False,False,False,False,False,False,False,False,False,0,1850.0
2018,PR,AVANTE,7008,EMERSON CANDEU,False,False,False,False,False,False,False,False,False,False,False,False,0,1532.6
2018,PR,AVANTE,7055,SERGIO LUIZ CARLOS DOS SANTOS,False,False,False,False,False,False,False,False,False,False,False,False,0,3701.2
2018,PR,AVANTE,7057,NARLI BLANCO RESENDE PINTO DE SOUZA,False,False,False,False,False,False,False,False,False,False,False,False,0,23368.0
2018,PR,AVANTE,7070,MARISA LOBO FRANCO FERREIRA ALVES,False,False,False,False,False,False,False,False,False,False,False,False,0,102253.06
2018,PR,AVANTE,7077,ANGELICA PATRICIA LOURENÇO PRIMON,False,False,False,False,False,False,False,False,False,False,False,False,0,
2018,PR,DC,2710,NEURO GABIATTI DESENGRINI,False,False,False,False,False,False,False,False,False,False,False,False,0,2900.0
2018,PR,DC,2727,VILMAR CONRADO DA SILVA,False,False,False,False,False,False,False,False,False,False,False,False,0,2900.0
2018,PR,DC,2728,MARIA GENI SOUZA DOS PASSOS,False,False,False,False,False,False,False,False,False,False,False,False,0,7900.0
2018,PR,DC,2777,ANDRE SALIBA,False,False,True,False,False,False,False,False,False,True,False,False,0,32900.0
2018,PR,DC,2788,EVELIM STRAUB DE OLIVEIRA,False,False,False,False,False,False,False,False,False,False,False,False,0,10900.0
2018,PR,DC,2790,HENRIQUE GONÇALVES DE SOUZA,False,False,False,False,False,False,False,False,False,False,False,False,0,2900.0
2018,PR,DC,2799,ANTONIA CRISTINA DO PRADO CARNEIRO,False,False,False,False,False,False,False,False,False,False,False,False,0,7900.0
2018,PR,DEM,2500,ALEXANDRE MENEGUSSO,False,False,False,False,False,False,False,False,False,False,False,False,0,
2018,PR,DEM,2505,PEDRO DEBONI LUPION MELLO,True,True,True,True,True,True,False,False,False,False,True,True,1,700000.0
2018,PR,DEM,2510,ROOSEVELT MAURICIO PEREIRA,False,False,False,False,False,False,False,False,False,False,False,False,0,
2018,PR,DEM,2525,OSMAR STUART BERTOLDI,True,True,True,True,True,True,False,False,False,False,True,True,0,940000.0
2018,PR,MDB,1500,SILENE FARIA SANTOS,False,False,False,False,False,False,False,False,False,False,False,False,0,100000.0
2018,PR,MDB,1501,SILBERTO CARDOSO,False,False,False,False,False,False,False,False,False,False,False,False,0,7500.0
2018,PR,MDB,1502,EDSON DARLEI BASSO,False,True,True,False,True,False,False,True,False,True,False,False,0,20000.0
2018,PR,MDB,1505,ROSANE NUNES,False,False,False,False,False,False,False,False,False,False,False,False,0,200000.0
2018,PR,MDB,1510,LUIZ CARLOS CAITO QUINTANA,True,True,True,True,True,True,False,False,False,False,True,True,0,100000.0
2018,PR,MDB,1512,SERGIO DE SOUZA,True,True,True,True,True,True,False,False,False,False,True,True,1,1500000.0
2018,PR,MDB,1515,VALDEMAR MORAS DELATORRE,False,False,False,False,False,False,False,False,False,False,False,False,0,
2018,PR,MDB,1518,MARCO ANTONIO KUROVSKI FILHO,False,False,False,False,False,False,False,False,False,False,False,False,0,
2018,PR,MDB,1520,ANA PAULA DE MARIO SIELSKI,False,False,False,False,False,False,False,False,False,False,False,False,0,100000.0
2018,PR,MDB,1522,FULVIO BOBERG,False,False,False,False,False,False,False,False,False,False,False,False,0,15000.0
2018,PR,MDB,1533,TEREZINHA MODZINSKI FISTAROL,False,False,False,False,False,False,False,False,False,False,False,False,0,100000.0
2018,PR,MDB,1540,HERMES PARCIANELLO,True,True,True,True,True,True,False,False,False,False,True,True,1,1500000.0
2018,PR,MDB,1543,IARA LEMES DA SILVA,False,False,False,False,False,False,False,False,False,False,False,False,0,100000.0
2018,PR,MDB,1544,CASSIO BADARÓ DA SILVEIRA PINTO,False,False,False,False,False,False,False,False,False,False,False,False,0,
2018,PR,MDB,1550,ADEMAR LINEU DORFSCHMIDT,False,False,False,False,False,False,False,False,False,False,False,False,0,51000.0
2018,PR,MDB,1551,RAPHAEL DIAS SAMPAIO,False,False,False,False,False,False,False,False,False,False,False,False,0,7500.0
2018,PR,MDB,1555,JOÃO ALBERTO NIECKARS DA SILVA,False,False,False,False,False,False,False,False,False,False,False,False,0,20000.0
2018,PR,MDB,1577,BIANKA LETICIA RIBAS,False,False,False,False,False,False,False,False,False,False,False,False,0,140000.0
2018,PR,NOVO,3000,ERNANI PECHMANN,False,False,False,False,False,False,False,False,False,False,False,False,0,9599.16
2018,PR,NOVO,3001,CARLOS JOSÉ SVIONTEK JUNIOR,False,False,False,False,False,False,False,False,False,False,False,False,0,15599.16
2018,PR,NOVO,3003,ANA PAULA PELLEGRINELLO,False,False,False,False,False,False,False,False,False,False,False,False,0,5599.16
2018,PR,NOVO,3004,CARLOS ROBERTO OLIVEIRA DE ALMEIDA SANTOS,False,False,False,False,False,False,False,False,False,False,False,False,0,15099.16
2018,PR,NOVO,3009,INDIARA BARBOSA CUSTODIO,False,False,False,False,False,False,False,False,False,False,False,False,0,30599.16
2018,PR,NOVO,3010,EMERSON MALTA VILANOVA,False,False,False,False,False,False,False,False,False,False,False,False,0,9599.16
2018,PR,NOVO,3015,ROLAND HASSON,False,False,False,False,False,False,False,False,False,False,False,False,0,5599.16
2018,PR,NOVO,3023,TIAGO DE AQUINO MARTINES,False,False,False,False,False,False,False,False,False,False,False,False,0,25599.16
2018,PR,NOVO,3030,JULIANO RICARDO KOTESKI EMILIO,False,False,False,False,False,False,False,False,False,False,False,False,0,7099.16
2018,PR,NOVO,3032,WALTER JOSÉ HOFFMANN STANULA,False,False,False,False,False,False,False,False,False,False,False,False,0,5599.16
2018,PR,NOVO,3033,SILMARA MONTES,False,False,False,False,False,False,False,False,False,False,False,False,0,8599.16
2018,PR,NOVO,3034,MARIA AMÁLIA BARROS TORTATO,False,False,False,False,False,False,False,False,False,False,False,False,0,16099.16
2018,PR,NOVO,3036,BRUNO KAISER ROSS ORTIZ,False,False,False,False,False,False,False,False,False,False,False,False,0,5599.16
2018,PR,NOVO,3040,IAN SARAIVA DE OLANDA BRAGA,False,False,False,False,False,False,False,False,False,False,False,False,0,6549.16
2018,PR,NOVO,3060,LAYNA NUNES NASCIMENTO MENDES FRANCO DE SOUSA,False,False,False,False,False,False,False,False,False,False,False,False,0,5599.16
2018,PR,NOVO,3099,ROBERTO FRANCISCHINI JUNIOR,False,False,False,False,False,False,False,False,False,False,False,False,0,6049.16
2018,PR,PATRI,5111,PLINIO NESTOR DIAS,False,False,False,False,False,False,False,False,False,False,False,False,0,
2018,PR,PATRI,5151,CASSIA FREIRE SÁ BARROSO ,False,False,False,False,False,False,False,False,False,False,False,False,0,109100.0
2018,PR,PATRI,5155,ROSELI BERNARDES,False,False,False,False,False,False,False,False,False,False,False,False,0,
2018,PR,PATRI,5156,JOEL NUNES DE OLIVEIRA,False,False,False,False,False,False,False,False,False,False,False,False,0,
2018,PR,PC do B,6513,DIEGO MALDONADO,False,False,False,False,False,False,False,False,False,False,False,False,0,
2018,PR,PC do B,6514,LEANDRO DE ARAUJO CRESTANI,False,False,False,False,False,False,False,False,False,False,False,False,0,
2018,PR,PC do B,6515,ISABELA SENS FADEL GOBBO,False,False,False,False,False,False,False,False,False,False,False,False,0,5000.0
2018,PR,PC do B,6522,CAMILA CRISTINA LANES DA SILVA,False,False,False,False,False,False,False,False,False,False,False,False,0,
2018,PR,PC do B,6523,LEONARDO DE PAULA DIAS,False,False,False,False,False,False,False,False,False,False,False,False,0,
2018,PR,PC do B,6525,ZINEIDE DO ROCIO DE CARVALHO,False,False,False,False,False,False,False,False,False,False,False,False,0,
2018,PR,PC do B,6530,GIANNI CAROLINE BROETTO RAINI,False,False,False,False,False,False,False,False,False,False,False,False,0,
2018,PR,PC do B,6543,MARIO HENRIQUE ALBERTON,False,False,False,False,False,False,False,False,False,False,False,False,0,
2018,PR,PC do B,6555,ALESSANDRO ADELINO OTTO,False,False,False,False,False,False,False,False,False,False,False,False,0,
2018,PR,PC do B,6556,WILSON UBIRATAN FERNANDES,False,False,False,False,False,False,False,False,False,False,False,False,0,
2018,PR,PC do B,6565,CARLOS ALBERTO MAIA,False,False,False,False,False,False,False,False,False,False,False,False,0,
2018,PR,PC do B,6566,ISRAEL LOURENÇO ALBINO,False,False,False,False,False,False,False,False,False,False,False,False,0,
2018,PR,PC do B,6569,JOAO PAULO FELIX GILINI,False,False,False,False,False,False,False,False,False,False,False,False,0,
2018,PR,PC do B,6575,OSMAR DE MATTOS,False,False,False,False,False,False,False,False,False,False,False,False,0,
2018,PR,PC do B,6577,EVERTHON CRISTIAN PAIVA,False,False,False,False,False,False,False,False,False,False,False,False,0,
2018,PR,PCO,2939,DAIANE DANTAS DO NASCIMENTO,False,False,False,False,False,False,False,False,False,False,False,False,0,1600.0
2018,PR,PDT,1212,HOMERO BARBOSA NETO,True,True,True,True,True,True,False,False,False,False,True,True,0,130000.0
2018,PR,PDT,1213,ELIZABETH MARA KAUCHE CALÇAVARA BAPTISTA,False,False,False,False,False,False,False,False,False,False,False,False,0,22000.0
2018,PR,PDT,1215,ASSIS MIGUEL DO COUTO,True,True,True,True,True,True,False,False,False,False,True,True,0,500000.0
2018,PR,PDT,1233,JOSÉ GIULIANGELI DE CASTRO,False,False,False,False,False,False,False,False,False,False,False,False,0,10000.0
2018,PR,PDT,1234,GUSTAVO BONATO FRUET,True,True,True,True,True,True,False,False,False,True,True,True,1,450000.0
2018,PR,PDT,1255,CRISTIANO DIONÍSIO,False,False,False,False,False,False,False,False,False,False,False,False,0,11000.0
2018,PR,PDT,1268,FERNANDO ARAUJO DE AZEVEDO,False,False,False,False,False,False,False,False,False,False,False,False,0,11000.0
2018,PR,PDT,1269,IONE ALMEIDA MILANI,False,False,False,False,False,False,False,False,False,False,False,False,0,12000.0
2018,PR,PDT,1277,ISABEL CRISTINA MUZEKA,False,False,False,False,False,False,False,False,False,False,False,False,0,12000.0
2018,PR,PHS,3100,JOAO ALEXANDRE TEIXEIRA,True,True,True,True,False,True,False,False,False,False,True,True,0,73194.0
2018,PR,PHS,3101,JOSE FERNANDO IBANEZ,False,False,False,False,False,False,False,False,False,False,False,False,0,
2018,PR,PHS,3111,ADRIANO RAMOS,False,False,False,False,False,False,False,False,False,False,False,False,0,8210.0
2018,PR,PHS,3112,ANA JOCIELE MORAES DA LUZ,False,False,False,False,False,False,False,False,False,False,False,False,0,
2018,PR,PHS,3120,OLAVO DOS SANTOS,False,False,False,False,False,False,False,False,False,False,False,False,0,2052.5
2018,PR,PHS,3123,PEDRO EVANGELISTA DOS SANTOS,False,False,False,False,False,False,False,False,False,False,False,False,0,2052.5
2018,PR,PHS,3131,JURACI LUCIANO DA SILVA,True,True,True,True,False,True,False,False,False,False,True,True,0,122179.0
2018,PR,PHS,3141,CRISTIAN MARCOS MAIA DA SILVA,False,False,False,False,False,False,False,False,False,False,False,False,0,4200.0
2018,PR,PHS,3145,JOSE CARLOS MATEUS,False,False,False,False,False,False,False,False,False,False,False,False,0,
2018,PR,PHS,3150,AGNELSON GALASSI,False,False,False,False,False,False,False,False,False,False,False,False,0,7600.0
2018,PR,PHS,3151,CARLOS ROBERTO DOTA,False,False,False,False,False,False,False,False,False,False,False,False,0,3720.0
2018,PR,PMB,3511,EDNA APARECIDA DIAS DA MOTA,False,False,False,False,False,False,False,False,False,False,False,False,0,
2018,PR,PMB,3512,LEONICE CLARO SOARES,False,False,False,False,False,False,False,False,False,False,False,False,0,
2018,PR,PMN,3333,EDENILSO ROSSI ARNALDI,False,False,False,False,False,False,False,False,False,False,False,False,0,500000.0
2018,PR,PMN,3344,ISRAEL DE SOUZA MARAZAKI,False,False,False,False,False,False,False,False,False,False,False,False,0,
2018,PR,PMN,3377,JOSÉ CLAUDIO RIBEIRO PROENÇA,False,False,False,False,False,False,False,False,False,False,False,False,0,
2018,PR,PODE,1900,NATALIE UNTERSTELL,False,False,False,False,False,False,False,False,False,False,False,False,0,38805.55
2018,PR,PODE,1912,PEDRO MARIA MARTENDAL DE ARAUJO,False,False,False,False,False,False,False,False,False,False,False,False,0,
2018,PR,PODE,1919,DIEGO ALEXSANDER GONÇALO PAULA GARCIA,False,False,False,False,False,False,False,False,False,False,False,False,1,504760.0
2018,PR,PODE,1920,ARNALDO DE SÁ MARANHÃO JUNIOR,False,False,False,False,False,False,False,False,False,False,False,False,0,
2018,PR,PODE,1922,WANDERLEI LOUREIRA ALVES,False,False,False,False,False,False,False,False,False,False,False,False,0,
2018,PR,PODE,1940,VALDELICE TEODORO,False,False,False,False,False,False,False,False,False,False,False,False,0,86608.87
2018,PR,PODE,1969,JACKSON CABANAS FERREIRA FILHO,False,False,False,False,False,False,False,False,False,False,False,False,0,1000.0
2018,PR,PODE,1988,JOSE SEVERINO SILVA FELINTO,False,False,False,False,False,False,False,False,False,False,False,False,0,
2018,PR,PODE,1999,VALTER LUIZ ORSI,False,False,True,False,False,False,False,False,False,True,False,False,0,
2018,PR,PP,1110,ISABELLA DEL BOSCO BRUNETTI DE CAMARGO,False,False,False,False,False,False,False,False,False,False,False,False,0,30000.0
2018,PR,PP,1111,OSMAR JOSE SERRAGLIO,True,True,True,True,True,True,False,False,False,False,True,True,0,1835182.0
2018,PR,PP,1122,JOSE CARLOS SCHIAVINATO,True,True,True,True,True,True,False,True,False,True,True,True,1,1090692.0
2018,PR,PP,1123,LUANA CHAYENNE RETZLAFF DE FARIA PINTO SUZARTE,False,False,False,False,False,False,False,False,False,False,False,False,0,176776.0
2018,PR,PP,1133,HERACLITO GOMES PIZANO,False,False,False,False,False,False,False,False,False,False,False,False,0,100000.0
2018,PR,PP,1144,MAURILIO VIANA PEREIRA,False,False,True,False,False,False,False,False,False,True,False,False,0,529887.0
2018,PR,PP,1151,RICARDO JOSE MAGALHÃES BARROS,True,True,True,True,True,True,False,False,False,True,True,True,1,1709838.83
2018,PR,PP,1155,MARCO AURELIO RIBEIRO,True,True,True,True,False,True,False,False,False,False,True,True,0,823000.0
2018,PR,PP,1166,JACOB ALFREDO STOFFELS KAEFER,True,True,True,True,True,True,False,False,False,False,True,True,0,1587550.0
2018,PR,PP,1177,EDERSON VALDECIR ROZENDO DO NASCIMENTO,False,False,False,False,False,False,False,False,False,False,False,False,0,500000.0
2018,PR,PPL,5400,RONALDO DE FREITAS TRANCOSO,False,False,False,False,False,False,False,False,False,False,False,False,0,1200.0
2018,PR,PPL,5401,DIVANZIR BATISTA,False,False,True,False,False,False,False,False,False,True,False,False,0,1200.0
2018,PR,PPL,5410,BIBIANA DE OLIVEIRA ORSI SILVA,False,False,False,False,False,False,False,False,False,False,False,False,0,2500.0
2018,PR,PPL,5411,SORAYA HELOISA SALVADOR,False,False,False,False,False,False,False,False,False,False,False,False,0,2500.0
2018,PR,PPL,5412,VALDIR APARECIDO DOS SANTOS,False,False,False,False,False,False,False,False,False,False,False,False,0,1200.0
2018,PR,PPL,5415,LUCIANE ANDREIA ZIBETTI,False,False,False,False,False,False,False,False,False,False,False,False,0,2900.0
2018,PR,PPL,5419,GERALDINO BATISTA DO NASCIMENTO,False,False,False,False,False,False,False,False,False,False,False,False,0,1200.0
2018,PR,PPL,5420,LOURIVAL BEZERRA MOTTA,False,False,False,False,False,False,False,False,False,False,False,False,0,1200.0
2018,PR,PPL,5422,MARIO FERNANDES NAZARE FILHO,False,False,False,False,False,False,False,False,False,False,False,False,0,400.0
2018,PR,PPL,5432,LUCIANO XAVIER DE AZEVEDO,False,False,False,False,False,False,False,False,False,False,False,False,0,1600.0
2018,PR,PPL,5433,ROSELI JUSARA SCHMIDT,False,False,False,False,False,False,False,False,False,False,False,False,0,2500.0
2018,PR,PPL,5440,RODRIGO AGUIAR DA SILVA,False,False,False,False,False,False,False,False,False,False,False,False,0,1600.0
2018,PR,PPL,5444,NILTON ALVES PEREIRA,False,False,False,False,False,False,False,False,False,False,False,False,0,1200.0
2018,PR,PPL,5445,BRUNA HACCOURT CAMARGO,False,False,False,False,False,False,False,False,False,False,False,False,0,2900.0
2018,PR,PPL,5450,LUCIANO GONÇALVES SILVA,False,False,False,False,False,False,False,False,False,False,False,False,0,1600.0
2018,PR,PPL,5454,EVELYNE DANIELLE PALUDO,False,False,False,False,False,False,False,False,False,False,False,False,0,
2018,PR,PPL,5455,RAFAEL MARIANTE SALLET,False,False,False,False,False,False,False,False,False,False,False,False,0,1600.0
2018,PR,PPL,5456,VAGNER DE MORAES ALAMINO,False,False,False,False,False,False,False,False,False,False,False,False,0,1600.0
2018,PR,PPL,5457,NERI TAVARES DA SILVA,False,False,False,False,False,False,False,False,False,False,False,False,0,1600.0
2018,PR,PPL,5464,EURICO PEREIRA DE SOUZA FILHO,False,False,False,False,False,False,False,False,False,False,False,False,0,400.0
2018,PR,PPL,5466,PEDRO SIRINEU MACHADO,False,False,False,False,False,False,False,False,False,False,False,False,0,1600.0
2018,PR,PPL,5477,CARLOS ROBERTO VIEIRA,False,False,False,False,False,False,False,False,False,False,False,False,0,1200.0
2018,PR,PPL,5480,WAGNER SABINO,False,False,False,False,False,False,False,False,False,False,False,False,0,1200.0
2018,PR,PPL,5490,EDISON BALDUINO MARINHO,False,False,False,False,False,False,False,False,False,False,False,False,0,1200.0
2018,PR,PPL,5499,OSNIR MANOEL DE CARVALHO JUNIOR,False,False,False,False,False,False,False,False,False,False,False,False,0,1200.0
2018,PR,PPS,2300,RUBENS BUENO,True,True,True,True,True,True,False,False,False,False,True,True,1,1168128.11
2018,PR,PPS,2307,CATHY MARY DO NASCIMENTO QUINTAS,False,False,False,False,False,False,False,False,False,False,False,False,0,170680.33
2018,PR,PPS,2323,CIRINEU VACARI,False,False,False,False,False,False,False,False,False,False,False,False,0,30000.0
2018,PR,PPS,2345,SEBASTIÃO AFONSO FERREIRA,False,False,False,False,False,False,False,False,False,False,False,False,0,20000.0
2018,PR,PR,2200,FERNANDO LUCIO GIACOBO,True,True,True,True,True,True,False,False,False,False,True,True,1,2000000.0
2018,PR,PR,2222,LUIZ HILOSHI NISHIMORI,True,True,True,True,True,True,False,False,False,False,True,True,1,2000000.0
2018,PR,PR,2233,CHRISTIANE DE SOUZA YARED,True,True,True,True,True,True,False,False,False,False,True,True,1,2479092.19
2018,PR,PRB,1000,LESLIE CAMARGO CARVALHO,False,False,False,False,False,False,False,False,False,False,False,False,0,31633.32
2018,PR,PRB,1001,CLAODEMIR BALOTIN,False,False,False,False,False,False,False,False,False,False,False,False,0,30000.0
2018,PR,PRB,1007,DIOGO ALESSANDRO DA SILVA IZOLANI,False,False,False,False,False,False,False,False,False,False,False,False,0,6000.0
2018,PR,PRB,1009,NEZI DO ROCIO DA SILVA,False,False,False,False,False,False,False,False,False,False,False,False,0,23000.0
2018,PR,PRB,1010,JOSE AROLDO SOUZA MARTINS,False,False,False,False,False,False,False,False,False,False,False,False,1,657075.16
2018,PR,PRB,1011,ARIEL CONFORTO,False,False,False,False,False,False,False,False,False,False,False,False,0,20000.0
2018,PR,PRB,1012,LAURENTINO DIAS DE MOURA,False,False,False,False,False,False,False,False,False,False,False,False,0,5615.0
2018,PR,PRB,1019,OSVALDO BUSKEI,False,False,False,False,False,False,False,False,False,False,False,False,0,8048.94
2018,PR,PRB,1020,SEBASTIÃO GALDINO,False,False,False,False,False,False,False,False,False,False,False,False,0,15560.46
2018,PR,PRB,1021,KELI PINHEIRO,False,False,False,False,False,False,False,False,False,False,False,False,0,23000.0
2018,PR,PRB,1025,IDAIR APARECIDA DO PRADO,False,False,False,False,False,False,False,False,False,False,False,False,0,6131.05
2018,PR,PRB,1030,NATALICIO FARIAS,False,False,False,False,False,False,False,False,False,False,False,False,0,26131.04
2018,PR,PRB,1033,EZEQUIEL MARCOS FERREIRA BUENO,False,False,False,False,False,False,False,False,False,False,False,False,0,51131.04
2018,PR,PRB,1040,IRINEU RODRIGUES,True,True,True,True,False,True,False,False,False,False,True,True,0,250000.0
2018,PR,PRB,1051,SILENE MARIA BURDA,False,False,False,False,False,False,False,False,False,False,False,False,0,23503.05
2018,PR,PRB,1055,GERSON GOMES,False,False,False,False,False,False,False,False,False,False,False,False,0,15876.96
2018,PR,PRB,1060,FABIANO LUIZ ANDREASSA,False,False,False,False,False,False,False,False,False,False,False,False,0,21136.0
2018,PR,PRB,1066,AURORA ALEXANDRE LIU,False,False,False,False,False,False,False,False,False,False,False,False,0,18130.99
2018,PR,PRB,1077,ELAINE ISABEL GUSSO PINTO,False,False,False,False,False,False,False,False,False,False,False,False,0,114131.05
2018,PR,PRB,1080,LUIZ GOULARTE ALVES,True,True,True,True,True,True,False,True,False,True,True,True,1,650000.0
2018,PR,PRB,1088,ANA CELIA BARBOSA DE ALMEIDA,False,False,False,False,False,False,False,False,False,False,False,False,0,24082.8
2018,PR,PRB,1099,LUIZ JURASKI,False,False,False,False,False,False,False,False,False,False,False,False,0,28930.15
2018,PR,PROS,9000,EMERSON MIGUEL PETRIV,True,True,True,True,False,True,False,False,False,False,True,True,1,
2018,PR,PROS,9009,DANIELLA BLANC PIERRI MARQUES,False,False,False,False,False,False,False,False,False,False,False,False,0,290000.0
2018,PR,PROS,9011,JONES DARC DE JESUS,False,False,False,False,False,False,False,False,False,False,False,False,0,
2018,PR,PROS,9080,JANAINA BAPTISTA DA LUZ,False,False,False,False,False,False,False,False,False,False,False,False,0,150000.0
2018,PR,PROS,9090,ANTONIO WANDSCHEER,True,True,True,True,True,True,False,True,False,True,True,True,1,441600.0
2018,PR,PRP,4410,LUIS EUGENIO MIRANDA,False,False,False,False,False,False,False,False,False,False,False,False,0,15000.0
2018,PR,PRP,4417,AMARILDO GONÇALVES DA SILVA,False,False,False,False,False,False,False,False,False,False,False,False,0,
2018,PR,PRP,4420,JOSE MARTINS CAITANO,False,False,False,False,False,False,False,False,False,False,False,False,0,
2018,PR,PRP,4477,CLAUDENIR RIBEIRO,False,False,False,False,False,False,False,False,False,False,False,False,0,
2018,PR,PRP,4480,TERESINHA DEPUBEL DANTAS,False,False,False,False,False,False,False,False,False,False,False,False,0,10000.0
2018,PR,PRTB,2800,SIDNEI BELIZARIO DE MELO,False,False,False,False,False,False,False,False,False,False,False,False,0,
2018,PR,PRTB,2801,ANDREA RODRIGUES PIANARO,False,False,False,False,False,False,False,False,False,False,False,False,0,920.0
2018,PR,PRTB,2803,VALDIR JANUARIO DOS SANTOS ,False,False,False,False,False,False,False,False,False,False,False,False,0,
2018,PR,PRTB,2804,SANDRO RODRIGUES GONÇALVES,False,False,False,False,False,False,False,False,False,False,False,False,0,
2018,PR,PRTB,2805,DANIELE MARA DE OLIVEIRA,False,False,False,False,False,False,False,False,False,False,False,False,0,800.0
2018,PR,PRTB,2807,GLEISSON ROBSON DA SILVA FERREIRA,False,False,False,False,False,False,False,False,False,False,False,False,0,
2018,PR,PRTB,2808,GILMAR KAHELL,False,False,False,False,False,False,False,False,False,False,False,False,0,
2018,PR,PRTB,2809,ANESIA MARIA AVILA POPIK,False,False,False,False,False,False,False,False,False,False,False,False,0,920.0
2018,PR,PRTB,2810,JOSINO DE MELO,False,False,False,False,False,False,False,False,False,False,False,False,0,
2018,PR,PRTB,2811,VANILDA FRANÇA MOREIRA,False,False,False,False,False,False,False,False,False,False,False,False,0,800.0
2018,PR,PRTB,2812,ILSON APARECIDO ESTEFANI,True,False,False,True,False,False,True,False,False,False,True,False,0,
2018,PR,PRTB,2817,JOSÉ LOURENÇO GOUVEIA,False,False,False,False,False,False,False,False,False,False,False,False,0,
2018,PR,PRTB,2818,ROSECLEIA FERNANDES DIAS,False,False,False,False,False,False,False,False,False,False,False,False,0,800.0
2018,PR,PRTB,2819,SIMONE CRISTINA CASTRO,False,False,False,False,False,False,False,False,False,False,False,False,0,800.0
2018,PR,PRTB,2825,DANIEL JOSÉ PEREIRA,False,False,False,False,False,False,False,False,False,False,False,False,0,
2018,PR,PRTB,2828,CIRO NOVAIS FERNANDES,False,False,False,False,False,False,False,False,False,False,False,False,0,500.0
2018,PR,PRTB,2829,APARECIDO DE OLIVEIRA,False,False,False,False,False,False,False,False,False,False,False,False,0,
2018,PR,PRTB,2830,BIANCA TIBAES DE OLIVEIRA PORTUGAL,False,False,False,False,False,False,False,False,False,False,False,False,0,800.0
2018,PR,PRTB,2833,JOSE LUIZ CASTRO DOS SANTOS,False,False,False,False,False,False,False,False,False,False,False,False,0,
2018,PR,PRTB,2835,SANDRA MARA REI SANTOS,False,False,False,False,False,False,False,False,False,False,False,False,0,800.0
2018,PR,PRTB,2838,CLAUDINEI SIDRIN,False,False,False,False,False,False,False,False,False,False,False,False,0,
2018,PR,PRTB,2840,ELINIANI SOMARIVA,False,False,False,False,False,False,False,False,False,False,False,False,0,800.0
2018,PR,PRTB,2850,RODRIGO FERNANDO KOWASKI,False,False,False,False,False,False,False,False,False,False,False,False,0,
2018,PR,PRTB,2852,MAX ALESSANDRO FERREIRA,False,False,False,False,False,False,False,False,False,False,False,False,0,
2018,PR,PRTB,2855,JOSÉ OLIVEIRA SIKORA,False,False,False,False,False,False,False,False,False,False,False,False,0,
2018,PR,PRTB,2858,ANTONIO MARCOS MACHADO,False,False,False,False,False,False,False,False,False,False,False,False,0,
2018,PR,PRTB,2866,SEBASTIÃO BENEDICTO ALVES,False,False,False,False,False,False,False,False,False,False,False,False,0,
2018,PR,PRTB,2870,ARILDO OLIVEIRA MELO,False,False,False,False,False,False,False,False,False,False,False,False,0,
2018,PR,PRTB,2874,JOSÉ LOPES DOS SANTOS,False,False,False,False,False,False,False,False,False,False,False,False,0,
2018,PR,PRTB,2877,LUCIANO ROBERTO DA SILVA,False,False,False,False,False,False,False,False,False,False,False,False,0,
2018,PR,PRTB,2881,MOISES ROSA SANTANA,False,False,False,False,False,False,False,False,False,False,False,False,0,
2018,PR,PRTB,2882,VAGNER DE SOUZA FERREIRA,False,False,False,False,False,False,False,False,False,False,False,False,0,
2018,PR,PRTB,2885,DENILSON DUILHO DE PAULA,False,False,False,False,False,False,False,False,False,False,False,False,0,
2018,PR,PRTB,2888,DEUCÉLIO CARLOS RODRIGUES,False,False,False,False,False,False,False,False,False,False,False,False,0,2000.0
2018,PR,PRTB,2892,ROSIELY PRESTES SANTOS,False,False,False,False,False,False,False,False,False,False,False,False,0,800.0
2018,PR,PRTB,2898,PATRICIA ROCHA CARNEIRO,False,False,False,False,False,False,False,False,False,False,False,False,0,920.0
2018,PR,PRTB,2899,MAURO SCHIFFL MATTIA,False,False,False,False,False,False,False,False,False,False,False,False,0,
2018,PR,PSB,4000,RENATA BORGES BRANCO,False,False,False,False,False,False,False,False,False,False,False,False,0,50000.0
2018,PR,PSB,4003,MARY APARECIDA PIMENTEL,False,False,False,False,False,False,False,False,False,False,False,False,0,50000.0
2018,PR,PSB,4011,NATACIA REGINA FIDELIS MARINHO FERRAZ,False,False,False,False,False,False,False,False,False,False,False,False,0,50000.0
2018,PR,PSB,4012,ALIEL MACHADO BARK,False,False,False,False,False,False,False,False,False,False,False,False,1,1350000.0
2018,PR,PSB,4019,RAFAEL DANTAS,False,False,False,False,False,False,False,False,False,False,False,False,0,
2018,PR,PSB,4029,JOSE CARLOS CAMARGO,False,False,False,False,False,False,False,False,False,False,False,False,0,
2018,PR,PSB,4040,LUCIANO DUCCI,True,True,True,True,True,True,False,False,False,False,True,True,1,1600000.0
2018,PR,PSB,4050,MARCOS VINICIUS PIRES DE SOUZA,False,False,False,False,False,False,False,False,False,False,False,False,0,
2018,PR,PSB,4070,LEOPOLDO COSTA MEYER,True,True,True,True,True,True,False,True,False,True,True,True,0,1300000.0
2018,PR,PSC,2002,LEONICI MARIA BARANHIUKI,False,False,False,False,False,False,False,False,False,False,False,False,0,92183.1
2018,PR,PSC,2018,HIDEKAZU TAKAYAMA,True,True,True,True,True,True,False,False,False,False,True,True,0,1035750.0
2018,PR,PSC,2020,PAULO EDUARDO LIMA MARTINS,True,True,True,True,False,True,False,False,False,False,True,True,1,1049715.0
2018,PR,PSC,2040,ANDRE LUIZ PIOLI BERNASCKI,False,False,True,False,False,False,False,False,False,True,False,False,0,60540.0
2018,PR,PSC,2055,PRISCILA REMAS CORDEIRO DE CARVALHO,False,False,False,False,False,False,False,False,False,False,False,False,0,73696.88
2018,PR,PSC,2058,ROSINEIA DE LIMA FERREIRA,False,False,False,False,False,False,False,False,False,False,False,False,0,92902.72
2018,PR,PSC,2088,ROZANGELA VIDAL DOS SANTOS MACHADO,False,False,False,False,False,False,False,False,False,False,False,False,0,97864.4
2018,PR,PSD,5500,PEDRO ROGÉRIO LOURENÇO NESPOLO,False,False,False,False,False,False,False,False,False,False,False,False,0,35715.0
2018,PR,PSD,5502,ROGÉRIO JOSÉ LORENZETTI,True,True,True,True,True,True,False,True,False,True,True,True,0,35715.0
2018,PR,PSD,5510,ROSANE GALVÃO DE MIRANDA,False,False,False,False,False,False,False,False,False,False,False,False,0,92359.7
2018,PR,PSD,5512,ELIS REGINA CLAUCIO PADILHA,False,False,False,False,False,False,False,False,False,False,False,False,0,92343.2
2018,PR,PSD,5515,REINHOLD STEPHANES JUNIOR,True,True,True,True,True,True,False,False,False,False,True,True,0,1285715.0
2018,PR,PSD,5520,DENNIS BENAGLIA MUNHOZ,False,False,False,False,False,False,False,False,False,False,False,False,0,
2018,PR,PSD,5523,EDMAR DE SOUZA ARRUDA,True,True,True,True,True,True,False,False,False,False,True,True,0,1233350.0
2018,PR,PSD,5525,WANDERLEI CESAR DA SILVA,False,False,False,False,False,False,False,False,False,False,False,False,0,
2018,PR,PSD,5528,CARLA DE FATIMA MENGHINI,False,False,False,False,False,False,False,False,False,False,False,False,0,91309.5
2018,PR,PSD,5530,ULISSES FALCI JUNIOR,False,False,False,False,False,False,False,False,False,False,False,False,0,135715.0
2018,PR,PSD,5533,EVANDRO ROGERIO ROMAN,True,True,True,True,True,True,False,False,False,False,True,True,0,1087715.0
2018,PR,PSD,5535,ANGELA MARIA DOS SANTOS,False,False,False,False,False,False,False,False,False,False,False,False,0,93910.51000000001
2018,PR,PSD,5543,CHRISTIAN PERILLIER SCHNEIDER,False,False,False,False,False,False,False,False,False,False,False,False,0,
2018,PR,PSD,5555,SANDRO ALEX CRUZ DE OLIVEIRA,True,True,True,True,True,True,False,False,False,False,True,True,1,1128000.0
2018,PR,PSD,5563,MAGDA FERNANDA DE MORAIS,False,False,False,False,False,False,False,False,False,False,False,False,0,91096.4
2018,PR,PSD,5566,SIDNEI ANTONIO TREVIZAN,False,False,True,False,False,False,False,False,False,True,False,False,0,
2018,PR,PSD,5567,MARCIO ROSA DA SILVA,False,False,False,False,False,False,False,False,False,False,False,False,0,
2018,PR,PSD,5569,NEY LEPREVOST NETO,True,True,True,True,True,True,False,False,False,False,True,True,1,1099000.0
2018,PR,PSD,5577,NELSI COGUETTO MARIA,True,True,True,True,False,True,False,False,False,False,True,True,1,35715.0
2018,PR,PSD,5585,KATIANE FATIMA DE GOUVÊA,False,False,False,False,False,False,False,False,False,False,False,False,0,50000.0
2018,PR,PSD,5588,JOSE MARIA FERREIRA,True,True,True,True,True,True,False,True,False,True,True,True,0,
2018,PR,PSD,5590,GILSON CARDOSO FAHUR,True,True,True,True,False,True,False,False,False,False,True,True,1,195715.0
2018,PR,PSDB,4510,ISAAC DE OLIVEIRA,False,False,False,False,False,False,False,False,False,False,False,False,0,
2018,PR,PSDB,4512,FELIPE RAMON DOS PASSOS,False,False,False,False,False,False,False,False,False,False,False,False,0,
2018,PR,PSDB,4515,LUIZ CARLOS JORGE HAULY,True,True,True,True,True,True,False,False,False,False,True,True,0,564850.0
2018,PR,PSDB,4520,ROSANGELA DE FATIMA BORBA ZACLIKEVIS,False,False,False,False,False,False,False,False,False,False,False,False,0,10000.0
2018,PR,PSDB,4525,PATRICIA FERNANDA KELIN DOS REIS,False,False,False,False,False,False,False,False,False,False,False,False,0,112250.0
2018,PR,PSDB,4530,LUIS HENRIQUE DELGADO ESCARMANHANI,False,False,False,False,False,False,False,False,False,False,False,False,0,
2018,PR,PSDB,4545,VALDIR LUIZ ROSSONI,True,True,True,True,True,True,False,False,False,False,True,True,0,500000.0
2018,PR,PSDB,4566,ELIANE CRISTINA ZERMIANI,False,False,False,False,False,False,False,False,False,False,False,False,0,20000.0
2018,PR,PSDB,4588,EDUARDO FRANCISCO COSTA DE OLIVEIRA,False,False,False,False,False,False,False,False,False,False,False,False,0,50000.0
2018,PR,PSDB,4599,MOUNIR CHAOWICHE,False,False,False,False,False,False,False,False,False,False,False,False,0,500000.0
2018,PR,PSL,1700,FILIPE BARROS BAPTISTA DE TOLEDO RIBEIRO,False,False,False,False,False,False,False,False,False,False,False,False,1,
2018,PR,PSL,1701,PAULO PESSIN,False,False,False,False,False,False,False,False,False,False,False,False,0,10000.0
2018,PR,PSL,1703,LUCIANE CROZAKE,False,False,False,False,False,False,False,False,False,False,False,False,0,
2018,PR,PSL,1707,SILVANA GABARDO,False,False,False,False,False,False,False,False,False,False,False,False,0,1000.0
2018,PR,PSL,1708,JOAO FRANCISCO SCHUVARTZ,False,False,False,False,False,False,False,False,False,False,False,False,0,
2018,PR,PSL,1710,MISAEL DE LIMA NEMECEK,False,False,False,False,False,False,False,False,False,False,False,False,0,
2018,PR,PSL,1711,ADEMIR BRASIL FILHO,False,False,False,False,False,False,False,False,False,False,False,False,0,5000.0
2018,PR,PSL,1712,ROBINSON FERES,False,False,True,False,False,False,False,False,False,True,False,False,0,10000.0
2018,PR,PSL,1715,MÁRIO SERGIO BRADOCK ZACHESKI,True,True,True,True,True,True,False,False,False,False,True,True,0,12000.0
2018,PR,PSL,1717,ALINE SLEUTJES,False,False,True,False,False,False,False,False,False,True,False,False,1,
2018,PR,PSL,1718,TITO TELES DE CAMPOS,False,False,False,False,False,False,False,False,False,False,False,False,0,
2018,PR,PSL,1719,ZENI SALETE DE MORAES,False,False,False,False,False,False,False,False,False,False,False,False,0,
2018,PR,PSL,1720,VILMAR CZARNESKI FAVARO PURGA,False,False,False,False,False,False,False,False,False,False,False,False,0,
2018,PR,PSL,1722,CASSIO LUIZ GOMES LOBATO MACHADO,False,False,False,False,False,False,False,False,False,False,False,False,0,
2018,PR,PSL,1723,CARMELLA CAROLINA MATHIAS BORGES,False,False,False,False,False,False,False,False,False,False,False,False,0,600.0
2018,PR,PSL,1727,PAULO ROBERTO DE OLIVEIRA VILELA FILHO,False,False,False,False,False,False,False,False,False,False,False,False,0,
2018,PR,PSL,1733,ANTÔNIO FERNANDO COUTINHO BONIN,False,False,False,False,False,False,False,False,False,False,False,False,0,
2018,PR,PSL,1740,NILTON GIULIANO TURETTA,False,False,False,False,False,False,False,False,False,False,False,False,0,
2018,PR,PSL,1744,DIRCEU MORAES,False,False,False,False,False,False,False,False,False,False,False,False,0,10000.0
2018,PR,PSL,1755,ADRIANA MARIA BARROZO DE MACEDO,False,False,False,False,False,False,False,False,False,False,False,False,0,115000.0
2018,PR,PSL,1767,IVONETE SCHWALENBERG,False,False,False,False,False,False,False,False,False,False,False,False,0,3600.0
2018,PR,PSL,1770,IVAN CESAR ROSSONI,False,False,False,False,False,False,False,False,False,False,False,False,0,
2018,PR,PSL,1777,LUIS FELIPE BONATTO FRANCISCHINI,False,False,False,False,False,False,False,False,False,False,False,False,1,
2018,PR,PSL,1778,RIVANIO APARECIDO RODRIGUES,False,False,False,False,False,False,False,False,False,False,False,False,0,
2018,PR,PSL,1785,DANIELE SCHATZ,False,False,False,False,False,False,False,False,False,False,False,False,0,3000.0
2018,PR,PSL,1788,NILSON ROBERTO PESSUTTI FILHO,False,False,False,False,False,False,False,False,False,False,False,False,0,
2018,PR,PSL,1789,GASTÃO SCHEFER NETO,True,True,True,True,False,True,False,False,False,False,True,True,0,
2018,PR,PSL,1790,SEBASTIÃO CARLOS DE SOUZA,False,False,False,False,False,False,False,False,False,False,False,False,0,5000.0
2018,PR,PSL,1799,ROSELANDE MENDES DOS SANTOS,False,False,False,False,False,False,False,False,False,False,False,False,0,
2018,PR,PSOL,5000,VINÍCIUS PRADO ALVES,False,False,False,False,False,False,False,False,False,False,False,False,0,2714.52
2018,PR,PSOL,5001,DOUGLAS WILLIAM GONÇALVES REZENDE,False,False,False,False,False,False,False,False,False,False,False,False,0,2714.52
2018,PR,PSOL,5005,LUIZ MARCELO CARDOSO,False,False,False,False,False,False,False,False,False,False,False,False,0,2714.52
2018,PR,PSOL,5010,LEONARDO LOPES MARTINS,False,False,False,False,False,False,False,False,False,False,False,False,0,2714.52
2018,PR,PSOL,5011,DAVID JOSÉ URBANO,False,False,False,False,False,False,False,False,False,False,False,False,0,2714.52
2018,PR,PSOL,5017,PÉRICLES ARIZA,False,False,False,False,False,False,False,False,False,False,False,False,0,2714.52
2018,PR,PSOL,5020,ANTONIO CAETANO,False,False,False,False,False,False,False,False,False,False,False,False,0,2749.35
2018,PR,PSOL,5021,LORENZO GABRIEL BALEN,False,False,False,False,False,False,False,False,False,False,False,False,0,2714.52
2018,PR,PSOL,5022,IVANILDO CLARO DA SILVA,False,False,False,False,False,False,False,False,False,False,False,False,0,2714.52
2018,PR,PSOL,5025,LUCIMÉRI COSTA SCHULMAISTER,False,False,False,False,False,False,False,False,False,False,False,False,0,2714.52
2018,PR,PSOL,5030,CÁTIA RONSANI CASTRO,False,False,False,False,False,False,False,False,False,False,False,False,0,2714.52
2018,PR,PSOL,5033,LUIZ FELIPE BERGMANN,False,False,False,False,False,False,False,False,False,False,False,False,0,2714.52
2018,PR,PSOL,5040,CLEYTON SERAFIM DOS REIS,False,False,False,False,False,False,False,False,False,False,False,False,0,2714.52
2018,PR,PSOL,5042,JACKELINE LOURENÇO ARISTIDES,False,False,False,False,False,False,False,False,False,False,False,False,0,2714.52
2018,PR,PSOL,5050,LEANDRO SANTOS DIAS,False,False,False,False,False,False,False,False,False,False,False,False,0,2714.52
2018,PR,PSOL,5051,VALÉRIA DA SILVA TRINDADE,False,False,False,False,False,False,False,False,False,False,False,False,0,2714.52
2018,PR,PSOL,5055,JOSE CARLOS MATHIAS DOS SANTOS,False,False,False,False,False,False,False,False,False,False,False,False,0,2714.52
2018,PR,PSOL,5058,ZENÍ TEREZINHA METZGER,False,False,False,False,False,False,False,False,False,False,False,False,0,2714.52
2018,PR,PSOL,5060,LUCILDO TEODORO,False,False,False,False,False,False,False,False,False,False,False,False,0,2714.52
2018,PR,PSOL,5065,CLAUDINO DA SILVA DIAS,False,False,False,False,False,False,False,False,False,False,False,False,0,2714.52
2018,PR,PSOL,5067,JOÃO JOSÉ OLIVEIRA MIRANDA,False,False,False,False,False,False,False,False,False,False,False,False,0,2714.52
2018,PR,PSOL,5070,GEORGE FRANCO DA SILVA,False,False,False,False,False,False,False,False,False,False,False,False,0,2714.52
2018,PR,PSOL,5077,LUCIANO EGIDIO PALAGANO,False,False,False,False,False,False,False,False,False,False,False,False,0,2714.52
2018,PR,PSOL,5080,MARIA ALINE GONÇALVES,False,False,False,False,False,False,False,False,False,False,False,False,0,2714.52
2018,PR,PSOL,5082,JAILTON DOS SANTOS SILVA,False,False,False,False,False,False,False,False,False,False,False,False,0,2714.52
2018,PR,PSOL,5087,JUCINEIA BENEDITA FRANCISCO,False,False,False,False,False,False,False,False,False,False,False,False,0,2714.52
2018,PR,PSOL,5088,NIVIA MARIA ROMERO PIVA,False,False,False,False,False,False,False,False,False,False,False,False,0,2714.52
2018,PR,PSOL,5090,GIANA DE MARCO VIANNA DA SILVA,False,False,False,False,False,False,False,False,False,False,False,False,0,2714.52
2018,PR,PSOL,5099,NILSON AMÉRICO,False,False,False,False,False,False,False,False,False,False,False,False,0,2714.52
2018,PR,PT,1300,DANIEL ALBERTO TORNESI,False,False,False,False,False,False,False,False,False,False,False,False,0,15000.0
2018,PR,PT,1301,NILTON APARECIDO STEIN,False,False,False,False,False,False,False,False,False,False,False,False,0,20000.0
2018,PR,PT,1302,AUREO NILDO XAVIER DOS SANTOS,False,False,False,False,False,False,False,False,False,False,False,False,0,15200.0
2018,PR,PT,1303,DANIELLE CRISTINA BRAZ,False,False,False,False,False,False,False,False,False,False,False,False,0,81500.0
2018,PR,PT,1305,GELSON LUIZ DE PAULA,False,False,False,False,False,False,False,False,False,False,False,False,0,15000.0
2018,PR,PT,1306,ABEL ALVES DE OLIVEIRA,False,False,False,False,False,False,False,False,False,False,False,False,0,15200.0
2018,PR,PT,1310,JOSE CARLOS BECKER DE OLIVEIRA E SILVA,True,True,True,True,True,True,False,True,False,True,True,True,1,893787.19
2018,PR,PT,1311,LEANDRO GOMES MAIKUMA,False,False,False,False,False,False,False,False,False,False,False,False,0,15200.0
2018,PR,PT,1312,MARCIO DE ALMEIDA RAMOS,False,False,False,False,False,False,False,False,False,False,False,False,0,15200.0
2018,PR,PT,1313,GLEISI HELENA HOFFMANN,True,True,True,True,True,False,False,False,False,True,True,False,1,1301322.0
2018,PR,PT,1314,NEVERALDO DA SILVA OLIBONI,False,False,False,False,False,False,False,False,False,False,False,False,0,15000.0
2018,PR,PT,1320,EDSON LUIS BEUREN,False,False,False,False,False,False,False,False,False,False,False,False,0,5382.31
2018,PR,PT,1321,LUIZ CARLOS DA SILVA HERLLAIN,False,False,False,False,False,False,False,False,False,False,False,False,0,15200.0
2018,PR,PT,1322,JOZELITO SERAFINI DA ROCHA,False,False,False,False,False,False,False,False,False,False,False,False,0,15200.0
2018,PR,PT,1323,MARCELO EDUARDO RIBEIRO GOMES,False,False,False,False,False,False,False,False,False,False,False,False,0,15000.0
2018,PR,PT,1325,JOAQUIM TERTULIANO RIBAS DE ANDRADE,False,False,True,False,False,False,False,False,False,True,False,False,0,17333.33
2018,PR,PT,1330,ENIO JOSÉ VERRI,True,True,True,True,True,True,False,False,False,True,True,True,1,894418.0
2018,PR,PT,1331,ANDRE CASTELO BRANCO MACHADO,False,False,False,False,False,False,False,False,False,False,False,False,0,15000.0
2018,PR,PT,1333,GILBERTO GRZESZEZESZYN,False,False,False,False,False,False,False,False,False,False,False,False,0,15000.0
2018,PR,PT,1336,RODINEI PRADO DE OLIVEIRA,False,False,False,False,False,False,False,False,False,False,False,False,0,15200.0
2018,PR,PT,1343,GIANE DE SOUZA SILVA,False,False,False,False,False,False,False,False,False,False,False,False,0,10200.0
2018,PR,PT,1344,JOSE CARLOS OLIVEIRA,False,False,False,False,False,False,False,False,False,False,False,False,0,15000.0
2018,PR,PT,1345,EDUARDO YOCHIMITSU FUJIKAWA,False,False,False,False,False,False,False,False,False,False,False,False,0,15200.0
2018,PR,PT,1350,JOCIANE BUENO DE OLIVEIRA,False,False,False,False,False,False,False,False,False,False,False,False,0,
2018,PR,PT,1356,RUI DALCION ROCHA ROSSETIM,False,False,False,False,False,False,False,False,False,False,False,False,0,15000.0
2018,PR,PT,1363,JOSETE DUBIASKI DA SILVA,False,False,False,False,False,False,False,False,False,False,False,False,0,436000.0
2018,PR,PT,1366,MARLENE BASILIO CORRÊA,False,False,False,False,False,False,False,False,False,False,False,False,0,
2018,PR,PT,1369,APARECIDO BIANCHO,False,False,False,False,False,False,False,False,False,False,False,False,0,15000.0
2018,PR,PT,1377,EDINÉIA ORIBKA,False,False,False,False,False,False,False,False,False,False,False,False,0,10500.0
2018,PR,PT,1378,DILTO VITORASSI,True,True,True,True,False,True,False,False,False,False,True,True,0,82500.0
2018,PR,PT,1379,OSMAR ANTONIO SCHROH,True,True,True,True,False,True,False,False,False,False,True,True,0,15200.0
2018,PR,PT,1390,VICTÓRIA PEDRO CORRÊA,False,False,False,False,False,False,False,False,False,False,False,False,0,12000.0
2018,PR,PT,1399,SALETE APARECIDA HOESEL SCHWERTZ,False,False,False,False,False,False,False,False,False,False,False,False,0,
2018,PR,PTB,1414,LUISA DOS SANTOS SILVEIRA,False,False,False,False,False,False,False,False,False,False,False,False,1,2208553.67
2018,PR,PTC,3600,ANTONIO GONÇALVES FERREIRA,False,False,False,False,False,False,False,False,False,False,False,False,0,
2018,PR,PTC,3601,DANIEL ABIDEMI ADEBAYO MAJARO,False,False,False,False,False,False,False,False,False,False,False,False,0,
2018,PR,PTC,3611,DALVA DE FATIMA MARTINS,False,False,False,False,False,False,False,False,False,False,False,False,0,
2018,PR,PTC,3636,JORGE BEZERRA DE LOIOLA,False,False,False,False,False,False,False,False,False,False,False,False,0,
2018,PR,PTC,3663,NILSON DOS SANTOS BEZERRA,False,False,False,False,False,False,False,False,False,False,False,False,0,6500.0
2018,PR,PTC,3669,ADAIR FERREIRA DE ALMEIDA,False,False,False,False,False,False,False,False,False,False,False,False,0,
2018,PR,PTC,3699,EDSON LUIZ BAGIO,False,False,False,False,False,False,False,False,False,False,False,False,0,5000.0
2018,PR,PV,4300,LEANDRE DAL PONTE,True,True,True,True,True,True,False,False,False,False,True,True,1,1100000.0
2018,PR,PV,4301,TÂNIA DEIZI VALDUGA,False,False,False,False,False,False,False,False,False,False,False,False,0,
2018,PR,PV,4303,LIVIA MICHELE POSSIDENTE TEIXEIRA,False,False,False,False,False,False,False,False,False,False,False,False,0,25000.0
2018,PR,PV,4305,MOISES ALVES GUERGOLET,False,False,False,False,False,False,False,False,False,False,False,False,0,
2018,PR,PV,4307,KELLY BERENICE DA SILVA COSTA,False,False,False,False,False,False,False,False,False,False,False,False,0,10000.0
2018,PR,PV,4311,BELARMINO ANTONIO BACCIN,True,True,True,True,False,True,True,False,False,False,True,True,0,10000.0
2018,PR,PV,4312,RENATO MOCELLIN,False,False,False,False,False,False,False,False,False,False,False,False,0,
2018,PR,PV,4315,JOSE JUAREZ GRABAS,False,False,False,False,False,False,False,False,False,False,False,False,0,
2018,PR,PV,4317,CLAUDINETE SENA CONCEIÇÃO,False,False,False,False,False,False,False,False,False,False,False,False,0,5800.0
2018,PR,PV,4321,FRANCISCO LUIS DOS SANTOS,False,True,True,False,True,False,False,True,False,True,False,False,0,20000.0
2018,PR,PV,4322,CARLOS ROBERTO DESTEFANO,False,False,False,False,False,False,False,False,False,False,False,False,0,30000.0
2018,PR,PV,4323,ILSON MOCELIN,False,False,False,False,False,False,False,False,False,False,False,False,0,
2018,PR,PV,4330,DANIEL MURARO,False,False,False,False,False,False,False,False,False,False,False,False,0,1617.01
2018,PR,PV,4331,ANDERSON DE SOUZA BARROS,False,False,False,False,False,False,False,False,False,False,False,False,0,
2018,PR,PV,4332,JOELMA BARBOSA DE LIRA PITA,False,False,False,False,False,False,False,False,False,False,False,False,0,40000.0
2018,PR,PV,4333,LEANDRO HENRIQUE DE OLIVEIRA BRAVIN,False,False,False,False,False,False,False,False,False,False,False,False,0,112033.0
2018,PR,PV,4334,JOÃO GUILHERME RIBAS MARTINS,False,True,True,False,True,False,False,True,False,True,False,False,0,20000.0
2018,PR,PV,4340,ADEMIR CESAR MACHADO,False,False,False,False,False,False,False,False,False,False,False,False,0,
2018,PR,PV,4341,MARCOS FABIO FERNANDES DE ALMEIDA,False,False,False,False,False,False,False,False,False,False,False,False,0,10000.0
2018,PR,PV,4342,LIDIA GRANISKA SAUTCHUK,False,False,False,False,False,False,False,False,False,False,False,False,0,
2018,PR,PV,4343,JOSÉ ROBERTO ACIOLLI DOS SANTOS,True,True,True,True,True,True,False,False,False,False,True,True,0,100000.0
2018,PR,PV,4344,MYKYMIAS SEMBARSKI DE QUEIROZ,False,False,False,False,False,False,False,False,False,False,False,False,0,29500.0
2018,PR,PV,4345,CARLOS ROBERTO DE MORAES,True,True,True,True,False,True,False,False,False,False,True,True,0,90000.0
2018,PR,PV,4346,CEZAR DE LIMA MARTINS,False,False,False,False,False,False,False,False,False,False,False,False,0,21617.010000000002
2018,PR,PV,4348,BENEDITO LIMA,False,False,False,False,False,False,False,False,False,False,False,False,0,
2018,PR,PV,4350,MAURICIO ELVIS SCHNEIDER,False,False,False,False,False,False,False,False,False,False,False,False,0,
2018,PR,PV,4351,CLICEU ANTUNES PEREIRA,False,False,False,False,False,False,False,False,False,False,False,False,0,
2018,PR,PV,4354,JAMES MILTON KERNE,False,False,False,False,False,False,False,False,False,False,False,False,0,
2018,PR,PV,4355,JOSE APARECIDO GOTARDO,False,False,False,False,False,False,False,False,False,False,False,False,0,15000.0
2018,PR,PV,4357,JOSE WLADEMIR GARBUGGIO,False,False,False,False,False,False,False,False,False,False,False,False,0,80000.0
2018,PR,PV,4366,MICHELLE DURAN LEITE,False,False,False,False,False,False,False,False,False,False,False,False,0,50000.0
2018,PR,PV,4373,ANDREA PLAZIDO TEIXEIRA,False,False,False,False,False,False,False,False,False,False,False,False,0,60200.0
2018,PR,PV,4375,SANDRA MARA ARRUDA,False,False,False,False,False,False,False,False,False,False,False,False,0,
2018,PR,PV,4377,ADELIA PICHEK FAGANELLO,False,False,False,False,False,False,False,False,False,False,False,False,0,39464.3
2018,PR,PV,4380,TIAGO MACHADO,False,False,False,False,False,False,False,False,False,False,False,False,0,5000.0
2018,PR,PV,4381,CARLOS MIURA JUNIOR,False,False,False,False,False,False,False,False,False,False,False,False,0,
2018,PR,PV,4388,MARCELINO RIBEIRO ANTUNES,False,False,False,False,False,False,False,False,False,False,False,False,0,
2018,PR,PV,4390,CLAUDINEI MOREIRA DIAS TOMAS,False,False,False,False,False,False,False,False,False,False,False,False,0,10000.0
2018,PR,PV,4394,LUCIA DO AMARAL,False,False,False,False,False,False,False,False,False,False,False,False,0,5000.0
2018,PR,PV,4399,ADALBERTO CARLOS RIGOBELLO,True,False,False,True,False,False,True,False,False,False,True,False,0,40000.0
2018,PR,REDE,1800,AMILTON FARIAS,False,False,False,False,False,False,False,False,False,False,False,False,0,625.0
2018,PR,REDE,1801,JESTER LUIZ FURTADO,False,False,False,False,False,False,False,False,False,False,False,False,0,625.0
2018,PR,REDE,1810,TIAGO FURLANETTO SOARES,False,False,False,False,False,False,False,False,False,False,False,False,0,625.0
2018,PR,REDE,1818,MARIA ELIZABETE LOPES BERNARDI,False,False,False,False,False,False,False,False,False,False,False,False,0,1425.0
2018,PR,REDE,1819,AROLDO GALDINO DE BRITO,False,False,False,False,False,False,False,False,False,False,False,False,0,625.0
2018,PR,REDE,1820,MARLUS HUMBERTO GERONASSO,False,False,False,False,False,False,False,False,False,False,False,False,0,625.0
2018,PR,REDE,1822,LUIZ ANTONIO VICENTIM FILHO,False,False,False,False,False,False,False,False,False,False,False,False,0,624.99
2018,PR,REDE,1830,CLEONICE APARECIDA CARTOLARI FIGUEIREDO,False,False,False,False,False,False,False,False,False,False,False,False,0,1425.0
2018,PR,REDE,1844,ARTUR MATIAS BRANDÃO FILHO,False,False,False,False,False,False,False,False,False,False,False,False,0,625.0
2018,PR,REDE,1850,MAYNÃ MARTINEZ ARAUJO,False,False,False,False,False,False,False,False,False,False,False,False,0,800.0
2018,PR,REDE,1888,BRUNA SCHLICHTING,False,False,False,False,False,False,False,False,False,False,False,False,0,1425.0
2018,PR,SOLIDARIEDADE,7777,MARCIO ADRIANO PAULIKI,True,True,True,True,True,True,False,False,False,False,True,True,0,865000.0
2018,RJ,AVANTE,7000,JOSE REGISLANDO DE FIGUEIREDO FILHO,False,False,False,False,False,False,False,False,False,False,False,False,0,2124.2
2018,RJ,AVANTE,7001,JOSEMAR FREIRE DOS SANTOS,False,False,False,False,False,False,False,False,False,False,False,False,0,
2018,RJ,AVANTE,7002,JANAINA DE LUNA BRAGANÇA RAMOS,False,False,False,False,False,False,False,False,False,False,False,False,0,
2018,RJ,AVANTE,7003,ROSANGELA SILVA LIMA,False,False,False,False,False,False,False,False,False,False,False,False,0,
2018,RJ,AVANTE,7004,JOSE CHAGAS DOS SANTOS,False,False,False,False,False,False,False,False,False,False,False,False,0,1223.0
2018,RJ,AVANTE,7005,RAQUEL RODRIGUES BORGES,False,False,False,False,False,False,False,False,False,False,False,False,0,10750.0
2018,RJ,AVANTE,7006,ANA LUCIA MASCARENHAS DOS SANTOS,False,False,False,False,False,False,False,False,False,False,False,False,0,18700.0
2018,RJ,AVANTE,7007,SANDRO LACERDA DA SILVA,False,False,False,False,False,False,False,False,False,False,False,False,0,
2018,RJ,AVANTE,7008,TOMAS EDSON ALVES DA SILVA ,False,False,False,False,False,False,False,False,False,False,False,False,0,
2018,RJ,AVANTE,7009,ERALDO GOMES MUNIZ,False,False,False,False,False,False,False,False,False,False,False,False,0,
2018,RJ,AVANTE,7010,BENEVENUTO SILVA DOS SANTOS,False,False,False,False,False,False,False,False,False,False,False,False,0,2960.2
2018,RJ,AVANTE,7011,HELIETE OLIVEIRA DA SILVA,False,False,False,False,False,False,False,False,False,False,False,False,0,
2018,RJ,AVANTE,7012,CARLOS ALBERTO SIQUEIRA DA SILVA,False,False,False,False,False,False,False,False,False,False,False,False,0,
2018,RJ,AVANTE,7015,HIPOLITO LUIS NUNEZ DOMARCO NETO,False,False,False,False,False,False,False,False,False,False,False,False,0,
2018,RJ,AVANTE,7016,LUCIA REGINA SOARES CARRILHO,False,False,False,False,False,False,False,False,False,False,False,False,0,2934.4
2018,RJ,AVANTE,7017,LENILZA MAFORT CONCEIÇAO,False,False,False,False,False,False,False,False,False,False,False,False,0,
2018,RJ,AVANTE,7020,JOSE GUILHERME DE MORAES NETO,False,False,False,False,False,False,False,False,False,False,False,False,0,
2018,RJ,AVANTE,7021,FABIANE VASCONCELOS DE OLIVEIRA CHEMIN ,False,False,False,False,False,False,False,False,False,False,False,False,0,16500.0
2018,RJ,AVANTE,7022,RONDINELE GOMES VILHENA ,False,False,False,False,False,False,False,False,False,False,False,False,0,750.0
2018,RJ,AVANTE,7025,RAMON PEDRO DE MELLO ,False,False,False,False,False,False,False,False,False,False,False,False,0,17000.0
2018,RJ,AVANTE,7026,OTO JANES LEITE DE OLIVEIRA ,False,False,False,False,False,False,False,False,False,False,False,False,0,
2018,RJ,AVANTE,7027,MARCOS ANTONIO REGIS CORREA ,False,False,False,False,False,False,False,False,False,False,False,False,0,750.0
2018,RJ,AVANTE,7028,MARCIO LOPES DIAS,False,False,False,False,False,False,False,False,False,False,False,False,0,2401.2
2018,RJ,AVANTE,7030,ANDRÉ AFONSO SILVA,False,False,False,False,False,False,False,False,False,False,False,False,0,750.0
2018,RJ,AVANTE,7034,ISMAEL RODRIGUES DE MAGALHÃES TORQUATO,False,False,False,False,False,False,False,False,False,False,False,False,0,
2018,RJ,AVANTE,7035,WALLACE CELESTINO DA SILVA,False,False,False,False,False,False,False,False,False,False,False,False,0,
2018,RJ,AVANTE,7039,RICARDO DE SOUZA BARCELOS,False,False,False,False,False,False,False,False,False,False,False,False,0,2865.6
2018,RJ,AVANTE,7040,RUTH XAVIER DE SOUZA SILVA,False,False,False,False,False,False,False,False,False,False,False,False,0,
2018,RJ,AVANTE,7044,CRISTINA PEREIRA,False,False,False,False,False,False,False,False,False,False,False,False,0,
2018,RJ,AVANTE,7045,ANTONIO FERREIRA PEDREGAL FILHO,True,True,True,True,True,True,False,False,False,False,True,True,0,473.0
2018,RJ,AVANTE,7046,DILCEMAR FERREIRA ,False,False,False,False,False,False,False,False,False,False,False,False,0,
2018,RJ,AVANTE,7047,PATRICIA SANTANA SOUZA,False,False,False,False,False,False,False,False,False,False,False,False,0,
2018,RJ,AVANTE,7050,VERA RAMOS DA SILVA,False,False,False,False,False,False,False,False,False,False,False,False,0,17551.2
2018,RJ,AVANTE,7053,JOSÉ CARLOS FERREIRA REIS,False,False,False,False,False,False,False,False,False,False,False,False,0,
2018,RJ,AVANTE,7054,JOMAR DUARTE BITTENCOURT,False,False,False,False,False,False,False,False,False,False,False,False,0,
2018,RJ,AVANTE,7055,ELIETE MARIA DE MOURA PEREIRA,False,False,False,False,False,False,False,False,False,False,False,False,0,
2018,RJ,AVANTE,7058,JOUSE MARIA DOS SANTOS MANES,False,False,False,False,False,False,False,False,False,False,False,False,0,3981.2
2018,RJ,AVANTE,7060,JOSIMAR SANTOS BARBOSA,False,False,False,False,False,False,False,False,False,False,False,False,0,
2018,RJ,AVANTE,7069,EDSON LUIZ DO NASCIMENTO,False,False,False,False,False,False,False,False,False,False,False,False,0,
2018,RJ,AVANTE,7070,JOÃO FRANCISCO INÁCIO BRAZÃO,False,False,False,False,False,False,False,False,False,False,False,False,1,309385.0
2018,RJ,AVANTE,7077,MARCOS PAULO DE JESUS PEIXOTO,False,False,False,False,False,False,False,False,False,False,False,False,0,88566.56
2018,RJ,AVANTE,7078,ALMIR JÓIA MACHADO,False,False,False,False,False,False,False,False,False,False,False,False,0,
2018,RJ,AVANTE,7079,CÉLIO LAUREANO SANTIAGO,False,False,False,False,False,False,False,False,False,False,False,False,0,750.0
2018,RJ,AVANTE,7080,ALEXANDRE JOSÉ ADRIANO,True,True,True,True,True,True,False,False,False,False,True,True,0,
2018,RJ,AVANTE,7090,ROMUALDO MENDES DE FREITAS,False,False,False,False,False,False,False,False,False,False,False,False,0,
2018,RJ,AVANTE,7091,LUIZ BHAJANO HONORATO GOMES,False,False,False,False,False,False,False,False,False,False,False,False,0,
2018,RJ,AVANTE,7098,JANETE MACIEL DE ARAUJO,False,False,False,False,False,False,False,False,False,False,False,False,0,
2018,RJ,AVANTE,7099,ABIGUAR RODRIGUES CLAUDIO FILHO,False,False,False,False,False,False,False,False,False,False,False,False,0,3210.83
2018,RJ,DC,2701,ADRIANO SANTANA DE CARVALHO,False,False,False,False,False,False,False,False,False,False,False,False,0,
2018,RJ,DC,2702,RICARDO MUYLAERT SALGADO NETO,False,False,False,False,False,False,False,False,False,False,False,False,0,
2018,RJ,DC,2703,CLAUDIA RIBEIRO DOS SANTOS,False,False,False,False,False,False,False,False,False,False,False,False,0,3500.0
2018,RJ,DC,2704,JOSÉ ISIDORO LOURENÇO FILHO,False,False,False,False,False,False,False,False,False,False,False,False,0,
2018,RJ,DC,2706,VANDERLEI GRYSZEWSKI SOARES,False,False,False,False,False,False,False,False,False,False,False,False,0,
2018,RJ,DC,2707,MICHELE ALVES SANTOS SABINO,False,False,False,False,False,False,False,False,False,False,False,False,0,3500.0
2018,RJ,DC,2708,WILSON ALVES DE SOUSA,False,False,False,False,False,False,False,False,False,False,False,False,0,2000.0
2018,RJ,DC,2710,ALDAIR CESAR DA SILVA,False,False,False,False,False,False,False,False,False,False,False,False,0,2000.0
2018,RJ,DC,2711,CARLOS MADUREIRA ANTONIO,False,False,False,False,False,False,False,False,False,False,False,False,0,2000.0
2018,RJ,DC,2712,MARZO MOREIRA DOS SANTOS,False,False,False,False,False,False,False,False,False,False,False,False,0,2000.0
2018,RJ,DC,2714,MARIA LUCIA DE SOUZA MAURICIO,False,False,False,False,False,False,False,False,False,False,False,False,0,
2018,RJ,DC,2715,ELIA MARTA SAMUEL,False,False,False,False,False,False,False,False,False,False,False,False,0,3500.0
2018,RJ,DC,2717,MARCOS AURELIO ARAUJO DO NASCIMENTO,False,False,False,False,False,False,False,False,False,False,False,False,0,
2018,RJ,DC,2719,ANDERSON RIBEIRO PEREIRA,False,False,False,False,False,False,False,False,False,False,False,False,0,
2018,RJ,DC,2721,MARCELLO TOMMASI OLIVEIRA,False,False,False,False,False,False,False,False,False,False,False,False,0,
2018,RJ,DC,2722,EDUARDO MOLINA SANTOS,False,False,False,False,False,False,False,False,False,False,False,False,0,
2018,RJ,DC,2723,SHEILA DE OLIVEIRA BARROSO,False,False,False,False,False,False,False,False,False,False,False,False,0,
2018,RJ,DC,2725,ALESSANDRO DE OLIVEIRA FONTES,False,False,False,False,False,False,False,False,False,False,False,False,0,
2018,RJ,DC,2726,CARLOS PEDRO DA SILVA,False,False,False,False,False,False,False,False,False,False,False,False,0,17000.0
2018,RJ,DC,2727,LUIZ ANTONIO DA COSTA CARVALHO CORREA DA SILVA,False,True,True,False,True,False,False,True,False,True,False,False,1,
2018,RJ,DC,2728,MARCOS PAULO BARBOSA TAVARES,False,False,False,False,False,False,False,False,False,False,False,False,0,
2018,RJ,DC,2729,ALVARO ANIBAL ALVES DE MAGALHAES,False,False,False,False,False,False,False,False,False,False,False,False,0,
2018,RJ,DC,2733,NEIDELY FARIAS FAUSTINO DA SILVA,False,False,False,False,False,False,False,False,False,False,False,False,0,3500.0
2018,RJ,DC,2737,ANA VALERIA GUERRIERI FREYESLEBEN,False,False,False,False,False,False,False,False,False,False,False,False,0,3500.0
2018,RJ,DC,2740,MARCELO LUIZ SANTIAGO,False,False,False,False,False,False,False,False,False,False,False,False,0,
2018,RJ,DC,2744,MARCIA BASTOS GUIMARAES,False,False,False,False,False,False,False,False,False,False,False,False,0,3500.0
2018,RJ,DC,2745,CARLOS VICTOR DA ROCHA MENDES,True,True,True,True,False,True,False,False,False,False,True,True,0,
2018,RJ,DC,2747,ELISAEL FERNANDES MARQUES,False,False,False,False,False,False,False,False,False,False,False,False,0,
2018,RJ,DC,2750,JULLIANA CUNHA DE ALMEIDA,False,False,False,False,False,False,False,False,False,False,False,False,0,3500.0
2018,RJ,DC,2755,PEDRO ERNESTO FONSECA BRUM,False,False,False,False,False,False,False,False,False,False,False,False,0,
2018,RJ,DC,2757,ALEXANDRE TREVIZAN DE OLIVEIRA,False,False,False,False,False,False,False,False,False,False,False,False,0,
2018,RJ,DC,2760,JOSE OTAVIO GUERRA DE SOUZA,False,False,False,False,False,False,False,False,False,False,False,False,0,2000.0
2018,RJ,DC,2765,VERA MARLENE CRUZ,False,False,False,False,False,False,False,False,False,False,False,False,0,3500.0
2018,RJ,DC,2767,CARLOS JOSE LIMA CONRADO,False,False,False,False,False,False,False,False,False,False,False,False,0,22000.0
2018,RJ,DC,2772,LEOMAR VALENÇA LIMA,False,False,False,False,False,False,False,False,False,False,False,False,0,2000.0
2018,RJ,DC,2777,PAULO RODRIGUES ALVES DA SILVA,False,False,False,False,False,False,False,False,False,False,False,False,0,2000.0
2018,RJ,DC,2778,NILTON DE OLIVEIRA CANTO,False,False,False,False,False,False,False,False,False,False,False,False,0,2000.0
2018,RJ,DC,2780,JACINTA DE LOURDES SILVA FARIAS,False,False,False,False,False,False,False,False,False,False,False,False,0,3500.0
2018,RJ,DC,2787,CARLOTA JOSINA DOS SANTOS,False,False,False,False,False,False,False,False,False,False,False,False,0,3500.0
2018,RJ,DC,2788,JOSE ANILTON RIBEIRO SOUZA,False,False,False,False,False,False,False,False,False,False,False,False,0,2000.0
2018,RJ,DC,2789,MARCO ANTONIO PEREIRA DE FIGUEIREDO,True,True,True,True,True,True,False,False,False,False,True,True,0,
2018,RJ,DC,2791,MARLI NASCIMENTO CORREA,False,False,False,False,False,False,False,False,False,False,False,False,0,3500.0
2018,RJ,DC,2794,EDSON MARINHO GASPAR DE MATOS,False,False,False,False,False,False,False,False,False,False,False,False,0,2000.0
2018,RJ,DC,2799,LUCIA FROTA PESTANA DE AGUIAR SILVA,False,False,False,False,False,False,False,False,False,False,False,False,0,20000.0
2018,RJ,DEM,2500,ROGERIO TEIXEIRA JUNIOR,False,False,False,False,False,False,False,False,False,False,False,False,1,
2018,RJ,DEM,2501,PEDRO PAULO CARVALHO TEIXEIRA,True,True,True,True,True,True,False,False,False,False,True,True,1,940000.0
2018,RJ,DEM,2502,RAQUEL CASSIMIRO DA SILVA,False,False,False,False,False,False,False,False,False,False,False,False,0,1000.0
2018,RJ,DEM,2504,ANDRE MACHADO GONÇALVES,False,False,False,False,False,False,False,False,False,False,False,False,0,
2018,RJ,DEM,2509,EDUARDO SERPA DE CARVALHO LIMA,False,False,False,False,False,False,False,False,False,False,False,False,0,
2018,RJ,DEM,2510,ROBERTO DA SILVA SALES,False,False,False,False,False,False,False,False,False,False,False,False,0,940000.0
2018,RJ,DEM,2512,CELSO CORREA DE BARROS,False,False,False,False,False,False,False,False,False,False,False,False,0,50000.0
2018,RJ,DEM,2518,SILVIA DE BRAGA ARÃO,False,False,False,False,False,False,False,False,False,False,False,False,0,
2018,RJ,DEM,2520,MARCO ANTONIO FURTADO,False,False,False,False,False,False,False,False,False,False,False,False,0,
2018,RJ,DEM,2523,JOSE AUGUSTO NALIN,True,True,True,True,False,True,False,False,False,False,True,True,0,900000.0
2018,RJ,DEM,2525,MARIA LAURA MONTEZA DE SOUZA CARNEIRO,True,True,True,True,True,True,False,False,False,False,True,True,0,1450000.0
2018,RJ,DEM,2526,JOSE MAURO VAZ LOBO,False,False,False,False,False,False,False,False,False,False,False,False,0,50000.0
2018,RJ,DEM,2533,MARCOS BEZERRA RIBEIRO SOARES,True,True,True,True,True,True,False,False,False,False,True,True,0,1206000.0
2018,RJ,DEM,2535,DIMAS DE PAIVA GADELHA JUNIOR,False,False,False,False,False,False,False,False,False,False,False,False,0,75000.0
2018,RJ,DEM,2536,DULCE HELENA DO CARMO TELLES,False,False,False,False,False,False,False,False,False,False,False,False,0,
2018,RJ,DEM,2550,SARA FERNANDA GIROMINI,False,False,False,False,False,False,False,False,False,False,False,False,0,25000.0
2018,RJ,DEM,2552,ANA PAULA GOLDBACH,False,False,False,False,False,False,False,False,False,False,False,False,0,1000.0
2018,RJ,DEM,2555,IVANIA DAS GRAÇAS MARTINS,False,False,False,False,False,False,False,False,False,False,False,False,0,1000.0
2018,RJ,DEM,2577,SÓSTENES SILVA CAVALCANTE,True,True,True,True,True,True,False,False,False,False,True,True,1,1150000.0
2018,RJ,DEM,2580,FRANCISCO FLORIANO DE SOUSA SILVA,True,True,True,True,True,True,False,False,False,False,True,True,0,700000.0
2018,RJ,DEM,2587,RODRIGO FELINTO IBARRA EPITÁCIO MAIA,True,True,True,True,True,True,False,False,False,False,True,True,1,717600.0
2018,RJ,DEM,2588,CARLOS DIAS FILHO,True,True,True,True,True,True,False,False,False,False,True,True,0,75000.0
2018,RJ,MDB,1500,WILSON SILVA BESERRA,True,True,True,True,False,True,False,False,False,False,True,True,0,1518313.95
2018,RJ,MDB,1503,GABRIELLA SILVA THINNES,False,False,False,False,False,False,False,False,False,False,False,False,0,54012.79
2018,RJ,MDB,1505,ATILA ALEXANDRE NUNES PEREIRA,False,False,False,False,False,False,False,False,False,False,False,False,0,1507325.61
2018,RJ,MDB,1510,NEIMAR BRANDAO HEVIA DO VALLE,False,False,False,False,False,False,False,False,False,False,False,False,0,50150.0
2018,RJ,MDB,1512,ALECIO BREDA DIAS,False,False,False,False,False,False,False,False,False,False,False,False,0,156752.79
2018,RJ,MDB,1515,VINICIUS MEDEIROS FARAH,True,True,True,True,True,True,False,True,False,True,True,True,1,200000.0
2018,RJ,MDB,1516,GUTEMBERG REIS DE OLIVEIRA,False,False,False,False,False,False,False,False,False,False,False,False,1,503662.79
2018,RJ,MDB,1520,LAYDSON CARLOS DE SOUZA CRUZ,False,False,False,False,False,False,False,False,False,False,False,False,0,103662.79
2018,RJ,MDB,1522,WILSON CARLOS MARTINS,False,False,False,False,False,False,False,False,False,False,False,False,0,33812.79
2018,RJ,MDB,1530,DANIELLE DYTZ DA CUNHA,False,False,False,False,False,False,False,False,False,False,False,False,0,2032965.12
2018,RJ,MDB,1533,MARIA DA PENHA BERNARDES,False,False,False,False,False,False,False,False,False,False,False,False,0,50000.0
2018,RJ,MDB,1545,DANIELA MOTE DE SOUZA CARNEIRO,False,False,False,False,False,False,False,False,False,False,False,False,1,711325.58
2018,RJ,MDB,1554,GERALDO ROBERTO SIQUEIRA DE SOUZA,True,True,True,True,True,True,False,False,False,False,True,True,0,203662.79
2018,RJ,MDB,1555,ANDRÉ LUIZ LAZARONI DE MORAES,True,True,True,True,True,True,False,False,False,False,True,True,0,900000.0
2018,RJ,MDB,1568,JOCIARA BENEDICTO ALVES FRANCISCO,False,False,False,False,False,False,False,False,False,False,False,False,0,19012.79
2018,RJ,MDB,1577,MARCO ANTÔNIO NEVES CABRAL,True,True,True,True,True,True,False,False,False,False,True,True,0,1614000.0
2018,RJ,MDB,1580,LEONARDO CARNEIRO MONTEIRO PICCIANI,True,True,True,True,True,True,False,False,False,False,True,True,0,1668313.95
2018,RJ,MDB,1596,AMERICA TEREZA NASCIMENTO DA SILVA,True,True,True,True,False,True,False,False,False,False,True,True,0,380000.0
2018,RJ,NOVO,3000,RICARDO PEDREIRA RANGEL,False,False,False,False,False,False,False,False,False,False,False,False,0,1099.1599999999999
2018,RJ,NOVO,3001,MOISÉS SARMENTO DE QUEIROZ,False,False,False,False,False,False,False,False,False,False,False,False,0,3599.16
2018,RJ,NOVO,3003,DANIEL ARAUJO DUQUE,False,False,False,False,False,False,False,False,False,False,False,False,0,1099.1599999999999
2018,RJ,NOVO,3005,JOMARA REIS KNOFF,False,False,False,False,False,False,False,False,False,False,False,False,0,3079.16
2018,RJ,NOVO,3007,JERRI ANDRADE PIRES,False,False,False,False,False,False,False,False,False,False,False,False,0,1099.1599999999999
2018,RJ,NOVO,3010,CÍNTIA JOSANE TEIXEIRA DE ABREU,False,False,False,False,False,False,False,False,False,False,False,False,0,1099.1599999999999
2018,RJ,NOVO,3017,LEONARDO JOSÉ MATTOS SULTANI,False,False,False,False,False,False,False,False,False,False,False,False,0,7499.99
2018,RJ,NOVO,3018,TATIANA FERREIRA NOLASCO PINHEIRO,False,False,False,False,False,False,False,False,False,False,False,False,0,3079.16
2018,RJ,NOVO,3021,GISELLE GUIMARÃES GOMES,False,False,False,False,False,False,False,False,False,False,False,False,0,8599.16
2018,RJ,NOVO,3022,IVAN MONTEIRO SANTOS,False,False,False,False,False,False,False,False,False,False,False,False,0,3599.16
2018,RJ,NOVO,3030,PAULO GUSTAVO GANIME ALVES TEIXEIRA,False,False,False,False,False,False,False,False,False,False,False,False,1,6099.16
2018,RJ,NOVO,3031,ROSANNE ANDRADE DE MELO GARCIA,False,False,False,False,False,False,False,False,False,False,False,False,0,3079.16
2018,RJ,NOVO,3032,MICHELE NAILI,False,False,False,False,False,False,False,False,False,False,False,False,0,3079.16
2018,RJ,NOVO,3033,MAURIZIO RODRIGUES SPINELLI,False,False,False,False,False,False,False,False,False,False,False,False,0,11099.16
2018,RJ,NOVO,3040,RODRIGO DE BOROBIA PIRES GONÇALVES,False,False,False,False,False,False,False,False,False,False,False,False,0,10579.16
2018,RJ,NOVO,3050,JORGE ROJAS CARRO,False,False,False,False,False,False,False,False,False,False,False,False,0,1099.1599999999999
2018,RJ,NOVO,3053,JOSÉ ARTHUR PEREIRA RODRIGUES,False,False,False,False,False,False,False,False,False,False,False,False,0,1099.1599999999999
2018,RJ,NOVO,3070,GASTÃO REIS RODRIGUES PEREIRA,False,False,False,False,False,False,False,False,False,False,False,False,0,3079.16
2018,RJ,NOVO,3077,LEANDRO LYRA BRAGA DOGNINI,False,False,False,False,False,False,False,False,False,False,False,False,0,
2018,RJ,PATRI,5100,RICARDO MAGALHAES GARCIA GUTIERREZ,False,False,False,False,False,False,False,False,False,False,False,False,0,
2018,RJ,PATRI,5101,ALENCAR DACIOLO FONSECA DOS SANTOS,False,False,False,False,False,False,False,False,False,False,False,False,0,408000.0
2018,RJ,PATRI,5103,ENIR LEAL MACHADO BRUM,False,False,False,False,False,False,False,False,False,False,False,False,0,4000.0
2018,RJ,PATRI,5104,ALEXANDRE FERREIRA DA SILVA,False,False,False,False,False,False,False,False,False,False,False,False,0,
2018,RJ,PATRI,5106,JORGE EDILSON TAVARES DOS SANTOS ,False,False,False,False,False,False,False,False,False,False,False,False,0,
2018,RJ,PATRI,5107,SUELI ALVES DE FARIAS,False,False,False,False,False,False,False,False,False,False,False,False,0,
2018,RJ,PATRI,5110,LUIZ MENDES SUETH JUNIOR,False,False,False,False,False,False,False,False,False,False,False,False,0,
2018,RJ,PATRI,5111,ROBSON DE VASCONCELOS,False,False,False,False,False,False,False,False,False,False,False,False,0,
2018,RJ,PATRI,5112,PAULO ROBERTO GOMES DOS SANTOS,False,False,False,False,False,False,False,False,False,False,False,False,0,
2018,RJ,PATRI,5115,ARLINDO JOSE BIANCARDI,False,False,False,False,False,False,False,False,False,False,False,False,0,
2018,RJ,PATRI,5116,PAULO ROBERTO CORREA,False,False,False,False,False,False,False,False,False,False,False,False,0,
2018,RJ,PATRI,5121,CARLOS ZALBERTO BOA MORTE FILHO,False,False,False,False,False,False,False,False,False,False,False,False,0,
2018,RJ,PATRI,5122,BISMARK CLIMERIO DE SOUZA CAMPOS,False,False,False,False,False,False,False,False,False,False,False,False,0,
2018,RJ,PATRI,5123,MARIA CRISTINA MEL DE ALMEIDA COSTA,False,False,False,False,False,False,False,False,False,False,False,False,0,16022.0
2018,RJ,PATRI,5125,ROSALI RODRIGUES DA CONCEICAO,False,False,False,False,False,False,False,False,False,False,False,False,0,4000.0
2018,RJ,PATRI,5129,NILSON LOPES DOS SANTOS ,False,False,False,False,False,False,False,False,False,False,False,False,0,
2018,RJ,PATRI,5133,MARCOS ROGERIO LIMA MOREIRA,False,False,False,False,False,False,False,False,False,False,False,False,0,
2018,RJ,PATRI,5135,SEBASTIÃO CESAR DA SILVA,False,False,False,False,False,False,False,False,False,False,False,False,0,
2018,RJ,PATRI,5143,TELMA DA SILVA MORENO,False,False,False,False,False,False,False,False,False,False,False,False,0,
2018,RJ,PATRI,5145,CINTIA DA SILVA GOMES DO NASCIMENTO,False,False,False,False,False,False,False,False,False,False,False,False,0,
2018,RJ,PATRI,5151,WALNEY DA ROCHA CARVALHO,True,True,True,True,True,True,False,False,False,False,True,True,0,307000.0
2018,RJ,PATRI,5152,ANDRE RICARDO AMARAL DE ANDREA,False,False,False,False,False,False,False,False,False,False,False,False,0,
2018,RJ,PATRI,5153,JORGE LUIZ LINO DOS SANTOS ,False,False,False,False,False,False,False,False,False,False,False,False,0,
2018,RJ,PATRI,5155,MARILENA PINTO RODRIGUES,False,False,False,False,False,False,False,False,False,False,False,False,0,5000.0
2018,RJ,PATRI,5156,CARLA CRISTINA SIMÕES DA CUNHA DE OLIVEIRA,False,False,False,False,False,False,False,False,False,False,False,False,0,3500.0
2018,RJ,PATRI,5177,CELIO ROBERTO RODRIGUES DA SILVA,False,False,False,False,False,False,False,False,False,False,False,False,0,
2018,RJ,PATRI,5183,MARIA JOSELIA TAVARES,False,False,False,False,False,False,False,False,False,False,False,False,0,
2018,RJ,PATRI,5188,JAILTON NOBREGA LUNGUINHO,False,False,False,False,False,False,False,False,False,False,False,False,0,
2018,RJ,PATRI,5192,ROSEMERY TERRA FLORIANO DA SILVA,False,False,False,False,False,False,False,False,False,False,False,False,0,5756.0
2018,RJ,PATRI,5193,ROBERTO HENRIQUE DE SOUZA JUNIOR,False,False,False,False,False,False,False,False,False,False,False,False,0,
2018,RJ,PATRI,5199,ANGELICA MONTEIRO GUIMARAES,False,False,False,False,False,False,False,False,False,False,False,False,0,
2018,RJ,PC do B,6501,CARLOS AUGUSTO CORRÊA MACHADO,False,False,False,False,False,False,False,False,False,False,False,False,0,3400.0
2018,RJ,PC do B,6510,SERGIO SILVEIRA MONTEIRO,False,False,False,False,False,False,False,False,False,False,False,False,0,2500.0
2018,RJ,PC do B,6516,MALVINA DE OLIVEIRA XAVIER DAUMAS,False,False,False,False,False,False,False,False,False,False,False,False,0,3250.0
2018,RJ,PC do B,6517,MILENE MACHADO VIEIRA ,False,False,False,False,False,False,False,False,False,False,False,False,0,2500.0
2018,RJ,PC do B,6554,JOSIMAR CAMPOS DE SOUZA,False,False,False,False,False,False,False,False,False,False,False,False,0,15000.0
2018,RJ,PC do B,6555,DANIEL ILIESCU,False,False,False,False,False,False,False,False,False,False,False,False,0,26875.0
2018,RJ,PC do B,6563,EZAQUIEL SIQUEIRA DA CONCEIÇÃO ,False,False,False,False,False,False,False,False,False,False,False,False,0,8550.0
2018,RJ,PC do B,6565,JANDIRA FEGHALI,True,True,True,True,True,True,False,False,False,True,True,True,1,1319160.0
2018,RJ,PC do B,6577,IVAN ALVES CANELLAS ,False,False,False,False,False,False,False,False,False,False,False,False,0,3700.0
2018,RJ,PCB,2121,MARIA CAROLINA DE OLIVEIRA DOS SANTOS,False,False,False,False,False,False,False,False,False,False,False,False,0,117035.75
2018,RJ,PDT,1200,CARLOS ALBERTO CUNHA CRUZ,False,False,False,False,False,False,False,False,False,False,False,False,0,
2018,RJ,PDT,1201,MANOEL ALOISIO FREITAS,False,False,False,False,False,False,False,False,False,False,False,False,0,100000.0
2018,RJ,PDT,1202,JOSE LUIZ NIEMEYER DOS SANTOS FILHO,False,False,False,False,False,False,False,False,False,False,False,False,0,
2018,RJ,PDT,1203,CAIO SANTOS VIANNA,False,False,True,False,False,False,False,False,False,True,False,False,0,50000.0
2018,RJ,PDT,1205,DAMIAO BRAGA SOARES DOS SANTOS,False,False,False,False,False,False,False,False,False,False,False,False,0,
2018,RJ,PDT,1207,CARLOS ANDRE TERRA PAES,False,False,False,False,False,False,False,False,False,False,False,False,0,
2018,RJ,PDT,1210,FRANCISCO JOSE D ANGELO PINTO,True,True,True,True,True,True,False,False,False,False,True,True,1,500000.0
2018,RJ,PDT,1211,GERCIANO DE LIMA LUZ,False,False,False,False,False,False,False,False,False,False,False,False,0,
2018,RJ,PDT,1212,FERNANDO LOPES DE ALMEIDA,True,True,True,True,True,True,False,False,False,False,True,True,0,75000.0
2018,RJ,PDT,1213,EMMANUEL BERNARDES FRANCISCO VIEGAS,False,False,False,False,False,False,False,False,False,False,False,False,0,20000.0
2018,RJ,PDT,1214,OSCAR FELIZZOLA SOUZA,False,False,False,False,False,False,False,False,False,False,False,False,0,
2018,RJ,PDT,1216,ESMERALDA FURTADO DA SILVA,False,False,False,False,False,False,False,False,False,False,False,False,0,10640.59
2018,RJ,PDT,1218,CARLOS JESUS ONTIVEROS GUARDIA,True,True,True,True,False,True,False,False,False,True,True,True,0,20000.0
2018,RJ,PDT,1221,JAMIL MIGUEL SABRA NETO,False,False,False,False,False,False,False,False,False,False,False,False,0,25800.0
2018,RJ,PDT,1222,ADRIANO DA SILVA GUEDES,False,False,False,False,False,False,False,False,False,False,False,False,0,
2018,RJ,PDT,1223,ABEILARD GOULART DE SOUZA FILHO,True,True,True,True,False,True,False,False,False,False,True,True,0,
2018,RJ,PDT,1224,SUSYMARA ANTUNES RODRIGUES,False,False,False,False,False,False,False,False,False,False,False,False,0,10640.59
2018,RJ,PDT,1226,NILSON DE ARAUJO FERREIRA,False,False,False,False,False,False,False,False,False,False,False,False,0,
2018,RJ,PDT,1230,ADILSON MENDES FONSECA,False,False,False,False,False,False,False,False,False,False,False,False,0,20000.0
2018,RJ,PDT,1233,GLAUCO BARBOSA HOFFMAN KAIZER,False,False,False,False,False,False,False,False,False,False,False,False,0,
2018,RJ,PDT,1234,PAULO SERGIO RAMOS BARBOZA,True,True,True,True,True,True,False,False,False,False,True,True,1,150000.0
2018,RJ,PDT,1236,JOSIANE THAMARA DE MELLO GOMES,False,False,False,False,False,False,False,False,False,False,False,False,0,20640.59
2018,RJ,PDT,1237,ALEX LUIZ CHUVAS,False,False,False,False,False,False,False,False,False,False,False,False,0,
2018,RJ,PDT,1238,FLAVIA DA SILVA PINTO,False,False,False,False,False,False,False,False,False,False,False,False,0,10000.0
2018,RJ,PDT,1239,MARIO ALBERTO AVELINO,False,False,False,False,False,False,False,False,False,False,False,False,0,
2018,RJ,PDT,1240,EMANUEL ESTEVAO GARCIA,False,False,False,False,False,False,False,False,False,False,False,False,0,
2018,RJ,PDT,1241,JOYCE PIMENTEL DE OLIVEIRA CRUZ SOARES,False,False,False,False,False,False,False,False,False,False,False,False,0,10000.0
2018,RJ,PDT,1242,LIVIA SILVA OLIVEIRA,False,False,False,False,False,False,False,False,False,False,False,False,0,10640.59
2018,RJ,PDT,1245,ROQUE CERQUEIRA DA SILVA,False,False,False,False,False,False,False,False,False,False,False,False,0,
2018,RJ,PDT,1248,TANIA REGINA DA SILVA MOTA,False,False,False,False,False,False,False,False,False,False,False,False,0,10640.59
2018,RJ,PDT,1252,LUCIANA MONTEIRO SANTOS ALMEIDA,False,False,False,False,False,False,False,False,False,False,False,False,0,10640.59
2018,RJ,PDT,1255,NIVALDO PESSANHA DE SOUSA,False,False,False,False,False,False,False,False,False,False,False,False,0,
2018,RJ,PDT,1257,MARIA PERPETUA DE ALMEIDA,False,False,False,False,False,False,False,False,False,False,False,False,0,10640.59
2018,RJ,PDT,1261,ANDERSON DA SILVA,False,False,False,False,False,False,False,False,False,False,False,False,0,
2018,RJ,PDT,1262,MARIA HELENA VIEIRA MARTINS,False,False,False,False,False,False,False,False,False,False,False,False,0,10640.59
2018,RJ,PDT,1267,PAULO DE TARSO MACHADO DE BARROS,False,False,False,False,False,False,False,False,False,False,False,False,0,
2018,RJ,PDT,1268,MILLENE DOS SANTOS SANTOS,False,False,False,False,False,False,False,False,False,False,False,False,0,10640.59
2018,RJ,PDT,1273,MARIZA FERNANDES DA SILVA,False,False,False,False,False,False,False,False,False,False,False,False,0,10640.59
2018,RJ,PDT,1277,BRUNO ENRICO DE OLIVEIRA PINHEIRO,False,False,False,False,False,False,False,False,False,False,False,False,0,
2018,RJ,PDT,1279,FABIANA FERREIRA ROCHA,False,False,False,False,False,False,False,False,False,False,False,False,0,10000.0
2018,RJ,PDT,1280,JOSE RICARDO TAVARES CORREA,False,False,False,False,False,False,False,False,False,False,False,False,0,
2018,RJ,PDT,1287,BIANCA DE CASSIA MORENO PEREIRA,False,False,False,False,False,False,False,False,False,False,False,False,0,10640.59
2018,RJ,PDT,1288,CRISTIANO DA SILVA CAETANO,False,False,False,False,False,False,False,False,False,False,False,False,0,20000.0
2018,RJ,PDT,1290,ANDRE ANTONIO LOPES DO NASCIMENTO,False,False,False,False,False,False,False,False,False,False,False,False,0,
2018,RJ,PDT,1293,LYNCE NAVEIRA E SILVA,False,False,False,False,False,False,False,False,False,False,False,False,0,
2018,RJ,PDT,1295,KEDSON PEDRO BASTOS,False,False,False,False,False,False,False,False,False,False,False,False,0,
2018,RJ,PDT,1296,NILDA HELIO,False,False,False,False,False,False,False,False,False,False,False,False,0,10640.59
2018,RJ,PDT,1297,MARIA ELIZABETH PORTELA DE VASCONCELLOS,False,False,False,False,False,False,False,False,False,False,False,False,0,10826.640000000001
2018,RJ,PDT,1299,ROSANA VICENTE DO NASCIMENTO,False,False,False,False,False,False,False,False,False,False,False,False,0,10640.59
2018,RJ,PHS,3100,GELSON DE AZEVEDO ALMEIDA,False,False,False,False,False,False,False,False,False,False,False,False,1,300.0
2018,RJ,PHS,3101,FRANKLIN TRINDADE DE ALMEIDA,False,False,False,False,False,False,False,False,False,False,False,False,0,300.0
2018,RJ,PHS,3102,SORAYA FONTES FEITOZA DA SILVA ,False,False,False,False,False,False,False,False,False,False,False,False,0,3200.0
2018,RJ,PHS,3103,ANTONIO ROOSEVELT BORGES DE OLIVEIRA,False,False,False,False,False,False,False,False,False,False,False,False,0,300.0
2018,RJ,PHS,3104,JULIANA DE ANDRADE CARVALHO,False,False,False,False,False,False,False,False,False,False,False,False,0,200.0
2018,RJ,PHS,3105,SANDRO DA SILVA MARÇAL,False,False,False,False,False,False,False,False,False,False,False,False,0,300.0
2018,RJ,PHS,3106,MARIA DE FATIMA OLIVEIRA MACIEL,False,False,False,False,False,False,False,False,False,False,False,False,0,3200.0
2018,RJ,PHS,3107,SERGIO MENDONÇA PAIVA ,False,False,False,False,False,False,False,False,False,False,False,False,0,300.0
2018,RJ,PHS,3108,RODRIGO FRANCISCO DA SILVA PEREIRA ,False,False,False,False,False,False,False,False,False,False,False,False,0,300.0
2018,RJ,PHS,3109,DALILA SILVA GOMES CASTRO,False,False,False,False,False,False,False,False,False,False,False,False,0,200.0
2018,RJ,PHS,3110,CARLOS ALBERTO MEDEIROS RAMOS ,False,False,False,False,False,False,False,False,False,False,False,False,0,300.0
2018,RJ,PHS,3111,LETICIA ALVES PEREIRA ENTRAGO,False,False,False,False,False,False,False,False,False,False,False,False,0,13200.0
2018,RJ,PHS,3112,MARCO ANTONIO PINNO LEITE ,False,False,False,False,False,False,False,False,False,False,False,False,0,300.0
2018,RJ,PHS,3113,MARCELO DE MEDEIROS REIS,False,False,False,False,False,False,False,False,False,False,False,False,0,300.0
2018,RJ,PHS,3115,NILTON GOMES CARDOSO,False,False,False,False,False,False,False,False,False,False,False,False,0,300.0
2018,RJ,PHS,3117,WALLACE DO SACRAMENTO ,False,False,False,False,False,False,False,False,False,False,False,False,0,300.0
2018,RJ,PHS,3118,MARIO MANHÃES MOSSO,False,False,False,False,False,False,False,False,False,False,False,False,0,300.0
2018,RJ,PHS,3119,ENOCK AMARAL OLIVEIRA ,False,False,False,False,False,False,False,False,False,False,False,False,0,300.0
2018,RJ,PHS,3120,ANDRÉ LUIS DE OLIVEIRA CRISTINO ,False,False,False,False,False,False,False,False,False,False,False,False,0,300.0
2018,RJ,PHS,3121,TEREZINHA APARECIDA DIAS MARTINS ,False,False,False,False,False,False,False,False,False,False,False,False,0,3200.0
2018,RJ,PHS,3122,CARLOS AUGUSTO FELIPE ,False,False,False,False,False,False,False,False,False,False,False,False,0,300.0
2018,RJ,PHS,3123,FABIO CIPRIANO DE MELLO,False,False,False,False,False,False,False,False,False,False,False,False,0,300.0
2018,RJ,PHS,3124,PAULO ROBERTO ANDRE SANTANA,False,False,False,False,False,False,False,False,False,False,False,False,0,
2018,RJ,PHS,3125,MAURA DE OLIVEIRA LOBO,False,False,False,False,False,False,False,False,False,False,False,False,0,13200.0
2018,RJ,PHS,3129,LAUDEMIR SOUZA DOS REIS,False,False,False,False,False,False,False,False,False,False,False,False,0,300.0
2018,RJ,PHS,3130,JOSÉ GERALDO VICTORIO GONÇALVES ,False,False,False,False,False,False,False,False,False,False,False,False,0,
2018,RJ,PHS,3131,CARLOS EDUARDO MOREIRA DA SILVA ,True,True,True,True,False,True,False,False,False,False,True,True,0,
2018,RJ,PHS,3132,JOELSON CAVALCANTE DA SILVA ,False,False,False,False,False,False,False,False,False,False,False,False,0,300.0
2018,RJ,PHS,3133,MAURICIO LOPES DOS SANTOS ,False,False,False,False,False,False,False,False,False,False,False,False,0,
2018,RJ,PHS,3135,LUCIA HELENA LOPES CARDOSO,False,False,False,False,False,False,False,False,False,False,False,False,0,5200.0
2018,RJ,PHS,3136,MARCOS FRANKUS FONTES DA CUNHA ,False,False,False,False,False,False,False,False,False,False,False,False,0,300.0
2018,RJ,PHS,3137,JUÇARA AGUIAR ,False,False,False,False,False,False,False,False,False,False,False,False,0,200.0
2018,RJ,PHS,3140,PEDRO PAULO DE OLIVEIRA ROZENO,False,False,False,False,False,False,False,False,False,False,False,False,0,300.0
2018,RJ,PHS,3141,WALDEMAR JOSÉ DE AVILA NETO,False,False,False,False,False,False,False,False,False,False,False,False,0,300.0
2018,RJ,PHS,3144,NIVALDO PEREIRA ,False,False,False,False,False,False,False,False,False,False,False,False,0,300.0
2018,RJ,PHS,3148,MARCOS ROBERTO MAIA,False,False,False,False,False,False,False,False,False,False,False,False,0,300.0
2018,RJ,PHS,3151,RAUL MARCELO LIMA DE ALMEIDA,False,False,False,False,False,False,False,False,False,False,False,False,0,300.0
2018,RJ,PHS,3153,ANRIETE PAIVA DE AZEVEDO,False,False,False,False,False,False,False,False,False,False,False,False,0,5200.0
2018,RJ,PHS,3154,ENILDA RIBEIRO WAYND,False,False,False,False,False,False,False,False,False,False,False,False,0,3200.0
2018,RJ,PHS,3155,HELIL BARRETO CARDOZO,True,True,True,True,True,True,False,True,False,True,True,True,0,
2018,RJ,PHS,3156,SÉRGIO LUIS DE CARVALHO OLIVEIRA ,False,False,False,False,False,False,False,False,False,False,False,False,0,300.0
2018,RJ,PHS,3159,SANDRA HELENA TEIXEIRA DE CAMARGO,False,False,False,False,False,False,False,False,False,False,False,False,0,3200.0
2018,RJ,PHS,3160,DARIO JOSÉ DA SILVA FERREIRA ,False,False,False,False,False,False,False,False,False,False,False,False,0,300.0
2018,RJ,PHS,3161,JOSÉ RICARDO SILVEIRA ,False,False,False,False,False,False,False,False,False,False,False,False,0,300.0
2018,RJ,PHS,3163,RONY FERRAZ QUEIROZ,False,False,False,False,False,False,False,False,False,False,False,False,0,300.0
2018,RJ,PHS,3164,JOSÉ PEDRO FERREIRA DA SILVA ,False,False,False,False,False,False,False,False,False,False,False,False,0,300.0
2018,RJ,PHS,3165,CARLOS ALBERTO COSTA ,False,False,False,False,False,False,False,False,False,False,False,False,0,300.0
2018,RJ,PHS,3166,FLAVIA DA SILVA DINIZ,False,False,False,False,False,False,False,False,False,False,False,False,0,3200.0
2018,RJ,PHS,3171,VAGNER SIGILIÃO LIQUE ,False,False,False,False,False,False,False,False,False,False,False,False,0,300.0
2018,RJ,PHS,3173,DENISE SILVA PROENÇA ,False,False,False,False,False,False,False,False,False,False,False,False,0,200.0
2018,RJ,PHS,3175,ROSANA OLIVEIRA DA SILVA ,False,False,False,False,False,False,False,False,False,False,False,False,0,3200.0
2018,RJ,PHS,3176,NEI DA COSTA NOBRE FILHO,False,False,False,False,False,False,False,False,False,False,False,False,0,300.0
2018,RJ,PHS,3177,JOÃO JOSE DOS SANTOS FILHO,False,False,False,False,False,False,False,False,False,False,False,False,0,300.0
2018,RJ,PHS,3178,LUIZ FELIPE DA SILVA BALBINO ,False,False,False,False,False,False,False,False,False,False,False,False,0,300.0
2018,RJ,PHS,3180,AUGUSTO PEREIRA DE CASTRO ,False,False,False,False,False,False,False,False,False,False,False,False,0,300.0
2018,RJ,PHS,3181,MARCOS DA SILVA MOFACTO,False,False,False,False,False,False,False,False,False,False,False,False,0,300.0
2018,RJ,PHS,3185,ALEXANDRINA LOPES DE ALMEIDA FALCÃO,False,False,False,False,False,False,False,False,False,False,False,False,0,200.0
2018,RJ,PHS,3186,ROSANE COSTA AFFONSO DURÃES MOREIRA ,False,False,False,False,False,False,False,False,False,False,False,False,0,3200.0
2018,RJ,PHS,3188,SANDRA CRISTINA RODRIGUES ,False,False,False,False,False,False,False,False,False,False,False,False,0,3200.0
2018,RJ,PHS,3191,MARCO AURELIO VASCONCELLOS ,False,False,False,False,False,False,False,False,False,False,False,False,0,300.0
2018,RJ,PHS,3192,FERNANDO ROSEIRA GAMA ,False,False,False,False,False,False,False,False,False,False,False,False,0,300.0
2018,RJ,PHS,3198,GISLAINE DE OLIVEIRA MARINHO BERNARDO,False,False,False,False,False,False,False,False,False,False,False,False,0,200.0
2018,RJ,PHS,3199,MARCELO HENRIQUES BAPTISTA ,False,False,False,False,False,False,False,False,False,False,False,False,0,150300.0
2018,RJ,PMB,3500,DELCIO FERNANDO GONCALVES SILVA,False,False,False,False,False,False,False,False,False,False,False,False,0,
2018,RJ,PMB,3501,ADALBERTO DE SOUZA RABELO,False,False,False,False,False,False,False,False,False,False,False,False,0,
2018,RJ,PMB,3502,JORGE ALBERTO COUTINHO DE BARROS,False,False,False,False,False,False,False,False,False,False,False,False,0,
2018,RJ,PMB,3505,ALEXANDRE LUZ DE ALMEIDA,False,False,False,False,False,False,False,False,False,False,False,False,0,1707.67
2018,RJ,PMB,3507,OSVALDO APOSTOLO LIMA JUNIOR,False,False,False,False,False,False,False,False,False,False,False,False,0,2157.67
2018,RJ,PMB,3510,WANDERLEI NOÉ DE CARVALHO,False,False,False,False,False,False,False,False,False,False,False,False,0,
2018,RJ,PMB,3511,VANILCE HENRIQUES DE ALMEIDA,False,False,False,False,False,False,False,False,False,False,False,False,0,4000.0
2018,RJ,PMB,3513,MICHELL GERMANO DE CARVALHO,False,False,False,False,False,False,False,False,False,False,False,False,0,3657.67
2018,RJ,PMB,3515,ANDRE FERNANDES DA SILVA,False,False,False,False,False,False,False,False,False,False,False,False,0,3025.0
2018,RJ,PMB,3517,LUIZ CARLOS ALBERTO VILANOVA BITTENCOURT MARQUES,False,False,False,False,False,False,False,False,False,False,False,False,0,1707.67
2018,RJ,PMB,3518,ANA KELY PAULINO BARSCH,False,False,False,False,False,False,False,False,False,False,False,False,0,4000.0
2018,RJ,PMB,3520,NEISA DE SOUZA PESSANHA,False,False,False,False,False,False,False,False,False,False,False,False,0,4000.0
2018,RJ,PMB,3521,MARGARETE DE FREITAS DA SILVA,False,False,False,False,False,False,False,False,False,False,False,False,0,4000.0
2018,RJ,PMB,3525,MARCELO SEBASTIÃO LOPES DE FARIA,False,False,False,False,False,False,False,False,False,False,False,False,0,
2018,RJ,PMB,3530,MARLON CRISTIANO DA SILVA IQUEDA,False,False,False,False,False,False,False,False,False,False,False,False,0,1075.0
2018,RJ,PMB,3531,SERGIO JOSE DA SILVA,False,False,False,False,False,False,False,False,False,False,False,False,0,
2018,RJ,PMB,3533,LAURO BOECHAT BATISTA,False,False,False,False,False,False,False,False,False,False,False,False,0,
2018,RJ,PMB,3535,SUÊD HAIDAR NOGUEIRA,False,False,False,False,False,False,False,False,False,False,False,False,0,415031.61
2018,RJ,PMB,3537,GUYANDIRA OLIVEIRA DE PAULA,False,False,False,False,False,False,False,False,False,False,False,False,0,
2018,RJ,PMB,3544,JOSE GERALDO MOREIRA CHAVES,False,False,False,True,False,False,False,False,False,False,False,False,0,
2018,RJ,PMB,3545,ISABEL CRISTINA DA SILVA MARTINS,False,False,False,False,False,False,False,False,False,False,False,False,0,6375.0
2018,RJ,PMB,3547,SOLIMAR PEREIRA LIMA GOMES,False,False,False,False,False,False,False,False,False,False,False,False,0,
2018,RJ,PMB,3550,SOLANGE DOS SANTOS ARAUJO,False,False,False,False,False,False,False,False,False,False,False,False,0,5487.5
2018,RJ,PMB,3553,ANGELA MARIA TENORIO DE ALBUQUERQUE,False,False,False,False,False,False,False,False,False,False,False,False,0,6425.0
2018,RJ,PMB,3555,ANTONIO FERREIRA DA SILVA,False,False,False,False,False,False,False,False,False,False,False,False,0,1707.67
2018,RJ,PMB,3556,ADRIANA CRISTINA BARCELOS FALCÃO,False,False,False,False,False,False,False,False,False,False,False,False,0,8762.5
2018,RJ,PMB,3560,CELITA CIPRIANO DE ABREU REZENDE,False,False,False,False,False,False,False,False,False,False,False,False,0,
2018,RJ,PMB,3562,ALEX BERALDO ROCHA,False,False,False,False,False,False,False,False,False,False,False,False,0,
2018,RJ,PMB,3564,DEJARME SOARES SIQUEIRA,False,False,False,False,False,False,False,False,False,False,False,False,0,
2018,RJ,PMB,3566,VICTOR FELIX MAZZEI,False,False,False,False,False,False,False,False,False,False,False,False,0,
2018,RJ,PMB,3567,GLAUCIA SIMONE PASSARELLES SANTOS DE CARVALHO,False,False,False,False,False,False,False,False,False,False,False,False,0,4000.0
2018,RJ,PMB,3570,SERGIO DA CRUZ FERREIRA,False,False,False,False,False,False,False,False,False,False,False,False,0,
2018,RJ,PMB,3574,JOAO LUIZ DE SOUZA SANTOS,False,False,False,False,False,False,False,False,False,False,False,False,0,
2018,RJ,PMB,3575,ISRAEL FRANCISCO MENDONCA,False,False,False,False,False,False,False,False,False,False,False,False,0,
2018,RJ,PMB,3588,JOAO VALOIS CORREA DE QUEIROZ OLIVEIRA,False,False,False,False,False,False,False,False,False,False,False,False,0,
2018,RJ,PMB,3593,GLAUCIO SANTOS DA SILVA,False,False,False,False,False,False,False,False,False,False,False,False,0,450.0
2018,RJ,PMB,3597,IONE DE MORAES BARROCA,False,False,False,False,False,False,False,False,False,False,False,False,0,4000.0
2018,RJ,PMN,3303,SHARON DOS SANTOS MELO CASTRO DA GLORIA,False,False,False,False,False,False,False,False,False,False,False,False,0,120.0
2018,RJ,PMN,3307,MARCELO DOS SANTOS CERQUEIRA,False,False,False,False,False,False,False,False,False,False,False,False,0,
2018,RJ,PMN,3310,JOÃO CARLOS DIAS DE CARVALHO ,False,False,False,False,False,False,False,False,False,False,False,False,0,1280.0
2018,RJ,PMN,3316,ABRAÃO NATANAEL DE SALES,False,False,False,False,False,False,False,False,False,False,False,False,0,
2018,RJ,PMN,3317,IVANILDA JOSEFA DA SILVA DA COSTA,False,False,False,False,False,False,False,False,False,False,False,False,0,
2018,RJ,PMN,3319,MAYGON NUNES VIDAL,False,False,False,False,False,False,False,False,False,False,False,False,0,
2018,RJ,PMN,3321,VANESSA POYARES TUFFY FELIPPE BETHLEM,True,True,True,True,False,True,False,False,False,False,True,True,0,650000.0
2018,RJ,PMN,3322,LUCIANA FRANÇA ROCHA,False,False,False,False,False,False,False,False,False,False,False,False,0,799.8
2018,RJ,PMN,3333,JONAS NOGUEIRA DOS SANTOS,False,False,False,False,False,False,False,False,False,False,False,False,0,1760.0
2018,RJ,PMN,3334,MARCIO DEMERVAL RODRIGUES DE OLIVEIRA ,False,False,False,False,False,False,False,False,False,False,False,False,0,360.0
2018,RJ,PMN,3335,BENEDITO  LIMA,False,False,False,False,False,False,False,False,False,False,False,False,0,240.0
2018,RJ,PMN,3344,ALEXANDER DA COSTA,False,False,False,False,False,False,False,False,False,False,False,False,0,790.0
2018,RJ,PMN,3345,DIVANETE DOMINGOS NEVES,False,False,False,False,False,False,False,False,False,False,False,False,0,120.0
2018,RJ,PMN,3353,CLAUDIO LOPES DA SILVA,False,False,False,False,False,False,False,False,False,False,False,False,0,1520.0
2018,RJ,PMN,3355,ANDRÉ LUIS LIMA DE ANDRADE,False,False,False,False,False,False,False,False,False,False,False,False,0,
2018,RJ,PMN,3369,GABRIEL LEYENDECKER DA SILVA,False,False,False,False,False,False,False,False,False,False,False,False,0,1340.0
2018,RJ,PMN,3370,DIEGO LUIZ LIMA MIRANDA,False,False,False,False,False,False,False,False,False,False,False,False,0,
2018,RJ,PMN,3377,ARNALDO FREIRE DE LIMA,False,False,False,False,False,False,False,False,False,False,False,False,0,21280.0
2018,RJ,PMN,3378,IVAN VERLY DA FONSECA COELHO JUNIOR,False,False,False,False,False,False,False,False,False,False,False,False,0,
2018,RJ,PODE,1900,FLAVIO MELLO PACHECO,False,False,False,False,False,False,False,False,False,False,False,False,0,183.45
2018,RJ,PODE,1907,FRANCISCA VALDENICE CASTELO BRANCO,False,False,False,False,False,False,False,False,False,False,False,False,0,69.0
2018,RJ,PODE,1909,CARLOS RODRIGO GOMES DE OLIVEIRA,False,False,False,False,False,False,False,False,False,False,False,False,0,172.5
2018,RJ,PODE,1910,ADRIANO DE ALMEIDA SILVA,False,False,False,False,False,False,False,False,False,False,False,False,0,286.95
2018,RJ,PODE,1911,LUIZ EDUARDO GOMES  DE ALMEIDA ,False,False,False,False,False,False,False,False,False,False,False,False,0,45.45
2018,RJ,PODE,1912,BARBARA SOLANGE ROSA DOS SANTOS,False,False,False,False,False,False,False,False,False,False,False,False,0,114.45
2018,RJ,PODE,1914,DAYSE LUCID JANUARIO TEIXEIRA,False,False,False,False,False,False,False,False,False,False,False,False,0,69.0
2018,RJ,PODE,1915,MARCIA ADRIANA MARTINS DE LIMA ,False,False,False,False,False,False,False,False,False,False,False,False,0,
2018,RJ,PODE,1917,ANA CRISTINA SIQUEIRA VALLE,False,False,False,False,False,False,False,False,False,False,False,False,0,45.45
2018,RJ,PODE,1919,EZEQUIEL CORTAZ TEIXEIRA,True,True,True,True,True,True,False,False,False,False,True,True,0,720000.0
2018,RJ,PODE,1920,CLAUDIA GARCIA HORCHEL,False,False,False,False,False,False,False,False,False,False,False,False,0,15114.45
2018,RJ,PODE,1921,ELIEZER FRUTUOSO DA SILVA,False,False,False,False,False,False,False,False,False,False,False,False,0,114.45
2018,RJ,PODE,1922,JORGE NONATO DA SILVA,False,False,False,False,False,False,False,False,False,False,False,False,0,114.45
2018,RJ,PODE,1923,DOUGLAS SANTOS DE ALMEIDA,False,False,False,False,False,False,False,False,False,False,False,False,0,217.95
2018,RJ,PODE,1927,JAIME ALBINO VELOSO,False,False,False,False,False,False,False,False,False,False,False,False,0,183.45
2018,RJ,PODE,1929,JOSE LINS DE CERQUEIRA,False,False,False,False,False,False,False,False,False,False,False,False,0,114.45
2018,RJ,PODE,1931,HENRIQUE SANTORO,False,False,False,False,False,False,False,False,False,False,False,False,0,183.45
2018,RJ,PODE,1933,ADOLFO FURTADO GONÇALVES,False,False,False,False,False,False,False,False,False,False,False,False,0,114.45
2018,RJ,PODE,1938,FABIO LEONARDO VALVERDE PORTUGAL,False,False,False,False,False,False,False,False,False,False,False,False,0,114.45
2018,RJ,PODE,1939,CLELSON JOSÉ DE ASSIS VIANNA,False,False,False,False,False,False,False,False,False,False,False,False,0,114.45
2018,RJ,PODE,1940,ALEXSANDER DIAS DE FARIA,False,False,False,False,False,False,False,False,False,False,False,False,0,
2018,RJ,PODE,1941,ELAINE ALVES DE CARVALHO,False,False,False,False,False,False,False,False,False,False,False,False,0,600000.0
2018,RJ,PODE,1944,PAULO SERGIO MARTINS DE OLIVEIRA,False,False,False,False,False,False,False,False,False,False,False,False,0,114.45
2018,RJ,PODE,1950,JOSE MAGALHÃES MUNIZ FILHO,False,False,False,False,False,False,False,False,False,False,False,False,0,114.45
2018,RJ,PODE,1951,ANTONIO CARLOS EVORA CRESPO,False,False,False,False,False,False,False,False,False,False,False,False,0,172.5
2018,RJ,PODE,1962,MARCIA VALERIA DE SOUZA MOURA ,False,False,False,False,False,False,False,False,False,False,False,False,0,
2018,RJ,PODE,1968,LUIS CARLOS DA SILVA ,False,False,False,False,False,False,False,False,False,False,False,False,0,114.45
2018,RJ,PODE,1977,FERNANDO MUNIS BARRETTO MAC DOWELL DA COSTA,False,False,False,False,False,False,False,False,False,False,False,False,0,172.5
2018,RJ,PODE,1979,MARIA DA CONCEIÇÃO BALDINI BENEVIDES BLANCK,False,False,False,False,False,False,False,False,False,False,False,False,0,
2018,RJ,PODE,1980,DAISY MARIA VIEIRA BARROS E SILVA,False,False,False,False,False,False,False,False,False,False,False,False,0,45.45
2018,RJ,PODE,1987,EDSON PEDRO DA CRUZ,False,False,False,False,False,False,False,False,False,False,False,False,0,
2018,RJ,PODE,1988,PEDRO CORREA CANELLAS,False,False,False,False,False,False,False,False,False,False,False,False,0,
2018,RJ,PODE,1990,CRISTIANO LAURO DA SILVA ,False,False,False,False,False,False,False,False,False,False,False,False,0,69.0
2018,RJ,PODE,1993,ANA PAULA JANOTE DA CONCEIÇÃO,False,False,False,False,False,False,False,False,False,False,False,False,0,45.45
2018,RJ,PODE,1994,MARIA DAS GRAÇAS MALMER,False,False,False,False,False,False,False,False,False,False,False,False,0,114.45
2018,RJ,PODE,1995,CICERA MARIA DA SILVA,False,False,False,False,False,False,False,False,False,False,False,False,0,69.0
2018,RJ,PODE,1996,ELAINE MATTOS,False,False,False,False,False,False,False,False,False,False,False,False,0,45.45
2018,RJ,PODE,1999,WANDER LUIZ DA SILVA,False,False,False,False,False,False,False,False,False,False,False,False,0,
2018,RJ,PP,1100,LUIZA ROSENTAL,False,False,False,False,False,False,False,False,False,False,False,False,0,66925.0
2018,RJ,PP,1111,JULIO LUIZ BAPTISTA LOPES,True,True,True,True,True,True,False,False,False,False,True,True,0,2208653.54
2018,RJ,PP,1112,JOSE ALBERTO GOMES PINHEIRO,False,False,False,False,False,False,False,False,False,False,False,False,0,17961.54
2018,RJ,PP,1122,MONICA CARDOSO DE MELLO,False,False,False,False,False,False,False,False,False,False,False,False,0,16600.0
2018,RJ,PP,1124,BARBARA SHELDON  SANTANA DA SILVA,False,False,False,False,False,False,False,False,False,False,False,False,0,14500.0
2018,RJ,PP,1125,SIMÃO SESSIM,True,True,True,True,True,True,False,False,False,False,True,True,0,2063653.54
2018,RJ,PP,1135,SCARLETT ROSE MATOS,False,False,False,False,False,False,False,False,False,False,False,False,0,24725.0
2018,RJ,PP,1144,LUIZ DA SILVA MACHADO,False,False,False,False,False,False,False,False,False,False,False,False,0,18115.79
2018,RJ,PP,1155,CHRISTINO ÁUREO DA SILVA,True,True,True,True,True,True,False,False,False,True,True,True,1,1030001.54
2018,RJ,PP,1172,JORGE SANTANA QUEIROZ,False,False,False,False,False,False,False,False,False,False,False,False,0,10000.0
2018,RJ,PP,1177,LUIZ ANTONIO DE SOUZA TEIXEIRA JÚNIOR,False,False,False,False,False,False,False,False,False,False,False,False,1,980001.54
2018,RJ,PP,1188,ALMIR RANGEL DE CARVALHO,False,False,False,False,False,False,False,False,False,False,False,False,0,
2018,RJ,PP,1190,VICTOR HUGO POUBEL SOUZA DA SILVEIRA,False,False,False,False,False,False,False,False,False,False,False,False,0,428981.54
2018,RJ,PPL,5401,EDUARDO DE AZEREDO COSTA,False,False,False,False,False,False,False,False,False,False,False,False,0,4827.77
2018,RJ,PPL,5404,VALDECI MOURA MARTINS,False,False,False,False,False,False,False,False,False,False,False,False,0,830.0
2018,RJ,PPL,5405,CONCEIÇÃO DE MARIA RIBEIRO DAMAZIO,False,False,False,False,False,False,False,False,False,False,False,False,0,768.0
2018,RJ,PPL,5406,ANA CLAUDIA SANTANA DA SILVA,False,False,False,False,False,False,False,False,False,False,False,False,0,
2018,RJ,PPL,5407,NEIDE GOMES PEREIRA,False,False,False,False,False,False,False,False,False,False,False,False,0,830.0
2018,RJ,PPL,5408,MARIA RIBEIRO AMARAL,False,False,False,False,False,False,False,False,False,False,False,False,0,630.0
2018,RJ,PPL,5409,RONALDO FERREIRA DOS SANTOS,False,False,False,False,False,False,False,False,False,False,False,False,0,
2018,RJ,PPL,5410,PAULO GALLIAÇO PRATA,False,False,False,False,False,False,False,False,False,False,False,False,0,
2018,RJ,PPL,5411,JEFFERSON DA SILVA SANTA ROSA,False,False,False,False,False,False,False,False,False,False,False,False,0,
2018,RJ,PPL,5414,CLAUDIA MARTA XAVIER DOS SANTOS,False,False,False,False,False,False,False,False,False,False,False,False,0,3115.77
2018,RJ,PPL,5415,GILBERTO DOS SANTOS DURVAL,False,False,False,False,False,False,False,False,False,False,False,False,0,
2018,RJ,PPL,5417,MARIA DA CONCEIÇÃO DA COSTA MEDEIROS,False,False,False,False,False,False,False,False,False,False,False,False,0,1100.0
2018,RJ,PPL,5419,MARINILDO NOGUEIRA GOMES,False,False,False,False,False,False,False,False,False,False,False,False,0,175.0
2018,RJ,PPL,5422,REGINALDO GOMES GUEDES,False,False,False,False,False,False,False,False,False,False,False,False,0,
2018,RJ,PPL,5424,MARIA DA GLÓRIA ALVES DOS SANTOS,False,False,False,False,False,False,False,False,False,False,False,False,0,3178.0
2018,RJ,PPL,5426,CAIO CESAR MIRABELLI,False,False,False,False,False,False,False,False,False,False,False,False,0,138.0
2018,RJ,PPL,5428,CARLOS MAGNO MEDEIROS,False,False,False,False,False,False,False,False,False,False,False,False,0,
2018,RJ,PPL,5430,JORGE MARQUES HENRIQUES,False,False,False,False,False,False,False,False,False,False,False,False,0,138.0
2018,RJ,PPL,5432,ALOISIO DE SOUZA FERREIRA,False,False,False,False,False,False,False,False,False,False,False,False,0,
2018,RJ,PPL,5436,NATALY EMANUELLE RIBEIRO BARBOSA,False,False,False,False,False,False,False,False,False,False,False,False,0,630.0
2018,RJ,PPL,5441,EROCI PEREIRA DA COSTA,False,False,False,False,False,False,False,False,False,False,False,False,0,138.0
2018,RJ,PPL,5447,JUPICIARA ELIAS FIRMINO,False,False,False,False,False,False,False,False,False,False,False,False,0,600.0
2018,RJ,PPL,5451,EVANIL UBIRACI ELIAS FIRMINO,False,False,False,False,False,False,False,False,False,False,False,False,0,138.0
2018,RJ,PPL,5453,LUCAS HENRIQUE ZUBELLI DEL GIUDICE,False,False,False,False,False,False,False,False,False,False,False,False,0,
2018,RJ,PPL,5456,ALEXANDRE DA SILVA PIMENTEL,False,False,False,False,False,False,False,False,False,False,False,False,0,1877.77
2018,RJ,PPL,5459,ANTONIO LUIZ ALVES CERQUEIRA,False,False,False,False,False,False,False,False,False,False,False,False,0,
2018,RJ,PPL,5460,CARLOS AUGUSTO LEITE PIMENTEL,False,False,False,False,False,False,False,False,False,False,False,False,0,138.0
2018,RJ,PPL,5461,FABIO CORDEIRO DA SILVA,False,False,False,False,False,False,False,False,False,False,False,False,0,
2018,RJ,PPL,5464,NANCY LINO DE OLIVEIRA SOUZA,False,False,False,False,False,False,False,False,False,False,False,False,0,2977.77
2018,RJ,PPL,5467,RAFAEL DA SILVA ROCHA VALENTE,False,False,False,False,False,False,False,False,False,False,False,False,0,
2018,RJ,PPL,5468,RAFAEL BORGES CANAAN,False,False,False,False,False,False,False,False,False,False,False,False,0,
2018,RJ,PPL,5471,CELSO DE SOUZA ANDRADE,False,False,False,False,False,False,False,False,False,False,False,False,0,138.0
2018,RJ,PPL,5474,GENILDO LEANDRO DA COSTA,False,False,False,False,False,False,False,False,False,False,False,False,0,2227.77
2018,RJ,PPL,5476,ROBSON FERREIRA PIMENTEL,False,False,False,False,False,False,False,False,False,False,False,False,0,
2018,RJ,PPL,5477,VANISE SILVA E SILVA NUNES,False,False,False,False,False,False,False,False,False,False,False,False,0,6304.4
2018,RJ,PPL,5478,ORLANDO COSME SILVA DOS SANTOS,False,False,False,False,False,False,False,False,False,False,False,False,0,
2018,RJ,PPL,5484,SERGIO LUIZ MAXIMO RAMOS,False,False,False,False,False,False,False,False,False,False,False,False,0,
2018,RJ,PPL,5486,IRAPUAN RAMOS SANTOS,False,False,False,False,False,False,False,False,False,False,False,False,0,1877.77
2018,RJ,PPL,5498,VALTER CHOEIDER AMATUCCI,False,False,False,False,False,False,False,False,False,False,False,False,0,
2018,RJ,PPL,5499,WASHINGTON BERNARDO DA SILVA,False,False,False,False,False,False,False,False,False,False,False,False,0,
2018,RJ,PPS,2300,MARCELO ZATURANSKY NOGUEIRA ITAGIBA,True,True,True,True,True,True,False,False,False,False,True,True,0,150000.0
2018,RJ,PPS,2303,SANDRO MAURO LIMA DE ARAUJO,False,False,False,False,False,False,False,False,False,False,False,False,0,70000.0
2018,RJ,PPS,2304,MARIA DO CARMO DE SOUZA LIMA,False,False,False,False,False,False,False,False,False,False,False,False,0,20517.24
2018,RJ,PPS,2312,BENEDITO MARTINS,False,False,False,False,False,False,False,False,False,False,False,False,0,15517.24
2018,RJ,PPS,2313,CLAUDINA MARIA DOS SANTOS TAVARES,False,False,False,False,False,False,False,False,False,False,False,False,0,20000.0
2018,RJ,PPS,2323,MARCELO CALERO FARIA GARCIA,False,False,False,False,False,False,False,False,False,False,False,False,1,346000.0
2018,RJ,PPS,2330,JANAINE JESUS CAÇÃO RODRIGUES,False,False,False,False,False,False,False,False,False,False,False,False,0,31254.960000000003
2018,RJ,PPS,2332,FLAVIO BARBOSA CAVALCANTI JUNIOR,False,False,False,False,False,False,False,False,False,False,False,False,0,85000.0
2018,RJ,PPS,2333,CAMILO AUGUSTO SEQUEIRA,False,False,False,False,False,False,False,False,False,False,False,False,0,30517.24
2018,RJ,PPS,2344,JUECIO MEDEIROS DE OLIVEIRA,False,False,False,False,False,False,False,False,False,False,False,False,0,15517.24
2018,RJ,PPS,2345,JUAN CARLOS COSTA DE ARRUDA PEREIRA GONCALVES,False,False,False,False,False,False,False,False,False,False,False,False,0,70517.24
2018,RJ,PPS,2346,MIRYAM INEZ DE LIMA,False,False,False,False,False,False,False,False,False,False,False,False,0,30000.0
2018,RJ,PPS,2351,WANDERSON DA CONCEIÇÃO NOGUEIRA,False,False,False,False,False,False,False,False,False,False,False,False,0,15000.0
2018,RJ,PPS,2377,VALDINEI RENATO MARINS,False,False,False,False,False,False,False,False,False,False,False,False,0,150000.0
2018,RJ,PR,2200,ANDERSON BRAGA MIRANDA,False,False,False,False,False,False,False,False,False,False,False,False,0,600580.0
2018,RJ,PR,2203,ALFEN AIOLFI PINHEIRO,False,False,False,False,False,False,False,False,False,False,False,False,0,12910.0
2018,RJ,PR,2205,ELBA MARIA BARCELLOS BASTOS,False,False,False,False,False,False,False,False,False,False,False,False,0,22860.0
2018,RJ,PR,2209,ANDRE SILVA DE OLIVEIRA,False,False,False,False,False,False,False,False,False,False,False,False,0,12450.0
2018,RJ,PR,2211,EDUARDO ALVES DE AMORIM,False,False,False,False,False,False,False,False,False,False,False,False,0,10000.0
2018,RJ,PR,2217,ROBERTA SIQUEIRA DE SOUZA,False,False,False,False,False,False,False,False,False,False,False,False,0,20000.0
2018,RJ,PR,2219,JORGE MOREIRA THEODORO,True,True,True,True,True,True,False,False,False,False,True,True,0,911733.5
2018,RJ,PR,2220,LUIZ AUGUSTO DE CEIA DA SILVA,False,False,False,False,False,False,False,False,False,False,False,False,0,10580.0
2018,RJ,PR,2221,JOSÉ VARELA DA SILVA,False,False,False,False,False,False,False,False,False,False,False,False,0,
2018,RJ,PR,2222,SORAYA ALENCAR DOS SANTOS,True,True,True,True,True,True,False,False,False,False,True,True,1,2409096.0
2018,RJ,PR,2224,MARCUS VINICIUS DA SILVA ROSEIRA,False,False,False,False,False,False,False,False,False,False,False,False,0,11700.0
2018,RJ,PR,2227,LUIZ CARLOS RAMOS,True,True,True,True,True,True,False,False,False,False,True,True,0,1703387.5
2018,RJ,PR,2229,DEISE LUCI BATISTA MOTTA,False,False,False,False,False,False,False,False,False,False,False,False,0,54670.0
2018,RJ,PR,2232,MAGNO DA CONCEIÇÃO ROSA,False,False,False,False,False,False,False,False,False,False,False,False,0,11290.0
2018,RJ,PR,2233,SIMONE CLARA DO NASCIMENTO DE CARVALHO,False,False,False,False,False,False,False,False,False,False,False,False,0,21635.0
2018,RJ,PR,2234,EDSON DE OLIVEIRA PIMENTA,False,False,False,False,False,False,False,False,False,False,False,False,0,10000.0
2018,RJ,PR,2238,VALDEIR BARRETO DE SALLES,False,False,False,False,False,False,False,False,False,False,False,False,0,18991.4
2018,RJ,PR,2240,MARISTELA GAIO FIGUEIRA,False,False,False,False,False,False,False,False,False,False,False,False,0,22350.0
2018,RJ,PR,2245,FRANCISCO DE SOUZA DANTAS,False,False,False,False,False,False,False,False,False,False,False,False,0,11220.0
2018,RJ,PR,2255,PAULO CESAR DA GUIA ALMEIDA,True,True,True,True,True,True,False,False,False,True,True,True,0,850000.0
2018,RJ,PR,2266,ROSANGELA RAMOS DE JESUS,False,False,False,False,False,False,False,False,False,False,False,False,0,24210.0
2018,RJ,PR,2269,ALTINEU CORTES FREITAS COUTINHO,True,True,True,True,True,True,False,False,False,True,True,True,1,1354335.0
2018,RJ,PR,2273,FELICIANO JOSE DOS SANTOS RODRIGUES,False,False,False,False,False,False,False,False,False,False,False,False,0,580.0
2018,RJ,PR,2274,ALEXANDRE COELHO DA CONCEIÇÃO,False,False,False,False,False,False,False,False,False,False,False,False,0,13420.0
2018,RJ,PR,2277,MARCUS WELBER GOMES DA SILVA,False,False,False,False,False,False,False,False,False,False,False,False,0,1503802.5
2018,RJ,PR,2290,ALEXANDRE VALLE CARDOSO,False,False,True,False,False,False,False,False,False,True,False,False,0,2315326.0
2018,RJ,PRB,1000,MARCELO HODGE CRIVELLA ,False,False,False,False,False,False,False,False,False,False,False,False,0,762697.5
2018,RJ,PRB,1001,DEJORGE PATRICIO DA SILVA,False,False,False,False,False,False,False,False,False,False,False,False,0,795000.0
2018,RJ,PRB,1002,MOISÉS ANTÔNIO EUGENIO,False,False,False,False,False,False,False,False,False,False,False,False,0,5537.5
2018,RJ,PRB,1003,GLORIA CRISTINA DO NASCIMENTO ,False,False,False,False,False,False,False,False,False,False,False,False,0,6840.0
2018,RJ,PRB,1004,NATALIA PESSANHA ,False,False,False,False,False,False,False,False,False,False,False,False,0,6291.5
2018,RJ,PRB,1005,ALESSANDRO DE SOUZA BARBOSA,False,False,False,False,False,False,False,False,False,False,False,False,0,1832.0
2018,RJ,PRB,1006,DONINA DE PAULA GARFINHO,False,False,False,False,False,False,False,False,False,False,False,False,0,6291.5
2018,RJ,PRB,1007,JUDAS TADEU DA SILVA,False,False,False,False,False,False,False,False,False,False,False,False,0,3695.0
2018,RJ,PRB,1008,LENILSON PEREIRA COSTA,False,False,False,False,False,False,False,False,False,False,False,False,0,2221.5
2018,RJ,PRB,1009,NORMA MARIA DE SOUZA,False,False,False,False,False,False,False,False,False,False,False,False,0,8477.0
2018,RJ,PRB,1010,WAGNER MONTES DOS SANTOS,True,True,True,True,True,True,False,False,False,False,True,True,1,758322.5
2018,RJ,PRB,1011,JORGE BRAZ DE OLIVEIRA ,False,False,False,False,False,False,False,False,False,False,False,False,0,378860.0
2018,RJ,PRB,1012,MARCIO JOSÉ CORREA ALVES,False,False,False,False,False,False,False,False,False,False,False,False,0,30000.0
2018,RJ,PRB,1013,ALFEU NICOLAU,False,False,False,False,False,False,False,False,False,False,False,False,0,
2018,RJ,PRB,1014,LUIZ CELSO RODRIGUES,False,False,False,False,False,False,False,False,False,False,False,False,0,7332.5
2018,RJ,PRB,1015,ROSELI CORDEIRO FILARDO,False,False,False,False,False,False,False,False,False,False,False,False,0,46404.5
2018,RJ,PRB,1017,MARCIO ALFREDO DE SOUZA PINTO,False,False,False,False,False,False,False,False,False,False,False,False,0,40510.0
2018,RJ,PRB,1018,AUGUSTO CESAR LEMOS OZORIO,False,False,False,False,False,False,False,False,False,False,False,False,0,3118.5
2018,RJ,PRB,1019,ROSIMERI SILVA DE CARVALHO GOMES,False,False,False,False,False,False,False,False,False,False,False,False,0,13305.5
2018,RJ,PRB,1020,BENEDITO ALVES COSTA ,True,True,True,True,True,True,False,False,False,False,True,True,0,439842.6
2018,RJ,PRB,1021,DANIEL LIMA DE SOUZA,False,False,False,False,False,False,False,False,False,False,False,False,0,4306.5
2018,RJ,PRB,1022,ANTONIA TEREZINHA ARAÚJO MAGALHÃES FIOCCO,False,False,False,False,False,False,False,False,False,False,False,False,0,12302.0
2018,RJ,PRB,1023,EDMILSON SILVA ARÊIAS,False,False,False,False,False,False,False,False,False,False,False,False,0,4097.5
2018,RJ,PRB,1024,MARIA DA PENHA RAMIRES FERREIRA ,False,False,False,False,False,False,False,False,False,False,False,False,0,16444.5
2018,RJ,PRB,1027,MARIA DE LOURDES RIBEIRO ALVES,False,False,False,False,False,False,False,False,False,False,False,False,0,7437.5
2018,RJ,PRB,1028,SILVIA HELENA CUNHA DA SILVA ,False,False,False,False,False,False,False,False,False,False,False,False,0,226729.5
2018,RJ,PRB,1029,VLADEMIR DA SILVA JESUINO,False,False,False,False,False,False,False,False,False,False,False,False,0,
2018,RJ,PRB,1030,AUGUSTO MOREIRA JARDIM,False,False,False,False,False,False,False,False,False,False,False,False,0,1072.0
2018,RJ,PRB,1033,ROSANGELA DE SOUZA GOMES ,True,True,True,True,True,True,False,False,False,False,True,True,1,1431242.27
2018,RJ,PRB,1034,ARMANDO CESAR PESSOA FILHO,False,False,False,False,False,False,False,False,False,False,False,False,0,7164.5
2018,RJ,PRB,1036,RENATO PESSANHA DUTRA,False,False,False,False,False,False,False,False,False,False,False,False,0,2517.5
2018,RJ,PRB,1037,NILTON CESAR PATRICIO VIANA,False,False,False,False,False,False,False,False,False,False,False,False,0,
2018,RJ,PRB,1039,MAURIZETE DA SILVA CATARINA ACIOLI,False,False,False,False,False,False,False,False,False,False,False,False,0,8882.5
2018,RJ,PRB,1040,CARLOS ALBERTO DOS SANTOS LEITE,False,False,False,False,False,False,False,False,False,False,False,False,0,1763.0
2018,RJ,PRB,1044,LUCIANO DE JESUS,False,False,False,False,False,False,False,False,False,False,False,False,0,8232.5
2018,RJ,PRB,1045,GENIVAL BARBOSA DA SILVA,False,False,False,False,False,False,False,False,False,False,False,False,0,
2018,RJ,PRB,1046,NAILTA VIEIRA DA SILVA MONTEIRO,False,False,False,False,False,False,False,False,False,False,False,False,0,6607.5
2018,RJ,PRB,1048,MARIA TEREZA MIRANDA CHAGAS DE ALMEIDA,False,False,False,False,False,False,False,False,False,False,False,False,0,7295.5
2018,RJ,PRB,1050,ALAEL PEIXOTO MOZER,False,False,False,False,False,False,False,False,False,False,False,False,0,3177.5
2018,RJ,PRB,1051,GERALDO RAMOS  ,False,False,False,False,False,False,False,False,False,False,False,False,0,997100.0
2018,RJ,PRB,1054,IVAN INACIO DA SILVA,False,False,False,False,False,False,False,False,False,False,False,False,0,1763.5
2018,RJ,PRB,1055,JULIO DA SILVA GONÇALVES OLIVEIRA ,False,False,False,False,False,False,False,False,False,False,False,False,0,119750.0
2018,RJ,PRB,1056,ALCIONE LOPES DO NASCIMENTO ,False,False,False,False,False,False,False,False,False,False,False,False,0,7295.5
2018,RJ,PRB,1058,JORGE EDUARDO MONTEIRO DE ANDRADE,False,False,False,False,False,False,False,False,False,False,False,False,0,32500.2
2018,RJ,PRB,1060,ADILSON BLANCO MARUJO,False,False,False,False,False,False,False,False,False,False,False,False,0,
2018,RJ,PRB,1062,MARCO AURÉLIO MENDES DA SILVA,False,False,False,False,False,False,False,False,False,False,False,False,0,98791.5
2018,RJ,PRB,1064,NELSON CORREA SOARES,False,False,False,False,False,False,False,False,False,False,False,False,0,
2018,RJ,PRB,1065,THIAGO FELIPE PONCIANO SOARES ,False,False,False,False,False,False,False,False,False,False,False,False,0,31247.7
2018,RJ,PRB,1066,ACINOVIC ALVES FERREIRA,False,False,False,False,False,False,False,False,False,False,False,False,0,2452.5
2018,RJ,PRB,1068,RENATA COSTA NERES,False,False,False,False,False,False,False,False,False,False,False,False,0,46329.5
2018,RJ,PRB,1070,GEORGES ABRANCHES DE MOURA ,False,False,False,False,False,False,False,False,False,False,False,False,0,1062.5
2018,RJ,PRB,1071,GENILSON DE SOUZA CABRAL,False,False,False,False,False,False,False,False,False,False,False,False,0,
2018,RJ,PRB,1072,GUILHERME AUGUSTO BASTOS DIAS,False,False,False,False,False,False,False,False,False,False,False,False,0,3507.0
2018,RJ,PRB,1077,RUBENS TEIXEIRA DA SILVA,False,False,False,False,False,False,False,False,False,False,False,False,0,6567.5
2018,RJ,PRB,1088,DAVI JERONIMO DA SILVA,False,False,False,False,False,False,False,False,False,False,False,False,0,
2018,RJ,PRB,1090,HUGO MARQUES TRISTÃO,False,False,False,False,False,False,False,False,False,False,False,False,0,10030.5
2018,RJ,PRB,1091,MARIA CELSA DA CONCEIÇÃO ,False,False,False,False,False,False,False,False,False,False,False,False,0,
2018,RJ,PRB,1098,MARLENE DE OLIVEIRA LOPES,False,False,False,False,False,False,False,False,False,False,False,False,0,7926.0
2018,RJ,PRB,1099,IVAN CARLOS DE SOUZA DE OLIVEIRA ,False,False,False,False,False,False,False,False,False,False,False,False,0,20630.0
2018,RJ,PROS,9001,DURVAL FERREIRA DE SOUZA JUNIOR,False,False,False,False,False,False,False,False,False,False,False,False,0,
2018,RJ,PROS,9012,JORGE LUIS DE ALMEIDA,False,False,False,False,False,False,False,False,False,False,False,False,0,
2018,RJ,PROS,9022,CARLOS ROGERIO DOS SANTOS ,False,True,True,False,True,False,False,True,False,True,False,False,0,
2018,RJ,PROS,9027,WASHINGTON LUIS DA CONCEIÇÃO CARVALHO,False,False,False,False,False,False,False,False,False,False,False,False,0,
2018,RJ,PROS,9040,LAURO ANTONIO DE OLIVEIRA FILHO,False,False,False,False,False,False,False,False,False,False,False,False,0,
2018,RJ,PROS,9044,CLARISSA GAROTINHO BARROS ASSED MATHEUS DE OLIVEIRA,True,True,True,True,True,True,False,False,False,False,True,True,1,1787815.0
2018,RJ,PROS,9068,ANTONIO CARLOS DE SOUZA LIMA,False,False,False,False,False,False,False,False,False,False,False,False,0,
2018,RJ,PROS,9072,ROSANGELA DA MOTTA REBELLO MACHADO,False,False,False,False,False,False,False,False,False,False,False,False,0,175781.25
2018,RJ,PROS,9077,FLAVIO LIMA DA SILVA,False,False,False,False,False,False,False,False,False,False,False,False,0,
2018,RJ,PROS,9090,FELIPE LEONE BORNIER DE OLIVEIRA,True,True,True,True,True,True,False,False,False,False,True,True,0,1149426.25
2018,RJ,PROS,9099,JOSE FABIO MOREIRA DA SILVA,False,False,False,False,False,False,False,False,False,False,False,False,0,
2018,RJ,PRP,4400,LUIS FERNANDO AZEVEDO SILVA,False,False,False,False,False,False,False,False,False,False,False,False,0,266.0
2018,RJ,PRP,4401,FRANCYS ANDREA SCOTTA,False,False,False,False,False,False,False,False,False,False,False,False,0,3379.0
2018,RJ,PRP,4402,ONILDO RAMOS DA SILVA,False,False,False,False,False,False,False,False,False,False,False,False,0,
2018,RJ,PRP,4403,MARIZETE KUHN,False,False,False,False,False,False,False,False,False,False,False,False,0,600.0
2018,RJ,PRP,4404,GILSON FERREIRA DA CUNHA,False,False,False,False,False,False,False,False,False,False,False,False,0,460.0
2018,RJ,PRP,4406,MARIA NAZARÉ MENDONÇA DE SOUZA MARINHO,False,False,False,False,False,False,False,False,False,False,False,False,0,3000.0
2018,RJ,PRP,4407,JOSIMAR MENDES BARRADAS,False,False,False,False,False,False,False,False,False,False,False,False,0,
2018,RJ,PRP,4408,ISAQUE DO NASCIMENTO,False,False,False,False,False,False,False,False,False,False,False,False,0,
2018,RJ,PRP,4409,MARIA APARECIIDA THEODORO TOMAZ,False,False,False,False,False,False,False,False,False,False,False,False,0,762.0
2018,RJ,PRP,4410,ROGERIO DA SILVA JORDES,False,False,False,False,False,False,False,False,False,False,False,False,0,
2018,RJ,PRP,4411,EDILAN FERREIRA RODRIGUES,False,False,False,False,False,False,False,False,False,False,False,False,0,
2018,RJ,PRP,4412,JOÃO CARLOS DO NASCIMENTO,False,False,False,False,False,False,False,False,False,False,False,False,0,
2018,RJ,PRP,4414,EVANGIVALDO ALVES DA SILVA,False,False,False,False,False,False,False,False,False,False,False,False,0,
2018,RJ,PRP,4415,CLAUDINEI MARTINS,False,False,False,False,False,False,False,False,False,False,False,False,0,
2018,RJ,PRP,4416,TÉSSIA LÔNICA MARQUES DA SILVA RIBEIRO,False,False,False,False,False,False,False,False,False,False,False,False,0,3000.0
2018,RJ,PRP,4418,RONALDO CARTAXO TEIXEIRA,False,False,False,False,False,False,False,False,False,False,False,False,0,
2018,RJ,PRP,4419,DOMINGOS PASCHOAL PEREIRA DE FREITAS,False,False,False,False,False,False,False,False,False,False,False,False,0,
2018,RJ,PRP,4421,JÉSSICA DE ALMEIDA OLIVEIRA,False,False,False,False,False,False,False,False,False,False,False,False,0,3266.0
2018,RJ,PRP,4423,HUGO PEREIRA DO CANTO JUNIOR  ,False,False,False,False,False,False,False,False,False,False,False,False,0,266.0
2018,RJ,PRP,4429,CARLOS ALBERTO TEIXEIRA LIMA,False,False,False,False,False,False,False,False,False,False,False,False,0,
2018,RJ,PRP,4430,SERGIO RAMOS MATTOS,False,False,False,False,False,False,False,False,False,False,False,False,0,266.0
2018,RJ,PRP,4431,RENNY LUANA DE MOURA,False,False,False,False,False,False,False,False,False,False,False,False,0,7700.0
2018,RJ,PRP,4432,PAULO SALVADOR DE SOUZA BASTOS,False,False,False,False,False,False,False,False,False,False,False,False,0,266.0
2018,RJ,PRP,4433,LUIS FERNANDO COSTA,False,False,False,False,False,False,False,False,False,False,False,False,0,734.0
2018,RJ,PRP,4434,RICARDO CLEMENTINO DOS SANTOS,False,False,False,False,False,False,False,False,False,False,False,False,0,81.0
2018,RJ,PRP,4436,GILSON CARVALHO VILELA,False,False,False,False,False,False,False,False,False,False,False,False,0,
2018,RJ,PRP,4437,ANA CYNTIA AZEVEDO PINTO ,False,False,False,False,False,False,False,False,False,False,False,False,0,3600.0
2018,RJ,PRP,4439,ALFREDO DA SILVA AMBROZIONI ,False,False,False,False,False,False,False,False,False,False,False,False,0,460.0
2018,RJ,PRP,4440,ERICA PATRICIA DO NASCIMENTO,False,False,False,False,False,False,False,False,False,False,False,False,0,4000.0
2018,RJ,PRP,4444,GERALDO VICENTE PIRES,False,False,False,False,False,False,False,False,False,False,False,False,0,363.0
2018,RJ,PRP,4445,SIMONE SOUZA DA SILVA,False,False,False,False,False,False,False,False,False,False,False,False,0,55200.0
2018,RJ,PRP,4450,MARCUS VENISSIUS DA SILVA BARBOSA,False,False,False,False,False,False,False,False,False,False,False,False,0,385266.0
2018,RJ,PRP,4455,EMERSON CRUZ DE OLIVEIRA,False,False,False,False,False,False,False,False,False,False,False,False,0,
2018,RJ,PRP,4456,CARLOS ALBERTO DE MACEDO,False,False,False,False,False,False,False,False,False,False,False,False,0,266.0
2018,RJ,PRP,4458,RICARDO CORRÊA DE BARROS,True,True,True,True,False,True,False,False,False,True,True,True,0,
2018,RJ,PRP,4461,CARLOS HENRIQUE DE ASSIS,False,False,False,False,False,False,False,False,False,False,False,False,0,
2018,RJ,PRP,4462,JULIO CESAR DOS SANTOS FORTES,False,False,False,False,False,False,False,False,False,False,False,False,0,
2018,RJ,PRP,4464,LÚCIO DE DEUS,False,False,False,False,False,False,False,False,False,False,False,False,0,162.0
2018,RJ,PRP,4465,ROLAN DE MELO NASCIMENTO,False,False,False,False,False,False,False,False,False,False,False,False,0,1284.0
2018,RJ,PRP,4466,SUELI DE BARROS CABRAL,False,False,False,False,False,False,False,False,False,False,False,False,0,
2018,RJ,PRP,4467,ANTONIO JOSÉ SOUZA DA SILVA,False,False,False,False,False,False,False,False,False,False,False,False,0,6453.0
2018,RJ,PRP,4469,AMARO DA SILVA,False,False,False,False,False,False,False,False,False,False,False,False,0,
2018,RJ,PRP,4470,CHRISTIAN ADENILSON DE ASSIS,False,False,False,False,False,False,False,False,False,False,False,False,0,1300.0
2018,RJ,PRP,4473,BELMAN DE ALVARENGA HEITOR,False,False,False,False,False,False,False,False,False,False,False,False,0,
2018,RJ,PRP,4474,GILCEMAR REIS VIDAL,False,False,False,False,False,False,False,False,False,False,False,False,0,97.0
2018,RJ,PRP,4477,MARCELLE COZZOLINO DE OLIVEIRA,False,False,False,False,False,False,False,False,False,False,False,False,0,
2018,RJ,PRP,4479,ANA CLAUDIA NOGUEIRA ,False,False,False,False,False,False,False,False,False,False,False,False,0,4028.0
2018,RJ,PRP,4484,MARIA JOSE DA CRUZ CORREA ,False,False,False,False,False,False,False,False,False,False,False,False,0,1818.5
2018,RJ,PRP,4485,ARTHUR ARAUJO DO NASCIMENTO,False,False,False,False,False,False,False,False,False,False,False,False,0,
2018,RJ,PRP,4488,WLADIMIR BARROS ASSED MATHEUS DE OLIVEIRA,False,False,False,False,False,False,False,False,False,False,False,False,1,266.0
2018,RJ,PRP,4489,RUZIO FARMY CABRAL DE OLIVEIRA,False,False,False,False,False,False,False,False,False,False,False,False,0,
2018,RJ,PRP,4490,FRANCIANE PEREIRA DE MARINS CAMPOS,False,False,False,False,False,False,False,False,False,False,False,False,0,1848.0
2018,RJ,PRP,4491,NILTON ALVES NETO,False,False,False,False,False,False,False,False,False,False,False,False,0,
2018,RJ,PRP,4492,CLAUDIA JUÇARA DUARTE DA SILVA,False,False,False,False,False,False,False,False,False,False,False,False,0,762.0
2018,RJ,PRP,4496,LEOMAR DE CASTRO GOMES FERNANDES,False,False,False,False,False,False,False,False,False,False,False,False,0,2794.0
2018,RJ,PRP,4498,CRISTINA FERREIRA CAPATO,False,False,False,False,False,False,False,False,False,False,False,False,0,
2018,RJ,PRP,4499,CARLOS EDUARDO DO CARMO SOARES,False,False,False,False,False,False,False,False,False,False,False,False,0,
2018,RJ,PRTB,2800,ALEXANDRE RODRIGO XAVIER BERRETA,False,False,False,False,False,False,False,False,False,False,False,False,0,1380.0
2018,RJ,PRTB,2801,CIRO DE SOUZA BORBA,False,False,False,False,False,False,False,False,False,False,False,False,0,
2018,RJ,PRTB,2808,ROBSON DE CASTILHO MATHIAS,False,False,False,False,False,False,False,False,False,False,False,False,0,2680.0
2018,RJ,PRTB,2809,RICARDO DE SOUZA SOARES,False,False,False,False,False,False,False,False,False,False,False,False,0,
2018,RJ,PRTB,2810,FABIO SOUZA DE AGUIAR,False,False,False,False,False,False,False,False,False,False,False,False,0,3634.23
2018,RJ,PRTB,2811,RICARDO NASCIMENTO DA SILVA,False,False,False,False,False,False,False,False,False,False,False,False,0,2230.0
2018,RJ,PRTB,2812,ABILIO MACIEL DA SILVA FILHO,False,False,False,False,False,False,False,False,False,False,False,False,0,8784.23
2018,RJ,PRTB,2813,RAQUEL LUCENA TAVARES CAMPOS,False,False,False,False,False,False,False,False,False,False,False,False,0,3634.23
2018,RJ,PRTB,2814,PATRICIA VALERIA ROCHA SILVA DOS SANTOS,False,False,False,False,False,False,False,False,False,False,False,False,0,2630.0
2018,RJ,PRTB,2815,ELAINE CRISTINA RODRIGUES DE OLIVEIRA SAMPAIO,False,False,False,False,False,False,False,False,False,False,False,False,0,2254.23
2018,RJ,PRTB,2817,MARCUS ANTUNES DA SILVEIRA,False,False,False,False,False,False,False,False,False,False,False,False,0,3680.0
2018,RJ,PRTB,2818,ANTONIO JOAQUIM MAMEDE NETO,False,False,False,False,False,False,False,False,False,False,False,False,0,1784.23
2018,RJ,PRTB,2819,ROSILENE TEIXEIRA FERREIRA,False,False,False,False,False,False,False,False,False,False,False,False,0,4084.23
2018,RJ,PRTB,2820,EDIEMIR CASTELLO BRANCO,False,False,False,False,False,False,False,False,False,False,False,False,0,
2018,RJ,PRTB,2821,MONIQUE VEIGA LOUZADA DA ROCHA DE SOUZA,False,False,False,False,False,False,False,False,False,False,False,False,0,1000.0
2018,RJ,PRTB,2822,SIDNEI ROSA DA SILVA,False,False,False,False,False,False,False,False,False,False,False,False,0,850.0
2018,RJ,PRTB,2824,JORGE MAURÍCIO DA SILVA DALBONIO,False,False,False,False,False,False,False,False,False,False,False,False,0,3084.23
2018,RJ,PRTB,2825,VITOR DE PAIVA ROCHA,False,False,False,False,False,False,False,False,False,False,False,False,0,
2018,RJ,PRTB,2826,AMANDALA MACHADO DE ARAUJO,False,False,False,False,False,False,False,False,False,False,False,False,0,3509.23
2018,RJ,PRTB,2827,DIVA GOMES DA SILVA,False,False,False,False,False,False,False,False,False,False,False,False,0,1380.0
2018,RJ,PRTB,2828,LUIS RODRIGO ESTEVES DE SOUZA,False,False,False,False,False,False,False,False,False,False,False,False,0,
2018,RJ,PRTB,2829,JOÃO MARCELO VIDAL FERREIRA,False,False,False,False,False,False,False,False,False,False,False,False,0,3139.23
2018,RJ,PRTB,2830,MARCOS CORREA DOS SANTOS,False,False,False,False,False,False,False,False,False,False,False,False,0,
2018,RJ,PRTB,2832,JAQUELENE DE CASSIA COSTA,False,False,False,False,False,False,False,False,False,False,False,False,0,2634.23
2018,RJ,PRTB,2833,JIMMY SANDRO PEREIRA DE SOUZA,True,True,True,True,False,True,False,False,False,False,True,True,0,73781.3
2018,RJ,PRTB,2836,ITALVA SILVA OLIVEIRA,False,False,False,False,False,False,False,False,False,False,False,False,0,2980.0
2018,RJ,PRTB,2837,LUCIANA DE PAULA MENDES,False,False,False,False,False,False,False,False,False,False,False,False,0,1000.0
2018,RJ,PRTB,2838,JOÃO FERREIRA DE JESUS,False,False,False,False,False,False,False,False,False,False,False,False,0,
2018,RJ,PRTB,2840,CARLOS ALBERTO VAZ DA COSTA,False,False,False,False,False,False,False,False,False,False,False,False,0,
2018,RJ,PRTB,2844,RODRIGO GUEDES DOS SANTOS,False,False,False,False,False,False,False,False,False,False,False,False,0,2004.23
2018,RJ,PRTB,2845,JOÃO JACQUES SOARES BUSNELLO,False,False,False,False,False,False,False,False,False,False,False,False,0,1784.23
2018,RJ,PRTB,2848,MARISE FERREIRA DE MENEZES,False,False,False,False,False,False,False,False,False,False,False,False,0,1000.0
2018,RJ,PRTB,2850,ANGELO FILGUEIRAS DOS SANTOS,False,False,False,False,False,False,False,False,False,False,False,False,0,1784.23
2018,RJ,PRTB,2852,MARCELO SOARES CORREA,False,False,False,False,False,False,False,False,False,False,False,False,0,1380.0
2018,RJ,PRTB,2855,IGOR PORTO GAVAZZI,False,False,False,False,False,False,False,False,False,False,False,False,0,3084.23
2018,RJ,PRTB,2856,JEAN SUMIL DE ALENCAR GIGANTE,False,False,False,False,False,False,False,False,False,False,False,False,0,
2018,RJ,PRTB,2857,ADEMIR MADEIRA,False,False,False,False,False,False,False,False,False,False,False,False,0,404.23
2018,RJ,PRTB,2860,MARCO ANDRE FERREIRA DAS CHAGAS,False,False,False,False,False,False,False,False,False,False,False,False,0,
2018,RJ,PRTB,2861,FERNANDA SANTOS FRANÇA,False,False,False,False,False,False,False,False,False,False,False,False,0,1000.0
2018,RJ,PRTB,2865,CLAY QUINTÃO FULY,False,False,False,False,False,False,False,False,False,False,False,False,0,2634.23
2018,RJ,PRTB,2870,FELIPE MACEDO BRASILEIRO,False,False,False,False,False,False,False,False,False,False,False,False,0,2734.23
2018,RJ,PRTB,2879,RINALDO CARLOS DA COSTA DE SOUZA,False,False,False,False,False,False,False,False,False,False,False,False,0,1380.0
2018,RJ,PRTB,2880,CARLOS EDUARDO DA SILVA NUNES,False,False,False,False,False,False,False,False,False,False,False,False,0,2714.23
2018,RJ,PRTB,2882,PAULO ROBERTO FERREIRA DA SILVA,False,False,False,False,False,False,False,False,False,False,False,False,0,
2018,RJ,PRTB,2885,FÁBIO DA PAZ PEREIRA,False,False,False,False,False,False,False,False,False,False,False,False,0,
2018,RJ,PRTB,2887,GABRIELA SOUZA DE ANDRADE CALAÇA,False,False,False,False,False,False,False,False,False,False,False,False,0,1000.0
2018,RJ,PRTB,2888,ACLERISVALTER VASCONCELOS,False,False,False,False,False,False,False,False,False,False,False,False,0,2230.0
2018,RJ,PRTB,2889,LUCIO DE ARRUDA CABRAL FILHO,False,False,False,False,False,False,False,False,False,False,False,False,0,
2018,RJ,PRTB,2890,ROSANA DE OLIVEIRA NASCIMENTO,False,False,False,False,False,False,False,False,False,False,False,False,0,4526.73
2018,RJ,PRTB,2891,BRUNO DA SILVA NASCIMENTO,False,False,False,False,False,False,False,False,False,False,False,False,0,2680.0
2018,RJ,PRTB,2893,MARA LUCIA DE SOUZA,False,False,False,False,False,False,False,False,False,False,False,False,0,3334.23
2018,RJ,PRTB,2899,ADILIO SALVADOR SARAIVA,False,False,False,False,False,False,False,False,False,False,False,False,0,1980.0
2018,RJ,PSB,4001,HUGO BOAVENTURA DE CARVALHO,False,False,False,False,False,False,False,False,False,False,False,False,0,2170.2799999999997
2018,RJ,PSB,4004,NILTON WILSON SALOMÃO,True,True,True,True,True,True,False,False,False,True,True,True,0,390000.0
2018,RJ,PSB,4010,GUSTAVO SILVA FERREIRA,False,False,False,False,False,False,False,False,False,False,False,False,0,
2018,RJ,PSB,4012,FÁTIMA MARIA DOS SANTOS,False,False,False,False,False,False,False,False,False,False,False,False,0,200000.0
2018,RJ,PSB,4024,ROBERTO MEDINA,False,False,False,False,False,False,False,False,False,False,False,False,0,
2018,RJ,PSB,4033,LISIANE MUTTI DE BRITO MAGALHÃES,False,False,False,False,False,False,False,False,False,False,False,False,0,100000.0
2018,RJ,PSB,4037,BENEDITO VITOR JUNIOR,False,False,False,False,False,False,False,False,False,False,False,False,0,
2018,RJ,PSB,4040,ALESSANDRO LUCCIOLA MOLON,True,True,True,True,True,True,False,False,False,False,True,True,1,1300000.0
2018,RJ,PSB,4044,EMANUEL BASTOS TORQUATO,False,False,False,False,False,False,False,False,False,False,False,False,0,
2018,RJ,PSB,4050,FABIO APARECIDO VASCONCELOS,False,False,False,False,False,False,False,False,False,False,False,False,0,2170.2799999999997
2018,RJ,PSB,4060,YWALTER DA SILVA GUSMÃO JUNIOR,False,False,False,False,False,False,False,False,False,False,False,False,0,
2018,RJ,PSB,4061,ALEXANDRE SANTOS DE MIRANDA,False,False,False,False,False,False,False,False,False,False,False,False,0,
2018,RJ,PSB,4066,SYLVIO ALEXANDRE GOUVÊA,False,False,False,False,False,False,False,False,False,False,False,False,0,
2018,RJ,PSB,4077,CÁSSIA MARTINS PACHECO,False,False,False,False,False,False,False,False,False,False,False,False,0,8142.9
2018,RJ,PSB,4080,RAMON CARRERA,False,False,False,False,False,False,False,False,False,False,False,False,0,62142.9
2018,RJ,PSC,2000,LUIS MAURO SANTOS DA SILVA,False,False,False,False,False,False,False,False,False,False,False,False,0,50810.31
2018,RJ,PSC,2002,VICTOR LEONARDO DE ALMEIDA,False,False,False,False,False,False,False,False,False,False,False,False,0,810.31
2018,RJ,PSC,2003,GILBERTO MESSIAS DO NASCIMENTO,False,False,False,False,False,False,False,False,False,False,False,False,0,810.31
2018,RJ,PSC,2004,INÊZ MARIA DA CONCEIÇÃO APARECIDA BARBOSA DA SILVA,False,False,False,False,False,False,False,False,False,False,False,False,0,300000.0
2018,RJ,PSC,2005,JOSE LUIZ VILLAR,False,False,False,False,False,False,False,False,False,False,False,False,0,810.31
2018,RJ,PSC,2007,CLAUDIA JUREMA DA CONCEICAO SILVA,False,False,False,False,False,False,False,False,False,False,False,False,0,810.31
2018,RJ,PSC,2008,JAILTON FERREIRA DO NASCIMENTO,False,False,False,False,False,False,False,False,False,False,False,False,0,810.31
2018,RJ,PSC,2009,LILIANE RIBEIRO CHIAPETTA,False,False,False,False,False,False,False,False,False,False,False,False,0,810.31
2018,RJ,PSC,2010,JOAO ALBERTO NEVES DOS SANTOS,False,False,False,False,False,False,False,False,False,False,False,False,0,810.31
2018,RJ,PSC,2011,SEVERINO INOCENCIO RAMOS FILHO,False,False,False,False,False,False,False,False,False,False,False,False,0,810.31
2018,RJ,PSC,2014,ADRIANO VIEIRA DA SILVA,False,False,False,False,False,False,False,False,False,False,False,False,0,810.31
2018,RJ,PSC,2015,TIAGO PRATES DA SILVA,False,False,False,False,False,False,False,False,False,False,False,False,0,
2018,RJ,PSC,2017,FABIOLLA COSTA SOUZA CORREA DE MORAES,False,False,False,False,False,False,False,False,False,False,False,False,0,810.31
2018,RJ,PSC,2018,LENIR FORTUNATO RODRIGUES DE SOUZA,False,False,False,False,False,False,False,False,False,False,False,False,0,70810.31
2018,RJ,PSC,2019,CARLOS ALBERTO CAVADAS FONSECA,False,False,False,False,False,False,False,False,False,False,False,False,0,810.31
2018,RJ,PSC,2020,FILIPE DE ALMEIDA PEREIRA,True,True,True,True,True,True,False,False,False,False,True,True,0,351620.61
2018,RJ,PSC,2021,MARCELO RICARDO VIANA,False,False,False,False,False,False,False,False,False,False,False,False,0,810.31
2018,RJ,PSC,2022,VAILSON TAVARES LESSA,False,False,False,False,False,False,False,False,False,False,False,False,0,
2018,RJ,PSC,2023,MARIA ZAIDA MANHAES DA SILVA AGUIAR,False,False,False,False,False,False,False,False,False,False,False,False,0,
2018,RJ,PSC,2025,SHIRLEI BATISTA SOARES,False,False,False,False,False,False,False,False,False,False,False,False,0,810.31
2018,RJ,PSC,2026,ALEXANDRE FERNANDES VIEIRA,False,False,False,False,False,False,False,False,False,False,False,False,0,810.31
2018,RJ,PSC,2027,LUZINEIDE MENEZES DO NASCIMENTO,False,False,False,False,False,False,False,False,False,False,False,False,0,810.31
2018,RJ,PSC,2028,ERONDINA PEREIRA DA SILVA MANSO,False,False,False,False,False,False,False,False,False,False,False,False,0,810.31
2018,RJ,PSC,2030,ROBERTO BEZERRA MOTTA,False,False,False,False,False,False,False,False,False,False,False,False,0,50740.74
2018,RJ,PSC,2031,GLAUCE KELLY FREITAS FERNANDES SAMIA,False,False,False,False,False,False,False,False,False,False,False,False,0,20810.31
2018,RJ,PSC,2032,MARIA CLAUDIA COUTINHO LEAL MARQUES,False,False,False,False,False,False,False,False,False,False,False,False,0,810.31
2018,RJ,PSC,2034,DAVID CALDAS DOS SANTOS,False,False,False,False,False,False,False,False,False,False,False,False,0,810.31
2018,RJ,PSC,2035,MARCOS ANDRÉ CLEMENTE DA SILVA,False,False,False,False,False,False,False,False,False,False,False,False,0,810.31
2018,RJ,PSC,2036,ALEXANDRE DA SILVA MACABU,False,False,False,False,False,False,False,False,False,False,False,False,0,10810.31
2018,RJ,PSC,2038,FLAVIO PACCA CASTELLO BRANCO,False,False,False,False,False,False,False,False,False,False,False,False,0,810.31
2018,RJ,PSC,2040,HERIBALDO FRAGA MACHADO,False,False,False,False,False,False,False,False,False,False,False,False,0,810.31
2018,RJ,PSC,2042,EMANOEL JESUS CORREIA DA COSTA,False,False,False,False,False,False,False,False,False,False,False,False,0,810.31
2018,RJ,PSC,2044,ANTONIO COSTA DE BRITTO,False,False,False,False,False,False,False,False,False,False,False,False,0,810.31
2018,RJ,PSC,2050,OTONI MOURA DE PAULO JUNIOR,False,False,False,False,False,False,False,False,False,False,False,False,1,50000.0
2018,RJ,PSC,2051,MOISES MESSIAS DO SACRAMENTO,False,False,False,False,False,False,False,False,False,False,False,False,0,810.31
2018,RJ,PSC,2055,SILVERCLEIA DE OLIVEIRA PINTO DUARTE,False,False,False,False,False,False,False,False,False,False,False,False,0,20000.0
2018,RJ,PSC,2056,IVAN FRANCISCO DE FIGUEREDO,False,False,False,False,False,False,False,False,False,False,False,False,0,810.31
2018,RJ,PSC,2060,ROSELENE MARTINS CARNEIRO LEITE,False,False,False,False,False,False,False,False,False,False,False,False,0,810.31
2018,RJ,PSC,2063,RISOLENE GOMES DE ARAUJO,False,False,False,False,False,False,False,False,False,False,False,False,0,5810.3099999999995
2018,RJ,PSC,2065,FRANCELINO DA SILVA PAES,False,False,False,False,False,False,False,False,False,False,False,False,0,810.31
2018,RJ,PSC,2070,THIAGO RIBEIRO,False,False,False,False,False,False,False,False,False,False,False,False,0,810.31
2018,RJ,PSC,2072,IRACEMA BRAZ TULSEN,False,False,False,False,False,False,False,False,False,False,False,False,0,810.31
2018,RJ,PSC,2074,ALEX DE SOUSA OLIVEIRA,False,False,False,False,False,False,False,False,False,False,False,False,0,810.31
2018,RJ,PSC,2075,CELIA CRISTINA DA SILVA,False,False,False,False,False,False,False,False,False,False,False,False,0,740.74
2018,RJ,PSC,2076,SILVANIA VELASCO PEREIRA,False,False,False,False,False,False,False,False,False,False,False,False,0,810.31
2018,RJ,PSC,2077,FERNANDO ANTONIO DA SILVA,False,False,False,False,False,False,False,False,False,False,False,False,0,810.31
2018,RJ,PSC,2079,NILTON CESAR CARVALHO DOS SANTOS,False,False,False,False,False,False,False,False,False,False,False,False,0,
2018,RJ,PSC,2080,GUSTAVO XAVIER JORGE,False,False,False,False,False,False,False,False,False,False,False,False,0,810.31
2018,RJ,PSC,2088,PAULO ROBERTO XAVIER DINIZ,False,False,False,False,False,False,False,False,False,False,False,False,0,810.31
2018,RJ,PSC,2090,LUIS CLAUDIO PACHECO DAVID,False,False,False,False,False,False,False,False,False,False,False,False,0,810.31
2018,RJ,PSC,2091,LAZARO DE AZEVEDO,False,False,False,False,False,False,False,False,False,False,False,False,0,810.31
2018,RJ,PSC,2093,LUIZ VANDERLEI ALEMANGER DE MACEDO,False,False,False,False,False,False,False,False,False,False,False,False,0,810.31
2018,RJ,PSC,2094,GILSON ROSA RIBEIRO,False,False,False,False,False,False,False,False,False,False,False,False,0,810.31
2018,RJ,PSC,2095,CLEBER BATISTA CRAVO,False,False,False,False,False,False,False,False,False,False,False,False,0,
2018,RJ,PSD,5500,BERNARD TAVARES DIDINO,False,False,True,False,False,False,False,False,False,True,False,False,0,
2018,RJ,PSD,5502,NORMA TEIXEIRA DEMUNER,False,False,False,False,False,False,False,False,False,False,False,False,0,
2018,RJ,PSD,5503,ISAC FARIAS NASCIMENTO,False,False,False,False,False,False,False,False,False,False,False,False,0,
2018,RJ,PSD,5504,LEILA KOUREICHE RIBEIRO,False,False,False,False,False,False,False,False,False,False,False,False,0,
2018,RJ,PSD,5505,PEDRO RAFAEL PÉREZ ROJAS MARIANO DE AZEVEDO,False,False,False,False,False,False,False,False,False,False,False,False,0,
2018,RJ,PSD,5506,MARIA ISABEL DA SILVA ROSA COSTA,False,False,False,False,False,False,False,False,False,False,False,False,0,157.0
2018,RJ,PSD,5507,MORGANA LIMA RODRIGUES,False,False,False,False,False,False,False,False,False,False,False,False,0,60.0
2018,RJ,PSD,5508,ANDRE LUIZ FERREIRA DE SOUZA,False,False,False,False,False,False,False,False,False,False,False,False,0,
2018,RJ,PSD,5510,HUGO LEAL MELO DA SILVA,True,True,True,True,True,True,False,False,False,False,True,True,1,950000.0
2018,RJ,PSD,5511,JONES BARBOSA DE MOURA,False,False,False,False,False,False,False,False,False,False,False,False,0,
2018,RJ,PSD,5512,ANDERSON LUIS DOS SANTOS,False,False,False,False,False,False,False,False,False,False,False,False,0,
2018,RJ,PSD,5513,JOSE GONÇALVES VELOSO,False,False,False,False,False,False,False,False,False,False,False,False,0,
2018,RJ,PSD,5514,JAQUELINE DA SILVA GOMES,False,False,False,False,False,False,False,False,False,False,False,False,0,
2018,RJ,PSD,5515,MAGNELSON FERREIRA DE SOUZA,False,False,False,False,False,False,False,False,False,False,False,False,0,
2018,RJ,PSD,5517,MARCO ANTONIO SARNELLI VIEIRA MARINHO,False,False,False,False,False,False,False,False,False,False,False,False,0,
2018,RJ,PSD,5518,LILIAN MARIA ARAUJO ANACLETO,False,False,False,False,False,False,False,False,False,False,False,False,0,360150.0
2018,RJ,PSD,5520,MARCELO MERIDA AGUIAR,False,False,False,False,False,False,False,False,False,False,False,False,0,
2018,RJ,PSD,5522,MARCELO DE SA BORGES,False,False,False,False,False,False,False,False,False,False,False,False,0,
2018,RJ,PSD,5523,WELLINGTON AVILA,False,False,False,False,False,False,False,False,False,False,False,False,0,
2018,RJ,PSD,5524,ALAN DE OLIVEIRA MACHADO,False,False,False,False,False,False,False,False,False,False,False,False,0,
2018,RJ,PSD,5525,HELEN DE PAULA BARRETO,False,False,False,False,False,False,False,False,False,False,False,False,0,240.6
2018,RJ,PSD,5526,FERNANDO FERNANDES JUNIOR,False,False,False,False,False,False,False,False,False,False,False,False,0,
2018,RJ,PSD,5528,PAULO HENRIQUE GONÇALVES JESUS,False,False,False,False,False,False,False,False,False,False,False,False,0,
2018,RJ,PSD,5530,CARLOS EDUARDO DO NASCIMENTO SOARES,False,False,False,False,False,False,False,False,False,False,False,False,0,
2018,RJ,PSD,5534,RICARDO DE ARAUJO MARTINS,False,False,False,False,False,False,False,False,False,False,False,False,0,
2018,RJ,PSD,5540,ALEXANDRE AGUIAR CARDOSO,True,True,True,True,True,True,False,False,False,False,True,True,0,950000.0
2018,RJ,PSD,5541,THATIANA SILVA DE CARVALHO,False,False,False,False,False,False,False,False,False,False,False,False,0,200000.0
2018,RJ,PSD,5543,NELSON FARIA MARINHO,False,False,False,False,False,False,False,False,False,False,False,False,0,
2018,RJ,PSD,5544,DEBORA RODRIGUES COSTA OLIVEIRA,False,False,False,False,False,False,False,False,False,False,False,False,0,400180.0
2018,RJ,PSD,5545,ANDREIA ALMEIDA ZITO DOS SANTOS,True,True,True,True,True,True,False,False,False,False,True,True,0,800000.0
2018,RJ,PSD,5550,MICHAEL DE SOUZA VIDAL,False,False,False,False,False,False,False,False,False,False,False,False,0,
2018,RJ,PSD,5551,ALFREDO PAULO MARQUES RODRIGUES,False,True,True,False,True,False,False,True,False,True,False,False,0,100000.0
2018,RJ,PSD,5552,WILIANS BITTENCOURT VALENTE,False,False,False,False,False,False,False,False,False,False,False,False,0,
2018,RJ,PSD,5554,FRANCISCO SULANO DE ALMEIDA,False,False,False,False,False,False,False,False,False,False,False,False,0,
2018,RJ,PSD,5556,NILSON DUARTE COSTA,False,False,False,False,False,False,False,False,False,False,False,False,0,
2018,RJ,PSD,5560,LUIS CARLOS DA SILVA VIEIRA,False,False,False,False,False,False,False,False,False,False,False,False,0,
2018,RJ,PSD,5561,ROSIEL CANDIDO DE LIMA,False,False,False,False,False,False,False,False,False,False,False,False,0,
2018,RJ,PSD,5564,EURILEA PEIXOTO VIEIRA,False,False,False,False,False,False,False,False,False,False,False,False,0,
2018,RJ,PSD,5565,CARLOS ROBERTO MOREIRA,False,False,False,False,False,False,False,False,False,False,False,False,0,
2018,RJ,PSD,5566,ELISEU GOMES KESSLER,False,False,False,False,False,False,False,False,False,False,False,False,0,
2018,RJ,PSD,5567,MIRIAN PACHECO DA SILVA,False,False,False,False,False,False,False,False,False,False,False,False,0,148.6
2018,RJ,PSD,5569,LUIZ FERNANDO DE OLIVEIRA PEDRA,True,True,True,True,False,True,False,False,False,False,True,True,0,
2018,RJ,PSD,5570,ALEXANDRE AUGUSTUS SERFIOTIS,True,True,True,True,False,True,False,False,False,False,True,True,1,1050000.0
2018,RJ,PSD,5571,AURELIANO CRUZ DA ROCHA,False,False,False,False,False,False,False,False,False,False,False,False,0,
2018,RJ,PSD,5572,MARCIO ELIAS GOMES,False,False,False,False,False,False,False,False,False,False,False,False,0,
2018,RJ,PSD,5577,ALLAN MARQUES CALDAS,False,False,False,False,False,False,False,False,False,False,False,False,0,
2018,RJ,PSD,5580,PEDRO AUGUSTO PALARETI,True,True,True,True,True,True,False,False,False,False,True,True,0,600000.0
2018,RJ,PSD,5581,MARIA TEREZA MARTINS BORGES PEREIRA,False,False,False,False,False,False,False,False,False,False,False,False,0,
2018,RJ,PSD,5582,EDMILSON RAMOS MARTINS,False,False,False,False,False,False,False,False,False,False,False,False,0,
2018,RJ,PSD,5584,FLAVIA CRISTINA DA SILVA DE SANTANA,False,False,False,False,False,False,False,False,False,False,False,False,0,
2018,RJ,PSD,5585,MARCO ANTONIO BARREIROS CALVINHO,False,False,False,False,False,False,False,False,False,False,False,False,0,
2018,RJ,PSD,5588,ROSANA DA SILVA,False,False,False,False,False,False,False,False,False,False,False,False,0,203580.0
2018,RJ,PSD,5590,NELSON DOS SANTOS GONÇALVES FILHO,True,True,True,True,True,True,False,False,False,False,True,True,0,180000.0
2018,RJ,PSD,5593,FLORDELIS DOS SANTOS DE SOUZA,False,False,False,False,False,False,False,False,False,False,False,False,1,1028000.0
2018,RJ,PSD,5596,CARLOS HENRIQUE GUEDES DE OLIVEIRA,False,False,False,False,False,False,False,False,False,False,False,False,0,
2018,RJ,PSD,5599,CONSUELO DE FREITAS MACHADO MARTIN,False,False,False,False,False,False,False,False,False,False,False,False,0,240.0
2018,RJ,PSDB,4507,EDUARDO RIBEIRO DA SILVA,False,False,False,False,False,False,False,False,False,False,False,False,0,54294.63
2018,RJ,PSDB,4511,RODRIGO FERREIRA DE MENDONÇA,False,False,False,False,False,False,False,False,False,False,False,False,0,54294.63
2018,RJ,PSDB,4512,MONICA RIBEIRO FRANÇA DOS SANTOS,False,False,False,False,False,False,False,False,False,False,False,False,0,24293.75
2018,RJ,PSDB,4520,MISAIAS DA SILVA MACHADO,False,False,False,False,False,False,False,False,False,False,False,False,0,50000.0
2018,RJ,PSDB,4522,AUZILENE SILVA MACHADO TANAKA ,False,False,False,False,False,False,False,False,False,False,False,False,0,24293.75
2018,RJ,PSDB,4523,ANDRE RICARDO GOMES FERREIRA,False,False,False,False,False,False,False,False,False,False,False,False,0,4294.63
2018,RJ,PSDB,4525,MARIA TERESA BERGHER,True,True,True,True,False,True,False,False,False,False,True,True,0,204293.75
2018,RJ,PSDB,4531,LISIANE SENNA FIALHO,False,False,False,False,False,False,False,False,False,False,False,False,0,9293.75
2018,RJ,PSDB,4533,JOSE LUIZ DA SILVA BARREIROS ,False,False,False,False,False,False,False,False,False,False,False,False,0,54295.1
2018,RJ,PSDB,4544,DIOGO JOSE DE LIMA ALVES,False,False,False,False,False,False,False,False,False,False,False,False,0,4294.63
2018,RJ,PSDB,4545,MANUEL ANTONIO CORREA DA COSTA THEDIM ,False,False,False,False,False,False,False,False,False,False,False,False,0,104294.63
2018,RJ,PSDB,4551,ADALEIA SOUZA DA SILVA ,False,False,False,False,False,False,False,False,False,False,False,False,0,14293.75
2018,RJ,PSDB,4554,SONIA MARTA FERREIRA DE MENEZES ,False,False,False,False,False,False,False,False,False,False,False,False,0,9293.75
2018,RJ,PSDB,4555,OTAVIO SANTOS SILVA LEITE,True,True,True,True,True,True,False,False,False,False,True,True,0,1001246.49
2018,RJ,PSDB,4563,JOSE AURELIO VALPORTO DE SA JUNIOR,False,False,False,False,False,False,False,False,False,False,False,False,0,54294.63
2018,RJ,PSDB,4566,PAULO ROBERTO SCHMITZ  FERREIRA,False,False,False,False,False,False,False,False,False,False,False,False,0,
2018,RJ,PSDB,4567,NELI FRAGA NERY DA SILVA,False,False,False,False,False,False,False,False,False,False,False,False,0,44293.75
2018,RJ,PSDB,4569,JORGE AQUILES COSTA,False,False,False,False,False,False,False,False,False,False,False,False,0,4294.63
2018,RJ,PSDB,4577,VALTAIR CAMPOS,False,False,False,False,False,False,False,False,False,False,False,False,0,4294.63
2018,RJ,PSDB,4588,JOAO CARLOS LUIZ VAZ MARQUES LEZIRIA,False,False,False,False,False,False,False,False,False,False,False,False,0,4294.63
2018,RJ,PSDB,4590,VAGNER COSTA FERNANDES,False,False,False,False,False,False,False,False,False,False,False,False,0,54294.63
2018,RJ,PSL,1700,ANTÔNIO MARCOS PAPINHA DA SILVA,False,False,False,False,False,False,False,False,False,False,False,False,0,5365.0
2018,RJ,PSL,1701,FRANKLIN JORGE SANTOS,False,False,False,False,False,False,False,False,False,False,False,False,0,673.0
2018,RJ,PSL,1702,MARTEM SARMENTO GARCIA,False,False,False,False,False,False,False,False,False,False,False,False,0,
2018,RJ,PSL,1704,CLEBER RIBEIRO AFONSO,False,False,False,False,False,False,False,False,False,False,False,False,0,673.0
2018,RJ,PSL,1705,RICARDO DE SOUZA COSTA,False,False,False,False,False,False,False,False,False,False,False,False,0,
2018,RJ,PSL,1707,LUIZ CARLOS CHAGAS DE SOUZA JUNIOR,False,False,False,False,False,False,False,False,False,False,False,False,0,3965.0
2018,RJ,PSL,1708,ALTAISA DA SILVA TEIXEIRA,False,False,False,False,False,False,False,False,False,False,False,False,0,4160.139999999999
2018,RJ,PSL,1709,CARLA FERREIRA RAMOS,False,False,False,False,False,False,False,False,False,False,False,False,0,2857.14
2018,RJ,PSL,1710,ANA CRISTINA DOS SANTOS NEVES BRAGA,False,False,False,False,False,False,False,False,False,False,False,False,0,2857.14
2018,RJ,PSL,1712,CLÉBIO LOPES PEREIRA,False,False,False,False,False,False,False,False,False,False,False,False,0,3365.0
2018,RJ,PSL,1713,CARLOS ALBERTO DA SILVA PIRES,False,False,False,False,False,False,False,False,False,False,False,False,0,673.0
2018,RJ,PSL,1714,CHRISTINE NOGUEIRA DOS REIS TONIETTO,False,False,False,False,False,False,False,False,False,False,False,False,1,74006.33
2018,RJ,PSL,1715,MAURICIO PRICE GRECHI,False,False,False,False,False,False,False,False,False,False,False,False,0,1486.0
2018,RJ,PSL,1716,JOZIEL FERREIRA CARLOS,False,False,False,False,False,False,False,False,False,False,False,False,1,5474.3
2018,RJ,PSL,1717,LUIZ EDUARDO CARNEIRO DA SILVA DE SOUZA LIMA,False,False,False,False,False,False,False,False,False,False,False,False,1,6835.0
2018,RJ,PSL,1718,RAQUEL NIEDERMEYER DENARDIN,False,False,False,False,False,False,False,False,False,False,False,False,0,85009.47
2018,RJ,PSL,1719,SERGIO LEITE DOS SANTOS,False,False,False,False,False,False,False,False,False,False,False,False,0,
2018,RJ,PSL,1720,HELIO FERNANDO BARBOSA LOPES,False,False,False,False,False,False,False,False,False,False,False,False,1,16717.5
2018,RJ,PSL,1721,MARCELLO TEIXEIRA BITTENCOURT,False,False,False,False,False,False,False,False,False,False,False,False,0,
2018,RJ,PSL,1723,ALEX DOS SANTOS SILVA GONÇALVES,False,False,False,False,False,False,False,False,False,False,False,False,0,
2018,RJ,PSL,1725,GERMAINE COSTA GORRESE,False,False,False,False,False,False,False,False,False,False,False,False,0,2857.14
2018,RJ,PSL,1727,DANILO BASTOS JUNIOR,False,False,False,False,False,False,False,False,False,False,False,False,0,
2018,RJ,PSL,1729,CRISTIANE CARVALHO PEREIRA,False,False,False,False,False,False,False,False,False,False,False,False,0,2857.14
2018,RJ,PSL,1731,JORGE LUCENA AGUIAR,False,False,False,False,False,False,False,False,False,False,False,False,0,1965.0
2018,RJ,PSL,1732,ELIZABETE SUTTER TAVARES,False,False,False,False,False,False,False,False,False,False,False,False,0,3530.14
2018,RJ,PSL,1733,FABIANO OLIVEIRA PEREIRA,False,False,False,False,False,False,False,False,False,False,False,False,0,1590.8
2018,RJ,PSL,1738,ALINE LOPES DA SILVA,False,False,False,False,False,False,False,False,False,False,False,False,0,2857.14
2018,RJ,PSL,1740,GUIOMAR TINOCO LACERDA,False,False,False,False,False,False,False,False,False,False,False,False,0,3250.14
2018,RJ,PSL,1741,ALEXANDRE FIRMINO CAVALCANTE,False,False,False,False,False,False,False,False,False,False,False,False,0,
2018,RJ,PSL,1744,JOSEANE ROCHA,False,False,False,False,False,False,False,False,False,False,False,False,0,4930.139999999999
2018,RJ,PSL,1746,FABIANA SILVA DE SOUZA,False,False,False,False,False,False,False,False,False,False,False,False,1,87140.83
2018,RJ,PSL,1747,SERGIO LUIZ WEYDT,False,False,False,False,False,False,False,False,False,False,False,False,0,11088.0
2018,RJ,PSL,1750,JOSÉ BONIFÁCIO BEZERRA JUNIOR,False,False,False,False,False,False,False,False,False,False,False,False,0,
2018,RJ,PSL,1751,JOAQUIM RODRIGUES DOS SANTOS,False,False,False,False,False,False,False,False,False,False,False,False,0,3705.0
2018,RJ,PSL,1752,MÁRCIO DA SILVEIRA LABRE,False,False,False,False,False,False,False,False,False,False,False,False,1,
2018,RJ,PSL,1754,CARLOS VICTOR ANDRADE FRANCO,False,False,False,False,False,False,False,False,False,False,False,False,0,3365.0
2018,RJ,PSL,1755,MARCUS VINICIUS BARBOSA,False,False,False,False,False,False,False,False,False,False,False,False,0,
2018,RJ,PSL,1756,LUCIANA RAMOS SARMENTO,False,False,False,False,False,False,False,False,False,False,False,False,0,3128.14
2018,RJ,PSL,1757,MARIA DE FATIMA QUEIROZ VALLADARES,False,False,False,False,False,False,False,False,False,False,False,False,0,2857.14
2018,RJ,PSL,1758,VALDELEI DUARTE,False,False,False,False,False,False,False,False,False,False,False,False,0,786.0
2018,RJ,PSL,1760,PAULO RODRIGUES DE SANTANA,False,False,False,False,False,False,False,False,False,False,False,False,0,673.0
2018,RJ,PSL,1764,ROSILENE ETIENE MENDONÇA,False,False,False,False,False,False,False,False,False,False,False,False,0,9830.14
2018,RJ,PSL,1765,CLAUS NOE ROHR,False,False,False,False,False,False,False,False,False,False,False,False,0,
2018,RJ,PSL,1766,ANDERSON DE OLIVEIRA MATEUS,False,False,False,False,False,False,False,False,False,False,False,False,0,673.0
2018,RJ,PSL,1767,FELÍCIO LATERÇA DE ALMEIDA,False,False,False,False,False,False,False,False,False,False,False,False,1,
2018,RJ,PSL,1770,ROMMEL CARDOSO ,False,False,False,False,False,False,False,False,False,False,False,False,0,
2018,RJ,PSL,1772,GLEIDSON DE MELO CHAVES,False,False,False,False,False,False,False,False,False,False,False,False,0,
2018,RJ,PSL,1773,ARILSON COELHO DE CARVALHO,False,False,False,False,False,False,False,False,False,False,False,False,0,393.0
2018,RJ,PSL,1774,CARLOS MARCELO GALDINO DIAS,False,False,False,False,False,False,False,False,False,False,False,False,0,
2018,RJ,PSL,1775,PEDRO AMÉRICO WERNECK NETO,False,False,False,False,False,False,False,False,False,False,False,False,0,
2018,RJ,PSL,1776,ALEXANDRE MAURO PRADO,False,False,False,False,False,False,False,False,False,False,False,False,0,1850.0
2018,RJ,PSL,1777,CARLOS ROBERTO COELHO DE MATTOS JÚNIOR,False,False,False,False,False,False,False,False,False,False,False,False,1,1965.0
2018,RJ,PSL,1778,SANDRO DE MOURA ALEXANDRE,False,False,False,False,False,False,False,False,False,False,False,False,0,
2018,RJ,PSL,1780,CAROLINA MARIA CARDOSO CALDEIRA DE LACERDA,False,False,False,False,False,False,False,False,False,False,False,False,0,7630.139999999999
2018,RJ,PSL,1782,ANA PAULA PORTO DE MELO,False,False,False,False,False,False,False,False,False,False,False,False,0,4070.14
2018,RJ,PSL,1787,RODRIGO CONCEIÇÃO RODRIGUES,False,False,False,False,False,False,False,False,False,False,False,False,0,
2018,RJ,PSL,1788,SÔNIA DA SILVA DA SILVEIRA MIRANDA,False,False,False,False,False,False,False,False,False,False,False,False,0,271.0
2018,RJ,PSL,1789,LOURIVAL GOMES DE ALMEIDA,True,True,True,True,False,True,False,False,False,False,True,True,1,
2018,RJ,PSL,1790,EDIANNE PAULO DE ABREU,False,False,False,False,False,False,False,False,False,False,False,False,0,3730.14
2018,RJ,PSL,1793,ANTÔNIO DA LUZ FURTADO,False,False,False,False,False,False,False,False,False,False,False,False,1,2155.0
2018,RJ,PSL,1796,DANIEL LUCIO DA SILVEIRA,False,False,False,False,False,False,False,False,False,False,False,False,1,13265.0
2018,RJ,PSL,1798,JOÃO CARLOS SOARES GURGEL,False,False,False,False,False,False,False,False,False,False,False,False,1,982.5
2018,RJ,PSL,1799,ALESSANDRO LIMA COELHO RODRIGUES,False,False,False,False,False,False,False,False,False,False,False,False,0,
2018,RJ,PSOL,5000,DAVID MICHAEL DOS SANTOS MIRANDA,False,False,False,False,False,False,False,False,False,False,False,False,0,62630.14000000001
2018,RJ,PSOL,5001,PAULO EDUARDO GOMES,True,True,True,True,False,True,False,False,False,False,True,True,0,30801.53
2018,RJ,PSOL,5002,LUCIANA ARAUJO DA SILVA PEREIRA,False,False,False,False,False,False,False,False,False,False,False,False,0,2154.0
2018,RJ,PSOL,5003,FRANCIDELIA LIMA GOMES,False,False,False,False,False,False,False,False,False,False,False,False,0,13889.470000000001
2018,RJ,PSOL,5004,ARLETE OZORIO,False,False,False,False,False,False,False,False,False,False,False,False,0,1577.0
2018,RJ,PSOL,5005,JEAN WYLLYS DE MATOS SANTOS,True,True,True,True,True,True,False,False,False,False,True,True,1,304872.53
2018,RJ,PSOL,5006,JOEL LUIZ DOS SANTOS,False,False,False,False,False,False,False,False,False,False,False,False,0,1432.5
2018,RJ,PSOL,5007,NILTON JOSE DOS ANJOS DE OLIVEIRA,False,False,False,False,False,False,False,False,False,False,False,False,0,1432.5
2018,RJ,PSOL,5008,LUCIANA BOITEUX DE FIGUEIREDO RODRIGUES,True,False,False,True,False,False,False,False,False,False,True,False,0,75978.13
2018,RJ,PSOL,5009,ANDERSON LUIZ ALVES DE OLIVEIRA,False,False,False,False,False,False,False,False,False,False,False,False,0,1432.5
2018,RJ,PSOL,5010,TATIANA MARINS ROQUE,False,False,False,False,False,False,False,False,False,False,False,False,0,47120.99
2018,RJ,PSOL,5011,LECI CARVALHO E SILVA,False,False,False,False,False,False,False,False,False,False,False,False,0,27261.67
2018,RJ,PSOL,5012,CINTIA TEIXEIRA DE SOUZA SILVA,False,False,False,False,False,False,False,False,False,False,False,False,0,27261.67
2018,RJ,PSOL,5013,ANGELO DE OLIVEIRA ASSIS,False,False,False,False,False,False,False,False,False,False,False,False,0,
2018,RJ,PSOL,5015,CARLOS ALBERTO MELO DA SILVA,False,False,False,False,False,False,False,False,False,False,False,False,0,1432.5
2018,RJ,PSOL,5016,IRIBERTO MIGUEL ALVES DA SILVEIRA,False,False,False,False,False,False,False,False,False,False,False,False,0,
2018,RJ,PSOL,5017,PEDRO HENRIQUE CORREA,False,False,False,False,False,False,False,False,False,False,False,False,0,
2018,RJ,PSOL,5018,DANILO FUNKE LEME,False,False,False,False,False,False,False,False,False,False,False,False,0,55802.88
2018,RJ,PSOL,5019,MARCOS ANTONIO DE ANDRADE DA SILVA,False,False,False,False,False,False,False,False,False,False,False,False,0,
2018,RJ,PSOL,5021,RODRIGO WRENCHER COSENZA,False,False,False,False,False,False,False,False,False,False,False,False,0,1432.5
2018,RJ,PSOL,5024,LUIZ CARLOS FERREIRA DE SOUZA,False,False,False,False,False,False,False,False,False,False,False,False,0,1432.5
2018,RJ,PSOL,5025,ANDRE TENREIRO JESUS DA SILVA,False,False,False,False,False,False,False,False,False,False,False,False,0,1432.5
2018,RJ,PSOL,5029,FABIANO DE SOUZA VIEIRA,False,False,False,False,False,False,False,False,False,False,False,False,0,1432.0
2018,RJ,PSOL,5030,ALAN MAIA SILVA,False,False,False,False,False,False,False,False,False,False,False,False,0,1432.5
2018,RJ,PSOL,5033,IZABEL CRISTINA FIRMINO,False,False,False,False,False,False,False,False,False,False,False,False,0,3308.0
2018,RJ,PSOL,5034,ROBERTO CARLOS DOS SANTOS,False,False,False,False,False,False,False,False,False,False,False,False,0,
2018,RJ,PSOL,5036,ISABEL CRISTINA DA SILVA VIEIRA,False,False,False,False,False,False,False,False,False,False,False,False,0,3308.0
2018,RJ,PSOL,5040,AUGUSTO TORRES PERILLO,False,False,False,False,False,False,False,False,False,False,False,False,0,1432.5
2018,RJ,PSOL,5044,FERNANDA DE FARIA QUEIROZ DA SILVA,False,False,False,False,False,False,False,False,False,False,False,False,0,2154.0
2018,RJ,PSOL,5045,JEFERSON BARROS DA SILVA,False,False,False,False,False,False,False,False,False,False,False,False,0,15775.33
2018,RJ,PSOL,5050,MARCELO RIBEIRO FREIXO,True,True,True,True,True,True,False,False,False,True,True,True,1,301047.53
2018,RJ,PSOL,5051,JOAO BATISTA OLIVEIRA DE ARAUJO,True,True,True,True,True,True,False,False,False,False,True,True,0,62616.14
2018,RJ,PSOL,5052,PAULO ROBERTO VIEIRA JACQUES,False,False,False,False,False,False,False,False,False,False,False,False,0,716.25
2018,RJ,PSOL,5053,MARCOS LOPES RIBEIRO,False,False,False,False,False,False,False,False,False,False,False,False,0,1432.5
2018,RJ,PSOL,5055,RENATO ATHAYDE SILVA,False,False,False,False,False,False,False,False,False,False,False,False,0,57125.670000000006
2018,RJ,PSOL,5056,NAIDE RIBEIRO JUNIOR,False,False,False,False,False,False,False,False,False,False,False,False,0,1432.5
2018,RJ,PSOL,5059,ENITA DA SILVA SOUTO JORGE,False,False,False,False,False,False,False,False,False,False,False,False,0,1577.0
2018,RJ,PSOL,5060,JULLIA TURRINI LIMA BRANDAO,False,False,False,False,False,False,False,False,False,False,False,False,0,14663.630000000001
2018,RJ,PSOL,5066,JORGE LUIZ DA SILVA COSTA,False,False,False,False,False,False,False,False,False,False,False,False,0,716.25
2018,RJ,PSOL,5070,GIOVANNI GENNARO PEDROSA DA SILVA CAPANO,False,False,False,False,False,False,False,False,False,False,False,False,0,1432.5
2018,RJ,PSOL,5077,TALIRIA PETRONE SOARES,False,False,False,False,False,False,False,False,False,False,False,False,1,172141.88
2018,RJ,PSOL,5080,GLAUBER DE MEDEIROS BRAGA,True,True,True,True,True,True,False,False,False,True,True,True,1,304932.53
2018,RJ,PSOL,5088,JOSIEL NASCIMENTO DE JESUS,False,False,False,False,False,False,False,False,False,False,False,False,0,716.25
2018,RJ,PSOL,5099,WLADIMIR DA SILVA VASCONCELOS,False,False,False,False,False,False,False,False,False,False,False,False,0,
2018,RJ,PT,1300,PAULO FERNANDES DE SOUZA,False,False,False,False,False,False,False,False,False,False,False,False,0,16000.0
2018,RJ,PT,1301,CELSO PANSERA ,True,True,True,True,True,True,False,False,False,False,True,True,0,900000.0
2018,RJ,PT,1312,LUIZ SERGIO NOBREGA DE OLIVEIRA ,True,True,True,True,True,True,False,False,False,False,True,True,0,900000.0
2018,RJ,PT,1314,RODRIGO MENDONÇA DOS SANTOS ,False,False,False,False,False,False,False,False,False,False,False,False,0,1000.0
2018,RJ,PT,1320,ADILSON NOGUEIRA PIRES,False,False,False,False,False,False,False,False,False,False,False,False,0,471000.0
2018,RJ,PT,1321,JOSÉ LEÃO MENEZES FILHO ,False,False,False,False,False,False,False,False,False,False,False,False,0,16000.0
2018,RJ,PT,1322,WADIH NEMER DAMOUS FILHO,True,True,True,True,False,True,False,False,False,False,True,True,0,900000.0
2018,RJ,PT,1327,AFONSO LUIZ DE ALMEIDA ,False,False,False,False,False,False,False,False,False,False,False,False,0,1000.0
2018,RJ,PT,1330,ROSANGELA FACANHA,False,False,False,False,False,False,False,False,False,False,False,False,0,10000.0
2018,RJ,PT,1331,MARINALDO SILVA SANTOS ,False,False,False,False,False,False,False,False,False,False,False,False,0,16000.0
2018,RJ,PT,1333,REIMONT LUIZ OTONI SANTA BARBARA ,False,False,False,False,False,False,False,False,False,False,False,False,0,471000.0
2018,RJ,PT,1340,RIVALNEY DESSERBELLES PEDROSA,False,False,False,False,False,False,False,False,False,False,False,False,0,11212.0
2018,RJ,PT,1345,ALBERTO LUIZ VIEIRA COSTA,False,False,False,False,False,False,False,False,False,False,False,False,0,16000.0
2018,RJ,PT,1347,ROGERIA DOS SANTOS CARVALHO,False,False,False,False,False,False,False,False,False,False,False,False,0,
2018,RJ,PT,1350,JOSE MARIA FERREIRA RANGEL,False,False,False,False,False,False,False,False,False,False,False,False,0,471000.0
2018,RJ,PT,1354,PAULO PAGANINI DE SOUZA COUTINHO,False,False,False,False,False,False,False,False,False,False,False,False,0,1000.0
2018,RJ,PT,1358,VERONICA DOS SANTOS LIMA,False,False,False,False,False,False,False,False,False,False,False,False,0,600000.0
2018,RJ,PT,1367,MARIA DAS GRAÇAS GOMES FRANCO ,False,False,False,False,False,False,False,False,False,False,False,False,0,10000.0
2018,RJ,PT,1369,GERALDO CORREIA DE MENESES FILHO,False,False,False,False,False,False,False,False,False,False,False,False,0,16000.0
2018,RJ,PT,1370,MARIA LUCIA COSTA SILVA ,False,False,False,False,False,False,False,False,False,False,False,False,0,10000.0
2018,RJ,PT,1377,BENEDITA SOUZA DA SILVA SAMPAIO ,True,True,True,True,True,True,False,False,False,True,True,True,1,1000000.0
2018,RJ,PT,1382,SIMONE SATURNINO BRAGA DE CAMPOS ,False,False,False,False,False,False,False,False,False,False,False,False,0,88500.0
2018,RJ,PT,1389,ROSIMERI DA SILVA MARONGIU ,False,False,False,False,False,False,False,False,False,False,False,False,0,10000.0
2018,RJ,PT,1399,LUIZ SILVIO PEREIRA DANTAS,False,False,False,False,False,False,False,False,False,False,False,False,0,16000.0
2018,RJ,PTB,1400,RODRIGO DE ANDRADE HENRIQUES,False,False,False,False,False,False,False,False,False,False,False,False,0,350000.0
2018,RJ,PTB,1412,ANTONIO JOSE PAPERA DE AZEVEDO,False,False,False,False,False,False,False,False,False,False,False,False,0,254000.0
2018,RJ,PTB,1414,CRISTIANE BRASIL FRANCISCO,True,True,True,True,False,True,False,False,False,False,True,True,0,2347000.0
2018,RJ,PTB,1417,JOSE AUGUSTO DOS SANTOS CARDOSO,False,False,False,False,False,False,False,False,False,False,False,False,0,104000.0
2018,RJ,PTB,1418,LUIZ CARLOS SIQUEIRA PEREIRA,False,False,False,False,False,False,False,False,False,False,False,False,0,18200.0
2018,RJ,PTB,1420,LILMAR GOUVEIA GARCIA,False,False,False,False,False,False,False,False,False,False,False,False,0,67200.0
2018,RJ,PTB,1421,PAULO ROBERTO MATHIAS,False,False,False,False,False,False,False,False,False,False,False,False,0,135200.0
2018,RJ,PTB,1423,MARIA JOSE BERNARDINO MARQUES,False,False,False,False,False,False,False,False,False,False,False,False,0,340000.0
2018,RJ,PTB,1432,UBIRAJARA DE MELLO BOSOROY,False,False,False,False,False,False,False,False,False,False,False,False,0,27200.0
2018,RJ,PTB,1452,ZALUAR QUADROS DELBONI,False,False,False,False,False,False,False,False,False,False,False,False,0,79000.0
2018,RJ,PTB,1455,LEONARDO MELLO CORDEIRO,False,False,False,False,False,False,False,False,False,False,False,False,0,6200.0
2018,RJ,PTB,1456,WANDERLEY ALVES DE OLIVEIRA,True,True,True,True,True,True,False,False,False,False,True,True,0,1400000.0
2018,RJ,PTB,1477,JEFFERSON SILVA LEITE,False,False,False,False,False,False,False,False,False,False,False,False,0,16200.0
2018,RJ,PTB,1484,ANDREIA DE OLIVEIRA PÁDUA,False,False,False,False,False,False,False,False,False,False,False,False,0,659285.48
2018,RJ,PTC,3600,DIRLANDIS CELSO MACHADO CARDOSO,False,False,False,False,False,False,False,False,False,False,False,False,0,
2018,RJ,PTC,3601,JULIO CESAR DE OLIVEIRA,False,False,False,False,False,False,False,False,False,False,False,False,0,
2018,RJ,PTC,3606,MARCELO LICIO DE BARROS,False,False,False,False,False,False,False,False,False,False,False,False,0,
2018,RJ,PTC,3607,RUY DE OLIVEIRA WOOD,False,False,False,False,False,False,False,False,False,False,False,False,0,
2018,RJ,PTC,3610,MAXWELL DE JESUS E SILVA,False,False,False,False,False,False,False,False,False,False,False,False,0,540.0
2018,RJ,PTC,3611,HELCIO ANGELO DA ROCHA,True,True,True,True,False,True,False,False,False,False,True,True,0,
2018,RJ,PTC,3612,REGINA CELIA DE MATIA TOSTA,False,False,False,False,False,False,False,False,False,False,False,False,0,1680.0
2018,RJ,PTC,3613,VANDERLEI FERNANDES LINHARES,False,False,False,False,False,False,False,False,False,False,False,False,0,
2018,RJ,PTC,3615,LUIZ JEQUITINHANHO DOS SANTOS SILVA,False,False,False,False,False,False,False,False,False,False,False,False,0,
2018,RJ,PTC,3617,JOSE LUIZ CORDEIRO BASTOS JUNIOR,False,False,False,False,False,False,False,False,False,False,False,False,0,
2018,RJ,PTC,3620,JENNIFER PAULA DA SILVA SOUZA,False,False,False,False,False,False,False,False,False,False,False,False,0,
2018,RJ,PTC,3622,FRANCISCO JESUS DA SILVA,False,False,False,False,False,False,False,False,False,False,False,False,0,180.0
2018,RJ,PTC,3624,LUCIANA DONATO DA SILVA,False,False,False,False,False,False,False,False,False,False,False,False,0,5000.0
2018,RJ,PTC,3630,SHEILA MARIA FRAZÃO ALMEIDA,False,False,False,False,False,False,False,False,False,False,False,False,0,
2018,RJ,PTC,3633,MARIA INES VIGORITO BRIZOLA,False,False,False,False,False,False,False,False,False,False,False,False,0,148330.0
2018,RJ,PTC,3636,GEORGITON LUIS RAMOS,False,False,False,False,False,False,False,False,False,False,False,False,0,2180.0
2018,RJ,PTC,3644,LUIZ CARLOS MARTINS FREITAS,False,False,False,False,False,False,False,False,False,False,False,False,0,540.0
2018,RJ,PTC,3650,EMMANUELLA RIOBOO DA COSTA,False,False,False,False,False,False,False,False,False,False,False,False,0,
2018,RJ,PTC,3651,ALEXANDER GONCALVES DA SILVA,False,False,False,False,False,False,False,False,False,False,False,False,0,2180.0
2018,RJ,PTC,3655,MARCIO DE PAULA SANTOS,False,False,False,False,False,False,False,False,False,False,False,False,0,10900.0
2018,RJ,PTC,3656,GERSON ALEXSANDRO SIMOES CRUZ,False,False,False,False,False,False,False,False,False,False,False,False,0,900.0
2018,RJ,PTC,3663,RAFAEL SOARES DA SILVA MEDEIROS,False,False,False,False,False,False,False,False,False,False,False,False,0,
2018,RJ,PTC,3669,SILVIO CAIXEIRO GONCALVES DOS SANTOS,False,False,False,False,False,False,False,False,False,False,False,False,0,
2018,RJ,PTC,3670,DIONE DOS SANTOS,False,False,False,False,False,False,False,False,False,False,False,False,0,
2018,RJ,PTC,3676,JOSE CARLOS DA SILVEIRA MODESTO,False,False,False,False,False,False,False,False,False,False,False,False,0,
2018,RJ,PTC,3677,MARCUS VINICIUS ROMANO ATHILA,False,False,False,False,False,False,False,False,False,False,False,False,0,
2018,RJ,PTC,3678,ACRAILTON FORDE,False,False,False,False,False,False,False,False,False,False,False,False,0,4000.0
2018,RJ,PTC,3686,IVETE MARIA DA CONCEICAO,False,False,False,False,False,False,False,False,False,False,False,False,0,
2018,RJ,PTC,3690,WAGNER OLIVEIRA DE SOUZA,False,False,False,False,False,False,False,False,False,False,False,False,0,
2018,RJ,PV,4300,EDÉSIO FERNANDES CARNEIRO,False,False,False,False,False,False,False,False,False,False,False,False,0,6673.68
2018,RJ,PV,4306,MILTON GIL FERREIRA E SILVA,False,False,False,False,False,False,False,False,False,False,False,False,0,4500.0
2018,RJ,PV,4310,AIDA RODRIGUES CARDOSO,False,False,False,False,False,False,False,False,False,False,False,False,0,26028.57
2018,RJ,PV,4321,FABIANO LIMA DA SILVA CARNEVALE,False,False,False,False,False,False,False,False,False,False,False,False,0,154367.07
2018,RJ,PV,4327,GILZA SOARES FREIRE,False,False,False,False,False,False,False,False,False,False,False,False,0,7528.57
2018,RJ,PV,4333,DANIEL MARQUES FREDERICO,False,False,False,False,False,False,False,False,False,False,False,False,0,29173.68
2018,RJ,PV,4334,MAURILIO MANOEL GONÇALVES,False,False,False,False,False,False,False,False,False,False,False,False,0,6673.68
2018,RJ,PV,4336,MARIO BITTENCOURT NETO,False,False,False,False,False,False,False,False,False,False,False,False,0,6673.68
2018,RJ,PV,4343,ARILDO MENDES DE OLIVEIRA,False,False,False,False,False,False,False,False,False,False,False,False,0,114173.68
2018,RJ,PV,4345,GERSON SANTOS BARROS,False,False,False,False,False,False,False,False,False,False,False,False,0,6673.68
2018,RJ,PV,4353,VILNELISON SILVA TAVARES,False,False,False,False,False,False,False,False,False,False,False,False,0,6673.68
2018,RJ,PV,4374,GERSON DANTAS,False,False,False,False,False,False,False,False,False,False,False,False,0,6673.68
2018,RJ,PV,4377,ALAN MOTA RIBEIRO,False,False,False,False,False,False,False,False,False,False,False,False,0,33000.0
2018,RJ,PV,4399,EVALCIR SANTOS DA SILVA,False,False,False,False,False,False,False,False,False,False,False,False,0,
2018,RJ,REDE,1800,CAIO MARCELO BRAUER DE FREITAS SAMPAIO,False,False,False,False,False,False,False,False,False,False,False,False,0,
2018,RJ,REDE,1801,MARIVALDO SILVERIO,False,False,False,False,False,False,False,False,False,False,False,False,0,
2018,RJ,REDE,1802,CLAVIO BARBOZA BONIFACIO,False,False,False,False,False,False,False,False,False,False,False,False,0,
2018,RJ,REDE,1818,EDUARDO CARVALHO BANDEIRA DE MELLO,False,False,False,False,False,False,False,False,False,False,False,False,0,150000.0
2018,RJ,REDE,1819,SOLANGE DOS SANTOS PACHECO,False,False,False,False,False,False,False,False,False,False,False,False,0,800.0
2018,RJ,REDE,1820,MARCIO JOSÉ MATOS DE SOUZA,False,False,False,False,False,False,False,False,False,False,False,False,0,
2018,RJ,REDE,1843,RAFAEL ADONIS DE ASSIS FILHO,False,False,False,False,False,False,False,False,False,False,False,False,0,
2018,RJ,REDE,1844,RENATA DE SANTANA,False,False,False,False,False,False,False,False,False,False,False,False,0,800.0
2018,RJ,REDE,1852,CATARINA TEIXEIRA MEIRELLES,False,False,False,False,False,False,False,False,False,False,False,False,0,
2018,RJ,REDE,1877,FABRICIO LIRIO RODRIGUES,False,False,False,False,False,False,False,False,False,False,False,False,0,
2018,RJ,REDE,1881,GIOWANA CAMBRONE ARAUJO,False,False,False,False,False,False,False,False,False,False,False,False,0,40000.0
2018,RJ,REDE,1888,NIDIA REGINA LIMEIRA DE SÁ,False,False,False,False,False,False,False,False,False,False,False,False,0,800.0
2018,RJ,REDE,1899,FÁBIO FRANCISCO DOS SANTOS,False,False,False,False,False,False,False,False,False,False,False,False,0,
2018,RJ,SOLIDARIEDADE,7702,LUCIANE MELLO DE OLIVEIRA,False,False,False,False,False,False,False,False,False,False,False,False,0,6320.0
2018,RJ,SOLIDARIEDADE,7705,MARILENE DE ALMEIDA DIAS,False,False,False,False,False,False,False,False,False,False,False,False,0,5730.0
2018,RJ,SOLIDARIEDADE,7707,ROGERIO MACEDO DUARTE,False,False,False,False,False,False,False,False,False,False,False,False,0,
2018,RJ,SOLIDARIEDADE,7708,LUCIANO LEAL TAVARES,False,False,False,False,False,False,False,False,False,False,False,False,0,490.0
2018,RJ,SOLIDARIEDADE,7711,MARCELO NOGUEIRA DE SOUZA,False,False,False,False,False,False,False,False,False,False,False,False,0,15000.0
2018,RJ,SOLIDARIEDADE,7715,FLAVIO DA SILVA CAJUEIRO ,False,False,False,False,False,False,False,False,False,False,False,False,0,
2018,RJ,SOLIDARIEDADE,7717,IRANILDO CAMPOS,True,True,True,True,True,True,False,False,False,True,True,True,0,100000.0
2018,RJ,SOLIDARIEDADE,7718,NEIDE APARECIDA KORDASH DE ARAUJO,False,False,False,False,False,False,False,False,False,False,False,False,0,
2018,RJ,SOLIDARIEDADE,7722,EDSON LUIZ PEREIRA,False,False,False,False,False,False,False,False,False,False,False,False,0,980.0
2018,RJ,SOLIDARIEDADE,7723,WASHINGTON ROSA DE OLIVEIRA,False,False,False,False,False,False,False,False,False,False,False,False,0,980.0
2018,RJ,SOLIDARIEDADE,7733,AUREO LIDIO MOREIRA RIBEIRO,True,True,True,True,True,True,False,False,False,False,True,True,1,1365372.24
2018,RJ,SOLIDARIEDADE,7738,FABIO FELIX PEREIRA,False,False,False,False,False,False,False,False,False,False,False,False,0,
2018,RJ,SOLIDARIEDADE,7745,JOSE LUIZ VIEIRA DA MOTTA,False,False,False,False,False,False,False,False,False,False,False,False,0,
2018,RJ,SOLIDARIEDADE,7755,MARCIO PACHECO DE ANDRADE ,False,False,False,False,False,False,False,False,False,False,False,False,0,
2018,RJ,SOLIDARIEDADE,7757,JANE DEBORA DA CONCEIÇÃO,False,False,False,False,False,False,False,False,False,False,False,False,0,6320.0
2018,RJ,SOLIDARIEDADE,7760,MAURO JOSE CAMPOS FRANCISCO,False,False,False,False,False,False,False,False,False,False,False,False,0,10980.0
2018,RJ,SOLIDARIEDADE,7762,RENATO CALDAS FARIAS,False,False,False,False,False,False,False,False,False,False,False,False,0,
2018,RJ,SOLIDARIEDADE,7766,MARCO ANTONIO TROVAO VAZ,False,False,False,False,False,False,False,False,False,False,False,False,0,1115.0
2018,RJ,SOLIDARIEDADE,7770,JORGE DE OLIVEIRA,True,True,True,True,True,True,False,False,False,True,True,True,0,100980.0
2018,RJ,SOLIDARIEDADE,7772,JAN FERNANDES VIANA,False,False,False,False,False,False,False,False,False,False,False,False,0,
2018,RJ,SOLIDARIEDADE,7773,JANETE VIEIRA ALVARES,False,False,False,False,False,False,False,False,False,False,False,False,0,2000.0
2018,RJ,SOLIDARIEDADE,7776,WELLINGTON VICENTE GOMES,False,False,False,False,False,False,False,False,False,False,False,False,0,
2018,RJ,SOLIDARIEDADE,7777,RACHEL FERRAZ DAMES ,False,False,False,False,False,False,False,False,False,False,False,False,0,7500.0
2018,RJ,SOLIDARIEDADE,7780,ELISEU DUARTE DOS SANTOS,False,False,False,False,False,False,False,False,False,False,False,False,0,
2018,RJ,SOLIDARIEDADE,7787,MARCELO MODESTO DA CRUZ,False,False,False,False,False,False,False,False,False,False,False,False,0,
2018,RJ,SOLIDARIEDADE,7788,CARLOS ALBERTO LAVRADO CUPELO,True,True,True,True,True,True,False,False,False,False,True,True,0,100980.0
2018,RJ,SOLIDARIEDADE,7789,ELENICE RODRIGUES ALVES,False,False,False,False,False,False,False,False,False,False,False,False,0,2000.0
2018,RJ,SOLIDARIEDADE,7797,CLEIDE OLIVEIRA DA ROCHA,False,False,False,False,False,False,False,False,False,False,False,False,0,2000.0
2018,RJ,SOLIDARIEDADE,7799,ALZEMIRA DE LIMA MARINS,False,False,False,False,False,False,False,False,False,False,False,False,0,5000.0
2018,RN,AVANTE,7000,JOSE GILVAN ALVES,False,False,False,False,False,False,False,False,False,False,False,False,0,
2018,RN,AVANTE,7070,KARLA VERUSKA FERNANDES DA SILVA BARBOSA,False,False,False,False,False,False,False,False,False,False,False,False,0,350000.0
2018,RN,DC,2788,ODAIR ALVES DINIZ,False,False,False,False,False,False,False,False,False,False,False,False,0,3500.0
2018,RN,DEM,2512,JOSÉ AGRIPINO MAIA,False,True,True,False,True,False,False,False,False,True,False,False,0,1314795.05
2018,RN,MDB,1511,WALTER PEREIRA ALVES,True,True,True,True,True,True,False,False,False,False,True,True,1,1552000.0
2018,RN,MDB,1515,KATIA MARIA LOBO NUNES,False,False,False,False,False,False,False,False,False,False,False,False,0,518687.5
2018,RN,MDB,1525,CLEBER RAIMUNDO DANTAS DE FREITAS,False,False,False,False,False,False,False,False,False,False,False,False,0,68687.5
2018,RN,MDB,1555,LEILA TEIXEIRA DE ARAÚJO,False,False,False,False,False,False,False,False,False,False,False,False,0,118687.5
2018,RN,NOVO,3000,ALAYDE MARIA E SILVA MARTINS PASSAIA,False,False,False,False,False,False,False,False,False,False,False,False,0,5599.16
2018,RN,NOVO,3003,CRISTIANO AUGUSTO MENDES DE MEDEIROS,False,False,False,False,False,False,False,False,False,False,False,False,0,3099.16
2018,RN,NOVO,3010,GIORDANO CARLOS DE OLIVEIRA BARRETO,False,False,False,False,False,False,False,False,False,False,False,False,0,3099.16
2018,RN,NOVO,3030,JAIME LUIZ GROFF JÚNIOR,False,False,False,False,False,False,False,False,False,False,False,False,0,5599.16
2018,RN,NOVO,3033,ROSE FERREIRA DA SILVA GUERRA,False,False,False,False,False,False,False,False,False,False,False,False,0,3099.16
2018,RN,PATRI,5104,MARIA JOSÉ VITOR DA SILVA,False,False,False,False,False,False,False,False,False,False,False,False,0,
2018,RN,PATRI,5107,JOSÉ DE ANCHIETA FELIX,False,False,False,False,False,False,False,False,False,False,False,False,0,
2018,RN,PATRI,5109,REVIL ALVES DOS SANTOS,False,False,False,False,False,False,False,False,False,False,False,False,0,
2018,RN,PATRI,5111,WALMIR FELIX CAMILO,False,False,False,False,False,False,False,False,False,False,False,False,0,
2018,RN,PATRI,5112,MACILEI MACIEL,False,False,False,False,False,False,False,False,False,False,False,False,0,
2018,RN,PATRI,5122,DAMIÃO ELIAS FERNANDES,False,False,False,False,False,False,False,False,False,False,False,False,0,
2018,RN,PATRI,5123,FRANCISCO NETO,False,False,False,False,False,False,False,False,False,False,False,False,0,
2018,RN,PATRI,5130,WENDELLA SARA COSTA DA SILVA,False,False,False,False,False,False,False,False,False,False,False,False,0,
2018,RN,PATRI,5151,EVANDRO GONÇALVES DA SILVA JÚNIOR,False,False,False,False,False,False,False,False,False,False,False,False,0,
2018,RN,PATRI,5155,INGRID HANNALICE DE FREITAS DA SILVA,False,False,False,False,False,False,False,False,False,False,False,False,0,
2018,RN,PATRI,5177,UARTA DANTAS DA SILVA AMORIM,False,False,False,False,False,False,False,False,False,False,False,False,0,
2018,RN,PC do B,6500,CLAUDIO GABRIEL DE MACEDO JUNIOR,False,False,False,False,False,False,False,False,False,False,False,False,0,2080.0
2018,RN,PC do B,6510,ANA PATRICIA DE SOUSA SANTIAGO,False,False,False,False,False,False,False,False,False,False,False,False,0,20352.0
2018,RN,PC do B,6513,HILDEBRANDO NERES DA ROCHA,False,False,False,False,False,False,False,False,False,False,False,False,0,4090.0
2018,RN,PC do B,6544,NICOLAU CAVALCANTE DANTAS,False,False,False,False,False,False,False,False,False,False,False,False,0,1090.0
2018,RN,PC do B,6555,MARIA LUZIA PAIVA BESSA VALE,False,False,False,False,False,False,False,False,False,False,False,False,0,792.0
2018,RN,PC do B,6565,ANDERSON JEAN DE ARAUJO ALVES,False,False,False,False,False,False,False,False,False,False,False,False,0,1056.0
2018,RN,PCO,2929,DANIEL CIRILO ALVES FERREIRA,False,False,False,False,False,False,False,False,False,False,False,False,0,600.0
2018,RN,PDT,1212,WALTER FERNANDES DE MIRANDA JUNIOR,False,False,False,False,False,False,False,False,False,False,False,False,0,
2018,RN,PDT,1222,KERICLIS ALVES RIBEIRO,False,False,True,False,False,False,False,False,False,True,False,False,0,150000.0
2018,RN,PDT,1234,GIVANISE ALVES DA SILVA,False,False,False,False,False,False,False,False,False,False,False,False,0,130000.0
2018,RN,PDT,1244,FRANCISCO DAS CHAGAS CATARINO,False,False,False,False,False,False,False,False,False,False,False,False,0,140000.0
2018,RN,PHS,3100,ALINE LIMA FERNANDES,False,False,False,False,False,False,False,False,False,False,False,False,0,11550.0
2018,RN,PHS,3111,ROSIMAR DA SILVA NASCIMENTO,False,False,False,False,False,False,False,False,False,False,False,False,0,11700.0
2018,RN,PHS,3113,ANTONIO VENANCIO DE SOUZA,False,False,False,False,False,False,False,False,False,False,False,False,0,12550.0
2018,RN,PHS,3133,GARIBALDE LEITE DE OLIVEIRA,False,False,False,False,False,False,False,False,False,False,False,False,0,12550.0
2018,RN,PMB,3533,ALEXSANDRO VASCONCELOS VALENTIM,False,False,False,False,False,False,False,False,False,False,False,False,0,
2018,RN,PMB,3535,ROBSON RICARDO MACHADO LIMA DE CARVALHO,False,False,False,False,False,False,False,False,False,False,False,False,0,
2018,RN,PMN,3333,CIPRIANO CORREIA,False,False,True,False,False,False,False,False,False,True,False,False,0,250000.0
2018,RN,PODE,1900,RICARDO MENDONCA FERNANDES,False,False,False,False,False,False,False,False,False,False,False,False,0,
2018,RN,PODE,1919,LEIDIMAR SILVA PEREIRA MURR,False,False,False,False,False,False,False,False,False,False,False,False,0,60000.0
2018,RN,PODE,1977,ANTHONY THIAGO CARTAXO FERREIRA,False,False,False,False,False,False,False,False,False,False,False,False,0,240000.0
2018,RN,PP,1111,CARLOS ALBERTO DE SOUSA ROSADO SEGUNDO,False,False,False,False,False,False,False,False,False,False,False,False,1,1287550.0
2018,RN,PP,1112,RAIMUNDO ANTUNES DE MIRANDA,False,False,False,False,False,False,False,False,False,False,False,False,0,150000.0
2018,RN,PP,1144,JULIANA MARA CORDEIRO DE OLIVEIRA,False,False,False,False,False,False,False,False,False,False,False,False,0,429450.0
2018,RN,PPL,5413,ISRAEL FERNANDES PEREIRA,False,False,False,False,False,False,False,False,False,False,False,False,0,
2018,RN,PPL,5444,EUCANA SAMUEL PEREIRA BEZERRA,False,False,False,False,False,False,False,False,False,False,False,False,0,
2018,RN,PPL,5455,JOSELITO LIMA DE OLIVEIRA,False,False,False,False,False,False,False,False,False,False,False,False,0,
2018,RN,PPL,5499,PAULO CESAR PEREIRA,False,False,False,False,False,False,False,False,False,False,False,False,0,
2018,RN,PPS,2323,GERALDO FERREIRA FILHO,False,False,False,False,False,False,False,False,False,False,False,False,0,100751.05
2018,RN,PR,2222,JOÃO DA SILVA MAIA,True,True,True,True,True,True,False,False,False,False,True,True,1,2240000.0
2018,RN,PRB,1010,ABRAAO LINCOLN FERREIRA DA CRUZ,True,True,True,True,False,True,False,False,False,False,True,True,0,668195.64
2018,RN,PRB,1011,SONIA MARIA TORRES ANTUNES,False,False,False,False,False,False,False,False,False,False,False,False,0,517420.0
2018,RN,PROS,9011,HILKEA CARLA DE SOUZA MEDEIROS LIMA,False,False,False,False,False,False,False,False,False,False,False,False,0,1405000.0
2018,RN,PRP,4400,LIDIANE MIRELLE GUIMARAES,False,False,False,False,False,False,False,False,False,False,False,False,0,
2018,RN,PRP,4444,ARCHELAWS SILVA PEREIRA SATIRO,False,False,False,False,False,False,False,False,False,False,False,False,0,
2018,RN,PRTB,2800,TATIANE RODRIGUES DA SILVA,False,False,False,False,False,False,False,False,False,False,False,False,0,2400.0
2018,RN,PRTB,2810,VALDIVINO TEIXEIRA RIBEIRO,False,False,False,False,False,False,False,False,False,False,False,False,0,
2018,RN,PRTB,2828,FRANCILUSO DE OLIVEIRA LIMA,False,False,False,False,False,False,False,False,False,False,False,False,0,
2018,RN,PRTB,2840,FABIANA CRISTYANNY BESSA,False,False,False,False,False,False,False,False,False,False,False,False,0,2400.0
2018,RN,PRTB,2845,ERIVANILDA PEREIRA DE LIMA,False,False,False,False,False,False,False,False,False,False,False,False,0,2400.0
2018,RN,PRTB,2846,SEVERINO ANTUNES PENHA,False,False,False,False,False,False,False,False,False,False,False,False,0,
2018,RN,PRTB,2855,MARCOS ANDRE DA SILVA,False,False,False,False,False,False,False,False,False,False,False,False,0,
2018,RN,PRTB,2860,WALKSON DA SILVA TORRES,False,False,False,False,False,False,False,False,False,False,False,False,0,
2018,RN,PRTB,2871,JESSE ARTUR DE OLIVEIRA,False,False,False,False,False,False,False,False,False,False,False,False,0,
2018,RN,PRTB,2884,RAIMUNDO DE LIMA BARACHO,False,False,False,False,False,False,False,False,False,False,False,False,0,
2018,RN,PRTB,2890,ROSA MARIA PEREIRA DE SOUZA,False,False,False,False,False,False,False,False,False,False,False,False,0,2413.55
2018,RN,PSB,4040,RAFAEL HUETE DA MOTTA,False,False,False,False,False,False,False,False,False,False,False,False,1,1510000.0
2018,RN,PSC,2018,RENATO FERNANDES DA SILVA,True,True,True,True,False,True,False,False,False,False,True,True,0,630000.0
2018,RN,PSC,2020,ALESSANDRO DE OLIVEIRA GOMES,False,False,False,False,False,False,False,False,False,False,False,False,0,120000.0
2018,RN,PSD,5522,ISABEL CRISTINA GORGONIO DE MEDEIROS,False,False,False,False,False,False,False,False,False,False,False,False,0,240000.0
2018,RN,PSD,5555,FÁBIO SALUSTINO MESQUITA DE FARIA,True,True,True,True,True,True,False,False,False,False,True,True,1,1035000.0
2018,RN,PSDB,4545,ROGERIO SIMONETTI MARINHO,True,True,True,True,True,True,False,False,False,False,True,True,0,200100.0
2018,RN,PSL,1777,ELIESER GIRAO MONTEIRO FILHO,False,False,False,False,False,False,False,False,False,False,False,False,1,4000.0
2018,RN,PSOL,5000,RAFAEL FERREIRA LOPES,False,False,False,False,False,False,False,False,False,False,False,False,0,4056.3999999999996
2018,RN,PSOL,5005,ALDICLESIO ALVES MAIA,False,False,False,False,False,False,False,False,False,False,False,False,0,4056.3999999999996
2018,RN,PSOL,5011,MARIA DO LIVRAMENTO DA SILVA,False,False,False,False,False,False,False,False,False,False,False,False,0,4056.3999999999996
2018,RN,PSOL,5013,DAMIÃO DE SOUSA SABINO,False,False,False,False,False,False,False,False,False,False,False,False,0,4056.3999999999996
2018,RN,PSOL,5022,ELMINORA RODRIGUES DA ROCHA,False,False,False,False,False,False,False,False,False,False,False,False,0,4056.3999999999996
2018,RN,PSOL,5023,GLAUCIO TAVARES COSTA,False,False,False,False,False,False,False,False,False,False,False,False,0,4271.4
2018,RN,PSOL,5024,MARTA MARIA SILVA CAMARA,False,False,False,False,False,False,False,False,False,False,False,False,0,3841.3999999999996
2018,RN,PSOL,5033,CLEDINALDA BEZERRA DE ARAUJO,False,False,False,False,False,False,False,False,False,False,False,False,0,4271.4
2018,RN,PSOL,5050,DANNIEL ALEXANDRE FERREIRA DE MORAIS,False,False,False,False,False,False,False,False,False,False,False,False,0,4056.3999999999996
2018,RN,PSOL,5051,FRANCISCO ALBERTO DO NASCIMENTO,False,False,False,False,False,False,False,False,False,False,False,False,0,4056.3999999999996
2018,RN,PSOL,5077,EDNARDO BERNARDINO RODRIGUES LOPES,False,False,False,False,False,False,False,False,False,False,False,False,0,4056.3999999999996
2018,RN,PSTU,1616,JOÃO MARIA SILVINO DE ASSIS,False,False,False,False,False,False,False,False,False,False,False,False,0,
2018,RN,PT,1311,NATALIA BASTOS BONAVIDES,False,False,False,False,False,False,False,False,False,False,False,False,1,406296.2
2018,RN,PT,1313,FRANCISCO CARAMURU DE OLIVEIRA MONTE PAIVA E AZEVEDO,False,False,False,False,False,False,False,False,False,False,False,False,0,22250.0
2018,RN,PT,1322,ANA MICHELE DE FARIAS CABRAL,False,False,False,False,False,False,False,False,False,False,False,False,0,83590.0
2018,RN,PT,1333,FERNANDO WANDERLEY VARGAS DA SILVA,True,True,True,True,True,True,False,False,False,True,True,True,0,398500.0
2018,RN,PT,1344,GILBERTO VERISSÍMO TORRES,True,True,True,True,False,True,False,False,False,False,True,True,0,15000.0
2018,RN,PT,1346,CLAUDIO HENRIQUE DE SÁ RODRIGUES,False,False,False,False,False,False,False,False,False,False,False,False,0,22250.0
2018,RN,PTB,1414,LUIZ GONZAGA DE PONTES LUCENA,True,True,True,True,False,True,False,False,False,False,True,True,0,
2018,RN,PTC,3636,EDIESSE SOUSA COSTA FILHA,False,False,False,False,False,False,False,False,False,False,False,False,0,45000.0
2018,RN,PTC,3666,LUIZ BENES LEOCADIO DE ARAUJO,False,True,True,False,True,False,False,True,False,True,False,False,1,810000.0
2018,RN,PV,4343,BERTONNE BORGES MARINHO,False,False,False,False,False,False,False,False,False,False,False,False,0,336831.73
2018,RN,REDE,1800,VIVIANE OLIVEIRA DE SOUZA,False,False,False,False,False,False,False,False,False,False,False,False,0,800.0
2018,RN,REDE,1801,FRANCISCO MARCIO BEZERRA CAVALCANTI,False,False,False,False,False,False,False,False,False,False,False,False,0,
2018,RN,REDE,1818,ANTONIEL JORGE DOS SANTOS MOREIRA,False,False,False,False,False,False,False,False,False,False,False,False,0,
2018,RN,SOLIDARIEDADE,7700,ARTHUR FELIPE LIMA DUTRA DE ALMEIDA,False,False,False,False,False,False,False,False,False,False,False,False,0,14672.4
2018,RN,SOLIDARIEDADE,7707,KATRIM DE OLIVEIRA PINHEIRO,False,False,False,False,False,False,False,False,False,False,False,False,0,5156.77
2018,RN,SOLIDARIEDADE,7723,JACKSON DE SANTA CRUZ ALBUQUERQUE BEZERRA,False,True,True,False,True,False,False,True,False,True,False,False,0,30707.4
2018,RN,SOLIDARIEDADE,7727,MARIA CACILDA DA SILVA PEREIRA,False,False,False,False,False,False,False,False,False,False,False,False,0,5156.77
2018,RN,SOLIDARIEDADE,7733,JOSÉ PEDRO DE ARAUJO NETO,False,False,False,False,False,False,False,False,False,False,False,False,0,16307.4
2018,RN,SOLIDARIEDADE,7744,SANDOVAL GONÇALVES DE MELO,False,False,False,False,False,False,False,False,False,False,False,False,0,10307.4
2018,RN,SOLIDARIEDADE,7753,ANTONIA MIRIA PEREIRA CHAVES,False,False,False,False,False,False,False,False,False,False,False,False,0,7156.75
2018,RN,SOLIDARIEDADE,7755,DEBORA LARISSA SILVA DE SOUZA,False,False,False,False,False,False,False,False,False,False,False,False,0,5156.77
2018,RN,SOLIDARIEDADE,7777,FRANCISCO SALISMAR LOPES CORREIA,True,True,True,True,False,True,False,False,False,False,True,True,0,4307.4
2018,RN,SOLIDARIEDADE,7788,LAWRENCE CARLOS AMORIM DE ARAUJO,False,True,True,False,True,False,False,True,False,True,False,False,0,15806.21
2018,RN,SOLIDARIEDADE,7790,GLAUCIA PAIVA VIRGINIO,False,False,False,False,False,False,False,False,False,False,False,False,0,5156.77
2018,RO,DEM,2500,AFONSO ANTONIO CÂNDIDO,False,False,False,False,False,False,False,False,False,False,False,False,0,185200.0
2018,RO,DEM,2511,ELIANE LOPES DA SILVA,False,False,False,False,False,False,False,False,False,False,False,False,0,60510.0
2018,RO,DEM,2512,ISAAC LUCAS CANDIDO,False,False,False,False,False,False,False,False,False,False,False,False,0,10830.0
2018,RO,DEM,2525,LUCAS FOLLADOR,False,False,False,False,False,False,False,False,False,False,False,False,0,175000.0
2018,RO,DEM,2544,JUSSARA TEREZINHA GOTTLIEB,False,False,False,False,False,False,False,False,False,False,False,False,0,21250.0
2018,RO,DEM,2545,DJAIR INDALECIO VALENSI PRIETO,False,False,False,False,False,False,False,False,False,False,False,False,0,
2018,RO,DEM,2555,CRISTIANO SILVA LISBOA,False,False,False,False,False,False,False,False,False,False,False,False,0,
2018,RO,MDB,1500,JOZIEL CARLOS DE BRITO,False,False,False,False,False,False,False,False,False,False,False,False,0,
2018,RO,MDB,1511,MONIZE NATÁLIA SOARES DE MELO,False,False,False,False,False,False,False,False,False,False,False,False,0,50000.0
2018,RO,MDB,1515,MARINHA CELIA ROCHA RAUPP DE MATOS,True,True,True,True,True,True,False,False,False,False,True,True,0,2320000.0
2018,RO,MDB,1522,CLAUDIA LUCENNA AIRES MOURA DE OLIVEIRA,False,False,False,False,False,False,False,False,False,False,False,False,0,150000.0
2018,RO,MDB,1533,JOAO BOSCO RIBEIRO DA SILVEIRA,False,False,False,False,False,False,False,False,False,False,False,False,0,
2018,RO,MDB,1555,LUCIO ANTONIO MOSQUINI,True,True,True,True,True,True,False,False,False,False,True,True,1,1500000.0
2018,RO,MDB,1580,AGNALDO ARAÚJO NEPOMUCENO,False,False,False,False,False,False,False,False,False,False,False,False,0,
2018,RO,NOVO,3000,VALDEMAR KATAYAMA KJAER,False,False,False,False,False,False,False,False,False,False,False,False,0,1099.1599999999999
2018,RO,NOVO,3003,CAROLINA CAVALCANTI PERAZZO FRANCO,False,False,False,False,False,False,False,False,False,False,False,False,0,1099.1599999999999
2018,RO,NOVO,3030,VICTOR ATAIDE BORGES SALESSI,False,False,False,False,False,False,False,False,False,False,False,False,0,1099.1599999999999
2018,RO,PATRI,5100,ADEGILDO ARISTIDES FERREIRA,False,False,False,False,False,False,False,False,False,False,False,False,0,
2018,RO,PATRI,5110,JACY ALVES DE SOUZA,False,False,False,False,False,False,False,False,False,False,False,False,0,
2018,RO,PATRI,5123,LÚCIO AFONSO DA FONSECA SALOMÃO,False,False,False,False,False,False,False,False,False,False,False,False,0,
2018,RO,PC do B,6513,PRISCILA D AVILA LAURITO,False,False,False,False,False,False,False,False,False,False,False,False,0,
2018,RO,PC do B,6522,JOSÉ DE FREITAS,False,False,False,False,False,False,False,False,False,False,False,False,0,15000.0
2018,RO,PDT,1200,CLAUDEMAR LITTIG,False,False,False,False,False,False,False,False,False,False,False,False,0,4000.0
2018,RO,PDT,1212,INDIANO PEDROSO GONÇALVES,False,False,False,False,False,False,False,False,False,False,False,False,0,4000.0
2018,RO,PDT,1234,SILVIA CRISTINA AMANCIO CHAGAS,False,False,False,False,False,False,False,False,False,False,False,False,1,116000.0
2018,RO,PHS,3111,LEILANE FARIAS LOPES,False,False,False,False,False,False,False,False,False,False,False,False,0,7975.0
2018,RO,PHS,3122,AROLDO GONÇALVES DA COSTA,False,False,False,False,False,False,False,False,False,False,False,False,0,3336.0
2018,RO,PHS,3131,MESSIAS FERNANDES GOMES,False,False,False,False,False,False,False,False,False,False,False,False,0,1500.0
2018,RO,PHS,3133,CARLOS ALBERTO PEDRO ROSA,False,False,False,False,False,False,False,False,False,False,False,False,0,1500.0
2018,RO,PMB,3575,STAINER BARBOSA BARBOSA,False,False,False,False,False,False,False,False,False,False,False,False,0,
2018,RO,PMN,3311,ANDERSON MARQUES DA SILVA,False,False,False,False,False,False,False,False,False,False,False,False,0,
2018,RO,PMN,3333,WENCESLAU RUIZ LINHARES NETO,False,False,False,False,False,False,False,False,False,False,False,False,0,100000.0
2018,RO,PMN,3377,CHARLES NOVAES DE ALMEIDA,False,False,False,False,False,False,False,False,False,False,False,False,0,10000.0
2018,RO,PMN,3399,ADA CLEIA SICHINEL DANTAS BOABAID,False,False,False,False,False,False,False,False,False,False,False,False,0,100000.0
2018,RO,PODE,1919,LEONARDO BARRETO DE MORAES,False,False,False,False,False,False,False,False,False,False,False,False,1,623000.0
2018,RO,PP,1111,DIRLAINE JAQUELINE CASSOL,False,False,False,False,False,False,False,False,False,False,False,False,1,2110000.0
2018,RO,PP,1112,CRISTIANE LOPES DA LUZ BENARROSH,False,False,False,False,False,False,False,False,False,False,False,False,0,300000.0
2018,RO,PP,1122,PAULO ROBERTO DUARTE BEZERRA,False,False,False,False,False,False,False,False,False,False,False,False,0,
2018,RO,PP,1133,SAMUEL FARIAS DA COSTA,False,False,False,False,False,False,False,False,False,False,False,False,0,
2018,RO,PPS,2312,MOISES CRUZ VIEIRA,False,False,False,False,False,False,False,False,False,False,False,False,0,5000.0
2018,RO,PPS,2332,MICHELY DA SILVA CARVALHO ARAÚJO,False,False,False,False,False,False,False,False,False,False,False,False,0,116016.01
2018,RO,PR,2200,MARIA APARECIDA SIMÕES,False,False,False,False,False,False,False,False,False,False,False,False,0,200000.0
2018,RO,PR,2222,LUIZ CLAUDIO PEREIRA ALVES,True,True,True,True,True,True,False,False,False,False,True,True,0,2200000.0
2018,RO,PRB,1010,LINDOMAR BARBOSA ALVES,True,True,True,True,True,True,False,True,False,True,True,True,0,965994.69
2018,RO,PROS,9000,ROMERITO PEREIRA DA SILVA,False,False,False,False,False,False,False,False,False,False,False,False,0,
2018,RO,PROS,9009,ARTUR PEREIRA MALDONADO,False,False,False,False,False,False,False,False,False,False,False,False,0,
2018,RO,PROS,9010,ELIANE NAZARÉ NASCIMENTO DA SILVA,False,False,False,False,False,False,False,False,False,False,False,False,0,
2018,RO,PROS,9090,ROSÁRIA HELENA DE OLIVEIRA LIMA,True,True,True,True,False,True,False,False,False,False,True,True,0,833580.0
2018,RO,PRP,4400,BRASIL LEMOS BENTO,False,False,False,False,False,False,False,False,False,False,False,False,0,6000.0
2018,RO,PRP,4455,LUCIANA SANTOS COELHO,False,False,False,False,False,False,False,False,False,False,False,False,0,26700.0
2018,RO,PRP,4460,ROZELI OLIVEIRA DE JESUS,False,False,False,False,False,False,False,False,False,False,False,False,0,4000.0
2018,RO,PRTB,2828,ALEXSANDRO CAMPELO DA SILVA,False,False,False,False,False,False,False,False,False,False,False,False,0,
2018,RO,PRTB,2890,TEREZINHA DA SILVA SANTOS,False,False,False,False,False,False,False,False,False,False,False,False,0,
2018,RO,PSB,4040,MAURO NAZIF RASUL,True,True,True,True,True,True,False,False,False,False,True,True,1,500000.0
2018,RO,PSC,2020,SEBASTIAO VALADARES NETO,True,False,False,True,False,False,False,False,False,False,True,False,0,467000.0
2018,RO,PSD,5500,JORDANA FONSECA FERREIRA,False,False,False,False,False,False,False,False,False,False,False,False,0,100000.0
2018,RO,PSD,5555,EXPEDITO GONÇALVES FERREIRA NETTO,True,True,True,True,True,True,False,False,False,False,True,True,1,618973.05
2018,RO,PSDB,4545,MARIANA FONSECA RIBEIRO CARVALHO DE MORAES,True,True,True,True,True,True,False,False,False,False,True,True,1,2300000.0
2018,RO,PSDB,4577,LUCIANA NOVO FERNANDES,False,False,False,False,False,False,False,False,False,False,False,False,0,
2018,RO,PSL,1700,EVANDRO CESAR PADOVANI,False,False,False,False,False,False,False,False,False,False,False,False,0,
2018,RO,PSL,1707,SILMAR REGIS CAMARINI,False,False,False,False,False,False,False,False,False,False,False,False,0,
2018,RO,PSL,1711,RAIANE CORTEZ DE ARAUJO,False,False,False,False,False,False,False,False,False,False,False,False,0,
2018,RO,PSL,1717,LUANA NUNES DE OLIVEIRA SANTOS,False,False,False,False,False,False,False,False,False,False,False,False,0,
2018,RO,PSL,1718,EDUILSON FELIX DINIZ,False,False,False,False,False,False,False,False,False,False,False,False,0,
2018,RO,PSL,1720,DANIELLE LISBOA FREDERICO RAMOS DE CASTRO PRIETO,False,False,False,False,False,False,False,False,False,False,False,False,0,
2018,RO,PSL,1722,ENEMIAS CARLOS LOPES MUNIZ,False,False,False,False,False,False,False,False,False,False,False,False,0,
2018,RO,PSL,1733,EDIO DE ALMEIDA ALCANTARA,False,False,False,False,False,False,False,False,False,False,False,False,0,
2018,RO,PSL,1770,MARCELO PEDERIVA BARBOSA,False,False,False,False,False,False,False,False,False,False,False,False,0,
2018,RO,PSL,1777,JOAO CHRISÓSTOMO DE MOURA,False,False,False,False,False,False,False,False,False,False,False,False,1,
2018,RO,PSL,1799,DARIO SIEGFRIED LOESCHKE,False,False,False,False,False,False,False,False,False,False,False,False,0,
2018,RO,PSOL,5000,LILIANE DA CRUZ RODRIGUES,False,False,False,False,False,False,False,False,False,False,False,False,0,17775.16
2018,RO,PSOL,5010,FRANCIMAR FERREIRA DE SOUZA,False,False,False,False,False,False,False,False,False,False,False,False,0,2000.0
2018,RO,PSOL,5050,EDUARDO REINHEIMER,False,False,False,False,False,False,False,False,False,False,False,False,0,2000.0
2018,RO,PSTU,1666,ANTONIO RUZIMAR TAVARES RAMOS,False,False,False,False,False,False,False,False,False,False,False,False,0,
2018,RO,PT,1303,BRUNA RAFAELA MEDEIROS MARSARO,False,False,False,False,False,False,False,False,False,False,False,False,0,
2018,RO,PT,1313,RAMON CUJUI FREITAS,False,False,False,False,False,False,False,False,False,False,False,False,0,15000.0
2018,RO,PT,1321,MARIA DE FATIMA FERREIRA DE OLIVEIRA ROSILHO,False,False,False,False,False,False,False,False,False,False,False,False,0,68000.0
2018,RO,PT,1363,JOSE IRONILDO RODRIGUES NASCIMENTO,False,False,False,False,False,False,False,False,False,False,False,False,0,15000.0
2018,RO,PTB,1406,HOSANA MEIRE DA SILVA BALBINO,False,False,False,False,False,False,False,False,False,False,False,False,0,1644951.0
2018,RO,PTC,3636,NELSON TOZATTO,False,False,False,False,False,False,False,False,False,False,False,False,0,270000.0
2018,RO,PV,4300,RONILDO PEREIRA MACEDO,False,False,False,False,False,False,False,False,False,False,False,False,0,28550.0
2018,RO,PV,4327,EVELIN CAROLINE DE BARROS ALVES LIMA,False,False,False,False,False,False,False,False,False,False,False,False,0,118740.01000000001
2018,RO,PV,4333,AECIO DE CASTRO BARBOSA,True,True,True,True,False,True,False,False,False,False,True,True,0,14320.0
2018,RO,PV,4343,JISLANI MATIAS DOS SANTOS,False,False,False,False,False,False,False,False,False,False,False,False,0,36160.0
2018,RO,PV,4344,ORLANDO DIAS SATELIS,False,False,False,False,False,False,False,False,False,False,False,False,0,8240.11
2018,RO,REDE,1800,ANTÔNIO PAULO DOS SANTOS FILHO,False,False,False,False,False,False,False,False,False,False,False,False,0,
2018,RO,REDE,1810,OLAKSON PINTO PEDROSA,False,False,False,False,False,False,False,False,False,False,False,False,0,
2018,RO,REDE,1818,ROSSINI LANDY CARVALHO DE SÁ,False,False,False,False,False,False,False,False,False,False,False,False,0,
2018,RO,REDE,1822,LAÉRCIO DO CARMO RODRIGUES,False,False,False,False,False,False,False,False,False,False,False,False,0,
2018,RO,REDE,1828,MIRLA OLIVEIRA MOTA,False,False,False,False,False,False,False,False,False,False,False,False,0,
2018,RO,REDE,1899,NATANAEL COSTA PRESTES,False,False,False,False,False,False,False,False,False,False,False,False,0,
2018,RO,SOLIDARIEDADE,7777,JIDALIAS DOS ANJOS PINTO,True,True,True,True,True,True,False,False,False,False,True,True,0,660000.0
2018,RR,AVANTE,7000,ENIO MOURA DA SILVA,False,False,False,False,False,False,False,False,False,False,False,False,0,20000.0
2018,RR,AVANTE,7007,MATEUS RODRIGUES DE OLIVEIRA,False,False,False,False,False,False,False,False,False,False,False,False,0,
2018,RR,AVANTE,7020,SIMONY FERREIRA MILIANO SANTIAGO ,False,False,False,False,False,False,False,False,False,False,False,False,0,
2018,RR,AVANTE,7022,JOSÉ NONA DA CONCEIÇÃO,False,False,False,False,False,False,False,False,False,False,False,False,0,
2018,RR,AVANTE,7070,EDIVALDO DOS SANTOS DE FARIAS ,False,False,False,False,False,False,False,False,False,False,False,False,0,
2018,RR,AVANTE,7077,SANDRO ROBERTO MORAES CAMPOS ,False,False,False,False,False,False,False,False,False,False,False,False,0,
2018,RR,DC,2700,THAIS LIMA BARBOSA,False,False,False,False,False,False,False,False,False,False,False,False,0,10714.28
2018,RR,DC,2727,MARLENE NASCIMENTO LIRA LOPES,False,False,False,False,False,False,False,False,False,False,False,False,0,78800.0
2018,RR,DC,2777,ANTONIO SERGIO NUNES CUNHA,False,False,False,False,False,False,False,False,False,False,False,False,0,20714.28
2018,RR,DEM,2510,JACKSON RENEI AQUINO DE SOUZA,False,False,False,False,False,False,False,False,False,False,False,False,0,
2018,RR,DEM,2522,ELIANA CARVALHO DE SOUZA,False,False,False,False,False,False,False,False,False,False,False,False,0,30000.0
2018,RR,DEM,2525,JOSE LURENE NUNES AVELINO JUNIOR,False,False,False,False,False,False,False,False,False,False,False,False,0,250000.0
2018,RR,DEM,2555,KALIL GIBRAN LINHARES COELHO,False,False,False,False,False,False,False,False,False,False,False,False,0,
2018,RR,DEM,2599,JONATHAS MADUREIRA SILVA DE DEUS,False,False,False,False,False,False,False,False,False,False,False,False,0,
2018,RR,MDB,1510,RENATO ANDRADE QUEIROZ,False,False,False,False,False,False,False,False,False,False,False,False,0,250000.0
2018,RR,MDB,1515,MARIA HELENA VERONESE RODRIGUES,True,True,True,True,True,True,False,False,False,False,True,True,0,2462160.0
2018,RR,MDB,1530,OQUIMAR FRAZÃO DE FREITAS JÚNIOR,True,True,True,True,False,True,False,False,False,False,True,True,0,200000.0
2018,RR,PATRI,5100,CLEBEANE NARA FREITAS SERRÃO,False,False,False,False,False,False,False,False,False,False,False,False,0,5000.0
2018,RR,PATRI,5111,ALEX FABIAN FERREIRA DA SILVA,False,False,False,False,False,False,False,False,False,False,False,False,0,
2018,RR,PATRI,5122,LIDAI ALVES DE ALENCAR,False,False,False,False,False,False,False,False,False,False,False,False,0,115000.0
2018,RR,PATRI,5123,WALDNEY CASTRO DO ESPIRITO SANTO,False,False,False,False,False,False,False,False,False,False,False,False,0,13481.0
2018,RR,PATRI,5125,SOLANGE DE SOUZA ,False,False,False,False,False,False,False,False,False,False,False,False,0,12350.0
2018,RR,PATRI,5143,MONICA IZUMI KIYOI,False,False,False,False,False,False,False,False,False,False,False,False,0,28048.0
2018,RR,PATRI,5144,JORGE LACERDA,False,False,False,False,False,False,False,False,False,False,False,False,0,10500.0
2018,RR,PATRI,5186,ANA KATIUCIA RUAS GONÇALVES ,False,False,False,False,False,False,False,False,False,False,False,False,0,6650.0
2018,RR,PATRI,5199,JEAN FRANK PADILHA LOBATO ,True,True,True,True,True,True,False,False,False,False,True,True,0,27000.0
2018,RR,PC do B,6513,FRANCISCO EDMILSON DE ALBUQUERQUE,False,False,False,False,False,False,False,False,False,False,False,False,0,
2018,RR,PC do B,6555,KATIANA DA ENCARNAÇÃO RODRIGUES,False,False,False,False,False,False,False,False,False,False,False,False,0,
2018,RR,PC do B,6560,LUIZ RODRIGUES DOS SANTOS,False,False,False,False,False,False,False,False,False,False,False,False,0,
2018,RR,PC do B,6565,WESLEY CARLOS THOMÉ,True,True,True,True,False,True,False,False,False,False,True,True,0,25000.0
2018,RR,PCB,2121,PAULO THADEU FRANCO DAS NEVES,False,False,False,False,False,False,False,False,False,False,False,False,0,97296.76
2018,RR,PDT,1200,MARIA DIVINA GOMES DA SILVA,False,False,False,False,False,False,False,False,False,False,False,False,0,10000.0
2018,RR,PDT,1212,CÉLIA REGINA AGUIAR DE SOUZA,False,False,False,False,False,False,False,False,False,False,False,False,0,10000.0
2018,RR,PDT,1234,CLÁUDIO GRAMIGNA DE MAGALHAES BARBALHO,False,False,False,False,False,False,False,False,False,False,False,False,0,
2018,RR,PHS,3101,ANA LUIZA CUNHA MARINHO,False,False,False,False,False,False,False,False,False,False,False,False,0,2942.8599999999997
2018,RR,PHS,3111,NONAYRA DOS SANTOS LUCENA,False,False,False,False,False,False,False,False,False,False,False,False,0,9302.86
2018,RR,PHS,3123,MARLA MARJORIE LIMA DE SOUZA,False,False,False,False,False,False,False,False,False,False,False,False,0,17302.86
2018,RR,PHS,3130,GERCILENE DE MESQUITA SANTOS,False,False,False,False,False,False,False,False,False,False,False,False,0,9326.86
2018,RR,PHS,3131,CARLOS AUGUSTO ANDRADE SILVA,True,True,True,True,True,True,False,False,False,False,True,True,0,287886.91
2018,RR,PHS,3133,HOSANA DA SILVA TEIXEIRA,False,False,False,False,False,False,False,False,False,False,False,False,0,9326.86
2018,RR,PHS,3190,DOMINGOS PASCOAL MORAES TEIXEIRA,False,False,False,False,False,False,False,False,False,False,False,False,0,3502.8599999999997
2018,RR,PMB,3535,JOSE CARLOS ARANHA RODRIGUES,True,True,True,True,False,True,False,False,False,False,True,True,0,20560.0
2018,RR,PMB,3555,GERALDO LIMA DE VASCONCELOS,False,False,False,False,False,False,False,False,False,False,False,False,0,560.0
2018,RR,PODE,1900,REGINALDO CONRADO PINHEIRO,False,False,False,False,False,False,False,False,False,False,False,False,0,6496.139999999999
2018,RR,PODE,1911,CLAUDIO GERMANO SILVA E LIMA,False,False,False,False,False,False,False,False,False,False,False,False,0,3041.6400000000003
2018,RR,PODE,1918,JOÃO BATISTA CATALANO,False,False,False,False,False,False,False,False,False,False,False,False,0,7059.5
2018,RR,PODE,1920,RUDSON DINELLY DE MEDEIROS,False,False,False,False,False,False,False,False,False,False,False,False,0,1387.5
2018,RR,PODE,1934,FRANCISCO DAS CHAGAS DE OLIVEIRA FOGAÇA,False,False,False,False,False,False,False,False,False,False,False,False,0,4337.9400000000005
2018,RR,PODE,1977,FRANCISCO CARLOS NOBRE,False,False,False,False,False,False,False,False,False,False,False,False,0,4165.14
2018,RR,PP,1111,HIRAN MANUEL GONÇALVES DA SILVA,True,True,True,True,True,True,False,False,False,True,True,True,1,1726297.2
2018,RR,PP,1112,JOSE DEODATO DE AQUINO,False,False,False,False,False,False,False,False,False,False,False,False,0,6000.0
2018,RR,PP,1122,ADILSON SOARES DE ALMEIDA,True,True,True,True,True,True,False,True,False,True,True,True,0,4800.0
2018,RR,PPL,5454,LUCIO AUGUSTO VILLELA DA COSTA,False,False,False,False,False,False,False,False,False,False,False,False,0,1198.5
2018,RR,PPS,2300,SULIELMA SILVA PEREIRA BARROS,False,False,False,False,False,False,False,False,False,False,False,False,0,63858.36
2018,RR,PPS,2323,SARA PATRÍCIA RIBEIRO FARIAS,False,False,False,False,False,False,False,False,False,False,False,False,0,63858.36
2018,RR,PPS,2344,JOSIAS NEVES RIBEIRO,False,False,False,False,False,False,False,False,False,False,False,False,0,10000.0
2018,RR,PPS,2345,VANDO DE SOUZA BEZERRA,False,False,False,False,False,False,False,False,False,False,False,False,0,10200.0
2018,RR,PR,2200,EDIO VIEIRA LOPES,True,True,True,True,True,True,False,False,False,False,True,True,1,1800000.0
2018,RR,PR,2211,DANIELA RODRIGUES SIQUEIRA,False,False,False,False,False,False,False,False,False,False,False,False,0,940000.0
2018,RR,PR,2221,MARIA DAS GRAÇAS SANTOS DIAS,False,False,False,False,False,False,False,False,False,False,False,False,0,180000.0
2018,RR,PR,2233,WILLIAM JORGE FERNANDES NEVES,False,False,False,False,False,False,False,False,False,False,False,False,0,350000.0
2018,RR,PR,2244,DANIELE FONSECA DE ALBUQUERQUE LADISLAU,False,False,False,False,False,False,False,False,False,False,False,False,0,350000.0
2018,RR,PR,2255,FABIO ROGERIO VIEIRA DE OLIVEIRA,False,False,False,False,False,False,False,False,False,False,False,False,0,50000.0
2018,RR,PRB,1011,JOHNATHAN PEREIRA DE JESUS,True,True,True,True,True,True,False,False,False,False,True,True,1,925540.0
2018,RR,PRB,1044,SILVIA MARIA DA SILVA VIANA,False,False,False,False,False,False,False,False,False,False,False,False,0,44500.0
2018,RR,PROS,9000,LUIZ ROBERTO PAREDES BARROSO,False,False,False,False,False,False,False,False,False,False,False,False,0,
2018,RR,PROS,9010,GUSTAVO DA COSTA,False,False,False,False,False,False,False,False,False,False,False,False,0,
2018,RR,PROS,9077,LUIZ DE SOUSA SANTOS,False,False,False,False,False,False,False,False,False,False,False,False,0,20000.0
2018,RR,PROS,9090,WIRLANDE SANTOS DA LUZ,False,False,False,False,False,False,False,False,False,False,False,False,0,
2018,RR,PROS,9091,GILDEVAN DA COSTA SOARES,False,False,False,False,False,False,False,False,False,False,False,False,0,
2018,RR,PROS,9099,ALCIONISA DEISE BELOUS REIS ,False,False,False,False,False,False,False,False,False,False,False,False,0,
2018,RR,PRP,4400,EMERSON FERREIRA DUARTE,False,False,False,False,False,False,False,False,False,False,False,False,0,3688.99
2018,RR,PRP,4433,ANDRÉ FABIANO SILVA BARBOSA,False,False,False,False,False,False,False,False,False,False,False,False,0,5548.99
2018,RR,PRP,4456,MARIA APARECIDA PARENTE ,False,False,False,False,False,False,False,False,False,False,False,False,0,2906.0
2018,RR,PRP,4477,CLAUDIA ANDREA DA SILVA AMORIN,False,False,False,False,False,False,False,False,False,False,False,False,0,7166.0
2018,RR,PRTB,2800,FRANCISCA MARIA ROCHA DOS SANTOS,False,False,False,False,False,False,False,False,False,False,False,False,0,2440.0
2018,RR,PRTB,2822,NATANAEL ALVES DO NASCIMENTO,False,False,False,False,False,False,False,False,False,False,False,False,0,2440.0
2018,RR,PRTB,2828,PAULO BASTOS LINHARES,True,True,True,True,False,True,False,False,False,False,True,True,0,300.0
2018,RR,PRTB,2844,JOSÉ AUGUSTO ARRUDA DE SOUZA,False,False,False,False,False,False,False,False,False,False,False,False,0,2440.0
2018,RR,PSB,4000,WESLY MONTELES DE SOUSA,False,False,False,False,False,False,False,False,False,False,False,False,0,7079.0
2018,RR,PSB,4040,JOHNSON ARAÚJO PEREIRA,False,False,False,False,False,False,False,False,False,False,False,False,0,8189.0
2018,RR,PSB,4041,JOSUÉ DA SILVA CAVALCANTE,False,False,False,False,False,False,False,False,False,False,False,False,0,780.0
2018,RR,PSB,4044,IRADILSON SAMPAIO DE SOUZA,True,True,True,True,True,False,False,True,False,True,False,False,0,14836.57
2018,RR,PSB,4050,D  ANGELA ANALDINA DA SILVA KOTINSCKI,False,False,False,False,False,False,False,False,False,False,False,False,0,60584.0
2018,RR,PSC,2018,ADRIANA KARLA MELO MARTINS,False,False,False,False,False,False,False,False,False,False,False,False,0,50600.0
2018,RR,PSC,2020,FRANKEMBERGEN GALVÃO DA COSTA,True,True,True,True,True,True,False,False,False,False,True,True,0,650360.0
2018,RR,PSD,5500,HELENA CARRIL UMBELINO,False,False,False,False,False,False,False,False,False,False,False,False,0,14290.0
2018,RR,PSD,5512,MARIA HILDA LIMA DE SOUSA,False,False,False,False,False,False,False,False,False,False,False,False,0,
2018,RR,PSD,5515,FRANCISCO EDGLEI ALEXANDRE CESARIO,False,False,False,False,False,False,False,False,False,False,False,False,0,122290.0
2018,RR,PSD,5555,HAROLDO ALVES CAMPOS,False,False,False,False,False,False,False,False,False,False,False,False,1,4290.0
2018,RR,PSDB,4500,NATALIA DIAS DOS REIS GONÇALVES,False,False,False,False,False,False,False,False,False,False,False,False,0,10000.0
2018,RR,PSDB,4545,SHÉRIDAN ESTÉRFANY OLIVEIRA DE ANCHIETA,True,True,True,True,True,True,False,False,False,False,True,True,1,2310000.0
2018,RR,PSDB,4546,ANTONIO EUDES LOURETO DE OLIVEIRA,False,False,False,False,False,False,False,False,False,False,False,False,0,50000.0
2018,RR,PSDB,4567,ROGERIO MATOS MOREIRA TRAJANO,True,True,True,True,False,True,False,False,False,False,True,True,0,180000.0
2018,RR,PSDB,4577,CINTIA DOS SANTOS PORTUGAL,False,False,False,False,False,False,False,False,False,False,False,False,0,
2018,RR,PSL,1700,FRANCISCO DOAN RABELO NASCIMENTO,False,False,False,False,False,False,False,False,False,False,False,False,0,
2018,RR,PSL,1703,ILAINE INÊS HENZ-DIAS,False,False,False,False,False,False,False,False,False,False,False,False,0,30000.0
2018,RR,PSL,1707,LUCIANO PEREIRA DIAS,False,False,False,False,False,False,False,False,False,False,False,False,0,
2018,RR,PSL,1715,CASSIA JANAIRA ARAUJO LIMA,False,False,False,False,False,False,False,False,False,False,False,False,0,10000.0
2018,RR,PSL,1717,ANTONIO CARLOS NICOLETTI,False,False,False,False,False,False,False,False,False,False,False,False,1,20000.0
2018,RR,PSL,1720,VALDEILSON DA SILVA,False,False,False,False,False,False,False,False,False,False,False,False,0,
2018,RR,PSL,1723,CRISTIANO CORREA FERNANDES,False,False,False,False,False,False,False,False,False,False,False,False,0,20000.0
2018,RR,PSL,1744,FRANCINETE DIAS DA SILVA,False,False,False,False,False,False,False,False,False,False,False,False,0,30000.0
2018,RR,PSL,1789,ANTERO CORREIA DE SÁ NETO,False,False,False,False,False,False,False,False,False,False,False,False,0,
2018,RR,PSOL,5050,GILCELIO RODRIGUES DE SOUSA,False,False,False,False,False,False,False,False,False,False,False,False,0,11160.74
2018,RR,PSOL,5051,LUIS DIEGO SILVA OCA,False,False,False,False,False,False,False,False,False,False,False,False,0,11212.99
2018,RR,PSOL,5052,VALDENIRA FURTADO GUEDES,False,False,False,False,False,False,False,False,False,False,False,False,0,7705.34
2018,RR,PSOL,5077,DENIS DE ALMEIDA RIBEIRO,False,False,False,False,False,False,False,False,False,False,False,False,0,6340.74
2018,RR,PSTU,1616,BÁRBARA HARIANNA BRITO DE CABRAL,False,False,False,False,False,False,False,False,False,False,False,False,0,888.8899999999999
2018,RR,PT,1310,SIVALDO SOUZA SILVA,False,False,False,False,False,False,False,False,False,False,False,False,0,20660.41
2018,RR,PT,1313,ANTONIA COSTA DA SILVA,False,False,False,False,False,False,False,False,False,False,False,False,0,369240.0
2018,RR,PTB,1400,KARDEC JAKSON SANTOS DA SILVA,False,False,False,False,False,False,False,False,False,False,False,False,0,550.0
2018,RR,PTB,1412,IONE NEVES CUNHA,False,False,False,False,False,False,False,False,False,False,False,False,0,105550.0
2018,RR,PTB,1414,JUSCELINO KUBITSCHEK PEREIRA,True,True,True,True,False,True,False,False,False,False,True,True,0,550.0
2018,RR,PTB,1444,PRISCILLA DE SOUZA VICENTE,False,False,False,False,False,False,False,False,False,False,False,False,0,550.0
2018,RR,PTC,3600,EDIVAN DA SILVA,False,False,False,False,False,False,False,False,False,False,False,False,0,1920.0
2018,RR,PTC,3636,THIAGO COELHO FOGAÇA,False,False,False,False,False,False,False,False,False,False,False,False,0,301920.0
2018,RR,PV,4310,JOSÉ EUZÉBIO DE MIRANDA,False,False,False,False,False,False,False,False,False,False,False,False,0,10051.0
2018,RR,PV,4321,ARLINDO MELO FILHO,False,False,False,False,False,False,False,False,False,False,False,False,0,2582.0
2018,RR,PV,4322,DERISVALDO SOUSA DOS SANTOS,False,False,False,False,False,False,False,False,False,False,False,False,0,2582.0
2018,RR,PV,4333,DEUSAILTON ANTONIO DE SOUZA,False,False,False,False,False,False,False,False,False,False,False,False,0,9304.0
2018,RR,PV,4343,RAIMUNDO NONATO MOTA FILHO,False,False,False,False,False,False,False,False,False,False,False,False,0,1835.0
2018,RR,PV,4344,SALETE MARIA GIACOMET,False,False,False,False,False,False,False,False,False,False,False,False,0,81955.5
2018,RR,REDE,1800,ROBERTO RODRIGUES MORAIS,False,False,False,False,False,False,False,False,False,False,False,False,0,9550.0
2018,RR,REDE,1810,GILSON DE SOUZA COSTA,False,False,False,False,False,False,False,False,False,False,False,False,0,11550.0
2018,RR,REDE,1818,JOENIA BATISTA DE CARVALHO,False,False,False,False,False,False,False,False,False,False,False,False,1,150000.0
2018,RR,REDE,1888,CIRO CAMPOS DE SOUZA,False,False,False,False,False,False,False,False,False,False,False,False,0,
2018,RR,SOLIDARIEDADE,7700,FRANCISCO ASSIS HENRIQUE DE OLIVEIRA,False,False,False,False,False,False,False,False,False,False,False,False,0,13714.279999999999
2018,RR,SOLIDARIEDADE,7711,FARADILSON REIS DE MESQUITA,True,True,True,True,False,True,False,False,False,False,True,True,0,12214.28
2018,RR,SOLIDARIEDADE,7722,LEVI RODRIGUES SOARES,True,True,True,True,False,True,False,False,False,False,True,True,0,63714.4
2018,RR,SOLIDARIEDADE,7744,LUIS BARBOSA ALVES,True,True,True,True,True,True,False,False,False,False,True,True,0,110000.0
2018,RR,SOLIDARIEDADE,7777,JOSE OTACI BARROSO DO NASCIMENTO,False,False,False,False,False,False,False,False,False,False,False,False,1,160119.32
2018,RR,SOLIDARIEDADE,7789,CLENILTON CARLOS CORREA DOS PRAZERES,True,True,True,True,False,True,False,False,False,False,True,True,0,113714.28
2018,RS,AVANTE,7000,ROBERTO TAVARES DE SOUZA,False,False,False,False,False,False,False,False,False,False,False,False,0,8505.1
2018,RS,AVANTE,7007,RAQUEL DE PAULA VIEIRA,False,False,False,False,False,False,False,False,False,False,False,False,0,23129.2
2018,RS,AVANTE,7069,CARMEN BEATRIZ SILVA DOS SANTOS,False,False,False,False,False,False,False,False,False,False,False,False,0,29099.2
2018,RS,AVANTE,7070,PAULO ANTONIO DE BRITO BECKENKAMP,False,False,False,False,False,False,False,False,False,False,False,False,0,212417.0
2018,RS,AVANTE,7077,MILTON SUPTITZ,False,False,False,False,False,False,False,False,False,False,False,False,0,
2018,RS,DC,2727,PEDRO MACARI,False,False,False,False,False,False,False,False,False,False,False,False,0,6093.0
2018,RS,DC,2728,REJANE MATTOS TEIXEIRA,False,False,False,False,False,False,False,False,False,False,False,False,0,10253.0
2018,RS,DEM,2500,VANDERLEI ROQUE DREON,False,False,False,False,False,False,False,False,False,False,False,False,0,
2018,RS,DEM,2517,AUGUSTO CESAR MARTINS DE OLIVEIRA,False,False,False,False,False,False,False,False,False,False,False,False,0,
2018,RS,DEM,2522,ONYX DORNELLES LORENZONI,True,True,True,True,True,True,False,False,False,False,True,True,1,1000000.0
2018,RS,DEM,2525,MANOEL RENATO TELES BADKE,False,False,False,False,False,False,False,False,False,False,False,False,0,
2018,RS,DEM,2535,MÁRIO ERNESTO SARMENTO DA FONSECA JÚNIOR,False,False,False,False,False,False,False,False,False,False,False,False,0,
2018,RS,DEM,2552,BRUNO EIZERIK,False,False,False,False,False,False,False,False,False,False,False,False,0,
2018,RS,DEM,2555,TIAGO FLORES PROCOPIO,False,False,False,False,False,False,False,False,False,False,False,False,0,
2018,RS,DEM,2588,BIANCA DA SILVA TESSELE,False,False,False,False,False,False,False,False,False,False,False,False,0,100000.0
2018,RS,MDB,1500,ALCEU MOREIRA DA SILVA,True,True,True,True,True,True,False,True,False,False,True,True,1,1500000.0
2018,RS,MDB,1502,DARCISIO PAULO PERONDI,True,True,True,True,True,True,False,False,False,False,True,True,0,1500000.0
2018,RS,MDB,1505,MARCIO FONSECA DO AMARAL,False,False,False,False,False,False,False,False,False,False,False,False,0,150000.0
2018,RS,MDB,1507,STEPHAN PEREIRA KASSMAYER,False,False,False,False,False,False,False,False,False,False,False,False,0,23000.0
2018,RS,MDB,1509,KARIN LUCIANE DOS SANTOS,False,False,False,False,False,False,False,False,False,False,False,False,0,50000.0
2018,RS,MDB,1511,VALTER LUIS DA COSTA NAGELSTEIN,True,True,True,True,False,True,False,False,False,False,True,True,0,300000.0
2018,RS,MDB,1515,GIOVANI BATISTA FELTES,True,True,True,True,True,True,False,True,False,True,True,True,1,1500000.0
2018,RS,MDB,1516,FRANCISCO HARRISSON DE SOUZA,False,False,False,False,False,False,False,False,False,False,False,False,0,240000.0
2018,RS,MDB,1520,MARCIO DELLA VALLE BIOLCHI,True,True,True,True,True,True,False,False,False,False,True,True,1,1500000.0
2018,RS,MDB,1522,OSMAR GASPARINI TERRA,True,True,True,True,True,True,False,False,False,False,True,True,1,1500000.0
2018,RS,MDB,1525,ERACILDO GUILHERME LINCK,False,False,False,False,False,False,False,False,False,False,False,False,0,42000.0
2018,RS,MDB,1535,LUÍS ARTHUR DE BITENCOURT,False,False,False,False,False,False,False,False,False,False,False,False,0,150000.0
2018,RS,MDB,1544,PAULO ALFREDO POLIS,False,True,True,False,True,False,False,True,False,True,False,False,0,270000.0
2018,RS,MDB,1545,JOÃO ELOÍ DA COSTA,False,False,False,False,False,False,False,False,False,False,False,False,0,69000.0
2018,RS,MDB,1550,SUSAN ELIS MARION MACIEL,False,False,False,False,False,False,False,False,False,False,False,False,0,90000.0
2018,RS,MDB,1551,NILSON MATHIAS LEHMEN,False,False,False,False,False,False,False,False,False,False,False,False,0,40000.0
2018,RS,MDB,1555,JULIO CESAR PEREIRA DA SILVA,False,False,False,False,False,False,False,False,False,False,False,False,0,150000.0
2018,RS,MDB,1566,JONES ALEXANDRE MARTINS,False,False,True,False,False,False,False,False,False,True,False,False,0,1500000.0
2018,RS,MDB,1569,MARCIA SCHERER,False,False,True,False,False,False,False,False,False,True,False,False,0,250000.0
2018,RS,MDB,1573,DJAIR LORETO DE VARGAS,False,False,False,False,False,False,False,False,False,False,False,False,0,25450.0
2018,RS,MDB,1575,SARA DA SILVA PIRES,False,False,False,False,False,False,False,False,False,False,False,False,0,50000.0
2018,RS,MDB,1577,MAURO PEREIRA,True,True,True,True,False,True,False,False,False,False,True,True,0,1500000.0
2018,RS,MDB,1580,MARIA DE LOURDES DOS SANTOS SPRENGER,False,False,False,False,False,False,False,False,False,False,False,False,0,250000.0
2018,RS,MDB,1592,MAGDA REGINA DORR,False,False,False,False,False,False,False,False,False,False,False,False,0,50000.0
2018,RS,MDB,1599,ROSA MARIA NUNES FARIA BARBIERO,False,False,False,False,False,False,False,False,False,False,False,False,0,95000.0
2018,RS,NOVO,3000,BRUNNO MESSINA RAMOS DE OLIVEIRA,False,False,False,False,False,False,False,False,False,False,False,False,0,9349.16
2018,RS,NOVO,3001,IRIA HELENA CABRERA,False,False,False,False,False,False,False,False,False,False,False,False,0,4999.16
2018,RS,NOVO,3003,MARIA ANASTASIE DA SILVA,False,False,False,False,False,False,False,False,False,False,False,False,0,2499.16
2018,RS,NOVO,3010,CAMILO JOSÉ BORNIA POULSEN,False,False,False,False,False,False,False,False,False,False,False,False,0,19612.260000000002
2018,RS,NOVO,3011,RODRIGO FERNANDES DE SOUSA COSTA,False,False,False,False,False,False,False,False,False,False,False,False,0,1099.1599999999999
2018,RS,NOVO,3012,LEONARDO HENDGES KLEIN,False,False,False,False,False,False,False,False,False,False,False,False,0,3924.16
2018,RS,NOVO,3015,FREDERICO DE MEDEIROS COSENTINO,False,False,False,False,False,False,False,False,False,False,False,False,0,21776.510000000002
2018,RS,NOVO,3018,LEONARDO HOMRICH GRANZOTTO,False,False,False,False,False,False,False,False,False,False,False,False,0,12555.529999999999
2018,RS,NOVO,3020,GISELE MARIA FARINA,False,False,False,False,False,False,False,False,False,False,False,False,0,1099.1599999999999
2018,RS,NOVO,3030,MARCEL VAN HATTEM,True,True,True,True,False,True,False,False,False,False,True,True,1,7349.16
2018,RS,NOVO,3031,PIO CERVO,False,False,False,False,False,False,False,False,False,False,False,False,0,2499.16
2018,RS,NOVO,3033,HENDEL SOBROSA MACHADO,False,False,False,False,False,False,False,False,False,False,False,False,0,9099.16
2018,RS,NOVO,3035,ANDREA VIEIRA DUARTE SILVA,False,False,False,False,False,False,False,False,False,False,False,False,0,2499.16
2018,RS,NOVO,3040,NATHALIA CORREA DE BARROS ÁVILA ANHAIA,False,False,False,False,False,False,False,False,False,False,False,False,0,2499.16
2018,RS,NOVO,3055,CLARISSA ALVES DE ABREU LIMA SIMÕES PIRES,False,False,False,False,False,False,False,False,False,False,False,False,0,1149.1599999999999
2018,RS,NOVO,3075,EDUARDO WARTCHOW,False,False,False,False,False,False,False,False,False,False,False,False,0,4179.16
2018,RS,NOVO,3077,MAURICIO BEDIN MARCON,False,False,False,False,False,False,False,False,False,False,False,False,0,10631.43
2018,RS,NOVO,3090,RAFAEL PINTO ALAPONT,False,False,False,False,False,False,False,False,False,False,False,False,0,3999.16
2018,RS,PATRI,5100,BRIAN REDMAN SHEAKISPEARE E SILVA DE OLIVEIRA,False,False,False,False,False,False,False,False,False,False,False,False,0,1915.4699999999998
2018,RS,PATRI,5123,HELDER RODRIGUES DA SILVA,False,False,False,False,False,False,False,False,False,False,False,False,0,218.0
2018,RS,PATRI,5151,CHRISTIAN DE LIMA RICARDO,False,False,False,False,False,False,False,False,False,False,False,False,0,1549.8999999999999
2018,RS,PATRI,5153,GIOVANI BASTOS MORALLES,False,False,False,False,False,False,False,False,False,False,False,False,0,50000.0
2018,RS,PATRI,5190,FLAVIA CRISTINA ABREU,False,False,False,False,False,False,False,False,False,False,False,False,0,32847.47
2018,RS,PC do B,6501,JÚLIO CEZAR JORGE MARTINS,False,False,False,False,False,False,False,False,False,False,False,False,0,9880.5
2018,RS,PC do B,6505,GABRIELA DE OLIVEIRA ZOCH,False,False,False,False,False,False,False,False,False,False,False,False,0,2250.0
2018,RS,PC do B,6507,JOSUÉ FERREIRA RODRIGUES,False,False,False,False,False,False,False,False,False,False,False,False,0,1000.0
2018,RS,PC do B,6510,ASSIS FLÁVIO DA SILVA MELO,True,True,True,True,True,True,False,False,False,True,True,True,0,417886.75
2018,RS,PC do B,6511,MARLI ALVES DOS SANTOS TEIXEIRA,False,False,False,False,False,False,False,False,False,False,False,False,0,2543.5
2018,RS,PC do B,6513,SILVANA BRAZEIRO CONTI,False,False,False,False,False,False,False,False,False,False,False,False,0,119275.5
2018,RS,PC do B,6514,ALOISIO BAMBERG,False,False,False,False,False,False,False,False,False,False,False,False,0,83935.0
2018,RS,PC do B,6515,VOLMIR MANOEL DOS SANTOS,False,False,False,False,False,False,False,False,False,False,False,False,0,
2018,RS,PC do B,6516,ERNANI GALVAO IGNACIO,False,False,False,False,False,False,False,False,False,False,False,False,0,5000.0
2018,RS,PC do B,6522,ALEX NECKER,False,False,False,False,False,False,False,False,False,False,False,False,0,40000.0
2018,RS,PC do B,6523,VANESSA SANTOS FARIAS,False,False,False,False,False,False,False,False,False,False,False,False,0,3000.0
2018,RS,PC do B,6532,RENATO MENDONÇA ABREU,False,False,False,False,False,False,False,False,False,False,False,False,0,1174.0
2018,RS,PC do B,6533,SANDRA REGINA PICOLI OSTROVSKI,False,False,False,False,False,False,False,False,False,False,False,False,0,15174.0
2018,RS,PC do B,6540,EVA DOMINGAS DE SOUZA PIRES,False,False,False,False,False,False,False,False,False,False,False,False,0,2150.0
2018,RS,PC do B,6541,HELVIO RECH,False,False,False,False,False,False,False,False,False,False,False,False,0,2174.0
2018,RS,PC do B,6544,RODRIGO MATHEUS CORRÊA,False,False,False,False,False,False,False,False,False,False,False,False,0,1587.0
2018,RS,PC do B,6550,TIAGO VASCONCELOS AIRES,False,False,False,False,False,False,False,False,False,False,False,False,0,6174.0
2018,RS,PC do B,6552,JOSÉ CARLOS MARTINS DA SILVA,False,False,False,False,False,False,False,False,False,False,False,False,0,14761.0
2018,RS,PC do B,6556,VÍTOR FRANÇA RUAS,False,False,False,False,False,False,False,False,False,False,False,False,0,1543.5
2018,RS,PC do B,6565,GIOVANI CULAU OLIVEIRA,False,False,False,False,False,False,False,False,False,False,False,False,0,116939.5
2018,RS,PC do B,6566,JOSÉ ANTÔNIO DA SILVA BITENCOURT,False,False,False,False,False,False,False,False,False,False,False,False,0,1837.0
2018,RS,PC do B,6569,JEFERSON JARDEL PEREIRA,False,False,False,False,False,False,False,False,False,False,False,False,0,3130.5
2018,RS,PC do B,6577,PAULETE TEREZINHA SOUTO,False,False,False,False,False,False,False,False,False,False,False,False,0,53467.5
2018,RS,PC do B,6580,DENIAN BALON PEREIRA,False,False,False,False,False,False,False,False,False,False,False,False,0,1000.0
2018,RS,PC do B,6588,ILDA PAZ NICOLETTI,False,False,False,False,False,False,False,False,False,False,False,False,0,3043.5
2018,RS,PC do B,6599,ALONSO NUNES COELHO,False,False,False,False,False,False,False,False,False,False,False,False,0,
2018,RS,PCB,2121,RAIMUNDO BERTULEZA,False,False,False,False,False,False,False,False,False,False,False,False,0,9036.88
2018,RS,PDT,1200,AFONSO ANTUNES DA MOTTA,True,True,True,True,True,True,False,False,False,False,True,True,1,500000.0
2018,RS,PDT,1201,ANDERSON DE AGUIAR DE OLIVEIRA,False,False,False,False,False,False,False,False,False,False,False,False,0,
2018,RS,PDT,1202,SAMIRA PEREIRA DA COSTA,False,False,False,False,False,False,False,False,False,False,False,False,0,70000.0
2018,RS,PDT,1208,MARLON ARATOR SANTOS DA ROSA,True,True,True,True,True,True,False,True,False,True,True,True,1,150000.0
2018,RS,PDT,1212,DARCI POMPEO DE MATTOS,True,True,True,True,True,True,False,False,False,False,True,True,1,550000.0
2018,RS,PDT,1216,ROSA MARIA DA SILVEIRA,False,False,False,False,False,False,False,False,False,False,False,False,0,10000.0
2018,RS,PDT,1220,FERNANDO XAVIER DA SILVA,True,True,True,True,True,True,False,True,False,True,True,True,0,
2018,RS,PDT,1221,BIANCA FEIJO DE SOUZA,False,False,False,False,False,False,False,False,False,False,False,False,0,70000.0
2018,RS,PDT,1222,ATILAR GILBERTO GERSTNER FILHO,False,False,False,False,False,False,False,False,False,False,False,False,0,
2018,RS,PDT,1223,MARCIO CRISTIANO PRADO DE FREITAS,False,False,False,False,False,False,False,False,False,False,False,False,0,
2018,RS,PDT,1224,ALINE MULLER DA SILVEIRA,False,False,False,False,False,False,False,False,False,False,False,False,0,10000.0
2018,RS,PDT,1230,GILSON LEONARDO THOEN,False,False,False,False,False,False,False,False,False,False,False,False,0,
2018,RS,PDT,1233,SERGIO AUGUSTO JURY ARNOUD,False,False,False,False,False,False,False,False,False,False,False,False,0,
2018,RS,PDT,1234,FLAVIO PERCIO ZACHER,True,True,True,True,False,True,False,False,False,False,True,True,0,130000.0
2018,RS,PDT,1238,ELIANDRA APARECIDA DOS SANTOS GRUTZMANN,False,False,False,False,False,False,False,False,False,False,False,False,0,20000.0
2018,RS,PDT,1244,MARCIO ASSIS PATUSSI,False,False,False,False,False,False,False,False,False,False,False,False,0,1220.0
2018,RS,PDT,1250,ALCEU BARBOSA VELHO,True,True,True,True,True,True,False,True,False,True,True,True,0,
2018,RS,PDT,1256,ELEMAR SAND,True,True,True,True,True,True,False,True,False,True,True,True,0,
2018,RS,PDT,1266,CARLOS VINICIUS AZAMBUJA PEREIRA,False,False,False,False,False,False,False,False,False,False,False,False,0,
2018,RS,PDT,1272,RAFAEL RIBEIRO BUENO,False,False,False,False,False,False,False,False,False,False,False,False,0,
2018,RS,PDT,1276,MARIA ROSELAINE DA SILVEIRA,False,False,False,False,False,False,False,False,False,False,False,False,0,20000.0
2018,RS,PDT,1277,VILSON ANTONIO ROMERO,False,False,False,False,False,False,False,False,False,False,False,False,0,
2018,RS,PDT,1288,ANDRE LUIZ JUCOSKI,False,False,False,False,False,False,False,False,False,False,False,False,0,20000.0
2018,RS,PHS,3113,JULIO CESAR DA ROSA,False,False,False,False,False,False,False,False,False,False,False,False,0,3665.71
2018,RS,PHS,3121,LENIR FATIMA ALBRECHT KNIPHOFF,False,False,True,False,False,False,False,False,False,True,False,False,0,4700.0
2018,RS,PHS,3134,VANDERLEI PINTO PEREIRA,False,False,False,False,False,False,False,False,False,False,False,False,0,2665.71
2018,RS,PMB,3500,GILBERTO LUIZ UTZIG,False,False,False,False,False,False,False,False,False,False,False,False,0,300.0
2018,RS,PMB,3510,NADIA SALETE TOSSIN,False,False,False,False,False,False,False,False,False,False,False,False,0,
2018,RS,PMB,3521,ROSANGELA GONÇALVES DA ROSA,False,False,False,False,False,False,False,False,False,False,False,False,0,
2018,RS,PMB,3523,MARLI GOMES RUAS,False,False,False,False,False,False,False,False,False,False,False,False,0,
2018,RS,PMB,3528,JOÃO DA CRUZ MARINHO MARTINS,False,False,False,False,False,False,False,False,False,False,False,False,0,
2018,RS,PMB,3533,ALCINDO RODRIGUES,False,False,False,False,False,False,False,False,False,False,False,False,0,
2018,RS,PMB,3535,LUIZ FERNANDO PORTELLA BARBOSA,False,False,False,False,False,False,False,False,False,False,False,False,0,
2018,RS,PMB,3553,MARLI BEATRIZ BARRUFFE CAMARGO,False,False,False,False,False,False,False,False,False,False,False,False,0,19500.0
2018,RS,PMB,3555,VILMA REJANE DA SILVA DA FONSECA,False,False,False,False,False,False,False,False,False,False,False,False,0,
2018,RS,PMB,3565,DANIELLE KARINE LIMA DA SILVA,False,False,False,False,False,False,False,False,False,False,False,False,0,
2018,RS,PMB,3577,MARCELO DIETERICH OCANA,False,False,False,False,False,False,False,False,False,False,False,False,0,
2018,RS,PMB,3599,FRANCISCO FALKEMBACH DOS SANTOS,False,False,False,False,False,False,False,False,False,False,False,False,0,
2018,RS,PMN,3331,DANIEL DA CUNHA BUENO,False,False,False,False,False,False,False,False,False,False,False,False,0,
2018,RS,PMN,3333,ANA CLÁUDIA BITENCOURT CLAUDINO,False,False,False,False,False,False,False,False,False,False,False,False,0,210254.71
2018,RS,PMN,3355,LUIZ CESAR RANGEL RODRIGUES,False,False,False,False,False,False,False,False,False,False,False,False,0,254.71
2018,RS,PODE,1999,CAJAR ONESIMO RIBEIRO NARDES,True,True,True,True,False,True,False,False,False,False,True,True,0,600000.0
2018,RS,PP,1100,PAULA CASSOL LIMA,False,False,False,False,False,False,False,False,False,False,False,False,0,245241.93
2018,RS,PP,1109,ALESSANDRA DE SOUZA FERRET,False,False,False,False,False,False,False,False,False,False,False,False,0,59491.94
2018,RS,PP,1111,LUIS ANTONIO FRANCISCATTO COVATTI,False,False,False,False,False,False,False,False,False,False,False,False,1,1890692.0
2018,RS,PP,1112,JOSÉ OTÁVIO GERMANO,True,True,True,True,True,True,False,False,False,False,True,True,0,1591876.0
2018,RS,PP,1114,ANGELA MEDEIROS DOS SANTOS NUNES,False,False,False,False,False,False,False,False,False,False,False,False,0,45241.94
2018,RS,PP,1120,CARLOS NILO COELHO PINTOS,False,False,False,False,False,False,False,False,False,False,False,False,0,20000.0
2018,RS,PP,1121,FERNANDO RODRIGUES LOPES,False,False,False,False,False,False,False,False,False,False,False,False,0,32250.0
2018,RS,PP,1122,RENATO DELMAR MOLLING,True,True,True,True,True,True,False,True,False,False,True,True,0,1855182.0
2018,RS,PP,1123,CARLOS ALBERTO DELGADO DE DAVID,False,False,False,False,False,False,False,False,False,False,False,False,0,2250.0
2018,RS,PP,1133,JERÔNIMO PIZZOLOTTO GOERGEN,True,True,True,True,True,True,False,False,False,False,True,True,1,1492040.0
2018,RS,PP,1141,RODINEI ESCOBAR XAVIER CANDEIA,False,False,False,False,False,False,False,False,False,False,False,False,0,42250.0
2018,RS,PP,1144,PEDRO BANDARRA WESTPHALEN,True,True,True,True,True,True,False,False,False,False,True,True,1,1172040.0
2018,RS,PP,1148,ARLINDO BANDEIRA,False,False,False,False,False,False,False,False,False,False,False,False,0,
2018,RS,PP,1155,CARLOS ANTÔNIO POMAGERSKI JÚNIOR,False,False,False,False,False,False,False,False,False,False,False,False,0,25000.0
2018,RS,PP,1161,HORTENCIA IARA DO CANTO CORDOVA,False,False,False,False,False,False,False,False,False,False,False,False,0,48041.94
2018,RS,PP,1166,JOSÉ ALFONSO EBERT HAMM,True,True,True,True,True,True,False,False,False,False,True,True,1,1492040.0
2018,RS,PP,1177,ANGÉLICA CAETANO DA SILVA CARDOSO,False,False,False,False,False,False,False,False,False,False,False,False,0,55241.94
2018,RS,PP,1199,DIEGO AUGUSTO DA ROSA PRETTO,False,False,False,False,False,False,False,False,False,False,False,False,0,2250.0
2018,RS,PPL,5400,MARCELO MARQUES BORGES,False,False,False,False,False,False,False,False,False,False,False,False,0,857.04
2018,RS,PPL,5409,HELIO FRANCISCO BARREY GRIGOLO,False,False,False,False,False,False,False,False,False,False,False,False,0,1095.04
2018,RS,PPL,5410,PAULO ADRIANO DA SILVA,False,False,False,False,False,False,False,False,False,False,False,False,0,1552.57
2018,RS,PPL,5411,MAICON LOPES DA SILVA,False,False,False,False,False,False,False,False,False,False,False,False,0,572.54
2018,RS,PPL,5419,IVAN BRAZ DA CONCEIÇÃO,False,False,False,False,False,False,False,False,False,False,False,False,0,4551.87
2018,RS,PPL,5422,CANDICE PARNOW,False,False,False,False,False,False,False,False,False,False,False,False,0,567.87
2018,RS,PPL,5425,IRMA DE LIMA DE MARTINS,False,False,False,False,False,False,False,False,False,False,False,False,0,688.22
2018,RS,PPL,5432,DILTO MARQUES NUNES,False,False,False,False,False,False,False,False,False,False,False,False,0,1865.69
2018,RS,PPL,5433,MARLEI JOECI LENTZ,False,False,False,False,False,False,False,False,False,False,False,False,0,3100.99
2018,RS,PPL,5444,ADRIANA DA ROSA,False,False,False,False,False,False,False,False,False,False,False,False,0,2309.22
2018,RS,PPL,5448,ANA LUCIA FERREIRA DE MORAIS VEIGA,False,False,False,False,False,False,False,False,False,False,False,False,0,479.37
2018,RS,PPL,5450,CLAUDIOMIRO LOPES PEREIRA,False,False,False,False,False,False,False,False,False,False,False,False,0,395.21999999999997
2018,RS,PPL,5453,EZEQUIEL DE OLIVEIRA BARBOSA,False,False,False,False,False,False,False,False,False,False,False,False,0,395.22
2018,RS,PPL,5454,WERNER REMPEL,True,True,True,True,False,True,False,False,False,False,True,True,0,8556.32
2018,RS,PPL,5455,HANNE CAROLINE MEDEIROS BOUCHET,False,False,False,False,False,False,False,False,False,False,False,False,0,549.54
2018,RS,PPL,5464,JOÃO ALEXANDRE GOULART,False,False,False,False,False,False,False,False,False,False,False,False,0,491.69
2018,RS,PPL,5466,VINICIUS VIANA GONÇALVES,False,False,False,False,False,False,False,False,False,False,False,False,0,311.07
2018,RS,PPL,5471,PAULA MARCIA DE AZEVEDO E SILVA,False,False,False,False,False,False,False,False,False,False,False,False,0,666.47
2018,RS,PPL,5474,CESAR ELISANDRO BILYCZ DE CAMARGO,False,False,False,False,False,False,False,False,False,False,False,False,0,2741.0699999999997
2018,RS,PPL,5477,OBIRATÃN RODRIGUES E SILVA,False,False,False,False,False,False,False,False,False,False,False,False,0,5699.139999999999
2018,RS,PPL,5488,ERICK DÊNIL MACHADO PIMENTEL,False,False,False,False,False,False,False,False,False,False,False,False,0,4543.889999999999
2018,RS,PPL,5499,LENIR DA CUNHA PANDO,False,False,False,False,False,False,False,False,False,False,False,False,0,572.54
2018,RS,PPS,2300,CARLOS ALEXANDRE GONÇALVES,False,False,False,False,False,False,False,False,False,False,False,False,0,1021.92
2018,RS,PPS,2301,ANDREIA CRISTINA BRUM,False,False,False,False,False,False,False,False,False,False,False,False,0,12763.789999999999
2018,RS,PPS,2303,CLAUDIA MORALES LUMERTZ,False,False,False,False,False,False,False,False,False,False,False,False,0,11763.86
2018,RS,PPS,2308,SARITA MACHADO SOARES,False,False,False,False,False,False,False,False,False,False,False,False,0,6021.92
2018,RS,PPS,2310,CELSO LUIZ SCARPINI,False,False,False,False,False,False,False,False,False,False,False,False,0,1021.92
2018,RS,PPS,2312,EVARISTO DE OLIVEIRA GUEDES,False,False,False,False,False,False,False,False,False,False,False,False,0,21021.92
2018,RS,PPS,2315,CLAUDIA FRUTUOSO DA SILVA,False,False,False,False,False,False,False,False,False,False,False,False,0,34779.869999999995
2018,RS,PPS,2318,MIRO JESSE,False,False,False,False,False,False,False,False,False,False,False,False,0,85370.37
2018,RS,PPS,2320,BARBARA PENNA DE MORAES SOUZA,False,False,False,False,False,False,False,False,False,False,False,False,0,37263.86
2018,RS,PPS,2321,LEANDRO DA SILVA E SILVA,False,False,False,False,False,False,False,False,False,False,False,False,0,1021.92
2018,RS,PPS,2322,ACEMAR DA SILVA,False,False,False,False,False,False,False,False,False,False,False,False,0,11021.92
2018,RS,PPS,2323,RODRIGO JOSE GALATTO,False,False,False,False,False,False,False,False,False,False,False,False,0,111021.92
2018,RS,PPS,2324,LUCIANO MARQUES DA ROSA,False,False,False,False,False,False,False,False,False,False,False,False,0,1021.92
2018,RS,PPS,2330,JOÃO ALBERTO MORSCH,False,False,False,False,False,False,False,False,False,False,False,False,0,1021.92
2018,RS,PPS,2331,ALBERI GALVANI DIAS,False,False,False,False,False,False,False,False,False,False,False,False,0,11021.85
2018,RS,PPS,2332,DAIANA DAISY PONTES DOS SANTOS,False,False,False,False,False,False,False,False,False,False,False,False,0,24163.86
2018,RS,PPS,2333,ANA ALICE LOPES BOA NOVA,False,False,False,False,False,False,False,False,False,False,False,False,0,11763.86
2018,RS,PPS,2344,ELISEU ANDRIN,False,False,False,False,False,False,False,False,False,False,False,False,0,6021.92
2018,RS,PPS,2345,LUCIANO VIEIRA BATISTA,False,False,False,False,False,False,False,False,False,False,False,False,0,1021.92
2018,RS,PPS,2350,PAULO RENATO JAGUARÃO SILVA DA ROSA,False,False,True,True,False,False,False,False,False,True,False,False,0,10000.0
2018,RS,PPS,2355,FABIANE DEL PINO VARGAS,False,False,False,False,False,False,False,False,False,False,False,False,0,21763.86
2018,RS,PPS,2356,ITO ADOLFO MULLER,False,True,True,False,True,False,False,True,False,True,False,False,0,20000.0
2018,RS,PPS,2365,VAGNER GARCEZ SOARES,False,False,False,False,False,False,False,False,False,False,False,False,0,6021.92
2018,RS,PPS,2366,EDUARDO PEREIRA ALVES,False,False,False,False,False,False,False,False,False,False,False,False,0,1021.92
2018,RS,PPS,2373,GILSOMAR DA SILVA,False,False,False,False,False,False,False,False,False,False,False,False,0,1021.92
2018,RS,PPS,2377,MARLEN LUCILENE PELICIOLI BALLOTTIN,False,False,False,False,False,False,False,False,False,False,False,False,0,42263.85
2018,RS,PPS,2378,LUIS CARLOS LARREA FERREIRA,False,False,True,False,False,False,False,False,False,True,False,False,0,61021.92
2018,RS,PPS,2389,LAURO OURIQUES,False,False,False,False,False,False,False,False,False,False,False,False,0,11021.92
2018,RS,PPS,2397,RITA DE CASSIA FONSECA,False,False,False,False,False,False,False,False,False,False,False,False,0,4021.92
2018,RS,PPS,2399,CARLOS RENATO BENTO OLIVEIRA JUNIOR,False,False,False,False,False,False,False,False,False,False,False,False,0,12021.85
2018,RS,PR,2203,RENATO DE OLIVEIRA NUNES,False,False,False,False,False,False,False,False,False,False,False,False,0,30000.0
2018,RS,PR,2221,ALDAIR ELIANE SOARES,False,False,False,False,False,False,False,False,False,False,False,False,0,50000.0
2018,RS,PR,2222,GIOVANI CHERINI,True,True,True,True,True,True,False,False,False,False,True,True,1,2200000.0
2018,RS,PR,2228,ELISABETE MARINHO ALCARÁ,False,False,False,False,False,False,False,False,False,False,False,False,0,50000.0
2018,RS,PR,2233,CLAUDIOMIRO GOROSTIDE MENNA BARRETO,False,False,False,False,False,False,False,False,False,False,False,False,0,30000.0
2018,RS,PR,2244,RICARDO WAGNER,False,False,False,False,False,False,False,False,False,False,False,False,0,100000.0
2018,RS,PR,2277,LUIS AMARO PRESTES DE OLIVEIRA,True,True,True,True,False,True,False,False,False,False,True,True,0,40000.0
2018,RS,PRB,1000,CARLOS ALBERTO BENEDETTI,False,False,False,False,False,False,False,False,False,False,False,False,0,100000.0
2018,RS,PRB,1001,HADOIKA AIKO ANDO,False,False,False,False,False,False,False,False,False,False,False,False,0,17721.94
2018,RS,PRB,1002,MARIO HELENO HOEVELER,False,False,False,False,False,False,False,False,False,False,False,False,0,7760.0
2018,RS,PRB,1010,ANTONIO CARLOS GOMES DA SILVA,True,True,True,True,True,True,False,False,False,False,True,True,1,890594.35
2018,RS,PRB,1030,NERISSON LUIZ DOS SANTOS OLIVEIRA,False,False,False,False,False,False,False,False,False,False,False,False,0,41460.5
2018,RS,PRB,1035,JANETE TERESINHA MACHADO FLORES,False,False,False,False,False,False,False,False,False,False,False,False,0,18620.43
2018,RS,PRB,1077,JOSE OSEAS DA COSTA,True,True,True,True,False,True,False,False,False,False,True,True,0,70659.5
2018,RS,PROS,9000,PAULO RICARDO ROSA DOS SANTOS,False,False,False,False,False,False,False,False,False,False,False,False,0,
2018,RS,PROS,9010,CLAIR PLÍNIO BORGES,False,False,False,False,False,False,False,False,False,False,False,False,0,
2018,RS,PROS,9011,ROSANE PEREIRA GOMES SOUZA,False,False,False,False,False,False,False,False,False,False,False,False,0,
2018,RS,PROS,9027,JAQUELINE DIAS CEZIMBRA,False,False,False,False,False,False,False,False,False,False,False,False,0,
2018,RS,PROS,9071,JOÃO MARIA FAGUNDES DOS SANTOS,False,False,False,False,False,False,False,False,False,False,False,False,0,
2018,RS,PROS,9080,RAQUEL BRUGNERA ALCANTARA,False,False,False,False,False,False,False,False,False,False,False,False,0,
2018,RS,PROS,9086,MIRIAM MELLO DA COSTA,False,False,False,False,False,False,False,False,False,False,False,False,0,
2018,RS,PROS,9090,WAMBERT GOMES DI LORENZO,False,False,False,False,False,False,False,False,False,False,False,False,0,239650.0
2018,RS,PROS,9091,GILDASIO DA SILVA,False,False,False,False,False,False,False,False,False,False,False,False,0,
2018,RS,PRP,4400,CLÁUDIO RENATO DE OLIVEIRA GONÇALVES,False,False,False,False,False,False,False,False,False,False,False,False,0,3754.71
2018,RS,PRP,4410,SILVIA LETÍCIA RODRIGUES DA SILVA,False,False,False,False,False,False,False,False,False,False,False,False,0,8754.71
2018,RS,PRP,4412,SANDRA SILVA FAVA,False,False,False,False,False,False,False,False,False,False,False,False,0,2500.0
2018,RS,PRP,4413,ANGÉLICA GERHARDT,False,False,False,False,False,False,False,False,False,False,False,False,0,3254.71
2018,RS,PRP,4433,MARCELO BARBIERI DE MACEDO,False,False,False,False,False,False,False,False,False,False,False,False,0,3703.11
2018,RS,PRP,4440,CÂNDICE VILMANI DA SILVA,False,False,False,False,False,False,False,False,False,False,False,False,0,6311.91
2018,RS,PRP,4443,CARLOS ALBERTO ESTEVÃO,False,False,False,False,False,False,False,False,False,False,False,False,0,3254.71
2018,RS,PRP,4444,VALTER LUIZ OLIVEIRA DA ROSA,False,False,False,False,False,False,False,False,False,False,False,False,0,34254.71
2018,RS,PSB,4000,ADÃO CLEITON LEAL DA SILVA,False,False,False,False,False,False,False,False,False,False,False,False,0,10600.0
2018,RS,PSB,4001,EDIMILSON ANDRE TRESOLDI,False,False,False,False,False,False,False,False,False,False,False,False,0,10600.0
2018,RS,PSB,4004,MARI ELISABETH TRINDADE MACHADO,False,False,False,False,False,False,False,False,False,False,False,False,0,700600.0
2018,RS,PSB,4007,CLAUDIO LUIS SILVA DE LIMA,False,False,False,False,False,False,False,False,False,False,False,False,0,10600.0
2018,RS,PSB,4010,SIRLEI APARECIDA DIAS DOS SANTOS,False,False,False,False,False,False,False,False,False,False,False,False,0,51320.0
2018,RS,PSB,4011,JAIR SOUZA DA SILVA,False,False,False,False,False,False,False,False,False,False,False,False,0,9000.0
2018,RS,PSB,4012,HEITOR JOSÉ SCHUCH,True,True,True,True,True,True,False,False,False,False,True,True,1,1300600.0
2018,RS,PSB,4017,VILMAR ALCENO FANK,False,False,False,False,False,False,False,False,False,False,False,False,0,20600.0
2018,RS,PSB,4018,JOSE ALBERTO REUS FORTUNATI,True,True,True,True,True,True,False,True,False,True,True,True,0,511600.0
2018,RS,PSB,4020,WAGNER PETRINI,False,False,False,False,False,False,False,False,False,False,False,False,0,18680.0
2018,RS,PSB,4030,MAX MOTA RODRIGUES,False,False,False,False,False,False,False,False,False,False,False,False,0,10600.0
2018,RS,PSB,4033,ROBERTO PAULO ALBRING PREDIGER,False,True,True,False,True,False,False,True,False,True,False,False,0,600.0
2018,RS,PSB,4035,ELEMAR DE BASTOS,False,False,False,False,False,False,False,False,False,False,False,False,0,10600.0
2018,RS,PSB,4036,TATIANE DUARTE DE OLIVEIRA SILVA,False,False,False,False,False,False,False,False,False,False,False,False,0,71820.0
2018,RS,PSB,4040,MARCO DE BRITO,False,False,False,False,False,False,False,False,False,False,False,False,0,20600.0
2018,RS,PSB,4041,LIZIANE BAYER DA COSTA,False,False,False,False,False,False,False,False,False,False,False,False,1,500720.0
2018,RS,PSB,4042,DIONE ELISA DE AVILA DIAS,False,False,False,False,False,False,False,False,False,False,False,False,0,51100.0
2018,RS,PSB,4044,JOSÉ FRANCISCO NUNES,False,False,False,False,False,False,False,False,False,False,False,False,0,15600.0
2018,RS,PSB,4045,MAURO DA ROSA,False,False,False,False,False,False,False,False,False,False,False,False,0,600.0
2018,RS,PSB,4047,LUCIANA CUSTÓDIO DE OLIVEIRA ROSA,False,False,False,False,False,False,False,False,False,False,False,False,0,51820.0
2018,RS,PSB,4050,MARISA DA SILVA SANTOS,False,False,False,False,False,False,False,False,False,False,False,False,0,86070.0
2018,RS,PSB,4055,CLAUDIO HARLEY BARDO,False,False,False,False,False,False,False,False,False,False,False,False,0,13600.0
2018,RS,PSB,4067,ANA PAULA PAZ DE OLIVEIRA,False,False,False,False,False,False,False,False,False,False,False,False,0,51820.0
2018,RS,PSB,4070,TONY DE SIQUEIRA SECHI,False,False,False,False,False,False,False,False,False,False,False,False,0,500600.0
2018,RS,PSB,4072,ELGIANE DE FÁTIMA MACHADO LAGO,False,False,False,False,False,False,False,False,False,False,False,False,0,71320.0
2018,RS,PSB,4077,MARIA EDI DE MORAES GONZAGA,False,False,False,False,False,False,False,False,False,False,False,False,0,501320.0
2018,RS,PSB,4080,JOSÉ LUIZ STÉDILE,True,True,True,True,True,True,False,True,False,True,True,True,0,1300600.0
2018,RS,PSB,4088,JOSÉ OLMIRO OLIVEIRA PERES,False,False,False,False,False,False,False,False,False,False,False,False,0,30600.0
2018,RS,PSB,4089,SAUL SPINELLI,False,False,False,False,False,False,False,False,False,False,False,False,0,600.0
2018,RS,PSC,2000,PAULO RICARDO ROLIM MANCIA,False,False,False,False,False,False,False,False,False,False,False,False,0,254.71
2018,RS,PSC,2018,NERI MAKEWITZ,False,False,False,False,False,False,False,False,False,False,False,False,0,254.71
2018,RS,PSC,2020,ANTÔNIO MARCOS SOUZA DA CRUZ,False,False,False,False,False,False,False,False,False,False,False,False,0,254.71
2018,RS,PSC,2021,VALDIR MACHADO SILVEIRA,False,False,True,False,False,False,False,False,False,True,False,False,0,
2018,RS,PSC,2025,JOSIEL PINTO MACEDO,False,False,False,False,False,False,False,False,False,False,False,False,0,254.71
2018,RS,PSC,2030,MOISÉS CÂNDIDO RANGEL,False,False,False,False,False,False,False,False,False,False,False,False,0,300000.0
2018,RS,PSC,2040,LUIZ HENRIQUE DE SOUZA,False,False,False,False,False,False,False,False,False,False,False,False,0,254.71
2018,RS,PSC,2055,VIVIANE BIBIANE DE OLIVEIRA,False,False,False,False,False,False,False,False,False,False,False,False,0,254.71
2018,RS,PSC,2077,LUIS FERNANDO DE OLIVEIRA,False,False,False,False,False,False,False,False,False,False,False,False,0,254.71
2018,RS,PSD,5500,ALEXANDRE APPEL DA SILVA,False,False,False,False,False,False,False,False,False,False,False,False,0,25000.0
2018,RS,PSD,5501,DANRLEI DE DEUS HINTERHOLZ,True,True,True,True,True,True,False,False,False,False,True,True,1,1050000.0
2018,RS,PSD,5505,DIEISSON CARDOZO CALVANO,False,False,False,False,False,False,False,False,False,False,False,False,0,45000.0
2018,RS,PSD,5508,REJANE WEBSTER DE CARVALHO,False,False,True,True,False,False,False,False,False,True,False,False,0,50000.0
2018,RS,PSD,5510,JOSÉ EDUARDO DA SILVA DE FREITAS,False,False,False,False,False,False,False,False,False,False,False,False,0,15000.0
2018,RS,PSD,5512,ALEXSANDRO DA SILVA BARBOSA,False,False,False,False,False,False,False,False,False,False,False,False,0,10000.0
2018,RS,PSD,5515,MARCELO FRANCISCO CHIODO,False,False,False,False,False,False,False,False,False,False,False,False,0,15000.0
2018,RS,PSD,5520,LENISE ARAUJO CANTARUTTI,False,False,False,False,False,False,False,False,False,False,False,False,0,80000.0
2018,RS,PSD,5521,VERA LÚCIA FLORES FERREIRA,False,False,False,False,False,False,False,False,False,False,False,False,0,140000.0
2018,RS,PSD,5525,MAURO LUIS BORGES MATIOTTI,False,False,False,False,False,False,False,False,False,False,False,False,0,15000.0
2018,RS,PSD,5550,ANTONIO ROQUE FELDMANN,False,False,False,False,False,False,False,False,False,False,False,False,0,65000.0
2018,RS,PSD,5552,JOSÉ FERNANDO TARRAGO,False,False,False,False,False,False,False,False,False,False,False,False,0,20000.0
2018,RS,PSD,5555,PAULO VICENTE CALEFFI,False,False,False,False,False,False,False,False,False,False,False,False,0,
2018,RS,PSD,5556,ALBERTO AMARAL ALFARO,False,False,False,False,False,False,False,False,False,False,False,False,0,35000.0
2018,RS,PSD,5565,IVANIS SANHUDO,False,False,False,False,False,False,False,False,False,False,False,False,0,50000.0
2018,RS,PSD,5577,PEDRO SILVESTRE PERKOSKI WASZKIEWICZ,False,False,False,False,False,False,False,False,False,False,False,False,0,29492.45
2018,RS,PSD,5588,IVANA COLVARA DE PAULA,False,False,False,False,False,False,False,False,False,False,False,False,0,50000.0
2018,RS,PSDB,4500,DANIEL TRZECIAK DUARTE,False,False,False,False,False,False,False,False,False,False,False,False,1,52250.0
2018,RS,PSDB,4511,LUCAS BELLO REDECKER,True,True,True,True,True,True,False,False,False,False,True,True,1,1009000.0
2018,RS,PSDB,4524,PAULA CRISTINA IORIS DE OLIVEIRA,True,True,True,True,False,True,False,False,False,False,True,True,0,207491.93
2018,RS,PSDB,4544,YEDA RORATO CRUSIUS,True,True,True,True,True,True,False,False,False,True,True,True,0,2148402.21
2018,RS,PSDB,4545,MOISÉS DA SILVA BARBOZA,False,False,False,False,False,False,False,False,False,False,False,False,0,52250.0
2018,RS,PSDB,4555,MARIA ROZARIO BICA,False,False,False,False,False,False,False,False,False,False,False,False,0,27116.93
2018,RS,PSDB,4567,NILTON JOSE SICA MAGALHÃES,False,False,False,False,False,False,False,False,False,False,False,False,0,52250.0
2018,RS,PSL,1700,ALCIBIO MESQUITA BIBO NUNES,False,False,False,False,False,False,False,False,False,False,False,False,1,
2018,RS,PSL,1705,RENATO FRANCISCO TOIGO,False,False,False,False,False,False,False,False,False,False,False,False,0,
2018,RS,PSL,1707,VILMA CIDADE DA SILVA,False,False,False,False,False,False,False,False,False,False,False,False,0,2000.0
2018,RS,PSL,1710,BENTA ZILMA FAGUNDES ANTUNES,False,False,False,False,False,False,False,False,False,False,False,False,0,2000.0
2018,RS,PSL,1711,MARCUS NAPOLEAO,False,False,False,False,False,False,False,False,False,False,False,False,0,
2018,RS,PSL,1717,ARXIBAUER RODRIGUES MONCORVO,False,False,False,False,False,False,False,False,False,False,False,False,0,
2018,RS,PSL,1718,ERON GASPAR DA SILVA GARCIA,False,False,False,False,False,False,False,False,False,False,False,False,0,
2018,RS,PSL,1720,UBIRATAN ANTUNES SANDERSON,False,False,False,False,False,False,False,False,False,False,False,False,1,
2018,RS,PSL,1722,ADRIANA LEITE DA SILVA,False,False,False,False,False,False,False,False,False,False,False,False,0,2000.0
2018,RS,PSL,1725,SHAIANE DA SILVA RODRIGUES DE CASTRO,False,False,False,False,False,False,False,False,False,False,False,False,0,
2018,RS,PSL,1727,LEDIMAR JUSTINO PERBONI,False,False,False,False,False,False,False,False,False,False,False,False,0,
2018,RS,PSL,1737,CELSO LUIZ MORAIS,False,False,False,False,False,False,False,False,False,False,False,False,0,
2018,RS,PSL,1744,RUBENS GOLDENBERG,False,False,False,False,False,False,False,False,False,False,False,False,0,
2018,RS,PSL,1750,CLAUDETE SUZANA PADILHA DA SILVA,False,False,False,False,False,False,False,False,False,False,False,False,0,2000.0
2018,RS,PSL,1755,MARCELO DE BRUM DA COSTA,False,False,False,False,False,False,False,False,False,False,False,False,0,
2018,RS,PSL,1766,ELAINE BRESSAN ANDRADE,False,False,False,False,False,False,False,False,False,False,False,False,0,2000.0
2018,RS,PSL,1770,MARCONI DA SILVA OLGUINS,False,False,False,False,False,False,False,False,False,False,False,False,0,
2018,RS,PSL,1771,MARCO ANTONIO DA ROSA MARCHAND,False,False,False,False,False,False,False,False,False,False,False,False,0,
2018,RS,PSL,1777,NEREU CRISPIM,False,False,False,False,False,False,False,False,False,False,False,False,1,
2018,RS,PSL,1788,ALEXANDRE WAGNER DA SILVA BOBADRA,False,False,False,False,False,False,False,False,False,False,False,False,0,
2018,RS,PSL,1789,TATIANE DA SILVA MARQUES,False,False,False,False,False,False,False,False,False,False,False,False,0,
2018,RS,PSOL,5000,ANTÔNIO ARLAN BRUM NUNES,False,False,False,False,False,False,False,False,False,False,False,False,0,458.41
2018,RS,PSOL,5001,CELSO DALBERTO,False,False,False,False,False,False,False,False,False,False,False,False,0,9989.85
2018,RS,PSOL,5002,RAFAEL LINCK MOEHLECKE,False,False,False,False,False,False,False,False,False,False,False,False,0,9998.85
2018,RS,PSOL,5003,JORGE DILSON RIGOLI,False,False,False,False,False,False,False,False,False,False,False,False,0,458.41
2018,RS,PSOL,5004,CELMIS ALESSANDRO VIEIRA DE OLIVEIRA,False,False,False,False,False,False,False,False,False,False,False,False,0,458.41
2018,RS,PSOL,5005,ALEXSANDER FRAGA DA SILVA,False,False,False,False,False,False,False,False,False,False,False,False,0,19989.85
2018,RS,PSOL,5006,PAULO SERGIO DA SILVA,False,False,False,False,False,False,False,False,False,False,False,False,0,458.41
2018,RS,PSOL,5008,SANDRO ROBERTO DE MORAES MARTINS,False,False,False,False,False,False,False,False,False,False,False,False,0,458.41
2018,RS,PSOL,5009,ADRIANA MARTINS GUIMARAES,False,False,False,False,False,False,False,False,False,False,False,False,0,4998.84
2018,RS,PSOL,5010,BERNADETE DE LOURDES RODRIGUES DE MENEZES,False,False,False,False,False,False,False,False,False,False,False,False,0,39979.7
2018,RS,PSOL,5011,OSVALDO INOCÊNCIO SOUZA BITENCOURT,False,False,False,False,False,False,False,False,False,False,False,False,0,458.41
2018,RS,PSOL,5012,FRANCISCO CARLOS BARBOZA,False,False,False,False,False,False,False,False,False,False,False,False,0,458.41
2018,RS,PSOL,5013,JANDIRA JULIA VIEIRA CAMACHO,False,False,False,False,False,False,False,False,False,False,False,False,0,458.41
2018,RS,PSOL,5018,LUIZA EDUARDA DOS SANTOS,False,False,False,False,False,False,False,False,False,False,False,False,0,467.41
2018,RS,PSOL,5020,MARIA DE FÁTIMA CARDOSO DO ROSÁRIO,False,False,False,False,False,False,False,False,False,False,False,False,0,9989.85
2018,RS,PSOL,5022,LUCIANA ROCHA,False,False,False,False,False,False,False,False,False,False,False,False,0,458.41
2018,RS,PSOL,5023,ADECIR BERLE,False,False,False,False,False,False,False,False,False,False,False,False,0,458.41
2018,RS,PSOL,5024,LUCIANO VICTORINO DA SILVA,False,False,False,False,False,False,False,False,False,False,False,False,0,9989.85
2018,RS,PSOL,5025,JOÃO CARLOS FRAGOSO DE SOUZA,False,False,False,False,False,False,False,False,False,False,False,False,0,458.41
2018,RS,PSOL,5030,SHIN PINTO NISHIMURA,False,False,False,False,False,False,False,False,False,False,False,False,0,458.41
2018,RS,PSOL,5033,ANAI MARIA DE SOUZA,False,False,False,False,False,False,False,False,False,False,False,False,0,9976.85
2018,RS,PSOL,5040,CARLOS AUGUSTO DA SILVA LOPES,False,False,False,False,False,False,False,False,False,False,False,False,0,19998.85
2018,RS,PSOL,5041,WILHER WELTER,False,False,False,False,False,False,False,False,False,False,False,False,0,458.41
2018,RS,PSOL,5042,VICTOR JAIRES MARTINS,False,False,False,False,False,False,False,False,False,False,False,False,0,458.41
2018,RS,PSOL,5043,GERSON LUIS ROLIM,False,False,False,False,False,False,False,False,False,False,False,False,0,
2018,RS,PSOL,5044,ZILMAR FERREIRA DE MATOS,False,False,False,False,False,False,False,False,False,False,False,False,0,4989.85
2018,RS,PSOL,5050,FERNANDA MELCHIONNA E SILVA,False,False,False,False,False,False,False,False,False,False,False,False,1,220077.91
2018,RS,PSOL,5051,PALOMA DE FREITAS DAUDT,False,False,False,False,False,False,False,False,False,False,False,False,0,9989.85
2018,RS,PSOL,5055,KAREN MORAIS DOS SANTOS,False,False,False,False,False,False,False,False,False,False,False,False,0,27989.85
2018,RS,PSOL,5056,JORGE ALEX BELOMO,False,False,False,False,False,False,False,False,False,False,False,False,0,467.41
2018,RS,PSOL,5057,ELIANE CARMANIM LIMA,False,False,False,False,False,False,False,False,False,False,False,False,0,467.41
2018,RS,PSOL,5060,PRISCILA DA SILVA VAZ,False,False,False,False,False,False,False,False,False,False,False,False,0,7989.85
2018,RS,PSOL,5066,EVERTON LUIS DE ALMEIDA PORCIUNCULA,False,False,False,False,False,False,False,False,False,False,False,False,0,467.41
2018,RS,PSOL,5070,VOLNEI ROSA DA SILVA,False,False,False,False,False,False,False,False,False,False,False,False,0,458.41
2018,RS,PSOL,5077,CARLA ZANELLA SOUZA,False,False,False,False,False,False,False,False,False,False,False,False,0,10424.2
2018,RS,PSOL,5080,ABRÃO FERNANDES GODOIS,False,False,False,False,False,False,False,False,False,False,False,False,0,9998.85
2018,RS,PSOL,5088,ALCEU JUNIOR DE FARIAS BARRA,False,False,False,False,False,False,False,False,False,False,False,False,0,458.41
2018,RS,PSOL,5090,LEANDRO TEIXEIRA KERN,False,False,False,False,False,False,False,False,False,False,False,False,0,458.41
2018,RS,PSOL,5099,FERNANDA PINTO MIRANDA,False,False,False,False,False,False,False,False,False,False,False,False,0,19989.85
2018,RS,PSTU,1600,CLAUDIA DOS SANTOS,False,False,False,False,False,False,False,False,False,False,False,False,0,
2018,RS,PSTU,1610,ÉDER JOFRE DIAS,False,False,False,False,False,False,False,False,False,False,False,False,0,
2018,RS,PSTU,1616,SADAO MAKINO,False,False,False,False,False,False,False,False,False,False,False,False,0,
2018,RS,PSTU,1617,MARCO AURELIO DA SILVA VANZIN,False,False,False,False,False,False,False,False,False,False,False,False,0,
2018,RS,PT,1300,SIMONE RODRIGUES MIRAPALHETE,False,False,False,False,False,False,False,False,False,False,False,False,0,86013.5
2018,RS,PT,1301,PAOLA LOUREIRO CARVALHO,False,False,False,False,False,False,False,False,False,False,False,False,0,10428.5
2018,RS,PT,1307,PAULO ROBERTO SEVERO PIMENTA,True,True,True,True,True,True,False,False,False,True,True,True,1,900000.0
2018,RS,PT,1308,GAUDÊNCIO CARDOSO FIDELIS,False,False,False,False,False,False,False,False,False,False,False,False,0,435000.0
2018,RS,PT,1310,DAVID ALMANSA BERNARDO,False,False,False,False,False,False,False,False,False,False,False,False,0,81500.0
2018,RS,PT,1311,ALVACIR AIMI,False,False,False,False,False,False,False,False,False,False,False,False,0,15000.0
2018,RS,PT,1313,HENRIQUE FONTANA JÚNIOR,True,True,True,True,True,True,False,False,False,False,True,True,1,900000.0
2018,RS,PT,1314,MARCO AURELIO SPALL MAIA,True,True,True,True,True,True,False,False,False,True,True,True,0,719758.0
2018,RS,PT,1320,ELVINO JOSÉ BOHN GASS,True,True,True,True,True,True,False,False,False,False,True,True,1,900000.0
2018,RS,PT,1321,RITA DE CÁSSIA DELLA GIUSTINA DE OLIVEIRA,False,False,False,False,False,False,False,False,False,False,False,False,0,85043.9
2018,RS,PT,1330,CLAUDIR ANTONIO NESPOLO,False,False,False,False,False,False,False,False,False,False,False,False,0,435000.0
2018,RS,PT,1331,LEO GIACOMO VENZON,False,False,False,False,False,False,False,False,False,False,False,False,0,15000.0
2018,RS,PT,1333,RODRIGO MOREIRA BELTRÃO,False,False,False,False,False,False,False,False,False,False,False,False,0,81500.0
2018,RS,PT,1340,ANITA BEATRIZ DORIA LUCAS DE OLIVEIRA,False,False,False,False,False,False,False,False,False,False,False,False,0,85820.0
2018,RS,PT,1350,ELIAS KOCZKODAY,False,False,False,False,False,False,False,False,False,False,False,False,0,15000.0
2018,RS,PT,1353,IVAN ADMAR DORNELLES DUARTE,True,True,True,True,False,True,False,False,False,False,True,True,0,81500.0
2018,RS,PT,1355,DIONILSO MATEUS MARCON,True,True,True,True,True,True,False,False,False,False,True,True,1,900000.0
2018,RS,PT,1360,ANDREA SPENCER DA FONTOURA,False,False,False,False,False,False,False,False,False,False,False,False,0,10000.0
2018,RS,PT,1370,MARIA DO ROSÁRIO NUNES,True,True,True,True,True,True,False,False,False,False,True,True,1,967697.33
2018,RS,PT,1377,SAMIR SANCHES SQUEFF,False,False,False,False,False,False,False,False,False,False,False,False,0,15000.0
2018,RS,PTB,1412,MARCELO PIRES MORAES,True,True,True,True,True,True,False,False,False,False,True,True,1,1190000.0
2018,RS,PTB,1414,RONALDO SANTINI,True,True,True,True,True,True,False,False,False,False,True,True,0,900000.0
2018,RS,PTB,1415,ROZELI DA SILVA,False,False,False,False,False,False,False,False,False,False,False,False,0,85000.0
2018,RS,PTB,1423,RONALDO NOGUEIRA DE OLIVEIRA,True,True,True,True,True,True,False,False,False,False,True,True,0,660000.0
2018,RS,PTB,1440,HELDER GONÇALVES SALVÁ,False,False,False,False,False,False,False,False,False,False,False,False,0,12000.0
2018,RS,PTB,1444,PATRÍCIA FERREIRA DA SILVA,False,False,False,False,False,False,False,False,False,False,False,False,0,149000.0
2018,RS,PTB,1470,MIGUEL ANGELO EVANGELISTA JORGE,False,False,False,False,False,False,False,False,False,False,False,False,0,12000.0
2018,RS,PTB,1477,MAURÍCIO ALEXANDRE DZIEDRICKI,True,True,True,True,True,True,False,False,False,False,True,True,1,737000.0
2018,RS,PTB,1490,NADIR TEREZINHA DA ROSA MACHADO,True,True,True,True,False,True,False,False,False,True,True,True,0,154241.93
2018,RS,PTC,3600,GIOVANA TEREZINHA DA SILVA ROSA,False,False,False,False,False,False,False,False,False,False,False,False,0,254.71
2018,RS,PTC,3636,JOSÉ CARLOS MORAES,False,False,False,False,False,False,False,False,False,False,False,False,0,254.71
2018,RS,PTC,3637,JAIR CARLINHOS LAUXEN,False,False,False,False,False,False,False,False,False,False,False,False,0,254.71
2018,RS,PTC,3654,ANTÔNIO AIRTON DUTRA GOLDEMBERG,False,False,False,False,False,False,False,False,False,False,False,False,0,254.71
2018,RS,PTC,3657,GILDO RIBEIRO DE FREITAS,False,False,False,False,False,False,False,False,False,False,False,False,0,254.71
2018,RS,PTC,3677,SILVANA APARECIDA ZANIN,False,False,False,False,False,False,False,False,False,False,False,False,0,254.71
2018,RS,PTC,3690,NEUZA CATUZZO,False,False,False,False,False,False,False,False,False,False,False,False,0,
2018,RS,PV,4321,DIOGO PAZ BIER,True,True,True,True,True,True,False,False,False,False,True,True,0,600000.0
2018,RS,REDE,1800,DENIS LOPES,False,False,False,False,False,False,False,False,False,False,False,False,0,
2018,RS,REDE,1807,JAMAL MAHD HASAN HARFOUSH,False,False,False,False,False,False,False,False,False,False,False,False,0,
2018,RS,REDE,1808,CARLA ROSANA TABORDA VIANA,False,False,False,False,False,False,False,False,False,False,False,False,0,1400.0
2018,RS,REDE,1818,JOÃO DERLY DE OLIVEIRA NUNES JUNIOR,True,True,True,True,True,True,False,False,False,False,True,True,0,725000.0
2018,RS,REDE,1819,FERNANDA DOS SANTOS CORASSINI,False,False,False,False,False,False,False,False,False,False,False,False,0,6641.94
2018,RS,REDE,1822,MARCO AURELIO DA SILVA CONCEIÇÃO,False,False,False,False,False,False,False,False,False,False,False,False,0,
2018,RS,SOLIDARIEDADE,7711,CLAUDIO RENATO GUIMARAES DA SILVA,True,True,True,True,False,True,False,False,False,False,True,True,0,800200.0
2018,RS,SOLIDARIEDADE,7777,FATIMA CAROLINA OLIVEIRA DOS SANTOS,False,False,False,False,False,False,False,False,False,False,False,False,0,350200.0
2018,SC,AVANTE,7000,TEREZINHA RICARDO DO NASCIMENTO,False,False,False,False,False,False,False,False,False,False,False,False,0,36998.4
2018,SC,AVANTE,7001,JUAREZ SANTIAGO,False,False,False,False,False,False,False,False,False,False,False,False,0,
2018,SC,AVANTE,7015,JEFFERSON MENDONÇA,False,False,False,False,False,False,False,False,False,False,False,False,0,
2018,SC,AVANTE,7033,CRISTIANE RIBAS PENTEADO,False,False,False,False,False,False,False,False,False,False,False,False,0,
2018,SC,AVANTE,7056,IVAN GRACIANO,False,False,False,False,False,False,False,False,False,False,False,False,0,3124.2
2018,SC,AVANTE,7070,NELSON MERRWELVELSON FERREIRA E SOUZA,False,False,False,False,False,False,False,False,False,False,False,False,0,
2018,SC,AVANTE,7073,VANDERLEI CAMILO,False,False,False,False,False,False,False,False,False,False,False,False,0,14070.0
2018,SC,AVANTE,7077,AERCI ARREAL OLM,False,False,False,False,False,False,False,False,False,False,False,False,0,3949.2
2018,SC,AVANTE,7088,JOSE NILSON LINOS,False,False,False,False,False,False,False,False,False,False,False,False,0,
2018,SC,DC,2727,JOCIMAR DOS SANTOS DE LIMA,False,False,False,False,False,False,False,False,False,False,False,False,0,59380.0
2018,SC,DEM,2555,NEUSETE APARECIDA MAZIERO,False,False,False,False,False,False,False,False,False,False,False,False,0,59080.0
2018,SC,DEM,2577,MARCOS DA ROSA,False,False,False,False,False,False,False,False,False,False,False,False,0,100000.0
2018,SC,MDB,1501,CAMILA LUCHTENBERG,False,False,False,False,False,False,False,False,False,False,False,False,0,65000.0
2018,SC,MDB,1505,ZELIA MARIA GRAH,False,False,False,False,False,False,False,False,False,False,False,False,0,80000.0
2018,SC,MDB,1509,RONALDO JOSE BENEDET,True,True,True,True,True,True,False,True,False,True,True,True,0,1300000.0
2018,SC,MDB,1510,ROGERIO MENDONÇA,True,True,True,True,True,True,False,False,False,False,True,True,1,1300000.0
2018,SC,MDB,1515,EDSON BEZ DE OLIVEIRA,True,True,True,True,True,True,False,False,False,False,True,True,0,1300000.0
2018,SC,MDB,1516,VALDIR COLATTO,True,True,True,True,True,True,False,False,False,False,True,True,0,1300000.0
2018,SC,MDB,1520,ERICSSON HENRIQUE LUEF,False,False,False,False,False,False,False,False,False,False,False,False,0,
2018,SC,MDB,1533,ELIETE CRESCENCIO GARCIA,False,False,False,False,False,False,False,False,False,False,False,False,0,10000.0
2018,SC,MDB,1540,RICHARD HARRISON CHAGAS DOS SANTOS,False,False,False,False,False,False,False,False,False,False,False,False,0,
2018,SC,MDB,1545,GABRIELA BELMIRO HERMENEGILDO,False,False,False,False,False,False,False,False,False,False,False,False,0,80000.0
2018,SC,MDB,1555,GUILHERME PEREIRA DE PAULO,False,False,False,False,False,False,False,False,False,False,False,False,0,
2018,SC,MDB,1560,CELSO MALDANER,True,True,True,True,True,True,False,True,False,False,True,True,1,1300000.0
2018,SC,MDB,1570,CARLOS ALBERTO CHIODINI,True,True,True,True,True,True,False,False,False,False,True,True,1,384000.0
2018,SC,MDB,1577,ANTONIO LEMOS FILHO,False,False,False,False,False,False,False,False,False,False,False,False,0,
2018,SC,MDB,1588,ELSA MARIA OLIVEIRA,False,False,False,False,False,False,False,False,False,False,False,False,0,10000.0
2018,SC,NOVO,3000,FABIAN LENZI NERBASS,False,False,False,False,False,False,False,False,False,False,False,False,0,4039.16
2018,SC,NOVO,3001,LUIZ OTÁVIO FONTANA BALDIN,False,False,False,False,False,False,False,False,False,False,False,False,0,1099.1599999999999
2018,SC,NOVO,3003,LUIZ BARBOZA NETO,False,False,False,False,False,False,False,False,False,False,False,False,0,1099.1599999999999
2018,SC,NOVO,3007,SABRINA AVOZANI,False,False,False,False,False,False,False,False,False,False,False,False,0,6099.16
2018,SC,NOVO,3010,ADRIANA DORNELLES PAZ KAMIEN,False,False,False,False,False,False,False,False,False,False,False,False,0,5000.0
2018,SC,NOVO,3011,LILIANE SCHULDT,False,False,False,False,False,False,False,False,False,False,False,False,0,1099.1599999999999
2018,SC,NOVO,3015,EMMANUEL ANTÔNIO SILVÉRIO DOS SANTOS,False,False,False,False,False,False,False,False,False,False,False,False,0,1319.1599999999999
2018,SC,NOVO,3030,LEANDRO SCHMOCKEL GONÇALVES,False,False,False,False,False,False,False,False,False,False,False,False,0,1220.1599999999999
2018,SC,NOVO,3033,ROBERTO GONÇALVES DE FREITAS,False,False,False,False,False,False,False,False,False,False,False,False,0,9599.16
2018,SC,NOVO,3040,PAMELLA NAIR RODRIGUES,False,False,False,False,False,False,False,False,False,False,False,False,0,8599.16
2018,SC,NOVO,3050,GILSON MARQUES VIEIRA,False,False,False,False,False,False,False,False,False,False,False,False,1,3599.16
2018,SC,NOVO,3065,EDUARDO NOBUYUKI USUY,False,False,False,False,False,False,False,False,False,False,False,False,0,3599.16
2018,SC,NOVO,3070,CRISTIANE REGINA CASAS FURTADO BERGER,False,False,False,False,False,False,False,False,False,False,False,False,0,3209.16
2018,SC,NOVO,3076,MARCOS ANTONIO CARDOZO DE SOUZA,False,False,False,False,False,False,False,False,False,False,False,False,0,9039.16
2018,SC,NOVO,3088,PAULO SCHARF,False,False,False,False,False,False,False,False,False,False,False,False,0,8599.16
2018,SC,NOVO,3090,ÉRICO VINICIUS PEREIRA,False,False,False,False,False,False,False,False,False,False,False,False,0,1099.1599999999999
2018,SC,PATRI,5100,SILVIO DA CONCEIÇAO DA SILVA,False,False,False,False,False,False,False,False,False,False,False,False,0,1540.83
2018,SC,PATRI,5101,VERA LUCIA MACHADO,False,False,False,False,False,False,False,False,False,False,False,False,0,1828.33
2018,SC,PATRI,5103,KEILA ZALDGUER JOAQUIM,False,False,False,False,False,False,False,False,False,False,False,False,0,891.8299999999999
2018,SC,PATRI,5105,CARLOS ROBERTO XAVIER LACERDA,False,False,False,False,False,False,False,False,False,False,False,False,0,433.33
2018,SC,PATRI,5117,FRANCISCO MENDES,False,False,False,False,False,False,False,False,False,False,False,False,0,1540.83
2018,SC,PATRI,5120,GUTEMBERGUE MESSIAS SOARES,False,False,False,False,False,False,False,False,False,False,False,False,0,1145.83
2018,SC,PATRI,5122,THAMIRES FREDO SILVA COSTA,False,False,False,False,False,False,False,False,False,False,False,False,0,891.8299999999999
2018,SC,PATRI,5123,SIDNEI BIRCK,False,False,False,False,False,False,False,False,False,False,False,False,0,712.5
2018,SC,PATRI,5125,HEDIEFERSON WASHINGTON ALVES,False,False,False,False,False,False,False,False,False,False,False,False,0,1145.83
2018,SC,PATRI,5133,EVANDRO NEVIO ARGENTON,False,False,False,False,False,False,False,False,False,False,False,False,0,1145.83
2018,SC,PATRI,5134,MARIA DAS NEVES LEWINSKI,False,False,False,False,False,False,False,False,False,False,False,False,0,891.83
2018,SC,PATRI,5151,EDIVALDO ANTONIO MACHADO,False,False,False,False,False,False,False,False,False,False,False,False,0,7860.83
2018,SC,PATRI,5166,ALEXANDRE BASTOS FONTES,False,False,False,False,False,False,False,False,False,False,False,False,0,1935.83
2018,SC,PATRI,5190,MARIOZAM PEREIRA,False,False,False,False,False,False,False,False,False,False,False,False,0,1145.83
2018,SC,PATRI,5198,ELIANE RIBEIRO PEREIRA,False,False,False,False,False,False,False,False,False,False,False,False,0,3291.83
2018,SC,PATRI,5199,ANA CLAUDIA FRAGA COSTA,False,False,False,False,False,False,False,False,False,False,False,False,0,1018.83
2018,SC,PC do B,6565,ANGELA ALBINO,True,True,True,True,True,True,False,False,False,False,True,True,0,1181207.38
2018,SC,PCB,2100,FILIPE BEZERRA DOS SANTOS,False,False,False,False,False,False,False,False,False,False,False,False,0,
2018,SC,PCB,2121,RODRIGO DA COSTA LIMA,False,False,False,False,False,False,False,False,False,False,False,False,0,5271.51
2018,SC,PCB,2123,GIANCARLO CAPISTRANO,False,False,False,False,False,False,False,False,False,False,False,False,0,5271.51
2018,SC,PDT,1234,MANOEL DIAS,True,False,False,True,False,False,False,False,False,False,True,False,0,890000.0
2018,SC,PHS,3131,BRUNO LOPES DE ALMEIDA,False,False,False,False,False,False,False,False,False,False,False,False,0,
2018,SC,PHS,3179,IDESIO FERNANDES,False,False,False,False,False,False,False,False,False,False,False,False,0,
2018,SC,PMN,3300,MIGUEL OLEINIK,False,False,False,False,False,False,False,False,False,False,False,False,0,1462.3
2018,SC,PMN,3311,PAULO RAMOS PEREIRA,False,False,False,False,False,False,False,False,False,False,False,False,0,31312.3
2018,SC,PMN,3319,ORLEI CORREIA,False,False,False,False,False,False,False,False,False,False,False,False,0,1067.3
2018,SC,PMN,3333,ALEXANDRE GONÇALVES DE PAIVA,False,False,False,False,False,False,False,False,False,False,False,False,0,31462.3
2018,SC,PMN,3355,ROSANGELA RUDA,False,False,False,False,False,False,False,False,False,False,False,False,0,1462.3
2018,SC,PODE,1900,RODRIGO CANTÚ,False,False,False,False,False,False,False,False,False,False,False,False,0,
2018,SC,PODE,1913,DENISE JOCEANE DOS SANTOS BORGES DOS SANTOS,False,False,False,False,False,False,False,False,False,False,False,False,0,303500.0
2018,SC,PODE,1919,LUIZ CARLOS DE FREITAS JÚNIOR,False,False,False,False,False,False,False,False,False,False,False,False,0,
2018,SC,PODE,1990,ESTELA APARECIDA MENEZES CLAUDINO,False,False,False,False,False,False,False,False,False,False,False,False,0,
2018,SC,PODE,1991,AIRTON FERNANDES,False,False,False,False,False,False,False,False,False,False,False,False,0,
2018,SC,PP,1107,LEONARDO MARTINS MACHADO,False,False,False,False,False,False,False,False,False,False,False,False,0,70000.0
2018,SC,PP,1110,GABRIELA WEILER BRANCO,False,False,False,False,False,False,False,False,False,False,False,False,0,180323.0
2018,SC,PP,1111,NILSON FRANCISCO STAINSACK,False,True,True,False,True,False,False,True,False,True,False,False,0,524400.0
2018,SC,PP,1112,LEODEGAR DA CUNHA TISCOSKI,True,True,True,True,True,True,False,False,False,False,True,True,0,1960280.0
2018,SC,PP,1122,MÁRCIO DREVECK,False,False,False,False,False,False,False,False,False,False,False,False,0,94720.0
2018,SC,PP,1123,OCTÁVIO HENRIQUE LOYOLA LOBO,False,False,False,False,False,False,False,False,False,False,False,False,0,59720.0
2018,SC,PP,1130,HUGO MATIAS BIEHL,True,True,True,True,True,False,False,False,False,True,False,False,0,822040.0
2018,SC,PP,1133,ANGELA REGINA HEINZEN AMIN HELOU,True,True,True,True,True,True,False,True,False,True,True,True,1,2319720.0
2018,SC,PP,1178,ANDERSON LUZ DOS SANTOS,False,False,True,False,False,False,False,False,False,True,False,False,0,45000.0
2018,SC,PPL,5444,HUGO SEBASTIÃO MALAGOLI,False,False,False,False,False,False,False,False,False,False,False,False,0,
2018,SC,PPL,5454,AGOSTINHO LUIZ SCHIOCHETTI,False,False,False,False,False,False,False,False,False,False,False,False,0,3000.0
2018,SC,PPS,2323,CARMEN EMILIA BONFÁ ZANOTTO,True,True,True,True,True,True,False,False,False,False,True,True,1,1188128.1099999999
2018,SC,PPS,2333,MICHEL GARTNER BELLI,False,False,False,False,False,False,False,False,False,False,False,False,0,30000.0
2018,SC,PR,2222,JORGE GOETTEN DE LIMA,False,False,False,False,False,False,False,False,False,False,False,False,0,300000.0
2018,SC,PRB,1000,MABEL CRISTINA MARQUES ZIEGLER,False,False,False,False,False,False,False,False,False,False,False,False,0,35000.0
2018,SC,PRB,1010,HÉLIO FRANCISCO DA COSTA,False,False,False,False,False,False,False,False,False,False,False,False,1,650327.86
2018,SC,PRB,1011,IZALDO MEDEIROS,False,False,False,False,False,False,False,False,False,False,False,False,0,13991.36
2018,SC,PRB,1055,REJANE TERESINHA BUENO,False,False,False,False,False,False,False,False,False,False,False,False,0,605699.5399999999
2018,SC,PRB,1077,TEREZINHA OSMAR JERÔNIMO,False,False,False,False,False,False,False,False,False,False,False,False,0,39625.0
2018,SC,PROS,9000,PRISCILA DELDUQUE PRIESTER,False,False,False,False,False,False,False,False,False,False,False,False,0,
2018,SC,PROS,9090,JOVINO CARDOSO NETO,True,True,True,True,False,True,False,False,False,False,True,True,0,341500.0
2018,SC,PRP,4400,ED ONER PAES SÁ,False,False,False,False,False,False,False,False,False,False,False,False,0,33323.0
2018,SC,PRP,4411,RAFAEL PEREIRA COELHO,False,False,False,False,False,False,False,False,False,False,False,False,0,1500.0
2018,SC,PRP,4412,PAULO RODRIGO SESTREM,False,False,False,False,False,False,False,False,False,False,False,False,0,13000.0
2018,SC,PRP,4413,SONIA JOÃO ANTUNES,False,False,False,False,False,False,False,False,False,False,False,False,0,3000.0
2018,SC,PRP,4421,ADRIANA APARECIDA RAMOS PANTZIER,False,False,False,False,False,False,False,False,False,False,False,False,0,1000.0
2018,SC,PRP,4433,ELVES BECKER,False,False,False,False,False,False,False,False,False,False,False,False,0,5000.0
2018,SC,PRP,4444,ANA MARIA AMORIM RIBEIRO,False,False,False,False,False,False,False,False,False,False,False,False,0,2500.0
2018,SC,PRP,4445,JOAO CARLOS SCHNEIDER,False,False,False,False,False,False,False,False,False,False,False,False,0,1500.0
2018,SC,PRP,4499,RICARDO VASCONCELOS DE ALMEIDA,False,False,False,False,False,False,False,False,False,False,False,False,0,1500.0
2018,SC,PRTB,2810,VLADIMIR CHITOLINA,False,False,False,False,False,False,False,False,False,False,False,False,0,1428.57
2018,SC,PRTB,2813,EDITH HORSTH ASSING,False,False,False,False,False,False,False,False,False,False,False,False,0,1428.57
2018,SC,PRTB,2829,MARGARETE CHARÃO RECHINI,False,False,False,False,False,False,False,False,False,False,False,False,0,11428.58
2018,SC,PRTB,2877,VANESSA WITT RIOS DE SOUZA,False,False,False,False,False,False,False,False,False,False,False,False,0,1428.57
2018,SC,PRTB,2883,FABIO ASSING,False,False,False,False,False,False,False,False,False,False,False,False,0,1428.57
2018,SC,PSB,4000,ERNANI DONIZETI DE GODOY,False,False,False,False,False,False,False,False,False,False,False,False,0,10000.0
2018,SC,PSB,4004,LUCAS WILSON GOTARDO,False,False,False,False,False,False,False,False,False,False,False,False,0,4983.0
2018,SC,PSB,4010,FÁBIO ANDRÉ BREZOLA,False,False,True,False,False,False,False,False,False,True,False,False,0,50000.0
2018,SC,PSB,4011,ALBERTINA ROSSO,False,False,False,False,False,False,False,False,False,False,False,False,0,77666.25
2018,SC,PSB,4022,CARLA ODETE HOFMANN FUCKNER,False,False,False,False,False,False,False,False,False,False,False,False,0,122666.25
2018,SC,PSB,4030,SARA TOSCAN CAMARGO,False,False,False,False,False,False,False,False,False,False,False,False,0,44652.5
2018,SC,PSB,4033,RAMON MARCIDES JACOB,False,False,False,False,False,False,False,False,False,False,False,False,0,50000.0
2018,SC,PSB,4040,MURILO XAVIER FLORES,False,False,False,False,False,False,False,False,False,False,False,False,0,605000.0
2018,SC,PSB,4044,ISRAEL ROCHA BORBA,False,False,False,False,False,False,False,False,False,False,False,False,0,300000.0
2018,SC,PSB,4050,RODRIGO COELHO,False,False,False,False,False,False,False,False,False,False,False,False,1,500000.0
2018,SC,PSB,4077,EDI CARLOS DE ALMEIDA,False,False,False,False,False,False,False,False,False,False,False,False,0,50000.0
2018,SC,PSB,4080,ANGELO SOLANO CATTONI,False,False,False,False,False,False,False,False,False,False,False,False,0,
2018,SC,PSB,4088,JORGE JOSÉ CENCI,False,False,False,False,False,False,False,False,False,False,False,False,0,
2018,SC,PSC,2020,JAIME EVARISTO,False,False,False,False,False,False,False,False,False,False,False,False,0,200000.0
2018,SC,PSD,5500,DARCI DE MATOS,True,True,True,True,True,True,False,False,False,False,True,True,1,200230.0
2018,SC,PSD,5501,NELCI TEREZINHA PEDROSKI CANCI,False,False,False,False,False,False,False,False,False,False,False,False,0,109358.0
2018,SC,PSD,5510,CESAR SOUZA JUNIOR,True,True,True,True,True,True,False,False,False,False,True,True,0,200000.0
2018,SC,PSD,5511,RICARDO ZANATTA GUIDI,True,True,True,True,True,True,False,False,False,False,True,True,1,700000.0
2018,SC,PSD,5524,KATIELLY LANZINI,False,False,False,False,False,False,False,False,False,False,False,False,0,26201.0
2018,SC,PSD,5550,ROBERTO EIDT BASTO,False,False,False,False,False,False,False,False,False,False,False,False,0,
2018,SC,PSD,5569,INGRID DA SILVA PAGANI,False,False,False,False,False,False,False,False,False,False,False,False,0,31595.0
2018,SC,PSD,5580,MARCELO DE SOUZA BRICK,False,False,True,False,False,False,False,False,False,True,False,False,0,24100.0
2018,SC,PSD,5588,ARÃO JOSINO DA SILVA,False,False,False,False,False,False,False,False,False,False,False,False,0,
2018,SC,PSDB,4510,RALF ZIMMER JUNIOR,False,False,False,False,False,False,False,False,False,False,False,False,0,60000.0
2018,SC,PSDB,4525,JOSE LUIZ TANCREDO,False,False,False,False,False,False,False,False,False,False,False,False,0,112704.54
2018,SC,PSDB,4533,MAIKON DA COSTA,False,False,False,False,False,False,False,False,False,False,False,False,0,82704.54000000001
2018,SC,PSDB,4535,SEBASTIÃO ALEXANDRE ISFER DE LIMA,False,False,False,False,False,False,False,False,False,False,False,False,0,2250.0
2018,SC,PSDB,4537,ANDERSON VIEIRA AMORIM,False,False,False,False,False,False,False,False,False,False,False,False,0,62250.0
2018,SC,PSDB,4545,MARCO ANTONIO TEBALDI,True,True,True,True,True,True,False,True,False,True,True,True,0,900000.0
2018,SC,PSDB,4554,ROBERTO RIVELINO DA CUNHA,False,False,False,False,False,False,False,False,False,False,False,False,0,82250.0
2018,SC,PSDB,4555,LUIS ANTONIO DUTRA,False,False,False,False,False,False,False,False,False,False,False,False,0,102250.0
2018,SC,PSDB,4557,MARCO ANTÔNIO GONÇALVES MENDES WANROWSKY,True,True,True,True,False,True,False,False,False,False,True,True,0,202522.1
2018,SC,PSDB,4560,GRAZIELE SCHNEIDER,False,False,False,False,False,False,False,False,False,False,False,False,0,52250.0
2018,SC,PSDB,4565,SIRLEY DE FATIMA TIBES CECCATTO,False,False,True,False,False,False,False,False,False,True,False,False,0,287836.36
2018,SC,PSDB,4566,MARA REGINA DOS SANTOS,False,False,False,False,False,False,False,False,False,False,False,False,0,27704.54
2018,SC,PSDB,4567,LEONEL JUNIOR PAVAN,False,False,False,False,False,False,False,False,False,False,False,False,0,150000.0
2018,SC,PSDB,4577,GEOVANIA DE SA RODRIGUES,True,True,True,True,True,True,False,False,False,False,True,True,1,2000000.0
2018,SC,PSDB,4580,HELENA MAZZINI MONTE BLANCO,False,False,False,False,False,False,False,False,False,False,False,False,0,32704.54
2018,SC,PSDB,4588,NORMA PETERMANN PEREIRA,False,False,False,False,False,False,False,False,False,False,False,False,0,297836.36
2018,SC,PSDB,4599,PAULO HENRIQUE NOBREGA CORAL,False,False,False,False,False,False,False,False,False,False,False,False,0,62250.0
2018,SC,PSL,1700,RUI GODINHO DA MOTA,False,False,False,False,False,False,False,False,False,False,False,False,0,265.0
2018,SC,PSL,1701,AIRTON AMARAL DE OLIVEIRA JUNIOR,False,False,False,False,False,False,False,False,False,False,False,False,0,265.0
2018,SC,PSL,1703,TATIANA APARECIDA DE MELO SCHMITT,False,False,False,False,False,False,False,False,False,False,False,False,0,550.71
2018,SC,PSL,1707,SILVIO CARDOSO JÚNIOR ,False,False,False,False,False,False,False,False,False,False,False,False,0,550.71
2018,SC,PSL,1710,PAULO SÉRGIO FERES ALVES,False,False,False,False,False,False,False,False,False,False,False,False,0,550.71
2018,SC,PSL,1711,CLÓVIS MACIEL KRÜGER,False,False,False,False,False,False,False,False,False,False,False,False,0,
2018,SC,PSL,1717,DANIEL COSTA DE FREITAS,False,False,False,False,False,False,False,False,False,False,False,False,1,
2018,SC,PSL,1718,CAROLINE RODRIGUES DE TONI,False,False,False,False,False,False,False,False,False,False,False,False,1,265.0
2018,SC,PSL,1720,NEWTON MENDES JUNIOR,False,False,False,False,False,False,False,False,False,False,False,False,0,
2018,SC,PSL,1722,EDGAR LOPES DA COSTA NETO,False,False,False,False,False,False,False,False,False,False,False,False,0,265.0
2018,SC,PSL,1727,ELAINE CRISTINA CASAS FLORIANO,False,False,False,False,False,False,False,False,False,False,False,False,0,550.71
2018,SC,PSL,1755,DILETA CORRÊA DA SILVA PEREZ,False,False,False,False,False,False,False,False,False,False,False,False,0,265.0
2018,SC,PSL,1759,ANDREZA SCHIPHORST BORGES,False,False,False,False,False,False,False,False,False,False,False,False,0,
2018,SC,PSL,1762,LUIZ ARMANDO SCHROEDER REIS,False,False,False,False,False,False,False,False,False,False,False,False,1,265.0
2018,SC,PSL,1770,CARLOS ROBERTO FELIPE,False,False,False,False,False,False,False,False,False,False,False,False,0,550.71
2018,SC,PSL,1777,FABIO LUIZ SCHIOCHET FILHO,False,False,False,False,False,False,False,False,False,False,False,False,1,550.72
2018,SC,PSL,1788,JUNGLES SILVIO WEGHER,False,False,False,False,False,False,False,False,False,False,False,False,0,265.0
2018,SC,PSL,1789,GRAZIELE JEREMIAS DE OLIVEIRA,False,False,False,False,False,False,False,False,False,False,False,False,0,
2018,SC,PSL,1799,EDUPERCIO PRATTS,False,False,False,False,False,False,False,False,False,False,False,False,0,265.0
2018,SC,PSOL,5000,GIOVANI RAFAEL SEIBEL,False,False,False,False,False,False,False,False,False,False,False,False,0,10565.95
2018,SC,PSOL,5010,LUÍZA BITTENCOURT,False,False,False,False,False,False,False,False,False,False,False,False,0,15491.86
2018,SC,PSOL,5023,RAFAEL RODRIGO DE MELO,False,False,False,False,False,False,False,False,False,False,False,False,0,3342.46
2018,SC,PSOL,5025,KATIA MARIA COSTA,False,False,False,False,False,False,False,False,False,False,False,False,0,15491.86
2018,SC,PSOL,5028,FANNY SPINA FRANÇA,False,False,False,False,False,False,False,False,False,False,False,False,0,15500.86
2018,SC,PSOL,5030,MAX MEDEIROS DO AMARAL,False,False,False,False,False,False,False,False,False,False,False,False,0,10115.95
2018,SC,PSOL,5050,AFRÂNIO TADEU BOPPRÉ,True,True,True,True,True,True,False,False,False,False,True,True,0,104533.25
2018,SC,PSOL,5051,RÚBIA GRAZIELA DE SOUZA SAGAZ,False,False,False,False,False,False,False,False,False,False,False,False,0,15491.86
2018,SC,PSOL,5055,VICENTE NEVES DA SILVA RIBEIRO,False,False,False,False,False,False,False,False,False,False,False,False,0,10115.95
2018,SC,PSOL,5060,JOÃO PAULO SILVANO SILVESTRE,False,False,False,False,False,False,False,False,False,False,False,False,0,10115.95
2018,SC,PSOL,5066,AMARILDO NARCISO,False,False,False,False,False,False,False,False,False,False,False,False,0,3371.22
2018,SC,PSOL,5069,MARCOS ROBERTO BANHARA,False,False,False,False,False,False,False,False,False,False,False,False,0,3362.22
2018,SC,PSOL,5070,ADILSON MARIANO,True,True,True,True,False,True,False,False,False,False,True,True,0,
2018,SC,PSOL,5078,AURI ARNALDO BITENCOURT DA ROSA,False,False,False,False,False,False,False,False,False,False,False,False,0,10115.95
2018,SC,PSOL,5080,JESSICA MICHELS,False,False,False,False,False,False,False,False,False,False,False,False,0,25835.54
2018,SC,PSOL,5088,EUNICE ANTUNES,False,False,False,False,False,False,False,False,False,False,False,False,0,15491.86
2018,SC,PSTU,1606,JONAS ORBEN,False,False,False,False,False,False,False,False,False,False,False,False,0,
2018,SC,PSTU,1616,GABRIELA SANTETTI CELESTINO,False,False,False,False,False,False,False,False,False,False,False,False,0,
2018,SC,PT,1300,ELENIRA OLIVEIRA VILELA,False,False,False,False,False,False,False,False,False,False,False,False,0,436000.0
2018,SC,PT,1310,DANIEL FERREIRA,False,False,False,False,False,False,False,False,False,False,False,False,0,15000.0
2018,SC,PT,1312,MANOEL FRANCISCO BENTO,True,True,True,True,False,True,False,False,False,False,True,True,0,15000.0
2018,SC,PT,1313,ANA PAULA DE SOUZA LIMA,True,True,True,True,True,True,False,False,False,False,True,True,0,600000.0
2018,SC,PT,1330,CLAUDEMIR DA ROSA,False,False,False,False,False,False,False,False,False,False,False,False,0,18000.0
2018,SC,PT,1331,DIRCEU LUIZ DRESCH,True,True,True,True,True,True,False,False,False,False,True,True,0,435000.0
2018,SC,PT,1333,LINO FERNANDO BRAGANÇA PERES,False,False,False,False,False,False,False,False,False,False,False,False,0,15000.0
2018,SC,PT,1340,CLAUDIO ANTONIO VIGNATTI,True,True,True,True,True,True,False,False,False,True,True,True,0,435000.0
2018,SC,PT,1350,PEDRO FRANCISCO UCZAI,True,True,True,True,True,True,False,False,False,True,True,True,1,900000.0
2018,SC,PT,1363,CÉLIO ALVES ELIAS,False,False,False,False,False,False,False,False,False,False,False,False,0,25000.0
2018,SC,PT,1399,JOICE MAIRA ANDREOLA KRIEGER,False,False,False,False,False,False,False,False,False,False,False,False,0,81500.0
2018,SC,PTB,1488,CASSIANO GONÇALVES UCKER,False,False,False,False,False,False,False,False,False,False,False,False,0,90600.0
2018,SC,PTC,3606,NEURA MARIA CORRÊA COSTA,False,False,False,False,False,False,False,False,False,False,False,False,0,10000.0
2018,SC,PTC,3607,JANAINA BARBOSA RODRIGUES,False,False,False,False,False,False,False,False,False,False,False,False,0,
2018,SC,PTC,3610,JOSÉ NILDO BARBOSA DE SALES,False,False,False,False,False,False,False,False,False,False,False,False,0,
2018,SC,PTC,3611,ROSANGELA DUARTE NASCIMENTO,False,False,False,False,False,False,False,False,False,False,False,False,0,
2018,SC,PTC,3612,ALITA EULIPIA BLASIUS,False,False,False,False,False,False,False,False,False,False,False,False,0,
2018,SC,PTC,3614,JOAO MANU DE LIMA FILHO,False,False,False,False,False,False,False,False,False,False,False,False,0,
2018,SC,PTC,3617,ELIAS DIAS DA SILVA,False,False,False,False,False,False,False,False,False,False,False,False,0,
2018,SC,PTC,3626,SANDRA PADILHA FORTES,False,False,False,False,False,False,False,False,False,False,False,False,0,
2018,SC,PTC,3630,DARCI CASTRO,False,False,False,False,False,False,False,False,False,False,False,False,0,
2018,SC,PTC,3636,MANOEL FRANCISCO RODRIGUES DE SOUZA,False,False,False,False,False,False,False,False,False,False,False,False,0,
2018,SC,PTC,3637,JONATHAN DA SILVA FERRAZ,False,False,False,False,False,False,False,False,False,False,False,False,0,
2018,SC,PTC,3645,LUIZ CARLOS COSTA,False,False,False,False,False,False,False,False,False,False,False,False,0,
2018,SC,PTC,3647,VANDERLEI SEBASTIAO RODRIGUES DA SILVA,False,False,False,False,False,False,False,False,False,False,False,False,0,
2018,SC,PTC,3654,OTTO BIEDMAN,False,False,False,False,False,False,False,False,False,False,False,False,0,
2018,SC,PTC,3660,VITALINO MEIRA,False,False,False,False,False,False,False,False,False,False,False,False,0,
2018,SC,PTC,3663,WERNNER ASSIS BERTOLDI,False,False,False,False,False,False,False,False,False,False,False,False,0,
2018,SC,PTC,3666,GASPARINO MARTINHO RODRIGUES,False,False,False,False,False,False,False,False,False,False,False,False,0,
2018,SC,PTC,3671,ANDERSON AMBROSIO LEITE,False,False,False,False,False,False,False,False,False,False,False,False,0,
2018,SC,PTC,3676,CLECIO DAVID MANOEL,False,False,False,False,False,False,False,False,False,False,False,False,0,
2018,SC,PTC,3677,IRENE NOGUEIRA LOPES,False,False,False,False,False,False,False,False,False,False,False,False,0,
2018,SC,PTC,3690,LUCIENE DE FATIMA TORETI SILVESTRI,False,False,False,False,False,False,False,False,False,False,False,False,0,
2018,SC,PV,4303,CLAUDIA MARINHO,False,False,False,False,False,False,False,False,False,False,False,False,0,50723.979999999996
2018,SC,PV,4333,FREDERICO TREVISAN SANTOS,False,False,False,False,False,False,False,False,False,False,False,False,0,1000.0
2018,SC,PV,4343,GUARACI EDSON FAGUNDES,False,False,False,False,False,False,False,False,False,False,False,False,0,449959.05
2018,SC,PV,4390,CLÁUDIA PATRÍCIA DA COSTA,False,False,False,False,False,False,False,False,False,False,False,False,0,46563.979999999996
2018,SC,REDE,1801,LUÍSA BRESOLIN DE OLIVEIRA,False,False,False,False,False,False,False,False,False,False,False,False,0,800.0
2018,SC,REDE,1810,LEOPARDO SALES,False,False,False,False,False,False,False,False,False,False,False,False,0,
2018,SC,REDE,1818,CARLOS EDUARDO FREITAS DO ROSÁRIO,False,False,False,False,False,False,False,False,False,False,False,False,0,
2018,SC,REDE,1819,JOÃO DE DEUS MEDEIROS,False,False,False,False,False,False,False,False,False,False,False,False,0,
2018,SC,REDE,1820,HERBERT ETGES ZANDOMENECO,False,False,False,False,False,False,False,False,False,False,False,False,0,
2018,SC,REDE,1833,MARI EDI HAAS,False,False,False,False,False,False,False,False,False,False,False,False,0,800.0
2018,SC,SOLIDARIEDADE,7777,OSVALDO OLAVIO MAFRA,True,True,True,True,False,True,False,False,False,False,True,True,0,907500.0
2018,SE,AVANTE,7000,CACIO JEORGE SILVA,False,False,False,False,False,False,False,False,False,False,False,False,0,2050.0
2018,SE,AVANTE,7010,FENELON MENDONCA SANTOS,True,True,True,True,False,True,False,False,False,False,True,True,0,4850.0
2018,SE,AVANTE,7012,ALEXSANDRA SILVA SANTOS DE MELO,False,False,False,False,False,False,False,False,False,False,False,False,0,2050.0
2018,SE,AVANTE,7070,ERAILDO REIS CAMPOS,True,False,False,True,False,False,True,False,False,False,True,False,0,
2018,SE,AVANTE,7078,VALDIR DOS SANTOS,False,False,False,False,False,False,False,False,False,False,False,False,0,4850.0
2018,SE,AVANTE,7092,JOSEFA MARIA DE JESUS DOS SANTOS,False,False,False,False,False,False,False,False,False,False,False,False,0,2050.0
2018,SE,DC,2700,CLAUDIO JOSE DE BRITO,False,False,False,False,False,False,False,False,False,False,False,False,0,
2018,SE,DC,2727,JOSÉ LEONEL FERREIRA AQUINO,False,False,False,False,False,False,False,False,False,False,False,False,0,
2018,SE,DC,2777,ELEONORA BARROS DA SILVA,False,False,False,False,False,False,False,False,False,False,False,False,0,30022.82
2018,SE,DEM,2500,LUIZ BOSCO DE SÁ,False,False,False,False,False,False,False,False,False,False,False,False,0,
2018,SE,DEM,2510,AUGUSTO FLAVIO SOUZA MENDONCA,False,False,False,False,False,False,False,False,False,False,False,False,0,
2018,SE,DEM,2511,MONICLEIA DE ANDRADE,False,False,False,False,False,False,False,False,False,False,False,False,0,
2018,SE,DEM,2525,NIVALDO VALENÇA DOS SANTOS,False,False,False,False,False,False,False,False,False,False,False,False,0,
2018,SE,DEM,2555,VALDSON DOS SANTOS,False,False,False,False,False,False,False,False,False,False,False,False,0,
2018,SE,MDB,1500,ALEXANDRE BRITO DE FIGUEIREDO,False,False,False,False,False,False,False,False,False,False,False,False,0,150000.0
2018,SE,MDB,1515,FABIO DE ALMEIDA REIS,True,True,True,True,True,True,False,False,False,False,True,True,1,1500000.0
2018,SE,MDB,1555,KATIANE FORTUNATO PEREIRA,False,False,False,False,False,False,False,False,False,False,False,False,0,60000.0
2018,SE,NOVO,3000,AURELIO LIMA BARRETO,False,False,False,False,False,False,False,False,False,False,False,False,0,1099.1599999999999
2018,SE,NOVO,3030,ADRIANA LIMA MALLEZAN,False,False,False,False,False,False,False,False,False,False,False,False,0,1099.1599999999999
2018,SE,PATRI,5123,ITAMAR ALVES DOS SANTOS,False,False,False,False,False,False,False,False,False,False,False,False,0,
2018,SE,PATRI,5151,EMILIA CORREA SANTOS,False,False,False,False,False,False,False,False,False,False,False,False,0,300000.0
2018,SE,PC do B,6500,MARCIO SANTANA DORIA,False,False,False,False,False,False,False,False,False,False,False,False,0,15000.0
2018,SE,PC do B,6555,LUCIMARA DANTAS PASSOS,False,False,False,False,False,False,False,False,False,False,False,False,0,539000.0
2018,SE,PCB,2112,JOSÉ ANTONIO MARQUES DE OLIVEIRA,False,False,False,False,False,False,False,False,False,False,False,False,0,
2018,SE,PDT,1212,FABIO HENRIQUE SANTANA DE CARVALHO,False,True,True,False,True,False,False,True,False,True,False,False,1,112400.0
2018,SE,PDT,1224,DENISE GOMES DOS SANTOS,False,False,False,False,False,False,False,False,False,False,False,False,0,37475.0
2018,SE,PDT,1234,LARISSE CRISTIAN DOS SANTOS SILVA,False,False,False,False,False,False,False,False,False,False,False,False,0,36975.0
2018,SE,PHS,3100,SANDRA LUIZA COSTA,False,False,False,False,False,False,False,False,False,False,False,False,0,17155.0
2018,SE,PHS,3113,LUIZ CARLOS CORREIA,False,False,False,False,False,False,False,False,False,False,False,False,0,7488.33
2018,SE,PHS,3131,SERGIO LIMA SANTOS,False,False,False,False,False,False,False,False,False,False,False,False,0,7655.0
2018,SE,PMN,3300,AUGUSTO CEZAR CARDOSO,False,False,False,False,False,False,False,False,False,False,False,False,0,100000.0
2018,SE,PMN,3333,PAULO DE MENDONÇA,False,False,False,False,False,False,False,False,False,False,False,False,0,
2018,SE,PMN,3366,LEURE TENORIO DE SOUZA SILVA,False,False,False,False,False,False,False,False,False,False,False,False,0,
2018,SE,PMN,3377,JOSEFA MARLENE DE ALMEIDA MELO,False,False,False,False,False,False,False,False,False,False,False,False,0,
2018,SE,PODE,1900,ASTROGILDO VIEIRA SANTOS,False,False,True,False,False,False,False,False,False,True,False,False,0,
2018,SE,PODE,1911,SANDRA SOARES DOS SANTOS,False,False,False,False,False,False,False,False,False,False,False,False,0,
2018,SE,PODE,1919,EVALDO FERNANDES CAMPOS,False,False,False,False,False,False,False,False,False,False,False,False,0,
2018,SE,PODE,1990,VALFRAN RIBEIRO DOS SANTOS,False,False,False,False,False,False,False,False,False,False,False,False,0,
2018,SE,PP,1111,LAERCIO JOSE DE OLIVEIRA,True,True,True,True,True,True,False,False,False,False,True,True,1,1731095.1600000001
2018,SE,PPL,5400,MARIA AUXILIADORA DE SANTANA,False,False,False,False,False,False,False,False,False,False,False,False,0,18883.67
2018,SE,PPL,5440,ALEALDO HILARIO DOS SANTOS,False,False,False,False,False,False,False,False,False,False,False,False,0,5831.5
2018,SE,PPL,5453,ADEILDE MARQUES,False,False,False,False,False,False,False,False,False,False,False,False,0,25450.0
2018,SE,PPS,2323,KLEBER RENISSON NASCIMENTO DOS SANTOS,False,False,False,False,False,False,False,False,False,False,False,False,0,98402.1
2018,SE,PPS,2344,JOSÉ VIEIRA DA SILVA FILHO,False,False,False,False,False,False,False,False,False,False,False,False,0,
2018,SE,PR,2210,ALCILÂNIA CASTRO FELIX,False,False,False,False,False,False,False,False,False,False,False,False,0,
2018,SE,PR,2211,LEILA COSTA DE CARVALHO,False,False,False,False,False,False,False,False,False,False,False,False,0,
2018,SE,PR,2222,ADELSON BARRETO DOS SANTOS,True,True,True,True,True,True,False,False,False,True,True,True,0,1400000.0
2018,SE,PR,2233,JOÃO BOSCO DA COSTA,True,True,True,True,True,True,False,False,False,False,True,True,1,2100000.0
2018,SE,PRB,1000,MARLEIDE DOS SANTOS,False,False,False,False,False,False,False,False,False,False,False,False,0,16500.0
2018,SE,PRB,1010,JONY MARCOS DE SOUZA ARAUJO,True,True,True,True,True,True,False,False,False,False,True,True,0,679000.0
2018,SE,PROS,9090,DANILO DIAS SAMPAIO SEGUNDO,False,False,False,False,False,False,False,False,False,False,False,False,0,43331.5
2018,SE,PRTB,2810,LUANA SANTOS SILVA,False,False,False,False,False,False,False,False,False,False,False,False,0,6000.0
2018,SE,PRTB,2828,ANDERSON EVARISTO CAMILO,False,False,False,False,False,False,False,False,False,False,False,False,0,9600.0
2018,SE,PRTB,2888,SEVERO DE JESUS SANTOS,False,False,False,False,False,False,False,False,False,False,False,False,0,1000.0
2018,SE,PSB,4000,CRISTIANO VIANA MENESES,False,False,True,False,False,False,False,False,False,True,False,False,0,14831.5
2018,SE,PSB,4001,ALAN CARDOSO VIEIRA,False,False,True,False,False,False,False,False,False,True,False,False,0,4331.5
2018,SE,PSB,4010,EDNA MARIA SILVA FREITAS DOREA,False,False,False,False,False,False,False,False,False,False,False,False,0,440440.99
2018,SE,PSB,4033,ROMILDO DE OLIVEIRA PORTO JUNIOR,False,False,False,False,False,False,False,False,False,False,False,False,0,8331.5
2018,SE,PSB,4040,ELBER ANDRADE BATALHA DE GOES,False,False,False,False,False,False,False,False,False,False,False,False,0,115900.0
2018,SE,PSB,4044,GILDASIO PEREIRA ARANHA,False,False,False,False,False,False,False,False,False,False,False,False,0,5331.5
2018,SE,PSC,2020,ANTONIO DOS SANTOS,True,True,True,True,True,True,False,False,False,False,True,True,0,100000.0
2018,SE,PSD,5555,FÁBIO CRUZ MITIDIERI,True,True,True,True,True,True,False,False,False,False,True,True,1,670000.0
2018,SE,PSDB,4545,SUELY FONTES DE CARVALHO OURO,False,False,False,False,False,False,False,False,False,False,False,False,0,300891.44
2018,SE,PSDB,4555,CARLOS JOSÉ MAGALHÃES DE MELO,False,False,False,False,False,False,False,False,False,False,False,False,0,50000.0
2018,SE,PSDB,4567,JOSE EVERALDO DE OLIVEIRA,True,True,True,True,True,True,False,True,False,False,True,True,0,100000.0
2018,SE,PSL,1701,PETER SANTANA COSTA,False,False,False,False,False,False,False,False,False,False,False,False,0,
2018,SE,PSL,1710,TAMARA ROSA DE CARVALHO,False,False,False,False,False,False,False,False,False,False,False,False,0,
2018,SE,PSL,1717,CÍCERO JOSÉ DA SILVA,False,False,False,False,False,False,False,False,False,False,False,False,0,
2018,SE,PSL,1755,DANIELLI HEANS SANTOS NASCIMENTO,False,False,False,False,False,False,False,False,False,False,False,False,0,
2018,SE,PSL,1771,IVONETE SOUZA BISPO,False,False,False,False,False,False,False,False,False,False,False,False,0,
2018,SE,PSL,1777,GUSTAVO RAFAEL ANFRÍSIO CARNEIRO DE ALBUQUERQUE,False,False,False,False,False,False,False,False,False,False,False,False,0,
2018,SE,PSL,1787,BRENDA RIDAMAR SANTOS GONÇALVES,False,False,False,False,False,False,False,False,False,False,False,False,0,
2018,SE,PSL,1789,MOACYR WANDERLEY AGOSTINHO,False,False,False,False,False,False,False,False,False,False,False,False,0,
2018,SE,PSOL,5000,MÁRIO DE CARVALHO LEONY,False,False,False,False,False,False,False,False,False,False,False,False,0,6126.71
2018,SE,PSOL,5005,TÂNIA MARIA DOS SANTOS MATOS,False,False,False,False,False,False,False,False,False,False,False,False,0,4839.29
2018,SE,PSOL,5010,DIOGO SOUZA GOMES,False,False,False,False,False,False,False,False,False,False,False,False,0,6793.34
2018,SE,PSOL,5011,AILTON FREITAS DOS SANTOS,False,False,False,False,False,False,False,False,False,False,False,False,0,1904.68
2018,SE,PSOL,5013,UALLAS BRAHIAM DA FONSECA,False,False,False,False,False,False,False,False,False,False,False,False,0,1904.68
2018,SE,PSOL,5022,CLAUDINEI RODRIGUES DOS SANTOS,False,False,False,False,False,False,False,False,False,False,False,False,0,
2018,SE,PSOL,5025,JOSELINA DE SOUZA SANTOS,False,False,False,False,False,False,False,False,False,False,False,False,0,6468.84
2018,SE,PSOL,5050,DANNYLLO DOS SANTOS NASCIMENTO,False,False,False,False,False,False,False,False,False,False,False,False,0,3904.58
2018,SE,PSOL,5051,EDIVALDO SOARES LEANDRO,False,False,False,False,False,False,False,False,False,False,False,False,0,4126.8
2018,SE,PSTU,1616,LEIDIANE VASCONCELOS LIMA,False,False,False,False,False,False,False,False,False,False,False,False,0,
2018,SE,PSTU,1622,FABIO LUIS SANTANA DE FREITAS,False,False,False,False,False,False,False,False,False,False,False,False,0,
2018,SE,PT,1311,JOAO SOMARIVA DANIEL,True,True,True,True,True,True,False,False,False,False,True,True,1,903000.0
2018,SE,PT,1313,MARCIO COSTA MACÊDO,True,True,True,True,True,True,False,False,False,False,True,True,1,944000.0
2018,SE,PT,1390,ANGELA MARIA DE MELO,False,False,False,False,False,False,False,False,False,False,False,False,0,68000.0
2018,SE,PTB,1400,SERGIO HENRIQUE RODRIGUES SANTOS,False,False,False,False,False,False,False,False,False,False,False,False,0,23331.5
2018,SE,PTB,1414,ELIAS FERREIRA DA SILVA,False,False,False,False,False,False,False,False,False,False,False,False,0,36431.5
2018,SE,PV,4300,AIRTON COSTA SANTOS,False,False,False,False,False,False,False,False,False,False,False,False,0,20000.0
2018,SE,PV,4321,ISMAEL SILVA SANTOS,True,True,True,True,True,False,False,False,False,False,False,False,0,25000.0
2018,SE,PV,4325,CLAUDIA RODRIGUES DA SILVA,False,False,False,False,False,False,False,False,False,False,False,False,0,17500.0
2018,SE,PV,4333,MARCIA REGINA RIBEIRO LOPES,False,False,False,False,False,False,False,False,False,False,False,False,0,14979.7
2018,SE,PV,4334,EDIMAGNO ARAUJO DE SOUZA,False,False,False,False,False,False,False,False,False,False,False,False,0,10996.74
2018,SE,PV,4343,GIVALDO HENRIQUE DE JESUS SILVA,False,False,False,False,False,False,False,False,False,False,False,False,0,5000.0
2018,SE,PV,4355,JAILMA LEOZINA DOS SANTOS,False,False,False,False,False,False,False,False,False,False,False,False,0,15000.0
2018,SE,REDE,1800,LAYSE SANTIAGO COSTA JASMIM,False,False,False,False,False,False,False,False,False,False,False,False,0,1465.0
2018,SE,REDE,1801,IARA CORTEZ COSTA OLIVEIRA,False,False,False,False,False,False,False,False,False,False,False,False,0,1665.0
2018,SE,REDE,1808,HENRIQUE ALVES DA ROCHA,False,False,False,False,False,False,False,False,False,False,False,False,0,715.0
2018,SE,REDE,1810,HEBERT CARLOS SANTOS PEREIRA PASSOS,False,False,False,False,False,False,False,False,False,False,False,False,0,715.0
2018,SE,REDE,1811,LOURIVAL DE OLIVEIRA FILHO,False,False,False,False,False,False,False,False,False,False,False,False,0,715.0
2018,SE,REDE,1818,JAILSON FARIAS DOS SANTOS,False,False,False,False,False,False,False,False,False,False,False,False,0,715.0
2018,SE,REDE,1819,ADRIANO SOUZA SANTANA,False,False,False,False,False,False,False,False,False,False,False,False,0,715.0
2018,SE,REDE,1822,LOURINALDO LISBOA DE ARAUJO,False,False,False,False,False,False,False,False,False,False,False,False,0,400.0
2018,SE,REDE,1830,KELLY MENEZES DOS SANTOS,False,False,False,False,False,False,False,False,False,False,False,False,0,1065.0
2018,SE,REDE,1859,ERUNDINO PRADO JÚNIOR,False,False,False,False,False,False,False,False,False,False,False,False,0,710.0
2018,SE,REDE,1881,ANA LUIZA PRATA LIBORIO,False,False,False,False,False,False,False,False,False,False,False,False,0,1515.0
2018,SE,REDE,1888,MANOEL JOSÉ SOARES DA SILVA,False,False,False,False,False,False,False,False,False,False,False,False,0,815.0
2018,SE,SOLIDARIEDADE,7713,BERENICE DAMAZIO DOS SANTOS,False,False,False,False,False,False,False,False,False,False,False,False,0,15000.0
2018,SE,SOLIDARIEDADE,7777,LUIZ AUGUSTO CARVALHO RIBEIRO FILHO,True,True,True,True,True,True,False,False,False,False,True,True,1,800000.0
2018,SP,AVANTE,7000,EDUARDO SIVINSKI,False,False,False,False,False,False,False,False,False,False,False,False,0,58601.79
2018,SP,AVANTE,7001,ANDREIA OLIVEIRA LIMA,False,False,False,False,False,False,False,False,False,False,False,False,0,2694.43
2018,SP,AVANTE,7002,CARLOS ALBERTO BITENCOURT BARROSO,False,False,False,False,False,False,False,False,False,False,False,False,0,2601.79
2018,SP,AVANTE,7003,MAURA RITA DE OLIVEIRA,False,False,False,False,False,False,False,False,False,False,False,False,0,
2018,SP,AVANTE,7004,LUCIANE TORRECILLAS SARRAF,False,False,False,False,False,False,False,False,False,False,False,False,0,
2018,SP,AVANTE,7005,CARLA ALESSANDRA FRANCISCO,False,False,False,False,False,False,False,False,False,False,False,False,0,2699.92
2018,SP,AVANTE,7006,LIETIDES RAMOS DE NOVAES,False,False,False,False,False,False,False,False,False,False,False,False,0,4851.79
2018,SP,AVANTE,7007,RONALDO VLADEMIR FERREIRA,False,False,False,False,False,False,False,False,False,False,False,False,0,8601.79
2018,SP,AVANTE,7008,JOSE AROALDO DOS SANTOS JÚNIOR,False,False,False,False,False,False,False,False,False,False,False,False,0,4851.79
2018,SP,AVANTE,7009,DAYANE AMARO COSTA,False,False,False,False,False,False,False,False,False,False,False,False,0,4944.43
2018,SP,AVANTE,7010,JOSE RIBAMAR GOMES DA SILVA,False,False,False,False,False,False,False,False,False,False,False,False,0,2601.79
2018,SP,AVANTE,7011,EVÃNIO MARCELINO,False,False,False,False,False,False,False,False,False,False,False,False,0,4851.79
2018,SP,AVANTE,7012,SAMUEL PROCOPIO,False,False,False,False,False,False,False,False,False,False,False,False,0,8601.79
2018,SP,AVANTE,7013,MARIA CECILIA BEZERRA DA SILVA,False,False,False,False,False,False,False,False,False,False,False,False,0,8694.43
2018,SP,AVANTE,7014,RENATO PINHEIRO DA SILVA,False,False,False,False,False,False,False,False,False,False,False,False,0,4851.79
2018,SP,AVANTE,7015,VALQUÍRIA PENHA SOUZA,False,False,False,False,False,False,False,False,False,False,False,False,0,2694.43
2018,SP,AVANTE,7016,DEBORA APARECIDA LIBRELON GONDIM,False,False,False,False,False,False,False,False,False,False,False,False,0,2694.43
2018,SP,AVANTE,7017,RICARDO FIORAVANTI SPINDOLA,False,False,False,False,False,False,False,False,False,False,False,False,0,4851.79
2018,SP,AVANTE,7018,CLODOALDO MAIOLINI FILHO,False,False,False,False,False,False,False,False,False,False,False,False,0,8601.79
2018,SP,AVANTE,7019,LEANDRO RODRIGO RAMOS,False,False,False,False,False,False,False,False,False,False,False,False,0,2601.79
2018,SP,AVANTE,7020,ANTONIO RODRIGUEZ JUNIOR,False,False,False,False,False,False,False,False,False,False,False,False,0,8601.79
2018,SP,AVANTE,7021,NADIA MARASSATTI MARTINS,False,False,False,False,False,False,False,False,False,False,False,False,0,2601.79
2018,SP,AVANTE,7022,ANA MARIA FREIRE DA SILVA,False,False,False,False,False,False,False,False,False,False,False,False,0,4069.43
2018,SP,AVANTE,7023,ROBERTO FRANCISCO DE SOUZA,False,False,False,False,False,False,False,False,False,False,False,False,0,2601.79
2018,SP,AVANTE,7024,PAULINA ROSA DE SOUZA JACINTO,False,False,False,False,False,False,False,False,False,False,False,False,0,2694.43
2018,SP,AVANTE,7025,MARIA DA VITÓRIA DE OLIVEIRA DANTAS,False,False,False,False,False,False,False,False,False,False,False,False,0,4944.43
2018,SP,AVANTE,7026,CASSIO ROBERTO DOS REIS MARQUES,False,False,False,False,False,False,False,False,False,False,False,False,0,8601.79
2018,SP,AVANTE,7027,JI NA PARK,False,False,False,False,False,False,False,False,False,False,False,False,0,2694.43
2018,SP,AVANTE,7028,RUBENS XAVIER FILHO,False,False,False,False,False,False,False,False,False,False,False,False,0,4851.79
2018,SP,AVANTE,7029,DANIELA CARUSO MARIANO,False,False,False,False,False,False,False,False,False,False,False,False,0,2694.43
2018,SP,AVANTE,7030,DEBORAH CAMBURIAN ZILBERSTEIN,False,False,False,False,False,False,False,False,False,False,False,False,0,2694.43
2018,SP,AVANTE,7031,ANTONIO CARLOS PEDRO JUNIOR,False,False,False,False,False,False,False,False,False,False,False,False,0,1101.79
2018,SP,AVANTE,7032,SERGIO INÊS GONÇALVES,False,False,False,False,False,False,False,False,False,False,False,False,0,2601.79
2018,SP,AVANTE,7033,LAUDO NATEL IASULAITIS,False,False,False,False,False,False,False,False,False,False,False,False,0,8601.79
2018,SP,AVANTE,7034,KLEBER ORTEGA TORRES,False,False,False,False,False,False,False,False,False,False,False,False,0,2601.79
2018,SP,AVANTE,7035,RODRIGO DE OLIVEIRA VICENTE,False,False,False,False,False,False,False,False,False,False,False,False,0,4851.79
2018,SP,AVANTE,7036,SÔNIA MARIA DE ARAUJO,False,False,False,False,False,False,False,False,False,False,False,False,0,2694.43
2018,SP,AVANTE,7037,HOMERO LIMA,False,False,False,False,False,False,False,False,False,False,False,False,0,2601.79
2018,SP,AVANTE,7038,JOYCE KELLY GUMIERO,False,False,False,False,False,False,False,False,False,False,False,False,0,8694.43
2018,SP,AVANTE,7039,MARTINS DA SILVA MENEZES,False,False,False,False,False,False,False,False,False,False,False,False,0,2601.79
2018,SP,AVANTE,7040,ALAN SOUSA BOMFIM,False,False,False,False,False,False,False,False,False,False,False,False,0,
2018,SP,AVANTE,7041,JEFERSON DE CAMARGO,False,False,False,False,False,False,False,False,False,False,False,False,0,4851.79
2018,SP,AVANTE,7042,ANDREIA DAS NEVES OLIVEIRA,False,False,False,False,False,False,False,False,False,False,False,False,0,4694.43
2018,SP,AVANTE,7043,ADRIANO PEREIRA DE OLIVEIRA,False,False,False,False,False,False,False,False,False,False,False,False,0,
2018,SP,AVANTE,7044,SIVALDO DE JESUS,False,False,False,False,False,False,False,False,False,False,False,False,0,8601.79
2018,SP,AVANTE,7045,EVANDRO DE SOUZA SERRÃO,False,False,False,False,False,False,False,False,False,False,False,False,0,2601.79
2018,SP,AVANTE,7046,PAULO SÉRGIO GONÇALVES DA SILVA,False,False,False,False,False,False,False,False,False,False,False,False,0,4851.79
2018,SP,AVANTE,7047,ALEXANDRE MILANI DAS CHAGAS,False,False,False,False,False,False,False,False,False,False,False,False,0,8601.79
2018,SP,AVANTE,7048,GERALDO DE SOUZA SOBRINHO,False,False,False,False,False,False,False,False,False,False,False,False,0,
2018,SP,AVANTE,7049,MARIA ALICE CAMPOS DA SILVA,False,False,False,False,False,False,False,False,False,False,False,False,0,2694.43
2018,SP,AVANTE,7050,APARECIDO MARIN,False,False,False,False,False,False,False,False,False,False,False,False,0,4851.79
2018,SP,AVANTE,7051,MARCOS DE OLIVEIRA SAMPAIO,False,False,False,False,False,False,False,False,False,False,False,False,0,4851.79
2018,SP,AVANTE,7052,SILVANA MARIA BARBOSA MARQUES,False,False,False,False,False,False,False,False,False,False,False,False,0,2694.43
2018,SP,AVANTE,7053,VANIA MAIA DOS REIS,False,False,False,False,False,False,False,False,False,False,False,False,0,2694.43
2018,SP,AVANTE,7054,LUCIANO MARCELINO CAMARGO,False,False,False,False,False,False,False,False,False,False,False,False,0,8601.79
2018,SP,AVANTE,7055,JANIQUELE MARIA DA SILVA FERREIRA,False,False,False,False,False,False,False,False,False,False,False,False,0,15000.0
2018,SP,AVANTE,7056,JAIR AVELINO DOS SANTOS,False,False,False,False,False,False,False,False,False,False,False,False,0,4851.79
2018,SP,AVANTE,7058,CLESON ALVES DE SOUSA,False,False,True,False,False,False,False,False,False,True,False,False,0,2601.79
2018,SP,AVANTE,7059,ELLEN CRISTINA DE MORAES,False,False,False,False,False,False,False,False,False,False,False,False,0,11944.43
2018,SP,AVANTE,7060,JOSÉ APARECIDO RIBEIRO,False,False,False,False,False,False,False,False,False,False,False,False,0,4851.79
2018,SP,AVANTE,7061,DARCI SUEIRO JUNIOR,False,False,False,False,False,False,False,False,False,False,False,False,0,2601.79
2018,SP,AVANTE,7062,SEBASTIÃO GOMES NETO,False,False,False,False,False,False,False,False,False,False,False,False,0,4851.79
2018,SP,AVANTE,7063,MÁRCIO DA SILVA ANDRADE,False,False,False,False,False,False,False,False,False,False,False,False,0,2601.79
2018,SP,AVANTE,7065,ALEXSANDRO DE JESUS PEREIRA,False,False,False,False,False,False,False,False,False,False,False,False,0,8601.79
2018,SP,AVANTE,7066,ROMILDO LUIZ DA FONSECA,False,False,False,False,False,False,False,False,False,False,False,False,0,4851.79
2018,SP,AVANTE,7067,SIMONE DE CASTRO MELO,False,False,False,False,False,False,False,False,False,False,False,False,0,2639.4300000000003
2018,SP,AVANTE,7068,VALÉRIA MARTINS VIEIRA,False,False,False,False,False,False,False,False,False,False,False,False,0,2694.43
2018,SP,AVANTE,7069,LUIZ CARLOS TRUCOLO,False,False,False,False,False,False,False,False,False,False,False,False,0,4851.79
2018,SP,AVANTE,7070,CÂNDIDO ELPIDIO DE SOUZA VACCAREZZA,True,True,True,True,True,True,False,False,False,False,True,True,0,208384.73
2018,SP,AVANTE,7071,LUIZ CARLOS DA SILVA,False,False,False,False,False,False,False,False,False,False,False,False,0,4851.79
2018,SP,AVANTE,7072,ANTONIO JOSE ONOFRE DE MELO,False,False,False,False,False,False,False,False,False,False,False,False,0,2601.79
2018,SP,AVANTE,7073,VÂNIA MARIA CRETUCCI,False,False,False,False,False,False,False,False,False,False,False,False,0,2694.43
2018,SP,AVANTE,7074,RENATO PASCHOAL STAIBANO,False,False,False,False,False,False,False,False,False,False,False,False,0,2601.79
2018,SP,AVANTE,7075,PATRICIA ALMEIDA TAVARES DA SILVA,False,False,False,False,False,False,False,False,False,False,False,False,0,2694.43
2018,SP,AVANTE,7076,VALDEIR LUCCHIARI,False,False,False,False,False,False,False,False,False,False,False,False,0,
2018,SP,AVANTE,7077,ALEXANDRE DE OLIVEIRA,False,False,False,False,False,False,False,False,False,False,False,False,0,8601.79
2018,SP,AVANTE,7078,EDVALDO RANZANI CARLOS,False,False,False,False,False,False,False,False,False,False,False,False,0,4851.79
2018,SP,AVANTE,7079,JOSE EDILSON PACHECO SILVA,False,False,False,False,False,False,False,False,False,False,False,False,0,4851.79
2018,SP,AVANTE,7080,GERALDO MARÇAL DA SILVA,False,False,False,False,False,False,False,False,False,False,False,False,0,2601.79
2018,SP,AVANTE,7081,ERIKA MIWAKO NAKASHIMA VIEIRA,False,False,False,False,False,False,False,False,False,False,False,False,0,2694.43
2018,SP,AVANTE,7082,MARCIA PEREIRA PEDRO BATISTA,False,False,False,False,False,False,False,False,False,False,False,False,0,2694.43
2018,SP,AVANTE,7083,JAIRO CHAVES MASCARO,False,False,False,False,False,False,False,False,False,False,False,False,0,2601.79
2018,SP,AVANTE,7084,JOSE VASCONCELO VIANA,False,False,False,False,False,False,False,False,False,False,False,False,0,4851.79
2018,SP,AVANTE,7085,JOSE ROMILDO DA SILVA,False,False,False,False,False,False,False,False,False,False,False,False,0,4851.79
2018,SP,AVANTE,7087,RAFAEL ARTHUR ABRAHÃO,False,False,False,False,False,False,False,False,False,False,False,False,0,4851.79
2018,SP,AVANTE,7088,HELCIO ALVARES SOARES,False,False,False,False,False,False,False,False,False,False,False,False,0,4851.79
2018,SP,AVANTE,7089,SULINAR JOSÉ DE OLIVEIRA,False,False,False,False,False,False,False,False,False,False,False,False,0,3750.0
2018,SP,AVANTE,7090,PAULO SÉRGIO OLIVEIRA,False,False,False,False,False,False,False,False,False,False,False,False,0,8601.79
2018,SP,AVANTE,7091,MARCOS ANTÔNIO REMANZINI,False,False,False,False,False,False,False,False,False,False,False,False,0,4851.79
2018,SP,AVANTE,7092,DONATO JOSÉ MEDEIROS,False,False,False,False,False,False,False,False,False,False,False,False,0,4851.79
2018,SP,AVANTE,7093,DURVAL PARREIRA NETO,False,False,False,False,False,False,False,False,False,False,False,False,0,4851.79
2018,SP,AVANTE,7094,WAGNER CEOLIN,False,False,False,False,False,False,False,False,False,False,False,False,0,2601.79
2018,SP,AVANTE,7096,IVAN NATAL FATORETO,False,False,False,False,False,False,False,False,False,False,False,False,0,28601.79
2018,SP,AVANTE,7097,ANTÔNIO CESAR SANTANA,False,False,False,False,False,False,False,False,False,False,False,False,0,2601.79
2018,SP,AVANTE,7098,JOSE ROBERTO RODRIGUES JUNIOR,False,False,False,False,False,False,False,False,False,False,False,False,0,4851.79
2018,SP,AVANTE,7099,PATRICIA DE MORAIS,False,False,False,False,False,False,False,False,False,False,False,False,0,10694.43
2018,SP,DC,2702,GILVANDA DOS SANTOS NASCIMENTO,False,False,False,False,False,False,False,False,False,False,False,False,0,1504.57
2018,SP,DC,2703,ELIANE APARECIDA COSTA,False,False,False,False,False,False,False,False,False,False,False,False,0,4391.9
2018,SP,DC,2704,DARLENICE NUNES DE OLIVEIRA,False,False,False,False,False,False,False,False,False,False,False,False,0,7558.57
2018,SP,DC,2705,LILIAN RODRIGUES MENDES,False,False,False,False,False,False,False,False,False,False,False,False,0,4117.9
2018,SP,DC,2706,GILSON FERREIRA DO NASCIMENTO,False,False,False,False,False,False,False,False,False,False,False,False,0,2086.6
2018,SP,DC,2707,RAFAEL BROCHI DE MATTOS,False,False,False,False,False,False,False,False,False,False,False,False,0,2122.6
2018,SP,DC,2715,VALDECI DE PAULA,False,False,False,False,False,False,False,False,False,False,False,False,0,1852.6
2018,SP,DC,2717,FABIO DA SILVA RODRIGUES DE LIMA,False,False,False,False,False,False,False,False,False,False,False,False,0,
2018,SP,DC,2719,MARIZETE PEREIRA DE JESUS,False,False,False,False,False,False,False,False,False,False,False,False,0,5117.9
2018,SP,DC,2720,JOSÉ CARLOS TREVENZOLLI FILHO,False,False,False,False,False,False,False,False,False,False,False,False,0,6316.6
2018,SP,DC,2722,ROBSON DA SILVA CAMPOS,False,False,False,False,False,False,False,False,False,False,False,False,0,2086.6
2018,SP,DC,2727,JOSÉ CARLOS SELBACH EYMAEL,False,False,False,False,False,False,False,False,False,False,False,False,0,2690.6
2018,SP,DC,2728,LUCIANA BOARETTO DOS SANTOS,False,False,False,False,False,False,False,False,False,False,False,False,0,1341.77
2018,SP,DC,2729,MARJORYE RUDEK VALLINOTO COSTA,False,False,False,False,False,False,False,False,False,False,False,False,0,5751.9
2018,SP,DC,2737,CLAUDICEIA BOANERGES NANNI,False,False,False,False,False,False,False,False,False,False,False,False,0,4787.9
2018,SP,DC,2742,JEFFERSON ANDRE DE ALMEIDA,False,False,False,False,False,False,False,False,False,False,False,False,0,2086.6
2018,SP,DC,2747,SILVIA CRISTINA COPIA CARRILHO SILVA MARTINS,False,False,False,False,False,False,False,False,False,False,False,False,0,5391.9
2018,SP,DC,2750,PATRICIA KIYOMI TANI,False,False,False,False,False,False,False,False,False,False,False,False,0,4387.799999999999
2018,SP,DC,2751,MARAISA LEANDRO MORETE IGLESIAS,False,False,False,False,False,False,False,False,False,False,False,False,0,4387.9
2018,SP,DC,2756,ANTONIO JOÃO MENDONÇA,False,False,False,False,False,False,False,False,False,False,False,False,0,
2018,SP,DC,2757,MARIA APARECIDA GONÇALVES DE ARAUJO,False,False,False,False,False,False,False,False,False,False,False,False,0,4387.9
2018,SP,DC,2758,IZAMAR NUNES DA SILVA,False,False,False,False,False,False,False,False,False,False,False,False,0,1838.6000000000001
2018,SP,DC,2760,SEBASTIÃO JOSE DOS SANTOS,False,False,False,False,False,False,False,False,False,False,False,False,0,1722.6
2018,SP,DC,2769,MARIA ADRIANA MACIEL BARBOSA,False,False,False,False,False,False,False,False,False,False,False,False,0,4751.9
2018,SP,DC,2776,RICARDO GUIDI,False,False,False,False,False,False,False,False,False,False,False,False,0,540.0
2018,SP,DC,2787,PAULO SERGIO BRUIANI BARBOSA,False,False,False,False,False,False,False,False,False,False,False,False,0,977.15
2018,SP,DEM,2500,JORGE TADEU MUDALEN,True,True,True,True,True,True,False,False,False,False,True,True,0,1140000.0
2018,SP,DEM,2505,GISLENE CARDOSO,False,False,False,False,False,False,False,False,False,False,False,False,0,150000.0
2018,SP,DEM,2510,MILTON CARLOS DE MELLO,False,True,True,False,True,False,False,True,False,True,False,False,0,450000.0
2018,SP,DEM,2511,JOSÉ OLIMPIO SILVEIRA MORAES,True,True,True,True,True,True,False,False,False,False,True,True,0,700000.0
2018,SP,DEM,2512,SERGIO ZULMIRO LITHOLDO,False,False,False,False,False,False,False,False,False,False,False,False,0,
2018,SP,DEM,2517,EDUARDO CESAR LEITE,False,False,False,False,False,False,False,False,False,False,False,False,0,
2018,SP,DEM,2525,ALEXANDRE LEITE DA SILVA,True,True,True,True,True,True,False,False,False,False,True,True,1,875000.0
2018,SP,DEM,2526,DULCE DIAS DE ANDRADE,False,False,False,False,False,False,False,False,False,False,False,False,0,25000.0
2018,SP,DEM,2533,DAVID BEZERRA RIBEIRO SOARES,False,False,False,False,False,False,False,False,False,False,False,False,1,350000.0
2018,SP,DEM,2550,EUGENIO JOSÉ ZULIANI,False,True,True,False,True,False,False,True,False,True,False,False,1,660000.0
2018,SP,DEM,2552,EDGARD TAKASHI SASAKI,False,False,False,False,False,False,False,False,False,False,False,False,0,
2018,SP,DEM,2555,KIM PATROCA KATAGUIRI,False,False,False,False,False,False,False,False,False,False,False,False,1,
2018,SP,DEM,2577,ADRIANO ELI CORRÊA,True,True,True,True,True,True,False,False,False,False,True,True,1,664400.0
2018,SP,DEM,2588,MARIA GORETE SANTOS DE TOLEDO,False,False,False,False,False,False,False,False,False,False,False,False,0,65000.0
2018,SP,MDB,1500,PAULO ROBERTO GOMES MANSUR,True,True,True,True,True,True,False,False,False,False,True,True,0,1540000.0
2018,SP,MDB,1501,MARTA LÍVIA BARRAGANA FERNANDES SUPLICY,False,False,False,False,False,False,False,False,False,False,False,False,0,150000.0
2018,SP,MDB,1502,DAMIAO ANTONIO DA SILVA,False,False,False,False,False,False,False,False,False,False,False,False,0,12034.08
2018,SP,MDB,1503,CARLA CRISTINA MASSARO FLORES,False,False,False,False,False,False,False,False,False,False,False,False,0,70000.0
2018,SP,MDB,1504,BRAZ BELLO JUNIOR,False,False,False,False,False,False,False,False,False,False,False,False,0,10000.0
2018,SP,MDB,1505,MARCOS AURELIO VILLARDI,False,False,False,False,False,False,False,False,False,False,False,False,0,50000.0
2018,SP,MDB,1507,ANTONIO RAIMUNDO MATIAS DOS SANTOS,False,False,False,False,False,False,False,False,False,False,False,False,0,52034.08
2018,SP,MDB,1509,FERNANDO RACHAS RIBEIRO,False,False,False,False,False,False,False,False,False,False,False,False,0,52034.08
2018,SP,MDB,1510,FAUSTO GUILHERME LONGO,False,False,False,False,False,False,False,False,False,False,False,False,0,302034.08
2018,SP,MDB,1511,JOSÉ NUNES FILHO,False,False,False,False,False,False,False,False,False,False,False,False,0,50000.0
2018,SP,MDB,1512,REGINA LEITE TOLENTINO,False,False,False,False,False,False,False,False,False,False,False,False,0,30000.0
2018,SP,MDB,1514,PAULA TACIANA TEODORO,False,False,False,False,False,False,False,False,False,False,False,False,0,42034.08
2018,SP,MDB,1515,LUIZ FELIPE BALEIA TENUTO ROSSI,True,True,True,True,True,True,False,False,False,False,True,True,1,1600000.0
2018,SP,MDB,1516,PILTON RIOS DE BARROS FELIX PEREIRA,False,False,False,False,False,False,False,False,False,False,False,False,0,22034.08
2018,SP,MDB,1517,PAULA ANDREA GARCIA MEIRELLES,False,False,False,False,False,False,False,False,False,False,False,False,0,60000.0
2018,SP,MDB,1518,REINALDO DE OLIVEIRA COELHO,False,False,False,False,False,False,False,False,False,False,False,False,0,12034.08
2018,SP,MDB,1519,PAULO ROBERTO DE JESUS,False,False,False,False,False,False,False,False,False,False,False,False,0,52034.08
2018,SP,MDB,1520,ANA PAULA RETUCI,False,False,False,False,False,False,False,False,False,False,False,False,0,22034.08
2018,SP,MDB,1521,AGUINALDO TRIUMPHO AVELLAR,False,False,False,False,False,False,False,False,False,False,False,False,0,12034.08
2018,SP,MDB,1522,CHARLES GUTEMBERG GOMES DOS SANTOS,False,False,False,False,False,False,False,False,False,False,False,False,0,52034.08
2018,SP,MDB,1523,YGOR SILVEIRA BUENO,False,False,False,False,False,False,False,False,False,False,False,False,0,52034.08
2018,SP,MDB,1525,ARIADINE FERREIRA ESPINDOLA,False,False,False,False,False,False,False,False,False,False,False,False,0,12034.08
2018,SP,MDB,1528,CIRO NEGRETI DIAS,False,False,False,False,False,False,False,False,False,False,False,False,0,32034.08
2018,SP,MDB,1529,ADRIANA ARAUJO BARGAS,False,False,False,False,False,False,False,False,False,False,False,False,0,22034.08
2018,SP,MDB,1530,PRISCILA PEREIRA,False,False,False,False,False,False,False,False,False,False,False,False,0,32034.08
2018,SP,MDB,1531,ROSANGELA RIBEIRO DE ALMEIDA,False,False,False,False,False,False,False,False,False,False,False,False,0,52034.08
2018,SP,MDB,1532,OMAR COUTO DA SILVA,False,False,False,False,False,False,False,False,False,False,False,False,0,12034.08
2018,SP,MDB,1535,SATURNINO DE SALES SANTOS,False,False,False,False,False,False,False,False,False,False,False,False,0,22034.08
2018,SP,MDB,1537,MARCO ANTONIO NOTARI,False,False,False,False,False,False,False,False,False,False,False,False,0,12034.08
2018,SP,MDB,1540,CIDIMAR ROBERTO PORTO,False,False,False,False,False,False,False,False,False,False,False,False,0,150000.0
2018,SP,MDB,1541,SELMA DE MORAES,False,False,False,False,False,False,False,False,False,False,False,False,0,32034.08
2018,SP,MDB,1543,ROBERTO DELFINO DA SILVA,False,False,False,False,False,False,False,False,False,False,False,False,0,50000.0
2018,SP,MDB,1544,TAIS TANARA NOGUEIRA NAUFEL,False,False,False,False,False,False,False,False,False,False,False,False,0,32034.08
2018,SP,MDB,1545,EDUARDO RODRIGUES XAVIER,False,False,False,False,False,False,False,False,False,False,False,False,0,160000.0
2018,SP,MDB,1549,SANDRA CANDIDO MORETTI,False,False,False,False,False,False,False,False,False,False,False,False,0,102034.08
2018,SP,MDB,1550,RICARDO LUIS REIS NUNES,False,False,False,False,False,False,False,False,False,False,False,False,0,400000.0
2018,SP,MDB,1551,HERCULANO CASTILHO PASSOS JUNIOR,True,True,True,True,True,True,False,True,False,True,True,True,1,1500000.0
2018,SP,MDB,1552,DAYANA APARECIDA FRANCO,False,False,False,False,False,False,False,False,False,False,False,False,0,52034.08
2018,SP,MDB,1553,ROBERTO JOSÉ DA SILVA,False,False,False,False,False,False,False,False,False,False,False,False,0,12034.08
2018,SP,MDB,1554,DANIEL VERÍSSIMO DOS SANTOS,False,False,False,False,False,False,False,False,False,False,False,False,0,12054.08
2018,SP,MDB,1555,JUNJI ABE,True,True,True,True,True,True,False,True,False,True,True,True,0,1500000.0
2018,SP,MDB,1556,MANOEL DA CRUZ CARLOS VIEIRA,False,False,False,False,False,False,False,False,False,False,False,False,0,12034.08
2018,SP,MDB,1557,MARCOS VINICIUS BRASIL DOS SANTOS,False,False,False,False,False,False,False,False,False,False,False,False,0,30000.0
2018,SP,MDB,1558,EVERALDO MARIANO DA SILVA,False,False,False,False,False,False,False,False,False,False,False,False,0,12034.08
2018,SP,MDB,1560,WALDEMAR ANTONIO ZORZI FOELKEL,False,False,False,False,False,False,False,False,False,False,False,False,0,52034.08
2018,SP,MDB,1561,NAIR FAGUNDES,False,False,False,False,False,False,False,False,False,False,False,False,0,7034.08
2018,SP,MDB,1564,AMELIA ROSA DO NASCIMENTO,False,False,False,False,False,False,False,False,False,False,False,False,0,7034.08
2018,SP,MDB,1565,ZILDA MARIA DA SILVA ALVES,False,False,False,False,False,False,False,False,False,False,False,False,0,22034.08
2018,SP,MDB,1567,MARIA ELISABETE DE PAIVA,False,False,False,False,False,False,False,False,False,False,False,False,0,42034.08
2018,SP,MDB,1568,JOSÉ SILVESTRE DE OLIVEIRA,False,False,False,False,False,False,False,False,False,False,False,False,0,12034.08
2018,SP,MDB,1570,TIFANNY PEREIRA DE ABREU,False,False,False,False,False,False,False,False,False,False,False,False,0,300000.0
2018,SP,MDB,1577,ANA PAULA CALVO FARIA,False,False,False,False,False,False,False,False,False,False,False,False,0,170000.0
2018,SP,MDB,1578,AZAEL RODRIGUES VIEIRA,False,False,False,False,False,False,False,False,False,False,False,False,0,52034.08
2018,SP,MDB,1580,EDUARDO NAZARENO GAVINO DOS SANTOS JUNIOR,False,False,False,False,False,False,False,False,False,False,False,False,0,12034.08
2018,SP,MDB,1581,WILSON DIAS RIBEIRO,False,False,False,False,False,False,False,False,False,False,False,False,0,12034.08
2018,SP,MDB,1587,ALEXSANDRA APARECIDA BECHELLI SILVA,False,False,False,False,False,False,False,False,False,False,False,False,0,32034.08
2018,SP,MDB,1588,VITOR ALEXANDRE RODRIGUES,False,False,False,False,False,False,False,False,False,False,False,False,0,200000.0
2018,SP,MDB,1589,MAURICIO APARECIDO GONÇALVES,False,False,True,False,False,False,False,False,False,True,False,False,0,32034.08
2018,SP,MDB,1590,FLAVIUS COTAIT RUGGIERO,False,False,False,False,False,False,False,False,False,False,False,False,0,12034.08
2018,SP,MDB,1593,HUBER ARISTÓTELES NOGUEIRA DA GAMA,False,False,False,False,False,False,False,False,False,False,False,False,0,12034.08
2018,SP,MDB,1596,MANOEL LIMA DOMINGUES,False,False,False,False,False,False,False,False,False,False,False,False,0,50000.0
2018,SP,MDB,1598,EDEGAR DE OLIVEIRA ÁVILA,False,False,False,False,False,False,False,False,False,False,False,False,0,12034.08
2018,SP,MDB,1599,NESTOR BERTOLINO NETO,False,False,False,False,False,False,False,False,False,False,False,False,0,52034.08
2018,SP,NOVO,3000,ALEXIS JOSEPH STEVERLYNCK FONTEYNE,False,False,False,False,False,False,False,False,False,False,False,False,1,817.8
2018,SP,NOVO,3001,JOSE LUIZ FRIGERIO PAULO,False,False,False,False,False,False,False,False,False,False,False,False,0,288.06
2018,SP,NOVO,3002,JONATHAN AYRES CASTELLANO,False,False,False,False,False,False,False,False,False,False,False,False,0,288.06
2018,SP,NOVO,3003,AGLIBERTO DO SOCORRO CHAGAS,False,False,False,False,False,False,False,False,False,False,False,False,0,2500.0
2018,SP,NOVO,3005,MARLON FARIAS DA LUZ,False,False,False,False,False,False,False,False,False,False,False,False,0,2788.06
2018,SP,NOVO,3006,RICARDO DE AQUINO SALLES,True,True,True,True,False,True,False,False,False,False,True,True,0,
2018,SP,NOVO,3008,ALEXANDRE MACHADO,False,False,False,False,False,False,False,False,False,False,False,False,0,
2018,SP,NOVO,3009,EDUARDO ARAUJO PRADO,False,False,False,False,False,False,False,False,False,False,False,False,0,
2018,SP,NOVO,3010,ERICA CRISTINA ROCHA GORGA,False,False,False,False,False,False,False,False,False,False,False,False,0,2500.0
2018,SP,NOVO,3011,MARIA ISABEL RODRIGUES TEIXEIRA,False,False,False,False,False,False,False,False,False,False,False,False,0,288.06
2018,SP,NOVO,3012,EDNEY BENEDITO SAMPAIO DUARTE JUNIOR,False,False,False,False,False,False,False,False,False,False,False,False,0,
2018,SP,NOVO,3013,MARIA CLAUDIA DE OLIVEIRA CARVALHO,False,False,False,False,False,False,False,False,False,False,False,False,0,288.06
2018,SP,NOVO,3014,ROBERSON ANTEQUERA MORON,False,False,False,False,False,False,False,False,False,False,False,False,0,
2018,SP,NOVO,3016,JOSÉ PEDROSA FERRAZ JUNIOR,False,False,False,False,False,False,False,False,False,False,False,False,0,
2018,SP,NOVO,3017,DAVID PEREIRA DE AZEVEDO,False,False,False,False,False,False,False,False,False,False,False,False,0,
2018,SP,NOVO,3020,JOÃO VESTIM GRANDE,False,False,False,False,False,False,False,False,False,False,False,False,0,288.06
2018,SP,NOVO,3021,MARCO ANTONIO DE SOUZA PINTO,False,False,False,False,False,False,False,False,False,False,False,False,0,
2018,SP,NOVO,3022,FATIMA REGINA PORTELLA OLIVEIRA,False,False,False,False,False,False,False,False,False,False,False,False,0,
2018,SP,NOVO,3023,MARCELO MARTINS CAMPOS,False,False,False,False,False,False,False,False,False,False,False,False,0,288.06
2018,SP,NOVO,3027,ADELSON FONSECA BEZERRA,False,False,False,False,False,False,False,False,False,False,False,False,0,
2018,SP,NOVO,3028,SANDRA HELENA FERNANDES,False,False,False,False,False,False,False,False,False,False,False,False,0,
2018,SP,NOVO,3029,TAMARA CREMA E CAMPOS,False,False,False,False,False,False,False,False,False,False,False,False,0,
2018,SP,NOVO,3030,VINICIUS LAZZER POIT,False,False,False,False,False,False,False,False,False,False,False,False,1,
2018,SP,NOVO,3031,CHARLES WILLIAM MCNAUGHTON,False,False,False,False,False,False,False,False,False,False,False,False,0,2500.0
2018,SP,NOVO,3032,FLAVIA NASSER GOULART,False,False,False,False,False,False,False,False,False,False,False,False,0,4500.0
2018,SP,NOVO,3033,VINICIUS MARINI FERREIRA,False,False,False,False,False,False,False,False,False,False,False,False,0,
2018,SP,NOVO,3036,LUIS EDUARDO GONÇALVES BUCCIARELLI,False,False,False,False,False,False,False,False,False,False,False,False,0,2500.0
2018,SP,NOVO,3040,THYAGO LUIZ FRASSETTO RODRIGUES,False,False,False,False,False,False,False,False,False,False,False,False,0,
2018,SP,NOVO,3043,TEREZA MARIA SAYEG,False,False,False,False,False,False,False,False,False,False,False,False,0,
2018,SP,NOVO,3044,REGINA MARIA CUBERO LEITÃO,False,False,False,False,False,False,False,False,False,False,False,False,0,2500.0
2018,SP,NOVO,3045,CLEVERSON FIUZA ALVES,False,False,False,False,False,False,False,False,False,False,False,False,0,
2018,SP,NOVO,3050,ADRIANA MIGUEL VENTURA,False,False,False,False,False,False,False,False,False,False,False,False,1,817.8
2018,SP,NOVO,3051,MARIA DO ROCIO ESMANHOTO FANTON,False,False,False,False,False,False,False,False,False,False,False,False,0,288.06
2018,SP,NOVO,3054,EDUARDO LUNARDELLI NOVAES,False,False,False,False,False,False,False,False,False,False,False,False,0,
2018,SP,NOVO,3060,MARISE AUGUSTO FERNANDES AUDI,False,False,False,False,False,False,False,False,False,False,False,False,0,
2018,SP,NOVO,3063,ANDREA SPINOLA E CASTRO VILLELA SEQUEIRA,False,False,False,False,False,False,False,False,False,False,False,False,0,
2018,SP,NOVO,3066,JOSÉ FRANCISCO BERTINO,False,False,False,False,False,False,False,False,False,False,False,False,0,
2018,SP,NOVO,3070,ROBSON JOSE PORTA BOMBONATTI,False,False,False,False,False,False,False,False,False,False,False,False,0,
2018,SP,NOVO,3076,PAULO ROBERTO MARTINS SERRA,False,False,False,False,False,False,False,False,False,False,False,False,0,
2018,SP,NOVO,3077,MONICA ROSENBERG BRAIZAT,False,False,False,False,False,False,False,False,False,False,False,False,0,
2018,SP,NOVO,3080,SANDRA MARIA GONÇALVES,False,False,False,False,False,False,False,False,False,False,False,False,0,
2018,SP,NOVO,3083,MARIA CECILIA MARTINI DUARTE,False,False,False,False,False,False,False,False,False,False,False,False,0,
2018,SP,NOVO,3090,THIAGO SATURNINO BARBOSA BELLO,False,False,False,False,False,False,False,False,False,False,False,False,0,
2018,SP,NOVO,3092,ULISSES CASTRO TAVARES NETO,False,False,False,False,False,False,False,False,False,False,False,False,0,
2018,SP,NOVO,3099,ALUISIO NOGUEIRA DA SILVA,False,False,False,False,False,False,False,False,False,False,False,False,0,2500.0
2018,SP,PATRI,5100,CLAUDIA CASTANHEIRA,False,False,False,False,False,False,False,False,False,False,False,False,0,300000.0
2018,SP,PATRI,5101,REYNALDO CAMPANATTI PEREIRA,False,False,False,False,False,False,False,False,False,False,False,False,0,19650.5
2018,SP,PATRI,5102,ELISABETE ANTONIO DO PRADO SILVA,False,False,False,False,False,False,False,False,False,False,False,False,0,43235.2
2018,SP,PATRI,5103,LUIZ CARLOS MOTA,False,False,False,False,False,False,False,False,False,False,False,False,0,103752.7
2018,SP,PATRI,5104,JOSÉ ANTONIO DUPAS,False,False,True,False,False,False,False,False,False,True,False,False,0,45939.7
2018,SP,PATRI,5106,MAURICI ARAGÃO TAVARES,False,False,False,False,False,False,False,False,False,False,False,False,0,400.0
2018,SP,PATRI,5107,ALEXANDRE ANNIBALDI,False,False,False,False,False,False,False,False,False,False,False,False,0,
2018,SP,PATRI,5108,JUSSARIO VAGNER PELONHA GREGORIO,False,False,False,False,False,False,False,False,False,False,False,False,0,2697.5
2018,SP,PATRI,5109,ROBERTO MARTINS PEREIRA,False,False,False,False,False,False,False,False,False,False,False,False,0,2157.7
2018,SP,PATRI,5110,EDMILSON ALMEIDA DOS SANTOS,False,False,False,False,False,False,False,False,False,False,False,False,0,6342.5
2018,SP,PATRI,5111,GISELLA PULVIRENTI,False,False,False,False,False,False,False,False,False,False,False,False,0,
2018,SP,PATRI,5113,LUCIANA CIRILO DOS SANTOS,False,False,False,False,False,False,False,False,False,False,False,False,0,7100.0
2018,SP,PATRI,5114,RENATO PAIM,False,False,False,False,False,False,False,False,False,False,False,False,0,12197.5
2018,SP,PATRI,5116,CLAUDIO PERESSIM,False,False,False,False,False,False,False,False,False,False,False,False,0,26730.0
2018,SP,PATRI,5118,LUIS FERNANDO PINHEIRO GESSE,False,False,False,False,False,False,False,False,False,False,False,False,0,7172.7
2018,SP,PATRI,5119,JOSEVANE ALVES DE JESUS PEREIRA,False,False,False,False,False,False,False,False,False,False,False,False,0,1170.5
2018,SP,PATRI,5120,ELIAS DOS SANTOS BITENCOURT,False,False,False,False,False,False,False,False,False,False,False,False,0,20100.0
2018,SP,PATRI,5121,CLOVES ALVES DE SOUZA,False,False,False,False,False,False,False,False,False,False,False,False,0,1700.0
2018,SP,PATRI,5122,SERGIO KHODOR CURY,False,False,False,False,False,False,False,False,False,False,False,False,0,2997.5
2018,SP,PATRI,5123,FLAVIO FRANCISCO NAVARRO,False,False,False,False,False,False,False,False,False,False,False,False,0,18392.0
2018,SP,PATRI,5124,ANA CRISTINA TEIXEIRA DE ARAÚJO,False,False,False,False,False,False,False,False,False,False,False,False,0,2210.5
2018,SP,PATRI,5125,FAUSTO LANDI,False,False,False,False,False,False,False,False,False,False,False,False,0,100.0
2018,SP,PATRI,5126,RICARDO GUIRON,False,False,False,False,False,False,False,False,False,False,False,False,0,4377.5
2018,SP,PATRI,5127,ANTONIO DE ASSIS DE ARAUJO,False,False,False,False,False,False,False,False,False,False,False,False,0,
2018,SP,PATRI,5128,FABIO PAES MACCACCHERO,False,False,False,False,False,False,False,False,False,False,False,False,0,2575.0
2018,SP,PATRI,5130,ANTONIO GUSTAVO ALVES LOPES,False,False,False,False,False,False,False,False,False,False,False,False,0,
2018,SP,PATRI,5131,RENATA TEODORO DA FONSECA,False,False,False,False,False,False,False,False,False,False,False,False,0,3000.0
2018,SP,PATRI,5132,LUIS HENRIQUE VICENTE DE OLIVEIRA,False,False,False,False,False,False,False,False,False,False,False,False,0,1070.5
2018,SP,PATRI,5133,ARISTIDES JACINTO BRUSCHI,False,False,False,False,False,False,False,False,False,False,False,False,0,16000.0
2018,SP,PATRI,5134,FLAVIO GOMES FREIRE,False,False,False,False,False,False,False,False,False,False,False,False,0,1215.5
2018,SP,PATRI,5135,JOSE ANTONIO BARBOZA,False,False,False,False,False,False,False,False,False,False,False,False,0,
2018,SP,PATRI,5136,HORACIO CAYRES JUNIOR,False,False,False,False,False,False,False,False,False,False,False,False,0,1670.5
2018,SP,PATRI,5137,LUIZ FERNANDO FILIPPI SAMBIASE,False,False,False,False,False,False,False,False,False,False,False,False,0,400.0
2018,SP,PATRI,5138,SIRLEIDE REIS BRITO,False,False,False,False,False,False,False,False,False,False,False,False,0,4847.5
2018,SP,PATRI,5139,OSVALDO BORGES CARDOSO,False,False,False,False,False,False,False,False,False,False,False,False,0,1860.0
2018,SP,PATRI,5140,OSMAR PEREIRA DA SILVA,False,False,False,False,False,False,False,False,False,False,False,False,0,1447.5
2018,SP,PATRI,5141,JUCIMARA APARECIDA DE SOUZA,False,False,False,False,False,False,False,False,False,False,False,False,0,26896.7
2018,SP,PATRI,5142,RUBENS MASSASHI ITO,False,False,False,False,False,False,False,False,False,False,False,False,0,1957.5
2018,SP,PATRI,5144,ERNESTO CAMARSANO JUNIOR,False,False,False,False,False,False,False,False,False,False,False,False,0,1294.5
2018,SP,PATRI,5145,ROGERIO SILVA LOPES ,False,False,False,False,False,False,False,False,False,False,False,False,0,4692.0
2018,SP,PATRI,5147,MARCIA VALERIA MARQUES LOPES SAQUETO,False,False,False,False,False,False,False,False,False,False,False,False,0,10400.0
2018,SP,PATRI,5148,JORGE FERREIRA LIMA,False,False,False,False,False,False,False,False,False,False,False,False,0,
2018,SP,PATRI,5149,MIRIAM LUSSEZANO DE CARVALHO LOPES,False,False,False,False,False,False,False,False,False,False,False,False,0,
2018,SP,PATRI,5150,MAURICIO CRUZ BICHARA FILHO,False,False,False,False,False,False,False,False,False,False,False,False,0,
2018,SP,PATRI,5151,ADILSON BARROSO OLIVEIRA,True,True,True,True,True,True,False,False,False,False,True,True,0,1386053.0
2018,SP,PATRI,5152,WALDEMAR ALVES FARIA JUNIOR,True,True,True,True,True,False,False,False,False,False,False,False,0,19910.0
2018,SP,PATRI,5153,ELISEU DE SOUZA LOPES,False,False,False,False,False,False,False,False,False,False,False,False,0,3097.5
2018,SP,PATRI,5154,ENEAS LOPES DA SILVA,False,False,False,False,False,False,False,False,False,False,False,False,0,1095.5
2018,SP,PATRI,5155,DANIEL MARTINS CARDOSO,False,False,False,False,False,False,False,False,False,False,False,False,0,27625.4
2018,SP,PATRI,5156,RUTE COSTA SOBRINHA,False,False,False,False,False,False,False,False,False,False,False,False,0,31190.0
2018,SP,PATRI,5157,ELIENE SIQUEIRA RIBEIRO,False,False,False,False,False,False,False,False,False,False,False,False,0,2387.5
2018,SP,PATRI,5158,ADEMIR GONCALVES DE OLIVEIRA,False,False,False,False,False,False,False,False,False,False,False,False,0,
2018,SP,PATRI,5159,MARCOS PAULO DA SILVA,False,False,False,False,False,False,False,False,False,False,False,False,0,1727.5
2018,SP,PATRI,5160,WELLINGTON BARBOSA,False,False,False,False,False,False,False,False,False,False,False,False,0,
2018,SP,PATRI,5161,SUZELAINE PEDRONI ROSA,False,False,False,False,False,False,False,False,False,False,False,False,0,11470.5
2018,SP,PATRI,5162,JOSÉ ROBERTO RODRIGUES DE ALCANTARA,False,False,False,False,False,False,False,False,False,False,False,False,0,
2018,SP,PATRI,5163,FABIANA DA SILVA BARROS,False,False,False,False,False,False,False,False,False,False,False,False,0,400.0
2018,SP,PATRI,5164,ADRIANA GUEDES MACHADO,False,False,False,False,False,False,False,False,False,False,False,False,0,16110.5
2018,SP,PATRI,5165,ALTAIR JOSE DE SOUZA,False,False,False,False,False,False,False,False,False,False,False,False,0,2079.5
2018,SP,PATRI,5166,ROBSON LIEBETANZ DZELVE CALABIANQUI JUNIOR,False,False,False,False,False,False,False,False,False,False,False,False,0,92600.0
2018,SP,PATRI,5167,BRAZ RODRIGUES,False,False,False,False,False,False,False,False,False,False,False,False,0,18551.5
2018,SP,PATRI,5168,ALBENISIA SOUZA NASCIMENTO,False,False,False,False,False,False,False,False,False,False,False,False,0,
2018,SP,PATRI,5169,SILAS DA SILVA MOREIRA,False,False,False,False,False,False,False,False,False,False,False,False,0,
2018,SP,PATRI,5170,FERNANDO CHIARELLI,True,True,True,True,False,True,False,False,False,False,True,True,0,58000.0
2018,SP,PATRI,5171,ROSILEIDE PEREIRA DOS SANTOS,False,False,False,False,False,False,False,False,False,False,False,False,0,10355.0
2018,SP,PATRI,5172,VERA LUCIA SANTOS DE FRANÇA,False,False,False,False,False,False,False,False,False,False,False,False,0,1670.0
2018,SP,PATRI,5173,DANIEL DE ANDRADE VIEIRA,False,False,False,False,False,False,False,False,False,False,False,False,0,
2018,SP,PATRI,5174,CELINA CLAUDIA MENEZES LEMES,False,False,False,False,False,False,False,False,False,False,False,False,0,75100.0
2018,SP,PATRI,5175,CLAUDINEI CHINEMANN,False,False,False,False,False,False,False,False,False,False,False,False,0,1070.5
2018,SP,PATRI,5176,ADELIA DE JESUS SOARES,False,False,False,False,False,False,False,False,False,False,False,False,0,103637.7
2018,SP,PATRI,5177,ROBINSON HERRERO NOVAIS,False,False,False,False,False,False,False,False,False,False,False,False,0,
2018,SP,PATRI,5179,FABIANO ORIVALDO SILVA SERVELO,False,False,False,False,False,False,False,False,False,False,False,False,0,1627.5
2018,SP,PATRI,5180,ADALBERTO MARIANO DOS SANTOS,False,False,False,False,False,False,False,False,False,False,False,False,0,1364.0
2018,SP,PATRI,5181,FRANQUENEI BARROSO GOMES,False,False,False,False,False,False,False,False,False,False,False,False,0,
2018,SP,PATRI,5182,WILSON PRUDENCIO DE OLIVEIRA,False,False,False,False,False,False,False,False,False,False,False,False,0,5778.5
2018,SP,PATRI,5183,ADRIANO DA SILVA NEIVA,False,False,False,False,False,False,False,False,False,False,False,False,0,1070.5
2018,SP,PATRI,5185,JANIO ANTONIO ROSA,False,False,False,False,False,False,False,False,False,False,False,False,0,100.0
2018,SP,PATRI,5186,MANOEL DOS SANTOS SILVA IRMÃO,False,False,False,False,False,False,False,False,False,False,False,False,0,5980.0
2018,SP,PATRI,5187,RENAN THIAGO CALDATO BENTO GARCIA,False,False,False,False,False,False,False,False,False,False,False,False,0,12241.0
2018,SP,PATRI,5188,JOSE BARBOSA DA SILVA,False,False,False,False,False,False,False,False,False,False,False,False,0,76057.7
2018,SP,PATRI,5189,SILVANA MESQUITA DA SILVA,True,True,True,True,False,True,False,False,False,False,True,True,0,233072.5
2018,SP,PATRI,5190,ANA PAULA DAMACENO DE OLIVEIRA,False,False,False,False,False,False,False,False,False,False,False,False,0,2242.5
2018,SP,PATRI,5191,WILLIAM DE FREITAS PAES,False,False,False,False,False,False,False,False,False,False,False,False,0,10815.5
2018,SP,PATRI,5192,MARIO HIDEO MIZUNO,False,False,False,False,False,False,False,False,False,False,False,False,0,1325.0
2018,SP,PATRI,5193,DIOBEL DE LIMA FERNANDES,False,False,False,False,False,False,False,False,False,False,False,False,0,27800.5
2018,SP,PATRI,5194,RITA MANUELA MATTOS DOS SANTOS,False,False,False,False,False,False,False,False,False,False,False,False,0,400.0
2018,SP,PATRI,5195,SILVANA DAMASIO ABREU,False,False,False,False,False,False,False,False,False,False,False,False,0,3295.0
2018,SP,PATRI,5196,OSVALDO CORREIA,False,False,False,False,False,False,False,False,False,False,False,False,0,1770.5
2018,SP,PATRI,5197,SONIA DAS GRAÇAS RIBEIRO SILVEIRA,False,False,False,False,False,False,False,False,False,False,False,False,0,6178.5
2018,SP,PATRI,5198,EDILAINE PIRES,False,False,False,False,False,False,False,False,False,False,False,False,0,223857.7
2018,SP,PATRI,5199,VANILDA APARECIDA BUENO BORDIERI POLI,False,False,False,False,False,False,False,False,False,False,False,False,0,152057.7
2018,SP,PC do B,6519,MARIA GIOVANA LUCHIARI PISONI DUARTE FORTUNATO,False,False,False,False,False,False,False,False,False,False,False,False,0,607.48
2018,SP,PC do B,6565,ORLANDO SILVA DE JESUS JUNIOR,True,True,True,True,True,True,False,False,False,False,True,True,1,1049136.63
2018,SP,PCB,2100,MERCEDES LIMA,False,False,False,False,False,False,False,False,False,False,False,False,0,30291.950000000004
2018,SP,PCB,2121,MAURICIO ORESTES PARISI,False,False,False,False,False,False,False,False,False,False,False,False,0,13906.7
2018,SP,PDT,1200,TABATA CLAUDIA AMARAL DE PONTES,False,False,False,False,False,False,False,False,False,False,False,False,1,100000.0
2018,SP,PDT,1206,PATRICIA DE JESUS,False,False,False,False,False,False,False,False,False,False,False,False,0,13000.0
2018,SP,PDT,1208,VERA LUCIA DOS SANTOS,False,False,False,False,False,False,False,False,False,False,False,False,0,12500.0
2018,SP,PDT,1210,MARCOS ANTONIO HENRIQUE DE SOUZA,False,False,False,False,False,False,False,False,False,False,False,False,0,
2018,SP,PDT,1216,PRISCILA DE FÁTIMA BELTRAN SANTOS,False,False,False,False,False,False,False,False,False,False,False,False,0,3000.0
2018,SP,PDT,1219,WANDERLEY MOREIRA DE CARVALHO,False,False,False,False,False,False,False,False,False,False,False,False,0,
2018,SP,PDT,1220,JOSE FERREIRA CAMPOS FILHO,False,False,False,False,False,False,False,False,False,False,False,False,0,
2018,SP,PDT,1222,GERSON HENRIQUE SARTORI,True,True,True,True,False,True,False,False,False,True,True,True,0,150000.0
2018,SP,PDT,1223,MARIO SERGIO TASSINARI,False,False,False,False,False,False,False,False,False,False,False,False,0,3000.0
2018,SP,PDT,1229,JOSE ANTONIO ALVES DA SILVA,False,False,False,False,False,False,False,False,False,False,False,False,0,
2018,SP,PDT,1233,AIRES RIBEIRO,False,False,False,False,False,False,False,False,False,False,False,False,0,50000.0
2018,SP,PDT,1234,SEBASTIÃO ALVES DE ALMEIDA,True,True,True,True,True,True,False,False,False,False,True,True,0,200000.0
2018,SP,PDT,1237,NEZINHO GONÇALVES NUNES,False,False,False,False,False,False,False,False,False,False,False,False,0,3000.0
2018,SP,PDT,1240,ANA CLAUDIA FERREIRA DE PAIVA,False,False,False,False,False,False,False,False,False,False,False,False,0,13000.0
2018,SP,PDT,1243,TERESINHA DE JESUS BALDINO,False,False,False,False,False,False,False,False,False,False,False,False,0,20000.0
2018,SP,PDT,1254,ANDRÉ LUIS DE MORAES,False,False,False,False,False,False,False,False,False,False,False,False,0,23000.0
2018,SP,PDT,1255,ANDRE APARECIDO DA ROCHA,False,False,False,False,False,False,False,False,False,False,False,False,0,3000.0
2018,SP,PDT,1256,ANTONIO HERNANDES DA SILVA PASSOS,False,False,False,False,False,False,False,False,False,False,False,False,0,3000.0
2018,SP,PDT,1260,SILAS CARLOS DE OLIVERIA,False,False,False,False,False,False,False,False,False,False,False,False,0,3000.0
2018,SP,PDT,1262,JOSE WANDERLEY DE ANDRADE,False,False,False,False,False,False,False,False,False,False,False,False,0,
2018,SP,PDT,1270,ELZA ALVES DE CARVALHO,False,False,False,False,False,False,False,False,False,False,False,False,0,13000.0
2018,SP,PDT,1277,AURELINO ALVES DOS SANTOS JUNIOR,False,False,False,False,False,False,False,False,False,False,False,False,0,3000.0
2018,SP,PDT,1288,MARCOS TADEU GOMES,False,False,False,False,False,False,False,False,False,False,False,False,0,
2018,SP,PDT,1289,LEDA MARIA SILVA SPERANDIO,False,False,False,False,False,False,False,False,False,False,False,False,0,13000.0
2018,SP,PDT,1299,CELIO DA SILVA FRANCO,False,False,False,False,False,False,False,False,False,False,False,False,0,3000.0
2018,SP,PHS,3101,ULYSSES DA CONCEIÇÃO VIANA,False,False,False,False,False,False,False,False,False,False,False,False,0,
2018,SP,PHS,3103,LEONORA MENDES DE LIMA,False,False,False,False,False,False,False,False,False,False,False,False,0,75000.0
2018,SP,PHS,3111,SIMONE DE ARRUDA,False,False,False,False,False,False,False,False,False,False,False,False,0,20014.0
2018,SP,PHS,3120,MARCELO CANDIDO LOPES SIMÕES,False,False,False,False,False,False,False,False,False,False,False,False,0,2000.0
2018,SP,PHS,3124,SEVERINO DOS RAMOS SANTOS SILVA,False,False,False,False,False,False,False,False,False,False,False,False,0,
2018,SP,PHS,3131,LAÉRCIO BENKO LOPES,False,False,False,False,False,False,False,False,False,False,False,False,0,112621.5
2018,SP,PHS,3132,ANDRE LUIZ ZANATA,False,False,False,False,False,False,False,False,False,False,False,False,0,2000.0
2018,SP,PHS,3133,ARLINDO PEREIRA FIGUEIREDO JUNIOR,False,False,False,False,False,False,False,False,False,False,False,False,0,
2018,SP,PHS,3150,SAMANTHA CONSTANZA,False,False,False,False,False,False,False,False,False,False,False,False,0,30007.0
2018,SP,PHS,3170,VANDERLEI VELOZO MIRANDA,False,False,False,False,False,False,False,False,False,False,False,False,0,
2018,SP,PHS,3177,CRISTIANO EURIPEDES SOARES RODRIGUES DA SILVA,False,False,False,False,False,False,False,False,False,False,False,False,0,2000.0
2018,SP,PMB,3510,MAURICIO DE CAMPOS MENDES PEREIRA,False,False,False,False,False,False,False,False,False,False,False,False,0,
2018,SP,PMB,3513,DANIEL PERPETUO MACEDO,False,False,False,False,False,False,False,False,False,False,False,False,0,
2018,SP,PMB,3517,MARCELO DOS SANTOS ALVES,False,False,False,False,False,False,False,False,False,False,False,False,0,
2018,SP,PMB,3519,SILVANA GOMES DE ARAUJO TEIXEIRA,False,False,False,False,False,False,False,False,False,False,False,False,0,
2018,SP,PMB,3534,EVERALDINA COSTA GAMA DE OLIVEIRA,False,False,False,False,False,False,False,False,False,False,False,False,0,
2018,SP,PMB,3535,MARLI JOSÉ DA SILVA BARBOSA,False,False,False,False,False,False,False,False,False,False,False,False,0,
2018,SP,PMB,3536,LEONILDO ALMEIDA SOARES FERRO,False,False,False,False,False,False,False,False,False,False,False,False,0,
2018,SP,PMB,3540,ADEZIO DIAS BARBOZA,False,False,False,False,False,False,False,False,False,False,False,False,0,
2018,SP,PMB,3577,JORGE DE JESUS SILVA,False,False,False,False,False,False,False,False,False,False,False,False,0,
2018,SP,PMB,3578,LAIR MOURA SALA MALAVILA JUSEVICIUS,True,True,True,True,False,True,False,False,False,False,True,True,0,
2018,SP,PMN,3300,ROSEMEIRE MARQUES RIBEIRO ARCHANGELO,False,False,False,False,False,False,False,False,False,False,False,False,0,50000.0
2018,SP,PMN,3301,VIVIANE RODRIGUES DA SILVA AUGUSTO,False,False,False,False,False,False,False,False,False,False,False,False,0,
2018,SP,PMN,3302,EVANDRO CABRAL,False,False,False,False,False,False,False,False,False,False,False,False,0,
2018,SP,PMN,3303,PAULO DELLA ROSA JÚNIOR,False,False,False,False,False,False,False,False,False,False,False,False,0,50000.0
2018,SP,PMN,3304,NEUZA APARECIDA FERREIRA,False,False,False,False,False,False,False,False,False,False,False,False,0,
2018,SP,PMN,3305,VALÉRIO GRACIANO,False,False,False,False,False,False,False,False,False,False,False,False,0,6000.0
2018,SP,PMN,3307,EDILENE MARIA MAZER DOS SANTOS,False,False,False,False,False,False,False,False,False,False,False,False,0,20000.0
2018,SP,PMN,3308,OLGA MARIA DA SILVA LINO,False,False,False,False,False,False,False,False,False,False,False,False,0,
2018,SP,PMN,3310,EDUARDO GOMES DE MIRANDA FILHO,False,False,False,False,False,False,False,False,False,False,False,False,0,
2018,SP,PMN,3313,PAULO ROBERTO DOS SANTOS,False,False,False,False,False,False,False,False,False,False,False,False,0,
2018,SP,PMN,3314,MARCIO TOMAZELA,False,False,False,False,False,False,False,False,False,False,False,False,0,
2018,SP,PMN,3315,MARCO ANTONIO CORACINI,False,False,False,False,False,False,False,False,False,False,False,False,0,
2018,SP,PMN,3316,ODILIA EXPEDITA DE SOUSA,False,False,False,False,False,False,False,False,False,False,False,False,0,
2018,SP,PMN,3318,ANTÔNIO SEVERINO RODRIGUES DA SILVA,False,False,False,False,False,False,False,False,False,False,False,False,0,
2018,SP,PMN,3319,FERNANDA MENDONÇA DE SOUZA GAMA,False,False,False,False,False,False,False,False,False,False,False,False,0,
2018,SP,PMN,3320,SERGIO TORRES DA SILVA,False,False,False,False,False,False,False,False,False,False,False,False,0,
2018,SP,PMN,3321,JOÃO PEDRO PERES RODRIGUES,False,False,False,False,False,False,False,False,False,False,False,False,0,
2018,SP,PMN,3322,ANTONIO ABERALDO DE PINHO,False,False,False,False,False,False,False,False,False,False,False,False,0,
2018,SP,PMN,3323,SIMONE SANTANA MACHADO,False,False,False,False,False,False,False,False,False,False,False,False,0,
2018,SP,PMN,3330,EDILSON GONÇALVES DE AGUIAR,False,False,False,False,False,False,False,False,False,False,False,False,0,
2018,SP,PMN,3332,SOLANGE DA SILVA,False,False,False,False,False,False,False,False,False,False,False,False,0,
2018,SP,PMN,3333,ANA PAULA CARVALHO BEATHALTER,False,False,True,False,False,False,False,False,False,True,False,False,0,125000.0
2018,SP,PMN,3334,ANTONIO RAIMUNDO QUEIRÓZ,False,False,False,False,False,False,False,False,False,False,False,False,0,
2018,SP,PMN,3336,TIAGO APARECIDO SILVA ROCHA,False,False,False,False,False,False,False,False,False,False,False,False,0,
2018,SP,PMN,3337,APARECIDO RUBENS DE ANDRADE,False,False,False,False,False,False,False,False,False,False,False,False,0,
2018,SP,PMN,3339,NUBIA DE LIMA MARTINS,False,False,False,False,False,False,False,False,False,False,False,False,0,
2018,SP,PMN,3344,RITA DE CASSIA TAVARES DE ARAÚJO,False,False,False,False,False,False,False,False,False,False,False,False,0,
2018,SP,PMN,3345,NÉFI ANTONIO CASTRO TALES,False,False,False,False,False,False,False,False,False,False,False,False,0,
2018,SP,PMN,3350,JOSÉ CARLOS MONTEIRO DOS REIS,False,False,False,False,False,False,False,False,False,False,False,False,0,
2018,SP,PMN,3353,NELSON SOARES SILVEIRA,False,False,False,False,False,False,False,False,False,False,False,False,0,
2018,SP,PMN,3355,SIMIÃO BERNARDO DOS SANTOS,False,False,False,False,False,False,False,False,False,False,False,False,0,
2018,SP,PMN,3356,PATRÍCIA FREITAS LIMA,True,True,True,True,True,True,False,False,False,False,True,True,0,130000.0
2018,SP,PMN,3360,LAÉRCIO MENEZES SANTOS,False,False,False,False,False,False,False,False,False,False,False,False,0,
2018,SP,PMN,3363,MARCIA REGINA DE ALCÂNTARA SILVA,False,False,False,False,False,False,False,False,False,False,False,False,0,
2018,SP,PMN,3365,EDSON MARTINS FERREIRA,False,False,False,False,False,False,False,False,False,False,False,False,0,
2018,SP,PMN,3366,GENILCE DOS SANTOS,False,False,False,False,False,False,False,False,False,False,False,False,0,
2018,SP,PMN,3370,MARCOS MARIANO DE ABREU,False,False,False,False,False,False,False,False,False,False,False,False,0,
2018,SP,PMN,3373,WASHINGTON DE SOUZA GRIMAS,False,False,False,False,False,False,False,False,False,False,False,False,0,
2018,SP,PMN,3377,SIDINEY DONIZETTI GUEDES,False,False,False,False,False,False,False,False,False,False,False,False,0,50000.0
2018,SP,PMN,3378,FRANCISCO ALVES DE LIMA FILHO,False,False,False,False,False,False,False,False,False,False,False,False,0,
2018,SP,PMN,3380,SILVANO VITURINO DOS SANTOS,False,False,False,False,False,False,False,False,False,False,False,False,0,
2018,SP,PMN,3388,MARCIO NEVES RABELO,False,False,False,False,False,False,False,False,False,False,False,False,0,
2018,SP,PMN,3389,MARILU DE PAULA AMARANTE,False,False,False,False,False,False,False,False,False,False,False,False,0,
2018,SP,PMN,3399,JOSE MARIA RODRIGUES DE MATOS,False,False,False,False,False,False,False,False,False,False,False,False,0,40000.0
2018,SP,PODE,1901,WAGNER BAPTISTA RIGUEIRA,False,False,False,False,False,False,False,False,False,False,False,False,0,
2018,SP,PODE,1902,LEONOR SANTOS LISBOA,False,False,False,False,False,False,False,False,False,False,False,False,0,3441.49
2018,SP,PODE,1903,MARCOS CESAR DOS SANTOS,False,False,False,False,False,False,False,False,False,False,False,False,0,3309.6
2018,SP,PODE,1908,ANA CAROLINA DIAS RAMOS,False,False,False,False,False,False,False,False,False,False,False,False,0,7366.0
2018,SP,PODE,1910,NATANIEL DA SILVA CARVALHO,False,False,False,False,False,False,False,False,False,False,False,False,0,
2018,SP,PODE,1911,SINVAL MALHEIROS PINTO JUNIOR,True,True,True,True,True,True,False,False,False,False,True,True,0,700000.0
2018,SP,PODE,1912,CLÉBER ARAÚJO BARBOSA,False,False,False,False,False,False,False,False,False,False,False,False,0,5751.6
2018,SP,PODE,1914,CRISTINA RODRIGUES DE SOUZA,False,False,False,False,False,False,False,False,False,False,False,False,0,4449.97
2018,SP,PODE,1915,ANDRÉ ELIAS RODINI LUIZ,False,False,False,False,False,False,False,False,False,False,False,False,0,
2018,SP,PODE,1916,SAMUEL DO LAGO SOUZA,False,False,False,False,False,False,False,False,False,False,False,False,0,
2018,SP,PODE,1917,NELSON CHANG PYO HONG,False,False,False,False,False,False,False,False,False,False,False,False,0,
2018,SP,PODE,1918,EUDES AMARO DA SILVA,False,False,False,False,False,False,False,False,False,False,False,False,0,
2018,SP,PODE,1919,RENATA HELLMEISTER DE ABREU,True,True,True,True,True,True,False,False,False,False,True,True,1,2030159.55
2018,SP,PODE,1920,MARCO ANTONIO FELICIANO,True,True,True,True,True,True,False,False,False,False,True,True,1,1289772.55
2018,SP,PODE,1921,NOEME BATISTA GIL,False,False,False,False,False,False,False,False,False,False,False,False,0,6209.47
2018,SP,PODE,1922,JOÃO MANUEL BAPTISTA,False,False,False,False,False,False,False,False,False,False,False,False,0,7452.32
2018,SP,PODE,1923,VLADIMIR FERNANDES DE ALMEIDA,False,False,False,False,False,False,False,False,False,False,False,False,0,
2018,SP,PODE,1925,MARCELO RIBEIRO COSTA,False,False,False,False,False,False,False,False,False,False,False,False,0,
2018,SP,PODE,1926,ANDREIA MARIA ANDRADE,False,False,False,False,False,False,False,False,False,False,False,False,0,2000.0
2018,SP,PODE,1927,ALFREDO DUQUE DE ALMEIDA FILHO,False,False,False,False,False,False,False,False,False,False,False,False,0,
2018,SP,PODE,1928,CESAR AUGUSTO BIAGIONI,False,False,False,False,False,False,False,False,False,False,False,False,0,
2018,SP,PODE,1930,ALICIO HONORIO DE ANDRADE,False,False,False,False,False,False,False,False,False,False,False,False,0,
2018,SP,PODE,1931,MARCOS EDUARDO COUTINHO,False,False,False,False,False,False,False,False,False,False,False,False,0,
2018,SP,PODE,1932,RICARDO GAMBARONI,False,False,False,False,False,False,False,False,False,False,False,False,0,
2018,SP,PODE,1933,FRANCISCO ALEXANDRE FILHO,False,False,False,False,False,False,False,False,False,False,False,False,0,100000.0
2018,SP,PODE,1936,MARIA MADALENA ALVES MONTEIRO,False,False,False,False,False,False,False,False,False,False,False,False,0,4469.47
2018,SP,PODE,1937,SILVIA DOS SANTOS NAKANO,False,False,False,False,False,False,False,False,False,False,False,False,0,3542.62
2018,SP,PODE,1938,CONSTANTIN KAZAKOS,False,False,False,False,False,False,False,False,False,False,False,False,0,
2018,SP,PODE,1939,MARCEL DE OLIVEIRA MARCONDES,False,False,False,False,False,False,False,False,False,False,False,False,0,
2018,SP,PODE,1940,LUIZ CLAUDIO NOGAROTO AMARAL,False,False,False,False,False,False,False,False,False,False,False,False,0,
2018,SP,PODE,1942,SERGIO ROBERTO RIBEIRO DOS SANTOS,False,False,False,False,False,False,False,False,False,False,False,False,0,
2018,SP,PODE,1943,MARÇAL BORGES DA SILVA,False,False,False,False,False,False,False,False,False,False,False,False,0,
2018,SP,PODE,1944,JOÃO MARCOS MOREIRA GUIMARÃES SANTOS,False,False,False,False,False,False,False,False,False,False,False,False,0,
2018,SP,PODE,1945,LILIAN MARIA ALCKMIN DE SOUZA FRANCO,False,False,False,False,False,False,False,False,False,False,False,False,0,5000.0
2018,SP,PODE,1946,FERNANDA LOPES DE ANDRADE FREITAS,False,False,False,False,False,False,False,False,False,False,False,False,0,2261.76
2018,SP,PODE,1947,ROSANGELA LOBO TEIXEIRA ZIZLER,False,False,False,False,False,False,False,False,False,False,False,False,0,
2018,SP,PODE,1949,DANILO DE SOUZA PAULI,False,False,False,False,False,False,False,False,False,False,False,False,0,
2018,SP,PODE,1951,ADRIANO DOS SANTOS,False,False,False,False,False,False,False,False,False,False,False,False,0,
2018,SP,PODE,1952,LUIZ CLÁUDIO SANTOS ROSA,False,False,False,False,False,False,False,False,False,False,False,False,0,
2018,SP,PODE,1953,ALBERTO ALVES COUTINHO,False,False,False,False,False,False,False,False,False,False,False,False,0,
2018,SP,PODE,1954,RAMSÉS THOMAZ,False,False,False,False,False,False,False,False,False,False,False,False,0,
2018,SP,PODE,1955,JULIANO CAMILO BORGES,False,False,False,False,False,False,False,False,False,False,False,False,0,
2018,SP,PODE,1956,ROBERTO RODRIGUES RIBEIRO,False,False,False,False,False,False,False,False,False,False,False,False,0,4271.6
2018,SP,PODE,1961,NOEMIA VIEIRA FONSECA,False,False,False,False,False,False,False,False,False,False,False,False,0,7209.48
2018,SP,PODE,1962,DAVILSON MENDONÇA,False,False,False,False,False,False,False,False,False,False,False,False,0,
2018,SP,PODE,1963,LEIA SOARES DOS SANTOS,False,False,False,False,False,False,False,False,False,False,False,False,0,4579.47
2018,SP,PODE,1966,ANTONIO MARCOS GRACIANI,False,False,False,False,False,False,False,False,False,False,False,False,0,
2018,SP,PODE,1968,WANESSA IGESCA VALVERDE,False,False,False,False,False,False,False,False,False,False,False,False,0,4176.49
2018,SP,PODE,1970,EDSON ALMEIDA DA SILVA,False,False,False,False,False,False,False,False,False,False,False,False,0,
2018,SP,PODE,1971,RENATO TAMAIO DE SOUZA,False,False,False,False,False,False,False,False,False,False,False,False,0,
2018,SP,PODE,1972,NEUSA RIBEIRO DALTRO,False,False,False,False,False,False,False,False,False,False,False,False,0,6199.75
2018,SP,PODE,1973,GERALDO ARISTIDES RUFINO,False,False,False,False,False,False,False,False,False,False,False,False,0,59339.77
2018,SP,PODE,1976,FERNANDO HENRIQUE VIEIRA SANTOS,False,False,False,False,False,False,False,False,False,False,False,False,0,
2018,SP,PODE,1977,KAWEL RODRIGO LOTTI,False,False,False,False,False,False,False,False,False,False,False,False,0,20000.0
2018,SP,PODE,1978,MARCOS AURÉLIO DE LIMA,False,False,False,False,False,False,False,False,False,False,False,False,0,
2018,SP,PODE,1979,WAGNER NESPOLI,False,False,False,False,False,False,False,False,False,False,False,False,0,
2018,SP,PODE,1980,ROSEMEIRE MARTINS DE CARVALHO RIBEIRO,False,False,False,False,False,False,False,False,False,False,False,False,0,10000.0
2018,SP,PODE,1981,RICARDO SOUZA DOS SANTOS,False,False,False,False,False,False,False,False,False,False,False,False,0,1195.0
2018,SP,PODE,1982,ALESSANDRANGELO LONDINO FRONTERA,False,False,False,False,False,False,False,False,False,False,False,False,0,
2018,SP,PODE,1984,GILVANDRO JOSE ALVES DE OLIVEIRA FILHO,False,False,False,False,False,False,False,False,False,False,False,False,0,20000.0
2018,SP,PODE,1985,AIRTON SANTOS LOPES,False,False,False,False,False,False,False,False,False,False,False,False,0,
2018,SP,PODE,1987,JOSE DONIZETI LOUSADA,False,False,False,False,False,False,False,False,False,False,False,False,0,
2018,SP,PODE,1988,LI SIU YUK,False,False,False,False,False,False,False,False,False,False,False,False,0,698000.0
2018,SP,PODE,1989,RUI ROBSON DA PAZ,False,False,False,False,False,False,False,False,False,False,False,False,0,
2018,SP,PODE,1990,NIVALDO SOARES DA SILVA FILHO,False,False,False,False,False,False,False,False,False,False,False,False,0,
2018,SP,PODE,1991,FRANCISCO MARCELO ORTIZ FILHO,True,True,True,True,True,True,False,False,False,True,True,True,0,234776.52000000002
2018,SP,PODE,1992,GABRIEL SOUZA DE JESUS,False,False,False,False,False,False,False,False,False,False,False,False,0,
2018,SP,PODE,1993,LUCÉLIA DE SOUZA ALKIMIM,False,False,False,False,False,False,False,False,False,False,False,False,0,10547.99
2018,SP,PODE,1994,JOSÉ PRUDÊNCIO DOS SANTOS FILHO,False,False,False,False,False,False,False,False,False,False,False,False,0,
2018,SP,PODE,1995,MÉRCIA MARA FALCINI,False,False,False,False,False,False,False,False,False,False,False,False,0,110000.0
2018,SP,PODE,1996,NARA SANTANA DE OLIVEIRA,False,False,False,False,False,False,False,False,False,False,False,False,0,4579.47
2018,SP,PODE,1997,JORGE PINTO CARNEIRO,False,False,False,False,False,False,False,False,False,False,False,False,0,
2018,SP,PODE,1999,ROBERTO ALVES DE LUCENA,True,True,True,True,True,True,False,False,False,False,True,True,1,981000.0
2018,SP,PP,1100,GUILHERME MUSSI FERREIRA,True,True,True,True,True,True,False,False,False,False,True,True,1,1767386.0
2018,SP,PP,1111,RICARDO IZAR JUNIOR,True,True,True,True,True,True,False,False,False,False,True,True,1,1960692.0
2018,SP,PP,1123,FAUSTO RUY PINATO,True,True,True,True,True,False,False,False,False,False,False,False,1,1890692.0
2018,SP,PP,1133,JUSSARA MORO PRESTO,False,False,False,False,False,False,False,False,False,False,False,False,0,250000.0
2018,SP,PP,1152,ARNALDO FARIA DE SÁ,True,True,True,True,True,True,False,False,False,False,True,True,0,1479672.0
2018,SP,PP,1190,GUILHERME MURARO DERRITE,False,False,False,False,False,False,False,False,False,False,False,False,1,750000.0
2018,SP,PPL,5400,JORGE ALVES DE ALMEIDA VENANCIO,False,False,False,False,False,False,False,False,False,False,False,False,0,6500.0
2018,SP,PPL,5401,TADEU AMARAL,False,False,False,False,False,False,False,False,False,False,False,False,0,1480.0
2018,SP,PPL,5402,DARO MARCOS PIFFER,False,False,False,False,False,False,False,False,False,False,False,False,0,2980.0
2018,SP,PPL,5404,FABIANO DA SILVA AVELINO,False,False,False,False,False,False,False,False,False,False,False,False,0,980.0
2018,SP,PPL,5405,RICARDO CONSTANCIO GOMES,False,False,False,False,False,False,False,False,False,False,False,False,0,1000.0
2018,SP,PPL,5407,CIBELE APARECIDA DE OLIVEIRA,False,False,False,False,False,False,False,False,False,False,False,False,0,2500.0
2018,SP,PPL,5408,GABRIEL AUGUSTO PEREIRA,False,False,False,False,False,False,False,False,False,False,False,False,0,2440.0
2018,SP,PPL,5409,IDIVANIR DE MOURA MESQUITA,False,False,False,False,False,False,False,False,False,False,False,False,0,3000.0
2018,SP,PPL,5410,VALDINEIA MEIRA MOTA,False,False,False,False,False,False,False,False,False,False,False,False,0,7207.33
2018,SP,PPL,5411,LUIZ FERNANDO BRASILIENSE,False,False,False,False,False,False,False,False,False,False,False,False,0,6480.0
2018,SP,PPL,5412,ILMO HONORATO FERNANDES,False,False,False,False,False,False,False,False,False,False,False,False,0,980.0
2018,SP,PPL,5413,JOSÉ AUGUSTINHO DOS SANTOS,False,False,False,False,False,False,False,False,False,False,False,False,0,2500.0
2018,SP,PPL,5414,FRANCISCO NOGUEIRA DA SILVA,False,False,False,False,False,False,False,False,False,False,False,False,0,
2018,SP,PPL,5415,WILLIAM SANTOS RODRIGUES,False,False,False,False,False,False,False,False,False,False,False,False,0,500.0
2018,SP,PPL,5420,WELLINGTON GONCALVES ADRIANO,False,False,False,False,False,False,False,False,False,False,False,False,0,
2018,SP,PPL,5421,CLAUDIO JOSÉ DE ANDRADE,False,False,False,False,False,False,False,False,False,False,False,False,0,980.0
2018,SP,PPL,5422,CICERO ALVES DE CASTRO,False,False,False,False,False,False,False,False,False,False,False,False,0,980.0
2018,SP,PPL,5423,ALEXANDRE DE SOUZA COMITRE,False,False,False,False,False,False,False,False,False,False,False,False,0,3000.0
2018,SP,PPL,5424,NADIA SILVA DIDONATO,False,False,False,False,False,False,False,False,False,False,False,False,0,2000.0
2018,SP,PPL,5425,WILSON MENDES,False,False,False,False,False,False,False,False,False,False,False,False,0,980.0
2018,SP,PPL,5430,WALTER ALVES NEVES,False,False,False,False,False,False,False,False,False,False,False,False,0,3480.0
2018,SP,PPL,5432,JOSENILDO PEREIRA LEITE,False,False,False,False,False,False,False,False,False,False,False,False,0,980.0
2018,SP,PPL,5434,DIÓGENES LUCAS DE CAMPOS,False,False,False,False,False,False,False,False,False,False,False,False,0,500.0
2018,SP,PPL,5437,TANIA MARA STAMBONI DE JESUS,False,False,False,False,False,False,False,False,False,False,False,False,0,1500.0
2018,SP,PPL,5440,MONICA NADAL PIMENTA,False,False,False,False,False,False,False,False,False,False,False,False,0,3000.0
2018,SP,PPL,5442,SOLANGE LARA PUPO,False,False,False,False,False,False,False,False,False,False,False,False,0,3500.0
2018,SP,PPL,5444,ADMIR GERVASIO MOREIRA,False,False,False,False,False,False,False,False,False,False,False,False,0,7960.0
2018,SP,PPL,5445,SONIA REGINA BRANCO,False,False,False,False,False,False,False,False,False,False,False,False,0,1500.0
2018,SP,PPL,5446,KEILA PEREIRA FRANCISCO,False,False,False,False,False,False,False,False,False,False,False,False,0,4000.0
2018,SP,PPL,5450,ARTUR BUENO DE CAMARGO,False,False,False,False,False,False,False,False,False,False,False,False,0,6000.0
2018,SP,PPL,5451,FABIO ALEXANDRELLI,False,False,False,False,False,False,False,False,False,False,False,False,0,980.0
2018,SP,PPL,5453,ROSEMEIRE MARCONDES DE MORAES,False,False,False,False,False,False,False,False,False,False,False,False,0,3000.0
2018,SP,PPL,5454,JOSÉ LUIZ CALVO,False,False,False,False,False,False,False,False,False,False,False,False,0,9811.0
2018,SP,PPL,5455,JACINTO MOREIRA MILAGRES,False,False,False,False,False,False,False,False,False,False,False,False,0,480.0
2018,SP,PPL,5456,ROGERIO DA SILVA DO NASCIMENTO,False,False,False,False,False,False,False,False,False,False,False,False,0,980.0
2018,SP,PPL,5457,LUCIA APARECIDA MORETTI,False,False,False,False,False,False,False,False,False,False,False,False,0,2000.0
2018,SP,PPL,5458,LUIZ ROBERTO COPATI,False,False,False,False,False,False,False,False,False,False,False,False,0,1480.0
2018,SP,PPL,5460,CICERO FIRMINO DA SILVA,False,False,False,False,False,False,False,False,False,False,False,False,0,5980.0
2018,SP,PPL,5464,VILSON FERREIRA DORNELLES,False,False,False,False,False,False,False,False,False,False,False,False,0,6480.0
2018,SP,PPL,5465,ANTONIO LUIZ MACEDO,False,False,False,False,False,False,False,False,False,False,False,False,0,980.0
2018,SP,PPL,5466,MILTON FERREIRA MENDES,False,False,False,False,False,False,False,False,False,False,False,False,0,980.0
2018,SP,PPL,5469,YURI ABYAZA COSTA,False,False,False,False,False,False,False,False,False,False,False,False,0,
2018,SP,PPL,5470,JAIR CAVALCANTE VAZ,False,False,False,False,False,False,False,False,False,False,False,False,0,480.0
2018,SP,PPL,5473,EUFLATES CELESTINO DE LIMA,False,False,False,False,False,False,False,False,False,False,False,False,0,2460.0
2018,SP,PPL,5475,MARIA DAS NEVES FERREIRA MOURA,False,False,False,False,False,False,False,False,False,False,False,False,0,6000.0
2018,SP,PPL,5476,FERNANDO SERGIO COVRE,False,False,False,False,False,False,False,False,False,False,False,False,0,
2018,SP,PPL,5477,MARIA APARECIDA DE SOUSA,False,False,False,False,False,False,False,False,False,False,False,False,0,2000.0
2018,SP,PPL,5482,ICARO ROBERTO FAGUNDES,False,False,False,False,False,False,False,False,False,False,False,False,0,
2018,SP,PPL,5489,INDALÉCIO ADRIANO LIMA,False,False,False,False,False,False,False,False,False,False,False,False,0,
2018,SP,PPL,5491,SIMONE APARECIDA DOS SANTOS OLIVEIRA,False,False,False,False,False,False,False,False,False,False,False,False,0,500.0
2018,SP,PPL,5499,SONIA HIPÓLITA DE SOUZA SAWAZKI,False,False,False,False,False,False,False,False,False,False,False,False,0,5500.0
2018,SP,PPS,2300,YVES RAPHAEL CARBINATTI RIBEIRO,False,False,False,False,False,False,False,False,False,False,False,False,0,28000.0
2018,SP,PPS,2303,HUMBERTO VIEIRA BARBOSA LAUDARES PEREIRA,False,False,False,False,False,False,False,False,False,False,False,False,0,128000.0
2018,SP,PPS,2313,DORACI MARIANO,False,False,False,False,False,False,False,False,False,False,False,False,0,10000.0
2018,SP,PPS,2322,HILDA MARIA AZEVEDO ALVES,False,False,False,False,False,False,False,False,False,False,False,False,0,17521.92
2018,SP,PPS,2323,ROBERTO JOÃO PEREIRA FREIRE,True,True,True,True,True,True,False,False,False,False,True,True,0,1368141.31
2018,SP,PPS,2333,WALLACE ANANIAS DE FREITAS BRUNO,False,False,False,False,False,False,False,False,False,False,False,False,0,27000.0
2018,SP,PPS,2343,ALEX SPINELLI MANENTE,True,True,True,True,True,True,False,False,False,True,True,True,1,1227228.11
2018,SP,PPS,2345,ARNALDO CALIL PEREIRA JARDIM,True,True,True,True,True,True,False,False,False,False,True,True,1,1228028.11
2018,SP,PPS,2351,POLLYANA FATIMA GAMA SANTOS,True,True,True,True,False,True,False,False,False,True,True,True,0,1168128.1099999999
2018,SP,PPS,2362,ARLINDO MARIANO DE ARAUJO FILHO,False,False,False,False,False,False,False,False,False,False,False,False,0,
2018,SP,PPS,2363,CARLOS ROBERTO MENDES PEIXOTO,False,False,False,False,False,False,False,False,False,False,False,False,0,10000.0
2018,SP,PR,2200,JOSÉ AUGUSTO ROSA,True,True,True,True,False,True,False,False,False,False,True,True,1,2167132.75
2018,SP,PR,2202,WALID ALI HAMID,False,False,True,False,False,False,False,False,False,True,False,False,0,117233.25
2018,SP,PR,2206,RAIMUNDA FERREIRA XAVIER SANTOS,False,False,False,False,False,False,False,False,False,False,False,False,0,63356.5
2018,SP,PR,2207,SILVIO ANDREI RODRIGUES,False,False,False,False,False,False,False,False,False,False,False,False,0,366914.96
2018,SP,PR,2208,MARIO LUCIO DA SILVA,False,False,False,False,False,False,False,False,False,False,False,False,0,324282.5
2018,SP,PR,2210,MARILZA OLIVEIRA DE JESUS ORIGUELA,False,False,False,False,False,False,False,False,False,False,False,False,0,46356.5
2018,SP,PR,2211,JULIANA AUGUSTO CARDOSO,False,False,False,False,False,False,False,False,False,False,False,False,0,893018.0
2018,SP,PR,2212,ADAILTON CERQUEIRA SANTOS JUNIOR,False,False,False,False,False,False,False,False,False,False,False,False,0,142856.5
2018,SP,PR,2214,CLAUDIA LOPES DE SOUZA,False,False,False,False,False,False,False,False,False,False,False,False,0,33356.5
2018,SP,PR,2215,APARECIDO MOREIRA DA SILVA,False,False,False,False,False,False,False,False,False,False,False,False,0,92856.5
2018,SP,PR,2217,RITA DE CASSIA ALVES,False,False,False,False,False,False,False,False,False,False,False,False,0,34182.0
2018,SP,PR,2220,ROBERTO HIDEO YAMAUCHI,False,False,False,False,False,False,False,False,False,False,False,False,0,119843.70999999999
2018,SP,PR,2221,VALDEMAR ROSENDO MARQUES,False,False,False,False,False,False,False,False,False,False,False,False,0,50000.0
2018,SP,PR,2222,FRANCISCO EVERARDO OLIVEIRA SILVA,True,True,True,True,True,True,False,False,False,False,True,True,1,1203200.0
2018,SP,PR,2223,NELSON DOS SANTOS FERRAZ,False,False,False,False,False,False,False,False,False,False,False,False,0,14509.11
2018,SP,PR,2224,PAULO DARIO BAUERMEISTER,False,False,False,False,False,False,False,False,False,False,False,False,0,65856.5
2018,SP,PR,2225,GIOMÁRIO MENDES CARNEIRO,False,False,False,False,False,False,False,False,False,False,False,False,0,62856.5
2018,SP,PR,2226,JOSÉ PEDRO CORNÉLIO,False,False,False,False,False,False,False,False,False,False,False,False,0,124282.5
2018,SP,PR,2227,DAMIÃO FRANCO DE SOUZA,False,False,False,False,False,False,False,False,False,False,False,False,0,119058.5
2018,SP,PR,2230,NADIR TAVARES ALBERTO,False,False,False,False,False,False,False,False,False,False,False,False,0,78404.5
2018,SP,PR,2232,DAVID MONTEIRO DE MELLO,False,False,False,False,False,False,False,False,False,False,False,False,0,65856.5
2018,SP,PR,2233,PAULO ROBERTO FREIRE DA COSTA,True,True,True,True,True,True,False,False,False,False,True,True,1,2091765.71
2018,SP,PR,2234,ROGERIO MONTEIRO BARBOSA,False,False,False,False,False,False,False,False,False,False,False,False,0,174282.5
2018,SP,PR,2235,DANIEL DE ALENCAR SILVA,False,False,False,False,False,False,False,False,False,False,False,False,0,45856.5
2018,SP,PR,2240,KATIA DA SILVA SASTRE,False,False,False,False,False,False,False,False,False,False,False,False,1,1100000.0
2018,SP,PR,2242,LUZIA SEFORA DA SILVA,False,False,False,False,False,False,False,False,False,False,False,False,0,35351.5
2018,SP,PR,2244,LUIZ CARLOS MOTTA,False,False,False,False,False,False,False,False,False,False,False,False,1,1707505.0
2018,SP,PR,2245,JOSÉ APARECIDO DE LIRA,False,False,False,False,False,False,False,False,False,False,False,False,0,453682.25
2018,SP,PR,2250,LUCIANA DE ALMEIDA COSTA,True,True,True,True,False,True,False,False,False,False,True,True,0,921522.75
2018,SP,PR,2251,JOSÉ ARAUJO SILVA,False,False,False,False,False,False,False,False,False,False,False,False,0,116883.5
2018,SP,PR,2255,MILTON ANTONIO CASQUEL MONTI,True,True,True,True,True,True,False,False,False,False,True,True,0,1756765.71
2018,SP,PR,2256,EIJI DE CAMPOS SANTANA,False,False,False,False,False,False,False,False,False,False,False,False,0,116883.5
2018,SP,PR,2265,ELIANA BARBOSA COSTA GARCIA,False,False,False,False,False,False,False,False,False,False,False,False,0,36356.5
2018,SP,PR,2270,ANTONIO CARLOS RODRIGUES,False,False,False,False,False,False,False,False,False,False,False,False,0,1421151.75
2018,SP,PR,2275,ELISÂNGELA APARECIDA BORGES MIGUEL,False,False,False,False,False,False,False,False,False,False,False,False,0,83857.75
2018,SP,PR,2276,LINDINALVA MARIA OLIVEIRA CRUZ,False,False,False,False,False,False,False,False,False,False,False,False,0,21087.25
2018,SP,PR,2277,MIGUEL LOMBARDI,False,False,False,False,False,False,False,False,False,False,False,False,1,1912383.75
2018,SP,PR,2278,DEBORA CABRAL PAGANOTTO,False,False,False,False,False,False,False,False,False,False,False,False,0,56533.5
2018,SP,PR,2280,ESTER NARDIN,False,False,False,False,False,False,False,False,False,False,False,False,0,31874.5
2018,SP,PR,2287,MARTINHO CARLOS COLPANI FILHO,False,False,False,False,False,False,False,False,False,False,False,False,0,66777.5
2018,SP,PR,2288,DAVID ABMAEL DAVID,False,False,True,False,False,False,False,False,False,True,False,False,0,120583.0
2018,SP,PR,2290,SERGIO CALDAS SANTANA,False,False,False,False,False,False,False,False,False,False,False,False,0,123543.21
2018,SP,PR,2292,JOÃO VINICIUS BELUCCI PARRA COURA,False,False,False,False,False,False,False,False,False,False,False,False,0,224282.5
2018,SP,PR,2299,MARCIO LUIZ ALVINO DE SOUZA,True,True,True,True,True,True,False,True,False,True,True,True,1,958855.0
2018,SP,PRB,1000,CELSO UBIRAJARA RUSSOMANNO,True,True,True,True,True,True,False,False,False,True,True,True,1,2028000.0
2018,SP,PRB,1001,EDSON FRANCISCO DE SANTANA,False,False,False,False,False,False,False,False,False,False,False,False,0,153868.25
2018,SP,PRB,1002,ELIANA SABÁ,False,False,False,False,False,False,False,False,False,False,False,False,0,61501.9
2018,SP,PRB,1003,EDILUZA MARIA DA SILVA DOS SANTOS,False,False,False,False,False,False,False,False,False,False,False,False,0,15515.05
2018,SP,PRB,1004,AFFONSO SALATI FILHO,False,False,False,False,False,False,False,False,False,False,False,False,0,8579.75
2018,SP,PRB,1005,VICTOR AUGUSTO VILANUEVA GOMES,False,False,False,False,False,False,False,False,False,False,False,False,0,13815.5
2018,SP,PRB,1006,MICHEL DE LIMA CHAUSSE,False,False,False,False,False,False,False,False,False,False,False,False,0,31858.2
2018,SP,PRB,1007,WANDEMBERG MARQUES DA SILVA,False,False,False,False,False,False,False,False,False,False,False,False,0,24501.9
2018,SP,PRB,1008,EDSON COQUEIRO FILHO,False,False,False,False,False,False,False,False,False,False,False,False,0,116826.45
2018,SP,PRB,1009,VAGNER CLEBER CHIAPETTI,False,False,False,False,False,False,False,False,False,False,False,False,0,214740.0
2018,SP,PRB,1010,MARCOS ANTONIO PEREIRA,False,False,False,False,False,False,False,False,False,False,False,False,1,2480399.0
2018,SP,PRB,1011,ALEXANDRE ARAUJO DAUAGE,False,False,False,False,False,False,False,False,False,False,False,False,0,50000.0
2018,SP,PRB,1012,ALEX FERNANDO BRAGA,False,False,False,False,False,False,False,False,False,False,False,False,0,6686.5
2018,SP,PRB,1013,ADAO DIVINO DO NASCIMENTO,False,False,False,False,False,False,False,False,False,False,False,False,0,14354.15
2018,SP,PRB,1014,ALEXANDRO DE ARAUJO,False,False,True,False,False,False,False,False,False,True,False,False,0,110985.0
2018,SP,PRB,1015,RITA DE CÁSSIA SANTANA ALBANEZ,False,False,False,False,False,False,False,False,False,False,False,False,0,324899.75
2018,SP,PRB,1016,WANDERLEY AYRES JUNIOR,False,False,False,False,False,False,False,False,False,False,False,False,0,
2018,SP,PRB,1017,CAROLINE GROOT,False,False,False,False,False,False,False,False,False,False,False,False,0,125072.3
2018,SP,PRB,1018,MARIA NASARÉ DA GUIA AZEVEDO,False,False,False,False,False,False,False,False,False,False,False,False,0,200455.0
2018,SP,PRB,1019,LEANDRO MOREIRA,False,False,False,False,False,False,False,False,False,False,False,False,0,3905.0
2018,SP,PRB,1020,ANGELA MÁRCIA FIRMO BAVINI,False,False,False,False,False,False,False,False,False,False,False,False,0,217150.5
2018,SP,PRB,1021,LUIZ CARLOS DONEGA NETO,False,False,True,False,False,False,False,False,False,True,False,False,0,11743.01
2018,SP,PRB,1022,MARIA DO PARTO MENDES ROSAS,False,False,False,False,False,False,False,False,False,False,False,False,1,2423442.36
2018,SP,PRB,1023,HENRIQUE STEIN SCIASCIO,False,False,False,False,False,False,False,False,False,False,False,False,0,355338.8
2018,SP,PRB,1024,GILMARA NASCIMENTO DA SILVA,False,False,False,False,False,False,False,False,False,False,False,False,0,65494.35
2018,SP,PRB,1025,LUCILENA RIBEIRO DA SILVA,False,False,False,False,False,False,False,False,False,False,False,False,0,11678.85
2018,SP,PRB,1026,JEFFERSON MARIO AMARAL,False,False,False,False,False,False,False,False,False,False,False,False,0,50000.0
2018,SP,PRB,1027,CAMILA GRASIELE SANGREGORIO SOARES,False,False,False,False,False,False,False,False,False,False,False,False,0,209063.9
2018,SP,PRB,1028,ANA KARIN DIAS DE ALMEIDA ANDRADE,False,True,True,False,True,False,False,True,False,True,False,False,0,353815.5
2018,SP,PRB,1029,NILO SERGIO MACHADO,False,False,False,False,False,False,False,False,False,False,False,False,0,16949.25
2018,SP,PRB,1030,ALCIDES BELUCI NETO,False,False,True,False,False,False,False,False,False,True,False,False,0,211614.6
2018,SP,PRB,1031,RENE ROSA,False,False,False,False,False,False,False,False,False,False,False,False,0,6876.65
2018,SP,PRB,1032,ABEL DO PORTO SANTOS,False,False,False,False,False,False,False,False,False,False,False,False,0,12389.0
2018,SP,PRB,1033,SHAKESPEARE VIANA CARVALHO,False,False,True,False,False,False,False,False,False,True,False,False,0,1374382.0
2018,SP,PRB,1034,GERALDO DOS REIS BORGES,False,False,False,False,False,False,False,False,False,False,False,False,0,11095.2
2018,SP,PRB,1035,JOAO AGUIAR RIBEIRO,False,False,False,False,False,False,False,False,False,False,False,False,0,2308.65
2018,SP,PRB,1036,ANA REGINA MACHADO COUTO,False,False,False,False,False,False,False,False,False,False,False,False,0,16404.35
2018,SP,PRB,1037,GERALDO JANUARIO DO NASCIMENTO,False,False,False,False,False,False,False,False,False,False,False,False,0,8203.97
2018,SP,PRB,1038,GABRIEL ROCHA KANNER,False,False,False,False,False,False,False,False,False,False,False,False,0,6017.2
2018,SP,PRB,1039,RUBENS SANCHEZ PROENÇA,False,False,False,False,False,False,False,False,False,False,False,False,0,9372.7
2018,SP,PRB,1040,RICARDO MOLINA DIAS,False,False,False,False,False,False,False,False,False,False,False,False,0,158016.35
2018,SP,PRB,1041,GILDO JOSE PEDROSA,False,False,False,False,False,False,False,False,False,False,False,False,0,69220.0
2018,SP,PRB,1042,APARECIDA FERREIRA ALVES DA SILVA,False,False,False,False,False,False,False,False,False,False,False,False,0,14505.5
2018,SP,PRB,1043,SANDRA REGINA FELICIO WHITAKER,False,False,False,False,False,False,False,False,False,False,False,False,0,108314.35
2018,SP,PRB,1044,LUIS CARLOS DE SOUZA,False,False,False,False,False,False,False,False,False,False,False,False,0,14266.9
2018,SP,PRB,1045,EDUARDO JANZON AVALLONE NOGUEIRA,False,False,False,False,False,False,False,False,False,False,False,False,0,
2018,SP,PRB,1046,CREUZA PEREIRA SOARES,False,False,False,False,False,False,False,False,False,False,False,False,0,19895.05
2018,SP,PRB,1047,AGRIPINO PEREIRA DE SENA,False,False,False,False,False,False,False,False,False,False,False,False,0,17775.05
2018,SP,PRB,1048,ANTONIO DE SOUZA BRANDAO,False,False,False,False,False,False,False,False,False,False,False,False,0,22594.6
2018,SP,PRB,1049,MURILLO ANDREU RUBIO,False,False,False,False,False,False,False,False,False,False,False,False,0,1614.2
2018,SP,PRB,1050,JOSE LEMES SOARES,False,False,True,False,False,False,False,False,False,True,False,False,0,35000.0
2018,SP,PRB,1051,GILSON DE SOUZA JUNIOR,False,False,False,False,False,False,False,False,False,False,False,False,0,376120.0
2018,SP,PRB,1052,RICARDO ELIAS IRALLA,False,False,False,False,False,False,False,False,False,False,False,False,0,1930.07
2018,SP,PRB,1053,MAURICIO DOMINGUES DA SILVA,False,False,False,False,False,False,False,False,False,False,False,False,0,15000.0
2018,SP,PRB,1055,MILTON VIEIRA PINTO,True,True,True,True,True,True,False,False,False,False,True,True,1,1303885.8599999999
2018,SP,PRB,1056,VLADIMIR RYUJI TANAKA,False,False,False,False,False,False,False,False,False,False,False,False,0,9004.25
2018,SP,PRB,1058,JULIANA LUCIANO DOS SANTOS,False,False,False,False,False,False,False,False,False,False,False,False,0,15205.5
2018,SP,PRB,1059,GILSON PEREIRA DE MENEZES,False,False,False,False,False,False,False,False,False,False,False,False,0,9501.9
2018,SP,PRB,1060,GILMAR ANDRE DOS SANTOS NEVES DE LAVOR,False,False,False,False,False,False,False,False,False,False,False,False,0,5135.2
2018,SP,PRB,1061,NILSON BONOME,False,False,False,False,False,False,False,False,False,False,False,False,0,229343.8
2018,SP,PRB,1062,VILMA APARECIDA DE ALMEIDA,False,False,False,False,False,False,False,False,False,False,False,False,0,15205.5
2018,SP,PRB,1063,LUIZ CARLOS BOMBONATO GOULART,False,False,False,False,False,False,False,False,False,False,False,False,0,250235.5
2018,SP,PRB,1064,PAULO GUILHERME FRANZIN,False,False,False,False,False,False,False,False,False,False,False,False,0,7805.05
2018,SP,PRB,1065,JOAO RICARDO GARCIA CARVALHO DA SILVA,False,False,False,False,False,False,False,False,False,False,False,False,0,212320.0
2018,SP,PRB,1066,GUILHERME AUGUSTO SANCHES RIBEIRO,True,True,True,True,False,True,False,False,False,False,True,True,0,11623.5
2018,SP,PRB,1067,MILAINE CRISTINA LEITE RUVIÉRE CALAZANS,False,False,False,False,False,False,False,False,False,False,False,False,0,105205.5
2018,SP,PRB,1068,MARILDA FELIPE,False,False,False,False,False,False,False,False,False,False,False,False,0,217969.75
2018,SP,PRB,1069,ROBERTO MIGUEL REY JUNIOR,False,False,False,False,False,False,False,False,False,False,False,False,0,60000.0
2018,SP,PRB,1070,EDEN SIROLI RIBEIRO,False,False,False,False,False,False,False,False,False,False,False,False,0,61623.9
2018,SP,PRB,1071,CRISTIANO RODRIGO DA SILVA,False,False,False,False,False,False,False,False,False,False,False,False,0,6231.5
2018,SP,PRB,1072,MARCELO APARECIDO DA SILVA,False,False,False,False,False,False,False,False,False,False,False,False,0,5686.4
2018,SP,PRB,1073,MARCOS OSNI DE CAMPOS,False,False,False,False,False,False,False,False,False,False,False,False,0,9001.9
2018,SP,PRB,1074,ANTONIO ZACARIAS DA SILVA,False,False,False,False,False,False,False,False,False,False,False,False,0,15515.05
2018,SP,PRB,1075,JOSE RIBAMAR DOS SANTOS,False,False,False,False,False,False,False,False,False,False,False,False,0,6887.0
2018,SP,PRB,1076,PAULA FERNANDA SAMPAIO,False,False,False,False,False,False,False,False,False,False,False,False,0,14505.5
2018,SP,PRB,1077,EVERSON MARCOS DE OLIVEIRA,False,False,False,False,False,False,False,False,False,False,False,False,0,10210.15
2018,SP,PRB,1078,BENEDITO ROBERTO ALVES FERREIRA,True,True,True,True,True,True,False,False,False,False,True,True,1,1241710.8599999999
2018,SP,PRB,1079,ROMEU TUMA JUNIOR,True,True,True,True,True,True,False,False,False,False,True,True,0,216390.5
2018,SP,PRB,1080,MARCELO SQUASSONI,False,False,False,False,False,False,False,False,False,False,False,False,0,1311330.2
2018,SP,PRB,1081,IONE MELO MACHADO ANANIAS,False,False,False,False,False,False,False,False,False,False,False,False,0,56010.5
2018,SP,PRB,1082,CARLOS ALBERTO ADAO,False,False,False,False,False,False,False,False,False,False,False,False,0,10515.05
2018,SP,PRB,1083,ERIKA LAUREN DE ARRUDA,False,False,False,False,False,False,False,False,False,False,False,False,0,27340.05
2018,SP,PRB,1084,RENATA BANHARA PEIXOTO MARCONDES,False,False,False,False,False,False,False,False,False,False,False,False,0,498288.25
2018,SP,PRB,1085,VINICIUS RAPOZO DE CARVALHO,True,True,True,True,True,True,False,False,False,False,True,True,1,1221650.5
2018,SP,PRB,1087,ELIANE DE SOUSA ALVES MACHADO,False,False,False,False,False,False,False,False,False,False,False,False,0,1421346.62
2018,SP,PRB,1088,SONIA MARIA ALVES PEREIRA,False,False,False,False,False,False,False,False,False,False,False,False,0,17515.05
2018,SP,PRB,1089,ELIZABETE TOSHIHO TAIDA OTSU,False,False,False,False,False,False,False,False,False,False,False,False,0,14994.35
2018,SP,PRB,1090,APARECIDO SERIO DA SILVA,True,True,True,True,True,True,False,True,False,True,True,True,0,381980.5
2018,SP,PRB,1091,MAURICIO DOMINGOS DE SOUSA,False,False,False,False,False,False,False,False,False,False,False,False,0,9201.9
2018,SP,PRB,1092,ALESSANDRA DA SILVA SANTOS,False,False,False,False,False,False,False,False,False,False,False,False,0,50887.8
2018,SP,PRB,1093,GISLENE APARECIDA TAVARES DE ASSIS,False,False,False,False,False,False,False,False,False,False,False,False,0,17265.5
2018,SP,PRB,1094,VALDECIR ANTONIO DA SILVA,False,False,False,False,False,False,False,False,False,False,False,False,0,3579.55
2018,SP,PRB,1095,MARCOS ROBERTO VICENTE,False,False,False,False,False,False,False,False,False,False,False,False,0,12910.1
2018,SP,PRB,1096,RICARDO ANTONIO BUAINAIN DIAS,False,False,False,False,False,False,False,False,False,False,False,False,0,550000.0
2018,SP,PRB,1097,MAIRA FABRICIA PINTO,False,False,False,False,False,False,False,False,False,False,False,False,0,14619.349999999999
2018,SP,PRB,1098,ADEMIR JOSE DA SILVA,False,False,False,False,False,False,False,False,False,False,False,False,0,16930.5
2018,SP,PRB,1099,ISRAEL SAMPAIO DE LACERDA FILHO,False,False,True,False,False,False,False,False,False,True,False,False,0,334027.15
2018,SP,PROS,9000,JARKSON VILAR DA SILVA,False,False,False,False,False,False,False,False,False,False,False,False,0,
2018,SP,PROS,9001,JOSE CARLOS RODRIGUES DE SOUSA SILVA,False,False,False,False,False,False,False,False,False,False,False,False,0,
2018,SP,PROS,9002,MARCOS ROBERTO BARBOSA AIRES,False,False,False,False,False,False,False,False,False,False,False,False,0,
2018,SP,PROS,9003,GILBERTO CAETANO DE FRANÇA,False,False,False,False,False,False,False,False,False,False,False,False,0,
2018,SP,PROS,9004,MARLI APARECIDA PROSPERO,False,False,False,False,False,False,False,False,False,False,False,False,0,
2018,SP,PROS,9005,PAULO ROBERTO BENEGAS DE MORAIS,False,False,False,False,False,False,False,False,False,False,False,False,0,
2018,SP,PROS,9007,FÁBIO SOARES DE OLIVEIRA,False,False,False,False,False,False,False,False,False,False,False,False,0,
2018,SP,PROS,9008,VALMOR RODRIGUES DE PONTES,False,False,False,False,False,False,False,False,False,False,False,False,0,
2018,SP,PROS,9009,CARLOS EDUARDO BETTIATI,False,False,False,False,False,False,False,False,False,False,False,False,0,
2018,SP,PROS,9010,GUILHERME TIOSSO DE CASTRO,False,False,False,False,False,False,False,False,False,False,False,False,0,293430.0
2018,SP,PROS,9011,OSÉIAS FRANCISCO DA SILVA,False,False,False,False,False,False,False,False,False,False,False,False,0,
2018,SP,PROS,9012,MILTON NERY NETO,False,False,False,False,False,False,False,False,False,False,False,False,0,
2018,SP,PROS,9013,MARCELO GOMES COELHO,False,False,False,False,False,False,False,False,False,False,False,False,0,
2018,SP,PROS,9014,GERALDO DE MORAES MARQUES,False,False,False,False,False,False,False,False,False,False,False,False,0,
2018,SP,PROS,9015,ZENILDA LUCIANA MATOS FERREIRA DA SILVA,False,False,False,False,False,False,False,False,False,False,False,False,0,
2018,SP,PROS,9016,SILVIO BARBOSA LOPES FILHO,False,False,False,False,False,False,False,False,False,False,False,False,0,
2018,SP,PROS,9017,VALFRIDO SOARES PEREIRA NETO,False,False,False,False,False,False,False,False,False,False,False,False,0,
2018,SP,PROS,9018,SELMA MACEDO DE OLIVEIRA,False,False,False,False,False,False,False,False,False,False,False,False,0,
2018,SP,PROS,9019,MOACIR RODRIGUES FERNANDES,False,False,False,False,False,False,False,False,False,False,False,False,0,
2018,SP,PROS,9020,FERNANDA CERQUEIRA CAMPOS VILLANOVA,False,False,False,False,False,False,False,False,False,False,False,False,0,
2018,SP,PROS,9022,EVERALDO LISBOA DE BRITO,False,False,False,False,False,False,False,False,False,False,False,False,0,
2018,SP,PROS,9023,SAULO GOES DE ALBUQUERQUE,False,False,True,False,False,False,False,False,False,True,False,False,0,113300.0
2018,SP,PROS,9024,SEVERINO DOS RAMOS LAURENTINO DOS SANTOS,False,False,False,False,False,False,False,False,False,False,False,False,0,
2018,SP,PROS,9025,LILIANE DOREA DOS SANTOS SIMOES,False,False,False,False,False,False,False,False,False,False,False,False,0,
2018,SP,PROS,9026,ISISMAYARA DAS GRAÇAS CARDOSO,False,False,False,False,False,False,False,False,False,False,False,False,0,
2018,SP,PROS,9027,FABIO GOMES SOUTO,False,False,False,False,False,False,False,False,False,False,False,False,0,
2018,SP,PROS,9028,LEONILDO BATISTA,False,False,False,False,False,False,False,False,False,False,False,False,0,
2018,SP,PROS,9029,FABIA ALESSANDRA DANIELE,False,False,False,False,False,False,False,False,False,False,False,False,0,70000.0
2018,SP,PROS,9030,NELSON PEDRO MIGUEL,False,False,False,False,False,False,False,False,False,False,False,False,0,
2018,SP,PROS,9031,MARELICE FONSECA MARQUES,False,False,False,False,False,False,False,False,False,False,False,False,0,
2018,SP,PROS,9032,ANDREIA MAIA DOS SANTOS,False,False,False,False,False,False,False,False,False,False,False,False,0,
2018,SP,PROS,9033,SEVERINO TARCICIO DA SILVA,False,False,True,False,False,False,False,False,False,True,False,False,0,49000.0
2018,SP,PROS,9034,ELIAS AGOSTINHO,False,False,False,False,False,False,False,False,False,False,False,False,0,
2018,SP,PROS,9035,ANTONIO RAIMUNDO FEDOSSI,False,False,False,False,False,False,False,False,False,False,False,False,0,
2018,SP,PROS,9036,CAROLINE VALVERDE DE CAMARGO,False,False,False,False,False,False,False,False,False,False,False,False,0,
2018,SP,PROS,9037,GERALNICE ALVES TEIXEIRA,False,False,False,False,False,False,False,False,False,False,False,False,0,
2018,SP,PROS,9038,GILBERTO DE ALMEIDA RIBEIRO,False,False,False,False,False,False,False,False,False,False,False,False,0,
2018,SP,PROS,9039,ALEXANDRE HENRIQUE ISAIAS,False,False,False,False,False,False,False,False,False,False,False,False,0,
2018,SP,PROS,9040,ALFREDO SOARES DE MOURA,False,False,False,False,False,False,False,False,False,False,False,False,0,85750.0
2018,SP,PROS,9041,SILVANEY DE SOUSA CHAVES,False,False,False,False,False,False,False,False,False,False,False,False,0,
2018,SP,PROS,9042,GEORGES MARCELO EIVAZIAN,False,False,False,False,False,False,False,False,False,False,False,False,0,85750.0
2018,SP,PROS,9043,ANGELO DOMINGOS NUCCI,True,True,True,True,False,True,False,False,False,True,True,True,0,
2018,SP,PROS,9044,LEONICE DE OLIVEIRA,False,False,False,False,False,False,False,False,False,False,False,False,0,
2018,SP,PROS,9045,GLAUCO ROBSON VICENTE,False,False,False,False,False,False,False,False,False,False,False,False,0,
2018,SP,PROS,9047,PATRICIA MARTINS FERREIRA,False,False,False,False,False,False,False,False,False,False,False,False,0,
2018,SP,PROS,9048,FERNANDO CESAR DE CAMARGO ROSSETO,False,False,False,False,False,False,False,False,False,False,False,False,0,
2018,SP,PROS,9049,MARIA DE LOURDES CAVALCANTI SROUR,False,False,False,False,False,False,False,False,False,False,False,False,0,
2018,SP,PROS,9050,JOÃO BOSCO RIBEIRO,False,False,True,False,False,False,False,False,False,True,False,False,0,
2018,SP,PROS,9051,FRANCINE APARECIDA DE ALMEIDA FELIZARDO,False,False,False,False,False,False,False,False,False,False,False,False,0,
2018,SP,PROS,9052,FABIANO VERGINE TEIXEIRA DE SIQUEIRA,False,False,False,False,False,False,False,False,False,False,False,False,0,333450.0
2018,SP,PROS,9053,CARLOS ALBERTO MAIOLINO,False,False,False,False,False,False,False,False,False,False,False,False,0,
2018,SP,PROS,9054,NEUSA LEONORA DO CARMO DELLU,False,False,False,False,False,False,False,False,False,False,False,False,0,1450.0
2018,SP,PROS,9055,ELIZABETE INACIO MACEDO,False,False,False,False,False,False,False,False,False,False,False,False,0,
2018,SP,PROS,9056,NARCISO REINATO NETO,False,False,False,False,False,False,False,False,False,False,False,False,0,
2018,SP,PROS,9057,LUIZ CARLOS CORREA DE MENDONÇA,False,False,False,False,False,False,False,False,False,False,False,False,0,
2018,SP,PROS,9058,KOYU IHA,False,False,False,False,False,False,False,False,False,False,False,False,0,
2018,SP,PROS,9059,CELIO DOS REIS PEREIRA,False,False,False,False,False,False,False,False,False,False,False,False,0,
2018,SP,PROS,9060,JESSICA MAYRA BARBOSA DOS SANTOS,False,False,False,False,False,False,False,False,False,False,False,False,0,
2018,SP,PROS,9061,ANTONIO DOS ANJOS MELQUIADES,False,False,False,False,False,False,False,False,False,False,False,False,0,
2018,SP,PROS,9062,THAYRINE DA SILVA PEREIRA,False,False,False,False,False,False,False,False,False,False,False,False,0,
2018,SP,PROS,9063,ADRIANO SANTOS PEREIRA,False,False,False,False,False,False,False,False,False,False,False,False,0,
2018,SP,PROS,9064,JESSICA FERNANDES ASNAR JACCOUD,False,False,False,False,False,False,False,False,False,False,False,False,0,
2018,SP,PROS,9065,FRANCISCO WILANI SAMPAIO BARBOSA,False,False,False,False,False,False,False,False,False,False,False,False,0,
2018,SP,PROS,9066,MANOEL DOMINGUES,False,False,False,False,False,False,False,False,False,False,False,False,0,
2018,SP,PROS,9067,MARCOS PAULO DA SILVA,False,False,False,False,False,False,False,False,False,False,False,False,0,
2018,SP,PROS,9068,THAIS ARAUJO FERRAIOLI,False,False,False,False,False,False,False,False,False,False,False,False,0,
2018,SP,PROS,9069,OSCAR MARONI FILHO,False,False,False,False,False,False,False,False,False,False,False,False,0,49000.0
2018,SP,PROS,9070,NEIDE BARRUECO ANDRADE DE PAULA,False,False,False,False,False,False,False,False,False,False,False,False,0,4450.0
2018,SP,PROS,9071,JULIO RODRIGUES DA SILVA NETO,False,False,False,False,False,False,False,False,False,False,False,False,0,
2018,SP,PROS,9072,HUGO RENER CASTRO CORREIA,False,False,False,False,False,False,False,False,False,False,False,False,0,
2018,SP,PROS,9073,FRANCISCO DE ASSIS DA CRUZ,False,False,False,False,False,False,False,False,False,False,False,False,0,
2018,SP,PROS,9074,NELSON BATISTA DANTAS,False,False,False,False,False,False,False,False,False,False,False,False,0,
2018,SP,PROS,9075,FRANCISCA FERREIRA DE OLIVEIRA,False,False,False,False,False,False,False,False,False,False,False,False,0,
2018,SP,PROS,9076,TAISA FERREIRA DE LIMA RIBAS,False,False,False,False,False,False,False,False,False,False,False,False,0,
2018,SP,PROS,9077,DONISETE PEREIRA BRAGA,True,True,True,True,True,True,False,False,False,False,True,True,0,122500.0
2018,SP,PROS,9078,DANIEL RODRIGUES BRANDO,False,False,False,False,False,False,False,False,False,False,False,False,0,
2018,SP,PROS,9079,MARCELO LUIZ MENDES DOS SANTOS,False,False,False,False,False,False,False,False,False,False,False,False,0,
2018,SP,PROS,9080,DANIEL DI DONATO,False,False,False,False,False,False,False,False,False,False,False,False,0,1000.0
2018,SP,PROS,9081,MARCELO FERREIRA DOS SANTOS,False,False,False,False,False,False,False,False,False,False,False,False,0,
2018,SP,PROS,9082,ANDRÉ LUIZ DE TOLEDO,False,False,False,False,False,False,False,False,False,False,False,False,0,
2018,SP,PROS,9083,RONIVON DOS SANTOS MUNIZ,False,False,False,False,False,False,False,False,False,False,False,False,0,
2018,SP,PROS,9084,REGINALDO LUCAS OUVERNEY,False,False,False,False,False,False,False,False,False,False,False,False,0,
2018,SP,PROS,9085,PATRICIA DE OLIVEIRA SOUZA LELIS,False,False,False,False,False,False,False,False,False,False,False,False,0,261935.49
2018,SP,PROS,9086,CARLA ALESSANDRA RODRIGUES RUBIO,False,False,False,False,False,False,False,False,False,False,False,False,0,
2018,SP,PROS,9087,SELMA MENDES MARQUES,False,False,False,False,False,False,False,False,False,False,False,False,0,
2018,SP,PROS,9088,RODRIGO ROSARIO DOS SANTOS,False,False,False,False,False,False,False,False,False,False,False,False,0,
2018,SP,PROS,9089,BEETHOVEN ELIAS DE OLIVEIRA,False,False,False,False,False,False,False,False,False,False,False,False,0,
2018,SP,PROS,9090,RICARDO TEIXEIRA,True,True,True,True,False,True,False,False,False,False,True,True,0,210700.0
2018,SP,PROS,9091,ADRIANO DOS ANJOS MAÇAIRA,True,True,True,True,False,True,False,False,False,True,True,True,0,
2018,SP,PROS,9092,JOSÉ CARLOS DA SILVA,False,False,False,False,False,False,False,False,False,False,False,False,0,
2018,SP,PROS,9093,GEILDA BRANDÃO LAURINDO,False,False,False,False,False,False,False,False,False,False,False,False,0,
2018,SP,PROS,9094,JOSÉ ANTONIO PEREIRA,False,False,True,False,False,False,False,False,False,True,False,False,0,
2018,SP,PROS,9095,IVO LOPES FILHO,False,False,False,False,False,False,False,False,False,False,False,False,0,
2018,SP,PROS,9096,EDSON BORGES,False,False,False,False,False,False,False,False,False,False,False,False,0,
2018,SP,PROS,9097,OSVALDO APARECIDO NARIMOTO DE AZEVEDO,False,False,False,False,False,False,False,False,False,False,False,False,0,
2018,SP,PROS,9098,MARISTELA MIRANDA DE LIMA,False,False,False,False,False,False,False,False,False,False,False,False,0,
2018,SP,PROS,9099,JOÃO BERNARDINO LEITE,False,False,False,False,False,False,False,False,False,False,False,False,0,197140.0
2018,SP,PRP,4400,ROBERTO PIRES,False,False,False,False,False,False,False,False,False,False,False,False,0,
2018,SP,PRP,4402,MARILDA DE SANTANA GIRON,False,False,False,False,False,False,False,False,False,False,False,False,0,17450.94
2018,SP,PRP,4403,NELCI TEIXEIRA SILVA DE GUIDE,False,False,False,False,False,False,False,False,False,False,False,False,0,9791.6
2018,SP,PRP,4404,CLAUDIO CALASANS CAMARGO,False,False,False,False,False,False,False,False,False,False,False,False,0,80000.0
2018,SP,PRP,4405,VANESSA RODRIGUES SALES,False,False,False,False,False,False,False,False,False,False,False,False,0,
2018,SP,PRP,4406,ANA MARIA MURARI,False,False,False,False,False,False,False,False,False,False,False,False,0,
2018,SP,PRP,4408,LUIZ EDUARDO MARTINS,False,False,False,False,False,False,False,False,False,False,False,False,0,
2018,SP,PRP,4409,LUIZ CARLOS SUZANO,False,False,False,False,False,False,False,False,False,False,False,False,0,
2018,SP,PRP,4410,RAPHAEL APARECIDO DE OLIVEIRA,False,False,False,False,False,False,False,False,False,False,False,False,0,99800.0
2018,SP,PRP,4411,CLAUDIO ERNANI MARCONDES DE MIRANDA,True,True,True,True,False,True,False,False,False,False,True,True,0,334000.0
2018,SP,PRP,4412,ALEXANDRE SÉRGIO DE OLIVEIRA AZOUBEL,False,False,False,False,False,False,False,False,False,False,False,False,0,30000.0
2018,SP,PRP,4413,CICERO SANTANA DA SILVA,False,False,False,False,False,False,False,False,False,False,False,False,0,
2018,SP,PRP,4414,NELCI LISBOA CAMPOS,False,False,False,False,False,False,False,False,False,False,False,False,0,
2018,SP,PRP,4415,MARCO ANTONIO SANTOS,False,False,False,False,False,False,False,False,False,False,False,False,0,
2018,SP,PRP,4416,NATALIA DA GRAÇA VAZ,False,False,False,False,False,False,False,False,False,False,False,False,0,18034.14
2018,SP,PRP,4417,CRISTIANE ALVES DE ALMEIDA,False,False,False,False,False,False,False,False,False,False,False,False,0,
2018,SP,PRP,4418,ROMEU EMANOEL CASADEI DA SILVA,False,False,False,False,False,False,False,False,False,False,False,False,0,
2018,SP,PRP,4419,MARILENE BARBOSA DA SILVA,False,False,False,False,False,False,False,False,False,False,False,False,0,18034.14
2018,SP,PRP,4421,JOSEANIA MOREIRA FERREIRA,False,False,False,False,False,False,False,False,False,False,False,False,0,
2018,SP,PRP,4422,MARCELO ROBERTO AFONSO,False,False,False,False,False,False,False,False,False,False,False,False,0,15000.0
2018,SP,PRP,4423,MARCOS DE SOUZA GUSMAN,False,False,False,False,False,False,False,False,False,False,False,False,0,
2018,SP,PRP,4425,VIVIAN GONÇALVES DOS PASSOS,False,False,False,False,False,False,False,False,False,False,False,False,0,
2018,SP,PRP,4426,ELIAS MATIAS DA SILVA,False,False,False,False,False,False,False,False,False,False,False,False,0,11.66
2018,SP,PRP,4427,IVONIZE DE SOUZA BARRETO,False,False,False,False,False,False,False,False,False,False,False,False,0,
2018,SP,PRP,4428,BOAZ DOS SANTOS SILVA,False,False,False,False,False,False,False,False,False,False,False,False,0,17.5
2018,SP,PRP,4429,PAULA DANIELA DE JESUS,False,False,False,False,False,False,False,False,False,False,False,False,0,168451.54
2018,SP,PRP,4431,RENATA APARECIDA DE LIMA,False,False,False,False,False,False,False,False,False,False,False,False,0,
2018,SP,PRP,4432,CLAUDIO SABINO RIBEIRO,False,False,False,False,False,False,False,False,False,False,False,False,0,9187.869999999999
2018,SP,PRP,4433,LEANDRO DIAS DOS SANTOS,False,False,False,False,False,False,False,False,False,False,False,False,0,
2018,SP,PRP,4434,JOSE VICENTE DE ROSIS MAZEU,False,False,False,False,False,False,False,False,False,False,False,False,0,15000.0
2018,SP,PRP,4435,MOACIR LUIS SILVA DE OLIVEIRA,False,False,False,False,False,False,False,False,False,False,False,False,0,
2018,SP,PRP,4438,VERA LEIDE DA SILVA,False,False,False,False,False,False,False,False,False,False,False,False,0,
2018,SP,PRP,4439,JOSE ANTONIO DE OLIVEIRA,False,False,False,False,False,False,False,False,False,False,False,False,0,
2018,SP,PRP,4440,ALEXANDRE ALVES TENORIO DOS SANTOS,False,False,False,False,False,False,False,False,False,False,False,False,0,
2018,SP,PRP,4441,LUIZ TEOFILO DA SILVA,False,False,False,False,False,False,False,False,False,False,False,False,0,
2018,SP,PRP,4442,JOSE ALIXANDRE ANTONIO DE OLIVEIRA,False,False,False,False,False,False,False,False,False,False,False,False,0,
2018,SP,PRP,4444,DANILO SILVEIRA MANHA,False,False,False,False,False,False,False,False,False,False,False,False,0,300000.0
2018,SP,PRP,4445,LINCOLN AUGUSTO ALVES DE OLIVEIRA,False,False,False,False,False,False,False,False,False,False,False,False,0,
2018,SP,PRP,4446,FELIPE FERREIRA DE SOUZA,False,False,False,False,False,False,False,False,False,False,False,False,0,
2018,SP,PRP,4447,CARLOS ALBERTO FABRINI,False,False,False,False,False,False,False,False,False,False,False,False,0,
2018,SP,PRP,4448,MARCO CESAR DE ARRUDA,False,False,False,False,False,False,False,False,False,False,False,False,0,
2018,SP,PRP,4449,JOÃO CAETANO DE SOUZA FILHO,False,False,False,False,False,False,False,False,False,False,False,False,0,11.66
2018,SP,PRP,4450,FLAVIO SILVA DE FREITAS,False,False,False,False,False,False,False,False,False,False,False,False,0,120000.0
2018,SP,PRP,4451,LUIS ANTONIO DE ANDRADE,False,False,False,False,False,False,False,False,False,False,False,False,0,
2018,SP,PRP,4452,CARLOS ALBERTO PEREIRA,False,False,False,False,False,False,False,False,False,False,False,False,0,
2018,SP,PRP,4453,LUANA FERREIRA MARQUES,False,False,False,False,False,False,False,False,False,False,False,False,0,
2018,SP,PRP,4454,JOSE BERNARDO FILHO,False,False,False,False,False,False,False,False,False,False,False,False,0,11.66
2018,SP,PRP,4455,RENATO NIVEO GUIMARÃES MESQUITA,False,False,False,False,False,False,False,False,False,False,False,False,0,100000.0
2018,SP,PRP,4456,OSVALDO APARECIDO SAN JUAN,False,False,False,False,False,False,False,False,False,False,False,False,0,
2018,SP,PRP,4457,CARLOS ROBERTO SARAN,False,False,False,False,False,False,False,False,False,False,False,False,0,10000.0
2018,SP,PRP,4458,JAILTON DE JESUS SILVA,False,False,False,False,False,False,False,False,False,False,False,False,0,
2018,SP,PRP,4459,LINDINALVA GERCINA DA SILVA,False,False,False,False,False,False,False,False,False,False,False,False,0,16974.88
2018,SP,PRP,4460,JOLDEMAR NUNES CORRÊA,False,False,False,False,False,False,False,False,False,False,False,False,0,15000.0
2018,SP,PRP,4461,SERGIO LUIZ PIMENTEL LEVY,False,False,False,False,False,False,False,False,False,False,False,False,0,
2018,SP,PRP,4464,ANDRE DOS SANTOS SOUZA,False,False,False,False,False,False,False,False,False,False,False,False,0,
2018,SP,PRP,4465,FERNANDO POSSE CAPARROZ,False,False,False,False,False,False,False,False,False,False,False,False,0,
2018,SP,PRP,4466,SEVERINO JOSÉ DA SILVA,False,False,False,False,False,False,False,False,False,False,False,False,0,
2018,SP,PRP,4467,JANETE CRISTINA EVANGELISTA DE SOUZA ,False,False,False,False,False,False,False,False,False,False,False,False,0,10000.0
2018,SP,PRP,4468,VERA APARECIDA DE OLIVEIRA MASSON,False,False,False,False,False,False,False,False,False,False,False,False,0,29551.38
2018,SP,PRP,4469,LUCINDO CIOFFE GOMES,False,False,False,False,False,False,False,False,False,False,False,False,0,
2018,SP,PRP,4470,CELSO ORLANDO GALLI,False,False,False,False,False,False,False,False,False,False,False,False,0,
2018,SP,PRP,4473,EDMILSON TOMBI DE LIMA,False,False,False,False,False,False,False,False,False,False,False,False,0,
2018,SP,PRP,4474,ROSALIA SILVA SANTANA,False,False,False,False,False,False,False,False,False,False,False,False,0,
2018,SP,PRP,4477,PEDRO ROBERTO GOMES,False,False,False,False,False,False,False,False,False,False,False,False,0,249000.0
2018,SP,PRP,4478,HAMILTON PEREIRA RIBEIRO JUNIOR,False,False,False,False,False,False,False,False,False,False,False,False,0,
2018,SP,PRP,4480,MARCELO DOS REIS RAO,False,False,False,False,False,False,False,False,False,False,False,False,0,
2018,SP,PRP,4482,MARLUSIA ALVES DOS SANTOS SILVA,False,False,False,False,False,False,False,False,False,False,False,False,0,17140.6
2018,SP,PRP,4484,RICARDO ALVES DE MOURA,False,False,False,False,False,False,False,False,False,False,False,False,0,
2018,SP,PRP,4485,DONIVAN MOACIR DE ALMEIDA,False,False,False,False,False,False,False,False,False,False,False,False,0,
2018,SP,PRP,4487,MARIA DAS GRAÇAS DA SILVA LOPES,False,False,False,False,False,False,False,False,False,False,False,False,0,
2018,SP,PRP,4488,ZOLEIDE DA ROSA,False,False,False,False,False,False,False,False,False,False,False,False,0,
2018,SP,PRP,4489,JOÃO RINALDO MACHADO,False,False,False,False,False,False,False,False,False,False,False,False,0,
2018,SP,PRP,4490,FRANCISCO CARLOS LIMA DOS SANTOS,False,False,False,False,False,False,False,False,False,False,False,False,0,
2018,SP,PRP,4491,MOACYR PAGEU DOS SANTOS,False,False,False,False,False,False,False,False,False,False,False,False,0,11.66
2018,SP,PRP,4493,ROBERTO ANTONIO ALVES ,False,False,False,False,False,False,False,False,False,False,False,False,0,
2018,SP,PRP,4494,CATIA VERISSIMO DE SOUZA,False,False,False,False,False,False,False,False,False,False,False,False,0,18034.14
2018,SP,PRP,4495,ORLANDO CARLOS BALIZARDO,False,False,False,False,False,False,False,False,False,False,False,False,0,
2018,SP,PRP,4499,GILBERTO BENTO,False,False,False,False,False,False,False,False,False,False,False,False,0,
2018,SP,PRTB,2800,JOSIANE DA SILVA PEREIRA,False,False,False,False,False,False,False,False,False,False,False,False,0,2598.39
2018,SP,PRTB,2801,WILSON JAMBERG,False,False,False,False,False,False,False,False,False,False,False,False,0,1875.1399999999999
2018,SP,PRTB,2803,CLAUDETE DOS SANTOS CYPRIANO,False,False,False,False,False,False,False,False,False,False,False,False,0,2647.14
2018,SP,PRTB,2804,ARLINDO MUNUERA JUNIOR,False,False,False,False,False,False,False,False,False,False,False,False,0,12776.0
2018,SP,PRTB,2805,ROGÉRIO DOS SANTOS GOMES,False,False,False,False,False,False,False,False,False,False,False,False,0,3048.64
2018,SP,PRTB,2808,ANDRÉIA ROSA DA SILVA,False,False,False,False,False,False,False,False,False,False,False,False,0,5399.82
2018,SP,PRTB,2809,WALDIR QUINTINO DO NASCIMENTO,False,False,False,False,False,False,False,False,False,False,False,False,0,6002.91
2018,SP,PRTB,2810,FELIPE FREITAS DE ASSIS,False,False,False,False,False,False,False,False,False,False,False,False,0,3156.14
2018,SP,PRTB,2811,LAUDERICO SARTORATTO,False,False,False,False,False,False,False,False,False,False,False,False,0,6277.91
2018,SP,PRTB,2812,OSVALDO MENESES DOS SANTOS,False,False,False,False,False,False,False,False,False,False,False,False,0,491.64
2018,SP,PRTB,2813,SONIA CRISTINA NEVES,False,False,False,False,False,False,False,False,False,False,False,False,0,12502.91
2018,SP,PRTB,2818,MARCOS ELI COPEINSQUI THOMAZINI,False,False,False,False,False,False,False,False,False,False,False,False,0,22600.91
2018,SP,PRTB,2821,REGINALDO ESTEFANO LACERDA DOS SANTOS,False,False,False,False,False,False,False,False,False,False,False,False,0,493.39
2018,SP,PRTB,2822,ROBERTO ROCHA BARRETO,False,False,False,False,False,False,False,False,False,False,False,False,0,4788.639999999999
2018,SP,PRTB,2825,CLELIA DOS SANTOS DE CARVALHO,False,False,False,False,False,False,False,False,False,False,False,False,0,6597.91
2018,SP,PRTB,2827,PAULO RICARDO SIMONAGIO,False,False,False,False,False,False,False,False,False,False,False,False,0,968.64
2018,SP,PRTB,2828,JOSÉ LEVY FIDELIX DA CRUZ,False,False,False,False,False,False,False,False,False,False,False,False,0,119424.72
2018,SP,PRTB,2832,DAIANA LOPES BICUDO,False,False,False,False,False,False,False,False,False,False,False,False,0,2303.64
2018,SP,PRTB,2833,WALDEMAR LIMA RODRIGUES DA SILVA,False,False,False,False,False,False,False,False,False,False,False,False,0,5144.82
2018,SP,PRTB,2834,DIEGO FERNANDES DE MATOS,False,False,False,False,False,False,False,False,False,False,False,False,0,4182.82
2018,SP,PRTB,2835,JOSE RIBAMAR BRIOSO SOUSA,False,False,False,False,False,False,False,False,False,False,False,False,0,6762.91
2018,SP,PRTB,2837,MARTA ELISABETH NIXDORF,False,False,False,False,False,False,False,False,False,False,False,False,0,7525.91
2018,SP,PRTB,2838,KARINA ROBERTA SINNI,False,False,False,False,False,False,False,False,False,False,False,False,0,11277.91
2018,SP,PRTB,2839,LIGIA CRISTINA CRUZ DE CAMPOS,False,False,False,False,False,False,False,False,False,False,False,False,0,4824.82
2018,SP,PRTB,2847,RISLAINE FEITOZA ALVES,False,False,False,False,False,False,False,False,False,False,False,False,0,7725.18
2018,SP,PRTB,2848,JOSÉ APARECIDO DOS SANTOS,False,False,False,False,False,False,False,False,False,False,False,False,0,6704.0
2018,SP,PRTB,2849,MARCELO NOGUEIRA,False,False,False,False,False,False,False,False,False,False,False,False,0,2468.64
2018,SP,PRTB,2852,CELSO SOARES,False,False,False,False,False,False,False,False,False,False,False,False,0,1991.6399999999999
2018,SP,PRTB,2854,ROSICLEIDE MARIA MACIEL DE OLIVEIRA,False,False,False,False,False,False,False,False,False,False,False,False,0,1991.6399999999999
2018,SP,PRTB,2855,EDSON DOMINGOS BALDASSI,False,False,False,False,False,False,False,False,False,False,False,False,0,968.64
2018,SP,PRTB,2857,AURELIO DA SILVA VITAL,False,False,False,False,False,False,False,False,False,False,False,False,0,5782.91
2018,SP,PRTB,2866,CARLOS ANTONIO,False,False,False,False,False,False,False,False,False,False,False,False,0,6002.91
2018,SP,PRTB,2877,KENNEDY RENE RODRIGUES DA SILVA,False,False,False,False,False,False,False,False,False,False,False,False,0,7211.639999999999
2018,SP,PRTB,2882,JORGE CUNHA,False,False,False,False,False,False,False,False,False,False,False,False,0,2468.64
2018,SP,PRTB,2888,PATRICIO DE LIMA MELO,False,False,False,False,False,False,False,False,False,False,False,False,0,9002.91
2018,SP,PRTB,2889,ADAUTO VIANA JUNIOR,False,False,False,False,False,False,False,False,False,False,False,False,0,3981.84
2018,SP,PRTB,2890,FERNANDO CESAR DE LIMA MOREIRA,False,False,False,False,False,False,False,False,False,False,False,False,0,3091.14
2018,SP,PRTB,2892,OSMAR JOSE MARTINS DA SILVA,False,False,False,False,False,False,False,False,False,False,False,False,0,4659.82
2018,SP,PRTB,2899,GISELE CASARIN DA SILVA,False,False,False,False,False,False,False,False,False,False,False,False,0,2743.64
2018,SP,PSB,4000,LUIZ LAURO FERREIRA FILHO,True,True,True,True,True,True,False,False,False,False,True,True,0,1340000.0
2018,SP,PSB,4001,LUIZ FLAVIO GOMES,False,False,False,False,False,False,False,False,False,False,False,False,1,
2018,SP,PSB,4002,MARIO XANDÓ DE OLIVEIRA NETO,False,False,False,False,False,False,False,False,False,False,False,False,0,
2018,SP,PSB,4003,JOSÉ GOZZE,False,False,False,False,False,False,False,False,False,False,False,False,0,
2018,SP,PSB,4004,FRANCISCO MOACIR BEZERRA DE MELO FILHO,True,True,True,True,False,True,False,False,False,False,True,True,0,
2018,SP,PSB,4005,LAUDINEY FERNANDO SILVA FRAGA,False,False,False,False,False,False,False,False,False,False,False,False,0,
2018,SP,PSB,4007,ANDRESSA SALES STRAMBECK DA COSTA,False,False,False,False,False,False,False,False,False,False,False,False,0,50000.0
2018,SP,PSB,4008,MARIANA KOEHLER CARDOSO,False,False,False,False,False,False,False,False,False,False,False,False,0,40000.0
2018,SP,PSB,4009,LUCINEIA FERREIRA SANTOS COSTA,False,False,False,False,False,False,False,False,False,False,False,False,0,
2018,SP,PSB,4010,GABRIEL FERRATO DOS SANTOS,True,True,True,True,True,True,False,True,False,True,True,True,0,
2018,SP,PSB,4011,CAIO MIRANDA CARNEIRO,False,False,False,False,False,False,False,False,False,False,False,False,0,50000.0
2018,SP,PSB,4012,MARCELO THEODORO DE AGUIAR,True,True,True,True,True,True,False,False,False,False,True,True,0,450000.0
2018,SP,PSB,4015,RODRIGO ANTONIO DE AGOSTINHO MENDONÇA,True,True,True,True,True,True,False,True,False,True,True,True,1,100000.0
2018,SP,PSB,4018,JOÃO FERREIRA FREIRE,False,False,False,False,False,False,False,False,False,False,False,False,0,
2018,SP,PSB,4020,JEDIEL HOSANA DE CARVALHO,False,False,False,False,False,False,False,False,False,False,False,False,0,
2018,SP,PSB,4021,CLAUDIO FERREIRA DA CRUZ,False,False,False,False,False,False,False,False,False,False,False,False,0,
2018,SP,PSB,4022,RENATO KOGA CERQUEIRA,False,False,False,False,False,False,False,False,False,False,False,False,0,
2018,SP,PSB,4023,JOSÉ MARCELO MOTA,False,False,False,False,False,False,False,False,False,False,False,False,0,50000.0
2018,SP,PSB,4025,CIRLENE MARIA MARGONATO RABECCHINI,False,False,False,False,False,False,False,False,False,False,False,False,0,60000.0
2018,SP,PSB,4030,VINICIUS PASSOS,False,False,False,False,False,False,False,False,False,False,False,False,0,100000.0
2018,SP,PSB,4031,FLAVIO COSTA MORALES,False,False,False,False,False,False,False,False,False,False,False,False,0,
2018,SP,PSB,4032,CELIO LUCAS DE ALMEIDA,False,False,False,False,False,False,False,False,False,False,False,False,0,
2018,SP,PSB,4033,LEANDRO AVELINO RODRIGUES CRUZ,False,False,False,False,False,False,False,False,False,False,False,False,0,150000.0
2018,SP,PSB,4036,RIVAEL BENEDITO DE SOUZA,False,False,False,False,False,False,False,False,False,False,False,False,0,
2018,SP,PSB,4040,VALDOMIRO LOPES DA SILVA JUNIOR,True,True,True,True,True,True,False,True,False,True,True,True,0,1076000.0
2018,SP,PSB,4041,FABIO CHAZYN,False,False,False,False,False,False,False,False,False,False,False,False,0,
2018,SP,PSB,4042,TEREZINHA MARIA DOS SANTOS SILVA,False,False,False,False,False,False,False,False,False,False,False,False,0,50000.0
2018,SP,PSB,4044,JEFFERSON ALVES DE CAMPOS,True,True,True,True,True,True,False,False,False,False,True,True,1,1300000.0
2018,SP,PSB,4045,LUIZ ALBERTO FRATINI,False,False,False,False,False,False,False,False,False,False,False,False,0,
2018,SP,PSB,4046,ALDOMIRO FERNANDES,False,False,False,False,False,False,False,False,False,False,False,False,0,
2018,SP,PSB,4048,LIA LOPES ALMEIDA,False,False,False,False,False,False,False,False,False,False,False,False,0,220000.0
2018,SP,PSB,4050,RICARDO AUGUSTO MACHADO DA SILVA,True,True,True,True,False,True,True,False,False,False,True,True,0,350000.0
2018,SP,PSB,4053,HELIO ALVES RIBEIRO,False,False,False,False,False,False,False,False,False,False,False,False,0,
2018,SP,PSB,4054,ELISEU GABRIEL DE PIERI,True,True,True,True,False,True,False,False,False,False,True,True,0,250000.0
2018,SP,PSB,4056,CLÁUDIO DA SILVEIRA FARIA,False,False,False,False,False,False,False,False,False,False,False,False,0,
2018,SP,PSB,4060,GUSTAVO BENSDORP PALMIERI,False,False,False,False,False,False,False,False,False,False,False,False,0,200000.0
2018,SP,PSB,4066,FRANCISCO MARCIO DE CARVALHO,False,False,False,False,False,False,False,False,False,False,False,False,0,
2018,SP,PSB,4070,CAMILA GODOI DA SILVA RODRIGUES,False,False,False,False,False,False,False,False,False,False,False,False,0,200000.0
2018,SP,PSB,4075,SIMONE APARECIDA CARDOSO,False,False,False,False,False,False,False,False,False,False,False,False,0,100000.0
2018,SP,PSB,4077,ROSANA DE OLIVEIRA VALLE,False,False,False,False,False,False,False,False,False,False,False,False,1,339982.5
2018,SP,PSB,4078,JURACI SAMPAIO,False,False,False,False,False,False,False,False,False,False,False,False,0,
2018,SP,PSB,4079,MARIA LUIZA DE OLIVEIRA PIRES,False,False,False,False,False,False,False,False,False,False,False,False,0,
2018,SP,PSB,4080,MARCO AURELIO UBIALI,True,True,True,True,True,True,False,False,False,True,True,True,0,250000.0
2018,SP,PSB,4085,ADENILSON GUERRA,False,False,False,False,False,False,False,False,False,False,False,False,0,
2018,SP,PSB,4088,EDUARDO ANTONIO DA SILVA PIRES,True,True,True,True,True,True,False,False,False,False,True,True,0,89000.0
2018,SP,PSB,4091,GIRLEIDE DE ALENCAR SILVA,False,False,False,False,False,False,False,False,False,False,False,False,0,20000.0
2018,SP,PSB,4096,IOLANDA KEIKO MIASHIRO OTA,True,True,True,True,True,True,False,False,False,False,True,True,0,1300000.0
2018,SP,PSB,4099,MARISA NUNES DOS SANTOS,False,False,False,False,False,False,False,False,False,False,False,False,0,
2018,SP,PSC,2020,GILBERTO NASCIMENTO SILVA,True,True,True,True,True,True,False,False,False,False,True,True,1,1190000.0
2018,SP,PSC,2030,SILVIO ZABISKY NETO,False,False,False,False,False,False,False,False,False,False,False,False,0,300000.0
2018,SP,PSC,2055,ADRIANO MARINHO DE OLIVEIRA,False,False,False,False,False,False,False,False,False,False,False,False,0,
2018,SP,PSD,5500,MARCO AURELIO BERTAIOLLI,True,True,True,True,True,True,False,True,False,True,True,True,1,1200000.0
2018,SP,PSD,5501,GUILHERME DE ANDRADE CAMPOS ABDALLA,False,False,False,False,False,False,False,False,False,False,False,False,0,35000.0
2018,SP,PSD,5505,FABIO CONSTANTINO PALACIO,False,False,True,False,False,False,False,False,False,True,False,False,0,500000.0
2018,SP,PSD,5511,EDSON BATISTA DA SILVA,False,False,False,False,False,False,False,False,False,False,False,False,0,35000.0
2018,SP,PSD,5520,GISLAINE LAMBERT DE BRITO DOS SANTOS,False,False,False,False,False,False,False,False,False,False,False,False,0,55000.0
2018,SP,PSD,5524,FRANCISCO JOSÉ PANSIGA JUNIOR,False,False,False,False,False,False,False,False,False,False,False,False,0,35000.0
2018,SP,PSD,5525,PATRICIA CLAUREN SANTOS DA SILVA,False,False,False,False,False,False,False,False,False,False,False,False,0,55000.0
2018,SP,PSD,5530,ALEX DOUGLAS DOS SANTOS,False,False,False,False,False,False,False,False,False,False,False,False,0,50000.0
2018,SP,PSD,5533,JOSÉ ANTONIO FIGUEIREDO ANTIORIO FILHO,False,False,False,False,False,False,False,False,False,False,False,False,0,35000.0
2018,SP,PSD,5538,MAURÍCIO JOSÉ LEMOS FREIRE,False,False,False,False,False,False,False,False,False,False,False,False,0,240000.0
2018,SP,PSD,5545,AILTON JOSÉ DE LIMA,False,False,False,False,False,False,False,False,False,False,False,False,0,500000.0
2018,SP,PSD,5550,SAMIRA JORGOV LIMA,False,False,False,False,False,False,False,False,False,False,False,False,0,55000.0
2018,SP,PSD,5551,PAOLA ROSA ESTEVÃO,False,False,False,False,False,False,False,False,False,False,False,False,0,100000.0
2018,SP,PSD,5552,LUCILA DE ARAÚJO RODRIGUES CALDAS,False,False,False,False,False,False,False,False,False,False,False,False,0,55000.0
2018,SP,PSD,5555,ELEUSES VIEIRA DE PAIVA,True,True,True,True,False,True,False,False,False,False,True,True,0,1050000.0
2018,SP,PSD,5556,MARCELO DE LIMA FERNANDES,True,True,True,True,False,True,False,False,False,False,True,True,0,550000.0
2018,SP,PSD,5565,MONICA CATTANI,False,False,False,False,False,False,False,False,False,False,False,False,0,100000.0
2018,SP,PSD,5570,GABRIELLE JORDANO DE OLIVEIRA,False,False,False,False,False,False,False,False,False,False,False,False,0,55000.0
2018,SP,PSD,5577,ANTONIO CEZAR CORREIA FREIRE,True,True,True,True,True,True,False,False,False,False,True,True,1,1050000.0
2018,SP,PSD,5580,ANTONIO GOULART DOS REIS,True,True,True,True,True,True,False,False,False,False,True,True,0,1050000.0
2018,SP,PSD,5590,GUILHERME CAMPOS JÚNIOR,True,True,True,True,True,True,False,False,False,False,True,True,0,1050000.0
2018,SP,PSD,5599,WALTER SHINDI IIHOSHI,True,True,True,True,True,True,False,False,False,False,True,True,0,1270000.0
2018,SP,PSDB,4500,CARLOS HENRIQUE FOCESI SAMPAIO,True,True,True,True,True,True,False,False,False,True,True,True,1,
2018,SP,PSDB,4501,MARCELLA IRANI REZENDE DA SILVA,False,False,False,False,False,False,False,False,False,False,False,False,0,32250.0
2018,SP,PSDB,4502,LILIAN APARECIDA FERNANDES YABIKU,False,False,False,False,False,False,False,False,False,False,False,False,0,22250.0
2018,SP,PSDB,4503,MARIA DA CONCEIÇÃO DE JESUS MOREIRA,False,False,False,False,False,False,False,False,False,False,False,False,0,22250.0
2018,SP,PSDB,4504,NELSON XIMENES JUNIOR,False,False,False,False,False,False,False,False,False,False,False,False,0,2250.0
2018,SP,PSDB,4505,VANESSA PEREIRA DUTRA,False,False,False,False,False,False,False,False,False,False,False,False,0,32250.0
2018,SP,PSDB,4508,REGINA MARIA CAMPOS ALHANAT,False,False,False,False,False,False,False,False,False,False,False,False,0,12250.0
2018,SP,PSDB,4509,ELISABETH DE AMORIM AMÂNCIO,False,False,False,False,False,False,False,False,False,False,False,False,0,42250.0
2018,SP,PSDB,4510,VITOR LIPPI,False,True,True,False,True,False,False,True,False,True,False,False,1,1000000.0
2018,SP,PSDB,4512,ANTONIO ADOLPHO LOBBE NETO,True,True,True,True,True,True,False,False,False,False,True,True,0,1000000.0
2018,SP,PSDB,4513,SILVANA PEREIRA MOTA JANUÁRIO,False,False,False,False,False,False,False,False,False,False,False,False,0,22250.0
2018,SP,PSDB,4514,RODRIGO SANTANA,False,False,False,False,False,False,False,False,False,False,False,False,0,52250.0
2018,SP,PSDB,4515,EDUARDO PEDROSA CURY,False,True,True,False,True,False,False,True,False,True,False,False,1,502250.0
2018,SP,PSDB,4516,MARCIA VIVIANE DE PONTES QUEIROZ,False,False,False,False,False,False,False,False,False,False,False,False,0,22250.0
2018,SP,PSDB,4517,ALINE NASCIMENTO BARROZO TORRES,False,False,False,False,False,False,False,False,False,False,False,False,0,102250.0
2018,SP,PSDB,4518,LAURI AFONSO DE OLIVEIRA ROCHA,False,False,False,False,False,False,False,False,False,False,False,False,0,
2018,SP,PSDB,4519,NORMA MARGARIDA DE SOUSA CARVALHO,False,False,False,False,False,False,False,False,False,False,False,False,0,
2018,SP,PSDB,4520,MARCO AURÉLIO PILLA SOUZA,False,False,True,False,False,False,False,False,False,True,False,False,0,252250.0
2018,SP,PSDB,4521,CARLOS FERNANDO FOGANHOLI,False,False,False,False,False,False,False,False,False,False,False,False,0,2250.0
2018,SP,PSDB,4522,JOAO PAULO TAVARES PAPA,False,True,True,False,True,False,False,True,False,True,False,False,0,500000.0
2018,SP,PSDB,4523,LUCI DE OLIVEIRA MATOS CARDIA,False,False,False,False,False,False,False,False,False,False,False,False,0,42250.0
2018,SP,PSDB,4525,JOSÉ LUIZ ZACHARIAS DE QUEIROZ,False,False,False,False,False,False,False,False,False,False,False,False,0,
2018,SP,PSDB,4526,MIGUEL ISAAC FILHO,False,False,False,False,False,False,False,False,False,False,False,False,0,
2018,SP,PSDB,4527,ALEXANDRE GLUSKOSKI VENEGAS,False,False,False,False,False,False,False,False,False,False,False,False,0,52250.0
2018,SP,PSDB,4528,LIGIA MARIA ALVES PIOLA,False,False,False,False,False,False,False,False,False,False,False,False,0,10000.0
2018,SP,PSDB,4532,BRUNO MODESTO DOS SANTOS,False,False,False,False,False,False,False,False,False,False,False,False,0,
2018,SP,PSDB,4533,ADÉRMIS MARINI JUNIOR,False,False,False,False,False,False,False,False,False,False,False,False,0,500000.0
2018,SP,PSDB,4540,DANIEL FERNANDES BARBOSA,False,False,False,False,False,False,False,False,False,False,False,False,0,50000.0
2018,SP,PSDB,4543,MARIA CELIA DE MELO,False,False,False,False,False,False,False,False,False,False,False,False,0,12250.0
2018,SP,PSDB,4544,ANTONIO FLORIANO PEREIRA PESARO,True,True,True,True,True,True,False,False,False,False,True,True,0,1000000.0
2018,SP,PSDB,4545,SAMANTA MARIA PINEDA DUARTE NOGUEIRA,False,False,False,False,False,False,False,False,False,False,False,False,0,300000.0
2018,SP,PSDB,4546,MARINA CORREIA DA SILVA,False,False,False,False,False,False,False,False,False,False,False,False,0,32250.0
2018,SP,PSDB,4547,MIGUEL MOUBADDA HADDAD,True,True,True,True,True,True,False,True,False,True,True,True,0,1000000.0
2018,SP,PSDB,4549,JULIA ROSA DA CRUZ,False,False,False,False,False,False,False,False,False,False,False,False,0,22250.0
2018,SP,PSDB,4550,PEDRO MOTOITIRO KAWAI,False,False,False,False,False,False,False,False,False,False,False,False,0,52250.0
2018,SP,PSDB,4551,VANDERLEI MACRIS,True,True,True,True,True,True,False,False,False,False,True,True,1,1300000.0
2018,SP,PSDB,4552,RUY RENATO REICHMANN,False,False,False,False,False,False,False,False,False,False,False,False,0,52250.0
2018,SP,PSDB,4554,IVANI VAZ DE LIMA,False,False,False,False,False,False,False,False,False,False,False,False,0,652250.0
2018,SP,PSDB,4555,RAFAEL GOFFI MOREIRA,False,False,False,False,False,False,False,False,False,False,False,False,0,250000.0
2018,SP,PSDB,4556,IZAQUE JOSÉ DA SILVA,False,False,False,False,False,False,False,False,False,False,False,False,0,500000.0
2018,SP,PSDB,4557,MARCOS ANTONIO DE ALMEIDA RIBEIRO,False,False,False,False,False,False,False,False,False,False,False,False,0,2250.0
2018,SP,PSDB,4558,ANTONIO DONIZETE LIMA DE ALENCAR,False,False,False,False,False,False,False,False,False,False,False,False,0,
2018,SP,PSDB,4560,MARIA THEREZA PEREIRA DE LYRA COLLOR DE MELLO HALBREICH,False,False,False,False,False,False,False,False,False,False,False,False,0,402250.0
2018,SP,PSDB,4563,REGINALDO OLIVEIRA DE ALMEIDA,False,False,False,False,False,False,False,False,False,False,False,False,0,52250.0
2018,SP,PSDB,4565,JOSÉ RUBENS NAZELLO DE ALVARENGA TRIPOLI,False,False,False,False,False,False,False,False,False,False,False,False,0,300000.0
2018,SP,PSDB,4566,FRANCISCO DE PAULA DE OLIVEIRA LEITE,False,False,False,False,False,False,False,False,False,False,False,False,0,100000.0
2018,SP,PSDB,4567,FABRICIO COBRA ARBEX,False,False,False,False,False,False,False,False,False,False,False,False,0,420000.0
2018,SP,PSDB,4570,FERNANDO CAPEZ,True,True,True,True,True,True,False,False,False,False,True,True,0,700000.0
2018,SP,PSDB,4577,CARLOS ALBERTO DE QUADROS BEZERRA JUNIOR,True,True,True,True,True,True,False,False,False,False,True,True,0,750000.0
2018,SP,PSDB,4578,MARIA DE JESUS LOPES MARTINS SILVA,False,False,False,False,False,False,False,False,False,False,False,False,0,129370.35
2018,SP,PSDB,4580,SAMUEL MOREIRA DA SILVA JÚNIOR,True,True,True,True,True,True,False,True,False,False,True,True,1,700000.0
2018,SP,PSDB,4585,BRUNA DIAS FURLAN,True,True,True,True,True,True,False,False,False,False,True,True,1,1807476.59
2018,SP,PSDB,4586,JOSÉ ANÍBAL PERES DE PONTES,True,True,True,True,True,True,False,False,False,True,True,True,0,1220000.0
2018,SP,PSDB,4588,ARNÔ RIBEIRO NOVAES,False,False,False,False,False,False,False,False,False,False,False,False,0,50000.0
2018,SP,PSDB,4590,MAURÍCIO CELESTINO,False,False,False,False,False,False,False,False,False,False,False,False,0,
2018,SP,PSDB,4595,CAROLINE GOMES FERREIRA,False,False,False,False,False,False,False,False,False,False,False,False,0,102250.0
2018,SP,PSDB,4599,DIEGO FONSECA NASCIMENTO,False,False,False,False,False,False,False,False,False,False,False,False,0,52250.0
2018,SP,PSL,1700,MARCIO TADEU ANHAIA DE LEMOS,False,False,False,False,False,False,False,False,False,False,False,False,1,3975.24
2018,SP,PSL,1701,PAULO SERGIO ABOU ANNI,False,False,False,False,False,False,False,False,False,False,False,False,1,18474.57
2018,SP,PSL,1702,LUIZ PHILIPPE DE ORLEANS BRAGANÇA,False,False,False,False,False,False,False,False,False,False,False,False,1,
2018,SP,PSL,1703,PEDRO AYRES DE SOUZA,False,False,True,False,False,False,False,False,False,True,False,False,0,
2018,SP,PSL,1704,ALEXANDRE DONIZETE TEODORO,False,False,False,False,False,False,False,False,False,False,False,False,0,
2018,SP,PSL,1705,CLESIO VOLDENEI DE OLIVEIRA ALMEIDA,False,False,False,False,False,False,False,False,False,False,False,False,0,
2018,SP,PSL,1707,MARCELO JORGE FRANCISCON,False,False,False,False,False,False,False,False,False,False,False,False,0,8474.57
2018,SP,PSL,1708,RUBENS NUSQUE JUNIOR,False,False,False,False,False,False,False,False,False,False,False,False,0,
2018,SP,PSL,1709,RODRIGO SALOMÃO JUNQUEIRA,False,False,False,False,False,False,False,False,False,False,False,False,0,8474.57
2018,SP,PSL,1710,CARLA ZAMBELLI SALGADO,False,False,False,False,False,False,False,False,False,False,False,False,1,25480.239999999998
2018,SP,PSL,1712,LUIZ CARLOS DA COSTA VALLE,False,False,False,False,False,False,False,False,False,False,False,False,0,
2018,SP,PSL,1715,MARCUS VINICIUS DE ARAUJO DANTAS,False,False,False,False,False,False,False,False,False,False,False,False,0,13975.24
2018,SP,PSL,1717,ROBERTO SEBASTIÃO PETERNELLI JUNIOR,False,False,False,False,False,False,False,False,False,False,False,False,1,6000.0
2018,SP,PSL,1718,GREICE NAOMI YAMAGUCHI,False,False,False,False,False,False,False,False,False,False,False,False,0,13975.24
2018,SP,PSL,1720,EDUARDO NANTES BOLSONARO,True,True,True,True,True,True,False,False,False,False,True,True,1,73093.04000000001
2018,SP,PSL,1721,LUIZA POLYDORO,False,False,False,False,False,False,False,False,False,False,False,False,0,10000.0
2018,SP,PSL,1723,LEVI GONÇALO CAVALINI,False,False,False,False,False,False,False,False,False,False,False,False,0,18474.57
2018,SP,PSL,1725,EDGAR SOUZA DOS SANTOS,False,False,False,False,False,False,False,False,False,False,False,False,0,8474.57
2018,SP,PSL,1727,RICARDO AUGUSTO FELICIO,False,False,False,False,False,False,False,False,False,False,False,False,0,5000.0
2018,SP,PSL,1728,JONATAS LIMA DE AMORIM,False,False,False,False,False,False,False,False,False,False,False,False,0,18474.57
2018,SP,PSL,1729,SHEILA LUNDGREN SANI,False,False,False,False,False,False,False,False,False,False,False,False,0,
2018,SP,PSL,1733,PATRICIA BUENO NETTO,False,False,False,False,False,False,False,False,False,False,False,False,0,
2018,SP,PSL,1736,ROGÉRIO ALBERTO REAME,False,False,False,False,False,False,False,False,False,False,False,False,0,8474.57
2018,SP,PSL,1737,JOSÉ ADRIANO CASTANHO FERREIRA,False,False,False,False,False,False,False,False,False,False,False,False,0,
2018,SP,PSL,1739,LUCIANA BIASI MENDES SILVA,False,False,False,False,False,False,False,False,False,False,False,False,0,4630.0
2018,SP,PSL,1740,ROBSON DOS SANTOS ALVES,False,False,False,False,False,False,False,False,False,False,False,False,0,
2018,SP,PSL,1742,LUCAS HENRIQUE TREVIZAN,False,False,False,False,False,False,False,False,False,False,False,False,0,8474.57
2018,SP,PSL,1743,MARCELO CECCHETTINI,False,False,True,False,False,False,False,False,False,True,False,False,0,8474.57
2018,SP,PSL,1744,VINICIUS TADEU SATTIN RODRIGUES,False,False,False,False,False,False,False,False,False,False,False,False,0,16949.14
2018,SP,PSL,1745,MARIO CESAR RODRIGUES,False,False,False,False,False,False,False,False,False,False,False,False,0,5730.95
2018,SP,PSL,1750,NOILTON SILVESTRE RAMOS,False,False,False,False,False,False,False,False,False,False,False,False,0,8474.57
2018,SP,PSL,1751,RAMIRO ALVES DA ROCHA CRUZ JUNIOR,False,False,False,False,False,False,False,False,False,False,False,False,0,
2018,SP,PSL,1753,PAULO FERNANDO DO CARMO,False,False,False,False,False,False,False,False,False,False,False,False,0,8474.57
2018,SP,PSL,1755,CLEONICE DE OLIVEIRA,False,False,False,False,False,False,False,False,False,False,False,False,0,10000.0
2018,SP,PSL,1756,ENEAS PASIN GALVÃO DE CASTRO,False,False,False,False,False,False,False,False,False,False,False,False,0,8474.57
2018,SP,PSL,1757,ANA CLAUDIA PERES LUCAS LOPES,False,False,False,False,False,False,False,False,False,False,False,False,0,13975.24
2018,SP,PSL,1758,VALMIR BEBER,False,False,False,False,False,False,False,False,False,False,False,False,0,18474.57
2018,SP,PSL,1759,ARIADNE FABIANA RODRIGUES ALVARENGA,False,False,False,False,False,False,False,False,False,False,False,False,0,
2018,SP,PSL,1764,ROGER LIN,False,False,False,False,False,False,False,False,False,False,False,False,0,
2018,SP,PSL,1767,OSMAR DELLA PASCHOA JUNIOR,False,False,False,False,False,False,False,False,False,False,False,False,0,8474.57
2018,SP,PSL,1768,SELMA DE SOUZA RODRIGUES,False,False,False,False,False,False,False,False,False,False,False,False,0,10000.0
2018,SP,PSL,1770,NICOLINO BOZZELLA JUNIOR,True,True,True,True,False,True,False,False,False,False,True,True,1,
2018,SP,PSL,1771,JOICE CRISTINA HASSELMANN,False,False,False,False,False,False,False,False,False,False,False,False,1,110300.32
2018,SP,PSL,1773,IVONE GRESSENS,False,False,False,False,False,False,False,False,False,False,False,False,0,10000.0
2018,SP,PSL,1776,OSMAR BERNARDES JUNIOR,False,False,False,False,False,False,False,False,False,False,False,False,0,
2018,SP,PSL,1777,ALEXANDRE FROTA DE ANDRADE,False,False,False,False,False,False,False,False,False,False,False,False,1,5300.32
2018,SP,PSL,1778,MITEL MAZARD,False,False,False,False,False,False,False,False,False,False,False,False,0,8474.57
2018,SP,PSL,1781,CLEMIR BATISTA RODRIGUES DA SILVA,False,False,False,False,False,False,False,False,False,False,False,False,0,10000.0
2018,SP,PSL,1783,ELISANGELA VALINHO QUEIROZ DOS SANTOS,False,False,False,False,False,False,False,False,False,False,False,False,0,10000.0
2018,SP,PSL,1785,MARGARETE SA DOS REIS,False,False,False,False,False,False,False,False,False,False,False,False,0,10000.0
2018,SP,PSL,1787,LUCIANE MOREIRA DE SOUZA,False,False,False,False,False,False,False,False,False,False,False,False,0,10000.0
2018,SP,PSL,1788,JOSÉ ROBERTO DE CASTRO,False,False,False,False,False,False,False,False,False,False,False,False,0,12449.81
2018,SP,PSL,1789,JOSÉ DE CASTRO COIMBRA,True,True,True,True,False,True,False,False,False,False,True,True,0,
2018,SP,PSL,1790,JOSÉ GUILHERME NEGRÃO PEIXOTO,False,False,True,False,False,False,False,False,False,True,False,False,1,3975.24
2018,SP,PSL,1791,ANETE MARIA PIZZIMENTI,False,False,False,False,False,False,False,False,False,False,False,False,0,10000.0
2018,SP,PSL,1795,JUNIA MARCIA ROCHA COIMBRA NAVAS,False,False,False,False,False,False,False,False,False,False,False,False,0,10000.0
2018,SP,PSL,1797,NESTOR DO VAL NETO,False,False,False,False,False,False,False,False,False,False,False,False,0,18474.57
2018,SP,PSL,1799,ORLANDO APARECIDO TOMASELLA,False,False,False,False,False,False,False,False,False,False,False,False,0,
2018,SP,PSOL,5000,SAMIA DE SOUZA BOMFIM,False,False,False,False,False,False,False,False,False,False,False,False,1,110080.92
2018,SP,PSOL,5001,ADOLFO RAPHAEL SILVA MARIANO DE OLIVEIRA,False,False,False,False,False,False,False,False,False,False,False,False,0,3286.66
2018,SP,PSOL,5002,RENATA DE MORAIS PESSOA,False,False,False,False,False,False,False,False,False,False,False,False,0,7932.05
2018,SP,PSOL,5003,ARIOVALDO HAUCK DA SILVA,False,False,False,False,False,False,False,False,False,False,False,False,0,3286.66
2018,SP,PSOL,5004,RAMON FERNANDES FAUSTINO,False,False,False,False,False,False,False,False,False,False,False,False,0,3286.66
2018,SP,PSOL,5005,ALEXANDRE TORTORELLA MANDL,False,False,False,False,False,False,False,False,False,False,False,False,0,76.27
2018,SP,PSOL,5006,RENATO BENEDUCI ASSAD,False,False,False,False,False,False,False,False,False,False,False,False,0,
2018,SP,PSOL,5007,IVAN CANOLETTO RODRIGUES,False,False,False,False,False,False,False,False,False,False,False,False,0,3286.66
2018,SP,PSOL,5008,ROBSON QUIRINO SALVADOR,False,False,False,False,False,False,False,False,False,False,False,False,0,1521.27
2018,SP,PSOL,5009,HIGOR MAMEDE MARQUES DOS SANTOS,False,False,False,False,False,False,False,False,False,False,False,False,0,3286.66
2018,SP,PSOL,5010,SAMUEL PEREIRA DOS SANTOS,False,False,False,False,False,False,False,False,False,False,False,False,0,1890.0
2018,SP,PSOL,5011,WELLINGTON LUIZ CABRAL,False,False,False,False,False,False,False,False,False,False,False,False,0,3286.66
2018,SP,PSOL,5012,VERA LUCIA STEFANOV,False,False,False,False,False,False,False,False,False,False,False,False,0,3229.42
2018,SP,PSOL,5013,FABIO JOSE RODRIGUES DE MELLO,False,False,False,False,False,False,False,False,False,False,False,False,0,3286.66
2018,SP,PSOL,5014,DANIEL DE CARVALHO,False,False,False,False,False,False,False,False,False,False,False,False,0,176.26999999999998
2018,SP,PSOL,5015,VIRGINIA MARIA BALDAN FERREIRA,False,False,False,False,False,False,False,False,False,False,False,False,0,1540.77
2018,SP,PSOL,5016,FERNANDO BORGES CORREIA FILHO,False,False,False,False,False,False,False,False,False,False,False,False,0,3235.27
2018,SP,PSOL,5017,MURILO VASQUES CARMINATI AMATI,False,False,False,False,False,False,False,False,False,False,False,False,0,3286.66
2018,SP,PSOL,5018,SILVANA SOARES DE ASSIS,False,False,False,False,False,False,False,False,False,False,False,False,0,7755.78
2018,SP,PSOL,5019,LIVIA DE SALVI LAZANEO,False,False,False,False,False,False,False,False,False,False,False,False,0,7932.05
2018,SP,PSOL,5020,AILTON AMARAL DOS SANTOS,False,False,False,False,False,False,False,False,False,False,False,False,0,3286.66
2018,SP,PSOL,5021,LUIZA ERUNDINA DE SOUSA,True,True,True,True,True,True,False,False,False,False,True,True,1,298597.53
2018,SP,PSOL,5022,NANCY DE OLIVEIRA GALVÃO,False,False,False,False,False,False,False,False,False,False,False,False,0,7932.05
2018,SP,PSOL,5023,LUIZ CARLOS PEDROSO,False,False,False,False,False,False,False,False,False,False,False,False,0,3286.66
2018,SP,PSOL,5024,ANDREA WERNER SILVA BONOLI,False,False,False,False,False,False,False,False,False,False,False,False,0,23928.350000000002
2018,SP,PSOL,5025,JOSIE SILVESTRE DE MORAIS DA SILVA,False,False,False,False,False,False,False,False,False,False,False,False,0,1675.27
2018,SP,PSOL,5026,JOÃO PAULO MARQUEZINI MACHADO,False,False,False,False,False,False,False,False,False,False,False,False,0,1675.27
2018,SP,PSOL,5027,ROBERTO BATISTA FERREIRA,False,False,False,False,False,False,False,False,False,False,False,False,0,1351.27
2018,SP,PSOL,5028,RENAN DIAS OLIVEIRA,False,False,False,False,False,False,False,False,False,False,False,False,0,2826.27
2018,SP,PSOL,5029,JUCIMAR SOUZA TENORIO,False,False,False,False,False,False,False,False,False,False,False,False,0,
2018,SP,PSOL,5030,DOUGLAS DONIZETE CARDOZO,False,False,False,False,False,False,False,False,False,False,False,False,0,1596.27
2018,SP,PSOL,5031,SILVIO ROBERTO BUENO CABRAL DE MEDEIROS FILHO,False,False,False,False,False,False,False,False,False,False,False,False,0,3286.66
2018,SP,PSOL,5032,MARCELO CORREA NEVES,False,False,False,False,False,False,False,False,False,False,False,False,0,3110.39
2018,SP,PSOL,5033,CRISTIANE DE JESUS,False,False,False,False,False,False,False,False,False,False,False,False,0,
2018,SP,PSOL,5034,JUPIRA MANOEL SOBRINHO,False,False,False,False,False,False,False,False,False,False,False,False,0,
2018,SP,PSOL,5035,PRISCILA DA SILVA CAVALCANTE URQUIA,False,False,False,False,False,False,False,False,False,False,False,False,0,1553.15
2018,SP,PSOL,5036,EDMILSON COSTA SANTOS,False,False,False,False,False,False,False,False,False,False,False,False,0,3286.66
2018,SP,PSOL,5038,GLAUCO GIULIANO VICENTIN GOBBI,False,False,False,False,False,False,False,False,False,False,False,False,0,4785.66
2018,SP,PSOL,5039,ADRIANA VASCONCELLOS VIEIRA,False,False,False,False,False,False,False,False,False,False,False,False,0,23928.350000000002
2018,SP,PSOL,5040,FELIPE BRILHANTE MAROPO,False,False,False,False,False,False,False,False,False,False,False,False,0,1675.27
2018,SP,PSOL,5041,RICARDO DE LIMA,False,False,False,False,False,False,False,False,False,False,False,False,0,1861.27
2018,SP,PSOL,5042,FERNANDO TAVARES ARAÚJO DA SILVA,False,False,False,False,False,False,False,False,False,False,False,False,0,7528.1
2018,SP,PSOL,5044,DENIS DANTAS DO CARMO,False,False,False,False,False,False,False,False,False,False,False,False,0,1861.27
2018,SP,PSOL,5047,MARCELA DIAS MOREIRA,False,False,False,False,False,False,False,False,False,False,False,False,0,23769.93
2018,SP,PSOL,5048,CAIO JULIO CESAR DEZORZI,False,False,False,False,False,False,False,False,False,False,False,False,0,176.26999999999998
2018,SP,PSOL,5049,CLÁUDIO ARMELIN MELON,False,False,False,False,False,False,False,False,False,False,False,False,0,
2018,SP,PSOL,5050,IVAN VALENTE,True,True,True,True,True,True,False,False,False,False,True,True,1,303855.53
2018,SP,PSOL,5051,SILVANA DE MORAES,False,False,False,False,False,False,False,False,False,False,False,False,0,3393.15
2018,SP,PSOL,5052,DIANA SOUBIHE DE OLIVEIRA,False,False,False,False,False,False,False,False,False,False,False,False,0,176.26999999999998
2018,SP,PSOL,5053,ANDREIA OLIVEIRA DE SOUZA SANTOS,False,False,False,False,False,False,False,False,False,False,False,False,0,3569.42
2018,SP,PSOL,5054,ALZIRA BOMBONATO DE MELO RIOS DA SILVA,False,False,False,False,False,False,False,False,False,False,False,False,0,3569.42
2018,SP,PSOL,5055,DÉBORA ALVES CAMILO,False,False,False,False,False,False,False,False,False,False,False,False,0,7755.78
2018,SP,PSOL,5056,TADEU ARQUIMEDES RIBEIRO DE OLIVEIRA,False,False,False,False,False,False,False,False,False,False,False,False,0,1522.9
2018,SP,PSOL,5057,DURVALINA SOARES SILVA,False,False,False,False,False,False,False,False,False,False,False,False,0,7932.05
2018,SP,PSOL,5058,JUVENTINA DE JESUS SILVA CAMARGO,False,False,False,False,False,False,False,False,False,False,False,False,0,3569.42
2018,SP,PSOL,5059,HERIC MOURA RODRIGUES,False,False,False,False,False,False,False,False,False,False,False,False,0,1364.5
2018,SP,PSOL,5060,JOSÉ CARMO ESPER,False,False,True,False,False,False,False,False,False,True,False,False,0,1704.77
2018,SP,PSOL,5066,JOSÉ EDUARDO OLIVEIRA,False,False,False,False,False,False,False,False,False,False,False,False,0,2230.27
2018,SP,PSOL,5067,ANDRE LUIZ DE OLIVEIRA,False,False,False,False,False,False,False,False,False,False,False,False,0,
2018,SP,PSOL,5068,ROQUE JOSE FERREIRA,False,False,False,False,False,False,False,False,False,False,False,False,0,
2018,SP,PSOL,5070,RICARDO URIZZI CARVALHO,False,False,False,False,False,False,False,False,False,False,False,False,0,3686.66
2018,SP,PSOL,5072,MARCIA REGINA RIOS DA SILVA,False,False,False,False,False,False,False,False,False,False,False,False,0,3569.42
2018,SP,PSOL,5075,DOUGLAS ELIAS BELCHIOR,False,False,False,False,False,False,False,False,False,False,False,False,0,22621.03
2018,SP,PSOL,5076,LUCIANA XAVIER DA SILVA,False,False,False,False,False,False,False,False,False,False,False,False,0,3569.42
2018,SP,PSOL,5077,JAIR PIZORUSSO,False,False,False,False,False,False,False,False,False,False,False,False,0,1704.77
2018,SP,PSOL,5078,LUIS ANTONIO SANTOS DA LUZ,False,False,False,False,False,False,False,False,False,False,False,False,0,7528.1
2018,SP,PSOL,5080,ADERITO CÁSSIO DE ASSIS DUTRA,False,False,False,False,False,False,False,False,False,False,False,False,0,2346.27
2018,SP,PSOL,5081,SILVIO JOSÉ DE SOUZA FILHO,False,False,False,False,False,False,False,False,False,False,False,False,0,7868.1
2018,SP,PSOL,5083,FERNANDO RICARDO LADEIA,False,False,False,False,False,False,False,False,False,False,False,False,0,1440.77
2018,SP,PSOL,5084,EDUARDO ROCHAEL RODRIGUES CELESTINO DA SILVA,False,False,False,False,False,False,False,False,False,False,False,False,0,1675.27
2018,SP,PSOL,5085,JOÃO LIRA DA SILVA,False,False,False,False,False,False,False,False,False,False,False,False,0,1675.27
2018,SP,PSOL,5086,LEONARDO DE OLIVEIRA PASSOS,False,False,False,False,False,False,False,False,False,False,False,False,0,100.0
2018,SP,PSOL,5087,HIGOR CAUÊ DE SOUZA OLIVEIRA,False,False,False,False,False,False,False,False,False,False,False,False,0,4744.84
2018,SP,PSOL,5088,CÉLIO ROBERTO TURINO DE MIRANDA,False,False,False,False,False,False,False,False,False,False,False,False,0,22797.3
2018,SP,PSOL,5089,SIDNEI SILVA DOS SANTOS,False,False,False,False,False,False,False,False,False,False,False,False,0,2110.39
2018,SP,PSOL,5090,RODRIGO PINTO CHIZOLINI,False,False,False,False,False,False,False,False,False,False,False,False,0,27771.03
2018,SP,PSOL,5091,KATIA DE OLIVEIRA TRINDADE,False,False,False,False,False,False,False,False,False,False,False,False,0,7932.05
2018,SP,PSOL,5092,ELISANGELA JOVANA DOS SANTOS,False,False,False,False,False,False,False,False,False,False,False,False,0,3393.15
2018,SP,PSOL,5095,ALMIR VALENTE FELITTE,False,False,False,False,False,False,False,False,False,False,False,False,0,1861.27
2018,SP,PSOL,5096,PAULO CESAR MARTIMIANO,False,False,False,False,False,False,False,False,False,False,False,False,0,1704.77
2018,SP,PSOL,5098,SEBASTIÃO CARLOS DE OLIVEIRA,False,False,False,False,False,False,False,False,False,False,False,False,0,
2018,SP,PSOL,5099,VITOR JOSÉ SANTOS DE OLIVEIRA,False,False,True,False,False,False,False,False,False,True,False,False,0,7528.1
2018,SP,PSTU,1600,CLAUDIO DONIZETE DOS REIS,False,False,False,False,False,False,False,False,False,False,False,False,0,
2018,SP,PSTU,1610,INÊS LEAL DE CASTRO,False,False,False,False,False,False,False,False,False,False,False,False,0,
2018,SP,PSTU,1616,FLAVIA BISCHAIN ROSA,False,False,False,False,False,False,False,False,False,False,False,False,0,12603.0
2018,SP,PSTU,1617,RAFAEL DE ALMEIDA PADIAL,False,False,False,False,False,False,False,False,False,False,False,False,0,
2018,SP,PSTU,1620,WILSON APARECIDO RIBEIRO,False,False,False,False,False,False,False,False,False,False,False,False,0,
2018,SP,PSTU,1630,SHIRLEY SILVERIO RAPOSO,False,False,False,False,False,False,False,False,False,False,False,False,0,5000.0
2018,SP,PSTU,1678,ANTÔNIO FERREIRA DE BARROS,False,False,False,False,False,False,False,False,False,False,False,False,0,10500.0
2018,SP,PT,1300,STELA REGINA DALECIO,False,False,False,False,False,False,False,False,False,False,False,False,0,12796.23
2018,SP,PT,1301,PAULA FRANCINETE COSTA LEITE,False,False,False,False,False,False,False,False,False,False,False,False,0,97796.23
2018,SP,PT,1303,VALDOMIRO DA PURIFICAÇÃO OLIVEIRA,False,False,False,False,False,False,False,False,False,False,False,False,0,17796.23
2018,SP,PT,1304,TELMA SANDRA AUGUSTO DE SOUZA,True,True,True,True,True,True,False,False,False,False,True,True,0,508000.0
2018,SP,PT,1305,ARNOR BARBOSA DOS SANTOS,False,False,False,False,False,False,False,False,False,False,False,False,0,
2018,SP,PT,1306,JOÃO CARLOS FRANÇA DE PAULA SANTOS,False,False,False,False,False,False,False,False,False,False,False,False,0,17796.23
2018,SP,PT,1307,MARIANA ROSSETO SANTOS,False,False,False,False,False,False,False,False,False,False,False,False,0,97796.23
2018,SP,PT,1309,GERALDO ALVES DIONÍSIO,False,False,False,False,False,False,False,False,False,False,False,False,0,2796.23
2018,SP,PT,1310,IZÍDIO DE BRITO CORREIA,False,False,False,False,False,False,False,False,False,False,False,False,0,97796.23
2018,SP,PT,1312,ODERLAN PEREIRA DE SOUZA,False,False,False,False,False,False,False,False,False,False,False,False,0,17796.23
2018,SP,PT,1313,RUI GOETHE DA COSTA FALCÃO,True,True,True,True,True,True,False,False,False,False,True,True,1,902809.43
2018,SP,PT,1314,MARINALVA GONÇALVES DE BRITO,False,False,False,False,False,False,False,False,False,False,False,False,0,97796.23000000001
2018,SP,PT,1315,RONALDO JOSE LACERDA,False,False,False,False,False,False,False,False,False,False,False,False,0,17796.23
2018,SP,PT,1316,ELVIS ANTUNES RUAS,False,False,False,False,False,False,False,False,False,False,False,False,0,17796.23
2018,SP,PT,1317,CARLOS ALBERTO PEREIRA BEZERRA,False,False,False,False,False,False,False,False,False,False,False,False,0,15000.0
2018,SP,PT,1318,MARCIO POCHMANN,False,False,True,False,False,False,False,False,False,True,False,False,0,510167.67
2018,SP,PT,1319,RICARDO ALVES MARINHO,False,False,False,False,False,False,False,False,False,False,False,False,0,19296.23
2018,SP,PT,1320,JÚLIA MARTIN DA CRUZ,False,False,False,False,False,False,False,False,False,False,False,False,0,97796.23
2018,SP,PT,1321,ANA LUCIA LIPPAUS PERUGINI,True,True,True,True,True,True,False,False,False,False,True,True,0,1002796.23
2018,SP,PT,1322,ARLINDO CHIGNALIA JUNIOR,True,True,True,True,True,True,False,False,False,False,True,True,1,1102796.23
2018,SP,PT,1323,OCIDENE JANUARIO DA SILVA SANTANA,False,False,False,False,False,False,False,False,False,False,False,False,0,
2018,SP,PT,1324,JOSE ANTONIO DO CARMO CRUZ,False,False,False,False,False,False,False,False,False,False,False,False,0,17796.03
2018,SP,PT,1325,JOSE DE FILIPPI JUNIOR,True,True,True,True,True,True,False,False,False,False,True,True,0,507000.0
2018,SP,PT,1326,JOSE MAURO FAGUNDES DE SOUSA,False,False,False,False,False,False,False,False,False,False,False,False,0,17796.23
2018,SP,PT,1327,MARIA APARECIDA MARQUES DE SIMONI,False,False,False,False,False,False,False,False,False,False,False,False,0,12796.23
2018,SP,PT,1331,SETIMA MARIA VIEIRA DE ARAUJO,False,False,False,False,False,False,False,False,False,False,False,False,0,12796.23
2018,SP,PT,1332,JOSE MENTOR GUILHERME DE MELLO NETTO,True,True,True,True,True,True,False,False,False,False,True,True,0,902796.23
2018,SP,PT,1333,JULIANA CARDOSO,False,False,False,False,False,False,False,False,False,False,False,False,0,510796.23
2018,SP,PT,1334,WILSON NUNES CERQUEIRA,False,False,True,False,False,False,False,False,False,True,False,False,0,17796.23
2018,SP,PT,1335,VALMIR PRASCIDELLI,True,True,True,True,False,True,False,False,False,False,True,True,0,807624.64
2018,SP,PT,1336,JOSÉ REINALDO PEREIRA,False,False,False,False,False,False,False,False,False,False,False,False,0,15000.0
2018,SP,PT,1337,CICERA MARIA DA CONCEIÇÃO,False,False,False,False,False,False,False,False,False,False,False,False,0,12796.23
2018,SP,PT,1338,GILDENOR ALVES FREIRE,False,False,False,False,False,False,False,False,False,False,False,False,0,15000.0
2018,SP,PT,1339,REGINALDO CAMILO DOS SANTOS,False,False,True,False,False,False,False,False,False,True,False,False,0,78807.34
2018,SP,PT,1342,DAVID JOSÉ FELICIANO,False,False,True,False,False,False,False,False,False,True,False,False,0,15000.0
2018,SP,PT,1344,RINALDO LUIZ WOLF,False,False,False,False,False,False,False,False,False,False,False,False,0,15000.0
2018,SP,PT,1345,CARLOS JANUÁRIO,False,False,False,False,False,False,False,False,False,False,False,False,0,15000.0
2018,SP,PT,1346,CARLOS CÉSAR GONÇALVES,False,False,False,False,False,False,False,False,False,False,False,False,0,15000.0
2018,SP,PT,1347,ALEX OLIVEIRA DA SILVA,False,False,False,False,False,False,False,False,False,False,False,False,0,15000.0
2018,SP,PT,1350,AMÉLIA NAOMI OMURA,False,False,False,False,False,False,False,False,False,False,False,False,0,510796.23
2018,SP,PT,1351,CHEILA MARIA SUBENKO OLALLA,False,False,False,False,False,False,False,False,False,False,False,False,0,97796.23
2018,SP,PT,1352,MARILIA ELENA DA SILVA RIBEIRO,False,False,False,False,False,False,False,False,False,False,False,False,0,10000.0
2018,SP,PT,1353,NILTO IGNACIO TATTO,False,False,False,False,False,False,False,False,False,False,False,False,1,902796.23
2018,SP,PT,1354,ALEXANDRE ROCHA SANTOS PADILHA,False,False,True,False,False,False,False,False,False,True,False,False,1,902796.23
2018,SP,PT,1355,ELAINE CRISTINA LOPES TERRON,False,False,False,False,False,False,False,False,False,False,False,False,0,97796.23
2018,SP,PT,1356,EDSON DA PAZ,False,False,False,False,False,False,False,False,False,False,False,False,0,17796.23
2018,SP,PT,1358,ALENCAR SANTANA BRAGA,True,True,True,True,True,True,False,False,False,False,True,True,1,516796.23
2018,SP,PT,1359,JORGE AUGUSTO ROQUE SOUZA,False,False,False,False,False,False,False,False,False,False,False,False,0,15000.0
2018,SP,PT,1360,EDNA DA SILVA DELLA NINA,False,False,False,False,False,False,False,False,False,False,False,False,0,97796.23
2018,SP,PT,1363,ANA MARIA DO CARMO ROSSETO,True,True,True,True,True,True,False,False,False,False,True,True,0,511546.23
2018,SP,PT,1364,ADMILSON LUCIO OLIVEIRA,False,False,False,False,False,False,False,False,False,False,False,False,0,17796.23
2018,SP,PT,1365,ANDRE BASTIANON PONTES,False,False,False,False,False,False,False,False,False,False,False,False,0,17796.23
2018,SP,PT,1366,MARIANA CERGOLI JANEIRO,False,False,False,False,False,False,False,False,False,False,False,False,0,97796.23
2018,SP,PT,1367,EDIO LOPES DOS SANTOS,False,False,False,False,False,False,False,False,False,False,False,False,0,8096.23
2018,SP,PT,1368,EDUARDO MARCHIORI LEITE DA SILVA,False,False,False,False,False,False,False,False,False,False,False,False,0,105000.0
2018,SP,PT,1369,CLAUDIO RAMOS MOREIRA,False,False,False,False,False,False,False,False,False,False,False,False,0,15000.0
2018,SP,PT,1370,CARLOS ALBERTO ROLIM ZARATTINI,True,True,True,True,True,True,False,False,False,False,True,True,1,902796.23
2018,SP,PT,1373,BRUNO RAMOS DA SILVA,False,False,False,False,False,False,False,False,False,False,False,False,0,97796.23
2018,SP,PT,1375,MARIO FERREIRA,False,False,False,False,False,False,False,False,False,False,False,False,0,95000.0
2018,SP,PT,1377,CARLOS EDUARDO GABAS,False,False,False,False,False,False,False,False,False,False,False,False,0,509796.23
2018,SP,PT,1378,CLAUDIO COSTA SANTOS,False,False,False,False,False,False,False,False,False,False,False,False,0,15000.0
2018,SP,PT,1379,JOSÉ BARBOSA DOS SANTOS SILVA,False,False,False,False,False,False,False,False,False,False,False,False,0,17796.23
2018,SP,PT,1380,PAOLLA CATHERINE DOS SANTOS MIGUEL AGARD,False,False,False,False,False,False,False,False,False,False,False,False,0,10000.0
2018,SP,PT,1381,MARIO YUKIYASU TERUYA,False,False,False,False,False,False,False,False,False,False,False,False,0,17796.23
2018,SP,PT,1383,IVANIO BATISTA DA SILVA,False,False,False,False,False,False,False,False,False,False,False,False,0,
2018,SP,PT,1386,GABRIELA EVANGELISTA ARANTES DA SILVA,False,False,False,False,False,False,False,False,False,False,False,False,0,12796.23
2018,SP,PT,1387,ELOI ALFREDO PIETÁ,True,True,True,True,True,False,False,True,False,True,False,False,0,509796.23
2018,SP,PT,1388,MARIA ROSA PEREIRA OLIVEIRA,False,False,False,False,False,False,False,False,False,False,False,False,0,12796.23
2018,SP,PT,1389,ALFREDO ALVES CAVALCANTE,False,False,False,False,False,False,False,False,False,False,False,False,0,509796.23
2018,SP,PT,1390,VICENTE PAULO DA SILVA,True,True,True,True,True,True,False,False,False,True,True,True,1,902796.23
2018,SP,PT,1398,LUIZ PAULO TEIXEIRA FERREIRA,True,True,True,True,True,True,False,False,False,False,True,True,1,902796.23
2018,SP,PT,1399,FRANCISCO DAS CHAGAS FRANCILINO,True,True,True,True,False,True,False,False,False,False,True,True,0,507000.0
2018,SP,PTB,1400,MARCELO ROBERTO GASTALDO,False,False,False,False,False,False,False,False,False,False,False,False,0,240000.0
2018,SP,PTB,1405,PAULO KENJI SASAKI,False,False,True,False,False,False,False,False,False,True,False,False,0,30000.0
2018,SP,PTB,1410,MARIA ANGELICA MARIANO,False,False,False,False,False,False,False,False,False,False,False,False,0,100000.0
2018,SP,PTB,1411,PAULO JORGE VALENTIM,False,False,False,False,False,False,False,False,False,False,False,False,0,
2018,SP,PTB,1414,MARLENE OLIVEIRA DE CAMPOS MACHADO,False,False,False,False,False,False,False,False,False,False,False,False,0,2050000.0
2018,SP,PTB,1415,EDSON DE JESUS SARDANO,False,False,False,False,False,False,False,False,False,False,False,False,0,20000.0
2018,SP,PTB,1420,CLAYTON JUN NITTA,False,False,False,False,False,False,False,False,False,False,False,False,0,
2018,SP,PTB,1423,WILLIANS SANTOS,False,False,False,False,False,False,False,False,False,False,False,False,0,100000.0
2018,SP,PTB,1430,MARIA DE LURDES FARIA DE GODOI,False,False,False,False,False,False,False,False,False,False,False,False,0,27000.0
2018,SP,PTB,1433,ANTONIO RAPOSO PATRICIO,False,False,False,False,False,False,False,False,False,False,False,False,0,
2018,SP,PTB,1434,NELSON MARQUEZELLI,True,True,True,True,True,True,False,False,False,False,True,True,0,1150000.0
2018,SP,PTB,1440,JUAREZ PEREIRA DA SILVA,False,False,False,False,False,False,False,False,False,False,False,False,0,50000.0
2018,SP,PTB,1441,SEVERINO TINHA DI FERREIRA DOS SANTOS,False,False,False,False,False,False,False,False,False,False,False,False,0,50000.0
2018,SP,PTB,1444,IVANILDO GOMES NOGUEIRA,False,False,False,False,False,False,False,False,False,False,False,False,0,50000.0
2018,SP,PTB,1445,ARTHUR VIANA DA SILVA,False,False,False,False,False,False,False,False,False,False,False,False,0,50000.0
2018,SP,PTB,1450,KARINA MASSI,False,False,False,False,False,False,False,False,False,False,False,False,0,50000.0
2018,SP,PTB,1451,MARIA TERESINHA DE JESUS PEDROZA,False,False,True,False,False,False,False,False,False,True,False,False,0,225000.0
2018,SP,PTB,1452,FRANCISCO PEREIRA DE SOUSA FILHO,False,False,False,False,False,False,False,False,False,False,False,False,0,
2018,SP,PTB,1456,MARCIA BUENO DA SILVA,False,False,False,False,False,False,False,False,False,False,False,False,0,25000.0
2018,SP,PTB,1466,ALEXANDRE MORAES DE ALVARENGA RANGEL,False,False,False,False,False,False,False,False,False,False,False,False,0,
2018,SP,PTB,1470,FLAVIA DOS SANTOS DIAS,False,False,False,False,False,False,False,False,False,False,False,False,0,25000.0
2018,SP,PTB,1477,GISELA MARIANA VASCONCELOS MONTEIRO DE CARVALHO,False,False,False,False,False,False,False,False,False,False,False,False,0,50000.0
2018,SP,PTB,1480,ALEX DE CARVALHO RODRIGUES,False,False,False,False,False,False,False,False,False,False,False,False,0,
2018,SP,PTB,1488,MORGANA APARECIDA VENERANDO MICHELETT CARDOSO,False,False,False,False,False,False,False,False,False,False,False,False,0,25000.0
2018,SP,PTB,1490,CATIA MARISA TAPPI,False,False,False,False,False,False,False,False,False,False,False,False,0,25000.0
2018,SP,PTC,3607,CHARLES APARECIDO SILVERIO,False,False,False,False,False,False,False,False,False,False,False,False,0,
2018,SP,PTC,3608,ABRAAO GONÇALVES,False,False,False,False,False,False,False,False,False,False,False,False,0,
2018,SP,PTC,3613,RICARDO FASSIO CAVALCANTE CUNHA,False,False,False,False,False,False,False,False,False,False,False,False,0,
2018,SP,PTC,3615,BRANDINA MARIA SOARES DE OLIVEIRA,False,False,False,False,False,False,False,False,False,False,False,False,0,10000.0
2018,SP,PTC,3616,ELENCASTON CANDIDO DA SILVA,False,False,False,False,False,False,False,False,False,False,False,False,0,
2018,SP,PTC,3618,MARCIA APARECIDA BACELLAR,False,False,False,False,False,False,False,False,False,False,False,False,0,4000.0
2018,SP,PTC,3620,WELLINGTON DE JESUS PINTO,False,False,False,False,False,False,False,False,False,False,False,False,0,
2018,SP,PTC,3622,ABEL COSTA,False,False,False,False,False,False,False,False,False,False,False,False,0,
2018,SP,PTC,3626,DANUBIA FLORIANO CHAGAS PEREIRA,False,False,False,False,False,False,False,False,False,False,False,False,0,3000.0
2018,SP,PTC,3630,TEREZINHA APARECIDA MARQUES TOSINI ESTEVES,False,False,False,False,False,False,False,False,False,False,False,False,0,
2018,SP,PTC,3633,ADALTO DAS DORES LIMA,False,False,False,False,False,False,False,False,False,False,False,False,0,2000.0
2018,SP,PTC,3635,DENILSON LUCAS DE LIMA,False,False,False,False,False,False,False,False,False,False,False,False,0,
2018,SP,PTC,3636,ISABELLE SATIKO SOYAMA,False,False,False,False,False,False,False,False,False,False,False,False,0,10000.0
2018,SP,PTC,3637,MARCELO AUGUSTO VOLTARELLI,False,False,False,False,False,False,False,False,False,False,False,False,0,
2018,SP,PTC,3643,OSWALDO MARTINS DE OLIVEIRA,False,False,False,False,False,False,False,False,False,False,False,False,0,
2018,SP,PTC,3644,RONIVALDO REIS DA COSTA,False,False,False,False,False,False,False,False,False,False,False,False,0,
2018,SP,PTC,3645,GISELE PONCIO,False,False,False,False,False,False,False,False,False,False,False,False,0,
2018,SP,PTC,3650,ANA LUCIA PEREIRA,False,False,False,False,False,False,False,False,False,False,False,False,0,
2018,SP,PTC,3652,WILLIANS ROCHA MONTEIRO,False,False,False,False,False,False,False,False,False,False,False,False,0,
2018,SP,PTC,3653,APARECIDO NUNES OLIVEIRA,False,False,False,False,False,False,False,False,False,False,False,False,0,
2018,SP,PTC,3655,JAIRO ATAIDE DA SILVA,False,False,False,False,False,False,False,False,False,False,False,False,0,
2018,SP,PTC,3659,JOSUE LIMA LINS,False,False,False,False,False,False,False,False,False,False,False,False,0,
2018,SP,PTC,3660,CLAUDIA DE JESUS DE SOUZA,False,False,False,False,False,False,False,False,False,False,False,False,0,
2018,SP,PTC,3666,MAURICIO ONOFRE GONÇALVES CORREA,False,False,False,False,False,False,False,False,False,False,False,False,0,3000.0
2018,SP,PTC,3670,HEITOR ROBERTO TOMMASINI,False,False,False,False,False,False,False,False,False,False,False,False,0,
2018,SP,PTC,3678,ALINE MONICA RIBEIRO,False,False,False,False,False,False,False,False,False,False,False,False,0,
2018,SP,PTC,3680,MARIA FRANCISCA DA SILVA NEVES,False,False,False,False,False,False,False,False,False,False,False,False,0,
2018,SP,PTC,3694,FABIO ALEXANDRE NOGUEIRA,False,False,False,False,False,False,False,False,False,False,False,False,0,
2018,SP,PTC,3699,LUIZ FERNANDO LOBAO,False,False,False,False,False,False,False,False,False,False,False,False,0,3000.0
2018,SP,PV,4300,GILBERTO TANOS NATALINI,False,False,False,False,False,False,False,False,False,False,False,False,0,150000.0
2018,SP,PV,4301,MATHEUS DE OLIVEIRA PINTO,False,False,False,False,False,False,False,False,False,False,False,False,0,25000.0
2018,SP,PV,4302,MARIA ROSANE DOS SANTOS,False,False,False,False,False,False,False,False,False,False,False,False,0,8000.0
2018,SP,PV,4303,JOÃO PEREIRA DA SILVA,False,False,False,False,False,False,False,False,False,False,False,False,0,20000.0
2018,SP,PV,4305,JULIANA APARECIDA PEREIRA,False,False,False,False,False,False,False,False,False,False,False,False,0,2000.0
2018,SP,PV,4306,ALINE DE CARVALHO,False,False,False,False,False,False,False,False,False,False,False,False,0,2000.0
2018,SP,PV,4307,RAUL THAME DE TOLEDO ALMEIDA,False,False,False,False,False,False,False,False,False,False,False,False,0,10863.0
2018,SP,PV,4309,MAURICIO PINHEIRO,False,False,False,False,False,False,False,False,False,False,False,False,0,3000.0
2018,SP,PV,4310,CARLOS AUGUSTO PEREIRA DA SILVA,False,False,False,False,False,False,False,False,False,False,False,False,0,10000.0
2018,SP,PV,4311,DAVI MOTA COSTA,False,False,True,False,False,False,False,False,False,True,False,False,0,20000.0
2018,SP,PV,4312,IVAN RICARDO FIRMINO,False,False,False,False,False,False,False,False,False,False,False,False,0,
2018,SP,PV,4313,JOSÉ ALEXANDRE PENA DEVESA,False,False,False,False,False,False,False,False,False,False,False,False,0,100000.0
2018,SP,PV,4314,ALVARO BRUNO CASTRO GARCIA,False,False,False,False,False,False,False,False,False,False,False,False,0,13000.0
2018,SP,PV,4316,FERNANDO TENÓRIO DI SCHIAVI,False,False,False,False,False,False,False,False,False,False,False,False,0,5000.0
2018,SP,PV,4317,ANTONIO ROBERTO MARTINS,False,False,True,False,False,False,False,False,False,True,False,False,0,20000.0
2018,SP,PV,4318,JACIRA GOMES GONÇALVES GÓES,False,False,False,False,False,False,False,False,False,False,False,False,0,8000.0
2018,SP,PV,4319,VANDIR NATAL CASAGRANDE,False,False,False,False,False,False,False,False,False,False,False,False,0,10000.0
2018,SP,PV,4320,KEILA MARIA ALVES SILVA,False,False,False,False,False,False,False,False,False,False,False,False,0,35000.0
2018,SP,PV,4321,MARCELO FERNANDES DE OLIVEIRA,False,False,False,False,False,False,False,False,False,False,False,False,0,18000.0
2018,SP,PV,4322,WARWICK DO AMARAL MANFRINATO,False,False,False,False,False,False,False,False,False,False,False,False,0,15000.0
2018,SP,PV,4323,ANTONIO LUIZ COLUCCI,False,True,True,False,True,False,False,True,False,True,False,False,0,175000.0
2018,SP,PV,4325,CARLOS ALEXANDRE RAMOS,False,False,True,False,False,False,False,False,False,True,False,False,0,25000.0
2018,SP,PV,4327,REGINA HELENA DOS SANTOS FUKUSIG,False,False,False,False,False,False,False,False,False,False,False,False,0,5000.0
2018,SP,PV,4329,ANDRÉ MARTINS MACHADO,False,False,False,False,False,False,False,False,False,False,False,False,0,
2018,SP,PV,4330,LEANDRO SILVA BATISTA,False,False,False,False,False,False,False,False,False,False,False,False,0,20000.0
2018,SP,PV,4333,LUIZ CARLOS ROSSINI,False,False,False,False,False,False,False,False,False,False,False,False,0,60000.0
2018,SP,PV,4334,MARIA REGINA GONÇALVES,True,True,True,True,False,True,False,False,False,False,True,True,0,934323.64
2018,SP,PV,4335,NATALINO DAVI DA SILVA,False,False,False,False,False,False,False,False,False,False,False,False,0,50000.0
2018,SP,PV,4336,ENRICO VAN BLARCUM DE GRAAFF MISASI,False,False,False,False,False,False,False,False,False,False,False,False,1,100000.0
2018,SP,PV,4337,ROSANILDA ANTONIA DA SILVA,False,False,False,False,False,False,False,False,False,False,False,False,0,11726.0
2018,SP,PV,4338,ANISIA PAULINA TEIXEIRA,False,False,False,False,False,False,False,False,False,False,False,False,0,
2018,SP,PV,4339,FERNANDA MORENO DA SILVA,False,False,False,False,False,False,False,False,False,False,False,False,0,52500.0
2018,SP,PV,4340,ALEKSANDRA CARVALHO DA MOTTA,False,False,False,False,False,False,False,False,False,False,False,False,0,10000.0
2018,SP,PV,4342,JOSÉ CLAUDIO MANCILHA DE FARIA BARBOSA ,False,False,False,False,False,False,False,False,False,False,False,False,0,30000.0
2018,SP,PV,4343,JOSÉ LUIZ DE FRANÇA PENNA,True,True,True,True,True,True,False,False,False,False,True,True,0,1425013.2
2018,SP,PV,4344,TATIANE BIAGGI DE OLIVEIRA DAMACENO,False,False,False,False,False,False,False,False,False,False,False,False,0,55000.0
2018,SP,PV,4345,JESUS MARTINS,False,False,False,False,False,False,False,False,False,False,False,False,0,
2018,SP,PV,4346,HELIO DE MATOS FRANÇA,False,False,False,False,False,False,False,False,False,False,False,False,0,5000.0
2018,SP,PV,4347,ANA LUCIA PECORARO,False,False,False,False,False,False,False,False,False,False,False,False,0,
2018,SP,PV,4348,ADRIANA SIMÕES DE ARAUJO,False,False,False,False,False,False,False,False,False,False,False,False,0,5000.0
2018,SP,PV,4349,CLAUDIO GASPAR DOTTORI,False,False,False,False,False,False,False,False,False,False,False,False,0,
2018,SP,PV,4350,GERSON ANTONIO DE PAULA,False,False,False,False,False,False,False,False,False,False,False,False,0,15000.0
2018,SP,PV,4351,JULIO TOCALINO NETO,False,False,False,False,False,False,False,False,False,False,False,False,0,5000.0
2018,SP,PV,4352,CASSIO TOLEDO PULLIN MIRANDA,False,False,False,False,False,False,False,False,False,False,False,False,0,5431.5
2018,SP,PV,4353,ANTONIO DOS REIS ZAMARCHI,False,False,True,False,False,False,False,False,False,True,False,False,0,15000.0
2018,SP,PV,4355,JUVENILDO DE OLIVEIRA DANTAS,False,False,False,False,False,False,False,False,False,False,False,False,0,40000.0
2018,SP,PV,4357,ALEXANDRE TADEU LUZIANI NEGRI,False,False,False,False,False,False,False,False,False,False,False,False,0,8000.0
2018,SP,PV,4359,TOMAZ KIYOMU KURASHIMA JUNIOR,False,False,False,False,False,False,False,False,False,False,False,False,0,5000.0
2018,SP,PV,4360,ANTONIO CARLOS ALVES DA SILVA,False,False,False,False,False,False,False,False,False,False,False,False,0,20000.0
2018,SP,PV,4361,SAMANTHA FREIRE DIAS,False,False,False,False,False,False,False,False,False,False,False,False,0,2000.0
2018,SP,PV,4362,ANTONIO CARLOS PADULA,False,False,False,False,False,False,False,False,False,False,False,False,0,
2018,SP,PV,4365,ANDREIA CAMPOS SALES MARTINS,False,False,False,False,False,False,False,False,False,False,False,False,0,20000.0
2018,SP,PV,4366,LUISA DA SILVA FERNANDES,False,False,False,False,False,False,False,False,False,False,False,False,0,10000.0
2018,SP,PV,4367,ALTONOMISTA BEZERRA DA SILVA,False,False,False,False,False,False,False,False,False,False,False,False,0,10431.5
2018,SP,PV,4368,BEATRIZ HELENA DE MACEDO,False,False,False,False,False,False,False,False,False,False,False,False,0,3000.0
2018,SP,PV,4369,ARNALDO DE OLIVEIRA JÚNIOR,False,False,False,False,False,False,False,False,False,False,False,False,0,15000.0
2018,SP,PV,4370,RODRIGO SCARDELATO GONZALES,False,False,False,False,False,False,False,False,False,False,False,False,0,5000.0
2018,SP,PV,4372,ANDERSON DE OLIVEIRA GALCHIN,False,False,False,False,False,False,False,False,False,False,False,False,0,3000.0
2018,SP,PV,4373,ELIZABETH AGATÃO,False,False,False,False,False,False,False,False,False,False,False,False,0,5000.0
2018,SP,PV,4374,ANTONIO VLASITON VIDAL,False,False,False,False,False,False,False,False,False,False,False,False,0,
2018,SP,PV,4375,ROBERTA CRISTINA BARRADA MELCHIOR MERLO,False,False,False,False,False,False,False,False,False,False,False,False,0,21000.0
2018,SP,PV,4377,ANTÔNIO CARLOS DE MENDES THAME,True,True,True,True,True,True,False,False,False,False,True,True,0,700000.0
2018,SP,PV,4378,FABIO SIQUEIRA DIAS,False,False,False,False,False,False,False,False,False,False,False,False,0,25000.0
2018,SP,PV,4379,MAURICIO GOMES DA SILVA,False,False,False,False,False,False,False,False,False,False,False,False,0,
2018,SP,PV,4380,CLÓVIS DE OLIVEIRA MAITO,False,False,False,False,False,False,False,False,False,False,False,False,0,5000.0
2018,SP,PV,4381,MARCO ANTONIO DE ANDRADE,False,False,False,False,False,False,False,False,False,False,False,False,0,5000.0
2018,SP,PV,4382,JESSE DE MEDEIROS NAVARRO,False,False,False,False,False,False,False,False,False,False,False,False,0,6618.13
2018,SP,PV,4383,HENRIQUE FERRACINI DIAS,False,False,False,False,False,False,False,False,False,False,False,False,0,10000.0
2018,SP,PV,4384,MARIA DO CARMO SILVA,False,False,False,False,False,False,False,False,False,False,False,False,0,5000.0
2018,SP,PV,4386,EDSON BERTONI,False,False,False,False,False,False,False,False,False,False,False,False,0,27000.0
2018,SP,PV,4388,ROSALINA RAMALHO DA SILVA,False,False,False,False,False,False,False,False,False,False,False,False,0,40709.66
2018,SP,PV,4390,DELMA DE SOUZA DE JESUS,False,False,False,False,False,False,False,False,False,False,False,False,0,2000.0
2018,SP,PV,4391,MONICA GABRIEL,False,False,False,False,False,False,False,False,False,False,False,False,0,30000.0
2018,SP,PV,4392,JORDEVAN JOSE DE QUEIROZ FERREIRA,False,False,False,False,False,False,False,False,False,False,False,False,0,7000.0
2018,SP,PV,4393,PEDRO BORBOREMA DE ARAÚJO,False,False,False,False,False,False,False,False,False,False,False,False,0,
2018,SP,PV,4394,EDUARDO BARTOLOMEU RECHE PERES,False,False,False,False,False,False,False,False,False,False,False,False,0,5000.0
2018,SP,PV,4395,MARCIO ALEXANDRE PEREIRA,False,False,False,False,False,False,False,False,False,False,False,False,0,10000.0
2018,SP,PV,4396,ADENILTON FERREIRA DA SILVA,False,False,False,False,False,False,False,False,False,False,False,False,0,40000.0
2018,SP,PV,4397,ANGELA MARIA PEREIRA MATOS BARCELLOS,False,False,False,False,False,False,False,False,False,False,False,False,0,8000.0
2018,SP,PV,4398,MARCOS ANTONIO GONÇALVES,False,False,False,False,False,False,False,False,False,False,False,False,0,15000.0
2018,SP,REDE,1800,MARCOS ANDRÉ PAPA,False,False,False,False,False,False,False,False,False,False,False,False,0,1200.0
2018,SP,REDE,1801,CRISTIANE APARECIDA DOS SANTOS BARROS,False,False,False,False,False,False,False,False,False,False,False,False,0,2350.0
2018,SP,REDE,1807,CÉSAR ROCHA ANDRADE DA SILVA,False,False,False,False,False,False,False,False,False,False,False,False,0,1200.0
2018,SP,REDE,1808,WELLINGTON NOGUEIRA SANTOS JUNIOR,False,False,False,False,False,False,False,False,False,False,False,False,0,
2018,SP,REDE,1810,CLÁUDIO ROBERTO DOS SANTOS,False,False,False,False,False,False,False,False,False,False,False,False,0,1200.0
2018,SP,REDE,1811,JOSÉ ROGÉRIO MOREIRA SANTANA,False,False,False,False,False,False,False,False,False,False,False,False,0,1200.0
2018,SP,REDE,1815,MARCIA CRISTINA DE OLIVEIRA,False,False,False,False,False,False,False,False,False,False,False,False,0,2350.0
2018,SP,REDE,1817,CRISTIANO RICARDO DOS SANTOS,False,False,False,False,False,False,False,False,False,False,False,False,0,1200.0
2018,SP,REDE,1818,KAYO FELYPE NACHTAJLER AMADO,False,False,True,False,False,False,False,False,False,True,False,False,0,150000.0
2018,SP,REDE,1819,JOSÉ GUSTAVO FAVARO BARBOSA SILVA,False,False,False,False,False,False,False,False,False,False,False,False,0,150000.0
2018,SP,REDE,1822,PATRICIA SILVA ZANELLA,False,False,False,False,False,False,False,False,False,False,False,False,0,1150.0
2018,SP,REDE,1823,LUIZ FERNANDO DE JESUS,False,False,False,False,False,False,False,False,False,False,False,False,0,
2018,SP,REDE,1828,JUAREZ PEREIRA DIAS,False,False,False,False,False,False,False,False,False,False,False,False,0,1200.0
2018,SP,REDE,1830,WAGNER DEOCLECIANO RIBEIRO,False,False,False,False,False,False,False,False,False,False,False,False,0,1200.0
2018,SP,REDE,1833,ISMAEL ANTONIO FREIRE,False,False,False,False,False,False,False,False,False,False,False,False,0,1200.0
2018,SP,REDE,1834,CÉLIA DO CARMO SILVA,False,False,False,False,False,False,False,False,False,False,False,False,0,
2018,SP,REDE,1838,CLAÚDIO DE JESUS PAES,False,False,False,False,False,False,False,False,False,False,False,False,0,1200.0
2018,SP,REDE,1844,RITA DE CÁSSIA MONTEIRO MARZULLO,False,False,False,False,False,False,False,False,False,False,False,False,0,1150.0
2018,SP,REDE,1851,ETTORI SOUZA MOREIRA,False,False,False,False,False,False,False,False,False,False,False,False,0,
2018,SP,REDE,1853,LUIZ TADEU CORREIA DA SILVA,False,False,False,False,False,False,False,False,False,False,False,False,0,1200.0
2018,SP,REDE,1855,LUCAS COSTA SANTOS,False,False,False,False,False,False,False,False,False,False,False,False,0,1200.0
2018,SP,REDE,1858,EDMAR LUZ DE ALMEIDA,False,False,False,False,False,False,False,False,False,False,False,False,0,1200.0
2018,SP,REDE,1870,JACQUELINE MOREIRA DOS SANTOS ALMEIDA,False,False,False,False,False,False,False,False,False,False,False,False,0,2350.0
2018,SP,REDE,1877,SARA JANE RONCOLATO ZANETTI,False,False,False,False,False,False,False,False,False,False,False,False,0,2350.0
2018,SP,REDE,1878,ROGÉRIO DIAS DE ANDRADE,False,False,False,False,False,False,False,False,False,False,False,False,0,
2018,SP,REDE,1881,JOÃO CARLOS NAVARRETE FILHO,False,False,False,False,False,False,False,False,False,False,False,False,0,1200.0
2018,SP,REDE,1888,ANTONIO D AGOSTINO,False,False,False,False,False,False,False,False,False,False,False,False,0,
2018,SP,REDE,1889,EVANDRO JOSÉ GRATON,False,False,False,False,False,False,False,False,False,False,False,False,0,1200.0
2018,SP,REDE,1898,MARIA EDUARDA CÚRIO ALCÂNTARA E SILVA,False,False,False,False,False,False,False,False,False,False,False,False,0,
2018,SP,REDE,1899,CARLOS ALBERTO DOS SANTOS,False,False,False,False,False,False,False,False,False,False,False,False,0,
2018,SP,SOLIDARIEDADE,7702,MAGNOVALDO PAULO DO NASCIMENTO,False,False,False,False,False,False,False,False,False,False,False,False,0,10283.67
2018,SP,SOLIDARIEDADE,7703,FERNANDO JOSÉ DE SOUZA,False,False,False,False,False,False,False,False,False,False,False,False,0,36470.17
2018,SP,SOLIDARIEDADE,7706,FERNANDO ANTONIO MARCELO,False,False,False,False,False,False,False,False,False,False,False,False,0,18715.670000000002
2018,SP,SOLIDARIEDADE,7707,IKAROS RICARDO BRAIMIS JUNIOR,False,False,False,False,False,False,False,False,False,False,False,False,0,15969.67
2018,SP,SOLIDARIEDADE,7708,VALDIR APARECIDO FUMIS,False,False,False,False,False,False,False,False,False,False,False,False,0,36897.67
2018,SP,SOLIDARIEDADE,7709,EDILMA MARIA DA SILVA,False,False,False,False,False,False,False,False,False,False,False,False,0,28296.670000000002
2018,SP,SOLIDARIEDADE,7710,MOISES SILVA SOUZA,False,False,False,False,False,False,False,False,False,False,False,False,0,48185.67
2018,SP,SOLIDARIEDADE,7711,EDSON SILVA SANTOS,False,False,False,False,False,False,False,False,False,False,False,False,0,10076.17
2018,SP,SOLIDARIEDADE,7712,FRANCISCO PEREIRA DE SOUSA,False,True,True,False,True,False,False,True,False,True,False,False,0,177519.85
2018,SP,SOLIDARIEDADE,7713,MANOEL DAMIÃO GOMES BARBOSA,False,False,False,False,False,False,False,False,False,False,False,False,0,10849.67
2018,SP,SOLIDARIEDADE,7714,MARCIONILIO CAMARGO DOS SANTOS,False,False,False,False,False,False,False,False,False,False,False,False,0,9891.17
2018,SP,SOLIDARIEDADE,7717,MARIA GORETE DA SILVA AQUINO,False,False,False,False,False,False,False,False,False,False,False,False,0,26739.670000000006
2018,SP,SOLIDARIEDADE,7718,CARLOS FERNANDO CAETANO DE MORAES,False,False,False,False,False,False,False,False,False,False,False,False,0,11233.17
2018,SP,SOLIDARIEDADE,7720,GILCE TEREZA CORREIA DOS SANTOS,False,False,False,False,False,False,False,False,False,False,False,False,0,26723.670000000002
2018,SP,SOLIDARIEDADE,7722,IVANILDO PEREIRA LOBO,False,False,False,False,False,False,False,False,False,False,False,False,0,69458.67
2018,SP,SOLIDARIEDADE,7725,BRIGIDA CAIRES DINARDI,False,False,False,False,False,False,False,False,False,False,False,False,0,38238.73
2018,SP,SOLIDARIEDADE,7727,SIMONE MIRANDA ALCÂNTARA LEITE,False,False,False,False,False,False,False,False,False,False,False,False,0,26384.0
2018,SP,SOLIDARIEDADE,7731,NELSON BENTO,False,False,False,False,False,False,False,False,False,False,False,False,0,8937.66
2018,SP,SOLIDARIEDADE,7733,EDIVALDO SILVA MEIRA,False,False,False,False,False,False,False,False,False,False,False,False,0,41899.17
2018,SP,SOLIDARIEDADE,7737,MARLI REGES FERREIRA,False,False,False,False,False,False,False,False,False,False,False,False,0,31589.660000000003
2018,SP,SOLIDARIEDADE,7738,LUCIMEIRE GONÇALVES PEREIRA,False,False,False,False,False,False,False,False,False,False,False,False,0,32977.67
2018,SP,SOLIDARIEDADE,7740,EDUARDO PEREIRA DE ABREU,False,False,False,False,False,False,False,False,False,False,False,False,0,40845.17
2018,SP,SOLIDARIEDADE,7744,ALLINY FERNANDA SARTORI PADALINO ROGÉRIO,False,False,False,False,False,False,False,False,False,False,False,False,0,320003.74
2018,SP,SOLIDARIEDADE,7745,TALMIR RODRIGUES,True,True,True,True,True,True,False,False,False,True,True,True,0,171580.76
2018,SP,SOLIDARIEDADE,7747,VALMIR JORGE PEREIRA,False,False,False,False,False,False,False,False,False,False,False,False,0,40669.17
2018,SP,SOLIDARIEDADE,7749,KARIUM DE ALMEIDA BRIZOLLA,False,False,False,False,False,False,False,False,False,False,False,False,0,9703.67
2018,SP,SOLIDARIEDADE,7750,ALEXANDRE AUGUSTO FERREIRA,False,False,False,False,False,False,False,False,False,False,False,False,0,213866.52000000002
2018,SP,SOLIDARIEDADE,7751,FERNANDO DOS SANTOS COELHO,False,False,False,False,False,False,False,False,False,False,False,False,0,11173.67
2018,SP,SOLIDARIEDADE,7755,EDITH FERREIRA DE SOUZA OLIVEIRA,False,False,False,False,False,False,False,False,False,False,False,False,0,29039.670000000002
2018,SP,SOLIDARIEDADE,7756,RODNEI OLIVEIRA DA SILVA,False,False,False,False,False,False,False,False,False,False,False,False,0,50252.66
2018,SP,SOLIDARIEDADE,7759,MICHELLE GONZAGA DO AMARAL SOUZA,False,False,False,False,False,False,False,False,False,False,False,False,0,27921.660000000003
2018,SP,SOLIDARIEDADE,7760,ANTONIO MARMO FOGAÇA,False,False,False,False,False,False,False,False,False,False,False,False,0,40762.67
2018,SP,SOLIDARIEDADE,7766,PAULO BENEDITO DOS SANTOS,False,False,False,False,False,False,False,False,False,False,False,False,0,10762.66
2018,SP,SOLIDARIEDADE,7770,MARCOS JULIANO FERREIRA,False,False,False,False,False,False,False,False,False,False,False,False,0,108755.17
2018,SP,SOLIDARIEDADE,7772,ANDREIA APARECIDA GOMES DE SOUSA FERNANDES,False,False,False,False,False,False,False,False,False,False,False,False,0,31589.670000000006
2018,SP,SOLIDARIEDADE,7777,PAULO PEREIRA DA SILVA,True,True,True,True,True,True,False,False,False,False,True,True,1,961890.27
2018,SP,SOLIDARIEDADE,7778,RONAN ALOISIO GOULART,False,False,False,False,False,False,False,False,False,False,False,False,0,10329.86
2018,SP,SOLIDARIEDADE,7780,REGINALDO DA CRUZ,False,False,False,False,False,False,False,False,False,False,False,False,0,10804.66
2018,SP,SOLIDARIEDADE,7781,CLAUDETE APARECIDA DO NASCIMENTO,False,False,False,False,False,False,False,False,False,False,False,False,0,37359.17
2018,SP,SOLIDARIEDADE,7783,RAYMARA GARRIDO GARCIA,False,False,False,False,False,False,False,False,False,False,False,False,0,40149.990000000005
2018,SP,SOLIDARIEDADE,7785,ROBERTO VITOR DA SILVA,False,False,False,False,False,False,False,False,False,False,False,False,0,14257.66
2018,SP,SOLIDARIEDADE,7787,CARLOS MANOEL AVILA SANTOS,False,False,True,False,False,False,False,False,False,True,False,False,0,15780.67
2018,SP,SOLIDARIEDADE,7789,EDNA FEDOSSI DE SOUZA GARCIA DA COSTA,False,False,False,False,False,False,False,False,False,False,False,False,0,366379.27999999997
2018,SP,SOLIDARIEDADE,7790,NANCI SANTANA MACHADO,False,False,False,False,False,False,False,False,False,False,False,False,0,28039.660000000003
2018,SP,SOLIDARIEDADE,7799,JOSÉ LUIZ RIBEIRO,True,True,True,True,False,True,False,False,False,False,True,True,0,372736.42000000004
2018,TO,AVANTE,7070,ALDISON WISEMAN BARROS DE LYRA,False,False,False,False,False,False,False,False,False,False,False,False,0,9972.0
2018,TO,DC,2700,EDUARDO GOMES MARTINS,False,False,False,False,False,False,False,False,False,False,False,False,0,
2018,TO,DC,2712,ISABEL BATISTA BELEM,False,False,False,False,False,False,False,False,False,False,False,False,0,
2018,TO,DC,2727,ADRIERLIS RIBEIRO DUARTE ,False,False,False,False,False,False,False,False,False,False,False,False,0,10000.0
2018,TO,DEM,2525,CARLOS HENRIQUE AMORIM,True,True,True,True,True,True,False,False,False,True,True,True,1,781912.0
2018,TO,DEM,2580,MARIA AUXILIADORA SEABRA REZENDE,True,True,True,True,True,True,False,False,False,False,True,True,1,1978658.0
2018,TO,MDB,1511,DULCE FERREIRA PAGANI MIRANDA,True,True,True,True,True,True,False,False,False,False,True,True,1,2360000.0
2018,TO,PATRI,5120,HILDA GOMES CAMPELO,False,False,False,False,False,False,False,False,False,False,False,False,0,8312.0
2018,TO,PC do B,6510,RANIELE ARAUJO DE CARVALHO,False,False,False,False,False,False,False,False,False,False,False,False,0,700.0
2018,TO,PC do B,6565,RAFAEL RIBEIRO DE FRANCA,False,False,False,False,False,False,False,False,False,False,False,False,0,
2018,TO,PDT,1234,JENALDO TAVEIRO SANTOS,False,False,False,False,False,False,False,False,False,False,False,False,0,7500.0
2018,TO,PHS,3100,EULERLENE ANGELIM GOMES,False,False,False,False,False,False,False,False,False,False,False,False,0,8312.0
2018,TO,PHS,3131,JOAO OLIVEIRA DE SOUSA,True,True,True,True,True,True,False,False,False,False,True,True,0,13252.0
2018,TO,PMB,3500,WILLIAMS DE ARAÚJO DA SILVA,False,False,False,False,False,False,False,False,False,False,False,False,0,
2018,TO,PMB,3535,MARCIO DA SILVA MENEZES,False,False,False,False,False,False,False,False,False,False,False,False,0,
2018,TO,PMN,3310,MARIANGELA DAL PONTE,False,False,False,False,False,False,False,False,False,False,False,False,0,
2018,TO,PMN,3333,NUIR MACHADO DE LIMA FILHO,False,False,False,False,False,False,False,False,False,False,False,False,0,150000.0
2018,TO,PODE,1919,ADIR CARDOSO GENTIL,True,True,True,True,False,True,False,False,False,False,True,True,0,
2018,TO,PP,1145,LAZARO BOTELHO MARTINS,True,True,True,True,True,True,False,False,False,False,True,True,0,1756302.35
2018,TO,PPL,5454,ABRAÃO CAVALCANTE LIMA,False,False,False,False,False,False,False,False,False,False,False,False,0,
2018,TO,PPL,5456,BENIZA MARIA LUZ COSTA,False,False,False,False,False,False,False,False,False,False,False,False,0,
2018,TO,PPS,2300,EMMANOEL MARLON PEREIRA,False,False,False,False,False,False,False,False,False,False,False,False,0,292032.03
2018,TO,PR,2221,DARLLEM TAVARES DE OLIVEIRA,False,False,False,False,False,False,False,False,False,False,False,False,0,20000.0
2018,TO,PR,2222,VICENTE ALVES DE OLIVEIRA JUNIOR,True,True,True,True,True,True,False,False,False,False,True,True,1,850000.0
2018,TO,PRB,1010,JOAO VICTOR MOREIRA DE FREITAS,False,False,False,False,False,False,False,False,False,False,False,False,0,58312.0
2018,TO,PRB,1031,JOYCE DE SOUZA LIMA MOREIRA,False,False,False,False,False,False,False,False,False,False,False,False,0,810480.49
2018,TO,PROS,9090,JOSINIANE BRAGA NUNES,True,True,True,True,True,True,False,False,False,True,True,True,0,901726.85
2018,TO,PRP,4417,HENRIQUE LAZARO LOPES CARDOSO,False,False,False,False,False,False,False,False,False,False,False,False,0,
2018,TO,PRP,4488,REGEIS GONZAGA DE OLIVEIRA,False,False,False,False,False,False,False,False,False,False,False,False,0,
2018,TO,PRTB,2800,ELIAS SOUSA ROCHA,False,False,False,False,False,False,False,False,False,False,False,False,0,500.0
2018,TO,PRTB,2810,EDVAN DE JESUS SILVA,False,False,False,False,False,False,False,False,False,False,False,False,0,500.0
2018,TO,PRTB,2815,MARIA DE FÁTIMA MELO ALBUQUERQUE CAMARANO,False,False,False,False,False,False,False,False,False,False,False,False,0,300.0
2018,TO,PRTB,2828,WÂNIA LUZIA SEVERO NETO VIDAL,False,False,False,False,False,False,False,False,False,False,False,False,0,
2018,TO,PRTB,2833,JOSÉ EUGÊNIO JUNQUEIRA DE ANDRADE,False,False,False,False,False,False,False,False,False,False,False,False,0,300.0
2018,TO,PRTB,2877,LUIZ ALBERTO COQUEIRO FILHO,False,False,False,False,False,False,False,False,False,False,False,False,0,500.0
2018,TO,PRTB,2882,ELAINE DOS SANTOS COSTA,False,False,False,False,False,False,False,False,False,False,False,False,0,300.0
2018,TO,PRTB,2888,ROBERTO CORREA RIBEIRO DE OLIVEIRA,False,False,False,False,False,False,False,False,False,False,False,False,0,
2018,TO,PRTB,2890,ITAMAR DANTE ZOCHI,False,False,False,False,False,False,False,False,False,False,False,False,0,
2018,TO,PRTB,2899,JULIO CEZAR FIDELIX DA CRUZ,False,False,False,False,False,False,False,False,False,False,False,False,0,500.0
2018,TO,PSB,4000,KALENE CRISTINA SANTOS CARDOSO,False,False,False,False,False,False,False,False,False,False,False,False,0,40000.0
2018,TO,PSB,4010,FELIPE ROCHA MARTINS,False,False,False,False,False,False,False,False,False,False,False,False,0,200000.0
2018,TO,PSB,4040,TIAGO DE PAULA ANDRINO,True,True,True,True,False,True,False,False,False,False,True,True,0,500000.0
2018,TO,PSC,2020,OSIRES RODRIGUES DAMASO,True,True,True,True,True,True,False,False,False,False,True,True,1,281824.73
2018,TO,PSD,5500,ROSIMEIRE PEQUENO DE AZEVEDO,False,False,False,False,False,False,False,False,False,False,False,False,0,
2018,TO,PSD,5510,DIOGO FERNANDES COSTA VALDEVINO,True,True,True,True,False,True,False,False,False,False,True,True,0,
2018,TO,PSDB,4500,LUCIANO DE CASTRO TEIXEIRA,True,False,False,True,False,False,True,False,False,False,True,False,0,52250.0
2018,TO,PSDB,4510,MARCOS ANTONIO FEITOZA DA COSTA,False,False,True,False,False,False,False,False,False,True,False,False,0,50000.0
2018,TO,PSDB,4511,EDUARDO MALHEIRO RIBEIRO FORTES,False,False,False,False,False,False,False,False,False,False,False,False,0,52250.0
2018,TO,PSDB,4545,MARTTHA DE AGUIAR FRANCO RAMOS,False,False,False,False,False,False,False,False,False,False,False,False,0,220891.44
2018,TO,PSDB,4555,RUBEN RITTER,False,False,False,False,False,False,False,False,False,False,False,False,0,2250.0
2018,TO,PSDB,4567,SÉRGIUS GLAUBER SIVERIS PRESTES,False,False,False,False,False,False,False,False,False,False,False,False,0,50000.0
2018,TO,PSL,1700,JAIR RODRIGUES DA COSTA,False,False,False,False,False,False,False,False,False,False,False,False,0,
2018,TO,PSL,1711,ELENILSON BEZERRA RODRIGUES,False,False,False,False,False,False,False,False,False,False,False,False,0,1000.0
2018,TO,PSL,1713,ANTONIO CARLOS VIEIRA DO NASCIMENTO,False,False,False,False,False,False,False,False,False,False,False,False,0,1000.0
2018,TO,PSL,1727,LAURA HELENA MEDRADO CARDOSO,False,False,False,False,False,False,False,False,False,False,False,False,0,1500.0
2018,TO,PSL,1731,ANTONIO CARLOS ALEXANDRE DA SILVA,False,False,False,False,False,False,False,False,False,False,False,False,0,1000.0
2018,TO,PSL,1733,ROGERIA FERNANDA SILVA SANTOS,False,False,False,False,False,False,False,False,False,False,False,False,0,1500.0
2018,TO,PSL,1744,DIÓGENES GONÇALVES ALBUQUERQUE FILHO,False,False,False,False,False,False,False,False,False,False,False,False,0,1000.0
2018,TO,PSL,1747,NILCE GAMA DE SOUZA,False,False,False,False,False,False,False,False,False,False,False,False,0,1500.0
2018,TO,PSL,1777,PATRICIA PEREIRA DE OLIVEIRA,False,False,False,False,False,False,False,False,False,False,False,False,0,1500.0
2018,TO,PSL,1789,AUGUSTO CESAR SILVA FREITAS,False,False,False,False,False,False,False,False,False,False,False,False,0,
2018,TO,PSOL,5010,ARLINDO MIGUEL DOS SANTOS,False,False,False,False,False,False,False,False,False,False,False,False,0,9891.380000000001
2018,TO,PSOL,5040,JOSÉ ADÃO TURIBIO RUFO,False,False,False,False,False,False,False,False,False,False,False,False,0,8537.1
2018,TO,PSOL,5050,MONALISA FARIAS DOS SANTOS,False,False,False,False,False,False,False,False,False,False,False,False,0,9537.1
2018,TO,PSOL,5055,MARIA LUCIA SOARES VIANA,False,False,False,False,False,False,False,False,False,False,False,False,0,10891.400000000001
2018,TO,PT,1303,CELIO ALVES DE MOURA,False,False,True,False,False,False,False,False,False,True,False,False,1,376150.0
2018,TO,PT,1310,ADÃO FRANCISCO DE OLIVEIRA,False,False,False,False,False,False,False,False,False,False,False,False,0,20450.0
2018,TO,PT,1314,MARIA VANIR ILIDIO,False,False,False,False,False,False,False,False,False,False,False,False,0,70882.78
2018,TO,PT,1322,RONALDO COSTA SOUSA,False,False,False,False,False,False,False,False,False,False,False,False,0,20450.0
2018,TO,PT,1330,JOÃO HELDER VILELA,False,False,False,False,False,False,False,False,False,False,False,False,0,20450.0
2018,TO,PT,1333,JOSE ARIMATEIA DE MACEDO,False,False,False,False,False,False,False,False,False,False,False,False,0,15000.0
2018,TO,PT,1344,JOSE JULIO FERNANDES,False,False,False,False,False,False,False,False,False,False,False,False,0,20450.0
2018,TO,PT,1355,CICERA SOARES,False,False,False,False,False,False,False,False,False,False,False,False,0,25450.0
2018,TO,PTC,3663,ORLANDO DOS REIS SILVA,False,False,False,False,False,False,False,False,False,False,False,False,0,
2018,TO,PV,4300,POLEANY GOMES DO NASCIMENTO,False,False,False,False,False,False,False,False,False,False,False,False,0,
2018,TO,PV,4321,ANTONIO BANDEIRA COSTA MARTINS,False,False,False,False,False,False,False,False,False,False,False,False,0,40000.0
2018,TO,PV,4343,GEFERSON OLIVEIRA BARROS FILHO,False,False,False,False,False,False,False,False,False,False,False,False,0,65000.0
2018,TO,REDE,1818,ANTÔNIO QUEOPS VASCONCELOS MIRANDA,False,False,False,False,False,False,False,False,False,False,False,False,0,
2018,TO,SOLIDARIEDADE,7700,ELI DIAS BORGES,True,True,True,True,True,True,False,False,False,False,True,True,1,887252.0
2018,TO,SOLIDARIEDADE,7788,TIAGO BRAGA PEREIRA,False,False,False,False,False,False,False,False,False,False,False,False,1,716848.0
