ano,uf,partido,C,recebedores,R_l,NECr,k,soma_w,E,H_eleitos,esperado_eleitos,G_comp,H_comp,empate_fronteira,q,n_no_bloco,E_maior_k,k_igual_C,k_maior_recebedores
2018,AC,AVANTE,9,6,25700.050000000003,5.78668077786618,6,6.0,0,0.0,0.0,0,0.0,False,2444.4,1,False,False,False
2018,AC,DC,3,3,40800.0,2.6312594840667685,3,3.0,0,0.0,0.0,0,0.0,True,10000.0,2,False,True,False
2018,AC,DEM,1,1,825300.0,1.0,1,1.0,1,1.0,1.0,1,1.0,False,825300.0,1,False,True,False
2018,AC,MDB,3,3,3657900.0,2.0355604948463846,2,2.0,2,2.0,1.3333333333333333,2,2.0,False,1603200.0,1,False,False,False
2018,AC,PATRI,1,0,0.0,,0,0.0,0,0.0,0.0,0,0.0,False,,0,False,False,False
2018,AC,PC DO B,1,1,899232.95,1.0,1,1.0,1,1.0,1.0,1,1.0,False,899232.95,1,False,True,False
2018,AC,PDT,16,14,250471.77,6.764354286202949,7,7.0,1,1.0,0.4375,4,2.0,False,9216.03,1,False,False,False
2018,AC,PHS,2,2,26974.270000000004,1.6451850694018162,2,2.0,0,0.0,0.0,0,0.0,False,7223.6900000000005,1,False,True,False
2018,AC,PMB,1,1,30000.0,1.0,1,1.0,0,0.0,0.0,0,0.0,False,30000.0,1,False,True,False
2018,AC,PMN,1,1,150000.0,1.0,1,1.0,0,0.0,0.0,0,0.0,False,150000.0,1,False,True,False
2018,AC,PODE,2,1,100000.0,1.0,1,1.0,0,0.0,0.0,0,0.0,False,100000.0,1,False,False,False
2018,AC,PP,3,3,1322040.0,2.066556611607563,2,2.0,0,0.0,0.0,1,1.0,False,400000.0,1,False,False,False
2018,AC,PPL,1,1,4637.5,1.0,1,1.0,0,0.0,0.0,1,1.0,False,4637.5,1,False,True,False
2018,AC,PPS,1,1,498048.04,1.0,1,1.0,0,0.0,0.0,0,0.0,False,498048.04,1,False,True,False
2018,AC,PR,1,1,1500000.0,1.0,1,1.0,0,0.0,0.0,1,1.0,False,1500000.0,1,False,True,False
2018,AC,PROS,2,1,316985.0,1.0,1,1.0,0,0.0,0.0,1,1.0,False,316985.0,1,False,False,False
2018,AC,PRP,3,3,61883.04,2.248453185959963,2,2.0,0,0.0,0.0,1,1.0,False,20891.52,1,False,False,False
2018,AC,PRTB,2,1,13715.0,1.0,1,1.0,0,0.0,0.0,0,0.0,False,13715.0,1,False,False,False
2018,AC,PSB,1,1,1300000.0,1.0,1,1.0,0,0.0,0.0,1,1.0,False,1300000.0,1,False,True,False
2018,AC,PSC,1,1,70000.0,1.0,1,1.0,0,0.0,0.0,1,1.0,False,70000.0,1,False,True,False
2018,AC,PSD,1,1,824450.0,1.0,1,1.0,0,0.0,0.0,0,0.0,False,824450.0,1,False,True,False
2018,AC,PSDB,1,1,1629365.55,1.0,1,1.0,1,1.0,1.0,0,0.0,False,1629365.55,1,False,True,False
2018,AC,PSL,8,5,261.04,4.71203274162421,5,5.0,0,0.0,0.0,3,1.0,False,26.4,1,False,False,False
2018,AC,PSOL,4,4,300066.64,3.4898209751924303,3,3.0,0,0.0,0.0,1,1.0,False,58266.66,1,False,False,False
2018,AC,PT,5,5,2778000.0,3.169675084321672,3,3.0,1,1.0,0.6,3,3.0,True,900000.0,3,False,False,False
2018,AC,PTB,1,1,449599.75,1.0,1,1.0,0,0.0,0.0,0,0.0,False,449599.75,1,False,True,False
2018,AC,PTC,1,1,570000.0,1.0,1,1.0,0,0.0,0.0,0,0.0,False,570000.0,1,False,True,False
2018,AC,PV,2,2,334343.2,1.3543842214897526,1,1.0,0,0.0,0.0,1,1.0,False,282590.95,1,False,False,False
2018,AC,REDE,2,2,190800.0,1.0084209033413256,1,1.0,0,0.0,0.0,0,0.0,False,190000.0,1,False,False,False
2018,AC,SOLIDARIEDADE,1,1,1450000.0,1.0,1,1.0,1,1.0,1.0,1,1.0,False,1450000.0,1,False,True,False
2018,AL,AVANTE,1,1,319000.0,1.0,1,1.0,0,0.0,0.0,1,1.0,False,319000.0,1,False,True,False
2018,AL,DC,2,2,77320.0,1.888136370690797,2,2.0,0,0.0,0.0,0,0.0,False,29250.0,1,False,True,False
2018,AL,DEM,2,0,0.0,,0,0.0,0,0.0,0.0,0,0.0,False,,0,False,False,False
2018,AL,MDB,3,2,100000.0,2.0,2,2.0,1,0.0,0.6666666666666666,1,0.0,True,50000.0,2,False,False,False
2018,AL,NOVO,3,3,5797.48,2.186741048522975,2,2.0,0,0.0,0.0,0,0.0,True,1099.1599999999999,2,False,False,False
2018,AL,PATRI,3,0,0.0,,0,0.0,0,0.0,0.0,0,0.0,False,,0,False,False,False
2018,AL,PC DO B,4,4,64639.399999999994,2.345359374817703,2,2.0,0,0.0,0.0,0,0.0,False,18966.0,1,False,False,False
2018,AL,PDT,2,2,650000.0,1.1655172413793102,1,1.0,0,0.0,0.0,1,1.0,False,600000.0,1,False,False,False
2018,AL,PHS,6,5,42249.69,3.990950190900328,4,4.0,0,0.0,0.0,0,0.0,False,5240.3,1,False,False,False
2018,AL,PMN,1,1,900000.0,1.0,1,1.0,0,0.0,0.0,0,0.0,False,900000.0,1,False,True,False
2018,AL,PODE,1,0,0.0,,0,0.0,0,0.0,0.0,0,0.0,False,,0,False,False,False
2018,AL,PP,5,4,2777758.0,2.236587246002682,2,2.0,1,1.0,0.4,1,1.0,False,750000.0,1,False,False,False
2018,AL,PPL,2,2,1340.0,2.0,2,2.0,0,0.0,0.0,0,0.0,True,670.0,2,False,True,False
2018,AL,PPS,1,1,654173.8500000001,1.0,1,1.0,0,0.0,0.0,1,1.0,False,654173.8500000001,1,False,True,False
2018,AL,PR,1,1,1255557.26,1.0,1,1.0,1,1.0,1.0,1,1.0,False,1255557.26,1,False,True,False
2018,AL,PRB,1,1,842225.39,1.0,1,1.0,1,1.0,1.0,1,1.0,False,842225.39,1,False,True,False
2018,AL,PROS,1,0,0.0,,0,0.0,0,0.0,0.0,0,0.0,False,,0,False,False,False
2018,AL,PRTB,2,2,200000.0,1.0512483574244416,1,1.0,0,0.0,0.0,1,0.0,False,195000.0,1,False,False,False
2018,AL,PSB,2,2,1313000.0,1.0076451482241104,1,1.0,1,1.0,0.5,1,1.0,False,1308000.0,1,False,False,False
2018,AL,PSC,2,2,500000.0,1.923076923076923,2,2.0,0,0.0,0.0,0,0.0,False,200000.0,1,False,True,False
2018,AL,PSD,2,2,1499800.0,1.7242330643047397,2,2.0,1,1.0,1.0,0,0.0,False,450000.0,1,False,True,False
2018,AL,PSDB,3,3,2055252.42,1.9715360675508928,2,2.0,1,1.0,0.6666666666666666,1,1.0,False,666867.0,1,False,False,False
2018,AL,PSL,10,0,0.0,,0,0.0,0,0.0,0.0,1,0.0,False,,0,False,False,False
2018,AL,PSOL,2,2,16263.22,1.1217037725373162,1,1.0,0,0.0,0.0,0,0.0,False,15327.06,1,False,False,False
2018,AL,PSTU,1,0,0.0,,0,0.0,0,0.0,0.0,0,0.0,False,,0,False,False,False
2018,AL,PT,1,1,1000000.0,1.0,1,1.0,1,1.0,1.0,1,1.0,False,1000000.0,1,False,True,False
2018,AL,PTB,2,2,1709057.38,1.64720372963403,2,2.0,1,1.0,1.0,1,1.0,False,459057.38,1,False,True,False
2018,AL,PTC,2,1,300000.0,1.0,1,1.0,0,0.0,0.0,1,0.0,False,300000.0,1,False,False,False
2018,AL,PV,2,2,232742.2,1.1741254662585308,1,1.0,0,0.0,0.0,0,0.0,False,213970.0,1,False,False,False
2018,AL,REDE,1,1,725000.0,1.0,1,1.0,0,0.0,0.0,1,1.0,False,725000.0,1,False,True,False
2018,AL,SOLIDARIEDADE,1,0,0.0,,0,0.0,0,0.0,0.0,1,0.0,False,,0,False,False,False
2018,AM,AVANTE,4,3,34503.2,2.080793194812673,2,2.0,0,0.0,0.0,0,0.0,False,15280.4,1,False,False,False
2018,AM,DC,6,6,75644.0,2.941752245328261,3,3.0,0,0.0,0.0,0,0.0,False,5128.0,1,False,False,False
2018,AM,DEM,2,2,1078000.0,1.1699531045814147,1,1.0,0,0.0,0.0,1,1.0,False,993000.0,1,False,False,False
2018,AM,MDB,7,7,1893631.8,1.1396138993782439,1,1.0,0,0.0,0.0,0,0.0,False,1773090.0,1,False,False,False
2018,AM,PATRI,5,4,280.1,3.99999847048105,4,4.0,0,0.0,0.0,0,0.0,True,70.0,3,False,False,False
2018,AM,PC DO B,8,8,189848.58000000002,3.5332467654320556,4,4.0,0,0.0,0.0,0,0.0,True,11081.779999999999,2,False,False,False
2018,AM,PDT,3,2,35000.0,1.6896551724137931,2,2.0,0,0.0,0.0,0,0.0,False,10000.0,1,False,False,False
2018,AM,PHS,2,2,96485.0,1.970845925493191,2,2.0,0,0.0,0.0,1,1.0,False,42375.0,1,False,True,False
2018,AM,PMB,9,2,3100.0,1.7763401109057304,2,2.0,0,0.0,0.0,0,0.0,False,1000.0,1,False,False,False
2018,AM,PMN,7,3,120000.0,2.6666666666666665,3,3.0,0,0.0,0.0,0,0.0,False,20000.0,1,False,False,False
2018,AM,PODE,5,4,19600.0,2.508554264072091,3,3.0,0,0.0,0.0,1,1.0,False,2000.0,1,False,False,False
2018,AM,PP,2,1,1897386.0,1.0,1,1.0,1,1.0,0.5,1,1.0,False,1897386.0,1,False,False,False
2018,AM,PPL,5,0,0.0,,0,0.0,0,0.0,0.0,0,0.0,False,,0,False,False,False
2018,AM,PPS,2,1,116816.01000000001,1.0,1,1.0,0,0.0,0.0,0,0.0,False,116816.01000000001,1,False,False,False
2018,AM,PR,3,3,1989000.0,1.805850118111584,2,2.0,1,1.0,0.6666666666666666,1,1.0,False,336000.0,1,False,False,False
2018,AM,PRB,2,2,2308380.0,1.8278675684518502,2,2.0,2,2.0,2.0,1,1.0,False,800000.0,1,False,True,False
2018,AM,PROS,2,2,717250.0,1.7199021732259607,2,2.0,0,0.0,0.0,1,1.0,False,213900.0,1,False,True,False
2018,AM,PRP,4,1,2000.0,1.0,1,1.0,0,0.0,0.0,0,0.0,False,2000.0,1,False,False,False
2018,AM,PRTB,3,0,0.0,,0,0.0,0,0.0,0.0,0,0.0,False,,0,False,False,False
2018,AM,PSB,2,2,775000.0,1.7763401109057304,2,2.0,0,0.0,0.0,1,1.0,False,250000.0,1,False,True,False
2018,AM,PSC,4,1,100000.0,1.0,1,1.0,0,0.0,0.0,1,1.0,False,100000.0,1,False,False,False
2018,AM,PSD,4,3,2520000.0,3.0,3,3.0,1,1.0,0.75,2,2.0,True,840000.0,3,False,False,False
2018,AM,PSDB,1,1,2129609.6,1.0,1,1.0,0,0.0,0.0,1,1.0,False,2129609.6,1,False,True,False
2018,AM,PSL,1,1,5294.0,1.0,1,1.0,1,1.0,1.0,0,0.0,False,5294.0,1,False,True,False
2018,AM,PSOL,13,12,21316.379999999997,6.192903925737836,6,5.999999999999999,0,0.0,0.0,0,0.0,True,783.24,9,False,False,False
2018,AM,PSTU,1,0,0.0,,0,0.0,0,0.0,0.0,0,0.0,False,,0,False,False,False
2018,AM,PT,4,4,910825.1799999999,2.460059917850748,2,2.0,1,1.0,0.5,1,1.0,False,403846.66,1,False,False,False
2018,AM,PTB,1,1,1479306.6,1.0,1,1.0,0,0.0,0.0,1,1.0,False,1479306.6,1,False,True,False
2018,AM,PTC,4,3,3529.3500000000004,3.0,3,3.0,0,0.0,0.0,0,0.0,True,1176.45,3,False,False,False
2018,AM,PV,2,1,403955.54000000004,1.0,1,1.0,0,0.0,0.0,1,1.0,False,403955.54000000004,1,False,False,False
2018,AM,REDE,7,2,2092.0,2.0,2,2.0,0,0.0,0.0,0,0.0,True,1046.0,2,False,False,False
2018,AM,SOLIDARIEDADE,1,1,280000.0,1.0,1,1.0,1,1.0,1.0,1,1.0,False,280000.0,1,False,True,False
2018,AP,AVANTE,2,2,418539.23,1.9999756378257172,2,2.0,1,1.0,1.0,1,1.0,False,208539.23,1,False,True,False
2018,AP,DC,1,1,30022.82,1.0,1,1.0,0,0.0,0.0,0,0.0,False,30022.82,1,False,True,False
2018,AP,DEM,4,4,750000.0,3.4615384615384612,3,3.0,0,0.0,0.0,2,2.0,False,150000.0,1,False,False,False
2018,AP,MDB,4,3,1686845.0,1.247250938214065,1,1.0,0,0.0,0.0,1,1.0,False,1500000.0,1,False,False,False
2018,AP,PC DO B,1,1,896500.0,1.0,1,1.0,1,1.0,1.0,1,1.0,False,896500.0,1,False,True,False
2018,AP,PDT,7,7,176028.0,1.3330899049837688,1,1.0,0,0.0,0.0,1,0.0,False,151908.0,1,False,False,False
2018,AP,PHS,6,6,520000.0,4.261623325453113,4,4.0,0,0.0,0.0,0,0.0,False,70000.0,1,False,False,False
2018,AP,PMN,3,3,8150.0,2.8652000431359865,3,3.0,0,0.0,0.0,0,0.0,True,2300.0,2,False,True,False
2018,AP,PODE,1,1,1050000.0,1.0,1,1.0,0,0.0,0.0,1,1.0,False,1050000.0,1,False,True,False
2018,AP,PP,1,1,1634541.0,1.0,1,1.0,1,1.0,1.0,1,1.0,False,1634541.0,1,False,True,False
2018,AP,PPL,3,3,5870.0,2.9982597043237647,3,3.0,0,0.0,0.0,0,0.0,False,1890.0,1,False,True,False
2018,AP,PR,7,7,3065000.0,2.811484792937039,3,3.0,1,1.0,0.42857142857142855,4,3.0,False,500000.0,1,False,False,False
2018,AP,PRB,1,1,1952976.22,1.0,1,1.0,1,1.0,1.0,0,0.0,False,1952976.22,1,False,True,False
2018,AP,PROS,2,2,776466.3,1.1549621066159304,1,1.0,1,1.0,0.5,0,0.0,False,720316.3,1,False,False,False
2018,AP,PRP,2,2,270803.44,1.0059513547092773,1,1.0,0,0.0,0.0,1,1.0,False,270000.0,1,False,False,False
2018,AP,PSB,8,6,752500.0,1.9342573259721352,2,2.0,1,1.0,0.25,1,1.0,False,200500.0,1,False,False,False
2018,AP,PSC,2,2,320000.0,1.1327433628318584,1,1.0,0,0.0,0.0,1,1.0,False,300000.0,1,False,False,False
2018,AP,PSD,3,2,739000.0,1.998678821992307,2,2.0,0,0.0,0.0,1,1.0,False,360000.0,1,False,False,False
2018,AP,PSDB,2,2,832050.0,1.017578661196208,1,1.0,1,1.0,0.5,1,1.0,False,824800.0,1,False,False,False
2018,AP,PSL,1,1,35000.0,1.0,1,1.0,0,0.0,0.0,0,0.0,False,35000.0,1,False,True,False
2018,AP,PSOL,6,6,201719.65,5.666633248948553,6,6.0,0,0.0,0.0,0,0.0,False,27438.339999999997,1,False,True,False
2018,AP,PSTU,2,0,0.0,,0,0.0,0,0.0,0.0,0,0.0,False,,0,False,False,False
2018,AP,PTB,7,7,431018.8,6.347433994537348,6,6.0,0,0.0,0.0,1,1.0,True,50000.0,5,False,False,False
2018,AP,PTC,5,1,80000.0,1.0,1,1.0,0,0.0,0.0,0,0.0,False,80000.0,1,False,False,False
2018,AP,PV,6,6,72335.17,5.242591829815275,5,5.0,0,0.0,0.0,0,0.0,True,8955.32,2,False,False,False
2018,AP,REDE,7,7,103530.0,1.2739766676892037,1,1.0,0,0.0,0.0,1,1.0,False,91590.0,1,False,False,False
2018,AP,SOLIDARIEDADE,3,1,450000.0,1.0,1,1.0,0,0.0,0.0,0,0.0,False,450000.0,1,False,False,False
2018,BA,AVANTE,14,10,1027600.0,2.8827511191501722,3,3.0,2,2.0,0.42857142857142855,2,1.0,False,51060.0,1,False,False,False
2018,BA,DC,15,13,350000.0,4.297793214749325,4,4.0,0,0.0,0.0,1,0.25,True,8000.0,4,False,False,False
2018,BA,DEM,38,21,5892500.0,8.389786520975568,8,8.0,4,4.0,0.8421052631578947,9,6.0,False,260250.0,1,False,False,False
2018,BA,MDB,36,29,2980019.1,3.6430974001337475,4,4.0,0,0.0,0.0,4,3.0,False,120000.0,1,False,False,False
2018,BA,NOVO,8,8,32623.28,7.119629239106072,7,7.0,0,0.0,0.0,0,0.0,False,2679.16,1,False,False,False
2018,BA,PATRI,39,35,233950.7099999999,2.378630717309037,2,2.0,0,0.0,0.0,2,1.0,False,8443.11,1,False,False,False
2018,BA,PC DO B,2,2,2810335.87,1.9981052949138038,2,2.0,2,2.0,2.0,2,2.0,False,1361897.64,1,False,True,False
2018,BA,PCO,2,2,3700.0,1.863852961198094,2,2.0,0,0.0,0.0,0,0.0,False,1350.0,1,False,True,False
2018,BA,PDT,36,26,1258245.52,2.3925328926865492,2,2.0,2,1.0,0.1111111111111111,4,2.0,False,80250.0,1,False,False,False
2018,BA,PHS,25,15,389985.86,4.188721392204549,4,4.0,2,1.0,0.32,5,1.0,False,34500.0,1,False,False,False
2018,BA,PMB,1,1,385000.0,1.0,1,1.0,0,0.0,0.0,1,1.0,False,385000.0,1,False,True,False
2018,BA,PMN,8,7,209000.0,2.3134897516021398,2,2.0,0,0.0,0.0,0,0.0,False,94000.0,1,False,False,False
2018,BA,PODE,4,2,865000.0,1.0594711317214769,1,1.0,1,1.0,0.25,1,1.0,False,840000.0,1,False,False,False
2018,BA,PP,8,7,8470822.0,5.129202314512814,5,5.0,4,4.0,2.5,5,5.0,False,1232040.0,1,False,False,False
2018,BA,PPL,9,2,114000.0,1.3180527383367138,1,1.0,1,1.0,0.1111111111111111,0,0.0,False,98000.0,1,False,False,False
2018,BA,PPS,1,1,436587.88,1.0,1,1.0,0,0.0,0.0,1,1.0,False,436587.88,1,False,True,False
2018,BA,PR,3,3,4780000.0,2.905294745943747,3,3.0,2,2.0,2.0,3,3.0,False,1380000.0,1,False,True,False
2018,BA,PRB,4,4,4602549.8100000005,3.2478317021931464,3,3.0,2,2.0,1.5,2,2.0,False,1000159.0,1,False,False,False
2018,BA,PROS,12,1,256140.0,1.0,1,1.0,0,0.0,0.0,0,0.0,False,256140.0,1,False,False,False
2018,BA,PRP,11,7,215000.0,1.1544993631209572,1,1.0,1,0.0,0.09090909090909091,0,0.0,False,200000.0,1,False,False,False
2018,BA,PRTB,9,3,84712.0,2.0059389804084793,2,2.0,0,0.0,0.0,1,1.0,False,20700.0,1,False,False,False
2018,BA,PSB,6,5,2116439.11,1.7743102674703857,2,2.0,2,2.0,0.6666666666666666,2,2.0,False,400000.0,1,False,False,False
2018,BA,PSC,9,9,579941.9600000001,1.5454995927587454,2,2.0,0,0.0,0.0,0,0.0,False,26970.97,1,False,False,False
2018,BA,PSD,10,10,6709773.05,8.70164949571133,9,9.0,5,5.0,4.5,5,5.0,True,200000.0,2,False,False,False
2018,BA,PSDB,8,7,3375182.21,3.1305183360689806,3,3.0,1,1.0,0.375,2,2.0,False,302250.0,1,False,False,False
2018,BA,PSL,4,2,484200.0,1.0033098792260402,1,1.0,1,1.0,0.25,0,0.0,False,483400.0,1,False,False,False
2018,BA,PSOL,50,30,214614.28000000003,12.39578519224496,12,12.0,0,0.0,0.0,0,0.0,False,3500.0,1,False,False,False
2018,BA,PT,12,12,6952204.0,8.874872316893537,9,9.0,7,7.0,5.25,9,9.0,True,471000.0,2,False,False,False
2018,BA,PTB,3,3,2768728.64,1.2680424062845825,1,1.0,0,0.0,0.0,2,1.0,False,2446652.75,1,False,False,False
2018,BA,PTC,22,11,295833.28,1.965572843172548,2,2.0,0,0.0,0.0,2,1.0,False,60000.0,1,False,False,False
2018,BA,PV,12,11,1226253.88,4.174670062981458,4,4.0,0,0.0,0.0,2,2.0,False,100000.0,1,False,False,False
2018,BA,REDE,20,19,138636.44999999998,2.329581723134746,2,2.0,0,0.0,0.0,0,0.0,False,5443.11,1,False,False,False
2018,BA,SOLIDARIEDADE,6,4,1628000.0,1.0679306985188939,1,1.0,0,0.0,0.0,0,0.0,False,1575000.0,1,False,False,False
2018,CE,AVANTE,6,2,1162500.0,1.057474580996024,1,1.0,0,0.0,0.0,1,1.0,False,1130000.0,1,False,False,False
2018,CE,DC,7,7,34392.85,5.529086523414407,6,6.0,0,0.0,0.0,0,0.0,False,3000.0,1,False,False,False
2018,CE,DEM,6,3,1010000.0,1.1512894306190395,1,1.0,0,0.0,0.0,1,1.0,False,940000.0,1,False,False,False
2018,CE,MDB,6,5,3458871.4399999995,3.340938300995489,3,3.0,1,1.0,0.5,1,1.0,False,702742.86,1,False,False,False
2018,CE,NOVO,6,5,8596.34,4.289309328097348,4,4.0,0,0.0,0.0,0,0.0,True,1148.87,2,False,False,False
2018,CE,PATRI,19,18,124704.34999999999,8.856005948272141,9,9.0,1,0.0,0.47368421052631576,0,0.0,False,5005.0,1,False,False,False
2018,CE,PC DO B,3,3,2110480.51,1.986100507323122,2,2.0,0,0.0,0.0,2,2.0,False,832400.0,1,False,False,False
2018,CE,PDT,14,6,1790000.0,3.1378905102340617,3,3.0,6,2.0,1.2857142857142858,6,3.0,True,500000.0,2,True,False,False
2018,CE,PHS,5,4,47379.5,2.456857360657282,2,2.0,0,0.0,0.0,0,0.0,False,12500.0,1,False,False,False
2018,CE,PMN,3,2,620000.0,1.1740989615149666,1,1.0,0,0.0,0.0,0,0.0,False,570000.0,1,False,False,False
2018,CE,PODE,3,1,700000.0,1.0,1,1.0,0,0.0,0.0,1,1.0,False,700000.0,1,False,False,False
2018,CE,PP,3,3,3416037.5,1.8673689498124657,2,2.0,1,1.0,0.6666666666666666,0,0.0,False,968077.5,1,False,False,False
2018,CE,PPL,2,0,0.0,,0,0.0,0,0.0,0.0,0,0.0,False,,0,False,False,False
2018,CE,PPS,5,5,654064.05,1.247117644876788,1,1.0,0,0.0,0.0,1,1.0,False,584064.05,1,False,False,False
2018,CE,PR,4,4,4126666.67,1.9686320127447727,2,2.0,1,1.0,0.5,2,2.0,False,1700000.0,1,False,False,False
2018,CE,PRB,1,1,1119020.0,1.0,1,1.0,0,0.0,0.0,1,1.0,False,1119020.0,1,False,True,False
2018,CE,PROS,30,30,2295818.7199999997,5.719352282766164,6,6.0,2,2.0,0.4,5,2.0,False,109500.0,1,False,False,False
2018,CE,PRP,1,1,215.0,1.0,1,1.0,0,0.0,0.0,0,0.0,False,215.0,1,False,True,False
2018,CE,PRTB,5,5,49976.25,3.569244637695571,4,4.0,0,0.0,0.0,1,1.0,True,5000.0,2,False,False,False
2018,CE,PSB,3,3,1810000.0,1.7593577144084633,2,2.0,1,1.0,0.6666666666666666,1,1.0,False,400000.0,1,False,False,False
2018,CE,PSC,1,1,1272500.0,1.0,1,1.0,0,0.0,0.0,0,0.0,False,1272500.0,1,False,True,False
2018,CE,PSD,5,4,1464939.8,1.9756965538472115,2,2.0,1,1.0,0.4,2,2.0,False,550000.0,1,False,False,False
2018,CE,PSDB,13,11,3380620.35,3.9441375771508183,4,4.0,1,1.0,0.3076923076923077,4,3.0,False,290120.35,1,False,False,False
2018,CE,PSL,21,1,50000.0,1.0,1,1.0,1,1.0,0.047619047619047616,0,0.0,False,50000.0,1,False,False,False
2018,CE,PSOL,23,23,241072.21000000005,5.846991011512567,6,6.0,0,0.0,0.0,0,0.0,True,11895.66,3,False,False,False
2018,CE,PSTU,1,0,0.0,,0,0.0,0,0.0,0.0,0,0.0,False,,0,False,False,False
2018,CE,PT,12,12,3944432.5999999996,4.569792451040216,5,5.0,3,3.0,1.25,4,4.0,False,90743.4,1,False,False,False
2018,CE,PTB,2,2,295000.0,1.653681710213777,2,2.0,1,1.0,1.0,0,0.0,False,80000.0,1,False,True,False
2018,CE,PV,2,2,679688.01,1.031676969497813,1,1.0,1,1.0,0.5,0,0.0,False,669088.01,1,False,False,False
2018,CE,REDE,15,14,23440.0,13.465453689906678,13,13.0,0,0.0,0.0,0,0.0,True,1480.0,9,False,False,False
2018,CE,SOLIDARIEDADE,2,2,890000.0,1.5347800813795778,2,2.0,1,1.0,1.0,2,2.0,False,200000.0,1,False,True,False
2018,DF,AVANTE,8,8,126989.17000000001,6.720373540372146,7,7.0,0,0.0,0.0,0,0.0,False,9312.79,1,False,False,False
2018,DF,DC,10,10,27961.5,9.929373971578451,10,10.0,0,0.0,0.0,0,0.0,False,2580.0,1,False,True,False
2018,DF,DEM,3,1,855000.0,1.0,1,1.0,1,0.0,0.3333333333333333,0,0.0,False,855000.0,1,False,False,False
2018,DF,MDB,3,3,2578885.08,1.3637565986407543,1,1.0,0,0.0,0.0,2,1.0,False,2184411.18,1,False,False,False
2018,DF,NOVO,6,6,9404.96,4.473596548192738,4,4.0,0,0.0,0.0,0,0.0,True,1099.1599999999999,4,False,False,False
2018,DF,PATRI,1,1,40000.0,1.0,1,1.0,0,0.0,0.0,1,1.0,False,40000.0,1,False,True,False
2018,DF,PC DO B,2,2,74760.0,1.1732012610744522,1,1.0,0,0.0,0.0,0,0.0,False,68760.0,1,False,False,False
2018,DF,PCB,1,1,10101.11,1.0,1,1.0,0,0.0,0.0,0,0.0,False,10101.11,1,False,True,False
2018,DF,PDT,4,3,25700.0,2.338100463733229,2,2.0,0,0.0,0.0,0,0.0,False,5700.0,1,False,False,False
2018,DF,PHS,3,3,297721.36,2.2889827408019205,2,2.0,0,0.0,0.0,1,1.0,False,120000.0,1,False,False,False
2018,DF,PMB,1,1,27000.0,1.0,1,1.0,0,0.0,0.0,0,0.0,False,27000.0,1,False,True,False
2018,DF,PMN,5,1,150000.0,1.0,1,1.0,0,0.0,0.0,1,1.0,False,150000.0,1,False,False,False
2018,DF,PODE,1,1,750553.6,1.0,1,1.0,0,0.0,0.0,1,1.0,False,750553.6,1,False,True,False
2018,DF,PP,2,2,3318490.0,1.8282762174659832,2,2.0,1,1.0,1.0,2,2.0,False,1150728.75,1,False,True,False
2018,DF,PPL,13,10,115814.73,6.050131102092195,6,6.0,0,0.0,0.0,0,0.0,False,5824.7,1,False,False,False
2018,DF,PPS,4,4,133040.0,1.6959479705588199,2,2.0,1,1.0,0.5,0,0.0,False,17140.0,1,False,False,False
2018,DF,PR,5,5,4885150.0,2.2014613098550235,2,2.0,1,1.0,0.4,1,1.0,False,2244900.0,1,False,False,False
2018,DF,PRB,3,3,930951.7199999999,1.1823617364982388,1,1.0,1,1.0,0.3333333333333333,1,1.0,False,853819.19,1,False,False,False
2018,DF,PROS,7,7,3422291.4800000004,3.452996120917203,3,3.0,0,0.0,0.0,2,1.0,False,539895.49,1,False,False,False
2018,DF,PRP,9,5,126536.87999999999,1.802135160778948,2,2.0,1,1.0,0.2222222222222222,0,0.0,False,25000.0,1,False,False,False
2018,DF,PRTB,5,5,29750.0,4.02644299118567,4,4.0,0,0.0,0.0,0,0.0,True,5750.0,2,False,False,False
2018,DF,PSB,2,2,1349725.6400000001,1.8741730581001421,2,2.0,0,0.0,0.0,1,1.0,False,500000.0,1,False,True,False
2018,DF,PSC,4,4,466042.23000000004,3.4901482125620324,3,3.0,0,0.0,0.0,1,0.0,False,93587.32,1,False,False,False
2018,DF,PSD,1,1,436278.52,1.0,1,1.0,0,0.0,0.0,0,0.0,False,436278.52,1,False,True,False
2018,DF,PSDB,8,8,571920.35,4.654616118909267,5,5.0,0,0.0,0.0,1,0.0,True,52250.0,3,False,False,False
2018,DF,PSL,3,3,14649.5,2.3270841297010096,2,2.0,0,0.0,0.0,0,0.0,False,5091.0,1,False,False,False
2018,DF,PSOL,15,15,279507.33999999997,6.373153765141243,6,6.0,0,0.0,0.0,1,1.0,True,31874.28,5,False,False,False
2018,DF,PSTU,1,1,2487.9300000000003,1.0,1,1.0,0,0.0,0.0,0,0.0,False,2487.9300000000003,1,False,True,False
2018,DF,PT,16,16,2116882.35,3.3194971682866967,3,3.0,1,1.0,0.1875,1,1.0,True,399000.0,2,False,False,False
2018,DF,PTB,1,1,185000.0,1.0,1,1.0,0,0.0,0.0,0,0.0,False,185000.0,1,False,True,False
2018,DF,PTC,6,6,250000.0,1.543209876543209,2,1.9999999999999998,0,0.0,0.0,1,1.0,True,10000.0,5,False,False,False
2018,DF,PV,2,2,584300.0,1.5480725661317998,2,2.0,1,1.0,1.0,1,1.0,False,134300.0,1,False,True,False
2018,DF,REDE,6,3,91600.0,1.0357079375111096,1,1.0,0,0.0,0.0,0,0.0,False,90000.0,1,False,False,False
2018,DF,SOLIDARIEDADE,1,1,641737.3200000001,1.0,1,1.0,0,0.0,0.0,1,1.0,False,641737.3200000001,1,False,True,False
2018,ES,AVANTE,2,2,35913.1,1.999973185488534,2,2.0,0,0.0,0.0,0,0.0,False,17890.8,1,False,True,False
2018,ES,DC,11,9,36826.97,8.980873830739938,9,9.0,0,0.0,0.0,0,0.0,False,3557.81,1,False,False,False
2018,ES,DEM,2,1,1650000.0,1.0,1,1.0,1,1.0,0.5,1,1.0,False,1650000.0,1,False,False,False
2018,ES,MDB,4,3,2514835.5,1.1075548826215342,1,1.0,0,0.0,0.0,1,1.0,False,2387918.8,1,False,False,False
2018,ES,NOVO,6,6,10880.64,5.999999999999999,6,6.0,0,0.0,0.0,0,0.0,True,1813.4399999999998,6,False,True,False
2018,ES,PATRI,1,0,0.0,,0,0.0,0,0.0,0.0,0,0.0,False,,0,False,False,False
2018,ES,PC DO B,1,1,1063606.81,1.0,1,1.0,0,0.0,0.0,1,1.0,False,1063606.81,1,False,True,False
2018,ES,PDT,5,5,759896.7,1.1762816331711787,1,1.0,1,1.0,0.2,2,1.0,False,699896.7,1,False,False,False
2018,ES,PHS,3,2,100000.0,2.0,2,2.0,0,0.0,0.0,0,0.0,True,50000.0,2,False,False,False
2018,ES,PMB,5,5,37486.0,3.6584590283211242,4,4.0,0,0.0,0.0,0,0.0,False,5000.0,1,False,False,False
2018,ES,PMN,1,1,300.0,1.0,1,1.0,0,0.0,0.0,0,0.0,False,300.0,1,False,True,False
2018,ES,PODE,6,6,1200.0,5.999999999999999,6,6.0,0,0.0,0.0,1,1.0,True,200.0,6,False,True,False
2018,ES,PP,7,7,2742747.81,3.432388164756608,3,3.0,1,1.0,0.42857142857142855,1,1.0,False,219383.81,1,False,False,False
2018,ES,PPL,1,1,16000.0,1.0,1,1.0,0,0.0,0.0,1,1.0,False,16000.0,1,False,True,False
2018,ES,PPS,5,4,1475646.22,3.3448573986858525,3,3.0,1,1.0,0.6,2,2.0,False,292032.03,1,False,False,False
2018,ES,PR,3,3,3857975.71,1.936422051236024,2,2.0,1,1.0,0.6666666666666666,2,2.0,False,1547975.71,1,False,False,False
2018,ES,PRB,10,10,3283391.369999999,3.5257091643356606,4,4.0,1,1.0,0.4,3,2.0,False,309900.99,1,False,False,False
2018,ES,PROS,3,2,412656.04,1.0245267943648109,1,1.0,0,0.0,0.0,1,1.0,False,407656.04,1,False,False,False
2018,ES,PRP,3,3,191365.05,2.5350114680334532,3,3.0,0,0.0,0.0,1,1.0,False,30362.55,1,False,True,False
2018,ES,PRTB,6,2,2000.0,2.0,2,2.0,0,0.0,0.0,0,0.0,True,1000.0,2,False,False,False
2018,ES,PSB,10,10,2351055.0,2.9299555364783654,3,3.0,2,1.0,0.6,2,2.0,False,250000.0,1,False,False,False
2018,ES,PSC,1,1,1040000.0,1.0,1,1.0,0,0.0,0.0,1,1.0,False,1040000.0,1,False,True,False
2018,ES,PSD,2,2,1016500.0,1.5895952023180746,2,2.0,0,0.0,0.0,1,1.0,False,250000.0,1,False,True,False
2018,ES,PSDB,3,3,1110350.0,1.0685305127620035,1,1.0,0,0.0,0.0,1,1.0,False,1073800.0,1,False,False,False
2018,ES,PSL,7,5,310884.65,1.1717220965184063,1,1.0,1,1.0,0.14285714285714285,0,0.0,False,286884.65,1,False,False,False
2018,ES,PSOL,7,7,24604.119999999995,6.800004164200665,7,7.0,0,0.0,0.0,0,0.0,False,3114.92,1,False,True,False
2018,ES,PT,15,15,1594500.0,2.5892391628966362,3,3.0,1,1.0,0.2,2,2.0,True,74500.0,2,False,False,False
2018,ES,PTB,13,9,190815.0,3.400822893768848,3,3.0,0,0.0,0.0,1,1.0,False,13000.0,1,False,False,False
2018,ES,PTC,1,1,60000.0,1.0,1,1.0,0,0.0,0.0,0,0.0,False,60000.0,1,False,True,False
2018,ES,PV,5,5,189457.68,4.382984334650654,4,4.0,0,0.0,0.0,0,0.0,False,29332.969999999998,1,False,False,False
2018,ES,REDE,6,2,190800.0,1.0084209033413256,1,1.0,0,0.0,0.0,1,0.0,False,190000.0,1,False,False,False
2018,ES,SOLIDARIEDADE,2,2,1278000.0,1.0480491579847075,1,1.0,0,0.0,0.0,1,1.0,False,1248000.0,1,False,False,False
2018,GO,AVANTE,6,0,0.0,,0,0.0,0,0.0,0.0,1,0.0,False,,0,False,False,False
2018,GO,DC,12,8,71489.11,1.7663041395334493,2,2.0,0,0.0,0.0,1,0.0,False,4390.0,1,False,False,False
2018,GO,DEM,6,6,1887150.2399999998,3.407298400883113,3,3.0,2,2.0,1.0,1,1.0,False,501577.74,1,False,False,False
2018,GO,MDB,14,6,1130250.0,1.811223441345992,2,2.0,0,0.0,0.0,2,1.0,False,250000.0,1,False,False,False
2018,GO,NOVO,6,6,10094.96,4.591900645271427,5,5.0,0,0.0,0.0,0,0.0,True,1099.1599999999999,4,False,False,False
2018,GO,PATRI,8,0,0.0,,0,0.0,0,0.0,0.0,0,0.0,False,,0,False,False,False
2018,GO,PC DO B,3,3,175368.65,1.0045748488831083,1,1.0,0,0.0,0.0,1,1.0,False,174968.65,1,False,False,False
2018,GO,PCB,1,1,3835.98,1.0,1,1.0,0,0.0,0.0,0,0.0,False,3835.98,1,False,True,False
2018,GO,PCO,1,1,2350.0,1.0,1,1.0,0,0.0,0.0,0,0.0,False,2350.0,1,False,True,False
2018,GO,PDT,2,1,1518566.19,1.0,1,1.0,1,1.0,0.5,1,1.0,False,1518566.19,1,False,False,False
2018,GO,PHS,20,20,827935.6699999999,7.996844343058318,8,8.0,0,0.0,0.0,1,1.0,True,30600.0,2,False,False,False
2018,GO,PMN,4,2,81886.19,1.8995157623588004,2,2.0,0,0.0,0.0,2,2.0,False,31526.19,1,False,False,False
2018,GO,PODE,4,3,447846.19,1.6864950264666756,2,2.0,1,1.0,0.5,1,1.0,False,125206.19,1,False,False,False
2018,GO,PP,6,5,7050887.2,3.7176348269423087,4,4.0,2,2.0,1.3333333333333333,3,3.0,False,1156940.0,1,False,False,False
2018,GO,PPS,1,1,1168128.11,1.0,1,1.0,0,0.0,0.0,1,1.0,False,1168128.11,1,False,True,False
2018,GO,PR,1,1,2000000.0,1.0,1,1.0,1,1.0,1.0,1,1.0,False,2000000.0,1,False,True,False
2018,GO,PRB,1,1,1315830.0,1.0,1,1.0,1,1.0,1.0,1,1.0,False,1315830.0,1,False,True,False
2018,GO,PROS,1,1,1793697.52,1.0,1,1.0,0,0.0,0.0,0,0.0,False,1793697.52,1,False,True,False
2018,GO,PRP,4,4,527987.3200000001,1.109293190649776,1,1.0,1,1.0,0.25,1,1.0,False,500898.33,1,False,False,False
2018,GO,PRTB,10,10,9910.98,7.63384745039461,8,8.0,0,0.0,0.0,0,0.0,True,500.31,4,False,False,False
2018,GO,PSB,2,1,572117.5,1.0,1,1.0,1,1.0,0.5,1,1.0,False,572117.5,1,False,False,False
2018,GO,PSC,6,3,182456.65999999997,1.39514106442264,1,1.0,1,1.0,0.16666666666666666,0,0.0,False,151528.33,1,False,False,False
2018,GO,PSD,5,5,1620000.0,2.7486384583158774,3,3.0,1,1.0,0.6,1,1.0,True,240000.0,2,False,False,False
2018,GO,PSDB,6,5,3204500.0,3.6435120803442356,4,4.0,1,1.0,0.6666666666666666,4,3.0,False,252250.0,1,False,False,False
2018,GO,PSL,9,4,457294.33,1.1790044895614054,1,1.0,2,1.0,0.2222222222222222,1,1.0,False,420208.33,1,True,False,False
2018,GO,PSOL,16,15,43886.33,13.14105051022461,13,13.0,0,0.0,0.0,0,0.0,False,1760.78,1,False,False,False
2018,GO,PT,15,14,1220715.15,1.791354459714147,2,2.0,1,1.0,0.13333333333333333,2,2.0,False,81310.0,1,False,False,False
2018,GO,PTB,3,3,1602845.0,1.7613378910819448,2,2.0,0,0.0,0.0,1,1.0,False,351170.0,1,False,False,False
2018,GO,PTC,11,7,283331.42000000004,1.461758957832192,1,1.0,0,0.0,0.0,0,0.0,False,231526.19,1,False,False,False
2018,GO,PV,5,5,367285.79000000004,4.361534424354454,4,4.0,0,0.0,0.0,0,0.0,False,73280.0,1,False,False,False
2018,GO,REDE,7,5,3576.4799999999996,4.896995264913722,5,5.0,0,0.0,0.0,0,0.0,True,588.24,2,False,False,False
2018,GO,SOLIDARIEDADE,1,1,650000.0,1.0,1,1.0,1,1.0,1.0,0,0.0,False,650000.0,1,False,True,False
2018,MA,AVANTE,1,0,0.0,,0,0.0,0,0.0,0.0,0,0.0,False,,0,False,False,False
2018,MA,DC,2,0,0.0,,0,0.0,0,0.0,0.0,0,0.0,False,,0,False,False,False
2018,MA,DEM,2,2,866000.0,1.4013782896949674,1,1.0,1,1.0,0.5,1,1.0,False,716000.0,1,False,False,False
2018,MA,MDB,8,8,4872500.0,3.486935241205785,3,3.0,2,2.0,0.75,3,3.0,True,1502500.0,3,False,False,False
2018,MA,PATRI,6,1,350000.0,1.0,1,1.0,1,1.0,0.16666666666666666,0,0.0,False,350000.0,1,False,False,False
2018,MA,PC DO B,4,4,1604300.0,2.010749922357006,2,2.0,2,2.0,1.0,1,1.0,True,800000.0,2,False,False,False
2018,MA,PCB,2,2,8119.1,2.0,2,2.0,0,0.0,0.0,0,0.0,True,4059.55,2,False,True,False
2018,MA,PDT,8,7,1237200.0,2.8911145811265877,3,3.0,1,1.0,0.375,4,2.0,False,152400.0,1,False,False,False
2018,MA,PHS,12,7,427300.0,6.051062020428784,6,6.0,0,0.0,0.0,0,0.0,True,70000.0,5,False,False,False
2018,MA,PMB,3,2,55000.0,1.095022624434389,1,1.0,0,0.0,0.0,0,0.0,False,52500.0,1,False,False,False
2018,MA,PMN,12,9,703000.0,2.7919992768729274,3,3.0,2,2.0,0.5,2,2.0,False,50000.0,1,False,False,False
2018,MA,PODE,5,4,885000.0,1.9559842667166136,2,2.0,1,1.0,0.4,1,1.0,False,140000.0,1,False,False,False
2018,MA,PP,4,4,3570528.0,1.8879293794206964,2,2.0,1,1.0,0.5,2,2.0,False,1192040.0,1,False,False,False
2018,MA,PPL,1,0,0.0,,0,0.0,0,0.0,0.0,1,0.0,False,,0,False,False,False
2018,MA,PPS,1,0,0.0,,0,0.0,0,0.0,0.0,0,0.0,False,,0,False,False,False
2018,MA,PR,4,4,4930000.0,2.972167532864567,3,3.0,2,2.0,1.5,2,2.0,False,1450000.0,1,False,False,False
2018,MA,PRB,2,2,975000.0,1.0634281399446264,1,1.0,1,1.0,0.5,1,1.0,False,945000.0,1,False,False,False
2018,MA,PROS,3,3,1093940.0,1.8759648455363747,2,2.0,0,0.0,0.0,1,1.0,False,373850.0,1,False,False,False
2018,MA,PRP,1,0,0.0,,0,0.0,0,0.0,0.0,0,0.0,False,,0,False,False,False
2018,MA,PRTB,4,1,29982.15,1.0,1,1.0,0,0.0,0.0,0,0.0,False,29982.15,1,False,False,False
2018,MA,PSB,4,3,600000.0,1.4117647058823528,1,1.0,1,1.0,0.25,1,1.0,False,500000.0,1,False,False,False
2018,MA,PSC,3,1,1400000.0,1.0,1,1.0,0,0.0,0.0,1,1.0,False,1400000.0,1,False,False,False
2018,MA,PSD,2,2,1399800.0,1.9983518676324643,2,2.0,1,1.0,1.0,2,2.0,False,679800.0,1,False,True,False
2018,MA,PSDB,11,10,2296250.0,2.6181592338947115,3,3.0000000000000004,0,0.0,0.0,2,2.0,True,52250.0,3,False,False,False
2018,MA,PSL,23,2,180.0,2.0,2,2.0,0,0.0,0.0,4,0.0,True,90.0,2,False,False,False
2018,MA,PSOL,15,15,53514.90000000001,14.989544421430715,15,15.0,0,0.0,0.0,0,0.0,False,3270.66,1,False,True,False
2018,MA,PSTU,3,0,0.0,,0,0.0,0,0.0,0.0,0,0.0,False,,0,False,False,False
2018,MA,PT,22,21,1359846.0,2.296518024396556,2,2.0,1,1.0,0.09090909090909091,3,1.5,True,81500.0,2,False,False,False
2018,MA,PTB,3,3,1330000.0,1.2191743056034188,1,1.0,1,1.0,0.3333333333333333,0,0.0,False,1200000.0,1,False,False,False
2018,MA,PTC,3,3,30000.0,3.0,3,3.0,0,0.0,0.0,0,0.0,True,10000.0,3,False,True,False
2018,MA,PV,6,4,353000.0,2.4415663299795245,2,2.0,0,0.0,0.0,1,1.0,False,105000.0,1,False,False,False
2018,MA,REDE,5,2,1890.9,1.6963588787170087,2,2.0,0,0.0,0.0,0,0.0,False,545.45,1,False,False,False
2018,MA,SOLIDARIEDADE,2,2,1250500.0,1.1734578693047673,1,1.0,0,0.0,0.0,1,1.0,False,1150000.0,1,False,False,False
2018,MG,AVANTE,77,73,6280452.739999999,6.202472298517105,6,6.0,3,2.0,0.23376623376623376,4,2.0,False,204512.5,1,False,False,False
2018,MG,DC,11,8,19434.53,4.717812723557575,5,5.0,0,0.0,0.0,1,1.0,True,500.0,4,False,False,False
2018,MG,DEM,13,12,3706092.13,3.8383070023142576,4,4.0,1,1.0,0.3076923076923077,2,2.0,False,367176.2,1,False,False,False
2018,MG,MDB,20,19,11365693.78,8.120222671285726,8,8.0,4,3.0,1.6,8,6.0,False,131045.86,1,False,False,False
2018,MG,NOVO,36,36,113038.52,14.888526341174165,15,15.0,2,2.0,0.8333333333333334,0,0.0,True,1099.1599999999999,23,False,False,False
2018,MG,PATRI,33,16,1679267.4,1.992227028641935,2,2.0,2,1.0,0.12121212121212122,2,2.0,False,540000.0,1,False,False,False
2018,MG,PC DO B,8,1,1476948.46,1.0,1,1.0,0,0.0,0.0,2,1.0,False,1476948.46,1,False,False,False
2018,MG,PCB,12,12,164770.0,3.13026549147838,3,3.0,0,0.0,0.0,0,0.0,True,12963.89,2,False,False,False
2018,MG,PDT,24,24,1396833.18,3.611422180668848,4,4.0,2,2.0,0.3333333333333333,2,2.0,False,80000.0,1,False,False,False
2018,MG,PHS,71,60,2779157.16,2.1755198878304363,2,2.0,2,1.0,0.056338028169014086,4,1.0,False,165000.0,1,False,False,False
2018,MG,PMB,5,0,0.0,,0,0.0,0,0.0,0.0,0,0.0,False,,0,False,False,False
2018,MG,PMN,12,4,185030.0,1.4608769995222954,1,1.0,1,1.0,0.08333333333333333,0,0.0,False,150075.0,1,False,False,False
2018,MG,PODE,26,17,2755229.4199999995,3.68201525605569,4,4.0,1,0.0,0.15384615384615385,2,2.0,False,271416.66,1,False,False,False
2018,MG,PP,8,6,10335651.27,4.932780416872103,5,5.0,2,2.0,1.25,2,2.0,False,1843510.07,1,False,False,False
2018,MG,PPL,28,1,400.0,1.0,1,1.0,0,0.0,0.0,0,0.0,False,400.0,1,False,False,False
2018,MG,PPS,14,8,1473011.0,2.8291727568195455,3,3.0,0,0.0,0.0,1,1.0,False,90292.37,1,False,False,False
2018,MG,PR,6,6,10773013.129999999,5.830287347244083,6,6.0,1,1.0,1.0,6,6.0,False,1510580.0,1,False,True,False
2018,MG,PRB,8,8,6507577.279999999,4.591203211244668,5,5.0,2,2.0,1.25,2,2.0,False,467623.39,1,False,False,False
2018,MG,PROS,33,13,4083750.26,3.934154434231291,4,4.0,2,2.0,0.24242424242424243,4,2.0,False,295417.78,1,False,False,False
2018,MG,PRP,5,5,196135.75,2.066951353322148,2,2.0,0,0.0,0.0,0,0.0,False,59872.0,1,False,False,False
2018,MG,PRTB,52,22,224267.96,1.020555745155322,1,1.0,0,0.0,0.0,1,0.0,False,221996.81,1,False,False,False
2018,MG,PSB,26,14,4904350.0,6.616167971159441,7,7.0,3,3.0,0.8076923076923077,2,2.0,False,350000.0,1,False,False,False
2018,MG,PSC,34,13,3398561.2,4.173651687246089,4,4.0,1,1.0,0.11764705882352941,1,1.0,False,251800.0,1,False,False,False
2018,MG,PSD,11,11,5063166.06,5.223306199089714,5,5.0,3,3.0,1.3636363636363635,5,5.0,False,351603.75,1,False,False,False
2018,MG,PSDB,20,20,9865844.739999998,7.979559411491126,8,8.0,5,5.0,2.0,7,7.0,False,507426.03,1,False,False,False
2018,MG,PSL,76,44,376894.98,4.003611007259799,4,4.0,6,1.0,0.3157894736842105,3,0.0,False,24660.0,1,True,False,False
2018,MG,PSOL,33,32,184621.39,13.50737832964293,14,14.0,1,1.0,0.42424242424242425,0,0.0,False,4735.06,1,False,False,False
2018,MG,PSTU,5,0,0.0,,0,0.0,0,0.0,0.0,0,0.0,False,,0,False,False,False
2018,MG,PT,26,26,10045076.62,14.088227047997137,14,14.0,8,8.0,4.3076923076923075,13,11.0,False,394715.1,1,False,False,False
2018,MG,PTB,20,13,2750719.3600000003,3.56338954214995,4,4.0,0,0.0,0.0,4,3.0,False,176837.28,1,False,False,False
2018,MG,PTC,25,22,524401.3,1.3180125463428423,1,1.0,0,0.0,0.0,0,0.0,False,455607.8,1,False,False,False
2018,MG,PV,14,14,1245770.91,9.001610366883341,9,9.0,0,0.0,0.0,0,0.0,False,57500.479999999996,1,False,False,False
2018,MG,REDE,25,19,148058.56,1.1152118329671692,1,1.0,0,0.0,0.0,0,0.0,False,140172.41,1,False,False,False
2018,MG,SOLIDARIEDADE,8,4,1105105.93,1.0025493284264264,1,1.0,1,1.0,0.125,1,1.0,False,1103699.68,1,False,False,False
2018,MS,AVANTE,1,0,0.0,,0,0.0,0,0.0,0.0,0,0.0,False,,0,False,False,False
2018,MS,DC,1,1,17000.0,1.0,1,1.0,0,0.0,0.0,0,0.0,False,17000.0,1,False,True,False
2018,MS,DEM,5,2,1550000.0,1.2899328859060404,1,1.0,1,1.0,0.2,1,1.0,False,1350000.0,1,False,False,False
2018,MS,MDB,11,11,1811960.0,2.6044711476938387,3,3.0,0,0.0,0.0,1,0.0,False,112000.0,1,False,False,False
2018,MS,NOVO,5,5,8311.8,4.433966123982481,4,4.0,0,0.0,0.0,0,0.0,True,1099.1599999999999,2,False,False,False
2018,MS,PATRI,2,0,0.0,,0,0.0,0,0.0,0.0,0,0.0,False,,0,False,False,False
2018,MS,PC DO B,4,1,22000.0,1.0,1,1.0,0,0.0,0.0,0,0.0,False,22000.0,1,False,False,False
2018,MS,PDT,8,4,730000.0,1.5326430831176303,2,2.0,1,1.0,0.25,1,1.0,False,100000.0,1,False,False,False
2018,MS,PHS,4,3,36000.0,2.8421052631578947,3,3.0,0,0.0,0.0,0,0.0,True,10000.0,2,False,False,False
2018,MS,PMB,1,0,0.0,,0,0.0,0,0.0,0.0,0,0.0,False,,0,False,False,False
2018,MS,PMN,1,1,50000.0,1.0,1,1.0,0,0.0,0.0,0,0.0,False,50000.0,1,False,True,False
2018,MS,PODE,5,4,800.0,4.0,4,4.0,0,0.0,0.0,0,0.0,True,200.0,4,False,False,False
2018,MS,PPL,3,0,0.0,,0,0.0,0,0.0,0.0,0,0.0,False,,0,False,False,False
2018,MS,PPS,2,2,103008.01,1.7031077698628982,2,2.0,0,0.0,0.0,0,0.0,False,30000.0,1,False,True,False
2018,MS,PR,1,1,100000.0,1.0,1,1.0,0,0.0,0.0,0,0.0,False,100000.0,1,False,True,False
2018,MS,PRB,3,3,1673250.71,1.1489195658016333,1,1.0,0,0.0,0.0,1,1.0,False,1558250.71,1,False,False,False
2018,MS,PROS,4,4,858950.0,3.433138024034709,3,3.0,0,0.0,0.0,1,1.0,True,207500.0,2,False,False,False
2018,MS,PRP,2,1,35000.0,1.0,1,1.0,0,0.0,0.0,0,0.0,False,35000.0,1,False,False,False
2018,MS,PRTB,3,0,0.0,,0,0.0,0,0.0,0.0,0,0.0,False,,0,False,False,False
2018,MS,PSB,1,1,1300000.0,1.0,1,1.0,0,0.0,0.0,1,1.0,False,1300000.0,1,False,True,False
2018,MS,PSC,2,0,0.0,,0,0.0,0,0.0,0.0,0,0.0,False,,0,False,False,False
2018,MS,PSD,2,2,630000.0,1.2848818387827774,1,1.0,1,1.0,0.5,1,1.0,False,550000.0,1,False,False,False
2018,MS,PSDB,5,5,2745427.75,3.7845416563376597,4,4.0,2,2.0,1.6,3,3.0,False,202250.0,1,False,False,False
2018,MS,PSL,4,0,0.0,,0,0.0,2,0.0,0.0,0,0.0,False,,0,True,False,False
2018,MS,PSOL,6,6,23676.85,5.353472298493993,5,5.0,0,0.0,0.0,0,0.0,False,2103.28,1,False,False,False
2018,MS,PT,16,16,1915656.13,4.3680716742733035,4,4.0,1,1.0,0.25,2,2.0,False,122545.47,1,False,False,False
2018,MS,PTB,1,1,39496.7,1.0,1,1.0,0,0.0,0.0,0,0.0,False,39496.7,1,False,True,False
2018,MS,PTC,1,1,150000.0,1.0,1,1.0,0,0.0,0.0,0,0.0,False,150000.0,1,False,True,False
2018,MS,PV,8,8,81026.94,5.063846539294533,5,5.0,0,0.0,0.0,0,0.0,False,4260.18,1,False,False,False
2018,MS,REDE,3,3,5280.0,3.0,3,3.0,0,0.0,0.0,0,0.0,True,1760.0,3,False,True,False
2018,MS,SOLIDARIEDADE,2,2,600000.0,1.7241379310344829,2,2.0,0,0.0,0.0,0,0.0,False,180000.0,1,False,True,False
2018,MT,DEM,2,2,450000.0,1.2461538461538462,1,1.0,0,0.0,0.0,1,1.0,False,400000.0,1,False,False,False
2018,MT,MDB,7,7,5010100.0,3.179843008567156,3,3.0,2,1.0,0.8571428571428571,3,2.0,True,1500000.0,2,False,False,False
2018,MT,NOVO,13,13,25689.079999999998,12.767832554958797,13,13.0,0,0.0,0.0,0,0.0,True,1899.1599999999999,12,False,True,False
2018,MT,PATRI,3,3,4800.0,3.0,3,3.0,0,0.0,0.0,0,0.0,True,1600.0,3,False,True,False
2018,MT,PC DO B,2,2,28334.0,1.840747778885517,2,2.0,0,0.0,0.0,0,0.0,False,10000.0,1,False,True,False
2018,MT,PDT,4,4,1200666.45,1.939733648399493,2,2.0,0,0.0,0.0,1,0.0,False,341326.45,1,False,False,False
2018,MT,PHS,3,3,85000.0,2.2792085704551477,2,2.0,0,0.0,0.0,0,0.0,True,39600.0,2,False,False,False
2018,MT,PMB,1,0,0.0,,0,0.0,0,0.0,0.0,0,0.0,False,,0,False,False,False
2018,MT,PMN,1,1,40630.0,1.0,1,1.0,0,0.0,0.0,0,0.0,False,40630.0,1,False,True,False
2018,MT,PODE,2,2,1006574.0,1.061074074082154,1,1.0,1,1.0,0.5,1,1.0,False,976720.0,1,False,False,False
2018,MT,PP,1,1,2163379.83,1.0,1,1.0,0,0.0,0.0,1,1.0,False,2163379.83,1,False,True,False
2018,MT,PPL,3,2,1800.0,1.975609756097561,2,2.0,0,0.0,0.0,0,0.0,False,800.0,1,False,False,False
2018,MT,PPS,6,5,497377.88,1.2400848064347922,1,1.0,0,0.0,0.0,0,0.0,False,445006.89,1,False,False,False
2018,MT,PR,2,2,1977556.0,1.999637011860044,2,2.0,0,0.0,0.0,1,1.0,False,975456.0,1,False,True,False
2018,MT,PRB,1,1,1325875.64,1.0,1,1.0,0,0.0,0.0,1,1.0,False,1325875.64,1,False,True,False
2018,MT,PROS,4,4,754776.08,3.873587287640396,4,4.0,0,0.0,0.0,0,0.0,False,138140.0,1,False,True,False
2018,MT,PRP,2,1,120000.0,1.0,1,1.0,0,0.0,0.0,0,0.0,False,120000.0,1,False,False,False
2018,MT,PSB,4,4,778616.28,1.3651492772267728,1,1.0,0,0.0,0.0,0,0.0,False,655500.0,1,False,False,False
2018,MT,PSC,6,6,830013.2,2.4987860534772226,2,2.0,0,0.0,0.0,0,0.0,False,100013.2,1,False,False,False
2018,MT,PSD,2,2,762299.6799999999,1.9974268698245707,2,2.0,0,0.0,0.0,0,0.0,False,367469.68,1,False,True,False
2018,MT,PSDB,4,4,1095683.68,2.6282784077257224,3,3.0,1,0.0,0.75,0,0.0,False,170000.0,1,False,False,False
2018,MT,PSL,5,4,69416.28,2.8838248235879473,3,3.0,1,1.0,0.6,1,1.0,False,9616.28,1,False,False,False
2018,MT,PSOL,9,9,111040.30000000002,1.8955113302744468,2,2.0,0,0.0,0.0,0,0.0,False,6048.43,1,False,False,False
2018,MT,PT,2,2,1056666.97,1.5152426250020032,2,2.0,1,1.0,1.0,0,0.0,False,229500.0,1,False,True,False
2018,MT,PTB,2,2,1872353.68,1.4454798491114031,1,1.0,1,1.0,0.5,0,0.0,False,1516020.0,1,False,False,False
2018,MT,PTC,2,1,80000.0,1.0,1,1.0,0,0.0,0.0,0,0.0,False,80000.0,1,False,False,False
2018,MT,PV,9,9,177022.0,7.15142525384827,7,7.0,0,0.0,0.0,0,0.0,False,10000.0,1,False,False,False
2018,MT,REDE,6,4,76.36,4.0,4,4.0,0,0.0,0.0,0,0.0,True,19.09,4,False,False,False
2018,MT,SOLIDARIEDADE,2,2,934048.91,1.0907546252782676,1,1.0,1,1.0,0.5,0,0.0,False,893423.91,1,False,False,False
2018,PA,AVANTE,2,2,155140.0,1.0665307172418992,1,1.0,0,0.0,0.0,0,0.0,False,150140.0,1,False,False,False
2018,PA,DC,1,1,20828.78,1.0,1,1.0,0,0.0,0.0,0,0.0,False,20828.78,1,False,True,False
2018,PA,DEM,5,4,1483000.0,1.8042975854795695,2,2.0,2,2.0,0.8,2,2.0,False,350000.0,1,False,False,False
2018,PA,MDB,6,4,5568400.0,3.0237006824327017,3,3.0,2,2.0,1.0,4,3.0,False,1500000.0,1,False,False,False
2018,PA,PATRI,16,0,0.0,,0,0.0,0,0.0,0.0,0,0.0,False,,0,False,False,False
2018,PA,PC DO B,1,1,1237594.58,1.0,1,1.0,0,0.0,0.0,1,1.0,False,1237594.58,1,False,True,False
2018,PA,PCB,1,1,10101.11,1.0,1,1.0,0,0.0,0.0,0,0.0,False,10101.11,1,False,True,False
2018,PA,PDT,4,3,447000.0,1.2382118002838216,1,1.0,0,0.0,0.0,1,1.0,False,400000.0,1,False,False,False
2018,PA,PHS,5,1,26250.0,1.0,1,1.0,0,0.0,0.0,1,1.0,False,26250.0,1,False,False,False
2018,PA,PMB,1,1,80000.0,1.0,1,1.0,0,0.0,0.0,0,0.0,False,80000.0,1,False,True,False
2018,PA,PMN,3,1,100000.0,1.0,1,1.0,0,0.0,0.0,1,0.0,False,100000.0,1,False,False,False
2018,PA,PODE,1,1,777400.0,1.0,1,1.0,0,0.0,0.0,0,0.0,False,777400.0,1,False,True,False
2018,PA,PP,1,1,1593372.0,1.0,1,1.0,0,0.0,0.0,1,1.0,False,1593372.0,1,False,True,False
2018,PA,PPL,7,5,4800.0,3.5337423312883436,4,4.0,0,0.0,0.0,0,0.0,True,500.0,2,False,False,False
2018,PA,PPS,1,1,1168128.11,1.0,1,1.0,0,0.0,0.0,1,1.0,False,1168128.11,1,False,True,False
2018,PA,PR,1,1,888515.03,1.0,1,1.0,1,1.0,1.0,0,0.0,False,888515.03,1,False,True,False
2018,PA,PRB,1,1,789031.0,1.0,1,1.0,1,1.0,1.0,0,0.0,False,789031.0,1,False,True,False
2018,PA,PROS,1,1,513885.0,1.0,1,1.0,0,0.0,0.0,0,0.0,False,513885.0,1,False,True,False
2018,PA,PRP,10,0,0.0,,0,0.0,0,0.0,0.0,0,0.0,False,,0,False,False,False
2018,PA,PRTB,4,3,4890.0,3.0,3,3.0,0,0.0,0.0,0,0.0,True,1630.0,3,False,False,False
2018,PA,PSB,1,1,545600.0,1.0,1,1.0,1,1.0,1.0,1,1.0,False,545600.0,1,False,True,False
2018,PA,PSC,2,1,2300013.2,1.0,1,1.0,0,0.0,0.0,1,1.0,False,2300013.2,1,False,False,False
2018,PA,PSD,4,4,1406005.1500000001,2.051687440273143,2,2.0,3,2.0,1.5,3,2.0,False,305338.75,1,True,False,False
2018,PA,PSDB,6,6,1895869.21,2.662302229513351,3,3.0,2,1.0,1.0,4,2.0,False,167120.35,1,False,False,False
2018,PA,PSL,2,1,1928.0,1.0,1,1.0,0,0.0,0.0,0,0.0,False,1928.0,1,False,False,False
2018,PA,PSOL,18,18,977934.6799999999,3.1088700648733223,3,3.0,1,1.0,0.16666666666666666,1,1.0,False,52789.65,1,False,False,False
2018,PA,PT,7,7,2411743.59,4.199652056642575,4,4.0,2,2.0,1.1428571428571428,4,3.0,False,414790.29000000004,1,False,False,False
2018,PA,PTB,2,2,1383538.05,1.3900667423513253,1,1.0,2,1.0,1.0,1,0.0,False,1150000.0,1,True,False,False
2018,PA,PTC,5,2,2380.0,1.1245136186770428,1,1.0,0,0.0,0.0,2,1.0,False,2240.0,1,False,False,False
2018,PA,PV,2,2,258283.39,1.1228459790087546,1,1.0,0,0.0,0.0,1,1.0,False,243283.39,1,False,False,False
2018,PA,REDE,5,0,0.0,,0,0.0,0,0.0,0.0,0,0.0,False,,0,False,False,False
2018,PA,SOLIDARIEDADE,3,3,270000.0,1.1626794258373205,1,1.0,0,0.0,0.0,0,0.0,False,250000.0,1,False,False,False
2018,PB,AVANTE,11,6,261750.0,1.6102099930439264,2,2.0,0,0.0,0.0,2,0.0,False,50000.0,1,False,False,False
2018,PB,DC,1,1,11944.56,1.0,1,1.0,0,0.0,0.0,0,0.0,False,11944.56,1,False,True,False
2018,PB,DEM,2,2,1110476.36,1.0366688824026158,1,1.0,1,1.0,0.5,1,1.0,False,1090476.36,1,False,False,False
2018,PB,MDB,10,10,2269800.0,2.125647743878063,2,2.0,0,0.0,0.0,3,2.0,False,350000.0,1,False,False,False
2018,PB,NOVO,2,2,4848.0599999999995,1.9746101538070058,2,2.0,0,0.0,0.0,0,0.0,False,2149.16,1,False,True,False
2018,PB,PATRI,10,1,50000.0,1.0,1,1.0,0,0.0,0.0,1,0.0,False,50000.0,1,False,False,False
2018,PB,PC DO B,4,4,109590.0,1.7943790395099877,2,2.0,0,0.0,0.0,0,0.0,False,13233.0,1,False,False,False
2018,PB,PDT,1,1,570000.0,1.0,1,1.0,1,1.0,1.0,1,1.0,False,570000.0,1,False,True,False
2018,PB,PHS,5,5,42750.0,3.95095257397649,4,3.9999999999999996,0,0.0,0.0,0,0.0,True,5000.0,3,False,False,False
2018,PB,PMN,2,1,250000.0,1.0,1,1.0,0,0.0,0.0,1,1.0,False,250000.0,1,False,False,False
2018,PB,PODE,2,1,1000000.0,1.0,1,1.0,0,0.0,0.0,0,0.0,False,1000000.0,1,False,False,False
2018,PB,PP,7,7,3815103.0100000007,4.0667005895863015,4,4.0,1,1.0,0.5714285714285714,4,2.0,False,303548.7,1,False,False,False
2018,PB,PPL,1,0,0.0,,0,0.0,0,0.0,0.0,0,0.0,False,,0,False,False,False
2018,PB,PPS,3,1,174000.0,1.0,1,1.0,0,0.0,0.0,1,1.0,False,174000.0,1,False,False,False
2018,PB,PR,2,2,1760000.0,1.1200462829042521,1,1.0,1,1.0,0.5,1,1.0,False,1660000.0,1,False,False,False
2018,PB,PRB,3,3,1465611.06,1.9154900590842021,2,2.0,1,1.0,0.6666666666666666,2,2.0,False,566722.9,1,False,False,False
2018,PB,PROS,1,1,350000.0,1.0,1,1.0,0,0.0,0.0,0,0.0,False,350000.0,1,False,True,False
2018,PB,PRP,5,2,25000.0,1.923076923076923,2,2.0,0,0.0,0.0,0,0.0,False,10000.0,1,False,False,False
2018,PB,PRTB,7,5,13695.0,3.661566326627729,4,4.0,0,0.0,0.0,0,0.0,False,1675.0,1,False,False,False
2018,PB,PSB,4,2,1270000.0,1.8735044720641187,2,2.0,1,1.0,0.5,2,1.0,False,470000.0,1,False,False,False
2018,PB,PSC,3,2,1300026.4,1.5504728696584997,2,2.0,0,0.0,0.0,2,2.0,False,300013.2,1,False,False,False
2018,PB,PSD,2,0,0.0,,0,0.0,0,0.0,0.0,0,0.0,False,,0,False,False,False
2018,PB,PSDB,8,7,3035700.0,3.621273329363039,4,4.0,3,3.0,1.5,1,1.0,False,152250.0,1,False,False,False
2018,PB,PSL,14,13,541987.9299999999,2.177493817366558,2,2.0,1,1.0,0.14285714285714285,0,0.0,False,33999.979999999996,1,False,False,False
2018,PB,PSOL,5,5,27878.649999999998,4.984218845703945,5,5.0,0,0.0,0.0,1,1.0,False,5197.23,1,False,True,False
2018,PB,PT,4,4,909826.4099999999,2.4611712878028293,2,2.0,1,1.0,0.5,1,1.0,False,398500.0,1,False,False,False
2018,PB,PTB,2,2,1620539.69,1.5195425232627477,2,2.0,1,1.0,1.0,1,1.0,False,354652.0,1,False,True,False
2018,PB,PTC,6,2,65000.0,1.55045871559633,2,2.0,0,0.0,0.0,0,0.0,False,15000.0,1,False,False,False
2018,PB,PV,5,2,42700.0,1.837456791865281,2,2.0,0,0.0,0.0,2,0.0,False,15000.0,1,False,False,False
2018,PB,REDE,4,2,140800.0,1.011428198262914,1,1.0,0,0.0,0.0,1,1.0,False,140000.0,1,False,False,False
2018,PB,SOLIDARIEDADE,1,0,0.0,,0,0.0,0,0.0,0.0,0,0.0,False,,0,False,False,False
2018,PE,AVANTE,6,3,977000.0,1.016543219079974,1,1.0,0,0.0,0.0,1,1.0,False,969000.0,1,False,False,False
2018,PE,DC,15,15,57000.0,8.042079207920791,8,8.000000000000002,0,0.0,0.0,0,0.0,True,2600.0,7,False,False,False
2018,PE,DEM,4,3,1690000.0,2.449275362318841,2,2.0,1,1.0,0.5,2,2.0,False,400000.0,1,False,False,False
2018,PE,MDB,2,1,841444.32,1.0,1,1.0,1,1.0,0.5,1,1.0,False,841444.32,1,False,False,False
2018,PE,NOVO,9,9,38304.850000000006,2.926915276309749,3,3.0,0,0.0,0.0,0,0.0,False,4099.16,1,False,False,False
2018,PE,PATRI,35,24,391112.80999999994,1.5714211163921858,2,2.0,1,1.0,0.05714285714285714,2,1.0,True,6608.97,3,False,False,False
2018,PE,PC DO B,1,1,1348940.57,1.0,1,1.0,1,1.0,1.0,1,1.0,False,1348940.57,1,False,True,False
2018,PE,PCB,4,4,112611.11,2.167020269368432,2,2.0,0,0.0,0.0,0,0.0,False,24713.38,1,False,False,False
2018,PE,PDT,9,3,794097.96,1.3873566671788167,1,1.0,2,1.0,0.2222222222222222,1,1.0,False,665000.0,1,True,False,False
2018,PE,PHS,10,10,445929.67000000004,6.033103378335058,6,6.0,1,1.0,0.6,1,0.0,False,27405.6,1,False,False,False
2018,PE,PMN,11,1,170000.0,1.0,1,1.0,0,0.0,0.0,0,0.0,False,170000.0,1,False,False,False
2018,PE,PODE,2,1,1000000.0,1.0,1,1.0,1,1.0,0.5,1,1.0,False,1000000.0,1,False,False,False
2018,PE,PP,8,4,7431501.15,3.9360810052949313,4,4.0,2,2.0,1.0,3,3.0,False,1500000.0,1,False,False,False
2018,PE,PPL,17,11,12590.0,7.5796407386066145,8,8.0,0,0.0,0.0,0,0.0,True,715.0,6,False,False,False
2018,PE,PPS,4,4,1407997.57,1.1642292302617177,1,1.0,1,1.0,0.25,1,1.0,False,1302797.57,1,False,False,False
2018,PE,PR,11,9,3324000.0,2.1206213746968956,2,2.0,1,1.0,0.18181818181818182,2,2.0,False,1400000.0,1,False,False,False
2018,PE,PRB,3,2,1673075.27,1.9097643068911914,2,2.0,2,2.0,1.3333333333333333,2,2.0,False,654699.58,1,False,False,False
2018,PE,PROS,19,1,1160800.0,1.0,1,1.0,0,0.0,0.0,1,1.0,False,1160800.0,1,False,False,False
2018,PE,PRP,14,3,117200.0,1.0383975711978903,1,1.0,0,0.0,0.0,1,0.0,False,115000.0,1,False,False,False
2018,PE,PRTB,3,2,24500.0,1.6896551724137931,2,2.0,0,0.0,0.0,0,0.0,False,7000.0,1,False,False,False
2018,PE,PSB,16,13,9588949.47,8.016864734448822,8,8.0,5,5.0,2.5,6,6.0,False,318381.19,1,False,False,False
2018,PE,PSC,6,1,480000.0,1.0,1,1.0,1,1.0,0.16666666666666666,1,1.0,False,480000.0,1,False,False,False
2018,PE,PSD,1,1,1076019.51,1.0,1,1.0,1,1.0,1.0,1,1.0,False,1076019.51,1,False,True,False
2018,PE,PSDB,4,4,1521750.0,2.256213870518051,2,2.0,0,0.0,0.0,2,1.0,False,302250.0,1,False,False,False
2018,PE,PSL,11,11,2342000.0,1.61194273730539,2,2.0,1,1.0,0.18181818181818182,2,1.0,False,400000.0,1,False,False,False
2018,PE,PSOL,31,31,170750.0,11.99361604743251,12,12.0,0,0.0,0.0,1,1.0,False,4500.0,1,False,False,False
2018,PE,PSTU,2,0,0.0,,0,0.0,0,0.0,0.0,0,0.0,False,,0,False,False,False
2018,PE,PT,16,16,2455205.0,3.986003885872765,4,4.0,2,2.0,0.5,2,2.0,False,353705.0,1,False,False,False
2018,PE,PTB,7,4,1428161.93,1.470528496429051,1,1.0,0,0.0,0.0,1,1.0,False,1150000.0,1,False,False,False
2018,PE,PTC,5,5,5000.0,4.999999999999999,5,5.0,0,0.0,0.0,0,0.0,True,1000.0,5,False,True,False
2018,PE,PV,8,8,506418.31,4.965000785715135,5,5.0,0,0.0,0.0,1,1.0,True,47733.33,2,False,False,False
2018,PE,REDE,26,15,93000.0,2.679799719905313,3,3.0,0,0.0,0.0,1,0.0,False,4200.0,1,False,False,False
2018,PE,SOLIDARIEDADE,6,6,1836400.0,2.0680925758353923,2,2.0,1,1.0,0.3333333333333333,1,1.0,False,900000.0,1,False,False,False
2018,PI,AVANTE,2,2,180020.0,1.0573242581474278,1,1.0,0,0.0,0.0,1,1.0,False,175000.0,1,False,False,False
2018,PI,DC,8,3,30100.0,1.9162242761362913,2,2.0,0,0.0,0.0,0,0.0,False,6600.0,1,False,False,False
2018,PI,DEM,1,1,732152.2,1.0,1,1.0,0,0.0,0.0,1,1.0,False,732152.2,1,False,True,False
2018,PI,MDB,3,3,647500.0,2.1246654525298916,2,2.0,1,1.0,0.6666666666666666,1,1.0,False,308750.0,1,False,False,False
2018,PI,PATRI,1,1,5998.2,1.0,1,1.0,0,0.0,0.0,0,0.0,False,5998.2,1,False,True,False
2018,PI,PC DO B,1,1,33267.5,1.0,1,1.0,0,0.0,0.0,0,0.0,False,33267.5,1,False,True,False
2018,PI,PCB,1,1,30543.02,1.0,1,1.0,0,0.0,0.0,0,0.0,False,30543.02,1,False,True,False
2018,PI,PDT,1,1,601500.0,1.0,1,1.0,1,1.0,1.0,1,1.0,False,601500.0,1,False,True,False
2018,PI,PHS,4,4,139000.0,1.7270939483328862,2,2.0,0,0.0,0.0,1,1.0,False,31000.0,1,False,False,False
2018,PI,PMN,4,1,80000.0,1.0,1,1.0,0,0.0,0.0,0,0.0,False,80000.0,1,False,False,False
2018,PI,PODE,2,0,0.0,,0,0.0,0,0.0,0.0,1,0.0,False,,0,False,False,False
2018,PI,PP,5,5,7597280.5,3.3672213377598466,3,3.0,2,2.0,1.2,3,3.0,False,2300000.0,1,False,False,False
2018,PI,PPS,4,4,200926.43,2.3503799515595722,2,2.0,0,0.0,0.0,0,0.0,False,73008.01,1,False,False,False
2018,PI,PR,1,1,1350000.0,1.0,1,1.0,1,1.0,1.0,1,1.0,False,1350000.0,1,False,True,False
2018,PI,PRB,5,3,1721043.7799999998,2.45607303502551,2,2.0,0,0.0,0.0,1,1.0,False,447455.61,1,False,False,False
2018,PI,PROS,6,1,123500.0,1.0,1,1.0,0,0.0,0.0,0,0.0,False,123500.0,1,False,False,False
2018,PI,PRP,10,7,68470.0,5.144737935167496,5,5.0,0,0.0,0.0,0,0.0,False,8440.0,1,False,False,False
2018,PI,PRTB,8,0,0.0,,0,0.0,0,0.0,0.0,1,0.0,False,,0,False,False,False
2018,PI,PSB,4,4,1850000.0,1.7363401146567907,2,2.0,1,1.0,0.5,3,2.0,False,530000.0,1,False,False,False
2018,PI,PSC,6,1,280000.0,1.0,1,1.0,0,0.0,0.0,0,0.0,False,280000.0,1,False,False,False
2018,PI,PSD,1,1,792013.2,1.0,1,1.0,1,1.0,1.0,1,1.0,False,792013.2,1,False,True,False
2018,PI,PSDB,5,4,373009.77,2.383734118333347,2,2.0,0,0.0,0.0,0,0.0,False,100000.0,1,False,False,False
2018,PI,PSL,6,0,0.0,,0,0.0,0,0.0,0.0,1,0.0,False,,0,False,False,False
2018,PI,PSOL,7,7,22896.68,6.493019706459571,6,6.0,0,0.0,0.0,0,0.0,False,2320.0,1,False,False,False
2018,PI,PSTU,1,0,0.0,,0,0.0,0,0.0,0.0,0,0.0,False,,0,False,False,False
2018,PI,PT,7,7,2966500.0,4.045212551706465,4,4.0,2,2.0,1.1428571428571428,4,4.0,True,403500.0,2,False,False,False
2018,PI,PTB,1,1,1877821.74,1.0,1,1.0,0,0.0,0.0,1,1.0,False,1877821.74,1,False,True,False
2018,PI,PTC,1,1,560000.0,1.0,1,1.0,1,1.0,1.0,0,0.0,False,560000.0,1,False,True,False
2018,PI,PV,9,9,165157.48,8.205625284740144,8,8.0,0,0.0,0.0,0,0.0,False,12816.0,1,False,False,False
2018,PI,REDE,5,1,190000.0,1.0,1,1.0,0,0.0,0.0,0,0.0,False,190000.0,1,False,False,False
2018,PI,SOLIDARIEDADE,3,1,630000.0,1.0,1,1.0,0,0.0,0.0,1,0.0,False,630000.0,1,False,False,False
2018,PR,AVANTE,6,5,132704.86,1.597879069254446,2,2.0,0,0.0,0.0,0,0.0,False,23368.0,1,False,False,False
2018,PR,DC,7,7,68300.0,3.4522264240307265,3,3.0,0,0.0,0.0,0,0.0,True,7900.0,2,False,False,False
2018,PR,DEM,4,2,1640000.0,1.958066394874782,2,2.0,1,1.0,0.5,2,2.0,False,700000.0,1,False,False,False
2018,PR,MDB,18,15,3961000.0,3.400903922398064,3,3.0,2,2.0,0.3333333333333333,3,2.0,False,200000.0,1,False,False,False
2018,PR,NOVO,16,16,178486.56,11.11179148961576,11,11.0,0,0.0,0.0,0,0.0,False,6049.16,1,False,False,False
2018,PR,PATRI,4,1,109100.0,1.0,1,1.0,0,0.0,0.0,0,0.0,False,109100.0,1,False,False,False
2018,PR,PC DO B,15,1,5000.0,1.0,1,1.0,0,0.0,0.0,0,0.0,False,5000.0,1,False,False,False
2018,PR,PCO,1,1,1600.0,1.0,1,1.0,0,0.0,0.0,0,0.0,False,1600.0,1,False,True,False
2018,PR,PDT,9,9,1158000.0,2.8499980871982555,3,3.0,1,1.0,0.3333333333333333,3,3.0,False,130000.0,1,False,False,False
2018,PR,PHS,11,8,223208.0,2.4362579861543288,2,2.0,0,0.0,0.0,2,2.0,False,73194.0,1,False,False,False
2018,PR,PMB,2,0,0.0,,0,0.0,0,0.0,0.0,0,0.0,False,,0,False,False,False
2018,PR,PMN,3,1,500000.0,1.0,1,1.0,0,0.0,0.0,0,0.0,False,500000.0,1,False,False,False
2018,PR,PODE,9,4,631174.42,1.5102172374604046,2,2.0,1,1.0,0.2222222222222222,0,0.0,False,86608.87,1,False,False,False
2018,PR,PP,10,10,8382925.83,6.245626436889376,6,6.0,2,2.0,1.2,5,5.0,False,529887.0,1,False,False,False
2018,PR,PPL,25,24,37300.0,20.39715584225187,20,20.000000000000004,0,0.0,0.0,0,0.0,True,1200.0,10,False,False,False
2018,PR,PPS,4,4,1388808.4400000002,1.3826889075292257,1,1.0,1,1.0,0.25,1,1.0,False,1168128.11,1,False,False,False
2018,PR,PR,3,3,6479092.1899999995,2.967548285005992,3,3.0,3,3.0,3.0,3,3.0,True,2000000.0,2,False,True,False
2018,PR,PRB,22,22,2049117.01,4.467662016603606,4,4.0,2,2.0,0.36363636363636365,2,2.0,False,114131.05,1,False,False,False
2018,PR,PROS,5,3,881600.0,2.5768943899046506,3,3.0,2,1.0,1.2,2,1.0,False,150000.0,1,False,False,False
2018,PR,PRP,5,2,25000.0,1.923076923076923,2,2.0,0,0.0,0.0,0,0.0,False,10000.0,1,False,False,False
2018,PR,PRTB,37,13,11660.0,11.416014509790749,11,11.0,0,0.0,0.0,1,0.0,True,800.0,8,False,False,False
2018,PR,PSB,9,6,4400000.0,3.1842105263157894,3,3.0,2,2.0,0.6666666666666666,2,2.0,False,1300000.0,1,False,False,False
2018,PR,PSC,7,7,2502652.1,2.8334396772245936,3,3.0,1,1.0,0.42857142857142855,2,2.0,False,97864.4,1,False,False,False
2018,PR,PSD,22,16,6783374.31,6.62733593591305,7,7.0,4,3.0,1.2727272727272727,9,6.0,False,135715.0,1,False,False,False
2018,PR,PSDB,10,7,1757100.0,3.6990112634302927,4,4.0,0,0.0,0.0,2,2.0,False,112250.0,1,False,False,False
2018,PR,PSL,29,11,175200.0,2.2336141204687414,2,2.0,3,0.0,0.20689655172413793,2,1.0,False,12000.0,1,True,False,False
2018,PR,PSOL,29,29,78755.91000000002,28.999841183986035,29,29.0,0,0.0,0.0,0,0.0,True,2714.52,28,False,True,False
2018,PR,PT,33,30,4036742.83,4.654448634498673,5,5.0,3,3.0,0.45454545454545453,5,4.0,False,82500.0,1,False,False,False
2018,PR,PTB,1,1,2208553.67,1.0,1,1.0,1,1.0,1.0,0,0.0,False,2208553.67,1,False,True,False
2018,PR,PTC,7,2,11500.0,1.9665427509293683,2,2.0,0,0.0,0.0,0,0.0,False,5000.0,1,False,False,False
2018,PR,PV,40,25,1930231.32,2.95157512452607,3,3.0,1,1.0,0.075,5,2.0,False,100000.0,1,False,False,False
2018,PR,REDE,11,11,9449.99,9.433770386508536,9,9.0,0,0.0,0.0,0,0.0,True,625.0,6,False,False,False
2018,PR,SOLIDARIEDADE,1,1,865000.0,1.0,1,1.0,0,0.0,0.0,1,1.0,False,865000.0,1,False,True,False
2018,RJ,AVANTE,48,20,503626.39,2.4164511595828553,2,2.0,1,1.0,0.041666666666666664,2,0.0,False,88566.56,1,False,False,False
2018,RJ,DC,44,24,117500.0,10.243925060285664,10,10.0,1,0.0,0.22727272727272727,2,0.0,True,3500.0,11,False,False,False
2018,RJ,DEM,22,16,8281600.0,8.08930727327895,8,8.0,4,3.0,1.4545454545454546,8,7.0,False,700000.0,1,False,False,False
2018,RJ,MDB,18,18,11706973.739999998,8.598708711873206,9,9.0,3,2.0,1.5,7,5.0,False,380000.0,1,False,False,False
2018,RJ,NOVO,19,18,73065.71,11.051439983087063,11,11.0,1,1.0,0.5789473684210527,0,0.0,True,3079.16,5,False,False,False
2018,RJ,PATRI,31,8,753278.0,2.1734523745312666,2,2.0,0,0.0,0.0,1,1.0,False,307000.0,1,False,False,False
2018,RJ,PC DO B,9,9,1384935.0,1.1015322249192256,1,1.0,1,1.0,0.1111111111111111,1,1.0,False,1319160.0,1,False,False,False
2018,RJ,PCB,1,1,117035.75,1.0,1,1.0,0,0.0,0.0,0,0.0,False,117035.75,1,False,True,False
2018,RJ,PDT,49,27,1169954.31,4.638521236342301,5,5.0,2,2.0,0.20408163265306123,5,3.0,False,50000.0,1,False,False,False
2018,RJ,PHS,63,58,228500.0,2.261399304501338,2,2.0,1,0.0,0.031746031746031744,2,0.0,True,13200.0,2,False,False,False
2018,RJ,PMB,37,19,481569.95999999996,1.3438322581271303,1,1.0,0,0.0,0.0,0,0.0,False,415031.61,1,False,False,False
2018,RJ,PMN,19,12,679609.8,1.091985127166723,1,1.0,0,0.0,0.0,1,1.0,False,650000.0,1,False,False,False
2018,RJ,PODE,38,31,1338449.3999999997,2.0389116662752396,2,2.0,0,0.0,0.0,1,1.0,False,600000.0,1,False,False,False
2018,RJ,PP,13,12,6880119.03,4.171136596573705,4,4.0,2,2.0,0.6153846153846154,3,3.0,False,980001.54,1,False,False,False
2018,RJ,PPL,40,22,32778.020000000004,9.928007399558112,10,10.0,0,0.0,0.0,0,0.0,True,830.0,2,False,False,False
2018,RJ,PPS,14,14,1049841.1600000001,5.920870905618585,6,6.0,1,1.0,0.42857142857142855,1,1.0,False,70000.0,1,False,False,False
2018,RJ,PR,26,25,11937126.9,7.095256148777982,7,7.0,2,2.0,0.5384615384615384,5,5.0,False,850000.0,1,False,False,False
2018,RJ,PRB,59,50,6452805.77,7.923859361084176,8,8.0,2,2.0,0.2711864406779661,3,3.0,False,226729.5,1,False,False,False
2018,RJ,PROS,11,3,3113022.5,2.1306370520676072,2,2.0,1,1.0,0.18181818181818182,2,2.0,False,1149426.25,1,False,False,False
2018,RJ,PRP,57,32,494013.5,1.6089317884001273,2,2.0,1,0.0,0.03508771929824561,1,0.0,False,55200.0,1,False,False,False
2018,RJ,PRTB,52,39,167788.40000000002,4.891752436308803,5,5.0,0,0.0,0.0,1,1.0,False,3680.0,1,False,False,False
2018,RJ,PSB,15,8,2064626.3599999999,2.2482055763333606,2,2.0,1,1.0,0.13333333333333333,2,2.0,False,390000.0,1,False,False,False
2018,RJ,PSC,54,49,962945.4200000002,4.079172653888584,4,4.0,1,0.0,0.07407407407407407,1,1.0,False,50810.31,1,False,False,False
2018,RJ,PSD,56,17,6822756.2,8.655664987166382,9,9.0,3,3.0,0.48214285714285715,7,5.0,False,203580.0,1,False,False,False
2018,RJ,PSDB,21,20,1778544.1399999997,2.9399068387520764,3,3.0,0,0.0,0.0,2,2.0,False,104294.63,1,False,False,False
2018,RJ,PSL,63,43,397512.83,7.3955752059004185,7,7.0,12,4.0,1.3333333333333333,1,0.0,False,9830.14,1,True,False,False
2018,RJ,PSOL,44,38,1608770.47,7.805872134564798,8,8.0,4,4.0,0.7272727272727273,6,5.0,False,57125.670000000006,1,False,False,False
2018,RJ,PT,24,23,5951712.0,7.932708694059975,8,8.0,1,1.0,0.3333333333333333,4,4.0,True,471000.0,3,False,False,False
2018,RJ,PTB,14,14,5803485.48,4.084009562440277,4,4.0,0,0.0,0.0,2,2.0,False,350000.0,1,False,False,False
2018,RJ,PTC,29,11,176430.0,1.4037001676956493,1,1.0,0,0.0,0.0,1,0.0,False,148330.0,1,False,False,False
2018,RJ,PV,14,13,408813.64999999997,4.196409703049323,4,4.0,0,0.0,0.0,0,0.0,False,29173.68,1,False,False,False
2018,RJ,REDE,13,5,192400.0,1.5358842780990059,2,2.0,0,0.0,0.0,0,0.0,False,40000.0,1,False,False,False
2018,RJ,SOLIDARIEDADE,29,18,1733747.24,1.5860568936258064,2,2.0,1,1.0,0.06896551724137931,4,2.0,True,100980.0,2,False,False,False
2018,RN,AVANTE,2,1,350000.0,1.0,1,1.0,0,0.0,0.0,0,0.0,False,350000.0,1,False,False,False
2018,RN,DC,1,1,3500.0,1.0,1,1.0,0,0.0,0.0,0,0.0,False,3500.0,1,False,True,False
2018,RN,DEM,1,1,1314795.05,1.0,1,1.0,0,0.0,0.0,0,0.0,False,1314795.05,1,False,True,False
2018,RN,MDB,4,4,2258062.5,1.8908809100449355,2,2.0,1,1.0,0.5,1,1.0,False,518687.5,1,False,False,False
2018,RN,NOVO,5,5,20495.8,4.590233632899758,5,5.0,0,0.0,0.0,0,0.0,True,3099.16,3,False,True,False
2018,RN,PATRI,11,0,0.0,,0,0.0,0,0.0,0.0,0,0.0,False,,0,False,False,False
2018,RN,PC DO B,6,6,29460.0,1.9806334484453312,2,2.0,0,0.0,0.0,0,0.0,False,4090.0,1,False,False,False
2018,RN,PCO,1,1,600.0,1.0,1,1.0,0,0.0,0.0,0,0.0,False,600.0,1,False,True,False
2018,RN,PDT,4,3,420000.0,2.989830508474576,3,3.0,0,0.0,0.0,0,0.0,False,130000.0,1,False,False,False
2018,RN,PHS,4,4,48350.0,3.994075662376826,4,4.0,0,0.0,0.0,0,0.0,False,11550.0,1,False,True,False
2018,RN,PMB,2,0,0.0,,0,0.0,0,0.0,0.0,0,0.0,False,,0,False,False,False
2018,RN,PMN,1,1,250000.0,1.0,1,1.0,0,0.0,0.0,0,0.0,False,250000.0,1,False,True,False
2018,RN,PODE,3,2,300000.0,1.4705882352941173,1,1.0,0,0.0,0.0,0,0.0,False,240000.0,1,False,False,False
2018,RN,PP,3,3,1867000.0,1.8692905016251284,2,2.0,1,1.0,0.6666666666666666,0,0.0,False,429450.0,1,False,False,False
2018,RN,PPL,4,0,0.0,,0,0.0,0,0.0,0.0,0,0.0,False,,0,False,False,False
2018,RN,PPS,1,1,100751.05,1.0,1,1.0,0,0.0,0.0,0,0.0,False,100751.05,1,False,True,False
2018,RN,PR,1,1,2240000.0,1.0,1,1.0,1,1.0,1.0,1,1.0,False,2240000.0,1,False,True,False
2018,RN,PRB,2,2,1185615.6400000001,1.968169964584057,2,2.0,0,0.0,0.0,1,1.0,False,517420.0,1,False,True,False
2018,RN,PROS,1,1,1405000.0,1.0,1,1.0,0,0.0,0.0,0,0.0,False,1405000.0,1,False,True,False
2018,RN,PRP,2,0,0.0,,0,0.0,0,0.0,0.0,0,0.0,False,,0,False,False,False
2018,RN,PRTB,11,4,9613.55,3.9999761609102125,4,4.0,0,0.0,0.0,0,0.0,True,2400.0,3,False,False,False
2018,RN,PSB,1,1,1510000.0,1.0,1,1.0,1,1.0,1.0,0,0.0,False,1510000.0,1,False,True,False
2018,RN,PSC,2,2,750000.0,1.3676148796498908,1,1.0,0,0.0,0.0,1,1.0,False,630000.0,1,False,False,False
2018,RN,PSD,2,2,1275000.0,1.4401036475981661,1,1.0,1,1.0,0.5,1,1.0,False,1035000.0,1,False,False,False
2018,RN,PSDB,1,1,200100.0,1.0,1,1.0,0,0.0,0.0,1,1.0,False,200100.0,1,False,True,False
2018,RN,PSL,1,1,4000.0,1.0,1,1.0,1,1.0,1.0,0,0.0,False,4000.0,1,False,True,False
2018,RN,PSOL,11,11,44835.4,10.991911685472315,11,11.0,0,0.0,0.0,0,0.0,False,3841.3999999999996,1,False,True,False
2018,RN,PSTU,1,0,0.0,,0,0.0,0,0.0,0.0,0,0.0,False,,0,False,False,False
2018,RN,PT,6,6,947886.2,2.705627634597612,3,3.0,1,1.0,0.5,2,1.0,False,83590.0,1,False,False,False
2018,RN,PTB,1,0,0.0,,0,0.0,0,0.0,0.0,1,0.0,False,,0,False,False,False
2018,RN,PTC,2,2,855000.0,1.110769230769231,1,1.0,1,1.0,0.5,0,0.0,False,810000.0,1,False,False,False
2018,RN,PV,1,1,336831.73,1.0,1,1.0,0,0.0,0.0,0,0.0,False,336831.73,1,False,True,False
2018,RN,REDE,3,1,800.0,1.0,1,1.0,0,0.0,0.0,0,0.0,False,800.0,1,False,False,False
2018,RN,SOLIDARIEDADE,11,11,119892.04,7.3473113839238176,7,7.0,0,0.0,0.0,1,0.0,True,5156.77,4,False,False,False
2018,RO,DEM,7,5,452790.0,2.96465485761948,3,3.0,0,0.0,0.0,0,0.0,False,60510.0,1,False,False,False
2018,RO,MDB,7,4,4020000.0,2.1104291273800504,2,2.0,1,1.0,0.2857142857142857,2,2.0,False,1500000.0,1,False,False,False
2018,RO,NOVO,3,3,3297.4799999999996,3.0,3,3.0,0,0.0,0.0,0,0.0,True,1099.1599999999999,3,False,True,False
2018,RO,PATRI,3,0,0.0,,0,0.0,0,0.0,0.0,0,0.0,False,,0,False,False,False
2018,RO,PC DO B,2,1,15000.0,1.0,1,1.0,0,0.0,0.0,0,0.0,False,15000.0,1,False,False,False
2018,RO,PDT,3,3,124000.0,1.1399762752075921,1,1.0,1,1.0,0.3333333333333333,0,0.0,False,116000.0,1,False,False,False
2018,RO,PHS,4,4,14311.0,2.584954678698613,3,3.0,0,0.0,0.0,0,0.0,True,1500.0,2,False,False,False
2018,RO,PMB,1,0,0.0,,0,0.0,0,0.0,0.0,0,0.0,False,,0,False,False,False
2018,RO,PMN,4,3,210000.0,2.194029850746269,2,2.0,0,0.0,0.0,0,0.0,True,100000.0,2,False,False,False
2018,RO,PODE,1,1,623000.0,1.0,1,1.0,1,1.0,1.0,0,0.0,False,623000.0,1,False,True,False
2018,RO,PP,4,2,2410000.0,1.2787256995662801,1,1.0,1,1.0,0.25,0,0.0,False,2110000.0,1,False,False,False
2018,RO,PPS,2,2,121016.01,1.0860351988493182,1,1.0,0,0.0,0.0,0,0.0,False,116016.01,1,False,False,False
2018,RO,PR,2,2,2400000.0,1.1803278688524592,1,1.0,0,0.0,0.0,1,1.0,False,2200000.0,1,False,False,False
2018,RO,PRB,1,1,965994.69,1.0,1,1.0,0,0.0,0.0,1,1.0,False,965994.69,1,False,True,False
2018,RO,PROS,4,1,833580.0,1.0,1,1.0,0,0.0,0.0,1,1.0,False,833580.0,1,False,False,False
2018,RO,PRP,3,3,36700.0,1.7608937232804716,2,2.0,0,0.0,0.0,0,0.0,False,6000.0,1,False,False,False
2018,RO,PRTB,2,0,0.0,,0,0.0,0,0.0,0.0,0,0.0,False,,0,False,False,False
2018,RO,PSB,1,1,500000.0,1.0,1,1.0,1,1.0,1.0,1,1.0,False,500000.0,1,False,True,False
2018,RO,PSC,1,1,467000.0,1.0,1,1.0,0,0.0,0.0,1,1.0,False,467000.0,1,False,True,False
2018,RO,PSD,2,2,718973.05,1.31489673700472,1,1.0,1,1.0,0.5,1,1.0,False,618973.05,1,False,False,False
2018,RO,PSDB,2,1,2300000.0,1.0,1,1.0,1,1.0,0.5,1,1.0,False,2300000.0,1,False,False,False
2018,RO,PSL,11,0,0.0,,0,0.0,1,0.0,0.0,0,0.0,False,,0,True,False,False
2018,RO,PSOL,3,3,21775.16,1.4636467139571703,1,1.0,0,0.0,0.0,0,0.0,False,17775.16,1,False,False,False
2018,RO,PSTU,1,0,0.0,,0,0.0,0,0.0,0.0,0,0.0,False,,0,False,False,False
2018,RO,PT,4,3,98000.0,1.8927867560110367,2,2.0,0,0.0,0.0,0,0.0,True,15000.0,2,False,False,False
2018,RO,PTB,1,1,1644951.0,1.0,1,1.0,0,0.0,0.0,0,0.0,False,1644951.0,1,False,True,False
2018,RO,PTC,1,1,270000.0,1.0,1,1.0,0,0.0,0.0,0,0.0,False,270000.0,1,False,True,False
2018,RO,PV,5,5,206010.12,2.572942371631164,3,3.0,0,0.0,0.0,1,0.0,False,28550.0,1,False,False,False
2018,RO,REDE,6,0,0.0,,0,0.0,0,0.0,0.0,0,0.0,False,,0,False,False,False
2018,RO,SOLIDARIEDADE,1,1,660000.0,1.0,1,1.0,0,0.0,0.0,1,1.0,False,660000.0,1,False,True,False
2018,RR,AVANTE,6,1,20000.0,1.0,1,1.0,0,0.0,0.0,0,0.0,False,20000.0,1,False,False,False
2018,RR,DC,3,3,110228.56,1.7991655203698333,2,2.0,0,0.0,0.0,0,0.0,False,20714.28,1,False,False,False
2018,RR,DEM,5,2,280000.0,1.2365930599369086,1,1.0,0,0.0,0.0,0,0.0,False,250000.0,1,False,False,False
2018,RR,MDB,3,3,2912160.0,1.3756763555156821,1,1.0,0,0.0,0.0,2,1.0,False,2462160.0,1,False,False,False
2018,RR,PATRI,9,8,218029.0,3.116253291582701,3,3.0,0,0.0,0.0,1,1.0,False,27000.0,1,False,False,False
2018,RR,PC DO B,4,1,25000.0,1.0,1,1.0,0,0.0,0.0,1,1.0,False,25000.0,1,False,False,False
2018,RR,PCB,1,1,97296.76,1.0,1,1.0,0,0.0,0.0,0,0.0,False,97296.76,1,False,True,False
2018,RR,PDT,3,2,20000.0,2.0,2,2.0,0,0.0,0.0,0,0.0,True,10000.0,2,False,False,False
2018,RR,PHS,7,7,339592.06999999995,1.3817776916774414,1,1.0,0,0.0,0.0,1,1.0,False,287886.91,1,False,False,False
2018,RR,PMB,2,2,21120.0,1.0544343247904626,1,1.0,0,0.0,0.0,1,1.0,False,20560.0,1,False,False,False
2018,RR,PODE,6,6,26487.86,5.033797201757972,5,5.0,0,0.0,0.0,0,0.0,False,3041.6400000000003,1,False,False,False
2018,RR,PP,3,3,1737097.2,1.0125314097909248,1,1.0,1,1.0,0.3333333333333333,2,1.0,False,1726297.2,1,False,False,False
2018,RR,PPL,1,1,1198.5,1.0,1,1.0,0,0.0,0.0,0,0.0,False,1198.5,1,False,True,False
2018,RR,PPS,4,4,147916.72,2.6172041159798067,3,3.0,0,0.0,0.0,0,0.0,False,10200.0,1,False,False,False
2018,RR,PR,6,6,3670000.0,3.0586805949812645,3,3.0,1,1.0,0.5,1,1.0,True,350000.0,2,False,False,False
2018,RR,PRB,2,2,970040.0,1.0959382998912381,1,1.0,1,1.0,0.5,1,1.0,False,925540.0,1,False,False,False
2018,RR,PROS,6,1,20000.0,1.0,1,1.0,0,0.0,0.0,0,0.0,False,20000.0,1,False,False,False
2018,RR,PRP,4,4,19309.98,3.578584104827955,4,4.0,0,0.0,0.0,0,0.0,False,2906.0,1,False,True,False
2018,RR,PRTB,4,4,7620.0,3.2346413530316194,3,3.0,0,0.0,0.0,1,0.0,True,2440.0,3,False,False,False
2018,RR,PSB,5,5,91468.57,2.087280553166364,2,2.0,0,0.0,0.0,1,1.0,False,14836.57,1,False,False,False
2018,RR,PSC,2,2,700960.0,1.1546698602057595,1,1.0,0,0.0,0.0,1,1.0,False,650360.0,1,False,False,False
2018,RR,PSD,4,3,140870.0,1.3074893274413386,1,1.0,1,0.0,0.25,0,0.0,False,122290.0,1,False,False,False
2018,RR,PSDB,5,4,2550000.0,1.2106458639757218,1,1.0,1,1.0,0.2,2,1.0,False,2310000.0,1,False,False,False
2018,RR,PSL,9,5,110000.0,4.481481481481482,4,4.0,1,1.0,0.4444444444444444,0,0.0,True,20000.0,2,False,False,False
2018,RR,PSOL,4,4,36419.81,3.7911242050831735,4,4.0,0,0.0,0.0,0,0.0,False,6340.74,1,False,True,False
2018,RR,PSTU,1,1,888.8899999999999,1.0,1,1.0,0,0.0,0.0,0,0.0,False,888.8899999999999,1,False,True,False
2018,RR,PT,2,2,389900.41,1.1115584850968787,1,1.0,0,0.0,0.0,0,0.0,False,369240.0,1,False,False,False
2018,RR,PTB,4,4,107200.0,1.0314251582566771,1,1.0,0,0.0,0.0,1,0.0,False,105550.0,1,False,False,False
2018,RR,PTC,2,2,303840.0,1.0127180866255365,1,1.0,0,0.0,0.0,0,0.0,False,301920.0,1,False,False,False
2018,RR,PV,6,6,108309.5,1.6949807699777588,2,2.0,0,0.0,0.0,0,0.0,False,10051.0,1,False,False,False
2018,RR,REDE,4,3,171100.0,1.2882604560123265,1,1.0,1,1.0,0.25,0,0.0,False,150000.0,1,False,False,False
2018,RR,SOLIDARIEDADE,6,6,473476.56000000006,4.071120872226915,4,4.0,1,1.0,0.6666666666666666,4,3.0,False,63714.4,1,False,False,False
2018,RS,AVANTE,5,4,273150.5,1.601956595832746,2,2.0,0,0.0,0.0,0,0.0,False,29099.2,1,False,False,False
2018,RS,DC,2,2,16346.0,1.8783426132568504,2,2.0,0,0.0,0.0,0,0.0,False,6093.0,1,False,True,False
2018,RS,DEM,8,2,1100000.0,1.1980198019801982,1,1.0,1,1.0,0.125,1,1.0,False,1000000.0,1,False,False,False
2018,RS,MDB,25,25,12794450.0,10.106729122706541,10,10.0,4,4.0,1.6,7,7.0,True,250000.0,2,False,False,False
2018,RS,NOVO,18,18,120818.97,10.023453555310468,10,10.0,1,1.0,0.5555555555555556,1,1.0,False,3999.16,1,False,False,False
2018,RS,PATRI,5,5,86530.84,2.088543815527472,2,2.0,0,0.0,0.0,0,0.0,False,32847.47,1,False,False,False
2018,RS,PC DO B,26,24,908926.75,3.8478426648946997,4,4.0,0,0.0,0.0,1,1.0,False,83935.0,1,False,False,False
2018,RS,PCB,1,1,9036.88,1.0,1,1.0,0,0.0,0.0,0,0.0,False,9036.88,1,False,True,False
2018,RS,PDT,23,12,1551220.0,3.9898483666219384,4,4.0,3,3.0,0.5217391304347826,7,4.0,False,130000.0,1,False,False,False
2018,RS,PHS,3,3,11031.419999999998,2.8543844534888057,3,3.0,0,0.0,0.0,0,0.0,False,2665.71,1,False,True,False
2018,RS,PMB,12,2,19800.0,1.0307619498343588,1,1.0,0,0.0,0.0,0,0.0,False,19500.0,1,False,False,False
2018,RS,PMN,3,2,210509.41999999998,1.0024228672565225,1,1.0,0,0.0,0.0,0,0.0,False,210254.71,1,False,False,False
2018,RS,PODE,1,1,600000.0,1.0,1,1.0,0,0.0,0.0,1,1.0,False,600000.0,1,False,True,False
2018,RS,PP,18,17,10071129.69,6.564267901109525,7,7.0,4,4.0,1.5555555555555556,5,5.0,False,245241.93,1,False,False,False
2018,RS,PPL,22,22,42562.590000000004,10.040710853676583,10,10.0,0,0.0,0.0,1,1.0,False,1095.04,1,False,False,False
2018,RS,PPS,30,30,580313.5199999999,10.932621249765607,11,11.0,0,0.0,0.0,0,0.0,False,12763.789999999999,1,False,False,False
2018,RS,PR,7,7,2500000.0,1.286431747077227,1,1.0,1,1.0,0.14285714285714285,2,1.0,False,2200000.0,1,False,False,False
2018,RS,PRB,7,7,1146816.72,1.622505709176685,2,2.0,1,1.0,0.2857142857142857,2,1.0,False,100000.0,1,False,False,False
2018,RS,PROS,9,1,239650.0,1.0,1,1.0,0,0.0,0.0,0,0.0,False,239650.0,1,False,False,False
2018,RS,PRP,8,8,65788.57,3.2176639435487426,3,3.0,0,0.0,0.0,0,0.0,False,6311.91,1,False,False,False
2018,RS,PSB,29,29,5934790.0,7.159161143235069,7,7.0,2,2.0,0.4827586206896552,3,3.0,False,500600.0,1,False,False,False
2018,RS,PSC,9,8,301782.97000000003,1.0119166825542951,1,1.0,0,0.0,0.0,0,0.0,False,300000.0,1,False,False,False
2018,RS,PSD,17,16,1694492.45,2.5051849047045445,3,3.0,1,1.0,0.17647058823529413,1,1.0,False,80000.0,1,False,False,False
2018,RS,PSDB,7,7,3548761.07,2.2149821518125887,2,2.0,2,1.0,0.5714285714285714,3,2.0,False,1009000.0,1,False,False,False
2018,RS,PSL,21,5,10000.0,4.999999999999999,5,5.0,3,0.0,0.7142857142857143,0,0.0,True,2000.0,5,False,False,False
2018,RS,PSOL,39,38,456025.3099999999,3.9281475392789504,4,4.0,1,1.0,0.10256410256410256,0,0.0,False,19998.85,1,False,False,False
2018,RS,PSTU,4,0,0.0,,0,0.0,0,0.0,0.0,0,0.0,False,,0,False,False,False
2018,RS,PT,20,20,6739261.23,8.877619000666998,9,9.0,5,5.0,2.25,7,6.0,False,86013.5,1,False,False,False
2018,RS,PTB,9,9,3899241.93,4.66615852608056,5,5.0,2,2.0,1.1111111111111112,5,5.0,False,154241.93,1,False,False,False
2018,RS,PTC,7,6,1528.26,5.999999999999998,6,6.0,0,0.0,0.0,0,0.0,True,254.71,6,False,False,False
2018,RS,PV,1,1,600000.0,1.0,1,1.0,0,0.0,0.0,1,1.0,False,600000.0,1,False,True,False
2018,RS,REDE,6,3,733041.94,1.0222180960286749,1,1.0,0,0.0,0.0,1,1.0,False,725000.0,1,False,False,False
2018,RS,SOLIDARIEDADE,2,2,1150400.0,1.734586375738033,2,2.0,0,0.0,0.0,1,1.0,False,350200.0,1,False,True,False
2018,SC,AVANTE,9,4,58141.8,2.1231389788423694,2,2.0,0,0.0,0.0,0,0.0,False,14070.0,1,False,False,False
2018,SC,DC,1,1,59380.0,1.0,1,1.0,0,0.0,0.0,0,0.0,False,59380.0,1,False,True,False
2018,SC,DEM,2,2,159080.0,1.8758790961876546,2,2.0,0,0.0,0.0,0,0.0,False,59080.0,1,False,True,False
2018,SC,MDB,15,11,7129000.0,5.899538357833562,6,6.0,3,3.0,1.2,6,6.0,False,384000.0,1,False,False,False
2018,SC,NOVO,16,16,68318.4,10.499775368265674,10,10.0,1,1.0,0.625,0,0.0,False,3209.16,1,False,False,False
2018,SC,PATRI,16,16,27421.949999999997,8.013371782908537,8,8.0,0,0.0,0.0,0,0.0,True,1145.83,4,False,False,False
2018,SC,PC DO B,1,1,1181207.38,1.0,1,1.0,0,0.0,0.0,1,1.0,False,1181207.38,1,False,True,False
2018,SC,PCB,3,2,10543.02,2.0,2,2.0,0,0.0,0.0,0,0.0,True,5271.51,2,False,False,False
2018,SC,PDT,1,1,890000.0,1.0,1,1.0,0,0.0,0.0,1,1.0,False,890000.0,1,False,True,False
2018,SC,PHS,2,0,0.0,,0,0.0,0,0.0,0.0,0,0.0,False,,0,False,False,False
2018,SC,PMN,5,5,66766.5,2.256237126844653,2,2.0,0,0.0,0.0,0,0.0,False,31312.3,1,False,False,False
2018,SC,PODE,5,1,303500.0,1.0,1,1.0,0,0.0,0.0,0,0.0,False,303500.0,1,False,False,False
2018,SC,PP,9,9,6076203.0,3.6102438123502014,4,4.0,1,1.0,0.4444444444444444,3,3.0,False,524400.0,1,False,False,False
2018,SC,PPL,2,1,3000.0,1.0,1,1.0,0,0.0,0.0,0,0.0,False,3000.0,1,False,False,False
2018,SC,PPS,2,2,1218128.1099999999,1.0504674291576086,1,1.0,1,1.0,0.5,1,1.0,False,1188128.1099999999,1,False,False,False
2018,SC,PR,1,1,300000.0,1.0,1,1.0,0,0.0,0.0,0,0.0,False,300000.0,1,False,True,False
2018,SC,PRB,5,5,1344643.7599999998,2.2806402248044195,2,2.0,1,1.0,0.4,0,0.0,False,605699.5399999999,1,False,False,False
2018,SC,PROS,2,1,341500.0,1.0,1,1.0,0,0.0,0.0,1,1.0,False,341500.0,1,False,False,False
2018,SC,PRP,9,9,62323.0,2.9260893418344778,3,3.0,0,0.0,0.0,0,0.0,False,5000.0,1,False,False,False
2018,SC,PRTB,5,5,17142.86,2.1176450242228997,2,2.0,0,0.0,0.0,0,0.0,True,1428.57,4,False,False,False
2018,SC,PSB,13,11,1814968.0,4.471300668443869,4,4.0,1,1.0,0.3076923076923077,0,0.0,False,122666.25,1,False,False,False
2018,SC,PSC,1,1,200000.0,1.0,1,1.0,0,0.0,0.0,0,0.0,False,200000.0,1,False,True,False
2018,SC,PSD,9,7,1291484.0,2.854497771821265,3,3.0,2,2.0,0.6666666666666666,3,3.0,False,200000.0,1,False,False,False
2018,SC,PSDB,17,17,4517512.9799999995,4.0033148347122385,4,4.0,1,1.0,0.23529411764705882,3,2.0,False,287836.36,1,False,False,False
2018,SC,PSL,19,14,5424.27,12.354694332270583,12,12.0,4,2.5,2.526315789473684,0,0.0,True,265.0,8,False,False,False
2018,SC,PSOL,16,15,268942.74,5.418092229847854,5,5.0,0,0.0,0.0,2,1.0,True,15491.86,4,False,False,False
2018,SC,PSTU,2,0,0.0,,0,0.0,0,0.0,0.0,0,0.0,False,,0,False,False,False
2018,SC,PT,11,11,2975500.0,5.0684326549690715,5,5.0,1,1.0,0.45454545454545453,5,4.0,True,435000.0,2,False,False,False
2018,SC,PTB,1,1,90600.0,1.0,1,1.0,0,0.0,0.0,0,0.0,False,90600.0,1,False,True,False
2018,SC,PTC,21,1,10000.0,1.0,1,1.0,0,0.0,0.0,0,0.0,False,10000.0,1,False,False,False
2018,SC,PV,4,4,548247.01,1.4506135849674977,1,1.0,0,0.0,0.0,0,0.0,False,449959.05,1,False,False,False
2018,SC,REDE,6,2,1600.0,2.0,2,2.0,0,0.0,0.0,0,0.0,True,800.0,2,False,False,False
2018,SC,SOLIDARIEDADE,1,1,907500.0,1.0,1,1.0,0,0.0,0.0,1,1.0,False,907500.0,1,False,True,False
2018,SE,AVANTE,6,5,15850.0,4.211432882108881,4,3.9999999999999996,0,0.0,0.0,2,1.0,True,2050.0,3,False,False,False
2018,SE,DC,3,1,30022.82,1.0,1,1.0,0,0.0,0.0,0,0.0,False,30022.82,1,False,False,False
2018,SE,DEM,5,0,0.0,,0,0.0,0,0.0,0.0,0,0.0,False,,0,False,False,False
2018,SE,MDB,3,3,1710000.0,1.2846975088967973,1,1.0,1,1.0,0.3333333333333333,1,1.0,False,1500000.0,1,False,False,False
2018,SE,NOVO,2,2,2198.3199999999997,2.0,2,2.0,0,0.0,0.0,0,0.0,True,1099.1599999999999,2,False,True,False
2018,SE,PATRI,2,1,300000.0,1.0,1,1.0,0,0.0,0.0,0,0.0,False,300000.0,1,False,False,False
2018,SE,PC DO B,2,2,554000.0,1.0556155544702248,1,1.0,0,0.0,0.0,0,0.0,False,539000.0,1,False,False,False
2018,SE,PCB,1,0,0.0,,0,0.0,0,0.0,0.0,0,0.0,False,,0,False,False,False
2018,SE,PDT,3,3,186850.0,2.266294954434877,2,2.0,1,1.0,0.6666666666666666,0,0.0,False,37475.0,1,False,False,False
2018,SE,PHS,3,3,32298.33,2.550766254090418,3,3.0,0,0.0,0.0,0,0.0,False,7488.33,1,False,True,False
2018,SE,PMN,4,1,100000.0,1.0,1,1.0,0,0.0,0.0,0,0.0,False,100000.0,1,False,False,False
2018,SE,PODE,4,0,0.0,,0,0.0,0,0.0,0.0,0,0.0,False,,0,False,False,False
2018,SE,PP,1,1,1731095.1600000001,1.0,1,1.0,1,1.0,1.0,1,1.0,False,1731095.1600000001,1,False,True,False
2018,SE,PPL,3,3,50165.17,2.4237115598855556,2,2.0,0,0.0,0.0,0,0.0,False,18883.67,1,False,False,False
2018,SE,PPS,2,1,98402.1,1.0,1,1.0,0,0.0,0.0,0,0.0,False,98402.1,1,False,False,False
2018,SE,PR,4,2,3500000.0,1.923076923076923,2,2.0,1,1.0,0.5,2,2.0,False,1400000.0,1,False,False,False
2018,SE,PRB,2,2,695500.0,1.048572201210349,1,1.0,0,0.0,0.0,1,1.0,False,679000.0,1,False,False,False
2018,SE,PROS,1,1,43331.5,1.0,1,1.0,0,0.0,0.0,0,0.0,False,43331.5,1,False,True,False
2018,SE,PRTB,3,3,16600.0,2.1334778569216475,2,2.0,0,0.0,0.0,0,0.0,False,6000.0,1,False,False,False
2018,SE,PSB,6,6,589166.99,1.6707820026751925,2,2.0,0,0.0,0.0,0,0.0,False,115900.0,1,False,False,False
2018,SE,PSC,1,1,100000.0,1.0,1,1.0,0,0.0,0.0,1,1.0,False,100000.0,1,False,True,False
2018,SE,PSD,1,1,670000.0,1.0,1,1.0,1,1.0,1.0,1,1.0,False,670000.0,1,False,True,False
2018,SE,PSDB,3,3,450891.44,1.973133314222151,2,2.0,0,0.0,0.0,1,1.0,False,100000.0,1,False,False,False
2018,SE,PSL,8,0,0.0,,0,0.0,0,0.0,0.0,0,0.0,False,,0,False,False,False
2018,SE,PSOL,9,8,36068.920000000006,6.902322536910225,7,7.0,0,0.0,0.0,0,0.0,True,1904.68,2,False,False,False
2018,SE,PSTU,2,0,0.0,,0,0.0,0,0.0,0.0,0,0.0,False,,0,False,False,False
2018,SE,PT,3,3,1915000.0,2.1431109376104875,2,2.0,2,2.0,1.3333333333333333,2,2.0,False,903000.0,1,False,False,False
2018,SE,PTB,2,2,59763.0,1.9083090402491785,2,2.0,0,0.0,0.0,0,0.0,False,23331.5,1,False,True,False
2018,SE,PV,7,7,108476.44,6.107818480937904,6,6.0,0,0.0,0.0,1,1.0,False,10996.74,1,False,False,False
2018,SE,REDE,12,12,11210.0,10.27309552130212,10,10.0,0,0.0,0.0,0,0.0,True,715.0,5,False,False,False
2018,SE,SOLIDARIEDADE,2,2,815000.0,1.037486821039478,1,1.0,1,1.0,0.5,1,1.0,False,800000.0,1,False,False,False
2018,SP,AVANTE,96,90,706224.5900000001,9.936327314285148,10,10.0,0,0.0,0.0,1,1.0,True,8601.79,12,False,False,False
2018,SP,DC,26,24,82200.35999999999,18.522776061384633,19,19.0,0,0.0,0.0,0,0.0,False,1838.6000000000001,1,False,False,False
2018,SP,DEM,14,10,5079400.0,6.817177052122326,7,7.0,5,4.0,2.5,4,4.0,False,350000.0,1,False,False,False
2018,SP,MDB,63,63,9587485.440000001,9.206030712268596,9,9.0,2,2.0,0.2857142857142857,4,4.0,False,170000.0,1,False,False,False
2018,SP,NOVO,45,17,25940.08,9.97732158325794,10,10.0,3,2.0,0.6666666666666666,1,0.0,True,817.8,2,False,False,False
2018,SP,PATRI,91,75,3338917.4000000004,5.078814537699703,5,5.0,0,0.0,0.0,4,2.0,False,152057.7,1,False,False,False
2018,SP,PC DO B,2,2,1049744.1099999999,1.001158056594264,1,1.0,1,1.0,0.5,1,1.0,False,1049136.63,1,False,False,False
2018,SP,PCB,2,2,44198.65000000001,1.7583467412686176,2,2.0,0,0.0,0.0,0,0.0,False,13906.7,1,False,True,False
2018,SP,PDT,25,19,631500.0,5.190360293232422,5,5.0,1,1.0,0.2,2,2.0,False,23000.0,1,False,False,False
2018,SP,PHS,11,7,243642.5,3.0253251889503,3,3.0,0,0.0,0.0,0,0.0,False,30007.0,1,False,False,False
2018,SP,PMB,10,0,0.0,,0,0.0,0,0.0,0.0,1,0.0,False,,0,False,False,False
2018,SP,PMN,44,8,471000.0,5.2742683245762105,5,5.0,0,0.0,0.0,1,1.0,True,50000.0,3,False,False,False
2018,SP,PODE,73,32,6351061.94,5.166750526941488,5,5.0,3,3.0,0.2054794520547945,5,4.0,False,698000.0,1,False,False,False
2018,SP,PP,6,6,8098442.0,4.910100590837748,5,5.0,4,4.0,3.3333333333333335,4,4.0,False,750000.0,1,False,False,False
2018,SP,PPL,51,45,128998.33,26.91578513746165,27,27.0,0,0.0,0.0,0,0.0,True,1500.0,2,False,False,False
2018,SP,PPS,11,10,5212047.5600000005,4.333380215379249,4,4.0,2,2.0,0.7272727272727273,4,4.0,False,1168128.1099999999,1,False,False,False
2018,SP,PR,44,44,19763198.91,14.631172583326656,15,15.0,7,7.0,2.3863636363636362,6,6.0,False,224282.5,1,False,False,False
2018,SP,PRB,97,95,22224153.599999998,17.367070818903652,17,17.0,6,6.0,1.0515463917525774,7,5.0,False,324899.75,1,False,False,False
2018,SP,PROS,97,15,1878855.49,8.793738938426316,9,9.0,0,0.0,0.0,4,2.0,True,85750.0,2,False,False,False
2018,SP,PRP,78,28,1700515.3699999999,8.571108879996931,9,9.0,0,0.0,0.0,1,1.0,False,30000.0,1,False,False,False
2018,SP,PRTB,39,39,320468.87000000005,6.424138540913379,6,6.0,0,0.0,0.0,0,0.0,False,9002.91,1,False,False,False
2018,SP,PSB,48,24,8134982.5,9.31639483722389,9,9.0,4,2.0,0.75,12,8.0,True,250000.0,2,False,False,False
2018,SP,PSC,3,2,1490000.0,1.4740721067658193,1,1.0,1,1.0,0.3333333333333333,1,1.0,False,1190000.0,1,False,False,False
2018,SP,PSD,22,22,9125000.0,9.953424919535832,10,10.0,2,2.0,0.9090909090909091,7,7.0,False,240000.0,1,False,False,False
2018,SP,PSDB,57,49,16237596.94,18.6483399523665,19,19.0,6,5.0,2.0,10,9.0,True,300000.0,2,False,False,False
2018,SP,PSL,58,41,600403.14,15.770774874969328,16,16.0,10,4.0,2.7586206896551726,3,1.0,True,10000.0,10,False,False,False
2018,SP,PSOL,82,74,1072913.3900000001,5.80888139323592,6,6.0,3,3.0,0.21951219512195122,2,2.0,True,23928.350000000002,2,False,False,False
2018,SP,PSTU,7,3,28103.0,2.6855398048396175,3,3.0,0,0.0,0.0,0,0.0,False,5000.0,1,False,False,False
2018,SP,PT,72,69,16624381.69,23.88235737247482,24,24.0,8,8.0,2.6666666666666665,14,14.0,True,97796.23,9,False,False,False
2018,SP,PTB,25,19,4342000.0,3.3234235082289834,3,3.0,0,0.0,0.0,1,1.0,False,240000.0,1,False,False,False
2018,SP,PTC,29,7,35000.0,4.959514170040486,5,5.0,0,0.0,0.0,0,0.0,True,3000.0,3,False,False,False
2018,SP,PV,80,70,4587616.63,6.021361427836158,6,6.0,1,0.5,0.075,3,3.0,True,100000.0,2,False,False,False
2018,SP,REDE,30,22,328500.0,2.3956599299432266,2,2.0,0,0.0,0.0,0,0.0,True,150000.0,2,False,False,False
2018,SP,SOLIDARIEDADE,45,45,3681992.62,9.326822337349343,9,9.0,1,1.0,0.2,3,3.0,False,69458.67,1,False,False,False
2018,TO,AVANTE,1,1,9972.0,1.0,1,1.0,0,0.0,0.0,0,0.0,False,9972.0,1,False,True,False
2018,TO,DC,3,1,10000.0,1.0,1,1.0,0,0.0,0.0,0,0.0,False,10000.0,1,False,False,False
2018,TO,DEM,2,2,2760570.0,1.6835945519946935,2,2.0,2,2.0,2.0,2,2.0,False,781912.0,1,False,True,False
2018,TO,MDB,1,1,2360000.0,1.0,1,1.0,1,1.0,1.0,1,1.0,False,2360000.0,1,False,True,False
2018,TO,PATRI,1,1,8312.0,1.0,1,1.0,0,0.0,0.0,0,0.0,False,8312.0,1,False,True,False
2018,TO,PC DO B,2,1,700.0,1.0,1,1.0,0,0.0,0.0,0,0.0,False,700.0,1,False,False,False
2018,TO,PDT,1,1,7500.0,1.0,1,1.0,0,0.0,0.0,0,0.0,False,7500.0,1,False,True,False
2018,TO,PHS,2,2,21564.0,1.9002733284630309,2,2.0,0,0.0,0.0,1,1.0,False,8312.0,1,False,True,False
2018,TO,PMB,2,0,0.0,,0,0.0,0,0.0,0.0,0,0.0,False,,0,False,False,False
2018,TO,PMN,2,1,150000.0,1.0,1,1.0,0,0.0,0.0,0,0.0,False,150000.0,1,False,False,False
2018,TO,PODE,1,0,0.0,,0,0.0,0,0.0,0.0,1,0.0,False,,0,False,False,False
2018,TO,PP,1,1,1756302.35,1.0,1,1.0,0,0.0,0.0,1,1.0,False,1756302.35,1,False,True,False
2018,TO,PPL,2,0,0.0,,0,0.0,0,0.0,0.0,0,0.0,False,,0,False,False,False
2018,TO,PPS,1,1,292032.03,1.0,1,1.0,0,0.0,0.0,0,0.0,False,292032.03,1,False,True,False
2018,TO,PR,2,2,870000.0,1.0470327846175127,1,1.0,1,1.0,0.5,1,1.0,False,850000.0,1,False,False,False
2018,TO,PRB,2,2,868792.49,1.1431538621929462,1,1.0,0,0.0,0.0,0,0.0,False,810480.49,1,False,False,False
2018,TO,PROS,1,1,901726.85,1.0,1,1.0,0,0.0,0.0,1,1.0,False,901726.85,1,False,True,False
2018,TO,PRP,2,0,0.0,,0,0.0,0,0.0,0.0,0,0.0,False,,0,False,False,False
2018,TO,PRTB,10,7,2900.0,6.622047244094488,7,7.0,0,0.0,0.0,0,0.0,True,300.0,3,False,False,False
2018,TO,PSB,3,3,740000.0,1.8779149519890261,2,2.0,0,0.0,0.0,1,1.0,False,200000.0,1,False,False,False
2018,TO,PSC,1,1,281824.73,1.0,1,1.0,1,1.0,1.0,1,1.0,False,281824.73,1,False,True,False
2018,TO,PSD,2,0,0.0,,0,0.0,0,0.0,0.0,1,0.0,False,,0,False,False,False
2018,TO,PSDB,6,6,427641.44,3.08610711347882,3,3.0,0,0.0,0.0,1,1.0,True,52250.0,2,False,False,False
2018,TO,PSL,10,8,10000.0,7.692307692307692,8,8.0,0,0.0,0.0,0,0.0,True,1000.0,4,False,False,False
2018,TO,PSOL,4,4,38856.98,3.9701907038378206,4,4.0,0,0.0,0.0,0,0.0,False,8537.1,1,False,True,False
2018,TO,PT,8,8,569282.78,2.17419631322219,2,2.0,1,1.0,0.25,0,0.0,False,70882.78,1,False,False,False
2018,TO,PTC,1,0,0.0,,0,0.0,0,0.0,0.0,0,0.0,False,,0,False,False,False
2018,TO,PV,3,2,105000.0,1.8927038626609443,2,2.0,0,0.0,0.0,0,0.0,False,40000.0,1,False,False,False
2018,TO,REDE,1,0,0.0,,0,0.0,0,0.0,0.0,0,0.0,False,,0,False,False,False
2018,TO,SOLIDARIEDADE,2,2,1604100.0,1.977682107731719,2,2.0,2,2.0,2.0,1,1.0,False,716848.0,1,False,True,False
2022,AC,AGIR,7,0,0.0,,0,0.0,0,0.0,0.0,0,0.0,False,,0,False,False,False
2022,AC,CIDADANIA,2,2,47200.0,1.977805791800572,2,2.0,0,0.0,0.0,0,0.0,False,21100.0,1,False,True,False
2022,AC,MDB,9,9,6645078.5,3.1592037516906544,3,3.0,0,0.0,0.0,3,3.0,False,1012600.0,1,False,False,False
2022,AC,PATRIOTA,6,6,500000.0,3.417634996582365,3,3.0,0,0.0,0.0,1,1.0,True,75000.0,2,False,False,False
2022,AC,PC DO B,2,2,2193611.23,1.0340811162203973,1,1.0,0,0.0,0.0,1,1.0,False,2156846.68,1,False,False,False
2022,AC,PDT,9,9,2238215.41,2.3179607903216985,2,2.0,0,0.0,0.0,1,1.0,False,400000.0,1,False,False,False
2022,AC,PMN,3,0,0.0,,0,0.0,0,0.0,0.0,0,0.0,False,,0,False,False,False
2022,AC,PODE,9,9,2432910.0,7.581766328936654,8,8.0,0,0.0,0.0,1,1.0,False,150000.0,1,False,False,False
2022,AC,PP,9,9,4670000.0,7.449666951323657,7,7.0,3,3.0,2.3333333333333335,2,2.0,True,480000.0,5,False,False,False
2022,AC,PROS,7,6,218910.0,3.5863666963885295,4,4.0,0,0.0,0.0,1,0.0,False,20000.0,1,False,False,False
2022,AC,PSB,7,7,736867.08,5.253131465567602,5,5.0,0,0.0,0.0,0,0.0,False,74342.95999999999,1,False,False,False
2022,AC,PSC,3,0,0.0,,0,0.0,0,0.0,0.0,0,0.0,False,,0,False,False,False
2022,AC,PSD,9,9,3078441.3200000003,6.079019073998703,6,6.0,0,0.0,0.0,2,2.0,True,173531.58000000002,3,False,False,False
2022,AC,PSDB,7,5,6062566.0,3.2814409937651687,3,3.0,0,0.0,0.0,2,1.0,False,830000.0,1,False,False,False
2022,AC,PSOL,5,5,107251.95999999999,3.980049589115946,4,4.0,0,0.0,0.0,0,0.0,False,14155.6,1,False,False,False
2022,AC,PT,5,5,2488830.0,1.835417881254365,2,2.0,0,0.0,0.0,2,1.0,False,278670.0,1,False,False,False
2022,AC,PV,2,2,272000.0,1.8690379951495555,2,2.0,0,0.0,0.0,1,1.0,False,100000.0,1,False,True,False
2022,AC,REDE,2,2,111500.0,1.6817951232709933,2,2.0,0,0.0,0.0,0,0.0,False,31500.0,1,False,True,False
2022,AC,REPUBLICANOS,7,7,5872820.0,3.49490079286662,3,3.0,2,2.0,0.8571428571428571,2,2.0,False,775000.0,1,False,False,False
2022,AC,SOLIDARIEDADE,9,9,871170.0,7.740195880403515,8,8.0,0,0.0,0.0,1,1.0,False,69475.0,1,False,False,False
2022,AC,UNIAO,9,9,13025100.0,7.624442780635297,8,8.0,3,3.0,2.6666666666666665,3,2.5,True,800000.0,2,False,False,False
2022,AL,AGIR,7,5,30000.0,2.5,3,3.0,0,0.0,0.0,0,0.0,True,3000.0,4,False,False,False
2022,AL,AVANTE,9,9,522167.5,6.30081971681175,6,6.0,0,0.0,0.0,0,0.0,False,33705.0,1,False,False,False
2022,AL,CIDADANIA,2,2,2461473.0,1.175503210399193,1,1.0,0,0.0,0.0,1,1.0,False,2261473.0,1,False,False,False
2022,AL,DC,2,2,11112.0,1.8538498458505028,2,2.0,0,0.0,0.0,0,0.0,False,3996.0,1,False,True,False
2022,AL,MDB,10,10,8848300.0,5.350270026106907,5,5.0,2,1.0,1.0,5,3.0,True,528000.0,2,False,False,False
2022,AL,PATRIOTA,9,9,500000.0,6.485084306095979,6,6.0,0,0.0,0.0,0,0.0,True,40000.0,2,False,False,False
2022,AL,PCO,2,2,6000.0,2.0,2,2.0,0,0.0,0.0,0,0.0,True,3000.0,2,False,True,False
2022,AL,PDT,10,10,484000.0,8.592136150234742,9,9.0,0,0.0,0.0,0,0.0,False,20000.0,1,False,False,False
2022,AL,PMB,3,0,0.0,,0,0.0,0,0.0,0.0,0,0.0,False,,0,False,False,False
2022,AL,PMN,3,3,150000.0,3.0,3,3.0,0,0.0,0.0,0,0.0,True,50000.0,3,False,True,False
2022,AL,PP,10,10,18750000.0,8.525310700212186,9,9.0,4,4.0,3.6,4,4.0,True,1500000.0,2,False,False,False
2022,AL,PROS,7,0,0.0,,0,0.0,0,0.0,0.0,0,0.0,False,,0,False,False,False
2022,AL,PSB,10,10,4062000.0,5.588537496392818,6,6.0,0,0.0,0.0,2,2.0,True,300000.0,3,False,False,False
2022,AL,PSD,10,7,4763125.76,3.6874513196804664,4,3.9999999999999996,0,0.0,0.0,3,1.6666666666666665,True,500000.0,3,False,False,False
2022,AL,PSDB,8,8,4997750.0,4.362460021752693,4,4.0,0,0.0,0.0,1,1.0,True,400000.0,3,False,False,False
2022,AL,PSOL,5,5,203411.30000000002,4.089729364026181,4,4.0,0,0.0,0.0,0,0.0,True,25473.35,2,False,False,False
2022,AL,PSTU,1,0,0.0,,0,0.0,0,0.0,0.0,0,0.0,False,,0,False,False,False
2022,AL,PT,2,2,2010000.0,1.2302000548095369,1,1.0,1,1.0,0.5,1,1.0,False,1800000.0,1,False,False,False
2022,AL,PTB,9,3,274986.8,1.0761333136306894,1,1.0,0,0.0,0.0,0,0.0,False,264986.8,1,False,False,False
2022,AL,PV,8,6,1800472.8,5.025736704331889,5,5.0,1,0.0,0.625,2,1.0,False,239989.0,1,False,False,False
2022,AL,REPUBLICANOS,10,9,4260000.0,4.30180628644574,4,4.0,0,0.0,0.0,4,3.0,True,400000.0,2,False,False,False
2022,AL,SOLIDARIEDADE,7,0,0.0,,0,0.0,0,0.0,0.0,0,0.0,False,,0,False,False,False
2022,AL,UNIAO,9,9,7176829.44,4.715046624330451,5,5.0,1,1.0,0.5555555555555556,0,0.0,False,608097.72,1,False,False,False
2022,AL,UP,1,1,6630.0,1.0,1,1.0,0,0.0,0.0,0,0.0,False,6630.0,1,False,True,False
2022,AM,AGIR,7,0,0.0,,0,0.0,0,0.0,0.0,0,0.0,False,,0,False,False,False
2022,AM,AVANTE,9,9,1526000.0,7.072968934138431,7,7.0,0,0.0,0.0,4,3.333333333333333,True,110000.0,3,False,False,False
2022,AM,CIDADANIA,5,5,850000.0,3.448687350835322,3,3.0,1,0.0,0.6,0,0.0,False,160000.0,1,False,False,False
2022,AM,DC,5,5,173216.4,1.8576686946974639,2,2.0,0,0.0,0.0,0,0.0,False,21450.0,1,False,False,False
2022,AM,MDB,9,9,4712816.72,3.7751650218694843,4,4.0,0,0.0,0.0,1,0.0,False,239113.35,1,False,False,False
2022,AM,NOVO,1,1,1241.5300000000002,1.0,1,1.0,0,0.0,0.0,0,0.0,False,1241.5300000000002,1,False,True,False
2022,AM,PATRIOTA,9,9,883650.0,5.203824766338159,5,5.0,0,0.0,0.0,1,1.0,True,105930.0,2,False,False,False
2022,AM,PC DO B,2,2,3301322.34,1.1252316108075868,1,1.0,0,0.0,0.0,1,1.0,False,3106065.0,1,False,False,False
2022,AM,PDT,9,9,820000.0,6.121074192080108,6,6.0,0,0.0,0.0,0,0.0,False,50000.0,1,False,False,False
2022,AM,PL,9,9,3823011.67,3.332435033263789,3,3.0,1,1.0,0.3333333333333333,2,1.0,False,500000.0,1,False,False,False
2022,AM,PMN,9,8,265050.0,4.198881836279685,4,4.0,0,0.0,0.0,0,0.0,True,10000.0,5,False,False,False
2022,AM,PODE,1,0,0.0,,0,0.0,0,0.0,0.0,0,0.0,False,,0,False,False,False
2022,AM,PROS,5,1,3000000.0,1.0,1,1.0,0,0.0,0.0,0,0.0,False,3000000.0,1,False,False,False
2022,AM,PSB,2,0,0.0,,0,0.0,0,0.0,0.0,0,0.0,False,,0,False,False,False
2022,AM,PSC,9,8,249261.0,6.670929101454322,7,7.0,0,0.0,0.0,0,0.0,False,24000.0,1,False,False,False
2022,AM,PSD,9,9,11022487.7,6.413768476703732,6,6.0,2,2.0,1.3333333333333333,3,3.0,True,930000.0,2,False,False,False
2022,AM,PSDB,4,4,210000.0,3.127659574468085,3,3.0,0,0.0,0.0,1,1.0,True,40000.0,2,False,False,False
2022,AM,PSOL,3,3,180810.06,2.941176508862733,3,3.0,0,0.0,0.0,0,0.0,True,54243.02,2,False,True,False
2022,AM,PT,5,5,4007278.51,3.486547300340961,3,3.0,0,0.0,0.0,1,1.0,False,626230.8,1,False,False,False
2022,AM,PTB,6,6,502250.0,3.226654670616814,3,3.0000000000000004,0,0.0,0.0,0,0.0,True,35450.0,3,False,False,False
2022,AM,PV,2,2,100000.07,1.8615367260088245,2,2.0,0,0.0,0.0,0,0.0,False,36363.57,1,False,True,False
2022,AM,REDE,6,6,1293382.8,2.1370829774220317,2,2.0,0,0.0,0.0,1,1.0,False,250000.0,1,False,False,False
2022,AM,REPUBLICANOS,9,8,6868987.390000001,3.476080900388692,3,3.0,2,2.0,0.6666666666666666,3,2.0,False,700000.0,1,False,False,False
2022,AM,SOLIDARIEDADE,5,5,250000.0,4.770992366412212,5,5.0,0,0.0,0.0,1,1.0,True,40000.0,2,False,True,False
2022,AM,UNIAO,9,9,19448227.740000002,7.784706602462247,8,8.0,2,2.0,1.7777777777777777,3,3.0,False,1004285.71,1,False,False,False
2022,AP,AGIR,3,0,0.0,,0,0.0,0,0.0,0.0,0,0.0,False,,0,False,False,False
2022,AP,AVANTE,5,0,0.0,,0,0.0,0,0.0,0.0,1,0.0,False,,0,False,False,False
2022,AP,MDB,9,9,5105000.0,6.2422738133020355,6,6.0,2,2.0,1.3333333333333333,1,1.0,False,435000.0,1,False,False,False
2022,AP,PATRIOTA,9,9,500000.0,8.667163584045484,9,9.0,0,0.0,0.0,0,0.0,False,29000.0,1,False,True,False
2022,AP,PC DO B,2,2,2425000.0,1.5933954276037254,2,2.0,0,0.0,0.0,1,1.0,False,600000.0,1,False,True,False
2022,AP,PCO,1,1,3000.0,1.0,1,1.0,0,0.0,0.0,0,0.0,False,3000.0,1,False,True,False
2022,AP,PDT,9,9,2226380.0,7.770198601059861,8,8.0,3,3.0,2.6666666666666665,2,1.5,True,192660.0,2,False,False,False
2022,AP,PL,9,9,4976000.0,7.307505424427515,7,7.0,3,2.0,2.3333333333333335,4,4.0,True,500000.0,5,False,False,False
2022,AP,PODE,9,8,4801200.0,5.437177856091453,5,5.0,0,0.0,0.0,3,3.0,False,400000.0,1,False,False,False
2022,AP,PP,9,9,6900000.0,3.9741235392320537,4,4.0,0,0.0,0.0,3,2.0,False,500000.0,1,False,False,False
2022,AP,PRTB,6,3,1303.65,3.0,3,3.0,0,0.0,0.0,0,0.0,True,434.55,3,False,False,False
2022,AP,PSB,5,5,4086000.0,2.251282775984944,2,2.0,0,0.0,0.0,3,2.0,False,1018000.0,1,False,False,False
2022,AP,PSC,9,7,2499999.96,2.1099024093682837,2,2.0,0,0.0,0.0,1,1.0,False,1000000.0,1,False,False,False
2022,AP,PSD,9,8,2118682.0,6.9633558681179695,7,7.0,0,0.0,0.0,1,0.0,True,185926.0,2,False,False,False
2022,AP,PSDB,7,7,3527720.0,2.827077369297097,3,3.0,0,0.0,0.0,2,2.0,False,300000.0,1,False,False,False
2022,AP,PSOL,3,3,1828205.81,1.51799917102556,2,2.0,0,0.0,0.0,1,1.0,False,231425.46,1,False,False,False
2022,AP,PT,4,4,1153976.3900000001,3.1225842991868045,3,3.0,0,0.0,0.0,2,2.0,False,194216.39,1,False,False,False
2022,AP,PTB,9,9,7070000.0,4.070796243963222,4,4.0,0,0.0,0.0,1,1.0,True,600000.0,2,False,False,False
2022,AP,PV,3,1,299998.7,1.0,1,1.0,0,0.0,0.0,1,0.0,False,299998.7,1,False,False,False
2022,AP,REDE,6,6,3850980.44,4.481432405080442,4,4.0,0,0.0,0.0,2,1.0,False,461571.42,1,False,False,False
2022,AP,REPUBLICANOS,8,5,5455164.27,3.464812058258373,3,3.0,0,0.0,0.0,4,2.0,False,1006721.43,1,False,False,False
2022,BA,AGIR,13,4,56000.0,3.2131147540983607,3,2.9999999999999996,0,0.0,0.0,0,0.0,True,10000.0,3,False,False,False
2022,BA,AVANTE,26,26,4931400.0,5.645451358724222,6,6.0,1,1.0,0.23076923076923078,4,4.0,False,301652.16000000003,1,False,False,False
2022,BA,CIDADANIA,12,12,3259398.5100000007,1.9746524193157915,2,2.0,0,0.0,0.0,1,1.0,False,950382.6,1,False,False,False
2022,BA,DC,15,14,140164.1,13.45659086973849,13,13.0,0,0.0,0.0,0,0.0,True,8000.0,7,False,False,False
2022,BA,MDB,39,39,5526376.92,4.40557401294181,4,4.0,1,1.0,0.10256410256410256,2,1.0,False,284808.48,1,False,False,False
2022,BA,NOVO,6,6,7449.180000000002,5.999999999999999,6,6.0,0,0.0,0.0,0,0.0,True,1241.5300000000002,6,False,True,False
2022,BA,PATRIOTA,24,10,824000.0,2.7777250486834997,3,3.0,0,0.0,0.0,0,0.0,False,25000.0,1,False,False,False
2022,BA,PC DO B,3,3,6037478.58,2.0750179790676526,2,2.0,2,2.0,1.3333333333333333,2,2.0,False,2856685.71,1,False,False,False
2022,BA,PCB,2,0,0.0,,0,0.0,0,0.0,0.0,0,0.0,False,,0,False,False,False
2022,BA,PDT,39,39,6228081.77,9.35630649901071,9,9.0,2,2.0,0.46153846153846156,6,6.0,False,130922.93000000001,1,False,False,False
2022,BA,PL,37,29,6529980.48,9.694252960797288,10,10.0,3,3.0,0.8108108108108109,4,3.0,False,207334.16,1,False,False,False
2022,BA,PMB,31,31,14027.630000000005,30.024769916863466,30,30.0,0,0.0,0.0,0,0.0,True,350.86,4,False,False,False
2022,BA,PODE,39,37,6077237.5,14.16122150902664,14,14.0,1,1.0,0.358974358974359,4,3.0,False,132097.5,1,False,False,False
2022,BA,PP,38,37,20060000.0,13.273462548323685,13,12.999999999999998,4,4.0,1.368421052631579,5,5.0,True,400000.0,3,False,False,False
2022,BA,PROS,23,12,1950930.0,7.1459084160093855,7,7.0,0,0.0,0.0,0,0.0,True,150000.0,2,False,False,False
2022,BA,PRTB,11,2,12420.0,2.0,2,2.0,0,0.0,0.0,0,0.0,True,6210.0,2,False,False,False
2022,BA,PSB,30,29,5608089.539999998,3.1512483176388195,3,3.0,1,1.0,0.1,2,2.0,False,205423.08000000002,1,False,False,False
2022,BA,PSC,38,35,5589660.0,4.973624133991758,5,5.0,0,0.0,0.0,3,3.0,False,430000.0,1,False,False,False
2022,BA,PSD,13,13,18325163.77,10.876176457338207,11,11.0,6,6.0,5.076923076923077,7,7.0,False,649366.6699999999,1,False,False,False
2022,BA,PSDB,17,17,5999400.0,3.8051802736381384,4,4.0,1,1.0,0.23529411764705882,3,2.5,True,200600.0,2,False,False,False
2022,BA,PSOL,27,27,1130324.22,16.379922668795693,16,16.0,0,0.0,0.0,0,0.0,True,25574.25,7,False,False,False
2022,BA,PT,26,26,25372596.42,15.512890052380074,16,16.0,7,7.0,4.3076923076923075,8,8.0,False,280000.0,1,False,False,False
2022,BA,PTB,36,25,992000.0,5.090969290621638,5,5.0,0,0.0,0.0,3,2.0,True,30000.0,3,False,False,False
2022,BA,PV,3,3,2373624.52,1.2514026001614889,1,1.0,1,1.0,0.3333333333333333,1,1.0,False,2113867.56,1,False,False,False
2022,BA,REDE,13,12,656831.0,7.68586039432578,8,8.0,0,0.0,0.0,1,1.0,True,30000.0,4,False,False,False
2022,BA,REPUBLICANOS,40,40,12106634.44,13.819603885140065,14,14.0,3,3.0,1.05,5,4.0,False,202705.53,1,False,False,False
2022,BA,SOLIDARIEDADE,33,33,2982352.78,13.677313567829454,14,14.0,0,0.0,0.0,0,0.0,False,60000.0,1,False,False,False
2022,BA,UNIAO,34,33,46861588.400000006,19.77593783264402,20,20.0,6,6.0,3.5294117647058822,14,14.0,False,700000.0,1,False,False,False
2022,BA,UP,1,1,73500.0,1.0,1,1.0,0,0.0,0.0,0,0.0,False,73500.0,1,False,True,False
2022,CE,AGIR,14,14,81177.46,12.448249571934388,12,12.0,0,0.0,0.0,0,0.0,True,4940.83,6,False,False,False
2022,CE,AVANTE,23,23,3210000.0,16.816156670746636,17,17.0,0,0.0,0.0,3,3.0,True,100000.0,5,False,False,False
2022,CE,CIDADANIA,3,3,2370000.0,1.156954829141692,1,1.0,0,0.0,0.0,1,1.0,False,2200000.0,1,False,False,False
2022,CE,MDB,22,22,5466759.96,3.5436763085474716,4,4.0,1,1.0,0.18181818181818182,2,2.0,False,250000.0,1,False,False,False
2022,CE,NOVO,1,1,1241.5300000000002,1.0,1,1.0,0,0.0,0.0,0,0.0,False,1241.5300000000002,1,False,True,False
2022,CE,PATRIOTA,17,17,300000.0,15.517241379310349,16,16.0,0,0.0,0.0,0,0.0,True,10000.0,4,False,False,False
2022,CE,PC DO B,2,2,3030000.0,1.0541974302150672,1,1.0,0,0.0,0.0,1,1.0,False,2950000.0,1,False,False,False
2022,CE,PCB,2,0,0.0,,0,0.0,0,0.0,0.0,0,0.0,False,,0,False,False,False
2022,CE,PCO,1,1,3000.0,1.0,1,1.0,0,0.0,0.0,0,0.0,False,3000.0,1,False,True,False
2022,CE,PDT,19,19,10494670.0,9.164915648732523,9,9.0,5,5.0,2.3684210526315788,9,8.0,False,250000.0,1,False,False,False
2022,CE,PL,18,10,11083966.38,6.85948869585589,7,7.0,5,3.0,1.9444444444444444,8,5.0,False,503024.48,1,False,False,False
2022,CE,PMB,8,8,16800.0,7.981900452488689,8,8.0,0,0.0,0.0,0,0.0,True,2000.0,4,False,True,False
2022,CE,PMN,8,7,1310000.0,3.507255262620069,4,4.0,0,0.0,0.0,0,0.0,False,150000.0,1,False,False,False
2022,CE,PODE,18,17,382964.67999999993,15.985636311428953,16,16.0,0,0.0,0.0,1,1.0,False,14387.48,1,False,False,False
2022,CE,PP,16,15,4631156.37,6.835913459988796,7,7.0,1,1.0,0.4375,4,4.0,False,200140.0,1,False,False,False
2022,CE,PROS,12,0,0.0,,0,0.0,0,0.0,0.0,0,0.0,False,,0,False,False,False
2022,CE,PSB,22,22,7072305.0,6.3480909920724375,6,6.0,0,0.0,0.0,3,1.0,True,329800.0,2,False,False,False
2022,CE,PSC,18,15,500000.0,10.570824524312895,11,11.0,0,0.0,0.0,0,0.0,True,20000.0,5,False,False,False
2022,CE,PSD,17,16,8299700.0,7.762879105995708,8,8.0,3,3.0,1.411764705882353,3,3.0,False,368500.0,1,False,False,False
2022,CE,PSDB,11,11,2377134.5999999996,2.3112356452400986,2,2.0,0,0.0,0.0,0,0.0,False,1074418.2,1,False,False,False
2022,CE,PSOL,18,18,1494667.19,11.950779844472919,12,12.0,0,0.0,0.0,1,1.0,False,47782.740000000005,1,False,False,False
2022,CE,PT,15,15,8184787.68,5.166959947935653,5,5.0,3,3.0,1.0,3,3.0,False,507000.0,1,False,False,False
2022,CE,PTB,19,10,762489.0,3.218667606549798,3,3.0,0,0.0,0.0,0,0.0,True,120000.0,2,False,False,False
2022,CE,PV,2,2,272371.53,1.4955015132228402,1,1.0,0,0.0,0.0,1,1.0,False,215284.26,1,False,False,False
2022,CE,REDE,4,4,994230.0,2.0022720667546263,2,2.0,0,0.0,0.0,0,0.0,False,260000.0,1,False,False,False
2022,CE,REPUBLICANOS,16,15,4617498.779999999,7.441140984218664,7,7.0,0,0.0,0.0,1,1.0,False,231334.91999999998,1,False,False,False
2022,CE,UNIAO,23,22,26729053.960000005,12.949579270461577,13,13.0,4,4.0,2.260869565217391,8,7.0,True,765088.9099999999,2,False,False,False
2022,CE,UP,1,1,10000.0,1.0,1,1.0,0,0.0,0.0,0,0.0,False,10000.0,1,False,True,False
2022,DF,AGIR,8,8,953199.1400000001,5.103379108156765,5,5.0,0,0.0,0.0,0,0.0,False,154455.0,1,False,False,False
2022,DF,AVANTE,9,9,118333.31000000001,4.369343443234091,4,4.0,0,0.0,0.0,1,0.0,True,4333.33,3,False,False,False
2022,DF,CIDADANIA,6,6,983000.0,2.9893948440627525,3,3.0,0,0.0,0.0,0,0.0,True,85000.0,2,False,False,False
2022,DF,DC,9,9,99558.84,7.198169401913956,7,7.0,0,0.0,0.0,0,0.0,False,7209.32,1,False,False,False
2022,DF,MDB,8,8,5482248.220000001,3.734783292941858,4,4.0,1,1.0,0.5,2,2.0,False,538350.3,1,False,False,False
2022,DF,NOVO,6,6,222449.18,1.2183014959584892,1,1.0,0,0.0,0.0,0,0.0,False,201241.53,1,False,False,False
2022,DF,PATRIOTA,7,6,385000.0,2.0723523243621114,2,2.0,0,0.0,0.0,0,0.0,False,50000.0,1,False,False,False
2022,DF,PC DO B,2,2,723895.39,1.7952423553644345,2,2.0,0,0.0,0.0,0,0.0,False,239710.22999999998,1,False,True,False
2022,DF,PCO,5,5,60454.55,5.000000000000001,5,5.0,0,0.0,0.0,0,0.0,True,12090.91,5,False,True,False
2022,DF,PDT,9,9,405410.0,8.635317402287955,9,9.0,0,0.0,0.0,0,0.0,False,30750.0,1,False,True,False
2022,DF,PL,8,8,5311250.0,4.065536105106736,4,4.0,2,2.0,1.0,2,2.0,False,408750.0,1,False,False,False
2022,DF,PMN,9,9,724738.24,1.412425105142643,1,1.0,0,0.0,0.0,0,0.0,False,601243.4,1,False,False,False
2022,DF,PODE,9,9,917294.0,6.693175992058314,7,7.0,0,0.0,0.0,0,0.0,False,63607.0,1,False,False,False
2022,DF,PP,9,9,9875430.0,7.248694753885331,7,7.0,0,0.0,0.0,3,3.0,False,700000.0,1,False,False,False
2022,DF,PROS,8,3,550000.0,1.7536231884057971,2,2.0,0,0.0,0.0,0,0.0,False,100000.0,1,False,False,False
2022,DF,PRTB,3,3,5148.25,2.49777217350299,2,2.0,0,0.0,0.0,0,0.0,True,1171.96,2,False,False,False
2022,DF,PSB,9,9,6856210.5,3.527660428396637,4,4.0,0,0.0,0.0,2,2.0,False,405882.35,1,False,False,False
2022,DF,PSC,9,9,218800.0,7.074084144078115,7,7.0,0,0.0,0.0,0,0.0,True,15000.0,2,False,False,False
2022,DF,PSD,9,9,3800000.0,7.742627345844505,8,8.0,0,0.0,0.0,2,2.0,False,250000.0,1,False,False,False
2022,DF,PSDB,3,2,1835016.0,1.0332315228299929,1,1.0,0,0.0,0.0,0,0.0,False,1805016.0,1,False,False,False
2022,DF,PSOL,6,6,766262.03,5.390811286521426,5,5.0,0,0.0,0.0,0,0.0,False,86011.25,1,False,False,False
2022,DF,PSTU,2,2,5160.0,2.0,2,2.0,0,0.0,0.0,0,0.0,True,2580.0,2,False,True,False
2022,DF,PT,4,4,3913577.73,2.444794703094549,2,2.0,1,1.0,0.5,2,1.0,False,730627.73,1,False,False,False
2022,DF,PTB,9,6,440000.0,4.833957553058677,5,5.0,0,0.0,0.0,0,0.0,True,30000.0,2,False,False,False
2022,DF,PV,2,2,883525.7,1.4612567963872953,1,1.0,1,1.0,0.5,1,1.0,False,709998.7,1,False,False,False
2022,DF,REDE,3,3,755625.03,2.9614361613649436,3,3.0,0,0.0,0.0,0,0.0,False,213860.01,1,False,True,False
2022,DF,REPUBLICANOS,9,9,5311415.510000001,7.008812396821059,7,7.0,3,3.0,2.3333333333333335,3,3.0,False,420989.18999999994,1,False,False,False
2022,DF,SOLIDARIEDADE,7,3,112000.0,2.9570957095709574,3,3.0,0,0.0,0.0,0,0.0,False,31000.0,1,False,False,False
2022,DF,UNIAO,9,9,8084435.47,5.794641838282083,6,6.0,0,0.0,0.0,3,3.0,False,505189.77999999997,1,False,False,False
2022,DF,UP,1,1,26078.7,1.0,1,1.0,0,0.0,0.0,0,0.0,False,26078.7,1,False,True,False
2022,ES,AGIR,3,0,0.0,,0,0.0,0,0.0,0.0,0,0.0,False,,0,False,False,False
2022,ES,AVANTE,7,1,2142.0,1.0,1,1.0,0,0.0,0.0,0,0.0,False,2142.0,1,False,False,False
2022,ES,CIDADANIA,2,1,250000.0,1.0,1,1.0,0,0.0,0.0,0,0.0,False,250000.0,1,False,False,False
2022,ES,DC,8,8,90887.2,7.78833034823777,8,8.0,0,0.0,0.0,0,0.0,True,8819.43,2,False,True,False
2022,ES,NOVO,1,1,117672.77,1.0,1,1.0,0,0.0,0.0,0,0.0,False,117672.77,1,False,True,False
2022,ES,PATRIOTA,11,11,3060000.0,6.486677462093331,6,6.0,0,0.0,0.0,3,3.0,True,240000.0,2,False,False,False
2022,ES,PC DO B,2,2,405000.0,1.0506004803843076,1,1.0,0,0.0,0.0,0,0.0,False,395000.0,1,False,False,False
2022,ES,PDT,11,11,3371200.0,3.5538809504249125,4,4.0,0,0.0,0.0,2,1.5,True,200000.0,4,False,False,False
2022,ES,PL,11,11,1126000.0,10.94166177638165,11,11.0,1,1.0,1.0,0,0.0,True,100000.0,10,False,True,False
2022,ES,PMB,6,0,0.0,,0,0.0,0,0.0,0.0,0,0.0,False,,0,False,False,False
2022,ES,PODE,11,11,7452100.0,7.507495333912962,8,8.0,2,2.0,1.4545454545454546,3,2.0,False,430000.0,1,False,False,False
2022,ES,PP,11,11,12677080.0,8.796905544572555,9,9.0,2,2.0,1.6363636363636365,6,6.0,False,526680.0,1,False,False,False
2022,ES,PRTB,8,0,0.0,,0,0.0,0,0.0,0.0,0,0.0,False,,0,False,False,False
2022,ES,PSB,11,11,9925202.5,6.850435913534023,7,7.0,1,1.0,0.6363636363636364,6,5.0,False,400000.0,1,False,False,False
2022,ES,PSC,10,10,6100000.0,3.762386248736097,4,4.0,0,0.0,0.0,5,4.0,False,500000.0,1,False,False,False
2022,ES,PSD,5,5,110000.0,3.142857142857143,3,3.0,0,0.0,0.0,0,0.0,False,20000.0,1,False,False,False
2022,ES,PSDB,9,8,4945600.0,5.51722294038899,6,6.0,0,0.0,0.0,3,3.0,False,310000.0,1,False,False,False
2022,ES,PSOL,3,3,230733.06,2.7475860279477535,3,3.0,0,0.0,0.0,0,0.0,False,44176.87,1,False,True,False
2022,ES,PT,7,7,3537506.9699999997,2.948306201490935,3,3.0,2,2.0,0.8571428571428571,2,1.0,False,245950.71,1,False,False,False
2022,ES,PTB,11,11,5948021.2,3.292964371014155,3,3.0,0,0.0,0.0,3,1.0,False,350000.0,1,False,False,False
2022,ES,PV,2,2,148000.0,1.996718322698268,2,2.0,0,0.0,0.0,0,0.0,False,71000.0,1,False,True,False
2022,ES,REDE,8,8,1491227.46,4.7262717546319175,5,5.0,0,0.0,0.0,0,0.0,False,132250.0,1,False,False,False
2022,ES,REPUBLICANOS,11,9,6795000.0,5.505107542243422,6,6.0,2,2.0,1.0909090909090908,3,3.0,False,400000.01,1,False,False,False
2022,ES,SOLIDARIEDADE,5,5,225000.0,2.6264591439688716,3,3.0,0,0.0,0.0,0,0.0,False,35000.0,1,False,False,False
2022,ES,UNIAO,11,11,7660030.0,8.606649358261999,9,9.0,0,0.0,0.0,3,3.0,False,498432.0,1,False,False,False
2022,GO,AGIR,18,17,787168.0,12.317679476321194,12,12.0,0,0.0,0.0,0,0.0,False,30000.0,1,False,False,False
2022,GO,AVANTE,18,18,3361992.0,10.199058888107484,10,10.0,0,0.0,0.0,1,1.0,False,146290.0,1,False,False,False
2022,GO,CIDADANIA,3,3,370000.0,2.9472551130247577,3,3.0,0,0.0,0.0,0,0.0,False,100000.0,1,False,True,False
2022,GO,DC,9,9,60046.0,7.176501319843151,7,7.0,0,0.0,0.0,0,0.0,True,5000.0,6,False,False,False
2022,GO,MDB,12,12,7910516.9799999995,4.925435304718909,5,5.0,2,2.0,0.8333333333333334,2,1.0,False,658027.72,1,False,False,False
2022,GO,NOVO,14,14,218475.66999999998,5.763409402869641,6,6.0,0,0.0,0.0,1,1.0,True,6241.530000000001,2,False,False,False
2022,GO,PATRIOTA,16,16,10310500.0,8.325083787640075,8,8.0,0,0.0,0.0,5,4.0,False,510500.0,1,False,False,False
2022,GO,PC DO B,2,2,402000.0,1.1890165840163631,1,1.0,0,0.0,0.0,0,0.0,False,367000.0,1,False,False,False
2022,GO,PCB,2,0,0.0,,0,0.0,0,0.0,0.0,0,0.0,False,,0,False,False,False
2022,GO,PCO,1,1,3000.0,1.0,1,1.0,0,0.0,0.0,0,0.0,False,3000.0,1,False,True,False
2022,GO,PDT,8,7,3843375.0,1.9891263647417514,2,2.0,1,1.0,0.25,2,2.0,False,507875.0,1,False,False,False
2022,GO,PL,17,13,6270000.0,4.003391073228851,4,4.0,4,2.0,0.9411764705882353,4,3.0,False,400000.0,1,False,False,False
2022,GO,PMN,14,14,705000.0,4.122123159859009,4,4.0,0,0.0,0.0,0,0.0,True,20000.0,4,False,False,False
2022,GO,PODE,15,15,3769180.9899999998,6.906899860182015,7,7.0,0,0.0,0.0,1,1.0,False,155643.13,1,False,False,False
2022,GO,PP,14,11,9292958.540000001,6.274406356749142,6,6.0,2,2.0,0.8571428571428571,4,3.0,False,993240.85,1,False,False,False
2022,GO,PROS,13,6,2630000.0,4.547899270168979,5,5.0,0,0.0,0.0,1,1.0,False,200000.0,1,False,False,False
2022,GO,PRTB,18,15,394346.2,9.597593709455362,10,10.0,0,0.0,0.0,1,1.0,True,12000.0,2,False,False,False
2022,GO,PSB,18,18,8365300.0,7.714673979974584,8,8.0,0,0.0,0.0,4,4.0,True,310260.0,2,False,False,False
2022,GO,PSC,13,13,6691903.06,3.6600468964319797,4,4.0,1,1.0,0.3076923076923077,3,2.0,False,500000.0,1,False,False,False
2022,GO,PSD,13,8,2885000.0,2.3886254224033405,2,2.0,1,0.0,0.15384615384615385,1,1.0,False,335000.0,1,False,False,False
2022,GO,PSDB,14,13,6188080.54,4.6510784854211495,5,5.0,1,1.0,0.35714285714285715,4,3.0,True,543000.0,2,False,False,False
2022,GO,PSOL,8,8,218552.46,7.959458484300394,8,8.0,0,0.0,0.0,0,0.0,False,24789.66,1,False,True,False
2022,GO,PT,14,14,3939761.24,3.3803644539829847,3,3.0,2,2.0,0.42857142857142855,3,3.0,False,360000.0,1,False,False,False
2022,GO,PTB,16,15,4083576.78,2.386381155274142,2,2.0,0,0.0,0.0,1,0.0,False,326537.33,1,False,False,False
2022,GO,PV,2,2,504976.7,1.9756851210531727,2,2.0,0,0.0,0.0,0,0.0,False,224478.0,1,False,True,False
2022,GO,REDE,7,7,119564.2,5.680200860003095,6,6.0,0,0.0,0.0,1,1.0,False,7206.42,1,False,False,False
2022,GO,REPUBLICANOS,16,16,11516340.0,9.65651398039723,10,10.0,1,1.0,0.625,5,5.0,False,560000.0,1,False,False,False
2022,GO,SOLIDARIEDADE,18,18,6074643.79,7.5704219958951455,8,8.0,0,0.0,0.0,3,3.0,False,220000.0,1,False,False,False
2022,GO,UNIAO,8,8,8157005.83,3.993508416801347,4,4.0,2,2.0,1.0,1,1.0,False,423683.9,1,False,False,False
2022,GO,UP,1,1,9969.67,1.0,1,1.0,0,0.0,0.0,0,0.0,False,9969.67,1,False,True,False
2022,MA,AGIR,17,10,85735.32,4.660739806776248,5,5.0,0,0.0,0.0,1,0.0,True,5390.76,3,False,False,False
2022,MA,AVANTE,6,0,0.0,,0,0.0,0,0.0,0.0,0,0.0,False,,0,False,False,False
2022,MA,CIDADANIA,16,16,2641641.27,13.249101020622993,13,13.0,0,0.0,0.0,0,0.0,False,114874.77,1,False,False,False
2022,MA,DC,12,12,187799.45,11.048182540561964,11,11.0,0,0.0,0.0,0,0.0,True,11886.23,3,False,False,False
2022,MA,MDB,17,17,12554245.0,5.583216625511733,6,6.0,1,1.0,0.35294117647058826,5,5.0,False,750000.0,1,False,False,False
2022,MA,NOVO,6,6,17449.18,5.630170542505092,6,6.0,0,0.0,0.0,0,0.0,True,2241.53,3,False,True,False
2022,MA,PATRIOTA,19,18,7357000.0,8.228729727276693,8,8.0,1,1.0,0.42105263157894735,2,2.0,False,300000.0,1,False,False,False
2022,MA,PC DO B,5,5,4640000.0,1.9619897296632292,2,2.0,1,1.0,0.4,2,1.0,False,1500000.0,1,False,False,False
2022,MA,PCO,1,1,3000.0,1.0,1,1.0,0,0.0,0.0,0,0.0,False,3000.0,1,False,True,False
2022,MA,PDT,16,16,4330000.0,10.141667117433872,10,10.0,1,1.0,0.625,4,4.0,True,150000.0,4,False,False,False
2022,MA,PL,18,16,4400000.0,7.518446601941747,8,8.0,4,4.0,1.7777777777777777,6,5.3,True,100000.0,10,False,False,False
2022,MA,PMB,8,0,0.0,,0,0.0,0,0.0,0.0,0,0.0,False,,0,False,False,False
2022,MA,PODE,17,16,10677472.53,7.054394191636609,7,7.0,1,1.0,0.4117647058823529,7,3.0,False,550000.0,1,False,False,False
2022,MA,PP,17,16,9740000.0,5.722171790131461,6,6.0,2,2.0,0.7058823529411765,2,2.0,False,480000.0,1,False,False,False
2022,MA,PROS,14,12,1140000.0,6.832807570977917,7,7.0,0,0.0,0.0,0,0.0,False,50000.0,1,False,False,False
2022,MA,PRTB,10,3,4985.7,2.939140304028476,3,3.0,0,0.0,0.0,0,0.0,False,1485.7,1,False,False,False
2022,MA,PSB,13,13,8017990.0,5.0431890715384275,5,5.0,1,1.0,0.38461538461538464,2,2.0,False,218000.0,1,False,False,False
2022,MA,PSC,17,17,3700000.0,6.180586907449209,6,6.0,1,1.0,0.35294117647058826,2,2.0,True,150000.0,4,False,False,False
2022,MA,PSD,18,16,4940770.0,4.239871708426729,4,4.0,1,1.0,0.2222222222222222,3,3.0,False,220210.0,1,False,False,False
2022,MA,PSDB,1,1,1000.0,1.0,1,1.0,0,0.0,0.0,0,0.0,False,1000.0,1,False,True,False
2022,MA,PSOL,14,14,274070.23,10.161583021068349,10,10.0,0,0.0,0.0,0,0.0,True,8165.9,3,False,False,False
2022,MA,PSTU,5,3,13950.0,2.7460048682400253,3,3.0,0,0.0,0.0,0,0.0,True,3650.0,2,False,False,False
2022,MA,PT,9,9,6917437.9,6.014754123180354,6,6.0,1,1.0,0.6666666666666666,5,4.0,False,350000.0,1,False,False,False
2022,MA,PTB,4,0,0.0,,0,0.0,0,0.0,0.0,0,0.0,False,,0,False,False,False
2022,MA,PV,4,4,258908.95,3.8225304369141,4,4.0,0,0.0,0.0,0,0.0,False,50820.95,1,False,True,False
2022,MA,REDE,3,2,62000.0,1.9672466734902763,2,2.0,0,0.0,0.0,0,0.0,False,27000.0,1,False,False,False
2022,MA,REPUBLICANOS,10,10,6835217.39,5.474462150176212,5,5.0,1,1.0,0.5,5,5.0,False,500000.0,1,False,False,False
2022,MA,SOLIDARIEDADE,8,0,0.0,,0,0.0,0,0.0,0.0,0,0.0,False,,0,False,False,False
2022,MA,UNIAO,19,19,17877508.840000004,10.219273769987469,10,10.0,2,2.0,1.0526315789473684,2,2.0,True,564444.23,2,False,False,False
2022,MG,AGIR,19,16,111850.0,8.934915162238937,9,9.0,0,0.0,0.0,0,0.0,True,5000.0,8,False,False,False
2022,MG,AVANTE,54,54,21314655.329999994,15.383650600649196,15,15.0,5,5.0,1.3888888888888888,14,10.0,False,377197.2,1,False,False,False
2022,MG,CIDADANIA,16,16,4417584.62,5.042792898711586,5,5.0,0,0.0,0.0,0,0.0,False,253646.65000000002,1,False,False,False
2022,MG,DC,1,1,10000.0,1.0,1,1.0,0,0.0,0.0,0,0.0,False,10000.0,1,False,True,False
2022,MG,MDB,44,40,14465000.0,7.235532520975347,7,7.0,2,2.0,0.3181818181818182,6,6.0,False,400000.0,1,False,False,False
2022,MG,NOVO,30,30,2117662.0,24.32405045098553,24,24.0,0,0.0,0.0,4,4.0,True,54241.53,10,False,False,False
2022,MG,PATRIOTA,51,49,18184094.18,13.405510791484343,13,13.0,3,3.0,0.7647058823529411,8,4.0,True,500000.0,3,False,False,False
2022,MG,PC DO B,2,2,3030554.5,1.0752214532697717,1,1.0,0,0.0,0.0,1,1.0,False,2920554.5,1,False,False,False
2022,MG,PCB,9,0,0.0,,0,0.0,0,0.0,0.0,1,0.0,False,,0,False,False,False
2022,MG,PCO,3,3,36272.729999999996,2.9999999999999996,3,3.0,0,0.0,0.0,0,0.0,True,12090.91,3,False,True,False
2022,MG,PDT,45,44,5616148.05,8.00046014886822,8,8.0,2,2.0,0.35555555555555557,2,2.0,False,201666.12,1,False,False,False
2022,MG,PL,45,44,9185374.68,12.395529530665014,12,12.0,11,10.0,2.933333333333333,8,8.0,False,300000.0,1,False,False,False
2022,MG,PMB,5,0,0.0,,0,0.0,0,0.0,0.0,0,0.0,False,,0,False,False,False
2022,MG,PMN,53,33,2215000.0,5.5941677831304695,6,6.0,0,0.0,0.0,1,0.0,False,130000.0,1,False,False,False
2022,MG,PODE,53,45,11906225.68,7.43014061638701,7,7.0,2,2.0,0.2641509433962264,5,1.0,False,600000.0,1,False,False,False
2022,MG,PP,53,49,19990060.85,8.959544669150636,9,9.0,3,3.0,0.5094339622641509,10,9.0,False,500000.0,1,False,False,False
2022,MG,PROS,53,52,9127770.35,8.010518387692798,8,8.0,1,1.0,0.1509433962264151,3,2.0,False,220000.0,1,False,False,False
2022,MG,PRTB,40,39,278762.0,8.273399615573629,8,8.0,0,0.0,0.0,0,0.0,False,7161.0,1,False,False,False
2022,MG,PSB,41,39,5397139.5,4.345997661449038,4,4.0,0,0.0,0.0,3,1.0,False,240000.62,1,False,False,False
2022,MG,PSC,45,39,6683131.749999998,4.233950790455463,4,4.0,1,1.0,0.08888888888888889,3,2.0,True,800000.0,2,False,False,False
2022,MG,PSD,39,35,13943705.77,11.556006647001693,12,12.0,4,4.0,1.2307692307692308,7,6.0,True,300000.0,3,False,False,False
2022,MG,PSDB,37,32,13292550.64,7.989873471039396,8,8.0,2,2.0,0.43243243243243246,3,3.0,True,313840.91000000003,2,False,False,False
2022,MG,PSOL,23,22,3848485.09,3.9301620329265083,4,4.0,1,1.0,0.17391304347826086,0,0.0,False,155915.95,1,False,False,False
2022,MG,PSTU,6,5,57000.0,2.211708645336964,2,2.0,0,0.0,0.0,0,0.0,True,5000.0,4,False,False,False
2022,MG,PT,42,42,29181406.61,18.064253026883044,18,18.0,10,10.0,4.285714285714286,15,10.0,False,280914.54,1,False,False,False
2022,MG,PTB,47,47,7247694.56,8.214149928427656,8,8.0,0,0.0,0.0,3,3.0,False,238776.29,1,False,False,False
2022,MG,PV,9,9,4372482.9,3.382588599741341,3,3.0,0,0.0,0.0,2,2.0,False,319498.7,1,False,False,False
2022,MG,REDE,27,25,5098009.76,2.875239532554859,3,3.0,0,0.0,0.0,1,1.0,True,250000.0,2,False,False,False
2022,MG,REPUBLICANOS,53,51,14850682.120000001,9.67645701242275,10,10.0,2,2.0,0.37735849056603776,8,7.0,False,351300.0,1,False,False,False
2022,MG,SOLIDARIEDADE,36,35,6667800.0,10.39477763223749,10,10.0,1,1.0,0.2777777777777778,3,3.0,True,200000.0,4,False,False,False
2022,MG,UNIAO,53,53,28043578.53,20.858139420483514,21,21.0,3,3.0,1.1886792452830188,4,4.0,False,447338.64,1,False,False,False
2022,MG,UP,1,1,27449.37,1.0,1,1.0,0,0.0,0.0,0,0.0,False,27449.37,1,False,True,False
2022,MS,AGIR,5,3,15000.0,3.0,3,3.0,0,0.0,0.0,0,0.0,True,5000.0,3,False,False,False
2022,MS,AVANTE,8,8,1200000.0,3.789473684210527,4,3.9999999999999996,0,0.0,0.0,1,1.0,True,100000.0,3,False,False,False
2022,MS,DC,3,3,29000.0,2.66984126984127,3,3.0,0,0.0,0.0,0,0.0,False,5000.0,1,False,True,False
2022,MS,MDB,9,8,3130000.0,1.5486966281477732,2,2.0,0,0.0,0.0,3,2.0,False,200000.0,1,False,False,False
2022,MS,NOVO,6,6,71449.18000000001,5.572129110423646,6,6.0,0,0.0,0.0,0,0.0,True,7241.53,2,False,True,False
2022,MS,PC DO B,2,2,170000.0,1.0857314599143437,1,1.0,0,0.0,0.0,0,0.0,False,163000.0,1,False,False,False
2022,MS,PDT,6,6,413000.0,4.227341445884656,4,4.0,0,0.0,0.0,0,0.0,True,30000.0,2,False,False,False
2022,MS,PL,8,8,2878139.0700000003,4.755792571986276,5,5.0,2,2.0,1.25,2,2.0,True,200000.0,2,False,False,False
2022,MS,PODE,7,7,3600000.0,6.680412371134019,7,7.0,0,0.0,0.0,3,3.0,False,300000.0,1,False,True,False
2022,MS,PP,9,9,7275000.0,5.917163484516891,6,6.0,1,1.0,0.6666666666666666,1,1.0,False,560000.0,1,False,False,False
2022,MS,PROS,4,0,0.0,,0,0.0,0,0.0,0.0,0,0.0,False,,0,False,False,False
2022,MS,PRTB,9,0,0.0,,0,0.0,0,0.0,0.0,0,0.0,False,,0,False,False,False
2022,MS,PSB,5,1,18000.0,1.0,1,1.0,0,0.0,0.0,0,0.0,False,18000.0,1,False,False,False
2022,MS,PSD,9,9,3677681.44,2.843024564465799,3,3.0,0,0.0,0.0,4,2.0,False,291454.2,1,False,False,False
2022,MS,PSDB,9,9,9103467.39,6.026043943802492,6,6.0,3,3.0,2.0,5,5.0,False,401302.53,1,False,False,False
2022,MS,PSOL,5,5,195810.03999999998,4.477180476876543,4,4.0,0,0.0,0.0,0,0.0,False,35709.98,1,False,False,False
2022,MS,PT,5,5,3333755.09,2.763943566083588,3,3.0,2,2.0,1.2,3,2.0,False,338700.0,1,False,False,False
2022,MS,PTB,9,9,1931146.6800000002,1.9717169284040816,2,2.0,0,0.0,0.0,2,1.0,False,125968.89,1,False,False,False
2022,MS,PV,2,2,499865.73,1.9999999285649939,2,2.0,0,0.0,0.0,0,0.0,False,249885.63,1,False,True,False
2022,MS,REDE,3,1,10000.0,1.0,1,1.0,0,0.0,0.0,0,0.0,False,10000.0,1,False,False,False
2022,MS,REPUBLICANOS,9,9,1531593.7799999998,6.924894406044575,7,7.0,0,0.0,0.0,1,1.0,True,100000.0,3,False,False,False
2022,MS,SOLIDARIEDADE,7,7,292500.0,4.2898777812597935,4,4.0,0,0.0,0.0,1,1.0,False,20000.0,1,False,False,False
2022,MS,UNIAO,9,9,7034500.0,4.283922554745191,4,4.0,0,0.0,0.0,4,2.0,False,710000.0,1,False,False,False
2022,MT,AGIR,6,0,0.0,,0,0.0,0,0.0,0.0,0,0.0,False,,0,False,False,False
2022,MT,CIDADANIA,2,2,2620046.52,1.3713378669327616,1,1.0,0,0.0,0.0,1,1.0,False,2197006.52,1,False,False,False
2022,MT,DC,8,8,54912.0,6.721033727871078,7,7.0,0,0.0,0.0,0,0.0,False,3000.0,1,False,False,False
2022,MT,MDB,9,9,12528433.16,5.525417938355344,6,6.0,2,2.0,1.3333333333333333,5,4.0,False,608789.0,1,False,False,False
2022,MT,NOVO,5,5,14827.649999999998,4.960525034107515,5,5.0,0,0.0,0.0,0,0.0,True,2641.5299999999997,2,False,True,False
2022,MT,PATRIOTA,9,9,1485000.0,7.254626202812733,7,7.0,0,0.0,0.0,1,0.0,False,100000.0,1,False,False,False
2022,MT,PC DO B,2,2,364500.0,1.712000798915022,2,2.0,0,0.0,0.0,0,0.0,False,107500.0,1,False,True,False
2022,MT,PDT,9,9,159000.0,8.56692646560488,9,9.0,0,0.0,0.0,0,0.0,False,7000.0,1,False,True,False
2022,MT,PL,9,9,7442150.68,6.2239556790172665,6,6.0,4,4.0,2.6666666666666665,4,3.0,False,701474.52,1,False,False,False
2022,MT,PODE,9,9,561766.68,7.323814776867117,7,7.0,0,0.0,0.0,0,0.0,False,38119.520000000004,1,False,False,False
2022,MT,PROS,9,9,1074496.1600000001,5.817753026312007,6,6.0,0,0.0,0.0,1,1.0,True,101474.52,3,False,False,False
2022,MT,PSB,9,9,6122442.7,7.730516113790071,8,8.0,0,0.0,0.0,4,4.0,False,428100.0,1,False,False,False
2022,MT,PSD,9,8,3605474.68,6.051793588523612,6,6.0,0,0.0,0.0,2,2.0,False,400074.0,1,False,False,False
2022,MT,PSDB,7,7,3883032.12,5.18629708178618,5,5.0,0,0.0,0.0,0,0.0,False,361474.52,1,False,False,False
2022,MT,PSOL,5,5,239793.01,3.2451614206139503,3,3.0,0,0.0,0.0,1,1.0,False,20634.0,1,False,False,False
2022,MT,PT,4,4,2736822.38,1.387295755719713,1,1.0,0,0.0,0.0,1,1.0,False,2310000.0,1,False,False,False
2022,MT,PTB,9,8,2208972.99,3.42312677585004,3,3.0,0,0.0,0.0,2,1.0,True,250000.0,2,False,False,False
2022,MT,PV,3,2,829978.0,1.0748967332325787,1,1.0,0,0.0,0.0,1,1.0,False,799978.0,1,False,False,False
2022,MT,REDE,3,3,100000.0,1.869158878504673,2,2.0,0,0.0,0.0,0,0.0,True,15000.0,2,False,False,False
2022,MT,REPUBLICANOS,9,9,8078195.01,5.644198886175106,6,6.0,0,0.0,0.0,4,3.0,False,452990.52,1,False,False,False
2022,MT,SOLIDARIEDADE,6,6,392468.9,4.863940878258176,5,5.0,0,0.0,0.0,0,0.0,False,32000.0,1,False,False,False
2022,MT,UNIAO,9,9,13208395.05,6.837771137069781,7,7.0,2,1.5,1.5555555555555556,5,3.5,True,1080000.0,2,False,False,False
2022,PA,AGIR,13,12,104000.0,6.693069306930694,7,7.0,0,0.0,0.0,0,0.0,True,5000.0,2,False,False,False
2022,PA,AVANTE,5,0,0.0,,0,0.0,0,0.0,0.0,0,0.0,False,,0,False,False,False
2022,PA,CIDADANIA,3,3,3518884.0,1.406238164024015,1,1.0,0,0.0,0.0,1,1.0,False,2938884.0,1,False,False,False
2022,PA,MDB,14,14,9558000.0,4.709583411155897,5,5.0,9,4.5,3.2142857142857144,6,3.5,True,387500.0,4,True,False,False
2022,PA,PATRIOTA,1,0,0.0,,0,0.0,0,0.0,0.0,1,0.0,False,,0,False,False,False
2022,PA,PC DO B,5,5,290000.0,4.698324022346369,5,5.0,0,0.0,0.0,1,1.0,True,40000.0,2,False,True,False
2022,PA,PDT,18,18,3259000.0,4.464452994136693,4,4.0,0,0.0,0.0,3,3.0,False,107000.0,1,False,False,False
2022,PA,PL,18,3,2040171.22,1.6139966705759798,2,2.0,3,2.0,0.3333333333333333,4,2.0,False,500000.0,1,True,False,False
2022,PA,PMB,8,0,0.0,,0,0.0,0,0.0,0.0,0,0.0,False,,0,False,False,False
2022,PA,PODE,18,18,4900000.0,10.246592506544419,10,10.0,0,0.0,0.0,2,2.0,False,200000.0,1,False,False,False
2022,PA,PP,17,17,3727382.98,10.009875503051363,10,10.0,0,0.0,0.0,3,2.0,True,150000.0,3,False,False,False
2022,PA,PROS,10,2,2600000.0,1.0798722044728435,1,1.0,0,0.0,0.0,0,0.0,False,2500000.0,1,False,False,False
2022,PA,PRTB,10,1,1000.0,1.0,1,1.0,0,0.0,0.0,0,0.0,False,1000.0,1,False,False,False
2022,PA,PSB,18,18,4719549.7299999995,11.709789861002553,12,12.0,0,0.0,0.0,2,2.0,False,182435.17,1,False,False,False
2022,PA,PSC,18,18,1515000.0,2.2257266842832557,2,2.0,0,0.0,0.0,1,1.0,False,110000.0,1,False,False,False
2022,PA,PSD,13,12,4584500.0,9.005987597379871,9,9.0,2,1.0,1.3846153846153846,5,4.0,False,249500.0,1,False,False,False
2022,PA,PSDB,14,14,5650000.0,7.401718121427825,7,7.0,0,0.0,0.0,2,2.0,True,300000.0,2,False,False,False
2022,PA,PSOL,15,15,4637111.73,4.256206417649563,4,4.0,0,0.0,0.0,2,1.0,False,221528.94,1,False,False,False
2022,PA,PSTU,1,1,7500.0,1.0,1,1.0,0,0.0,0.0,0,0.0,False,7500.0,1,False,True,False
2022,PA,PT,11,11,5561272.52,4.669403217251048,5,5.0,2,2.0,0.9090909090909091,4,3.0,False,204535.5,1,False,False,False
2022,PA,PTB,18,12,7324989.0,3.9603737126787024,4,4.0,0,0.0,0.0,3,2.0,False,400000.0,1,False,False,False
2022,PA,PV,2,2,729997.3999999999,1.1462645291739342,1,1.0,0,0.0,0.0,0,0.0,False,679998.7,1,False,False,False
2022,PA,REDE,2,1,200000.0,1.0,1,1.0,0,0.0,0.0,0,0.0,False,200000.0,1,False,False,False
2022,PA,REPUBLICANOS,18,18,2314717.5300000003,13.629380883446684,14,14.0,0,0.0,0.0,2,2.0,False,81224.16,1,False,False,False
2022,PA,SOLIDARIEDADE,10,10,138700.0,1.8874747480693739,2,2.0,0,0.0,0.0,0,0.0,False,7700.0,1,False,False,False
2022,PA,UNIAO,18,18,13942817.649999999,9.336980664022876,9,9.0,1,1.0,0.5,3,3.0,False,700000.0,1,False,False,False
2022,PB,AGIR,8,0,0.0,,0,0.0,0,0.0,0.0,0,0.0,False,,0,False,False,False
2022,PB,AVANTE,9,0,0.0,,0,0.0,0,0.0,0.0,0,0.0,False,,0,False,False,False
2022,PB,DC,2,2,20100.0,1.9999504975001234,2,2.0,0,0.0,0.0,0,0.0,False,10000.0,1,False,True,False
2022,PB,MDB,13,13,2782021.61,5.694371449692697,6,6.0,0,0.0,0.0,4,2.0,False,200000.0,1,False,False,False
2022,PB,PATRIOTA,10,10,500000.0,9.189149452326694,9,9.0,0,0.0,0.0,0,0.0,True,40000.0,2,False,False,False
2022,PB,PC DO B,2,2,368525.0,1.292939063772568,1,1.0,0,0.0,0.0,0,0.0,False,320525.0,1,False,False,False
2022,PB,PCO,3,3,9000.0,3.0,3,3.0,0,0.0,0.0,0,0.0,True,3000.0,3,False,True,False
2022,PB,PDT,8,8,432666.69,7.04084591061024,7,7.0,0,0.0,0.0,0,0.0,True,30666.67,2,False,False,False
2022,PB,PL,12,11,2923400.0,5.362964813174614,5,5.0,2,2.0,0.8333333333333334,3,2.0,False,200000.0,1,False,False,False
2022,PB,PMB,9,0,0.0,,0,0.0,0,0.0,0.0,0,0.0,False,,0,False,False,False
2022,PB,PODE,3,0,0.0,,0,0.0,0,0.0,0.0,0,0.0,False,,0,False,False,False
2022,PB,PP,11,11,9392313.21,6.0139460994965,6,6.0,2,2.0,1.0909090909090908,2,2.0,False,827692.3,1,False,False,False
2022,PB,PROS,3,3,41600.0,2.9999913323105467,3,3.0,0,0.0,0.0,0,0.0,True,13850.0,2,False,True,False
2022,PB,PRTB,11,7,41500.0,3.020166593599298,3,3.0,0,0.0,0.0,0,0.0,True,3000.0,2,False,False,False
2022,PB,PSB,13,12,7679000.0,5.52318387767571,6,6.0,1,1.0,0.46153846153846156,5,5.0,False,418000.0,1,False,False,False
2022,PB,PSC,13,10,9120820.0,4.419589281585017,4,4.0,2,2.0,0.6153846153846154,3,3.0,False,464000.0,1,False,False,False
2022,PB,PSDB,5,5,438375.0,1.856653878917786,2,2.0,0,0.0,0.0,0,0.0,False,65250.0,1,False,False,False
2022,PB,PSOL,2,2,360158.58999999997,1.7705382511462826,2,2.0,0,0.0,0.0,0,0.0,False,115250.75,1,False,True,False
2022,PB,PT,8,8,4949402.7,4.233392962825376,4,4.0,1,1.0,0.5,4,3.0,False,485870.0,1,False,False,False
2022,PB,PTB,12,12,1889404.0,3.720738017541074,4,4.0,0,0.0,0.0,0,0.0,False,208076.0,1,False,False,False
2022,PB,PV,2,2,401906.5,1.998215746182111,2,2.0,0,0.0,0.0,0,0.0,False,194948.4,1,False,True,False
2022,PB,REDE,11,11,821177.78,6.655113604429375,7,7.0,0,0.0,0.0,0,0.0,False,48025.0,1,False,False,False
2022,PB,REPUBLICANOS,13,13,11954119.0,9.457326951059178,9,9.0,3,3.0,2.076923076923077,7,7.0,True,499900.0,2,False,False,False
2022,PB,SOLIDARIEDADE,12,9,878000.0,4.794889657403029,5,5.0,0,0.0,0.0,0,0.0,False,45000.0,1,False,False,False
2022,PB,UNIAO,13,13,14097000.0,7.9109113984125825,8,8.0,1,1.0,0.6153846153846154,3,3.0,False,635000.0,1,False,False,False
2022,PB,UP,3,3,16485.0,2.7170665743498352,3,3.0,0,0.0,0.0,0,0.0,False,2995.0,1,False,True,False
2022,PE,AGIR,17,15,103000.0,9.122098022355976,9,9.0,0,0.0,0.0,0,0.0,True,5000.0,4,False,False,False
2022,PE,AVANTE,26,26,8836742.0,8.438518623507964,8,8.0,1,1.0,0.3076923076923077,1,0.5,True,200000.0,4,False,False,False
2022,PE,CIDADANIA,2,2,2525000.0,1.0079521605609199,1,1.0,0,0.0,0.0,1,1.0,False,2515000.0,1,False,False,False
2022,PE,DC,18,14,35000.0,13.461538461538462,13,13.0,0,0.0,0.0,0,0.0,True,2000.0,7,False,False,False
2022,PE,MDB,20,20,9147447.0,7.240061355215733,7,7.0,1,1.0,0.35,4,4.0,False,504800.0,1,False,False,False
2022,PE,NOVO,6,6,25449.179999999997,4.437751172240438,4,4.0,0,0.0,0.0,0,0.0,True,2241.53,3,False,False,False
2022,PE,PATRIOTA,21,19,940022.0,8.925650429503946,9,9.0,0,0.0,0.0,0,0.0,True,30000.0,4,False,False,False
2022,PE,PC DO B,3,3,3089188.76,1.0540140250491963,1,1.0,1,1.0,0.3333333333333333,1,1.0,False,3008418.76,1,False,False,False
2022,PE,PCB,2,0,0.0,,0,0.0,0,0.0,0.0,0,0.0,False,,0,False,False,False
2022,PE,PDT,24,24,5438370.0,5.726690668069302,6,6.0,0,0.0,0.0,3,2.0,False,280000.0,1,False,False,False
2022,PE,PL,26,10,5365946.26,3.018856992021144,3,3.0,4,3.0,0.46153846153846156,7,3.0,False,1000000.0,1,True,False,False
2022,PE,PMB,1,0,0.0,,0,0.0,0,0.0,0.0,0,0.0,False,,0,False,False,False
2022,PE,PMN,21,20,1845000.0,5.632772101104539,6,6.0,0,0.0,0.0,0,0.0,True,70000.0,2,False,False,False
2022,PE,PODE,22,22,8491182.85,5.1259737275353,5,5.0,0,0.0,0.0,3,1.0,False,250900.0,1,False,False,False
2022,PE,PP,21,21,16139674.3,7.868132857611351,8,8.0,4,4.0,1.5238095238095237,5,3.0,True,300000.0,2,False,False,False
2022,PE,PROS,3,0,0.0,,0,0.0,0,0.0,0.0,0,0.0,False,,0,False,False,False
2022,PE,PRTB,24,23,86770.57,13.060314696692442,13,13.0,0,0.0,0.0,0,0.0,False,1297.43,1,False,False,False
2022,PE,PSB,14,14,17220844.3,8.169501155595064,8,8.0,5,5.0,2.857142857142857,7,7.0,False,1008209.55,1,False,False,False
2022,PE,PSC,9,0,0.0,,0,0.0,0,0.0,0.0,0,0.0,False,,0,False,False,False
2022,PE,PSD,2,0,0.0,,0,0.0,0,0.0,0.0,0,0.0,False,,0,False,False,False
2022,PE,PSDB,13,10,1185000.0,7.693329680865635,8,8.0,0,0.0,0.0,0,0.0,True,40000.0,2,False,False,False
2022,PE,PSOL,17,17,1511562.5399999998,9.47820375706566,9,9.0,0,0.0,0.0,1,0.0,False,67623.5,1,False,False,False
2022,PE,PSTU,2,2,11044.0,2.0,2,2.0,0,0.0,0.0,0,0.0,True,5522.0,2,False,True,False
2022,PE,PT,15,14,6374884.23,6.390713176560139,6,6.0,1,1.0,0.4,4,3.0,True,600000.0,2,False,False,False
2022,PE,PTB,10,9,86841.95000000001,4.231007463464461,4,4.0,0,0.0,0.0,0,0.0,True,7257.19,3,False,False,False
2022,PE,PV,3,2,1321987.7,1.9129599009011198,2,2.0,1,1.0,0.6666666666666666,1,1.0,False,519998.7,1,False,False,False
2022,PE,REDE,9,9,3746672.8000000003,2.2527505028683286,2,2.0,1,1.0,0.2222222222222222,2,2.0,False,500000.0,1,False,False,False
2022,PE,REPUBLICANOS,25,24,10718000.0,8.749965219284935,9,9.0,2,2.0,0.72,4,4.0,False,300000.0,1,False,False,False
2022,PE,SOLIDARIEDADE,13,11,7640000.0,2.8622651131772003,3,3.0,1,1.0,0.23076923076923078,5,2.0,False,350000.0,1,False,False,False
2022,PE,UNIAO,26,26,29793231.74,20.681228712693365,21,21.0,3,3.0,2.423076923076923,7,7.0,False,663977.34,1,False,False,False
2022,PE,UP,2,2,81651.0,1.014618290366188,1,1.0,0,0.0,0.0,0,0.0,False,81058.5,1,False,False,False
2022,PI,AGIR,6,1,5000.0,1.0,1,1.0,0,0.0,0.0,0,0.0,False,5000.0,1,False,False,False
2022,PI,CIDADANIA,9,9,130440.0,8.646533660847357,9,9.0,0,0.0,0.0,0,0.0,True,10000.0,2,False,True,False
2022,PI,NOVO,6,6,82441.28,3.4651365431739247,3,3.0,0,0.0,0.0,0,0.0,True,9241.53,2,False,False,False
2022,PI,PATRIOTA,9,6,550000.0,5.363475177304965,5,5.0,0,0.0,0.0,0,0.0,False,70000.0,1,False,False,False
2022,PI,PCB,2,0,0.0,,0,0.0,0,0.0,0.0,0,0.0,False,,0,False,False,False
2022,PI,PCO,1,0,0.0,,0,0.0,0,0.0,0.0,0,0.0,False,,0,False,False,False
2022,PI,PDT,8,8,1445000.0,1.6674519355547128,2,2.0,0,0.0,0.0,0,0.0,True,80000.0,2,False,False,False
2022,PI,PL,10,10,1709000.0,1.296524039364301,1,1.0,0,0.0,0.0,0,0.0,False,1499000.0,1,False,False,False
2022,PI,PMN,11,11,225000.0,8.19838056680162,8,8.0,0,0.0,0.0,0,0.0,True,10000.0,2,False,False,False
2022,PI,PODE,9,9,1000720.0,6.764455241052681,7,7.0,0,0.0,0.0,0,0.0,False,70000.0,1,False,False,False
2022,PI,PP,9,9,15134166.67,7.069032929455043,7,7.0,2,2.0,1.5555555555555556,2,2.0,False,1126250.0,1,False,False,False
2022,PI,PSC,11,0,0.0,,0,0.0,0,0.0,0.0,0,0.0,False,,0,False,False,False
2022,PI,PSD,10,10,9764000.0,5.724803123695437,6,6.0,3,3.0,1.8,3,3.0,False,400000.0,1,False,False,False
2022,PI,PSOL,4,4,222301.39,3.569119540326305,4,4.0,0,0.0,0.0,0,0.0,False,31816.61,1,False,True,False
2022,PI,PSTU,2,2,13400.0,2.0,2,2.0,0,0.0,0.0,0,0.0,True,6700.0,2,False,True,False
2022,PI,PT,9,9,7861466.8,4.613740472038869,5,5.0,4,3.0,2.2222222222222223,7,4.0,False,254902.5,1,False,False,False
2022,PI,PTB,10,10,410000.01999999996,7.245369962336925,7,7.0,0,0.0,0.0,0,0.0,True,15837.74,4,False,False,False
2022,PI,PV,2,1,79998.7,1.0,1,1.0,1,0.0,0.5,0,0.0,False,79998.7,1,False,False,False
2022,PI,REDE,3,3,48333.34,2.9928825358341253,3,3.0,0,0.0,0.0,0,0.0,False,15000.0,1,False,True,False
2022,PI,REPUBLICANOS,11,11,3229446.9499999993,1.6331977082199467,2,2.0,0,0.0,0.0,1,1.0,False,315960.8,1,False,False,False
2022,PI,SOLIDARIEDADE,11,5,6300650.0,3.0191262498702676,3,3.0,0,0.0,0.0,3,2.0,False,1300000.0,1,False,False,False
2022,PI,UNIAO,10,10,10776000.0,7.352661891994614,7,7.0,0,0.0,0.0,5,4.0,False,625280.0,1,False,False,False
2022,PI,UP,1,1,21030.0,1.0,1,1.0,0,0.0,0.0,0,0.0,False,21030.0,1,False,True,False
2022,PR,AGIR,26,25,824417.54,5.570380786580528,6,6.0,0,0.0,0.0,0,0.0,False,38403.04,1,False,False,False
2022,PR,CIDADANIA,12,12,3483500.0,1.9795396019957754,2,2.0,0,0.0,0.0,1,1.0,False,200000.0,1,False,False,False
2022,PR,DC,25,13,78508.0,12.201752548060366,12,12.0,0,0.0,0.0,1,0.0,True,4385.0,5,False,False,False
2022,PR,MDB,30,30,9013666.559999997,6.670665291048025,7,7.0,1,1.0,0.23333333333333334,3,3.0,False,256944.44,1,False,False,False
2022,PR,NOVO,26,26,542733.05,7.337652234709635,7,7.0,0,0.0,0.0,0,0.0,False,21241.53,1,False,False,False
2022,PR,PATRIOTA,20,20,1110700.0,9.831483808693326,10,10.0,0,0.0,0.0,0,0.0,True,40000.0,4,False,False,False
2022,PR,PC DO B,4,4,179842.0,3.569536460362222,4,4.0,0,0.0,0.0,0,0.0,False,20000.0,1,False,True,False
2022,PR,PCB,2,0,0.0,,0,0.0,0,0.0,0.0,0,0.0,False,,0,False,False,False
2022,PR,PCO,1,1,12090.91,1.0,1,1.0,0,0.0,0.0,0,0.0,False,12090.91,1,False,True,False
2022,PR,PDT,30,29,3339312.639999999,4.5894024534177635,5,5.0,0,0.0,0.0,3,2.0,False,106796.88,1,False,False,False
2022,PR,PL,26,26,8094019.0,3.733384323017526,4,4.0,3,3.0,0.46153846153846156,3,3.0,False,460383.0,1,False,False,False
2022,PR,PMB,27,24,67559.0,18.3060985103235,18,18.0,0,0.0,0.0,1,1.0,True,1700.0,3,False,False,False
2022,PR,PMN,18,17,315000.0,13.63917525773196,14,14.000000000000002,0,0.0,0.0,0,0.0,True,15000.0,14,False,False,False
2022,PR,PODE,28,28,5928545.6899999995,9.766321171261605,10,10.0,1,1.0,0.35714285714285715,1,1.0,False,132338.14,1,False,False,False
2022,PR,PP,31,31,20115086.629999995,16.97303597275909,17,17.0,4,4.0,2.193548387096774,11,10.0,False,400000.0,1,False,False,False
2022,PR,PROS,30,29,10247446.68,7.876514392571253,8,8.0,1,1.0,0.26666666666666666,5,4.0,False,300000.0,1,False,False,False
2022,PR,PRTB,15,11,60688.27,7.121650807568433,7,7.0,0,0.0,0.0,0,0.0,True,4199.37,5,False,False,False
2022,PR,PSB,22,22,6580640.55,5.737028098416534,6,6.0,1,1.0,0.2727272727272727,4,3.0,False,300000.0,1,False,False,False
2022,PR,PSC,24,22,725000.0,8.867566427667649,9,9.0,0,0.0,0.0,0,0.0,True,30000.0,4,False,False,False
2022,PR,PSD,29,29,21835389.359999996,14.022638735576924,14,14.0,7,7.0,3.3793103448275863,10,10.0,False,343107.0,1,False,False,False
2022,PR,PSDB,10,10,6099287.82,3.1496042517401555,3,3.0,1,1.0,0.3,2,2.0,False,729722.28,1,False,False,False
2022,PR,PSOL,10,10,395674.85,7.377045571274072,7,7.0,0,0.0,0.0,0,0.0,False,22540.49,1,False,False,False
2022,PR,PSTU,1,0,0.0,,0,0.0,0,0.0,0.0,0,0.0,False,,0,False,False,False
2022,PR,PT,23,23,11306807.69,7.899391148216908,8,8.0,5,5.0,1.7391304347826086,6,5.0,False,335000.0,1,False,False,False
2022,PR,PTB,30,30,2669927.4,1.7462553917472676,2,2.0,0,0.0,0.0,2,1.0,False,57087.2,1,False,False,False
2022,PR,PV,2,2,2389794.37,1.3019377940503765,1,1.0,1,1.0,0.5,1,1.0,False,2069845.67,1,False,False,False
2022,PR,REDE,21,21,1407948.64,14.222963431454243,14,14.0,0,0.0,0.0,2,2.0,False,45693.53,1,False,False,False
2022,PR,REPUBLICANOS,28,28,6372486.5,11.882207068008283,12,12.0,1,1.0,0.42857142857142855,3,3.0,True,150000.0,3,False,False,False
2022,PR,SOLIDARIEDADE,22,21,3724678.72,12.180215726585908,12,12.0,0,0.0,0.0,4,4.0,False,115895.64,1,False,False,False
2022,PR,UNIAO,27,24,12956906.73,10.113235787010938,10,10.0,4,4.0,1.4814814814814814,4,3.0,False,562973.03,1,False,False,False
2022,RJ,AGIR,45,44,4328000.0,10.81516466182518,11,11.0,0,0.0,0.0,0,0.0,True,70000.0,2,False,False,False
2022,RJ,AVANTE,43,36,3393273.75,14.03419648547981,14,14.0,0,0.0,0.0,2,1.0,False,65000.0,1,False,False,False
2022,RJ,CIDADANIA,22,22,3648182.5,8.265713177762846,8,8.0,0,0.0,0.0,3,3.0,False,130000.0,1,False,False,False
2022,RJ,DC,44,41,380318.89999999997,30.67208725824835,31,31.0,0,0.0,0.0,0,0.0,False,5612.88,1,False,False,False
2022,RJ,MDB,45,35,10475065.0,5.4010783750773985,5,5.0,2,2.0,0.2222222222222222,5,4.0,False,400000.0,1,False,False,False
2022,RJ,NOVO,21,21,558847.1300000002,2.5776938146712958,3,3.0,0,0.0,0.0,1,1.0,False,51741.53,1,False,False,False
2022,RJ,PATRIOTA,47,45,2550788.4899999998,16.266335346900686,16,16.0,0,0.0,0.0,3,2.0,True,50416.67,4,False,False,False
2022,RJ,PC DO B,3,3,4758000.0,1.988612538540596,2,2.0,1,1.0,0.6666666666666666,2,2.0,False,1896000.0,1,False,False,False
2022,RJ,PCB,3,0,0.0,,0,0.0,0,0.0,0.0,0,0.0,False,,0,False,False,False
2022,RJ,PDT,44,43,5955000.0,8.75610960561485,9,9.0,1,1.0,0.20454545454545456,7,5.333333333333333,True,150000.0,3,False,False,False
2022,RJ,PL,46,44,20698969.28,17.97775805626017,18,18.000000000000004,11,7.692307692307692,4.304347826086956,18,12.923076923076923,True,500000.0,13,False,False,False
2022,RJ,PMB,41,39,85768.01999999999,9.865592601013876,10,10.0,0,0.0,0.0,0,0.0,True,1282.28,2,False,False,False
2022,RJ,PMN,47,32,2214012.39,13.84633821892707,14,14.0,0,0.0,0.0,2,2.0,True,50000.0,4,False,False,False
2022,RJ,PODE,47,47,7272943.0,24.557810957480005,25,25.0,1,0.5,0.5319148936170213,7,6.5,True,100000.0,4,False,False,False
2022,RJ,PP,46,32,18260000.0,10.336676819580397,10,10.0,3,3.0,0.6521739130434783,10,8.0,False,800000.0,1,False,False,False
2022,RJ,PROS,42,11,3470000.0,2.656920938237826,3,3.0,1,1.0,0.07142857142857142,2,2.0,True,100000.0,2,False,False,False
2022,RJ,PRTB,42,15,182604.69999999998,2.0838809600075425,2,2.0,0,0.0,0.0,0,0.0,False,12118.42,1,False,False,False
2022,RJ,PSB,36,34,3615740.0,13.797605225292312,14,14.0,1,1.0,0.3888888888888889,3,3.0,True,80000.0,4,False,False,False
2022,RJ,PSC,26,26,5576005.3599999985,2.9315677937001423,3,3.0,0,0.0,0.0,0,0.0,False,753042.88,1,False,False,False
2022,RJ,PSD,47,43,22801163.479999997,19.246232432930704,19,19.0,4,4.0,1.6170212765957446,22,17.0,False,402298.66,1,False,False,False
2022,RJ,PSDB,25,24,4707500.0,4.217719305549774,4,4.0,0,0.0,0.0,0,0.0,False,240000.0,1,False,False,False
2022,RJ,PSOL,28,28,10689494.75,10.203362792773314,10,10.0,5,5.0,1.7857142857142858,7,5.0,False,366753.13,1,False,False,False
2022,RJ,PSTU,2,2,18223.0,1.9997005426753964,2,2.0,0,0.0,0.0,0,0.0,False,9000.0,1,False,True,False
2022,RJ,PT,36,36,13333018.5,9.710044257831095,10,10.0,5,5.0,1.3888888888888888,6,6.0,False,321991.5,1,False,False,False
2022,RJ,PTB,47,45,7207281.95,4.50241903291348,5,5.0,1,0.0,0.10638297872340426,3,2.0,False,360520.0,1,False,False,False
2022,RJ,PV,6,6,1115099.5,2.9782219330200594,3,3.0,0,0.0,0.0,1,1.0,False,138558.75,1,False,False,False
2022,RJ,REDE,3,3,3305424.47,1.0821710253061843,1,1.0,0,0.0,0.0,1,1.0,False,3176000.0,1,False,False,False
2022,RJ,REPUBLICANOS,46,46,11203692.0,12.133079917379492,12,12.0,3,3.0,0.782608695652174,6,4.0,False,177030.0,1,False,False,False
2022,RJ,SOLIDARIEDADE,47,37,4788453.5,4.101454454561155,4,4.0,1,1.0,0.0851063829787234,3,3.0,True,200000.0,2,False,False,False
2022,RJ,UNIAO,47,47,39907880.71,22.619633740391574,23,23.0,6,6.0,2.9361702127659575,20,17.0,False,500000.0,1,False,False,False
2022,RN,AVANTE,9,9,225000.0,7.390510948905111,7,7.0,0,0.0,0.0,0,0.0,True,12500.0,3,False,False,False
2022,RN,CIDADANIA,2,2,289900.0,1.9624516141385604,2,2.0,0,0.0,0.0,0,0.0,False,124900.0,1,False,True,False
2022,RN,DC,9,7,11750.0,5.1016166281755195,5,5.0,0,0.0,0.0,0,0.0,True,1000.0,3,False,False,False
2022,RN,MDB,8,8,8218559.9799999995,5.600392332290524,6,6.0,0,0.0,0.0,2,2.0,False,504827.14,1,False,False,False
2022,RN,PATRIOTA,7,7,1000000.0,3.1133250311332503,3,3.0,0,0.0,0.0,0,0.0,False,150000.0,1,False,False,False
2022,RN,PC DO B,3,3,349000.0,2.424624265950035,2,2.0,0,0.0,0.0,0,0.0,False,125000.0,1,False,False,False
2022,RN,PDT,9,9,560400.0,3.172662550785123,3,3.0,0,0.0,0.0,0,0.0,True,42200.0,2,False,False,False
2022,RN,PL,9,9,4890000.0,3.5953136022931003,4,4.0,4,3.0,1.7777777777777777,3,3.0,False,502000.0,1,False,False,False
2022,RN,PMB,3,0,0.0,,0,0.0,0,0.0,0.0,0,0.0,False,,0,False,False,False
2022,RN,PMN,9,9,525000.0,2.1256699957583005,2,2.0,0,0.0,0.0,0,0.0,False,75000.0,1,False,False,False
2022,RN,PODE,9,9,486386.55999999994,8.749914665306992,9,9.0,0,0.0,0.0,0,0.0,False,42111.1,1,False,True,False
2022,RN,PP,9,9,6431482.37,7.135411197531167,7,7.0,0,0.0,0.0,4,3.5,True,400000.0,2,False,False,False
2022,RN,PRTB,8,1,16710.35,1.0,1,1.0,0,0.0,0.0,0,0.0,False,16710.35,1,False,False,False
2022,RN,PSB,9,9,5410000.0,6.614110415583829,7,7.0,0,0.0,0.0,1,1.0,False,400000.0,1,False,False,False
2022,RN,PSC,8,8,899970.0,5.955774291545054,6,6.0,0,0.0,0.0,0,0.0,True,50000.0,2,False,False,False
2022,RN,PSD,9,9,497028.5,1.5377529691525265,2,2.0,0,0.0,0.0,1,1.0,True,19958.0,3,False,False,False
2022,RN,PSDB,7,7,4000000.0,2.112211221122112,2,2.0,0,0.0,0.0,0,0.0,True,250000.0,2,False,False,False
2022,RN,PSOL,4,4,280552.14,2.992582580930695,3,3.0,0,0.0,0.0,0,0.0,False,55280.159999999996,1,False,False,False
2022,RN,PSTU,1,1,8300.0,1.0,1,1.0,0,0.0,0.0,0,0.0,False,8300.0,1,False,True,False
2022,RN,PT,4,4,4281970.45,2.6888512845026056,3,3.0,2,2.0,1.5,2,2.0,False,754670.45,1,False,False,False
2022,RN,PTB,7,0,0.0,,0,0.0,0,0.0,0.0,0,0.0,False,,0,False,False,False
2022,RN,PV,2,2,819975.4,1.7066125339389118,2,2.0,0,0.0,0.0,0,0.0,False,239997.40000000002,1,False,True,False
2022,RN,REDE,3,0,0.0,,0,0.0,0,0.0,0.0,0,0.0,False,,0,False,False,False
2022,RN,REPUBLICANOS,9,9,3601100.0,5.714320467128619,6,6.0,0,0.0,0.0,1,1.0,False,200000.0,1,False,False,False
2022,RN,SOLIDARIEDADE,9,9,3059201.55,4.654755328753333,5,5.0,0,0.0,0.0,2,2.0,True,250000.0,2,False,False,False
2022,RN,UNIAO,9,9,16127128.709999999,7.5981211530896955,8,8.0,2,2.0,1.7777777777777777,4,4.0,False,1121112.9,1,False,False,False
2022,RO,AGIR,7,7,120000.0,6.4,6,6.0,0,0.0,0.0,1,1.0,True,15000.0,6,False,False,False
2022,RO,AVANTE,9,8,3009000.0,2.4008010553460033,2,2.0,0,0.0,0.0,1,1.0,False,525000.0,1,False,False,False
2022,RO,MDB,9,9,9020000.01,6.460558704288216,6,6.0,2,2.0,1.3333333333333333,4,3.0,False,600000.0,1,False,False,False
2022,RO,PATRIOTA,7,6,1420000.0,3.2585649644473182,3,3.0,0,0.0,0.0,1,1.0,True,440000.0,2,False,False,False
2022,RO,PC DO B,3,3,154900.0,2.419577859772644,2,2.0,0,0.0,0.0,0,0.0,False,53000.0,1,False,False,False
2022,RO,PDT,8,7,813600.0,6.215378732399907,6,6.0,0,0.0,0.0,0,0.0,True,100750.0,2,False,False,False
2022,RO,PL,9,9,5997650.0,3.0851287267175636,3,3.0,2,2.0,0.6666666666666666,5,3.0,False,1000000.0,1,False,False,False
2022,RO,PMB,2,0,0.0,,0,0.0,0,0.0,0.0,0,0.0,False,,0,False,False,False
2022,RO,PODE,9,8,3403400.0,6.384101148499043,6,6.0,0,0.0,0.0,1,1.0,False,250000.0,1,False,False,False
2022,RO,PP,6,3,4800000.0,2.5043478260869563,3,3.0,0,0.0,0.0,1,0.0,False,600000.0,1,False,False,False
2022,RO,PROS,9,0,0.0,,0,0.0,0,0.0,0.0,0,0.0,False,,0,False,False,False
2022,RO,PSB,8,8,5131487.05,3.8425842785117887,4,4.0,0,0.0,0.0,2,1.0,True,300765.21,2,False,False,False
2022,RO,PSC,9,9,1941388.8899999997,7.351207636098679,7,7.0,0,0.0,0.0,2,2.0,False,203600.0,1,False,False,False
2022,RO,PSD,8,8,3752234.4,5.120894905492425,5,5.0,0,0.0,0.0,2,2.0,False,350000.0,1,False,False,False
2022,RO,PSOL,8,8,97432.9,6.472663016528628,6,6.0,0,0.0,0.0,0,0.0,True,7366.56,2,False,False,False
2022,RO,PT,3,3,1194700.0,2.7949259985765176,3,3.0,0,0.0,0.0,1,1.0,False,248780.0,1,False,True,False
2022,RO,PTB,9,9,2415600.0,7.911763908302169,8,8.0,0,0.0,0.0,0,0.0,True,200000.0,3,False,False,False
2022,RO,PV,2,2,574997.4,1.9962263810321652,2,2.0,0,0.0,0.0,0,0.0,False,274998.7,1,False,True,False
2022,RO,REPUBLICANOS,9,9,4698073.42,4.463840645516008,4,4.0,0,0.0,0.0,3,2.0,False,361000.0,1,False,False,False
2022,RO,SOLIDARIEDADE,6,3,205000.0,1.47585601404741,1,1.0,0,0.0,0.0,0,0.0,False,165000.0,1,False,False,False
2022,RO,UNIAO,9,9,12908412.5,7.795408051671323,8,8.0,4,4.0,3.5555555555555554,4,3.0,False,616850.0,1,False,False,False
2022,RR,CIDADANIA,6,6,45666.67999999999,5.718334116464245,6,6.0,0,0.0,0.0,0,0.0,True,6416.67,4,False,True,False
2022,RR,DC,6,6,118772.83,5.30055333866847,5,5.0,0,0.0,0.0,0,0.0,False,12369.84,1,False,False,False
2022,RR,MDB,8,8,3503997.28,7.210439630590288,7,7.0,2,2.0,1.75,2,1.0,False,302500.0,1,False,False,False
2022,RR,PATRIOTA,7,7,237750.0,4.298054851939683,4,4.0,0,0.0,0.0,0,0.0,True,25000.0,4,False,False,False
2022,RR,PCO,1,1,3000.0,1.0,1,1.0,0,0.0,0.0,0,0.0,False,3000.0,1,False,True,False
2022,RR,PDT,8,6,385758.68,2.7621155482205793,3,3.0,0,0.0,0.0,1,0.0,False,38430.0,1,False,False,False
2022,RR,PL,8,8,1700000.0,6.720930232558139,7,7.0,0,0.0,0.0,1,1.0,True,100000.0,2,False,False,False
2022,RR,PMB,4,4,14808.9,3.981557264639696,4,4.0,0,0.0,0.0,0,0.0,False,3424.5,1,False,True,False
2022,RR,PMN,6,6,750000.0,5.0,5,5.0,0,0.0,0.0,0,0.0,True,100000.0,5,False,False,False
2022,RR,PODE,8,8,4480000.0,6.263778790337682,6,6.0,0,0.0,0.0,2,2.0,False,450000.0,1,False,False,False
2022,RR,PP,9,9,4173999.9899999998,4.750839036747217,5,5.0,0,0.0,0.0,3,3.0,False,314428.57,1,False,False,False
2022,RR,PROS,8,8,1405972.2,4.290510985985771,4,4.0,0,0.0,0.0,0,0.0,False,139159.44,1,False,False,False
2022,RR,PRTB,7,7,4900.0,7.0,7,7.0,0,0.0,0.0,0,0.0,True,700.0,7,False,True,False
2022,RR,PSC,3,0,0.0,,0,0.0,0,0.0,0.0,0,0.0,False,,0,False,False,False
2022,RR,PSD,9,9,3849983.1,5.876090934693003,6,6.0,1,1.0,0.6666666666666666,1,1.0,False,250000.0,1,False,False,False
2022,RR,PSDB,1,0,0.0,,0,0.0,0,0.0,0.0,0,0.0,False,,0,False,False,False
2022,RR,PSOL,3,3,210810.06,2.7172964060529843,3,3.0,0,0.0,0.0,0,0.0,True,54243.02,2,False,True,False
2022,RR,PT,3,2,512450.0,1.5339332453391512,2,2.0,0,0.0,0.0,0,0.0,False,114990.0,1,False,False,False
2022,RR,PTB,9,9,321830.0,8.19223770015476,8,8.0,0,0.0,0.0,1,1.0,True,25000.0,2,False,False,False
2022,RR,PV,3,3,149742.4,2.17301641947677,2,2.0,0,0.0,0.0,1,0.0,False,69998.7,1,False,False,False
2022,RR,REDE,5,5,4268640.0,3.441698090573845,3,3.0,0,0.0,0.0,1,1.0,True,565500.0,2,False,False,False
2022,RR,REPUBLICANOS,9,9,5215790.0,6.787116233992119,7,7.0,3,3.0,2.3333333333333335,3,3.0,False,492790.0,1,False,False,False
2022,RR,SOLIDARIEDADE,7,7,1369300.0,4.680621464521969,5,5.0,0,0.0,0.0,1,1.0,False,134000.0,1,False,False,False
2022,RR,UNIAO,8,8,6863259.279999999,6.257137826755669,6,6.0,2,2.0,1.5,3,3.0,False,522407.41,1,False,False,False
2022,RS,AGIR,1,0,0.0,,0,0.0,0,0.0,0.0,0,0.0,False,,0,False,False,False
2022,RS,AVANTE,30,30,2460592.0,8.430643911280523,8,8.0,0,0.0,0.0,0,0.0,True,100000.0,2,False,False,False
2022,RS,CIDADANIA,8,8,2415643.05,1.1145406947206677,1,1.0,1,1.0,0.125,1,1.0,False,2287409.38,1,False,False,False
2022,RS,DC,7,6,150874.46000000002,1.9218856815688792,2,2.0,0,0.0,0.0,0,0.0,False,13000.0,1,False,False,False
2022,RS,MDB,24,24,14598763.21,8.38018547701476,8,8.0,3,3.0,1.0,8,7.0,False,385999.97,1,False,False,False
2022,RS,NOVO,6,6,365811.78,2.471425836397003,2,2.0,1,1.0,0.3333333333333333,2,1.0,False,158428.04,1,False,False,False
2022,RS,PATRIOTA,23,22,685000.0,18.02977905859751,18,17.999999999999996,0,0.0,0.0,0,0.0,True,20000.0,9,False,False,False
2022,RS,PC DO B,4,4,1403560.95,2.4443665628778684,2,2.0,1,1.0,0.5,1,1.0,False,568750.0,1,False,False,False
2022,RS,PCB,2,0,0.0,,0,0.0,0,0.0,0.0,0,0.0,False,,0,False,False,False
2022,RS,PDT,28,28,6902651.14,5.673693812818795,6,6.0,2,2.0,0.42857142857142855,3,3.0,False,105743.45999999999,1,False,False,False
2022,RS,PL,31,25,9104279.150000002,4.67944970206504,5,5.0,4,3.0,0.6451612903225806,7,4.0,False,1001281.58,1,False,False,False
2022,RS,PODE,28,27,5969020.14,4.661234135138024,5,5.0,1,0.0,0.17857142857142858,1,1.0,False,222270.78,1,False,False,False
2022,RS,PP,27,26,10401000.0,5.8145712140222034,6,6.0,3,3.0,0.6666666666666666,7,6.0,False,380000.0,1,False,False,False
2022,RS,PROS,3,0,0.0,,0,0.0,0,0.0,0.0,0,0.0,False,,0,False,False,False
2022,RS,PRTB,7,7,105205.7,4.515938612023571,5,5.0,0,0.0,0.0,0,0.0,True,8896.0,2,False,False,False
2022,RS,PSB,23,23,8521000.0,7.212632236665323,7,7.0,1,1.0,0.30434782608695654,3,3.0,False,220000.0,1,False,False,False
2022,RS,PSC,29,26,740000.0,20.547842401500933,21,21.0,0,0.0,0.0,1,1.0,True,15000.0,10,False,False,False
2022,RS,PSD,28,28,6723380.800000001,7.600934886800204,8,8.0,1,1.0,0.2857142857142857,5,4.0,False,128099.98,1,False,False,False
2022,RS,PSDB,23,23,7480370.98,7.573606909368637,8,8.0,2,2.0,0.6956521739130435,4,4.0,False,224129.97,1,False,False,False
2022,RS,PSOL,30,30,5935442.089999999,7.5928115280393,8,8.0,1,1.0,0.26666666666666666,2,2.0,False,219988.26,1,False,False,False
2022,RS,PSTU,3,2,5500.0,1.6575342465753424,2,2.0,0,0.0,0.0,0,0.0,False,1500.0,1,False,False,False
2022,RS,PT,25,25,14464366.43,9.643977992734676,10,10.0,6,6.0,2.4,7,7.0,False,208450.0,1,False,False,False
2022,RS,PTB,31,30,5234510.0,8.195181135764429,8,8.0,0,0.0,0.0,5,5.0,False,122229.0,1,False,False,False
2022,RS,PV,2,2,531584.0,1.993048677905413,2,2.0,0,0.0,0.0,0,0.0,False,250095.0,1,False,True,False
2022,RS,REDE,2,2,230000.0,1.2195121951219512,1,1.0,0,0.0,0.0,0,0.0,False,207000.0,1,False,False,False
2022,RS,REPUBLICANOS,32,32,7953634.379999999,7.149452145541751,7,7.0,3,3.0,0.65625,7,6.0,False,200000.0,1,False,False,False
2022,RS,SOLIDARIEDADE,25,25,573538.28,16.625583194295245,17,17.0,0,0.0,0.0,0,0.0,False,10951.72,1,False,False,False
2022,RS,UNIAO,28,25,5588794.71,6.974504114809445,7,7.0,1,1.0,0.25,3,3.0,False,250000.0,1,False,False,False
2022,RS,UP,2,2,81379.0,1.9994258714524231,2,2.0,0,0.0,0.0,0,0.0,False,40000.0,1,False,True,False
2022,SC,AVANTE,12,12,1575000.0,6.894871858016101,7,7.0,0,0.0,0.0,0,0.0,False,90000.0,1,False,False,False
2022,SC,CIDADANIA,5,3,3030477.7800000003,1.142737278574453,1,1.0,1,1.0,0.2,1,1.0,False,2830488.89,1,False,False,False
2022,SC,DC,2,2,82000.0,1.8299088311334877,2,2.0,0,0.0,0.0,0,0.0,False,28500.0,1,False,True,False
2022,SC,MDB,16,16,6387288.0,5.263441797591031,5,5.0,3,3.0,0.9375,4,3.0,False,252674.0,1,False,False,False
2022,SC,NOVO,13,13,356189.52000000014,2.5031107604269383,3,3.0,1,0.0,0.23076923076923078,2,1.0,False,16241.529999999999,1,False,False,False
2022,SC,PATRIOTA,16,15,1083500.0,10.92867798503555,11,11.0,0,0.0,0.0,5,4.0,False,33000.0,1,False,False,False
2022,SC,PC DO B,2,2,555700.0,1.0273571560055546,1,1.0,0,0.0,0.0,0,0.0,False,548200.0,1,False,False,False
2022,SC,PCO,1,1,3000.0,1.0,1,1.0,0,0.0,0.0,0,0.0,False,3000.0,1,False,True,False
2022,SC,PDT,12,12,274945.87999999995,9.188368247177543,9,9.0,0,0.0,0.0,1,1.0,True,11887.49,2,False,False,False
2022,SC,PL,15,10,6723796.28,4.750930791416097,5,5.0,6,4.0,2.0,6,3.5,True,500000.0,2,True,False,False
2022,SC,PODE,16,15,6345000.0,8.265424906714024,8,8.0,0,0.0,0.0,2,2.0,False,300000.0,1,False,False,False
2022,SC,PP,17,16,6725000.0,4.642227519894069,5,5.0,0,0.0,0.0,3,3.0,False,400000.0,1,False,False,False
2022,SC,PROS,13,0,0.0,,0,0.0,0,0.0,0.0,0,0.0,False,,0,False,False,False
2022,SC,PRTB,3,3,5500.0,2.469387755102041,2,2.0,0,0.0,0.0,0,0.0,False,1500.0,1,False,False,False
2022,SC,PSB,17,17,4368091.67,6.869027294233329,7,7.0,0,0.0,0.0,2,2.0,False,200000.0,1,False,False,False
2022,SC,PSC,15,14,660000.0,5.635187580853818,6,6.0,0,0.0,0.0,2,1.0,False,35000.0,1,False,False,False
2022,SC,PSD,13,13,11291400.0,6.385014983649962,6,6.0,2,2.0,0.9230769230769231,6,6.0,True,1476500.0,2,False,False,False
2022,SC,PSDB,9,8,4229572.53,1.7332358856736134,2,2.0,0,0.0,0.0,1,1.0,False,256000.0,1,False,False,False
2022,SC,PSOL,11,11,478989.70000000007,6.1812595560267365,6,6.0,0,0.0,0.0,0,0.0,False,37600.69,1,False,False,False
2022,SC,PSTU,1,1,3211.0,1.0,1,1.0,0,0.0,0.0,0,0.0,False,3211.0,1,False,True,False
2022,SC,PT,13,13,4846869.390000001,5.27034607470836,5,5.0,2,2.0,0.7692307692307693,3,2.0,False,245543.2,1,False,False,False
2022,SC,PTB,17,17,1602740.0,7.741671859585431,8,8.0,0,0.0,0.0,3,2.0,True,41800.0,2,False,False,False
2022,SC,PV,2,2,699987.7,1.8142029942693494,2,2.0,0,0.0,0.0,0,0.0,False,237989.0,1,False,True,False
2022,SC,REDE,6,6,59917.09,5.999942574632343,6,6.0,0,0.0,0.0,0,0.0,False,9917.1,1,False,True,False
2022,SC,REPUBLICANOS,16,16,3634520.0100000002,10.165027661392719,10,10.0,0,0.0,0.0,3,2.0,False,154192.4,1,False,False,False
2022,SC,SOLIDARIEDADE,12,10,1683000.0,2.236383274551557,2,2.0,0,0.0,0.0,1,1.0,False,170000.0,1,False,False,False
2022,SC,UNIAO,16,16,10809416.67,9.780468573922851,10,10.0,1,1.0,0.625,4,3.0,False,404050.0,1,False,False,False
2022,SC,UP,1,1,44000.0,1.0,1,1.0,0,0.0,0.0,0,0.0,False,44000.0,1,False,True,False
2022,SE,CIDADANIA,5,5,117290.23,2.3105421649339006,2,2.0,0,0.0,0.0,0,0.0,True,20200.0,2,False,False,False
2022,SE,DC,9,9,81056.93,8.798918249829024,9,9.0,0,0.0,0.0,0,0.0,False,6149.089999999999,1,False,True,False
2022,SE,MDB,9,0,0.0,,0,0.0,0,0.0,0.0,1,0.0,False,,0,False,False,False
2022,SE,PATRIOTA,8,8,435000.0,5.7822765469824295,6,6.0,0,0.0,0.0,1,1.0,False,40000.0,1,False,False,False
2022,SE,PC DO B,2,2,438000.0,1.9154901451764283,2,2.0,0,0.0,0.0,0,0.0,False,173000.0,1,False,True,False
2022,SE,PDT,9,9,1609574.3699999999,5.02016222089332,5,5.0,0,0.0,0.0,0,0.0,False,102583.4,1,False,False,False
2022,SE,PL,7,7,2176000.0,3.435184594044006,3,3.0,1,1.0,0.42857142857142855,2,2.0,False,300000.0,1,False,False,False
2022,SE,PMN,8,8,212699.06,7.23365269303101,7,7.0,0,0.0,0.0,0,0.0,False,17410.0,1,False,False,False
2022,SE,PODE,7,3,2274000.0,1.0451947619351767,1,1.0,0,0.0,0.0,0,0.0,False,2224000.0,1,False,False,False
2022,SE,PP,9,9,5815000.0,6.747696421533658,7,7.0,1,1.0,0.7777777777777778,3,3.0,False,600000.0,1,False,False,False
2022,SE,PROS,5,0,0.0,,0,0.0,0,0.0,0.0,0,0.0,False,,0,False,False,False
2022,SE,PSB,9,3,52950.0,2.8682305160344854,3,3.0,0,0.0,0.0,0,0.0,False,14950.0,1,False,False,False
2022,SE,PSD,9,9,7492830.37,4.311710092202146,4,4.0,2,2.0,0.8888888888888888,5,3.0,False,301861.36,1,False,False,False
2022,SE,PSDB,4,4,481200.0,2.172965278867398,2,2.0,0,0.0,0.0,0,0.0,False,100000.0,1,False,False,False
2022,SE,PSOL,7,7,240105.72999999998,4.381563951663064,4,4.0,0,0.0,0.0,0,0.0,True,19208.46,3,False,False,False
2022,SE,PT,5,5,3057447.55,2.4291094380392426,2,2.0,1,1.0,0.4,2,2.0,False,954460.0,1,False,False,False
2022,SE,PTB,9,0,0.0,,0,0.0,0,0.0,0.0,0,0.0,False,,0,False,False,False
2022,SE,PV,2,2,266777.1,1.921624581363378,2,2.0,0,0.0,0.0,0,0.0,False,106450.0,1,False,True,False
2022,SE,REDE,1,1,101404.18,1.0,1,1.0,0,0.0,0.0,0,0.0,False,101404.18,1,False,True,False
2022,SE,REPUBLICANOS,9,9,6127989.800000001,5.460996428371688,5,5.0,1,1.0,0.5555555555555556,3,3.0,False,623656.73,1,False,False,False
2022,SE,SOLIDARIEDADE,4,4,66500.0,3.7029516432907683,4,4.0,0,0.0,0.0,0,0.0,False,12000.0,1,False,True,False
2022,SE,UNIAO,9,9,11768930.15,6.167839670842194,6,6.0,2,2.0,1.3333333333333333,4,4.0,True,1000000.0,3,False,False,False
2022,SE,UP,2,2,16411.7,1.943214919847855,2,2.0,0,0.0,0.0,0,0.0,False,6803.1,1,False,True,False
2022,SP,AGIR,68,43,2217124.15,2.019685434791139,2,2.0,0,0.0,0.0,0,0.0,False,100000.0,1,False,False,False
2022,SP,AVANTE,70,66,12359402.26,11.334186369991153,11,11.0,0,0.0,0.0,3,2.0,False,224521.75,1,False,False,False
2022,SP,CIDADANIA,9,7,10281341.82,4.324876372363424,4,4.0,2,2.0,0.8888888888888888,3,3.0,False,1939500.0,1,False,False,False
2022,SP,DC,16,16,163459.46000000002,14.690603817700687,15,15.0,0,0.0,0.0,0,0.0,False,5000.0,1,False,False,False
2022,SP,MDB,66,61,26534000.0,21.06255045356453,21,21.0,5,4.0,1.5909090909090908,10,7.0,True,400000.0,2,False,False,False
2022,SP,NOVO,56,56,229437.47999999998,7.609844251788944,8,8.0,1,1.0,0.14285714285714285,3,2.0588235294117645,True,1241.5300000000002,51,False,False,False
2022,SP,PATRIOTA,70,70,10566186.01,31.80544177706546,32,32.0,0,0.0,0.0,5,5.0,True,100000.0,3,False,False,False
2022,SP,PC DO B,2,2,4515834.45,1.9905086064728459,2,2.0,0,0.0,0.0,2,2.0,False,2102001.12,1,False,True,False
2022,SP,PCB,9,0,0.0,,0,0.0,0,0.0,0.0,0,0.0,False,,0,False,False,False
2022,SP,PCO,9,9,107769.24,9.0,9,9.0,0,0.0,0.0,0,0.0,True,11974.36,9,False,True,False
2022,SP,PDT,45,43,4940500.0,6.476260108899745,6,6.0,0,0.0,0.0,0,0.0,True,150000.0,2,False,False,False
2022,SP,PL,70,69,32111847.799999997,23.132084703147232,23,23.0,17,13.0,5.585714285714285,25,18.0,True,505240.63,9,False,False,False
2022,SP,PMB,26,0,0.0,,0,0.0,0,0.0,0.0,0,0.0,False,,0,False,False,False
2022,SP,PMN,47,37,1195000.0,12.56787678767877,13,13.0,0,0.0,0.0,0,0.0,True,30000.0,13,False,False,False
2022,SP,PODE,71,68,23076447.61,21.799049782426085,22,22.0,3,3.0,0.9295774647887324,8,6.0,False,307150.0,1,False,False,False
2022,SP,PP,65,36,16092000.0,8.427784064879944,8,8.0,4,4.0,0.49230769230769234,4,3.0,True,300000.0,2,False,False,False
2022,SP,PROS,59,26,6905000.0,7.32872332658292,7,7.0,0,0.0,0.0,1,1.0,False,300000.0,1,False,False,False
2022,SP,PRTB,59,57,255025.21999999997,30.09952305116875,30,30.0,0,0.0,0.0,0,0.0,True,2822.09,41,False,False,False
2022,SP,PSB,67,66,12795616.929999996,11.379591115316131,11,11.0,2,1.0,0.3283582089552239,7,4.0,False,207761.31,1,False,False,False
2022,SP,PSC,59,55,3605000.0,7.925251170094371,8,8.0,1,1.0,0.13559322033898305,3,2.0,True,90000.0,2,False,False,False
2022,SP,PSD,48,48,20125932.42,17.67720032598977,18,18.0,3,3.0,1.125,8,8.0,False,310256.41,1,False,False,False
2022,SP,PSDB,43,43,29717086.769999996,13.314037165521773,13,13.0,3,2.0,0.9069767441860465,9,8.0,False,671590.9,1,False,False,False
2022,SP,PSOL,38,37,15160151.219999999,11.854167858856371,12,12.0,5,5.0,1.5789473684210527,4,4.0,False,228206.74,1,False,False,False
2022,SP,PSTU,9,7,119022.5,3.0880109824361606,3,3.0,0,0.0,0.0,0,0.0,False,5369.3,1,False,False,False
2022,SP,PT,57,56,43612722.54,28.26967840189715,28,28.0,11,11.0,5.4035087719298245,16,16.0,False,369358.46,1,False,False,False
2022,SP,PTB,70,67,8881863.23,5.310698423047312,5,5.0,0,0.0,0.0,2,2.0,False,170000.0,1,False,False,False
2022,SP,PV,11,10,4955008.2,3.605065089513666,4,4.0,0,0.0,0.0,1,1.0,False,309900.0,1,False,False,False
2022,SP,REDE,21,20,4922796.12,2.838372834155238,3,3.0,1,1.0,0.14285714285714285,1,1.0,False,333791.12,1,False,False,False
2022,SP,REPUBLICANOS,68,68,33628013.620000005,19.187239077710334,19,19.0,5,5.0,1.3970588235294117,15,14.0,False,473362.0,1,False,False,False
2022,SP,SOLIDARIEDADE,54,54,14824120.840000004,15.303993633062348,15,15.0,1,1.0,0.2777777777777778,3,3.0,False,224454.4,1,False,False,False
2022,SP,UNIAO,66,66,72415441.9,37.6766117799526,38,38.0,6,6.0,3.4545454545454546,14,12.0,False,534499.53,1,False,False,False
2022,SP,UP,1,1,27830.0,1.0,1,1.0,0,0.0,0.0,0,0.0,False,27830.0,1,False,True,False
2022,TO,AVANTE,9,9,2669622.0,6.602911164517597,7,7.0,0,0.0,0.0,0,0.0,False,125200.0,1,False,False,False
2022,TO,CIDADANIA,2,2,92000.0,1.5439620576431958,2,2.0,0,0.0,0.0,0,0.0,False,21000.0,1,False,True,False
2022,TO,DC,8,8,132266.6,5.826186541346997,6,6.0,0,0.0,0.0,0,0.0,True,12441.66,3,False,False,False
2022,TO,MDB,8,8,4515000.0,2.845022312628005,3,3.0,0,0.0,0.0,2,1.5,True,410000.0,2,False,False,False
2022,TO,PATRIOTA,9,5,430000.0,3.3679417122040074,3,3.0,0,0.0,0.0,0,0.0,False,70000.0,1,False,False,False
2022,TO,PC DO B,2,2,274000.0,1.5198801522390475,2,2.0,0,0.0,0.0,1,1.0,False,60000.0,1,False,True,False
2022,TO,PDT,6,6,441591.80000000005,3.8360142918711633,4,4.0,0,0.0,0.0,0,0.0,False,52053.6,1,False,False,False
2022,TO,PL,9,9,4306960.0,3.7271515666813793,4,4.0,2,2.0,0.8888888888888888,4,3.0,False,500720.0,1,False,False,False
2022,TO,PMB,2,0,0.0,,0,0.0,0,0.0,0.0,0,0.0,False,,0,False,False,False
2022,TO,PODE,9,9,9921521.0,6.136271065059725,6,6.0,0,0.0,0.0,2,2.0,False,729833.3400000001,1,False,False,False
2022,TO,PP,9,9,10300000.0,5.856989852816148,6,6.0,2,2.0,1.3333333333333333,3,2.0,False,800000.0,1,False,False,False
2022,TO,PRTB,4,4,32620.59,1.071961901320999,1,1.0,0,0.0,0.0,0,0.0,False,31500.0,1,False,False,False
2022,TO,PSB,8,7,2315000.0,5.807726693939476,6,6.0,0,0.0,0.0,0,0.0,False,215000.0,1,False,False,False
2022,TO,PSC,9,9,3102154.71,1.8910627205203954,2,2.0,0,0.0,0.0,2,1.0,False,300000.0,1,False,False,False
2022,TO,PSD,9,9,4165000.0,5.313126440478105,5,5.0,0,0.0,0.0,0,0.0,False,350000.0,1,False,False,False
2022,TO,PSDB,5,5,3300000.0,4.614406779661017,5,5.0,0,0.0,0.0,1,1.0,False,350000.0,1,False,True,False
2022,TO,PSOL,3,3,180806.15000000002,2.862453169524193,3,3.0,0,0.0,0.0,0,0.0,False,41585.01,1,False,True,False
2022,TO,PT,5,5,3577269.26,2.8332756786319373,3,3.0,0,0.0,0.0,2,2.0,False,409810.0,1,False,False,False
2022,TO,PTB,9,9,2593322.3200000003,6.158778550572951,6,6.0,0,0.0,0.0,2,2.0,False,230000.0,1,False,False,False
2022,TO,PV,2,2,59997.399999999994,1.3845784601230398,1,1.0,0,0.0,0.0,0,0.0,False,49998.7,1,False,False,False
2022,TO,REDE,2,2,100000.0,2.0,2,2.0,0,0.0,0.0,0,0.0,True,50000.0,2,False,True,False
2022,TO,REPUBLICANOS,9,9,3644023.65,7.438240446256455,7,7.0,3,3.0,2.3333333333333335,2,2.0,False,216493.85,1,False,False,False
2022,TO,UNIAO,7,7,10216139.559999999,5.401684619602764,5,5.0,1,1.0,0.7142857142857143,2,1.0,False,600000.0,1,False,False,False
